epoch,split,loss_total,loss_pred_mse,loss_noarb_bfly,loss_noarb_cal,loss_ito,loss_martingale,mse,mae,rmse,lr,grad_norm,wall_time_s
1,train,0.13635721364267775,0.13635721364267775,0.0,0.0,0.0,0.0,0.13635721364267775,0.21526049925541543,0.3692657764303074,0.0005,1.3354309088778946,23.481658299999935
1,train,0.15422343968541166,0.15422343968541166,0.0,0.0,0.0,0.0,0.15422343968541166,0.24260925606314868,0.39271292273798636,0.0005,1.8964749675876689,20.884760099999767
1,train,0.15854424688976615,0.15854424688976615,0.0,0.0,0.0,0.0,0.15854424688976615,0.25323526743658875,0.3981761505788188,0.0005,1.9415655158600718,21.008440200000223
1,train,0.14450998344974275,0.14450998344974275,nan,nan,0.0,0.0,0.14450998344974275,0.2171956520756039,0.38014468752008457,0.0005,1.5268989641149089,27.734266299999945
1,train,0.17527045593855092,0.17527045593855092,nan,nan,0.0,7757467.7169811325,0.17527045593855092,0.24694229497591844,0.4186531451435077,0.0005,2.359272352367077,21.348025700000107
1,train,0.1387610919579187,0.1387610919579187,nan,nan,0.0,7757436.462264151,0.1387610919579187,0.22190058055281073,0.37250649921567636,0.0005,1.2744879784449092,26.3090916000001
1,train,0.17029830063413165,0.17029830063413165,nan,nan,0.0,7757468.688679245,0.17029830063413165,0.25217480117911995,0.41267214666625085,0.0005,2.196580873345429,21.550045800000134
1,train,0.14441549304127582,0.14441549304127582,nan,nan,0.0,7757374.518867925,0.14441549304127582,0.23178761635889422,0.38002038503385027,0.0005,1.5185371940990664,22.66225730000042
1,train,0.13272300966980186,0.13272300966980186,nan,nan,0.0,7757371.79245283,0.13272300966980186,0.20616125015647344,0.36431169301822014,0.0005,1.0532809434072026,21.98200480000014
1,train,0.15144620735065367,0.15144620735065367,nan,nan,0.0,7757264.641509434,0.15144620735065367,0.23613776039191572,0.38916090162123645,0.0005,1.7567534851578046,21.31802339999922
1,train,0.17480971829664796,0.17480971829664796,nan,nan,0.0,7757435.386792453,0.17480971829664796,0.2630933527360267,0.4181025212751628,0.0005,2.278632596978601,21.82913660000031
1,train,0.14930278412049924,0.14930278412049924,0.0,0.0,0.0,0.0,0.14930278412049924,0.23804820944326657,0.38639718441067766,0.0005,1.6789950818385717,22.026152000000366
1,train,0.14106718083562986,0.14106718083562986,0.0,0.0,0.0,0.0,0.14106718083562986,0.21143920304745722,0.37558911171069626,0.0005,1.3802761272439417,22.844148099999984
1,train,0.1702686088257151,0.1702686088257151,0.0,0.0,0.0,2.3540020578675125e-06,0.1702686088257151,0.25641841376727487,0.41263617004052744,0.0005,2.1842016948843903,21.935716299999513
1,train,0.1556192835551557,0.1556192835551557,0.0,0.0,0.0,2.3606750741202873e-06,0.1556192835551557,0.2416978375300906,0.39448610058550315,0.0005,1.8908194674635834,22.7090661000002
2,train,0.12836803482423417,0.12836803482423417,0.0,0.0,0.0,2.4299193845986594e-06,0.12836803482423417,0.1938775019526903,0.358284851513756,0.0005,0.6496535131250912,42.88830330000019
3,train,0.1283429018457372,0.1283429018457372,0.0,0.0,0.0,2.331246446803287e-06,0.1283429018457372,0.19245404428363125,0.35824977577904665,0.0005,0.6917275716111345,63.111240199999884
4,train,0.12870612666109696,0.12870612666109696,0.0,0.0,0.0,2.271832825945754e-06,0.12870612666109696,0.19252515057242423,0.3587563611437391,0.0005,0.6656679626343385,83.0475263999997
5,train,0.12864047032142584,0.12864047032142584,0.0,0.0,0.0,2.295499343144568e-06,0.12864047032142584,0.19348166457219224,0.3586648439998348,0.0005,0.7495845393189844,103.29668759999913
6,train,0.12910086713596206,0.12910086713596206,0.0,0.0,0.0,2.233652519364869e-06,0.12910086713596206,0.1933471183960308,0.3593060911478708,0.0005,0.810334103006237,123.32837139999901
1,train,0.14094430389111193,0.14094430389111193,0.0,0.0,0.0,2.3154975335857224e-06,0.14094430389111193,0.20748124873652216,0.37542549712441203,0.0005,1.4515919423890564,23.785316800000146
2,train,0.12870554157740322,0.12870554157740322,0.0,0.0,0.0,2.3630590077410267e-06,0.12870554157740322,0.19457062396730454,0.3587555457096144,0.0005,0.6883906485899439,44.728511600000274
3,train,0.12846644855527767,0.12846644855527767,0.0,0.0,0.0,2.322968191707195e-06,0.12846644855527767,0.19291308102953542,0.3584221652678272,0.0005,0.6404235253356537,65.40039350000006
4,train,0.12854711052290058,0.12854711052290058,0.0,0.0,0.0,2.3519850174125168e-06,0.12854711052290058,0.19323653854816303,0.3585346712981892,0.0005,0.7573903259241356,86.0130351000007
5,train,0.12857353787840112,0.12857353787840112,0.0,0.0,0.0,2.341229710595453e-06,0.12857353787840112,0.19372642607480844,0.3585715240763007,0.0005,0.7002289818142945,107.05338280000069
6,train,0.12918052496794902,0.12918052496794902,0.0,0.0,0.0,2.2504396508149924e-06,0.12918052496794902,0.19313259214725134,0.35941692359702404,0.0005,0.7851706613909524,127.82498620000115
7,train,0.12911728072377748,0.12911728072377748,0.0,0.0,0.0,2.260770792040517e-06,0.12911728072377748,0.1936777629046086,0.3593289310976469,0.0005,0.8812270366920615,148.52589699999953
8,train,0.12854517123899156,0.12854517123899156,0.0,0.0,0.0,2.336378590268207e-06,0.12854517123899156,0.19368590973844782,0.35853196683000466,0.0005,0.7437743516463153,169.6734723999998
9,train,0.1296958862083145,0.1296958862083145,0.0,0.0,0.0,2.3348831235743313e-06,0.1296958862083145,0.19437201328856757,0.36013315066557605,0.0005,0.8534533105931192,190.68773630000032
10,train,0.12869440399188295,0.12869440399188295,0.0,0.0,0.0,2.2620268063687e-06,0.12869440399188295,0.19313391606622143,0.358740022846466,0.0005,0.7814562081728341,211.3501821000009
11,train,0.12929802745114463,0.12929802745114463,0.0,0.0,0.0,2.3425944288458098e-06,0.12929802745114463,0.19327714746677366,0.35958034908924685,0.0005,0.775661179198409,232.61112150000008
12,train,0.1288068199369212,0.1288068199369212,0.0,0.0,0.0,2.358930403733091e-06,0.1288068199369212,0.193468430239426,0.3588966702783981,0.0005,0.7795643230091851,253.06623469999977
13,train,0.12851537208982747,0.12851537208982747,0.0,0.0,0.0,2.3688138247413214e-06,0.12851537208982747,0.19426398356005836,0.3584904072493816,0.0005,0.7723270710909141,273.8560329000011
14,train,0.129140160117328,0.129140160117328,0.0,0.0,0.0,2.3470260254365506e-06,0.129140160117328,0.1929587157513455,0.3593607659683066,0.0005,0.8207196868815512,294.3097364000005
15,train,0.12871033693315076,0.12871033693315076,0.0,0.0,0.0,2.2637374479258278e-06,0.12871033693315076,0.19215774857526957,0.35876222896669424,0.0005,0.7435557538608335,314.9035242000009
16,train,0.12882258457318113,0.12882258457318113,0.0,0.0,0.0,2.310345936801344e-06,0.12882258457318113,0.1938235474785544,0.3589186322457795,0.0005,0.8355660295149065,335.6756587
17,train,0.12880589749435079,0.12880589749435079,0.0,0.0,0.0,2.2708989035891136e-06,0.12880589749435079,0.19317429013690862,0.35889538516725283,0.0005,0.7680363089970823,356.46693419999974
18,train,0.12892362443199773,0.12892362443199773,0.0,0.0,0.0,2.3018197864830825e-06,0.12892362443199773,0.1943755072348241,0.3590593605965422,0.0005,0.769761045867542,377.3092195999998
19,train,0.12797370967834107,0.12797370967834107,0.0,0.0,0.0,2.265045335627532e-06,0.12797370967834107,0.1924762290550993,0.3577341326716547,0.0005,0.7228373176646683,397.9931644999997
20,train,0.1286136167777514,0.1286136167777514,0.0,0.0,0.0,2.3359953047474846e-06,0.1286136167777514,0.19330634290949916,0.3586274066182776,0.0005,0.8052119309047483,418.84624129999975
21,train,0.12944340381579408,0.12944340381579408,0.0,0.0,0.0,2.3012209743134214e-06,0.12944340381579408,0.19482798376735647,0.3597824395600681,0.0005,0.8808710816896187,440.0463732999997
22,train,0.12929198375723502,0.12929198375723502,0.0,0.0,0.0,2.3091863546519648e-06,0.12929198375723502,0.19357060156938324,0.3595719451754197,0.0005,0.8965691429264141,460.7460394999998
23,train,0.12909118586102056,0.12909118586102056,0.0,0.0,0.0,2.38529835400495e-06,0.12909118586102056,0.19260622555354862,0.35929261871213075,0.0005,0.8294864066366879,481.699913800001
24,train,0.129911715358074,0.129911715358074,0.0,0.0,0.0,2.256621400501556e-06,0.129911715358074,0.19425619547167472,0.36043267798310685,0.0005,0.8942405790934023,508.72262840000076
25,train,0.12808140547614424,0.12808140547614424,0.0,0.0,0.0,2.300583006680821e-06,0.12808140547614424,0.19265752486392573,0.35788462592872616,0.0005,0.7421649378144516,535.1999992000001
26,train,0.12807898911306215,0.12807898911306215,0.0,0.0,0.0,2.366005077728571e-06,0.12807898911306215,0.19352751741326363,0.3578812500160663,0.0005,0.8070702968903307,559.4226331000009
27,train,0.1280358364845117,0.1280358364845117,0.0,0.0,0.0,2.32316114186619e-06,0.1280358364845117,0.1924577386786212,0.3578209559046419,0.0005,0.6841259583268525,584.9849429000005
28,train,0.12840531971883565,0.12840531971883565,0.0,0.0,0.0,2.2564046619080265e-06,0.12840531971883565,0.19279242203799343,0.3583368802102787,0.0005,0.7593544221149301,609.4684892000005
29,train,0.12804196889639638,0.12804196889639638,0.0,0.0,0.0,2.267177435742441e-06,0.12804196889639638,0.19275002733997584,0.35782952490871456,0.0005,0.7807933966506202,634.6414443000012
30,train,0.1275008426898737,0.1275008426898737,0.0,0.0,0.0,2.2543430519225745e-06,0.1275008426898737,0.1915817819781742,0.3570726014270399,0.0005,0.6107555747313319,659.0115652000004
31,train,0.12902373045060747,0.12902373045060747,0.0,0.0,0.0,2.3713927227086146e-06,0.12902373045060747,0.19457894717431012,0.3591987339212201,0.0005,0.8883746359145867,683.3669384000004
32,train,0.12826672940916395,0.12826672940916395,0.0,0.0,0.0,2.377089475765319e-06,0.12826672940916395,0.19312080867623665,0.3581434480891197,0.0005,0.7975853479133462,708.2947795
33,train,0.12820660348774052,0.12820660348774052,0.0,0.0,0.0,2.3325500272753658e-06,0.12820660348774052,0.19179315166547897,0.358059497133843,0.0005,0.7775895081038745,732.625524000001
34,train,0.1283133680509669,0.1283133680509669,0.0,0.0,0.0,2.236395797774334e-06,0.1283133680509669,0.19299090615350686,0.3582085538495234,0.0005,0.836567611626859,758.5375543000009
35,train,0.12794223875474553,0.12794223875474553,0.0,0.0,0.0,2.380606315884232e-06,0.12794223875474553,0.1930711141014296,0.35769014349677786,0.0005,0.7691964332787495,784.3433482
36,train,0.12768014409475825,0.12768014409475825,0.0,0.0,0.0,2.3647809922415106e-06,0.12768014409475825,0.19269882357099427,0.35732358457672264,0.0005,0.7254010438919067,810.1321055000008
37,train,0.127841462710579,0.127841462710579,0.0,0.0,0.0,2.26479640649865e-06,0.127841462710579,0.1924561506137251,0.35754924515453673,0.0005,0.801146535659736,835.6203710000009
38,train,0.12732159963963804,0.12732159963963804,0.0,0.0,0.0,2.278911678468779e-06,0.12732159963963804,0.19261890303624685,0.3568215235094963,0.0005,0.745306449116401,861.5240278000001
39,train,0.12828413089770244,0.12828413089770244,0.0,0.0,0.0,2.3522118891498464e-06,0.12828413089770244,0.19165484418143644,0.3581677412857032,0.0005,inf,885.9970792000004
40,train,0.12775695428616288,0.12775695428616288,0.0,0.0,0.0,2.3712764532491455e-06,0.12775695428616288,0.19309698476122245,0.3574310482962593,0.0005,0.7674214318394661,910.1939849000009
41,train,0.12757686916978989,0.12757686916978989,0.0,0.0,0.0,2.331752992451481e-06,0.12757686916978989,0.1928801912919811,0.3571790435758933,0.0005,0.804750141670119,934.6382033999998
42,train,0.12763251779583956,0.12763251779583956,0.0,0.0,0.0,2.2663761473147972e-06,0.12763251779583956,0.19206026131638665,0.3572569352662584,0.0005,0.7509439335960262,958.0634989999999
43,train,0.1276562938470237,0.1276562938470237,0.0,0.0,0.0,2.2984193252204073e-06,0.1276562938470237,0.19262559899603415,0.35729020955943325,0.0005,0.8217806416862415,982.8992901000001
44,train,0.12842018449324008,0.12842018449324008,0.0,0.0,0.0,2.250948232101092e-06,0.12842018449324008,0.19276268721540585,0.3583576209504133,0.0005,0.9223920106887817,1009.2023551000002
45,train,0.12777758956942292,0.12777758956942292,0.0,0.0,0.0,2.3062957359557777e-06,0.12777758956942292,0.19250291916629617,0.35745991323422954,0.0005,0.7959819185846256,1033.777377100001
46,train,0.1266107439784221,0.1266107439784221,0.0,0.0,0.0,2.29239557878793e-06,0.1266107439784221,0.19158924465014968,0.3558240351331288,0.0005,0.6733582680517772,1060.7735938000005
47,train,0.1277416558966166,0.1277416558966166,0.0,0.0,0.0,2.34366520870472e-06,0.1277416558966166,0.19238969467685754,0.3574096471789991,0.0005,0.8918227244098231,1086.3944095000006
48,train,0.12693043358754125,0.12693043358754125,0.0,0.0,0.0,2.3641466668777866e-06,0.12693043358754125,0.19223372439309103,0.35627297622404824,0.0005,0.773588128809659,1111.5065673999998
49,train,0.12722569758334432,0.12722569758334432,0.0,0.0,0.0,2.2711329375972197e-06,0.12722569758334432,0.1931320362654075,0.35668711440609163,0.0005,0.8973290689711301,1136.9977412000007
50,train,0.12828639690030613,0.12828639690030613,0.0,0.0,0.0,2.378795662085429e-06,0.12828639690030613,0.19243391698823784,0.3581709045976601,0.0005,0.9965657189769564,1162.006636600001
1,train,0.14997275640939817,0.14997275640939817,0.0,0.0,0.0,2.3614189807253666e-06,0.14997275640939817,0.22846774002888567,0.38726316169937747,0.0005,1.7536414754840564,22.968088699999498
2,train,0.12844501999003663,0.12844501999003663,0.0,0.0,0.0,2.3692161753302264e-06,0.12844501999003663,0.19356556972488762,0.3583922711081206,0.0005,0.7185062175651766,43.15793069999927
3,train,0.1283493334983057,0.1283493334983057,0.0,0.0,0.0,2.3405698979297326e-06,0.1283493334983057,0.19311679514160135,0.3582587521586956,0.0005,0.652873898733337,63.23804149999887
4,train,0.12933275262444374,0.12933275262444374,0.0,0.0,0.0,2.3115649364111925e-06,0.12933275262444374,0.19248262399913005,0.3596286315415442,0.0005,0.7764424760386629,83.2737750999986
5,train,0.12863512760480453,0.12863512760480453,0.0,0.0,0.0,2.3228672099098474e-06,0.12863512760480453,0.19329812414592737,0.35865739585962053,0.0005,0.7192291957589815,103.33155110000007
6,train,0.12900868145760508,0.12900868145760508,0.0,0.0,0.0,2.3065367048609844e-06,0.12900868145760508,0.19302250234550739,0.3591777853063926,0.0005,0.784691480673709,123.33967569999913
7,train,0.1282431589896387,0.1282431589896387,0.0,0.0,0.0,2.3759908790967564e-06,0.1282431589896387,0.19240707284683042,0.35811054018227206,0.0005,0.6965898292244606,143.81671089999872
8,train,0.12914104896858675,0.12914104896858675,0.0,0.0,0.0,2.236464788524554e-06,0.12914104896858675,0.19372489357648312,0.3593620026777828,0.0005,0.8054515949960025,163.8882064999998
9,train,0.12896815392480862,0.12896815392480862,0.0,0.0,0.0,2.2949683505361945e-06,0.12896815392480862,0.1931375831523735,0.3591213637822298,0.0005,0.800266498945794,188.26852939999844
10,train,0.12798253657136507,0.12798253657136507,0.0,0.0,0.0,2.334117893179558e-06,0.12798253657136507,0.19296657569038697,0.3577464696839999,0.0005,0.7084108298679568,213.64033539999946
11,train,0.1299264918394054,0.1299264918394054,0.0,0.0,0.0,2.3696599958744834e-06,0.1299264918394054,0.19317161601985677,0.3604531756544883,0.0005,0.8651843734507291,238.5813521
12,train,0.1281388179752712,0.1281388179752712,0.0,0.0,0.0,2.2956126932118458e-06,0.1281388179752712,0.19304333175093213,0.35796482784663525,0.0005,0.7110435895200046,259.16794819999996
13,train,0.1289397538487908,0.1289397538487908,0.0,0.0,0.0,2.3628981408656506e-06,0.1289397538487908,0.1930147192651793,0.35908182054900917,0.0005,0.8488708953812437,279.54571829999986
14,train,0.12822975638078996,0.12822975638078996,0.0,0.0,0.0,2.2317507208977333e-06,0.12822975638078996,0.1927680545855524,0.3580918267439093,0.0005,0.7138013507959977,299.6652802999997
15,train,0.1282256135402658,0.1282256135402658,0.0,0.0,0.0,2.2853340281145855e-06,0.1282256135402658,0.19240375594148096,0.3580860420908162,0.0005,0.6573199875793367,319.62676079999983
16,train,0.12875228539424433,0.12875228539424433,0.0,0.0,0.0,2.402101112032674e-06,0.12875228539424433,0.19335867456634934,0.35882068696529235,0.0005,0.7552675843801139,339.75916739999957
17,train,0.12976510772021121,0.12976510772021121,0.0,0.0,0.0,2.2841751452465103e-06,0.12976510772021121,0.1934844260736598,0.3602292432885082,0.0005,0.905466264430082,360.02607309999985
18,train,0.129913993525008,0.129913993525008,0.0,0.0,0.0,2.2675613175828026e-06,0.129913993525008,0.19571435886066202,0.3604358382916549,0.0005,0.9238166078081671,379.8602525999995
19,train,0.12875480733704497,0.12875480733704497,0.0,0.0,0.0,2.3101076878001037e-06,0.12875480733704497,0.19278097278526363,0.35882420115851293,0.0005,0.7909262669536302,399.71656639999856
20,train,0.12788812221076784,0.12788812221076784,0.0,0.0,0.0,2.32070996569849e-06,0.12788812221076784,0.19339175782043422,0.3576144882562336,0.0005,0.6291162276043082,419.69589300000007
21,train,0.12844587146798214,0.12844587146798214,0.0,0.0,0.0,2.3316951837670168e-06,0.12844587146798214,0.19230019796709966,0.35839345901952807,0.0005,0.8186366535582632,439.94863069999883
22,train,0.1283808172206951,0.1283808172206951,0.0,0.0,0.0,2.4406637688991636e-06,0.1283808172206951,0.19377015875125267,0.35830268938523907,0.0005,0.7463296145763038,459.870695399999
23,train,0.12971203250519195,0.12971203250519195,0.0,0.0,0.0,2.3437930978170185e-06,0.12971203250519195,0.1933837477855806,0.36015556708898994,0.0005,0.9996180365670402,482.10237059999963
24,train,0.12854667335440062,0.12854667335440062,0.0,0.0,0.0,2.4064618795784795e-06,0.12854667335440062,0.19447801898778327,0.3585340616376645,0.0005,0.7894309520159127,507.49059339999985
25,train,0.12815311201713553,0.12815311201713553,0.0,0.0,0.0,2.258005490560054e-06,0.12815311201713553,0.1924661301480572,0.3579847929970427,0.0005,0.7120782901655953,532.0099193999995
26,train,0.12859861863468708,0.12859861863468708,0.0,0.0,0.0,2.321744161991036e-06,0.12859861863468708,0.19343342148118992,0.3586064955277401,0.0005,0.7950703451093638,557.3443610999984
27,train,0.12939505831161094,0.12939505831161094,0.0,0.0,0.0,2.3483187563232484e-06,0.12939505831161094,0.19444122381754358,0.35971524614840966,0.0005,0.8690379512197567,581.3883760999997
28,train,0.1294930106391614,0.1294930106391614,0.0,0.0,0.0,2.267744100277443e-06,0.1294930106391614,0.19344253548297954,0.35985137298496084,0.0005,0.914885014295578,605.6413788999998
29,train,0.12824224687998514,0.12824224687998514,0.0,0.0,0.0,2.315079916785043e-06,0.12824224687998514,0.1919618159093244,0.35810926667706483,0.0005,0.7792626374735022,629.4310237000009
30,train,0.1287583733468431,0.1287583733468431,0.0,0.0,0.0,2.30411572863646e-06,0.1287583733468431,0.19326743618848752,0.35882917014485194,0.0005,0.8236120838039326,652.6709164000004
31,train,0.128390891760418,0.128390891760418,0.0,0.0,0.0,2.3774228334589695e-06,0.128390891760418,0.1931910996553752,0.3583167478089993,0.0005,0.7911155100138683,676.1929975000003
32,train,0.12859350868933478,0.12859350868933478,0.0,0.0,0.0,2.3755665912382405e-06,0.12859350868933478,0.1924564860163713,0.35859937073192805,0.0005,0.8391331816619297,700.8230383999999
33,train,0.12788469514774956,0.12788469514774956,0.0,0.0,0.0,2.330189315800007e-06,0.12788469514774956,0.1923064799961757,0.35760969666348474,0.0005,0.7258256776434071,724.7786192000003
34,train,0.12795438411578872,0.12795438411578872,0.0,0.0,0.0,2.3369736121615993e-06,0.12795438411578872,0.19317047656425887,0.3577071205830109,0.0005,0.7268940955400467,749.060612299998
35,train,0.1281380685123193,0.1281380685123193,0.0,0.0,0.0,2.4132826436745644e-06,0.1281380685123193,0.19222388795032253,0.3579637810062902,0.0005,0.7546229801088009,775.3504058999988
36,train,0.12854967394147404,0.12854967394147404,0.0,0.0,0.0,2.2525848077559615e-06,0.12854967394147404,0.1943201244597868,0.35853824613487756,0.0005,0.7852792866387457,799.6908587999988
37,train,0.1279132096968615,0.1279132096968615,0.0,0.0,0.0,2.38547360548285e-06,0.1279132096968615,0.1926637025145849,0.35764956269630965,0.0005,0.7398131332307492,823.5568975999977
38,train,0.12923011311331548,0.12923011311331548,0.0,0.0,0.0,2.2777296807070564e-06,0.12923011311331548,0.19253385687984942,0.35948590113287543,0.0005,0.9273507049623525,848.9523315999995
39,train,0.1286718766131704,0.1286718766131704,0.0,0.0,0.0,2.2609886031513837e-06,0.1286718766131704,0.195968998520512,0.35870862355562405,0.0005,0.8868601951958999,872.7174185999993
40,train,0.1294457788268084,0.1294457788268084,0.0,0.0,0.0,2.325709475234413e-06,0.1294457788268084,0.19428640499992195,0.3597857401660166,0.0005,0.9702450076364121,897.4845827000008
41,train,0.12823546607005312,0.12823546607005312,0.0,0.0,0.0,2.328321953719528e-06,0.12823546607005312,0.19332840092796486,0.3580997990365997,0.0005,0.8490211839945812,921.9844749999993
42,train,0.12821873930095634,0.12821873930095634,0.0,0.0,0.0,2.2958784093820867e-06,0.12821873930095634,0.19393759193953197,0.3580764433762103,0.0005,0.7996842459125338,946.4216567999993
43,train,0.1282197559797117,0.1282197559797117,0.0,0.0,0.0,2.3646022400670226e-06,0.1282197559797117,0.19158808359138246,0.35807786301265776,0.0005,0.818205678238059,970.531707199998
44,train,0.12857986528294343,0.12857986528294343,0.0,0.0,0.0,2.331867539448107e-06,0.12857986528294343,0.19240958704525285,0.3585803470394654,0.0005,0.8180972731338357,995.0438539000006
45,train,0.12858309251888334,0.12858309251888334,0.0,0.0,0.0,2.245443740647252e-06,0.12858309251888334,0.194442194037772,0.35858484702910043,0.0005,0.8429840547296236,1019.2762612999995
46,train,0.1274801333222229,0.1274801333222229,0.0,0.0,0.0,2.360708210615931e-06,0.1274801333222229,0.19287019298183475,0.35704360143016556,0.0005,0.7466426635125898,1043.361476
47,train,0.12711851116141326,0.12711851116141326,0.0,0.0,0.0,2.3028051639314825e-06,0.12711851116141326,0.19229183834713864,0.35653683002098574,0.0005,0.7086057297463687,1068.0018615999998
48,train,0.12696589887199017,0.12696589887199017,0.0,0.0,0.0,2.368150625065851e-06,0.12696589887199017,0.19249377967965486,0.3563227453755797,0.0005,0.6350040843464294,1093.682818299998
49,train,0.12766186640697277,0.12766186640697277,0.0,0.0,0.0,2.26298227988871e-06,0.12766186640697277,0.19223795427571774,0.35729800784075577,0.0005,0.8133653191463003,1117.5415565999992
50,train,0.12729852928621868,0.12729852928621868,0.0,0.0,0.0,2.286191769564779e-06,0.12729852928621868,0.19239949525843528,0.3567891944639281,0.0005,0.769638792804952,1142.0175375999988
1,train,0.19140642811170835,0.19140642811170835,0.0,0.0,0.0,2.2394400095333176e-06,0.19140642811170835,0.2625993340188322,0.4375002035561908,0.0005,2.5768562448474595,23.385911600002146
2,train,0.12857988858408784,0.12857988858408784,0.0,0.0,0.0,2.252983305862592e-06,0.12857988858408784,0.19393943245610534,0.3585803795302914,0.0005,0.7436388283967972,43.154958300001454
3,train,0.12865402360456635,0.12865402360456635,0.0,0.0,0.0,2.355476350924121e-06,0.12865402360456635,0.19194315812673496,0.35868373758029,0.0005,0.7310181521582153,63.28772179999942
4,train,0.12902194492684735,0.12902194492684735,0.0,0.0,0.0,2.226810905531753e-06,0.12902194492684735,0.19419564052818797,0.3591962484866001,0.0005,0.721965584833667,83.13622400000168
5,train,0.12839325998653328,0.12839325998653328,0.0,0.0,0.0,2.2753701254053872e-06,0.12839325998653328,0.1932937672625313,0.35832005244827325,0.0005,0.7551047765421417,102.94640260000233
6,train,0.12935964190379173,0.12935964190379173,0.0,0.0,0.0,2.270510888266935e-06,0.12935964190379173,0.19321629879117566,0.359666014385279,0.0005,0.808240885442158,122.94102280000152
7,train,0.128497680767581,0.128497680767581,0.0,0.0,0.0,2.273500127077294e-06,0.128497680767581,0.19322864134567524,0.35846573165029455,0.0005,0.750401201394369,143.20244230000026
8,train,0.1288160161387597,0.1288160161387597,0.0,0.0,0.0,2.2681210729611195e-06,0.1288160161387597,0.19287685768959933,0.3589094818178529,0.0005,0.760041560204524,163.36228200000187
9,train,0.12927536489483174,0.12927536489483174,0.0,0.0,0.0,2.322342959145454e-06,0.12927536489483174,0.19305303170749885,0.35954883520160613,0.0005,0.7913775570550055,187.0908359999994
10,train,0.12887557527450694,0.12887557527450694,0.0,0.0,0.0,2.2567222450166845e-06,0.12887557527450694,0.1940338169663863,0.3589924445925108,0.0005,0.7673439878337788,212.53919490000044
11,train,0.12879427297728333,0.12879427297728333,0.0,0.0,0.0,2.244705818688913e-06,0.12879427297728333,0.19248928904955118,0.35887918994737394,0.0005,0.7434105659430882,239.6036677000011
12,train,0.1282377490651891,0.1282377490651891,0.0,0.0,0.0,2.256364423202577e-06,0.1282377490651891,0.19241615852235616,0.35810298667448875,0.0005,0.7279656866811356,259.9264855000001
13,train,0.1288094497864565,0.1288094497864565,0.0,0.0,0.0,2.3114579442266886e-06,0.1288094497864565,0.19244920277159733,0.35890033405732086,0.0005,0.7678826828047914,279.7784849000018
14,train,0.12830863867437176,0.12830863867437176,0.0,0.0,0.0,2.3711619866913197e-06,0.12830863867437176,0.193600704373335,0.35820195235979907,0.0005,0.7105690918441089,299.6159066
15,train,0.12843242918612338,0.12843242918612338,0.0,0.0,0.0,2.277352791679732e-06,0.12843242918612338,0.19337373039562183,0.3583747050031899,0.0005,0.7580257699174701,319.53164800000013
16,train,0.12877071101430151,0.12877071101430151,0.0,0.0,0.0,2.3441483048338582e-06,0.12877071101430151,0.19321664189392676,0.35884636129449815,0.0005,0.8303605509254167,339.36770400000023
17,train,0.1287198775351121,0.1287198775351121,0.0,0.0,0.0,2.3669315460897195e-06,0.1287198775351121,0.1936298667857389,0.35877552527327183,0.0005,0.7963794419225657,359.3295846000001
18,train,0.1287140752993061,0.1287140752993061,0.0,0.0,0.0,2.3411509191818076e-06,0.1287140752993061,0.19300666650019163,0.3587674390176819,0.0005,0.7380346984795805,379.38597070000105
19,train,0.1291894824400584,0.1291894824400584,0.0,0.0,0.0,2.2905445833220135e-06,0.1291894824400584,0.1946701823786464,0.3594293844972311,0.0005,0.8461191845390031,399.3577557999997
20,train,0.12918160567945586,0.12918160567945586,0.0,0.0,0.0,2.282994074139767e-06,0.12918160567945586,0.19336758532719503,0.35941842701711313,0.0005,0.8271568271349061,418.92469170000186
21,train,0.12854937955290677,0.12854937955290677,0.0,0.0,0.0,2.333526095273281e-06,0.12854937955290677,0.19267786284381488,0.3585378355946646,0.0005,0.7579454785248019,439.1459852000007
22,train,0.12820926630203136,0.12820926630203136,0.0,0.0,0.0,2.328174772165372e-06,0.12820926630203136,0.19255155894799894,0.3580632155109365,0.0005,0.7260837293458435,459.143189800001
23,train,0.1284071503455157,0.1284071503455157,0.0,0.0,0.0,2.2774086869932668e-06,0.1284071503455157,0.1926892380300417,0.3583394345387006,0.0005,0.7682433510726353,480.35595340000145
24,train,0.12786063885369517,0.12786063885369517,0.0,0.0,0.0,2.345662547016235e-06,0.12786063885369517,0.19308644557934052,0.35757606023571425,0.0005,0.6932198843866024,505.1431134000013
25,train,0.12846159625604622,0.12846159625604622,0.0,0.0,0.0,2.3050179774111043e-06,0.12846159625604622,0.19218051647064543,0.358415396231867,0.0005,0.7988998614392191,531.2097667000016
26,train,0.12812059258750827,0.12812059258750827,0.0,0.0,0.0,2.39909022767742e-06,0.12812059258750827,0.19382245169847082,0.35793936998814235,0.0005,0.7635389110952053,556.7779679000014
27,train,0.1293682041642792,0.1293682041642792,0.0,0.0,0.0,2.243943705029521e-06,0.1293682041642792,0.1932342818797619,0.359677917259705,0.0005,0.9038606111733418,582.1454140999995
28,train,0.1279032428088578,0.1279032428088578,0.0,0.0,0.0,2.368519845594216e-06,0.1279032428088578,0.19225156807674548,0.3576356285507049,0.0005,0.6508778731496829,605.2647950000028
29,train,0.12850711158732667,0.12850711158732667,0.0,0.0,0.0,2.4025703705431298e-06,0.12850711158732667,0.19324012685496858,0.3584788858319645,0.0005,0.8014623742058592,628.9070041000014
30,train,0.12822509209440366,0.12822509209440366,0.0,0.0,0.0,2.329185555404451e-06,0.12822509209440366,0.19277462343386603,0.35808531398872484,0.0005,0.8411283906338349,652.3438016
31,train,0.1282176560115229,0.1282176560115229,0.0,0.0,0.0,2.404105987996033e-06,0.1282176560115229,0.1925292372633264,0.3580749307219411,0.0005,0.7209016436113501,677.0458727000005
32,train,0.1290569186834992,0.1290569186834992,0.0,0.0,0.0,2.353875056799569e-06,0.1290569186834992,0.19437882685155236,0.3592449285424906,0.0005,0.9017810163632879,702.3105572000022
33,train,0.1283621355768223,0.1283621355768223,0.0,0.0,0.0,2.2322123666801316e-06,0.1283621355768223,0.19261175647623976,0.3582766187972951,0.0005,0.7857315978913937,725.8366271000014
34,train,0.12872850713167694,0.12872850713167694,0.0,0.0,0.0,2.256089738642364e-06,0.12872850713167694,0.19369590320220256,0.35878755152830616,0.0005,0.89953694703444,749.0489087000024
35,train,0.12820367568815272,0.12820367568815272,0.0,0.0,0.0,2.2590112436928222e-06,0.12820367568815272,0.19280301345652845,0.3580554086844,0.0005,0.8369196729277665,773.9812160000001
36,train,0.12765360310666024,0.12765360310666024,0.0,0.0,0.0,2.2919884018710086e-06,0.12765360310666024,0.1921154768417044,0.35728644405667037,0.0005,0.7604685437004521,798.330305800002
37,train,0.12785032150270534,0.12785032150270534,0.0,0.0,0.0,2.2613954861985547e-06,0.12785032150270534,0.19259165069264061,0.35756163315253126,0.0005,0.7569594259531993,824.2717076000008
38,train,0.1280991295348597,0.1280991295348597,0.0,0.0,0.0,2.2964761876450347e-06,0.1280991295348597,0.1925880558349473,0.35790938732430544,0.0005,0.8245027380169563,848.3838004000027
39,train,0.12995726720790735,0.12995726720790735,0.0,0.0,0.0,2.3530632426867805e-06,0.12995726720790735,0.19367843217936886,0.360495862955329,0.0005,inf,872.6680161000004
40,train,0.12853824046557388,0.12853824046557388,0.0,0.0,0.0,2.298158233744924e-06,0.12853824046557388,0.19276612929578102,0.3585223012109203,0.0005,0.8535753925735096,895.4491385000001
41,train,0.1276539407114779,0.1276539407114779,0.0,0.0,0.0,2.2377246853654967e-06,0.1276539407114779,0.19252087939179172,0.3572869165131546,0.0005,0.8614770632307485,918.6509914000017
42,train,0.12719671851636863,0.12719671851636863,0.0,0.0,0.0,2.295929293894623e-06,0.12719671851636863,0.19206186040427609,0.35664648956125816,0.0005,0.6712130229428129,942.056829600002
43,train,0.12799853029308614,0.12799853029308614,0.0,0.0,0.0,2.3449763590041635e-06,0.12799853029308614,0.19224767779123106,0.3577688224162163,0.0005,0.8503872201127826,965.4159618000012
44,train,0.1273997297673321,0.1273997297673321,0.0,0.0,0.0,2.3235849621071467e-06,0.1273997297673321,0.1932905924998505,0.35693098740139123,0.0005,0.7757653439382337,989.1778932000016
45,train,0.127532631631615,0.127532631631615,0.0,0.0,0.0,2.309880054575465e-06,0.127532631631615,0.19219029502732293,0.35711711192774703,0.0005,0.8076890102534924,1013.6495513000009
46,train,0.12784799600588675,0.12784799600588675,0.0,0.0,0.0,2.328712030420028e-06,0.12784799600588675,0.19356893430692407,0.35755838125526684,0.0005,0.8140610661709083,1037.2809159999997
47,train,0.1274489725502686,0.1274489725502686,0.0,0.0,0.0,2.286408478127823e-06,0.1274489725502686,0.19138838286986043,0.35699996155499597,0.0005,0.7817571781716257,1062.4030304000007
48,train,0.12780193226492384,0.12780193226492384,0.0,0.0,0.0,2.2792000655104892e-06,0.12780193226492384,0.19418441382816662,0.35749396115868004,0.0005,0.8458415691582661,1085.3512979000006
49,train,0.1276096448904252,0.1276096448904252,0.0,0.0,0.0,2.3383478843963942e-06,0.1276096448904252,0.19199230901475223,0.35722492198952915,0.0005,0.8644683155811058,1109.0750093999995
50,train,0.12791484295131633,0.12791484295131633,0.0,0.0,0.0,2.2986278826516902e-06,0.12791484295131633,0.19273367603221586,0.3576518460057439,0.0005,0.9287629869748961,1134.035994400001
1,train,0.2752919157825571,0.2752919157825571,0.0,0.0,1541.4435718464401,2.330677920378188e-06,0.2752919157825571,0.34247448953079446,0.5246826810392707,0.0005,nan,22.475902099999075
2,train,0.13853816898613242,0.13853816898613242,0.0,0.0,919.040484158498,2.287424958578996e-06,0.13853816898613242,0.19369941220425502,0.3722071586981266,0.0005,62.66047035073334,41.71425380000437
3,train,0.13239888463988636,0.13239888463988636,0.0,0.0,580.5761341598799,2.4678475187582356e-06,0.13239888463988636,0.18519454271233865,0.3638665753265699,0.0005,38.22913799645766,62.426915000003646
4,train,0.13067958551360995,0.13067958551360995,0.0,0.0,423.4660938190964,2.383594986260402e-06,0.13067958551360995,0.186891587208605,0.3614963146611732,0.0005,29.904464037913197,82.64384180000343
5,train,0.13032747042268725,0.13032747042268725,0.0,0.0,336.821805270213,2.2226998350372426e-06,0.13032747042268725,0.18565012853030333,0.3610089616930406,0.0005,24.566262964932424,101.99426710000262
6,train,0.12958183992535477,0.12958183992535477,0.0,0.0,275.6653849043936,2.2973401861613724e-06,0.12958183992535477,0.18745458533741394,0.35997477679047846,0.0005,19.607714000737893,122.14581840000028
7,train,0.12948008673901196,0.12948008673901196,0.0,0.0,197.7692491783286,2.411965262049393e-06,0.12948008673901196,0.1859917287539058,0.3598334152618569,0.0005,14.701758897529459,142.7504134999981
8,train,0.12954920927883026,0.12954920927883026,0.0,0.0,205.55481307911424,2.285899669468048e-06,0.12954920927883026,0.18795517926578809,0.35992945041887064,0.0005,15.231890519834915,166.99207140000362
9,train,0.12873886957281938,0.12873886957281938,0.0,0.0,151.99769338914678,2.318541359238465e-06,0.12873886957281938,0.18871610771056335,0.358801992152802,0.0005,10.43117240802297,190.51134489999822
10,train,0.12908001957827236,0.12908001957827236,0.0,0.0,119.42732613942357,2.40852744500787e-06,0.12908001957827236,0.1888678993379592,0.35927707911620577,0.0005,8.921444094405985,212.77407830000448
11,train,0.1284895994964897,0.1284895994964897,0.0,0.0,113.89112250423915,2.2645146883697413e-06,0.1284895994964897,0.1892138728169057,0.3584544594456731,0.0005,10.129915154205179,232.4132929000043
12,train,0.12899942877545914,0.12899942877545914,0.0,0.0,76.33522054782307,2.290862323018203e-06,0.12899942877545914,0.19009703095158872,0.35916490471016116,0.0005,5.757411184738267,252.34372620000067
13,train,0.12824803324986547,0.12824803324986547,0.0,0.0,89.62407742627042,2.3131723803501544e-06,0.12824803324986547,0.19070425898469281,0.35811734564227055,0.0005,6.165876289864756,271.8487943
14,train,0.12851978219567278,0.12851978219567278,0.0,0.0,74.9355310685335,2.2872762283098055e-06,0.12851978219567278,0.18968402410172064,0.35849655813643844,0.0005,6.229093836163575,291.4954421000002
15,train,0.12880189129659894,0.12880189129659894,0.0,0.0,50.082351952798604,2.235123479037594e-06,0.12880189129659894,0.19102461290598477,0.35888980383482466,0.0005,3.764330156006903,310.86041910000495
16,train,0.12840979700505276,0.12840979700505276,0.0,0.0,86.03331423657839,2.375605705945521e-06,0.12840979700505276,0.1898669450385672,0.3583431274701006,0.0005,6.168079111935957,329.9144138000047
17,train,0.1288574237955233,0.1288574237955233,0.0,0.0,68.39287796280662,2.346884940070938e-06,0.1288574237955233,0.19047320105205726,0.3589671625588103,0.0005,6.381645982839027,349.23709670000244
18,train,0.12865885262198265,0.12865885262198265,0.0,0.0,55.01810047247604,2.338602238317967e-06,0.12865885262198265,0.18905978270296778,0.35869046909833363,0.0005,5.282063276137945,368.6923166999986
19,train,0.1281847911809993,0.1281847911809993,0.0,0.0,69.1479121152365,2.3020928472520473e-06,0.1281847911809993,0.1906482844297194,0.35802903678472686,0.0005,6.579172742816637,388.25351899999805
20,train,0.12893133881966692,0.12893133881966692,0.0,0.0,63.712893889318956,2.456081585289624e-06,0.12893133881966692,0.19024728799836246,0.3590701029320973,0.0005,7.166304784844506,408.1068949000037
21,train,0.12850961952859027,0.12850961952859027,0.0,0.0,52.92561661371865,2.3755855726500706e-06,0.12850961952859027,0.19053757231823115,0.3584823838469476,0.0005,5.073711307824783,428.5792347000024
22,train,0.12817340157327534,0.12817340157327534,0.0,0.0,36.070777332540615,2.242001002896187e-06,0.12817340157327534,0.19020183809312438,0.3580131304481378,0.0005,4.183326969731529,450.18524450000405
23,train,0.12885126986581763,0.12885126986581763,0.0,0.0,33.68428553139604,2.3769507006020504e-06,0.12885126986581763,0.19084512139406967,0.3589585907396808,0.0005,3.4568648270840914,473.72922090000066
24,train,0.1288623734411645,0.1288623734411645,0.0,0.0,34.18290289285709,2.312761314485369e-06,0.1288623734411645,0.1916197507115046,0.35897405678010286,0.0005,3.251977064699497,497.0122266000035
25,train,0.12861978838015417,0.12861978838015417,0.0,0.0,31.671113970024106,2.270059665208018e-06,0.12861978838015417,0.19110946394151673,0.3586360109918609,0.0005,3.62785974173051,520.3698317000017
26,train,0.12909506926791334,0.12909506926791334,0.0,0.0,27.787438905452525,2.2130542082829018e-06,0.12909506926791334,0.19174332333869243,0.3592980229112225,0.0005,3.3171569415420854,544.6003352000043
27,train,0.12828562739721158,0.12828562739721158,0.0,0.0,31.71847582543228,2.4171396047814546e-06,0.12828562739721158,0.19178757964334675,0.3581698303838719,0.0005,3.3108965619555057,567.8573589000007
28,train,0.1291349286151191,0.1291349286151191,0.0,0.0,36.29721917620666,2.385303909644756e-06,0.1291349286151191,0.19239176298614663,0.35935348699451786,0.0005,3.592593833522977,590.6078311000019
29,train,0.12897046305456655,0.12897046305456655,0.0,0.0,45.47492480733942,2.333349717652177e-06,0.12897046305456655,0.18910997631028298,0.3591245787391425,0.0005,4.134563519144958,613.8518651999984
30,train,0.1284466208532872,0.1284466208532872,0.0,0.0,27.12614339428005,2.3585360734288323e-06,0.1284466208532872,0.19107106575074623,0.3583945044964936,0.0005,2.725734214456576,637.8428397000025
31,train,0.12969330279690597,0.12969330279690597,0.0,0.0,24.230264132933456,2.3097109250265242e-06,0.12969330279690597,0.1931245007921221,0.3601295639029181,0.0005,2.445126434542098,661.8257288000023
32,train,0.12859755539294673,0.12859755539294673,0.0,0.0,27.508416540353817,2.3013677483109894e-06,0.12859755539294673,0.19137235592593838,0.35860501306165077,0.0005,2.752870317899956,687.1836190000031
33,train,0.12841828206907144,0.12841828206907144,0.0,0.0,20.284538943833173,2.295731935689373e-06,0.12841828206907144,0.19086421024897757,0.35835496657514243,0.0005,2.300148166153791,710.5124784
34,train,0.1286277049863716,0.1286277049863716,0.0,0.0,41.898783758142045,2.2097648190606806e-06,0.1286277049863716,0.19235830111253371,0.3586470479264699,0.0005,4.305286729392016,736.108001200002
35,train,0.1287048391503186,0.1287048391503186,0.0,0.0,41.509115242849184,2.281065778059304e-06,0.1287048391503186,0.1921759397160472,0.3587545667309597,0.0005,3.813806375804937,758.7466338000013
36,train,0.1285489390286389,0.1285489390286389,0.0,0.0,37.572880591908984,2.2673091751919786e-06,0.1285489390286389,0.19092982026379351,0.3585372212597165,0.0005,3.7916932541806743,781.3578557000001
37,train,0.12819399292925912,0.12819399292925912,0.0,0.0,39.08852938887331,2.2964471074099593e-06,0.12819399292925912,0.1921430906825611,0.35804188711554286,0.0005,4.192309293825671,804.6110279999994
38,train,0.12867570485082847,0.12867570485082847,0.0,0.0,33.46592504972847,2.2699882205381314e-06,0.12867570485082847,0.1904323687249759,0.35871395965424663,0.0005,3.452046678032515,827.9119963000048
39,train,0.1283635122426275,0.1283635122426275,0.0,0.0,29.11342426409315,2.329893135847326e-06,0.1283635122426275,0.19189574221887107,0.35827854002525394,0.0005,3.225194898416411,851.3029124000022
40,train,0.1290639723329047,0.1290639723329047,0.0,0.0,40.3842522384169,2.3272347729255002e-06,0.1290639723329047,0.1920064660140647,0.35925474573470106,0.0005,3.3463130418984397,874.6944313999993
41,train,0.12868261633117964,0.12868261633117964,0.0,0.0,27.608320740047663,2.3025062876702165e-06,0.12868261633117964,0.19309120026926666,0.3587235932179254,0.0005,2.122499986077255,898.1704019000026
42,train,0.1283894236992088,0.1283894236992088,0.0,0.0,54.75130367054423,2.302641499930892e-06,0.1283894236992088,0.19110680008131375,0.3583146992508245,0.0005,4.767380458988109,920.7825406999982
43,train,0.12854257571617503,0.12854257571617503,0.0,0.0,23.16993143879894,2.429562581676022e-06,0.12854257571617503,0.19261253524290506,0.35852834715845694,0.0005,2.4262631766076357,944.8183336000002
44,train,0.128926601395492,0.128926601395492,0.0,0.0,42.00021444291965,2.373790064941101e-06,0.128926601395492,0.19164311131286732,0.35906350607586396,0.0005,4.368470610312696,969.7034591999982
45,train,0.1284882395705351,0.1284882395705351,0.0,0.0,27.55463105441339,2.304838989282802e-06,0.1284882395705351,0.1923192270170405,0.3584525625107667,0.0005,3.1458597246487185,993.9612761000026
46,train,0.12922754382373067,0.12922754382373067,0.0,0.0,55.1423224867696,2.3806907144185147e-06,0.12922754382373067,0.1925233627019345,0.35948232755412424,0.0005,4.035407687133214,1017.3018225999986
47,train,0.12816189193395505,0.12816189193395505,0.0,0.0,52.05562121370566,2.2501136505902736e-06,0.12816189193395505,0.19083679160278919,0.35799705576157337,0.0005,4.700210038221107,1041.7504501000003
48,train,0.1282763580776139,0.1282763580776139,0.0,0.0,60.2105578219498,2.1940384565926442e-06,0.1282763580776139,0.19160903870426815,0.35815689031151404,0.0005,4.1984734276555615,1064.5037215999982
49,train,0.1288287525790643,0.1288287525790643,0.0,0.0,46.061368958231014,2.310731626905936e-06,0.1288287525790643,0.19256253484636543,0.35892722462786836,0.0005,4.097777358484718,1087.0899609999979
50,train,0.12893556688408664,0.12893556688408664,0.0,0.0,55.824996803156274,2.3321063247080155e-06,0.12893556688408664,0.19280542298659403,0.3590759904032664,0.0005,4.580382098566811,1110.4927228000015
1,train,0.14944838720968517,0.14944838720968517,0.0,0.0,0.0,2.260685994529785e-06,0.14944838720968517,0.2384601183727664,0.3865855496648642,0.0005,1.681686613076138,23.894784500007518
1,train,0.20764864598717186,0.20764864598717186,0.0,0.0,3811.612069471827,2.3125251997936296e-06,0.20764864598717186,0.3037030836813292,0.4556848099148927,0.0005,nan,24.386357600000338
2,train,0.1364782542132642,0.1364782542132642,0.0,0.0,11469.658666646705,2.2901530351277267e-06,0.1364782542132642,0.19099116864139745,0.3694296336425439,0.0005,604.8074915184164,45.540617899998324
3,train,0.13241468152338262,0.13241468152338262,0.0,0.0,13641.559016389667,2.321676696360469e-06,0.13241468152338262,0.18642416845058213,0.3638882816516391,0.0005,762.2031821124958,66.30655059999845
4,train,0.12964254194298944,0.12964254194298944,0.0,0.0,11240.219356752792,2.2590372436581056e-06,0.12964254194298944,0.18768676942179227,0.36005908118389324,0.0005,683.028492585668,86.89181000000099
5,train,0.12919666032258248,0.12919666032258248,0.0,0.0,5709.407991805167,2.367188360366063e-06,0.12919666032258248,0.18836805541419754,0.3594393694666494,0.0005,400.0723904663662,107.87415760000295
6,train,0.1287459259886127,0.1287459259886127,0.0,0.0,2926.125781817256,2.2222954724058135e-06,0.1287459259886127,0.18974919364488907,0.3588118253188051,0.0005,230.6677508207987,128.1709217000025
7,train,0.12858511274083315,0.12858511274083315,0.0,0.0,1139.8073222322284,2.281345252481944e-06,0.12858511274083315,0.1913954471027092,0.35858766395518005,0.0005,122.247635175597,148.5875653000112
8,train,0.1284175258455194,0.1284175258455194,0.0,0.0,1189.3520746411018,2.273370657074441e-06,0.1284175258455194,0.19182255313608726,0.3583539114416353,0.0005,110.83250379562378,168.98381030000746
9,train,0.1288132920353849,0.1288132920353849,0.0,0.0,731.8704860255403,2.2228029060983624e-06,0.1288132920353849,0.19278800080899358,0.3589056868250835,0.0005,74.84772667120087,189.3315797999967
10,train,0.12842681954410542,0.12842681954410542,0.0,0.0,735.3007033658478,2.3688775944771444e-06,0.12842681954410542,0.19056040537807173,0.3583668784138755,0.0005,72.05038406039183,209.76015570000163
11,train,0.1288193245238118,0.1288193245238118,0.0,0.0,630.9794302076664,2.3445032072557744e-06,0.1288193245238118,0.19061626347379296,0.35891409072898184,0.0005,64.89977366519425,230.57114070000534
12,train,0.12826485121721523,0.12826485121721523,0.0,0.0,720.6168655903684,2.288282886647206e-06,0.12826485121721523,0.19092015667800913,0.3581408259570741,0.0005,69.5744043712346,251.57661370000278
13,train,0.1288856236091546,0.1288856236091546,0.0,0.0,536.5745013445738,2.327950806950026e-06,0.1288856236091546,0.19014660152343077,0.3590064395093138,0.0005,53.074949267900216,275.69961120000517
14,train,0.1299909391811525,0.1299909391811525,0.0,0.0,450.3764370889886,2.3028508338647265e-06,0.1299909391811525,0.19046547448719447,0.3605425622324672,0.0005,45.214823565393125,300.6839298999985
15,train,0.12880888441552837,0.12880888441552837,0.0,0.0,469.73174566695604,2.326481809984027e-06,0.12880888441552837,0.19044995537765758,0.35889954641309924,0.0005,47.37075895295953,325.6642758000089
16,train,0.12958384152497152,0.12958384152497152,0.0,0.0,456.5144953180855,2.263295053829629e-06,0.12958384152497152,0.1903692054421694,0.3599775569740029,0.0005,41.97933175653782,346.9532455000008
17,train,0.12840841616600537,0.12840841616600537,0.0,0.0,368.3692544636927,2.3401825218278867e-06,0.12840841616600537,0.18985210153854112,0.35834120076542325,0.0005,35.25412948738854,367.625975700008
18,train,0.1299603522746969,0.1299603522746969,0.0,0.0,437.2475511747663,2.355178598661024e-06,0.1299603522746969,0.18983502328958146,0.3605001418511467,0.0005,42.18790936188878,388.0872747000103
19,train,0.12927993935967225,0.12927993935967225,0.0,0.0,297.4633629912036,2.3085702234723457e-06,0.12927993935967225,0.1912180287781049,0.35955519654104884,0.0005,27.827932795825994,408.71887670000433
20,train,0.12891985612994453,0.12891985612994453,0.0,0.0,465.34005042658856,2.2582093868309903e-06,0.12891985612994453,0.19087602537793089,0.3590541130943141,0.0005,41.50911270953574,429.8371571000025
21,train,0.12872445081112976,0.12872445081112976,0.0,0.0,278.2639171186538,2.392427719949513e-06,0.12872445081112976,0.19005271368396454,0.358781898667045,0.0005,27.429659599403166,451.2274461000052
22,train,0.1285899956483297,0.1285899956483297,0.0,0.0,409.6375029949265,2.2998158457548412e-06,0.1285899956483297,0.1902340123166312,0.35859447241742265,0.0005,38.015179451344146,472.7260583000025
23,train,0.12872509335976026,0.12872509335976026,0.0,0.0,304.9110791948163,2.3298870031931933e-06,0.12872509335976026,0.1894576529076077,0.35878279412446784,0.0005,26.456248002794553,493.3633419999969
24,train,0.12838940938535467,0.12838940938535467,0.0,0.0,286.46270539372375,2.4060456012794362e-06,0.12838940938535467,0.19169341797044254,0.35831467927696553,0.0005,27.209969349064917,513.8907583000109
25,train,0.12883936733760837,0.12883936733760837,0.0,0.0,276.94169284007734,2.3241213215922747e-06,0.12883936733760837,0.19181422892922778,0.35894201110709845,0.0005,24.132298863721342,534.3671616000065
26,train,0.1286868195700869,0.1286868195700869,0.0,0.0,216.56468732060233,2.333990214280658e-06,0.1286868195700869,0.1907611201148269,0.35872945177401716,0.0005,19.55539907177664,554.9410137000086
27,train,0.12928901983044472,0.12928901983044472,0.0,0.0,227.38113291988606,2.305053364048121e-06,0.12928901983044472,0.19124316448205197,0.3595678236862202,0.0005,19.938491244361085,577.1044514000096
28,train,0.1290677185136306,0.1290677185136306,0.0,0.0,270.39245001932403,2.335847363851054e-06,0.1290677185136306,0.18947987034565433,0.3592599595190516,0.0005,24.11775983223375,600.285389800003
29,train,0.1285007959612693,0.1285007959612693,0.0,0.0,280.4988178527911,2.278905492188779e-06,0.1285007959612693,0.19006838995506461,0.3584700768003785,0.0005,22.667770055105102,624.0304064000084
30,train,0.12873440890075727,0.12873440890075727,0.0,0.0,219.65152848185093,2.280447534020531e-06,0.12873440890075727,0.18970349660178396,0.35879577603527785,0.0005,19.299373807209843,647.7878152000048
31,train,0.12935992964906654,0.12935992964906654,0.0,0.0,242.87443063141967,2.311143344861262e-06,0.12935992964906654,0.18961836829570666,0.3596664144023828,0.0005,23.627525652916926,672.2228984000103
32,train,0.12981143963183026,0.12981143963183026,0.0,0.0,169.82143946333926,2.3398798896109065e-06,0.12981143963183026,0.18898202032905143,0.36029354647541256,0.0005,16.701497855613816,698.0630569000059
33,train,0.12902621283362847,0.12902621283362847,0.0,0.0,144.92738491794938,2.340416804660015e-06,0.12902621283362847,0.1899140792828545,0.35920218934971493,0.0005,12.256313337188846,721.8496773000079
34,train,0.12918122385118933,0.12918122385118933,0.0,0.0,160.98792602320395,2.4037258235007614e-06,0.12918122385118933,0.19056172947276312,0.3594178958415807,0.0005,13.806929617557886,745.1430357000063
35,train,0.12885731753185098,0.12885731753185098,0.0,0.0,166.13285960960263,2.2715094941441698e-06,0.12885731753185098,0.1907691067119815,0.35896701454569746,0.0005,14.781688692434779,768.9983216999972
36,train,0.1284958657279928,0.1284958657279928,0.0,0.0,168.6642899950819,2.3013392193498254e-06,0.1284958657279928,0.19119019909709126,0.35846319996338927,0.0005,14.287987918786282,792.5908347000077
37,train,0.12864719391667298,0.12864719391667298,0.0,0.0,194.3223366293428,2.4253556109713073e-06,0.12864719391667298,0.18997429852321182,0.35867421696669666,0.0005,17.741562572290313,818.005370800005
38,train,0.1281612506194506,0.1281612506194506,0.0,0.0,104.74556713094627,2.3478144801217396e-06,0.1281612506194506,0.19092401743005463,0.35799616006243784,0.0005,9.723822495566225,841.9675087000069
39,train,0.12821637213684256,0.12821637213684256,0.0,0.0,175.28740633139827,2.2940301016446164e-06,0.12821637213684256,0.19157870699704252,0.35807313797161966,0.0005,14.203760268553248,866.1074730999972
40,train,0.1288039964969975,0.1288039964969975,0.0,0.0,172.04098334319227,2.313284424091316e-06,0.1288039964969975,0.19103375782065515,0.35889273675709504,0.0005,13.417798223641684,889.4566370000102
41,train,0.12862220705292718,0.12862220705292718,0.0,0.0,188.0772521874597,2.306441381665107e-06,0.12862220705292718,0.19234701325800624,0.3586393830199455,0.0005,16.16519752313506,912.5984714000078
42,train,0.12831401024620548,0.12831401024620548,0.0,0.0,132.9987039157598,2.348554654366486e-06,0.12831401024620548,0.19292844595949876,0.35820945024692674,0.0005,7.3146478261025445,936.7919022999995
43,train,0.12786962960563647,0.12786962960563647,0.0,0.0,60.71160273193074,2.370303564192617e-06,0.12786962960563647,0.19220505375239366,0.3575886318182339,0.0005,5.478405437801245,959.3290851000056
44,train,0.12876079257650144,0.12876079257650144,0.0,0.0,195.82235738818156,2.3559505001136337e-06,0.12876079257650144,0.19163233138761432,0.3588325411337459,0.0005,13.295024683453002,983.4798517000017
45,train,0.128912307584454,0.128912307584454,0.0,0.0,98.34878737042342,2.2584883700406898e-06,0.128912307584454,0.19034091708303066,0.3590436012303436,0.0005,8.494105750097418,1006.3464060999977
46,train,0.12925948062385842,0.12925948062385842,0.0,0.0,116.46845260792288,2.3661582718149184e-06,0.12925948062385842,0.18996129719856777,0.35952674535263496,0.0005,9.973494521570656,1029.303527000011
47,train,0.12989643411027196,0.12989643411027196,0.0,0.0,96.8363397931746,2.334054393718104e-06,0.12989643411027196,0.19057398572353265,0.3604114788825017,0.0005,8.703214507057982,1053.2538955000055
48,train,0.12862783421170326,0.12862783421170326,0.0,0.0,63.080491773583624,2.253282872825023e-06,0.12862783421170326,0.1908874759028825,0.3586472280831169,0.0005,6.077033366797106,1076.4685567999986
49,train,0.12808805963970094,0.12808805963970094,0.0,0.0,75.28747137493067,2.3292675643701068e-06,0.12808805963970094,0.19045091088826083,0.3578939223285315,0.0005,7.001520172604975,1099.0747955999977
50,train,0.12878348937135664,0.12878348937135664,0.0,0.0,98.47050143550106,2.3100411595496895e-06,0.12878348937135664,0.19038251844182044,0.35886416562726997,0.0005,8.502293940984979,1122.5747453000076
1,train,0.16195896306813187,0.16195896306813187,0.0,0.0,1.059090990638823e-06,2.298854563480934e-06,0.16195896306813187,0.22731203571453978,0.4024412541826842,0.0005,1.9564846377327758,24.181352600004175
2,train,0.12884649410217838,0.12884649410217838,0.0,0.0,5.981676650353963e-07,2.2312452542019805e-06,0.12884649410217838,0.1927227152898064,0.35895193842933676,0.0005,0.6950995742150072,45.47541810000257
3,train,0.1282734599432997,0.1282734599432997,0.0,0.0,1.0249858418456774e-06,2.253777798820388e-06,0.1282734599432997,0.19250853389396141,0.35815284438811834,0.0005,0.6258875657365007,66.68876589999127
4,train,0.1285131933858381,0.1285131933858381,0.0,0.0,1.6769377620187029e-06,2.2639405183584146e-06,0.1285131933858381,0.19228562877144453,0.35848736851643476,0.0005,0.7800104514045535,88.51606399999582
5,train,0.12919007789440792,0.12919007789440792,0.0,0.0,1.786409831834564e-06,2.287892509641852e-06,0.12919007789440792,0.19395843572422583,0.3594302128291498,0.0005,0.8207691480528634,109.5176713999972
6,train,0.129246302256152,0.129246302256152,0.0,0.0,1.8283594834360454e-06,2.2899276692047386e-06,0.129246302256152,0.19366619670236448,0.359508417503891,0.0005,0.8272332045829521,131.15067740000086
7,train,0.12802915563541936,0.12802915563541936,0.0,0.0,1.8867158531683568e-06,2.3235229105440973e-06,0.12802915563541936,0.19257755847120622,0.3578116203191553,0.0005,0.6521399296679586,152.49116730000242
8,train,0.12836080936758662,0.12836080936758662,0.0,0.0,2.140874066067484e-06,2.421563880368853e-06,0.12836080936758662,0.19330716774324477,0.35827476797506497,0.0005,0.6882538969786662,173.96746529999655
9,train,0.12976992916741922,0.12976992916741922,0.0,0.0,2.0622949422139976e-06,2.3192972930529614e-06,0.12976992916741922,0.19379436721814414,0.3602359354193016,0.0005,0.8272598664153297,201.3045020999998
10,train,0.12916354718351766,0.12916354718351766,0.0,0.0,1.7242601527542782e-06,2.3224434690351735e-06,0.12916354718351766,0.1949850448846535,0.3593933043109146,0.0005,0.8680689587907972,228.8640405000042
11,train,0.1285516990796511,0.1285516990796511,0.0,0.0,1.0544959740451854e-06,2.333769764777142e-06,0.1285516990796511,0.1915176670172445,0.3585410702829609,0.0005,0.7330840547692101,252.06500919999962
12,train,0.12828302450880588,0.12828302450880588,0.0,0.0,9.303295822939857e-07,2.3477863522820593e-06,0.12828302450880588,0.19378863652676062,0.35816619677016687,0.0005,0.7376497550955359,273.55254940000304
13,train,0.1283064773168694,0.1283064773168694,0.0,0.0,9.21915072450367e-07,2.3574214233207692e-06,0.1283064773168694,0.19328533291008393,0.35819893539326636,0.0005,0.65750497326536,295.06971189999604
14,train,0.1284572735786705,0.1284572735786705,0.0,0.0,8.197305766839665e-07,2.3110780242653696e-06,0.1284572735786705,0.1925528485890267,0.3584093659192942,0.0005,0.7239466450124417,316.48265370000445
15,train,0.12906455665779848,0.12906455665779848,0.0,0.0,7.650697617069488e-07,2.255757747335801e-06,0.12906455665779848,0.1933712405609494,0.35925555897967465,0.0005,0.8008661953345785,337.6521597999963
16,train,0.12971889538712963,0.12971889538712963,0.0,0.0,6.690323899411457e-07,2.243222752440488e-06,0.12971889538712963,0.19516256010195,0.3601650946262417,0.0005,0.8546645323622901,359.57185369999206
17,train,0.12800115121949693,0.12800115121949693,0.0,0.0,6.770676560456264e-07,2.3526576230650327e-06,0.12800115121949693,0.19201421447906575,0.35777248527450645,0.0005,0.714193270172713,380.77833400000236
18,train,0.12831176942629513,0.12831176942629513,0.0,0.0,7.30022389809233e-07,2.358175776244711e-06,0.12831176942629513,0.1931903174006433,0.35820632242646855,0.0005,0.7545774356936509,402.8032722999924
19,train,0.12890849618358155,0.12890849618358155,0.0,0.0,7.656229318288169e-07,2.3126666948608646e-06,0.12890849618358155,0.1936510018705619,0.35903829347798205,0.0005,0.8134239093874985,423.444811399997
20,train,0.12882819508629598,0.12882819508629598,0.0,0.0,8.26078894211811e-07,2.3503817262606837e-06,0.12882819508629598,0.19295184178066987,0.35892644801727275,0.0005,0.8553407872622868,444.8908781999926
21,train,0.1279603669613315,0.1279603669613315,0.0,0.0,8.862688776578168e-07,2.30436334178657e-06,0.1279603669613315,0.1934085890229018,0.3577154832563605,0.0005,0.6890008219008176,466.1937279999984
22,train,0.1285425795669962,0.1285425795669962,0.0,0.0,9.612296862370677e-07,2.275363190508286e-06,0.1285425795669962,0.1922355588156519,0.3585283525287731,0.0005,0.7602922936093133,490.6093600000022
23,train,0.12821531708891507,0.12821531708891507,0.0,0.0,1.049006920405894e-06,2.1839471967397465e-06,0.12821531708891507,0.19375833756870253,0.3580716647389389,0.0005,0.7096045748242792,518.2950737999927
24,train,0.12837951651837218,0.12837951651837218,0.0,0.0,1.1474428608277588e-06,2.335850173846477e-06,0.12837951651837218,0.19299647173896986,0.358300874291945,0.0005,0.8301034808721183,544.6495581999916
25,train,0.1287802670895339,0.1287802670895339,0.0,0.0,1.2414020334462002e-06,2.3338288540473066e-06,0.1287802670895339,0.19303352087911851,0.35885967604278685,0.0005,0.7976912268490162,569.5926001999906
26,train,0.12814559514538493,0.12814559514538493,0.0,0.0,1.3595603396630772e-06,2.2699019579687167e-06,0.12814559514538493,0.1935407290533888,0.3579742939728842,0.0005,0.7346816290661974,593.3742884999956
27,train,0.12956163565648002,0.12956163565648002,0.0,0.0,1.4905132596844474e-06,2.3150850670132953e-06,0.12956163565648002,0.19420442360119433,0.35994671224568786,0.0005,0.9534606247578027,617.5079286999971
28,train,0.1278056003841383,0.1278056003841383,0.0,0.0,1.6116308450123914e-06,2.397219092480949e-06,0.1278056003841383,0.19257891510771413,0.35749909144519276,0.0005,0.6949547827243805,641.7682413000002
29,train,0.12892729387260843,0.12892729387260843,0.0,0.0,1.7530973554010348e-06,2.3093184051315305e-06,0.12892729387260843,0.19242692537043452,0.3590644703567988,0.0005,0.8434778052680897,666.8478845999925
30,train,0.12821608279026683,0.12821608279026683,0.0,0.0,1.9193861469761514e-06,2.393155000390834e-06,0.12821608279026683,0.19334273111813197,0.3580727339386048,0.0005,0.7356707256919933,691.2052917999972
31,train,0.1284165593818267,0.1284165593818267,0.0,0.0,2.0955404613901783e-06,2.3557827712723353e-06,0.1284165593818267,0.1939753040179329,0.3583525629625477,0.0005,0.814092922042001,716.6276819999912
32,train,0.12852197476793933,0.12852197476793933,0.0,0.0,2.2646601281557417e-06,2.3146656741239055e-06,0.12852197476793933,0.19266476835352625,0.3584996161336011,0.0005,0.8046791337008746,742.9058701000031
33,train,0.12835525628802574,0.12835525628802574,0.0,0.0,2.4542757706890456e-06,2.276203336239049e-06,0.12835525628802574,0.19181305431532406,0.3582670181415333,0.0005,0.769726240409995,770.5057044999994
34,train,0.12727581285215359,0.12727581285215359,0.0,0.0,2.6947984850884717e-06,2.325784815287268e-06,0.12727581285215359,0.19267899967940913,0.356757358511571,0.0005,0.607682540450456,795.277920499997
35,train,0.12954116449548583,0.12954116449548583,0.0,0.0,3.0400319744485216e-06,2.2428481521651605e-06,0.12954116449548583,0.19334439661986424,0.3599182747450952,0.0005,0.898355817738569,822.568383699996
36,train,0.1275454788276033,0.1275454788276033,0.0,0.0,4.276482127781217e-06,2.309724059073833e-06,0.1275454788276033,0.1927652390252026,0.3571350988458056,0.0005,0.6873834043178918,847.7203376999969
37,train,0.12830706206964435,0.12830706206964435,0.0,0.0,3.594611152433538e-06,2.286896705179901e-06,0.12830706206964435,0.19245954897465564,0.3581997516325833,0.0005,0.8052452217857793,872.6317098
38,train,0.12761950376369438,0.12761950376369438,0.0,0.0,3.85673052424297e-06,2.2908433115758874e-06,0.12761950376369438,0.19234072141665615,0.3572387209747767,0.0005,0.6521115738828227,897.5078818000038
39,train,0.12865095793421685,0.12865095793421685,0.0,0.0,4.241912096884609e-06,2.1968626500000817e-06,0.12865095793421685,0.19377047038760115,0.35867946405421214,0.0005,0.8659088600356624,923.0990945999947
40,train,0.12761223005605335,0.12761223005605335,0.0,0.0,4.666517566394485e-06,2.30998647832578e-06,0.12761223005605335,0.1924195682928669,0.3572285403716413,0.0005,0.7072463609137625,948.4778491000034
41,train,0.12692216360360278,0.12692216360360278,0.0,0.0,5.186165931520935e-06,2.4159170165285963e-06,0.12692216360360278,0.191664135867273,0.3562613697885343,0.0005,0.6507708970105873,973.166693399995
42,train,0.12820426018831468,0.12820426018831468,0.0,0.0,5.70550534730329e-06,2.3488378354090428e-06,0.12820426018831468,0.19356937502458132,0.35805622489815014,0.0005,0.792286495555122,998.1063595000014
43,train,0.1273751648816303,0.1273751648816303,0.0,0.0,6.252628839508859e-06,2.31239402877828e-06,0.1273751648816303,0.19310871273419764,0.3568965744885068,0.0005,0.7745476775574234,1023.5010703000007
44,train,0.12791040584976004,0.12791040584976004,0.0,0.0,6.895116334731629e-06,2.281716279129504e-06,0.12791040584976004,0.19301655861144917,0.3576456428502381,0.0005,0.8212269384343669,1050.7020811999973
45,train,0.1276056461409613,0.1276056461409613,0.0,0.0,7.618359022843542e-06,2.3008708810592445e-06,0.1276056461409613,0.1921953997908617,0.3572193249825117,0.0005,0.7407459630718771,1077.3430474999914
46,train,0.12775945356261217,0.12775945356261217,0.0,0.0,8.487162579873462e-06,2.2809929627122606e-06,0.12775945356261217,0.19129280024120268,0.3574345444450105,0.0005,0.7823486423717355,1103.3629470000014
47,train,0.12763166855908117,0.12763166855908117,0.0,0.0,9.563360418844309e-06,2.2920166176571102e-06,0.12763166855908117,0.19254592668862552,0.3572557467124653,0.0005,0.7851493102761934,1130.6156244000013
48,train,0.12863016018782905,0.12863016018782905,0.0,0.0,3.0102928284800584e-05,2.3636078835034773e-06,0.12863016018782905,0.19355217536630218,0.3586504707759758,0.0005,0.9671412678259723,1158.3039970999962
49,train,0.12855713332301438,0.12855713332301438,0.0,0.0,1.325875730816613e-05,2.316729791654891e-06,0.12855713332301438,0.19376992773756663,0.35854864847467266,0.0005,0.9518343643197473,1184.4474317999993
50,train,0.12749322167793203,0.12749322167793203,0.0,0.0,1.2540961343579253e-05,2.275550672973897e-06,0.12749322167793203,0.19293028290717384,0.3570619297515937,0.0005,0.8088620718357697,1209.8946315999929
1,train,0.1935383957674242,0.1935383957674242,0.0,0.0,1.520868172096196e-06,2.315541772780839e-06,0.1935383957674242,0.271339553055125,0.43992998962042157,0.0005,2.6017224754927293,23.916603999998188
2,train,0.12898468399466506,0.12898468399466506,0.0,0.0,2.274260945135743e-06,2.33761160767965e-06,0.12898468399466506,0.1925738468924362,0.3591443776459059,0.0005,0.7698693546765255,44.806342299998505
3,train,0.128436309079264,0.128436309079264,0.0,0.0,1.4026721967913442e-06,2.3293182236540026e-06,0.128436309079264,0.19264944438242687,0.3583801181417072,0.0005,0.7526979384557256,66.05011260000174
4,train,0.12908335015301833,0.12908335015301833,0.0,0.0,9.870087730100835e-07,2.351458505781577e-06,0.12908335015301833,0.1933937712871241,0.3592817141923846,0.0005,0.7773386135978518,86.86513590000686
5,train,0.12930350697279205,0.12930350697279205,0.0,0.0,6.022581587485375e-07,2.3405967258784002e-06,0.12930350697279205,0.19296614990024913,0.35958796833708445,0.0005,0.7693227807868201,107.41769360000035
6,train,0.12854190850037345,0.12854190850037345,0.0,0.0,4.421533203468535e-07,2.3518361863266966e-06,0.12854190850037345,0.19293165060006218,0.3585274166648535,0.0005,0.6978386412813978,128.4423736000026
7,train,0.1291906527596095,0.1291906527596095,0.0,0.0,3.8551816558383677e-07,2.249833661359312e-06,0.1291906527596095,0.19353029466111138,0.3594310125178537,0.0005,0.8323922418760803,149.80335919999925
8,train,0.12819947993925346,0.12819947993925346,0.0,0.0,4.646400475608833e-07,2.338483403397028e-06,0.12819947993925346,0.19164154711091574,0.3580495495587915,0.0005,0.7332622614109291,170.51029140000173
9,train,0.12903930756190948,0.12903930756190948,0.0,0.0,5.414708212201903e-07,2.3143600710339016e-06,0.12903930756190948,0.19404630011193597,0.35922041640462127,0.0005,0.7790685422577948,195.7720549000078
10,train,0.1291583257551329,0.1291583257551329,0.0,0.0,8.566618520970498e-07,2.380028364176775e-06,0.1291583257551329,0.1940717635043668,0.3593860400114797,0.0005,0.8984593254215313,220.76962110000022
11,train,0.12859894061416607,0.12859894061416607,0.0,0.0,1.113369087993048e-06,2.330089179146321e-06,0.12859894061416607,0.19301178769366642,0.3586069444589244,0.0005,0.7361384779214859,243.43846679999842
12,train,0.12933337493082464,0.12933337493082464,0.0,0.0,1.3241838390075707e-06,2.2930435401370765e-06,0.12933337493082464,0.19334623596613415,0.3596294967474507,0.0005,0.8456237631024055,264.49246989999665
13,train,0.12934163295538145,0.12934163295538145,0.0,0.0,1.581313975997168e-06,2.3045842814305083e-06,0.12934163295538145,0.193713437238673,0.3596409778590052,0.0005,0.8259583174620034,285.73164969999925
14,train,0.12839596210368018,0.12839596210368018,0.0,0.0,1.8047016300322798e-06,2.271916362176098e-06,0.12839596210368018,0.19226764690763545,0.3583238229642012,0.0005,0.7303592964725675,306.96372159999737
15,train,0.1301021925600922,0.1301021925600922,0.0,0.0,2.0286286423109935e-06,2.2861474724537266e-06,0.1301021925600922,0.19397275821077367,0.36069681528964487,0.0005,0.9106744974851608,327.9566743000032
16,train,0.12987746340296785,0.12987746340296785,0.0,0.0,2.176276589211138e-06,2.2802189698508436e-06,0.12987746340296785,0.1936270968742528,0.36038515979846875,0.0005,0.9400582589068502,349.37705429999914
17,train,0.12847305968813463,0.12847305968813463,0.0,0.0,2.0764951103664538e-06,2.346611536096426e-06,0.12847305968813463,0.19328617359564274,0.3584313876994238,0.0005,0.726454642302585,370.3835298000049
18,train,0.12895007866060249,0.12895007866060249,0.0,0.0,2.1943456877639654e-06,2.286204777055042e-06,0.12895007866060249,0.19329947466206446,0.3590961969453345,0.0005,0.8150832466078255,391.45077680000395
19,train,0.12831632748956215,0.12831632748956215,0.0,0.0,2.482494090076696e-06,2.3584984044749226e-06,0.12831632748956215,0.1925058518026797,0.3582126847133727,0.0005,0.7326370716657279,411.9995459000056
20,train,0.12802478848836538,0.12802478848836538,0.0,0.0,2.6122216601130653e-06,2.3524187069580087e-06,0.12802478848836538,0.19324137670743569,0.35780551768854174,0.0005,0.6893392298019158,433.200588000007
21,train,0.12852691089001897,0.12852691089001897,0.0,0.0,2.670339993202569e-06,2.34487670069321e-06,0.12852691089001897,0.19268312339477664,0.35850650048502464,0.0005,0.7169695057958927,453.9933178000065
22,train,0.12838167868648495,0.12838167868648495,0.0,0.0,2.668845744888388e-06,2.3339719257150272e-06,0.12838167868648495,0.19352111917973125,0.35830389153131587,0.0005,0.7569963108256178,474.5160939000052
23,train,0.128825569204862,0.128825569204862,0.0,0.0,2.8012016001703848e-06,2.305622083526341e-06,0.128825569204862,0.19358411640069398,0.35892279003270605,0.0005,0.7575346009348923,495.36377120000543
24,train,0.12853950105396367,0.12853950105396367,0.0,0.0,2.9614155698924015e-06,2.2724019229500762e-06,0.12853950105396367,0.19277052402426048,0.3585240592400511,0.0005,0.7683365252220405,516.0774787999981
25,train,0.12830843590005003,0.12830843590005003,0.0,0.0,3.0520823716904247e-06,2.378057373326161e-06,0.12830843590005003,0.19247559560989996,0.3582016693149964,0.0005,0.7203905827031946,537.0797983000084
26,train,0.12789186151736123,0.12789186151736123,0.0,0.0,2.964139094677554e-06,2.2967772625668417e-06,0.12789186151736123,0.19239833927449757,0.35761971634315864,0.0005,0.6977816108825072,557.5498014000041
27,train,0.1288526187852664,0.1288526187852664,0.0,0.0,3.10353873331069e-06,2.259496287513444e-06,0.1288526187852664,0.1930420308250863,0.35896046966938633,0.0005,0.822016216392787,578.5833170999977
28,train,0.12809073485613623,0.12809073485613623,0.0,0.0,3.032519779875622e-06,2.2960360179497927e-06,0.12809073485613623,0.19275796553471466,0.35789765975224846,0.0005,0.7338065800239455,599.0254263999959
29,train,0.12755713202359917,0.12755713202359917,0.0,0.0,3.0859251500311623e-06,2.3557186261554443e-06,0.12755713202359917,0.1919947900739059,0.3571514133019764,0.0005,0.6207542309783539,619.6895127000025
30,train,0.12766829291985976,0.12766829291985976,0.0,0.0,3.243697353852594e-06,2.3218540413922108e-06,0.12766829291985976,0.19211681325445484,0.3573070009387722,0.0005,0.722995067542454,642.616266099998
31,train,0.12780795825284555,0.12780795825284555,0.0,0.0,3.4124869834381827e-06,2.331229344441831e-06,0.12780795825284555,0.19241479941696488,0.35750238915683563,0.0005,0.6822069014580745,668.6766220999998
32,train,0.12770541063667756,0.12770541063667756,0.0,0.0,3.3006375609679622e-06,2.3132872962927443e-06,0.12770541063667756,0.19278602885117507,0.35735893809540786,0.0005,0.7057590352476768,693.859409800003
33,train,0.1275341050777604,0.1275341050777604,0.0,0.0,3.346337614788834e-06,2.345093677385588e-06,0.1275341050777604,0.19207051183922955,0.3571191748951047,0.0005,0.7012693713296134,717.4620996000012
34,train,0.12789536545835362,0.12789536545835362,0.0,0.0,3.513837971283619e-06,2.3467840247696656e-06,0.12789536545835362,0.19241706599780128,0.35762461528585193,0.0005,0.7662723092538006,738.924683300007
35,train,0.128416461672333,0.128416461672333,0.0,0.0,4.281641952918605e-06,2.3167506993078583e-06,0.128416461672333,0.19326599108863554,0.35835242663100947,0.0005,0.8337268213618476,759.6784937000048
36,train,0.12827452953773352,0.12827452953773352,0.0,0.0,4.526941867605376e-06,2.2560110780758343e-06,0.12827452953773352,0.19217196142933557,0.3581543375944699,0.0005,0.8671865873741653,780.9614342999994
37,train,0.12760592434878731,0.12760592434878731,0.0,0.0,4.8001622486000725e-06,2.3080894804462453e-06,0.12760592434878731,0.19274758188545987,0.3572197143898798,0.0005,0.781505528767154,801.688544100005
38,train,0.12782604307941717,0.12782604307941717,0.0,0.0,5.30801261413457e-06,2.411711920584186e-06,0.12782604307941717,0.19277731093560466,0.35752768155685116,0.0005,0.7819115429554345,822.9719961000083
39,train,0.12869197733186566,0.12869197733186566,0.0,0.0,5.861665656238812e-06,2.3065589553056577e-06,0.12869197733186566,0.19272602387826965,0.3587366406319065,0.0005,0.8939368766996095,843.9026674000052
40,train,0.12786801007558712,0.12786801007558712,0.0,0.0,6.4404991788697374e-06,2.348000707742066e-06,0.12786801007558712,0.19399866344372058,0.35758636729549287,0.0005,0.8488965480113929,864.7604778999957
41,train,0.12755465300808352,0.12755465300808352,0.0,0.0,6.612147127219393e-06,2.2638377261518024e-06,0.12755465300808352,0.19183789162000398,0.3571479427465368,0.0005,0.744012048503138,886.2926670000015
42,train,0.12789040899597753,0.12789040899597753,0.0,0.0,7.711520856043174e-06,2.2614026184388457e-06,0.12789040899597753,0.192820360202272,0.35761768551901557,0.0005,0.791705604994072,907.7857159999985
43,train,0.12800001092197455,0.12800001092197455,0.0,0.0,8.542261905361402e-06,2.335094104894796e-06,0.12800001092197455,0.19161799769708007,0.3577708916638895,0.0005,0.8164123094306802,928.5623214000079
44,train,0.12794980223750244,0.12794980223750244,0.0,0.0,9.633296854790731e-06,2.252327341389077e-06,0.12794980223750244,0.19309338053055805,0.3577007160148026,0.0005,0.8372956646500893,950.833337899996
45,train,0.1272072039706438,0.1272072039706438,0.0,0.0,1.0618967357827987e-05,2.291522234355518e-06,0.1272072039706438,0.19207405926273113,0.3566611893248883,0.0005,0.7945043268912243,976.6709708999988
46,train,0.1266155951938379,0.1266155951938379,0.0,0.0,1.20029801350166e-05,2.3452086898547385e-06,0.1266155951938379,0.19137873546975967,0.35583085194209607,0.0005,0.7014049274741478,1001.4594745000068
47,train,0.128021762767073,0.128021762767073,0.0,0.0,1.3511112709513224e-05,2.3260609906465794e-06,0.128021762767073,0.19380214773821378,0.3578012894988963,0.0005,0.903350720146917,1026.4049904999993
48,train,0.12638803849384989,0.12638803849384989,0.0,0.0,1.5152908606566752e-05,2.3136715256287232e-06,0.12638803849384989,0.19167374718828858,0.35551095411231687,0.0005,0.7240479956820326,1050.4751140000008
49,train,0.12690827198154161,0.12690827198154161,0.0,0.0,1.6915860575160344e-05,2.3226240144586485e-06,0.12690827198154161,0.19103611965470438,0.3562418728638474,0.0005,inf,1075.3113632000022
50,train,0.1265216191917716,0.1265216191917716,0.0,0.0,1.9044407688955477e-05,2.377169080147106e-06,0.1265216191917716,0.19221458527312243,0.35569877592110377,0.0005,0.7904160807155213,1099.7217352000007
1,train,0.1370393444187769,0.1370393444187769,0.0,0.0,3.2651429729361005e-07,2.316887494604123e-06,0.1370393444187769,0.21200878266596565,0.3701882553766082,0.0005,1.3292707428336143,25.135465100000147
2,train,0.1283500462888662,0.1283500462888662,0.0,0.0,6.475557584825816e-07,2.3546310528200713e-06,0.1283500462888662,0.1937679649031949,0.35825974695584517,0.0005,0.6503421394330151,46.65398909999931
3,train,0.12891092106074212,0.12891092106074212,0.0,0.0,6.894575436353131e-07,2.24930384422994e-06,0.12891092106074212,0.1929820823658891,0.3590416703681372,0.0005,0.6965926153198728,68.36282979999669
4,train,0.12898807030578605,0.12898807030578605,0.0,0.0,5.325235399981946e-07,2.3809360141487283e-06,0.12898807030578605,0.1934348192891844,0.35914909202973916,0.0005,0.7763910639398502,89.4333784999908
5,train,0.12985591322166035,0.12985591322166035,0.0,0.0,3.362445909796973e-07,2.2666963194803068e-06,0.12985591322166035,0.19510939632770868,0.36035525973913624,0.0005,0.9451264508490292,110.27908979999484
6,train,0.13062269587615033,0.13062269587615033,0.0,0.0,2.025329544661838e-07,2.3855292948730564e-06,0.13062269587615033,0.19601583157859323,0.3614176197643805,0.0005,0.9480499740479127,132.8461566999904
7,train,0.12939817576521168,0.12939817576521168,0.0,0.0,2.1206543493154074e-07,2.3445654625971174e-06,0.12939817576521168,0.19415069639963917,0.3597195793464844,0.0005,0.8277333271953294,153.82633260000148
8,train,0.1294327694713193,0.1294327694713193,0.0,0.0,2.4561963237305945e-07,2.326681135186073e-06,0.1294327694713193,0.19356141792047976,0.35976766040226477,0.0005,0.8609514326419471,174.59772559998964
9,train,0.12912783304223613,0.12912783304223613,0.0,0.0,2.6553198362101816e-07,2.2670586072566054e-06,0.12912783304223613,0.19324574945494538,0.35934361416649124,0.0005,0.7881737305027134,195.4473641999939
10,train,0.12888310136356423,0.12888310136356423,0.0,0.0,2.960218167027909e-07,2.304941530520358e-06,0.12888310136356423,0.19267405611199317,0.3590029266782713,0.0005,0.7165042552745567,224.0471286999964
11,train,0.1286869949128815,0.1286869949128815,0.0,0.0,3.3407306271431666e-07,2.295810075012477e-06,0.1286869949128815,0.192801001010779,0.35872969616813366,0.0005,0.7512184188894506,249.7990787999879
12,train,0.12801830132143463,0.12801830132143463,0.0,0.0,3.862594455939579e-07,2.364847140820787e-06,0.12801830132143463,0.19370423119585473,0.3577964523600459,0.0005,0.6799610577664286,273.22067359999346
13,train,0.13053209300994228,0.13053209300994228,0.0,0.0,1.8902128560066043e-06,2.263419159100762e-06,0.13053209300994228,0.19418716863992638,0.3612922542899893,0.0005,0.9663780595896379,294.3131549999962
14,train,0.12969102664905016,0.12969102664905016,0.0,0.0,1.194059238604547e-06,2.3228429452776153e-06,0.12969102664905016,0.19347608306462757,0.3601264037099337,0.0005,0.8905044153051557,314.82868359998974
15,train,0.12864391780164608,0.12864391780164608,0.0,0.0,5.661259307381219e-07,2.3434589657658506e-06,0.12864391780164608,0.19439496756794875,0.35866964995890865,0.0005,0.8134243862246567,335.7525687000016
16,train,0.12828531567530901,0.12828531567530901,0.0,0.0,6.084774502957067e-07,2.3404849588467116e-06,0.12828531567530901,0.1920716736465692,0.3581693952242556,0.0005,0.6928380783998741,356.3883732999966
17,train,0.12857056348721874,0.12857056348721874,0.0,0.0,6.89875407651239e-07,2.341088174772559e-06,0.12857056348721874,0.19277810515519586,0.35856737649599235,0.0005,0.770119105588715,377.2366114999895
18,train,0.12856851147614337,0.12856851147614337,0.0,0.0,7.691634075485435e-07,2.368254657102505e-06,0.12856851147614337,0.1934146630173584,0.35856451508221415,0.0005,0.7274561386625722,398.1255489999894
19,train,0.12790880933876767,0.12790880933876767,0.0,0.0,8.46774473499846e-07,2.2775300251696706e-06,0.12790880933876767,0.1926860774990241,0.35764341087005597,0.0005,0.6669572129283311,419.0033834999922
20,train,0.12933072441684212,0.12933072441684212,0.0,0.0,9.259115691353179e-07,2.215704284935782e-06,0.12933072441684212,0.19350397690498045,0.359625811666574,0.0005,0.8851751342134656,440.4411573999969
21,train,0.12917331412161653,0.12917331412161653,0.0,0.0,1.0195324461902892e-06,2.2876176556238996e-06,0.12917331412161653,0.19374711864786046,0.3594068921454019,0.0005,0.8360875212358978,475.70200849999674
22,train,0.12824110404499323,0.12824110404499323,0.0,0.0,1.113305002937128e-06,2.3620159374400346e-06,0.12824110404499323,0.19346800521719004,0.3581076710222684,0.0005,0.7207471059178406,507.89863769999647
23,train,0.12850465369766376,0.12850465369766376,0.0,0.0,1.2066774302784668e-06,2.294620217843709e-06,0.12850465369766376,0.19212493808096592,0.3584754575946082,0.0005,0.7211680634404128,537.4502434999886
24,train,0.12787383367320668,0.12787383367320668,0.0,0.0,1.324401891434838e-06,2.3027361967766445e-06,0.12787383367320668,0.19361824056414778,0.3575945101273322,0.0005,0.71867685624451,568.4338786000008
25,train,0.1293701532702917,0.1293701532702917,0.0,0.0,1.4578724407981081e-06,2.3259605279476227e-06,0.1293701532702917,0.1945803918401306,0.3596806267653176,0.0005,0.983253871494869,599.6248041999934
26,train,0.12868820143936865,0.12868820143936865,0.0,0.0,1.5876080214664672e-06,2.305250190284772e-06,0.12868820143936865,0.19288695453894592,0.3587313778293846,0.0005,0.7370791249680069,631.1762033999985
27,train,0.12867752412665762,0.12867752412665762,0.0,0.0,2.646749030560077e-06,2.326471217802807e-06,0.12867752412665762,0.1937645087756638,0.35871649547610385,0.0005,0.8031360656023026,661.398277299988
28,train,0.12800372649149755,0.12800372649149755,0.0,0.0,1.9894797796436216e-06,2.306248886253463e-06,0.12800372649149755,0.19250699453547873,0.3577760842922533,0.0005,0.6620865031233374,688.5840578999923
29,train,0.12777608256870254,0.12777608256870254,0.0,0.0,1.9716858482838086e-06,2.4110215411743617e-06,0.12777608256870254,0.19310009920758736,0.35745780529833526,0.0005,0.7112000413098425,713.7839944000007
30,train,0.12898568465318944,0.12898568465318944,0.0,0.0,2.163230112942846e-06,2.316577187453079e-06,0.12898568465318944,0.1930039077645765,0.3591457707577655,0.0005,0.8492689531929088,742.8301587999886
31,train,0.12782797976910418,0.12782797976910418,0.0,0.0,2.3897541272815018e-06,2.2918261278528866e-06,0.12782797976910418,0.19256438125662928,0.3575303899937797,0.0005,0.7406436663191274,772.4324042999942
32,train,0.1290810523494416,0.1290810523494416,0.0,0.0,6.244217519331801e-06,2.409564380509694e-06,0.1290810523494416,0.19401901330236557,0.35927851640397535,0.0005,0.8417467730787566,814.216897899998
33,train,0.12966991614422405,0.12966991614422405,0.0,0.0,2.772985852679308e-06,2.361545735114322e-06,0.12966991614422405,0.1940427398273967,0.36009709266283174,0.0005,0.937438612276653,855.978962299996
34,train,0.12733341332026407,0.12733341332026407,0.0,0.0,2.8854999506088547e-06,2.3169772235495707e-06,0.12733341332026407,0.1917096585123185,0.35683807717263594,0.0005,0.6592725481627122,894.0375797000015
35,train,0.12856710296113782,0.12856710296113782,0.0,0.0,3.120825889503599e-06,2.2355206579478996e-06,0.12856710296113782,0.19271003508518608,0.3585625509742168,0.0005,0.8190802462258429,920.128633100001
36,train,0.12803642706575427,0.12803642706575427,0.0,0.0,3.3666843411889923e-06,2.281774366668476e-06,0.12803642706575427,0.1931813791886253,0.357821781150553,0.0005,0.7533383105161056,946.2579226999951
37,train,0.1281201000057819,0.1281201000057819,0.0,0.0,3.5855454636887615e-06,2.3292782123222287e-06,0.1281201000057819,0.1935226914139008,0.3579386819076445,0.0005,0.7174966622073695,971.6238349999912
38,train,0.12806597282263815,0.12806597282263815,0.0,0.0,3.825983764538662e-06,2.253490173265987e-06,0.12806597282263815,0.19280152702704076,0.35786306434534165,0.0005,0.7820296087917292,1013.0171583999909
39,train,0.12722957056970666,0.12722957056970666,0.0,0.0,4.119433311163173e-06,2.3772146664239975e-06,0.12722957056970666,0.19139697466678218,0.356692543473657,0.0005,0.6424206992927587,1058.064821699998
40,train,0.12705579880456977,0.12705579880456977,0.0,0.0,4.4276586931856696e-06,2.281577975873864e-06,0.12705579880456977,0.19263921045469792,0.35644887263753516,0.0005,0.5933820433774084,1089.6792281999951
41,train,0.1282082788599545,0.1282082788599545,0.0,0.0,4.795898644689895e-06,2.3065254520090847e-06,0.1282082788599545,0.1939013220668542,0.35806183664271524,0.0005,0.7766941546831491,1122.2673335
42,train,0.12775767670432547,0.12775767670432547,0.0,0.0,5.075108837668525e-06,2.360107208365868e-06,0.12775767670432547,0.19229255623166575,0.3574320588647939,0.0005,0.7456153825206576,1149.7897401999944
43,train,0.12784185331628628,0.12784185331628628,0.0,0.0,5.478003175702948e-06,2.255191852868247e-06,0.12784185331628628,0.19355223733264038,0.35754979138056603,0.0005,0.7429741337051932,1179.6315382999892
44,train,0.1273616887820129,0.1273616887820129,0.0,0.0,5.879633406193362e-06,2.30039983358987e-06,0.1273616887820129,0.19188109399785974,0.35687769443047695,0.0005,0.6918392307915777,1209.2479509999976
45,train,0.12881876219545588,0.12881876219545588,0.0,0.0,6.336608101024329e-06,2.3425233423967136e-06,0.12881876219545588,0.1922406321830766,0.3589133073535389,0.0005,0.8725051039232398,1235.0737746999948
46,train,0.127948563488119,0.127948563488119,0.0,0.0,6.950400853933182e-06,2.304974692756418e-06,0.127948563488119,0.19268023157492287,0.35769898446615556,0.0005,0.7905568308987707,1259.801898699996
47,train,0.127543927106198,0.127543927106198,0.0,0.0,7.408548307861531e-06,2.356286905901556e-06,0.127543927106198,0.19224032138140418,0.35713292638203775,0.0005,0.7530010359467201,1283.4984872999921
48,train,0.12742500287362038,0.12742500287362038,0.0,0.0,7.722944873129786e-06,2.3152524719543577e-06,0.12742500287362038,0.19293413709251667,0.35696638899708805,0.0005,0.7559779019288297,1308.6088289999898
49,train,0.12702717339292716,0.12702717339292716,0.0,0.0,8.285382256940895e-06,2.3642843287680593e-06,0.12702717339292716,0.19228166090324528,0.3564087167746142,0.0005,0.714324451842398,1334.9601418999955
50,train,0.12735913710634086,0.12735913710634086,0.0,0.0,8.875319276997305e-06,2.4379323267910294e-06,0.12735913710634086,0.19199835848906696,0.35687411941235087,0.0005,0.7435205294838492,1363.5157805999916
1,train,0.13617321789503006,0.13617321789503006,0.0,0.0,9.491509137994703e-06,2.387103919781506e-06,0.13617321789503006,0.20391618403483108,0.3690165550419521,0.0005,1.211369807427784,24.309177699993597
2,train,0.1287975216426481,0.1287975216426481,0.0,0.0,5.208170688212772e-06,2.225390015258388e-06,0.1287975216426481,0.1932966266653307,0.35888371604552927,0.0005,0.6847813267190501,45.39000759999908
3,train,0.12867799597521334,0.12867799597521334,0.0,0.0,6.27553137472308e-06,2.4065180880670767e-06,0.12867799597521334,0.1928460825691527,0.35871715316557323,0.0005,0.7164457395391645,66.2046912000078
4,train,0.12888099735038233,0.12888099735038233,0.0,0.0,3.795590905525078e-06,2.28987442944413e-06,0.12888099735038233,0.19306387904117686,0.3589999963097247,0.0005,0.7205388860882453,87.0262870000006
5,train,0.12892174318609625,0.12892174318609625,0.0,0.0,2.306625185396252e-06,2.338762774858003e-06,0.12892174318609625,0.19403697584035268,0.3590567409005104,0.0005,0.7191168727739802,108.3012374999962
6,train,0.12865503572658163,0.12865503572658163,0.0,0.0,1.764491320551864e-06,2.3615144261882207e-06,0.12865503572658163,0.19312490247330572,0.35868514846112826,0.0005,0.7421858324757162,129.56137619999936
7,train,0.12905012185142792,0.12905012185142792,0.0,0.0,1.3146243160900788e-06,2.313594920005411e-06,0.12905012185142792,0.19375116471201176,0.3592354685320311,0.0005,0.7433199713814933,150.32108029999654
8,train,0.1287526456879689,0.1287526456879689,0.0,0.0,9.687404811748426e-07,2.3535331468526735e-06,0.1287526456879689,0.193496932885346,0.3588211890175508,0.0005,0.7060033586227669,171.22160279999662
9,train,0.12872430135701607,0.12872430135701607,0.0,0.0,6.90762893760998e-07,2.2994437465899437e-06,0.12872430135701607,0.1927600328107628,0.35878169038708774,0.0005,0.7360303286673888,192.52983860000677
10,train,0.12880885989949128,0.12880885989949128,0.0,0.0,5.799584474550771e-07,2.2768391824323565e-06,0.12880885989949128,0.1941644963474488,0.35889951225864225,0.0005,0.7751172027497921,214.7212850000069
11,train,0.129172227962367,0.129172227962367,0.0,0.0,4.97240005145459e-07,2.288876793122568e-06,0.129172227962367,0.19328945972165976,0.3594053810982342,0.0005,0.8104922571834529,243.7052330000006
12,train,0.12887752569520258,0.12887752569520258,0.0,0.0,4.888714558872826e-07,2.4106823897420568e-06,0.12887752569520258,0.19333916441449578,0.3589951611027683,0.0005,0.7593179488519453,270.36273720000463
13,train,0.12926283825093055,0.12926283825093055,0.0,0.0,5.166930875775678e-07,2.2869646319929225e-06,0.12926283825093055,0.19319941643976946,0.3595314148317648,0.0005,0.7512261442980677,293.49695719999727
14,train,0.1283995284344304,0.1283995284344304,0.0,0.0,4.791844058320937e-07,2.3250117876914544e-06,0.1283995284344304,0.19273085053834438,0.35832879933718753,0.0005,0.7769561886506261,314.4105314000044
15,train,0.12881228811852194,0.12881228811852194,0.0,0.0,5.236906212998429e-07,2.2719744304097575e-06,0.12881228811852194,0.1937162116890387,0.3589042882420353,0.0005,0.7393246652945032,335.4455275999935
16,train,0.12900416396889408,0.12900416396889408,0.0,0.0,6.107943730332305e-07,2.4054196179555597e-06,0.12900416396889408,0.19342888374549316,0.3591714965986222,0.0005,0.8730399445542749,356.5142426999955
17,train,0.129072563009274,0.129072563009274,0.0,0.0,6.731393725358258e-07,2.3344474091161074e-06,0.129072563009274,0.1929298104806188,0.3592667017819408,0.0005,0.8074332962058625,377.79323300000397
18,train,0.12877854486825246,0.12877854486825246,0.0,0.0,6.592806574378798e-07,2.3537659710612233e-06,0.12877854486825246,0.19335822671968136,0.35885727645994925,0.0005,0.8056257676403478,399.10407109999505
19,train,0.12942666841651929,0.12942666841651929,0.0,0.0,7.396447842292785e-07,2.2848359832388047e-06,0.12942666841651929,0.19358006809609685,0.359759181142774,0.0005,0.856202687857286,419.81942569999956
20,train,0.12969007469888863,0.12969007469888863,0.0,0.0,2.1754650046170596e-06,2.284484898978608e-06,0.12969007469888863,0.19314230786425607,0.3601250820185795,0.0005,0.9062157776558174,440.55106250000244
21,train,0.12992047293900783,0.12992047293900783,0.0,0.0,1.2471287633624737e-06,2.3280570097617698e-06,0.12992047293900783,0.19528262234767368,0.3604448264838987,0.0005,0.9498058911764397,461.4655944999977
22,train,0.1288909104502104,0.1288909104502104,0.0,0.0,9.878820316411087e-07,2.29524294929502e-06,0.1288909104502104,0.19357860388304549,0.3590138025901099,0.0005,0.8293767059749028,482.56398540000373
23,train,0.12849369397351765,0.12849369397351765,0.0,0.0,1.0865687877498512e-06,2.338440592795004e-06,0.12849369397351765,0.1938199948730334,0.3584601706933668,0.0005,0.8299792965628067,513.4728761000006
24,train,0.12910838757390664,0.12910838757390664,0.0,0.0,1.2030525394004385e-06,2.3374635037605843e-06,0.12910838757390664,0.1926407670918501,0.3593165562201478,0.0005,0.8472609486220017,539.5958448000019
25,train,0.1292608196998151,0.1292608196998151,0.0,0.0,1.3860561608144397e-06,2.3381739735651656e-06,0.1292608196998151,0.19561641937613772,0.35952860762367034,0.0005,0.8613514121410981,563.1118764999992
26,train,0.12961788356994977,0.12961788356994977,0.0,0.0,1.625337835372742e-06,2.3182102645563953e-06,0.12961788356994977,0.1932751481597013,0.3600248374347939,0.0005,0.9510766756984422,589.363929500003
27,train,0.12790711941656036,0.12790711941656036,0.0,0.0,1.6549726884683345e-06,2.3660934681723823e-06,0.12790711941656036,0.19328377709179279,0.35764104828243687,0.0005,0.7806380534509443,612.8648239000031
28,train,0.12972734882245066,0.12972734882245066,0.0,0.0,1.8088225591061516e-06,2.2826602230881414e-06,0.12972734882245066,0.1942579246916861,0.36017682993558964,0.0005,0.9108688046909729,637.0741070000076
29,train,0.13003368456518494,0.13003368456518494,0.0,0.0,2.0038740047929644e-06,2.418141548332642e-06,0.13003368456518494,0.1947397393227186,0.36060183660816947,0.0005,0.9916347256808911,660.8279017000023
30,train,0.1295196023440474,0.1295196023440474,0.0,0.0,4.943680671272406e-06,2.332228804042866e-06,0.1295196023440474,0.19568480833802582,0.35988831926591813,0.0005,0.9535060001994079,684.8670286999986
31,train,0.12871519048011285,0.12871519048011285,0.0,0.0,2.553423908740921e-06,2.2984119012554005e-06,0.12871519048011285,0.19240875586269873,0.35876899319773004,0.0005,0.8393905292142112,709.4578841000039
32,train,0.12760501668306906,0.12760501668306906,0.0,0.0,2.57249791742789e-06,2.2836635180111735e-06,0.12760501668306906,0.19231495801183698,0.35721844392901814,0.0005,0.7164873127948563,733.6256193000008
33,train,0.12729580460425421,0.12729580460425421,0.0,0.0,2.9294769838774953e-06,2.3443054801045604e-06,0.12729580460425421,0.1919281251517669,0.3567853761076177,0.0005,0.7095775820736615,756.923621599999
34,train,0.12753415288538714,0.12753415288538714,0.0,0.0,3.316568336660292e-06,2.3037025499125208e-06,0.12753415288538714,0.19288446186110378,0.3571192418302144,0.0005,0.7133624668953553,780.3374787000066
35,train,0.12807003473260337,0.12807003473260337,0.0,0.0,3.7372656194902276e-06,2.303134675577963e-06,0.12807003473260337,0.19205875914051845,0.35786873952973786,0.0005,0.6938708742272179,803.1421001999988
36,train,0.12831535334525884,0.12831535334525884,0.0,0.0,4.245007296117794e-06,2.2699361133558306e-06,0.12831535334525884,0.19282540838532847,0.35821132498185876,0.0005,0.8351684706109874,835.0368860000017
37,train,0.12790760677678506,0.12790760677678506,0.0,0.0,4.700174773495506e-06,2.2872025485137884e-06,0.12790760677678506,0.19433073497219186,0.35764172963565793,0.0005,0.8112568679564404,859.8095186999999
38,train,0.12841948470054637,0.12841948470054637,0.0,0.0,5.167169976355683e-06,2.2880038734070213e-06,0.12841948470054637,0.19378235451174236,0.3583566445603407,0.0005,0.8559426668117631,885.7640100999997
39,train,0.12840164373311674,0.12840164373311674,0.0,0.0,6.386996231086877e-06,2.349903514375498e-06,0.12840164373311674,0.1938855106274616,0.3583317509419403,0.0005,0.8517364350692281,911.0649071999942
40,train,0.12713560641804747,0.12713560641804747,0.0,0.0,6.40519189097554e-06,2.3261675538241484e-06,0.12713560641804747,0.19144261509250352,0.3565608032552758,0.0005,0.6308077894291788,938.271324100002
41,train,0.1274666484654002,0.1274666484654002,0.0,0.0,7.208457697382777e-06,2.398373097540176e-06,0.1274666484654002,0.1921359051827271,0.35702471688301946,0.0005,0.7425486957127193,963.5204133000079
42,train,0.12748704284871873,0.12748704284871873,0.0,0.0,8.199407834324103e-06,2.2679726537219566e-06,0.12748704284871873,0.19260267358941008,0.3570532773252736,0.0005,0.7950746192122405,988.1356003999972
43,train,0.12902064181066378,0.12902064181066378,0.0,0.0,9.40116872715287e-06,2.2633056309956066e-06,0.12902064181066378,0.1924859824625529,0.3591944345485656,0.0005,inf,1011.8617212999961
44,train,0.12761311084729451,0.12761311084729451,0.0,0.0,1.1673644844707286e-05,2.3493579891572083e-06,0.12761311084729451,0.1924703082878072,0.357229773181484,0.0005,0.8394515519996859,1038.2593309999938
45,train,0.12687681516149757,0.12687681516149757,0.0,0.0,1.1959886783102465e-05,2.2852002144165177e-06,0.12687681516149757,0.19215118102729326,0.3561977191974951,0.0005,0.7760926493496265,1063.3538186000078
46,train,0.12801092525990515,0.12801092525990515,0.0,0.0,4.041513659343901e-05,2.3359403435965503e-06,0.12801092525990515,0.19311282030429758,0.35778614458906194,0.0005,0.9373388689643932,1086.3509008999972
47,train,0.12768584934817215,0.12768584934817215,0.0,0.0,2.1129239407941294e-05,2.308191129349376e-06,0.12768584934817215,0.19137082916842596,0.35733156780247133,0.0005,0.8864042258487558,1110.452371899999
48,train,0.12634469158825287,0.12634469158825287,0.0,0.0,1.6754900725401348e-05,2.3507605200787986e-06,0.12634469158825287,0.1915097880950373,0.35544998465079847,0.0005,0.7107670627674967,1137.590972200007
49,train,0.12782884724283067,0.12782884724283067,0.0,0.0,1.8656192947193357e-05,2.2360338961042765e-06,0.12782884724283067,0.1926884306840739,0.35753160313856264,0.0005,1.0325742555114459,1161.8072320000065
50,train,0.1277385999068326,0.1277385999068326,0.0,0.0,2.0479246625157276e-05,2.3389716347391754e-06,0.1277385999068326,0.1935051396313422,0.3574053719613523,0.0005,1.0106104899127528,1189.8107892999979
1,train,0.2466102790488051,0.2466102790488051,0.0,0.0,6.630131345865343e-05,2.2784201373381294e-06,0.2466102790488051,0.31239692856258944,0.49659871027702546,0.0005,inf,23.77602740000293
2,train,0.12878168952398172,0.12878168952398172,0.0,0.0,1.925480923228809e-05,2.29312234013086e-06,0.12878168952398172,0.1938642669627267,0.3588616579184543,0.0005,0.7189045987039242,44.46783439999854
3,train,0.12830782477943806,0.12830782477943806,0.0,0.0,1.3193790831757965e-05,2.2795085922827538e-06,0.12830782477943806,0.19329941493090025,0.3582008162741091,0.0005,0.6840585537676541,64.35970250000537
4,train,0.12840306602174337,0.12840306602174337,0.0,0.0,1.2841114818551227e-05,2.3617132001163554e-06,0.12840306602174337,0.19229969835119706,0.35833373553398984,0.0005,0.7264471501111984,85.40593950000766
5,train,0.12919898018704118,0.12919898018704118,0.0,0.0,1.3236677676893964e-05,2.289898181413075e-06,0.12919898018704118,0.1931374643894159,0.35944259651165605,0.0005,0.8314282829469105,106.09332440000435
6,train,0.12837983462028754,0.12837983462028754,0.0,0.0,1.351035178849311e-05,2.413231321574954e-06,0.12837983462028754,0.1929927935612932,0.358301318195018,0.0005,0.6219026660019497,126.43264660000568
7,train,0.12886229502632976,0.12886229502632976,0.0,0.0,1.3473010458599091e-05,2.3208396630750186e-06,0.12886229502632976,0.1932466078110321,0.3589739475593316,0.0005,0.7176680415868759,149.6761761000089
8,train,0.1283278101418752,0.1283278101418752,0.0,0.0,1.2920444979105048e-05,2.3885910294202917e-06,0.1283278101418752,0.19254336943849917,0.35822871205680207,0.0005,0.7247633284555292,174.4610418000084
9,train,0.12834587858395125,0.12834587858395125,0.0,0.0,1.2414347694638704e-05,2.3871346752886617e-06,0.12834587858395125,0.1929997574327127,0.3582539303119384,0.0005,0.7191578908911291,198.32846930000233
10,train,0.1281492472451646,0.1281492472451646,0.0,0.0,1.1824036709237228e-05,2.2842555540162997e-06,0.1281492472451646,0.19245705506676494,0.35797939500083603,0.0005,0.676671527747838,219.35763700000825
11,train,0.12840116222991435,0.12840116222991435,0.0,0.0,1.115407336191362e-05,2.2741537320126674e-06,0.12840116222991435,0.19320552414634604,0.35833107907340994,0.0005,0.7009249073716829,239.43297110000276
12,train,0.12818103315749918,0.12818103315749918,0.0,0.0,1.1654880373103913e-05,2.3166423514614407e-06,0.12818103315749918,0.19270888739001926,0.35802378853576083,0.0005,0.7038815966192281,259.9651065000071
13,train,0.1288270900355441,0.1288270900355441,0.0,0.0,1.204465697467314e-05,2.4031223201402682e-06,0.1288270900355441,0.19277239481584646,0.35892490863068294,0.0005,0.7571565312034679,280.1818420000054
14,train,0.12927240886804287,0.12927240886804287,0.0,0.0,1.277827607925744e-05,2.353279942669686e-06,0.12927240886804287,0.19294451393081616,0.35954472443361324,0.0005,0.7842578514004653,300.48650300000736
15,train,0.12858240696295983,0.12858240696295983,0.0,0.0,1.2906300929349732e-05,2.3269288330650525e-06,0.12858240696295983,0.19268851756944128,0.35858389110912364,0.0005,0.7696372804776678,320.69581109999854
16,train,0.12875513111577228,0.12875513111577228,0.0,0.0,1.2603243652298466e-05,2.2899531136060416e-06,0.12875513111577228,0.19261620536727728,0.35882465232446376,0.0005,0.7465623144833546,340.99928240000736
17,train,0.1287762016294917,0.1287762016294917,0.0,0.0,1.2183163305036152e-05,2.315949726200312e-06,0.1287762016294917,0.19364648460814693,0.35885401158338986,0.0005,0.7593045543949559,361.64231540000765
18,train,0.12946340686585073,0.12946340686585073,0.0,0.0,1.2357907181930781e-05,2.2549719739439546e-06,0.12946340686585073,0.1934589224217354,0.3598102372999561,0.0005,0.8610497490977341,381.9152852999978
19,train,0.12825422965128522,0.12825422965128522,0.0,0.0,1.2275557927974008e-05,2.3084307361575654e-06,0.12825422965128522,0.1916166068195313,0.35812599689394964,0.0005,0.7570629533169404,401.99959380000655
20,train,0.12832497998606415,0.12832497998606415,0.0,0.0,1.111800106885329e-05,2.250450798560193e-06,0.12832497998606415,0.19291545380750352,0.35822476182707436,0.0005,0.7145950043538831,422.5970176999981
21,train,0.1276574933821531,0.1276574933821531,0.0,0.0,1.051109002047561e-05,2.310401793504255e-06,0.1276574933821531,0.19256474391012546,0.35729188821207947,0.0005,0.620829498149314,442.7269054000062
22,train,0.1282983695512708,0.1282983695512708,0.0,0.0,8.964119619774448e-06,2.368867100967519e-06,0.1282983695512708,0.19270457970681337,0.35818761780842007,0.0005,0.7156355695904426,466.6769307000068
23,train,0.12824235152591013,0.12824235152591013,0.0,0.0,7.832628398318775e-06,2.2772494717945897e-06,0.12824235152591013,0.19319357312864288,0.35810941278596703,0.0005,0.7201940389174335,490.2807332000084
24,train,0.12879060047238247,0.12879060047238247,0.0,0.0,6.958234228837888e-06,2.264177493209059e-06,0.12879060047238247,0.19387978312717571,0.3588740732797265,0.0005,0.7964038685807642,514.5445153000037
25,train,0.12799658476814899,0.12799658476814899,0.0,0.0,6.2143743597739814e-06,2.243533638750894e-06,0.12799658476814899,0.1919912050267295,0.35776610343651755,0.0005,0.7462128606045021,540.0252053000004
26,train,0.12735320520191895,0.12735320520191895,0.0,0.0,5.810127440095387e-06,2.375442859203141e-06,0.12735320520191895,0.1920886566651598,0.3568658083957035,0.0005,0.5914806982256332,566.9496854000026
27,train,0.12782108147616528,0.12782108147616528,0.0,0.0,5.7088062725219885e-06,2.3233764497215917e-06,0.12782108147616528,0.19163477035450205,0.35752074272154516,0.0005,0.6544196247211043,591.933818999998
28,train,0.12946294100054834,0.12946294100054834,0.0,0.0,5.5932438422218495e-06,2.341858624036694e-06,0.12946294100054834,0.1931184352252562,0.3598095899229874,0.0005,0.8454571203240808,619.0725396000053
29,train,0.12887754106002078,0.12887754106002078,0.0,0.0,5.500294247333e-06,2.2911340860411897e-06,0.12887754106002078,0.19371026399070926,0.3589951825025244,0.0005,0.8271879871498864,644.6226448999951
30,train,0.1276443563665281,0.1276443563665281,0.0,0.0,5.4537437687752074e-06,2.371227885374057e-06,0.1276443563665281,0.19201977498969944,0.3572735035886766,0.0005,0.726555771985144,670.5280946999992
31,train,0.1285225505070384,0.1285225505070384,0.0,0.0,5.225699675614827e-06,2.3955857300880212e-06,0.1285225505070384,0.1932264117383451,0.3585004191169634,0.0005,0.7794525004782766,694.9042636000086
32,train,0.12828183492316417,0.12828183492316417,0.0,0.0,5.188127239685031e-06,2.3334016210561835e-06,0.12828183492316417,0.19220184150310055,0.35816453610479665,0.0005,0.7621846362104956,719.2435547000059
33,train,0.12813266026493675,0.12813266026493675,0.0,0.0,5.52796240608243e-06,2.2244945169078627e-06,0.12813266026493675,0.1924325345786956,0.3579562267441883,0.0005,0.7764473279129784,743.2458020000049
34,train,0.1280899786885541,0.1280899786885541,0.0,0.0,5.502887456971638e-06,2.280035144669352e-06,0.1280899786885541,0.19225855637517456,0.3578966033487243,0.0005,0.7404284533464683,768.1302534999995
35,train,0.1289947833590218,0.1289947833590218,0.0,0.0,5.066767750216762e-06,2.431879714626944e-06,0.1289947833590218,0.1929944455869636,0.35915843768317873,0.0005,0.864006664955391,793.0706901999947
36,train,0.12761478458346143,0.12761478458346143,0.0,0.0,4.170360119493331e-06,2.2924235114294547e-06,0.12761478458346143,0.19268942331578937,0.35723211583431497,0.0005,0.7765752687206808,817.3775599000073
37,train,0.12807885192902727,0.12807885192902727,0.0,0.0,4.212048610978219e-06,2.2665205381788425e-06,0.12807885192902727,0.1921694599232583,0.3578810583546261,0.0005,0.7502983338990301,843.6428010999953
38,train,0.12837597198923284,0.12837597198923284,0.0,0.0,4.514918227525997e-06,2.2842644044293643e-06,0.12837597198923284,0.19282068181607245,0.35829592795513715,0.0005,0.8031956750266956,868.7882903999998
39,train,0.1288833773679831,0.1288833773679831,0.0,0.0,4.648892623011324e-06,2.337966407139902e-06,0.1288833773679831,0.19255017041457148,0.35900331108220035,0.0005,0.8714517518034521,894.7505855000054
40,train,0.12853051781476438,0.12853051781476438,0.0,0.0,4.268410752699293e-06,2.35900176689166e-06,0.12853051781476438,0.19401828118617517,0.35851153093696214,0.0005,0.8678984023490042,919.7482934
41,train,0.12822142733084718,0.12822142733084718,0.0,0.0,4.263262249054914e-06,2.2960485213569073e-06,0.12822142733084718,0.19273661450957352,0.3580801967867634,0.0005,0.8055390164537249,945.7835298999998
42,train,0.12786819825054888,0.12786819825054888,0.0,0.0,4.567984420508816e-06,2.354888551362476e-06,0.12786819825054888,0.19233500619928515,0.35758663041359484,0.0005,0.7825810071432365,970.1382307000022
43,train,0.12729617072272614,0.12729617072272614,0.0,0.0,4.75753235716767e-06,2.330631491102669e-06,0.12729617072272614,0.19182444849525981,0.35678588918667475,0.0005,0.7640469987999718,994.1885383000044
44,train,0.1281915587048131,0.1281915587048131,0.0,0.0,4.854545891849173e-06,2.3072100998862603e-06,0.1281915587048131,0.19316078406354442,0.35803848774232794,0.0005,0.8171013498081351,1018.7534186999983
45,train,0.1282426582882181,0.1282426582882181,0.0,0.0,5.1861897928866485e-06,2.3142809492849167e-06,0.1282426582882181,0.19226474875478816,0.358109841093788,0.0005,0.8094862173750715,1042.665901100001
46,train,0.127332025982249,0.127332025982249,0.0,0.0,5.396072782666965e-06,2.326190256871138e-06,0.127332025982249,0.1917385186226862,0.3568361332351994,0.0005,0.735722431315566,1065.7605180999963
47,train,0.12784194482327332,0.12784194482327332,0.0,0.0,5.727941787933199e-06,2.2812562914589093e-06,0.12784194482327332,0.1920209581682564,0.3575499193445208,0.0005,0.779216467631313,1089.1715934999957
48,train,0.12803395985826665,0.12803395985826665,0.0,0.0,5.890419605799801e-06,2.2875107106301584e-06,0.12803395985826665,0.1937836459837855,0.3578183335971854,0.0005,0.8055089076734939,1112.6382259999955
49,train,0.12801025814790265,0.12801025814790265,0.0,0.0,6.014587602036937e-06,2.271488464224226e-06,0.12801025814790265,0.19180378943400564,0.3577852123102667,0.0005,0.8071181358031507,1136.781221600002
50,train,0.1278269628423073,0.1278269628423073,0.0,0.0,6.164163585468349e-06,2.3049684721558633e-06,0.1278269628423073,0.19332328927088174,0.3575289678366038,0.0005,0.840624879553633,1162.6507029000059
1,train,0.15300125142832324,0.15300125142832324,0.0,0.0,2.925928986566871e-05,2.2632450509263435e-06,0.15300125142832324,0.2396080399529551,0.3911537439784045,0.0005,1.782263863199162,23.621945500010042
2,train,0.12840487082216462,0.12840487082216462,0.0,0.0,5.055347431169928e-05,2.2306636666607516e-06,0.12840487082216462,0.19287087181055876,0.3583362538484832,0.0005,0.677457941028307,44.46913550001045
3,train,0.1287278147585106,0.1287278147585106,0.0,0.0,4.0061269691301824e-05,2.3587554461249417e-06,0.1287278147585106,0.19380226344537904,0.358786586647983,0.0005,0.7857156085237017,65.08338020001247
4,train,0.12888832296756036,0.12888832296756036,0.0,0.0,2.3144868361480304e-05,2.3171143513262096e-06,0.12888832296756036,0.1928761960446553,0.3590101989742915,0.0005,0.8093849192812758,85.50419820001116
5,train,0.12856709167884584,0.12856709167884584,0.0,0.0,1.4952692168354022e-05,2.290185695425673e-06,0.12856709167884584,0.19328788212974965,0.3585625352415473,0.0005,0.7726628330518615,106.13400869999896
6,train,0.12899719354296257,0.12899719354296257,0.0,0.0,9.105585866323827e-06,2.352195659817503e-06,0.12899719354296257,0.19264930643773875,0.3591617929888459,0.0005,0.789237232140775,126.68682410000474
7,train,0.1285360912784148,0.1285360912784148,0.0,0.0,6.596078620995681e-06,2.309992231308776e-06,0.1285360912784148,0.1928884721958553,0.358519303913213,0.0005,0.7066614408538027,147.48792700000922
8,train,0.12829312540424379,0.12829312540424379,0.0,0.0,5.408503314373654e-06,2.2652047417342955e-06,0.12829312540424379,0.19264785467453724,0.35818029734233536,0.0005,0.7242958824027259,167.99192110000877
9,train,0.128926381212467,0.128926381212467,0.0,0.0,4.037359097842369e-06,2.2814796925301364e-06,0.128926381212467,0.19318847546599946,0.35906319946837634,0.0005,0.8011871534136107,188.62918300001184
10,train,0.12905494858989086,0.12905494858989086,0.0,0.0,2.721702893517054e-06,2.375359972918303e-06,0.12905494858989086,0.19355118525794368,0.35924218653979223,0.0005,0.7824923632279882,209.3458432000043
11,train,0.1279688051520525,0.1279688051520525,0.0,0.0,1.7843968690904834e-06,2.294839554074229e-06,0.1279688051520525,0.1927733546614928,0.3577272776180934,0.0005,0.7296705580544922,231.15179990000615
12,train,0.12883359779707296,0.12883359779707296,0.0,0.0,1.494024342530295e-06,2.2563568598103166e-06,0.12883359779707296,0.19310887647124952,0.3589339741471584,0.0005,0.7833168821514778,257.05954380000185
13,train,0.12786578308569346,0.12786578308569346,0.0,0.0,1.2875763083152464e-06,2.2802395686188183e-06,0.12786578308569346,0.1919171669819164,0.35758325336303637,0.0005,0.657327136059977,284.37529840000207
14,train,0.12890056165486832,0.12890056165486832,0.0,0.0,1.2753057597296472e-06,2.2674154058891736e-06,0.12890056165486832,0.19330271571734037,0.3590272436109387,0.0005,0.7962762955224739,306.8129901000066
15,train,0.12904845602241485,0.12904845602241485,0.0,0.0,1.0169475410533916e-06,2.3377837574374113e-06,0.12904845602241485,0.19417438762227318,0.3592331499491867,0.0005,0.8300441461351683,327.9632549000089
16,train,0.12927249704044474,0.12927249704044474,0.0,0.0,1.00214771666013e-06,2.4264882922408397e-06,0.12927249704044474,0.19253747927481832,0.35954484705032935,0.0005,0.8206758066168371,348.9713546999992
17,train,0.1287627748452442,0.1287627748452442,0.0,0.0,1.117057587729299e-06,2.2578991569011947e-06,0.1287627748452442,0.19442907255142924,0.3588353032315023,0.0005,0.7991682462534815,369.4296652000048
18,train,0.12812990467939944,0.12812990467939944,0.0,0.0,1.1677565376061775e-06,2.2620332736482424e-06,0.12812990467939944,0.19229832697167715,0.35795237766971105,0.0005,0.6780774856232247,389.7305994000053
19,train,0.12796427770133378,0.12796427770133378,0.0,0.0,1.2840148943758081e-06,2.2786301877135456e-06,0.12796427770133378,0.19300013829268656,0.3577209494862354,0.0005,0.7211384843542891,410.1915588999982
20,train,0.12968101479612262,0.12968101479612262,0.0,0.0,1.4309654797782642e-06,2.4092182984703577e-06,0.12968101479612262,0.19470897867291614,0.3601125029711168,0.0005,0.8850273875133047,430.6090814000054
21,train,0.12911413690739176,0.12911413690739176,0.0,0.0,1.552583600367246e-06,2.2809160331887127e-06,0.12911413690739176,0.1941684525337,0.3593245565048286,0.0005,0.8318290827128122,450.7901954000117
22,train,0.1293015347273948,0.1293015347273948,0.0,0.0,1.7165604971661146e-06,2.298638352565934e-06,0.1293015347273948,0.19266291860631624,0.3595852259581792,0.0005,0.8648196332297236,471.0201037000079
23,train,0.12865859004441,0.12865859004441,0.0,0.0,1.945823534165442e-06,2.3176338422586616e-06,0.12865859004441,0.1929720034137509,0.3586901030756355,0.0005,0.8063746055342117,491.8233484000084
24,train,0.12838519193912432,0.12838519193912432,0.0,0.0,2.1417578310783425e-06,2.3039720113133023e-06,0.12838519193912432,0.19262139875230927,0.358308794113575,0.0005,0.7268662840690253,512.4178405999992
25,train,0.12769009109014287,0.12769009109014287,0.0,0.0,2.4129557125047968e-06,2.2598299047562903e-06,0.12769009109014287,0.19273734331166123,0.3573375030557846,0.0005,0.6915504776363103,532.8133515000081
26,train,0.12789954709354237,0.12789954709354237,0.0,0.0,2.7615003503188007e-06,2.2479090590285573e-06,0.12789954709354237,0.19205945984653705,0.35763046164098267,0.0005,0.7068450161308613,559.2069103000103
27,train,0.1278328891995254,0.1278328891995254,0.0,0.0,3.113523101795713e-06,2.374307496640266e-06,0.1278328891995254,0.19264047134421625,0.35753725568047506,0.0005,0.7423841621515885,583.7400078000064
28,train,0.12851365083789582,0.12851365083789582,0.0,0.0,3.49747270380283e-06,2.3265931308485036e-06,0.12851365083789582,0.1938565493965487,0.35848800654679625,0.0005,0.839321958006553,607.7886315000069
29,train,0.12963662898531222,0.12963662898531222,0.0,0.0,3.902598654400757e-06,2.3112851080578316e-06,0.12963662898531222,0.1929564830038767,0.36005086999660507,0.0005,0.9411874635601943,631.8264001000061
30,train,0.127529970045341,0.127529970045341,0.0,0.0,4.374925890072021e-06,2.3283450922085563e-06,0.127529970045341,0.19212573728401144,0.3571133854188904,0.0005,0.7571470034572313,655.7316142000054
31,train,0.12822884152151084,0.12822884152151084,0.0,0.0,4.901383727832032e-06,2.3287006252706667e-06,0.12822884152151084,0.19330245697132828,0.35809054933286194,0.0005,0.81241774559021,680.3125397000113
32,train,0.12735135978627854,0.12735135978627854,0.0,0.0,5.484322443562461e-06,2.274891042636124e-06,0.12735135978627854,0.19170321576332433,0.3568632227987055,0.0005,0.6629268705563726,705.0976827999984
33,train,0.12814419515226924,0.12814419515226924,0.0,0.0,6.501922298240352e-06,2.2624261753594083e-06,0.12814419515226924,0.19200109999872883,0.35797233852948646,0.0005,0.7937709497955611,729.6652418000012
34,train,0.12756168620010458,0.12756168620010458,0.0,0.0,7.337984509333937e-06,2.278726392518674e-06,0.12756168620010458,0.19251570866777085,0.357157788939433,0.0005,0.6932830082358055,753.4894086999993
35,train,0.1272833802824058,0.1272833802824058,0.0,0.0,8.084930259600404e-06,2.3327169560187307e-06,0.1272833802824058,0.19153015233470871,0.35676796420419504,0.0005,0.7360408044648621,778.360035900012
36,train,0.12921169751124975,0.12921169751124975,0.0,0.0,9.404899972067588e-06,2.280220342673035e-06,0.12921169751124975,0.1959648537765838,0.359460286417359,0.0005,1.0177931827756594,803.2291251999995
37,train,0.12756359245201715,0.12756359245201715,0.0,0.0,1.003448352214105e-05,2.3266761737208724e-06,0.12756359245201715,0.19147478828276945,0.3571604575705675,0.0005,0.7177657757727605,828.5730532000016
38,train,0.1284627023897626,0.1284627023897626,0.0,0.0,1.1127271574088877e-05,2.2443033415429625e-06,0.1284627023897626,0.19220265316829643,0.3584169393175532,0.0005,inf,852.9660409000062
39,train,0.1278617120131423,0.1278617120131423,0.0,0.0,1.2392679292253956e-05,2.3232459415219567e-06,0.1278617120131423,0.19266702317509726,0.3575775608356071,0.0005,0.8540100101030098,878.9907516000094
40,train,0.12763357042453866,0.12763357042453866,0.0,0.0,1.4016029075170286e-05,2.33002878355004e-06,0.12763357042453866,0.1924826078767062,0.3572584084728289,0.0005,0.8388432863185991,903.9215134000115
41,train,0.12754540097417053,0.12754540097417053,0.0,0.0,1.5733852671714112e-05,2.322165959464295e-06,0.12754540097417053,0.1916155768013646,0.35713498984861525,0.0005,0.8303131770412877,928.0370930000063
42,train,0.12712403088722946,0.12712403088722946,0.0,0.0,1.794479574974108e-05,2.23178061410095e-06,0.12712403088722946,0.19128012571764996,0.35654457068819523,0.0005,0.8024502582145188,952.6141617000103
43,train,0.1269902413906716,0.1269902413906716,0.0,0.0,1.9994647993611716e-05,2.3274238191213883e-06,0.1269902413906716,0.19102105251601278,0.3563569017020319,0.0005,0.7441590273717664,975.684156000003
44,train,0.12696648071705913,0.12696648071705913,0.0,0.0,2.2621172800701868e-05,2.4559055873396574e-06,0.12696648071705913,0.19235714684890692,0.35632356183258374,0.0005,0.843286615216507,999.8541478000116
45,train,0.12635363662399338,0.12635363662399338,0.0,0.0,2.5081221432422887e-05,2.2957701280317436e-06,0.12635363662399338,0.19052203173907303,0.355462567120637,0.0005,0.8584468567146445,1024.0378400000045
46,train,0.12651549598514017,0.12651549598514017,0.0,0.0,2.7193768612462764e-05,2.3136731494199715e-06,0.12651549598514017,0.1915185452403747,0.355690168524715,0.0005,0.8588852668708226,1048.1292441000114
47,train,0.12690351218801157,0.12690351218801157,0.0,0.0,3.075680464428173e-05,2.3032387655305528e-06,0.12690351218801157,0.19111494519308486,0.3562351922368305,0.0005,0.8652517328847129,1071.9853264999983
48,train,0.12714430633561694,0.12714430633561694,0.0,0.0,3.407558873526418e-05,2.318563197836481e-06,0.12714430633561694,0.19106566348236126,0.3565730028137533,0.0005,inf,1095.2886534999998
49,train,0.12589946964077206,0.12589946964077206,0.0,0.0,3.769622502281805e-05,2.3900151887264998e-06,0.12589946964077206,0.19038069675026356,0.3548231526278578,0.0005,0.8480131120051978,1121.2927515000047
50,train,0.12567753250156594,0.12567753250156594,0.0,0.0,4.179087924092288e-05,2.2956884000656295e-06,0.12567753250156594,0.1912062366985066,0.3545102713625741,0.0005,0.8842765885703968,1146.875529500001
1,train,0.191463464289851,0.191463464289851,0.0,0.0,9.66984613370146e-05,2.2661649257504493e-06,0.191463464289851,0.2543455167128793,0.4375653828742066,0.0005,2.614544046374987,23.94584169999871
2,train,0.12886535231834537,0.12886535231834537,0.0,0.0,3.0570715335790806e-05,2.3201538075433213e-06,0.12886535231834537,0.19391357994480235,0.3589782059099763,0.0005,0.7693024415452525,44.94040760000644
3,train,0.12799912920130527,0.12799912920130527,0.0,0.0,2.530015259459483e-05,2.273399029448074e-06,0.12799912920130527,0.19290079864726034,0.35776965941972394,0.0005,0.6243158278037917,65.72694390000834
4,train,0.12801550013946156,0.12801550013946156,0.0,0.0,2.3601174654926718e-05,2.3449767215150233e-06,0.12801550013946156,0.19272709778984481,0.3577925378476493,0.0005,0.6471093079110362,86.84548220000579
5,train,0.12868458918583542,0.12868458918583542,0.0,0.0,1.8406960647690488e-05,2.360178623005269e-06,0.12868458918583542,0.19475597376355308,0.3587263430330081,0.0005,0.8113466242574295,107.42893270000059
6,train,0.12849846140188842,0.12849846140188842,0.0,0.0,1.8554388005659864e-05,2.388929475136189e-06,0.12849846140188842,0.19262804062158437,0.35846682050349993,0.0005,0.7078664842641579,128.18905939999968
7,train,0.12816937766501893,0.12816937766501893,0.0,0.0,1.7062744552946105e-05,2.339430348259174e-06,0.12816937766501893,0.1922985608021746,0.35800751062654945,0.0005,0.6475158803305536,148.66486879999866
8,train,0.1284514653275008,0.1284514653275008,0.0,0.0,1.4991978100882096e-05,2.2758578247789353e-06,0.1284514653275008,0.19377028853544642,0.358401263010471,0.0005,0.7757877808696819,169.51650560001144
9,train,0.1285880664412101,0.1285880664412101,0.0,0.0,1.4640669452898504e-05,2.2633976658533286e-06,0.1285880664412101,0.1934778541642821,0.3585917824507557,0.0005,0.7648675627303574,190.04077450001205
10,train,0.12941094710217585,0.12941094710217585,0.0,0.0,1.2531792924833871e-05,2.2395276556500973e-06,0.12941094710217585,0.19455373064210676,0.3597373307041901,0.0005,0.8865042460976906,211.29203970001254
11,train,0.12884882879936307,0.12884882879936307,0.0,0.0,1.1137103391997956e-05,2.3367600203339364e-06,0.12884882879936307,0.1925758814913626,0.35895519051737235,0.0005,0.7839203364444229,232.4416121000104
12,train,0.12845114680979886,0.12845114680979886,0.0,0.0,1.1501840471849065e-05,2.31576830560269e-06,0.12845114680979886,0.19126785578873914,0.35840081865112816,0.0005,0.7101457228638092,253.20198900000833
13,train,0.13056127131668924,0.13056127131668924,0.0,0.0,1.0927456591985592e-05,2.3100084799464313e-06,0.13056127131668924,0.1950558462373491,0.3613326325101142,0.0005,0.9880299438845437,277.2037565000064
14,train,0.12966352723724756,0.12966352723724756,0.0,0.0,1.1144753495140116e-05,2.2114100434953557e-06,0.12966352723724756,0.1944088252964166,0.36008822146419556,0.0005,0.8566723896085091,301.17892970000685
15,train,0.1291542893002427,0.1291542893002427,0.0,0.0,1.0395081877710632e-05,2.358123868550635e-06,0.1291542893002427,0.19336039366481725,0.359380424202881,0.0005,0.8482960206720064,326.8681301000033
16,train,0.128787388573667,0.128787388573667,0.0,0.0,9.771951226866804e-06,2.2306118254627505e-06,0.128787388573667,0.1925160938047997,0.3588695982855987,0.0005,0.8019270683234593,348.408497299999
17,train,0.12854882890621053,0.12854882890621053,0.0,0.0,9.244849007820517e-06,2.318131520333513e-06,0.12854882890621053,0.19319408760353357,0.358537067687862,0.0005,0.7288171792367719,368.4624770000082
18,train,0.1291970105269563,0.1291970105269563,0.0,0.0,8.876449032439543e-06,2.2587071850277837e-06,0.1291970105269563,0.19418810009429197,0.35943985661993066,0.0005,0.8540289858883282,389.6563821000018
19,train,0.12870149719979138,0.12870149719979138,0.0,0.0,7.530819179662086e-06,2.26069645586389e-06,0.12870149719979138,0.19257792735929197,0.35874990898924475,0.0005,0.7310508742647351,410.2622839000105
20,train,0.12803819623637397,0.12803819623637397,0.0,0.0,6.46857184825799e-06,2.3236755276161175e-06,0.12803819623637397,0.19281111861280398,0.3578242532813755,0.0005,0.6777164914979125,431.43839580001077
21,train,0.12774354615331113,0.12774354615331113,0.0,0.0,6.241461523011753e-06,2.2288631610209912e-06,0.12774354615331113,0.19227571861361556,0.3574122915532021,0.0005,0.6303264099471974,451.85699820000445
22,train,0.12820073701275175,0.12820073701275175,0.0,0.0,5.878583905078418e-06,2.31869894421079e-06,0.12820073701275175,0.1930957335029851,0.35805130500076626,0.0005,0.7131223650473468,471.88857510000526
23,train,0.12905680047573836,0.12905680047573836,0.0,0.0,5.786903295542426e-06,2.2907239253810367e-06,0.12905680047573836,0.19364782054644994,0.35924476401993444,0.0005,0.8452093497199832,492.1373663000122
24,train,0.12867364803972142,0.12867364803972142,0.0,0.0,4.249428431374429e-06,2.3388783707765846e-06,0.12867364803972142,0.1933133271786402,0.35871109271908697,0.0005,0.8060973511551911,512.1642661000078
25,train,0.12838598116521202,0.12838598116521202,0.0,0.0,4.868562753918528e-06,2.319871117713705e-06,0.12838598116521202,0.19335019966622574,0.35830989543300645,0.0005,0.7601614453882541,532.4514015000022
26,train,0.12833108844859897,0.12833108844859897,0.0,0.0,4.988138226628576e-06,2.2658177164953913e-06,0.12833108844859897,0.19312770297785975,0.3582332877450098,0.0005,0.7243567086615652,553.3805001000001
27,train,0.12838330572116288,0.12838330572116288,0.0,0.0,4.344235729252621e-06,2.356122529749453e-06,0.12838330572116288,0.1924486472394388,0.358306161991617,0.0005,0.8162798780315327,575.1858971000038
28,train,0.12815505795254656,0.12815505795254656,0.0,0.0,3.5950045732430945e-06,2.277241136189847e-06,0.12815505795254656,0.19377292692309853,0.3579875108890624,0.0005,0.7547492587341452,599.9264230000117
29,train,0.12818044013101312,0.12818044013101312,0.0,0.0,2.9816606473894283e-06,2.320678206315107e-06,0.12818044013101312,0.1939586794847306,0.3580229603405529,0.0005,0.7508584620817652,626.09663
30,train,0.12838453901830052,0.12838453901830052,0.0,0.0,2.6359226759045412e-06,2.2954239022750834e-06,0.12838453901830052,0.19234144310554804,0.3583078829977098,0.0005,0.7251915518405303,650.4918695000088
31,train,0.12956186093492675,0.12956186093492675,0.0,0.0,2.619799887433369e-06,2.252658384590314e-06,0.12956186093492675,0.19439430556453338,0.3599470251786042,0.0005,0.8969950445418088,675.55089340001
32,train,0.12845424749374498,0.12845424749374498,0.0,0.0,2.474079912713452e-06,2.326385392820466e-06,0.12845424749374498,0.19246277115922777,0.3584051443460947,0.0005,0.8169776327767462,700.4262536000024
33,train,0.12799128362871065,0.12799128362871065,0.0,0.0,2.563869406054986e-06,2.213952988536478e-06,0.12799128362871065,0.1927464617837995,0.3577586946933794,0.0005,0.7378529164026368,725.8440224000078
34,train,0.12762415053571116,0.12762415053571116,0.0,0.0,2.6739258498121174e-06,2.330296026984969e-06,0.12762415053571116,0.19269408076333827,0.3572452246506749,0.0005,0.7178994798154201,751.434905800008
35,train,0.12748808928741748,0.12748808928741748,0.0,0.0,2.950828339412253e-06,2.44064333100879e-06,0.12748808928741748,0.19239202019108348,0.35705474270399695,0.0005,0.7073756894975338,777.1435907000123
36,train,0.1284643757087563,0.1284643757087563,0.0,0.0,3.2416167603102777e-06,2.323082065162933e-06,0.1284643757087563,0.1932849023561433,0.35841927362902276,0.0005,0.8534507256633831,801.4668892000045
37,train,0.12788860264743837,0.12788860264743837,0.0,0.0,3.5744553898902665e-06,2.267148364087504e-06,0.12788860264743837,0.19235373882857978,0.35761515997988447,0.0005,0.7548435901133519,826.0365585000109
38,train,0.12815619441949683,0.12815619441949683,0.0,0.0,3.7870605187633358e-06,2.387624125010504e-06,0.12815619441949683,0.19398029333085942,0.35798909818526153,0.0005,0.7786193169512838,851.3634538000042
39,train,0.12775278933058531,0.12775278933058531,0.0,0.0,4.109388924607972e-06,2.3140887627582657e-06,0.12775278933058531,0.19297885081361768,0.35742522201236065,0.0005,0.7491782732167334,877.2840740000102
40,train,0.1273368182448634,0.1273368182448634,0.0,0.0,4.347069761934108e-06,2.377927435705749e-06,0.1273368182448634,0.1909607998833482,0.3568428481066468,0.0005,0.6908910600644238,900.7067530000058
41,train,0.12709546495820143,0.12709546495820143,0.0,0.0,4.804147212506098e-06,2.2735255521732846e-06,0.12709546495820143,0.192081287821298,0.3565045090292708,0.0005,0.6416137108825287,926.6431167000119
42,train,0.1282106569107404,0.1282106569107404,0.0,0.0,5.2237921305998e-06,2.3263261684131167e-06,0.1282106569107404,0.19255001635624547,0.35806515735371464,0.0005,0.828189638988027,951.1837121999997
43,train,0.12692773221656437,0.12692773221656437,0.0,0.0,5.6944371314081235e-06,2.2841486862438067e-06,0.12692773221656437,0.1919552588167618,0.3562691850505238,0.0005,0.6322981701144632,975.215266500003
44,train,0.12750462547668368,0.12750462547668368,0.0,0.0,6.172924653549002e-06,2.278557940800691e-06,0.12750462547668368,0.19243926587075277,0.3570778983312796,0.0005,inf,998.0084248000057
45,train,0.1276332701507512,0.1276332701507512,0.0,0.0,6.746024858862171e-06,2.366215990407926e-06,0.1276332701507512,0.19204038296176018,0.3572579882252477,0.0005,0.7332056069149161,1019.2791547000088
46,train,0.12763065917148061,0.12763065917148061,0.0,0.0,7.353015033278905e-06,2.4578348379605507e-06,0.12763065917148061,0.1927806093462936,0.35725433401357165,0.0005,0.8018847965406921,1040.399951200001
47,train,0.12703826291426765,0.12703826291426765,0.0,0.0,7.870917550394123e-06,2.4205603966827696e-06,0.12703826291426765,0.19213851553405512,0.35642427374446267,0.0005,0.7274622200232632,1060.9378701000096
48,train,0.12718183504634994,0.12718183504634994,0.0,0.0,8.70066262579266e-06,2.357508048401044e-06,0.12718183504634994,0.19190297296868183,0.35662562309283097,0.0005,0.7303279702955822,1082.029085800008
49,train,0.1282615494308801,0.1282615494308801,0.0,0.0,9.429611028916145e-06,2.319796597064096e-06,0.1282615494308801,0.19286796235356413,0.35813621630725945,0.0005,0.9096534651405407,1102.7742434000102
50,train,0.12745309282590656,0.12745309282590656,0.0,0.0,1.027863087108686e-05,2.2382809293220525e-06,0.12745309282590656,0.19216457197864384,0.357005732203149,0.0005,0.8115167884894137,1123.7802632000094
1,train,0.15910456599280529,0.15910456599280529,0.0,0.0,1.3381091181377903e-05,2.3387753640665047e-06,0.15910456599280529,0.22246599536705414,0.3988791370738827,0.0005,1.9338597056438338,23.452499899998656
2,train,0.12848821432480176,0.12848821432480176,0.0,0.0,1.7056476607186203e-05,2.25944841462959e-06,0.12848821432480176,0.19326052949148814,0.35845252729587745,0.0005,0.7244424018657433,44.53649030000088
3,train,0.12879971287991387,0.12879971287991387,0.0,0.0,1.8758058721910203e-05,2.310925542330534e-06,0.12879971287991387,0.19266716639493714,0.3588867688838833,0.0005,0.7392728148766283,64.95154629999888
4,train,0.12814908462594687,0.12814908462594687,0.0,0.0,1.3675026169056644e-05,2.358208569534807e-06,0.12814908462594687,0.19258147249138866,0.3579791678658786,0.0005,0.6642102953398002,85.91989920000196
5,train,0.12899613972431495,0.12899613972431495,0.0,0.0,7.3531526930241425e-06,2.242859158338073e-06,0.12899613972431495,0.19474597229569585,0.3591603259330225,0.0005,0.8732116638489489,106.11880369999562
6,train,0.1293184783965083,0.1293184783965083,0.0,0.0,2.6152970242106194e-06,2.2705326818192227e-06,0.1293184783965083,0.19296509662537645,0.3596087852048505,0.0005,0.8345629575679887,126.80724160000682
7,train,0.12865322361941028,0.12865322361941028,0.0,0.0,1.1674583713513886e-06,2.3014834278859232e-06,0.12865322361941028,0.1929452956970429,0.35868262241069093,0.0005,0.7740298054128323,147.40171800000826
8,train,0.1283747518066106,0.1283747518066106,0.0,0.0,5.713293086595307e-07,2.2568454107626303e-06,0.1283747518066106,0.19343947030006434,0.35829422519294196,0.0005,0.7195067731839306,167.8664723999973
9,train,0.12822163909690715,0.12822163909690715,0.0,0.0,3.481258632308589e-07,2.3905915273678816e-06,0.12822163909690715,0.19237596831583192,0.3580804924830549,0.0005,0.7534513085518243,188.26717859999917
10,train,0.1285971785751655,0.1285971785751655,0.0,0.0,3.722966083679016e-07,2.337458932691694e-06,0.1285971785751655,0.19272601815678603,0.3586044876673541,0.0005,0.7083639581248445,209.15399649999745
11,train,0.12879185387463843,0.12879185387463843,0.0,0.0,4.2647998742602724e-07,2.273572661424795e-06,0.12879185387463843,0.1936382785351631,0.35887581957362136,0.0005,0.7988657734866412,229.4382079000061
12,train,0.12919415067024703,0.12919415067024703,0.0,0.0,4.940094708483642e-07,2.353162323983407e-06,0.12919415067024703,0.19500659317797367,0.3594358783847921,0.0005,0.8195241571597334,250.66178560000844
13,train,0.13047327222548294,0.13047327222548294,0.0,0.0,5.740835428335934e-07,2.315631340848686e-06,0.13047327222548294,0.19605134710634378,0.3612108417883978,0.0005,0.9683395056229718,271.9483253000071
14,train,0.12884815980695116,0.12884815980695116,0.0,0.0,5.990351427979751e-07,2.2920719123609366e-06,0.12884815980695116,0.193498859073053,0.358954258655544,0.0005,0.74861770559032,292.7787776000041
15,train,0.12839622237421144,0.12839622237421144,0.0,0.0,6.63296170927733e-07,2.3486999504351637e-06,0.12839622237421144,0.19351971681001337,0.3583241861418392,0.0005,0.7310532522651384,313.6264014000044
16,train,0.12850364484722104,0.12850364484722104,0.0,0.0,7.631367401150989e-07,2.305974392601336e-06,0.12850364484722104,0.19324047402742334,0.3584740504516625,0.0005,0.7449836283922195,334.7596753999969
17,train,0.12825760085053053,0.12825760085053053,0.0,0.0,8.575302586596424e-07,2.3732759516105773e-06,0.12825760085053053,0.19272463940048828,0.3581307035853398,0.0005,0.708773876698512,355.4921142999956
18,train,0.12890815099136785,0.12890815099136785,0.0,0.0,8.987805206331513e-07,2.3460484837998145e-06,0.12890815099136785,0.19307877163420314,0.3590378127598371,0.0005,0.7356118604821978,376.4796809999971
19,train,0.12869356930844006,0.12869356930844006,0.0,0.0,9.646619744517182e-07,2.342755340766914e-06,0.12869356930844006,0.19330662436396728,0.35873885949035417,0.0005,0.7354463201086476,396.8706211999961
20,train,0.1284831711770785,0.1284831711770785,0.0,0.0,1.07256486023958e-06,2.3577243730028813e-06,0.1284831711770785,0.19312278322770063,0.35844549261649045,0.0005,0.7372501254925188,417.03665910000564
21,train,0.1277257441401505,0.1277257441401505,0.0,0.0,1.1590872051509098e-06,2.248861055447361e-06,0.1277257441401505,0.19289586788113672,0.35738738665508396,0.0005,0.6355819994548582,437.91996559999825
22,train,0.12821576763873863,0.12821576763873863,0.0,0.0,1.225975949019589e-06,2.231670792615711e-06,0.12821576763873863,0.19249919662779233,0.35807229387197587,0.0005,0.7388765135744833,459.378154200007
23,train,0.12786736050293945,0.12786736050293945,0.0,0.0,1.3086660511310943e-06,2.256384116765919e-06,0.12786736050293945,0.19237558739787003,0.35758545902055283,0.0005,0.7215838302981179,479.798784300001
24,train,0.12773558301755053,0.12773558301755053,0.0,0.0,1.397541425076098e-06,2.322881658863411e-06,0.12773558301755053,0.1918086546121762,0.35740115139371126,0.0005,0.7211044773740588,501.7701049000025
25,train,0.12981287715492554,0.12981287715492554,0.0,0.0,1.5351375871964507e-06,2.313205379563579e-06,0.12981287715492554,0.19405878159164822,0.36029554140306197,0.0005,0.9718111264255812,522.082405100009
26,train,0.1299938484278995,0.1299938484278995,0.0,0.0,1.9411010773080116e-06,2.3698383297672096e-06,0.1299938484278995,0.19615446086621505,0.36054659674985073,0.0005,0.928666722662044,542.5668531999981
27,train,0.12774678970127532,0.12774678970127532,0.0,0.0,1.8361863352903078e-06,2.3360803425021004e-06,0.12774678970127532,0.19225296606046133,0.35741682906835165,0.0005,0.7232746015179832,563.7255057000002
28,train,0.12848648656764228,0.12848648656764228,0.0,0.0,1.89072379897588e-06,2.3626035224982124e-06,0.12848648656764228,0.1938612122686123,0.35845011726548826,0.0005,0.8288590036473185,584.0596527000016
29,train,0.1282442133791469,0.1282442133791469,0.0,0.0,1.9209490578502467e-06,2.226311550039786e-06,0.1282442133791469,0.1922036358875768,0.3581120123357312,0.0005,0.7450856576269528,604.529781899997
30,train,0.12880761603789656,0.12880761603789656,0.0,0.0,2.0591574386069725e-06,2.3087008067481946e-06,0.12880761603789656,0.19449290944755357,0.358897779371643,0.0005,0.8294847219620111,625.5137401999964
31,train,0.12871807970806465,0.12871807970806465,0.0,0.0,2.219645648867025e-06,2.424411877226068e-06,0.12871807970806465,0.19254965484669467,0.35877301976049514,0.0005,0.8526442714457242,645.9345124999963
32,train,0.12745309070915195,0.12745309070915195,0.0,0.0,2.38369619328639e-06,2.349883949514237e-06,0.12745309070915195,0.19209598756026258,0.3570057292385543,0.0005,0.656317949295044,666.888088000007
33,train,0.12833997512684878,0.12833997512684878,0.0,0.0,2.5689511454951365e-06,2.2998708701842985e-06,0.12833997512684878,0.1935134702186399,0.3582456910094646,0.0005,0.7890630977333717,688.3905970000051
34,train,0.12834730442844822,0.12834730442844822,0.0,0.0,2.7755752527363653e-06,2.2545340157794613e-06,0.12834730442844822,0.1923727311738679,0.3582559202978343,0.0005,0.7847141488543097,709.9666416999971
35,train,0.12852156585030797,0.12852156585030797,0.0,0.0,3.028364491636342e-06,2.208623508316655e-06,0.12852156585030797,0.19363397307834546,0.35849904581505926,0.0005,0.777647780359916,732.5073009000043
36,train,0.1279105281954541,0.1279105281954541,0.0,0.0,3.24426547486614e-06,2.353636664081006e-06,0.1279105281954541,0.19299712463123897,0.35764581389337424,0.0005,0.765511247909294,755.220384500004
37,train,0.1292215145923107,0.1292215145923107,0.0,0.0,3.609577338208493e-06,2.359660655047436e-06,0.1292215145923107,0.19418907559494372,0.3594739414649005,0.0005,0.9407357047751265,778.2200745000009
38,train,0.12920229105062767,0.12920229105062767,0.0,0.0,1.3436816434821011e-05,2.227054971867029e-06,0.12920229105062767,0.19402462443125984,0.35944720203477404,0.0005,0.9279191359034125,801.488004800005
39,train,0.12785160220626257,0.12785160220626257,0.0,0.0,4.1314218370249395e-06,2.2652460014762496e-06,0.12785160220626257,0.19263230550436763,0.35756342403308333,0.0005,0.7155692515508184,823.3172223000001
40,train,0.12719229466654142,0.12719229466654142,0.0,0.0,4.327267565456151e-06,2.341883575080022e-06,0.12719229466654142,0.19160542215027332,0.3566402874978392,0.0005,0.6745143827964675,844.6604889000009
41,train,0.12819587649889555,0.12819587649889555,0.0,0.0,4.713660430598055e-06,2.2302989378349936e-06,0.12819587649889555,0.19326947653174112,0.35804451748196836,0.0005,0.8260955132965772,865.3945069000038
42,train,0.12788602702696053,0.12788602702696053,0.0,0.0,5.02058928502248e-06,2.3292973674818675e-06,0.12788602702696053,0.19339157772724921,0.3576115588553599,0.0005,0.7731574011861153,885.5134817000071
43,train,0.12776620562229785,0.12776620562229785,0.0,0.0,5.458282481962463e-06,2.3586211412139335e-06,0.12776620562229785,0.19256962447269066,0.35744398948967915,0.0005,0.7560532039628839,906.1649042000063
44,train,0.12739339196950994,0.12739339196950994,0.0,0.0,5.880538469253499e-06,2.281432761316504e-06,0.12739339196950994,0.1919822386237529,0.35692210910716915,0.0005,0.7646510325512796,927.0543620999961
45,train,0.12879329317146124,0.12879329317146124,0.0,0.0,6.671060633242684e-06,2.2834403400235524e-06,0.12879329317146124,0.19401843063181862,0.35887782485333536,0.0005,0.8782933686139449,948.2090159000072
46,train,0.1278870967791728,0.1278870967791728,0.0,0.0,7.00887419884137e-06,2.3592407795252447e-06,0.1278870967791728,0.19187623883579977,0.3576130545424381,0.0005,0.8451176693416992,968.8375070000038
47,train,0.12760553826928855,0.12760553826928855,0.0,0.0,7.660551271431547e-06,2.337174902215407e-06,0.12760553826928855,0.1923897994295606,0.35721917399446595,0.0005,0.8123357948267235,989.8073364000011
48,train,0.12850915896558016,0.12850915896558016,0.0,0.0,8.217146481705263e-06,2.2600444725747296e-06,0.12850915896558016,0.1943749031016849,0.35848174146751205,0.0005,0.9046362739688946,1010.5486952000065
49,train,0.12680894198344483,0.12680894198344483,0.0,0.0,8.956547690275946e-06,2.2825863309336918e-06,0.12680894198344483,0.1923148135601912,0.35610243186960244,0.0005,0.7125745581568412,1031.7965926000034
50,train,0.1270284706007586,0.1270284706007586,0.0,0.0,9.939400441444892e-06,2.3779641136536397e-06,0.1270284706007586,0.19204369680077396,0.35641053660176575,0.0005,0.7334987993510265,1052.6650777000032
1,train,0.1538726865224165,0.1538726865224165,0.0,0.0,9.513049434551617e-05,2.3121601191821853e-06,0.1538726865224165,0.23859016012822115,0.39226609147671243,0.0005,1.8287014888142639,24.069445199987967
2,train,0.12864368694897835,0.12864368694897835,0.0,0.0,9.693690756494278e-06,2.3136916868096243e-06,0.12864368694897835,0.19243543487182763,0.35866932814080765,0.0005,0.749130091014898,45.078241800001706
3,train,0.1278454896121369,0.1278454896121369,0.0,0.0,4.333406568891731e-06,2.375564377562457e-06,0.1278454896121369,0.19247436100827917,0.35755487636464545,0.0005,0.6624323118407771,67.13803170000028
4,train,0.1290139442050686,0.1290139442050686,0.0,0.0,2.5876175675635614e-06,2.358802574681764e-06,0.1290139442050686,0.19363783614288238,0.3591851113354625,0.0005,0.7884640291614352,89.52839310000127
5,train,0.12838160029361528,0.12838160029361528,0.0,0.0,1.5669725508763254e-06,2.3193682400748038e-06,0.12838160029361528,0.19233031444567833,0.35830378213691144,0.0005,0.66638871099589,110.97195149998879
6,train,0.1288629324962868,0.1288629324962868,0.0,0.0,1.1998440115503228e-06,2.3058812358904794e-06,0.1288629324962868,0.19312036647197775,0.35897483546383413,0.0005,0.7969247396543341,132.03146469999047
7,train,0.1289010365895558,0.1289010365895558,0.0,0.0,1.201350590596327e-06,2.3360260538195363e-06,0.1289010365895558,0.1933251577974209,0.35902790502906007,0.0005,0.7978783542255186,153.2805781999923
8,train,0.12823607713658963,0.12823607713658963,0.0,0.0,1.2526814923560625e-06,2.2812602704982296e-06,0.12823607713658963,0.19219130676169432,0.35810065224261967,0.0005,0.6581954216619708,175.923879199996
9,train,0.12913516883243847,0.12913516883243847,0.0,0.0,1.3793102026575756e-06,2.3682559762988296e-06,0.12913516883243847,0.193107099530621,0.3593538212297714,0.0005,0.8477524746701403,201.8587150999956
10,train,0.12849085365419605,0.12849085365419605,0.0,0.0,1.3690337276407177e-06,2.345331233540629e-06,0.12849085365419605,0.19306465422312888,0.35845620883755946,0.0005,0.7336101773774849,227.74568049999652
11,train,0.1284678950995308,0.1284678950995308,0.0,0.0,1.3759068348729173e-06,2.3155330982606173e-06,0.1284678950995308,0.19250734537699307,0.3584241831957364,0.0005,0.7734305909219777,251.9656132999953
12,train,0.1287473781739157,0.1287473781739157,0.0,0.0,1.4625656608329319e-06,2.3405689433893025e-06,0.1287473781739157,0.19467599309875436,0.35881384891600226,0.0005,0.8267506678711694,273.98733099999663
13,train,0.12883150545377195,0.12883150545377195,0.0,0.0,1.4405778649302622e-06,2.2158965701340284e-06,0.12883150545377195,0.19191745848236777,0.3589310594721108,0.0005,0.793842817814845,296.27671379999083
14,train,0.12843078648076256,0.12843078648076256,0.0,0.0,1.300444088179952e-06,2.399625875011036e-06,0.12843078648076256,0.19250909150665943,0.35837241311345736,0.0005,0.7221846763255462,317.77738329999556
15,train,0.1288239515363596,0.1288239515363596,0.0,0.0,1.3263392921149751e-06,2.3010590864015405e-06,0.1288239515363596,0.19309023165161596,0.35892053652077305,0.0005,0.7798569106830741,339.51060729999153
16,train,0.12808815569731896,0.12808815569731896,0.0,0.0,1.2388528560068324e-06,2.2883300152040285e-06,0.12808815569731896,0.19283092477235877,0.3578940565269546,0.0005,0.6921681647874275,360.5349309000012
17,train,0.1280173161426473,0.1280173161426473,0.0,0.0,1.0834331653382353e-06,2.3559433700183774e-06,0.1280173161426473,0.19275945126658905,0.35779507562660406,0.0005,0.6568124018750101,381.5969689999911
18,train,0.1288503704318433,0.1288503704318433,0.0,0.0,1.032762948200815e-06,2.337778785247037e-06,0.1288503704318433,0.1922984114496634,0.35895733789942685,0.0005,0.764253372010195,403.0198614999972
19,train,0.12919993059170695,0.12919993059170695,0.0,0.0,1.0354902890026526e-06,2.3346608143257534e-06,0.12919993059170695,0.19412936678261689,0.35944391856269725,0.0005,0.8316416099386396,425.21569309999177
20,train,0.12992347964369266,0.12992347964369266,0.0,0.0,1.0130389264390342e-06,2.3257257324522074e-06,0.12992347964369266,0.1932454847379254,0.3604489972849039,0.0005,0.8991989029465981,446.9225148999976
21,train,0.12864534296523694,0.12864534296523694,0.0,0.0,1.046697020511893e-06,2.298356098178357e-06,0.12864534296523694,0.1931189639564112,0.3586716366890989,0.0005,0.7802867568888754,468.0454432999977
22,train,0.12814695149947578,0.12814695149947578,0.0,0.0,1.131414758477166e-06,2.336482551518717e-06,0.12814695149947578,0.1928964832042045,0.35797618845319273,0.0005,0.7258400093272047,489.22285429999465
23,train,0.1285929706001452,0.1285929706001452,0.0,0.0,1.2509812971177969e-06,2.3875387311801326e-06,0.1285929706001452,0.19200636808286012,0.3585986204660375,0.0005,0.7756546114413243,510.1918173999875
24,train,0.12875404195061874,0.12875404195061874,0.0,0.0,1.2901272232327e-06,2.3809481400297407e-06,0.12875404195061874,0.1936631050312294,0.3588231346368552,0.0005,0.8514397959664183,531.8695585999958
25,train,0.12945674781447042,0.12945674781447042,0.0,0.0,1.3896911644584385e-06,2.3242644425957927e-06,0.12945674781447042,0.19360957942938176,0.35980098362076557,0.0005,0.861481358420174,552.9567951999925
26,train,0.1281231027253011,0.1281231027253011,0.0,0.0,1.5102013038521587e-06,2.28772921244219e-06,0.1281231027253011,0.19274219979514487,0.3579428763438394,0.0005,0.7302505500474066,574.0925145999936
27,train,0.12849712751613313,0.12849712751613313,0.0,0.0,1.6327199142873518e-06,2.307887887942549e-06,0.12849712751613313,0.1938199384823301,0.35846495995582767,0.0005,0.7940139292546038,595.4579705999931
28,train,0.1285878535783202,0.1285878535783202,0.0,0.0,1.7978868613081087e-06,2.3445668053888234e-06,0.1285878535783202,0.1919650776856491,0.3585914856467178,0.0005,0.765636923599918,616.7058925999881
29,train,0.12856317685174598,0.12856317685174598,0.0,0.0,1.923785647413065e-06,2.2018905147493605e-06,0.12856317685174598,0.1933403181913748,0.35855707614234306,0.0005,0.8588653583571596,638.2350920999888
30,train,0.127799947297144,0.127799947297144,0.0,0.0,2.1250995883266748e-06,2.3747469456038572e-06,0.127799947297144,0.19325279515447474,0.3574911849222915,0.0005,0.6790708435593911,664.9785899999988
31,train,0.12935082741663242,0.12935082741663242,0.0,0.0,2.3636304685735596e-06,2.328584304330365e-06,0.12935082741663242,0.1937271520196689,0.3596537604650234,0.0005,0.8879519880942579,693.3023732000001
32,train,0.12806730799229796,0.12806730799229796,0.0,0.0,2.568605627599919e-06,2.266358272740859e-06,0.12806730799229796,0.19307566765730955,0.35786492981612206,0.0005,0.763999693798569,717.199346399997
33,train,0.1281126499630155,0.1281126499630155,0.0,0.0,2.825922584239413e-06,2.303594077654092e-06,0.1281126499630155,0.19290433963057857,0.35792827488620604,0.0005,0.7346251635056622,738.4025526999903
34,train,0.12748219986387996,0.12748219986387996,0.0,0.0,3.13254771033414e-06,2.3271772902863064e-06,0.12748219986387996,0.1927307660955022,0.3570464953810357,0.0005,0.7045822244770122,759.1175344999938
35,train,0.12747331278211657,0.12747331278211657,0.0,0.0,3.5154220107492534e-06,2.3008487056907846e-06,0.12747331278211657,0.19161530977888214,0.35703404989176674,0.0005,0.7427476630458292,779.6745515999937
36,train,0.12827085466453592,0.12827085466453592,0.0,0.0,3.9292885786672516e-06,2.301218726317083e-06,0.12827085466453592,0.1930957387588075,0.3581492072649832,0.0005,0.8243134884901766,801.0033760999941
37,train,0.1288750027380785,0.1288750027380785,0.0,0.0,4.40180185748586e-06,2.2829610985217237e-06,0.1288750027380785,0.19418714642876156,0.35899164717034643,0.0005,0.9276058859420273,822.3098521999927
38,train,0.12877188495640096,0.12877188495640096,0.0,0.0,5.240403536519361e-06,2.38018160759892e-06,0.12877188495640096,0.19306402923715008,0.358847997007648,0.0005,inf,842.7964196999965
39,train,0.12788563054821006,0.12788563054821006,0.0,0.0,5.205913258011931e-06,2.294037107327862e-06,0.12788563054821006,0.19224822658975171,0.3576110045121795,0.0005,0.7567840260717104,863.2555236999906
40,train,0.12799893786515962,0.12799893786515962,0.0,0.0,5.8205646640107145e-06,2.3207995959723428e-06,0.12799893786515962,0.1932101522080319,0.3577693920183218,0.0005,0.8407552770848544,883.8300615999906
41,train,0.12744190875486966,0.12744190875486966,0.0,0.0,6.411177301348323e-06,2.334837773251254e-06,0.12744190875486966,0.19189696951751725,0.3569900681459775,0.0005,0.8496258823939089,904.7496723999939
42,train,0.12690325501561056,0.12690325501561056,0.0,0.0,7.1727484128303945e-06,2.3417772156807466e-06,0.12690325501561056,0.1920196121154388,0.35623483127792344,0.0005,0.7394249068116242,924.8584716999903
43,train,0.12795794739397262,0.12795794739397262,0.0,0.0,8.101810309662537e-06,2.3969555192003476e-06,0.12795794739397262,0.1924546524530874,0.35771210126856573,0.0005,0.828409713956545,945.7377861999994
44,train,0.13002256223855577,0.13002256223855577,0.0,0.0,2.230484383375678e-05,2.3090061459989335e-06,0.13002256223855577,0.19412500023103832,0.36058641438434114,0.0005,1.0598805844783783,971.4883042000001
45,train,0.12846679209164819,0.12846679209164819,0.0,0.0,1.0769983230104873e-05,2.335764960199018e-06,0.12846679209164819,0.19536420108645025,0.35842264450177835,0.0005,0.9866817531720647,996.6723337000003
46,train,0.12666681271523036,0.12666681271523036,0.0,0.0,1.10706874555996e-05,2.302958922161949e-06,0.12666681271523036,0.19000663694240297,0.3559028135815034,0.0005,0.7189529338535273,1023.3080597999942
47,train,0.12735370025026363,0.12735370025026363,0.0,0.0,1.2431340642165796e-05,2.263338184041819e-06,0.12735370025026363,0.1927265278626023,0.35686650200076725,0.0005,0.838943933822074,1050.8980292999913
48,train,0.12690920666072136,0.12690920666072136,0.0,0.0,1.3887615150108687e-05,2.269945414226177e-06,0.12690920666072136,0.1914579912598403,0.3562431847217872,0.0005,0.8558217039648092,1077.7526096999936
49,train,0.12707288248194293,0.12707288248194293,0.0,0.0,1.5533373698417563e-05,2.190308891240077e-06,0.12707288248194293,0.19180132072278355,0.35647283554563164,0.0005,0.8758765608072281,1107.0602338999888
50,train,0.12592041834329207,0.12592041834329207,0.0,0.0,1.7436430099687125e-05,2.331505888747106e-06,0.12592041834329207,0.1900892709698177,0.35485267132049614,0.0005,0.713068350868405,1130.930139899996
1,train,0.14807839038851012,0.14807839038851012,0.0,0.0,1.2596473716541823e-05,2.33077966151781e-06,0.14807839038851012,0.22579009533631353,0.384809550802095,0.0005,1.6517862666327998,23.973121900009573
2,train,0.12837040451829448,0.12837040451829448,0.0,0.0,1.5425957260375516e-05,2.3414245891406196e-06,0.12837040451829448,0.1927902774692003,0.3582881584957763,0.0005,0.6612798776829018,44.529770900000585
3,train,0.12804429786964017,0.12804429786964017,0.0,0.0,7.255956598731606e-06,2.3487385953798502e-06,0.12804429786964017,0.19198481127408876,0.35783277919950285,0.0005,0.6228991264723381,65.30763840000145
4,train,0.129144072360447,0.129144072360447,0.0,0.0,2.7356184820643457e-06,2.3118446811082015e-06,0.129144072360447,0.1937445675497348,0.3593662092635408,0.0005,0.7656892082601223,85.7101907000033
5,train,0.12844073887374072,0.12844073887374072,0.0,0.0,1.2307914049278275e-06,2.3962421214234367e-06,0.12844073887374072,0.19233781010228784,0.3583862983900762,0.0005,0.6936574614835236,106.40561340001295
6,train,0.12859055203016911,0.12859055203016911,0.0,0.0,7.021929400038198e-07,2.2014997452026605e-06,0.12859055203016911,0.19419221366878664,0.35859524819797756,0.0005,0.6831258332954263,127.03632080000534
7,train,0.12956286100069397,0.12956286100069397,0.0,0.0,4.049307224121085e-07,2.2728915828853168e-06,0.12956286100069397,0.1924324122503541,0.35994841436057745,0.0005,0.8558937388489831,147.85588030000508
8,train,0.12883735978980013,0.12883735978980013,0.0,0.0,5.568493185888176e-07,2.3569783706989256e-06,0.12883735978980013,0.19471894692242986,0.35893921461690437,0.0005,0.7603160834537362,168.42645490000723
9,train,0.1286386039851833,0.1286386039851833,0.0,0.0,5.874331988389661e-07,2.2503126604722226e-06,0.1286386039851833,0.1933699646999813,0.3586622422073214,0.0005,0.7522005570946999,193.58658450000803
10,train,0.12866619745714758,0.12866619745714758,0.0,0.0,5.128713774342512e-07,2.2846643375641917e-06,0.12866619745714758,0.19297754509936807,0.3587007073552373,0.0005,0.7170387436196489,219.78225990000647
11,train,0.12839885310671853,0.12839885310671853,0.0,0.0,5.124922741948845e-07,2.3502079183911193e-06,0.12839885310671853,0.19262835104721338,0.35832785700628766,0.0005,0.7074416648104506,243.97600010001042
12,train,0.12864917164063305,0.12864917164063305,0.0,0.0,5.45332676759948e-07,2.3330199614717442e-06,0.12864917164063305,0.19270143127771763,0.3586769739481935,0.0005,0.7440019682893213,264.94601280000643
13,train,0.1288650885161193,0.1288650885161193,0.0,0.0,5.762190648150657e-07,2.383454074642598e-06,0.1288650885161193,0.19228410050975825,0.358977838474911,0.0005,0.7722042219115878,285.89245740001206
14,train,0.1287305301434486,0.1287305301434486,0.0,0.0,6.342268744567333e-07,2.3490906084400606e-06,0.1287305301434486,0.19411953466083365,0.3587903707507332,0.0005,0.8010777552735131,306.9395465000125
15,train,0.12823710261098936,0.12823710261098936,0.0,0.0,7.042559061874444e-07,2.3092276680197857e-06,0.12823710261098936,0.19274891756369544,0.3581020840640129,0.0005,0.7148031086291907,327.58944260000135
16,train,0.12862719921397925,0.12862719921397925,0.0,0.0,7.91332539319966e-07,2.260915466049139e-06,0.12862719921397925,0.1925291486119605,0.3586463428141701,0.0005,0.769223911863453,348.430257
17,train,0.12820088134921773,0.12820088134921773,0.0,0.0,8.603765823898117e-07,2.368473418463732e-06,0.12820088134921773,0.19292474748601893,0.3580515065590672,0.0005,0.7247359530543381,368.73277190000226
18,train,0.12956244309512707,0.12956244309512707,0.0,0.0,9.402862476561941e-07,2.2385957238856342e-06,0.12956244309512707,0.19429944880341865,0.35994783385252793,0.0005,0.8916505811349401,389.5425813000038
19,train,0.1288249441250919,0.1288249441250919,0.0,0.0,1.0373030846185773e-06,2.2653160304232514e-06,0.1288249441250919,0.194456887152046,0.35892191925973527,0.0005,0.7660406189707091,410.49710620001133
20,train,0.12928879919261752,0.12928879919261752,0.0,0.0,1.129241690345019e-06,2.274892878785805e-06,0.12928879919261752,0.19422158626136626,0.35956751687634064,0.0005,0.8453829077617178,431.20043150000856
21,train,0.12939921792080122,0.12939921792080122,0.0,0.0,1.3371744253249144e-06,2.335300928065545e-06,0.12939921792080122,0.19282074356627352,0.3597210279102422,0.0005,0.8854043582138026,452.3427163000015
22,train,0.13027834699085292,0.13027834699085292,0.0,0.0,4.116080645563104e-06,2.318551170627064e-06,0.13027834699085292,0.1942906582429302,0.3609409189754646,0.0005,0.9129892604530983,473.3511565000081
23,train,0.12805328677332342,0.12805328677332342,0.0,0.0,1.4963731565708344e-06,2.2490730363539833e-06,0.12805328677332342,0.19299600625164662,0.3578453391806625,0.0005,0.7586628672368122,498.12281780000194
24,train,0.1288904289929427,0.1288904289929427,0.0,0.0,1.602508021124039e-06,2.346793224823382e-06,0.1288904289929427,0.1934920333150142,0.3590131320619661,0.0005,0.7830728584865354,524.7242473000078
25,train,0.12804923265015666,0.12804923265015666,0.0,0.0,1.7371422185499127e-06,2.3197963589652473e-06,0.12804923265015666,0.19358516151507232,0.3578396745054364,0.0005,0.702562153058232,550.3127400000085
26,train,0.12909312846758494,0.12909312846758494,0.0,0.0,1.9071765945965417e-06,2.377347098719735e-06,0.12909312846758494,0.19285371926314424,0.35929532207862785,0.0005,0.7957814018119056,575.4559996000025
27,train,0.12903655656356142,0.12903655656356142,0.0,0.0,2.04945533952477e-06,2.297256975976299e-06,0.12903655656356142,0.19531822251683137,0.3592165872611695,0.0005,0.8083432761003386,600.608516200009
28,train,0.1282068902113747,0.1282068902113747,0.0,0.0,2.215854443798066e-06,2.3316893621429116e-06,0.1282068902113747,0.1929949837367771,0.3580598975190809,0.0005,0.7875349906817922,624.8834339000023
29,train,0.12948190793740993,0.12948190793740993,0.0,0.0,2.440390952664152e-06,2.3092901764752206e-06,0.12948190793740993,0.19408539693170004,0.3598359458661821,0.0005,0.877209280178232,649.8092469000112
30,train,0.1283605059919212,0.1283605059919212,0.0,0.0,2.5707764691860746e-06,2.2879368968443607e-06,0.1283605059919212,0.1918061001472316,0.35827434459073565,0.0005,0.7914747921925671,674.7493339000066
31,train,0.12814102744695155,0.12814102744695155,0.0,0.0,2.7733567227393373e-06,2.3141379955941033e-06,0.12814102744695155,0.1936479686337681,0.3579679139908374,0.0005,0.7734115985485742,700.8222213000117
32,train,0.1290222706075786,0.1290222706075786,0.0,0.0,2.988107330308577e-06,2.2824562066952636e-06,0.1290222706075786,0.19396191441260693,0.3591967018328239,0.0005,0.8843845770044146,724.8971677000081
33,train,0.12763161127645528,0.12763161127645528,0.0,0.0,3.2099269639969998e-06,2.2850716603434706e-06,0.12763161127645528,0.1914491678412372,0.35725566654212115,0.0005,0.7119878724498568,749.7315044999996
34,train,0.12776366408289966,0.12776366408289966,0.0,0.0,3.473337524413199e-06,2.3655653413303333e-06,0.12776366408289966,0.19312091480132262,0.35744043431444583,0.0005,0.7297336785298474,776.238595200004
35,train,0.12849514373783505,0.12849514373783505,0.0,0.0,3.7878701878414503e-06,2.2868263823631493e-06,0.12849514373783505,0.19237840685923147,0.35846219289882586,0.0005,0.8101602258547297,801.446179999999
36,train,0.12854602277909852,0.12854602277909852,0.0,0.0,4.244131654353245e-06,2.2658207313416256e-06,0.12854602277909852,0.19343100449878647,0.35853315436525324,0.0005,0.8223541258078702,828.0683209000126
37,train,0.12907586367887328,0.12907586367887328,0.0,0.0,4.485336045756824e-06,2.396521132518587e-06,0.12907586367887328,0.19344294194553818,0.3592712953728328,0.0005,0.8557337022052621,852.5021695000032
38,train,0.127707521639364,0.127707521639364,0.0,0.0,4.823050103196984e-06,2.3521575404063114e-06,0.127707521639364,0.19370711096123144,0.3573618916999461,0.0005,0.7241018927603398,877.2578221000003
39,train,0.1284963867609238,0.1284963867609238,0.0,0.0,5.3108275345571115e-06,2.348741321718921e-06,0.1284963867609238,0.19234284355111841,0.35846392672195593,0.0005,0.7905787018672475,901.3392783000018
40,train,0.1281417036458014,0.1281417036458014,0.0,0.0,5.784380129866032e-06,2.2914432541788216e-06,0.1281417036458014,0.19315232899004844,0.35796885848604404,0.0005,0.8017752167751204,925.9330095000041
41,train,0.12742831512622843,0.12742831512622843,0.0,0.0,6.330116286575641e-06,2.2376224594480383e-06,0.12742831512622843,0.1919285743374307,0.356971028412991,0.0005,0.7280972674489021,949.8911472000036
42,train,0.12753955678243342,0.12753955678243342,0.0,0.0,7.088100445335445e-06,2.3011534336066412e-06,0.12753955678243342,0.19189497122611363,0.3571268077062172,0.0005,0.7643278303011408,974.4710136000067
43,train,0.12738528204914334,0.12738528204914334,0.0,0.0,7.832038325020375e-06,2.2521609746447965e-06,0.12738528204914334,0.19286509755260817,0.3569107480157236,0.0005,0.712294119146635,999.7571219000092
44,train,0.12776931700596525,0.12776931700596525,0.0,0.0,8.863538231759415e-06,2.28545319122583e-06,0.12776931700596525,0.19180587032317833,0.35744834173061324,0.0005,0.7852053968411572,1024.3765862
45,train,0.12779979604879285,0.12779979604879285,0.0,0.0,9.943930377150261e-06,2.250817809702844e-06,0.12779979604879285,0.193130031960823,0.35749097338085734,0.0005,0.8060609490241645,1049.5941938000033
46,train,0.12789994755986075,0.12789994755986075,0.0,0.0,1.1008303395015591e-05,2.321293822686404e-06,0.12789994755986075,0.19315479089910123,0.3576310215289786,0.0005,0.8889328814902395,1076.6413355000113
47,train,0.12719287679248978,0.12719287679248978,0.0,0.0,1.1666534672532987e-05,2.35149641926944e-06,0.12719287679248978,0.19192653107544733,0.35664110362167983,0.0005,0.776967502146397,1100.8597450000088
48,train,0.1275424030202524,0.1275424030202524,0.0,0.0,1.282659815911276e-05,2.241850816148453e-06,0.1275424030202524,0.1923053241317284,0.35713079259600733,0.0005,0.8619984118443615,1125.5657587000023
49,train,0.12746037288173812,0.12746037288173812,0.0,0.0,1.5065521283930756e-05,2.3496243702881983e-06,0.12746037288173812,0.1924857035437423,0.35701592805046967,0.0005,0.843060666238362,1150.3413040000014
50,train,0.12783276838937416,0.12783276838937416,0.0,0.0,1.6665668638625164e-05,2.2869891175637264e-06,0.12783276838937416,0.19128649265347225,0.357537086732795,0.0005,inf,1174.1140509000106
1,train,0.163216948044818,0.163216948044818,0.0,0.0,1.878004802349315e-05,2.323637255907464e-06,0.163216948044818,0.2356610628126083,0.40400117332109076,0.0005,1.9765124236637692,24.45309179999458
2,train,0.12837070340722004,0.12837070340722004,0.0,0.0,3.298285837616894e-05,2.339715393336862e-06,0.12837070340722004,0.19341905451608152,0.35828857560243255,0.0005,0.6740953753579337,45.269347800000105
3,train,0.12894464606796185,0.12894464606796185,0.0,0.0,2.8559974658869663e-05,2.2593962473863186e-06,0.12894464606796185,0.1943187510542009,0.3590886326075525,0.0005,0.7317222660442568,65.83468559999892
4,train,0.12951139529235106,0.12951139529235106,0.0,0.0,2.039692547973487e-05,2.2584452805841586e-06,0.12951139529235106,0.1943527076990817,0.3598769168651291,0.0005,0.8701071567692846,86.71407309999631
5,train,0.12897422620439064,0.12897422620439064,0.0,0.0,1.3262065912608963e-05,2.3320700049809155e-06,0.12897422620439064,0.1937723460800524,0.35912981803853417,0.0005,0.7543207988986429,107.43903969999519
6,train,0.12963650597364837,0.12963650597364837,0.0,0.0,1.0480586306070074e-05,2.2908082659993836e-06,0.12963650597364837,0.1953755006211687,0.36005069917117,0.0005,0.9134671713383693,128.54925929999445
7,train,0.12853191990147503,0.12853191990147503,0.0,0.0,6.430093255300373e-06,2.3777952093333403e-06,0.12853191990147503,0.19304183091230262,0.35851348635926517,0.0005,0.7479391519753438,148.9014513000002
8,train,0.12930416488250662,0.12930416488250662,0.0,0.0,5.179451724167316e-06,2.378072624522693e-06,0.12930416488250662,0.1941111695741847,0.35958888314644355,0.0005,0.8083226897244183,169.86787370000093
9,train,0.12856573147678918,0.12856573147678918,0.0,0.0,4.037360848190663e-06,2.4344869485022806e-06,0.12856573147678918,0.19374607546817302,0.3585606384933923,0.0005,0.7758251903754361,194.30122219999612
10,train,0.12809988924233248,0.12809988924233248,0.0,0.0,3.530697669256764e-06,2.3515449485339046e-06,0.12809988924233248,0.19322520482863464,0.357910448635315,0.0005,0.6564744992076226,218.98501989999204
11,train,0.12860460947624647,0.12860460947624647,0.0,0.0,3.10616226086941e-06,2.321116567746119e-06,0.12860460947624647,0.19314764974076506,0.3586148483767041,0.0005,0.7171513949925045,242.31111690000398
12,train,0.1288143279580048,0.1288143279580048,0.0,0.0,2.6729314953936068e-06,2.3280781447884125e-06,0.1288143279580048,0.19387772078889445,0.3589071299904821,0.0005,0.7118178409225536,263.3710280999949
13,train,0.12832675591409906,0.12832675591409906,0.0,0.0,2.886853431022555e-06,2.3181248213902264e-06,0.12832675591409906,0.19291191845253672,0.35822724060866595,0.0005,0.7033776905176774,284.2000873999932
14,train,0.12894360799905802,0.12894360799905802,0.0,0.0,2.671548685920809e-06,2.295273797038667e-06,0.12894360799905802,0.1927632825255816,0.35908718718308236,0.0005,0.8257236006968426,305.11673720000545
15,train,0.12929090503897003,0.12929090503897003,0.0,0.0,1.9942748738102174e-06,2.332752471357828e-06,0.12929090503897003,0.19448907337028465,0.3595704451689127,0.0005,0.7995387214534687,326.1819441999978
16,train,0.12817854646273188,0.12817854646273188,0.0,0.0,1.6552243181958712e-06,2.3667861341891694e-06,0.12817854646273188,0.1931289290956591,0.3580203157122957,0.0005,0.6965756146412976,347.2827508000046
17,train,0.1285902363806908,0.1285902363806908,0.0,0.0,1.1120762841751713e-06,2.3107805347690202e-06,0.1285902363806908,0.19292507782086443,0.3585948080782693,0.0005,0.7640335514860334,367.9844676999928
18,train,0.12858110426024277,0.12858110426024277,0.0,0.0,1.051816815012195e-06,2.284362082873314e-06,0.12858110426024277,0.19247297370665759,0.35858207464992276,0.0005,0.8011000358833457,388.87276060000295
19,train,0.12897622607651665,0.12897622607651665,0.0,0.0,1.1008633106150296e-06,2.2691133231006154e-06,0.12897622607651665,0.1936486375922302,0.35913260235812156,0.0005,0.80738783416883,409.4839848999982
20,train,0.1281659854430198,0.1281659854430198,0.0,0.0,1.1337803295285788e-06,2.2526423590362647e-06,0.1281659854430198,0.19300419684710377,0.3580027729543722,0.0005,0.7303075233720383,430.71704459999455
21,train,0.12920878634153574,0.12920878634153574,0.0,0.0,1.1035095927015717e-06,2.279579451358174e-06,0.12920878634153574,0.19411984843570948,0.35945623703245955,0.0005,0.8339943109818224,451.05339050000475
22,train,0.12828877465357402,0.12828877465357402,0.0,0.0,1.00364297206809e-06,2.3642710445683235e-06,0.12828877465357402,0.19295988131560526,0.35817422388214093,0.0005,0.7014939990948956,472.2436522999924
23,train,0.1284377518421745,0.1284377518421745,0.0,0.0,1.0753390185682121e-06,2.325669961550684e-06,0.1284377518421745,0.19402055861955544,0.35838213103079586,0.0005,0.7788699182137003,497.70905360000324
24,train,0.1289775766405515,0.1289775766405515,0.0,0.0,1.1526914314121967e-06,2.2882318669974856e-06,0.1289775766405515,0.19287108913907466,0.3591344826670805,0.0005,0.8112215883326981,522.1716289000033
25,train,0.12837885971022397,0.12837885971022397,0.0,0.0,1.243679349190986e-06,2.347233355908e-06,0.12837885971022397,0.19354529544570534,0.3582999577312618,0.0005,0.7632664354904642,546.9081506999937
26,train,0.12903398071018424,0.12903398071018424,0.0,0.0,1.3507060998563247e-06,2.3579649815422633e-06,0.12903398071018424,0.19378430814710706,0.35921300186683697,0.0005,0.8301735143616514,573.6994355999923
27,train,0.12829300251213904,0.12829300251213904,0.0,0.0,1.4696625091243543e-06,2.29706625450833e-06,0.12829300251213904,0.194156127282471,0.35818012579167346,0.0005,0.8065105434858574,599.2837741999974
28,train,0.12810538968616075,0.12810538968616075,0.0,0.0,1.6382277777356993e-06,2.3743724590153675e-06,0.12810538968616075,0.19317746292448262,0.3579181326590772,0.0005,0.7151377178588003,627.2652178999997
29,train,0.12764326117857017,0.12764326117857017,0.0,0.0,1.8066402801951142e-06,2.3051649594770354e-06,0.12764326117857017,0.19138771332624666,0.3572719708829258,0.0005,0.6606894706217747,652.9440920999914
30,train,0.12781038878621193,0.12781038878621193,0.0,0.0,2.0074378361864803e-06,2.354424357278885e-06,0.12781038878621193,0.1932724431280117,0.3575057884653225,0.0005,0.704635721613776,677.651546699999
31,train,0.12942960018948005,0.12942960018948005,0.0,0.0,2.183605700784543e-06,2.2837356383669827e-06,0.12942960018948005,0.19332444081258662,0.35976325575227946,0.0005,0.8939609426372456,702.1738737999985
32,train,0.1280364022543681,0.1280364022543681,0.0,0.0,2.404933508052705e-06,2.2165374378535077e-06,0.1280364022543681,0.19438276576792016,0.357821746480518,0.0005,0.7192661022802569,727.1050168999936
33,train,0.12777377126292538,0.12777377126292538,0.0,0.0,2.5873753802786595e-06,2.2687301255263144e-06,0.12777377126292538,0.19209317208777352,0.35745457230664346,0.0005,0.7425422302956851,751.6463132999925
34,train,0.1272324924211442,0.1272324924211442,0.0,0.0,2.868367457851045e-06,2.3965892545297635e-06,0.1272324924211442,0.19193620380752208,0.35669663920640493,0.0005,0.6863634600391928,776.1848078000039
35,train,0.12788653332886413,0.12788653332886413,0.0,0.0,3.2122685160226504e-06,2.29934260606003e-06,0.12788653332886413,0.19235165335659715,0.3576122667483096,0.0005,0.7772577121010367,800.5026765999937
36,train,0.1286615388405033,0.1286615388405033,0.0,0.0,3.618212089487264e-06,2.316896885565926e-06,0.1286615388405033,0.19289423137692344,0.35869421355871256,0.0005,0.8797079780191746,825.0552804000035
37,train,0.12805197148387243,0.12805197148387243,0.0,0.0,3.950941528222208e-06,2.3249232041945227e-06,0.12805197148387243,0.19303178990540923,0.3578435013855532,0.0005,0.83372359849372,849.8643031999964
38,train,0.1283918943568182,0.1283918943568182,0.0,0.0,4.433244526499382e-06,2.3773965610742827e-06,0.1283918943568182,0.19304464565379156,0.35831814684274393,0.0005,0.8612677443702266,876.8502980000048
39,train,0.1276099475527035,0.1276099475527035,0.0,0.0,5.131154741217681e-06,2.281101053154518e-06,0.1276099475527035,0.19337711144273856,0.3572253456191253,0.0005,0.7252834159529434,900.7324780000054
40,train,0.128246337244738,0.128246337244738,0.0,0.0,5.217882336989344e-06,2.306793982464818e-06,0.128246337244738,0.1921223985136679,0.35811497768836476,0.0005,0.8405953089021286,927.5388572999946
41,train,0.12831506102801934,0.12831506102801934,0.0,0.0,5.751925407752904e-06,2.260312226527911e-06,0.12831506102801934,0.19312689449673268,0.3582109169581789,0.0005,0.8536499089227533,953.2951387999929
42,train,0.12686315645062352,0.12686315645062352,0.0,0.0,6.39728714647716e-06,2.38612792471477e-06,0.12686315645062352,0.19150038512493922,0.3561785457472467,0.0005,0.6999471924214993,977.9979808999924
43,train,0.1277280496622003,0.1277280496622003,0.0,0.0,7.109524845735956e-06,2.3929836292806597e-06,0.1277280496622003,0.19345717724623543,0.35739061216293905,0.0005,0.8765747424847675,1002.7928471999912
44,train,0.12741515811672488,0.12741515811672488,0.0,0.0,7.92179041110223e-06,2.260491437739819e-06,0.12741515811672488,0.19164215345287097,0.3569525992575553,0.0005,0.7812005306752223,1028.0953847999917
45,train,0.1267969973226361,0.1267969973226361,0.0,0.0,8.975141768904956e-06,2.317595280970327e-06,0.1267969973226361,0.19196156699315828,0.3560856600912709,0.0005,0.6995870150485128,1053.4243912999955
46,train,0.12687540189481122,0.12687540189481122,0.0,0.0,1.0183547138300162e-05,2.3860595774749527e-06,0.12687540189481122,0.19249112799166226,0.356195735368647,0.0005,0.789653904876619,1079.4791312000016
47,train,0.12758599526247774,0.12758599526247774,0.0,0.0,1.1662987308570663e-05,2.326452287871809e-06,0.12758599526247774,0.19271946174075022,0.35719181858278576,0.0005,0.8135475586607771,1104.353035799999
48,train,0.12709697249413027,0.12709697249413027,0.0,0.0,1.2582036792734453e-05,2.3170383291523287e-06,0.12709697249413027,0.1922082116844941,0.35650662335240035,0.0005,0.8562304355063528,1129.7063407999958
49,train,0.12736319925876025,0.12736319925876025,0.0,0.0,1.3628010046371821e-05,2.254606322753287e-06,0.12736319925876025,0.1924904706589175,0.356879810662862,0.0005,0.8759603286689183,1156.1143866000057
50,train,0.12802743717560214,0.12802743717560214,0.0,0.0,1.747835535151919e-05,2.3185101103733344e-06,0.12802743717560214,0.19446280945162725,0.3578092189639643,0.0005,inf,1181.5648148000037
1,train,0.16993367497939366,0.16993367497939366,0.0,0.0,0.00014882698615322534,2.314452987500875e-06,0.16993367497939366,0.25091927476262427,0.41223012381362145,0.0005,2.2059109312183454,31.461750400005258
2,train,0.1292776481336299,0.1292776481336299,0.0,0.0,4.7762790859022335e-05,2.324165464260831e-06,0.1292776481336299,0.192868218565676,0.35955201033178763,0.0005,0.7768796373088405,62.23231450001185
3,train,0.12810751524661068,0.12810751524661068,0.0,0.0,2.4900917059364115e-05,2.444771154224104e-06,0.12810751524661068,0.19287571439273518,0.3579211019856341,0.0005,0.5889677582484372,90.86002680000092
4,train,0.1287464009464459,0.1287464009464459,0.0,0.0,1.4655018567968651e-05,2.2602231539630735e-06,0.1287464009464459,0.19207997589530254,0.35881248716627173,0.0005,0.7239866910396882,116.06101940000372
5,train,0.1285041581961229,0.1285041581961229,0.0,0.0,8.359179146110656e-06,2.283419297233401e-06,0.1285041581961229,0.1928220296155591,0.35847476647056054,0.0005,0.6968467932827068,139.571806500011
6,train,0.1283914126626288,0.1283914126626288,0.0,0.0,6.182352930374931e-06,2.3547215561230365e-06,0.1283914126626288,0.19323307683972538,0.35831747468219965,0.0005,0.7349967973412208,164.48822140000993
7,train,0.12901244584344962,0.12901244584344962,0.0,0.0,5.13860838063405e-06,2.2228300086114686e-06,0.12901244584344962,0.19323550616303156,0.35918302555027515,0.0005,0.7872050328637069,188.38480120000895
8,train,0.12860268198839447,0.12860268198839447,0.0,0.0,4.293566462365561e-06,2.3105849151143736e-06,0.12860268198839447,0.19249975452691598,0.358612160959991,0.0005,0.768339750479977,213.8178595000063
9,train,0.12918111460243867,0.12918111460243867,0.0,0.0,3.470044887608482e-06,2.3264584312511154e-06,0.12918111460243867,0.19405406365030503,0.35941774386142744,0.0005,0.8263590718215367,239.53680140001234
10,train,0.12878749114889565,0.12878749114889565,0.0,0.0,3.256515810790006e-06,2.354692546674105e-06,0.12878749114889565,0.19305088097967624,0.3588697411999173,0.0005,0.8167672503106999,264.842633799999
11,train,0.12923652267188954,0.12923652267188954,0.0,0.0,2.95241308244926e-06,2.372034541750972e-06,0.12923652267188954,0.19350963307298577,0.35949481591796223,0.0005,0.8147275582799371,290.19813710000017
12,train,0.12821494164385994,0.12821494164385994,0.0,0.0,3.056191125547487e-06,2.3207389944527335e-06,0.12821494164385994,0.19207963808351816,0.3580711404788997,0.0005,0.6258147493848261,316.07165050000185
13,train,0.12839456927959306,0.12839456927959306,0.0,0.0,2.822089167033105e-06,2.229295765178938e-06,0.12839456927959306,0.19223511646730157,0.35832187943187765,0.0005,0.6460573895359939,341.73886110000603
14,train,0.12805716232870284,0.12805716232870284,0.0,0.0,2.4408239257680626e-06,2.442098902202764e-06,0.12805716232870284,0.1930124066717361,0.35785075426594093,0.0005,0.6803268064867776,367.64984240000194
15,train,0.12873692752948285,0.12873692752948285,0.0,0.0,2.123357807301185e-06,2.265463083275327e-06,0.12873692752948285,0.1931736766132262,0.3587992858541985,0.0005,0.7547693157674007,394.6589731999993
16,train,0.12893137513997063,0.12893137513997063,0.0,0.0,1.9603600930905778e-06,2.260346735845746e-06,0.12893137513997063,0.19285452856488952,0.3590701535075989,0.0005,0.7805002372501031,419.1990874000039
17,train,0.12875410687602024,0.12875410687602024,0.0,0.0,1.618498911413107e-06,2.3376311425104263e-06,0.12875410687602024,0.19291118274108982,0.3588232251067651,0.0005,0.7539040955170145,444.11536680000427
18,train,0.12862153340833654,0.12862153340833654,0.0,0.0,1.6043742077255167e-06,2.311246467403214e-06,0.12862153340833654,0.19317717509484797,0.3586384438516548,0.0005,0.6937851270414749,469.4725179000088
19,train,0.12865365656251462,0.12865365656251462,0.0,0.0,1.5722379589104368e-06,2.264950825399796e-06,0.12865365656251462,0.193304051230398,0.3586832259285547,0.0005,0.8219100534915924,494.24855980000575
20,train,0.12940764846816993,0.12940764846816993,0.0,0.0,1.147483814902272e-06,2.253439477516502e-06,0.12940764846816993,0.19277894609730759,0.3597327458936286,0.0005,0.897964487660606,520.0933749000105
21,train,0.12849022503581203,0.12849022503581203,0.0,0.0,1.0139879905954381e-06,2.3279418192547417e-06,0.12849022503581203,0.19344549796385863,0.35845533199523205,0.0005,0.7972770212393887,545.6224784000078
22,train,0.12848042078194852,0.12848042078194852,0.0,0.0,9.77074891133665e-07,2.3133678123142673e-06,0.12848042078194852,0.1936869313764685,0.3584416560361651,0.0005,0.7377378372651227,569.434365699999
23,train,0.12870508835282787,0.12870508835282787,0.0,0.0,9.911467443844402e-07,2.252487781402553e-06,0.12870508835282787,0.1931731747234908,0.35875491404694076,0.0005,0.7765901299580088,593.618283600008
24,train,0.12821937682978013,0.12821937682978013,0.0,0.0,9.971069591799431e-07,2.194890674578552e-06,0.12821937682978013,0.19273210963550605,0.35807733358840255,0.0005,0.7478072007872024,622.0501745000074
25,train,0.12818982416069527,0.12818982416069527,0.0,0.0,1.032093728485532e-06,2.266426471973284e-06,0.12818982416069527,0.19305179282882298,0.35803606544689776,0.0005,0.7051941243545065,647.6485061999992
26,train,0.12872655297348654,0.12872655297348654,0.0,0.0,1.1093712549514954e-06,2.3472244990598312e-06,0.12872655297348654,0.19341898705494015,0.3587848282376033,0.0005,0.8221121003042977,674.1301741000061
27,train,0.12881450337469838,0.12881450337469838,0.0,0.0,1.160282053815364e-06,2.2426365895402994e-06,0.12881450337469838,0.1930615614607649,0.35890737436656045,0.0005,0.8482677163380496,700.6765347000037
28,train,0.1285048235009149,0.1285048235009149,0.0,0.0,1.2088400424390955e-06,2.2955130198856494e-06,0.1285048235009149,0.19345575674208554,0.3584756944353618,0.0005,0.7860927663321765,725.8056627000042
29,train,0.12851038027246137,0.12851038027246137,0.0,0.0,1.2676096413036608e-06,2.33375954797699e-06,0.12851038027246137,0.19293581930709616,0.3584834449070994,0.0005,0.8164289874850579,750.0475510000106
30,train,0.129827746651701,0.129827746651701,0.0,0.0,1.335718477677355e-06,2.2731738286927552e-06,0.129827746651701,0.19526671077704655,0.3603161759506517,0.0005,0.8953640072975518,775.2079647000064
31,train,0.12964163929192984,0.12964163929192984,0.0,0.0,1.4295892094436705e-06,2.27695197050055e-06,0.12964163929192984,0.19381922085259878,0.3600578277053977,0.0005,0.9477668522663836,798.0727265000023
32,train,0.1277945360083288,0.1277945360083288,0.0,0.0,1.5178561132003932e-06,2.357103067999629e-06,0.1277945360083288,0.1925370752090975,0.3574836164194505,0.0005,0.686276173535383,822.0156175000011
33,train,0.12802287120850347,0.12802287120850347,0.0,0.0,1.6449026987792646e-06,2.2607238243612954e-06,0.12802287120850347,0.19296991326582602,0.3578028384578628,0.0005,0.7412342344814876,846.9287052
34,train,0.12946839050156725,0.12946839050156725,0.0,0.0,1.7745783611215576e-06,2.310148690137897e-06,0.12946839050156725,0.19329691290820267,0.35981716260007285,0.0005,0.937001996164052,871.54949640001
35,train,0.12905150949696897,0.12905150949696897,0.0,0.0,1.9239748909521437e-06,2.3874321658575284e-06,0.12905150949696897,0.1952002338168897,0.35923739991399695,0.0005,0.8805573371783743,898.1489752000052
36,train,0.12827439482762032,0.12827439482762032,0.0,0.0,2.008344439381513e-06,2.3005012272338753e-06,0.12827439482762032,0.19233473971626666,0.35815414953287966,0.0005,0.7482334278383345,925.1219882000005
37,train,0.1279727698138746,0.1279727698138746,0.0,0.0,2.1436239275883637e-06,2.3415787120269806e-06,0.1279727698138746,0.19302883520546676,0.3577328190338071,0.0005,0.7276089170350218,951.126506200002
38,train,0.12847241866133255,0.12847241866133255,0.0,0.0,2.295003080792601e-06,2.3661321023918958e-06,0.12847241866133255,0.19312103787999393,0.3584304934869975,0.0005,0.837379922000867,977.7231532000005
39,train,0.1273746912496962,0.1273746912496962,0.0,0.0,2.4680059252788404e-06,2.2865570389392745e-06,0.1273746912496962,0.19194420218327138,0.3568959109456092,0.0005,0.7303725731260372,1003.7952431000012
40,train,0.12718820571837638,0.12718820571837638,0.0,0.0,2.6454138279868344e-06,2.3406283865901883e-06,0.12718820571837638,0.19230808268986502,0.3566345548574568,0.0005,0.708769718431077,1028.3082627000113
41,train,0.12822659507503384,0.12822659507503384,0.0,0.0,2.8700078366523912e-06,2.395153760860338e-06,0.12822659507503384,0.1937045222148299,0.3580874126174136,0.0005,0.7755775963360408,1055.7096593000024
42,train,0.12796254692384193,0.12796254692384193,0.0,0.0,3.0425427418244994e-06,2.2875892832502666e-06,0.12796254692384193,0.19328526917950434,0.3577185303053812,0.0005,0.8032948897694642,1079.576307700001
43,train,0.12794539761297927,0.12794539761297927,0.0,0.0,3.331074697787287e-06,2.2981566743047155e-06,0.12794539761297927,0.19120345856326645,0.35769455910452325,0.0005,0.7674860824953835,1103.895736800012
44,train,0.12796517547584063,0.12796517547584063,0.0,0.0,3.4950151633172524e-06,2.31718544421041e-06,0.12796517547584063,0.19304984884934043,0.3577222043371653,0.0005,0.7345926429865495,1127.8060488000046
45,train,0.12775369759146313,0.12775369759146313,0.0,0.0,3.7582230630024875e-06,2.2232867315392896e-06,0.12775369759146313,0.19180508000284152,0.35742649257079856,0.0005,0.760791818207165,1153.077835300006
46,train,0.12789041435809745,0.12789041435809745,0.0,0.0,4.733226836284508e-06,2.3002240737387525e-06,0.12789041435809745,0.1926528585336681,0.357617693016016,0.0005,0.7532082292831169,1177.708355300012
47,train,0.12733577796781628,0.12733577796781628,0.0,0.0,4.430784772338021e-06,2.323834270907166e-06,0.12733577796781628,0.1916250112466514,0.35684139049137265,0.0005,0.7650789449799735,1202.4686948000017
48,train,0.12764375898399485,0.12764375898399485,0.0,0.0,4.660344894494662e-06,2.282903545096386e-06,0.12764375898399485,0.19360585332022243,0.35727266755797993,0.0005,0.7777273345668361,1229.3467678000015
49,train,0.12713446830704647,0.12713446830704647,0.0,0.0,5.045632358918017e-06,2.3159659555326556e-06,0.12713446830704647,0.19201407065650197,0.3565592072952912,0.0005,0.6782262508036956,1255.6635405999987
50,train,0.12789865526973926,0.12789865526973926,0.0,0.0,5.608776694676841e-06,2.3343102126983588e-06,0.12789865526973926,0.19307182100689357,0.35762921478780124,0.0005,0.811776857471691,1281.9529884000076
1,train,0.1532471610425108,0.1532471610425108,0.0,0.0,5.977611910195247e-07,2.3923286547406464e-06,0.1532471610425108,0.23769493072100412,0.3914679565973578,0.0005,1.8653208039841562,28.277565700002015
2,train,0.12866433034799246,0.12866433034799246,0.0,0.0,6.005417792236568e-07,2.331411492206208e-06,0.12866433034799246,0.19194737672454337,0.3586981047454704,0.0005,0.6948634535074234,53.501905400000396
3,train,0.12841963873796422,0.12841963873796422,0.0,0.0,1.2747838609957742e-06,2.27831145164875e-06,0.12841963873796422,0.19290406681983815,0.3583568594822265,0.0005,0.6378939401990963,79.4832122999942
4,train,0.12899299709231787,0.12899299709231787,0.0,0.0,2.170794747178421e-06,2.264009959565916e-06,0.12899299709231787,0.19359254138017037,0.3591559509354089,0.0005,0.7902164540763171,104.37580280000111
5,train,0.12942024241868771,0.12942024241868771,0.0,0.0,2.000753419074413e-06,2.3967826658712134e-06,0.12942024241868771,0.19326114861540636,0.35975025006063266,0.0005,0.7767997867656204,128.0208330000023
6,train,0.1306275883382285,0.1306275883382285,0.0,0.0,1.652457069023924e-06,2.299130931893366e-06,0.1306275883382285,0.19452294035691697,0.3614243881342659,0.0005,0.9742853056709722,152.60657899999933
7,train,0.12869433685741827,0.12869433685741827,0.0,0.0,1.3946405509691345e-06,2.400782720096171e-06,0.12869433685741827,0.1937527530176459,0.3587399292766534,0.0005,0.7450674998591531,176.0221021000034
8,train,0.12823107815206214,0.12823107815206214,0.0,0.0,1.2348105210034156e-06,2.418206832462945e-06,0.12823107815206214,0.1922778690128394,0.3580936723150273,0.0005,0.6644038653598642,200.00633439999365
9,train,0.1284869983563318,0.1284869983563318,0.0,0.0,1.1645000800287889e-06,2.2723229277581374e-06,0.1284869983563318,0.19237348113279298,0.3584508311558669,0.0005,0.7489066545693379,224.54638840000553
10,train,0.12924698839323237,0.12924698839323237,0.0,0.0,9.909753164308466e-07,2.2808891280187965e-06,0.12924698839323237,0.1943522004832355,0.35950937177385567,0.0005,0.7928621198208827,247.9430463000026
11,train,0.1305056940777917,0.1305056940777917,0.0,0.0,1.0807041996726322e-06,2.3056548553660902e-06,0.1305056940777917,0.1944491806668493,0.36125571840151083,0.0005,0.9839163104880531,271.7905355999974
12,train,0.12849338547111638,0.12849338547111638,0.0,0.0,9.917448143721042e-07,2.313913970317786e-06,0.12849338547111638,0.19305789355399472,0.3584597403769583,0.0005,0.7720509380945619,296.77835039999627
13,train,0.1285659992337317,0.1285659992337317,0.0,0.0,1.0385891412298869e-06,2.3251369547547512e-06,0.1285659992337317,0.19209317625588124,0.35856101187068806,0.0005,0.7116303535283737,322.2873174999986
14,train,0.1296580876615684,0.1296580876615684,0.0,0.0,1.0721426080189698e-06,2.249339782140868e-06,0.1296580876615684,0.19562440008663062,0.36008066826972035,0.0005,0.8565657515570803,346.51803750000545
15,train,0.1287379094387156,0.1287379094387156,0.0,0.0,1.1927321136956277e-06,2.364121278247385e-06,0.1287379094387156,0.19238925262547607,0.35880065417821577,0.0005,0.7324429067238322,372.45734559999255
16,train,0.12832448679348674,0.12832448679348674,0.0,0.0,1.2761530033801463e-06,2.2972328529163553e-06,0.12832448679348674,0.19356512270762394,0.3582240734421498,0.0005,0.7793563507356733,396.38400869999896
17,train,0.12872641108095986,0.12872641108095986,0.0,0.0,1.3886072097965603e-06,2.3849069323677093e-06,0.12872641108095986,0.19292252457893966,0.3587846304971269,0.0005,0.7759533105593808,420.6890268999996
18,train,0.12844170796321674,0.12844170796321674,0.0,0.0,1.3999253522617334e-06,2.3321777865381797e-06,0.12844170796321674,0.19268296372391425,0.3583876504055584,0.0005,0.6899642945741707,444.8285004999925
19,train,0.12838009559439015,0.12838009559439015,0.0,0.0,1.3890282264771983e-06,2.2672569221473203e-06,0.12838009559439015,0.19306952169446168,0.35830168237728127,0.0005,0.659962145225057,469.0860798999929
20,train,0.12823107436631276,0.12823107436631276,0.0,0.0,1.3218147265039114e-06,2.3617155532193927e-06,0.12823107436631276,0.19258573450991565,0.3580936670290509,0.0005,0.7540125332351001,493.4203054999962
21,train,0.12886085691046353,0.12886085691046353,0.0,0.0,1.2184752121494007e-06,2.335855002319528e-06,0.12886085691046353,0.19387364581859895,0.35897194446149067,0.0005,0.8368280687422123,517.7813345000031
22,train,0.12838837058422867,0.12838837058422867,0.0,0.0,1.3085485525667571e-06,2.3360384049291894e-06,0.12838837058422867,0.19332321336106306,0.3583132297086289,0.0005,0.7989752253271499,541.0137448000023
23,train,0.12798830899271293,0.12798830899271293,0.0,0.0,1.304945997934789e-06,2.2365061640983804e-06,0.12798830899271293,0.1928442995415404,0.35775453734748486,0.0005,0.675340936571922,564.9983384999941
24,train,0.12838746976454132,0.12838746976454132,0.0,0.0,1.368842694070204e-06,2.2659761455388605e-06,0.12838746976454132,0.19201184032344312,0.3583119726781975,0.0005,0.7349682932473579,589.4925890000013
25,train,0.12823906305030797,0.12823906305030797,0.0,0.0,1.5665176941286706e-06,2.3396008334700283e-06,0.12823906305030797,0.1941240866686095,0.3581048213167591,0.0005,0.7943788288899187,615.9628190999938
26,train,0.12866135794690808,0.12866135794690808,0.0,0.0,1.6871362392847451e-06,2.313345615495461e-06,0.12866135794690808,0.19257750660356762,0.35869396140290416,0.0005,0.7996769274743099,642.0738066000049
27,train,0.12940478712867534,0.12940478712867534,0.0,0.0,1.8094914323983347e-06,2.315089344212435e-06,0.12940478712867534,0.1958966753709148,0.3597287688365713,0.0005,0.9474360391778766,669.6261911000038
28,train,0.12795374047374664,0.12795374047374664,0.0,0.0,1.951958007287791e-06,2.2758707915135397e-06,0.12795374047374664,0.1931857446683044,0.3577062209044548,0.0005,0.760336199177886,695.842061599993
29,train,0.12831470655117572,0.12831470655117572,0.0,0.0,2.1341230992546563e-06,2.2993303772173534e-06,0.12831470655117572,0.1933078378878252,0.3582104221699527,0.0005,0.7917398917225172,722.3588522000064
30,train,0.1298104426756288,0.1298104426756288,0.0,0.0,2.3844194389174896e-06,2.3526718424998863e-06,0.1298104426756288,0.19345984051601506,0.3602921629395078,0.0005,0.9510091643007297,748.223877700002
31,train,0.12867575315111987,0.12867575315111987,0.0,0.0,2.597174329821428e-06,2.297107649387469e-06,0.12867575315111987,0.19398399355452298,0.35871402697848304,0.0005,0.8848781892151203,776.7603346999967
32,train,0.12910434245188196,0.12910434245188196,0.0,0.0,2.8263173564208147e-06,2.3889814793568255e-06,0.12910434245188196,0.1925539612787652,0.35931092726478825,0.0005,0.8841768356989015,802.7471296000003
33,train,0.1288569008456246,0.1288569008456246,0.0,0.0,3.129282933239768e-06,2.214836303090055e-06,0.1288569008456246,0.1937312247881771,0.3589664341489669,0.0005,0.8798395755156031,828.7551733
34,train,0.1284500358177471,0.1284500358177471,0.0,0.0,3.42295513017337e-06,2.2415148243522226e-06,0.1284500358177471,0.19257446663665037,0.35839926871820915,0.0005,0.8230202015278474,853.9532878000027
35,train,0.1276849533158315,0.1276849533158315,0.0,0.0,3.848787834081208e-06,2.3358514608672813e-06,0.1276849533158315,0.1927758232918831,0.3573303140174809,0.0005,0.7719447292246908,878.634125800003
36,train,0.12880987882913958,0.12880987882913958,0.0,0.0,4.182829330465262e-06,2.338228903613097e-06,0.12880987882913958,0.19391688838917412,0.35890093177524574,0.0005,0.8643361107920701,905.5965824000014
37,train,0.12964340884146225,0.12964340884146225,0.0,0.0,5.102943524039836e-06,2.3619527468635737e-06,0.12964340884146225,0.1939563828081174,0.36006028500997195,0.0005,1.0136093657534078,932.1309538999922
38,train,0.12817072950570985,0.12817072950570985,0.0,0.0,5.799800376580778e-06,2.2700856866236484e-06,0.12817072950570985,0.19278066419064996,0.3580093986276196,0.0005,0.8032038304603325,957.9590647000005
39,train,0.1276628449571842,0.1276628449571842,0.0,0.0,5.6307642052899e-06,2.2495504674465473e-06,0.1276628449571842,0.1919444719680919,0.3572993772135409,0.0005,0.8354568577037668,983.9417662000051
40,train,0.12752726861544256,0.12752726861544256,0.0,0.0,6.260922581755297e-06,2.257222799583034e-06,0.12752726861544256,0.19301105299788823,0.3571096030848828,0.0005,0.7450020394797595,1009.1305944000051
41,train,0.1275555494631298,0.1275555494631298,0.0,0.0,6.907141562136668e-06,2.3633568908512387e-06,0.1275555494631298,0.19247372714310612,0.35714919776352544,0.0005,0.7295934895299515,1034.7674719999923
42,train,0.12717135979504027,0.12717135979504027,0.0,0.0,7.724011967819127e-06,2.3385664140938765e-06,0.12717135979504027,0.1924269173294306,0.35661093616859296,0.0005,0.75442669245432,1060.5702795999969
43,train,0.1275294820337396,0.1275294820337396,0.0,0.0,8.56942982486458e-06,2.2117802142740814e-06,0.1275294820337396,0.19164813352256727,0.3571127021456106,0.0005,0.8019781840859719,1087.316739899994
44,train,0.12685761871553555,0.12685761871553555,0.0,0.0,9.577117718847904e-06,2.2679820382486554e-06,0.12685761871553555,0.1923721250357493,0.3561707718434172,0.0005,0.6958180531015936,1112.8298228000058
45,train,0.1270831098476505,0.1270831098476505,0.0,0.0,1.0694004883572353e-05,2.320179983401448e-06,0.1270831098476505,0.19181709959048704,0.35648718048150135,0.0005,0.8116572164701965,1138.838442399996
46,train,0.12655740822989378,0.12655740822989378,0.0,0.0,1.1966702982564764e-05,2.331741971263326e-06,0.12655740822989378,0.1913351194124739,0.3557490804343615,0.0005,0.6972280299326159,1165.626674900006
47,train,0.12890339913966906,0.12890339913966906,0.0,0.0,1.560737840712668e-05,2.3290837820893087e-06,0.12890339913966906,0.1958934567077964,0.35903119521800475,0.0005,inf,1191.0461114999925
48,train,0.12626563636017726,0.12626563636017726,0.0,0.0,1.4219110164289441e-05,2.3037808329529483e-06,0.12626563636017726,0.1905047442887049,0.35533876281680454,0.0005,0.6691606857304303,1219.2036707999941
49,train,0.12683058325710586,0.12683058325710586,0.0,0.0,1.5796019654789114e-05,2.236313833854406e-06,0.12683058325710586,0.19230530587429145,0.3561328168775041,0.0005,0.7887493821809877,1245.9046952999925
50,train,0.12710762013149127,0.12710762013149127,0.0,0.0,1.7293387278392778e-05,2.3983258016706492e-06,0.12710762013149127,0.190910523571074,0.35652155633494487,0.0005,0.8142934475304946,1272.0739021000045
1,train,0.1314396492804385,0.1314396492804385,0.0,0.0,4.175249661145399e-07,2.305713060881969e-06,0.1314396492804385,0.1995549923002298,0.36254606504613796,0.0005,0.9806710386051322,30.57989870000165
2,train,0.12907639852321906,0.12907639852321906,0.0,0.0,2.602490743830664e-07,2.33119579609953e-06,0.12907639852321906,0.19281940429805303,0.35927203971812094,0.0005,0.7132233167594334,57.75658590000239
3,train,0.12941870950483653,0.12941870950483653,0.0,0.0,1.7010698667692576e-07,2.29790115777435e-06,0.12941870950483653,0.1939381005383044,0.35974811952925695,0.0005,0.7575400623510469,85.14372839999851
4,train,0.12873631483665995,0.12873631483665995,0.0,0.0,1.3218415651777522e-07,2.286137658920093e-06,0.12873631483665995,0.19351796503266638,0.3587984320432016,0.0005,0.7740082288125776,111.04586579999886
5,train,0.12850673145308153,0.12850673145308153,0.0,0.0,1.4052368345681247e-07,2.406369089668552e-06,0.12850673145308153,0.1937164641249011,0.3584783556270609,0.0005,0.7673026767541777,137.77952950001054
6,train,0.12870237127312717,0.12870237127312717,0.0,0.0,1.6422484403812873e-07,2.34805990211893e-06,0.12870237127312717,0.19237817891890993,0.3587511272081625,0.0005,0.807873972463158,164.67559840000467
7,train,0.12902568065279102,0.12902568065279102,0.0,0.0,2.1667698840186823e-07,2.311531212176048e-06,0.12902568065279102,0.1931792819398051,0.3592014485672225,0.0005,0.7724583822320092,191.49351559999923
8,train,0.12832462602902595,0.12832462602902595,0.0,0.0,2.2360511416467968e-07,2.421850296123698e-06,0.12832462602902595,0.1926889553314672,0.3582242677835017,0.0005,0.7611258148022417,220.49667890000273
9,train,0.12874012489929157,0.12874012489929157,0.0,0.0,2.5643473390856633e-07,2.34864431252579e-06,0.12874012489929157,0.19382445402794848,0.3588037414789477,0.0005,0.7935866831608538,249.1172968000028
10,train,0.1295044006926544,0.1295044006926544,0.0,0.0,3.195948243325441e-07,2.3200459873754332e-06,0.1295044006926544,0.19463998394016674,0.3598671986895366,0.0005,0.8377306545680424,275.43374259999837
11,train,0.13024467217965485,0.13024467217965485,0.0,0.0,3.7174043680626606e-07,2.2402767811245383e-06,0.13024467217965485,0.19437936578332532,0.36089426731337093,0.0005,0.9230141932109617,303.2103938000073
12,train,0.12906505705309343,0.12906505705309343,0.0,0.0,4.482412939437982e-07,2.2970134330294832e-06,0.12906505705309343,0.19333912858844923,0.35925625541261413,0.0005,0.8274562505056273,329.8793749000033
13,train,0.12836469371248757,0.12836469371248757,0.0,0.0,4.761539072797808e-07,2.3698032176946313e-06,0.12836469371248757,0.1929846156687247,0.3582801888361783,0.0005,0.7683359300190548,356.08034430000407
14,train,0.12928937605825444,0.12928937605825444,0.0,0.0,5.485015847471176e-07,2.3832258279380425e-06,0.12928937605825444,0.19412470680468205,0.359568319041395,0.0005,0.8701488533109989,383.1670620000077
15,train,0.12883159506355987,0.12883159506355987,0.0,0.0,6.821809575259702e-07,2.36628761740576e-06,0.12883159506355987,0.1932206326199449,0.35893118430077914,0.0005,0.814519540037749,408.9343193000095
16,train,0.13025508654117968,0.13025508654117968,0.0,0.0,7.665246915355553e-07,2.348723569411959e-06,0.13025508654117968,0.19633112122603463,0.3609086955743512,0.0005,0.9383249892941061,435.6983026000089
17,train,0.12837734042520235,0.12837734042520235,0.0,0.0,8.147720094248658e-07,2.3452625388051943e-06,0.12837734042520235,0.1927748172016779,0.35829783759492934,0.0005,0.7439829918011179,461.713233100003
18,train,0.1285286161258657,0.1285286161258657,0.0,0.0,8.940123595219223e-07,2.3917149206372756e-06,0.1285286161258657,0.1943525304719104,0.3585088787266861,0.0005,0.773087741069074,488.0916367000027
19,train,0.12844197471655755,0.12844197471655755,0.0,0.0,1.0487921970724408e-06,2.35800954678265e-06,0.12844197471655755,0.19256118595037816,0.3583880225629165,0.0005,0.7830555034133623,514.9922417000053
20,train,0.1280073710573389,0.1280073710573389,0.0,0.0,1.3011788794601842e-06,2.315132742553959e-06,0.1280073710573389,0.19213880568145297,0.3577811776174634,0.0005,0.7047764400266251,544.0921264000062
21,train,0.1280428710846639,0.1280428710846639,0.0,0.0,1.3184234138141207e-06,2.3396851419128546e-06,0.1280428710846639,0.1929522476176609,0.3578307855462745,0.0005,0.7329276021359101,570.8643803000014
22,train,0.12861076021083204,0.12861076021083204,0.0,0.0,1.4954862415765572e-06,2.3395930019484333e-06,0.12861076021083204,0.19368411109448883,0.3586234239572647,0.0005,0.7893531547402436,598.1742486000003
23,train,0.1283945204147971,0.1283945204147971,0.0,0.0,1.6612580669250335e-06,2.373072782506395e-06,0.1283945204147971,0.19235061129801118,0.3583218112462554,0.0005,0.7927374845405795,625.026117100002
24,train,0.1279815010435139,0.1279815010435139,0.0,0.0,1.8818989633044386e-06,2.287740154264062e-06,0.1279815010435139,0.1939021100079255,0.3577450223881723,0.0005,0.7370993939210784,650.9357481000043
25,train,0.12827754316956932,0.12827754316956932,0.0,0.0,2.1043797417251142e-06,2.278156280912951e-06,0.12827754316956932,0.19292398839134658,0.3581585447390154,0.0005,0.775294302207119,676.5855309000035
26,train,0.12819651152344447,0.12819651152344447,0.0,0.0,2.4214496722877057e-06,2.277444183027052e-06,0.12819651152344447,0.19240448647793734,0.35804540427639125,0.0005,0.821688767311708,702.3358559000044
27,train,0.12873331830480722,0.12873331830480722,0.0,0.0,1.0327021476219875e-05,2.310853385509136e-06,0.12873331830480722,0.19369697103733724,0.35879425623162814,0.0005,0.8762204607702652,729.650092099997
28,train,0.1281643507090333,0.1281643507090333,0.0,0.0,4.158122924051878e-06,2.27216529130498e-06,0.1281643507090333,0.19280873792210843,0.35800048981675053,0.0005,0.7408798758713704,756.6009962000098
29,train,0.1276547362653287,0.1276547362653287,0.0,0.0,3.3250675582132558e-06,2.260560156070635e-06,0.1276547362653287,0.19310499128340833,0.3572880298377329,0.0005,0.7614637647034987,783.0576337000093
30,train,0.12737779444163744,0.12737779444163744,0.0,0.0,3.761490967557414e-06,2.279379950263285e-06,0.12737779444163744,0.19203919101998487,0.3569002583939068,0.0005,0.6904710879865682,809.8947661999991
31,train,0.12749045077867296,0.12749045077867296,0.0,0.0,4.254199593389167e-06,2.2970434420645723e-06,0.12749045077867296,0.19197229151701878,0.35705804959232185,0.0005,0.6804428665705446,837.2275949000032
32,train,0.1280393693393084,0.1280393693393084,0.0,0.0,4.828570650235359e-06,2.377034043779274e-06,0.1280393693393084,0.1937942082747676,0.35782589249425256,0.0005,0.8016001146357015,863.4801874999976
33,train,0.12828290666445852,0.12828290666445852,0.0,0.0,5.547870541532866e-06,2.3921172969665967e-06,0.12828290666445852,0.1928628354860505,0.3581660322594237,0.0005,0.8450593875264222,891.6807827000011
34,train,0.12811320010983968,0.12811320010983968,0.0,0.0,6.082672087977012e-06,2.2653966579865774e-06,0.12811320010983968,0.19361353406752893,0.357929043400839,0.0005,0.8465637986390095,918.3825039000076
35,train,0.12859045544563447,0.12859045544563447,0.0,0.0,6.8842135353303816e-06,2.218943388110141e-06,0.12859045544563447,0.1926434982304444,0.35859511352726836,0.0005,0.8877228903320601,944.7176456000016
36,train,0.12834517245734428,0.12834517245734428,0.0,0.0,7.845143165537112e-06,2.282796505721119e-06,0.12834517245734428,0.19212939777534527,0.3582529447992637,0.0005,0.8712967215281613,972.6386932000023
37,train,0.12707511688322315,0.12707511688322315,0.0,0.0,8.578165427093583e-06,2.2798929610459864e-06,0.12707511688322315,0.19245305595532905,0.35647596957329836,0.0005,0.7742201455359189,999.4641931000078
38,train,0.12781714809666397,0.12781714809666397,0.0,0.0,1.0002202028738125e-05,2.356015447473493e-06,0.12781714809666397,0.1914763976345366,0.3575152417683251,0.0005,0.8567000233902121,1025.9138461999974
39,train,0.1276289948716266,0.1276289948716266,0.0,0.0,1.4887503243270023e-05,2.3627263171531596e-06,0.1276289948716266,0.1919006298630024,0.35725200471323687,0.0005,0.8558400461696228,1051.290264299998
40,train,0.12708811642954077,0.12708811642954077,0.0,0.0,1.853938942557126e-05,2.2398753078548153e-06,0.12708811642954077,0.19149546618309787,0.35649420251883585,0.0005,inf,1076.9343364000088
41,train,0.1267862538536923,0.1267862538536923,0.0,0.0,1.60843462751627e-05,2.229416667913303e-06,0.1267862538536923,0.19161619033383306,0.35607057425978395,0.0005,0.7366759037634112,1103.2952037000068
42,train,0.12747124207981989,0.12747124207981989,0.0,0.0,1.7620117981799546e-05,2.2840974649608263e-06,0.12747124207981989,0.19248150834145977,0.3570311500133005,0.0005,0.9080932275304254,1131.2158931000013
43,train,0.12888259158593565,0.12888259158593565,0.0,0.0,2.2543084477942068e-05,2.3970261144365033e-06,0.12888259158593565,0.19344896989048652,0.3590022166866601,0.0005,1.0029933719702486,1158.8308971000079
44,train,0.1269503252455286,0.1269503252455286,0.0,0.0,2.1311561211851374e-05,2.366711212418076e-06,0.1269503252455286,0.19169344740023594,0.3563008914464411,0.0005,0.8444410579384498,1186.3890891000046
45,train,0.127736569146523,0.127736569146523,0.0,0.0,2.4064258880416844e-05,2.2458571445998322e-06,0.127736569146523,0.19262181619393093,0.3574025309738629,0.0005,0.9623756231564395,1213.9713137000072
46,train,0.12707425848324738,0.12707425848324738,0.0,0.0,2.7003246049269296e-05,2.3857253274468776e-06,0.12707425848324738,0.1923438911624955,0.35647476556307234,0.0005,inf,1240.9494369000022
47,train,0.12605745665394627,0.12605745665394627,0.0,0.0,3.057263148668494e-05,2.3408051095618745e-06,0.12605745665394627,0.19048179044686964,0.3550457106542005,0.0005,0.8055040982534301,1268.0536645999964
48,train,0.12616096916553599,0.12616096916553599,0.0,0.0,4.125358419463188e-05,2.285046130140781e-06,0.12616096916553599,0.19093779517899984,0.35519145424057713,0.0005,0.8289978189288445,1293.9031576999987
49,train,0.1262313542324574,0.1262313542324574,0.0,0.0,4.4680724523408024e-05,2.3044300298420667e-06,0.1262313542324574,0.19069051215214267,0.35529052088742447,0.0005,0.8332306707523903,1320.0887079000095
50,train,0.12631347642023716,0.12631347642023716,0.0,0.0,4.7570847253258044e-05,2.2200671996612967e-06,0.12631347642023716,0.1907607039173116,0.3554060725708512,0.0005,0.930841788930713,1345.6722122000065
1,train,0.14015582859049933,0.14015582859049933,0.0,0.0,5.0634771601773174e-05,2.316315362375737e-06,0.14015582859049933,0.2126390571495131,0.3743739154782279,0.0005,1.3153275928969652,32.713068900004146
2,train,0.12885064010030342,0.12885064010030342,0.0,0.0,3.1352658993455407e-06,2.2216114315734507e-06,0.12885064010030342,0.1935102742745207,0.3589577135266819,0.0005,0.7597850825426713,60.71830130000308
3,train,0.12903930496678134,0.12903930496678134,0.0,0.0,1.4818354318193534e-06,2.2600758844624956e-06,0.12903930496678134,0.1933221432503383,0.3592204127924544,0.0005,0.7960809809419344,87.26096600000164
4,train,0.12909063491535114,0.12909063491535114,0.0,0.0,8.288470587773053e-07,2.215899770525762e-06,0.12909063491535114,0.19282765859773135,0.359291852002451,0.0005,0.8269319542736377,114.80681159999222
5,train,0.1286281929850273,0.1286281929850273,0.0,0.0,5.613843600129704e-07,2.2961190672572657e-06,0.1286281929850273,0.1928326500368849,0.35864772825856195,0.0005,0.7508604981989231,142.69289639999624
6,train,0.1288422753714258,0.1288422753714258,0.0,0.0,5.997920981852351e-07,2.2651904429331586e-06,0.1288422753714258,0.19279593577221882,0.3589460619249441,0.0005,0.774754746342605,170.07670350000262
7,train,0.1291671863456151,0.1291671863456151,0.0,0.0,6.194033624455667e-07,2.33929493007517e-06,0.1291671863456151,0.19455795200049592,0.3593983671994283,0.0005,0.8413281662846511,200.54318069999863
8,train,0.128191785208737,0.128191785208737,0.0,0.0,6.160443357451717e-07,2.40662952690846e-06,0.128191785208737,0.19283887759061918,0.35803880405444466,0.0005,0.6492927372455597,227.43939169999794
9,train,0.12903303556338627,0.12903303556338627,0.0,0.0,5.746180945907499e-07,2.404403128924248e-06,0.12903303556338627,0.19296332420956971,0.35921168628454486,0.0005,0.8635575433947006,257.0101246999984
10,train,0.1278793093399694,0.1278793093399694,0.0,0.0,6.300186628494593e-07,2.263457250626503e-06,0.1278793093399694,0.19328640076981957,0.35760216629652763,0.0005,0.682505708539261,284.7984989999968
11,train,0.12904647375214826,0.12904647375214826,0.0,0.0,6.953805817623638e-07,2.394784152080697e-06,0.12904647375214826,0.19332031828685184,0.35923039090832537,0.0005,0.7911343248385303,311.8198449000047
12,train,0.1284284055228609,0.1284284055228609,0.0,0.0,6.674782174020535e-07,2.315126860868883e-06,0.1284284055228609,0.1926112272565798,0.35836909119350807,0.0005,0.7092961638041262,338.66296230000444
13,train,0.12922649293460328,0.12922649293460328,0.0,0.0,6.592502129607519e-07,2.2637448075397942e-06,0.12922649293460328,0.19405514944063604,0.3594808658810692,0.0005,0.8295849120279528,366.7507239999977
14,train,0.12878106721091515,0.12878106721091515,0.0,0.0,6.614860909257056e-07,2.2589169640563135e-06,0.12878106721091515,0.1923923463595785,0.3588607908519892,0.0005,0.753906988872672,393.6143127999967
15,train,0.1307028445561542,0.1307028445561542,0.0,0.0,1.296147989139498e-06,2.357823572276415e-06,0.1307028445561542,0.1959359580633354,0.3615284837411213,0.0005,1.0347520832745534,421.5527025999909
16,train,0.1284752813762302,0.1284752813762302,0.0,0.0,8.561678023483491e-07,2.2735773504705924e-06,0.1284752813762302,0.19341721585161,0.3584344868678657,0.0005,0.781837450726977,448.3469033000001
17,train,0.12958758090576594,0.12958758090576594,0.0,0.0,9.061680071801744e-07,2.41153601916078e-06,0.12958758090576594,0.1924657706206418,0.3599827508447675,0.0005,0.830314743912445,477.91445810000005
18,train,0.12849724552586436,0.12849724552586436,0.0,0.0,9.067585706189966e-07,2.259649108363758e-06,0.12849724552586436,0.1946717843343064,0.358465124560067,0.0005,0.7632791593951999,508.07710829999996
19,train,0.1285375766292212,0.1285375766292212,0.0,0.0,9.608470924900277e-07,2.353448997142413e-06,0.1285375766292212,0.19236972172445843,0.3585213754146623,0.0005,0.7623855086430064,536.8842320999975
20,train,0.12911882643999187,0.12911882643999187,0.0,0.0,1.0597794539964251e-06,2.2864115305121643e-06,0.12911882643999187,0.192935917737349,0.35933108192861896,0.0005,0.8210436243493602,566.1655567999987
21,train,0.12917115684923497,0.12917115684923497,0.0,0.0,1.1094367771806472e-06,2.3817252131609493e-06,0.12917115684923497,0.19589632961653036,0.35940389097676023,0.0005,0.8353144217212245,593.0571858000039
22,train,0.12809959876585536,0.12809959876585536,0.0,0.0,1.1890849509225792e-06,2.244420754305913e-06,0.12809959876585536,0.19317168085396572,0.35791004284017425,0.0005,0.773009719151371,620.201198499999
23,train,0.1293286724674201,0.1293286724674201,0.0,0.0,1.314716433531636e-06,2.2954886673069956e-06,0.1293286724674201,0.19322052099126968,0.35962295876017164,0.0005,0.8205504091280811,647.3244221999921
24,train,0.12852230061354655,0.12852230061354655,0.0,0.0,1.4145864368847984e-06,2.323982243979117e-06,0.12852230061354655,0.1927823982957118,0.3585000705907135,0.0005,0.7910887551195217,673.520697999993
25,train,0.12870505208466404,0.12870505208466404,0.0,0.0,1.5611217585896121e-06,2.3513687360804704e-06,0.12870505208466404,0.19364197486660104,0.35875486349966607,0.0005,0.792454369506746,701.5939646999905
26,train,0.1289233920461073,0.1289233920461073,0.0,0.0,1.6978907985572252e-06,2.3659115885373397e-06,0.1289233920461073,0.19333192017456555,0.3590590369926752,0.0005,0.7915048756689396,728.9545186000032
27,train,0.12811026296234868,0.12811026296234868,0.0,0.0,1.8624937977293947e-06,2.3213746926386485e-06,0.12811026296234868,0.19253992089158242,0.35792494040280104,0.0005,0.7072451927189557,756.2599036000029
28,train,0.12782944306047006,0.12782944306047006,0.0,0.0,2.048007082899034e-06,2.3227249469201987e-06,0.12782944306047006,0.193051184065429,0.35753243637531695,0.0005,0.7563949235767689,784.4732855000038
29,train,0.12992181298273553,0.12992181298273553,0.0,0.0,2.9828817877438817e-06,2.3588235423957023e-06,0.12992181298273553,0.19502145780144994,0.36044668535406943,0.0005,1.0034361279235695,812.7988125999982
30,train,0.1282268096567659,0.1282268096567659,0.0,0.0,2.412875623345174e-06,2.3451071053026475e-06,0.1282268096567659,0.19300102074015532,0.35808771223928626,0.0005,0.7952582926120398,846.4759251999931
31,train,0.12787051673128516,0.12787051673128516,0.0,0.0,2.6611830182171717e-06,2.3421513118729258e-06,0.12787051673128516,0.19190739668062273,0.35758987224372724,0.0005,0.751964346136687,873.8331730999926
32,train,0.12841954613645357,0.12841954613645357,0.0,0.0,2.9519540664793723e-06,2.2384955057206306e-06,0.12841954613645357,0.1934226261399124,0.3583567302792757,0.0005,0.8306844310378129,901.0195347999979
33,train,0.12793849886832692,0.12793849886832692,0.0,0.0,3.2618538968889417e-06,2.2413650258557645e-06,0.12793849886832692,0.19280171465690968,0.35768491562872334,0.0005,0.8154605624248397,927.4062578000012
34,train,0.12795505802597928,0.12795505802597928,0.0,0.0,3.6260905101201232e-06,2.2833958670196566e-06,0.12795505802597928,0.1932065059518758,0.3577080625677583,0.0005,0.7680902641336873,953.2088083999988
35,train,0.12900773668823706,0.12900773668823706,0.0,0.0,4.283254328292283e-06,2.3011105801039243e-06,0.12900773668823706,0.19406358254897704,0.3591764701205204,0.0005,0.8882788875192966,979.4679923999938
36,train,0.12827445614039915,0.12827445614039915,0.0,0.0,4.560338641756559e-06,2.3690882626225467e-06,0.12827445614039915,0.19268243556033898,0.3581542351283859,0.0005,0.8278716830712445,1004.7611791999952
37,train,0.12833561768938176,0.12833561768938176,0.0,0.0,4.875618708196408e-06,2.3940154209893356e-06,0.12833561768938176,0.19164107985056514,0.35823960932507415,0.0005,0.811654787018614,1029.2967841999925
38,train,0.1271928810146044,0.1271928810146044,0.0,0.0,5.330890206885601e-06,2.3964163776052474e-06,0.1271928810146044,0.19239664226594672,0.35664110954095635,0.0005,0.6677375711360067,1053.4976380000007
39,train,0.12705933868496258,0.12705933868496258,0.0,0.0,6.004580779328947e-06,2.258218284434818e-06,0.12705933868496258,0.19173775177519276,0.3564538380842077,0.0005,0.7257054644935536,1079.3853329999984
40,train,0.13120896731017875,0.13120896731017875,0.0,0.0,2.1298335794645543e-05,2.341216870417894e-06,0.13120896731017875,0.19367951708933653,0.3622277837358404,0.0005,inf,1105.1657418999966
41,train,0.12757200862897147,0.12757200862897147,0.0,0.0,7.771263237785052e-06,2.362538843267687e-06,0.12757200862897147,0.19327588590248573,0.3571722394433412,0.0005,0.7597732673276145,1130.7150317999913
42,train,0.1275215090542262,0.1275215090542262,0.0,0.0,8.419674649526572e-06,2.293391413280366e-06,0.1275215090542262,0.19202464085494003,0.35710153885726426,0.0005,0.8003403819956869,1156.8519712999987
43,train,0.12717125020039333,0.12717125020039333,0.0,0.0,9.475949252002877e-06,2.2962510533857915e-06,0.12717125020039333,0.19209833484986483,0.35661078250719414,0.0005,0.7781580433530627,1181.009292799994
44,train,0.1269366185806438,0.1269366185806438,0.0,0.0,1.0587110332466491e-05,2.229547478562827e-06,0.1269366185806438,0.19115635928223437,0.35628165625056224,0.0005,0.7520989157118887,1204.8375147000042
45,train,0.12771506989775624,0.12771506989775624,0.0,0.0,1.1996342308057652e-05,2.2476087134185398e-06,0.12771506989775624,0.1926819212119675,0.35737245262856543,0.0005,0.8224704085655932,1228.1755798999948
46,train,0.12771221840529556,0.12771221840529556,0.0,0.0,1.3437423441023126e-05,2.3159650310227113e-06,0.12771221840529556,0.19292935608482023,0.35736846308158693,0.0005,0.902597520711287,1252.3770461999957
47,train,0.12688079886934678,0.12688079886934678,0.0,0.0,1.4977385704559362e-05,2.2834396343071447e-06,0.12688079886934678,0.1927652028336558,0.3562033111431543,0.0005,0.7687467676850984,1278.109335400004
48,train,0.12647805106510374,0.12647805106510374,0.0,0.0,1.6998573712799214e-05,2.29293705632579e-06,0.12647805106510374,0.19233336916087931,0.3556375276388921,0.0005,0.8666115903629447,1302.9479016999976
49,train,0.12649545189979455,0.12649545189979455,0.0,0.0,1.9254302060289774e-05,2.275885871107298e-06,0.12649545189979455,0.19109710683378406,0.35566199108113106,0.0005,0.7815549896573121,1328.3184025999944
50,train,0.12740695030732685,0.12740695030732685,0.0,0.0,2.1730850298723146e-05,2.2624590372906135e-06,0.12740695030732685,0.19221907841076835,0.35694110201450163,0.0005,inf,1353.5776564999978
51,train,0.12707253209009647,0.12707253209009647,0.0,0.0,2.4322157188643753e-05,2.2802649057683873e-06,0.12707253209009647,0.19246232399962976,0.3564723440746792,0.0005,0.9328003930595686,1378.846709199992
52,train,0.12616960156190307,0.12616960156190307,0.0,0.0,2.7396200133601802e-05,2.265791975006786e-06,0.12616960156190307,0.19084179808192386,0.3552036057839265,0.0005,0.8286096993482338,1404.3243674999976
53,train,0.12663102245758912,0.12663102245758912,0.0,0.0,3.071462073558854e-05,2.425167946177749e-06,0.12663102245758912,0.19219073984455667,0.3558525290869648,0.0005,0.9003718953649953,1428.4512060999987
54,train,0.12681356393239285,0.12681356393239285,0.0,0.0,3.635631263984218e-05,2.3693696375459077e-06,0.12681356393239285,0.19286146147422628,0.356108921444539,0.0005,1.01442866083586,1454.6256900000008
55,train,0.12622734690255286,0.12622734690255286,0.0,0.0,3.7750313324823026e-05,2.347499230810807e-06,0.12622734690255286,0.19070319916771827,0.35528488133123937,0.0005,0.9744395183504753,1479.910451200005
56,train,0.12513376291048328,0.12513376291048328,0.0,0.0,4.247345347017849e-05,2.3587219278131258e-06,0.12513376291048328,0.19023974137205,0.3537425093348031,0.0005,0.7750828574710297,1503.8368093000026
57,train,0.1254277037655691,0.1254277037655691,0.0,0.0,4.789119908687184e-05,2.3102381573891144e-06,0.1254277037655691,0.19108265958515533,0.354157738536897,0.0005,0.9516451791772302,1527.1658708000032
58,train,0.12465368098956052,0.12465368098956052,0.0,0.0,5.4152075979388585e-05,2.3147180665958175e-06,0.12465368098956052,0.18957841734243736,0.35306328184839686,0.0005,0.8611029777324425,1551.6275525999954
59,train,0.1264129746448576,0.1264129746448576,0.0,0.0,6.122214087880357e-05,2.3434152821347147e-06,0.1264129746448576,0.19095173921471215,0.35554602324432993,0.0005,1.1885027238782846,1576.9227511999925
60,train,0.1246578715880564,0.1246578715880564,0.0,0.0,6.872387900827716e-05,2.2204546401141825e-06,0.1246578715880564,0.18947673327869408,0.3530692164265477,0.0005,0.904215711748825,1600.6481509000005
61,train,0.12438733293320703,0.12438733293320703,0.0,0.0,7.90431715255902e-05,2.326075947973361e-06,0.12438733293320703,0.18934203081606135,0.35268588422732067,0.0005,0.970707137067363,1624.5632144999981
62,train,0.12482156825033874,0.12482156825033874,0.0,0.0,8.791187250402422e-05,2.3374044573911135e-06,0.12482156825033874,0.19132481446876282,0.35330095987746585,0.0005,1.1366018208692659,1648.9379821000039
63,train,0.124495250623185,0.124495250623185,0.0,0.0,9.861000457159155e-05,2.400721569447685e-06,0.124495250623185,0.1902062760244282,0.352838845116556,0.0005,1.0597952321734068,1674.0905263000022
64,train,0.12371694392877201,0.12371694392877201,0.0,0.0,0.00011022815319933525,2.3425770733702626e-06,0.12371694392877201,0.18909143185032143,0.3517341949949877,0.0005,1.0987092037245911,1700.1034884999972
65,train,0.12410179365117142,0.12410179365117142,0.0,0.0,0.00012310885742992022,2.2280821067054277e-06,0.12410179365117142,0.18852210052416854,0.35228084485417516,0.0005,1.1207350211323432,1725.3880895000038
66,train,0.12388879478466205,0.12388879478466205,0.0,0.0,0.00013491690951236964,2.3483290996804464e-06,0.12388879478466205,0.18932689987825904,0.3519784010200939,0.0005,1.2951561026978042,1751.6994882
67,train,0.12351300027520715,0.12351300027520715,0.0,0.0,0.00015167580142656762,2.2515962277707934e-06,0.12351300027520715,0.18786290616570217,0.35144416380871535,0.0005,1.26381823167486,1775.8498569999938
68,train,0.12308860122926865,0.12308860122926865,0.0,0.0,0.00016766272865253377,2.2717232790249532e-06,0.12308860122926865,0.18865904853029067,0.35083985125590944,0.0005,1.2537542826162194,1799.6400203999947
69,train,0.12263578251004223,0.12263578251004223,0.0,0.0,0.00021734633642240023,2.2611347250584105e-06,0.12263578251004223,0.18778833095160008,0.35019392129224947,0.0005,1.3944418919536303,1823.4993803999969
70,train,0.1215549779710478,0.1215549779710478,0.0,0.0,0.00037174137201564353,2.3814311567925955e-06,0.1215549779710478,0.1874572464089208,0.34864735474551906,0.0005,1.2008781236297679,1847.7466042000015
71,train,0.12490298014815363,0.12490298014815363,0.0,0.0,0.017648414297925553,2.352990929277851e-06,0.12490298014815363,0.1978117664221604,0.3534161571690712,0.0005,inf,1870.910016599999
72,train,0.10205840229127884,0.10205840229127884,0.0,0.0,0.45079412768190763,2.3133305745123267e-06,0.10205840229127884,0.17709469382633586,0.31946580770291966,0.0005,1.926136703423734,1894.6132412000006
73,train,0.08813429832228413,0.08813429832228413,0.0,0.0,0.39990903043522025,2.2588507607786526e-06,0.08813429832228413,0.16809895222760596,0.2968742129628037,0.0005,inf,1918.8022201999993
74,train,0.06995705419943782,0.06995705419943782,0.0,0.0,0.14366157943347715,2.3378741513436083e-06,0.06995705419943782,0.13562378745244916,0.26449395872011483,0.0005,1.662859984163968,1942.5969970000006
75,train,0.06320944066029832,0.06320944066029832,0.0,0.0,0.09658886815579433,2.2893551766105275e-06,0.06320944066029832,0.12426372350035411,0.2514148775635569,0.0005,1.3089809097209066,1966.7146299000015
76,train,0.061375058076881484,0.061375058076881484,0.0,0.0,0.07305402125952379,2.342037065181154e-06,0.061375058076881484,0.12091502234480293,0.24773990005019678,0.0005,1.4132483950201071,1993.6204271000024
77,train,0.059880142078492224,0.059880142078492224,0.0,0.0,0.06868666283926873,2.4208967788753107e-06,0.059880142078492224,0.12011655961462067,0.24470419301371243,0.0005,1.5812840394254,2016.8420237999962
78,train,0.05915181476622546,0.05915181476622546,0.0,0.0,0.06933765991959932,2.3050498890919492e-06,0.05915181476622546,0.1177072660294625,0.24321146100919147,0.0005,1.594339669313071,2043.1675838999945
79,train,0.058182323025759174,0.058182323025759174,0.0,0.0,0.06658725306954023,2.19623972549565e-06,0.058182323025759174,0.11596307014730181,0.24121012214614704,0.0005,1.4721347414097696,2068.1641549999913
80,train,0.057240701109823836,0.057240701109823836,0.0,0.0,0.06442546598472686,2.2891618360552216e-06,0.057240701109823836,0.1142009516738636,0.23925028967552753,0.0005,1.4777295997120299,2092.5321614999993
81,train,0.0558932004927384,0.0558932004927384,0.0,0.0,0.0621594415520722,2.325461080219165e-06,0.0558932004927384,0.11188289738558935,0.2364174284877035,0.0005,1.2507458188623752,2117.574239900001
82,train,0.05748281648488526,0.05748281648488526,0.0,0.0,0.06263218243729393,2.3815279707875717e-06,0.05748281648488526,0.1164856563304674,0.2397557433824793,0.0005,1.8438702608054538,2141.629527099998
83,train,0.056058147185666575,0.056058147185666575,0.0,0.0,0.06251668381803441,2.295891290315304e-06,0.056058147185666575,0.11213611239778268,0.23676601780168238,0.0005,1.4534870622293004,2165.7468589999917
84,train,0.056374912245821245,0.056374912245821245,0.0,0.0,0.06272617235498608,2.276722052813983e-06,0.056374912245821245,0.11102628430773348,0.23743401661476657,0.0005,1.6364464675480466,2191.1498562999914
85,train,0.055668668474088856,0.055668668474088856,0.0,0.0,0.06534456848254744,2.2469482357920705e-06,0.055668668474088856,0.1126868113436086,0.2359420871190404,0.0005,1.776518460152284,2215.273199000003
86,train,0.05510855111521932,0.05510855111521932,0.0,0.0,0.06741284860192605,2.350070509614938e-06,0.05510855111521932,0.1105578863958143,0.23475210566727472,0.0005,1.5033502140135135,2238.855789699999
87,train,0.05448381258254401,0.05448381258254401,0.0,0.0,0.06270693755655918,2.2566924526300973e-06,0.05448381258254401,0.10978641097064848,0.23341767838478733,0.0005,1.3952952218505572,2262.2502154999966
88,train,0.054095681172434254,0.054095681172434254,0.0,0.0,0.06269250676598188,2.3334758950268053e-06,0.054095681172434254,0.10771349742130007,0.23258478276197317,0.0005,1.2388235159077734,2287.776401299998
89,train,0.05493822688451542,0.05493822688451542,0.0,0.0,0.0640367715847942,2.3560475393372506e-06,0.05493822688451542,0.11148358502794269,0.23438905026582496,0.0005,1.5158731183915768,2315.002779699993
90,train,0.05514386051348443,0.05514386051348443,0.0,0.0,0.06343244444930328,2.3548057744744065e-06,0.05514386051348443,0.11253787624596989,0.234827299336096,0.0005,1.9135172489397931,2339.908370799996
91,train,0.053498152659476716,0.053498152659476716,0.0,0.0,0.06180569290552499,2.345073209464729e-06,0.053498152659476716,0.10888468177356528,0.23129667671515888,0.0005,1.493198886794864,2364.356619600003
92,train,0.05311084377501414,0.05311084377501414,0.0,0.0,0.06449263795929135,2.3377012422435725e-06,0.05311084377501414,0.10883956819175267,0.23045790022260929,0.0005,1.536791835472269,2388.3246679000003
93,train,0.053928613285152444,0.053928613285152444,0.0,0.0,0.0645418163599833,2.323151124554262e-06,0.053928613285152444,0.10992098395308514,0.23222535022075527,0.0005,1.7693462742949433,2412.6681589999935
94,train,0.05355812548349484,0.05355812548349484,0.0,0.0,0.0640213724998933,2.266318611049737e-06,0.05355812548349484,0.10902318327845832,0.23142628520437095,0.0005,1.5491900193803716,2435.454641499993
95,train,0.05262873501564651,0.05262873501564651,0.0,0.0,0.06602291397328647,2.3512033024262735e-06,0.05262873501564651,0.10776823736586662,0.2294095355813409,0.0005,1.5377527714337942,2457.8708896000026
96,train,0.052199969466301746,0.052199969466301746,0.0,0.0,0.06591567333857969,2.3386339483655526e-06,0.052199969466301746,0.10596264610945615,0.22847312635472414,0.0005,1.243699219148114,2481.5360033000034
97,train,0.05175447956509811,0.05175447956509811,0.0,0.0,0.0671544224023819,2.347491637388061e-06,0.05175447956509811,0.10596067371409172,0.2274961089010054,0.0005,1.4110575790675182,2506.114070900003
98,train,0.05185315525113937,0.05185315525113937,0.0,0.0,0.06909233444141892,2.3626587978967264e-06,0.05185315525113937,0.10835621526007941,0.2277128789751238,0.0005,1.63030514289748,2530.315638
99,train,0.05157739527078448,0.05157739527078448,0.0,0.0,0.07268692946658944,2.2918538545710825e-06,0.05157739527078448,0.10788618971962692,0.22710657249578772,0.0005,1.9359478635608025,2554.3401701999974
100,train,0.051193792629247885,0.051193792629247885,0.0,0.0,0.07070003829474719,2.2989876285619004e-06,0.051193792629247885,0.10517849278688994,0.22626045308283083,0.0005,1.5167988384107374,2579.168460899993
1,train,0.14806725008082067,0.14806725008082067,0.0,0.0,0.00010394035156051179,2.355421712600905e-06,0.14806725008082067,0.23133538251672445,0.3847950754373302,0.0005,1.6301622986793518,27.089235699997516
2,train,0.1296342231794524,0.1296342231794524,0.0,0.0,1.8482775310917104e-05,2.2883493526916147e-06,0.1296342231794524,0.1936624326690469,0.3600475290561683,0.0005,0.8722708922512127,50.95954349999374
3,train,0.1292423700170541,0.1292423700170541,0.0,0.0,7.726220323916695e-06,2.2808911486414594e-06,0.1292423700170541,0.19288735294117124,0.35950294855126586,0.0005,0.824998029279259,74.81423919998633
4,train,0.12895634387977273,0.12895634387977273,0.0,0.0,4.731114485503843e-06,2.274583219435233e-06,0.12895634387977273,0.19414394270136673,0.3591049204338096,0.0005,0.821145458603805,98.8146706999978
5,train,0.12890987187304934,0.12890987187304934,0.0,0.0,2.9270668701085598e-06,2.3305495636483307e-06,0.12890987187304934,0.19344829022884366,0.3590402092705625,0.0005,0.7187651918744141,123.92413169999782
6,train,0.12907212276540517,0.12907212276540517,0.0,0.0,1.7939480671284056e-06,2.3285080397675663e-06,0.12907212276540517,0.19308349740217032,0.3592660890835721,0.0005,0.8001013476893587,149.23583699998562
7,train,0.12869908046851838,0.12869908046851838,0.0,0.0,1.4832654577953946e-06,2.3692655154177976e-06,0.12869908046851838,0.1923224003177206,0.3587465407059954,0.0005,0.7351089864969254,173.6933311999892
8,train,0.1285034234819215,0.1285034234819215,0.0,0.0,1.3342899811110363e-06,2.3295959284230364e-06,0.1285034234819215,0.19302065864486515,0.35847374169096613,0.0005,0.7004031633149903,197.121478999994
9,train,0.12881463769239038,0.12881463769239038,0.0,0.0,1.2512883255833415e-06,2.4455179673511665e-06,0.12881463769239038,0.19410006726722964,0.35890756148678504,0.0005,0.7377030329321915,222.86569849999796
10,train,0.1290062347410674,0.1290062347410674,0.0,0.0,1.0851287937976799e-06,2.3862137475520767e-06,0.1290062347410674,0.19281423736258224,0.3591743792937734,0.0005,0.7649196481929635,249.36150209998596
11,train,0.1287160647070949,0.1287160647070949,0.0,0.0,7.370876975108091e-07,2.299580494695445e-06,0.1287160647070949,0.19385652888460822,0.3587702115659756,0.0005,0.7102930365868334,273.77407509999466
12,train,0.12826849985120925,0.12826849985120925,0.0,0.0,5.354891153222885e-07,2.3326502518754735e-06,0.12826849985120925,0.19136132707221892,0.35814591977462096,0.0005,0.7000425165554263,299.11716469998646
13,train,0.12839160814125175,0.12839160814125175,0.0,0.0,6.058488937031932e-07,2.311982975783703e-06,0.12839160814125175,0.19341358095583208,0.3583177474550371,0.0005,0.7460771484195061,323.6805386999913
14,train,0.1279858630399861,0.1279858630399861,0.0,0.0,6.406789585731909e-07,2.3798840998697757e-06,0.1279858630399861,0.19245058984478128,0.35775111885217925,0.0005,0.6599175196211293,347.2487254999869
15,train,0.12812947002784536,0.12812947002784536,0.0,0.0,6.773221274078475e-07,2.320497864669926e-06,0.12812947002784536,0.1929179276163989,0.3579517705331898,0.0005,0.6723854710470956,371.10665909999807
16,train,0.1289573507552048,0.1289573507552048,0.0,0.0,7.016325298536685e-07,2.3103946912944492e-06,0.1289573507552048,0.1935758320368686,0.35910632235482126,0.0005,0.8012887638694836,394.99672019999707
17,train,0.1297329265661626,0.1297329265661626,0.0,0.0,7.404780760379991e-07,2.3589644776088875e-06,0.1297329265661626,0.19472477267549002,0.3601845729152799,0.0005,0.8651243999319257,419.16974169999594
18,train,0.12819868233069978,0.12819868233069978,0.0,0.0,8.054501198836627e-07,2.3518308173049073e-06,0.12819868233069978,0.19242589274632202,0.3580484357327927,0.0005,0.7611340767932389,443.85830839999835
19,train,0.1283071879412949,0.1283071879412949,0.0,0.0,8.408938598685776e-07,2.3708730773336663e-06,0.1283071879412949,0.1928679171141307,0.35819992733290007,0.0005,0.7818815227387086,468.1815856999892
20,train,0.12950628332702832,0.12950628332702832,0.0,0.0,9.272663816155504e-07,2.378364670993557e-06,0.12950628332702832,0.1928687676541367,0.3598698144149191,0.0005,0.8695988213678576,493.03690949999145
21,train,0.12805221088981272,0.12805221088981272,0.0,0.0,1.0093406153141843e-06,2.3353811148242457e-06,0.12805221088981272,0.1932036699182442,0.3578438358974662,0.0005,0.7675971065489751,517.8358227999997
22,train,0.1279652948732755,0.1279652948732755,0.0,0.0,1.0972673144265773e-06,2.311267450132395e-06,0.1279652948732755,0.19257087788878466,0.35772237122281786,0.0005,0.7061274259720208,542.354711699998
23,train,0.12823686334384132,0.12823686334384132,0.0,0.0,1.2170120722005794e-06,2.2429642864874452e-06,0.12823686334384132,0.19323294996723256,0.3581017499871249,0.0005,0.7485355144401766,566.9492100999923
24,train,0.12764241554888842,0.12764241554888842,0.0,0.0,1.307241871447057e-06,2.372021153517054e-06,0.12764241554888842,0.19141594392757091,0.3572707874272516,0.0005,0.594152846426334,592.1238333999936
25,train,0.12832988324402977,0.12832988324402977,0.0,0.0,1.445277301275571e-06,2.200449027853056e-06,0.12832988324402977,0.19294757229926165,0.3582316055906148,0.0005,0.7733526229858398,617.3921575999993
26,train,0.12866336625925473,0.12866336625925473,0.0,0.0,1.6005375161237783e-06,2.4076627622254718e-06,0.12866336625925473,0.19448709750794016,0.3586967608708709,0.0005,0.814109038631871,641.8756439999997
27,train,0.12847604692692846,0.12847604692692846,0.0,0.0,1.7220058349987497e-06,2.3378944605319014e-06,0.12847604692692846,0.19222036100361703,0.3584355547750927,0.0005,0.781253067671128,667.0657561999978
28,train,0.1294281990119621,0.1294281990119621,0.0,0.0,1.9852487480849683e-06,2.2925209603546945e-06,0.1294281990119621,0.19345711729190543,0.35976130838649406,0.0005,0.9331770232825909,692.1109997999883
29,train,0.12832276829332223,0.12832276829332223,0.0,0.0,2.1251945876223168e-06,2.2950632876258305e-06,0.12832276829332223,0.19339772986318432,0.35822167479554085,0.0005,0.7731022446785333,716.1593039999862
30,train,0.12834949255996447,0.12834949255996447,0.0,0.0,2.269059330432836e-06,2.29702756666295e-06,0.12834949255996447,0.19358202025013144,0.35825897415133157,0.0005,0.7856806392939586,739.5639181999868
31,train,0.12933322636369132,0.12933322636369132,0.0,0.0,2.35829553353056e-06,2.3019201719607907e-06,0.12933322636369132,0.1935375312220235,0.3596292901915684,0.0005,0.8917243851805633,762.5123322999862
32,train,0.12895118127459493,0.12895118127459493,0.0,0.0,2.554248835450672e-06,2.3452108456145858e-06,0.12895118127459493,0.19374158814690018,0.35909773220475083,0.0005,0.8476111545877637,786.0312568999943
33,train,0.12818378355338422,0.12818378355338422,0.0,0.0,2.770322028499202e-06,2.445779354841435e-06,0.12818378355338422,0.19335648580190706,0.3580276295949577,0.0005,0.8029722284595922,809.6600169999874
34,train,0.1278841340124035,0.1278841340124035,0.0,0.0,3.0207475721805886e-06,2.3297999040602556e-06,0.1278841340124035,0.19267085664114864,0.3576089120986829,0.0005,0.7339196992370317,835.1626664999931
35,train,0.1283003628281668,0.1283003628281668,0.0,0.0,3.368006656393914e-06,2.3438359834952556e-06,0.1283003628281668,0.19339060619965473,0.3581904002456889,0.0005,0.7917756556339983,860.5378924999968
36,train,0.12868481325834025,0.12868481325834025,0.0,0.0,3.87306400659996e-06,2.2482211272530685e-06,0.12868481325834025,0.1923479801079012,0.35872665534964115,0.0005,0.8531006462169144,885.1580628999945
37,train,0.12881938284710553,0.12881938284710553,0.0,0.0,5.434867296331366e-06,2.2852521156754897e-06,0.12881938284710553,0.19474885633109873,0.3589141719786299,0.0005,0.8123734871733863,910.4336215999938
38,train,0.12874403158419676,0.12874403158419676,0.0,0.0,5.611980441244668e-06,2.2974421375143926e-06,0.12874403158419676,0.1929640141017032,0.35880918547913004,0.0005,0.8633747282174399,934.4160935999971
39,train,0.12738371431299833,0.12738371431299833,0.0,0.0,4.553485153011488e-06,2.273725797595206e-06,0.12738371431299833,0.1926473394827039,0.35690855175100294,0.0005,0.682813065231971,958.7711904999887
40,train,0.12846543572455665,0.12846543572455665,0.0,0.0,4.989026974554982e-06,2.3398954840129867e-06,0.12846543572455665,0.19253306973479548,0.35842075236313625,0.0005,0.8677919962496128,982.6390785999974
41,train,0.12852161470929682,0.12852161470929682,0.0,0.0,5.5727485206896846e-06,2.3270898114822317e-06,0.12852161470929682,0.19321262409629403,0.35849911395887274,0.0005,0.8906024598850394,1006.6222770999884
42,train,0.12822687336760416,0.12822687336760416,0.0,0.0,6.900246433978505e-06,2.3444955537720574e-06,0.12822687336760416,0.19162000457598077,0.3580878011990972,0.0005,0.855644018582578,1029.6567007999984
43,train,0.12691539869910623,0.12691539869910623,0.0,0.0,6.799359361362151e-06,2.2308920077468328e-06,0.12691539869910623,0.19152289084773857,0.3562518753622305,0.0005,0.731508123424818,1053.3133304999938
44,train,0.1277771672880127,0.1277771672880127,0.0,0.0,7.3772819735684195e-06,2.3136919935495825e-06,0.1277771672880127,0.19273041199787327,0.3574593225641383,0.0005,0.8031074337239535,1077.362092899988
45,train,0.12695424778414133,0.12695424778414133,0.0,0.0,8.174458747267841e-06,2.3527625581612845e-06,0.12695424778414133,0.19248525871596525,0.35630639593493313,0.0005,0.7469758160834042,1100.8237249999947
46,train,0.12705142764269728,0.12705142764269728,0.0,0.0,9.23403166660068e-06,2.307586401174084e-06,0.12705142764269728,0.1910417734979178,0.3564427410436314,0.0005,0.738143543308636,1123.6008094999997
47,train,0.1275213590047332,0.1275213590047332,0.0,0.0,1.040178852596206e-05,2.289420921923285e-06,0.1275213590047332,0.19179976275014984,0.35710132876360623,0.0005,0.8608570444696354,1149.1490993999905
48,train,0.12638694218857946,0.12638694218857946,0.0,0.0,1.1738862993743683e-05,2.2802906504745445e-06,0.12638694218857946,0.19146552851142476,0.3555094122362718,0.0005,0.6614024256760219,1172.9328469999891
49,train,0.12667240623394596,0.12667240623394596,0.0,0.0,1.3283306801003044e-05,2.3454319236132606e-06,0.12667240623394596,0.19106306099104428,0.35591067170562046,0.0005,0.7980034961453024,1197.8515404999926
50,train,0.12680908644883257,0.12680908644883257,0.0,0.0,1.566635798879807e-05,2.377616109663235e-06,0.12680908644883257,0.1916132946498692,0.35610263471200626,0.0005,0.8339218550695563,1221.581069699998
51,train,0.12731725489750906,0.12731725489750906,0.0,0.0,1.6487308370552404e-05,2.289087817343726e-06,0.12731725489750906,0.19138727508274445,0.3568154353408903,0.0005,inf,1245.2988691999926
52,train,0.12662395723814796,0.12662395723814796,0.0,0.0,1.843131012033412e-05,2.304990651814392e-06,0.12662395723814796,0.19164723622138208,0.35584260177520616,0.0005,0.8695949739161527,1269.5040666999994
53,train,0.1259965003987572,0.1259965003987572,0.0,0.0,2.052764190217581e-05,2.3392375053519125e-06,0.1259965003987572,0.1913504661482601,0.35495985744694736,0.0005,0.7884870351485487,1292.9235002999922
54,train,0.12597704986000505,0.12597704986000505,0.0,0.0,2.2960243270818126e-05,2.346989849426774e-06,0.12597704986000505,0.1910421196511894,0.3549324581663461,0.0005,0.8469978748065121,1317.940947199997
55,train,0.12669146331644915,0.12669146331644915,0.0,0.0,2.587388041989333e-05,2.284683812333997e-06,0.12669146331644915,0.19177940913107033,0.35593744298183794,0.0005,0.9003398044491714,1346.6709832999913
56,train,0.12576995806972807,0.12576995806972807,0.0,0.0,2.8889206730110465e-05,2.2879203908025444e-06,0.12576995806972807,0.19159180451676533,0.35464060409057513,0.0005,0.8036261186847147,1372.7196526999905
57,train,0.12522314289563613,0.12522314289563613,0.0,0.0,3.289355176230805e-05,2.34286304510293e-06,0.12522314289563613,0.18958586828326282,0.35386882159302496,0.0005,0.8020517272206972,1396.9736640999909
58,train,0.12460539138525559,0.12460539138525559,0.0,0.0,3.63393142181866e-05,2.240406903217932e-06,0.12460539138525559,0.1898120119693285,0.3529948886106647,0.0005,0.7779562670104908,1421.001351999992
59,train,0.12581302074797587,0.12581302074797587,0.0,0.0,4.1436162613330076e-05,2.29481148629552e-06,0.12581302074797587,0.19082408535100942,0.354701312018966,0.0005,1.0597578784767188,1447.0131775999907
60,train,0.1255987213126094,0.1255987213126094,0.0,0.0,4.692846218773102e-05,2.2643179972702747e-06,0.1255987213126094,0.18990160428725603,0.3543990989161928,0.0005,0.9830625273709027,1471.6834849999868
61,train,0.12476013246139801,0.12476013246139801,0.0,0.0,5.1193108893645365e-05,2.3390696006177712e-06,0.12476013246139801,0.18996766788955288,0.35321400377306394,0.0005,0.8682180502504673,1497.0977061999874
62,train,0.12549553148877884,0.12549553148877884,0.0,0.0,5.762077695558304e-05,2.2976462933345246e-06,0.12549553148877884,0.18975210304038145,0.35425348479412144,0.0005,1.019636610487722,1521.6262625999952
63,train,0.12564917190877925,0.12564917190877925,0.0,0.0,6.448890156395962e-05,2.2564739872836553e-06,0.12564917190877925,0.19297844498716998,0.3544702694285929,0.0005,inf,1545.6093010999903
64,train,0.12493566803736852,0.12493566803736852,0.0,0.0,7.12115398305029e-05,2.3372900798522267e-06,0.12493566803736852,0.1909668328714961,0.35346239975048055,0.0005,1.2204339234334118,1569.774142899987
65,train,0.1236930901992996,0.1236930901992996,0.0,0.0,7.90229280954798e-05,2.2891191198347237e-06,0.1236930901992996,0.18952873407529214,0.3517002846164609,0.0005,1.0043317821790587,1593.9253727999894
66,train,0.125031431616374,0.125031431616374,0.0,0.0,8.86934048705954e-05,2.356043244977833e-06,0.125031431616374,0.18959471261093633,0.35359783881745377,0.0005,1.3358963637981776,1618.1082605999982
67,train,0.1229259279164769,0.1229259279164769,0.0,0.0,9.848875540554664e-05,2.317336969459781e-06,0.1229259279164769,0.18921868779854673,0.3506079404640986,0.0005,0.9706181045973076,1642.8128709999874
68,train,0.12291861814962927,0.12291861814962927,0.0,0.0,0.00011069503629839328,2.288584680155629e-06,0.12291861814962927,0.18826847799333202,0.350597515891983,0.0005,1.1076375077355582,1667.0585072999966
69,train,0.12351091020943197,0.12351091020943197,0.0,0.0,0.0001245927197950945,2.3679814182956625e-06,0.12351091020943197,0.189391720101659,0.3514411902572491,0.0005,1.3593711110780824,1691.0627555999963
70,train,0.12187727816307639,0.12187727816307639,0.0,0.0,0.0001459505590489398,2.298569977440666e-06,0.12187727816307639,0.18797104379583923,0.34910926393190483,0.0005,1.226846991844897,1714.6762167999987
71,train,0.12250823030637617,0.12250823030637617,0.0,0.0,0.0005024343174124435,2.3222058120635032e-06,0.12250823030637617,0.1889225430769038,0.3500117573830573,0.0005,1.440904771944262,1739.4793659999996
72,train,0.12195374829493377,0.12195374829493377,0.0,0.0,0.0009493652603782292,2.2967454302522797e-06,0.12195374829493377,0.18857695133829455,0.34921876853189576,0.0005,1.6212679974313051,1764.9243256999907
73,train,0.12001048109100425,0.12001048109100425,0.0,0.0,0.001197396616126358,2.295449305920728e-06,0.12001048109100425,0.1882133298588671,0.34642528933523925,0.0005,1.5747735309150983,1787.8749862999975
74,train,0.11774366112787797,0.11774366112787797,0.0,0.0,0.0014094510565968758,2.293387695935276e-06,0.11774366112787797,0.1838316450352377,0.3431379622365878,0.0005,1.5337575865241717,1813.1092637999973
75,train,0.11617857550116002,0.11617857550116002,0.0,0.0,0.0018490217164826561,2.27535283428088e-06,0.11617857550116002,0.18703354163235927,0.3408497843642563,0.0005,inf,1837.481721899996
76,train,0.1076073033116837,0.1076073033116837,0.0,0.0,0.0011807331510046322,2.360754472578745e-06,0.1076073033116837,0.176644357573241,0.32803552141754966,0.0005,1.660261164296348,1861.6991235999885
77,train,0.09692945235528554,0.09692945235528554,0.0,0.0,0.0014294171617981399,2.350831158215648e-06,0.09692945235528554,0.1670196645313276,0.3113349520296196,0.0005,1.9126185783237781,1886.7481917999976
78,train,0.08752897050524656,0.08752897050524656,0.0,0.0,0.004502113010154439,2.3117830606971217e-06,0.08752897050524656,0.1578806521845454,0.29585295419388086,0.0005,2.6326137291935257,1910.6218408999994
79,train,0.07296977991667654,0.07296977991667654,0.0,0.0,0.0059200844788959,2.1633573757050194e-06,0.07296977991667654,0.1400003470005995,0.27012919115985323,0.0005,2.519705983265391,1933.9816320999962
80,train,0.07395591081026995,0.07395591081026995,0.0,0.0,0.006615025421850524,2.312741050342804e-06,0.07395591081026995,0.14092200051395679,0.2719483605581581,0.0005,inf,1958.3722699999926
81,train,0.06636317254245644,0.06636317254245644,0.0,0.0,0.007753752347714496,2.367964170071849e-06,0.06636317254245644,0.12938671990491024,0.257610505497071,0.0005,3.4449382936054804,1983.769024899986
82,train,0.06253865017078737,0.06253865017078737,0.0,0.0,0.01274095616250668,2.223890681066995e-06,0.06253865017078737,0.12462310283005518,0.2500772883945829,0.0005,2.5821361058163195,2007.7875438999909
83,train,0.06032113514460055,0.06032113514460055,0.0,0.0,0.008755508300690155,2.339628352119861e-06,0.06032113514460055,0.12026191227981504,0.24560361386714274,0.0005,2.4355252216447076,2032.448188399998
84,train,0.06043182812358764,0.06043182812358764,0.0,0.0,0.006413702027134175,2.303975529170168e-06,0.06043182812358764,0.11933283231238717,0.24582885941969393,0.0005,2.635859290946205,2058.4885843999946
85,train,0.06077924211081754,0.06077924211081754,0.0,0.0,0.006269275562240268,2.2756052362208996e-06,0.06077924211081754,0.12246516405095188,0.2465344643469094,0.0005,3.7764864608926594,2082.4633616999927
86,train,0.058793937009009686,0.058793937009009686,0.0,0.0,0.005607241281431238,2.2740314671812846e-06,0.058793937009009686,0.11836892645806073,0.24247461106064216,0.0005,3.680157906041955,2106.9795942999917
87,train,0.0575149286851366,0.0575149286851366,0.0,0.0,0.005272570865685647,2.3693546223031896e-06,0.0575149286851366,0.11630307403305228,0.23982270260577207,0.0005,3.162477670413143,2131.3482189999922
88,train,0.055738820262140124,0.055738820262140124,0.0,0.0,0.005248301442853123,2.2441929151579452e-06,0.055738820262140124,0.11297058897655249,0.2360907034640291,0.0005,2.762122465754455,2155.2846904999897
89,train,0.05604007042088339,0.05604007042088339,0.0,0.0,0.0049604992470089,2.343184798158994e-06,0.05604007042088339,0.1148864785279587,0.23672784040091988,0.0005,3.388074223725301,2181.5852181999944
90,train,0.05469600110723065,0.05469600110723065,0.0,0.0,0.0048843243176925856,2.311403198651739e-06,0.05469600110723065,0.11075028171235661,0.23387176209887042,0.0005,2.7228006911727616,2206.3438503999932
91,train,0.05341025337881359,0.05341025337881359,0.0,0.0,0.005234289668359846,2.412436367434703e-06,0.05341025337881359,0.11054874936224154,0.23110658445577353,0.0005,2.4802118236163877,2232.094454799997
92,train,0.052612295676487335,0.052612295676487335,0.0,0.0,0.005463710564346808,2.3433615661764086e-06,0.052612295676487335,0.1086064231546842,0.22937370310584285,0.0005,3.0537157761600784,2255.9682332999946
93,train,0.052202795449557006,0.052202795449557006,0.0,0.0,0.005827154683054618,2.3476359059851297e-06,0.052202795449557006,0.10729917028286262,0.22847931076917447,0.0005,2.728041836675608,2279.9991366999893
94,train,0.05286036504856485,0.05286036504856485,0.0,0.0,0.006364718422223374,2.276271335983249e-06,0.05286036504856485,0.111015956089744,0.22991382091680537,0.0005,3.643636923915935,2304.2606552999932
95,train,0.05111990652601993,0.05111990652601993,0.0,0.0,0.007172581133485402,2.2457042829938594e-06,0.05111990652601993,0.1062718911377608,0.22609711746508385,0.0005,2.7570392517548687,2329.8061647999857
96,train,0.05061552777126123,0.05061552777126123,0.0,0.0,0.006991656628911788,2.304766444210128e-06,0.05061552777126123,0.10606031749784102,0.22497894961809478,0.0005,2.638336913203293,2357.4942449999944
97,train,0.05160681501874934,0.05160681501874934,0.0,0.0,0.007592575361003291,2.3597737562906915e-06,0.05160681501874934,0.10853993594822177,0.22717133406032844,0.0005,3.625625689074678,2380.8308483
98,train,0.05206016159920077,0.05206016159920077,0.0,0.0,0.007435414597462371,2.2767854342985303e-06,0.05206016159920077,0.11003602828549326,0.22816695992014438,0.0005,4.600165748371269,2406.1449965999927
99,train,0.051251301656047195,0.051251301656047195,0.0,0.0,0.007865378896723379,2.3850611453455266e-06,0.051251301656047195,0.11099110982152373,0.22638750331245583,0.0005,3.57515302356684,2431.375763899996
100,train,0.049135461764109226,0.049135461764109226,0.0,0.0,0.008221446518909256,2.3526998459275554e-06,0.049135461764109226,0.10564487906664888,0.2216652019693421,0.0005,2.9520587471296205,2454.7406610999897
101,train,0.0490568865353092,0.0490568865353092,0.0,0.0,0.008735822048038244,2.3755609004612503e-06,0.0490568865353092,0.10504296391429203,0.2214878925253234,0.0005,2.917984522738547,2477.967883199992
102,train,0.04841157932373704,0.04841157932373704,0.0,0.0,0.008881879970431328,2.2398272762383953e-06,0.04841157932373704,0.10312820066399168,0.22002631507103199,0.0005,2.9126168017117484,2501.764242099991
103,train,0.04752913434654231,0.04752913434654231,0.0,0.0,0.009076311077289987,2.286238690053238e-06,0.04752913434654231,0.10300897690906839,0.21801177570613545,0.0005,2.999510450183221,2526.093619799998
104,train,0.04843227527205084,0.04843227527205084,0.0,0.0,0.009616711264792478,2.298645776530941e-06,0.04843227527205084,0.10782512041371109,0.22007334066635795,0.0005,3.891325104911372,2549.6690305999946
105,train,0.04701148936993666,0.04701148936993666,0.0,0.0,0.010036394439356507,2.274807738069525e-06,0.04701148936993666,0.1039639342804703,0.21682133052339814,0.0005,3.2197770105217987,2573.1846384999953
106,train,0.04646905808147252,0.04646905808147252,0.0,0.0,0.01046486645234081,2.3220895447490684e-06,0.04646905808147252,0.10407084419550199,0.21556682973378005,0.0005,3.459726534924417,2596.9141683999915
107,train,0.04651988095865817,0.04651988095865817,0.0,0.0,0.010584311594940582,2.27957257008694e-06,0.04651988095865817,0.10539425146713291,0.21568467947134812,0.0005,3.630832658623749,2621.7541336999857
108,train,0.04494661557594401,0.04494661557594401,0.0,0.0,0.010908791971094203,2.2353053264971165e-06,0.04494661557594401,0.10090049074716724,0.21200616872144076,0.0005,3.069254402844411,2647.4620701999957
109,train,0.044152536286018625,0.044152536286018625,0.0,0.0,0.011146244048228804,2.2505867723081777e-06,0.044152536286018625,0.10086989202975945,0.21012504916363167,0.0005,3.2566645600885713,2672.0897033999936
110,train,0.04392898453763063,0.04392898453763063,0.0,0.0,0.01180012332591808,2.2922679942705557e-06,0.04392898453763063,0.10184681714459692,0.20959242480974982,0.0005,3.19379719473281,2696.85230079999
111,train,0.044423519959343814,0.044423519959343814,0.0,0.0,0.011868312972474773,2.378118689142317e-06,0.044423519959343814,0.10681526726814652,0.21076887806159575,0.0005,4.104742067040138,2721.212968599997
112,train,0.043204591418344665,0.043204591418344665,0.0,0.0,0.012413431275284515,2.275207212166932e-06,0.043204591418344665,0.10339706909825216,0.20785714185070636,0.0005,3.586957706033059,2745.1102110999927
113,train,0.041690897448169596,0.041690897448169596,0.0,0.0,0.013429478601605262,2.3549570744951367e-06,0.041690897448169596,0.10081035745558592,0.20418348965616587,0.0005,3.763197253335197,2770.4947400999954
114,train,0.043951599984300725,0.043951599984300725,0.0,0.0,0.015182745818681311,2.3264689311958443e-06,0.043951599984300725,0.10535885403987089,0.20964636887936008,0.0005,4.289856416999169,2794.588706999988
115,train,0.049075112935473585,0.049075112935473585,0.0,0.0,0.017305046056379687,2.3376825289610764e-06,0.049075112935473585,0.11294661989646419,0.2215290340688407,0.0005,3.6081844736944952,2817.9361901999946
116,train,0.041643384887967566,0.041643384887967566,0.0,0.0,0.014223795436884998,2.309448668797213e-06,0.041643384887967566,0.10147733420203882,0.20406710878524145,0.0005,3.196385420718283,2841.9974443999963
117,train,0.04076657040029016,0.04076657040029016,0.0,0.0,0.014019613558391356,2.394097794610886e-06,0.04076657040029016,0.10232826940855887,0.2019073312197706,0.0005,4.137454413018137,2865.3552098999935
118,train,0.03932090867199562,0.03932090867199562,0.0,0.0,0.013270424784354444,2.2234691495780354e-06,0.03932090867199562,0.09898110065644362,0.19829500415289242,0.0005,inf,2888.1463326999947
119,train,0.0384630100280601,0.0384630100280601,0.0,0.0,0.014736526979590362,2.424433814495679e-06,0.0384630100280601,0.0993270994234338,0.19611988687550302,0.0005,4.397239388722293,2912.563720899998
120,train,0.037175236334203283,0.037175236334203283,0.0,0.0,0.017865750604783587,2.2782956416706854e-06,0.037175236334203283,0.09568823128411515,0.1928088077194693,0.0005,3.050725760324946,2937.0131264999945
121,train,0.03782255359015699,0.03782255359015699,0.0,0.0,0.01786566283202396,2.2667694951931756e-06,0.03782255359015699,0.09942784427823319,0.19448021387831974,0.0005,4.500590684278956,2962.950543999992
122,train,0.03705532853248616,0.03705532853248616,0.0,0.0,0.015557415888838048,2.3931737887495437e-06,0.03705532853248616,0.09820301552777583,0.1924976065630068,0.0005,3.868663307068483,2986.739702699997
123,train,0.03572959124382732,0.03572959124382732,0.0,0.0,0.01778757428082655,2.356865623386391e-06,0.03572959124382732,0.0953664167836871,0.1890227267918525,0.0005,3.5529791274160707,3013.1217468999967
124,train,0.03643892809019956,0.03643892809019956,0.0,0.0,0.01773221465706263,2.3402131271826156e-06,0.03643892809019956,0.09804585080874977,0.19088983233844478,0.0005,5.15817917517896,3037.1891147999995
125,train,0.035372063931984325,0.035372063931984325,0.0,0.0,0.019985031705560548,2.3915125237455767e-06,0.035372063931984325,0.0965709606501854,0.18807462330677238,0.0005,3.6481491383516564,3060.6751439999935
126,train,0.035136648133877034,0.035136648133877034,0.0,0.0,0.017319961679431627,2.3455403658412045e-06,0.035136648133877034,0.09635486298258297,0.18744772106877436,0.0005,4.3169610702766565,3084.085496399988
127,train,0.034223916930232176,0.034223916930232176,0.0,0.0,0.018380529668955307,2.359379764901911e-06,0.034223916930232176,0.09616371453827566,0.18499707276125257,0.0005,3.987611618806731,3107.8423287999904
128,train,0.03496507541579221,0.03496507541579221,0.0,0.0,0.02101539604295537,2.3855535444900455e-06,0.03496507541579221,0.09827412414136083,0.18698950616489743,0.0005,4.233032170331703,3131.4673115999904
129,train,0.03330131926316272,0.03330131926316272,0.0,0.0,0.01904156189060436,2.3002641451314973e-06,0.03330131926316272,0.09403523056469154,0.18248649063194436,0.0005,3.412757107109394,3155.795107999991
130,train,0.032894320342550284,0.032894320342550284,0.0,0.0,0.02075126206607751,2.3480675513125773e-06,0.032894320342550284,0.09519195811787866,0.18136791431383414,0.0005,3.7544582210621744,3178.7019666999986
131,train,0.03267213652884579,0.03267213652884579,0.0,0.0,0.02044850029051304,2.3820775758618112e-06,0.03267213652884579,0.09182162904971332,0.1807543541075727,0.0005,3.5285665319775634,3201.94297009999
132,train,0.032157584188606494,0.032157584188606494,0.0,0.0,0.02167217008207204,2.354993089627313e-06,0.032157584188606494,0.09286777471139462,0.17932535846501602,0.0005,3.742210969610034,3226.0947948999965
133,train,0.03153894801432885,0.03153894801432885,0.0,0.0,0.020177931964116276,2.343076746327361e-06,0.03153894801432885,0.09190378236180206,0.1775920831972215,0.0005,3.8087203210254885,3252.590075299988
134,train,0.031234624762887603,0.031234624762887603,0.0,0.0,0.019319367630161205,2.3426320205784713e-06,0.031234624762887603,0.09217191909105994,0.17673320220854824,0.0005,3.8421199940285593,3277.4125970999885
135,train,0.030703159714368045,0.030703159714368045,0.0,0.0,0.01947958503832232,2.4273155999390787e-06,0.030703159714368045,0.0896635046738358,0.17522317116856448,0.0005,3.305423340707455,3304.541747899988
136,train,0.030910080534796984,0.030910080534796984,0.0,0.0,0.02101187622350342,2.3508228912520145e-06,0.030910080534796984,0.09093928143276642,0.1758126290537656,0.0005,3.7864152800362065,3328.1896471999935
137,train,0.030761730949584405,0.030761730949584405,0.0,0.0,0.021269839836881972,2.3529962446737733e-06,0.030761730949584405,0.09198170827771975,0.17539022478343658,0.0005,4.064951085819389,3352.982848899992
138,train,0.030338072310584017,0.030338072310584017,0.0,0.0,0.021068015926570264,2.3500020572684215e-06,0.030338072310584017,0.09046047978665472,0.17417827737862152,0.0005,3.9023664087619423,3376.919849699989
139,train,0.0312356193028945,0.0312356193028945,0.0,0.0,0.023251461603169172,2.2740388997264298e-06,0.0312356193028945,0.09167143194848354,0.17673601586234342,0.0005,4.598601701124659,3400.853256699993
140,train,0.029383310798104228,0.029383310798104228,0.0,0.0,0.02263675166188546,2.3531571351445307e-06,0.029383310798104228,0.09030302195229901,0.17141560838530495,0.0005,4.026097563077819,3425.455577099987
141,train,0.02924097569170353,0.02924097569170353,0.0,0.0,0.02205785743470462,2.3614683808739087e-06,0.02924097569170353,0.08823221276848102,0.17099992892309496,0.0005,3.0035377189798176,3449.143010899992
142,train,0.029062549311602886,0.029062549311602886,0.0,0.0,0.024301946268610236,2.371981182940939e-06,0.029062549311602886,0.08826198274937441,0.17047741584034787,0.0005,3.754210667790107,3473.4921962999942
143,train,0.029067067939454235,0.029067067939454235,0.0,0.0,0.019329610263120453,2.277681694136365e-06,0.029067067939454235,0.08894268508895106,0.17049066818877281,0.0005,3.327836531513142,3496.7372493999865
144,train,0.027572378091281283,0.027572378091281283,0.0,0.0,0.022408083362399408,2.328372947628833e-06,0.027572378091281283,0.08535904777675589,0.16604932427228147,0.0005,2.277466109901104,3520.8787278999953
145,train,0.028539134763847864,0.028539134763847864,0.0,0.0,0.019859616187805275,2.378936749596076e-06,0.028539134763847864,0.08719149049160614,0.16893529756639927,0.0005,3.9204190328436077,3545.822889999996
146,train,0.0280827941765755,0.0280827941765755,0.0,0.0,0.020803887502483603,2.337827799289338e-06,0.0280827941765755,0.0861127506238672,0.16757921761535796,0.0005,3.3197544824402287,3571.0136528999865
147,train,0.02865634528822035,0.02865634528822035,0.0,0.0,0.021364129078135174,2.3208498434095815e-06,0.02865634528822035,0.08586167337654052,0.1692818516209589,0.0005,3.034549394868455,3595.317204399995
148,train,0.027455761897713184,0.027455761897713184,0.0,0.0,0.020856889527080195,2.2402266924198658e-06,0.027455761897713184,0.08581180606248244,0.16569780293568526,0.0005,3.3187889974072293,3618.549195799991
149,train,0.02767951228066385,0.02767951228066385,0.0,0.0,0.019293262552961987,2.278459290656034e-06,0.02767951228066385,0.08584222801135115,0.1663716089982418,0.0005,3.0479090792952843,3642.6979165999946
150,train,0.028621770695263987,0.028621770695263987,0.0,0.0,0.019526595249772072,2.31166884618087e-06,0.028621770695263987,0.08699294565386086,0.16917969941829306,0.0005,4.153392784438044,3666.4730004999874
151,train,0.02797514434595249,0.02797514434595249,0.0,0.0,0.020064109989072917,2.323074898602087e-06,0.02797514434595249,0.0851169305871118,0.16725771834493167,0.0005,3.3087237252379365,3691.1903650999884
152,train,0.028368495821207096,0.028368495821207096,0.0,0.0,0.02078268030342066,2.2837599845105323e-06,0.028368495821207096,0.08730835567123066,0.1684294980732505,0.0005,3.6591027570220658,3716.117952899993
153,train,0.02652952479668629,0.02652952479668629,0.0,0.0,0.01881423676913639,2.3952187253804745e-06,0.02652952479668629,0.0829921164128156,0.16287886540827293,0.0005,3.5683924364593795,3738.936965599991
154,train,0.027299079227105845,0.027299079227105845,0.0,0.0,0.020092396311602503,2.3118153391788958e-06,0.027299079227105845,0.08554440098199642,0.1652243300095535,0.0005,4.28960278798949,3762.9828578999877
155,train,0.028274173762886518,0.028274173762886518,0.0,0.0,0.019615189154755394,2.361460304818361e-06,0.028274173762886518,0.0878424428877825,0.16814926036972783,0.0005,inf,3786.206618799988
156,train,0.027086355846321953,0.027086355846321953,0.0,0.0,0.018161647917948803,2.3465692209974116e-06,0.027086355846321953,0.08391945813518929,0.1645793299485751,0.0005,3.1148148831331506,3810.1719872999965
157,train,0.027046624592006786,0.027046624592006786,0.0,0.0,0.017774045748530694,2.3837862611473164e-06,0.027046624592006786,0.08535370338391865,0.16445858017144252,0.0005,4.126148104667664,3834.879249599995
158,train,0.027119455444541387,0.027119455444541387,0.0,0.0,0.018142804784594842,2.2922550940320263e-06,0.027119455444541387,0.08552965516892244,0.1646798574341786,0.0005,3.511618478118249,3860.1991138999874
159,train,0.02650272876237308,0.02650272876237308,0.0,0.0,0.01733020030594659,2.267898939605385e-06,0.02650272876237308,0.08364284547080973,0.16279658707225125,0.0005,3.5471691849096767,3884.4600368999963
160,train,0.027114565332185685,0.027114565332185685,0.0,0.0,0.017832330621357233,2.28263839092523e-06,0.027114565332185685,0.08430164123902908,0.16466500943486959,0.0005,4.001757390656561,3910.936671599993
161,train,0.026585968782483347,0.026585968782483347,0.0,0.0,0.018847675414158487,2.2412411758437577e-06,0.026585968782483347,0.08197044325676167,0.16305204317175342,0.0005,3.2019202810413434,3935.1947142999998
162,train,0.025882211832641538,0.025882211832641538,0.0,0.0,0.017646844604245898,2.3137334527797614e-06,0.025882211832641538,0.08183176369002125,0.16087949475505428,0.0005,3.1241785827672706,3958.8432862999907
163,train,0.02549331444668428,0.02549331444668428,0.0,0.0,0.020473478397108474,2.3691652865276204e-06,0.02549331444668428,0.08183531651167936,0.15966625957504071,0.0005,3.1569734654336608,3983.74177149999
164,train,0.026859383236845828,0.026859383236845828,0.0,0.0,0.020175894441188506,2.2526402569022842e-06,0.026859383236845828,0.08461165471564767,0.16388832550503965,0.0005,3.801263559539363,4008.341934099997
165,train,0.024917654418864264,0.024917654418864264,0.0,0.0,0.018191237758212495,2.3613673454506944e-06,0.024917654418864264,0.07980106685240311,0.15785326863535093,0.0005,2.746951787539248,4032.159597299993
166,train,0.025753317773204852,0.025753317773204852,0.0,0.0,0.018230914472127862,2.356880488476682e-06,0.025753317773204852,0.08161567385958614,0.16047840282481893,0.0005,4.082291700367658,4056.1158483999898
167,train,0.026329879439010325,0.026329879439010325,0.0,0.0,0.01722275599274995,2.2529782071151716e-06,0.026329879439010325,0.08318516831528744,0.162264843509031,0.0005,3.854834944572089,4079.323379999987
168,train,0.0256264628484441,0.0256264628484441,0.0,0.0,0.018379884596281457,2.356048024115087e-06,0.0256264628484441,0.08198742001616169,0.16008267504150503,0.0005,3.3080553075052657,4102.54822669999
169,train,0.02584800166036727,0.02584800166036727,0.0,0.0,0.01997783672908005,2.3151219165639596e-06,0.02584800166036727,0.08037954076140558,0.16077313724738743,0.0005,3.124585954648144,4125.836719499988
170,train,0.02487774158384264,0.02487774158384264,0.0,0.0,0.017968990312854073,2.2658793980399594e-06,0.02487774158384264,0.08050077090145283,0.1577267941214892,0.0005,4.072675150520396,4151.543986199991
171,train,0.025494023977794218,0.025494023977794218,0.0,0.0,0.018823710199937504,2.415458022009055e-06,0.025494023977794218,0.08218899967043469,0.15966848147895132,0.0005,2.8728764377674967,4175.099732699993
172,train,0.023825673875289104,0.023825673875289104,0.0,0.0,0.018606194787008583,2.2827491068899278e-06,0.023825673875289104,0.07761185944502084,0.15435567328507593,0.0005,2.312013922716087,4200.14829099999
173,train,0.02444900048597807,0.02444900048597807,0.0,0.0,0.016765735850159853,2.2338784429968725e-06,0.02444900048597807,0.07993474307136153,0.15636176158504378,0.0005,3.655763663210959,4225.261035099989
174,train,0.025298642739859514,0.025298642739859514,0.0,0.0,0.018209455517243664,2.3087095928102193e-06,0.025298642739859514,0.08054496513433614,0.15905547063794917,0.0005,3.200919769001457,4249.860119299992
175,train,0.025972080448154206,0.025972080448154206,0.0,0.0,0.016384584425052383,2.3321469087640474e-06,0.025972080448154206,0.08275443697348238,0.16115855685676206,0.0005,4.647056776397633,4273.369463899988
176,train,0.025435964529139522,0.025435964529139522,0.0,0.0,0.017453406533261516,2.261040312429752e-06,0.025435964529139522,0.08060216779100161,0.15948656535626918,0.0005,3.089674178159462,4297.175009499988
177,train,0.024206895066430967,0.024206895066430967,0.0,0.0,0.01813533259028534,2.3499155480200194e-06,0.024206895066430967,0.07737423828012258,0.15558565186555914,0.0005,2.7506687697374597,4319.975084799997
178,train,0.024056637200322622,0.024056637200322622,0.0,0.0,0.01798311895075834,2.3041290235613694e-06,0.024056637200322622,0.07764919739532863,0.15510202190920214,0.0005,2.8407805629496305,4343.246147299986
179,train,0.024002338766986892,0.024002338766986892,0.0,0.0,0.017211556944222946,2.275227643622202e-06,0.024002338766986892,0.07817323721488412,0.15492688200240426,0.0005,3.380122907881467,4366.636197099986
180,train,0.025347927723185358,0.025347927723185358,0.0,0.0,0.0157942426970826,2.248933222993933e-06,0.025347927723185358,0.08172694433585938,0.15921032542892863,0.0005,4.060106286462748,4391.208212499987
181,train,0.024630161973151907,0.024630161973151907,0.0,0.0,0.015713282157930563,2.3327770041193943e-06,0.024630161973151907,0.08028481354111065,0.15693999481697427,0.0005,3.6018871338862293,4413.995569299994
182,train,0.02510877214799106,0.02510877214799106,0.0,0.0,0.016152716804084914,2.3140561475060474e-06,0.02510877214799106,0.08045612952654373,0.15845747741268337,0.0005,3.807344508620928,4439.042748999986
183,train,0.023603773885530116,0.023603773885530116,0.0,0.0,0.017632666588673053,2.3129961485914087e-06,0.023603773885530116,0.0772474380368191,0.1536351974175518,0.0005,3.4653850748853863,4463.974149899994
184,train,0.024270038104743503,0.024270038104743503,0.0,0.0,0.016555453668225487,2.2583082643493227e-06,0.024270038104743503,0.07808775563706769,0.15578844021538793,0.0005,3.232672652545965,4487.821480299986
185,train,0.02442309963655546,0.02442309963655546,0.0,0.0,0.019206454696239165,2.4279710453142024e-06,0.02442309963655546,0.08073804890736935,0.15627891616131545,0.0005,3.114972274258452,4512.76073129999
186,train,0.023188413137595825,0.023188413137595825,0.0,0.0,0.016540121234391095,2.2439757497025156e-06,0.023188413137595825,0.0763226547735339,0.15227742162775093,0.0005,2.5755467662271463,4537.095178699994
187,train,0.022778548531325965,0.022778548531325965,0.0,0.0,0.015856746935619496,2.207031096780688e-06,0.022778548531325965,0.07517592184386164,0.15092563907873957,0.0005,2.426532543492767,4560.705446399996
188,train,0.023097488658177616,0.023097488658177616,0.0,0.0,0.01722323277719178,2.340945459180594e-06,0.023097488658177616,0.07637555204718463,0.15197857960310596,0.0005,2.590949553926036,4584.637441399987
189,train,0.022909300191469875,0.022909300191469875,0.0,0.0,0.016689996287788986,2.3934809984705183e-06,0.022909300191469875,0.07604413584120714,0.15135818508250512,0.0005,2.807511401626299,4607.931720599998
190,train,0.02316561932362537,0.02316561932362537,0.0,0.0,0.016552114367203892,2.287265395884702e-06,0.02316561932362537,0.07722553068174506,0.15220256017434586,0.0005,3.2809455405991033,4631.602241399989
191,train,0.023005529617265263,0.023005529617265263,0.0,0.0,0.01619065226108398,2.341790130934519e-06,0.023005529617265263,0.07654935553459061,0.1516757383936708,0.0005,2.8411890673187545,4655.247691899989
192,train,0.02312364999805072,0.02312364999805072,0.0,0.0,0.016494701704326667,2.2610198627416878e-06,0.02312364999805072,0.07824146775704507,0.15206462441360488,0.0005,3.476665068347499,4678.49042029999
193,train,0.02360852643694259,0.02360852643694259,0.0,0.0,0.016597257399896405,2.3655015651594062e-06,0.02360852643694259,0.07954117328385421,0.15365066363977278,0.0005,inf,4702.2744257999875
194,train,0.02362576492255957,0.02362576492255957,0.0,0.0,0.017202173271831475,2.3456062398560427e-06,0.02362576492255957,0.07723627104336078,0.1537067497625253,0.0005,3.4807090764900424,4726.309323799986
195,train,0.022841659751608158,0.022841659751608158,0.0,0.0,0.01663175270945396,2.3603014905913952e-06,0.022841659751608158,0.07674307694553206,0.15113457497081254,0.0005,2.5492983606626405,4752.398178299991
196,train,0.02298275968014594,0.02298275968014594,0.0,0.0,0.015893420608679078,2.3971358479753208e-06,0.02298275968014594,0.07659649113017435,0.15160065857424876,0.0005,3.013066255259064,4776.86590579999
197,train,0.023726798097104967,0.023726798097104967,0.0,0.0,0.016418809879500913,2.3497805459727424e-06,0.023726798097104967,0.08001187405953149,0.15403505476710477,0.0005,3.8641572808319666,4803.676354999989
198,train,0.0224865191031433,0.0224865191031433,0.0,0.0,0.016145979440858903,2.3410582129282324e-06,0.0224865191031433,0.07550088824212269,0.1499550569442168,0.0005,2.39277475903619,4828.235529199999
199,train,0.023136918264537846,0.023136918264537846,0.0,0.0,0.015457521509027706,2.2798659915250304e-06,0.023136918264537846,0.07716042477602385,0.15210824522207153,0.0005,3.77249643037904,4851.276780899992
200,train,0.024452311926218516,0.024452311926218516,0.0,0.0,0.014657663515294498,2.320737836134009e-06,0.024452311926218516,0.08188086397647155,0.1563723502612227,0.0005,3.8308650485749514,4874.603424999994
1,train,0.13819101907209635,0.13819101907209635,0.0,0.0,1.4974790618283513e-05,2.337168821042106e-06,0.13819101907209635,0.21006594587047142,0.3717405265398116,0.0005,1.3115294170829486,24.183316800001194
2,train,0.1296017833239534,0.1296017833239534,0.0,0.0,1.5287942297395346e-05,2.443836590502096e-06,0.1296017833239534,0.19444342969020584,0.36000247683030373,0.0005,0.8700032087991822,45.180938999998034
3,train,0.12841263222788188,0.12841263222788188,0.0,0.0,8.19690485342399e-06,2.327099547794617e-06,0.12841263222788188,0.1943257084309634,0.35834708346501426,0.0005,0.6965341489270048,66.3163654999953
4,train,0.1290029105290777,0.1290029105290777,0.0,0.0,5.29969585566608e-06,2.3123236952363548e-06,0.1290029105290777,0.19303502504766554,0.35916975169002985,0.0005,0.8080630735406336,87.0938873999985
5,train,0.12885410175305947,0.12885410175305947,0.0,0.0,4.358800446047922e-06,2.331591353363622e-06,0.12885410175305947,0.19279522625026563,0.35896253530564926,0.0005,0.7341271520785566,107.53592809999827
6,train,0.12839879900821644,0.12839879900821644,0.0,0.0,3.2768553856445613e-06,2.2698846411037935e-06,0.12839879900821644,0.19268488444493348,0.35832778151884404,0.0005,0.6163312950224247,128.80936400000064
7,train,0.12841531483944943,0.12841531483944943,0.0,0.0,2.3950033124183734e-06,2.2766262426952345e-06,0.12841531483944943,0.1940146256501804,0.3583508264807679,0.0005,0.6923135864847111,149.57687930000247
8,train,0.12873256767513488,0.12873256767513488,0.0,0.0,1.8906439393349672e-06,2.3735540296156443e-06,0.12873256767513488,0.1930445957243583,0.35879321018538646,0.0005,0.7330963507575808,170.2524487000046
9,train,0.12823089931916912,0.12823089931916912,0.0,0.0,1.253062299289219e-06,2.435416866079185e-06,0.12823089931916912,0.19307869199030814,0.35809342261366534,0.0005,0.7011101715407282,191.8958888000052
10,train,0.12882876413078637,0.12882876413078637,0.0,0.0,9.85601110093036e-07,2.32740160299727e-06,0.12882876413078637,0.19276746006085058,0.3589272407198796,0.0005,0.757117859035168,212.82798960000218
11,train,0.12892111740889137,0.12892111740889137,0.0,0.0,6.950630002624818e-07,2.455486816510323e-06,0.12892111740889137,0.1931593912091317,0.35905586948118723,0.0005,0.879749800799028,233.84381170000415
12,train,0.1292801668277018,0.1292801668277018,0.0,0.0,5.732987486500758e-07,2.3225826410298567e-06,0.1292801668277018,0.19504518547218372,0.35955551285956083,0.0005,0.8535280182676496,255.11713080000482
13,train,0.12841432409705308,0.12841432409705308,0.0,0.0,5.414902396828353e-07,2.3579342539205583e-06,0.12841432409705308,0.19224990173682288,0.3583494441143352,0.0005,0.6801527281695942,275.7009068000043
14,train,0.12986673160376774,0.12986673160376774,0.0,0.0,5.710845703921429e-07,2.3486827322418356e-06,0.12986673160376774,0.19368094893980708,0.36037027014415013,0.0005,0.9370021825691439,296.17315819999203
15,train,0.12811119971406443,0.12811119971406443,0.0,0.0,6.073162432825621e-07,2.25815263564862e-06,0.12811119971406443,0.193338220879295,0.3579262489872242,0.0005,0.6832142323255539,316.3242261999985
16,train,0.1295014868543114,0.1295014868543114,0.0,0.0,6.21328736988804e-07,2.378188567936892e-06,0.1295014868543114,0.19354988992179065,0.3598631501756069,0.0005,0.8792767923957897,336.8288363000029
17,train,0.1289616888561418,0.1289616888561418,0.0,0.0,6.753397705547544e-07,2.3026297172554273e-06,0.1289616888561418,0.19448205043895633,0.35911236243847383,0.0005,0.8354323081812769,357.17751199999475
18,train,0.1290307374546999,0.1290307374546999,0.0,0.0,7.150580015733348e-07,2.3028085874068224e-06,0.1290307374546999,0.19304821219400692,0.35920848744802775,0.0005,0.8271695870273518,377.45667949999915
19,train,0.1289308562567556,0.1289308562567556,0.0,0.0,7.78997435915853e-07,2.3920949349801204e-06,0.1289308562567556,0.1926020704719396,0.3590694309694931,0.0005,0.8452476749442658,398.3184937000042
20,train,0.12813335726180947,0.12813335726180947,0.0,0.0,8.849083690380075e-07,2.3177648052056475e-06,0.12813335726180947,0.1933728920225545,0.3579572003212248,0.0005,0.6932964414920447,419.1908417999948
21,train,0.12798911972816499,0.12798911972816499,0.0,0.0,9.826227766389597e-07,2.3797732852334826e-06,0.12798911972816499,0.19266238291132837,0.35775567043467665,0.0005,0.7212705915828921,439.9993458999961
22,train,0.12837576516442667,0.12837576516442667,0.0,0.0,1.0552836189797848e-06,2.274666157200903e-06,0.12837576516442667,0.19410877935764081,0.3582956393321396,0.0005,0.7275765586011814,460.9332856999972
23,train,0.12979369360252332,0.12979369360252332,0.0,0.0,1.1577893615740666e-06,2.2998096466046333e-06,0.12979369360252332,0.19372175826849242,0.36026891845192993,0.0005,0.9419436392919073,482.0705558000045
24,train,0.1282051733157648,0.1282051733157648,0.0,0.0,1.3812872264182107e-06,2.3644462424203566e-06,0.1282051733157648,0.19320848863747603,0.3580575000132867,0.0005,0.7813834795412028,502.63640669999586
25,train,0.12845066377826098,0.12845066377826098,0.0,0.0,1.389505347612252e-06,2.496512811891114e-06,0.12845066377826098,0.1930150994644413,0.3584001447799107,0.0005,0.8431034107815545,523.3571601000003
26,train,0.12952262902992587,0.12952262902992587,0.0,0.0,1.6621879308760707e-06,2.3363535727288044e-06,0.12952262902992587,0.19434804663518968,0.3598925242762426,0.0005,0.9046147555675147,544.3206680000003
27,train,0.12919178909402756,0.12919178909402756,0.0,0.0,2.0837669280637165e-06,2.3550762011407918e-06,0.12919178909402756,0.19380457419023478,0.3594325932550185,0.0005,0.9048348465618098,565.0616556000023
28,train,0.12797852796005446,0.12797852796005446,0.0,0.0,1.7518415019504523e-06,2.2755761988865175e-06,0.12797852796005446,0.1929557290314784,0.3577408670533106,0.0005,0.6929986305394262,585.7593837000022
29,train,0.1280328812577623,0.1280328812577623,0.0,0.0,1.8895989921286357e-06,2.2304990095091064e-06,0.1280328812577623,0.19383413481508505,0.357816826403905,0.0005,0.7508079297137711,606.7682541999966
30,train,0.12788727040548656,0.12788727040548656,0.0,0.0,2.095362713091918e-06,2.3077639285337732e-06,0.12788727040548656,0.19265622561621784,0.35761329729959224,0.0005,0.7840366788067907,627.2369833999983
31,train,0.12808336201346288,0.12808336201346288,0.0,0.0,2.2884015821408916e-06,2.331033927492961e-06,0.12808336201346288,0.19325066799789942,0.35788735939323546,0.0005,0.7801414998072498,647.6566354999959
32,train,0.12779210054956458,0.12779210054956458,0.0,0.0,2.49947667065121e-06,2.407476487414382e-06,0.12779210054956458,0.1922167713332148,0.3574802100110782,0.0005,0.7284411158201829,667.9475179000001
33,train,0.12862998881461846,0.12862998881461846,0.0,0.0,2.842603617984492e-06,2.2601460635619247e-06,0.12862998881461846,0.19261611164986808,0.35865023186193323,0.0005,0.8581626229691055,688.358118899996
34,train,0.12817563233431153,0.12817563233431153,0.0,0.0,7.569967306582565e-06,2.192703788133035e-06,0.12817563233431153,0.19452839967144553,0.35801624590835474,0.0005,0.7994651673537381,708.7429723999958
35,train,0.12786371216876985,0.12786371216876985,0.0,0.0,3.257173598542994e-06,2.268752440322028e-06,0.12786371216876985,0.1921277975101235,0.3575803576383494,0.0005,0.7874319733313795,729.9171305999917
36,train,0.1272401451271847,0.1272401451271847,0.0,0.0,3.5986992538967585e-06,2.329171151496615e-06,0.1272401451271847,0.19185833167987618,0.3567073662362255,0.0005,0.756053384744896,750.9150517999951
37,train,0.12809311422926567,0.12809311422926567,0.0,0.0,3.987660969663543e-06,2.32755780442223e-06,0.12809311422926567,0.19225253654854763,0.357900983833889,0.0005,0.8315753619063575,771.7111217999918
38,train,0.1275550177476791,0.1275550177476791,0.0,0.0,4.40462218339578e-06,2.3377970030265233e-06,0.1275550177476791,0.19202782540705127,0.3571484533743344,0.0005,0.7454196329949037,792.4763520999986
39,train,0.1293319232485236,0.1293319232485236,0.0,0.0,4.836552238455899e-06,2.3816773252618524e-06,0.1293319232485236,0.19339364544084334,0.359627478439181,0.0005,0.8866753915570816,813.4293435
40,train,0.12733817582161724,0.12733817582161724,0.0,0.0,5.947865740793377e-06,2.3541372443877713e-06,0.12733817582161724,0.19244293661717812,0.35684475030693286,0.0005,0.7403082915072171,834.4474076000042
41,train,0.1287123476061201,0.1287123476061201,0.0,0.0,5.924803211732893e-06,2.347212709949263e-06,0.1287123476061201,0.19280111260079547,0.3587650311918932,0.0005,inf,855.5075591999921
42,train,0.1276024514212485,0.1276024514212485,0.0,0.0,6.615279169568137e-06,2.2950429248116705e-06,0.1276024514212485,0.19263154056872117,0.35721485330435027,0.0005,0.8399905781700926,876.5377818999987
43,train,0.12802938621306958,0.12802938621306958,0.0,0.0,7.3087014826805385e-06,2.260217465331118e-06,0.12802938621306958,0.19224704057153946,0.3578119425243791,0.0005,0.8129093266039524,897.185647899998
44,train,0.12802172609473653,0.12802172609473653,0.0,0.0,8.08570795479167e-06,2.2660838176993564e-06,0.12802172609473653,0.19309234734940925,0.3578012382521007,0.0005,0.9199356903445046,917.9232894000015
45,train,0.12768010234616461,0.12768010234616461,0.0,0.0,8.945344663241588e-06,2.33389877359754e-06,0.12768010234616461,0.1929988420954993,0.35732352615824864,0.0005,0.8487083618089838,938.7204349999956
46,train,0.12743870474407465,0.12743870474407465,0.0,0.0,9.685709335586443e-06,2.3254426007454484e-06,0.12743870474407465,0.19344980153694472,0.35698558058285024,0.0005,0.8423693455615133,959.5090521999955
47,train,0.12856239602658875,0.12856239602658875,0.0,0.0,1.1406173933141443e-05,2.207802054418041e-06,0.12856239602658875,0.1939343137209708,0.35855598729708693,0.0005,0.9631403333173608,980.9029840000003
48,train,0.12745734090880573,0.12745734090880573,0.0,0.0,1.1526423144082315e-05,2.2627992376448744e-06,0.12745734090880573,0.1917855248399922,0.3570116817539809,0.0005,0.8665255488089796,1001.8134798999963
49,train,0.12652112947141847,0.12652112947141847,0.0,0.0,1.2735395875148791e-05,2.3531319288420767e-06,0.12652112947141847,0.19167609330407293,0.35569808752848037,0.0005,0.7963423700827472,1022.6482395999919
50,train,0.1259922747951625,0.1259922747951625,0.0,0.0,1.4418470390461701e-05,2.3058362287729495e-06,0.1259922747951625,0.19083394955246238,0.3549539051696185,0.0005,0.6864038559625734,1043.0058329000021
51,train,0.12711107688159726,0.12711107688159726,0.0,0.0,1.610559189979334e-05,2.3250278282607467e-06,0.12711107688159726,0.1922164844472031,0.356526404185717,0.0005,0.9620814773271669,1063.7887740000006
52,train,0.12743563545968845,0.12743563545968845,0.0,0.0,1.7807595505250645e-05,2.3533857379248423e-06,0.12743563545968845,0.19297685800471678,0.35698128166570364,0.0005,1.0155452540460623,1084.7393545999948
53,train,0.12653456864165216,0.12653456864165216,0.0,0.0,2.004394641602939e-05,2.349440858281769e-06,0.12653456864165216,0.19072481940658595,0.3557169782870255,0.0005,0.8440782947922653,1105.5773768999934
54,train,0.12654505229851878,0.12654505229851878,0.0,0.0,2.2073940306414306e-05,2.2974167874946154e-06,0.12654505229851878,0.1910378519182076,0.35573171393413716,0.0005,inf,1126.3549973000045
55,train,0.12708381706407237,0.12708381706407237,0.0,0.0,2.510586462037436e-05,2.293048786891889e-06,0.12708381706407237,0.19284810079964543,0.35648817240418,0.0005,1.0463390732711215,1146.6505134000035
56,train,0.12711755858335033,0.12711755858335033,0.0,0.0,2.95499851419217e-05,2.349874695834653e-06,0.12711755858335033,0.1930809460861503,0.35653549414237895,0.0005,1.109043114027887,1167.2364062999986
57,train,0.1273705710594203,0.1273705710594203,0.0,0.0,2.9778506290793576e-05,2.355739375075846e-06,0.1273705710594203,0.19180148384305382,0.3568901386413196,0.0005,1.1132834654934,1187.811701899991
58,train,0.1264294847604689,0.1264294847604689,0.0,0.0,3.2167580186824296e-05,2.3050055812557232e-06,0.1264294847604689,0.1929505183835918,0.3555692404588295,0.0005,0.9876699172100931,1208.5717313999921
59,train,0.12551388921896225,0.12551388921896225,0.0,0.0,3.598406737234294e-05,2.331820895669121e-06,0.12551388921896225,0.1897066906182411,0.3542793942906675,0.0005,0.9062262143728868,1229.5376481999992
60,train,0.1248881478361755,0.1248881478361755,0.0,0.0,4.0264669978740746e-05,2.2416188714041196e-06,0.1248881478361755,0.1907259431228323,0.353395172344184,0.0005,0.9017112747115908,1250.2632859000005
61,train,0.12539867140783242,0.12539867140783242,0.0,0.0,4.4721418405215274e-05,2.328916192675264e-06,0.12539867140783242,0.1904370421244992,0.3541167482735495,0.0005,0.9428780382534243,1270.8470764999947
62,train,0.12648105143328064,0.12648105143328064,0.0,0.0,5.075955500014627e-05,2.2541354425966176e-06,0.12648105143328064,0.19053133962289337,0.35564174590911096,0.0005,1.122587835732496,1291.7891761999927
63,train,0.12474265768083428,0.12474265768083428,0.0,0.0,5.649125413806617e-05,2.3173163835620145e-06,0.12474265768083428,0.1900467234048641,0.3531892660894924,0.0005,0.9477693688757015,1312.3603322999988
64,train,0.1259081137729979,0.1259081137729979,0.0,0.0,6.300402248667044e-05,2.3156096502580625e-06,0.1259081137729979,0.190118255914312,0.35483533332096157,0.0005,inf,1333.5626474000019
65,train,0.12572518895958978,0.12572518895958978,0.0,0.0,6.965686125628088e-05,2.288114956172649e-06,0.12572518895958978,0.19033172497314949,0.3545774794873326,0.0005,1.2071823365283463,1354.2706717999972
66,train,0.12483348328801955,0.12483348328801955,0.0,0.0,7.851047176134087e-05,2.323584065482653e-06,0.12483348328801955,0.1912550196578761,0.3533178219224436,0.0005,1.2298655583048768,1374.7805692999973
67,train,0.12427568617206833,0.12427568617206833,0.0,0.0,8.712360047282791e-05,2.2405716826365535e-06,0.12427568617206833,0.1893247148039628,0.3525275679603913,0.0005,1.2031711441165995,1394.998665399995
68,train,0.12371465316764955,0.12371465316764955,0.0,0.0,9.787308103251183e-05,2.3272701488373436e-06,0.12371465316764955,0.18997301373384753,0.35173093859888066,0.0005,1.1594658929784343,1415.5949124000035
69,train,0.12369019683894703,0.12369019683894703,0.0,0.0,0.00011204434081007076,2.2589533599321443e-06,0.12369019683894703,0.1886825116474251,0.3516961712031381,0.0005,1.257856492726308,1436.470293899998
70,train,0.12339991281986377,0.12339991281986377,0.0,0.0,0.00013927136380928305,2.318082845206691e-06,0.12339991281986377,0.1888795548891824,0.35128323731693173,0.0005,1.2163884206762854,1457.133951099997
71,train,0.12156231095863367,0.12156231095863367,0.0,0.0,0.0002460366154511301,2.2600400538033014e-06,0.12156231095863367,0.18690078841557475,0.3486578709259747,0.0005,0.9975591189456436,1478.0733936000033
72,train,0.12269087740978478,0.12269087740978478,0.0,0.0,0.0005030714778255953,2.3729095668180512e-06,0.12269087740978478,0.19046640498563644,0.35027257587453914,0.0005,1.5098388709549635,1498.639684499998
73,train,0.12132360182940316,0.12132360182940316,0.0,0.0,0.009327987870113607,2.3739319675649242e-06,0.12132360182940316,0.18689068219325736,0.3483153769637556,0.0005,1.4308229920999058,1519.599332999991
74,train,0.12101271169203585,0.12101271169203585,0.0,0.0,0.01694113320126286,2.3602904479528937e-06,0.12101271169203585,0.1885767598952747,0.34786881391127294,0.0005,1.6030651122893926,1540.4083978999988
75,train,0.11803469324788134,0.11803469324788134,0.0,0.0,0.008037547220669265,2.3343316630450986e-06,0.11803469324788134,0.18584691968236897,0.3435617750097955,0.0005,1.4911511641628337,1561.4106667000015
76,train,0.11130454768830321,0.11130454768830321,0.0,0.0,0.009573356986467569,2.281956754676736e-06,0.11130454768830321,0.1800820346710817,0.3336233620241592,0.0005,1.7446486247035693,1582.004973899995
77,train,0.08674183664711649,0.08674183664711649,0.0,0.0,0.030613711595816433,2.378554661004702e-06,0.08674183664711649,0.15476241918667305,0.29451967106989047,0.0005,1.478660668404597,1602.6875992999994
78,train,0.080397100428535,0.080397100428535,0.0,0.0,0.028171775300266606,2.424303265540385e-06,0.080397100428535,0.14663164239236207,0.2835438245290047,0.0005,1.6993981284915276,1623.6017434999958
79,train,0.07449035336468579,0.07449035336468579,0.0,0.0,0.02854908380727723,2.2431920720095456e-06,0.07449035336468579,0.14041662150466783,0.2729292094384289,0.0005,1.937009519001223,1644.882938099996
80,train,0.06733349143267435,0.06733349143267435,0.0,0.0,0.02204988471601369,2.3388887291490255e-06,0.06733349143267435,0.13145133168875892,0.2594869773855219,0.0005,1.7663044339081027,1665.4218572999962
81,train,0.06305621009508647,0.06305621009508647,0.0,0.0,0.013500416967666374,2.3963705253440565e-06,0.06305621009508647,0.12363312112097191,0.251109956184709,0.0005,1.3785976511689852,1686.429750299998
82,train,0.060178860300701055,0.060178860300701055,0.0,0.0,0.012514604976014147,2.279824581630649e-06,0.060178860300701055,0.11958216310496318,0.2453137996540371,0.0005,1.6665926229841304,1707.120444100001
83,train,0.05887089203973137,0.05887089203973137,0.0,0.0,0.010164899927265238,2.3711242759092337e-06,0.05887089203973137,0.118124485924348,0.24263324594896588,0.0005,1.8132355350930736,1727.9858583000023
84,train,0.059390454096810236,0.059390454096810236,0.0,0.0,0.010017484637363901,2.3047020095135558e-06,0.059390454096810236,0.11950243080105143,0.2437015676946093,0.0005,2.0803764484963327,1748.309976000004
85,train,0.058583989508234784,0.058583989508234784,0.0,0.0,0.010179315640960099,2.312131545175293e-06,0.058583989508234784,0.1189055947200307,0.24204129711318847,0.0005,2.022354155216577,1769.0818526999938
86,train,0.05670538968801992,0.05670538968801992,0.0,0.0,0.009665426833309093,2.263695381650836e-06,0.05670538968801992,0.11266426860864429,0.23812893500794885,0.0005,1.6085549587348722,1789.859604199999
87,train,0.05566395788510078,0.05566395788510078,0.0,0.0,0.00975158236007083,2.2656547592837256e-06,0.05566395788510078,0.11259120910621756,0.23593210439679627,0.0005,1.709250292125738,1811.2748868000053
88,train,0.05583475786922962,0.05583475786922962,0.0,0.0,0.009744308836195828,2.36259432458953e-06,0.05583475786922962,0.1126753137429368,0.23629379566385067,0.0005,1.6338821064751103,1832.1986180999957
89,train,0.055650042668523116,0.055650042668523116,0.0,0.0,0.009957976762275651,2.3231022220537646e-06,0.055650042668523116,0.11386603046876362,0.23590261267845916,0.0005,2.239707694863373,1852.7917353999946
90,train,0.05467906121330947,0.05467906121330947,0.0,0.0,0.010208769613560641,2.336444946915847e-06,0.05467906121330947,0.11054237896822536,0.2338355430923825,0.0005,1.778478035949311,1874.1005783
91,train,0.05497951383695866,0.05497951383695866,0.0,0.0,0.009465266212399275,2.2766122935347496e-06,0.05497951383695866,0.11115794864852191,0.2344771072769337,0.0005,2.1862252781975946,1894.5034823000024
92,train,0.05437528075026249,0.05437528075026249,0.0,0.0,0.009485721746283883,2.250945595853478e-06,0.05437528075026249,0.10985414967960064,0.23318507831819446,0.0005,1.9613176730443846,1914.7206815999962
93,train,0.055105994757290104,0.055105994757290104,0.0,0.0,0.009935710544012627,2.3672446546560473e-06,0.055105994757290104,0.11368686605842325,0.23474666080114986,0.0005,2.352034429334245,1935.8485120999976
94,train,0.05432927116776654,0.05432927116776654,0.0,0.0,0.009176491671856845,2.3453162740688127e-06,0.05432927116776654,0.11025984179544841,0.23308640279468587,0.0005,2.2240945904884697,1957.1410729000054
95,train,0.05410256805647942,0.05410256805647942,0.0,0.0,0.010424604305540616,2.3790441622073764e-06,0.05410256805647942,0.11055252094805804,0.23259958739533357,0.0005,inf,1977.526190199991
96,train,0.0562935237179429,0.0562935237179429,0.0,0.0,0.01306619329975461,2.3393092631968615e-06,0.0562935237179429,0.11549397787641523,0.2372625628242747,0.0005,2.151050238676791,1998.756669399998
97,train,0.05585946616085736,0.05585946616085736,0.0,0.0,0.012155915399626741,2.287186241960197e-06,0.05585946616085736,0.11466846697840764,0.23634607286954729,0.0005,2.2309832325521506,2019.1192594000022
98,train,0.05392930598893557,0.05392930598893557,0.0,0.0,0.012922577331510355,2.373017073810877e-06,0.05392930598893557,0.1101069897114528,0.23222684166335203,0.0005,1.9213017174657785,2039.9992109000013
99,train,0.053774554049884495,0.053774554049884495,0.0,0.0,0.013966287556543664,2.2816032229319767e-06,0.053774554049884495,0.11030624572468817,0.2318934109669451,0.0005,2.173240411956355,2060.575034900001
100,train,0.053783232717992256,0.053783232717992256,0.0,0.0,0.013378278053594086,2.31438278266103e-06,0.053783232717992256,0.11039403020843579,0.2319121228353366,0.0005,2.220900039627867,2080.921923499991
101,train,0.05313177870177139,0.05313177870177139,0.0,0.0,0.013049344145605024,2.2750608285656747e-06,0.05313177870177139,0.11025887410033425,0.2305033160320506,0.0005,2.2119954723232196,2101.1889609999926
102,train,0.051929340537946095,0.051929340537946095,0.0,0.0,0.01298560437588197,2.3343765049949583e-06,0.051929340537946095,0.1060221692547202,0.22788010123296437,0.0005,1.8101643318275236,2121.662422399997
103,train,0.0528468791746182,0.0528468791746182,0.0,0.0,0.013497826502711143,2.390208346953858e-06,0.0528468791746182,0.11033617893479905,0.22988449093972868,0.0005,2.5551746251448146,2142.2475828000024
104,train,0.05226122801670398,0.05226122801670398,0.0,0.0,0.013123028700784693,2.2715480275470533e-06,0.05226122801670398,0.10898968148976564,0.22860714778130622,0.0005,2.304249983913494,2162.231739099996
105,train,0.051300778537208894,0.051300778537208894,0.0,0.0,0.013595931811855649,2.305987367916079e-06,0.051300778537208894,0.10644267003912969,0.2264967517144758,0.0005,2.062435172076495,2183.0106973999937
106,train,0.051412516856842824,0.051412516856842824,0.0,0.0,0.01293983166369627,2.3000050549733644e-06,0.051412516856842824,0.10821155153988109,0.2267432840391151,0.0005,2.6262240044350893,2203.434847800003
107,train,0.0498953338011079,0.0498953338011079,0.0,0.0,0.01292164193220296,2.3256699701308223e-06,0.0498953338011079,0.10369990661845735,0.22337263440517485,0.0005,1.805635593972116,2223.9860498000053
108,train,0.049164303271130146,0.049164303271130146,0.0,0.0,0.013392266465948438,2.3110364277529713e-06,0.049164303271130146,0.10269191422025267,0.22173024888618637,0.0005,1.9510132186817672,2244.2909498999943
109,train,0.04960264888255585,0.04960264888255585,0.0,0.0,0.013552783021949372,2.317011990271567e-06,0.04960264888255585,0.10393600973985952,0.22271652135069783,0.0005,2.238409980288092,2264.8864468999964
110,train,0.048987557611223385,0.048987557611223385,0.0,0.0,0.013459015584919812,2.3829830443335012e-06,0.048987557611223385,0.10490224488817575,0.22133132993596588,0.0005,2.4169583202533,2285.5298457000026
111,train,0.04880011806860052,0.04880011806860052,0.0,0.0,0.01343936118174274,2.3324836834979337e-06,0.04880011806860052,0.10247616331743183,0.22090748757930437,0.0005,2.349042817106787,2306.1678068000037
112,train,0.049611098255277354,0.049611098255277354,0.0,0.0,0.014528994237617502,2.3271611295950727e-06,0.049611098255277354,0.10774132699863806,0.2227354894382064,0.0005,2.774444876133271,2326.867991799998
113,train,0.048090339115604466,0.048090339115604466,0.0,0.0,0.014373190314421113,2.309108809503465e-06,0.048090339115604466,0.10389260140440934,0.2192950959679775,0.0005,2.2718720728496336,2347.3732467999944
114,train,0.04702105324621751,0.04702105324621751,0.0,0.0,0.014719005937705625,2.2841478904359426e-06,0.04702105324621751,0.10204828207750086,0.21684338414214419,0.0005,2.3975580447124987,2367.6547821999993
115,train,0.047738023346082965,0.047738023346082965,0.0,0.0,0.01507821095720777,2.311513625036756e-06,0.047738023346082965,0.1039880866852571,0.218490327808997,0.0005,3.03960212615301,2388.4680802999937
116,train,0.048177589979755825,0.048177589979755825,0.0,0.0,0.016421590088251628,2.3099039802922185e-06,0.048177589979755825,0.10748320509380892,0.21949394064473812,0.0005,3.19514210887675,2409.2093109999987
117,train,0.046627046709497494,0.046627046709497494,0.0,0.0,0.015859025108786125,2.2417493152527143e-06,0.046627046709497494,0.10392715233852556,0.21593296809310406,0.0005,2.8521395505599254,2429.795482200003
118,train,0.045044369983870125,0.045044369983870125,0.0,0.0,0.01634001000872198,2.331001556774696e-06,0.045044369983870125,0.09925985980146339,0.21223658964436393,0.0005,2.3594383006950594,2450.389329700003
119,train,0.04622648023118327,0.04622648023118327,0.0,0.0,0.016536017071526004,2.292013681104642e-06,0.04622648023118327,0.10295290949244827,0.21500344237054267,0.0005,3.273476502243078,2470.707987799993
120,train,0.043652680016810254,0.043652680016810254,0.0,0.0,0.017021397796441923,2.3894147248801396e-06,0.043652680016810254,0.09841729872244989,0.20893223785909693,0.0005,2.1087429798998922,2491.040930300005
121,train,0.04307827891511206,0.04307827891511206,0.0,0.0,0.02359799618990916,2.263567604080341e-06,0.04307827891511206,0.09776302469402272,0.20755307493533326,0.0005,2.243740885044044,2511.1789936999994
122,train,0.046312807975784444,0.046312807975784444,0.0,0.0,0.023975457117523788,2.3984164036452092e-06,0.046312807975784444,0.10708312948216811,0.2152041077112248,0.0005,3.7286237635702455,2532.1003042999946
123,train,0.04345181088185956,0.04345181088185956,0.0,0.0,0.02032286431288944,2.2903781157611036e-06,0.04345181088185956,0.0983117160106183,0.2084509795656033,0.0005,2.7422078431777233,2552.4841098000034
124,train,0.04346379451740607,0.04346379451740607,0.0,0.0,0.01950863611726266,2.391639659950704e-06,0.04346379451740607,0.10041984158199066,0.2084797220772468,0.0005,3.1741817368651337,2573.025732199996
125,train,0.04167519022710895,0.04167519022710895,0.0,0.0,0.018927014590996615,2.2963817567835818e-06,0.04167519022710895,0.09712466425350252,0.20414502253816758,0.0005,2.515073876898244,2593.789707799995
126,train,0.04200164099974297,0.04200164099974297,0.0,0.0,0.019478858430992882,2.2976621751712507e-06,0.04200164099974297,0.0994581592726117,0.20494301890950803,0.0005,3.2822757576996424,2614.340664100004
127,train,0.04193604567069242,0.04193604567069242,0.0,0.0,0.019674940983641823,2.2949490902698565e-06,0.04193604567069242,0.10030139203728086,0.20478292328876552,0.0005,3.4680669189624065,2635.495272
128,train,0.040131821947675846,0.040131821947675846,0.0,0.0,0.020248081078225712,2.3761385883294422e-06,0.040131821947675846,0.09522372018897308,0.20032928379963785,0.0005,2.5941341345040305,2656.094446000003
129,train,0.03933383267597163,0.03933383267597163,0.0,0.0,0.021107393404785194,2.289939713574433e-06,0.03933383267597163,0.09439013368573108,0.19832758929602212,0.0005,2.3405323708957098,2677.111487400005
130,train,0.0410228307948136,0.0410228307948136,0.0,0.0,0.022091923386983153,2.3814732466629686e-06,0.0410228307948136,0.10152615651945182,0.2025409360964188,0.0005,4.417618808881292,2697.619315200005
131,train,0.038448379093200154,0.038448379093200154,0.0,0.0,0.023315334903462877,2.3086308764727875e-06,0.038448379093200154,0.09401903217482681,0.19608258232999726,0.0005,2.5681527650581217,2718.2299069
132,train,0.0381969784492026,0.0381969784492026,0.0,0.0,0.027046220271654847,2.3589202384137713e-06,0.0381969784492026,0.09508732707714139,0.19544047290467398,0.0005,2.9680310251577846,2738.9874404
133,train,0.03813981458567795,0.03813981458567795,0.0,0.0,0.027679617077393352,2.3203977408864476e-06,0.03813981458567795,0.09676083197360334,0.19529417447962433,0.0005,inf,2759.7786939999933
134,train,0.03771467569225384,0.03771467569225384,0.0,0.0,0.03122388887799011,2.3417473310576688e-06,0.03771467569225384,0.09776249315484235,0.1942026665425937,0.0005,3.2146558486065775,2780.169920200002
135,train,0.036839240472373906,0.036839240472373906,0.0,0.0,0.02788803427708599,2.2321144222518824e-06,0.036839240472373906,0.09335494176396783,0.1919355112332627,0.0005,2.940449112428809,2801.035755799996
136,train,0.0360978226225306,0.0360978226225306,0.0,0.0,0.02833319121514851,2.287469294300673e-06,0.0360978226225306,0.09357813870323432,0.18999426997288787,0.0005,3.0272429709164603,2821.646395200005
137,train,0.037554699854959864,0.037554699854959864,0.0,0.0,0.03231014258597257,2.3634928989197776e-06,0.037554699854959864,0.09796911670281641,0.19379035026275138,0.0005,inf,2841.889183399995
138,train,0.03618270312105075,0.03618270312105075,0.0,0.0,0.03064215956431515,2.3760475938135366e-06,0.03618270312105075,0.09487492608714779,0.19021751528460976,0.0005,3.5538631233404265,2862.4839508000005
139,train,0.03553660789062323,0.03553660789062323,0.0,0.0,0.0358387679564503,2.3445802011303626e-06,0.03553660789062323,0.0949220936833266,0.18851155903716682,0.0005,3.563321403737338,2884.3786933999945
140,train,0.03533413956023615,0.03533413956023615,0.0,0.0,0.027611726332666738,2.3394572427039165e-06,0.03533413956023615,0.09422348608034398,0.18797377359684023,0.0005,3.436310150713291,2905.448976200001
141,train,0.03442994464904878,0.03442994464904878,0.0,0.0,0.02667818197383071,2.295154814110335e-06,0.03442994464904878,0.09252752150707651,0.1855530777137603,0.0005,3.329869772465724,2925.705009600002
142,train,0.03475633459618723,0.03475633459618723,0.0,0.0,0.02890090728705784,2.3537750702983104e-06,0.03475633459618723,0.09408960289163691,0.1864305087591278,0.0005,3.6016172789177805,2946.731948600005
143,train,0.03296875507139188,0.03296875507139188,0.0,0.0,0.029894807569260867,2.292794744000344e-06,0.03296875507139188,0.08997149636687818,0.18157300204433444,0.0005,2.761388915889668,2967.353705699992
144,train,0.03343477762826744,0.03343477762826744,0.0,0.0,0.026996140420999168,2.3180750844712406e-06,0.03343477762826744,0.09271851588427177,0.18285179142755872,0.0005,3.3808048356254146,2987.952671799998
145,train,0.0344078799363452,0.0344078799363452,0.0,0.0,0.029900337938430173,2.2788946383133286e-06,0.0344078799363452,0.09701679823392968,0.18549361157825678,0.0005,4.296907697083815,3009.0986777999933
146,train,0.033723230983467245,0.033723230983467245,0.0,0.0,0.032954334369245566,2.3087244793508567e-06,0.033723230983467245,0.0922403762925346,0.18363886022154255,0.0005,3.5782191494725786,3029.9364328999945
147,train,0.03287631356046712,0.03287631356046712,0.0,0.0,0.0283906729716175,2.361605257681491e-06,0.03287631356046712,0.09048332448627029,0.1813182659316681,0.0005,2.991031972867138,3050.880187799994
148,train,0.03242311634219148,0.03242311634219148,0.0,0.0,0.03170082110138434,2.2789545083761147e-06,0.03242311634219148,0.09020164634259242,0.18006420061242456,0.0005,2.967960439762979,3071.606138300005
149,train,0.031763235959168114,0.031763235959168114,0.0,0.0,0.03025974930738503,2.3178474448114976e-06,0.031763235959168114,0.08885739296674726,0.17822243393907544,0.0005,2.9910372326958856,3092.2498338000005
150,train,0.03197208830311385,0.03197208830311385,0.0,0.0,0.03121059556614678,2.3218452295897704e-06,0.03197208830311385,0.08828470116516325,0.17880740561596953,0.0005,2.9282493163954535,3113.322677999997
151,train,0.032363439966838825,0.032363439966838825,0.0,0.0,0.03716279742009235,2.3258160405570173e-06,0.032363439966838825,0.09038952312098361,0.17989841568740628,0.0005,3.377302217033674,3134.8406512999936
152,train,0.03368765988568655,0.03368765988568655,0.0,0.0,0.02770494522069985,2.241627854809334e-06,0.03368765988568655,0.09455975672616711,0.18354198398646165,0.0005,4.3264469493110225,3155.8566542000044
153,train,0.03335171328295507,0.03335171328295507,0.0,0.0,0.02792498121424666,2.2626938478012718e-06,0.03335171328295507,0.0926808538196503,0.18262451446329725,0.0005,3.439351482773727,3176.5508040999994
154,train,0.030547190563729093,0.030547190563729093,0.0,0.0,0.02864149683770144,2.396260161165045e-06,0.030547190563729093,0.08767970831678165,0.17477754593691117,0.0005,2.707066981859927,3196.787812900002
155,train,0.03186682696652737,0.03186682696652737,0.0,0.0,0.02883857597579371,2.2986555943546436e-06,0.03186682696652737,0.09018886368018836,0.17851282017414707,0.0005,3.571904094714039,3217.4526059000054
156,train,0.030114933334478785,0.030114933334478785,0.0,0.0,0.026352457491294393,2.321609846354854e-06,0.030114933334478785,0.08629033586080628,0.1735365475468461,0.0005,2.4101840493814,3238.1412188999966
157,train,0.03072135170615819,0.03072135170615819,0.0,0.0,0.025465285756959104,2.301286623099619e-06,0.03072135170615819,0.08919639426265964,0.17527507440066367,0.0005,3.276670511038798,3259.4096443000017
158,train,0.0315252392654931,0.0315252392654931,0.0,0.0,0.02630099910750704,2.269635932913483e-06,0.0315252392654931,0.09002866946020216,0.1775534828312109,0.0005,3.393272535980872,3279.847282799994
159,train,0.03257589463781804,0.03257589463781804,0.0,0.0,0.025667332639952876,2.300498556665706e-06,0.03257589463781804,0.09212042634498399,0.1804879348815816,0.0005,3.598005065940461,3300.695685999992
160,train,0.03121102769673256,0.03121102769673256,0.0,0.0,0.027919619502323977,2.312422823723744e-06,0.03121102769673256,0.09076142594534553,0.17666643058807907,0.0005,3.631225692776014,3321.4878740999993
161,train,0.0290960510785363,0.0290960510785363,0.0,0.0,0.029972754629715433,2.278557078496752e-06,0.0290960510785363,0.08620750731524995,0.17057564620582946,0.0005,2.727839417615027,3341.918871200003
162,train,0.03068269321023386,0.03068269321023386,0.0,0.0,0.02987519623535984,2.3115637394818443e-06,0.03068269321023386,0.08883515448081043,0.17516476018375915,0.0005,3.3917899840282946,3362.7766235000017
163,train,0.030360860350917368,0.030360860350917368,0.0,0.0,0.026192846514706342,2.26040994143745e-06,0.030360860350917368,0.0853128744271707,0.1742436809497474,0.0005,2.954999898964504,3383.688310700003
164,train,0.030471004726242205,0.030471004726242205,0.0,0.0,0.029590742240818042,2.3705912540980585e-06,0.030471004726242205,0.08603582654394351,0.17455945899962627,0.0005,2.680910866215544,3405.506791299995
165,train,0.028816663103100163,0.028816663103100163,0.0,0.0,0.02191328355726206,2.284448585686612e-06,0.028816663103100163,0.08330588891996812,0.16975471452392762,0.0005,2.3751545334762,3427.1636788000033
166,train,0.02937325674686021,0.02937325674686021,0.0,0.0,0.02330497167301628,2.398753785423908e-06,0.02937325674686021,0.0855192554007583,0.17138627934248474,0.0005,2.952496772667147,3448.4788244999945
167,train,0.02860991409219217,0.02860991409219217,0.0,0.0,0.02227387215309548,2.2746419011488093e-06,0.02860991409219217,0.08273997405227627,0.16914465434116496,0.0005,2.395085817800378,3469.403712200001
168,train,0.030139205156922134,0.030139205156922134,0.0,0.0,0.021978513601253618,2.266846328190163e-06,0.030139205156922134,0.08861322612589541,0.17360646634535862,0.0005,3.80619078874588,3490.0437257000012
169,train,0.028447386108080466,0.028447386108080466,0.0,0.0,0.02037575419219035,2.3743810713295836e-06,0.028447386108080466,0.082850706543914,0.1686635292767244,0.0005,2.7253986456484163,3510.9491786
170,train,0.030603457623510622,0.030603457623510622,0.0,0.0,0.021430687100257514,2.296191513658345e-06,0.030603457623510622,0.08862732382807527,0.1749384395251959,0.0005,3.8549000946980603,3531.865000699996
171,train,0.028218402211111753,0.028218402211111753,0.0,0.0,0.021981781278297585,2.2729822642261596e-06,0.028218402211111753,0.08227448558856573,0.16798333908787427,0.0005,2.382788790846771,3551.861806300003
172,train,0.02968328533893756,0.02968328533893756,0.0,0.0,0.025039199809983093,2.2538407384277924e-06,0.02968328533893756,0.08610626403769515,0.1722883784209996,0.0005,3.1137904828449465,3572.371232599995
173,train,0.027868946430310147,0.027868946430310147,0.0,0.0,0.024855003112329625,2.270802791020476e-06,0.027868946430310147,0.08247422715297568,0.1669399485752591,0.0005,2.179954907804165,3592.152398499995
174,train,0.02745802962637994,0.02745802962637994,0.0,0.0,0.022134694920958212,2.2740305727018253e-06,0.02745802962637994,0.0838368131568269,0.1657046457597974,0.0005,3.067996825811998,3613.4369697999937
175,train,0.02872203647044821,0.02872203647044821,0.0,0.0,0.02025344521510151,2.3668293008669487e-06,0.02872203647044821,0.08395974965730926,0.16947576956735794,0.0005,2.958563174841539,3633.9137893000006
176,train,0.029246224833785264,0.029246224833785264,0.0,0.0,0.021345800597150372,2.3139804621026103e-06,0.029246224833785264,0.08664150687532043,0.17101527660938734,0.0005,3.199500747446744,3654.002535599997
177,train,0.02895374398206016,0.02895374398206016,0.0,0.0,0.018396877349828773,2.272168547467615e-06,0.02895374398206016,0.0852896379834076,0.17015799711462332,0.0005,3.2431524047311746,3674.5767770999955
178,train,0.02815204197722092,0.02815204197722092,0.0,0.0,0.019194298511687316,2.360728725727553e-06,0.02815204197722092,0.08328844909819791,0.1677857025411311,0.0005,2.7789192019768483,3694.8853719000035
179,train,0.02795183434887494,0.02795183434887494,0.0,0.0,0.019389882982480077,2.2610512445989683e-06,0.02795183434887494,0.08277422147012263,0.16718802094909474,0.0005,2.702198142150663,3715.2890813999984
180,train,0.028099383970416142,0.028099383970416142,0.0,0.0,0.02112019958220563,2.319981415396642e-06,0.028099383970416142,0.08320127710840612,0.16762870867013246,0.0005,3.1633656294840686,3736.127203600001
181,train,0.027899908669812404,0.027899908669812404,0.0,0.0,0.021287037411107206,2.399389833250475e-06,0.027899908669812404,0.08141385589040956,0.16703265749491147,0.0005,2.31679349462941,3756.671554799992
182,train,0.028229479800719198,0.028229479800719198,0.0,0.0,0.020081398235458247,2.370580099917754e-06,0.028229479800719198,0.08339390092054907,0.16801630813917795,0.0005,2.4284570970625246,3777.5429558000033
183,train,0.02781334982745355,0.02781334982745355,0.0,0.0,0.0206372617691193,2.327256690889799e-06,0.02781334982745355,0.0813475762072177,0.16677334867254284,0.0005,2.3670919402590336,3798.294933199999
184,train,0.027932776126668477,0.027932776126668477,0.0,0.0,0.021860917292113573,2.2187251994731717e-06,0.027932776126668477,0.08270285285939023,0.16713101485561702,0.0005,2.6391896695460915,3819.6439621000027
185,train,0.027069934310950554,0.027069934310950554,0.0,0.0,0.021068119145226927,2.3066023515021476e-06,0.027069934310950554,0.08365859012031612,0.1645294329624659,0.0005,2.862351491766156,3840.768890899999
186,train,0.02632891828640977,0.02632891828640977,0.0,0.0,0.02019180621038068,2.3789258721252445e-06,0.02632891828640977,0.07975042809925552,0.16226188180349005,0.0005,2.22153458392845,3861.722098500002
187,train,0.027863216578997763,0.027863216578997763,0.0,0.0,0.0202693862945966,2.3772864156888077e-06,0.027863216578997763,0.08427550997936498,0.16692278627855983,0.0005,3.1474576018891245,3881.923834400004
188,train,0.026131120084165505,0.026131120084165505,0.0,0.0,0.02241153343809101,2.2366818360030763e-06,0.026131120084165505,0.07817538438435152,0.1616512297638515,0.0005,2.1258575843190246,3902.2647791999916
189,train,0.026382408106937358,0.026382408106937358,0.0,0.0,0.023474464966159948,2.393555935256854e-06,0.026382408106937358,0.07965563867100567,0.162426623762662,0.0005,2.1272216900339664,3922.270265500003
190,train,0.02722406259202919,0.02722406259202919,0.0,0.0,0.02062205081137846,2.2943816299269905e-06,0.02722406259202919,0.08039718642127963,0.16499715934533293,0.0005,2.5820971941048243,3942.774430099991
191,train,0.02606555534575305,0.02606555534575305,0.0,0.0,0.018781328187236247,2.243603742774109e-06,0.02606555534575305,0.07989950705635943,0.16144830549049763,0.0005,2.250322112497294,3963.7944722999964
192,train,0.0264076787387548,0.0264076787387548,0.0,0.0,0.020190224262341013,2.3063715264659138e-06,0.0264076787387548,0.08005014911891434,0.16250439605978295,0.0005,2.5903743561708703,3984.559691699993
193,train,0.026012084425705982,0.026012084425705982,0.0,0.0,0.01951071932771296,2.289126533074557e-06,0.026012084425705982,0.08015199989994176,0.16128262282622385,0.0005,2.6151050672216236,4005.3179171999946
194,train,0.025197575393738004,0.025197575393738004,0.0,0.0,0.021665601622102397,2.2978603441996077e-06,0.025197575393738004,0.07872530903561781,0.15873744168827342,0.0005,2.067229875416126,4025.8384690999956
195,train,0.027158668151928144,0.027158668151928144,0.0,0.0,0.02174314744067642,2.349743837994366e-06,0.027158668151928144,0.0815106756194442,0.1647988718163087,0.0005,3.001709429722912,4047.153122399992
196,train,0.027488461457879858,0.027488461457879858,0.0,0.0,0.018791906711346697,2.3015597439295546e-06,0.027488461457879858,0.08167672126887825,0.1657964458541855,0.0005,2.6784534960422874,4067.951095299999
197,train,0.026305491928813457,0.026305491928813457,0.0,0.0,0.020924375568217825,2.2913373795573826e-06,0.026305491928813457,0.08027988391629651,0.16218967886031915,0.0005,2.552196241774649,4088.7591089999914
198,train,0.027153276656133804,0.027153276656133804,0.0,0.0,0.021690292073027143,2.258059989456016e-06,0.027153276656133804,0.08160782869518646,0.16478251319886406,0.0005,2.8790001953547857,4109.359154099991
199,train,0.026014523420558103,0.026014523420558103,0.0,0.0,0.022780757924576976,2.3484345023942572e-06,0.026014523420558103,0.07941743439450016,0.16129018389399308,0.0005,1.989018164153369,4129.7851352
200,train,0.02547107267404636,0.02547107267404636,0.0,0.0,0.01904375025264497,2.310768227632578e-06,0.02547107267404636,0.07890739998130021,0.1595965935540178,0.0005,2.433663451446677,4150.581478099994
201,train,0.025050820534395942,0.025050820534395942,0.0,0.0,0.018660183257932932,2.3761760985507863e-06,0.025050820534395942,0.07931670740879368,0.1582745100589351,0.0005,2.3106711113227987,4171.328246000005
202,train,0.026662284772368674,0.026662284772368674,0.0,0.0,0.01936299627963102,2.273784824659365e-06,0.026662284772368674,0.07945872615706527,0.16328589887791498,0.0005,2.626849724436706,4191.6607372
203,train,0.024845958020777506,0.024845958020777506,0.0,0.0,0.018542006137376686,2.325157750865916e-06,0.024845958020777506,0.07769579617482311,0.15762600680337463,0.0005,2.215218817288021,4212.357160200001
204,train,0.02550020526221762,0.02550020526221762,0.0,0.0,0.018710343430767645,2.3665013422255726e-06,0.02550020526221762,0.08001836854788774,0.15968783692635335,0.0005,2.610689979116872,4232.515991799999
205,train,0.026542015820244694,0.026542015820244694,0.0,0.0,0.020138419619849267,2.294371839988738e-06,0.026542015820244694,0.08068726411757042,0.16291720541503496,0.0005,2.203687463166579,4253.451418500001
206,train,0.026287413262465607,0.026287413262465607,0.0,0.0,0.018112895307394693,2.3621165202609327e-06,0.026287413262465607,0.0815310400822815,0.16213393618384034,0.0005,2.7294460439457082,4273.6577063
207,train,0.02481820566380228,0.02481820566380228,0.0,0.0,0.016957311381427746,2.362197278671374e-06,0.02481820566380228,0.07719944565961102,0.15753794991620998,0.0005,2.40855225976908,4293.891389199998
208,train,0.025351800618680604,0.025351800618680604,0.0,0.0,0.01786600772010268,2.361289976195038e-06,0.025351800618680604,0.07872763839638178,0.15922248779202203,0.0005,2.083608515982358,4314.444070800004
209,train,0.025478135426553465,0.025478135426553465,0.0,0.0,0.01732603606398938,2.264918881543431e-06,0.025478135426553465,0.07837441945799963,0.15961871891026272,0.0005,2.750668708445891,4335.095233100001
210,train,0.026517517218200986,0.026517517218200986,0.0,0.0,0.01683317072127225,2.297026592817208e-06,0.026517517218200986,0.07984210816827023,0.1628420007805142,0.0005,2.5708308467325174,4356.000290399999
211,train,0.025751423444575577,0.025751423444575577,0.0,0.0,0.01618236607327214,2.3021776511978835e-06,0.025751423444575577,0.08135150572074187,0.16047250058678458,0.0005,2.883421781490434,4376.162677799992
212,train,0.02487307341813542,0.02487307341813542,0.0,0.0,0.01650470850180905,2.3316048906774497e-06,0.02487307341813542,0.07832840717098906,0.15771199516249682,0.0005,2.260567400815352,4397.161646199995
213,train,0.02445276221049015,0.02445276221049015,0.0,0.0,0.017747454362798412,2.3165642893595845e-06,0.02445276221049015,0.07659872432924666,0.15637379003685417,0.0005,2.1486492842998146,4417.8189919
214,train,0.025343924667054724,0.025343924667054724,0.0,0.0,0.017436130130487792,2.278142093653617e-06,0.025343924667054724,0.07910456486257178,0.15919775333544983,0.0005,2.4435897238974302,4438.846837899997
215,train,0.025031827903313687,0.025031827903313687,0.0,0.0,0.017471980039944063,2.2885352521216362e-06,0.025031827903313687,0.07908661213334438,0.15821449966205275,0.0005,3.1036126973494045,4459.545835900004
216,train,0.02624454403998724,0.02624454403998724,0.0,0.0,0.017537471416564483,2.3497797072641846e-06,0.02624454403998724,0.08262826603362863,0.16200167912706104,0.0005,2.943394075024803,4480.6884613
217,train,0.02546296861933716,0.02546296861933716,0.0,0.0,0.017952743548689025,2.3334871779091905e-06,0.02546296861933716,0.07895515563563917,0.15957120234972588,0.0005,inf,4500.770495899997
218,train,0.025820461999587083,0.025820461999587083,0.0,0.0,0.01972844581699596,2.252561978151926e-06,0.025820461999587083,0.08048264934980083,0.16068746684040758,0.0005,2.7339593700642855,4521.3619340000005
219,train,0.025421348542899205,0.025421348542899205,0.0,0.0,0.021320152465464932,2.343143315333434e-06,0.025421348542899205,0.07999028282521184,0.15944073677357115,0.0005,2.7750207253222197,4542.509901600002
220,train,0.024537616297737184,0.024537616297737184,0.0,0.0,0.017916164308224083,2.37444965666825e-06,0.024537616297737184,0.07787477737907669,0.15664487319327494,0.0005,2.6405348215463027,4563.099551599997
221,train,0.02479584559258447,0.02479584559258447,0.0,0.0,0.016034853609524807,2.2679044244590464e-06,0.02479584559258447,0.07652782562171231,0.15746696667105922,0.0005,2.082285469433047,4583.846974999993
222,train,0.024564060657699748,0.024564060657699748,0.0,0.0,0.018683303780150862,2.2947501897846757e-06,0.024564060657699748,0.07654082757016678,0.15672925909893068,0.0005,2.2811141655130207,4604.277632199999
223,train,0.02370255127936857,0.02370255127936857,0.0,0.0,0.0161206592577246,2.337823253960864e-06,0.02370255127936857,0.07553945355609341,0.15395632913059654,0.0005,2.4249512643184303,4625.374876300004
224,train,0.02480411311958308,0.02480411311958308,0.0,0.0,0.024612236961300642,2.2673861390360814e-06,0.02480411311958308,0.07768114722281133,0.15749321610654562,0.0005,2.352513033826396,4645.6041769
225,train,0.025033013151276557,0.025033013151276557,0.0,0.0,0.01778271637927249,2.371479047484035e-06,0.025033013151276557,0.0780841530037095,0.1582182453172723,0.0005,2.492157660565286,4666.494701699994
226,train,0.02354743134250693,0.02354743134250693,0.0,0.0,0.01775016739331889,2.3731660679193325e-06,0.02354743134250693,0.07652467671114038,0.15345172316564884,0.0005,2.2080719960185715,4687.615909799992
227,train,0.024457522035814732,0.024457522035814732,0.0,0.0,0.018275185822034783,2.3766590917182598e-06,0.024457522035814732,0.07751928892619205,0.15638900867968544,0.0005,2.6489712258554854,4707.897658599992
228,train,0.02407992387850514,0.02407992387850514,0.0,0.0,0.018489938967351644,2.297961945911976e-06,0.02407992387850514,0.07713686446747128,0.15517707265735212,0.0005,2.272779662654085,4728.2548816999915
229,train,0.02474058758035545,0.02474058758035545,0.0,0.0,0.020221808977987407,2.335010969785936e-06,0.02474058758035545,0.07887246608382688,0.15729140974749845,0.0005,2.9046393205534735,4748.5082272
230,train,0.02378592476264392,0.02378592476264392,0.0,0.0,0.02095529373805478,2.3515238263774697e-06,0.02378592476264392,0.0766638622531351,0.15422686135250216,0.0005,2.4903038993196667,4768.585902399995
231,train,0.023713121487416396,0.023713121487416396,0.0,0.0,0.018950024971141004,2.29245693321471e-06,0.023713121487416396,0.07616207377879688,0.15399065389632058,0.0005,2.143599992090801,4789.474520599993
232,train,0.022736868917346796,0.022736868917346796,0.0,0.0,0.01836789592678817,2.334973965792775e-06,0.022736868917346796,0.07459983891930502,0.15078749589189017,0.0005,1.8457728646836191,4809.926025499997
233,train,0.022818173796656755,0.022818173796656755,0.0,0.0,0.019824144377742173,2.348852938598182e-06,0.022818173796656755,0.07442507332120583,0.1510568561722928,0.0005,1.9837012543993175,4830.1321851999965
234,train,0.024487002379478418,0.024487002379478418,0.0,0.0,0.01753317053377066,2.3096540429970396e-06,0.024487002379478418,0.07924075759947301,0.15648323354109991,0.0005,2.957326150727722,4850.695493399995
235,train,0.02344016626971183,0.02344016626971183,0.0,0.0,0.01831980583802709,2.277056236345983e-06,0.02344016626971183,0.07694995526470383,0.15310181667671952,0.0005,2.2994544213672854,4871.260643899994
236,train,0.024470153798111436,0.024470153798111436,0.0,0.0,0.021174989482563623,2.414880462842944e-06,0.024470153798111436,0.07805230307726646,0.1564293891764314,0.0005,2.248720591922976,4891.8281680999935
237,train,0.024057735557632763,0.024057735557632763,0.0,0.0,0.021878114110737475,2.4012453375792765e-06,0.024057735557632763,0.07698997001005511,0.15510556262633768,0.0005,2.016887035009996,4912.828121300001
238,train,0.024366648892752873,0.024366648892752873,0.0,0.0,0.019577948007521766,2.3170654659859893e-06,0.024366648892752873,0.0771732004868956,0.15609820272108477,0.0005,2.4242213503369747,4933.777111599993
239,train,0.023175467927800158,0.023175467927800158,0.0,0.0,0.019035697211775015,2.3716255276118524e-06,0.023175467927800158,0.07693889649444312,0.15223491034516412,0.0005,2.1064170002937317,4954.312399200004
240,train,0.023072923970711298,0.023072923970711298,0.0,0.0,0.017078950720013312,2.398049353891934e-06,0.023072923970711298,0.07568351718649831,0.15189774182229077,0.0005,2.189236542526281,4974.755852400005
241,train,0.0237167668927797,0.0237167668927797,0.0,0.0,0.018322785841828247,2.3923638193665746e-06,0.0237167668927797,0.07576444399947266,0.15400248989149395,0.0005,2.397424278956539,4994.897769200004
242,train,0.022426302663700208,0.022426302663700208,0.0,0.0,0.017923723238537897,2.2644581967365668e-06,0.022426302663700208,0.07364001347208923,0.14975414072305382,0.0005,1.6492822794419415,5015.4211560999975
243,train,0.023319200975015955,0.023319200975015955,0.0,0.0,0.018859648180879512,2.3130002413175667e-06,0.023319200975015955,0.07378420014953557,0.1527062571573803,0.0005,2.088975859138201,5035.947498399997
244,train,0.022492959078638547,0.022492959078638547,0.0,0.0,0.022628944402314582,2.233187943465106e-06,0.022492959078638547,0.07453300310298802,0.14997652842574583,0.0005,2.168487013510938,5056.556915499998
245,train,0.023408521814952725,0.023408521814952725,0.0,0.0,0.018890697614483115,2.3547677194142552e-06,0.023408521814952725,0.07711644700535063,0.15299843729578655,0.0005,2.2335933829253576,5076.7825617999915
246,train,0.022834442780086252,0.022834442780086252,0.0,0.0,0.018663887408966164,2.4120567027325103e-06,0.022834442780086252,0.07548069367536679,0.1511106971067444,0.0005,2.4833015147245154,5097.344832499992
247,train,0.023179577662490635,0.023179577662490635,0.0,0.0,0.01967225664839992,2.241599366603829e-06,0.023179577662490635,0.07571439398276919,0.15224840775026396,0.0005,2.087730068643138,5118.068534699996
248,train,0.02368206342367592,0.02368206342367592,0.0,0.0,0.018601126757995138,2.278130205871454e-06,0.02368206342367592,0.07739362238185866,0.1538897768653783,0.0005,2.6126766649057283,5138.531417499995
249,train,0.023740301734258805,0.023740301734258805,0.0,0.0,0.018267427641406375,2.4084907541897714e-06,0.023740301734258805,0.0777604594914559,0.1540788815323463,0.0005,2.2977982984398895,5159.2588749999995
250,train,0.023457022048840474,0.023457022048840474,0.0,0.0,0.017495748288226576,2.326464177799007e-06,0.023457022048840474,0.076316618443168,0.15315685439718482,0.0005,2.4874901704068453,5179.8328713999945
251,train,0.02302819406383073,0.02302819406383073,0.0,0.0,0.019979668956882548,2.2796945818042316e-06,0.02302819406383073,0.07660994006601989,0.15175043348811473,0.0005,2.3878108414838897,5200.744888100002
252,train,0.02306569757648108,0.02306569757648108,0.0,0.0,0.017683202207510202,2.3121393123458475e-06,0.02306569757648108,0.07606721205179984,0.15187395292307723,0.0005,2.1351302963382794,5221.284918599995
253,train,0.023785138553497707,0.023785138553497707,0.0,0.0,0.017157748253699742,2.2388944607196465e-06,0.023785138553497707,0.07904690390733898,0.15422431245915058,0.0005,3.0223391933261223,5241.8880027999985
254,train,0.022520817144357108,0.022520817144357108,0.0,0.0,0.015835512165893923,2.279402063425739e-06,0.022520817144357108,0.07630687467402446,0.1500693744384813,0.0005,2.542663058020034,5262.565176799995
255,train,0.022500203632615637,0.022500203632615637,0.0,0.0,0.01606438214064769,2.269094414619964e-06,0.022500203632615637,0.076620150301254,0.15000067877384968,0.0005,inf,5283.570689500004
256,train,0.022770728853191823,0.022770728853191823,0.0,0.0,0.01858439099676204,2.2990775655757113e-06,0.022770728853191823,0.0750046429312173,0.15089973112365648,0.0005,2.335517664562981,5305.027082799992
257,train,0.022181559652449757,0.022181559652449757,0.0,0.0,0.018159620077261386,2.237630750007053e-06,0.022181559652449757,0.07478578992293411,0.14893474964711814,0.0005,2.273456242849242,5325.668869300003
258,train,0.02224391933432001,0.02224391933432001,0.0,0.0,0.016952060760473304,2.284319012722095e-06,0.02224391933432001,0.07540760971605778,0.1491439550713337,0.0005,2.045964577287998,5346.075837800003
259,train,0.02453809357909947,0.02453809357909947,0.0,0.0,0.01721386163372476,2.3317646979056968e-06,0.02453809357909947,0.08030500070912375,0.15664639663618016,0.0005,3.0291473876755193,5366.499687499992
260,train,0.02253666455402503,0.02253666455402503,0.0,0.0,0.01714147414730967,2.359817980470565e-06,0.02253666455402503,0.07571255698062059,0.15012216543210744,0.0005,1.888882358119173,5387.059242999996
261,train,0.021939697887082384,0.021939697887082384,0.0,0.0,0.01629164816706248,2.3398407920639037e-06,0.021939697887082384,0.07208450959011352,0.14812055187273096,0.0005,2.1347257303741745,5407.260693799995
262,train,0.022022254858893576,0.022022254858893576,0.0,0.0,0.015351059776291533,2.301309002246373e-06,0.022022254858893576,0.07495040441775377,0.14839897189298037,0.0005,2.5242342780221185,5428.399141400005
263,train,0.02083255479389303,0.02083255479389303,0.0,0.0,0.015405742310971584,2.290991660028906e-06,0.02083255479389303,0.07145188801728611,0.14433487033247727,0.0005,1.6693875893669308,5449.308444399998
264,train,0.021725712194344143,0.021725712194344143,0.0,0.0,0.016798373118464677,2.3329073149758393e-06,0.021725712194344143,0.07287599543320404,0.14739644566387666,0.0005,2.3914252986323157,5469.6200981
265,train,0.021046910380034704,0.021046910380034704,0.0,0.0,0.01890124508865037,2.3718618503719555e-06,0.021046910380034704,0.07333517671158574,0.14507553336119328,0.0005,1.992790031545567,5490.092027699997
266,train,0.021281452776981142,0.021281452776981142,0.0,0.0,0.017324868308485678,2.33337881504753e-06,0.021281452776981142,0.07384270530826641,0.14588163961575543,0.0005,2.0713036004102454,5510.622471499999
267,train,0.021108612818695617,0.021108612818695617,0.0,0.0,0.015533766111815875,2.416050000098245e-06,0.021108612818695617,0.07064986647686587,0.14528803398317294,0.0005,2.04280383406945,5530.819289899999
268,train,0.02173139309306862,0.02173139309306862,0.0,0.0,0.015366915876994718,2.2645269901435966e-06,0.02173139309306862,0.07524651293906401,0.14741571521743746,0.0005,2.53905655134399,5551.377757199996
269,train,0.020921364088363197,0.020921364088363197,0.0,0.0,0.016052352914692095,2.260115142887099e-06,0.020921364088363197,0.07319645937005023,0.14464219331980277,0.0005,2.4594242021722614,5571.7228588
270,train,0.021127069570928074,0.021127069570928074,0.0,0.0,0.016248265052882006,2.432014193285761e-06,0.021127069570928074,0.07422594610285366,0.14535153790355324,0.0005,2.6507709121929026,5592.868394599995
271,train,0.021441536040103258,0.021441536040103258,0.0,0.0,0.01810151986988648,2.3661929634607007e-06,0.021441536040103258,0.07364615290865019,0.14642928682508585,0.0005,2.6485539972782135,5613.8169204000005
272,train,0.020718602261674605,0.020718602261674605,0.0,0.0,0.017519091976419935,2.372561324728798e-06,0.020718602261674605,0.07328454284876024,0.14393957851013253,0.0005,2.380636651560945,5634.440532199995
273,train,0.02235780917892627,0.02235780917892627,0.0,0.0,0.016494124706061382,2.3243090807673583e-06,0.02235780917892627,0.07898684743229512,0.14952527939758636,0.0005,2.389952434683746,5654.808221400002
274,train,0.020514353880255683,0.020514353880255683,0.0,0.0,0.01671700480060195,2.3009627743446784e-06,0.020514353880255683,0.07139634148235312,0.14322832778558744,0.0005,2.1096103523137435,5675.8978775
275,train,0.02015060599579504,0.02015060599579504,0.0,0.0,0.016667973794886527,2.325815193268321e-06,0.02015060599579504,0.07241692149062764,0.14195283017888385,0.0005,2.0491056251076034,5696.187716899993
276,train,0.020340472705720456,0.020340472705720456,0.0,0.0,0.016338052579535627,2.374049399633187e-06,0.020340472705720456,0.0704698358574566,0.14262002911835509,0.0005,1.7573923671020653,5716.304132599995
277,train,0.026046840653066713,0.026046840653066713,0.0,0.0,0.02054552266479663,2.3832335650781113e-06,0.026046840653066713,0.08661712316866474,0.16139033630631888,0.0005,3.5982929018308534,5737.345647299997
278,train,0.02262855451283614,0.02262855451283614,0.0,0.0,0.02264031781902853,2.2675817082824133e-06,0.02262855451283614,0.07908630249494653,0.15042790470134237,0.0005,2.2976639619413413,5757.811782399993
279,train,0.022102157562492824,0.022102157562492824,0.0,0.0,0.01842840601039945,2.2890518365321044e-06,0.022102157562492824,0.07550144969784425,0.14866794396403288,0.0005,2.014351729514464,5778.106144199992
280,train,0.020614449790514727,0.020614449790514727,0.0,0.0,0.016406290022269735,2.3634522505127058e-06,0.020614449790514727,0.07194434840161844,0.1435773303502845,0.0005,2.346501650675288,5798.404064300004
281,train,0.019971596179730457,0.019971596179730457,0.0,0.0,0.016928704033763904,2.2439509402314763e-06,0.019971596179730457,0.0714496542682063,0.14132089788750443,0.0005,2.0714179805989534,5819.251621899995
282,train,0.019696427109340463,0.019696427109340463,0.0,0.0,0.017970089150487253,2.291892042623384e-06,0.019696427109340463,0.07149335476833413,0.14034396000305985,0.0005,2.407854324241854,5839.8868856000045
283,train,0.019761923840708746,0.019761923840708746,0.0,0.0,0.016402886987154214,2.296229021734655e-06,0.019761923840708746,0.07199697089469377,0.14057710994578296,0.0005,1.732188860200486,5860.169322200003
284,train,0.019842501446856776,0.019842501446856776,0.0,0.0,0.015278979485749074,2.1782617437257046e-06,0.019842501446856776,0.0714107060225083,0.14086341415306097,0.0005,1.8362289464698647,5880.762385800001
285,train,0.019573311735672727,0.019573311735672727,0.0,0.0,0.016273765649013925,2.2383114982111914e-06,0.019573311735672727,0.0704795968051086,0.139904652301747,0.0005,1.9384299679747168,5901.2890887999965
286,train,0.019742945868457127,0.019742945868457127,0.0,0.0,0.016389468561787652,2.277693721345782e-06,0.019742945868457127,0.07179717653132274,0.14050959351039746,0.0005,2.033995552445358,5921.784797100001
287,train,0.019509058651340828,0.019509058651340828,0.0,0.0,0.017683840075613192,2.3311963237780596e-06,0.019509058651340828,0.07011903473791087,0.13967483184647414,0.0005,1.9093160781095613,5941.903441599992
288,train,0.020302586891042633,0.020302586891042633,0.0,0.0,0.018214108580547683,2.2122268383786575e-06,0.020302586891042633,0.07407462123676009,0.14248714640641322,0.0005,2.114336465889553,5962.382579099998
289,train,0.020502636959954197,0.020502636959954197,0.0,0.0,0.01581849430178134,2.3342791719015914e-06,0.020502636959954197,0.07147115545769066,0.14318741900025364,0.0005,2.158307824494704,5982.5953364000015
290,train,0.019705831639884357,0.019705831639884357,0.0,0.0,0.01591332161904506,2.3027966159683068e-06,0.019705831639884357,0.07305067785189683,0.14037746129590875,0.0005,2.2527753159684956,6002.5739281999995
291,train,0.019909342414057556,0.019909342414057556,0.0,0.0,0.015633832593009156,2.382071018490813e-06,0.019909342414057556,0.07283425120953121,0.14110046921983482,0.0005,2.398075763909322,6023.172012700001
292,train,0.018618305175543772,0.018618305175543772,0.0,0.0,0.015863817501461732,2.3784619032702943e-06,0.018618305175543772,0.0696673344434151,0.13644891049599397,0.0005,1.9360492656815727,6043.585027299996
293,train,0.018256541062928934,0.018256541062928934,0.0,0.0,0.016664662222676683,2.3876538573361203e-06,0.018256541062928934,0.07104052146720999,0.13511676825223778,0.0005,1.9183955968550916,6064.129280900001
294,train,0.019820704564624047,0.019820704564624047,0.0,0.0,0.01635462376025488,2.364305873496325e-06,0.019820704564624047,0.07181073704664155,0.14078602403869514,0.0005,inf,6084.267902599997
295,train,0.020725689480124574,0.020725689480124574,0.0,0.0,0.017719021892913106,2.240968548371797e-06,0.020725689480124574,0.07574579237064102,0.1439641951324168,0.0005,2.606193816886758,6105.473266799992
296,train,0.01849945977038895,0.01849945977038895,0.0,0.0,0.016344579692297388,2.2710311063661413e-06,0.01849945977038895,0.0698865926789366,0.1360127191493095,0.0005,1.938537452580794,6125.882757400002
297,train,0.018581286646323584,0.018581286646323584,0.0,0.0,0.0157119450598674,2.391367129005304e-06,0.018581286646323584,0.06952714563856993,0.13631319322179927,0.0005,1.787346898384814,6146.355880599993
298,train,0.01870544874933021,0.01870544874933021,0.0,0.0,0.01597164915698879,2.376096011536198e-06,0.01870544874933021,0.07044569374817722,0.13676786446139388,0.0005,2.3102587618917787,6166.823555700001
299,train,0.019497474265476482,0.019497474265476482,0.0,0.0,0.02037401084419129,2.339799581657747e-06,0.019497474265476482,0.07069141706276054,0.13963335656452752,0.0005,2.2900782682985628,6187.160470699993
300,train,0.018139621056698675,0.018139621056698675,0.0,0.0,0.018181643554202792,2.3086757141325782e-06,0.018139621056698675,0.06926085515791236,0.134683410473223,0.0005,2.160036859647283,6207.421877999994
301,train,0.020114853464872552,0.020114853464872552,0.0,0.0,0.01712711487527726,2.347550775994023e-06,0.020114853464872552,0.0731270339814419,0.1418268432451084,0.0005,2.2549430930389547,6227.584751799994
302,train,0.020758885806503275,0.020758885806503275,0.0,0.0,0.01742376612042481,2.3409095105444926e-06,0.020758885806503275,0.07297059303536169,0.14407944269222892,0.0005,2.243065446052911,6247.935435199994
303,train,0.020527681637594348,0.020527681637594348,0.0,0.0,0.01915326605568517,2.2849029404961534e-06,0.020527681637594348,0.07190040514786851,0.1432748464930057,0.0005,2.2946168600388295,6267.950238599995
304,train,0.020103817944618636,0.020103817944618636,0.0,0.0,0.019389725501104346,2.3326872665938077e-06,0.020103817944618636,0.07332860040214828,0.14178793300072695,0.0005,2.186409109043625,6288.301935099997
305,train,0.019339019443193467,0.019339019443193467,0.0,0.0,0.015833372021761705,2.3364386812695642e-06,0.019339019443193467,0.07135879741103021,0.1390648030351083,0.0005,2.695637539872583,6308.663920699997
306,train,0.01863471633177536,0.01863471633177536,0.0,0.0,0.01561272457101435,2.355689455828913e-06,0.01863471633177536,0.07071838728767241,0.13650903388338576,0.0005,2.6085757838105255,6329.730412100005
307,train,0.01768963670805327,0.01768963670805327,0.0,0.0,0.016491597781906713,2.290686670418819e-06,0.01768963670805327,0.0668865201239175,0.1330023936177589,0.0005,1.6712629311489609,6350.161558699998
308,train,0.018190560126829538,0.018190560126829538,0.0,0.0,0.016126652634790482,2.2921565296887564e-06,0.018190560126829538,0.07037326695116346,0.13487238459680892,0.0005,2.5314796791886383,6370.876224299995
309,train,0.018302994609641833,0.018302994609641833,0.0,0.0,0.015495580480486717,2.307864863140358e-06,0.018302994609641833,0.06831163795102599,0.1352885605276434,0.0005,1.634093945318798,6391.558279000004
310,train,0.019552919406768926,0.019552919406768926,0.0,0.0,0.016517040548178385,2.238287340830693e-06,0.019552919406768926,0.07080894533263625,0.1398317539286729,0.0005,1.9576059602341562,6412.022261399994
311,train,0.017406080183828415,0.017406080183828415,0.0,0.0,0.015257221119443201,2.413508151169841e-06,0.017406080183828415,0.06822612389289547,0.1319321044470542,0.0005,1.735061430706168,6432.933078599992
312,train,0.017581769595906148,0.017581769595906148,0.0,0.0,0.017787237475924898,2.2457998721740366e-06,0.017581769595906148,0.06828252317313596,0.1325962653920017,0.0005,2.093238110812205,6453.164775500001
313,train,0.01728590029153978,0.01728590029153978,0.0,0.0,0.015532165150737987,2.312520813197721e-06,0.01728590029153978,0.0664069474780194,0.13147585440505713,0.0005,1.6951733642029312,6473.776017099997
314,train,0.017585082825551688,0.017585082825551688,0.0,0.0,0.018734636259669403,2.286589763588261e-06,0.017585082825551688,0.06877311520313598,0.13260875847979156,0.0005,2.3164093516907602,6494.113241899991
315,train,0.018497490978682803,0.018497490978682803,0.0,0.0,0.015407763878410717,2.26406214182443e-06,0.018497490978682803,0.07182335308665093,0.13600548142881155,0.0005,2.477764311264146,6514.4132618
316,train,0.017508490231948774,0.017508490231948774,0.0,0.0,0.015444065778041785,2.3498319495836698e-06,0.017508490231948774,0.06735211268664815,0.13231965172244362,0.0005,1.7675356943652314,6535.373444299999
317,train,0.01782585004846211,0.01782585004846211,0.0,0.0,0.01640464646636315,2.298563984213787e-06,0.01782585004846211,0.06949678797204542,0.13351348264674287,0.0005,2.0105301490369833,6555.7132194000005
318,train,0.018173577471343547,0.018173577471343547,0.0,0.0,0.016632923504935122,2.3196712970086494e-06,0.018173577471343547,0.07095791044346283,0.13480941165713745,0.0005,1.9746763132653147,6576.159644899992
319,train,0.017497555847842038,0.017497555847842038,0.0,0.0,0.01511112944978588,2.2894254887021062e-06,0.017497555847842038,0.067955231476786,0.13227832720382443,0.0005,2.159749055808445,6597.308984300005
320,train,0.017572969068989447,0.017572969068989447,0.0,0.0,0.01613889490517805,2.214824870055243e-06,0.017572969068989447,0.06861138081810667,0.13256307581294818,0.0005,2.515878775209751,6617.820858499996
321,train,0.018262550102296684,0.018262550102296684,0.0,0.0,0.01607810621553997,2.3241613264889445e-06,0.018262550102296684,0.07107062711608861,0.13513900289071504,0.0005,3.2207463687320925,6638.275523000004
322,train,0.01893668786819172,0.01893668786819172,0.0,0.0,0.015633526135165738,2.3091838878620898e-06,0.01893668786819172,0.07046471664963185,0.13761063864466191,0.0005,2.012291148586093,6658.969796599995
323,train,0.018013984825967846,0.018013984825967846,0.0,0.0,0.017034310654227464,2.3404464426041058e-06,0.018013984825967846,0.0686750201807129,0.1342161868999706,0.0005,2.332125297132528,6679.262310799997
324,train,0.01728488617875385,0.01728488617875385,0.0,0.0,0.0159400782530319,2.391409122349117e-06,0.01728488617875385,0.06833302711821951,0.1314719976981937,0.0005,1.8691621113498256,6700.069321000003
325,train,0.016633115324973156,0.016633115324973156,0.0,0.0,0.01518653141650951,2.3474588998688666e-06,0.016633115324973156,0.06620054805194434,0.1289694356232249,0.0005,1.839259739192027,6720.527867700002
326,train,0.017810463620295394,0.017810463620295394,0.0,0.0,0.016326351600857276,2.2874221335683308e-06,0.017810463620295394,0.06908950444908356,0.13345584895498358,0.0005,2.3077241969558426,6741.583896800003
327,train,0.01621330776638988,0.01621330776638988,0.0,0.0,0.01610264276980229,2.296965045337307e-06,0.01621330776638988,0.06566655734413358,0.12733148772550285,0.0005,1.9013637017528966,6762.030098999996
328,train,0.016019998591328438,0.016019998591328438,0.0,0.0,0.015291007745237846,2.2622326524761553e-06,0.016019998591328438,0.06581524635647547,0.12657013309358744,0.0005,2.0087809214052164,6782.648216699992
329,train,0.017127299845083578,0.017127299845083578,0.0,0.0,0.01544476432268912,2.3269101347977994e-06,0.017127299845083578,0.06865647006077025,0.13087131024439075,0.0005,2.0325006983190215,6803.420385899997
330,train,0.016817095880441973,0.016817095880441973,0.0,0.0,0.015926695042201934,2.314851633614898e-06,0.016817095880441973,0.06717305778578485,0.12968074598968798,0.0005,1.8345240455753398,6824.031899199996
331,train,0.01669355127352283,0.01669355127352283,0.0,0.0,0.01611874784993113,2.2559070438941455e-06,0.01669355127352283,0.06780689609992618,0.12920352655219142,0.0005,2.1465337383297256,6844.637118999992
332,train,0.01626265990606318,0.01626265990606318,0.0,0.0,0.014634510765801061,2.3314623466882588e-06,0.01626265990606318,0.06503620420073002,0.1275251344091163,0.0005,inf,6864.673546899998
333,train,0.017367771632663512,0.017367771632663512,0.0,0.0,0.015259533004729816,2.43131217706283e-06,0.017367771632663512,0.06743449343473845,0.1317868416522056,0.0005,1.9477884403939516,6884.9221712
334,train,0.016482734574646943,0.016482734574646943,0.0,0.0,0.01836726832080562,2.295983522516216e-06,0.016482734574646943,0.06777212479731665,0.1283851026196067,0.0005,1.6799284017310951,6905.604411399996
335,train,0.016357548243481776,0.016357548243481776,0.0,0.0,0.015251138502345333,2.276963622328899e-06,0.016357548243481776,0.0670986328625454,0.12789663108730337,0.0005,1.895365352900523,6926.383354899997
336,train,0.016011113070759028,0.016011113070759028,0.0,0.0,0.015217955856812451,2.2541737443357562e-06,0.016011113070759028,0.06560727735313604,0.12653502705084876,0.0005,1.6434191769024111,6947.382031799993
337,train,0.016123672901064638,0.016123672901064638,0.0,0.0,0.014371314226596986,2.3603266261077052e-06,0.016123672901064638,0.06457902769259405,0.126979025437529,0.0005,1.624357836988737,6968.0442504999955
338,train,0.016517025858239616,0.016517025858239616,0.0,0.0,0.016006379212551523,2.318796034915239e-06,0.016517025858239616,0.06704468187296164,0.1285185817624814,0.0005,2.236289432026305,6988.700438700005
339,train,0.016989900926699122,0.016989900926699122,0.0,0.0,0.016650304022543836,2.292965315012585e-06,0.016989900926699122,0.06870954879295996,0.13034531417239026,0.0005,1.75738133799355,7010.492921500001
340,train,0.01739603648104162,0.01739603648104162,0.0,0.0,0.01726121515176206,2.352129118696881e-06,0.01739603648104162,0.06821727768676179,0.13189403504723637,0.0005,2.0694412915211804,7031.237542100003
341,train,0.016420173549072988,0.016420173549072988,0.0,0.0,0.01751692447249057,2.305719901397544e-06,0.016420173549072988,0.06695057202728008,0.12814122501784111,0.0005,1.7213427660600193,7052.091943499996
342,train,0.015725101648751908,0.015725101648751908,0.0,0.0,0.016456254213204922,2.2794565687568052e-06,0.015725101648751908,0.06723960908129811,0.12539976733930533,0.0005,2.1680541195959413,7072.7583483999915
343,train,0.01542889163425777,0.01542889163425777,0.0,0.0,0.01596077737170008,2.185062475342969e-06,0.01542889163425777,0.06463686409494225,0.12421308962527972,0.0005,2.1065259930097833,7094.442622000002
344,train,0.015227620017479772,0.015227620017479772,0.0,0.0,0.015607443304275567,2.434427992224266e-06,0.015227620017479772,0.06560770984176757,0.12340024318241748,0.0005,1.5535806338742095,7115.1143132
345,train,0.015822230235886,0.015822230235886,0.0,0.0,0.016519440004145198,2.3274801219915113e-06,0.015822230235886,0.06556978247673165,0.12578644694833382,0.0005,2.0845427276953212,7135.833596800003
346,train,0.015969768303838,0.015969768303838,0.0,0.0,0.016478433203444165,2.385741651160747e-06,0.015969768303838,0.06578831390284422,0.12637154863274408,0.0005,2.0175136665128313,7156.188590399994
347,train,0.017173094399584202,0.017173094399584202,0.0,0.0,0.016584513744093338,2.3423930508455805e-06,0.017173094399584202,0.06736964590777203,0.131046153700077,0.0005,2.253864846139584,7176.269139600001
348,train,0.015909505908732753,0.015909505908732753,0.0,0.0,0.015865374620090116,2.2880358623091147e-06,0.015909505908732753,0.06653448408118115,0.12613288987703705,0.0005,1.667145165632356,7196.7041398
349,train,0.016100135711091732,0.016100135711091732,0.0,0.0,0.015815289620802087,2.3001952637780462e-06,0.016100135711091732,0.06784578244254555,0.12688631017998644,0.0005,2.3531567268776445,7217.464077099998
350,train,0.015832729925393817,0.015832729925393817,0.0,0.0,0.01567575976885152,2.375278251387293e-06,0.015832729925393817,0.06503559509995131,0.12582817619831346,0.0005,1.7535012268795158,7238.0699743000005
351,train,0.016624271539859486,0.016624271539859486,0.0,0.0,0.01547689041790535,2.2360380381662323e-06,0.016624271539859486,0.06681117776886754,0.12893514470407005,0.0005,2.233785609591682,7258.2291419999965
352,train,0.015161753580194377,0.015161753580194377,0.0,0.0,0.015847204815385478,2.307082976551341e-06,0.015161753580194377,0.0644585867781403,0.12313307264985462,0.0005,1.5891433858646538,7278.746615399999
353,train,0.014742742659208887,0.014742742659208887,0.0,0.0,0.01670975789849488,2.3580639255566703e-06,0.014742742659208887,0.06503356823451675,0.12141969633963381,0.0005,1.8147838627392392,7299.351271099993
354,train,0.016727334185957007,0.016727334185957007,0.0,0.0,0.01520594392182692,2.402054159368695e-06,0.016727334185957007,0.06945499691163312,0.12933419573321284,0.0005,2.5602059937872976,7319.708245200003
355,train,0.015140232385766592,0.015140232385766592,0.0,0.0,0.016227735856653384,2.2957389049070287e-06,0.015140232385766592,0.06457629644856702,0.12304565163290652,0.0005,1.632651631562215,7340.462026499998
356,train,0.015396022732602432,0.015396022732602432,0.0,0.0,0.016354334259511164,2.395111767516525e-06,0.015396022732602432,0.0627446038648486,0.12408071055809776,0.0005,1.4852785549636156,7361.2268802000035
357,train,0.015757305087026906,0.015757305087026906,0.0,0.0,0.017484963889110763,2.2454656307261003e-06,0.015757305087026906,0.06555196945116205,0.12552810476951728,0.0005,1.9448200306802426,7382.039328700004
358,train,0.01518070717003935,0.01518070717003935,0.0,0.0,0.01765541864102179,2.316386515320908e-06,0.01518070717003935,0.06484614498386125,0.1232100124585634,0.0005,1.6219546457506575,7402.677022799995
359,train,0.01613516961472858,0.01613516961472858,0.0,0.0,0.016560426649619948,2.339223204405741e-06,0.01613516961472858,0.06803155535621183,0.1270242874993935,0.0005,2.0984457866200863,7423.458748699995
360,train,0.015144246486986203,0.015144246486986203,0.0,0.0,0.016854824076564807,2.382667175107548e-06,0.015144246486986203,0.06248059392344416,0.12306196198251595,0.0005,1.4564896720760274,7444.4631617999985
361,train,0.015189242018727178,0.015189242018727178,0.0,0.0,0.016758712307321576,2.322025423227559e-06,0.015189242018727178,0.06406653116474736,0.12324464296157939,0.0005,1.5766634316939228,7465.381737699994
362,train,0.014354823743832519,0.014354823743832519,0.0,0.0,0.017343412417004694,2.328302689163121e-06,0.014354823743832519,0.06308965696865375,0.11981161773314189,0.0005,1.503854327044397,7486.3004908
363,train,0.015472415408870767,0.015472415408870767,0.0,0.0,0.017091832633288402,2.30342002310554e-06,0.015472415408870767,0.0647423225314409,0.12438816426360977,0.0005,1.9113265225347482,7506.577640799995
364,train,0.014679528285026057,0.014679528285026057,0.0,0.0,0.01698496438703447,2.261327342737031e-06,0.014679528285026057,0.06272425455269667,0.12115910318678517,0.0005,1.4451386281904184,7527.1070903999935
365,train,0.01501659396279412,0.01501659396279412,0.0,0.0,0.016090187823997355,2.3587177256901995e-06,0.01501659396279412,0.06494815026076053,0.1225422129830946,0.0005,1.8457941575995032,7547.499390700003
366,train,0.015623199576739868,0.015623199576739868,0.0,0.0,0.019218618630097724,2.21300990688178e-06,0.015623199576739868,0.0670011338180388,0.12499279809948999,0.0005,2.2729416860724396,7568.030336099997
367,train,0.014347102531692663,0.014347102531692663,0.0,0.0,0.018866804340537988,2.3165968917415945e-06,0.014347102531692663,0.06353683469746756,0.11977939109752003,0.0005,1.5582325424788133,7588.5363086
368,train,0.013691276418117102,0.013691276418117102,0.0,0.0,0.018040534776617895,2.302455461073616e-06,0.013691276418117102,0.06197847674583207,0.11700972787814312,0.0005,1.6123822084013022,7609.255529799993
369,train,0.016111897088187516,0.016111897088187516,0.0,0.0,0.015688651715809444,2.311433840472057e-06,0.016111897088187516,0.06611800210304415,0.12693264784202493,0.0005,2.087508460260787,7630.365970800005
370,train,0.01639649750094285,0.01639649750094285,0.0,0.0,0.016561958288668462,2.3479248528808896e-06,0.01639649750094285,0.06726762805801796,0.12804880905710467,0.0005,1.8665448708354302,7651.274523100001
371,train,0.01566002015519326,0.01566002015519326,0.0,0.0,0.019298168039827975,2.3230600807025595e-06,0.01566002015519326,0.06566221832104449,0.12514000221828855,0.0005,1.9448799327859339,7672.224278199996
372,train,0.015081189652393625,0.015081189652393625,0.0,0.0,0.017698077994556922,2.3500234261038437e-06,0.015081189652393625,0.06419896970520604,0.12280549520438255,0.0005,inf,7693.124161899992
373,train,0.014188227035079964,0.014188227035079964,0.0,0.0,0.018073778458923665,2.291359250330919e-06,0.014188227035079964,0.06266895730997313,0.11911434437161615,0.0005,1.8142725111178633,7713.986414200001
374,train,0.014901509383165626,0.014901509383165626,0.0,0.0,0.018290316387308093,2.332344620900019e-06,0.014901509383165626,0.06436687701223592,0.12207173867511524,0.0005,1.7226733143599529,7734.606633100004
375,train,0.014303137121580977,0.014303137121580977,0.0,0.0,0.017480829273754696,2.374011413214145e-06,0.014303137121580977,0.06398348998594677,0.11959572367597839,0.0005,1.4819571302746826,7755.351633400001
376,train,0.014051990044706305,0.014051990044706305,0.0,0.0,0.017453660749180137,2.3211490349909446e-06,0.014051990044706305,0.06322491353483131,0.11854109011100879,0.0005,1.4768013746108648,7776.047409199993
377,train,0.014187786264781886,0.014187786264781886,0.0,0.0,0.018898293024526454,2.315636965129601e-06,0.014187786264781886,0.06434674082886217,0.11911249415901712,0.0005,1.9617121883158415,7797.314227800001
378,train,0.014074695042160424,0.014074695042160424,0.0,0.0,0.020116999516931345,2.2996987697623346e-06,0.014074695042160424,0.061551826382231584,0.11863681992602644,0.0005,1.604238195239373,7818.341657800003
379,train,0.013936668719172712,0.013936668719172712,0.0,0.0,0.017531413215932982,2.290538330545939e-06,0.013936668719172712,0.06185766788867284,0.11805366880860887,0.0005,1.5169992390668616,7839.2916768
380,train,0.014554197155474572,0.014554197155474572,0.0,0.0,0.01804002165302353,2.3040084039715815e-06,0.014554197155474572,0.0632579490876282,0.12064077733285115,0.0005,1.4730549629004497,7859.545477899999
381,train,0.012931501660143183,0.012931501660143183,0.0,0.0,0.017216653984813195,2.4506640449613287e-06,0.012931501660143183,0.06121801593745093,0.11371676068259763,0.0005,1.654158651266458,7879.288073699994
382,train,0.012863101760294223,0.012863101760294223,0.0,0.0,0.017817387533075404,2.3196849758947656e-06,0.012863101760294223,0.060713416492601605,0.11341561515194556,0.0005,1.3261959271610908,7899.8739585
383,train,0.013699909685553548,0.013699909685553548,0.0,0.0,0.01903421577628491,2.2772937195698448e-06,0.013699909685553548,0.06167749236249979,0.11704661330236577,0.0005,1.6113624201630645,7920.512969399992
384,train,0.014635681851730213,0.014635681851730213,0.0,0.0,0.018706162284427095,2.311274333548664e-06,0.014635681851730213,0.0648262362742691,0.12097802218473491,0.0005,2.170255168991269,7941.564549499992
385,train,0.013589142794684587,0.013589142794684587,0.0,0.0,0.017898301716964198,2.2600741083737858e-06,0.013589142794684587,0.06298808152699524,0.11657247871896946,0.0005,1.675040549264764,7962.083223900001
386,train,0.013617471976551387,0.013617471976551387,0.0,0.0,0.017330613479299366,2.358464053889653e-06,0.013617471976551387,0.06308535056118413,0.11669392433435165,0.0005,1.6315531885286547,7982.813165300002
387,train,0.014571723170970555,0.014571723170970555,0.0,0.0,0.018108379622956493,2.213235733987223e-06,0.014571723170970555,0.06418497283714558,0.12071339267442761,0.0005,1.6887057187422267,8003.962075200005
388,train,0.013580153260072792,0.013580153260072792,0.0,0.0,0.020161198908990284,2.3599312876371493e-06,0.013580153260072792,0.06255566394835148,0.11653391463463669,0.0005,1.6692822851100058,8024.854413699999
389,train,0.014076049711716138,0.014076049711716138,0.0,0.0,0.018941257658572692,2.3524998300243445e-06,0.014076049711716138,0.06541087131349825,0.11864252910198829,0.0005,1.7617067464117735,8045.494651200002
390,train,0.013866166117365518,0.013866166117365518,0.0,0.0,0.017429459646765916,2.304302145019838e-06,0.013866166117365518,0.06398380619456183,0.11775468618006468,0.0005,1.7684162630225129,8066.067028000005
391,train,0.013771980929994002,0.013771980929994002,0.0,0.0,0.016271779067673773,2.3636800489050144e-06,0.013771980929994002,0.06294311486746905,0.11735408356761175,0.0005,1.6945687931663584,8086.629722700003
392,train,0.014253621939284164,0.014253621939284164,0.0,0.0,0.016023226363478967,2.356082031494808e-06,0.014253621939284164,0.0649894853315826,0.11938853353351889,0.0005,2.1455378262501843,8107.158225399995
393,train,0.013586607020123709,0.013586607020123709,0.0,0.0,0.018614435990182858,2.2793349645961017e-06,0.013586607020123709,0.06231117560791801,0.11656160182548843,0.0005,1.6574361819141317,8127.710086099993
394,train,0.013408858477981445,0.013408858477981445,0.0,0.0,0.017579377962733216,2.329693289401854e-06,0.013408858477981445,0.06214368367778524,0.11579662550342927,0.0005,1.7616184320089951,8147.705534199995
395,train,0.013567845192575884,0.013567845192575884,0.0,0.0,0.017894465581707236,2.3522131161096796e-06,0.013567845192575884,0.0610566121455774,0.11648109371299654,0.0005,inf,8168.3728596
396,train,0.014518359127663952,0.014518359127663952,0.0,0.0,0.01678197470686908,2.3265247986239287e-06,0.014518359127663952,0.0646663230878986,0.12049215380124945,0.0005,1.8201902362535585,8189.013025799999
397,train,0.013671860192657476,0.013671860192657476,0.0,0.0,0.018133685871396424,2.2785905303124927e-06,0.013671860192657476,0.062163863915352606,0.11692673001780848,0.0005,1.505140074019162,8209.482105200004
398,train,0.0138816373044392,0.0138816373044392,0.0,0.0,0.021780625969733833,2.4013376105358475e-06,0.0138816373044392,0.0646123508817323,0.11782036031365377,0.0005,1.9599360463754185,8229.876938899994
399,train,0.01303164614952073,0.01303164614952073,0.0,0.0,0.0186294971631383,2.308612746639723e-06,0.01303164614952073,0.06113680013683888,0.11415623570143127,0.0005,1.3254434100861818,8250.016259600001
400,train,0.012409823534121732,0.012409823534121732,0.0,0.0,0.019227993990874517,2.3684401103653144e-06,0.012409823534121732,0.06060797849599763,0.11139938749437418,0.0005,1.3866261479989537,8270.493170899994
1,train,0.22708371786418804,0.22708371786418804,0.0,0.0,6.1793485799963915e-06,2.2734882521653384e-06,0.22708371786418804,0.3035030561235715,0.47653301865053177,0.0005,inf,24.23404930002289
2,train,0.12847854238748108,0.12847854238748108,0.0,0.0,1.723977416162906e-05,2.3059768915667313e-06,0.12847854238748108,0.19436553955816152,0.35843903580313496,0.0005,0.7301222828199279,44.92341200000374
3,train,0.1286355139185067,0.1286355139185067,0.0,0.0,1.5708559829981136e-05,2.3177884091672e-06,0.1286355139185067,0.1937115658443632,0.3586579344145431,0.0005,0.7472292730268443,66.4550383000169
1,train,0.16265980562130378,0.16265980562130378,0.0,0.0,1.1081215292616855e-05,2.333661200282222e-06,0.16265980562130378,0.25487850358498826,0.4033110531851362,0.0005,2.039342458518046,24.113365400000475
2,train,0.12856512152913027,0.12856512152913027,0.0,0.0,5.530259105433048e-06,2.3616625118744915e-06,0.12856512152913027,0.1928888578003026,0.3585597879421649,0.0005,0.688482623898758,45.54551530000754
3,train,0.1306529745713666,0.1306529745713666,0.0,0.0,6.697750055571065e-06,2.383207586563175e-06,0.1306529745713666,0.1945074220135246,0.36145950612947864,0.0005,1.0120938988226764,68.10719609999796
4,train,0.12836708883628065,0.12836708883628065,0.0,0.0,5.14522322998157e-06,2.3203363521391127e-06,0.12836708883628065,0.19236509541119892,0.35828353134951746,0.0005,0.6839352590295503,88.83045670000138
1,train,0.17861253816095163,0.17861253816095163,0.0,0.0,6.696184013482604e-07,2.35357041039503e-06,0.17861253816095163,0.26498489912318174,0.42262576608738806,0.0005,2.3291230156736553,24.276011200010544
2,train,0.12887105908758828,0.12887105908758828,0.0,0.0,2.920900799552946e-07,2.283654847781021e-06,0.12887105908758828,0.19305476745379704,0.35898615445109894,0.0005,0.7338410767744172,45.47729520002031
3,train,0.12953500731711995,0.12953500731711995,0.0,0.0,3.3745674042131454e-07,2.3503703833173276e-06,0.12953500731711995,0.19314290437812237,0.35990972106504704,0.0005,0.8550173454689529,67.08411980001256
4,train,0.12898841932707553,0.12898841932707553,0.0,0.0,4.434649457714772e-07,2.347636047557418e-06,0.12898841932707553,0.19451036014822567,0.3591495779296915,0.0005,0.7958293357547724,88.17327100000693
5,train,0.12899061163905504,0.12899061163905504,0.0,0.0,2.9120544486474654e-07,2.375247727543882e-06,0.12899061163905504,0.192618551925879,0.3591526300043688,0.0005,0.7632691252906367,109.35803450000822
6,train,0.12866048275513403,0.12866048275513403,0.0,0.0,3.0725947451757303e-07,2.3080104166131966e-06,0.12866048275513403,0.1938676844843014,0.35869274143078783,0.0005,0.7514930364658248,131.25045780002256
7,train,0.12901839925551992,0.12901839925551992,0.0,0.0,3.1787200997177073e-07,2.3925304735455014e-06,0.12901839925551992,0.19323011036645965,0.35919131288983025,0.0005,0.8132258808275439,152.58898260002024
8,train,0.1292583304267642,0.1292583304267642,0.0,0.0,3.877014226306854e-07,2.3242156494920635e-06,0.1292583304267642,0.19204461287250219,0.35952514575028577,0.0005,0.7959003985490439,173.56062880001264
9,train,0.12842781128700081,0.12842781128700081,0.0,0.0,5.376404317303241e-07,2.305390424071619e-06,0.12842781128700081,0.19359210565123913,0.3583682621089664,0.0005,0.7943857309390914,199.09569490002468
10,train,0.1288272766218211,0.1288272766218211,0.0,0.0,8.783509497763314e-07,2.349230674914203e-06,0.1288272766218211,0.1927238425749513,0.3589251685544232,0.0005,0.8306332922206735,223.5489950000192
11,train,0.1284678223950597,0.1284678223950597,0.0,0.0,1.325424975375255e-06,2.3018519105223603e-06,0.1284678223950597,0.1924623527810118,0.3584240817733369,0.0005,0.7356085487694111,248.2045974000066
12,train,0.12793584105999098,0.12793584105999098,0.0,0.0,1.4428441090785782e-06,2.348255411304291e-06,0.12793584105999098,0.1922276209793843,0.357681200316694,0.0005,0.6398147923766442,270.3694343000243
13,train,0.12866969524954394,0.12866969524954394,0.0,0.0,1.658561887041905e-06,2.2381792139228465e-06,0.12866969524954394,0.19342233177871923,0.3587055829640012,0.0005,0.7421628343609145,292.08411230001366
14,train,0.1283731480673799,0.1283731480673799,0.0,0.0,2.3668683855437436e-06,2.2238016363876084e-06,0.1283731480673799,0.19204133133808116,0.3582919871660262,0.0005,0.734530654718291,312.87978740001563
15,train,0.1289673271223124,0.1289673271223124,0.0,0.0,2.712725925551429e-06,2.2576367569545597e-06,0.1289673271223124,0.19326880102239125,0.35912021263403204,0.0005,0.8332865994493917,333.92872670001816
16,train,0.12886066616516678,0.12886066616516678,0.0,0.0,2.2577756458046663e-06,2.2750894197328443e-06,0.12886066616516678,0.19358145877332344,0.35897167877865627,0.0005,0.8015839938285216,355.21652820002055
17,train,0.12971800489319302,0.12971800489319302,0.0,0.0,2.2337154611173077e-06,2.2086344437034228e-06,0.12971800489319302,0.19375585981135096,0.36016385839391635,0.0005,0.8772372569677964,375.9647865000006
18,train,0.12771009515330112,0.12771009515330112,0.0,0.0,2.3428783263299473e-06,2.2524633987934137e-06,0.12771009515330112,0.19312197924679464,0.3573654923930137,0.0005,0.6724884964103969,397.30967380001675
19,train,0.12825010613127028,0.12825010613127028,0.0,0.0,2.232318204835981e-06,2.288373248377883e-06,0.12825010613127028,0.1917175787079306,0.35812023976769347,0.0005,0.7687117955032384,418.01448179999716
20,train,0.1281083742080845,0.1281083742080845,0.0,0.0,2.485848134934061e-06,2.2864374725615115e-06,0.1281083742080845,0.19372395810161563,0.35792230191493307,0.0005,0.7091108462158239,439.2798316999979
21,train,0.12894066127497905,0.12894066127497905,0.0,0.0,2.0298522537453913e-06,2.3380015084873072e-06,0.12894066127497905,0.1919669941419138,0.3590830840835851,0.0005,0.7311429517730227,460.3654157000128
22,train,0.12835992861979525,0.12835992861979525,0.0,0.0,2.0351362763904035e-06,2.4117581997072776e-06,0.12835992861979525,0.19428559975030857,0.35827353882165963,0.0005,0.7728271810513623,481.44331480000983
23,train,0.12881499524818585,0.12881499524818585,0.0,0.0,2.5333340116323497e-06,2.3422247428449204e-06,0.12881499524818585,0.19248944805267282,0.358908059603272,0.0005,0.8001387937451309,507.13109910002095
24,train,0.12843778606087963,0.12843778606087963,0.0,0.0,2.736242837306905e-06,2.38964070213801e-06,0.12843778606087963,0.19348578594519564,0.3583821787713218,0.0005,0.7958575444963744,533.8099664000038
25,train,0.1271715122318161,0.1271715122318161,0.0,0.0,3.0907919934625683e-06,2.3263719992239615e-06,0.1271715122318161,0.19207056485608498,0.3566111498983397,0.0005,0.6170850100944627,559.3379390000191
26,train,0.128147284579499,0.128147284579499,0.0,0.0,2.8633207146516006e-06,2.3909336389480366e-06,0.128147284579499,0.19225812962208438,0.35797665367939707,0.0005,0.7484603670408141,584.6602753000043
27,train,0.12832871496534348,0.12832871496534348,0.0,0.0,3.3941417331214255e-06,2.294143809932685e-06,0.12832871496534348,0.19367079852184038,0.3582299749676784,0.0005,0.814161405248462,609.7140735000139
28,train,0.1280830809047538,0.1280830809047538,0.0,0.0,3.2641316019575207e-06,2.3002050215407784e-06,0.1280830809047538,0.19446360405077634,0.35788696665952197,0.0005,0.762257639810724,635.1694967000221
29,train,0.12867156385933104,0.12867156385933104,0.0,0.0,3.5348527387025072e-06,2.2190643058597487e-06,0.12867156385933104,0.1918446801339258,0.35870818761122675,0.0005,0.7448234853317153,660.0052799000114
30,train,0.12728150386222137,0.12728150386222137,0.0,0.0,3.9772810996853294e-06,2.306892619739267e-06,0.12728150386222137,0.19233990260312014,0.356765334445797,0.0005,0.606272817220328,684.5879739000229
31,train,0.12954519784065924,0.12954519784065924,0.0,0.0,4.251910922903335e-06,2.2652240191609103e-06,0.12954519784065924,0.19347603191393165,0.3599238778417726,0.0005,0.91343081700352,709.3210711000138
32,train,0.12792240406481553,0.12792240406481553,0.0,0.0,4.504603326357989e-06,2.3878448319181807e-06,0.12792240406481553,0.19386015828558298,0.3576624163437019,0.0005,0.7627839732844874,734.4831580000173
33,train,0.12832066311307672,0.12832066311307672,0.0,0.0,4.911273723371538e-06,2.3478481743263985e-06,0.12832066311307672,0.19252825948181299,0.35821873640706836,0.0005,0.8357617354617929,759.3226605000091
34,train,0.12811949035643716,0.12811949035643716,0.0,0.0,5.104316899650137e-06,2.426301893017739e-06,0.12811949035643716,0.19189942985913655,0.3579378302952025,0.0005,0.7790850936523024,784.1852076000068
35,train,0.12747011979656647,0.12747011979656647,0.0,0.0,5.656864987203043e-06,2.3106708838140377e-06,0.12747011979656647,0.1924918061350736,0.3570295783216938,0.0005,0.7557707218066702,808.7241781000048
36,train,0.12738427467161528,0.12738427467161528,0.0,0.0,6.3235444065627094e-06,2.4122260832505077e-06,0.12738427467161528,0.1918406862624973,0.3569093367672178,0.0005,0.6981067022062698,833.7738212000113
37,train,0.1272000114019424,0.1272000114019424,0.0,0.0,7.285038009285927e-06,2.2984454024069392e-06,0.1272000114019424,0.19172831415462321,0.3566511059872693,0.0005,0.6628094152459558,857.7561697000056
38,train,0.12831668286586514,0.12831668286586514,0.0,0.0,8.21903342580728e-06,2.286778653196618e-06,0.12831668286586514,0.19201710959017843,0.3582131807539543,0.0005,0.8257503450479148,882.8184717000113
39,train,0.12782514622649954,0.12782514622649954,0.0,0.0,9.057821109377502e-06,2.302105608063323e-06,0.12782514622649954,0.19334627072203836,0.3575264273120234,0.0005,0.8351217474577561,907.6532850000076
40,train,0.1279134111351527,0.1279134111351527,0.0,0.0,1.0087183523384463e-05,2.2681052490403296e-06,0.1279134111351527,0.1928539119502706,0.35764984431025926,0.0005,0.8373970597420098,932.5553128000174
41,train,0.12954677666651687,0.12954677666651687,0.0,0.0,1.1735756108361596e-05,2.3004086303770684e-06,0.12954677666651687,0.19327273286070745,0.35992607111255065,0.0005,1.0638969052793845,957.0381903000234
42,train,0.1273204706400168,0.1273204706400168,0.0,0.0,1.547641173636053e-05,2.260715561687731e-06,0.1273204706400168,0.19244276286928721,0.35681994148311946,0.0005,0.744555412598376,983.2299978000228
43,train,0.12703511042796065,0.12703511042796065,0.0,0.0,1.3865522511346257e-05,2.360276239243213e-06,0.12703511042796065,0.1921266274755153,0.3564198513382225,0.0005,0.7375714022595927,1009.171330400015
44,train,0.12700408932251553,0.12700408932251553,0.0,0.0,1.5491813960493948e-05,2.4035715547520425e-06,0.12700408932251553,0.19139525636608862,0.3563763310357683,0.0005,inf,1034.5740893000038
45,train,0.1275203163015935,0.1275203163015935,0.0,0.0,1.7233506919440532e-05,2.2768041046803326e-06,0.1275203163015935,0.1924968663444917,0.35709986880646355,0.0005,0.8470708862790521,1060.6685467000061
46,train,0.1276039905018307,0.1276039905018307,0.0,0.0,1.9345017773168434e-05,2.2513103354044085e-06,0.1276039905018307,0.1911206355459004,0.35721700757639,0.0005,0.9284207505999871,1085.9479850000062
47,train,0.12723831832410276,0.12723831832410276,0.0,0.0,2.1748196113034248e-05,2.3470372246625835e-06,0.12723831832410276,0.19272928029509653,0.35670480558033246,0.0005,0.9425126637490291,1111.4425222999998
48,train,0.12688862057361544,0.12688862057361544,0.0,0.0,2.44433254954616e-05,2.3849841300205916e-06,0.12688862057361544,0.19153770285676117,0.3562142902434087,0.0005,0.8324775032277377,1136.439870800008
49,train,0.1271363975512323,0.1271363975512323,0.0,0.0,2.7036182833604847e-05,2.335563811717499e-06,0.1271363975512323,0.19232974200210762,0.3565619126480453,0.0005,0.8472693998296306,1161.8893355000182
50,train,0.12692186270100786,0.12692186270100786,0.0,0.0,3.2885471227928065e-05,2.34969611097287e-06,0.12692186270100786,0.1923138042806454,0.3562609474823305,0.0005,0.9281484113549286,1186.5846892000118
51,train,0.1267170496968627,0.1267170496968627,0.0,0.0,3.4613105938506294e-05,2.4098730209687964e-06,0.1267170496968627,0.19185842670816586,0.35597338341070206,0.0005,0.810812142097725,1212.7546657000203
52,train,0.12622115673576395,0.12622115673576395,0.0,0.0,3.7825548408260865e-05,2.23952480704405e-06,0.12622115673576395,0.1912868663774065,0.35527616967053105,0.0005,0.8757552476424091,1237.9111584000057
53,train,0.12586171484890313,0.12586171484890313,0.0,0.0,4.232459729603263e-05,2.312655388383098e-06,0.12586171484890313,0.1907285300417329,0.354769946372157,0.0005,0.7967669005101582,1263.6863387000049
54,train,0.12655696689626497,0.12655696689626497,0.0,0.0,4.6514506978400154e-05,2.3411471439207815e-06,0.12655696689626497,0.19113465955059206,0.35574846014602085,0.0005,0.975525181529657,1289.6361903000216
55,train,0.1262817972416842,0.1262817972416842,0.0,0.0,5.098711431547033e-05,2.242034160842178e-06,0.1262817972416842,0.19164242477173793,0.35536150219415186,0.0005,1.0056118475940992,1314.4400770000066
56,train,0.12584701385579675,0.12584701385579675,0.0,0.0,5.6564068215249004e-05,2.369582397100117e-06,0.12584701385579675,0.19132370882544594,0.35474922671627734,0.0005,0.9047440695312788,1339.1849072000186
57,train,0.12580207399704071,0.12580207399704071,0.0,0.0,6.263488412171357e-05,2.320133920926859e-06,0.12580207399704071,0.19116466733855456,0.3546858807410308,0.0005,inf,1364.2377288000134
58,train,0.124943927891458,0.124943927891458,0.0,0.0,7.053874115918693e-05,2.2765580305926016e-06,0.124943927891458,0.1892203637609645,0.3534740837621027,0.0005,0.8015425849073338,1390.0157699999982
59,train,0.12462368586776337,0.12462368586776337,0.0,0.0,8.005593204047127e-05,2.320362103280374e-06,0.12462368586776337,0.19037850888727126,0.3530208008995552,0.0005,0.804105965315171,1415.9961182000116
60,train,0.12543913664747658,0.12543913664747658,0.0,0.0,8.619062804050286e-05,2.3061413084744928e-06,0.12543913664747658,0.19082831828591398,0.3541738791151552,0.0005,1.1008802747951363,1440.8211658000073
61,train,0.12566334700216272,0.12566334700216272,0.0,0.0,9.53642334454069e-05,2.342442000536841e-06,0.12566334700216272,0.19054074438534818,0.3544902636211081,0.0005,1.0893621838317726,1466.8836161000072
62,train,0.12448207166833627,0.12448207166833627,0.0,0.0,0.00010571933081285711,2.351732947952872e-06,0.12448207166833627,0.19124795245182394,0.3528201690214666,0.0005,1.0830347549240544,1492.346917100018
63,train,0.12501414159352928,0.12501414159352928,0.0,0.0,0.00011574141769054925,2.3597476812491947e-06,0.12501414159352928,0.1897548965160859,0.3535733892610264,0.0005,1.1348974790494397,1517.1964612000156
64,train,0.1242134542395811,0.1242134542395811,0.0,0.0,0.0001267693816840139,2.3610396956943112e-06,0.1242134542395811,0.19009709419893492,0.3524392915660527,0.0005,1.0871059425034613,1542.401674599998
65,train,0.12516401642863473,0.12516401642863473,0.0,0.0,0.00014504226556658428,2.3210104657510044e-06,0.12516401642863473,0.19033210300225406,0.3537852688123613,0.0005,1.2426162215898622,1568.1591030000127
66,train,0.12401926152777136,0.12401926152777136,0.0,0.0,0.00015298154876119334,2.2498855197175906e-06,0.12401926152777136,0.18876995543228842,0.352163685702787,0.0005,1.1735855841411735,1593.5705353000085
67,train,0.12356274888227761,0.12356274888227761,0.0,0.0,0.0001667099452977297,2.251779124152271e-06,0.12356274888227761,0.1891104644568602,0.35151493408143786,0.0005,1.2969231928856868,1618.9493551000196
68,train,0.12436504924022164,0.12436504924022164,0.0,0.0,0.00018043856752623434,2.2712264611090056e-06,0.12436504924022164,0.19072881719132628,0.3526542913962932,0.0005,1.2499321417988472,1644.1298782000085
69,train,0.12217131982277968,0.12217131982277968,0.0,0.0,0.00020268016257586906,2.260770154965219e-06,0.12217131982277968,0.18660954361746335,0.34953014150825346,0.0005,1.031049780125888,1669.508754600014
70,train,0.12281920814647544,0.12281920814647544,0.0,0.0,0.00022158766426761054,2.2586244617655814e-06,0.12281920814647544,0.18892640364971364,0.3504557149576469,0.0005,1.4364162357348316,1694.5771151000226
71,train,0.12251342382534068,0.12251342382534068,0.0,0.0,0.00023821265330177925,2.313533657815122e-06,0.12251342382534068,0.18777900149448304,0.35001917636801083,0.0005,1.452113443950437,1719.690627200005
72,train,0.12178628627255608,0.12178628627255608,0.0,0.0,0.00026852663558081915,2.318443374054557e-06,0.12178628627255608,0.18714951690426976,0.34897891952459836,0.0005,1.3072886646918531,1745.386125000019
73,train,0.1217967010045782,0.1217967010045782,0.0,0.0,0.00037705478558255326,2.3232813174338005e-06,0.1217967010045782,0.18597454561693763,0.3489938409264241,0.0005,inf,1770.9963942000177
74,train,0.12230000591390433,0.12230000591390433,0.0,0.0,0.0014779336974551937,2.3058618297617835e-06,0.12230000591390433,0.18776447453694237,0.34971417745625405,0.0005,1.722828118306286,1796.2673554000212
75,train,0.11965024929658678,0.11965024929658678,0.0,0.0,0.0021395851849174163,2.303509758486092e-06,0.11965024929658678,0.1856153596262887,0.34590497148290134,0.0005,1.485145410557963,1822.3612098000012
76,train,0.11921213733923033,0.11921213733923033,0.0,0.0,0.003033570699253172,2.284120489763017e-06,0.11921213733923033,0.1861281620250699,0.34527110701480707,0.0005,1.815618761305539,1846.838579000003
77,train,0.11450333996205854,0.11450333996205854,0.0,0.0,0.0033021568065895786,2.3938121081678304e-06,0.11450333996205854,0.18100202395317128,0.33838342152365936,0.0005,1.4423105289351266,1871.8136557000107
78,train,0.11208533254955326,0.11208533254955326,0.0,0.0,0.0038674541503050416,2.2817212856404333e-06,0.11208533254955326,0.17988755922448244,0.33479147621997973,0.0005,1.7644642113514666,1896.757394300017
79,train,0.1092373995717454,0.1092373995717454,0.0,0.0,0.0027187810683587813,2.3860277258550787e-06,0.1092373995717454,0.17777065129001737,0.33051081611914823,0.0005,2.1096990367151656,1922.135731700022
80,train,0.10257866236478429,0.10257866236478429,0.0,0.0,0.0027390133615864337,2.2601508362640743e-06,0.10257866236478429,0.17093110424202845,0.3202790382850309,0.0005,1.9753815478311394,1947.4540245000098
81,train,0.09500009671942537,0.09500009671942537,0.0,0.0,0.0029506177711739853,2.3220238552072124e-06,0.09500009671942537,0.1617496214420447,0.30822085704803526,0.0005,2.3837978300058618,1973.177629200014
82,train,0.08773751277722283,0.08773751277722283,0.0,0.0,0.003947728765987844,2.409895807672138e-06,0.08773751277722283,0.15409671395735922,0.2962051869519216,0.0005,inf,1999.012497400021
83,train,0.08183591159240164,0.08183591159240164,0.0,0.0,0.004849588441363764,2.2775813858799047e-06,0.08183591159240164,0.14629742800486537,0.28606976700169073,0.0005,2.7992531437918826,2023.9415688000154
84,train,0.07663371347460375,0.07663371347460375,0.0,0.0,0.0033990126454605247,2.3771083885360397e-06,0.07663371347460375,0.140531444983592,0.27682794922948756,0.0005,2.7053132911898055,2049.468369500013
85,train,0.07141858626027725,0.07141858626027725,0.0,0.0,0.00396443671054857,2.3438918273279583e-06,0.07141858626027725,0.13315674826010776,0.26724256072017655,0.0005,2.7442008369373827,2073.4088179000246
86,train,0.06735162549090125,0.06735162549090125,0.0,0.0,0.004060313549279323,2.296616867599094e-06,0.06735162549090125,0.12700385469064676,0.2595219171686685,0.0005,2.460646407784156,2098.324472600012
87,train,0.06690504163430064,0.06690504163430064,0.0,0.0,0.0045811371561491265,2.3676277406885453e-06,0.06690504163430064,0.12760449806228277,0.2586600889861067,0.0005,3.012312109740275,2123.4524256000004
88,train,0.0635147658141988,0.0635147658141988,0.0,0.0,0.0038952924627459274,2.3379200958412903e-06,0.0635147658141988,0.12172389938935353,0.25202135983721463,0.0005,1.9507054529100094,2148.410957200016
89,train,0.06217601388884501,0.06217601388884501,0.0,0.0,0.00459439910175103,2.366973335655238e-06,0.06217601388884501,0.12209366847286526,0.2493511858581086,0.0005,2.4438265393365106,2174.9145394000225
90,train,0.06074822755992569,0.06074822755992569,0.0,0.0,0.005239530686148495,2.249468033764026e-06,0.06074822755992569,0.119281358890376,0.24647155527550374,0.0005,2.26870640718712,2199.8227365000057
91,train,0.06054051694394867,0.06054051694394867,0.0,0.0,0.005661584832266254,2.350666209339287e-06,0.06054051694394867,0.12072141290167873,0.24604982614086252,0.0005,2.4505545778094597,2224.92283700002
92,train,0.05773690581262136,0.05773690581262136,0.0,0.0,0.0062191199581578096,2.3271494455912034e-06,0.05773690581262136,0.11630409583976528,0.24028505116344911,0.0005,2.086830163901707,2249.705673999997
93,train,0.05636390366083296,0.05636390366083296,0.0,0.0,0.006380760585362057,2.3041709032183447e-06,0.05636390366083296,0.1160711353978599,0.23741083307387842,0.0005,2.4005668050837965,2274.8126875000016
94,train,0.05417417949290709,0.05417417949290709,0.0,0.0,0.0060260207480135955,2.258885347317736e-06,0.05417417949290709,0.11401040353900141,0.2327534736430524,0.0005,2.5866611532445223,2301.6545164000127
95,train,0.053076122495656596,0.053076122495656596,0.0,0.0,0.005754158296183033,2.3034724284476603e-06,0.053076122495656596,0.11103977629704016,0.23038255683895992,0.0005,2.222953694046668,2329.2283470999973
96,train,0.052572551347798,0.052572551347798,0.0,0.0,0.005423450183545081,2.2675105875127627e-06,0.052572551347798,0.11018560319646913,0.22928705010924189,0.0005,2.648231271302925,2354.563364100002
97,train,0.051028197105366616,0.051028197105366616,0.0,0.0,0.0057379751079627925,2.319493739618475e-06,0.051028197105366616,0.10777714527651386,0.22589421662664722,0.0005,2.0262613976901434,2379.0599682000175
98,train,0.051973132066769664,0.051973132066769664,0.0,0.0,0.005806507024351718,2.3094426112192934e-06,0.051973132066769664,0.11090223125867406,0.2279761655673015,0.0005,2.728113961669634,2404.1069546000217
99,train,0.05098126392445269,0.05098126392445269,0.0,0.0,0.006078012340333102,2.327363256212403e-06,0.05098126392445269,0.10818029520506003,0.22579030963363483,0.0005,2.323757768801923,2429.147279900004
100,train,0.04929942603428675,0.04929942603428675,0.0,0.0,0.0071422008024352905,2.330468223933493e-06,0.04929942603428675,0.1044698018580675,0.22203474060220113,0.0005,2.031330055785629,2453.5257550000097
101,train,0.04988279878290892,0.04988279878290892,0.0,0.0,0.006891766097396612,2.3113689596082723e-06,0.04988279878290892,0.10791531850425705,0.22334457410671277,0.0005,2.7227331405540682,2478.904068100004
102,train,0.049505212898767005,0.049505212898767005,0.0,0.0,0.007228253330191913,2.373352728836663e-06,0.049505212898767005,0.10647899890845679,0.22249766942322566,0.0005,2.5321649251119145,2504.128115200001
103,train,0.04873088381540377,0.04873088381540377,0.0,0.0,0.0074648973004857325,2.154661666830883e-06,0.04873088381540377,0.1066539481721537,0.2207507277800093,0.0005,2.846593878179226,2529.0352611000126
104,train,0.048271631232445246,0.048271631232445246,0.0,0.0,0.007397869101040206,2.230482660054821e-06,0.048271631232445246,0.10407064104417585,0.21970805909762448,0.0005,2.5592429924686,2555.3996021000203
105,train,0.04767331809928708,0.04767331809928708,0.0,0.0,0.007801107798685443,2.292097723563169e-06,0.04767331809928708,0.10330481115412318,0.2183422041184138,0.0005,2.5808346159053297,2580.6517399000004
106,train,0.04664806536610791,0.04664806536610791,0.0,0.0,0.008175196732341681,2.3221180436797474e-06,0.04664806536610791,0.10160159061680422,0.21598163201093723,0.0005,2.4383329830642015,2606.826995900017
107,train,0.0462288226368881,0.0462288226368881,0.0,0.0,0.008610767549571564,2.3300139699405817e-06,0.0462288226368881,0.10221370440152178,0.21500888966944623,0.0005,2.39824271314549,2632.257650400017
108,train,0.045832077374967105,0.045832077374967105,0.0,0.0,0.00905084368368646,2.3181130365697272e-06,0.045832077374967105,0.1005732675030265,0.21408427633753746,0.0005,2.3582055658664345,2657.330346100003
109,train,0.04496896797578337,0.04496896797578337,0.0,0.0,0.00945530661364209,2.38195790008728e-06,0.04496896797578337,0.10012167666177707,0.2120588785591949,0.0005,2.251395290190319,2682.360705400002
110,train,0.04433050212791609,0.04433050212791609,0.0,0.0,0.01036159409526384,2.250812402070431e-06,0.04433050212791609,0.09967017886316719,0.21054809932154717,0.0005,2.3252490331541815,2707.829864200001
111,train,0.044382707451751345,0.044382707451751345,0.0,0.0,0.01058783369876866,2.3344716737483395e-06,0.044382707451751345,0.10073112427380004,0.21067203765984546,0.0005,2.8107599756627715,2734.2002441000077
112,train,0.04646328100282534,0.04646328100282534,0.0,0.0,0.011142844492393845,2.42170191120509e-06,0.04646328100282534,0.10902188036520528,0.21555342957797108,0.0005,3.735681673265853,2760.930133600021
113,train,0.043514543417885125,0.043514543417885125,0.0,0.0,0.012233067057886213,2.248942313650881e-06,0.043514543417885125,0.09930631472149265,0.2086013984082684,0.0005,2.318055454290138,2786.6480243999977
114,train,0.04240922137216571,0.04240922137216571,0.0,0.0,0.012250122754781876,2.3494915518862193e-06,0.04240922137216571,0.0973984199901164,0.20593499307345925,0.0005,2.412009636186204,2812.055205200013
115,train,0.041276185556462064,0.041276185556462064,0.0,0.0,0.013555601871800873,2.266315374192414e-06,0.041276185556462064,0.09786290433257822,0.20316541427236592,0.0005,2.317740560702558,2837.445778000023
116,train,0.04132876520578855,0.04132876520578855,0.0,0.0,0.01410597745540007,2.336981608850864e-06,0.04132876520578855,0.09811308947303948,0.20329477417235434,0.0005,2.854903482041269,2863.0342327000108
117,train,0.04046285693467274,0.04046285693467274,0.0,0.0,0.014934842228748888,2.3540858750973988e-06,0.04046285693467274,0.09840077923716237,0.2011538141191281,0.0005,3.0012028925823717,2888.763452000014
118,train,0.03978418019893447,0.03978418019893447,0.0,0.0,0.01761434228985377,2.296369399238825e-06,0.03978418019893447,0.09874363869498928,0.19945972074314772,0.0005,2.685726118537615,2913.3505327000166
119,train,0.03928711373017956,0.03928711373017956,0.0,0.0,0.017216059748294217,2.3044543459551313e-06,0.03928711373017956,0.09607694859985472,0.1982097720350325,0.0005,2.858955635214752,2939.231433500012
120,train,0.03839121039060081,0.03839121039060081,0.0,0.0,0.018267298240284873,2.3008221437264167e-06,0.03839121039060081,0.09653126731831237,0.19593675099531688,0.0005,inf,2964.598991600011
121,train,0.03788255802078398,0.03788255802078398,0.0,0.0,0.019254244371967495,2.3355963089928097e-06,0.03788255802078398,0.09634271124026401,0.1946344214695437,0.0005,2.641011378112829,2989.7311896000174
122,train,0.037162323671269266,0.037162323671269266,0.0,0.0,0.02005810522527065,2.2907524650673743e-06,0.037162323671269266,0.0946560610771039,0.1927753191445141,0.0005,2.7803503190571406,3015.137140900013
123,train,0.03627783918817377,0.03627783918817377,0.0,0.0,0.0213093120815619,2.396314132382477e-06,0.03627783918817377,0.0947089314109312,0.19046742290526683,0.0005,2.868643381685581,3039.916358800023
124,train,0.0369623432773328,0.0369623432773328,0.0,0.0,0.022939170622881852,2.376111511556752e-06,0.0369623432773328,0.09582491971657803,0.19225593170909655,0.0005,2.898555467713554,3065.7672429000086
125,train,0.0353200273237681,0.0353200273237681,0.0,0.0,0.022556448566182604,2.292143923319977e-06,0.0353200273237681,0.09275473368020275,0.18793623206760346,0.0005,2.3880902022685646,3090.0517308000126
126,train,0.03509128107424366,0.03509128107424366,0.0,0.0,0.024291840504925204,2.3313776864597457e-06,0.03509128107424366,0.09319512341347222,0.18732666941533888,0.0005,2.666039726925346,3114.48711680001
127,train,0.035906776539909424,0.035906776539909424,0.0,0.0,0.02348707011848126,2.3810959393538825e-06,0.035906776539909424,0.09458052633365371,0.18949083497602048,0.0005,2.7687838493653065,3139.74818960001
128,train,0.037111709346977745,0.037111709346977745,0.0,0.0,0.026798719610526878,2.389562189578873e-06,0.037111709346977745,0.10110437537561048,0.1926439963948468,0.0005,3.1319416738905996,3164.047541500011
129,train,0.03486184268226938,0.03486184268226938,0.0,0.0,0.026998697340769588,2.2623536066913523e-06,0.03486184268226938,0.09561750926780253,0.18671326327358048,0.0005,3.0962269935967788,3189.9684078000137
130,train,0.03513221644592156,0.03513221644592156,0.0,0.0,0.02782749781771651,2.222279309569545e-06,0.03513221644592156,0.09610191396841745,0.18743589956548226,0.0005,3.4468396800868915,3215.0709863000084
131,train,0.03279102570434261,0.03279102570434261,0.0,0.0,0.025893123925856826,2.3065791443720095e-06,0.03279102570434261,0.09105463499062748,0.18108292493866618,0.0005,2.2630774671176694,3239.352847800008
132,train,0.03310251190791944,0.03310251190791944,0.0,0.0,0.02755745676047397,2.3955662231426962e-06,0.03310251190791944,0.09229912101466843,0.18194095720293285,0.0005,2.952285019856579,3265.69931180001
133,train,0.03281862750007794,0.03281862750007794,0.0,0.0,0.02858625963892577,2.3133657466458764e-06,0.03281862750007794,0.09248182832808144,0.18115912204489715,0.0005,2.479657231636767,3290.4516368000186
134,train,0.03252176423827548,0.03252176423827548,0.0,0.0,0.027371319784027227,2.398035868058939e-06,0.03252176423827548,0.0909052413378684,0.180337916806964,0.0005,2.412313019329647,3315.3875094999967
135,train,0.032084398226137595,0.032084398226137595,0.0,0.0,0.028619225400517572,2.322594811956597e-06,0.032084398226137595,0.09095806761838074,0.17912118307486022,0.0005,2.701601503030309,3340.6754637999984
136,train,0.03116054546670332,0.03116054546670332,0.0,0.0,0.028417696051721304,2.332491109607975e-06,0.03116054546670332,0.0902320480044439,0.17652349834144834,0.0005,2.768988536495083,3366.4050947000214
137,train,0.03194675029607991,0.03194675029607991,0.0,0.0,0.028288889535755483,2.303127030674385e-06,0.03194675029607991,0.0930007872593431,0.17873653878286863,0.0005,3.4089992687387287,3391.6557377999998
138,train,0.030999312658035332,0.030999312658035332,0.0,0.0,0.0277947207104485,2.3266259584591544e-06,0.030999312658035332,0.08857395337578261,0.17606621668575528,0.0005,2.5014917664932756,3416.8917061999964
139,train,0.030520737079798046,0.030520737079798046,0.0,0.0,0.03409910855709382,2.337017967188588e-06,0.030520737079798046,0.0893956122814484,0.17470185196441979,0.0005,2.2603845821236663,3441.798452100018
140,train,0.029878036138455525,0.029878036138455525,0.0,0.0,0.03208788937695746,2.2835286275056994e-06,0.029878036138455525,0.08790281282755422,0.1728526428448681,0.0005,2.5506269302008286,3466.407113699999
141,train,0.031267672012692406,0.031267672012692406,0.0,0.0,0.02856776090163105,2.4103539098572548e-06,0.031267672012692406,0.09174321026734586,0.17682667223213924,0.0005,3.7848008634909145,3490.9307582000038
142,train,0.029951104275796583,0.029951104275796583,0.0,0.0,0.02944363108923975,2.313502765025747e-06,0.029951104275796583,0.08818147160850887,0.17306387339880205,0.0005,2.337664355084581,3516.4381547000085
143,train,0.029573572821075526,0.029573572821075526,0.0,0.0,0.03042414295926409,2.3577872096486216e-06,0.029573572821075526,0.0872838194833471,0.17196968576198401,0.0005,2.3037583799857013,3542.187821300002
144,train,0.030224859312120156,0.030224859312120156,0.0,0.0,0.03280030422896709,2.340689376361074e-06,0.030224859312120156,0.09147269914699893,0.1738529818902171,0.0005,3.105112756198307,3568.873552600009
145,train,0.030323158172747222,0.030323158172747222,0.0,0.0,0.03233784823766295,2.359052451915972e-06,0.030323158172747222,0.0908071172177651,0.17413545926303242,0.0005,3.4187986378399833,3595.875721300021
146,train,0.030738622464113578,0.030738622464113578,0.0,0.0,0.030838067871782015,2.3213915933668447e-06,0.030738622464113578,0.09239888687635647,0.17532433505966472,0.0005,3.9065665951314963,3622.4340477000223
147,train,0.02905168057636815,0.02905168057636815,0.0,0.0,0.028915861586354813,2.3895279912910652e-06,0.02905168057636815,0.08786195148274585,0.17044553551316077,0.0005,2.8840021187404417,3647.37760420001
148,train,0.02879821742204719,0.02879821742204719,0.0,0.0,0.02892860232518529,2.321278275475087e-06,0.02879821742204719,0.08749105086866416,0.169700375432841,0.0005,2.890955371676751,3673.1082235000213
149,train,0.027978417454471365,0.027978417454471365,0.0,0.0,0.029051091592266876,2.4508809551576326e-06,0.027978417454471365,0.08537439190132441,0.1672675026849847,0.0005,2.68440569009421,3697.7985705000174
150,train,0.028421092330025648,0.028421092330025648,0.0,0.0,0.028540258032252203,2.2407385255785314e-06,0.028421092330025648,0.08801025928191418,0.1685855638245032,0.0005,2.9627396531824797,3723.3845378000115
151,train,0.02829430882403306,0.02829430882403306,0.0,0.0,0.029737935665081133,2.317285615184651e-06,0.02829430882403306,0.08785505811595977,0.16820912229731497,0.0005,3.146665377436944,3747.9451176000002
152,train,0.030115997119897854,0.030115997119897854,0.0,0.0,0.028163244280050386,2.301478856817033e-06,0.030115997119897854,0.09102386122323433,0.1735396125381691,0.0005,4.078027092060953,3773.6499946000113
153,train,0.029138046395108284,0.029138046395108284,0.0,0.0,0.028788647280549102,2.278474522547254e-06,0.029138046395108284,0.08776442619251472,0.17069870062513154,0.0005,2.6330580250272213,3800.409239700006
154,train,0.02758936986932174,0.02758936986932174,0.0,0.0,0.027452032029066445,2.393046858467745e-06,0.02758936986932174,0.08434020638782178,0.16610048124349833,0.0005,2.0911935016794025,3825.702130699996
155,train,0.029598854879400022,0.029598854879400022,0.0,0.0,0.029009233773598132,2.324627442523603e-06,0.029598854879400022,0.09053568457481713,0.1720431773695197,0.0005,3.4589125019199445,3849.6817053999985
156,train,0.03370819681920966,0.03370819681920966,0.0,0.0,0.028057896409113454,2.2653406768716557e-06,0.03370819681920966,0.09759955417083682,0.18359792160917743,0.0005,4.073958690436381,3875.5864969000104
157,train,0.03095096095702896,0.03095096095702896,0.0,0.0,0.02994123248840278,2.3564872993308697e-06,0.03095096095702896,0.09308678481622407,0.17592885197439606,0.0005,3.620504428193254,3899.9131715999974
158,train,0.029750775974718882,0.029750775974718882,0.0,0.0,0.02933613126570324,2.2415838386978237e-06,0.029750775974718882,0.0895797660556745,0.1724841325302675,0.0005,3.3610105053433834,3924.6283947000047
159,train,0.028936833194289514,0.028936833194289514,0.0,0.0,0.02897125682881418,2.24279821575795e-06,0.028936833194289514,0.08851752771802668,0.17010829842864666,0.0005,3.0101514807287253,3950.3664378999965
160,train,0.029887105652404607,0.029887105652404607,0.0,0.0,0.03248208648753616,2.309166410119566e-06,0.029887105652404607,0.09094983828781207,0.17287887566849977,0.0005,3.8197592614956624,3974.334818400006
161,train,0.029149605068232644,0.029149605068232644,0.0,0.0,0.029315813778425164,2.2783389971115163e-06,0.029149605068232644,0.090787476696566,0.17073255421340314,0.0005,inf,3999.132843200001
162,train,0.029446711057319608,0.029446711057319608,0.0,0.0,0.0283384567021199,2.348356270834662e-06,0.029446711057319608,0.08861865167558752,0.1716004401431407,0.0005,3.177376884334492,4023.9439876000106
163,train,0.0286601856715589,0.0286601856715589,0.0,0.0,0.030578252912129997,2.3973729064823174e-06,0.0286601856715589,0.08790621982957678,0.16929319440414284,0.0005,3.5050125785593718,4048.2602528000134
164,train,0.029025587057899337,0.029025587057899337,0.0,0.0,0.031134887897181062,2.2873297833905112e-06,0.029025587057899337,0.09050916686460797,0.1703689732841615,0.0005,3.818170039158947,4073.4132057000243
165,train,0.0274811065041505,0.0274811065041505,0.0,0.0,0.02757335180100405,2.3393691525649594e-06,0.0274811065041505,0.08555088668077623,0.1657742636966019,0.0005,2.8230738077523574,4097.51240550002
166,train,0.026966396193330296,0.026966396193330296,0.0,0.0,0.026013373309430085,2.3242812296371512e-06,0.026966396193330296,0.08423777817098321,0.1642144822886529,0.0005,2.250193626813169,4123.0111240000115
167,train,0.028884729802591186,0.028884729802591186,0.0,0.0,0.024828241259421943,2.3296347728559476e-06,0.028884729802591186,0.0907128266023718,0.16995508172040982,0.0005,4.282838522263293,4147.92467410001
168,train,0.027480311737469135,0.027480311737469135,0.0,0.0,0.025550305245901055,2.3293706075457762e-06,0.027480311737469135,0.08611652796279713,0.16577186654396195,0.0005,3.1666486690629205,4171.95232750001
169,train,0.02708549754083748,0.02708549754083748,0.0,0.0,0.02640558013095046,2.316984776216658e-06,0.02708549754083748,0.08683181443198952,0.1645767223541576,0.0005,3.2830327799860037,4196.992194300023
170,train,0.02754511975229965,0.02754511975229965,0.0,0.0,0.02697739542795802,2.3550294651253147e-06,0.02754511975229965,0.084808355276385,0.1659672249340202,0.0005,2.8529225891491152,4221.496660300007
171,train,0.026456099379596844,0.026456099379596844,0.0,0.0,0.02711015781563408,2.356600355528397e-06,0.026456099379596844,0.08287354478840983,0.16265331038622252,0.0005,2.4491028279628395,4246.611783
172,train,0.024703447882553898,0.024703447882553898,0.0,0.0,0.02739310271616252,2.224144979217666e-06,0.024703447882553898,0.0806662055435327,0.15717330524791384,0.0005,2.220862423473934,4271.043138900015
173,train,0.027584102047474964,0.027584102047474964,0.0,0.0,0.02767382505929695,2.314411448904413e-06,0.027584102047474964,0.08664242271861093,0.16608462315179862,0.0005,3.213835165185748,4295.443492400023
174,train,0.02816244809582713,0.02816244809582713,0.0,0.0,0.02927042104584991,2.370391885995319e-06,0.02816244809582713,0.08699764291281406,0.16781670982303024,0.0005,2.316313885292917,4319.780400900025
175,train,0.027919324449345057,0.027919324449345057,0.0,0.0,0.026361124168308277,2.334735768272367e-06,0.027919324449345057,0.08676113650940782,0.16709076709784135,0.0005,2.5248425501697467,4344.454346600018
176,train,0.026215388280389513,0.026215388280389513,0.0,0.0,0.023197696737523348,2.3634413880571166e-06,0.026215388280389513,0.08390405457818281,0.16191166814158117,0.0005,2.550896997159382,4369.511209500022
177,train,0.02644532036451807,0.02644532036451807,0.0,0.0,0.02277465635594332,2.3241381386641187e-06,0.02644532036451807,0.08423188111375807,0.16262017207135795,0.0005,2.899709793756593,4394.641486700013
178,train,0.025708383409107898,0.025708383409107898,0.0,0.0,0.023184940921810438,2.3040394790889038e-06,0.025708383409107898,0.08321478900341492,0.1603383404214597,0.0005,2.288453370332718,4419.431516900018
179,train,0.02707851179583023,0.02707851179583023,0.0,0.0,0.023602965832600055,2.2403568423987104e-06,0.02707851179583023,0.08369896758593755,0.1645554976165495,0.0005,2.721719407810355,4444.981758500013
180,train,0.0271949222562398,0.0271949222562398,0.0,0.0,0.024457062049856725,2.3480825644102603e-06,0.0271949222562398,0.08480832617694756,0.1649088301342284,0.0005,2.6198674187345325,4469.956928700005
181,train,0.02571403473278069,0.02571403473278069,0.0,0.0,0.025226911319033155,2.318351407837944e-06,0.02571403473278069,0.08077926729577327,0.1603559625732099,0.0005,2.2429059558319597,4495.467150900018
182,train,0.024793184099525085,0.024793184099525085,0.0,0.0,0.023206455158596893,2.3223582296472983e-06,0.024793184099525085,0.08209834382078557,0.15745851548749304,0.0005,2.2455512650732725,4519.886964000005
183,train,0.02556696352984082,0.02556696352984082,0.0,0.0,0.024822231030689097,2.3098048367895864e-06,0.02556696352984082,0.08388698866309703,0.15989672770210409,0.0005,2.957268789691745,4544.563145300024
184,train,0.025814428474281295,0.025814428474281295,0.0,0.0,0.020268991888272313,2.2709990016321754e-06,0.025814428474281295,0.08242402506183902,0.16066869164302452,0.0005,2.8093855864596815,4570.719268900022
185,train,0.023418481921654133,0.023418481921654133,0.0,0.0,0.023873398677920394,2.422728589151103e-06,0.023418481921654133,0.07772030525331229,0.15303098353488465,0.0005,2.113600714589065,4595.0903200000175
186,train,0.024512450917149483,0.024512450917149483,0.0,0.0,0.02225302033266931,2.258136084561076e-06,0.024512450917149483,0.08068738140271241,0.1565645263690006,0.0005,2.7028757671140275,4620.027260800009
187,train,0.02424227616896321,0.02424227616896321,0.0,0.0,0.021526019545799156,2.321347508614225e-06,0.02424227616896321,0.08268629333074647,0.15569931332206707,0.0005,2.3693262945930913,4644.689770700003
188,train,0.02470033249667052,0.02470033249667052,0.0,0.0,0.02262216059596471,2.2895063522192465e-06,0.02470033249667052,0.0824225959508627,0.1571633942642832,0.0005,2.3514389811821705,4669.256018000015
189,train,0.023498168972061122,0.023498168972061122,0.0,0.0,0.021987170806892636,2.3037560513673597e-06,0.023498168972061122,0.0779552463248794,0.15329112489658728,0.0005,1.8759622899991162,4695.6469658999995
190,train,0.023199467179115606,0.023199467179115606,0.0,0.0,0.019981053007661172,2.268651033807815e-06,0.023199467179115606,0.07767912045226627,0.1523137130369935,0.0005,2.313885233312283,4720.871552500001
191,train,0.022737179225215134,0.022737179225215134,0.0,0.0,0.02087809883479802,2.305048119438343e-06,0.022737179225215134,0.07581403898250945,0.15078852484594155,0.0005,1.850901133609268,4746.281349800003
192,train,0.023316934142005846,0.023316934142005846,0.0,0.0,0.018877391879148078,2.300478219591962e-06,0.023316934142005846,0.0775286317398807,0.15269883477618892,0.0005,2.1791364966698414,4771.652142900013
193,train,0.022823767685512614,0.022823767685512614,0.0,0.0,0.019394317817575526,2.3663219744261334e-06,0.022823767685512614,0.07702703932827373,0.15107537087663434,0.0005,2.1979749551359213,4796.598990500002
194,train,0.0235265765246196,0.0235265765246196,0.0,0.0,0.02180393142098526,2.2889589458055475e-06,0.0235265765246196,0.08030877632598549,0.15338375573905993,0.0005,2.3500755361790926,4821.437922900019
195,train,0.02428478688216617,0.02428478688216617,0.0,0.0,0.024229051246536227,2.326370686462741e-06,0.02428478688216617,0.07928315009394624,0.15583576894335321,0.0005,2.1979763946443236,4847.21703270002
196,train,0.02276425500251276,0.02276425500251276,0.0,0.0,0.019958596096707963,2.2534339990979446e-06,0.02276425500251276,0.07671850035406368,0.1508782787630902,0.0005,2.286131962852658,4872.484984300012
197,train,0.022374365296141237,0.022374365296141237,0.0,0.0,0.01980385240518822,2.3284185596461406e-06,0.022374365296141237,0.07559579417531219,0.14958063142045241,0.0005,1.9026940858589028,4896.907333800016
198,train,0.02265457775101135,0.02265457775101135,0.0,0.0,0.01912367890395646,2.2543032958499268e-06,0.02265457775101135,0.07778322994181852,0.1505143772236106,0.0005,2.058320993522428,4921.807410900015
199,train,0.022801824696738176,0.022801824696738176,0.0,0.0,0.01958882263949457,2.284503348421839e-06,0.022801824696738176,0.07699692142635302,0.15100273075920903,0.0005,2.130284460648051,4945.6780837000115
200,train,0.02554294266088652,0.02554294266088652,0.0,0.0,0.02145077850458757,2.2365689406831493e-06,0.02554294266088652,0.08133458748354384,0.15982159635320417,0.0005,2.68604118812759,4970.4266521000245
201,train,0.024517407782654776,0.024517407782654776,0.0,0.0,0.020526710581385863,2.3335886015836807e-06,0.024517407782654776,0.08099271920773218,0.1565803556729093,0.0005,2.4755771458148956,4995.416488999996
202,train,0.022848141894943223,0.022848141894943223,0.0,0.0,0.021520201889973768,2.3624908245214754e-06,0.022848141894943223,0.07912672415270275,0.15115601838809867,0.0005,2.386536328297741,5019.834790299996
203,train,0.02290399014062406,0.02290399014062406,0.0,0.0,0.023685034276601277,2.3416506757952583e-06,0.02290399014062406,0.07938021424946921,0.15134064272568706,0.0005,2.2118629335232503,5044.657379000011
204,train,0.021898227215309093,0.021898227215309093,0.0,0.0,0.02206599155335494,2.3166405753727304e-06,0.021898227215309093,0.07487161329437822,0.14798049606387018,0.0005,1.8093494767287992,5070.565882800001
205,train,0.022337492779348947,0.022337492779348947,0.0,0.0,0.022324393626372768,2.3130712977361774e-06,0.022337492779348947,0.07710881346906975,0.14945732762012356,0.0005,2.2558128552616767,5095.285842200014
206,train,0.022047201427672265,0.022047201427672265,0.0,0.0,0.024503650635762035,2.3025879491402555e-06,0.022047201427672265,0.07677656764094279,0.14848300046696344,0.0005,2.2754666029282338,5121.35336540002
207,train,0.022225553182208802,0.022225553182208802,0.0,0.0,0.023221263257821777,2.276022552716725e-06,0.022225553182208802,0.0769618910956987,0.14908237046079192,0.0005,1.719261367365999,5146.314664500009
208,train,0.02284851561326266,0.02284851561326266,0.0,0.0,0.020848730930461072,2.3150605492669712e-06,0.02284851561326266,0.07788755921471233,0.15115725458363768,0.0005,2.6095920947362794,5170.344840800011
209,train,0.0213635326617393,0.0213635326617393,0.0,0.0,0.021378109231591225,2.2959245340626815e-06,0.0213635326617393,0.07461213871028342,0.14616269244146846,0.0005,1.8314038627552536,5195.255843699997
210,train,0.021422677156765275,0.021422677156765275,0.0,0.0,0.019279933393985597,2.2405991991413515e-06,0.021422677156765275,0.07417682482386535,0.14636487678662963,0.0005,1.9549573007619605,5220.474562700023
211,train,0.02323752830561716,0.02323752830561716,0.0,0.0,0.021575780163677234,2.3921703586893273e-06,0.02323752830561716,0.07992063401231791,0.15243860503696943,0.0005,2.2642315513682814,5245.675462300016
212,train,0.02106679784289709,0.02106679784289709,0.0,0.0,0.021885110451927724,2.3282753914518595e-06,0.02106679784289709,0.07462051592169788,0.145144058930764,0.0005,1.9884970002579239,5270.771078699996
213,train,0.021351232742086244,0.021351232742086244,0.0,0.0,0.02022848765031909,2.3017432194703943e-06,0.021351232742086244,0.07468972025298565,0.14612061025771225,0.0005,2.28203761914991,5295.892866000009
214,train,0.022173819983800063,0.022173819983800063,0.0,0.0,0.020286208352530904,2.3078105122517883e-06,0.022173819983800063,0.07566433825073236,0.14890876395900968,0.0005,inf,5320.505812400021
215,train,0.02054645908958848,0.02054645908958848,0.0,0.0,0.020052347437671897,2.3207047596993363e-06,0.02054645908958848,0.07369466753289944,0.14334036099294742,0.0005,1.4645137539449729,5346.294091000018
216,train,0.02065394893339407,0.02065394893339407,0.0,0.0,0.019637244630534696,2.299566204474447e-06,0.02065394893339407,0.07344874710477184,0.14371481807174258,0.0005,2.1427737631887758,5371.384235500009
217,train,0.02188117435101237,0.02188117435101237,0.0,0.0,0.02307713492158449,2.2346220964878603e-06,0.02188117435101237,0.07710893353236456,0.1479228662209206,0.0005,2.0412339838045948,5396.116709900001
218,train,0.021943976162274677,0.021943976162274677,0.0,0.0,0.021227185842844675,2.3717831061490734e-06,0.021943976162274677,0.07694669824515311,0.14813499303768396,0.0005,2.4060926156223945,5420.631256699999
219,train,0.02051206487460904,0.02051206487460904,0.0,0.0,0.020311951900849928,2.334982262786894e-06,0.02051206487460904,0.07350402060755583,0.1432203368052493,0.0005,1.6857211809113342,5445.411607100017
220,train,0.02063667956198222,0.02063667956198222,0.0,0.0,0.021690456091233018,2.3320055338187543e-06,0.02063667956198222,0.07443206054949254,0.14365472342384786,0.0005,1.9720754471589934,5471.1544058000145
221,train,0.02097444189021876,0.02097444189021876,0.0,0.0,0.02085472513341679,2.343869780661579e-06,0.02097444189021876,0.0744493804309728,0.14482555675784148,0.0005,2.0480915549791083,5496.3123336000135
222,train,0.019967876989718403,0.019967876989718403,0.0,0.0,0.02052747482820502,2.2775520289353565e-06,0.019967876989718403,0.07166830496511088,0.14130773860521018,0.0005,1.5548374315477766,5522.153199599998
223,train,0.02049921802676146,0.02049921802676146,0.0,0.0,0.01961731968693576,2.3123170113083105e-06,0.02049921802676146,0.07468787350006542,0.14317547983772033,0.0005,1.8635198035330143,5547.423418400023
224,train,0.020378993282394973,0.020378993282394973,0.0,0.0,0.020656611049934378,2.3033947288566643e-06,0.020378993282394973,0.07307719934802011,0.14275501140903943,0.0005,1.9700254047254346,5572.128983900009
225,train,0.019786627300784874,0.019786627300784874,0.0,0.0,0.019887224226346555,2.2454118868823435e-06,0.019786627300784874,0.07336871520141665,0.14066494695120343,0.0005,1.9353905803752396,5597.488109099999
226,train,0.022002602616826926,0.022002602616826926,0.0,0.0,0.019562646307332336,2.287444173799606e-06,0.022002602616826926,0.07664104074608745,0.14833274290198684,0.0005,2.210826855785442,5622.794268500002
227,train,0.020472987199818302,0.020472987199818302,0.0,0.0,0.01979130814027674,2.3084994072976187e-06,0.020472987199818302,0.07482054441077811,0.14308384674664817,0.0005,1.914203203511688,5647.831395800022
228,train,0.020505849445358965,0.020505849445358965,0.0,0.0,0.019790512948947132,2.288995005983452e-06,0.020505849445358965,0.07510235984546117,0.14319863632506757,0.0005,1.887957289533795,5674.914103999996
229,train,0.0197439134474992,0.0197439134474992,0.0,0.0,0.020416558228151978,2.370755154052464e-06,0.0197439134474992,0.0716594244775204,0.14051303657490005,0.0005,1.7544646701722775,5699.4892406
230,train,0.020400959919898695,0.020400959919898695,0.0,0.0,0.020504681182638654,2.3530769580384862e-06,0.020400959919898695,0.07434446305598852,0.14283192892311822,0.0005,2.327900474926211,5724.859874900023
231,train,0.019218340821900264,0.019218340821900264,0.0,0.0,0.01956060064851113,2.198095101122371e-06,0.019218340821900264,0.07064312754444921,0.1386302305483918,0.0005,1.9446984973718535,5749.594621800003
232,train,0.02123752105434729,0.02123752105434729,0.0,0.0,0.021711932618241263,2.282829356927151e-06,0.02123752105434729,0.07706255295120602,0.14573098865494355,0.0005,2.1849360510988056,5774.758265700017
233,train,0.019674217420140607,0.019674217420140607,0.0,0.0,0.020344721223666984,2.33363163955938e-06,0.019674217420140607,0.07338734426061219,0.14026481176738737,0.0005,2.029669592965324,5799.714708700019
234,train,0.020106423841564226,0.020106423841564226,0.0,0.0,0.020068969595123012,2.3481359607584003e-06,0.020106423841564226,0.07386491578950917,0.14179712212017642,0.0005,1.9525436826472014,5825.120485799998
235,train,0.019184124037743663,0.019184124037743663,0.0,0.0,0.01910077007311695,2.320837621002009e-06,0.019184124037743663,0.0720590888733431,0.13850676531398623,0.0005,1.7531854690245863,5850.21963170002
236,train,0.0196112571682156,0.0196112571682156,0.0,0.0,0.01982000608981218,2.3223631525018752e-06,0.0196112571682156,0.07237027946437867,0.14004019840108625,0.0005,1.714157464369288,5876.191144000011
237,train,0.01867071426784365,0.01867071426784365,0.0,0.0,0.019923930319975008,2.414694868007846e-06,0.01867071426784365,0.06988959271847356,0.13664082211346523,0.0005,1.5438612946924173,5901.810905500024
238,train,0.01991902089684341,0.01991902089684341,0.0,0.0,0.019645725939211982,2.3637126491419898e-06,0.01991902089684341,0.07199655704832865,0.1411347614758441,0.0005,1.7939100546656914,5927.112979700003
239,train,0.019125301825961116,0.019125301825961116,0.0,0.0,0.019297438480381696,2.326656733271622e-06,0.019125301825961116,0.0702601808158435,0.1382942581091533,0.0005,1.7317195973306332,5952.480288999999
240,train,0.01926988961815094,0.01926988961815094,0.0,0.0,0.020353908966875302,2.3665109841564323e-06,0.01926988961815094,0.07297357416026434,0.13881602795841314,0.0005,1.9864630800373149,5976.765640800004
241,train,0.019106171152431996,0.019106171152431996,0.0,0.0,0.020658136591455847,2.2990030299108596e-06,0.019106171152431996,0.07173919387442887,0.13822507425366787,0.0005,1.700625313340493,6002.02761010002
242,train,0.018542803593533427,0.018542803593533427,0.0,0.0,0.02096778844957644,2.3557655080332793e-06,0.018542803593533427,0.07109926765749479,0.1361719633167321,0.0005,1.9623615769845135,6027.444625000004
243,train,0.019248842213312193,0.019248842213312193,0.0,0.0,0.021386904308115535,2.347573361064105e-06,0.019248842213312193,0.07284328221466464,0.13874019681877417,0.0005,1.9095215713078122,6052.283919500012
244,train,0.020097901615688144,0.020097901615688144,0.0,0.0,0.019427624864960618,2.3759258866911692e-06,0.020097901615688144,0.07521282676958815,0.14176706816354828,0.0005,2.2764823909075753,6078.390089000022
245,train,0.019833579590299185,0.019833579590299185,0.0,0.0,0.018579341928070446,2.336225110892248e-06,0.019833579590299185,0.07335270603521252,0.14083174212619534,0.0005,1.9006535124103978,6102.788072900003
246,train,0.01931108059163891,0.01931108059163891,0.0,0.0,0.021333945370367112,2.3028199625256987e-06,0.01931108059163891,0.07107897287340097,0.13896431409408283,0.0005,1.5604582282732118,6127.173330500023
247,train,0.019550230211681546,0.019550230211681546,0.0,0.0,0.019131870870039147,2.384115427443214e-06,0.019550230211681546,0.07178169775156759,0.13982213777396463,0.0005,1.8565165985305354,6152.621089799999
248,train,0.019504668975169583,0.019504668975169583,0.0,0.0,0.019721802359200874,2.2043745056575027e-06,0.019504668975169583,0.07207805810777364,0.13965911704994266,0.0005,2.236787203347908,6177.508468200016
249,train,0.0191372851089257,0.0191372851089257,0.0,0.0,0.02028597566246424,2.355578842825879e-06,0.0191372851089257,0.07265568537778169,0.13833757663384774,0.0005,1.7141127552626267,6202.668931300024
250,train,0.01928102505506722,0.01928102505506722,0.0,0.0,0.019271388439075002,2.3117784746129885e-06,0.01928102505506722,0.07067784324007213,0.138856130779549,0.0005,1.9451369508257452,6227.839125400002
251,train,0.018759708374396587,0.018759708374396587,0.0,0.0,0.019378878457366296,2.2535346355447096e-06,0.018759708374396587,0.07119446210914625,0.1369660847596827,0.0005,1.7882580279179339,6253.992746100004
252,train,0.018498392581757388,0.018498392581757388,0.0,0.0,0.018394897568900632,2.264355981544282e-06,0.018498392581757388,0.06959855951157945,0.13600879597201568,0.0005,1.7327694746683229,6278.988255600008
253,train,0.020389696757987585,0.020389696757987585,0.0,0.0,0.019430469774272083,2.2618674946434625e-06,0.020389696757987585,0.07512526990810653,0.14279249545402442,0.0005,2.125346549277036,6304.486288000015
254,train,0.01896214494964916,0.01896214494964916,0.0,0.0,0.019059238779657293,2.21238825438291e-06,0.01896214494964916,0.07263351881454858,0.1377031043573425,0.0005,1.935626263888377,6330.7394758000155
255,train,0.020004521326762118,0.020004521326762118,0.0,0.0,0.019962917661891795,2.3325011869808734e-06,0.020004521326762118,0.07225274396445253,0.14143734063804408,0.0005,1.855842558842785,6356.01825730002
256,train,0.018226377322873372,0.018226377322873372,0.0,0.0,0.019284391477001162,2.2417017233684022e-06,0.018226377322873372,0.0710846411468426,0.13500510109945243,0.0005,1.606363629957415,6380.510787300009
257,train,0.017797448571314507,0.017797448571314507,0.0,0.0,0.019263424225292116,2.3550992302330515e-06,0.017797448571314507,0.06874075949648922,0.13340707841533186,0.0005,1.4901302310655702,6405.190771299996
258,train,0.018568012802581572,0.018568012802581572,0.0,0.0,0.020722004532251717,2.3411947207898506e-06,0.018568012802581572,0.06959498067966327,0.13626449575212748,0.0005,1.628604435695792,6430.096139900008
259,train,0.01828709154697036,0.01828709154697036,0.0,0.0,0.01996470061745846,2.3217995274810063e-06,0.01828709154697036,0.07124248590004051,0.13522977315284662,0.0005,1.996737152900336,6455.096336500021
260,train,0.01934699329740054,0.01934699329740054,0.0,0.0,0.019151658663209878,2.3624157568880243e-06,0.01934699329740054,0.0748872305099624,0.1390934696432602,0.0005,2.1292129687543184,6479.979356600001
261,train,0.019211163618044494,0.019211163618044494,0.0,0.0,0.01961516386846889,2.309329917532626e-06,0.019211163618044494,0.0727540655254896,0.1386043419884258,0.0005,2.150633393593554,6505.311715500022
262,train,0.016982958539686153,0.016982958539686153,0.0,0.0,0.02029721317637079,2.267275581803949e-06,0.016982958539686153,0.06897254567769057,0.13031868070114183,0.0005,1.6014882011233635,6530.1040036000195
263,train,0.01788927357029367,0.01788927357029367,0.0,0.0,0.020728740770861787,2.3151380954879883e-06,0.01788927357029367,0.06974098091628755,0.13375078904549936,0.0005,1.7644127714184095,6555.11881320001
264,train,0.018310958801363467,0.018310958801363467,0.0,0.0,0.020801395388706675,2.3701103437592536e-06,0.018310958801363467,0.06967945923185292,0.1353179914178579,0.0005,1.2622784612313755,6579.945528700016
265,train,0.01734044082996266,0.01734044082996266,0.0,0.0,0.01955217959464721,2.2849968887248047e-06,0.01734044082996266,0.06924637074775572,0.13168310761051572,0.0005,1.5846768426445295,6603.893466000009
266,train,0.018567908270587102,0.018567908270587102,0.0,0.0,0.01851340016033852,2.2756896991062227e-06,0.018567908270587102,0.07215870531838176,0.1362641121887458,0.0005,2.048654649617537,6628.404189499997
267,train,0.017807554495660922,0.017807554495660922,0.0,0.0,0.019279634703021003,2.3166807218416886e-06,0.017807554495660922,0.06854644903280542,0.13344494930742384,0.0005,1.8622836223188437,6652.1582704000175
268,train,0.01789243609267221,0.01789243609267221,0.0,0.0,0.01896023864523982,2.360411717488188e-06,0.01789243609267221,0.07108362129239257,0.13376261096686254,0.0005,1.837734043598175,6677.763370900007
269,train,0.01660747921271667,0.01660747921271667,0.0,0.0,0.020073879475020012,2.2959598284632073e-06,0.01660747921271667,0.06654510200550813,0.1288700089730604,0.0005,1.3476145711709868,6702.856373000017
270,train,0.01619810973433284,0.01619810973433284,0.0,0.0,0.018513960675951444,2.2936450679206347e-06,0.01619810973433284,0.06663726506543889,0.12727179473211195,0.0005,1.5052418225216415,6728.221966500016
271,train,0.017431188005262672,0.017431188005262672,0.0,0.0,0.017812259899417184,2.3093336520379934e-06,0.017431188005262672,0.06987702905745159,0.1320272244851897,0.0005,1.9061631875218086,6753.640849000018
272,train,0.016898249613792743,0.016898249613792743,0.0,0.0,0.01826049111572639,2.327339922525219e-06,0.016898249613792743,0.0670408488022831,0.12999326757102747,0.0005,1.520554468316852,6778.871640800004
273,train,0.017348185599010593,0.017348185599010593,0.0,0.0,0.01721182683447622,2.379277659956814e-06,0.017348185599010593,0.06845696561811669,0.13171251117115107,0.0005,1.779060441368031,6803.870689400006
274,train,0.017622054205612414,0.017622054205612414,0.0,0.0,0.020715789974860427,2.2694827838728636e-06,0.017622054205612414,0.06839665101032776,0.1327480855063922,0.0005,1.8271348954371687,6827.568608900008
275,train,0.017640701953070742,0.017640701953070742,0.0,0.0,0.019065951243183523,2.3678945336661925e-06,0.017640701953070742,0.0702515837033543,0.13281830428472854,0.0005,1.7748561906364728,6852.336245600018
276,train,0.017892930363285698,0.017892930363285698,0.0,0.0,0.01960709659417845,2.2528246333576873e-06,0.017892930363285698,0.0723224744692726,0.13376445852051172,0.0005,1.9999553313795126,6877.780570600007
277,train,0.017411270693168567,0.017411270693168567,0.0,0.0,0.01941240324094048,2.318777707738984e-06,0.017411270693168567,0.06946461015328204,0.1319517741190643,0.0005,2.0681761300788737,6902.778794000013
278,train,0.017003637045099648,0.017003637045099648,0.0,0.0,0.019922787253305596,2.256349611738153e-06,0.017003637045099648,0.0699515338864107,0.1303979947894125,0.0005,1.7107357714536056,6927.148673100019
279,train,0.015834582568242928,0.015834582568242928,0.0,0.0,0.019760401937056263,2.4023023527506837e-06,0.015834582568242928,0.06709718731284704,0.12583553777944817,0.0005,1.6670960637758363,6952.020414800005
280,train,0.015568969114171506,0.015568969114171506,0.0,0.0,0.019727017414176238,2.324309355331797e-06,0.015568969114171506,0.06660488699474987,0.12477567517016891,0.0005,1.5924423814944502,6976.069146199996
281,train,0.016441634253303316,0.016441634253303316,0.0,0.0,0.019494229751937795,2.365178960524576e-06,0.016441634253303316,0.06719961995258927,0.1282249361602622,0.0005,1.815953624698351,7002.414856200019
282,train,0.01638668610375014,0.01638668610375014,0.0,0.0,0.020030025638780504,2.331991552482749e-06,0.01638668610375014,0.06702371677735222,0.1280104921627526,0.0005,1.7363897404580746,7027.6422819000145
283,train,0.01630739478094016,0.01630739478094016,0.0,0.0,0.019388234348229644,2.2479381950345342e-06,0.01630739478094016,0.06668892058912874,0.12770041026144027,0.0005,1.6019625303880223,7052.041465700022
284,train,0.016743341478615788,0.016743341478615788,0.0,0.0,0.021594427455708665,2.406291357902036e-06,0.016743341478615788,0.06672036640943503,0.12939606438611564,0.0005,1.6261870270630099,7077.21508970001
285,train,0.01729590135324749,0.01729590135324749,0.0,0.0,0.020340547369757912,2.307263903790988e-06,0.01729590135324749,0.06881641418725815,0.13151388273960848,0.0005,1.5351299384854875,7105.752996199997
286,train,0.01594216110662394,0.01594216110662394,0.0,0.0,0.01854269431447083,2.384309396493679e-06,0.01594216110662394,0.06588585065537185,0.12626227111304444,0.0005,1.5825766617397092,7135.341978100012
287,train,0.016032544907634384,0.016032544907634384,0.0,0.0,0.01974184672295485,2.316896411513263e-06,0.016032544907634384,0.06726899496016074,0.12661968609830931,0.0005,1.658355472785122,7167.932213799999
288,train,0.016671822166375378,0.016671822166375378,0.0,0.0,0.020815712171343138,2.308616785740014e-06,0.016671822166375378,0.068125823629528,0.1291194104942219,0.0005,1.7304264059606589,7198.604767500015
289,train,0.016533189568796826,0.016533189568796826,0.0,0.0,0.02276254582376975,2.327312172211642e-06,0.016533189568796826,0.06863214766501255,0.12858145110705832,0.0005,1.556478498116979,7223.938756600022
290,train,0.015781433633207404,0.015781433633207404,0.0,0.0,0.019838916418968507,2.2560198855882056e-06,0.015781433633207404,0.06586239938887786,0.12562417614936786,0.0005,1.301506498512232,7249.5350025000225
291,train,0.015586644688863881,0.015586644688863881,0.0,0.0,0.021076031591532367,2.2622747359114243e-06,0.015586644688863881,0.06613331881597778,0.1248464844874051,0.0005,inf,7274.818915200012
292,train,0.015039131821741082,0.015039131821741082,0.0,0.0,0.02085593504444608,2.3591126909247216e-06,0.015039131821741082,0.06456363504787661,0.12263413807639813,0.0005,1.3523979962996717,7299.908863300021
293,train,0.016856423338816415,0.016856423338816415,0.0,0.0,0.021781010201798297,2.267294475269358e-06,0.016856423338816415,0.06704879351627996,0.12983228927665266,0.0005,1.575312758391758,7324.708735499997
294,train,0.016652951078565754,0.016652951078565754,0.0,0.0,0.020424686319563748,2.3225389273682354e-06,0.016652951078565754,0.0695902412423407,0.12904631369615233,0.0005,1.8237674045112897,7349.409906400018
295,train,0.016011224441034814,0.016011224441034814,0.0,0.0,0.020796817832819697,2.2977141472163667e-06,0.016011224441034814,0.06581090732460033,0.12653546712694752,0.0005,1.3348703513730247,7374.290624800022
296,train,0.016378173372971292,0.016378173372971292,0.0,0.0,0.020675847482568812,2.397999810026069e-06,0.016378173372971292,0.06814347136379131,0.1279772377142564,0.0005,1.486483336619611,7404.913256500004
297,train,0.01601496231369482,0.01601496231369482,0.0,0.0,0.021147534866237414,2.3162493596588184e-06,0.01601496231369482,0.06904611151208576,0.1265502363241366,0.0005,1.6679625989131208,7433.558076000016
298,train,0.01472803628468065,0.01472803628468065,0.0,0.0,0.020245417319941072,2.336867851226998e-06,0.01472803628468065,0.0642047990139855,0.12135912114332673,0.0005,1.2896992249308892,7462.996180700022
299,train,0.014767175407068176,0.014767175407068176,0.0,0.0,0.01932276435688419,2.2076255824154117e-06,0.014767175407068176,0.06330274170844483,0.12152026747447595,0.0005,1.17153906709743,7493.151158300025
300,train,0.015513781722654796,0.015513781722654796,0.0,0.0,0.02009150579149993,2.28601697283423e-06,0.015513781722654796,0.06556253744429855,0.12455433241222401,0.0005,1.5162381631023478,7523.342842400016
301,train,0.014692758709779303,0.014692758709779303,0.0,0.0,0.02076985267043676,2.234277511682726e-06,0.014692758709779303,0.06367397075343242,0.12121369027374466,0.0005,1.3380723033311233,7549.882812199998
302,train,0.014866014052745844,0.014866014052745844,0.0,0.0,0.019438758668191027,2.292701081061304e-06,0.014866014052745844,0.06586725250554251,0.12192626481913503,0.0005,1.3343163678106271,7574.792853799998
303,train,0.014621406047561597,0.014621406047561597,0.0,0.0,0.019084246776435734,2.3617234834125825e-06,0.014621406047561597,0.06433742209249792,0.12091900614693125,0.0005,1.4789752948958919,7599.284937800025
304,train,0.015331312548231887,0.015331312548231887,0.0,0.0,0.018938472160612636,2.2657414873256643e-06,0.015331312548231887,0.06597710271840389,0.12381967754857015,0.0005,1.4289214442361076,7623.6615131
305,train,0.015597432437693296,0.015597432437693296,0.0,0.0,0.02144885238892627,2.324141577154701e-06,0.015597432437693296,0.06612235139879696,0.12488968106970766,0.0005,1.4476892720415908,7647.817758700025
306,train,0.014646781360606152,0.014646781360606152,0.0,0.0,0.020303922968934168,2.375327627940454e-06,0.014646781360606152,0.06427486047043271,0.12102388756194436,0.0005,1.4856334165582117,7671.896367300011
307,train,0.015250111432383077,0.015250111432383077,0.0,0.0,0.022080439951200532,2.2923809625216614e-06,0.015250111432383077,0.06801168279160025,0.12349134152799165,0.0005,1.6558076019557018,7696.754599300009
308,train,0.014332058027709002,0.014332058027709002,0.0,0.0,0.020784256435087266,2.3523084843512855e-06,0.014332058027709002,0.06365882107144537,0.11971657373859729,0.0005,1.2422267142331824,7721.968494500004
309,train,0.014149660920191069,0.014149660920191069,0.0,0.0,0.020643509959556022,2.251193248686729e-06,0.014149660920191069,0.06244998977537143,0.11895234726642039,0.0005,1.2589440401994958,7746.388741200004
310,train,0.01586563827324151,0.01586563827324151,0.0,0.0,0.02037808485329151,2.290948838701709e-06,0.01586563827324151,0.06802006888220895,0.12595887532540734,0.0005,1.8296285063590643,7769.857361100003
311,train,0.014529336902698975,0.014529336902698975,0.0,0.0,0.019957730757459154,2.28404884774994e-06,0.014529336902698975,0.06569239742755187,0.12053769909326698,0.0005,1.3909857846655935,7793.527595000021
312,train,0.01473044166230225,0.01473044166230225,0.0,0.0,0.0206822276045129,2.2858638988698246e-06,0.01473044166230225,0.06366249706490704,0.1213690309028718,0.0005,1.3667039185200098,7817.901232500008
313,train,0.015332922322443855,0.015332922322443855,0.0,0.0,0.020742746263320715,2.3417774130239366e-06,0.015332922322443855,0.06628179142673343,0.12382617785607312,0.0005,1.554531327958377,7842.4795619000215
314,train,0.014090578457989123,0.014090578457989123,0.0,0.0,0.021414324395217985,2.254635490934784e-06,0.014090578457989123,0.063811915039243,0.11870374239251737,0.0005,1.416424809761767,7866.447687600012
315,train,0.014499541677836328,0.014499541677836328,0.0,0.0,0.021169137894966692,2.3289880213063575e-06,0.014499541677836328,0.06360824832446735,0.1204140426936839,0.0005,nan,7890.222624200018
316,train,0.015026746319027845,0.015026746319027845,0.0,0.0,0.019187969050176862,2.3437727843386555e-06,0.015026746319027845,0.06688080282424982,0.1225836298982366,0.0005,1.5824013667286567,7915.599947900017
317,train,0.015952257176983075,0.015952257176983075,0.0,0.0,0.02037048935538755,2.3733700993274533e-06,0.015952257176983075,0.07011370823173871,0.12630224533626896,0.0005,1.8837589554066927,7939.206183100003
318,train,0.014719937373414519,0.014719937373414519,0.0,0.0,0.022643956303034188,2.339143419841042e-06,0.014719937373414519,0.06596238560060848,0.1213257490123779,0.0005,1.573698932832142,7963.631422400009
319,train,0.013676151349493425,0.013676151349493425,0.0,0.0,0.02093168862937194,2.3779624812822527e-06,0.013676151349493425,0.06275104395693765,0.11694507834660432,0.0005,1.1126405962233274,7988.099035499996
320,train,0.01323473904141003,0.01323473904141003,0.0,0.0,0.01982899518015812,2.284452659107458e-06,0.01323473904141003,0.06234109049557513,0.11504233586558485,0.0005,1.2347203644941438,8011.96868380002
321,train,0.014715217600314646,0.014715217600314646,0.0,0.0,0.01987386559891813,2.3112399035971116e-06,0.014715217600314646,0.06610432887485004,0.12130629662270069,0.0005,1.6669711897958,8036.450059900002
322,train,0.014126740777131962,0.014126740777131962,0.0,0.0,0.0200013066729847,2.2947243421168544e-06,0.014126740777131962,0.06470520023853993,0.11885596651885828,0.0005,1.3712769808634273,8060.774899100012
323,train,0.013856798667256953,0.013856798667256953,0.0,0.0,0.018974373907834855,2.2740023762210357e-06,0.013856798667256953,0.06512024461485022,0.11771490418488625,0.0005,1.4921501807446749,8084.835749300022
324,train,0.01361596073619231,0.01361596073619231,0.0,0.0,0.01895276100357186,2.269349761692591e-06,0.01361596073619231,0.06363447831662479,0.11668744892314815,0.0005,1.2430353473942235,8109.443580000021
325,train,0.014738557650707659,0.014738557650707659,0.0,0.0,0.019497310707591614,2.335028162238848e-06,0.014738557650707659,0.06633997218999663,0.12140246146889963,0.0005,1.5511032747772504,8133.50646590002
326,train,0.014492380449093687,0.014492380449093687,0.0,0.0,0.01882883108590009,2.2591150440657315e-06,0.014492380449093687,0.06457380644695938,0.12038430316737181,0.0005,1.4274152365495574,8158.129063100001
327,train,0.014556161220155807,0.014556161220155807,0.0,0.0,0.019608773308683117,2.444434561818165e-06,0.014556161220155807,0.06345466532445741,0.12064891719429481,0.0005,1.436989887143081,8183.21341560001
328,train,0.014189556803151232,0.014189556803151232,0.0,0.0,0.017703802272115113,2.333189710935705e-06,0.014189556803151232,0.06511964310874355,0.11911992613812028,0.0005,1.4258465452014275,8207.600922600017
329,train,0.013482355811734206,0.013482355811734206,0.0,0.0,0.01815867930088403,2.3046686177587858e-06,0.013482355811734206,0.06332892791174773,0.11611354706378668,0.0005,1.3430926214973882,8231.591713200003
330,train,0.012799759907826433,0.012799759907826433,0.0,0.0,0.018487259640165093,2.247749622891309e-06,0.012799759907826433,0.062420082805713394,0.11313602391734665,0.0005,1.4936310823233623,8255.480252600013
331,train,0.01339210391250265,0.01339210391250265,0.0,0.0,0.017975021276693297,2.3104465153321727e-06,0.01339210391250265,0.06347182245995357,0.11572425809873507,0.0005,1.5802029584938626,8279.562933600013
332,train,0.012910550182277804,0.012910550182277804,0.0,0.0,0.018519233754080423,2.3698484221553508e-06,0.012910550182277804,0.06101274738123395,0.11362460201152655,0.0005,1.2722093041213054,8303.961680900014
333,train,0.013363913190523645,0.013363913190523645,0.0,0.0,0.020457255162017525,2.2218080819172584e-06,0.013363913190523645,0.06125185120991377,0.11560239266781482,0.0005,1.2980030173400663,8329.829493099998
334,train,0.013309438771967459,0.013309438771967459,0.0,0.0,0.018803209821992326,2.3255143071095653e-06,0.013309438771967459,0.0636450999715137,0.11536654095519835,0.0005,1.4691174047173194,8354.570515900006
335,train,0.01335482349692578,0.01335482349692578,0.0,0.0,0.017709965712197545,2.293718878563767e-06,0.01335482349692578,0.06309038849090629,0.11556307151043442,0.0005,1.2737625426841233,8377.994240800006
336,train,0.013097214070917542,0.013097214070917542,0.0,0.0,0.01791452438974718,2.305511534874347e-06,0.013097214070917542,0.06103530445856588,0.11444306038776463,0.0005,1.1696746203134645,8402.552922200004
337,train,0.013309727628836967,0.013309727628836967,0.0,0.0,0.01912580811822752,2.3316167033833993e-06,0.013309727628836967,0.06188718919940997,0.11536779285761242,0.0005,1.2838048985544241,8426.360245500022
338,train,0.014326463332375016,0.014326463332375016,0.0,0.0,0.0212068461444018,2.3605225192542727e-06,0.014326463332375016,0.06334039063351053,0.11969320503844408,0.0005,1.337936651031926,8450.565080600005
339,train,0.01371506507028518,0.01371506507028518,0.0,0.0,0.01941044516158554,2.3199097712385304e-06,0.01371506507028518,0.06364602614721318,0.11711133621594957,0.0005,1.6280121004806374,8475.584104900016
340,train,0.013429327045632131,0.013429327045632131,0.0,0.0,0.019656550174333015,2.3634720148621917e-06,0.013429327045632131,0.06322379840959637,0.1158849733383588,0.0005,1.4170625524700813,8499.71230330001
341,train,0.012930554157465622,0.012930554157465622,0.0,0.0,0.01723131753574565,2.3471528634818584e-06,0.012930554157465622,0.06045253218836943,0.11371259454196629,0.0005,1.2102451071424305,8523.328694299998
342,train,0.013432834291563509,0.013432834291563509,0.0,0.0,0.019636441057301918,2.363670544256374e-06,0.013432834291563509,0.06331463526618084,0.11590010479530857,0.0005,1.4768560258847363,8547.607328500017
343,train,0.014501014005673947,0.014501014005673947,0.0,0.0,0.018550149657113373,2.3413518166942696e-06,0.014501014005673947,0.06545591762043397,0.12042015614370356,0.0005,1.5025106499779899,8571.298483799997
344,train,0.013056018862410397,0.013056018862410397,0.0,0.0,0.018564139475237648,2.2505099865019525e-06,0.013056018862410397,0.06274322137798903,0.11426293739621084,0.0005,1.1862690291314755,8595.360373000003
345,train,0.012620073603013123,0.012620073603013123,0.0,0.0,0.01845279704990252,2.1691929060700274e-06,0.012620073603013123,0.060936180154248246,0.11233910095337742,0.0005,1.305958000556478,8619.118741400016
346,train,0.013948668109981745,0.013948668109981745,0.0,0.0,0.019144793392492913,2.3090107578234822e-06,0.013948668109981745,0.06612944750396428,0.11810447963554027,0.0005,1.6150663641263854,8642.692803800019
347,train,0.013509879886713053,0.013509879886713053,0.0,0.0,0.018255336420997133,2.285932319040821e-06,0.013509879886713053,0.06339962304798219,0.11623200887325769,0.0005,1.3534530412476018,8667.066262700013
348,train,0.013305659029816223,0.013305659029816223,0.0,0.0,0.01801244461170907,2.291275660474708e-06,0.013305659029816223,0.06262660149203719,0.11535015834326463,0.0005,1.4716428293372101,8690.912226100016
349,train,0.011781060460868143,0.011781060460868143,0.0,0.0,0.018726572956679004,2.369180930265498e-06,0.011781060460868143,0.06052904628252366,0.1085405936084198,0.0005,1.0046184226027075,8714.960138800001
350,train,0.012581505605971266,0.012581505605971266,0.0,0.0,0.01784600479141721,2.3453907882833178e-06,0.012581505605971266,0.0591180180023723,0.11216731077266347,0.0005,1.2658786121404395,8738.820161200012
351,train,0.013123597896704286,0.013123597896704286,0.0,0.0,0.018874561870997807,2.3485795496389124e-06,0.013123597896704286,0.06330030063729522,0.11455827292999964,0.0005,1.4320381947283476,8763.780828100018
352,train,0.013028365299135841,0.013028365299135841,0.0,0.0,0.017739881919521205,2.3287147331637173e-06,0.013028365299135841,0.06229691113925202,0.11414186479612046,0.0005,1.2715970317147813,8787.708400500007
353,train,0.011957714815620215,0.011957714815620215,0.0,0.0,0.017292007048315596,2.3438783758155175e-06,0.011957714815620215,0.06036553256002801,0.10935133659731926,0.0005,1.2212919356688015,8812.013359100005
354,train,0.012540000726104788,0.012540000726104788,0.0,0.0,0.01789859562831105,2.1672254502365555e-06,0.012540000726104788,0.061761726337080866,0.11198214467541148,0.0005,1.3975236387747638,8836.049535400001
355,train,0.012270495493869955,0.012270495493869955,0.0,0.0,0.019067612933522125,2.3429544879310824e-06,0.012270495493869955,0.0604284390824724,0.11077226861389973,0.0005,1.1066072571952388,8860.411566800001
356,train,0.013493052100760529,0.013493052100760529,0.0,0.0,0.017471988755717593,2.350434440487797e-06,0.013493052100760529,0.06250415014384209,0.11615959754045521,0.0005,1.4862263011482526,8884.487396300014
357,train,0.013985795426025398,0.013985795426025398,0.0,0.0,0.01796207575232915,2.2850962510209734e-06,0.013985795426025398,0.06511092658839979,0.11826155514800825,0.0005,1.5702203517814852,8909.338929500023
358,train,0.015241493999640645,0.015241493999640645,0.0,0.0,0.02086998973885235,2.3395775341033995e-06,0.015241493999640645,0.06620137641592971,0.12345644575979273,0.0005,1.6452596564337891,8933.113349799998
359,train,0.012569571468229011,0.012569571468229011,0.0,0.0,0.018068514219573083,2.3080158178105058e-06,0.012569571468229011,0.060962663264066554,0.11211410022039606,0.0005,1.3558588272558068,8957.803872500022
360,train,0.013420806328830843,0.013420806328830843,0.0,0.0,0.018750885835374303,2.345788569948367e-06,0.013420806328830843,0.06402367354845101,0.11584820382220366,0.0005,1.438069833337136,8983.552560700016
361,train,0.013347136315544803,0.013347136315544803,0.0,0.0,0.017724227177787502,2.2600126531303757e-06,0.013347136315544803,0.06304734463996764,0.1155298070436578,0.0005,1.3989142005173665,9007.883167100023
362,train,0.012593349354361674,0.012593349354361674,0.0,0.0,0.01899526187412019,2.3274756860598055e-06,0.012593349354361674,0.06221063416275494,0.11222009336282729,0.0005,1.178603078959123,9032.056483200024
363,train,0.012305520116480593,0.012305520116480593,0.0,0.0,0.017728999942400545,2.304310028022265e-06,0.012305520116480593,0.05924710134079434,0.11093024887955762,0.0005,1.2811883333719,9056.042284099996
364,train,0.012740203093356816,0.012740203093356816,0.0,0.0,0.017492941141409694,2.2773602950110217e-06,0.012740203093356816,0.06223784661763964,0.11287250813797316,0.0005,1.3425813204837296,9080.376054399996
365,train,0.011929560465096243,0.011929560465096243,0.0,0.0,0.017404973735365103,2.3475625672496257e-06,0.011929560465096243,0.0593170839150981,0.10922252727847055,0.0005,1.052127682937766,9105.174524300004
366,train,0.012400541290611182,0.012400541290611182,0.0,0.0,0.01770831156030016,2.295285534668403e-06,0.012400541290611182,0.059844757758854124,0.11135771769666969,0.0005,1.1092869864319854,9129.172834500001
367,train,0.012029542377010483,0.012029542377010483,0.0,0.0,0.018862836150768794,2.252025818155023e-06,0.012029542377010483,0.060021999866684106,0.10967927049816881,0.0005,1.3410352035513464,9153.670775800012
368,train,0.011956312025599028,0.011956312025599028,0.0,0.0,0.01719767644228238,2.3221242771505098e-06,0.011956312025599028,0.05950809842994753,0.10934492226710406,0.0005,1.2065011605901539,9178.061622700014
369,train,0.011726657502841369,0.011726657502841369,0.0,0.0,0.01891982704752459,2.3013602835903237e-06,0.011726657502841369,0.059533862613211815,0.10828969250506425,0.0005,1.2794047537839637,9202.177666700009
370,train,0.012892072038620136,0.012892072038620136,0.0,0.0,0.01916555078032444,2.3351197702346703e-06,0.012892072038620136,0.061144584039542475,0.11354326064817821,0.0005,1.2173214639132877,9226.36466610001
371,train,0.011795146919469536,0.011795146919469536,0.0,0.0,0.018220472676714637,2.3330511438407997e-06,0.011795146919469536,0.05915277602045603,0.10860546450096117,0.0005,1.1213417072903435,9250.92951050002
372,train,0.011601078675064273,0.011601078675064273,0.0,0.0,0.018181226585271222,2.2718543835442276e-06,0.011601078675064273,0.05884299250495323,0.10770830364955282,0.0005,1.2457180113162634,9275.3794145
373,train,0.012325881050478446,0.012325881050478446,0.0,0.0,0.017940890922580124,2.3190198478331232e-06,0.012325881050478446,0.06096644199470865,0.11102198453675041,0.0005,nan,9298.745573699998
374,train,0.011613381194815104,0.011613381194815104,0.0,0.0,0.01721726558259073,2.378614490311829e-06,0.011613381194815104,0.05823585146792092,0.10776539887559042,0.0005,1.212236763452584,9322.365070800006
375,train,0.011805315283036523,0.011805315283036523,0.0,0.0,0.018474012121277035,2.2698496384279834e-06,0.011805315283036523,0.059783570224173244,0.10865226773075895,0.0005,1.2074743093184706,9346.722313800012
376,train,0.012312837811541093,0.012312837811541093,0.0,0.0,0.018943440344817233,2.303490189334761e-06,0.012312837811541093,0.06182453892949337,0.11096322729418559,0.0005,1.291254848241806,9370.118901900016
377,train,0.011833598034965417,0.011833598034965417,0.0,0.0,0.01911312413735772,2.3308848154075983e-06,0.011833598034965417,0.05984757486203651,0.10878234247783698,0.0005,1.217132292266162,9394.495389899996
378,train,0.012127611016577887,0.012127611016577887,0.0,0.0,0.018680949906273833,2.321049243687841e-06,0.012127611016577887,0.059664882427819504,0.11012543310506383,0.0005,1.1960453188644264,9419.15340520002
379,train,0.012231902287529458,0.012231902287529458,0.0,0.0,0.01694006720592953,2.2114030249419024e-06,0.012231902287529458,0.06148073525466728,0.11059793075609262,0.0005,1.2443937434340424,9443.804031100008
380,train,0.012609324509932502,0.012609324509932502,0.0,0.0,0.017370402742669266,2.303869948418479e-06,0.012609324509932502,0.06110761777480258,0.11229124859013949,0.0005,1.4642718726733945,9468.4318394
381,train,0.011781808804969941,0.011781808804969941,0.0,0.0,0.01793355234670189,2.3736565343876102e-06,0.011781808804969941,0.060565296337359915,0.10854404085425391,0.0005,1.2114237254520632,9492.597544000018
382,train,0.011594352666869319,0.011594352666869319,0.0,0.0,0.01652297149148752,2.3234075355640875e-06,0.011594352666869319,0.05915158478508019,0.10767707586515024,0.0005,1.1485227644443512,9517.223454100022
383,train,0.012024524377303126,0.012024524377303126,0.0,0.0,0.01682705418118891,2.3894180882945086e-06,0.012024524377303126,0.05976000828141311,0.1096563923230339,0.0005,1.205004171380457,9541.57999670002
384,train,0.0117580623363193,0.0117580623363193,0.0,0.0,0.018524742263527412,2.3441544267628175e-06,0.0117580623363193,0.059844438144761446,0.10843459935057306,0.0005,1.1778224560449708,9565.782097999996
385,train,0.011641396751024926,0.011641396751024926,0.0,0.0,0.01693861559033394,2.293525231268503e-06,0.011641396751024926,0.058820686412026285,0.10789530458284516,0.0005,1.2517226726379034,9590.271811600018
386,train,0.012005015130359066,0.012005015130359066,0.0,0.0,0.017731357717289113,2.356855314349748e-06,0.012005015130359066,0.060045605441028195,0.10956739994340957,0.0005,1.2958472022470438,9614.859981200018
387,train,0.01233145265480589,0.01233145265480589,0.0,0.0,0.018097030420629483,2.278324372265109e-06,0.01233145265480589,0.06177051356765178,0.111047074048828,0.0005,1.4048854624325375,9638.199484100012
388,train,0.013053856440202028,0.013053856440202028,0.0,0.0,0.01911865898741866,2.366416396707448e-06,0.013053856440202028,0.06513983535773629,0.1142534745213555,0.0005,1.3932188901136506,9662.805997600022
389,train,0.012163915487882444,0.012163915487882444,0.0,0.0,0.01890663430094719,2.3583642368461334e-06,0.012163915487882444,0.062123167490200054,0.11029014229695437,0.0005,1.441435138571937,9688.151025600004
390,train,0.011265506021320692,0.011265506021320692,0.0,0.0,0.01773992649999992,2.318600366997312e-06,0.011265506021320692,0.05756027365876539,0.10613908809350442,0.0005,1.1752702666903443,9711.830009199999
391,train,0.01133584687431378,0.01133584687431378,0.0,0.0,0.019983740874900006,2.3464104584010508e-06,0.01133584687431378,0.05728631222901761,0.10646993413313346,0.0005,1.227323776708459,9736.961223699996
392,train,0.011661633511278711,0.011661633511278711,0.0,0.0,0.020553871374225843,2.3388757195137275e-06,0.011661633511278711,0.05964007855762008,0.1079890434779321,0.0005,1.2255756871880226,9761.722042400012
393,train,0.011842175341652758,0.011842175341652758,0.0,0.0,0.01862764233758427,2.2764327005066697e-06,0.011842175341652758,0.05974504282908899,0.10882175950448861,0.0005,1.0491372684262834,9785.883285500022
394,train,0.011710874890792733,0.011710874890792733,0.0,0.0,0.01971414690520966,2.265891586126977e-06,0.011710874890792733,0.058310503855277335,0.10821679578879026,0.0005,1.1562479025912735,9809.819338600006
395,train,0.011680258223501404,0.011680258223501404,0.0,0.0,0.01786466884725499,2.356773738681096e-06,0.011680258223501404,0.059638401138473254,0.1080752433423187,0.0005,1.052650532070196,9833.772448400006
396,train,0.011250129950761072,0.011250129950761072,0.0,0.0,0.017657458518614184,2.342937181791332e-06,0.011250129950761072,0.05873763918841503,0.10606662976997559,0.0005,1.1635127449935336,9858.5178266
397,train,0.010964184522025841,0.010964184522025841,0.0,0.0,0.017335153553845746,2.238748152194603e-06,0.010964184522025841,0.057751897694367296,0.10471000201521267,0.0005,1.1010250213011257,9882.944235700008
398,train,0.011962137198971285,0.011962137198971285,0.0,0.0,0.017945664583371497,2.2842629372256475e-06,0.011962137198971285,0.05951623768492971,0.10937155571249449,0.0005,1.309239906522463,9907.256956099998
399,train,0.011724523609230361,0.011724523609230361,0.0,0.0,0.018657250523145468,2.3468296668174587e-06,0.011724523609230361,0.059166801708557135,0.10827983934800772,0.0005,1.2183851048631489,9932.153474300023
400,train,0.011825561794226678,0.011825561794226678,0.0,0.0,0.01723047855468291,2.3456128808833937e-06,0.011825561794226678,0.06140714141557802,0.10874539895658426,0.0005,1.3956719291097712,9956.440689500014
401,train,0.010884600515947687,0.010884600515947687,0.0,0.0,0.017498772767073702,2.3410397420346547e-06,0.010884600515947687,0.057443294303386266,0.10432928886917464,0.0005,1.1026484848193403,9981.5092687
402,train,0.010996771460795227,0.010996771460795227,0.0,0.0,0.018238733259012114,2.2945224106976794e-06,0.010996771460795227,0.058117895121774024,0.10486549223073922,0.0005,1.0969661462981746,10005.053523500013
403,train,0.011010862804165675,0.011010862804165675,0.0,0.0,0.018934945997623902,2.258978662761159e-06,0.011010862804165675,0.0581017859649124,0.10493265842513319,0.0005,1.1046893141179714,10029.069382000016
404,train,0.010540135096339063,0.010540135096339063,0.0,0.0,0.01914416554050063,2.282273681404784e-06,0.010540135096339063,0.05748013282581319,0.10266516009016428,0.0005,1.0694566250972029,10054.447409500019
405,train,0.012408829104022958,0.012408829104022958,0.0,0.0,0.020017449181737763,2.3775541181611566e-06,0.012408829104022958,0.061193568591590766,0.11139492404963054,0.0005,1.4058174097313072,10078.881660400017
406,train,0.011450224652428417,0.011450224652428417,0.0,0.0,0.01830304711002786,2.323753321588639e-06,0.011450224652428417,0.05997952649826711,0.10700572252187458,0.0005,1.2948443417279225,10104.007521799998
407,train,0.011056324542774096,0.011056324542774096,0.0,0.0,0.01819384291346343,2.3031159987610564e-06,0.011056324542774096,0.05946502098286489,0.1051490586870567,0.0005,1.0984275768387992,10128.021817600005
408,train,0.011351360335689639,0.011351360335689639,0.0,0.0,0.01805010945799778,2.34749993438218e-06,0.011351360335689639,0.05927400958531026,0.10654276294375718,0.0005,1.1801738834606026,10152.180730799999
409,train,0.011245503860825333,0.011245503860825333,0.0,0.0,0.017123926132214518,2.263104486804157e-06,0.011245503860825333,0.05789713219405625,0.10604482005654653,0.0005,1.1551879610655442,10177.4006888
410,train,0.011282601113991817,0.011282601113991817,0.0,0.0,0.017761838112799626,2.264981585197021e-06,0.011282601113991817,0.057870728610399755,0.10621958912550837,0.0005,1.1049334732991345,10201.00797060001
411,train,0.011684810937635428,0.011684810937635428,0.0,0.0,0.018578830684693355,2.3228961936183623e-06,0.011684810937635428,0.05876792602170754,0.10809630399618401,0.0005,1.2720026345747821,10225.430643
412,train,0.011762244009645107,0.011762244009645107,0.0,0.0,0.018207621128069906,2.3074200837656016e-06,0.011762244009645107,0.0620586330580683,0.10845387964312345,0.0005,1.338322421852148,10248.795056400006
413,train,0.010868315720990552,0.010868315720990552,0.0,0.0,0.019695901347078243,2.371873572986449e-06,0.010868315720990552,0.05801351514100185,0.10425121448208914,0.0005,1.1879061505479633,10273.330632800004
414,train,0.010511032888736628,0.010511032888736628,0.0,0.0,0.018974568114949845,2.394804819489781e-06,0.010511032888736628,0.05686424551355953,0.10252332850984028,0.0005,1.114476888809564,10297.106447400001
415,train,0.010724278889886954,0.010724278889886954,0.0,0.0,0.018811667355585773,2.3384125335964336e-06,0.010724278889886954,0.057757959790738694,0.10355809427508289,0.0005,1.208912675673107,10320.956826300011
416,train,0.01078128427005415,0.01078128427005415,0.0,0.0,0.01791785218102752,2.2691622985322916e-06,0.01078128427005415,0.05741904715322097,0.10383296331153295,0.0005,1.1028114607873953,10344.144491000014
417,train,0.010210920609797367,0.010210920609797367,0.0,0.0,0.017408684546233347,2.313272933140567e-06,0.010210920609797367,0.055824126083544416,0.1010490999949894,0.0005,1.0153457972238649,10368.526946099999
418,train,0.010587592470942323,0.010587592470942323,0.0,0.0,0.016802472150269546,2.400032745187999e-06,0.010587592470942323,0.056385445211715304,0.10289602747891836,0.0005,0.9999779181660347,10392.699323000008
419,train,0.0105742004803104,0.0105742004803104,0.0,0.0,0.018068611674573062,2.3524683988312665e-06,0.0105742004803104,0.05682642773531799,0.10283093153477897,0.0005,1.0064993247670948,10418.434753600013
420,train,0.009887632580483901,0.009887632580483901,0.0,0.0,0.016919875306622038,2.3264925973634028e-06,0.009887632580483901,0.055008657742291696,0.0994365756675274,0.0005,1.1005060807713922,10444.39120090002
421,train,0.011471804610372824,0.011471804610372824,0.0,0.0,0.01740261494129334,2.294505557160246e-06,0.011471804610372824,0.06007430343625118,0.10710651058816557,0.0005,1.2146801200677764,10470.629126500018
422,train,0.011273797688635616,0.011273797688635616,0.0,0.0,0.015867249442721314,2.302637767570559e-06,0.011273797688635616,0.06004359796994699,0.10617814129393872,0.0005,1.341788670364416,10496.165122800012
423,train,0.01034192436094394,0.01034192436094394,0.0,0.0,0.016793845168683888,2.324066155590529e-06,0.01034192436094394,0.05560853150936791,0.10169525240120082,0.0005,1.077299435183687,10522.51211760001
424,train,0.009745177774435296,0.009745177774435296,0.0,0.0,0.017569871724776503,2.303027365928327e-06,0.009745177774435296,0.054417314622902654,0.09871766698233551,0.0005,0.9172099783735456,10549.198910100007
425,train,0.01072955681984412,0.01072955681984412,0.0,0.0,0.01674099630272051,2.3142990533775652e-06,0.01072955681984412,0.05641100314041634,0.10358357408317266,0.0005,1.0206107477534492,10575.6034048
426,train,0.010523620827281673,0.010523620827281673,0.0,0.0,0.016776788171451045,2.3383519942828294e-06,0.010523620827281673,0.056716000288724866,0.10258470074665946,0.0005,1.1763348461322065,10605.40742990002
427,train,0.01095269208927452,0.01095269208927452,0.0,0.0,0.01707271755374265,2.396272583060842e-06,0.01095269208927452,0.058355011239226144,0.10465511019187988,0.0005,1.2007294314087562,10631.749362600007
428,train,0.010986592329765083,0.010986592329765083,0.0,0.0,0.016927169214160938,2.2739477143024386e-06,0.010986592329765083,0.05720410385819258,0.10481694676799684,0.0005,1.1918349833983295,10658.8402184
429,train,0.010831010245381995,0.010831010245381995,0.0,0.0,0.016063237650636233,2.3162269547716484e-06,0.010831010245381995,0.05679610780492988,0.10407213962142796,0.0005,1.1503948130697574,10684.339321600011
430,train,0.011373509059688692,0.011373509059688692,0.0,0.0,0.01670045405626297,2.2916523156932528e-06,0.011373509059688692,0.05917814218105291,0.10664665517346848,0.0005,1.1000373324133315,10710.328687100002
431,train,0.011054438078006674,0.011054438078006674,0.0,0.0,0.01832192649467374,2.3174377195933836e-06,0.011054438078006674,0.057963173200358764,0.1051400878733068,0.0005,1.2358933158640593,10736.716252800019
432,train,0.010456521293839751,0.010456521293839751,0.0,0.0,0.01594107931936687,2.3541543917949553e-06,0.010456521293839751,0.058116123312205635,0.10225713321739345,0.0005,1.1452600179978136,10761.994477400003
433,train,0.010039487322528828,0.010039487322528828,0.0,0.0,0.01806101642267884,2.2871483306173687e-06,0.010039487322528828,0.0566961030036492,0.10019724209043294,0.0005,1.0923806181493796,10788.396591600002
434,train,0.009573971426879376,0.009573971426879376,0.0,0.0,0.017456808918208448,2.3318133194066525e-06,0.009573971426879376,0.054319279461677326,0.09784667304962073,0.0005,0.9571030499800196,10814.557645200024
435,train,0.010455182988159822,0.010455182988159822,0.0,0.0,0.017415443136585208,2.356816624359333e-06,0.010455182988159822,0.05794825764759532,0.10225058918245812,0.0005,1.3647513350225844,10840.4576773
436,train,0.010648977278332547,0.010648977278332547,0.0,0.0,0.017306407070103683,2.2942692129497957e-06,0.010648977278332547,0.057800416841681274,0.10319388198111624,0.0005,1.2143556858008762,10866.764628100005
437,train,0.010203490808003753,0.010203490808003753,0.0,0.0,0.017095029810970684,2.306150843153619e-06,0.010203490808003753,0.055043517933490715,0.10101232998007596,0.0005,1.0131175177839566,10892.380522300024
438,train,0.010797263376874946,0.010797263376874946,0.0,0.0,0.016873058529113822,2.208193252971676e-06,0.010797263376874946,0.059089456609327275,0.10390988103580404,0.0005,1.3518626060125962,10918.024736799998
439,train,0.010070132878268542,0.010070132878268542,0.0,0.0,0.016587517663555325,2.320358220767614e-06,0.010070132878268542,0.05598867293974419,0.10035005171034314,0.0005,1.0956513943537227,10944.105316700006
440,train,0.010336006223196647,0.010336006223196647,0.0,0.0,0.017430939307471492,2.2946295551796453e-06,0.010336006223196647,0.05638475532309627,0.10166615082315572,0.0005,1.0267169588017013,10970.1176385
441,train,0.009611992827366233,0.009611992827366233,0.0,0.0,0.017757047705774038,2.2766950468274374e-06,0.009611992827366233,0.053688746819026634,0.09804077125036416,0.0005,0.9945266342388009,10997.961068000004
442,train,0.010238523280837259,0.010238523280837259,0.0,0.0,0.018047298006010504,2.337168833912314e-06,0.010238523280837259,0.05548157086068733,0.10118558830602933,0.0005,1.0172655981666636,11023.851386100025
443,train,0.010024721393779574,0.010024721393779574,0.0,0.0,0.020556364858628443,2.374421640370373e-06,0.010024721393779574,0.05475619254493206,0.10012353066976601,0.0005,0.984203743484785,11050.910818100005
444,train,0.010234343470540993,0.010234343470540993,0.0,0.0,0.01919965363406348,2.34702389112705e-06,0.010234343470540993,0.05578075903379972,0.1011649320196529,0.0005,1.0442946952468943,11077.089838900021
445,train,0.009799820556261968,0.009799820556261968,0.0,0.0,0.01710462853101627,2.283437467822124e-06,0.009799820556261968,0.05651990311606876,0.09899404303422488,0.0005,1.0280884487448998,11105.458323600003
446,train,0.010222329774979647,0.010222329774979647,0.0,0.0,0.01754448142886724,2.2815846683820468e-06,0.010222329774979647,0.056773514957782226,0.10110553780569909,0.0005,1.1144217927500886,11131.363863400009
447,train,0.010717242653564028,0.010717242653564028,0.0,0.0,0.016561459960802546,2.3347030822340045e-06,0.010717242653564028,0.057643588525155255,0.10352411628970337,0.0005,1.2119045718660895,11157.379195300018
448,train,0.010488233758045475,0.010488233758045475,0.0,0.0,0.020936351216767193,2.4112313577409984e-06,0.010488233758045475,0.05734721669610942,0.10241207818438934,0.0005,1.2943301245851337,11183.341140300006
449,train,0.010470448300186962,0.010470448300186962,0.0,0.0,0.018855985201332928,2.346362261616961e-06,0.010470448300186962,0.057427237734620315,0.10232520852745408,0.0005,1.0621722767937858,11208.5988602
450,train,0.010129235122296004,0.010129235122296004,0.0,0.0,0.018408747442628978,2.2919467495877092e-06,0.010129235122296004,0.055097332022170396,0.10064410127919074,0.0005,inf,11233.55036340002
451,train,0.010659327326961055,0.010659327326961055,0.0,0.0,0.018532384046406118,2.251862589596471e-06,0.010659327326961055,0.057845229945444276,0.10324401835923017,0.0005,1.262290581217352,11259.486491900025
452,train,0.010016197071700107,0.010016197071700107,0.0,0.0,0.017035199171107896,2.3582229755876775e-06,0.010016197071700107,0.05576134166276118,0.10008095259188987,0.0005,1.0399258772157274,11284.307538200024
453,train,0.009837105101102663,0.009837105101102663,0.0,0.0,0.016970229422989883,2.3113659393994516e-06,0.009837105101102663,0.05441459032689344,0.09918218136894683,0.0005,1.0377198035986919,11310.4009602
454,train,0.009812275674918946,0.009812275674918946,0.0,0.0,0.01762000437966495,2.4119756954980473e-06,0.009812275674918946,0.056342317692865185,0.09905693148346029,0.0005,1.1492290277526063,11336.786292400007
455,train,0.009889420663239432,0.009889420663239432,0.0,0.0,0.016598009012358368,2.2599269847355657e-06,0.009889420663239432,0.055429861545211304,0.0994455663327402,0.0005,1.08312711063421,11362.162354800006
456,train,0.009749458222901217,0.009749458222901217,0.0,0.0,0.016452684998512268,2.419052342925427e-06,0.009749458222901217,0.05567005849355516,0.09873934485756536,0.0005,0.9588613642274209,11389.01113650002
457,train,0.009922128055452804,0.009922128055452804,0.0,0.0,0.016707610163205076,2.324002527426994e-06,0.009922128055452804,0.05696613030367585,0.09960987930648649,0.0005,1.0787294017818738,11415.587695299997
458,train,0.009160716371006168,0.009160716371006168,0.0,0.0,0.016702454976456345,2.2538788406787064e-06,0.009160716371006168,0.053345737253087305,0.09571163132559264,0.0005,1.0328389141919478,11440.884770500008
459,train,0.009465248760836471,0.009465248760836471,0.0,0.0,0.017457905787763732,2.3654755180033597e-06,0.009465248760836471,0.05384325277025128,0.09728951002464999,0.0005,1.0407585282370728,11466.500312600023
460,train,0.00978454831786638,0.00978454831786638,0.0,0.0,0.01752736498513874,2.3734371016305303e-06,0.00978454831786638,0.0549941619348554,0.09891687579915967,0.0005,0.899274856414435,11492.161841699999
461,train,0.010260633560440357,0.010260633560440357,0.0,0.0,0.018652892214650253,2.25267413772496e-06,0.010260633560440357,0.056285395149914694,0.10129478545532518,0.0005,1.0295188202048249,11518.278136700013
462,train,0.010377260002627186,0.010377260002627186,0.0,0.0,0.019362475336441455,2.337018263203373e-06,0.010377260002627186,0.05703923896060518,0.10186883724980464,0.0005,1.2803361860086333,11544.610579700005
463,train,0.009658993559821952,0.009658993559821952,0.0,0.0,0.016599545712178608,2.2844582876784428e-06,0.009658993559821952,0.05513228910606143,0.09828017887561027,0.0005,1.205182634996918,11570.642880200001
464,train,0.009490016448714568,0.009490016448714568,0.0,0.0,0.01648553857966414,2.2872407665965752e-06,0.009490016448714568,0.054631909443381824,0.09741671544819486,0.0005,0.9639956079564005,11596.747236800002
465,train,0.009102589184421616,0.009102589184421616,0.0,0.0,0.01632261710276581,2.2961886822125756e-06,0.009102589184421616,0.053797639925735746,0.0954074901903494,0.0005,0.9672326473694928,11622.225766800024
466,train,0.009279537836269844,0.009279537836269844,0.0,0.0,0.018421109080455213,2.309537170782827e-06,0.009279537836269844,0.054394469534943146,0.09633035781242508,0.0005,1.0081749013010062,11647.614690200018
467,train,0.008875015394657548,0.008875015394657548,0.0,0.0,0.017015573164483287,2.3630835705330783e-06,0.008875015394657548,0.05293679914683245,0.09420730011340707,0.0005,0.8322755671897024,11673.511022300023
468,train,0.009334770380313407,0.009334770380313407,0.0,0.0,0.016958833303091662,2.349393727579912e-06,0.009334770380313407,0.05387037634181807,0.09661661544637862,0.0005,0.9108448197256844,11699.2533789
469,train,0.009582179550969435,0.009582179550969435,0.0,0.0,0.016188303535839298,2.3252845996363967e-06,0.009582179550969435,0.05511587033540292,0.09788860787124024,0.0005,1.1672903490516375,11724.90632780001
470,train,0.009973755919994769,0.009973755919994769,0.0,0.0,0.017731857925372303,2.2848594799486235e-06,0.009973755919994769,0.05598989369980289,0.09986869339284843,0.0005,1.0126477502427012,11751.218774700013
471,train,0.009881887745915557,0.009881887745915557,0.0,0.0,0.017558611261675943,2.300811210484683e-06,0.009881887745915557,0.0556889107037898,0.09940768454156629,0.0005,1.1392547999912839,11777.24568980001
472,train,0.010146871956598226,0.010146871956598226,0.0,0.0,0.017237438556720625,2.2822890999140207e-06,0.010146871956598226,0.05651440487752827,0.10073168298305268,0.0005,1.1431695931362655,11803.666313199996
473,train,0.010334976749175629,0.010334976749175629,0.0,0.0,0.01703713282521041,2.302897567735169e-06,0.010334976749175629,0.05666165825172836,0.10166108768440178,0.0005,1.034825139731731,11830.349731100025
474,train,0.009231055279938886,0.009231055279938886,0.0,0.0,0.016679281017409182,2.3734579320622494e-06,0.009231055279938886,0.05350314710851548,0.09607838091859629,0.0005,0.8472142838082224,11859.07490800001
475,train,0.009269393400238602,0.009269393400238602,0.0,0.0,0.016981776364428817,2.3364985663475928e-06,0.009269393400238602,0.053715467994224345,0.09627768900549391,0.0005,0.9351961145985801,11886.551024900022
476,train,0.008761909892694708,0.008761909892694708,0.0,0.0,0.017361179134755763,2.3673951717391213e-06,0.008761909892694708,0.05275747157317007,0.09360507407557941,0.0005,0.8879288502459256,11914.25936180001
477,train,0.009932453178455791,0.009932453178455791,0.0,0.0,0.01830693497761803,2.3293853653843334e-06,0.009932453178455791,0.05600354747741289,0.09966169363630036,0.0005,1.1635766614158198,11941.256932500022
478,train,0.010335903200524075,0.010335903200524075,0.0,0.0,0.018981167906016675,2.44216709285505e-06,0.010335903200524075,0.05673064635187949,0.10166564415044088,0.0005,1.2255924405916683,11967.060243600019
479,train,0.00997272222032408,0.00997272222032408,0.0,0.0,0.01677930075675249,2.3828128658626055e-06,0.00997272222032408,0.05547719675485255,0.09986351796489086,0.0005,1.0558119871706333,11993.016545300023
480,train,0.008926455964257977,0.008926455964257977,0.0,0.0,0.01705242243577849,2.3145174136173083e-06,0.008926455964257977,0.05285140261018893,0.09447992360421327,0.0005,0.8287281140966235,12018.722086900001
481,train,0.009700197234331357,0.009700197234331357,0.0,0.0,0.016751919082313212,2.307084424449746e-06,0.009700197234331357,0.05659019805772126,0.09848957931848099,0.0005,1.217147243472765,12044.041786800022
482,train,0.010372167817935544,0.010372167817935544,0.0,0.0,0.01735635576242546,2.313276562539236e-06,0.010372167817935544,0.05730561968817745,0.10184384035343298,0.0005,1.1194016118094605,12070.897927400016
483,train,0.008702628202170772,0.008702628202170772,0.0,0.0,0.015570470430659797,2.2691042474589096e-06,0.008702628202170772,0.05251269317847097,0.09328787810948844,0.0005,0.8439470164056094,12097.906723000022
484,train,0.008947342259983448,0.008947342259983448,0.0,0.0,0.015983832683765662,2.39397528953562e-06,0.008947342259983448,0.05218646278921163,0.09459039200671202,0.0005,0.8323779977717489,12124.19524130001
485,train,0.00910597080127325,0.00910597080127325,0.0,0.0,0.016215908991278342,2.364863533175766e-06,0.00910597080127325,0.05360957806894805,0.09542521051207196,0.0005,0.9624908510244118,12150.376200400002
486,train,0.009728660977325831,0.009728660977325831,0.0,0.0,0.01629123200644862,2.3393317259999677e-06,0.009728660977325831,0.05594243048426679,0.09863397476187316,0.0005,1.3094298845192172,12176.406009500002
487,train,0.009477364490267752,0.009477364490267752,0.0,0.0,0.015722891755120934,2.3241016752196955e-06,0.009477364490267752,0.05562081491434068,0.09735175648270426,0.0005,1.0827374964390162,12202.589832099999
488,train,0.009188929621670021,0.009188929621670021,0.0,0.0,0.018022548618181696,2.3291176500417762e-06,0.009188929621670021,0.053746784353663916,0.09585890475939114,0.0005,0.8809589456837132,12228.200848600012
489,train,0.008956171947785101,0.008956171947785101,0.0,0.0,0.017188079848463805,2.306331598790492e-06,0.008956171947785101,0.052607750070263755,0.09463705377802661,0.0005,0.8766927303008314,12255.863966400007
490,train,0.009495483312467808,0.009495483312467808,0.0,0.0,0.017140094085403207,2.2937692311077043e-06,0.009495483312467808,0.054614380399151785,0.0974447705752741,0.0005,1.2193676688761081,12282.732732200006
491,train,0.009441981709082855,0.009441981709082855,0.0,0.0,0.015577788412008645,2.2962881002796458e-06,0.009441981709082855,0.05515120182151221,0.09716986008574292,0.0005,0.9677386390713026,12309.268758999999
492,train,0.009978675224570086,0.009978675224570086,0.0,0.0,0.015738054530097627,2.2586570684376604e-06,0.009978675224570086,0.0569468020637221,0.09989331921890515,0.0005,inf,12335.477696300019
493,train,0.009103178179773169,0.009103178179773169,0.0,0.0,0.016233544708844624,2.32535093483369e-06,0.009103178179773169,0.053802476152074785,0.09541057687580119,0.0005,0.8072374069465781,12362.038643700012
494,train,0.008680760180539197,0.008680760180539197,0.0,0.0,0.016293268949496297,2.3423962426571755e-06,0.008680760180539197,0.05183048156037365,0.09317059718891577,0.0005,0.8945892371659009,12389.601306099998
495,train,0.010497984727600235,0.010497984727600235,0.0,0.0,0.016516431445642462,2.367555903477313e-06,0.010497984727600235,0.05898834519299138,0.10245967366530227,0.0005,1.4294371424980883,12415.442364100018
496,train,0.008975369099240403,0.008975369099240403,0.0,0.0,0.01528472261819637,2.3009004010264278e-06,0.008975369099240403,0.05300397184976147,0.09473842461873853,0.0005,0.848217878139244,12443.179369699996
497,train,0.009496808882242889,0.009496808882242889,0.0,0.0,0.016033647968521657,2.2556383010799798e-06,0.009496808882242889,0.053760898805592434,0.09745157198446257,0.0005,1.0817516114351884,12471.530950200016
498,train,0.009143755443527076,0.009143755443527076,0.0,0.0,0.015064729553348612,2.3100226650607304e-06,0.009143755443527076,0.05377518675237332,0.09562298595801678,0.0005,0.9367660947565762,12498.721266100009
499,train,0.009711857281904228,0.009711857281904228,0.0,0.0,0.016331764307083947,2.3487913482175878e-06,0.009711857281904228,0.05506464317792429,0.09854875586177751,0.0005,0.9153541557069095,12525.418228499999
500,train,0.009934750511964456,0.009934750511964456,0.0,0.0,0.015664587570530065,2.259896842708327e-06,0.009934750511964456,0.055786885256123436,0.09967321862950175,0.0005,1.1534783930148718,12552.564782300004
501,train,0.009352965214202414,0.009352965214202414,0.0,0.0,0.01730169881275802,2.365377011576026e-06,0.009352965214202414,0.056056593931367936,0.09671072957124464,0.0005,1.0901049645441883,12579.176119400014
502,train,0.009086045946701832,0.009086045946701832,0.0,0.0,0.015051123106254722,2.385559726479976e-06,0.009086045946701832,0.053125862898480765,0.09532075296965416,0.0005,0.8867252165416502,12605.36335510001
503,train,0.008991797320832464,0.008991797320832464,0.0,0.0,0.01648343978273981,2.3929843843328648e-06,0.008991797320832464,0.05234885952909882,0.09482508803493127,0.0005,0.9464019992441501,12631.806674300024
504,train,0.00857159970155236,0.00857159970155236,0.0,0.0,0.01683544281448396,2.3473513800058327e-06,0.00857159970155236,0.05273953236744931,0.0925829341809405,0.0005,0.9148644518177464,12658.375655300013
505,train,0.008708784276279644,0.008708784276279644,0.0,0.0,0.01648522860739591,2.217246230240974e-06,0.008708784276279644,0.05230750577208007,0.09332086731422744,0.0005,0.8916287832664993,12684.269102799997
506,train,0.009029997035312981,0.009029997035312981,0.0,0.0,0.016526385913339426,2.3663383088651757e-06,0.009029997035312981,0.05348277187748056,0.09502629654634016,0.0005,0.9558316109315405,12710.872460700019
507,train,0.008824162552888804,0.008824162552888804,0.0,0.0,0.01622492830567765,2.2971121389450416e-06,0.008824162552888804,0.052869689081496814,0.09393701375330601,0.0005,0.87752262770005,12737.198204000015
508,train,0.008405933431359305,0.008405933431359305,0.0,0.0,0.01615306517144419,2.362688118375685e-06,0.008405933431359305,0.05210769318729499,0.09168387770682097,0.0005,0.9321786997453222,12763.382911000022
509,train,0.00900104735171552,0.00900104735171552,0.0,0.0,0.01602496482642754,2.2827988888546416e-06,0.00900104735171552,0.05348635468421117,0.09487384967268651,0.0005,1.0036179580778446,12789.41057540002
510,train,0.008662916963452137,0.008662916963452137,0.0,0.0,0.016598629097471822,2.359901696883822e-06,0.008662916963452137,0.05242040969150247,0.09307479230947624,0.0005,0.8950143456459045,12815.35179310001
511,train,0.008619198314285448,0.008619198314285448,0.0,0.0,0.014970354454697302,2.2832050683304396e-06,0.008619198314285448,0.0525146403490513,0.09283963762469911,0.0005,0.9338124017670469,12841.28606080002
512,train,0.009061544499772423,0.009061544499772423,0.0,0.0,0.014829357453393486,2.3067040411609376e-06,0.009061544499772423,0.054146502318106714,0.09519214515795105,0.0005,0.9740355678324429,12867.473852800002
513,train,0.00882525480766797,0.00882525480766797,0.0,0.0,0.015849575119198493,2.309010107877976e-06,0.00882525480766797,0.05314173055461272,0.09394282733486346,0.0005,0.9507684499587653,12896.361695
514,train,0.008492295924746563,0.008492295924746563,0.0,0.0,0.014981200936127384,2.3152927342551884e-06,0.008492295924746563,0.051157432622364093,0.09215365388711705,0.0005,0.7734757400346253,12922.341797200002
515,train,0.008649395280729052,0.008649395280729052,0.0,0.0,0.015023295328302204,2.336200983542235e-06,0.008649395280729052,0.05315973651156108,0.09300212514092918,0.0005,0.924581211692882,12948.38703850002
516,train,0.008722625781277051,0.008722625781277051,0.0,0.0,0.015865286126873403,2.3511149420129478e-06,0.008722625781277051,0.05301867258506562,0.09339499869520343,0.0005,1.0762746317206688,12976.20701090002
517,train,0.008625998664920533,0.008625998664920533,0.0,0.0,0.015552742125571898,2.357011174714195e-06,0.008625998664920533,0.0522989344009954,0.0928762545806006,0.0005,0.8464540417464275,13002.115166400006
518,train,0.008773942939351742,0.008773942939351742,0.0,0.0,0.014830578839019785,2.2723022002880824e-06,0.008773942939351742,0.052446363558817016,0.09366932763371232,0.0005,0.9916451449664134,13029.459918600012
519,train,0.010063429029833058,0.010063429029833058,0.0,0.0,0.014612036230007433,2.3375034292909716e-06,0.010063429029833058,0.05751622874852061,0.10031664383258174,0.0005,1.1934991203389078,13055.031890300015
520,train,0.008632791107509476,0.008632791107509476,0.0,0.0,0.015309454258179889,2.41664131966179e-06,0.008632791107509476,0.05251143119948089,0.09291281454949837,0.0005,0.9926137679590369,13081.733073800016
521,train,0.00826825718325398,0.00826825718325398,0.0,0.0,0.017407522993689438,2.3313011473325083e-06,0.00826825718325398,0.05092981460521807,0.09092995756764644,0.0005,0.8256724611768183,13108.479439600022
522,train,0.00879389719612279,0.00879389719612279,0.0,0.0,0.01650373611318053,2.3074786432122017e-06,0.00879389719612279,0.052537493305807974,0.09377578150099732,0.0005,0.953013243540278,13134.322430200002
523,train,0.00829001779509884,0.00829001779509884,0.0,0.0,0.016137017481872497,2.3402851016760665e-06,0.00829001779509884,0.051554833345536906,0.09104953484284717,0.0005,0.8608732853295669,13159.60526490002
524,train,0.008509958779644155,0.008509958779644155,0.0,0.0,0.015483779129835794,2.3205443454262764e-06,0.008509958779644155,0.05243231712858067,0.09224943782833668,0.0005,0.9808701529817762,13185.373703500023
525,train,0.008548509828948945,0.008548509828948945,0.0,0.0,0.015590243375385707,2.2944019283901106e-06,0.008548509828948945,0.052390946723731624,0.09245815177121455,0.0005,0.9546696192251062,13210.569856300019
526,train,0.009578483640081754,0.009578483640081754,0.0,0.0,0.01705791530603508,2.3316167334138847e-06,0.009578483640081754,0.05430700047082216,0.09786972790440236,0.0005,1.295831948518753,13237.159876799997
527,train,0.008868834797997483,0.008868834797997483,0.0,0.0,0.015600833198371923,2.317664138728397e-06,0.008868834797997483,0.05228197996873619,0.0941744912277071,0.0005,0.9747476993866686,13264.164481900021
528,train,0.008527840590757924,0.008527840590757924,0.0,0.0,0.014532523721737682,2.2531470578096047e-06,0.008527840590757924,0.051217356055342375,0.09234630794329529,0.0005,0.8240627404653801,13290.385845900018
529,train,0.008040532365181584,0.008040532365181584,0.0,0.0,0.014904957387666657,2.3143100252299227e-06,0.008040532365181584,0.05118167404577418,0.08966901563629202,0.0005,0.7500967026319144,13316.326724200015
530,train,0.008207279370583149,0.008207279370583149,0.0,0.0,0.01569355591991038,2.409728587204058e-06,0.008207279370583149,0.05077177185635523,0.09059403606520215,0.0005,0.9099575747858804,13345.537652900006
531,train,0.008828209879748273,0.008828209879748273,0.0,0.0,0.015102068911183555,2.237609018660771e-06,0.008828209879748273,0.05332924957510156,0.09395855405309446,0.0005,1.0055675405376363,13372.869408800005
532,train,0.008527967236474277,0.008527967236474277,0.0,0.0,0.015906090795431496,2.35105798061718e-06,0.008527967236474277,0.052369670274685004,0.09234699365152217,0.0005,0.8702748704631373,13399.412966700009
533,train,0.008264478611625856,0.008264478611625856,0.0,0.0,0.01471513838349086,2.244269544376639e-06,0.008264478611625856,0.0512332650867976,0.09090917781844612,0.0005,0.8737949627750324,13426.203598300024
534,train,0.00806982974658549,0.00806982974658549,0.0,0.0,0.014660302514456353,2.3190220893943575e-06,0.00806982974658549,0.050397751220273505,0.0898322311121431,0.0005,inf,13452.342295600014
535,train,0.008191278352394462,0.008191278352394462,0.0,0.0,0.015260812334435166,2.3065250916432596e-06,0.008191278352394462,0.05191462558149449,0.0905056813266132,0.0005,0.96182363691195,13478.411081700004
536,train,0.009110470515657174,0.009110470515657174,0.0,0.0,0.015901640988886356,2.3240406210977696e-06,0.009110470515657174,0.05399276580099227,0.09544878477831541,0.0005,1.1247215057319064,13505.488933100016
537,train,0.008888729539000264,0.008888729539000264,0.0,0.0,0.015584684205505083,2.2988268260375647e-06,0.008888729539000264,0.05275443095081255,0.09428005907401768,0.0005,0.9097603193993838,13531.701118500001
538,train,0.008351197117488758,0.008351197117488758,0.0,0.0,0.01569495854442412,2.285335137097512e-06,0.008351197117488758,0.05213420420603932,0.09138488451318827,0.0005,0.8941384643878577,13557.97290720002
539,train,0.00911729148751617,0.00911729148751617,0.0,0.0,0.015780970067629276,2.3274338728989057e-06,0.00911729148751617,0.05367683499243181,0.09548450914947497,0.0005,1.0728448055825144,13584.620152700023
540,train,0.008239913795059348,0.008239913795059348,0.0,0.0,0.01654091104865074,2.209214787124541e-06,0.008239913795059348,0.05161793837323785,0.09077397091159639,0.0005,0.9577669031777472,13611.37970650001
541,train,0.007947741106298326,0.007947741106298326,0.0,0.0,0.01462373961606678,2.272109042060724e-06,0.007947741106298326,0.05085039310297876,0.08915010435382746,0.0005,0.8366764792293873,13637.09359580002
542,train,0.00853030440898092,0.00853030440898092,0.0,0.0,0.014897224528469005,2.36678152236462e-06,0.00853030440898092,0.05267024537337555,0.09235964708129259,0.0005,1.0081987347242967,13662.805782400013
543,train,0.007875602288193066,0.007875602288193066,0.0,0.0,0.014513770944245582,2.3163285135833234e-06,0.007875602288193066,0.05091668903687091,0.08874459019113821,0.0005,0.7831082540862965,13688.956507000024
544,train,0.0077473026551092075,0.0077473026551092075,0.0,0.0,0.014942766553810183,2.293729575851686e-06,0.0077473026551092075,0.050399081495080905,0.08801876308554447,0.0005,0.9553279910447463,13714.59824620001
545,train,0.008724454327740152,0.008724454327740152,0.0,0.0,0.014950718098091629,2.3161267559119567e-06,0.008724454327740152,0.052575932219975974,0.09340478749903643,0.0005,0.997242678167685,13741.962298700004
546,train,0.008575936078567842,0.008575936078567842,0.0,0.0,0.015688142791952728,2.3419586062478835e-06,0.008575936078567842,0.05232351977588995,0.09260635009851022,0.0005,0.934350516155081,13768.19508970002
547,train,0.008092909549565583,0.008092909549565583,0.0,0.0,0.014505205166367989,2.2780789738633003e-06,0.008092909549565583,0.05061629220386439,0.08996059998446866,0.0005,0.7904343897441648,13794.920910800021
548,train,0.007845525824731732,0.007845525824731732,0.0,0.0,0.014924007011050323,2.2482041664639013e-06,0.007845525824731732,0.05026510147518425,0.08857497290279988,0.0005,0.8556848072780753,13821.573216400022
549,train,0.007813879704451025,0.007813879704451025,0.0,0.0,0.015995850312119385,2.3480510688661424e-06,0.007813879704451025,0.05098885997497249,0.08839615209075011,0.0005,0.9127241347758275,13848.510566800018
550,train,0.007863094845516517,0.007863094845516517,0.0,0.0,0.014860459515508616,2.332183449429719e-06,0.007863094845516517,0.050549165720014645,0.08867409342934675,0.0005,0.8054700460074082,13876.541841800004
551,train,0.007182463810104824,0.007182463810104824,0.0,0.0,0.014781074194272733,2.303328775475543e-06,0.007182463810104824,0.04820830466506897,0.08474941775673049,0.0005,0.6585171664098524,13906.719836200005
552,train,0.008149355621750355,0.008149355621750355,0.0,0.0,0.014215633800288415,2.2539037767067917e-06,0.008149355621750355,0.05161322863631935,0.09027378147474689,0.0005,0.9454491751373939,13933.495763300016
553,train,0.008110153740837529,0.008110153740837529,0.0,0.0,0.015429375745918392,2.296721933542461e-06,0.008110153740837529,0.050739067015325975,0.09005639200432987,0.0005,0.9225007070685333,13960.896984500025
554,train,0.007896028587980119,0.007896028587980119,0.0,0.0,0.01438162930942369,2.357577412387297e-06,0.007896028587980119,0.050937401970743014,0.08885960042662874,0.0005,0.8554892157608608,13987.304402000009
555,train,0.008263668250549253,0.008263668250549253,0.0,0.0,0.0140812398584665,2.370308744451355e-06,0.008263668250549253,0.051966798409187,0.09090472072752467,0.0005,1.0903526375878532,14014.254287000018
556,train,0.00802769679720305,0.00802769679720305,0.0,0.0,0.014724979423127085,2.24338729805033e-06,0.00802769679720305,0.05102371086700346,0.08959741512567787,0.0005,0.9725810891052462,14040.94641070001
557,train,0.008123069876057584,0.008123069876057584,0.0,0.0,0.014847526397064046,2.245817566565062e-06,0.008123069876057584,0.05220387194411092,0.09012807484939188,0.0005,0.9287657450954869,14068.45765310002
558,train,0.007280673142640638,0.007280673142640638,0.0,0.0,0.015324253378049383,2.3720766927548333e-06,0.007280673142640638,0.04916993471670825,0.0853268606163419,0.0005,0.8691394666455826,14095.136838200007
559,train,0.008249558737245609,0.008249558737245609,0.0,0.0,0.014757661324626994,2.3726870366309016e-06,0.008249558737245609,0.05171473092346822,0.09082708151892589,0.0005,1.080592564816745,14121.168095100002
560,train,0.007830085188669608,0.007830085188669608,0.0,0.0,0.014561502913118533,2.2822483399651454e-06,0.007830085188669608,0.051249861776090734,0.08848776858227135,0.0005,0.8365378767814277,14148.193712000008
561,train,0.008541491854380441,0.008541491854380441,0.0,0.0,0.014294281619477947,2.433063235363285e-06,0.008541491854380441,0.05217976579794064,0.0924201918109914,0.0005,1.0259071425446924,14175.03334580001
562,train,0.007815364993013715,0.007815364993013715,0.0,0.0,0.014181710885099645,2.2635326679006057e-06,0.007815364993013715,0.050569836334940395,0.08840455301065503,0.0005,0.9304300819365483,14201.45336470002
563,train,0.007830035718424765,0.007830035718424765,0.0,0.0,0.014915250733775913,2.2798417612133527e-06,0.007830035718424765,0.05025051255306264,0.08848748905028758,0.0005,0.9427970940212034,14228.328882000002
564,train,0.007809104223846557,0.007809104223846557,0.0,0.0,0.013990797067307076,2.285881764863624e-06,0.007809104223846557,0.05058752663943143,0.08836913614971324,0.0005,0.95366052749022,14254.967631600011
565,train,0.0077590462334485915,0.0077590462334485915,0.0,0.0,0.015072903947307254,2.3048465784154787e-06,0.0077590462334485915,0.050137106998700554,0.08808544847730862,0.0005,0.8797181369561069,14287.938665499998
566,train,0.0076833713230954805,0.0076833713230954805,0.0,0.0,0.014226686455449968,2.3834287589433756e-06,0.0076833713230954805,0.049641999370365765,0.08765484198317558,0.0005,0.8974355456401717,14313.749407900003
567,train,0.007992848419344913,0.007992848419344913,0.0,0.0,0.013818673736784817,2.36673319687845e-06,0.007992848419344913,0.0513069553933335,0.08940273161008512,0.0005,0.9355762196037004,14342.186146699998
568,train,0.007428686294341155,0.007428686294341155,0.0,0.0,0.013609784497123844,2.4173542734165238e-06,0.007428686294341155,0.04916625640899787,0.08618982709311555,0.0005,0.7698025430710811,14369.156069300021
569,train,0.007577060451258833,0.007577060451258833,0.0,0.0,0.014398865805903696,2.266649332495773e-06,0.007577060451258833,0.049284354521769956,0.08704631210602108,0.0005,0.89183224512721,14395.861691600003
570,train,0.007654935528207372,0.007654935528207372,0.0,0.0,0.013182929804864919,2.2745881294196017e-06,0.007654935528207372,0.0504028486896236,0.0874924884101908,0.0005,0.801107479997401,14421.636075000017
571,train,0.007887334122779923,0.007887334122779923,0.0,0.0,0.014709378258799607,2.3241117440124554e-06,0.007887334122779923,0.05073612002163845,0.08881066446536656,0.0005,1.0179773749045606,14446.657366800006
572,train,0.007535706934319229,0.007535706934319229,0.0,0.0,0.014115075176616884,2.433892096066628e-06,0.007535706934319229,0.050017095322035375,0.08680844967121132,0.0005,0.8668372085634267,14472.058453000005
573,train,0.007722407575035829,0.007722407575035829,0.0,0.0,0.01425758552438808,2.287307037442828e-06,0.007722407575035829,0.04930062856665758,0.08787723012837756,0.0005,0.8299266982753322,14496.379922799999
574,train,0.00773948296965792,0.00773948296965792,0.0,0.0,0.013936199599279548,2.3738107495104623e-06,0.00773948296965792,0.051174054881733544,0.08797433131122918,0.0005,0.9487061000095224,14521.50622890002
575,train,0.007710326009932171,0.007710326009932171,0.0,0.0,0.01416501935290278,2.2960778954617332e-06,0.007710326009932171,0.05061041564803643,0.08780846206335795,0.0005,0.8596242947398491,14545.142709900014
576,train,0.007754415455812429,0.007754415455812429,0.0,0.0,0.014887735528765985,2.3367113816727035e-06,0.007754415455812429,0.05131281344044321,0.08805915884115877,0.0005,0.848391738702666,14569.699802200019
577,train,0.00748589554757516,0.00748589554757516,0.0,0.0,0.0145882244204294,2.3746131147455123e-06,0.00748589554757516,0.04888163461033607,0.08652106996318966,0.0005,0.8065741458591426,14594.915527100005
578,train,0.007607448443171584,0.007607448443171584,0.0,0.0,0.014605229439319304,2.380206953328628e-06,0.007607448443171584,0.04967410317885708,0.08722068816038764,0.0005,0.8327733241724518,14620.07000930002
579,train,0.007289002320132294,0.007289002320132294,0.0,0.0,0.014246092968673076,2.2698500910302996e-06,0.007289002320132294,0.04947011061364187,0.0853756541417534,0.0005,0.9685298682383772,14644.190242900018
580,train,0.008268329278432228,0.008268329278432228,0.0,0.0,0.013910445613118837,2.3078787651100803e-06,0.008268329278432228,0.05202536347128874,0.09093035399926819,0.0005,1.0285912071758847,14667.956508000003
581,train,0.007039504035766991,0.007039504035766991,0.0,0.0,0.014227046227117754,2.3200430658382074e-06,0.007039504035766991,0.04805487348030339,0.08390175228067047,0.0005,0.772606446214442,14691.69540560001
582,train,0.007688278930518723,0.007688278930518723,0.0,0.0,0.013193973849685688,2.414794071571449e-06,0.007688278930518723,0.05052192757644179,0.08768283144674745,0.0005,0.9223812762296425,14717.359140800021
583,train,0.008190914159195874,0.008190914159195874,0.0,0.0,0.01438560841148192,2.3242100295012177e-06,0.008190914159195874,0.0518107524405251,0.09050366931343654,0.0005,1.1189450970235861,14742.581720100017
584,train,0.007636237940693359,0.007636237940693359,0.0,0.0,0.013755138594446317,2.3325884727318276e-06,0.007636237940693359,0.049436222928804625,0.08738557055197019,0.0005,0.705782321264159,14767.567101000022
585,train,0.007780119429346841,0.007780119429346841,0.0,0.0,0.014432013192969674,2.379862149729957e-06,0.007780119429346841,0.05047434810373299,0.08820498528624582,0.0005,inf,14791.685353700013
586,train,0.007808222614629863,0.007808222614629863,0.0,0.0,0.014151661059344714,2.2748526486604945e-06,0.007808222614629863,0.0512566408616895,0.0883641477898693,0.0005,1.1057151581318874,14816.540914600017
587,train,0.00744952672428313,0.00744952672428313,0.0,0.0,0.013893476195352257,2.2984769151113348e-06,0.00744952672428313,0.04975375459476744,0.08631064085200114,0.0005,0.7937039285898209,14841.430688699998
588,train,0.008491334810241825,0.008491334810241825,0.0,0.0,0.013695468880095572,2.4049842595730915e-06,0.008491334810241825,0.05159323318808709,0.09214843900057029,0.0005,1.0238077657402687,14865.946991000004
589,train,0.007719018553792201,0.007719018553792201,0.0,0.0,0.013197102496084178,2.2773149489780133e-06,0.007719018553792201,0.05041384144492869,0.08785794530827705,0.0005,0.9591464183802875,14890.02077220002
590,train,0.0075204506507395965,0.0075204506507395965,0.0,0.0,0.012704870145205618,2.359800961765462e-06,0.0075204506507395965,0.04930175779703652,0.08672053188685824,0.0005,0.8233039845835488,14914.0722772
591,train,0.007246738142511841,0.007246738142511841,0.0,0.0,0.013524073325449004,2.403028133812768e-06,0.007246738142511841,0.04919190400649074,0.08512777538801211,0.0005,0.8070978617893075,14938.01239780002
592,train,0.00750703811186985,0.00750703811186985,0.0,0.0,0.013240227001315018,2.2615443194294095e-06,0.00750703811186985,0.05024691986464806,0.08664316540772186,0.0005,0.8588836024392326,14961.761089600011
593,train,0.007769614488794138,0.007769614488794138,0.0,0.0,0.01331411223015133,2.2566450516538715e-06,0.007769614488794138,0.05000162710488405,0.08814541672029316,0.0005,0.8621858403367816,14985.761178100016
594,train,0.008211442134662954,0.008211442134662954,0.0,0.0,0.014011315509395779,2.3004365415682464e-06,0.008211442134662954,0.05016151077975079,0.09061700797677527,0.0005,1.0134066197107423,15010.580762099999
595,train,0.00737856768913466,0.00737856768913466,0.0,0.0,0.013841006957556842,2.2584312670726334e-06,0.00737856768913466,0.0490232717790553,0.0858985895642918,0.0005,0.8953351569625566,15034.231806199998
596,train,0.007997731580305626,0.007997731580305626,0.0,0.0,0.014402640632019853,2.331154864547881e-06,0.007997731580305626,0.05110724459419835,0.08943003734934715,0.0005,0.939939353825911,15059.165924500005
597,train,0.0071090564182874376,0.0071090564182874376,0.0,0.0,0.013998466596569656,2.2561201273485906e-06,0.0071090564182874376,0.04925255879127191,0.08431522056122155,0.0005,0.8245245311057793,15083.911095999996
598,train,0.007042232854532041,0.007042232854532041,0.0,0.0,0.013819732509975164,2.3597449356048117e-06,0.007042232854532041,0.048692860213582816,0.08391801269412927,0.0005,0.8143290843603745,15108.545623300015
599,train,0.0072986765044402505,0.0072986765044402505,0.0,0.0,0.013878160788906071,2.2826445514648135e-06,0.0072986765044402505,0.04938239442922598,0.08543229193016098,0.0005,0.9235502723252998,15132.79899520002
600,train,0.006790687877850668,0.006790687877850668,0.0,0.0,0.013851595181479768,2.341996504720504e-06,0.006790687877850668,0.04723109676028199,0.08240563013441903,0.0005,0.7882615552758271,15156.98444270002
601,train,0.0075752280118357935,0.0075752280118357935,0.0,0.0,0.013391496622407774,2.329297388932214e-06,0.0075752280118357935,0.05103485611495825,0.08703578581156025,0.0005,1.0661156531774774,15181.574247400014
602,train,0.007600025463631577,0.007600025463631577,0.0,0.0,0.014468081629360622,2.3254180765640207e-06,0.007600025463631577,0.05010560656774718,0.08717812491463428,0.0005,0.7437711065670229,15205.920581400016
603,train,0.007549025060520847,0.007549025060520847,0.0,0.0,0.013696826713265112,2.29875345941661e-06,0.007549025060520847,0.05066824185328102,0.08688512565750738,0.0005,0.8692461409658756,15229.865084600024
604,train,0.007417925834141776,0.007417925834141776,0.0,0.0,0.013594671205248474,2.314537576943244e-06,0.007417925834141776,0.04885116863363196,0.08612738144249932,0.0005,0.7826983953984279,15254.597729300003
605,train,0.0077078287799352265,0.0077078287799352265,0.0,0.0,0.01391360942133755,2.2570761049517488e-06,0.0077078287799352265,0.04942122390757333,0.08779424115473193,0.0005,0.9072565531955575,15279.062880900019
606,train,0.007141196604397751,0.007141196604397751,0.0,0.0,0.013319090834625487,2.2901529922270335e-06,0.007141196604397751,0.048056781007293256,0.08450560102382416,0.0005,0.8489886415454576,15304.308952100022
607,train,0.007138303190210003,0.007138303190210003,0.0,0.0,0.013594886024464976,2.196443836270054e-06,0.007138303190210003,0.04789093596298458,0.08448847963012474,0.0005,0.8469938143806638,15328.249069800018
608,train,0.006873596990401395,0.006873596990401395,0.0,0.0,0.014031036844793355,2.303529649392624e-06,0.006873596990401395,0.04786187246846001,0.08290715886098977,0.0005,0.8294222894704567,15352.731832400023
609,train,0.007037669207221492,0.007037669207221492,0.0,0.0,0.01370775831406409,2.2741525393733887e-06,0.007037669207221492,0.049266543056605,0.08389081718055613,0.0005,0.923837643468155,15378.572894600016
610,train,0.008163712043982361,0.008163712043982361,0.0,0.0,0.014227101069716912,2.2724436374393817e-06,0.008163712043982361,0.052244086962474394,0.09035326249772258,0.0005,1.099574771692168,15403.500114099996
611,train,0.006869053997509596,0.006869053997509596,0.0,0.0,0.01317320382749697,2.3173508435440524e-06,0.006869053997509596,0.04709276920535934,0.0828797562587487,0.0005,0.6773537445180821,15429.203478600015
612,train,0.0073269793758402755,0.0073269793758402755,0.0,0.0,0.013392634145072047,2.339323538402617e-06,0.0073269793758402755,0.04781137565678022,0.08559777669916593,0.0005,0.7777909802378349,15454.142475600005
613,train,0.007119887862434141,0.007119887862434141,0.0,0.0,0.013754809222553135,2.3631156988624255e-06,0.007119887862434141,0.04753359174355863,0.08437942795749531,0.0005,0.7992725535383765,15479.05281590001
614,train,0.007476234400595753,0.007476234400595753,0.0,0.0,0.013583970168289149,2.339160614438989e-06,0.007476234400595753,0.0496993510087706,0.08646522075722558,0.0005,0.8816994057511384,15504.514659100008
615,train,0.006829137282151144,0.006829137282151144,0.0,0.0,0.013143984073737883,2.43357404963048e-06,0.006829137282151144,0.048036967615930806,0.08263859438634677,0.0005,0.7552543231901133,15528.981254700018
616,train,0.006229887307254445,0.006229887307254445,0.0,0.0,0.013170914689324936,2.405899796837541e-06,0.006229887307254445,0.045832567092663846,0.07892963516483809,0.0005,0.720633123280867,15554.462236000021
617,train,0.006805903369254422,0.006805903369254422,0.0,0.0,0.013398828336371566,2.3479427960959377e-06,0.006805903369254422,0.04755454180973037,0.08249789918085443,0.0005,0.8248226040939115,15580.277583100018
618,train,0.007061569135778042,0.007061569135778042,0.0,0.0,0.012954023772112603,2.3231829504337205e-06,0.007061569135778042,0.04834382898121511,0.08403314307925203,0.0005,0.7472961477513583,15604.70136050001
619,train,0.007269104463468361,0.007269104463468361,0.0,0.0,0.013648946593814302,2.3478728894159125e-06,0.007269104463468361,0.048539430768457494,0.085259043294353,0.0005,0.9909422706882909,15629.413779800001
620,train,0.006699967224171215,0.006699967224171215,0.0,0.0,0.013266244200321863,2.3778112692079445e-06,0.006699967224171215,0.04766144629321853,0.08185332750824009,0.0005,0.6531770831009127,15654.657781300019
621,train,0.007104053894562519,0.007104053894562519,0.0,0.0,0.012932762310330598,2.368636949472173e-06,0.007104053894562519,0.04875460490760096,0.08428554973755892,0.0005,0.9172406044771086,15679.503053200024
622,train,0.0068222085661751785,0.0068222085661751785,0.0,0.0,0.012894656597021615,2.315299192954592e-06,0.0068222085661751785,0.04701247250942408,0.08259666195540337,0.0005,0.7690141392203996,15704.192718000006
623,train,0.006772200381176004,0.006772200381176004,0.0,0.0,0.013359428541559094,2.3191116703324127e-06,0.006772200381176004,0.04767109918636533,0.08229337993530222,0.0005,0.7788426302513987,15728.572581300017
624,train,0.00729222977459804,0.00729222977459804,0.0,0.0,0.013299070702830576,2.2537896501369617e-06,0.00729222977459804,0.04966027349110623,0.08539455354176893,0.0005,1.0047029301805317,15752.608300200023
625,train,0.007112463554324866,0.007112463554324866,0.0,0.0,0.013272777735694961,2.2404310005374597e-06,0.007112463554324866,0.0491945930405186,0.08433542289171772,0.0005,0.8985503746091195,15776.520577200019
626,train,0.006651406222892615,0.006651406222892615,0.0,0.0,0.013640402745947524,2.373736078708426e-06,0.006651406222892615,0.04691883894737879,0.08155615380149199,0.0005,0.7356734987137452,15802.413161300006
627,train,0.007067731186180028,0.007067731186180028,0.0,0.0,0.012884541449822345,2.36289916404719e-06,0.007067731186180028,0.0488678824191667,0.08406979948935306,0.0005,0.8224545857816372,15826.3679022
628,train,0.007189477164323554,0.007189477164323554,0.0,0.0,0.013748302159584919,2.330187260856789e-06,0.007189477164323554,0.048322162534690134,0.08479078466628052,0.0005,0.7539941730364313,15851.505830300011
629,train,0.0071073066257599325,0.0071073066257599325,0.0,0.0,0.013602159390190863,2.26706778800501e-06,0.0071073066257599325,0.04910502754643842,0.0843048434300185,0.0005,inf,15877.029072200006
630,train,0.006451184050147622,0.006451184050147622,0.0,0.0,0.013646677013416335,2.388069758109061e-06,0.006451184050147622,0.04599990725060399,0.08031926325700219,0.0005,0.6783279290176788,15901.424426700018
631,train,0.006651816621881567,0.006651816621881567,0.0,0.0,0.012726748309467198,2.4044210892995735e-06,0.006651816621881567,0.04715322063146334,0.0815586698143218,0.0005,0.8100059291101852,15925.817700500018
632,train,0.006554968398947649,0.006554968398947649,0.0,0.0,0.013044319959041083,2.269222310167366e-06,0.006554968398947649,0.046836712701632734,0.08096275933382982,0.0005,0.7848386764526367,15949.86129880001
633,train,0.006506760333142221,0.006506760333142221,0.0,0.0,0.013360189660540167,2.3362039930258825e-06,0.006506760333142221,0.04657410235267202,0.0806644923937554,0.0005,0.739556814983206,15973.81295230001
634,train,0.0065832493212820845,0.0065832493212820845,0.0,0.0,0.01298638779388846,2.3333342927078363e-06,0.0065832493212820845,0.04751082493414014,0.08113722525007917,0.0005,0.7956205032906443,16000.251352000021
635,train,0.006422932186203224,0.006422932186203224,0.0,0.0,0.012762800983662875,2.2629667884482943e-06,0.006422932186203224,0.046925099619295245,0.08014319800334414,0.0005,0.7452739167888209,16024.664485900023
636,train,0.006098453364956065,0.006098453364956065,0.0,0.0,0.012702557135303065,2.2702832528972615e-06,0.006098453364956065,0.045448787253842056,0.07809259481510436,0.0005,0.6349478012548303,16049.1113395
637,train,0.006258891115073808,0.006258891115073808,0.0,0.0,0.013078751587221082,2.4181358918762065e-06,0.006258891115073808,0.045106767460633565,0.07911315386883402,0.0005,0.662727304927583,16073.264054700005
638,train,0.006483513265712251,0.006483513265712251,0.0,0.0,0.013706825146416449,2.2892792573983108e-06,0.006483513265712251,0.045598617809350185,0.08052026618008817,0.0005,0.7197479029309075,16098.270824700012
639,train,0.0066168675102572985,0.0066168675102572985,0.0,0.0,0.013613651541747013,2.3801848208608617e-06,0.0066168675102572985,0.04714082108353669,0.08134413015244123,0.0005,0.8289291881165415,16122.351531699998
640,train,0.006864505999459103,0.006864505999459103,0.0,0.0,0.013955997777575592,2.3321439486161977e-06,0.006864505999459103,0.04684913517590964,0.08285231438806706,0.0005,0.7449388633359153,16147.71573570001
641,train,0.006526137190337737,0.006526137190337737,0.0,0.0,0.013379203665228386,2.3511430505473158e-06,0.006526137190337737,0.046061487682163726,0.08078451083182801,0.0005,0.6945094618032563,16172.6736562
642,train,0.006573165207085384,0.006573165207085384,0.0,0.0,0.013351463519458501,2.3870832373571794e-06,0.006573165207085384,0.046829599369633594,0.08107505909393704,0.0005,0.7780307551037591,16197.81001440002
643,train,0.006591271227347843,0.006591271227347843,0.0,0.0,0.01330120814085569,2.3047639388096286e-06,0.006591271227347843,0.04699034787327896,0.08118664439024342,0.0005,0.7889672188826327,16222.20172870002
644,train,0.006657876946220947,0.006657876946220947,0.0,0.0,0.01263773740040806,2.336729414979208e-06,0.006657876946220947,0.047544924804132506,0.08159581451410941,0.0005,0.7457836990086537,16246.34047580001
645,train,0.006291487556484084,0.006291487556484084,0.0,0.0,0.012731374311700181,2.34376002352738e-06,0.006291487556484084,0.046394126291193494,0.07931889785217697,0.0005,0.6655497950203014,16269.965956300002
646,train,0.00647787559758416,0.00647787559758416,0.0,0.0,0.0130484317042777,2.268647831271047e-06,0.00647787559758416,0.04651999539818685,0.08048525080773596,0.0005,0.8167364507351281,16294.3225371
647,train,0.006087844324985164,0.006087844324985164,0.0,0.0,0.012875452382876625,2.4229415245981556e-06,0.006087844324985164,0.04563404539477011,0.07802463921727011,0.0005,0.6649136242439162,16318.79320830002
648,train,0.0064117770218526495,0.0064117770218526495,0.0,0.0,0.012940745238425597,2.2775304949322645e-06,0.0064117770218526495,0.04708972781510005,0.080073572555823,0.0005,0.9201358731062907,16343.732085800002
649,train,0.0063940103749117495,0.0063940103749117495,0.0,0.0,0.01393061020534556,2.3795545946584e-06,0.0063940103749117495,0.04687947530896878,0.07996255608040397,0.0005,0.7894707749474723,16368.303292800003
650,train,0.006093195001634536,0.006093195001634536,0.0,0.0,0.013317342302849833,2.2725035182273408e-06,0.006093195001634536,0.04545201789060573,0.07805892006449063,0.0005,0.7284348039132245,16392.8104053
651,train,0.0065958459774676905,0.0065958459774676905,0.0,0.0,0.013739094296294564,2.3749893581174e-06,0.0065958459774676905,0.04672975556503208,0.08121481378090878,0.0005,0.8107026657968197,16416.742905799998
652,train,0.007149053117506622,0.007149053117506622,0.0,0.0,0.013354291418953886,2.3114038979330424e-06,0.007149053117506622,0.05003428796376541,0.08455207340749618,0.0005,1.0077166782235198,16440.96116960002
653,train,0.0064596405872986715,0.0064596405872986715,0.0,0.0,0.013504175574712033,2.3942118461045026e-06,0.0064596405872986715,0.04720294249577905,0.08037188928536315,0.0005,0.7220761829389716,16465.35178160001
654,train,0.006685167819194007,0.006685167819194007,0.0,0.0,0.014197020141302415,2.309076033373647e-06,0.006685167819194007,0.04662600737240798,0.08176287555604932,0.0005,0.8228948636437362,16489.218444
655,train,0.006478363837794739,0.006478363837794739,0.0,0.0,0.013390062341712555,2.3545854515279367e-06,0.006478363837794739,0.04589190944010077,0.0804882838542029,0.0005,0.73786084297693,16513.759096000023
656,train,0.00700746362419763,0.00700746362419763,0.0,0.0,0.013517629407908557,2.2860783637265997e-06,0.00700746362419763,0.04841367945356189,0.08371059445612383,0.0005,0.8478601586143926,16537.513203600014
657,train,0.0060045991618162065,0.0060045991618162065,0.0,0.0,0.012472623326587226,2.3001334588939847e-06,0.0060045991618162065,0.044849588009440944,0.07748934869913546,0.0005,0.7583801313391272,16561.968681800005
658,train,0.006555403074313323,0.006555403074313323,0.0,0.0,0.013791878707706928,2.3353134153848998e-06,0.006555403074313323,0.04593382426449713,0.0809654437047888,0.0005,0.7777422644057363,16586.938026800024
659,train,0.00715909337168856,0.00715909337168856,0.0,0.0,0.014413321707046256,2.300636388013718e-06,0.00715909337168856,0.04836311273909402,0.08461142577506042,0.0005,0.8920504591375027,16611.386752599996
660,train,0.006363665313208154,0.006363665313208154,0.0,0.0,0.013704759508090199,2.298804657104209e-06,0.006363665313208154,0.046977149271669814,0.07977258497258412,0.0005,0.8928319243889935,16635.5319877
661,train,0.006055711665441161,0.006055711665441161,0.0,0.0,0.013153883646119316,2.2801556098166435e-06,0.006055711665441161,0.044587402304036974,0.07781845324498014,0.0005,0.6078563973588763,16660.125165400008
662,train,0.006390549357031048,0.006390549357031048,0.0,0.0,0.014195958046980624,2.3301006507917577e-06,0.006390549357031048,0.04560611199517292,0.07994091165999452,0.0005,0.7335844953667443,16684.177524
663,train,0.0061249109096402285,0.0061249109096402285,0.0,0.0,0.013803167268633842,2.29560565535308e-06,0.0061249109096402285,0.04605998770632552,0.07826181003299265,0.0005,0.7319271266460419,16707.716466100013
664,train,0.00636290830475188,0.00636290830475188,0.0,0.0,0.01328107596919784,2.2833659309157463e-06,0.00636290830475188,0.04630444752368723,0.07976784004065723,0.0005,0.7366102900145188,16730.761820200016
665,train,0.005995580903652569,0.005995580903652569,0.0,0.0,0.013535910356297807,2.2251571610193524e-06,0.005995580903652569,0.045033364365193645,0.07743113652564174,0.0005,0.6909028390106166,16754.5614564
666,train,0.0062501006945720585,0.0062501006945720585,0.0,0.0,0.013368144894967664,2.2518688295023374e-06,0.0062501006945720585,0.045813260810836316,0.07905757835003586,0.0005,0.7373299098239755,16778.33034680001
667,train,0.006342751142623251,0.006342751142623251,0.0,0.0,0.013413185288883606,2.309931091385463e-06,0.006342751142623251,0.0455570318490126,0.0796413908883016,0.0005,0.8277239448057031,16802.53609800001
668,train,0.00626176641270368,0.00626176641270368,0.0,0.0,0.01379269505587389,2.3703203834094963e-06,0.00626176641270368,0.045140163871934126,0.0791313238402068,0.0005,0.7755287517354174,16826.826042300003
669,train,0.006698300033915658,0.006698300033915658,0.0,0.0,0.013382365681090445,2.4135442950040976e-06,0.006698300033915658,0.047017264612159645,0.08184314286435766,0.0005,0.8788099016221065,16851.82854820002
670,train,0.006477424835439997,0.006477424835439997,0.0,0.0,0.013253094716313875,2.369405918662384e-06,0.006477424835439997,0.04540123586138745,0.08048245048108313,0.0005,0.8079978120776842,16877.052526400017
671,train,0.006254683781518461,0.006254683781518461,0.0,0.0,0.013129446251353002,2.356846137891413e-06,0.006254683781518461,0.044778425173552794,0.07908655879173439,0.0005,inf,16901.332100900006
672,train,0.006402951946719835,0.006402951946719835,0.0,0.0,0.012796200390131969,2.367313158483396e-06,0.006402951946719835,0.04616128301142521,0.08001844754005064,0.0005,0.910223309723836,16926.503575700015
673,train,0.006279956918846233,0.006279956918846233,0.0,0.0,0.01317876011554925,2.2717927373927317e-06,0.006279956918846233,0.045988994385203666,0.07924617920661055,0.0005,0.7700571738324076,16950.68415070002
674,train,0.00609151685720514,0.00609151685720514,0.0,0.0,0.012731917123398129,2.3057243158789034e-06,0.00609151685720514,0.04563477129130713,0.07804817010798613,0.0005,0.7429784019038362,16975.733090299997
675,train,0.006554145111898973,0.006554145111898973,0.0,0.0,0.012874478351254508,2.3265910630350775e-06,0.006554145111898973,0.04657441535349584,0.08095767481776495,0.0005,0.9907916601536408,16999.648257100023
676,train,0.007074564505730347,0.007074564505730347,0.0,0.0,0.013470556516692324,2.367328679954297e-06,0.007074564505730347,0.047508332418840164,0.08411043042173989,0.0005,0.9337053675696535,17023.457638300024
677,train,0.005912287153828316,0.005912287153828316,0.0,0.0,0.012416407817377234,2.3293546742282176e-06,0.005912287153828316,0.045361270722142355,0.07689139843850101,0.0005,0.6494761803802455,17047.815990000003
678,train,0.006421400095146141,0.006421400095146141,0.0,0.0,0.01284264001714171,2.402299369007452e-06,0.006421400095146141,0.045949182144524356,0.08013363897356802,0.0005,0.7196247763228867,17071.9852464
679,train,0.006183954911102775,0.006183954911102775,0.0,0.0,0.012508521770250122,2.383302853988151e-06,0.006183954911102775,0.045579434113295854,0.07863812631988872,0.0005,0.7590961996114479,17096.470498500013
680,train,0.006066544416754834,0.006066544416754834,0.0,0.0,0.012968388632080465,2.3295520474487105e-06,0.006066544416754834,0.04510413184234837,0.07788802486104544,0.0005,0.7802339702282312,17121.221379299997
681,train,0.005855535289920911,0.005855535289920911,0.0,0.0,0.013642941619146545,2.3055320800164546e-06,0.005855535289920911,0.04423193676256626,0.07652146947047549,0.0005,0.6674047596049759,17146.236664099997
682,train,0.005794485518784331,0.005794485518784331,0.0,0.0,0.012599053037054133,2.264606049686576e-06,0.005794485518784331,0.0438969330387717,0.07612151810614612,0.0005,0.7628992149290049,17170.4378782
683,train,0.006580188421928984,0.006580188421928984,0.0,0.0,0.012991841390447796,2.3754429235541807e-06,0.006580188421928984,0.046198623100260516,0.08111836057224643,0.0005,0.7987733252768247,17195.135331900005
684,train,0.006074507790295032,0.006074507790295032,0.0,0.0,0.013426293249962465,2.3438402092135632e-06,0.006074507790295032,0.04507069498089686,0.07793912874990991,0.0005,0.6637703433351697,17219.858490200015
685,train,0.0062178902765326885,0.0062178902765326885,0.0,0.0,0.012527708034470396,2.2947066005350657e-06,0.0062178902765326885,0.04521597613457519,0.07885360027628852,0.0005,0.8029762911346724,17244.3704323
686,train,0.005870301010131613,0.005870301010131613,0.0,0.0,0.013344021795212099,2.324206979261911e-06,0.005870301010131613,0.044682413253511466,0.07661788962201721,0.0005,0.7421266754280846,17268.817617300025
687,train,0.006600454703268796,0.006600454703268796,0.0,0.0,0.014096543720027185,2.408579399892709e-06,0.006600454703268796,0.04734696198852276,0.08124318250332636,0.0005,0.9383159302315622,17292.832988400012
688,train,0.00651615156740898,0.00651615156740898,0.0,0.0,0.013648871771710099,2.3452746432358595e-06,0.00651615156740898,0.046641219785120695,0.08072268310338167,0.0005,0.7351945846710565,17318.4255671
689,train,0.0067554347758043585,0.0067554347758043585,0.0,0.0,0.013874283411873961,2.2827062726925228e-06,0.0067554347758043585,0.04678953937606288,0.08219145196311085,0.0005,0.885350653304244,17343.743055400002
690,train,0.006575795292457838,0.006575795292457838,0.0,0.0,0.013100298314864905,2.32636812529134e-06,0.006575795292457838,0.04687333256709127,0.08109127753622974,0.0005,0.7578033012039257,17368.53719620002
691,train,0.006588376840508711,0.006588376840508711,0.0,0.0,0.013402762980955952,2.360326711909092e-06,0.006588376840508711,0.046954746106815215,0.081168816921948,0.0005,0.9459766323836345,17393.917863500013
692,train,0.006644585041431124,0.006644585041431124,0.0,0.0,0.013326417602036358,2.4329050626514594e-06,0.006644585041431124,0.04696941451028974,0.0815143241487723,0.0005,0.9335348108467066,17418.838855500013
693,train,0.0062637785621638695,0.0062637785621638695,0.0,0.0,0.013560007036364865,2.3891982050801468e-06,0.0062637785621638695,0.04542476094837459,0.0791440368073544,0.0005,0.6625983653203497,17443.127772900014
694,train,0.006159012790618053,0.006159012790618053,0.0,0.0,0.01300085831503823,2.340670557971879e-06,0.006159012790618053,0.04431653566974796,0.07847937812328824,0.0005,0.7849369220576197,17467.217752099998
695,train,0.006383446647463265,0.006383446647463265,0.0,0.0,0.013060045815160815,2.309019629686894e-06,0.006383446647463265,0.046329306424507555,0.07989647456216867,0.0005,0.899435689426818,17490.60113960001
696,train,0.0059369136495043455,0.0059369136495043455,0.0,0.0,0.012331368401646614,2.2370688131284724e-06,0.0059369136495043455,0.044304275772762754,0.07705137019874693,0.0005,0.665517861550709,17514.78078240002
697,train,0.006108921741940992,0.006108921741940992,0.0,0.0,0.011826501008263737,2.3020858158283858e-06,0.006108921741940992,0.04453044432426259,0.07815959149036664,0.0005,0.725502443763445,17539.583041000005
698,train,0.006121094637459257,0.006121094637459257,0.0,0.0,0.012587107401692643,2.336291922287239e-06,0.006121094637459257,0.04446811826442771,0.07823742478800831,0.0005,0.7713271345732347,17565.15941230001
699,train,0.006247048108810493,0.006247048108810493,0.0,0.0,0.013091677518666914,2.2928181055729786e-06,0.006247048108810493,0.045907941769878814,0.0790382699001597,0.0005,0.8484971076250076,17590.07549430002
700,train,0.005889606157760904,0.005889606157760904,0.0,0.0,0.01263538352653103,2.316909161599365e-06,0.005889606157760904,0.04396442198194564,0.07674376950450704,0.0005,0.6890414891377935,17614.768553200003
701,train,0.005871537434263099,0.005871537434263099,0.0,0.0,0.012243020532758168,2.2821939697712637e-06,0.005871537434263099,0.04420883183912287,0.07662595796636476,0.0005,0.7866857498884201,17639.228967100004
702,train,0.005804131487052215,0.005804131487052215,0.0,0.0,0.012301119606731073,2.2377444454249136e-06,0.005804131487052215,0.04394010578124027,0.07618485077134571,0.0005,0.7060675789725106,17663.329443000024
703,train,0.006505801816037658,0.006505801816037658,0.0,0.0,0.011738903451500074,2.3603032774052786e-06,0.006505801816037658,0.04530786460019505,0.08065855079306632,0.0005,0.8063171517174199,17688.29339420001
704,train,0.006286322020777042,0.006286322020777042,0.0,0.0,0.012138936914644152,2.310134826778799e-06,0.006286322020777042,0.04610104006451536,0.07928632934356995,0.0005,0.8258603524486974,17713.0818554
705,train,0.006262798615346085,0.006262798615346085,0.0,0.0,0.012355570549602216,2.347651030624616e-06,0.006262798615346085,0.045140490775822474,0.07913784565772615,0.0005,0.7283552769782409,17737.418749400007
706,train,0.005637547757804949,0.005637547757804949,0.0,0.0,0.01219234271150715,2.3625478373980754e-06,0.005637547757804949,0.04341561040261163,0.0750836051199258,0.0005,0.6141340187135732,17762.033420400025
707,train,0.005657260452824391,0.005657260452824391,0.0,0.0,0.011956899277514444,2.2873109564211774e-06,0.005657260452824391,0.04315508984310448,0.0752147622001452,0.0005,0.6082269220419649,17786.49434470001
708,train,0.005788939481066817,0.005788939481066817,0.0,0.0,0.012084504308284453,2.2978124369951985e-06,0.005788939481066817,0.04509554303093058,0.07608508054189611,0.0005,0.8453953626020899,17811.21399420002
709,train,0.005734903587674709,0.005734903587674709,0.0,0.0,0.012314046197131558,2.311685290016681e-06,0.005734903587674709,0.043685639059206215,0.0757291462230673,0.0005,0.7580219051747952,17834.877943
710,train,0.005602364402189128,0.005602364402189128,0.0,0.0,0.011698465618603635,2.2716547880678127e-06,0.005602364402189128,0.04340958937580856,0.07484894389494837,0.0005,0.7424236344841292,17858.15402300001
711,train,0.005741160115082133,0.005741160115082133,0.0,0.0,0.012269614721244236,2.208884970883137e-06,0.005741160115082133,0.04421666074052172,0.07577044354550218,0.0005,0.6350179278063324,17882.70170840001
712,train,0.005747446040351071,0.005747446040351071,0.0,0.0,0.011488292049968018,2.273497372852772e-06,0.005747446040351071,0.04429889381336012,0.07581191225889947,0.0005,0.7832767732863156,17907.0635282
713,train,0.0067091509114450085,0.0067091509114450085,0.0,0.0,0.012170865745195802,2.3518228956918563e-06,0.0067091509114450085,0.04679099568693002,0.0819094067335676,0.0005,0.8976325336492287,17931.17774330001
714,train,0.005566437859327054,0.005566437859327054,0.0,0.0,0.01228612863441121,2.4350896710701526e-06,0.005566437859327054,0.043988308267457026,0.07460856424920033,0.0005,0.5746384926562039,17955.495394700003
715,train,0.006151469551421644,0.006151469551421644,0.0,0.0,0.011882736769346695,2.348267798879533e-06,0.006151469551421644,0.04557436159636192,0.07843130466479341,0.0005,0.744126595135005,17979.939559400023
716,train,0.0055186164860197935,0.0055186164860197935,0.0,0.0,0.012148020455156857,2.2093531997769496e-06,0.0055186164860197935,0.04368602795666962,0.07428739116444859,0.0005,0.660159964325293,18004.962142200005
717,train,0.0060062436421263405,0.0060062436421263405,0.0,0.0,0.012286347679723546,2.3228703416604715e-06,0.0060062436421263405,0.04428737571216979,0.0774999589814494,0.0005,0.8757077050658891,18029.455869600002
718,train,0.0057273628797770895,0.0057273628797770895,0.0,0.0,0.013114271316466466,2.255393743531763e-06,0.0057273628797770895,0.04439878865795316,0.07567934249038565,0.0005,0.7948108146775443,18053.248079200013
719,train,0.00607808377013189,0.00607808377013189,0.0,0.0,0.012143028197142313,2.2560033130503143e-06,0.00607808377013189,0.04612890200355567,0.07796206622538868,0.0005,0.8577750398302978,18077.7859091
720,train,0.005508256856073955,0.005508256856073955,0.0,0.0,0.012174491129182983,2.3318225409107157e-06,0.005508256856073955,0.043163800974956375,0.07421763170617852,0.0005,0.6264454699912161,18102.50399280002
721,train,0.00601255232704373,0.00601255232704373,0.0,0.0,0.012649547449260388,2.360176688183993e-06,0.00601255232704373,0.04477699539659299,0.0775406495139403,0.0005,0.7455481223340304,18128.090686900017
722,train,0.005730713283196136,0.005730713283196136,0.0,0.0,0.012163069907505557,2.3401343872498025e-06,0.005730713283196136,0.04371210660539427,0.07570147477556917,0.0005,0.7791795910529371,18153.21176830001
723,train,0.005491978100566623,0.005491978100566623,0.0,0.0,0.012057769938178782,2.3397389672679295e-06,0.005491978100566623,0.04382127005483885,0.07410788150100246,0.0005,0.6484874683731007,18178.602769999998
724,train,0.005708070202521379,0.005708070202521379,0.0,0.0,0.011942819780055082,2.357287534546488e-06,0.005708070202521379,0.043997649764114966,0.07555177167030154,0.0005,0.6467187514282623,18204.893530200003
725,train,0.005629174719680756,0.005629174719680756,0.0,0.0,0.012238351733617063,2.3070639372235746e-06,0.005629174719680756,0.044063958151371416,0.07502782630251763,0.0005,0.6088334085806361,18229.598082200013
726,train,0.005804616552803671,0.005804616552803671,0.0,0.0,0.012235197598852639,2.3471958220912746e-06,0.005804616552803671,0.04386419156337823,0.0761880341838774,0.0005,0.665489136048083,18254.133699600003
727,train,0.006654000349988325,0.006654000349988325,0.0,0.0,0.013008852269641071,2.1839494897818133e-06,0.006654000349988325,0.04594143702349856,0.08157205618340342,0.0005,0.7238096971556826,18279.236868900014
728,train,0.005874540989233933,0.005874540989233933,0.0,0.0,0.013000292158773486,2.282294033493771e-06,0.005874540989233933,0.04421515395109244,0.07664555426920686,0.0005,0.6722430364703232,18304.233099100005
729,train,0.00570457549131462,0.00570457549131462,0.0,0.0,0.012384173504235048,2.263906182788388e-06,0.00570457549131462,0.04374635881955191,0.0755286402056506,0.0005,0.6841430590962464,18330.27811730001
730,train,0.005698315192503801,0.005698315192503801,0.0,0.0,0.012965709832057639,2.41797604818237e-06,0.005698315192503801,0.043639216187216764,0.07548718561785041,0.0005,0.7415793583078204,18353.60183650002
731,train,0.005218818837629614,0.005218818837629614,0.0,0.0,0.012039013734122491,2.3212132723443267e-06,0.005218818837629614,0.04273216275867284,0.07224139282730929,0.0005,0.6999879220746598,18378.915559200017
732,train,0.005588915425749222,0.005588915425749222,0.0,0.0,0.011897418999447013,2.339372196369162e-06,0.005588915425749222,0.04278853966696363,0.07475904912282674,0.0005,0.5958108218773356,18402.849718100013
733,train,0.005598613239566954,0.005598613239566954,0.0,0.0,0.012298030497611693,2.3258318365923565e-06,0.005598613239566954,0.04386712658342044,0.07482388147888984,0.0005,0.7520899848555619,18428.149683099997
734,train,0.0055692101579037576,0.0055692101579037576,0.0,0.0,0.011844131638700107,2.3248332671807113e-06,0.0055692101579037576,0.04363603901100468,0.07462714089326856,0.0005,0.5854769784886882,18452.270257099997
735,train,0.005703342089499237,0.005703342089499237,0.0,0.0,0.01148190076972516,2.3451598195297607e-06,0.005703342089499237,0.04379003177888973,0.07552047463767185,0.0005,nan,18476.847082300024
736,train,0.005576700805242993,0.005576700805242993,0.0,0.0,0.011779661132198459,2.307603063803432e-06,0.005576700805242993,0.043266146785562044,0.07467731118112779,0.0005,0.6525713503360748,18502.4978709
737,train,0.005613896732159805,0.005613896732159805,0.0,0.0,0.011973157191192204,2.2786901028220596e-06,0.005613896732159805,0.04298702006421561,0.07492594165013747,0.0005,0.6725107228980874,18527.797707799997
738,train,0.005443097126497481,0.005443097126497481,0.0,0.0,0.012388585337420117,2.198560442799512e-06,0.005443097126497481,0.043628116304336016,0.07377734832926351,0.0005,0.729976143477098,18552.990856500022
739,train,0.005862846858940859,0.005862846858940859,0.0,0.0,0.012273174939009378,2.2438989574611867e-06,0.005862846858940859,0.043840270269802736,0.07656922919124143,0.0005,0.747489978963474,18576.79297400001
740,train,0.0054743686609037695,0.0054743686609037695,0.0,0.0,0.012573587128295089,2.3691937425576057e-06,0.0054743686609037695,0.0439743593537231,0.07398897661749194,0.0005,0.6977006450014295,18601.00700880002
741,train,0.0055652497516314025,0.0055652497516314025,0.0,0.0,0.012761675559406011,2.3216212729545625e-06,0.0055652497516314025,0.04306511512061335,0.07460060155006394,0.0005,0.6183316806014979,18625.6356904
742,train,0.005412610619882712,0.005412610619882712,0.0,0.0,0.0128370736954066,2.3642486525513617e-06,0.005412610619882712,0.04282615512064745,0.07357044664729658,0.0005,0.7010700140359267,18650.279958800005
743,train,0.0055181962543703654,0.0055181962543703654,0.0,0.0,0.01201061572317245,2.321750219568955e-06,0.0055181962543703654,0.04280646988981455,0.07428456269219309,0.0005,0.6433738903054651,18673.994240400003
744,train,0.0051587933932819826,0.0051587933932819826,0.0,0.0,0.012042419668638482,2.2807664963864845e-06,0.0051587933932819826,0.04220196840458743,0.07182474081597498,0.0005,0.6429695425168523,18698.64295410001
745,train,0.004998772395787076,0.004998772395787076,0.0,0.0,0.012063950546226412,2.3357159440116824e-06,0.004998772395787076,0.041484206463298146,0.07070199711314439,0.0005,0.549769049545504,18722.822987100022
746,train,0.005948229931225728,0.005948229931225728,0.0,0.0,0.012106338146863118,2.294014820417599e-06,0.005948229931225728,0.04429637112848039,0.0771247685975506,0.0005,0.885348472392784,18747.0471007
747,train,0.006134165658968072,0.006134165658968072,0.0,0.0,0.012409483934840504,2.344894742579853e-06,0.006134165658968072,0.046538941467286286,0.07832091456927755,0.0005,0.9160357395995338,18771.861173400015
748,train,0.005799291248352022,0.005799291248352022,0.0,0.0,0.012096789059281911,2.312046247871482e-06,0.005799291248352022,0.044117318126285124,0.07615307773394338,0.0005,0.7019592096220773,18795.4493027
749,train,0.005288847599025896,0.005288847599025896,0.0,0.0,0.012053815349233601,2.3454959743486263e-06,0.005288847599025896,0.04283321974711177,0.0727244635526856,0.0005,0.656193845395772,18820.28176750001
750,train,0.0058125395428159764,0.0058125395428159764,0.0,0.0,0.012478842883247812,2.235073059997582e-06,0.0058125395428159764,0.04518300181887342,0.07624001274144684,0.0005,0.9612658029457308,18844.655393499997
751,train,0.0055402268377189815,0.0055402268377189815,0.0,0.0,0.012174051993016927,2.384597212956166e-06,0.0055402268377189815,0.043282445425273104,0.07443270005662149,0.0005,0.6629545978217755,18868.764462300023
752,train,0.00554310228611905,0.00554310228611905,0.0,0.0,0.01234246533856077,2.322066290428168e-06,0.00554310228611905,0.043468977037360364,0.07445201331138769,0.0005,0.6642996050276846,18893.938859900023
753,train,0.00605452151511651,0.00605452151511651,0.0,0.0,0.011589755910396014,2.3152045068340123e-06,0.00605452151511651,0.04565139021900184,0.07781080590198582,0.0005,0.7957615410944201,18918.6996737
754,train,0.005369100391688782,0.005369100391688782,0.0,0.0,0.01239916611954851,2.3531636496148357e-06,0.005369100391688782,0.043355798593036954,0.07327414545178117,0.0005,0.7239270595447073,18941.733756200003
755,train,0.005002213168679517,0.005002213168679517,0.0,0.0,0.011626711686335082,2.262227206233118e-06,0.005002213168679517,0.04171118492278148,0.0707263258531045,0.0005,0.6097104597204136,18965.506575000007
756,train,0.0052398216609669005,0.0052398216609669005,0.0,0.0,0.01159565556653828,2.375471937293181e-06,0.0052398216609669005,0.04219401306472719,0.0723866124429573,0.0005,0.6225122432663756,18990.131369400013
757,train,0.005180014680864022,0.005180014680864022,0.0,0.0,0.010984868004496367,2.356284979660419e-06,0.005180014680864022,0.04219605447548739,0.07197231885151417,0.0005,0.6424139462551981,19016.040262299997
758,train,0.0053262501306373874,0.0053262501306373874,0.0,0.0,0.012193196602517142,2.2282773027157263e-06,0.0053262501306373874,0.042077239514943555,0.07298116284793897,0.0005,0.5659843404900353,19042.827602400008
759,train,0.005215972308339913,0.005215972308339913,0.0,0.0,0.011836210019745916,2.359322850696906e-06,0.005215972308339913,0.04285551471600555,0.07222168862841627,0.0005,0.7138946821104806,19067.75476870002
760,train,0.005408074149921238,0.005408074149921238,0.0,0.0,0.012079696838726412,2.374053295016155e-06,0.005408074149921238,0.042637027072597214,0.07353960939467409,0.0005,0.6367099237329555,19092.513571900025
761,train,0.006051996190539936,0.006051996190539936,0.0,0.0,0.012493474180546572,2.4546799638627355e-06,0.006051996190539936,0.04506354216257777,0.0777945768710129,0.0005,0.9118112899222464,19117.347641500004
762,train,0.005399764426129997,0.005399764426129997,0.0,0.0,0.011554298860917115,2.321081695917424e-06,0.005399764426129997,0.043089726472378895,0.0734830893888519,0.0005,0.5770542849347277,19141.94495200002
763,train,0.005085604752052601,0.005085604752052601,0.0,0.0,0.011278173772020722,2.2710136607991374e-06,0.005085604752052601,0.042103035997529084,0.07131342616963934,0.0005,0.6230055546423174,19167.795993000007
764,train,0.004996374350827504,0.004996374350827504,0.0,0.0,0.011589560543520833,2.2920073918629776e-06,0.004996374350827504,0.041975441246451625,0.07068503625823151,0.0005,0.5455165277674513,19193.511189800018
765,train,0.004784515266963457,0.004784515266963457,0.0,0.0,0.011721007789502729,2.359948503685443e-06,0.004784515266963457,0.04053060261725959,0.0691701905951072,0.0005,0.5379983909287542,19217.92368820001
766,train,0.004976929679235941,0.004976929679235941,0.0,0.0,0.011352929339375137,2.3671667040959946e-06,0.004976929679235941,0.04099199868439927,0.07054735770555791,0.0005,0.5430077660196232,19242.56889220001
767,train,0.005443461568231798,0.005443461568231798,0.0,0.0,0.011449840956560845,2.315752393735478e-06,0.005443461568231798,0.042883342457056606,0.07377981816345035,0.0005,0.755889357542092,19266.718423500017
768,train,0.00542046768943074,0.00542046768943074,0.0,0.0,0.011403651512667255,2.334157061512705e-06,0.00542046768943074,0.042950180027950195,0.07362382555552748,0.0005,0.7003263833950151,19291.508861500013
769,train,0.005022048823071977,0.005022048823071977,0.0,0.0,0.011475100551011428,2.303835162391171e-06,0.005022048823071977,0.04177307933568956,0.07086641533951027,0.0005,0.5160100201390824,19315.445068500005
770,train,0.0053345615412083896,0.0053345615412083896,0.0,0.0,0.011459501881925564,2.313602920984745e-06,0.0053345615412083896,0.04175176267371566,0.07303808281443586,0.0005,0.6412095832374861,19339.77784700002
771,train,0.0054350680592145885,0.0054350680592145885,0.0,0.0,0.011758672829084802,2.3263282255013693e-06,0.0054350680592145885,0.04288983081186296,0.07372291407164118,0.0005,0.6961455210199896,19364.431914900022
772,train,0.005103413404318623,0.005103413404318623,0.0,0.0,0.011720719079504598,2.250657717184985e-06,0.005103413404318623,0.04146892350817205,0.07143817889839174,0.0005,0.5938251164724242,19390.06097260001
773,train,0.005426695053042835,0.005426695053042835,0.0,0.0,0.012128623870183836,2.285736256436514e-06,0.005426695053042835,0.04371912087717989,0.07366610518442546,0.0005,0.8868212148828326,19414.61624860001
774,train,0.005358296313942497,0.005358296313942497,0.0,0.0,0.01138617201128377,2.2937424739451807e-06,0.005358296313942497,0.042055837491105474,0.0732003846570665,0.0005,nan,19438.915401200007
775,train,0.005509914160636913,0.005509914160636913,0.0,0.0,0.011355581710923393,2.2819473572798295e-06,0.005509914160636913,0.042785740620017325,0.07422879603386352,0.0005,0.6712133173110351,19463.35751630002
776,train,0.004985608480782039,0.004985608480782039,0.0,0.0,0.01172791461829307,2.2707596436480088e-06,0.004985608480782039,0.04160636253654956,0.07060884137827245,0.0005,0.576112448044543,19488.07838760002
777,train,0.004955073579528614,0.004955073579528614,0.0,0.0,0.01182045450188079,2.3234151332769025e-06,0.004955073579528614,0.04186572288075146,0.07039228352261784,0.0005,0.6596733747788195,19512.849707900023
778,train,0.0051507872161617434,0.0051507872161617434,0.0,0.0,0.012058848497580807,2.32745279210473e-06,0.0051507872161617434,0.041660530180758173,0.07176898505734733,0.0005,0.6793656585351476,19537.690096200007
779,train,0.0054029962197366214,0.0054029962197366214,0.0,0.0,0.012528281114152018,2.2896545333595604e-06,0.0054029962197366214,0.04346196217163694,0.07350507614945122,0.0005,0.7774018915194385,19561.939736800006
780,train,0.005057516433912239,0.005057516433912239,0.0,0.0,0.011585994456666257,2.3995748124606216e-06,0.005057516433912239,0.04198850247183078,0.07111621779813827,0.0005,0.5936679075349052,19585.83196360001
781,train,0.005236137631669958,0.005236137631669958,0.0,0.0,0.012123398148929173,2.2746116132592127e-06,0.005236137631669958,0.0423205694728443,0.07236116107187583,0.0005,0.6323880454841649,19610.274305500003
782,train,0.00508556777360423,0.00508556777360423,0.0,0.0,0.01185749803300736,2.3797669316407784e-06,0.00508556777360423,0.04120639826452254,0.07131316690208218,0.0005,0.6631244196082061,19634.971844300017
783,train,0.005040979561893453,0.005040979561893453,0.0,0.0,0.01169314425227777,2.2350949843969844e-06,0.005040979561893453,0.04240468464932351,0.07099985606952632,0.0005,0.6778471801640853,19659.5258798
784,train,0.004866882822218786,0.004866882822218786,0.0,0.0,0.011746515019111475,2.3618418056702346e-06,0.004866882822218786,0.04074994911140991,0.0697630476844209,0.0005,0.5557264598473063,19684.345021100016
785,train,0.0053746391765944635,0.0053746391765944635,0.0,0.0,0.011189417254601448,2.33824477472465e-06,0.0053746391765944635,0.042492424072873486,0.07331193065657501,0.0005,0.7826982002775624,19709.38166830002
786,train,0.005571989989114646,0.005571989989114646,0.0,0.0,0.011668960027888699,2.3668410213364076e-06,0.005571989989114646,0.0434574101735258,0.07464576337016486,0.0005,inf,19734.211569800013
787,train,0.005910042220949555,0.005910042220949555,0.0,0.0,0.01157941461874629,2.3634056989702104e-06,0.005910042220949555,0.04468702906830552,0.07687679897699666,0.0005,0.7359264597015561,19758.25831060001
788,train,0.005691320607619897,0.005691320607619897,0.0,0.0,0.012218015760464489,2.30890596000945e-06,0.005691320607619897,0.04338544306239851,0.07544084177433266,0.0005,0.7279508884223003,19782.04581370001
789,train,0.005138257357756166,0.005138257357756166,0.0,0.0,0.011854647465471952,2.370192672335076e-06,0.005138257357756166,0.041446878126699414,0.07168163891650474,0.0005,0.595618226336983,19808.298107300012
790,train,0.005179425592812654,0.005179425592812654,0.0,0.0,0.011408909417267115,2.2833294803415313e-06,0.005179425592812654,0.04166179257884339,0.07196822627252011,0.0005,0.7462444344781479,19833.326772200002
791,train,0.004580503684852409,0.004580503684852409,0.0,0.0,0.01183297485113144,2.3649762783432655e-06,0.004580503684852409,0.040066178304687984,0.06767941847306616,0.0005,0.5248414601357478,19858.226633100014
792,train,0.005161911482712143,0.005161911482712143,0.0,0.0,0.012047947806148034,2.292960861920602e-06,0.005161911482712143,0.04223393167650223,0.07184644377220172,0.0005,0.6081606703546812,19882.951039000007
793,train,0.004647201032914278,0.004647201032914278,0.0,0.0,0.0116910676753043,2.286014696952441e-06,0.004647201032914278,0.04048879360692258,0.06817038237324387,0.0005,0.5565844858592411,19906.897756699997
794,train,0.004734050216726279,0.004734050216726279,0.0,0.0,0.012208973549587547,2.3995225379656163e-06,0.004734050216726279,0.04070613504088712,0.06880443457166317,0.0005,0.6392012345341017,19931.7216815
795,train,0.004721683607052876,0.004721683607052876,0.0,0.0,0.011909916575224895,2.3479968166491674e-06,0.004721683607052876,0.04027568694678539,0.06871450798086876,0.0005,0.543752354552161,19956.156550400017
796,train,0.0043963592532510936,0.0043963592532510936,0.0,0.0,0.011455951566052324,2.2591402525132202e-06,0.0043963592532510936,0.03937479943247898,0.0663050469666608,0.0005,0.5192954984475981,19980.98478910001
797,train,0.004681047932192671,0.004681047932192671,0.0,0.0,0.01179498757393855,2.394082749337683e-06,0.004681047932192671,0.0406675031610747,0.06841818422168679,0.0005,0.5844857689906966,20005.32467480001
798,train,0.005724952881380131,0.005724952881380131,0.0,0.0,0.012267293777527674,2.316920768381986e-06,0.005724952881380131,0.04300565189804952,0.07566341838286274,0.0005,0.7438723144103896,20029.413854400016
799,train,0.007233624283294631,0.007233624283294631,0.0,0.0,0.013583706445851416,2.320851126140316e-06,0.007233624283294631,0.04908646399787856,0.08505071594816019,0.0005,1.1850175863167025,20053.840779600025
800,train,0.0061311121007129946,0.0061311121007129946,0.0,0.0,0.01264072865036861,2.35529689517826e-06,0.0061311121007129946,0.04499636046272123,0.07830141825479915,0.0005,0.6988318773373118,20078.720944300003
801,train,0.005154295135743835,0.005154295135743835,0.0,0.0,0.012421519565835313,2.428373179254605e-06,0.005154295135743835,0.04161315403509675,0.0717934198638276,0.0005,0.6273149516222611,20104.27394080002
802,train,0.005286875589911876,0.005286875589911876,0.0,0.0,0.012317649000939334,2.3267677774266253e-06,0.005286875589911876,0.042040532815076824,0.07271090420227132,0.0005,0.6436969463555318,20129.599035200023
803,train,0.0052468950270575165,0.0052468950270575165,0.0,0.0,0.012333546308273415,2.3195784084271268e-06,0.0052468950270575165,0.042799173337670984,0.07243545421309593,0.0005,0.6877854668869162,20154.387249599997
804,train,0.005317080312114448,0.005317080312114448,0.0,0.0,0.0125644815347667,2.3823572969634385e-06,0.005317080312114448,0.042999918786984566,0.07291831259782722,0.0005,0.7415630333828476,20179.046972300013
805,train,0.004783754620439141,0.004783754620439141,0.0,0.0,0.01216788280684993,2.2763387436978795e-06,0.004783754620439141,0.04171557706200851,0.06916469200711546,0.0005,0.6705694558485499,20204.056520400016
806,train,0.004960635063520694,0.004960635063520694,0.0,0.0,0.01237909583691156,2.3815427436413714e-06,0.004960635063520694,0.042164290860681866,0.07043177595035278,0.0005,0.6647367005078297,20229.073346400022
807,train,0.005553823987202981,0.005553823987202981,0.0,0.0,0.01150278379824364,2.2622326438960165e-06,0.005553823987202981,0.042447669937644365,0.07452398263111669,0.0005,0.6990699931135718,20252.902538199996
808,train,0.0049224743890213096,0.0049224743890213096,0.0,0.0,0.011574226633628022,2.286443332796241e-06,0.0049224743890213096,0.040645698087184504,0.07016034769740889,0.0005,0.5636498166142769,20277.47005070001
809,train,0.005158159388877224,0.005158159388877224,0.0,0.0,0.011530046333681862,2.264856932942046e-06,0.005158159388877224,0.04199091237969696,0.07182032712872606,0.0005,0.6489603089274101,20301.5389289
810,train,0.005385904325027335,0.005385904325027335,0.0,0.0,0.012230288817213391,2.2848150777308718e-06,0.005385904325027335,0.0417246586309289,0.07338872069349169,0.0005,0.8864753766442245,20326.199958500016
811,train,0.0073791347811699255,0.0073791347811699255,0.0,0.0,0.013564968762813875,2.2697454691091103e-06,0.0073791347811699255,0.049718957902195875,0.08590189044002422,0.0005,1.2792221006919753,20350.072855100007
812,train,0.005403702836454887,0.005403702836454887,0.0,0.0,0.011804404932091821,2.4062139500357553e-06,0.005403702836454887,0.04255813527588716,0.07350988257679975,0.0005,0.8665967083202218,20374.737102500017
813,train,0.0052028127106341525,0.0052028127106341525,0.0,0.0,0.01205334467989094,2.3469266245297576e-06,0.0052028127106341525,0.0420446942753668,0.0721305255119783,0.0005,0.6407778038168853,20399.003416499996
814,train,0.005096368068092797,0.005096368068092797,0.0,0.0,0.011848444452966159,2.3094115918728726e-06,0.005096368068092797,0.041447486746001926,0.07138885114702993,0.0005,0.5396417587433221,20424.24340020001
815,train,0.004767491423805246,0.004767491423805246,0.0,0.0,0.011597535502657576,2.3879283273928657e-06,0.004767491423805246,0.04050595330355583,0.06904702327982898,0.0005,0.5392988619377028,20448.598855999997
816,train,0.004946523034568429,0.004946523034568429,0.0,0.0,0.012313810168361326,2.184411116258899e-06,0.004946523034568429,0.04095470478125619,0.07033152233933536,0.0005,0.5622399381871493,20472.86517460001
817,train,0.004661543872968632,0.004661543872968632,0.0,0.0,0.012094717868164464,2.2922720676914017e-06,0.004661543872968632,0.04009618759946018,0.06827549980021115,0.0005,0.5462216983707446,20497.722969000024
818,train,0.00475269345397636,0.00475269345397636,0.0,0.0,0.011988301603299266,2.2562850826600553e-06,0.00475269345397636,0.040376331811805936,0.06893978136008526,0.0005,0.6378241805535443,20522.4466769
819,train,0.004965527693556793,0.004965527693556793,0.0,0.0,0.01197375589103069,2.3388534497637423e-06,0.004965527693556793,0.0410045014676761,0.07046650050596236,0.0005,0.632500853740944,20547.33621540002
820,train,0.005139573503038262,0.005139573503038262,0.0,0.0,0.011711405625320831,2.3118829292214733e-06,0.005139573503038262,0.041654147116361936,0.0716908188196945,0.0005,0.6691322461614069,20571.606469599996
821,train,0.0042781173723820095,0.0042781173723820095,0.0,0.0,0.01154898356576011,2.3492475348867407e-06,0.0042781173723820095,0.03868908462079488,0.06540731895118473,0.0005,0.4702227399596628,20596.3622989
822,train,0.004556416867840112,0.004556416867840112,0.0,0.0,0.011684519221197884,2.2917786818309324e-06,0.004556416867840112,0.03986941276750755,0.06750123604675778,0.0005,0.5143046232889283,20620.437768400006
823,train,0.004801474386518097,0.004801474386518097,0.0,0.0,0.011644961171836223,2.4259862533104957e-06,0.004801474386518097,0.041005102533601095,0.06929267195395265,0.0005,0.6895074265183143,20644.016433400015
824,train,0.004706198271749187,0.004706198271749187,0.0,0.0,0.012077949642432187,2.305326502038334e-06,0.004706198271749187,0.04097997737292832,0.06860173665257453,0.0005,0.6017904461554762,20667.1952476
825,train,0.005000526085392986,0.005000526085392986,0.0,0.0,0.011896175666237777,2.329473054401806e-06,0.005000526085392986,0.0418023290428913,0.07071439800629703,0.0005,0.67288161757982,20692.23492290001
826,train,0.004947396414663328,0.004947396414663328,0.0,0.0,0.011907010365558683,2.3081752067569915e-06,0.004947396414663328,0.0427298353009699,0.07033773108839471,0.0005,0.7325431482409531,20715.979823500005
827,train,0.004647270598674506,0.004647270598674506,0.0,0.0,0.011015271820690273,2.248911540983448e-06,0.004647270598674506,0.040063275865121,0.06817089260582192,0.0005,0.506837766687825,20739.397137599997
828,train,0.0044219385862887504,0.0044219385862887504,0.0,0.0,0.011605504944147367,2.338591530304874e-06,0.0044219385862887504,0.03917869025542629,0.0664976585023018,0.0005,0.4339700284993874,20763.741061600012
829,train,0.004788543658561945,0.004788543658561945,0.0,0.0,0.01156662365878528,2.330434791423064e-06,0.004788543658561945,0.040261628176524934,0.06919930388784229,0.0005,0.6256794853592819,20787.37781420001
830,train,0.004717755994791347,0.004717755994791347,0.0,0.0,0.011365340513019066,2.2673875075682035e-06,0.004717755994791347,0.04055722556691967,0.06868592282841766,0.0005,0.6688614827844331,20811.135966800008
831,train,0.005020844290361911,0.005020844290361911,0.0,0.0,0.011818653121942057,2.3521233378284344e-06,0.005020844290361911,0.041654030150154,0.07085791621521134,0.0005,0.657902219385471,20835.269318000006
832,train,0.004742802803408472,0.004742802803408472,0.0,0.0,0.0115459864994265,2.2601601414244903e-06,0.004742802803408472,0.04084713210017895,0.06886801001487172,0.0005,0.5971947497916672,20859.995870100014
833,train,0.004477184679545078,0.004477184679545078,0.0,0.0,0.011324695083049108,2.2546452722928975e-06,0.004477184679545078,0.039759429273599725,0.0669117678704208,0.0005,0.5314457194422776,20884.83392850001
834,train,0.0050829645279661245,0.0050829645279661245,0.0,0.0,0.010980864811056066,2.2630850334846983e-06,0.0050829645279661245,0.04067293657341374,0.07129491235681634,0.0005,0.7469106302508768,20909.117646600003
835,train,0.006123085345194032,0.006123085345194032,0.0,0.0,0.012285329875940422,2.2962123741205497e-06,0.006123085345194032,0.04574807837500044,0.07825014597554455,0.0005,1.0420014503991828,20933.81379080002
836,train,0.004977932257109919,0.004977932257109919,0.0,0.0,0.011093764091437718,2.3344290883749566e-06,0.004977932257109919,0.04182587153067426,0.07055446305592523,0.0005,0.6564059429011255,20958.0200435
837,train,0.004781348227320364,0.004781348227320364,0.0,0.0,0.011645573700936336,2.3520840236329298e-06,0.004781348227320364,0.04106556813513756,0.06914729370930119,0.0005,0.5786931436016874,20983.479994200025
838,train,0.004654494672835222,0.004654494672835222,0.0,0.0,0.011368263231695822,2.3299181684019715e-06,0.004654494672835222,0.04009551376121928,0.06822385706507088,0.0005,0.5367005312780164,21007.973323600017
839,train,0.004591331831507663,0.004591331831507663,0.0,0.0,0.011201983212300067,2.340577815252714e-06,0.004591331831507663,0.03927542093332926,0.06775936711265582,0.0005,0.5246563789979467,21032.062179800007
840,train,0.004759470357796844,0.004759470357796844,0.0,0.0,0.011566493045187221,2.273430254717823e-06,0.004759470357796844,0.04046683166053076,0.0689889147457535,0.0005,0.6992009414254494,21055.5267857
841,train,0.00451718083996587,0.00451718083996587,0.0,0.0,0.011043562711972111,2.3352523441026966e-06,0.00451718083996587,0.03917111076397012,0.06720997574739832,0.0005,0.49166569816616346,21079.6314135
842,train,0.005000575083785116,0.005000575083785116,0.0,0.0,0.011422957539698988,2.4161594697977976e-06,0.005000575083785116,0.04189007685888769,0.07071474445817588,0.0005,0.6723293116632497,21104.028483800008
843,train,0.005386421261978543,0.005386421261978543,0.0,0.0,0.011187427237911045,2.262179751631025e-06,0.005386421261978543,0.04252615300059881,0.0733922425190738,0.0005,0.7792075698105794,21128.4586862
844,train,0.004695639760729874,0.004695639760729874,0.0,0.0,0.011166256316498204,2.311054330212361e-06,0.004695639760729874,0.04009642328118098,0.06852473831201308,0.0005,0.5388944393621301,21152.84745620002
845,train,0.004669757855903437,0.004669757855903437,0.0,0.0,0.010369605639562855,2.3889458632010985e-06,0.004669757855903437,0.04060123897034605,0.06833562654943201,0.0005,0.5792466615730861,21178.42013480002
846,train,0.004476219909084426,0.004476219909084426,0.0,0.0,0.010864682706459513,2.3006445241302366e-06,0.004476219909084426,0.039755267924014126,0.06690455820857369,0.0005,0.5734109459620602,21203.686961500003
847,train,0.004435631456431539,0.004435631456431539,0.0,0.0,0.011004516477081573,2.3321174896134936e-06,0.004435631456431539,0.039545693852991434,0.06660053645753568,0.0005,0.5047760330281168,21229.131303800008
848,train,0.004467370562002235,0.004467370562002235,0.0,0.0,0.010358356290830756,2.3283637068194572e-06,0.004467370562002235,0.03989503023935095,0.06683839137802641,0.0005,0.6217856038853807,21252.547668300016
849,train,0.004788856931252599,0.004788856931252599,0.0,0.0,0.011020586878623603,2.3486936333080487e-06,0.004788856931252599,0.0406682605732162,0.06920156740459422,0.0005,0.7011711141973171,21277.82149100001
850,train,0.004841269715393964,0.004841269715393964,0.0,0.0,0.010974547272231782,2.2987122897661118e-06,0.004841269715393964,0.041170026546449606,0.06957923336308014,0.0005,0.6488782586354129,21303.410764300002
851,train,0.004827507838703206,0.004827507838703206,0.0,0.0,0.01110154954400265,2.37644916360982e-06,0.004827507838703206,0.0405429794259791,0.06948026942019732,0.0005,0.6365645806182105,21327.886822700006
852,train,0.004723154466828763,0.004723154466828763,0.0,0.0,0.010953194075176175,2.3153795202130632e-06,0.004723154466828763,0.04026263542034013,0.06872520983473795,0.0005,0.6467981867070468,21352.75804690001
853,train,0.0047558715356058635,0.0047558715356058635,0.0,0.0,0.010297286148481775,2.3202260759065227e-06,0.0047558715356058635,0.040338106073860854,0.06896282720136888,0.0005,0.597664401216327,21378.579061099997
854,train,0.004796260078234449,0.004796260078234449,0.0,0.0,0.01098933171059163,2.2199450163412314e-06,0.004796260078234449,0.04069270106331219,0.06925503648280354,0.0005,0.6327836308276878,21403.063349300006
855,train,0.0044526811910506,0.0044526811910506,0.0,0.0,0.010302714722336462,2.377648411740391e-06,0.0044526811910506,0.039238482337655874,0.06672841367101873,0.0005,0.5488690396524826,21426.605299100018
856,train,0.004258193299619103,0.004258193299619103,0.0,0.0,0.010508394193888273,2.2525412785673224e-06,0.004258193299619103,0.038952461870844085,0.0652548335345291,0.0005,0.535004659924867,21449.713858600007
857,train,0.004490461491088422,0.004490461491088422,0.0,0.0,0.010518134237741525,2.3373608209507403e-06,0.004490461491088422,0.039890987946177424,0.06701090576233411,0.0005,0.627577099597679,21474.003922200005
858,train,0.00453064796028281,0.00453064796028281,0.0,0.0,0.010611436953592413,2.2533356707084885e-06,0.00453064796028281,0.03897763068243017,0.06731008810187972,0.0005,0.5115962289976623,21497.565514100017
859,train,0.004592551040236086,0.004592551040236086,0.0,0.0,0.01081153148574368,2.4025961002340444e-06,0.004592551040236086,0.03914975464115588,0.06776836312200617,0.0005,0.6209202729306131,21521.307853000006
860,train,0.005095877944222592,0.005095877944222592,0.0,0.0,0.010413725719839896,2.2681928994471783e-06,0.005095877944222592,0.041480852405206776,0.07138541828848936,0.0005,0.6992100662780258,21545.057531700004
861,train,0.004684275319026334,0.004684275319026334,0.0,0.0,0.010901895518643115,2.349654973497892e-06,0.004684275319026334,0.04104915222434222,0.06844176589646364,0.0005,0.6177379834764408,21569.584755000018
862,train,0.004947602578695812,0.004947602578695812,0.0,0.0,0.011308474483776768,2.298372100137025e-06,0.004947602578695812,0.0406363541295506,0.07033919660257582,0.0005,0.7289837714073792,21592.740951500018
863,train,0.004865589437861861,0.004865589437861861,0.0,0.0,0.010488989508166065,2.26822437354095e-06,0.004865589437861861,0.0401085935304609,0.06975377723006734,0.0005,inf,21617.811911800003
864,train,0.004780023056514867,0.004780023056514867,0.0,0.0,0.010531208583347077,2.3599064159601048e-06,0.004780023056514867,0.04071680575187476,0.06913771081338221,0.0005,0.6608524195990473,21642.875603100023
865,train,0.0046045442810076186,0.0046045442810076186,0.0,0.0,0.010784300544984499,2.2748779150239194e-06,0.0046045442810076186,0.040031311163713904,0.06785679244561754,0.0005,0.5977816553610675,21667.28664070001
866,train,0.004345188945725963,0.004345188945725963,0.0,0.0,0.010436126514214952,2.22706493555309e-06,0.004345188945725963,0.038797406570212745,0.06591804719290432,0.0005,0.5462034327803917,21691.988512300013
867,train,0.004175208631842804,0.004175208631842804,0.0,0.0,0.010492850701271926,2.3910614594192253e-06,0.004175208631842804,0.038247383887580824,0.06461585433810192,0.0005,0.5186610078474261,21715.947918300022
868,train,0.0041510371053725915,0.0041510371053725915,0.0,0.0,0.010639010313546882,2.392805329708488e-06,0.0041510371053725915,0.03844806654905937,0.06442854262958764,0.0005,0.5734742728044402,21739.91907070001
869,train,0.004608900183913373,0.004608900183913373,0.0,0.0,0.01037151681891871,2.3328768704987113e-06,0.004608900183913373,0.039886063464723946,0.06788888115084364,0.0005,0.652990164621821,21764.118628700002
870,train,0.004503059206886836,0.004503059206886836,0.0,0.0,0.010698522871606192,2.3358902795597765e-06,0.004503059206886836,0.039205315607195756,0.06710483743283219,0.0005,0.5981821991362661,21789.698616700014
871,train,0.0044677656195796405,0.0044677656195796405,0.0,0.0,0.010123860855358388,2.2709142470221366e-06,0.0044677656195796405,0.03917819783618709,0.06684134663200346,0.0005,0.6143093542107996,21813.909684000013
872,train,0.004604967013396815,0.004604967013396815,0.0,0.0,0.010200414103719423,2.3438021906190015e-06,0.004604967013396815,0.039736153303979435,0.06785990726044956,0.0005,0.60783780801971,21838.30828930001
873,train,0.0046066711512602904,0.0046066711512602904,0.0,0.0,0.010846605911007468,2.311143632295908e-06,0.0046066711512602904,0.03951857500656876,0.06787246239278703,0.0005,0.6418286514169765,21862.41941890001
874,train,0.0041626520001234475,0.0041626520001234475,0.0,0.0,0.010616117886285175,2.258864371023659e-06,0.0041626520001234475,0.03840434530240325,0.06451861746909529,0.0005,0.5481429339017508,21886.428356899996
875,train,0.004536606762938495,0.004536606762938495,0.0,0.0,0.010237532281228956,2.3150547512382474e-06,0.004536606762938495,0.03941605805928978,0.06735433737287076,0.0005,0.60742778907407,21911.6267733
876,train,0.005222146128660414,0.005222146128660414,0.0,0.0,0.01109522269195262,2.440310310085583e-06,0.005222146128660414,0.0423927314895785,0.07226441813687019,0.0005,0.7359777444376135,21937.3504618
877,train,0.005821511471491111,0.005821511471491111,0.0,0.0,0.01174057847908083,2.3510537699141147e-06,0.005821511471491111,0.042754230225669605,0.07629883007943904,0.0005,0.7169135131363599,21961.61214880002
878,train,0.004976189697131391,0.004976189697131391,0.0,0.0,0.010229863859010193,2.2738513936654373e-06,0.004976189697131391,0.04143236440623988,0.07054211293356183,0.0005,0.7362310248163512,21986.380953200016
879,train,0.004383317920799973,0.004383317920799973,0.0,0.0,0.010054365266114473,2.3482447998177584e-06,0.004383317920799973,0.03916043157091821,0.06620663048970227,0.0005,0.59084238196319,22011.524745400005
880,train,0.005041112205689611,0.005041112205689611,0.0,0.0,0.009741908958498037,2.3655085000565072e-06,0.005041112205689611,0.04219336326954499,0.07100079017651571,0.0005,0.7446847226259843,22035.48046620001
881,train,0.004560162893855857,0.004560162893855857,0.0,0.0,0.009879760795606757,2.2948681881420924e-06,0.004560162893855857,0.0397650648716767,0.0675289781786742,0.0005,0.5828976732379986,22060.57949870001
882,train,0.004242305737400629,0.004242305737400629,0.0,0.0,0.0098896153657785,2.3515389874825453e-06,0.004242305737400629,0.03861541019330891,0.06513298501835019,0.0005,0.5195438825296905,22085.15291190002
883,train,0.004515256926716352,0.004515256926716352,0.0,0.0,0.01028390899124854,2.339027459266566e-06,0.004515256926716352,0.03953176856146386,0.06719566151706784,0.0005,0.5954015921309309,22108.726980900014
884,train,0.004423999071925965,0.004423999071925965,0.0,0.0,0.010521079150010954,2.32298335710234e-06,0.004423999071925965,0.039504352944709796,0.06651314961664322,0.0005,0.543394886378972,22134.281143
885,train,0.004463663462565647,0.004463663462565647,0.0,0.0,0.010554441163000071,2.208998850773979e-06,0.004463663462565647,0.039276747996830993,0.06681065381034411,0.0005,0.5626195486424104,22158.113513500022
886,train,0.004743116206565283,0.004743116206565283,0.0,0.0,0.010743415396098258,2.3215888164349104e-06,0.004743116206565283,0.04024263793549869,0.06887028536724153,0.0005,0.6595059838497414,22182.084726400004
887,train,0.004280440801586285,0.004280440801586285,0.0,0.0,0.010107790322025429,2.299088799122299e-06,0.004280440801586285,0.03836303799729442,0.0654250777728715,0.0005,0.5206754573111264,22206.444570100022
888,train,0.0042299442489649045,0.0042299442489649045,0.0,0.0,0.010219320971167312,2.2890516198836025e-06,0.0042299442489649045,0.03916358174053286,0.06503802156404287,0.0005,0.5411080206340214,22230.067287000013
889,train,0.004129321646301695,0.004129321646301695,0.0,0.0,0.010199499272583228,2.212272340999197e-06,0.004129321646301695,0.038064972172438545,0.06425979805680761,0.0005,0.4629964274617861,22253.71514680001
890,train,0.004401557759040274,0.004401557759040274,0.0,0.0,0.009716665855485876,2.3358226745019564e-06,0.004401557759040274,0.03875243779060976,0.06634423681858337,0.0005,0.6384674788645979,22277.3072254
891,train,0.00404229757714004,0.00404229757714004,0.0,0.0,0.009690819202728991,2.310324096058293e-06,0.00404229757714004,0.03782010149685139,0.06357906555730464,0.0005,0.5041702895794274,22301.604748200014
892,train,0.004220097330917785,0.004220097330917785,0.0,0.0,0.009994997440854896,2.245503812343297e-06,0.004220097330917785,0.03863206514737236,0.06496227621410587,0.0005,0.6456156585295245,22325.8528852
893,train,0.004064593856667172,0.004064593856667172,0.0,0.0,0.009588671690028793,2.3214677506779104e-06,0.004064593856667172,0.03786360694728088,0.06375416736706058,0.0005,0.43496957393187397,22349.8650204
894,train,0.004161758684673465,0.004161758684673465,0.0,0.0,0.009997457652440611,2.261755465917544e-06,0.004161758684673465,0.03843875123750206,0.06451169416992136,0.0005,0.5667705822665736,22374.867846700014
895,train,0.004241680579139458,0.004241680579139458,0.0,0.0,0.010048330743920128,2.342306320658607e-06,0.004241680579139458,0.038498962836621214,0.06512818575040655,0.0005,0.5378983886736743,22399.466889200005
896,train,0.00464959866656946,0.00464959866656946,0.0,0.0,0.010266383266392743,2.338893673453949e-06,0.00464959866656946,0.03989533309490893,0.06818796570194377,0.0005,0.6373011284279373,22423.47675870001
897,train,0.004598755810482818,0.004598755810482818,0.0,0.0,0.0102634425450749,2.302273034454732e-06,0.004598755810482818,0.040298934542696986,0.06781412692413594,0.0005,0.7031684287314145,22447.69824170001
898,train,0.0043294893470614765,0.0043294893470614765,0.0,0.0,0.009934571035698338,2.371884823693314e-06,0.0043294893470614765,0.0384859593374268,0.06579885521087336,0.0005,0.557952215086739,22472.669312700018
899,train,0.004191724821499037,0.004191724821499037,0.0,0.0,0.00999400111020736,2.3965117951826508e-06,0.004191724821499037,0.03866357511823189,0.06474353111700842,0.0005,0.543824056550017,22497.074385200016
900,train,0.00407713401535079,0.00407713401535079,0.0,0.0,0.009763523628759497,2.332779432298645e-06,0.00407713401535079,0.03771741698004024,0.06385243938449642,0.0005,0.4772207377091894,22520.77009080001
901,train,0.004463148425771955,0.004463148425771955,0.0,0.0,0.009018676346695086,2.384174027645473e-06,0.004463148425771955,0.03961223364315645,0.06680679924807022,0.0005,0.6349009733717397,22545.45895
902,train,0.004468946966881048,0.004468946966881048,0.0,0.0,0.009212308695082957,2.2862467339332654e-06,0.004468946966881048,0.039631599832747916,0.06685018299811189,0.0005,0.5869510086639872,22568.972140900005
903,train,0.00452138467178815,0.00452138467178815,0.0,0.0,0.008992021639813792,2.347860394588936e-06,0.00452138467178815,0.03963027410033456,0.06724124234268838,0.0005,0.6260587958232412,22592.70181150001
904,train,0.004248263790872925,0.004248263790872925,0.0,0.0,0.00892730567709736,2.3429633211838698e-06,0.004248263790872925,0.03848159531799128,0.06517870657563653,0.0005,inf,22617.187417600013
905,train,0.0040691693476373825,0.0040691693476373825,0.0,0.0,0.008993065186758648,2.3021169681669562e-06,0.0040691693476373825,0.03758066567803189,0.0637900411321186,0.0005,0.5264977348862954,22642.326221900003
906,train,0.00425388410950754,0.00425388410950754,0.0,0.0,0.00908300116271624,2.370956006519198e-06,0.00425388410950754,0.03829046154377174,0.0652218070089103,0.0005,0.5545815060723502,22667.24052620001
907,train,0.004322232059938922,0.004322232059938922,0.0,0.0,0.008803156389028958,2.2683756285159518e-06,0.004322232059938922,0.038417360240171824,0.06574368456314966,0.0005,0.521587738732122,22693.06155320001
908,train,0.003950114128012913,0.003950114128012913,0.0,0.0,0.008951100960092724,2.389558937706307e-06,0.003950114128012913,0.03721145944371115,0.06284993339704437,0.0005,0.5210702478323342,22717.502522900002
909,train,0.0040242838152856715,0.0040242838152856715,0.0,0.0,0.00876924377110488,2.359324367236421e-06,0.0040242838152856715,0.03787718434589651,0.06343724312488423,0.0005,0.6075614817299932,22742.674194100022
910,train,0.0041322515963468,0.0041322515963468,0.0,0.0,0.008961428317048077,2.356960227995653e-06,0.0041322515963468,0.03783136080370619,0.06428259170527274,0.0005,0.5338793096115004,22767.646736000024
911,train,0.003986814836581581,0.003986814836581581,0.0,0.0,0.008956574641589849,2.3147298900269406e-06,0.003986814836581581,0.03761820593971829,0.06314122929260707,0.0005,0.5016456263245277,22792.03249500002
912,train,0.004017321341371775,0.004017321341371775,0.0,0.0,0.008379951567512076,2.393309539413922e-06,0.004017321341371775,0.03778240546443553,0.06338234250461067,0.0005,0.4895104833368985,22816.88404590002
913,train,0.004198312181606009,0.004198312181606009,0.0,0.0,0.00861648819848614,2.2912308936010617e-06,0.004198312181606009,0.03872473219954319,0.06479438387395939,0.0005,0.7413225123342478,22841.012421699998
914,train,0.00455896902637488,0.00455896902637488,0.0,0.0,0.0088507369564811,2.3220608956659626e-06,0.00455896902637488,0.04037667965551593,0.06752013793213756,0.0005,0.7747240963409532,22865.437832099997
915,train,0.004097416129496986,0.004097416129496986,0.0,0.0,0.00888967275057199,2.2994228603873226e-06,0.004097416129496986,0.03832372901434044,0.06401106255560038,0.0005,0.5335099573405284,22890.016234600014
916,train,0.004324058283326041,0.004324058283326041,0.0,0.0,0.008513185406490317,2.318039097224515e-06,0.004324058283326041,0.03824908601137686,0.06575757206075998,0.0005,0.4779940629905125,22914.846685099998
917,train,0.004208367541115259,0.004208367541115259,0.0,0.0,0.008723201142307723,2.2199242416804134e-06,0.004208367541115259,0.03801696791208154,0.06487193184355819,0.0005,0.5897988924440348,22938.8781225
918,train,0.004471362289315843,0.004471362289315843,0.0,0.0,0.009304511571689596,2.368529438189278e-06,0.004471362289315843,0.040674179980425884,0.06686824574725916,0.0005,0.77488848004701,22962.93057930001
919,train,0.004551189918280249,0.004551189918280249,0.0,0.0,0.00885864598500841,2.3715912349425194e-06,0.004551189918280249,0.04031473106862802,0.067462507500687,0.0005,0.5966307014789222,22987.67397620002
920,train,0.004220530386078709,0.004220530386078709,0.0,0.0,0.008666015458556841,2.2967549327558856e-06,0.004220530386078709,0.0381066444707718,0.06496560925658058,0.0005,0.5671921594525283,23011.894228700025
921,train,0.004223265324294774,0.004223265324294774,0.0,0.0,0.008943729541914643,2.333552622917094e-06,0.004223265324294774,0.039520205414133536,0.06498665497080745,0.0005,0.6986402484043589,23036.400941500004
922,train,0.004135272096295322,0.004135272096295322,0.0,0.0,0.008506893189096788,2.3063356464709217e-06,0.004135272096295322,0.0379724847275834,0.06430608133213625,0.0005,0.5787038513511982,23060.731568600022
923,train,0.00406024051060843,0.00406024051060843,0.0,0.0,0.008968040514034483,2.290565437349114e-06,0.00406024051060843,0.037350067905730235,0.06372001656158315,0.0005,0.5425842201934671,23085.32735170002
924,train,0.004272457162486081,0.004272457162486081,0.0,0.0,0.009052793012123625,2.316354931830368e-06,0.004272457162486081,0.038513670823940985,0.0653640356961386,0.0005,0.5099552127550233,23110.817841800017
925,train,0.006537740703610118,0.006537740703610118,0.0,0.0,0.010066785260964677,2.345810848278491e-06,0.006537740703610118,0.047480825709073624,0.08085629662314567,0.0005,1.2479629336663012,23135.626984400005
926,train,0.005413681738458042,0.005413681738458042,0.0,0.0,0.010171744568308569,2.30160527229051e-06,0.005413681738458042,0.04287394096828855,0.07357772583097444,0.0005,0.751723697725332,23160.760440300015
927,train,0.004537208028739529,0.004537208028739529,0.0,0.0,0.00916701224896143,2.26702482296049e-06,0.004537208028739529,0.03923357271782632,0.06735880067771047,0.0005,0.5515354728361346,23185.820654500014
928,train,0.004143470381540336,0.004143470381540336,0.0,0.0,0.008853190578520298,2.309471479095936e-06,0.004143470381540336,0.03805948223321224,0.06436979401505287,0.0005,0.5401617634408878,23210.933860500023
929,train,0.004035769565248386,0.004035769565248386,0.0,0.0,0.00857994614942175,2.362733327126474e-06,0.004035769565248386,0.037860081050509836,0.06352770706745511,0.0005,0.5504433850072464,23236.283974500024
930,train,0.0039047507901965946,0.0039047507901965946,0.0,0.0,0.008735434099469544,2.3309100281451564e-06,0.0039047507901965946,0.03749464376530838,0.06248800517056529,0.0005,0.47044978501661766,23261.118424100016
931,train,0.004027749765270339,0.004027749765270339,0.0,0.0,0.008751051157783225,2.2747620338157262e-06,0.004027749765270339,0.03725566397210197,0.06346455518846988,0.0005,0.48635233488847623,23286.320807900018
932,train,0.003805257890286706,0.003805257890286706,0.0,0.0,0.00869993250465618,2.2121027213098336e-06,0.003805257890286706,0.03680899539470391,0.06168677240938049,0.0005,0.5214410744748026,23309.596543300024
933,train,0.0038772709782862436,0.0038772709782862436,0.0,0.0,0.008611488516249185,2.2469141211606156e-06,0.0038772709782862436,0.03678993498291469,0.062267736254710944,0.0005,0.575109637851985,23334.066358400014
934,train,0.004344272843850633,0.004344272843850633,0.0,0.0,0.00885443545807645,2.3475163353172973e-06,0.004344272843850633,0.039189052423637995,0.06591109803250612,0.0005,0.5907072225269282,23359.126278400014
935,train,0.0041609064786791595,0.0041609064786791595,0.0,0.0,0.008801245771981072,2.380871261987025e-06,0.0041609064786791595,0.03855219438654493,0.06450508878126716,0.0005,0.6410104115054293,23383.654833600012
936,train,0.0040027741360972886,0.0040027741360972886,0.0,0.0,0.008793751392864957,2.3266067239332323e-06,0.0040027741360972886,0.03796744183110038,0.063267480873647,0.0005,0.5098110426147029,23407.501182700013
937,train,0.004116365583021827,0.004116365583021827,0.0,0.0,0.008844434468181065,2.260654923702532e-06,0.004116365583021827,0.03826676148587381,0.06415890883596624,0.0005,0.5651141019924631,23432.082386399998
938,train,0.004023127680158964,0.004023127680158964,0.0,0.0,0.00910935942786482,2.198316575952461e-06,0.004023127680158964,0.03797551639518648,0.06342813003832735,0.0005,0.5523647053061791,23456.841131200024
939,train,0.004618540276413045,0.004618540276413045,0.0,0.0,0.009475126880098064,2.2803895558783276e-06,0.004618540276413045,0.039193126254381164,0.06795984311645403,0.0005,0.6610678060437148,23481.17333660001
940,train,0.004762697589618291,0.004762697589618291,0.0,0.0,0.009434540193738803,2.2552775448584383e-06,0.004762697589618291,0.040427910167513015,0.06901230027769173,0.0005,0.8182473348559074,23506.0476013
941,train,0.0042707230799111,0.0042707230799111,0.0,0.0,0.009112830897617453,2.3623594196973464e-06,0.0042707230799111,0.038733180548187425,0.06535076954337339,0.0005,0.5641489155449957,23530.428350300004
942,train,0.004218480446873418,0.004218480446873418,0.0,0.0,0.00898451296577476,2.375772883512908e-06,0.004218480446873418,0.03794837494925508,0.06494983022975055,0.0005,0.5683995558405822,23554.707818900002
943,train,0.004012555610742704,0.004012555610742704,0.0,0.0,0.009168564631902385,2.2344307315094894e-06,0.004012555610742704,0.03823690553687793,0.06334473625126798,0.0005,0.6330768170784105,23579.197676700016
944,train,0.0037036693203364576,0.0037036693203364576,0.0,0.0,0.008805388356295397,2.3178647402260742e-06,0.0037036693203364576,0.036697619720274265,0.06085777945617518,0.0005,0.4718701791650844,23602.990283599996
945,train,0.0038015986523258216,0.0038015986523258216,0.0,0.0,0.008650350032971715,2.2760124882140345e-06,0.0038015986523258216,0.03650765196631118,0.06165710544881118,0.0005,0.45389966666698456,23628.458336500014
946,train,0.0037275977003926805,0.0037275977003926805,0.0,0.0,0.00871928551954762,2.3484506909709417e-06,0.0037275977003926805,0.03639386440012252,0.061054055560566006,0.0005,0.44070977534887923,23653.089235400024
947,train,0.003913911173237104,0.003913911173237104,0.0,0.0,0.008495934184570357,2.249969669427851e-06,0.003913911173237104,0.037066963354547344,0.0625612593642192,0.0005,0.5562430406516453,23677.1886582
948,train,0.003967074878850977,0.003967074878850977,0.0,0.0,0.008483717165325047,2.2277253123629293e-06,0.003967074878850977,0.03735123462096418,0.06298471940757518,0.0005,0.44935580610104325,23701.630425700016
949,train,0.003994286313639539,0.003994286313639539,0.0,0.0,0.008458130123128868,2.241624000182025e-06,0.003994286313639539,0.03725609615937157,0.06320036640431398,0.0005,0.5176410905595096,23726.736061400006
950,train,0.0037345041283532625,0.0037345041283532625,0.0,0.0,0.008517071754091754,2.3779154964427535e-06,0.0037345041283532625,0.03656649966372774,0.0611105893307638,0.0005,0.4152058495103188,23751.058004599996
951,train,0.003791452098146623,0.003791452098146623,0.0,0.0,0.008555980864912271,2.280554751433676e-06,0.003791452098146623,0.036491641664947824,0.06157476835641871,0.0005,0.5004703922654098,23776.332148000016
952,train,0.003819744214953698,0.003819744214953698,0.0,0.0,0.008634931390296738,2.3660511123177096e-06,0.003819744214953698,0.03725466254817427,0.06180407927437879,0.0005,0.5220443412380399,23800.79968160001
953,train,0.003827246688943321,0.003827246688943321,0.0,0.0,0.008241377120732137,2.303448032968313e-06,0.003827246688943321,0.0370017458763817,0.06186474512146091,0.0005,0.5016005832069325,23825.138785700023
954,train,0.0042274428276663075,0.0042274428276663075,0.0,0.0,0.008660855641553425,2.2929023968555277e-06,0.0042274428276663075,0.038475003744528266,0.06501878826667187,0.0005,0.5695219984594381,23850.91649580002
955,train,0.005196409731955634,0.005196409731955634,0.0,0.0,0.009028196985007456,2.3301457930464715e-06,0.005196409731955634,0.04247670691495514,0.07208612718100227,0.0005,0.9080689900888587,23874.72601360001
956,train,0.004389059236543615,0.004389059236543615,0.0,0.0,0.00866619914875559,2.3691556403066913e-06,0.004389059236543615,0.03920932877193785,0.06624997537013591,0.0005,0.624178724468879,23899.253119900008
957,train,0.004190955276437376,0.004190955276437376,0.0,0.0,0.008689166319046943,2.3690997578633648e-06,0.004190955276437376,0.03892865999742359,0.06473758781756836,0.0005,0.6833884190275984,23923.58514000001
958,train,0.0038968600793181534,0.0038968600793181534,0.0,0.0,0.008447257107791473,2.356098968688594e-06,0.0038968600793181534,0.03739423551772423,0.0624248354368528,0.0005,0.5043972868402049,23948.381958100013
959,train,0.0038230377035808547,0.0038230377035808547,0.0,0.0,0.00805365236230054,2.3214993577638317e-06,0.0038230377035808547,0.037107672251514956,0.061830718122797626,0.0005,0.4901840811911619,23972.07558570002
960,train,0.003745265519971309,0.003745265519971309,0.0,0.0,0.008323908634132371,2.248093662857636e-06,0.003745265519971309,0.03705943471506098,0.06119857449296764,0.0005,0.5035009954897862,23995.627641900006
961,train,0.003788946212986254,0.003788946212986254,0.0,0.0,0.008519383577875933,2.282154110736952e-06,0.003788946212986254,0.037104842053585746,0.06155441668139058,0.0005,0.5254334559980428,24019.6449786
962,train,0.003914264637692986,0.003914264637692986,0.0,0.0,0.008391977771062334,2.3466229777113767e-06,0.003914264637692986,0.03750160146276205,0.06256408424721796,0.0005,0.46506570307713635,24043.2362631
963,train,0.0036654406498303808,0.0036654406498303808,0.0,0.0,0.008495120586440811,2.278784512233166e-06,0.0036654406498303808,0.036643658832313054,0.06054288273472267,0.0005,0.4455099749677586,24068.1286959
964,train,0.0036344537327852966,0.0036344537327852966,0.0,0.0,0.00818096856006755,2.248461315365654e-06,0.0036344537327852966,0.03555068842504385,0.060286430751747916,0.0005,0.4098494128798539,24092.96247140001
965,train,0.003772626270953005,0.003772626270953005,0.0,0.0,0.008647298405192932,2.329743264419689e-06,0.003772626270953005,0.03672567612034674,0.0614217084665756,0.0005,0.4846740522474613,24118.02184250002
966,train,0.0037641834789919485,0.0037641834789919485,0.0,0.0,0.008370531529609888,2.297316311925451e-06,0.0037641834789919485,0.036535271290549134,0.0613529418935388,0.0005,0.5176875804955104,24142.885983000015
967,train,0.0033861202377697477,0.0033861202377697477,0.0,0.0,0.008251399416827931,2.3458528695077546e-06,0.0033861202377697477,0.035282937887142284,0.05819037925439005,0.0005,0.41252216331239017,24167.614703
968,train,0.0038383471700587997,0.0038383471700587997,0.0,0.0,0.008619402886702205,2.2914034873810003e-06,0.0038383471700587997,0.037208321274978653,0.061954395889709066,0.0005,0.5895109497151285,24193.513098800002
969,train,0.003626086432776439,0.003626086432776439,0.0,0.0,0.008353102302073308,2.308056629240213e-06,0.003626086432776439,0.03592749779674945,0.060216994551176656,0.0005,0.4552259959702222,24217.5431711
970,train,0.004066985869610778,0.004066985869610778,0.0,0.0,0.009002059759607292,2.3127195249198507e-06,0.004066985869610778,0.0374963082048058,0.0637729242673627,0.0005,0.5466952562894462,24242.35977120002
971,train,0.00390969150790144,0.00390969150790144,0.0,0.0,0.00853221978605637,2.3238372181848084e-06,0.00390969150790144,0.0377701347702587,0.06252752600176534,0.0005,0.5340227495949224,24267.560050900007
972,train,0.003811128834909913,0.003811128834909913,0.0,0.0,0.008283676175435758,2.3111079303387945e-06,0.003811128834909913,0.03714678823983051,0.06173434080728418,0.0005,0.5536140900737835,24292.5551959
973,train,0.003581254646475295,0.003581254646475295,0.0,0.0,0.008160823824341005,2.2579834181532583e-06,0.003581254646475295,0.03567651602228717,0.059843584839774554,0.0005,0.4856643297199933,24316.354762500006
974,train,0.0038466749829034223,0.0038466749829034223,0.0,0.0,0.00836000991282317,2.2574097007442483e-06,0.0038466749829034223,0.037783785816282035,0.0620215686910886,0.0005,0.5970367887672389,24341.1252292
975,train,0.004001436131243881,0.004001436131243881,0.0,0.0,0.008266845955249836,2.289965110784973e-06,0.004001436131243881,0.03742822835415179,0.06325690579884445,0.0005,0.4916306160530954,24365.778916800016
976,train,0.003979131853160447,0.003979131853160447,0.0,0.0,0.0082223694595807,2.2449206439115137e-06,0.003979131853160447,0.03781498705722251,0.06308036028083898,0.0005,0.5125130161924182,24392.739615900005
977,train,0.0038343920978321584,0.0038343920978321584,0.0,0.0,0.008412103274099107,2.3209392055540996e-06,0.0038343920978321584,0.03677314385894757,0.06192246844104455,0.0005,0.4469283845908237,24418.83938790002
978,train,0.004151115470641635,0.004151115470641635,0.0,0.0,0.008552369248684286,2.327382971226092e-06,0.004151115470641635,0.038766613109740174,0.06442915078317915,0.0005,0.6649703324403403,24444.15868720002
979,train,0.0035736530838478783,0.0035736530838478783,0.0,0.0,0.008536393929905486,2.318662873307712e-06,0.0035736530838478783,0.035839434397705594,0.05978003917569709,0.0005,0.4057070303638026,24468.43942790001
980,train,0.0036976875644781242,0.0036976875644781242,0.0,0.0,0.008532433770596981,2.2395886475660176e-06,0.0036976875644781242,0.03644691202613824,0.06080861422922022,0.0005,0.5364442445197195,24492.01316610002
981,train,0.00386990613521259,0.00386990613521259,0.0,0.0,0.008371785142511691,2.3807299771331876e-06,0.00386990613521259,0.03716702909156118,0.06220856962840884,0.0005,0.5104724871662428,24516.440969600022
982,train,0.004046755489726598,0.004046755489726598,0.0,0.0,0.007909214247088387,2.2943311422458686e-06,0.004046755489726598,0.03806022541193327,0.06361411391921291,0.0005,0.5825399494958374,24541.024477500003
983,train,0.0035392313361300234,0.0035392313361300234,0.0,0.0,0.008295801406691098,2.267233073651815e-06,0.0035392313361300234,0.0357717462630837,0.05949143918354996,0.0005,0.39070842035536496,24565.688732500013
984,train,0.0037233403315388744,0.0037233403315388744,0.0,0.0,0.008128769897838246,2.303802645810548e-06,0.0037233403315388744,0.036704161183311136,0.06101918003004362,0.0005,inf,24590.339059799997
985,train,0.003968658086122096,0.003968658086122096,0.0,0.0,0.008198152023877175,2.2948181594983907e-06,0.003968658086122096,0.03727116436469106,0.06299728633935034,0.0005,0.5389052612601586,24614.89277570002
986,train,0.003807493390044295,0.003807493390044295,0.0,0.0,0.008190632015818133,2.303979358057061e-06,0.003807493390044295,0.03646337368420132,0.061704889514886056,0.0005,0.5083639191569023,24638.8069997
987,train,0.0036125787713659385,0.0036125787713659385,0.0,0.0,0.008384511243762835,2.3336569059228048e-06,0.0036125787713659385,0.036183716854045415,0.060104731688661074,0.0005,0.48065955880677924,24664.058429900004
988,train,0.00380805878288262,0.00380805878288262,0.0,0.0,0.008673317255979439,2.32104934879454e-06,0.00380805878288262,0.03652172592152262,0.061709470771370414,0.0005,0.5222113042507531,24687.596345900005
989,train,0.004227888947790697,0.004227888947790697,0.0,0.0,0.00881416412984144,2.3197075459496054e-06,0.004227888947790697,0.03858916049665017,0.06502221887778589,0.0005,0.6456964626064841,24711.81329270001
990,train,0.0040644851905353606,0.0040644851905353606,0.0,0.0,0.008363396263206905,2.36185881150513e-06,0.0040644851905353606,0.038023595886199545,0.06375331513368823,0.0005,0.5469374937831231,24735.67315310001
991,train,0.00397543942340664,0.00397543942340664,0.0,0.0,0.00818956110029007,2.3635964268732834e-06,0.00397543942340664,0.03724497224133954,0.06305108582258231,0.0005,0.6929908580375168,24760.0492333
992,train,0.003903637497754766,0.003903637497754766,0.0,0.0,0.008053393955430333,2.325967271936638e-06,0.003903637497754766,0.03725281273770446,0.06247909648638308,0.0005,0.551850067275875,24785.12888970002
993,train,0.0037841109498467133,0.0037841109498467133,0.0,0.0,0.007952680345624685,2.2852229882496516e-06,0.0037841109498467133,0.036683844615933756,0.06151512781297551,0.0005,0.6379657781349038,24810.539857199998
994,train,0.0036692820869952897,0.0036692820869952897,0.0,0.0,0.007925143157887572,2.388955899818338e-06,0.0036692820869952897,0.036465591978598035,0.06057459935480622,0.0005,0.45712855767528965,24835.1124669
995,train,0.0037703975327085066,0.0037703975327085066,0.0,0.0,0.008780503531320477,2.3569205748846697e-06,0.0037703975327085066,0.036800715466082656,0.06140356286656749,0.0005,0.5222746921035478,24859.515246099996
996,train,0.003791879011561901,0.003791879011561901,0.0,0.0,0.008326356211360896,2.318976569613541e-06,0.003791879011561901,0.036711355707309434,0.06157823488507852,0.0005,0.5286424711065473,24884.20801990002
997,train,0.003681086630912999,0.003681086630912999,0.0,0.0,0.008089838681285674,2.34138428608413e-06,0.003681086630912999,0.03631821267728535,0.0606719591814291,0.0005,0.47763328001184285,24909.575568900007
998,train,0.0034912909047976294,0.0034912909047976294,0.0,0.0,0.008028613570374701,2.3032092326931612e-06,0.0034912909047976294,0.035746265820420856,0.05908714669704088,0.0005,0.3845346994557471,24934.6003469
999,train,0.0036121705956899835,0.0036121705956899835,0.0,0.0,0.008480591145959103,2.3416873515981144e-06,0.0036121705956899835,0.035946001711670506,0.06010133605578152,0.0005,0.5264294768841762,24959.913962799998
1000,train,0.0035176387833657052,0.0035176387833657052,0.0,0.0,0.00786961862852551,2.2449903060575863e-06,0.0035176387833657052,0.035425999751841686,0.059309685409431274,0.0005,0.4426860036152714,24985.466451400018
1,train,0.20658493976691908,0.20658493976691908,0.0,0.0,9.549207422900131e-05,2.3882048738431756e-06,0.20658493976691908,0.2668068897804984,0.4545161600723555,0.0005,inf,25.98859779999475
2,train,0.1283471243803879,0.1283471243803879,0.0,0.0,1.800840948148244e-05,2.353888724960512e-06,0.1283471243803879,0.19485505025412114,0.35825566901360806,0.0005,0.6725937102763158,49.969440599990776
3,train,0.12919114242395155,0.12919114242395155,0.0,0.0,1.6556249819295085e-05,2.2117998885321113e-06,0.12919114242395155,0.1931110806130576,0.3594316936831692,0.0005,0.7660095933473335,70.1345200999931
4,train,0.12987712292429798,0.12987712292429798,0.0,0.0,1.488211374927009e-05,2.3354718026001926e-06,0.12987712292429798,0.19387217414793811,0.36038468741651325,0.0005,0.891904648604258,90.78830660000676
5,train,0.1292421491632545,0.1292421491632545,0.0,0.0,1.4971565007109126e-05,2.317716024972126e-06,0.1292421491632545,0.1930880106809848,0.35950264138564336,0.0005,0.7591935404629078,114.66066870000213
6,train,0.12858068351234353,0.12858068351234353,0.0,0.0,1.4488826978639787e-05,2.302427575622854e-06,0.12858068351234353,0.1929488675598547,0.35858148796660366,0.0005,0.7437165002777891,135.65164530000766
7,train,0.12842473108844477,0.12842473108844477,0.0,0.0,1.3348397517819529e-05,2.345833416188296e-06,0.12842473108844477,0.19296614649477153,0.3583639645506294,0.0005,0.6741736193872848,156.09937119999086
8,train,0.12843923079023437,0.12843923079023437,0.0,0.0,1.2384905961159845e-05,2.3320137879121795e-06,0.12843923079023437,0.19305195155957675,0.358384194392323,0.0005,0.7468297793617789,176.44690479998826
9,train,0.12860894621292762,0.12860894621292762,0.0,0.0,1.146050299383823e-05,2.304716424146565e-06,0.12860894621292762,0.19278372186148218,0.35862089483593623,0.0005,0.7724021358310051,196.8647032000008
10,train,0.12903979154806672,0.12903979154806672,0.0,0.0,1.1420900196788111e-05,2.337452750701764e-06,0.12903979154806672,0.19318008842473883,0.3592210900658071,0.0005,0.7765319487958584,217.83032099998672
11,train,0.12928684224464648,0.12928684224464648,0.0,0.0,1.1212655580201721e-05,2.4029263819479724e-06,0.12928684224464648,0.19249021358049986,0.35956479561359517,0.0005,0.8463671457655025,237.8329481999972
12,train,0.12878135117502576,0.12878135117502576,0.0,0.0,1.1236409934425401e-05,2.258892192123381e-06,0.12878135117502576,0.19330127047163984,0.35886118649838095,0.0005,0.7850634098615287,258.83965399998124
13,train,0.12876442931009013,0.12876442931009013,0.0,0.0,1.096047118101884e-05,2.3327299956845138e-06,0.12876442931009013,0.19342122022062538,0.35883760855028857,0.0005,0.8055763792879177,280.49002860000473
14,train,0.1284272513709543,0.1284272513709543,0.0,0.0,1.1109404439130745e-05,2.2658264843246215e-06,0.1284272513709543,0.19314325150313244,0.35836748090605863,0.0005,0.7035091665555846,302.56891189998714
15,train,0.12916897527452334,0.12916897527452334,0.0,0.0,1.0925411876293233e-05,2.3290426124388106e-06,0.12916897527452334,0.19347327117509433,0.35940085597355403,0.0005,0.8687795023873167,324.10466729998006
16,train,0.1283660203459528,0.1283660203459528,0.0,0.0,1.04486428100708e-05,2.3596223039724996e-06,0.1283660203459528,0.1931603214158765,0.35828204022243815,0.0005,0.6813568990185576,344.5404736000055
17,train,0.12943265481278426,0.12943265481278426,0.0,0.0,1.0815955287192614e-05,2.251740157452383e-06,0.12943265481278426,0.19292907767208678,0.3597675010514211,0.0005,0.8892252636405656,372.48224919999484
18,train,0.12853613076899048,0.12853613076899048,0.0,0.0,1.044227495717592e-05,2.2732389197699376e-06,0.12853613076899048,0.1935692078416359,0.3585193589877546,0.0005,0.7858102583097961,407.0445570999873
19,train,0.12784589350194436,0.12784589350194436,0.0,0.0,9.761691646143038e-06,2.321751467979135e-06,0.12784589350194436,0.19245707740444903,0.3575554411583529,0.0005,0.6813071637221102,438.0978196999931
20,train,0.12806433821178018,0.12806433821178018,0.0,0.0,9.490203479319186e-06,2.3337968072292774e-06,0.12806433821178018,0.192027622833848,0.3578607804884187,0.0005,0.644047238916721,466.30660449998686
21,train,0.1285573677603954,0.1285573677603954,0.0,0.0,9.193109261379402e-06,2.3129477952197874e-06,0.1285573677603954,0.19316063887738388,0.3585489754000078,0.0005,0.6890457581798985,490.78381900000386
22,train,0.12864698831772844,0.12864698831772844,0.0,0.0,7.783813226472736e-06,2.3789059747836085e-06,0.12864698831772844,0.1935259053378173,0.3586739303569866,0.0005,0.7545673920298522,522.1111854999908
23,train,0.13009420488821014,0.13009420488821014,0.0,0.0,7.836521756374014e-06,2.3522867637301766e-06,0.13009420488821014,0.19409994798765143,0.3606857425629826,0.0005,0.9982354269837433,551.5364624999929
24,train,0.1295622563160509,0.1295622563160509,0.0,0.0,7.915030248525755e-06,2.35545095800365e-06,0.1295622563160509,0.19316662090110054,0.3599475743994546,0.0005,0.8686906757219782,580.3855082000082
25,train,0.12933739638494166,0.12933739638494166,0.0,0.0,7.189863661654461e-06,2.339424024696955e-06,0.12933739638494166,0.19237386761760383,0.3596350878111612,0.0005,0.8962675001261369,608.0887339999899
26,train,0.12904690122866083,0.12904690122866083,0.0,0.0,5.917065990152483e-06,2.3520926166418335e-06,0.12904690122866083,0.1949555701910044,0.3592309858971812,0.0005,0.8790870545045385,634.0758232999942
27,train,0.12801713089473468,0.12801713089473468,0.0,0.0,5.461999295083894e-06,2.3922317174061768e-06,0.12801713089473468,0.19215373649033454,0.35779481675219205,0.0005,0.6798250430597449,664.6389531999885
28,train,0.12782299023452173,0.12782299023452173,0.0,0.0,4.57693201651465e-06,2.43375081550286e-06,0.12782299023452173,0.19257537306831135,0.35752341214880146,0.0005,0.7383366199034564,700.3747960999899
29,train,0.12850500307474746,0.12850500307474746,0.0,0.0,4.632851963627749e-06,2.408020899359676e-06,0.12850500307474746,0.19315814086991662,0.3584759449039049,0.0005,0.7718956543589538,741.5675406999944
30,train,0.12853790504178622,0.12853790504178622,0.0,0.0,4.8895389364537e-06,2.387309845255244e-06,0.12853790504178622,0.19367847922697382,0.3585218334241113,0.0005,0.7863862812519073,779.8041089999897
31,train,0.12791107004469388,0.12791107004469388,0.0,0.0,4.827774808050752e-06,2.2680399842153386e-06,0.12791107004469388,0.19239657385766792,0.3576465714147053,0.0005,0.6709789251381496,810.369288499991
32,train,0.12817856330131583,0.12817856330131583,0.0,0.0,4.312981655977706e-06,2.3145114868865042e-06,0.12817856330131583,0.19225688728345733,0.35802033922853577,0.0005,0.726988747434796,835.641838999989
33,train,0.12816802245193543,0.12816802245193543,0.0,0.0,3.598506814256016e-06,2.351205346644318e-06,0.12816802245193543,0.19280409867400827,0.3580056179055511,0.0005,0.7809587509002326,861.2157820999855
34,train,0.12854525987016316,0.12854525987016316,0.0,0.0,3.3291309145564775e-06,2.3497464763870155e-06,0.12854525987016316,0.1930399917856843,0.35853209043286927,0.0005,0.8413178572114909,886.4738891999878
35,train,0.12786177377833466,0.12786177377833466,0.0,0.0,3.572017639494591e-06,2.3535154159960583e-06,0.12786177377833466,0.19327332351427032,0.3575776472017437,0.0005,0.7309030375952991,910.4204592999886
36,train,0.12839615116503206,0.12839615116503206,0.0,0.0,3.652733230753582e-06,2.293652914457472e-06,0.12839615116503206,0.1923605303438205,0.3583240867776433,0.0005,0.7354137905926075,934.2083149999962
37,train,0.12889734426419142,0.12889734426419142,0.0,0.0,3.6717607050583333e-06,2.3670025746228794e-06,0.12889734426419142,0.19333300437286216,0.35902276287749696,0.0005,0.8544703778230919,961.2534826000046
38,train,0.1277753708280216,0.1277753708280216,0.0,0.0,3.856070222509344e-06,2.3476500095881113e-06,0.1277753708280216,0.19323046599286348,0.3574568097379341,0.0005,0.8014930014340382,989.5294304999989
39,train,0.1271819260517901,0.1271819260517901,0.0,0.0,3.93591613949025e-06,2.2598572882689383e-06,0.1271819260517901,0.19215213500736458,0.35662575068521074,0.0005,0.6693219722441908,1018.3702776999853
40,train,0.1271071036387716,0.1271071036387716,0.0,0.0,4.1045678390562315e-06,2.3535333012951702e-06,0.1271071036387716,0.19149419822255676,0.35652083198429174,0.0005,0.6596042094927914,1045.342142599984
41,train,0.12820368154164682,0.12820368154164682,0.0,0.0,4.1913960970150754e-06,2.365698798952645e-06,0.12820368154164682,0.19243322375564362,0.3580554168584059,0.0005,0.7702763999970454,1075.6633908999793
42,train,0.12841384152348867,0.12841384152348867,0.0,0.0,4.146638755902938e-06,2.238868222655514e-06,0.12841384152348867,0.19370101325495062,0.35834877078551375,0.0005,0.8569746872164169,1101.6148219000024
43,train,0.12906572945441505,0.12906572945441505,0.0,0.0,4.1523879593474905e-06,2.2400617499786094e-06,0.12906572945441505,0.193264631526369,0.35925719123549227,0.0005,0.9037101960407113,1128.9968853000028
44,train,0.12782133629479403,0.12782133629479403,0.0,0.0,4.417764785102918e-06,2.2918183134915693e-06,0.12782133629479403,0.19232623324430784,0.357521099090381,0.0005,0.7705636617710006,1156.1649451999983
45,train,0.1271369627100044,0.1271369627100044,0.0,0.0,4.600814124713443e-06,2.2849861614064003e-06,0.1271369627100044,0.1916331237656468,0.35656270515857996,0.0005,0.7189831843353668,1186.1081561000028
46,train,0.1275713565820863,0.1275713565820863,0.0,0.0,4.7541575569548e-06,2.3332298102139007e-06,0.1275713565820863,0.19173832827616688,0.35717132665163126,0.0005,0.7163226648040537,1218.963240699988
47,train,0.12688778310534785,0.12688778310534785,0.0,0.0,5.089486091303527e-06,2.4235573790683014e-06,0.12688778310534785,0.191139142406788,0.3562131147295785,0.0005,0.6578337980328866,1254.5144811999926
48,train,0.1277331968106358,0.1277331968106358,0.0,0.0,5.499059419512292e-06,2.2884633934600573e-06,0.1277331968106358,0.19430746610785993,0.3573978131027606,0.0005,0.7897018554075709,1281.3033606999961
49,train,0.12822279579464382,0.12822279579464382,0.0,0.0,5.9524451066777745e-06,2.2900153882526966e-06,0.12822279579464382,0.19225633720041443,0.35808210761589837,0.0005,0.8640667118553845,1307.7851163999876
50,train,0.12682018587030777,0.12682018587030777,0.0,0.0,6.117690306708474e-06,2.3646132097743454e-06,0.12682018587030777,0.19136071743021874,0.3561182189530715,0.0005,0.7292943073893493,1332.661686699983
51,train,0.12849804441851478,0.12849804441851478,0.0,0.0,6.669786585607997e-06,2.3294606496662865e-06,0.12849804441851478,0.19381457880350217,0.3584662388824292,0.0005,0.9030609794382779,1358.865239000006
52,train,0.12905724918923367,0.12905724918923367,0.0,0.0,7.358428114080112e-06,2.3404885474897213e-06,0.12905724918923367,0.1929297110241539,0.3592453885427531,0.0005,0.9784623637514295,1384.3617712999985
53,train,0.12761674174585358,0.12761674174585358,0.0,0.0,9.153890279673572e-06,2.3005257149497134e-06,0.12761674174585358,0.19123225320868606,0.3572348551665327,0.0005,0.7758857914299335,1410.089617599995
54,train,0.1281094702849448,0.1281094702849448,0.0,0.0,8.329430809955636e-06,2.3221612253727693e-06,0.1281094702849448,0.193973175872047,0.3579238330775764,0.0005,0.8914335502206154,1434.8071307000064
55,train,0.1265920830618855,0.1265920830618855,0.0,0.0,8.85392760124578e-06,2.4158895257642143e-06,0.1265920830618855,0.1920090390193575,0.355797812053258,0.0005,0.6762594850558155,1458.81896959999
56,train,0.12693319283417567,0.12693319283417567,0.0,0.0,9.625368557811632e-06,2.28450827771152e-06,0.12693319283417567,0.19105435258199302,0.35627684858011144,0.0005,0.7755569666624069,1483.6136299000063
57,train,0.12707123781888272,0.12707123781888272,0.0,0.0,1.0447913077854846e-05,2.3437391351797246e-06,0.12707123781888272,0.1922807288619707,0.3564705286820815,0.0005,0.7752889585944841,1510.5345195999835
58,train,0.12808383343342356,0.12808383343342356,0.0,0.0,1.1500827534995173e-05,2.295689534788972e-06,0.12808383343342356,0.19502922082847024,0.35788801800762143,0.0005,0.9574085822645223,1536.2121646000014
59,train,0.1268735628436843,0.1268735628436843,0.0,0.0,1.2337211741533741e-05,2.2471987007657794e-06,0.1268735628436843,0.19193398357492014,0.35619315384168226,0.0005,0.8109351076045126,1560.915925599984
60,train,0.12765047981693162,0.12765047981693162,0.0,0.0,1.335165894865981e-05,2.2948224259723574e-06,0.12765047981693162,0.19227085041303957,0.3572820731815852,0.0005,0.9376112897441072,1585.5430450999993
61,train,0.1258179160826845,0.1258179160826845,0.0,0.0,1.445668401157611e-05,2.259241174249597e-06,0.1258179160826845,0.19136407779670267,0.354708212595486,0.0005,0.7433712732679439,1618.1196490000002
62,train,0.12684138994256222,0.12684138994256222,0.0,0.0,1.5766780961712357e-05,2.373257549358109e-06,0.12684138994256222,0.19215364769839172,0.35614798882285187,0.0005,0.8999827723458128,1644.5299352000002
63,train,0.12622650809187108,0.12622650809187108,0.0,0.0,1.7273825214256505e-05,2.37367907226693e-06,0.12622650809187108,0.19142745400620792,0.3552837008530944,0.0005,0.8172047475598893,1668.986248000001
64,train,0.12593163083393114,0.12593163083393114,0.0,0.0,1.914100585912271e-05,2.3175253571300244e-06,0.12593163083393114,0.19002042689870274,0.354868469765815,0.0005,0.7635673619103882,1693.0904981000058
65,train,0.12658464807178496,0.12658464807178496,0.0,0.0,2.1157262398326497e-05,2.271120854616901e-06,0.12658464807178496,0.19093170769090925,0.3557873635639481,0.0005,0.8794212141689265,1718.4384510999953
66,train,0.12552131132957448,0.12552131132957448,0.0,0.0,2.3399055382195104e-05,2.373943063829293e-06,0.12552131132957448,0.19116437523186486,0.3542898690755558,0.0005,0.8013343794165917,1742.9581483000075
67,train,0.12661548513648122,0.12661548513648122,0.0,0.0,2.6414594994660222e-05,2.2343630106197965e-06,0.12661548513648122,0.19135310016396753,0.3558306972936444,0.0005,1.0458810970468342,1767.7276671
68,train,0.1268271010710346,0.1268271010710346,0.0,0.0,2.798041992410051e-05,2.2755059232605283e-06,0.1268271010710346,0.19177877620776299,0.3561279279571241,0.0005,inf,1791.3752234999847
69,train,0.12562898957067037,0.12562898957067037,0.0,0.0,3.0208730232464763e-05,2.2456357362658173e-06,0.12562898957067037,0.19033026879758763,0.3544417999766257,0.0005,0.9187732912459463,1816.1013598999998
70,train,0.12545964528761477,0.12545964528761477,0.0,0.0,3.2972582493181655e-05,2.3168849098373408e-06,0.12545964528761477,0.191126795661337,0.3542028307165469,0.0005,0.9094710501859773,1840.3853594999819
71,train,0.125505461936151,0.125505461936151,0.0,0.0,3.6178106213656236e-05,2.3339060023643916e-06,0.125505461936151,0.19097312118963528,0.35426750053617817,0.0005,1.0041938179506447,1865.1263506999821
72,train,0.125771613945547,0.125771613945547,0.0,0.0,3.972583757751876e-05,2.3401546985831304e-06,0.125771613945547,0.1900646177120506,0.354642938665846,0.0005,0.9278136511456292,1889.7865856999997
73,train,0.12461699367361365,0.12461699367361365,0.0,0.0,4.371248741215754e-05,2.3324615531752023e-06,0.12461699367361365,0.18959418973832756,0.3530113223022934,0.0005,0.9134047959210738,1915.6806090000027
74,train,0.1243812671856365,0.1243812671856365,0.0,0.0,4.788833284005962e-05,2.3130645430219887e-06,0.1243812671856365,0.19025548920913962,0.35267728475992965,0.0005,0.9497140286103735,1939.3833764999872
75,train,0.124851325091896,0.124851325091896,0.0,0.0,5.274964970116996e-05,2.213825742934582e-06,0.124851325091896,0.18962129702932154,0.3533430699644412,0.0005,1.0187356359553787,1964.2369619999954
76,train,0.12565736018276644,0.12565736018276644,0.0,0.0,5.843679022257005e-05,2.384196741417636e-06,0.12565736018276644,0.19014899867569215,0.3544818192556093,0.0005,1.1840237547766488,1987.433595199982
77,train,0.12417779476508135,0.12417779476508135,0.0,0.0,6.359295716634424e-05,2.218437809872585e-06,0.12417779476508135,0.1903435683668644,0.3523886984071444,0.0005,1.092614548667422,2011.4669008000055
78,train,0.12419538069841779,0.12419538069841779,0.0,0.0,6.860675750671499e-05,2.2645827202894615e-06,0.12419538069841779,0.18905421305307243,0.3524136499887849,0.0005,1.1054376363754272,2036.5179418000043
79,train,0.1231580935382089,0.1231580935382089,0.0,0.0,7.457399061542742e-05,2.2704287934998922e-06,0.1231580935382089,0.18940344654937405,0.3509388743616314,0.0005,0.9480471180857353,2067.1590661999944
80,train,0.1233114413525536,0.1233114413525536,0.0,0.0,8.169809123775746e-05,2.308900788330851e-06,0.1233114413525536,0.1902403107475279,0.35115728862228335,0.0005,1.1473270485985954,2092.3345446999883
81,train,0.12281714377096718,0.12281714377096718,0.0,0.0,9.009362907337798e-05,2.3329391129698465e-06,0.12281714377096718,0.18739840082191633,0.35045276967227296,0.0005,1.0686787349997826,2115.6629428000015
82,train,0.12284719130242039,0.12284719130242039,0.0,0.0,9.975339152041893e-05,2.294254210577286e-06,0.12284719130242039,0.18757800080655324,0.35049563663820466,0.0005,1.1551238270300739,2139.1412643999793
83,train,0.12381217201806792,0.12381217201806792,0.0,0.0,0.00011201144071440827,2.2606813162091606e-06,0.12381217201806792,0.18939233936966865,0.35186953834918405,0.0005,1.4989191255760643,2164.5046292000043
84,train,0.12223770253045625,0.12223770253045625,0.0,0.0,0.00017038039107508253,2.272792147657969e-06,0.12223770253045625,0.1871819405711063,0.34962508853120977,0.0005,1.254184366678292,2188.53608369999
85,train,0.12274824013555466,0.12274824013555466,0.0,0.0,0.0005880514997769287,2.3410635669347785e-06,0.12274824013555466,0.18812906557412926,0.35035444928751036,0.0005,inf,2212.5796509000065
86,train,0.12180079573960063,0.12180079573960063,0.0,0.0,0.0011535018917507018,2.2696416580110275e-06,0.12180079573960063,0.1870267955445737,0.348999707363202,0.0005,1.4643678434614866,2237.3930733999878
87,train,0.12041331851373888,0.12041331851373888,0.0,0.0,0.0007478229598282784,2.2986923066230892e-06,0.12041331851373888,0.18857521799762006,0.34700622258648167,0.0005,1.597482292157299,2261.4320219999936
88,train,0.11811185296275376,0.11811185296275376,0.0,0.0,0.0020467990576641037,2.262898610666216e-06,0.11811185296275376,0.1844604044414635,0.3436740504646136,0.0005,1.5790024962065354,2286.4503058999835
89,train,0.11532344860676845,0.11532344860676845,0.0,0.0,0.0010467670003461809,2.406409836747219e-06,0.11532344860676845,0.18209951557921913,0.33959306324889565,0.0005,1.422591915389277,2311.091920899984
90,train,0.11332238610951396,0.11332238610951396,0.0,0.0,0.004325589448442015,2.2079183303126143e-06,0.11332238610951396,0.18135606299488333,0.33663390516927133,0.0005,1.8938435203624222,2335.6366425000015
91,train,0.10725500165127362,0.10725500165127362,0.0,0.0,0.007292276617350444,2.3998334392912647e-06,0.10725500165127362,0.17493713017166498,0.32749809411853625,0.0005,1.5205072327604834,2358.8559665000066
92,train,0.10056991572198037,0.10056991572198037,0.0,0.0,0.007841194584473686,2.3577838676845993e-06,0.10056991572198037,0.16842881479247848,0.317127601640066,0.0005,1.952263503704431,2382.6938074000063
93,train,0.0919312172675042,0.0919312172675042,0.0,0.0,0.007416783093984397,2.3330036592082216e-06,0.0919312172675042,0.15752008440113568,0.3032016115846092,0.0005,2.18514595082346,2407.2191323000006
94,train,0.08401795947072557,0.08401795947072557,0.0,0.0,0.007062884636293605,2.434922911784527e-06,0.08401795947072557,0.14683230456210816,0.2898585162984272,0.0005,inf,2430.795174800005
95,train,0.0795206900612717,0.0795206900612717,0.0,0.0,0.008102523496831363,2.3669243988341855e-06,0.0795206900612717,0.14302185795463204,0.2819941312532438,0.0005,3.888187179025614,2454.3343179999792
96,train,0.07329694458727179,0.07329694458727179,0.0,0.0,0.009722883531929186,2.3206995429750094e-06,0.07329694458727179,0.13864381223003253,0.2707340846426098,0.0005,2.743948173410488,2478.25345259998
97,train,0.06573137304181934,0.06573137304181934,0.0,0.0,0.009104822920459622,2.343796094430458e-06,0.06573137304181934,0.12912341709652875,0.2563813040021041,0.0005,3.1150720378137984,2501.8478070999845
98,train,0.06350563514224289,0.06350563514224289,0.0,0.0,0.008935759160316215,2.3428870973767295e-06,0.06350563514224289,0.12487831536926472,0.252003244308963,0.0005,3.2961428407228217,2525.959042600007
99,train,0.06127205336736052,0.06127205336736052,0.0,0.0,0.013889944233562587,2.2913836136347457e-06,0.06127205336736052,0.12043651705959217,0.24753192393580373,0.0005,2.6576809382663584,2552.8478017000016
100,train,0.059268129305564785,0.059268129305564785,0.0,0.0,0.01061171033191231,2.242118016682688e-06,0.059268129305564785,0.11992622320979554,0.24345046581504992,0.0005,2.5295688993525953,2585.786170699983
101,train,0.057911110198674905,0.057911110198674905,0.0,0.0,0.014926334860611637,2.2883985254664814e-06,0.057911110198674905,0.11697939106632234,0.2406472734079381,0.0005,2.687936931286218,2620.3686258999805
102,train,0.056411503804592235,0.056411503804592235,0.0,0.0,0.020882008526966256,2.3529029399555236e-06,0.056411503804592235,0.11468362789249648,0.23751106038370556,0.0005,2.3298806157314553,2654.213194399985
103,train,0.056362525037493116,0.056362525037493116,0.0,0.0,0.02215051067606458,2.33320096164257e-06,0.056362525037493116,0.11414131157029912,0.23740792960112583,0.0005,2.5880766567194238,2696.5874041999923
104,train,0.05513492507210993,0.05513492507210993,0.0,0.0,0.029692163620636147,2.3483392070838305e-06,0.05513492507210993,0.11196794437841986,0.23480827300610582,0.0005,2.3892379583052867,2732.2182482999924
105,train,0.05455646107249501,0.05455646107249501,0.0,0.0,0.03186105174135487,2.232340931478352e-06,0.05455646107249501,0.11188490071492095,0.2335732456264951,0.0005,2.5263169835198602,2761.4352043999825
106,train,0.05394518442239441,0.05394518442239441,0.0,0.0,0.032501016409610804,2.388344236745945e-06,0.05394518442239441,0.11148913909839289,0.2322610264818323,0.0005,2.266336255478409,2787.977497199987
107,train,0.054168356324939756,0.054168356324939756,0.0,0.0,0.029116319738469034,2.330887700479235e-06,0.054168356324939756,0.11061701858064758,0.2327409640027723,0.0005,2.7776126546679802,2816.5376458999817
108,train,0.05362388532732852,0.05362388532732852,0.0,0.0,0.031191055891367624,2.3362908133043127e-06,0.05362388532732852,0.11053080646461755,0.23156831676058046,0.0005,2.70470772936659,2847.863812399999
109,train,0.05222299551717028,0.05222299551717028,0.0,0.0,0.03330574072194549,2.352426667181684e-06,0.05222299551717028,0.10831280645545362,0.22852351195702003,0.0005,2.2365156805740214,2877.711045599979
110,train,0.05348424082803145,0.05348424082803145,0.0,0.0,0.03717720621037034,2.373387506283833e-06,0.05348424082803145,0.11124073775696021,0.2312666011944471,0.0005,2.868457114921426,2907.2983587000053
111,train,0.05102054443803972,0.05102054443803972,0.0,0.0,0.03897853708773289,2.2239304006740533e-06,0.05102054443803972,0.10624074690254791,0.22587727738318372,0.0005,2.239634193901746,2934.3739420000056
112,train,0.0509744787174535,0.0509744787174535,0.0,0.0,0.04208307867904879,2.2715415452522685e-06,0.0509744787174535,0.1065870200775845,0.22577528367262326,0.0005,2.366992420745346,2962.852144000004
113,train,0.05104019734359133,0.05104019734359133,0.0,0.0,0.04652539619578505,2.322121269811897e-06,0.05104019734359133,0.10870691211191269,0.22592077669747715,0.0005,2.672692252779907,2989.9613977999834
114,train,0.05032050775436525,0.05032050775436525,0.0,0.0,0.05572012045754576,2.2705472702000407e-06,0.05032050775436525,0.10591442649656872,0.22432233003953317,0.0005,2.039849835184385,3023.2845592999947
115,train,0.049152941987130425,0.049152941987130425,0.0,0.0,0.07196667059412543,2.3033957005573717e-06,0.049152941987130425,0.10391621849903802,0.22170462779818204,0.0005,2.2487764932074636,3051.8464288999967
116,train,0.05000415218706829,0.05000415218706829,0.0,0.0,0.09927686346027087,2.223229506304257e-06,0.05000415218706829,0.10681005199703407,0.22361608212977055,0.0005,2.9857664681830496,3075.3215507999994
117,train,0.04838671092254787,0.04838671092254787,0.0,0.0,0.12757206441096539,2.3415704171778963e-06,0.04838671092254787,0.10297558308877756,0.21996979547780615,0.0005,2.280644120472782,3099.315616799984
118,train,0.04914422017019154,0.04914422017019154,0.0,0.0,0.12242822363129202,2.327067719770124e-06,0.04914422017019154,0.10745121729999499,0.22168495702277938,0.0005,3.5965821377511293,3123.4354999999923
119,train,0.046623186984405304,0.046623186984405304,0.0,0.0,0.15060341105146227,2.2710436934296083e-06,0.046623186984405304,0.10155382772802186,0.21592403058577178,0.0005,2.4949600404163577,3147.988399099995
120,train,0.046637958447632334,0.046637958447632334,0.0,0.0,0.15588022093727905,2.2657389347344023e-06,0.046637958447632334,0.10307943018961628,0.21595823310916473,0.0005,2.7644469080106266,3172.362241499999
121,train,0.04488100086138111,0.04488100086138111,0.0,0.0,0.17789531007127943,2.3080101205984115e-06,0.04488100086138111,0.10067488543408097,0.21185136502128352,0.0005,2.1029347507458813,3196.633605399984
122,train,0.04414355836772714,0.04414355836772714,0.0,0.0,0.2291043628499193,2.381961544501191e-06,0.04414355836772714,0.10081851976870929,0.21010368480283048,0.0005,2.525226055451159,3221.483525799995
123,train,0.045394190598415415,0.045394190598415415,0.0,0.0,0.1785611757692301,2.3139772231002526e-06,0.045394190598415415,0.10258777952876011,0.21305912465420349,0.0005,2.7339352717939414,3246.6157437000074
124,train,0.04552834607619037,0.04552834607619037,0.0,0.0,0.22256851533673844,2.3547338021259903e-06,0.04552834607619037,0.10579074517173587,0.21337372395913787,0.0005,3.1398977052490666,3271.6152430000075
125,train,0.04370975202949716,0.04370975202949716,0.0,0.0,0.20636846856126245,2.3275487588110097e-06,0.04370975202949716,0.10374825000587218,0.20906877344428354,0.0005,3.3749447363727496,3297.3922166999837
126,train,0.04386699079384342,0.04386699079384342,0.0,0.0,0.26416697563990105,2.320193400593334e-06,0.04386699079384342,0.10678061945012433,0.20944448141176558,0.0005,4.366315830428645,3323.7531693000055
127,train,0.042142348155120656,0.042142348155120656,0.0,0.0,0.2041456952409924,2.3403072770445263e-06,0.042142348155120656,0.10238496152121784,0.20528601548844153,0.0005,3.2819536142754107,3349.970485800004
128,train,0.043236755931838906,0.043236755931838906,0.0,0.0,0.3625159356391655,2.260651009014252e-06,0.043236755931838906,0.10608927304065732,0.20793449913816348,0.0005,4.464563928685099,3373.87318699999
129,train,0.04274818891517154,0.04274818891517154,0.0,0.0,0.3235643539788588,2.307323561495341e-06,0.04274818891517154,0.10404532179939298,0.20675635157153344,0.0005,4.387800044608566,3398.7365072999964
130,train,0.0413705931096184,0.0413705931096184,0.0,0.0,0.2130303813039132,2.191461544927459e-06,0.0413705931096184,0.1017521244087169,0.20339762316609897,0.0005,3.430537662416134,3422.260839800001
131,train,0.038430109330428806,0.038430109330428806,0.0,0.0,0.2552369236946106,2.287742713290428e-06,0.038430109330428806,0.0993846463109806,0.19603598988560444,0.0005,2.611613736962372,3446.1215902999975
132,train,0.03819964907342404,0.03819964907342404,0.0,0.0,0.28463290013232323,2.3746064822983e-06,0.03819964907342404,0.09967130546651358,0.19544730510657865,0.0005,inf,3469.7314870999835
133,train,0.037008478076711745,0.037008478076711745,0.0,0.0,0.27599846585741583,2.305067141605832e-06,0.037008478076711745,0.0976783156588252,0.1923758770654776,0.0005,2.7054759725084843,3494.29023839999
134,train,0.037666807456281384,0.037666807456281384,0.0,0.0,0.293992318634717,2.3088043647321854e-06,0.037666807456281384,0.09927657939634232,0.19407938441854505,0.0005,3.062324494685767,3518.8416686999844
135,train,0.0358764906831054,0.0358764906831054,0.0,0.0,0.3026756661118202,2.3606575877976248e-06,0.0358764906831054,0.09559969820152477,0.1894109043405511,0.0005,3.00786662551592,3542.9030756999855
136,train,0.0347464825706787,0.0347464825706787,0.0,0.0,0.308652714738306,2.381872120150667e-06,0.0347464825706787,0.09399450871003967,0.18640408410407402,0.0005,2.36500065844014,3566.9840331999876
137,train,0.037198106894109795,0.037198106894109795,0.0,0.0,0.22939174102162416,2.3679768643870495e-06,0.037198106894109795,0.10282551835835825,0.19286810750901714,0.0005,4.832766537396413,3591.690233400004
138,train,0.036286978912100476,0.036286978912100476,0.0,0.0,0.21957810279333367,2.305777212433964e-06,0.036286978912100476,0.10025986372405349,0.19049141427397845,0.0005,4.481875525330597,3615.5850182999857
139,train,0.033462113071368114,0.033462113071368114,0.0,0.0,0.4124933841093531,2.3339461917340436e-06,0.033462113071368114,0.09460582989004426,0.18292652369563064,0.0005,2.6455397111064984,3640.1260285000026
140,train,0.033629468688054914,0.033629468688054914,0.0,0.0,0.5624869971905114,2.2715395181945014e-06,0.033629468688054914,0.09490426880887375,0.18338339261791106,0.0005,2.991418668121662,3664.326440100005
141,train,0.033186016141086634,0.033186016141086634,0.0,0.0,0.5160644419913022,2.312013032009555e-06,0.033186016141086634,0.09521915113975137,0.1821702943431959,0.0005,3.0335499377183193,3688.302983899979
142,train,0.03288359900524364,0.03288359900524364,0.0,0.0,0.5643069361740688,2.3419494190643747e-06,0.03288359900524364,0.09423412584506399,0.18133835503070947,0.0005,2.555184170884906,3712.5025399999868
143,train,0.03328179579460445,0.03328179579460445,0.0,0.0,0.5522210592368864,2.2635529148828937e-06,0.03328179579460445,0.09492886449509072,0.1824329898746508,0.0005,3.269736442363487,3736.234181399981
144,train,0.032423871952160656,0.032423871952160656,0.0,0.0,0.5909470263517128,2.338165485662961e-06,0.032423871952160656,0.09465144822760574,0.18006629876842767,0.0005,2.7588044545560515,3761.054591299995
145,train,0.03317436786286943,0.03317436786286943,0.0,0.0,0.4968425012984366,2.316659277930053e-06,0.03317436786286943,0.09597831209067187,0.18213832068751878,0.0005,3.4840676683299945,3784.894712199981
146,train,0.03307730390232843,0.03307730390232843,0.0,0.0,0.47906084499269164,2.3337573300111372e-06,0.03307730390232843,0.09366322931710555,0.18187166877314462,0.0005,2.7217605271429384,3807.996417699993
147,train,0.032009137905423,0.032009137905423,0.0,0.0,0.5106715318166984,2.4026464184574267e-06,0.032009137905423,0.09295870948336876,0.17891097759898078,0.0005,2.0923092711084292,3832.295578499994
148,train,0.032833109140140225,0.032833109140140225,0.0,0.0,0.4752424960991122,2.274979392324277e-06,0.032833109140140225,0.09452282296107065,0.181199087028992,0.0005,3.177846478966047,3856.306602900004
149,train,0.032061056149253114,0.032061056149253114,0.0,0.0,0.44766014027145673,2.326776838053088e-06,0.032061056149253114,0.09152838313460067,0.17905601399912016,0.0005,2.586440584569607,3879.7639022999792
150,train,0.03279345116331209,0.03279345116331209,0.0,0.0,0.4434851661043347,2.354274962048946e-06,0.03279345116331209,0.09552255122799355,0.1810896219094625,0.0005,3.7496013382695756,3904.1147678999987
151,train,0.03135384878456397,0.03135384878456397,0.0,0.0,0.40572786556099943,2.345817645893373e-06,0.03135384878456397,0.09139746814825626,0.17707018039343603,0.0005,2.5810798266023958,3928.7939411999832
152,train,0.03175254186255944,0.03175254186255944,0.0,0.0,0.4243298684650997,2.315865711627236e-06,0.03175254186255944,0.09302206171922524,0.17819242930764326,0.0005,3.3077286256934113,3952.5551140999887
153,train,0.031098870838084037,0.031098870838084037,0.0,0.0,0.4275145474469887,2.226457328741265e-06,0.031098870838084037,0.0922414679396546,0.17634871941152291,0.0005,2.889654704984629,3976.193889499991
154,train,0.03070622961909152,0.03070622961909152,0.0,0.0,0.44059428235269943,2.2642132294867275e-06,0.03070622961909152,0.0918645828856893,0.1752319309346659,0.0005,2.758535590374245,4000.7407938999822
155,train,0.029761376752084862,0.029761376752084862,0.0,0.0,0.4413261616005088,2.1677427532336396e-06,0.029761376752084862,0.08980227504804172,0.17251485951095594,0.0005,2.6971135836727216,4027.0924440999806
156,train,0.03059554749657455,0.03059554749657455,0.0,0.0,0.40634111019800295,2.2846608926385052e-06,0.03059554749657455,0.0910682351855596,0.1749158297484094,0.0005,2.5358493631740786,4055.18582459999
157,train,0.02996918636372529,0.02996918636372529,0.0,0.0,0.3948520928058984,2.325389039229639e-06,0.02996918636372529,0.09046518882420265,0.17311610659821716,0.0005,2.433298609166775,4079.288339299994
158,train,0.029057265743121768,0.029057265743121768,0.0,0.0,0.3808187206961074,2.279855635297624e-06,0.029057265743121768,0.08985925560711691,0.1704619187476246,0.0005,2.601747643272832,4104.488698000001
159,train,0.031345915412288684,0.031345915412288684,0.0,0.0,0.374572938343264,2.32697833188519e-06,0.031345915412288684,0.09302073285721665,0.1770477772023379,0.0005,3.3833395894968286,4129.588958699984
160,train,0.029288107382500428,0.029288107382500428,0.0,0.0,0.3590503829830098,2.260373428657229e-06,0.029288107382500428,0.09074317928719913,0.1711376854538486,0.0005,2.9037745549993694,4156.578569100006
161,train,0.029564365546808264,0.029564365546808264,0.0,0.0,0.34665048459790787,2.3142420898367626e-06,0.029564365546808264,0.08970159843985766,0.17194291362777434,0.0005,2.360531689985743,4181.9561911000055
162,train,0.029739942178756164,0.029739942178756164,0.0,0.0,0.3296583233014593,2.2815549296213264e-06,0.029739942178756164,0.09126511330031,0.17245272447472718,0.0005,3.503749927822149,4208.281291099993
163,train,0.031419433589271316,0.031419433589271316,0.0,0.0,0.3468200665599895,2.3069889082007478e-06,0.031419433589271316,0.09495406910636513,0.1772552780293758,0.0005,3.815693695590181,4233.612169400003
164,train,0.02961143098228896,0.02961143098228896,0.0,0.0,0.3187239664905476,2.346130707268938e-06,0.02961143098228896,0.08999128714028112,0.17207972275166228,0.0005,2.5217543407431187,4259.117730600003
165,train,0.028853548192850187,0.028853548192850187,0.0,0.0,0.33938054318697947,2.3417083943882665e-06,0.028853548192850187,0.08933628303227283,0.16986332209411834,0.0005,2.644390472825968,4282.521384399995
166,train,0.028936485643512325,0.028936485643512325,0.0,0.0,0.3184518223663546,2.301386416547757e-06,0.028936485643512325,0.08825093387749117,0.17010727686819374,0.0005,2.1367947248355397,4308.16901469999
167,train,0.028122443463192055,0.028122443463192055,0.0,0.0,0.3654262940838652,2.3953380686746314e-06,0.028122443463192055,0.08785168682840075,0.16769747601914603,0.0005,2.0762815627287017,4332.620188700006
168,train,0.028792150393400228,0.028792150393400228,0.0,0.0,0.3694466200639617,2.3451149604196238e-06,0.028792150393400228,0.09035181784475188,0.1696824987834639,0.0005,2.754139434616521,4357.411288000003
169,train,0.028996767828220124,0.028996767828220124,0.0,0.0,0.38789362390086335,2.3270882198665035e-06,0.028996767828220124,0.08966785145501764,0.1702843734117142,0.0005,3.1209839768004866,4380.415000899986
170,train,0.027964540902318716,0.027964540902318716,0.0,0.0,0.32751835207894164,2.2551383020776107e-06,0.027964540902318716,0.08874106258505361,0.16722601742049206,0.0005,2.563463698018272,4402.753537299985
171,train,0.028407161334490526,0.028407161334490526,0.0,0.0,0.3464250868221499,2.282509873317772e-06,0.028407161334490526,0.09085712485226258,0.16854424147531866,0.0005,inf,4424.633801199991
172,train,0.027616769466675455,0.027616769466675455,0.0,0.0,0.36640909764001955,2.3400948156501365e-06,0.027616769466675455,0.08620064801026908,0.16618293975819376,0.0005,1.9229062098377157,4446.802710899996
173,train,0.027538422840693532,0.027538422840693532,0.0,0.0,0.3514114258424291,2.388009111543723e-06,0.027538422840693532,0.086274947039783,0.16594704830364876,0.0005,2.3569726966462046,4470.577849900001
174,train,0.02732726831181592,0.02732726831181592,0.0,0.0,0.3701989335833855,2.310140253716524e-06,0.02732726831181592,0.08716908507224802,0.1653096134887984,0.0005,2.5088014945668995,4492.932288799988
175,train,0.027863316597358773,0.027863316597358773,0.0,0.0,0.38645124772809586,2.376554242423395e-06,0.027863316597358773,0.0881989501434255,0.16692308587298155,0.0005,2.9446506758905806,4515.862162899983
176,train,0.02755795268421248,0.02755795268421248,0.0,0.0,0.3338317573070526,2.328700264904841e-06,0.02755795268421248,0.08690511085936484,0.16600588147476125,0.0005,2.157560994040291,4542.239604300004
177,train,0.02699946169832058,0.02699946169832058,0.0,0.0,0.3184917855937526,2.3115634434670596e-06,0.02699946169832058,0.08733466703374428,0.16431512924353794,0.0005,2.705208480358124,4565.706238899991
178,train,0.028217454575949995,0.028217454575949995,0.0,0.0,0.3229966917127933,2.2779268093935967e-06,0.028217454575949995,0.08817936784043066,0.16798051844172288,0.0005,2.675630792131964,4589.035181199986
179,train,0.028195306728731294,0.028195306728731294,0.0,0.0,0.31956168728054696,2.2956857681080847e-06,0.028195306728731294,0.08970446812410679,0.1679145816441541,0.0005,3.2144899868740224,4610.975193999999
180,train,0.02702999914233585,0.02702999914233585,0.0,0.0,0.3074980231950868,2.4457338779613118e-06,0.02702999914233585,0.08581128780607065,0.16440802639267904,0.0005,2.2964640338465854,4633.313053999998
181,train,0.02825060090271675,0.02825060090271675,0.0,0.0,0.30493996334525775,2.406727608618928e-06,0.02825060090271675,0.08930407074403088,0.16807915070798266,0.0005,3.587153340847987,4657.697654299991
182,train,0.028709223234305546,0.028709223234305546,0.0,0.0,0.3159551676714195,2.19156987132353e-06,0.028709223234305546,0.0902272819840121,0.16943796278964623,0.0005,3.5104565462976134,4681.501945600001
183,train,0.027169329393229486,0.027169329393229486,0.0,0.0,0.3096847399225775,2.211513818127849e-06,0.027169329393229486,0.08768308558589166,0.1648312148630516,0.0005,2.578916657645747,4704.5985680999875
184,train,0.026930721280360514,0.026930721280360514,0.0,0.0,0.28730968090723147,2.2856795953456006e-06,0.026930721280360514,0.08617679200328465,0.1641058234200131,0.0005,2.536779709582059,4728.893922599993
185,train,0.032139624073815355,0.032139624073815355,0.0,0.0,0.3122280346897413,2.2967595917711975e-06,0.032139624073815355,0.09844412031706491,0.17927527457464779,0.0005,inf,4753.075937799993
186,train,0.02970114006391257,0.02970114006391257,0.0,0.0,0.2551894154188768,2.295509950341031e-06,0.02970114006391257,0.0931085784480257,0.17234018702529183,0.0005,3.493289887905121,4775.547299700003
187,train,0.026711548763925303,0.026711548763925303,0.0,0.0,0.21001576112126405,2.3898456859415262e-06,0.026711548763925303,0.08571785208857004,0.1634366812068983,0.0005,2.0724673378017715,4797.663200499985
188,train,0.02694970517337458,0.02694970517337458,0.0,0.0,0.23059525776584194,2.3504252189837337e-06,0.02694970517337458,0.08657146298660427,0.16416365363068214,0.0005,3.0269829788297975,4821.999711599987
189,train,0.028915898374447666,0.028915898374447666,0.0,0.0,0.26472546722529067,2.335109778663159e-06,0.028915898374447666,0.09402768922758833,0.1700467534957597,0.0005,3.9844747151968614,4846.054966700001
190,train,0.027912858751053888,0.027912858751053888,0.0,0.0,0.2601631410279364,2.292482969645583e-06,0.027912858751053888,0.08903936939489729,0.1670714181152895,0.0005,2.6795403844905348,4868.754010500008
191,train,0.02721535650114606,0.02721535650114606,0.0,0.0,0.27294137708421023,2.3815316087663788e-06,0.02721535650114606,0.08736832951072536,0.1649707746879612,0.0005,2.4371093067358123,4891.594029200001
192,train,0.026493172707980094,0.026493172707980094,0.0,0.0,0.27074229773485436,2.3096457266976082e-06,0.026493172707980094,0.0871748379870968,0.1627672347494424,0.0005,2.809841329196714,4913.674619700003
193,train,0.025310175191558336,0.025310175191558336,0.0,0.0,0.25403139276324577,2.363023758386229e-06,0.025310175191558336,0.08381967778967798,0.15909171943114556,0.0005,2.225596069727304,4935.478150599985
194,train,0.025840726395657643,0.025840726395657643,0.0,0.0,0.2514296719488108,2.2401002876715623e-06,0.025840726395657643,0.085616196031278,0.16075050978350783,0.0005,2.344570789415881,4960.030616200005
195,train,0.02544349308187726,0.02544349308187726,0.0,0.0,0.2603453636731742,2.3597018096826913e-06,0.02544349308187726,0.0826035853000885,0.15951016607689072,0.0005,2.110440927294065,4982.111926099984
196,train,0.026020219533474685,0.026020219533474685,0.0,0.0,0.25910272660120476,2.336565774573998e-06,0.026020219533474685,0.08422391392677178,0.1613078408927312,0.0005,2.334873273125235,5005.821649299993
197,train,0.026630955560128473,0.026630955560128473,0.0,0.0,0.244690717672402,2.3296253475735902e-06,0.026630955560128473,0.08630681533963894,0.16318993706760376,0.0005,3.003494284063015,5029.1131134000025
198,train,0.02581887459151781,0.02581887459151781,0.0,0.0,0.2635238800408705,2.3018561383857027e-06,0.02581887459151781,0.0842676175828531,0.1606825273373487,0.0005,2.4473291292505444,5052.209404399997
199,train,0.02500233104864887,0.02500233104864887,0.0,0.0,0.2534949998810606,2.237278940725137e-06,0.02500233104864887,0.08324840658361901,0.1581212542596626,0.0005,2.1357247660744867,5075.1566339999845
200,train,0.025397749239373466,0.025397749239373466,0.0,0.0,0.28264028283784975,2.2567138364807625e-06,0.025397749239373466,0.08274986343282571,0.15936671308455058,0.0005,1.8720984177769355,5098.932060099993
1,train,0.15171774452107956,0.15171774452107956,0.0,0.0,1.057906052704886e-06,2.238424831118192e-06,0.15171774452107956,0.23537571697654028,0.38950962057576904,0.0005,1.6559748874520355,22.910096500010695
2,train,0.1289297721428876,0.1289297721428876,0.0,0.0,1.3573109431533493e-06,2.2689141877341377e-06,0.1289297721428876,0.1927918893249951,0.35906792135038684,0.0005,0.7998021006021859,43.1677672000078
3,train,0.12880935968563753,0.12880935968563753,0.0,0.0,4.0842185804426405e-07,2.2815308408819376e-06,0.12880935968563753,0.1930978278453761,0.35890020853384513,0.0005,0.7720244574659275,62.551978700008476
4,train,0.12858266732347956,0.12858266732347956,0.0,0.0,4.464351342607668e-07,2.29884504810712e-06,0.12858266732347956,0.1928045060345024,0.35858425414883954,0.0005,0.7391392161261361,82.30504590002238
5,train,0.12899412406550254,0.12899412406550254,0.0,0.0,3.5576483712874215e-07,2.3818493441724983e-06,0.12899412406550254,0.19381727131329618,0.35915751985097366,0.0005,0.8122286116177181,102.33307490000152
6,train,0.1283402218633575,0.1283402218633575,0.0,0.0,3.818416051105813e-07,2.259353955882686e-06,0.1283402218633575,0.19406545988090754,0.3582460353770262,0.0005,0.6610870147651097,122.35799190000398
7,train,0.12880709507946858,0.12880709507946858,0.0,0.0,3.576287073609013e-07,2.327916808150443e-06,0.12880709507946858,0.19257886732032273,0.35889705359541274,0.0005,0.7402835125630757,142.07199090000358
8,train,0.12853621083626388,0.12853621083626388,0.0,0.0,3.7032360386598705e-07,2.2973423333410813e-06,0.12853621083626388,0.19270764467534876,0.35851947065154477,0.0005,0.7198785970795829,161.82873160002055
9,train,0.1283834096623358,0.1283834096623358,0.0,0.0,4.162349763140261e-07,2.3099722696160996e-06,0.1283834096623358,0.19297707290827942,0.35830630703678074,0.0005,0.6881767857187199,184.62743140000384
10,train,0.12817833182815996,0.12817833182815996,0.0,0.0,4.029685825108178e-07,2.270274514026e-06,0.12817833182815996,0.19316257266152023,0.35802001596022526,0.0005,0.678528515094856,207.1379617000057
11,train,0.12900638606554155,0.12900638606554155,0.0,0.0,4.055592063101564e-07,2.35189070881804e-06,0.12900638606554155,0.19346763879095888,0.3591745899497089,0.0005,0.793971079419244,229.67451850001817
12,train,0.12856288050893883,0.12856288050893883,0.0,0.0,4.3895275432918907e-07,2.352010663447079e-06,0.12856288050893883,0.19249362320691915,0.3585566628985422,0.0005,0.7120460687943224,250.12605049999547
13,train,0.12951954362745383,0.12951954362745383,0.0,0.0,5.215562238527985e-07,2.2491303774208887e-06,0.12951954362745383,0.1936889856667169,0.35988823768977757,0.0005,0.8523304806846492,270.2040487000195
14,train,0.12869128399549978,0.12869128399549978,0.0,0.0,5.413870334845308e-07,2.3534532915018302e-06,0.12869128399549978,0.19229894448774607,0.3587356742721579,0.0005,0.7654320816948729,289.2298392000084
15,train,0.12974155205650642,0.12974155205650642,0.0,0.0,5.840914402039555e-07,2.270276644045431e-06,0.12974155205650642,0.1943280771216553,0.3601965464250128,0.0005,0.8609752998037158,313.5042015000072
16,train,0.12847698112006048,0.12847698112006048,0.0,0.0,6.123979795051607e-07,2.3799061508262243e-06,0.12847698112006048,0.1923884102143347,0.3584368579262748,0.0005,0.7703917591639284,345.1407424000208
17,train,0.1284081470173232,0.1284081470173232,0.0,0.0,7.172164984849415e-07,2.353784302527547e-06,0.1284081470173232,0.19385305369307976,0.35834082521717114,0.0005,0.7377155545466351,376.1827891000139
18,train,0.12942083011011213,0.12942083011011213,0.0,0.0,7.478953485365052e-07,2.2940626933014534e-06,0.12942083011011213,0.1932394412908492,0.359751066864453,0.0005,0.8552818561218819,406.7485040000174
19,train,0.12837926714851594,0.12837926714851594,0.0,0.0,8.269235418340958e-07,2.3795512419692044e-06,0.12837926714851594,0.19257708224555792,0.358300526302315,0.0005,0.7492025353998508,437.4813388000184
20,train,0.12891357144783477,0.12891357144783477,0.0,0.0,8.693991023117736e-07,2.3549898828004756e-06,0.12891357144783477,0.19286741804823557,0.35904536126767433,0.0005,0.7915618799205096,467.92686860001413
21,train,0.12807533274789645,0.12807533274789645,0.0,0.0,9.380956449381044e-07,2.3797153800224584e-06,0.12807533274789645,0.1937315310650277,0.3578761416298891,0.0005,0.7097650676403405,498.67249660001835
22,train,0.12785011671482416,0.12785011671482416,0.0,0.0,1.071957465786188e-06,2.2938564911182424e-06,0.12785011671482416,0.19218107168826284,0.3575613467851694,0.0005,0.6318702835519359,530.1104381000041
23,train,0.12889739966760216,0.12889739966760216,0.0,0.0,1.1830837112664188e-06,2.2958949840650127e-06,0.12889739966760216,0.19374515586093355,0.35902284003612106,0.0005,0.8136134088601706,561.4990511000215
24,train,0.128608276600961,0.128608276600961,0.0,0.0,1.2250292561990171e-06,2.4049492676224546e-06,0.128608276600961,0.19219996845876838,0.35861996124164786,0.0005,0.7898840881743521,591.952637600014
25,train,0.12869702908217323,0.12869702908217323,0.0,0.0,1.4139009738944466e-06,2.2559277370436455e-06,0.12869702908217323,0.1931909058858061,0.3587436815919874,0.0005,0.8156988283373275,623.640094900009
26,train,0.1284468188032097,0.1284468188032097,0.0,0.0,1.5530773101279507e-06,2.3314071849765824e-06,0.1284468188032097,0.192463066216277,0.3583947806584378,0.0005,0.7983812889400518,654.7514785999956
27,train,0.12888376437475463,0.12888376437475463,0.0,0.0,1.5892328219534939e-06,2.3289912388583686e-06,0.12888376437475463,0.19327937809855875,0.35900385008347,0.0005,0.7777452769706834,686.2561847000034
28,train,0.1301993015846336,0.1301993015846336,0.0,0.0,1.6822188931569745e-06,2.254638077846601e-06,0.1301993015846336,0.1934287034221134,0.3608314032683874,0.0005,0.9413213400908236,717.7817870000144
29,train,0.12830040165750897,0.12830040165750897,0.0,0.0,2.2475801801673063e-06,2.358610044949565e-06,0.12830040165750897,0.19408094206086868,0.3581904544477825,0.0005,0.7675308942232492,748.56524180001
30,train,0.1289367973082919,0.1289367973082919,0.0,0.0,1.9671592159318366e-06,2.318982554260281e-06,0.1289367973082919,0.19265157946930178,0.3590777037192534,0.0005,0.8308894898531571,779.0015217000037
31,train,0.12929954825231108,0.12929954825231108,0.0,0.0,2.280344405043475e-06,2.307318372656465e-06,0.12929954825231108,0.19352891969512087,0.3595824637719574,0.0005,0.8967699774031369,810.101422000007
32,train,0.12833935964964047,0.12833935964964047,0.0,0.0,2.3193991650396988e-06,2.234992207205615e-06,0.12833935964964047,0.19307356191061015,0.35824483199292695,0.0005,0.7711156899074338,841.5067529000225
33,train,0.1274511201697608,0.1274511201697608,0.0,0.0,2.484091405161928e-06,2.2722976420894e-06,0.1274511201697608,0.1916797786230608,0.35700296941308596,0.0005,0.6759773265078383,873.0935835000128
34,train,0.12863289459816066,0.12863289459816066,0.0,0.0,2.713463028106522e-06,2.2820732987006437e-06,0.12863289459816066,0.1925489693475922,0.3586542828381681,0.0005,0.7807470337962205,904.1012250000203
35,train,0.12976422842419305,0.12976422842419305,0.0,0.0,3.0978075267070516e-06,2.2903904368402712e-06,0.12976422842419305,0.19434775663364046,0.3602280228191486,0.0005,0.9416083600723518,935.0397508000024
36,train,0.12822165959367787,0.12822165959367787,0.0,0.0,3.319616999366224e-06,2.2325667886142804e-06,0.12822165959367787,0.19379173945987,0.35808052110339356,0.0005,0.7568520484667904,965.7813454999996
37,train,0.12942363020504344,0.12942363020504344,0.0,0.0,3.545728502086724e-06,2.3659303747510145e-06,0.12942363020504344,0.19328711962432796,0.3597549585551858,0.0005,0.9054513500546509,997.1714230000216
38,train,0.12757114817731285,0.12757114817731285,0.0,0.0,3.8558272673020286e-06,2.2788880594919837e-06,0.12757114817731285,0.19233577875420454,0.35717103490808555,0.0005,0.6805621978809249,1028.695133900008
39,train,0.12766807694674498,0.12766807694674498,0.0,0.0,4.206986663773006e-06,2.2880222370488654e-06,0.12766807694674498,0.19370262073880087,0.3573066987151864,0.0005,0.6681973461834889,1060.602997400012
40,train,0.12799922604785677,0.12799922604785677,0.0,0.0,4.536169914024627e-06,2.2636836483111694e-06,0.12799922604785677,0.19223949609078336,0.35776979476732906,0.0005,0.811877080292072,2387.815548600018
