Date,pred,asset,model
2007-02-08,0.010144559256953836,DBC,HAR-RV
2007-02-09,0.010347496339913373,DBC,HAR-RV
2007-02-12,0.009902708281496513,DBC,HAR-RV
2007-02-13,0.010617757189106038,DBC,HAR-RV
2007-02-14,0.010221786484773062,DBC,HAR-RV
2007-02-15,0.010462508070721898,DBC,HAR-RV
2007-02-16,0.01032131151080206,DBC,HAR-RV
2007-02-20,0.010744847298803553,DBC,HAR-RV
2007-02-21,0.010277504195769801,DBC,HAR-RV
2007-02-22,0.010853571205257373,DBC,HAR-RV
2007-02-23,0.010584472602940587,DBC,HAR-RV
2007-02-26,0.011015564682020251,DBC,HAR-RV
2007-02-27,0.010591720700215152,DBC,HAR-RV
2007-02-28,0.011009450267501959,DBC,HAR-RV
2007-03-01,0.010736556399452197,DBC,HAR-RV
2007-03-02,0.010920008221322382,DBC,HAR-RV
2007-03-05,0.011007776959146325,DBC,HAR-RV
2007-03-06,0.010683865466939182,DBC,HAR-RV
2007-03-07,0.010351559083498083,DBC,HAR-RV
2007-03-08,0.010868563655012313,DBC,HAR-RV
2007-03-09,0.010693921863059794,DBC,HAR-RV
2007-03-12,0.011122422154989481,DBC,HAR-RV
2007-03-13,0.010872190184577652,DBC,HAR-RV
2007-03-14,0.010990464611246545,DBC,HAR-RV
2007-03-15,0.010738434463281377,DBC,HAR-RV
2007-03-16,0.010906695838369,DBC,HAR-RV
2007-03-19,0.010505849245276384,DBC,HAR-RV
2007-03-20,0.010388677051360054,DBC,HAR-RV
2007-03-21,0.010071823373587257,DBC,HAR-RV
2007-03-22,0.009880113882472693,DBC,HAR-RV
2007-03-23,0.009904012599093539,DBC,HAR-RV
2007-03-26,0.009306113299300174,DBC,HAR-RV
2007-03-27,0.009552434455522455,DBC,HAR-RV
2007-03-28,0.009166938379717842,DBC,HAR-RV
2007-03-29,0.009209301967504581,DBC,HAR-RV
2007-03-30,0.009232300837767111,DBC,HAR-RV
2007-04-02,0.009040329078793258,DBC,HAR-RV
2007-04-03,0.009269244316579628,DBC,HAR-RV
2007-04-04,0.009315806170674016,DBC,HAR-RV
2007-04-05,0.009446815640019791,DBC,HAR-RV
2007-04-09,0.008986853022295703,DBC,HAR-RV
2007-04-10,0.009247209971392504,DBC,HAR-RV
2007-04-11,0.00902552946641222,DBC,HAR-RV
2007-04-12,0.008916945296518122,DBC,HAR-RV
2007-04-13,0.009132323458687905,DBC,HAR-RV
2007-04-16,0.008891493683487985,DBC,HAR-RV
2007-04-17,0.008843862525138071,DBC,HAR-RV
2007-04-18,0.008888237814537186,DBC,HAR-RV
2007-04-19,0.00870543188120358,DBC,HAR-RV
2007-04-20,0.008776555295935191,DBC,HAR-RV
2007-04-23,0.008708917688428557,DBC,HAR-RV
2007-04-24,0.008748918243195732,DBC,HAR-RV
2007-04-25,0.008962590000487866,DBC,HAR-RV
2007-04-26,0.008934676368794275,DBC,HAR-RV
2007-04-27,0.00913666824282794,DBC,HAR-RV
2007-04-30,0.009536667604296577,DBC,HAR-RV
2007-05-01,0.009542118255420468,DBC,HAR-RV
2007-05-02,0.00934668151675003,DBC,HAR-RV
2007-05-03,0.009198541107645368,DBC,HAR-RV
2007-05-04,0.008866564184257618,DBC,HAR-RV
2007-05-07,0.008741319649491725,DBC,HAR-RV
2007-05-08,0.008674798610427246,DBC,HAR-RV
2007-05-09,0.008444581865119228,DBC,HAR-RV
2007-05-10,0.008473626220722359,DBC,HAR-RV
2007-05-11,0.00831719089765409,DBC,HAR-RV
2007-05-14,0.00828878506086923,DBC,HAR-RV
2007-05-15,0.00826183229381298,DBC,HAR-RV
2007-05-16,0.00850162782904127,DBC,HAR-RV
2007-05-17,0.008544499530929566,DBC,HAR-RV
2007-05-18,0.0086582240910601,DBC,HAR-RV
2007-05-21,0.008612573757486955,DBC,HAR-RV
2007-05-22,0.008486842848299446,DBC,HAR-RV
2007-05-23,0.008701896104811074,DBC,HAR-RV
2007-05-24,0.008740770634622749,DBC,HAR-RV
2007-05-25,0.008641289952539544,DBC,HAR-RV
2007-05-29,0.008507292586448261,DBC,HAR-RV
2007-05-30,0.008721022318945778,DBC,HAR-RV
2007-05-31,0.009071583186573636,DBC,HAR-RV
2007-06-01,0.009147379146003387,DBC,HAR-RV
2007-06-04,0.009180746997322117,DBC,HAR-RV
2007-06-05,0.00915033509453589,DBC,HAR-RV
2007-06-06,0.009066994319285659,DBC,HAR-RV
2007-06-07,0.008649750383332065,DBC,HAR-RV
2007-06-08,0.008369276906342989,DBC,HAR-RV
2007-06-11,0.008551439785821534,DBC,HAR-RV
2007-06-12,0.009416457528089592,DBC,HAR-RV
2007-06-13,0.009584316141816845,DBC,HAR-RV
2007-06-14,0.009029600375364903,DBC,HAR-RV
2007-06-15,0.009426568004233091,DBC,HAR-RV
2007-06-18,0.00932887029379381,DBC,HAR-RV
2007-06-19,0.009028775247248834,DBC,HAR-RV
2007-06-20,0.00861650016608186,DBC,HAR-RV
2007-06-21,0.009029164806549271,DBC,HAR-RV
2007-06-22,0.008571394553331647,DBC,HAR-RV
2007-06-25,0.008526441735052338,DBC,HAR-RV
2007-06-26,0.008129360710281471,DBC,HAR-RV
2007-06-27,0.008306753032682638,DBC,HAR-RV
2007-06-28,0.008472579465062552,DBC,HAR-RV
2007-06-29,0.007931053388870676,DBC,HAR-RV
2007-07-02,0.007604315416284486,DBC,HAR-RV
2007-07-03,0.007333827714874345,DBC,HAR-RV
2007-07-05,0.00747009912674725,DBC,HAR-RV
2007-07-06,0.006970335492685266,DBC,HAR-RV
2007-07-09,0.007595107167536945,DBC,HAR-RV
2007-07-10,0.007593810692612039,DBC,HAR-RV
2007-07-11,0.007304773545292879,DBC,HAR-RV
2007-07-12,0.007569619780167777,DBC,HAR-RV
2007-07-13,0.006957736641665048,DBC,HAR-RV
2007-07-16,0.006443127166248664,DBC,HAR-RV
2007-07-17,0.006504078870361661,DBC,HAR-RV
2007-07-18,0.007779110258531948,DBC,HAR-RV
2007-07-19,0.0071576564560585825,DBC,HAR-RV
2007-07-20,0.007538060377955765,DBC,HAR-RV
2007-07-23,0.007014560034154581,DBC,HAR-RV
2007-07-24,0.006572326963593934,DBC,HAR-RV
2007-07-25,0.0067865946927362225,DBC,HAR-RV
2007-07-26,0.007078606162818043,DBC,HAR-RV
2007-07-27,0.0072642014927677715,DBC,HAR-RV
2007-07-30,0.0077020798590743955,DBC,HAR-RV
2007-07-31,0.0077320627098785965,DBC,HAR-RV
2007-08-01,0.008182534635058383,DBC,HAR-RV
2007-08-02,0.007800485819129,DBC,HAR-RV
2007-08-03,0.007051927185120465,DBC,HAR-RV
2007-08-06,0.007059922856973417,DBC,HAR-RV
2007-08-07,0.008304656771241356,DBC,HAR-RV
2007-08-08,0.008645912884321982,DBC,HAR-RV
2007-08-09,0.007745944984656831,DBC,HAR-RV
2007-08-10,0.0073523003919359585,DBC,HAR-RV
2007-08-13,0.007840813906261021,DBC,HAR-RV
2007-08-14,0.007430084304370789,DBC,HAR-RV
2007-08-15,0.00769003036759134,DBC,HAR-RV
2007-08-16,0.007388605762925115,DBC,HAR-RV
2007-08-17,0.007718242567235941,DBC,HAR-RV
2007-08-20,0.008651332727590609,DBC,HAR-RV
2007-08-21,0.007203603488213404,DBC,HAR-RV
2007-08-22,0.0072112492544590834,DBC,HAR-RV
2007-08-23,0.00700116409751436,DBC,HAR-RV
2007-08-24,0.006911400244246097,DBC,HAR-RV
2007-08-27,0.0067699555023,DBC,HAR-RV
2007-08-28,0.0074962793006934664,DBC,HAR-RV
2007-08-29,0.006568138330050315,DBC,HAR-RV
2007-08-30,0.007433187723331595,DBC,HAR-RV
2007-08-31,0.00739041790138383,DBC,HAR-RV
2007-09-04,0.006591102877069592,DBC,HAR-RV
2007-09-05,0.006322500286358504,DBC,HAR-RV
2007-09-06,0.007383359693139857,DBC,HAR-RV
2007-09-07,0.006393830033489263,DBC,HAR-RV
2007-09-10,0.006240107604369863,DBC,HAR-RV
2007-09-11,0.006475850723262969,DBC,HAR-RV
2007-09-12,0.006592631154614084,DBC,HAR-RV
2007-09-13,0.006215023282473458,DBC,HAR-RV
2007-09-14,0.006820016927928132,DBC,HAR-RV
2007-09-17,0.006625523684759448,DBC,HAR-RV
2007-09-18,0.006325646500251818,DBC,HAR-RV
2007-09-19,0.006835995272143599,DBC,HAR-RV
2007-09-20,0.006319479006531341,DBC,HAR-RV
2007-09-21,0.00677733152332349,DBC,HAR-RV
2007-09-24,0.007369431318202082,DBC,HAR-RV
2007-09-25,0.007143082633707584,DBC,HAR-RV
2007-09-26,0.006857923170730581,DBC,HAR-RV
2007-09-27,0.0071195567521914116,DBC,HAR-RV
2007-09-28,0.006828895032094551,DBC,HAR-RV
2007-10-01,0.007925717858998415,DBC,HAR-RV
2007-10-02,0.0073746394785644265,DBC,HAR-RV
2007-10-03,0.007754052796637444,DBC,HAR-RV
2007-10-04,0.008317562051703916,DBC,HAR-RV
2007-10-05,0.00831997513955111,DBC,HAR-RV
2007-10-08,0.008150193350491969,DBC,HAR-RV
2007-10-09,0.008367909083449757,DBC,HAR-RV
2007-10-10,0.008733197583583475,DBC,HAR-RV
2007-10-11,0.008666821621237403,DBC,HAR-RV
2007-10-12,0.008945647108333185,DBC,HAR-RV
2007-10-15,0.008980503636419541,DBC,HAR-RV
2007-10-16,0.009189009238305944,DBC,HAR-RV
2007-10-17,0.008792140143845866,DBC,HAR-RV
2007-10-18,0.009198579839724379,DBC,HAR-RV
2007-10-19,0.008703060961744762,DBC,HAR-RV
2007-10-22,0.008584150131520677,DBC,HAR-RV
2007-10-23,0.009060589648254552,DBC,HAR-RV
2007-10-24,0.008389942815327255,DBC,HAR-RV
2007-10-25,0.008372127106087052,DBC,HAR-RV
2007-10-26,0.008608640721741098,DBC,HAR-RV
2007-10-29,0.008656061363454936,DBC,HAR-RV
2007-10-30,0.009483465096681912,DBC,HAR-RV
2007-10-31,0.00967950976554367,DBC,HAR-RV
2007-11-01,0.01105019548495129,DBC,HAR-RV
2007-11-02,0.012320661086324684,DBC,HAR-RV
2007-11-05,0.012319607931269648,DBC,HAR-RV
2007-11-06,0.01251186159593622,DBC,HAR-RV
2007-11-07,0.012975602463830805,DBC,HAR-RV
2007-11-08,0.012649969539805602,DBC,HAR-RV
2007-11-09,0.011684370336627864,DBC,HAR-RV
2007-11-12,0.010941789501449991,DBC,HAR-RV
2007-11-13,0.01038989604890331,DBC,HAR-RV
2007-11-14,0.010909940007474118,DBC,HAR-RV
2007-11-15,0.011515792919651466,DBC,HAR-RV
2007-11-16,0.011979397494873102,DBC,HAR-RV
2007-11-19,0.01215583619738384,DBC,HAR-RV
2007-11-20,0.012006450797770973,DBC,HAR-RV
2007-11-21,0.011724639707596164,DBC,HAR-RV
2007-11-23,0.012054817473410143,DBC,HAR-RV
2007-11-26,0.011627034244535428,DBC,HAR-RV
2007-11-27,0.011717175795600929,DBC,HAR-RV
2007-11-28,0.0119713835723721,DBC,HAR-RV
2007-11-29,0.011664545409183259,DBC,HAR-RV
2007-11-30,0.010926326251614363,DBC,HAR-RV
2007-12-03,0.010775979933058275,DBC,HAR-RV
2007-12-04,0.010532132333054115,DBC,HAR-RV
2007-12-05,0.009997282981673992,DBC,HAR-RV
2007-12-06,0.009742738898244766,DBC,HAR-RV
2007-12-07,0.009229563525822777,DBC,HAR-RV
2007-12-10,0.009528437385119295,DBC,HAR-RV
2007-12-11,0.009302003135279983,DBC,HAR-RV
2007-12-12,0.00886814342128351,DBC,HAR-RV
2007-12-13,0.009003504368521712,DBC,HAR-RV
2007-12-14,0.009497669198954627,DBC,HAR-RV
2007-12-17,0.009696243954322729,DBC,HAR-RV
2007-12-18,0.009656465322593401,DBC,HAR-RV
2007-12-19,0.009578643515970871,DBC,HAR-RV
2007-12-20,0.009002129587405192,DBC,HAR-RV
2007-12-21,0.008538139058819061,DBC,HAR-RV
2007-12-24,0.008327823690368365,DBC,HAR-RV
2007-12-26,0.008160119896419063,DBC,HAR-RV
2007-12-27,0.00836477946301536,DBC,HAR-RV
2007-12-28,0.008472073172367471,DBC,HAR-RV
2007-12-31,0.008264768394730846,DBC,HAR-RV
2008-01-02,0.008135746488910993,DBC,HAR-RV
2008-01-03,0.007866844180150094,DBC,HAR-RV
2008-01-04,0.00816632391024751,DBC,HAR-RV
2008-01-07,0.008535043398840075,DBC,HAR-RV
2008-01-08,0.008682278788203348,DBC,HAR-RV
2008-01-09,0.008924008941674767,DBC,HAR-RV
2008-01-10,0.009693973360606858,DBC,HAR-RV
2008-01-11,0.008805827969432424,DBC,HAR-RV
2008-01-14,0.008901773294790626,DBC,HAR-RV
2008-01-15,0.008973589177288997,DBC,HAR-RV
2008-01-16,0.008749476315407564,DBC,HAR-RV
2008-01-17,0.008650992754819838,DBC,HAR-RV
2008-01-18,0.008734521238030191,DBC,HAR-RV
2008-01-22,0.00895001145240378,DBC,HAR-RV
2008-01-23,0.008985896471983123,DBC,HAR-RV
2008-01-24,0.00873324639927046,DBC,HAR-RV
2008-01-25,0.008773612478393774,DBC,HAR-RV
2008-01-28,0.010027346712196773,DBC,HAR-RV
2008-01-29,0.010283786377103202,DBC,HAR-RV
2008-01-30,0.01035213712095031,DBC,HAR-RV
2008-01-31,0.010405101972723771,DBC,HAR-RV
2008-02-01,0.009959493634760029,DBC,HAR-RV
2008-02-04,0.009466136051640367,DBC,HAR-RV
2008-02-05,0.009755312826459354,DBC,HAR-RV
2008-02-06,0.010047527635725358,DBC,HAR-RV
2008-02-07,0.009829082917973526,DBC,HAR-RV
2008-02-08,0.009695048042434096,DBC,HAR-RV
2008-02-11,0.010140446262828102,DBC,HAR-RV
2008-02-12,0.010974875436820419,DBC,HAR-RV
2008-02-13,0.010752976664779782,DBC,HAR-RV
2008-02-14,0.011331776847849674,DBC,HAR-RV
2008-02-15,0.011804811586811447,DBC,HAR-RV
2008-02-19,0.011690613994534624,DBC,HAR-RV
2008-02-20,0.012034857563711858,DBC,HAR-RV
2008-02-21,0.011528921480165148,DBC,HAR-RV
2008-02-22,0.012238723298268934,DBC,HAR-RV
2008-02-25,0.012333381202477903,DBC,HAR-RV
2008-02-26,0.012222859594945797,DBC,HAR-RV
2008-02-27,0.012336338900395462,DBC,HAR-RV
2008-02-28,0.011151924912329914,DBC,HAR-RV
2008-02-29,0.011725414475556046,DBC,HAR-RV
2008-03-03,0.011453712196530633,DBC,HAR-RV
2008-03-04,0.011309025784522603,DBC,HAR-RV
2008-03-05,0.011578422430098963,DBC,HAR-RV
2008-03-06,0.01225877640119882,DBC,HAR-RV
2008-03-07,0.011219228440969266,DBC,HAR-RV
2008-03-10,0.012027682995294586,DBC,HAR-RV
2008-03-11,0.011856328062586886,DBC,HAR-RV
2008-03-12,0.011772376895214817,DBC,HAR-RV
2008-03-13,0.012299649779144432,DBC,HAR-RV
2008-03-14,0.011720195772134644,DBC,HAR-RV
2008-03-17,0.011899423267635073,DBC,HAR-RV
2008-03-18,0.011802717482567391,DBC,HAR-RV
2008-03-19,0.010728399300072041,DBC,HAR-RV
2008-03-20,0.012638738395791565,DBC,HAR-RV
2008-03-24,0.016618739939121115,DBC,HAR-RV
2008-03-25,0.01778764803915178,DBC,HAR-RV
2008-03-26,0.016399525606890675,DBC,HAR-RV
2008-03-27,0.01755989817622048,DBC,HAR-RV
2008-03-28,0.018103504923822924,DBC,HAR-RV
2008-03-31,0.01760395926717032,DBC,HAR-RV
2008-04-01,0.017701610832699756,DBC,HAR-RV
2008-04-02,0.018110953257806706,DBC,HAR-RV
2008-04-03,0.018509387699512554,DBC,HAR-RV
2008-04-04,0.017916161529076515,DBC,HAR-RV
2008-04-07,0.017412612682272233,DBC,HAR-RV
2008-04-08,0.016586034314984628,DBC,HAR-RV
2008-04-09,0.015007562145824958,DBC,HAR-RV
2008-04-10,0.015037049144982634,DBC,HAR-RV
2008-04-11,0.013652294572851623,DBC,HAR-RV
2008-04-14,0.012819987146916529,DBC,HAR-RV
2008-04-15,0.012073879230045116,DBC,HAR-RV
2008-04-16,0.011749026875173357,DBC,HAR-RV
2008-04-17,0.0122429134169173,DBC,HAR-RV
2008-04-18,0.011414508876714129,DBC,HAR-RV
2008-04-21,0.010517887085878093,DBC,HAR-RV
2008-04-22,0.009699260622789169,DBC,HAR-RV
2008-04-23,0.008713878015194099,DBC,HAR-RV
2008-04-24,0.00791878000943479,DBC,HAR-RV
2008-04-25,0.00799980411476227,DBC,HAR-RV
2008-04-28,0.009193427794372041,DBC,HAR-RV
2008-04-29,0.01023560083576678,DBC,HAR-RV
2008-04-30,0.010320924596792746,DBC,HAR-RV
2008-05-01,0.011327020684496137,DBC,HAR-RV
2008-05-02,0.01117131014932798,DBC,HAR-RV
2008-05-05,0.011501013667615245,DBC,HAR-RV
2008-05-06,0.01220141507846191,DBC,HAR-RV
2008-05-07,0.013980542596677088,DBC,HAR-RV
2008-05-08,0.013026846735929076,DBC,HAR-RV
2008-05-09,0.013367184739733095,DBC,HAR-RV
2008-05-12,0.012475906209013307,DBC,HAR-RV
2008-05-13,0.011664457716881549,DBC,HAR-RV
2008-05-14,0.011412859042363228,DBC,HAR-RV
2008-05-15,0.011103354628038837,DBC,HAR-RV
2008-05-16,0.01223107035618848,DBC,HAR-RV
2008-05-19,0.01195801689393183,DBC,HAR-RV
2008-05-20,0.011778611197290303,DBC,HAR-RV
2008-05-21,0.010817156692214329,DBC,HAR-RV
2008-05-22,0.011410661396615264,DBC,HAR-RV
2008-05-23,0.012374643017729814,DBC,HAR-RV
2008-05-27,0.01301807190554932,DBC,HAR-RV
2008-05-28,0.012293960803925204,DBC,HAR-RV
2008-05-29,0.013031159509515448,DBC,HAR-RV
2008-05-30,0.012796045115928655,DBC,HAR-RV
2008-06-02,0.011943354041129981,DBC,HAR-RV
2008-06-03,0.012123996017630855,DBC,HAR-RV
2008-06-04,0.012985641267757817,DBC,HAR-RV
2008-06-05,0.013156602918437994,DBC,HAR-RV
2008-06-06,0.014499463363298194,DBC,HAR-RV
2008-06-09,0.014912348137429062,DBC,HAR-RV
2008-06-10,0.01687041692102422,DBC,HAR-RV
2008-06-11,0.016657442554178895,DBC,HAR-RV
2008-06-12,0.015789267734072063,DBC,HAR-RV
2008-06-13,0.015724659642539593,DBC,HAR-RV
2008-06-16,0.014451298290556655,DBC,HAR-RV
2008-06-17,0.01237210299605275,DBC,HAR-RV
2008-06-18,0.01162753371844745,DBC,HAR-RV
2008-06-19,0.01168184156816451,DBC,HAR-RV
2008-06-20,0.009952641609993316,DBC,HAR-RV
2008-06-23,0.011421110011225068,DBC,HAR-RV
2008-06-24,0.012142626293979178,DBC,HAR-RV
2008-06-25,0.012318774948804468,DBC,HAR-RV
2008-06-26,0.011559560516173496,DBC,HAR-RV
2008-06-27,0.010987207493420212,DBC,HAR-RV
2008-06-30,0.010125593322563851,DBC,HAR-RV
2008-07-01,0.01160180238421809,DBC,HAR-RV
2008-07-02,0.011475182798862732,DBC,HAR-RV
2008-07-03,0.013087149734964165,DBC,HAR-RV
2008-07-07,0.014128832864110435,DBC,HAR-RV
2008-07-08,0.012535482892118184,DBC,HAR-RV
2008-07-09,0.012701322927074111,DBC,HAR-RV
2008-07-10,0.012222176878439496,DBC,HAR-RV
2008-07-11,0.013940155855385496,DBC,HAR-RV
2008-07-14,0.01224247496413389,DBC,HAR-RV
2008-07-15,0.014491038605424077,DBC,HAR-RV
2008-07-16,0.014820726295457928,DBC,HAR-RV
2008-07-17,0.01122911448573352,DBC,HAR-RV
2008-07-18,0.014499748666932035,DBC,HAR-RV
2008-07-21,0.013545599823614873,DBC,HAR-RV
2008-07-22,0.014529357530095321,DBC,HAR-RV
2008-07-23,0.016229614165508322,DBC,HAR-RV
2008-07-24,0.014231978042873532,DBC,HAR-RV
2008-07-25,0.0147254453275581,DBC,HAR-RV
2008-07-28,0.014989357995696347,DBC,HAR-RV
2008-07-29,0.013245604067750211,DBC,HAR-RV
2008-07-30,0.013404383793753376,DBC,HAR-RV
2008-07-31,0.011764214852187786,DBC,HAR-RV
2008-08-01,0.010524306960400421,DBC,HAR-RV
2008-08-04,0.012409209063264006,DBC,HAR-RV
2008-08-05,0.012205002582462621,DBC,HAR-RV
2008-08-06,0.012038038178434192,DBC,HAR-RV
2008-08-07,0.014627256899920105,DBC,HAR-RV
2008-08-08,0.013347525188219422,DBC,HAR-RV
2008-08-11,0.013809929654523085,DBC,HAR-RV
2008-08-12,0.012331471479007344,DBC,HAR-RV
2008-08-13,0.012975846236301712,DBC,HAR-RV
2008-08-14,0.012361595180863607,DBC,HAR-RV
2008-08-15,0.011010465793106803,DBC,HAR-RV
2008-08-18,0.01434725545030865,DBC,HAR-RV
2008-08-19,0.012474625258123193,DBC,HAR-RV
2008-08-20,0.013941636020520433,DBC,HAR-RV
2008-08-21,0.01321134253967823,DBC,HAR-RV
2008-08-22,0.012388243046055127,DBC,HAR-RV
2008-08-25,0.011470791498776625,DBC,HAR-RV
2008-08-26,0.013401338320926152,DBC,HAR-RV
2008-08-27,0.01583728514982457,DBC,HAR-RV
2008-08-28,0.015025718257923874,DBC,HAR-RV
2008-08-29,0.014568919429263121,DBC,HAR-RV
2008-09-02,0.012361843755414062,DBC,HAR-RV
2008-09-03,0.011928450537291897,DBC,HAR-RV
2008-09-04,0.01123277531986793,DBC,HAR-RV
2008-09-05,0.013163370174893397,DBC,HAR-RV
2008-09-08,0.012905424105944117,DBC,HAR-RV
2008-09-09,0.012540564862683692,DBC,HAR-RV
2008-09-10,0.013338227040875061,DBC,HAR-RV
2008-09-11,0.010496759372641688,DBC,HAR-RV
2008-09-12,0.013796222629857179,DBC,HAR-RV
2008-09-15,0.01266465066885562,DBC,HAR-RV
2008-09-16,0.012870664389814646,DBC,HAR-RV
2008-09-17,0.012195569771135773,DBC,HAR-RV
2008-09-18,0.012983117315616934,DBC,HAR-RV
2008-09-19,0.013550281379586016,DBC,HAR-RV
2008-09-22,0.016085249007128932,DBC,HAR-RV
2008-09-23,0.015047040669570886,DBC,HAR-RV
2008-09-24,0.013979935522550871,DBC,HAR-RV
2008-09-25,0.015794753122873845,DBC,HAR-RV
2008-09-26,0.014841111366099845,DBC,HAR-RV
2008-09-29,0.014880734991914559,DBC,HAR-RV
2008-09-30,0.014576518235559463,DBC,HAR-RV
2008-10-01,0.01248823358755305,DBC,HAR-RV
2008-10-02,0.01689674985318647,DBC,HAR-RV
2008-10-03,0.020446683166415836,DBC,HAR-RV
2008-10-06,0.021490170817764276,DBC,HAR-RV
2008-10-07,0.027625677632187783,DBC,HAR-RV
2008-10-08,0.022976497495040358,DBC,HAR-RV
2008-10-09,0.023836229092093854,DBC,HAR-RV
2008-10-10,0.024795210918156264,DBC,HAR-RV
2008-10-13,0.0220809689695279,DBC,HAR-RV
2008-10-14,0.027759206132017156,DBC,HAR-RV
2008-10-15,0.02792014252923276,DBC,HAR-RV
2008-10-16,0.03391030251472789,DBC,HAR-RV
2008-10-17,0.032974094045405425,DBC,HAR-RV
2008-10-20,0.03099270755560052,DBC,HAR-RV
2008-10-21,0.027230261161786135,DBC,HAR-RV
2008-10-22,0.024563040402853654,DBC,HAR-RV
2008-10-23,0.02693613562219477,DBC,HAR-RV
2008-10-24,0.024332973849247215,DBC,HAR-RV
2008-10-27,0.028481537620736193,DBC,HAR-RV
2008-10-28,0.02635906621779867,DBC,HAR-RV
2008-10-29,0.028777098114244025,DBC,HAR-RV
2008-10-30,0.028370145599935788,DBC,HAR-RV
2008-10-31,0.027233338399370394,DBC,HAR-RV
2008-11-03,0.03059411530393745,DBC,HAR-RV
2008-11-04,0.029671556030400864,DBC,HAR-RV
2008-11-05,0.02969792669098932,DBC,HAR-RV
2008-11-06,0.028338835346328896,DBC,HAR-RV
2008-11-07,0.027872931822613033,DBC,HAR-RV
2008-11-10,0.025713028723039554,DBC,HAR-RV
2008-11-11,0.028008232258497703,DBC,HAR-RV
2008-11-12,0.02598484177956613,DBC,HAR-RV
2008-11-13,0.022567821424200742,DBC,HAR-RV
2008-11-14,0.021325324545705415,DBC,HAR-RV
2008-11-17,0.019445033009797663,DBC,HAR-RV
2008-11-18,0.020424851591400686,DBC,HAR-RV
2008-11-19,0.020282670151009118,DBC,HAR-RV
2008-11-20,0.020508770759350987,DBC,HAR-RV
2008-11-21,0.020056770250080916,DBC,HAR-RV
2008-11-24,0.019058047258431104,DBC,HAR-RV
2008-11-25,0.023365640761199097,DBC,HAR-RV
2008-11-26,0.023591336385711505,DBC,HAR-RV
2008-11-28,0.02820733543639184,DBC,HAR-RV
2008-12-01,0.03161024329670739,DBC,HAR-RV
2008-12-02,0.029987162503100503,DBC,HAR-RV
2008-12-03,0.030269312083951255,DBC,HAR-RV
2008-12-04,0.026420412247183972,DBC,HAR-RV
2008-12-05,0.02459968687054704,DBC,HAR-RV
2008-12-08,0.023732349328965462,DBC,HAR-RV
2008-12-09,0.02458420666685296,DBC,HAR-RV
2008-12-10,0.02427361925212669,DBC,HAR-RV
2008-12-11,0.027260232110235393,DBC,HAR-RV
2008-12-12,0.028681894284215255,DBC,HAR-RV
2008-12-15,0.02738625814165005,DBC,HAR-RV
2008-12-16,0.028048397306375233,DBC,HAR-RV
2008-12-17,0.025926981240846594,DBC,HAR-RV
2008-12-18,0.02614217360127284,DBC,HAR-RV
2008-12-19,0.024865571255815587,DBC,HAR-RV
2008-12-22,0.02285787510782832,DBC,HAR-RV
2008-12-23,0.022549460363316898,DBC,HAR-RV
2008-12-24,0.020064581659993246,DBC,HAR-RV
2008-12-26,0.020393359827890582,DBC,HAR-RV
2008-12-29,0.019241925765006426,DBC,HAR-RV
2008-12-30,0.018282392326273975,DBC,HAR-RV
2008-12-31,0.018596785939858747,DBC,HAR-RV
2009-01-02,0.017010496308656347,DBC,HAR-RV
2009-01-05,0.01739825115853908,DBC,HAR-RV
2009-01-06,0.01959479914603222,DBC,HAR-RV
2009-01-07,0.021520993080691664,DBC,HAR-RV
2009-01-08,0.021879222098822537,DBC,HAR-RV
2009-01-09,0.02309420466447321,DBC,HAR-RV
2009-01-12,0.023996951226894256,DBC,HAR-RV
2009-01-13,0.02099099124276518,DBC,HAR-RV
2009-01-14,0.021063701592594918,DBC,HAR-RV
2009-01-15,0.022896399837999078,DBC,HAR-RV
2009-01-16,0.019410959525578905,DBC,HAR-RV
2009-01-20,0.01971009103117799,DBC,HAR-RV
2009-01-21,0.018645004096150348,DBC,HAR-RV
2009-01-22,0.015222483800877939,DBC,HAR-RV
2009-01-23,0.016437236053883777,DBC,HAR-RV
2009-01-26,0.015848011740046446,DBC,HAR-RV
2009-01-27,0.017097374843434862,DBC,HAR-RV
2009-01-28,0.0206831105661037,DBC,HAR-RV
2009-01-29,0.018236537073691356,DBC,HAR-RV
2009-01-30,0.02031513570323022,DBC,HAR-RV
2009-02-02,0.02119454110758344,DBC,HAR-RV
2009-02-03,0.018477960907336086,DBC,HAR-RV
2009-02-04,0.018857228741564418,DBC,HAR-RV
2009-02-05,0.01773511445446757,DBC,HAR-RV
2009-02-06,0.016382762716226185,DBC,HAR-RV
2009-02-09,0.01577565175282362,DBC,HAR-RV
2009-02-10,0.0168989972759147,DBC,HAR-RV
2009-02-11,0.015233692521240497,DBC,HAR-RV
2009-02-12,0.014807514657635244,DBC,HAR-RV
2009-02-13,0.01503780983194699,DBC,HAR-RV
2009-02-17,0.012985829166431387,DBC,HAR-RV
2009-02-18,0.012712221491357572,DBC,HAR-RV
2009-02-19,0.012828544981664199,DBC,HAR-RV
2009-02-20,0.018365267835420893,DBC,HAR-RV
2009-02-23,0.018222018801010154,DBC,HAR-RV
2009-02-24,0.01996276068515354,DBC,HAR-RV
2009-02-25,0.019680518784506933,DBC,HAR-RV
2009-02-26,0.015433570905060066,DBC,HAR-RV
2009-02-27,0.016129689187732808,DBC,HAR-RV
2009-03-02,0.015152352342775125,DBC,HAR-RV
2009-03-03,0.01613654428700971,DBC,HAR-RV
2009-03-04,0.01543632711288987,DBC,HAR-RV
2009-03-05,0.019978400795240114,DBC,HAR-RV
2009-03-06,0.018671507538215636,DBC,HAR-RV
2009-03-09,0.020926169861077405,DBC,HAR-RV
2009-03-10,0.01988347707168296,DBC,HAR-RV
2009-03-11,0.018519075262287108,DBC,HAR-RV
2009-03-12,0.01846205293342425,DBC,HAR-RV
2009-03-13,0.015375727629215855,DBC,HAR-RV
2009-03-16,0.016895692080156587,DBC,HAR-RV
2009-03-17,0.020395441141599434,DBC,HAR-RV
2009-03-18,0.020181369108858566,DBC,HAR-RV
2009-03-19,0.021663475674862324,DBC,HAR-RV
2009-03-20,0.02156597349384764,DBC,HAR-RV
2009-03-23,0.01844463386744257,DBC,HAR-RV
2009-03-24,0.01976419541931257,DBC,HAR-RV
2009-03-25,0.018682299500076542,DBC,HAR-RV
2009-03-26,0.019052108218893124,DBC,HAR-RV
2009-03-27,0.019510174657299793,DBC,HAR-RV
2009-03-30,0.01902656817597993,DBC,HAR-RV
2009-03-31,0.01939948022828434,DBC,HAR-RV
2009-04-01,0.018250431223991923,DBC,HAR-RV
2009-04-02,0.021281245318052304,DBC,HAR-RV
2009-04-03,0.019903382956280493,DBC,HAR-RV
2009-04-06,0.017148692970677396,DBC,HAR-RV
2009-04-07,0.019454001699426238,DBC,HAR-RV
2009-04-08,0.018664020032446407,DBC,HAR-RV
2009-04-09,0.01844666725461826,DBC,HAR-RV
2009-04-13,0.02005087040185065,DBC,HAR-RV
2009-04-14,0.018127588410406424,DBC,HAR-RV
2009-04-15,0.018194662495799444,DBC,HAR-RV
2009-04-16,0.016037460215437047,DBC,HAR-RV
2009-04-17,0.016730360631262833,DBC,HAR-RV
2009-04-20,0.016407246882961066,DBC,HAR-RV
2009-04-21,0.01566492686710526,DBC,HAR-RV
2009-04-22,0.013808622750113332,DBC,HAR-RV
2009-04-23,0.01709392186938704,DBC,HAR-RV
2009-04-24,0.016880017502390293,DBC,HAR-RV
2009-04-27,0.015706332803660423,DBC,HAR-RV
2009-04-28,0.016033322930188422,DBC,HAR-RV
2009-04-29,0.013996664282430897,DBC,HAR-RV
2009-04-30,0.01643955798249408,DBC,HAR-RV
2009-05-01,0.01566197817709707,DBC,HAR-RV
2009-05-04,0.017002294529930496,DBC,HAR-RV
2009-05-05,0.01495739012678598,DBC,HAR-RV
2009-05-06,0.016145044635171794,DBC,HAR-RV
2009-05-07,0.016675671486218183,DBC,HAR-RV
2009-05-08,0.015407909161787746,DBC,HAR-RV
2009-05-11,0.01889849468148367,DBC,HAR-RV
2009-05-12,0.01514375294124873,DBC,HAR-RV
2009-05-13,0.016859627213474157,DBC,HAR-RV
2009-05-14,0.016318695745368504,DBC,HAR-RV
2009-05-15,0.015405305176713957,DBC,HAR-RV
2009-05-18,0.016320460828182365,DBC,HAR-RV
2009-05-19,0.01417823772907318,DBC,HAR-RV
2009-05-20,0.015411680926850815,DBC,HAR-RV
2009-05-21,0.018459945977626346,DBC,HAR-RV
2009-05-22,0.015951140954229014,DBC,HAR-RV
2009-05-26,0.01740569207580568,DBC,HAR-RV
2009-05-27,0.016088467683486714,DBC,HAR-RV
2009-05-28,0.01583107807588117,DBC,HAR-RV
2009-05-29,0.01568628650326656,DBC,HAR-RV
2009-06-01,0.013788054658373742,DBC,HAR-RV
2009-06-02,0.014682639659638327,DBC,HAR-RV
2009-06-03,0.014269116269218184,DBC,HAR-RV
2009-06-04,0.017961541680138485,DBC,HAR-RV
2009-06-05,0.015920259711356785,DBC,HAR-RV
2009-06-08,0.016713242316126458,DBC,HAR-RV
2009-06-09,0.01972641813323494,DBC,HAR-RV
2009-06-10,0.017877561453290496,DBC,HAR-RV
2009-06-11,0.01734245352612432,DBC,HAR-RV
2009-06-12,0.016003679724596334,DBC,HAR-RV
2009-06-15,0.013797705797124771,DBC,HAR-RV
2009-06-16,0.01386323610360571,DBC,HAR-RV
2009-06-17,0.014164043392955097,DBC,HAR-RV
2009-06-18,0.015408564130445283,DBC,HAR-RV
2009-06-19,0.014774826147872226,DBC,HAR-RV
2009-06-22,0.013816051997160655,DBC,HAR-RV
2009-06-23,0.013230922162613993,DBC,HAR-RV
2009-06-24,0.011974824466596291,DBC,HAR-RV
2009-06-25,0.014464484717769392,DBC,HAR-RV
2009-06-26,0.015747891425919317,DBC,HAR-RV
2009-06-29,0.015392361900246614,DBC,HAR-RV
2009-06-30,0.015423070708881007,DBC,HAR-RV
2009-07-01,0.01397733077150333,DBC,HAR-RV
2009-07-02,0.013054579996524238,DBC,HAR-RV
2009-07-06,0.01402245444078558,DBC,HAR-RV
2009-07-07,0.01356940766504589,DBC,HAR-RV
2009-07-08,0.013882765480746372,DBC,HAR-RV
2009-07-09,0.015148947041871924,DBC,HAR-RV
2009-07-10,0.015119466292343526,DBC,HAR-RV
2009-07-13,0.01580787542432651,DBC,HAR-RV
2009-07-14,0.014913283057384808,DBC,HAR-RV
2009-07-15,0.01371922220170194,DBC,HAR-RV
2009-07-16,0.013454754172058707,DBC,HAR-RV
2009-07-17,0.012004213111659091,DBC,HAR-RV
2009-07-20,0.013579359541837947,DBC,HAR-RV
2009-07-21,0.01312817041569922,DBC,HAR-RV
2009-07-22,0.013777362464490735,DBC,HAR-RV
2009-07-23,0.014746795216671247,DBC,HAR-RV
2009-07-24,0.013536821102474396,DBC,HAR-RV
2009-07-27,0.012465202997244889,DBC,HAR-RV
2009-07-28,0.01335090735107627,DBC,HAR-RV
2009-07-29,0.012491339642551882,DBC,HAR-RV
2009-07-30,0.01235934796895347,DBC,HAR-RV
2009-07-31,0.012718186823129064,DBC,HAR-RV
2009-08-03,0.013379470331834658,DBC,HAR-RV
2009-08-04,0.015675212706987032,DBC,HAR-RV
2009-08-05,0.016468799441146133,DBC,HAR-RV
2009-08-06,0.017739596959339337,DBC,HAR-RV
2009-08-07,0.015825045442324017,DBC,HAR-RV
2009-08-10,0.014251305241626008,DBC,HAR-RV
2009-08-11,0.014772720299392764,DBC,HAR-RV
2009-08-12,0.0138370655852369,DBC,HAR-RV
2009-08-13,0.013534072768378291,DBC,HAR-RV
2009-08-14,0.013824690825554462,DBC,HAR-RV
2009-08-17,0.013270868347872368,DBC,HAR-RV
2009-08-18,0.013102710304655403,DBC,HAR-RV
2009-08-19,0.015283829030801452,DBC,HAR-RV
2009-08-20,0.015111283017746792,DBC,HAR-RV
2009-08-21,0.015537217305165277,DBC,HAR-RV
2009-08-24,0.015355012203435712,DBC,HAR-RV
2009-08-25,0.01463699171194235,DBC,HAR-RV
2009-08-26,0.013963234961869367,DBC,HAR-RV
2009-08-27,0.013163869882915158,DBC,HAR-RV
2009-08-28,0.013389661284990098,DBC,HAR-RV
2009-08-31,0.012778626618875362,DBC,HAR-RV
2009-09-01,0.012584894607313393,DBC,HAR-RV
2009-09-02,0.01162134309318336,DBC,HAR-RV
2009-09-03,0.012263023159575491,DBC,HAR-RV
2009-09-04,0.012142117030798136,DBC,HAR-RV
2009-09-08,0.011986357915049364,DBC,HAR-RV
2009-09-09,0.011977421228783711,DBC,HAR-RV
2009-09-10,0.010775873346395917,DBC,HAR-RV
2009-09-11,0.011479989785948472,DBC,HAR-RV
2009-09-14,0.011849410146900732,DBC,HAR-RV
2009-09-15,0.011073203924697798,DBC,HAR-RV
2009-09-16,0.011953268415203326,DBC,HAR-RV
2009-09-17,0.011029304339708055,DBC,HAR-RV
2009-09-18,0.010989695458867604,DBC,HAR-RV
2009-09-21,0.011399166344744083,DBC,HAR-RV
2009-09-22,0.010568535603958415,DBC,HAR-RV
2009-09-23,0.010368298072100868,DBC,HAR-RV
2009-09-24,0.011116153078056128,DBC,HAR-RV
2009-09-25,0.011470900410477013,DBC,HAR-RV
2009-09-28,0.012295973292694915,DBC,HAR-RV
2009-09-29,0.012275508364452058,DBC,HAR-RV
2009-09-30,0.012580967486529857,DBC,HAR-RV
2009-10-01,0.013077731870044212,DBC,HAR-RV
2009-10-02,0.011890741226672838,DBC,HAR-RV
2009-10-05,0.012695037058670422,DBC,HAR-RV
2009-10-06,0.012547154801484765,DBC,HAR-RV
2009-10-07,0.01211412545007514,DBC,HAR-RV
2009-10-08,0.01383589682153963,DBC,HAR-RV
2009-10-09,0.013980114623404066,DBC,HAR-RV
2009-10-12,0.012794415904541289,DBC,HAR-RV
2009-10-13,0.0140561480083158,DBC,HAR-RV
2009-10-14,0.012994325443600564,DBC,HAR-RV
2009-10-15,0.013649926883840775,DBC,HAR-RV
2009-10-16,0.014055633746077125,DBC,HAR-RV
2009-10-19,0.013271380062029142,DBC,HAR-RV
2009-10-20,0.013524218787981391,DBC,HAR-RV
2009-10-21,0.012990023908697601,DBC,HAR-RV
2009-10-22,0.013391646046785962,DBC,HAR-RV
2009-10-23,0.01232667101432438,DBC,HAR-RV
2009-10-26,0.013015564140648247,DBC,HAR-RV
2009-10-27,0.013047319112933806,DBC,HAR-RV
2009-10-28,0.011917314190849751,DBC,HAR-RV
2009-10-29,0.013112034393556272,DBC,HAR-RV
2009-10-30,0.012192682211766153,DBC,HAR-RV
2009-11-02,0.012579621110673855,DBC,HAR-RV
2009-11-03,0.013063242778860975,DBC,HAR-RV
2009-11-04,0.013905361572811276,DBC,HAR-RV
2009-11-05,0.013858988647566465,DBC,HAR-RV
2009-11-06,0.014070197907832623,DBC,HAR-RV
2009-11-09,0.013978347112840378,DBC,HAR-RV
2009-11-10,0.013623295152802048,DBC,HAR-RV
2009-11-11,0.013747842700962075,DBC,HAR-RV
2009-11-12,0.014725479068492616,DBC,HAR-RV
2009-11-13,0.014268081485640682,DBC,HAR-RV
2009-11-16,0.01343419334865469,DBC,HAR-RV
2009-11-17,0.014847615790589765,DBC,HAR-RV
2009-11-18,0.01271066956805006,DBC,HAR-RV
2009-11-19,0.01455164581842725,DBC,HAR-RV
2009-11-20,0.014657650990025339,DBC,HAR-RV
2009-11-23,0.013858492185484784,DBC,HAR-RV
2009-11-24,0.014053466863958076,DBC,HAR-RV
2009-11-25,0.014670549799043031,DBC,HAR-RV
2009-11-27,0.014460856643737497,DBC,HAR-RV
2009-11-30,0.012636058678508519,DBC,HAR-RV
2009-12-01,0.013722892269722183,DBC,HAR-RV
2009-12-02,0.012819235675909084,DBC,HAR-RV
2009-12-03,0.012113144948880009,DBC,HAR-RV
2009-12-04,0.01158216422241216,DBC,HAR-RV
2009-12-07,0.012920670774545298,DBC,HAR-RV
2009-12-08,0.012090316970312777,DBC,HAR-RV
2009-12-09,0.012189097440591701,DBC,HAR-RV
2009-12-10,0.01254343830159239,DBC,HAR-RV
2009-12-11,0.011962020044994057,DBC,HAR-RV
2009-12-14,0.011798550392631802,DBC,HAR-RV
2009-12-15,0.011661161603940696,DBC,HAR-RV
2009-12-16,0.011511644406396359,DBC,HAR-RV
2009-12-17,0.01164645397034286,DBC,HAR-RV
2009-12-18,0.011287871490728647,DBC,HAR-RV
2009-12-21,0.010307092734046907,DBC,HAR-RV
2009-12-22,0.011242169385808885,DBC,HAR-RV
2009-12-23,0.010823061565105898,DBC,HAR-RV
2009-12-24,0.010821299855512731,DBC,HAR-RV
2009-12-28,0.010905093631583639,DBC,HAR-RV
2009-12-29,0.011789941677829667,DBC,HAR-RV
2009-12-30,0.010770555265595906,DBC,HAR-RV
2009-12-31,0.010925127297194848,DBC,HAR-RV
2010-01-04,0.010594197312131601,DBC,HAR-RV
2010-01-05,0.011020764850111891,DBC,HAR-RV
2010-01-06,0.009703013007092764,DBC,HAR-RV
2010-01-07,0.011329837866607175,DBC,HAR-RV
2010-01-08,0.01042995934657322,DBC,HAR-RV
2010-01-11,0.010158094096196712,DBC,HAR-RV
2010-01-12,0.010290431956372623,DBC,HAR-RV
2010-01-13,0.011285647780666565,DBC,HAR-RV
2010-01-14,0.009353519735878647,DBC,HAR-RV
2010-01-15,0.011085046919324878,DBC,HAR-RV
2010-01-19,0.011031002092853954,DBC,HAR-RV
2010-01-20,0.010425175663242706,DBC,HAR-RV
2010-01-21,0.01073975751583875,DBC,HAR-RV
2010-01-22,0.010198004643735326,DBC,HAR-RV
2010-01-25,0.009997200247173755,DBC,HAR-RV
2010-01-26,0.010038862962872146,DBC,HAR-RV
2010-01-27,0.01045666281707009,DBC,HAR-RV
2010-01-28,0.010116430944137656,DBC,HAR-RV
2010-01-29,0.009914046959674872,DBC,HAR-RV
2010-02-01,0.010754522393085424,DBC,HAR-RV
2010-02-02,0.010411260132751836,DBC,HAR-RV
2010-02-03,0.010129303520228302,DBC,HAR-RV
2010-02-04,0.01027021765162196,DBC,HAR-RV
2010-02-05,0.011068338667868065,DBC,HAR-RV
2010-02-08,0.009803575257772226,DBC,HAR-RV
2010-02-09,0.00980128170290524,DBC,HAR-RV
2010-02-10,0.011242298543265361,DBC,HAR-RV
2010-02-11,0.01099986379522273,DBC,HAR-RV
2010-02-12,0.011720393242341946,DBC,HAR-RV
2010-02-16,0.012750271893884188,DBC,HAR-RV
2010-02-17,0.012940217112538536,DBC,HAR-RV
2010-02-18,0.011613501119030246,DBC,HAR-RV
2010-02-19,0.012868181671264356,DBC,HAR-RV
2010-02-22,0.012385483480547643,DBC,HAR-RV
2010-02-23,0.012666055872687532,DBC,HAR-RV
2010-02-24,0.012381689938014072,DBC,HAR-RV
2010-02-25,0.012848563227484804,DBC,HAR-RV
2010-02-26,0.012846818437518594,DBC,HAR-RV
2010-03-01,0.012387963194707308,DBC,HAR-RV
2010-03-02,0.012013959314891035,DBC,HAR-RV
2010-03-03,0.011924120882992871,DBC,HAR-RV
2010-03-04,0.012054781550696291,DBC,HAR-RV
2010-03-05,0.011909543162524003,DBC,HAR-RV
2010-03-08,0.012108499340345075,DBC,HAR-RV
2010-03-09,0.012174395897967396,DBC,HAR-RV
2010-03-10,0.01248011584654996,DBC,HAR-RV
2010-03-11,0.012073255621381633,DBC,HAR-RV
2010-03-12,0.01205390336931616,DBC,HAR-RV
2010-03-15,0.012274779570847693,DBC,HAR-RV
2010-03-16,0.01232548745447434,DBC,HAR-RV
2010-03-17,0.012011325518858295,DBC,HAR-RV
2010-03-18,0.011873067842979913,DBC,HAR-RV
2010-03-19,0.011536535673396443,DBC,HAR-RV
2010-03-22,0.010864377800296417,DBC,HAR-RV
2010-03-23,0.010613704767157844,DBC,HAR-RV
2010-03-24,0.01069590259432169,DBC,HAR-RV
2010-03-25,0.011102454149507068,DBC,HAR-RV
2010-03-26,0.01116921510094087,DBC,HAR-RV
2010-03-29,0.010486043468511178,DBC,HAR-RV
2010-03-30,0.011059988817166494,DBC,HAR-RV
2010-03-31,0.010210128171568345,DBC,HAR-RV
2010-04-01,0.0093429923981815,DBC,HAR-RV
2010-04-05,0.009973528007883063,DBC,HAR-RV
2010-04-06,0.010065007890793965,DBC,HAR-RV
2010-04-07,0.009096574063600562,DBC,HAR-RV
2010-04-08,0.009575747298432687,DBC,HAR-RV
2010-04-09,0.00913435890618739,DBC,HAR-RV
2010-04-12,0.008750376490018263,DBC,HAR-RV
2010-04-13,0.009408856860062003,DBC,HAR-RV
2010-04-14,0.010029088239154809,DBC,HAR-RV
2010-04-15,0.010051915590166742,DBC,HAR-RV
2010-04-16,0.01006301945242541,DBC,HAR-RV
2010-04-19,0.009599697203894548,DBC,HAR-RV
2010-04-20,0.009456335299149072,DBC,HAR-RV
2010-04-21,0.00854602697795043,DBC,HAR-RV
2010-04-22,0.008023938735082694,DBC,HAR-RV
2010-04-23,0.007878705119946766,DBC,HAR-RV
2010-04-26,0.007673573023520156,DBC,HAR-RV
2010-04-27,0.008678292349250896,DBC,HAR-RV
2010-04-28,0.00908896320547076,DBC,HAR-RV
2010-04-29,0.009437590718460344,DBC,HAR-RV
2010-04-30,0.009013213993229558,DBC,HAR-RV
2010-05-03,0.008278202462434865,DBC,HAR-RV
2010-05-04,0.008551859717416434,DBC,HAR-RV
2010-05-05,0.009076933620677347,DBC,HAR-RV
2010-05-06,0.010125582780506525,DBC,HAR-RV
2010-05-07,0.00902291955916669,DBC,HAR-RV
2010-05-10,0.008379268466883003,DBC,HAR-RV
2010-05-11,0.008100333371769929,DBC,HAR-RV
2010-05-12,0.00822567685269916,DBC,HAR-RV
2010-05-13,0.008753238874463993,DBC,HAR-RV
2010-05-14,0.010138665727139149,DBC,HAR-RV
2010-05-17,0.011015306986670977,DBC,HAR-RV
2010-05-18,0.011433955021368087,DBC,HAR-RV
2010-05-19,0.011387098758813332,DBC,HAR-RV
2010-05-20,0.009487280326454598,DBC,HAR-RV
2010-05-21,0.009928118147558507,DBC,HAR-RV
2010-05-24,0.010130652376434162,DBC,HAR-RV
2010-05-25,0.010574178234951286,DBC,HAR-RV
2010-05-26,0.011535683239132665,DBC,HAR-RV
2010-05-27,0.01157101725753248,DBC,HAR-RV
2010-05-28,0.01191456263427591,DBC,HAR-RV
2010-06-01,0.012480472943613888,DBC,HAR-RV
2010-06-02,0.012065360416934696,DBC,HAR-RV
2010-06-03,0.011790820417076478,DBC,HAR-RV
2010-06-04,0.0111307687503127,DBC,HAR-RV
2010-06-07,0.011614766597008353,DBC,HAR-RV
2010-06-08,0.01159053832203433,DBC,HAR-RV
2010-06-09,0.011280464618926338,DBC,HAR-RV
2010-06-10,0.011483573597453209,DBC,HAR-RV
2010-06-11,0.011892789902794056,DBC,HAR-RV
2010-06-14,0.011277570724808198,DBC,HAR-RV
2010-06-15,0.012280060842277481,DBC,HAR-RV
2010-06-16,0.01228682996862834,DBC,HAR-RV
2010-06-17,0.012097092705791183,DBC,HAR-RV
2010-06-18,0.011338300446374634,DBC,HAR-RV
2010-06-21,0.01112768349836593,DBC,HAR-RV
2010-06-22,0.01104900511090337,DBC,HAR-RV
2010-06-23,0.010715620949992333,DBC,HAR-RV
2010-06-24,0.010825434623331222,DBC,HAR-RV
2010-06-25,0.010738432705631146,DBC,HAR-RV
2010-06-28,0.010604762024389038,DBC,HAR-RV
2010-06-29,0.010509334783172243,DBC,HAR-RV
2010-06-30,0.010308625400281941,DBC,HAR-RV
2010-07-01,0.009251684043912845,DBC,HAR-RV
2010-07-02,0.010069582630139923,DBC,HAR-RV
2010-07-06,0.009341479909210767,DBC,HAR-RV
2010-07-07,0.009781274050931198,DBC,HAR-RV
2010-07-08,0.009939045260859,DBC,HAR-RV
2010-07-09,0.009474425127997572,DBC,HAR-RV
2010-07-12,0.009713998565959971,DBC,HAR-RV
2010-07-13,0.010154540012679531,DBC,HAR-RV
2010-07-14,0.00983887328779805,DBC,HAR-RV
2010-07-15,0.0092715656023649,DBC,HAR-RV
2010-07-16,0.010235558946378993,DBC,HAR-RV
2010-07-19,0.010087872463526376,DBC,HAR-RV
2010-07-20,0.009626701734343735,DBC,HAR-RV
2010-07-21,0.010268236039292146,DBC,HAR-RV
2010-07-22,0.01016963381273625,DBC,HAR-RV
2010-07-23,0.01050034121820537,DBC,HAR-RV
2010-07-26,0.009661258610603601,DBC,HAR-RV
2010-07-27,0.01067248986016946,DBC,HAR-RV
2010-07-28,0.010524133457690895,DBC,HAR-RV
2010-07-29,0.010144441820356332,DBC,HAR-RV
2010-07-30,0.010229315156661898,DBC,HAR-RV
2010-08-02,0.009857784202881605,DBC,HAR-RV
2010-08-03,0.009489097719807653,DBC,HAR-RV
2010-08-04,0.0091546316858356,DBC,HAR-RV
2010-08-05,0.009847276158480175,DBC,HAR-RV
2010-08-06,0.009614050386100045,DBC,HAR-RV
2010-08-09,0.009973963049587397,DBC,HAR-RV
2010-08-10,0.009523985543570548,DBC,HAR-RV
2010-08-11,0.010041455695337072,DBC,HAR-RV
2010-08-12,0.009854636311569284,DBC,HAR-RV
2010-08-13,0.009245630693091523,DBC,HAR-RV
2010-08-16,0.009478472465891771,DBC,HAR-RV
2010-08-17,0.009841513587998847,DBC,HAR-RV
2010-08-18,0.0097250661949572,DBC,HAR-RV
2010-08-19,0.009226532440976229,DBC,HAR-RV
2010-08-20,0.010103551758699687,DBC,HAR-RV
2010-08-23,0.009776359742309289,DBC,HAR-RV
2010-08-24,0.009825504059369078,DBC,HAR-RV
2010-08-25,0.009366153424846644,DBC,HAR-RV
2010-08-26,0.009384826864186296,DBC,HAR-RV
2010-08-27,0.009822613721969447,DBC,HAR-RV
2010-08-30,0.009521509802262792,DBC,HAR-RV
2010-08-31,0.00919684078262704,DBC,HAR-RV
2010-09-01,0.009774644886436552,DBC,HAR-RV
2010-09-02,0.009272441958522615,DBC,HAR-RV
2010-09-03,0.008499612318895898,DBC,HAR-RV
2010-09-07,0.009189471798131506,DBC,HAR-RV
2010-09-08,0.009574140293435611,DBC,HAR-RV
2010-09-09,0.009375216552541473,DBC,HAR-RV
2010-09-10,0.00960427139113998,DBC,HAR-RV
2010-09-13,0.010021216332185523,DBC,HAR-RV
2010-09-14,0.009768994470603403,DBC,HAR-RV
2010-09-15,0.009310577460312667,DBC,HAR-RV
2010-09-16,0.009258323950508901,DBC,HAR-RV
2010-09-17,0.009260515952874089,DBC,HAR-RV
2010-09-20,0.00919078911968857,DBC,HAR-RV
2010-09-21,0.009117371324708832,DBC,HAR-RV
2010-09-22,0.009141926571993319,DBC,HAR-RV
2010-09-23,0.008863196482269325,DBC,HAR-RV
2010-09-24,0.008682124734642301,DBC,HAR-RV
2010-09-27,0.008768675179358924,DBC,HAR-RV
2010-09-28,0.00835496879327987,DBC,HAR-RV
2010-09-29,0.008427745027137862,DBC,HAR-RV
2010-09-30,0.008776995418697389,DBC,HAR-RV
2010-10-01,0.0080230766202854,DBC,HAR-RV
2010-10-04,0.008296618143977747,DBC,HAR-RV
2010-10-05,0.00869840035355563,DBC,HAR-RV
2010-10-06,0.008462332542380022,DBC,HAR-RV
2010-10-07,0.00673213808007529,DBC,HAR-RV
2010-10-08,0.008579666830506502,DBC,HAR-RV
2010-10-11,0.00833655308014273,DBC,HAR-RV
2010-10-12,0.006360766996088391,DBC,HAR-RV
2010-10-13,0.00808400454675659,DBC,HAR-RV
2010-10-14,0.008441444291022962,DBC,HAR-RV
2010-10-15,0.00802142653731041,DBC,HAR-RV
2010-10-18,0.008586313444112158,DBC,HAR-RV
2010-10-19,0.009177399120257583,DBC,HAR-RV
2010-10-20,0.00928819496566066,DBC,HAR-RV
2010-10-21,0.008745941912960352,DBC,HAR-RV
2010-10-22,0.008353736594626234,DBC,HAR-RV
2010-10-25,0.007872961397317177,DBC,HAR-RV
2010-10-26,0.007961244636362028,DBC,HAR-RV
2010-10-27,0.008397229750041119,DBC,HAR-RV
2010-10-28,0.009243114475629522,DBC,HAR-RV
2010-10-29,0.010054070865882066,DBC,HAR-RV
2010-11-01,0.010383625272329357,DBC,HAR-RV
2010-11-02,0.010335776880767953,DBC,HAR-RV
2010-11-03,0.010267239503322725,DBC,HAR-RV
2010-11-04,0.010177407099895081,DBC,HAR-RV
2010-11-05,0.01038283118227444,DBC,HAR-RV
2010-11-08,0.009460236518427485,DBC,HAR-RV
2010-11-09,0.009725753886082707,DBC,HAR-RV
2010-11-10,0.009708106028575228,DBC,HAR-RV
2010-11-11,0.009253280700542661,DBC,HAR-RV
2010-11-12,0.009125570994855108,DBC,HAR-RV
2010-11-15,0.01006839109920869,DBC,HAR-RV
2010-11-16,0.008248394797538203,DBC,HAR-RV
2010-11-17,0.00995239632009014,DBC,HAR-RV
2010-11-18,0.008145445745911813,DBC,HAR-RV
2010-11-19,0.010072800428570951,DBC,HAR-RV
2010-11-22,0.00878978487922603,DBC,HAR-RV
2010-11-23,0.009518481986041417,DBC,HAR-RV
2010-11-24,0.009735400274245357,DBC,HAR-RV
2010-11-26,0.010270167315589364,DBC,HAR-RV
2010-11-29,0.009453536641166903,DBC,HAR-RV
2010-11-30,0.010562795825684302,DBC,HAR-RV
2010-12-01,0.010899812075492652,DBC,HAR-RV
2010-12-02,0.01062399838602851,DBC,HAR-RV
2010-12-03,0.009775674921155,DBC,HAR-RV
2010-12-06,0.010980133736400461,DBC,HAR-RV
2010-12-07,0.010564264683068727,DBC,HAR-RV
2010-12-08,0.01095440727360674,DBC,HAR-RV
2010-12-09,0.010463087694380414,DBC,HAR-RV
2010-12-10,0.01059650976333261,DBC,HAR-RV
2010-12-13,0.010604907672113592,DBC,HAR-RV
2010-12-14,0.010657168445174791,DBC,HAR-RV
2010-12-15,0.010090772911354351,DBC,HAR-RV
2010-12-16,0.010136674394917302,DBC,HAR-RV
2010-12-17,0.009554559323771859,DBC,HAR-RV
2010-12-20,0.009497486713957237,DBC,HAR-RV
2010-12-21,0.009152716175759058,DBC,HAR-RV
2010-12-22,0.009074936559643098,DBC,HAR-RV
2010-12-23,0.008965408104944164,DBC,HAR-RV
2010-12-27,0.008852657136767911,DBC,HAR-RV
2010-12-28,0.008847535735195661,DBC,HAR-RV
2010-12-29,0.008871328768992146,DBC,HAR-RV
2010-12-30,0.008258944077230742,DBC,HAR-RV
2010-12-31,0.008674107027885682,DBC,HAR-RV
2011-01-03,0.008389371387068943,DBC,HAR-RV
2011-01-04,0.008186776720015295,DBC,HAR-RV
2011-01-05,0.00870829556823615,DBC,HAR-RV
2011-01-06,0.008326652915876228,DBC,HAR-RV
2011-01-07,0.008611092824795977,DBC,HAR-RV
2011-01-10,0.008494674255048894,DBC,HAR-RV
2011-01-11,0.008958694524331208,DBC,HAR-RV
2011-01-12,0.008621415524792071,DBC,HAR-RV
2011-01-13,0.008782432877502775,DBC,HAR-RV
2011-01-14,0.008906118504481777,DBC,HAR-RV
2011-01-18,0.008914739424057896,DBC,HAR-RV
2011-01-19,0.008733942169388997,DBC,HAR-RV
2011-01-20,0.008683748149663505,DBC,HAR-RV
2011-01-21,0.00862584260784673,DBC,HAR-RV
2011-01-24,0.008427852381438674,DBC,HAR-RV
2011-01-25,0.008479628353388032,DBC,HAR-RV
2011-01-26,0.008610479971869364,DBC,HAR-RV
2011-01-27,0.008723611260767655,DBC,HAR-RV
2011-01-28,0.0086972027357502,DBC,HAR-RV
2011-01-31,0.009136276562985334,DBC,HAR-RV
2011-02-01,0.00912516149560844,DBC,HAR-RV
2011-02-02,0.0091326232101462,DBC,HAR-RV
2011-02-03,0.009333481899339446,DBC,HAR-RV
2011-02-04,0.009088585246825438,DBC,HAR-RV
2011-02-07,0.009162380874278038,DBC,HAR-RV
2011-02-08,0.009093185362353018,DBC,HAR-RV
2011-02-09,0.00905174135274735,DBC,HAR-RV
2011-02-10,0.008849845541881046,DBC,HAR-RV
2011-02-11,0.008816014878842699,DBC,HAR-RV
2011-02-14,0.008692231917027924,DBC,HAR-RV
2011-02-15,0.008673234793661017,DBC,HAR-RV
2011-02-16,0.008669466300330107,DBC,HAR-RV
2011-02-17,0.008638356465055385,DBC,HAR-RV
2011-02-18,0.008805906111612352,DBC,HAR-RV
2011-02-22,0.008834814813263895,DBC,HAR-RV
2011-02-23,0.008802119455423484,DBC,HAR-RV
2011-02-24,0.008883360277971585,DBC,HAR-RV
2011-02-25,0.008489070315363261,DBC,HAR-RV
2011-02-28,0.00890352465867753,DBC,HAR-RV
2011-03-01,0.008838255376774892,DBC,HAR-RV
2011-03-02,0.009180821645767705,DBC,HAR-RV
2011-03-03,0.008913375801177176,DBC,HAR-RV
2011-03-04,0.008945440467594979,DBC,HAR-RV
2011-03-07,0.008824745867766487,DBC,HAR-RV
2011-03-08,0.008560887761155395,DBC,HAR-RV
2011-03-09,0.008631573126822969,DBC,HAR-RV
2011-03-10,0.008471012256131682,DBC,HAR-RV
2011-03-11,0.008804896521336513,DBC,HAR-RV
2011-03-14,0.008522773062164027,DBC,HAR-RV
2011-03-15,0.008908761502253953,DBC,HAR-RV
2011-03-16,0.009186310255229714,DBC,HAR-RV
2011-03-17,0.007834140281128875,DBC,HAR-RV
2011-03-18,0.010017250140872768,DBC,HAR-RV
2011-03-21,0.008625946826892033,DBC,HAR-RV
2011-03-22,0.01039042699308758,DBC,HAR-RV
2011-03-23,0.010438192561327712,DBC,HAR-RV
2011-03-24,0.009538403643155606,DBC,HAR-RV
2011-03-25,0.009737733577023415,DBC,HAR-RV
2011-03-28,0.008982997412863873,DBC,HAR-RV
2011-03-29,0.009044259846652957,DBC,HAR-RV
2011-03-30,0.0085266492710359,DBC,HAR-RV
2011-03-31,0.008955234294698706,DBC,HAR-RV
2011-04-01,0.009158445099452777,DBC,HAR-RV
2011-04-04,0.00829658411612006,DBC,HAR-RV
2011-04-05,0.009093468569044453,DBC,HAR-RV
2011-04-06,0.008803523858093385,DBC,HAR-RV
2011-04-07,0.009339932056067356,DBC,HAR-RV
2011-04-08,0.009128914960635417,DBC,HAR-RV
2011-04-11,0.009046567507507954,DBC,HAR-RV
2011-04-12,0.00798263118645275,DBC,HAR-RV
2011-04-13,0.008524843499156097,DBC,HAR-RV
2011-04-14,0.008372164839464784,DBC,HAR-RV
2011-04-15,0.009435747812008509,DBC,HAR-RV
2011-04-18,0.009557403110744376,DBC,HAR-RV
2011-04-19,0.009061262446856483,DBC,HAR-RV
2011-04-20,0.008801820384805129,DBC,HAR-RV
2011-04-21,0.009114798633083022,DBC,HAR-RV
2011-04-25,0.008223449878084318,DBC,HAR-RV
2011-04-26,0.008735795941536029,DBC,HAR-RV
2011-04-27,0.008952841309746882,DBC,HAR-RV
2011-04-28,0.009037968205849262,DBC,HAR-RV
2011-04-29,0.008745775536489125,DBC,HAR-RV
2011-05-02,0.008660593421801333,DBC,HAR-RV
2011-05-03,0.008468441368917619,DBC,HAR-RV
2011-05-04,0.008655199245034974,DBC,HAR-RV
2011-05-05,0.008764525321809831,DBC,HAR-RV
2011-05-06,0.009126734849184172,DBC,HAR-RV
2011-05-09,0.007457097931125058,DBC,HAR-RV
2011-05-10,0.011021091145361456,DBC,HAR-RV
2011-05-11,0.009670242837031346,DBC,HAR-RV
2011-05-12,0.013830659567308168,DBC,HAR-RV
2011-05-13,0.011228846051419508,DBC,HAR-RV
2011-05-16,0.010194667309784654,DBC,HAR-RV
2011-05-17,0.010659490051566937,DBC,HAR-RV
2011-05-18,0.00845236757125661,DBC,HAR-RV
2011-05-19,0.009572688138298873,DBC,HAR-RV
2011-05-20,0.007471389298472941,DBC,HAR-RV
2011-05-23,0.008729697783010065,DBC,HAR-RV
2011-05-24,0.009324766429278163,DBC,HAR-RV
2011-05-25,0.008924737515391447,DBC,HAR-RV
2011-05-26,0.009936312432427208,DBC,HAR-RV
2011-05-27,0.00891918670109514,DBC,HAR-RV
2011-05-31,0.009731720062606732,DBC,HAR-RV
2011-06-01,0.00914864434110213,DBC,HAR-RV
2011-06-02,0.008902949121358502,DBC,HAR-RV
2011-06-03,0.008280675567477521,DBC,HAR-RV
2011-06-06,0.007952328043986955,DBC,HAR-RV
2011-06-07,0.008554854403138834,DBC,HAR-RV
2011-06-08,0.008277745499603325,DBC,HAR-RV
2011-06-09,0.008915762409037055,DBC,HAR-RV
2011-06-10,0.008711492614923011,DBC,HAR-RV
2011-06-13,0.008961788496437756,DBC,HAR-RV
2011-06-14,0.00886442607490398,DBC,HAR-RV
2011-06-15,0.009056123667335238,DBC,HAR-RV
2011-06-16,0.00900333340069411,DBC,HAR-RV
2011-06-17,0.008056600881916742,DBC,HAR-RV
2011-06-20,0.00993728072099295,DBC,HAR-RV
2011-06-21,0.009521634773090667,DBC,HAR-RV
2011-06-22,0.009438248291178333,DBC,HAR-RV
2011-06-23,0.009540153748158413,DBC,HAR-RV
2011-06-24,0.008489205560114633,DBC,HAR-RV
2011-06-27,0.008146972681858596,DBC,HAR-RV
2011-06-28,0.008936543427063466,DBC,HAR-RV
2011-06-29,0.009607293303942537,DBC,HAR-RV
2011-06-30,0.009039243238637317,DBC,HAR-RV
2011-07-01,0.009569340578151696,DBC,HAR-RV
2011-07-05,0.009524289802280275,DBC,HAR-RV
2011-07-06,0.009825112206323946,DBC,HAR-RV
2011-07-07,0.009469879730931571,DBC,HAR-RV
2011-07-08,0.009823725563180353,DBC,HAR-RV
2011-07-11,0.008216791747967415,DBC,HAR-RV
2011-07-12,0.00942204326158571,DBC,HAR-RV
2011-07-13,0.00914166046277489,DBC,HAR-RV
2011-07-14,0.008878392677344346,DBC,HAR-RV
2011-07-15,0.009050569319859226,DBC,HAR-RV
2011-07-18,0.009040243231658703,DBC,HAR-RV
2011-07-19,0.009107933891105098,DBC,HAR-RV
2011-07-20,0.009419491815273705,DBC,HAR-RV
2011-07-21,0.009182740182849284,DBC,HAR-RV
2011-07-22,0.009002689461658329,DBC,HAR-RV
2011-07-25,0.008818251746285866,DBC,HAR-RV
2011-07-26,0.008455044067712735,DBC,HAR-RV
2011-07-27,0.008677642704214726,DBC,HAR-RV
2011-07-28,0.008503406737154402,DBC,HAR-RV
2011-07-29,0.008783804380120313,DBC,HAR-RV
2011-08-01,0.00895305257524299,DBC,HAR-RV
2011-08-02,0.008491414244582433,DBC,HAR-RV
2011-08-03,0.008919907862624164,DBC,HAR-RV
2011-08-04,0.00869855353481014,DBC,HAR-RV
2011-08-05,0.00832880461582585,DBC,HAR-RV
2011-08-08,0.007920137307522035,DBC,HAR-RV
2011-08-09,0.010589551069029025,DBC,HAR-RV
2011-08-10,0.009452461007193413,DBC,HAR-RV
2011-08-11,0.011975091364312976,DBC,HAR-RV
2011-08-12,0.01236468915479372,DBC,HAR-RV
2011-08-15,0.009578739147934478,DBC,HAR-RV
2011-08-16,0.011550505932823715,DBC,HAR-RV
2011-08-17,0.009060804607011252,DBC,HAR-RV
2011-08-18,0.009880655911293069,DBC,HAR-RV
2011-08-19,0.009272357503850751,DBC,HAR-RV
2011-08-22,0.007854002775038914,DBC,HAR-RV
2011-08-23,0.00903892632516252,DBC,HAR-RV
2011-08-24,0.010034504031147258,DBC,HAR-RV
2011-08-25,0.009730740493104432,DBC,HAR-RV
2011-08-26,0.00970518324987142,DBC,HAR-RV
2011-08-29,0.00932188862682314,DBC,HAR-RV
2011-08-30,0.0082992315137327,DBC,HAR-RV
2011-08-31,0.009118829119266671,DBC,HAR-RV
2011-09-01,0.008169808538433274,DBC,HAR-RV
2011-09-02,0.008829397449156704,DBC,HAR-RV
2011-09-06,0.008236903368965254,DBC,HAR-RV
2011-09-07,0.008162112518614241,DBC,HAR-RV
2011-09-08,0.00892875738113315,DBC,HAR-RV
2011-09-09,0.008108819432161192,DBC,HAR-RV
2011-09-12,0.009093548786182013,DBC,HAR-RV
2011-09-13,0.008608762038227812,DBC,HAR-RV
2011-09-14,0.00978866613425114,DBC,HAR-RV
2011-09-15,0.009992311983388345,DBC,HAR-RV
2011-09-16,0.009459591201856481,DBC,HAR-RV
2011-09-19,0.009302861439341892,DBC,HAR-RV
2011-09-20,0.008523816014573053,DBC,HAR-RV
2011-09-21,0.007690066589026424,DBC,HAR-RV
2011-09-22,0.009976440265563977,DBC,HAR-RV
2011-09-23,0.009377465579266372,DBC,HAR-RV
2011-09-26,0.008750062419805249,DBC,HAR-RV
2011-09-27,0.011456514957790605,DBC,HAR-RV
2011-09-28,0.012448166950096616,DBC,HAR-RV
2011-09-29,0.012007020452288773,DBC,HAR-RV
2011-09-30,0.01132171400230534,DBC,HAR-RV
2011-10-03,0.011480541542618811,DBC,HAR-RV
2011-10-04,0.009265520931073756,DBC,HAR-RV
2011-10-05,0.012950237601358636,DBC,HAR-RV
2011-10-06,0.012261924722237381,DBC,HAR-RV
2011-10-07,0.00970212563939629,DBC,HAR-RV
2011-10-10,0.00916715588887897,DBC,HAR-RV
2011-10-11,0.009023185628443623,DBC,HAR-RV
2011-10-12,0.007813213033707717,DBC,HAR-RV
2011-10-13,0.01011653670029802,DBC,HAR-RV
2011-10-14,0.009601428773947283,DBC,HAR-RV
2011-10-17,0.008224012197808678,DBC,HAR-RV
2011-10-18,0.007401087787180184,DBC,HAR-RV
2011-10-19,0.007316512435764322,DBC,HAR-RV
2011-10-20,0.008298659122571357,DBC,HAR-RV
2011-10-21,0.007967820904478473,DBC,HAR-RV
2011-10-24,0.009642146698367032,DBC,HAR-RV
2011-10-25,0.00837084339765712,DBC,HAR-RV
2011-10-26,0.007743298810338135,DBC,HAR-RV
2011-10-27,0.009068726460435578,DBC,HAR-RV
2011-10-28,0.008157535018792088,DBC,HAR-RV
2011-10-31,0.007273832367640145,DBC,HAR-RV
2011-11-01,0.009919394812528234,DBC,HAR-RV
2011-11-02,0.008645190891436012,DBC,HAR-RV
2011-11-03,0.01002175438075046,DBC,HAR-RV
2011-11-04,0.010698327112643964,DBC,HAR-RV
2011-11-07,0.008894591333794185,DBC,HAR-RV
2011-11-08,0.010061071436264314,DBC,HAR-RV
2011-11-09,0.008833388224166513,DBC,HAR-RV
2011-11-10,0.009527396865019322,DBC,HAR-RV
2011-11-11,0.008497308376372099,DBC,HAR-RV
2011-11-14,0.010465911349705748,DBC,HAR-RV
2011-11-15,0.009768563144035245,DBC,HAR-RV
2011-11-16,0.00929643878458866,DBC,HAR-RV
2011-11-17,0.010002970040833165,DBC,HAR-RV
2011-11-18,0.009606619324047374,DBC,HAR-RV
2011-11-21,0.008033478285549702,DBC,HAR-RV
2011-11-22,0.010631277768936048,DBC,HAR-RV
2011-11-23,0.00962107647669607,DBC,HAR-RV
2011-11-25,0.009693281738299335,DBC,HAR-RV
2011-11-28,0.009366428449678336,DBC,HAR-RV
2011-11-29,0.009314746300092453,DBC,HAR-RV
2011-11-30,0.00931401694832791,DBC,HAR-RV
2011-12-01,0.009762289957372623,DBC,HAR-RV
2011-12-02,0.01007852398945423,DBC,HAR-RV
2011-12-05,0.010562927584935494,DBC,HAR-RV
2011-12-06,0.009954083653760007,DBC,HAR-RV
2011-12-07,0.009985742934000397,DBC,HAR-RV
2011-12-08,0.00962669731093415,DBC,HAR-RV
2011-12-09,0.00900655681364814,DBC,HAR-RV
2011-12-12,0.009032904865909755,DBC,HAR-RV
2011-12-13,0.009966103513569474,DBC,HAR-RV
2011-12-14,0.009368790664820268,DBC,HAR-RV
2011-12-15,0.010657726898475389,DBC,HAR-RV
2011-12-16,0.0071904911768264895,DBC,HAR-RV
2011-12-19,0.011405625781247418,DBC,HAR-RV
2011-12-20,0.011143224016677535,DBC,HAR-RV
2011-12-21,0.011216876326330954,DBC,HAR-RV
2011-12-22,0.009595547239521704,DBC,HAR-RV
2011-12-23,0.01002714729415495,DBC,HAR-RV
2011-12-27,0.010758546538616517,DBC,HAR-RV
2011-12-28,0.009994927604249752,DBC,HAR-RV
2011-12-29,0.010212874559102126,DBC,HAR-RV
2011-12-30,0.008333363438376169,DBC,HAR-RV
2012-01-03,0.009490834763970071,DBC,HAR-RV
2012-01-04,0.010153065863721836,DBC,HAR-RV
2012-01-05,0.007046145695672874,DBC,HAR-RV
2012-01-06,0.010640410498009683,DBC,HAR-RV
2012-01-09,0.009669611055764998,DBC,HAR-RV
2012-01-10,0.01121336499153133,DBC,HAR-RV
2012-01-11,0.011736076154000945,DBC,HAR-RV
2012-01-12,0.009536734900058654,DBC,HAR-RV
2012-01-13,0.010201612206387278,DBC,HAR-RV
2012-01-17,0.008186354126502444,DBC,HAR-RV
2012-01-18,0.010125913318563249,DBC,HAR-RV
2012-01-19,0.00966459811655922,DBC,HAR-RV
2012-01-20,0.010999146863974208,DBC,HAR-RV
2012-01-23,0.010541176526531623,DBC,HAR-RV
2012-01-24,0.00957178909630313,DBC,HAR-RV
2012-01-25,0.009216017091872352,DBC,HAR-RV
2012-01-26,0.010671637394090888,DBC,HAR-RV
2012-01-27,0.010066792474355048,DBC,HAR-RV
2012-01-30,0.01062332895335634,DBC,HAR-RV
2012-01-31,0.010360234833064877,DBC,HAR-RV
2012-02-01,0.009134471921363208,DBC,HAR-RV
2012-02-02,0.010564401849094721,DBC,HAR-RV
2012-02-03,0.010042365939308793,DBC,HAR-RV
2012-02-06,0.01017311342563417,DBC,HAR-RV
2012-02-07,0.009547347687443697,DBC,HAR-RV
2012-02-08,0.00995038000191611,DBC,HAR-RV
2012-02-09,0.010530947991669296,DBC,HAR-RV
2012-02-10,0.010007342666181744,DBC,HAR-RV
2012-02-13,0.009571122356359612,DBC,HAR-RV
2012-02-14,0.008618117387240325,DBC,HAR-RV
2012-02-15,0.009095975749819046,DBC,HAR-RV
2012-02-16,0.009213092734540858,DBC,HAR-RV
2012-02-17,0.008640235099167662,DBC,HAR-RV
2012-02-21,0.008279856312154592,DBC,HAR-RV
2012-02-22,0.008386459859541933,DBC,HAR-RV
2012-02-23,0.007300209216352852,DBC,HAR-RV
2012-02-24,0.008729955914472013,DBC,HAR-RV
2012-02-27,0.00951537437068396,DBC,HAR-RV
2012-02-28,0.009151945687492136,DBC,HAR-RV
2012-02-29,0.00910096062692946,DBC,HAR-RV
2012-03-01,0.009056460135560261,DBC,HAR-RV
2012-03-02,0.008388806420060693,DBC,HAR-RV
2012-03-05,0.007593834504097169,DBC,HAR-RV
2012-03-06,0.008597477569199553,DBC,HAR-RV
2012-03-07,0.009311433840211282,DBC,HAR-RV
2012-03-08,0.008595141831793595,DBC,HAR-RV
2012-03-09,0.010322017539817934,DBC,HAR-RV
2012-03-12,0.009184067280308945,DBC,HAR-RV
2012-03-13,0.009428446672485316,DBC,HAR-RV
2012-03-14,0.00933287460288245,DBC,HAR-RV
2012-03-15,0.007976209790091296,DBC,HAR-RV
2012-03-16,0.007641589278721405,DBC,HAR-RV
2012-03-19,0.00821589109267205,DBC,HAR-RV
2012-03-20,0.006916035221095312,DBC,HAR-RV
2012-03-21,0.008832260275601305,DBC,HAR-RV
2012-03-22,0.007498546706029377,DBC,HAR-RV
2012-03-23,0.008989207967324704,DBC,HAR-RV
2012-03-26,0.008615941164388737,DBC,HAR-RV
2012-03-27,0.008067691886197987,DBC,HAR-RV
2012-03-28,0.009225645956663092,DBC,HAR-RV
2012-03-29,0.008616226718052792,DBC,HAR-RV
2012-03-30,0.008209033801905068,DBC,HAR-RV
2012-04-02,0.00794760374510086,DBC,HAR-RV
2012-04-03,0.00859313174486148,DBC,HAR-RV
2012-04-04,0.008392450254260704,DBC,HAR-RV
2012-04-05,0.010228318792629336,DBC,HAR-RV
2012-04-09,0.008051850406405433,DBC,HAR-RV
2012-04-10,0.009500149119227927,DBC,HAR-RV
2012-04-11,0.008874602594315831,DBC,HAR-RV
2012-04-12,0.007616442059831117,DBC,HAR-RV
2012-04-13,0.009313487833661557,DBC,HAR-RV
2012-04-16,0.00756031907491982,DBC,HAR-RV
2012-04-17,0.008401732230243937,DBC,HAR-RV
2012-04-18,0.008684068192799077,DBC,HAR-RV
2012-04-19,0.00917638366212342,DBC,HAR-RV
2012-04-20,0.008628301687820148,DBC,HAR-RV
2012-04-23,0.009461114336360137,DBC,HAR-RV
2012-04-24,0.008502368700675951,DBC,HAR-RV
2012-04-25,0.008364594773672024,DBC,HAR-RV
2012-04-26,0.008287888136534579,DBC,HAR-RV
2012-04-27,0.007068581873398155,DBC,HAR-RV
2012-04-30,0.007613450464577152,DBC,HAR-RV
2012-05-01,0.007323679659013021,DBC,HAR-RV
2012-05-02,0.0071546766682226625,DBC,HAR-RV
2012-05-03,0.0077220678780175285,DBC,HAR-RV
2012-05-04,0.006149922987512934,DBC,HAR-RV
2012-05-07,0.007063777339789544,DBC,HAR-RV
2012-05-08,0.006856833400808591,DBC,HAR-RV
2012-05-09,0.008904019658356526,DBC,HAR-RV
2012-05-10,0.008834726266889036,DBC,HAR-RV
2012-05-11,0.007916312615917144,DBC,HAR-RV
2012-05-14,0.008336102077780993,DBC,HAR-RV
2012-05-15,0.00690637334290614,DBC,HAR-RV
2012-05-16,0.006539584520466323,DBC,HAR-RV
2012-05-17,0.007881018060229972,DBC,HAR-RV
2012-05-18,0.007467692161739787,DBC,HAR-RV
2012-05-21,0.007268493314739402,DBC,HAR-RV
2012-05-22,0.007175845784338411,DBC,HAR-RV
2012-05-23,0.005590632789941578,DBC,HAR-RV
2012-05-24,0.006222524639002439,DBC,HAR-RV
2012-05-25,0.007314660481305402,DBC,HAR-RV
2012-05-29,0.008633129422903028,DBC,HAR-RV
2012-05-30,0.00821393091912471,DBC,HAR-RV
2012-05-31,0.007822416633429453,DBC,HAR-RV
2012-06-01,0.006207998619167854,DBC,HAR-RV
2012-06-04,0.007676384880069072,DBC,HAR-RV
2012-06-05,0.007293039242843245,DBC,HAR-RV
2012-06-06,0.009216606621215909,DBC,HAR-RV
2012-06-07,0.009485304329672073,DBC,HAR-RV
2012-06-08,0.007601106971340239,DBC,HAR-RV
2012-06-11,0.00897659402174035,DBC,HAR-RV
2012-06-12,0.008670407856422624,DBC,HAR-RV
2012-06-13,0.007418773330035825,DBC,HAR-RV
2012-06-14,0.009303745750844368,DBC,HAR-RV
2012-06-15,0.00846799942938076,DBC,HAR-RV
2012-06-18,0.008124708293861332,DBC,HAR-RV
2012-06-19,0.009325913846010567,DBC,HAR-RV
2012-06-20,0.008674608767664412,DBC,HAR-RV
2012-06-21,0.008019053917657466,DBC,HAR-RV
2012-06-22,0.007826206012199384,DBC,HAR-RV
2012-06-25,0.007774873115943753,DBC,HAR-RV
2012-06-26,0.0092772208832724,DBC,HAR-RV
2012-06-27,0.009512696346317084,DBC,HAR-RV
2012-06-28,0.009860959851777332,DBC,HAR-RV
2012-06-29,0.009727057406961413,DBC,HAR-RV
2012-07-02,0.009275280563446713,DBC,HAR-RV
2012-07-03,0.006910179670278116,DBC,HAR-RV
2012-07-05,0.011960136776283105,DBC,HAR-RV
2012-07-06,0.0087289444822421,DBC,HAR-RV
2012-07-09,0.01239331365077275,DBC,HAR-RV
2012-07-10,0.010420541462297934,DBC,HAR-RV
2012-07-11,0.010457281639660967,DBC,HAR-RV
2012-07-12,0.011604560667193602,DBC,HAR-RV
2012-07-13,0.011289204970076176,DBC,HAR-RV
2012-07-16,0.01215695372569105,DBC,HAR-RV
2012-07-17,0.010494330049756527,DBC,HAR-RV
2012-07-18,0.010168800545801455,DBC,HAR-RV
2012-07-19,0.010879712509213015,DBC,HAR-RV
2012-07-20,0.009685031102220673,DBC,HAR-RV
2012-07-23,0.009699396451270402,DBC,HAR-RV
2012-07-24,0.01121930675138113,DBC,HAR-RV
2012-07-25,0.008042352237317045,DBC,HAR-RV
2012-07-26,0.010677719436340318,DBC,HAR-RV
2012-07-27,0.01016127532944761,DBC,HAR-RV
2012-07-30,0.010475170742640044,DBC,HAR-RV
2012-07-31,0.00957182407634595,DBC,HAR-RV
2012-08-01,0.009648700637340168,DBC,HAR-RV
2012-08-02,0.008857726935141303,DBC,HAR-RV
2012-08-03,0.009656102721024368,DBC,HAR-RV
2012-08-06,0.00908155487542452,DBC,HAR-RV
2012-08-07,0.007718213298889845,DBC,HAR-RV
2012-08-08,0.009659845757156695,DBC,HAR-RV
2012-08-09,0.008750574469255543,DBC,HAR-RV
2012-08-10,0.009308415736340283,DBC,HAR-RV
2012-08-13,0.008324952782574304,DBC,HAR-RV
2012-08-14,0.008161613471549391,DBC,HAR-RV
2012-08-15,0.007922888061833035,DBC,HAR-RV
2012-08-16,0.008589399544226588,DBC,HAR-RV
2012-08-17,0.0073779824400892965,DBC,HAR-RV
2012-08-20,0.007999059350142326,DBC,HAR-RV
2012-08-21,0.00796933665774563,DBC,HAR-RV
2012-08-22,0.0069797233331400825,DBC,HAR-RV
2012-08-23,0.006660469495946184,DBC,HAR-RV
2012-08-24,0.0068964645672258155,DBC,HAR-RV
2012-08-27,0.006985971587099397,DBC,HAR-RV
2012-08-28,0.007125513121415672,DBC,HAR-RV
2012-08-29,0.0071607869560523976,DBC,HAR-RV
2012-08-30,0.0075234652642718015,DBC,HAR-RV
2012-08-31,0.00707003335584986,DBC,HAR-RV
2012-09-04,0.006708477544685055,DBC,HAR-RV
2012-09-05,0.005063623245009885,DBC,HAR-RV
2012-09-06,0.006939890075927008,DBC,HAR-RV
2012-09-07,0.005542480227642657,DBC,HAR-RV
2012-09-10,0.006427107107447571,DBC,HAR-RV
2012-09-11,0.004468374896633209,DBC,HAR-RV
2012-09-12,0.006087945167771742,DBC,HAR-RV
2012-09-13,0.005709999011372423,DBC,HAR-RV
2012-09-14,0.005133163483757272,DBC,HAR-RV
2012-09-17,0.005122612052855023,DBC,HAR-RV
2012-09-18,0.004910011179836142,DBC,HAR-RV
2012-09-19,0.003196126692952999,DBC,HAR-RV
2012-09-20,0.007681664840274071,DBC,HAR-RV
2012-09-21,0.006854251306593419,DBC,HAR-RV
2012-09-24,0.008653870505431085,DBC,HAR-RV
2012-09-25,0.008204706743530826,DBC,HAR-RV
2012-09-26,0.006708107470250689,DBC,HAR-RV
2012-09-27,0.008357532233796356,DBC,HAR-RV
2012-09-28,0.006834483913222029,DBC,HAR-RV
2012-10-01,0.006332690113995167,DBC,HAR-RV
2012-10-02,0.007590151314043376,DBC,HAR-RV
2012-10-03,0.007970958799365019,DBC,HAR-RV
2012-10-04,0.007591253633267144,DBC,HAR-RV
2012-10-05,0.006227523383819804,DBC,HAR-RV
2012-10-08,0.006378932511220499,DBC,HAR-RV
2012-10-09,0.00900711599933851,DBC,HAR-RV
2012-10-10,0.009381815338946223,DBC,HAR-RV
2012-10-11,0.008654201936218825,DBC,HAR-RV
2012-10-12,0.008850874568301578,DBC,HAR-RV
2012-10-15,0.00735348970548718,DBC,HAR-RV
2012-10-16,0.007495080108114914,DBC,HAR-RV
2012-10-17,0.008771154640887407,DBC,HAR-RV
2012-10-18,0.008592343854282525,DBC,HAR-RV
2012-10-19,0.00798701513537604,DBC,HAR-RV
2012-10-22,0.007505289491586126,DBC,HAR-RV
2012-10-23,0.005848676463168311,DBC,HAR-RV
2012-10-24,0.007066327161623838,DBC,HAR-RV
2012-10-25,0.006722576135181659,DBC,HAR-RV
2012-10-26,0.007743922454330738,DBC,HAR-RV
2012-10-31,0.00785093780573116,DBC,HAR-RV
2012-11-01,0.007221966383074652,DBC,HAR-RV
2012-11-02,0.006957053116017293,DBC,HAR-RV
2012-11-05,0.006506898492085408,DBC,HAR-RV
2012-11-06,0.005730534690844912,DBC,HAR-RV
2012-11-07,0.006992848564116187,DBC,HAR-RV
2012-11-08,0.006803562368905634,DBC,HAR-RV
2012-11-09,0.007151619811508766,DBC,HAR-RV
2012-11-12,0.008659746716860876,DBC,HAR-RV
2012-11-13,0.007806130459838276,DBC,HAR-RV
2012-11-14,0.00784077385943523,DBC,HAR-RV
2012-11-15,0.0074269713331854776,DBC,HAR-RV
2012-11-16,0.0067684428016271374,DBC,HAR-RV
2012-11-19,0.0065868956100748124,DBC,HAR-RV
2012-11-20,0.006570213079418845,DBC,HAR-RV
2012-11-21,0.006535987994887854,DBC,HAR-RV
2012-11-23,0.0072466812491928665,DBC,HAR-RV
2012-11-26,0.007454231466902636,DBC,HAR-RV
2012-11-27,0.007261761445808068,DBC,HAR-RV
2012-11-28,0.007208641472310887,DBC,HAR-RV
2012-11-29,0.006660453119423629,DBC,HAR-RV
2012-11-30,0.006580286048179441,DBC,HAR-RV
2012-12-03,0.006553795316341579,DBC,HAR-RV
2012-12-04,0.006401717224393769,DBC,HAR-RV
2012-12-05,0.006443426568984768,DBC,HAR-RV
2012-12-06,0.0065110933471787345,DBC,HAR-RV
2012-12-07,0.006430150810168253,DBC,HAR-RV
2012-12-10,0.006176019205114762,DBC,HAR-RV
2012-12-11,0.006156032351076411,DBC,HAR-RV
2012-12-12,0.005736035016534085,DBC,HAR-RV
2012-12-13,0.005532012645909573,DBC,HAR-RV
2012-12-14,0.005533819401734045,DBC,HAR-RV
2012-12-17,0.005513621959758245,DBC,HAR-RV
2012-12-18,0.005731972841977264,DBC,HAR-RV
2012-12-19,0.005773480258590457,DBC,HAR-RV
2012-12-20,0.005680289757281661,DBC,HAR-RV
2012-12-21,0.0055812260017211145,DBC,HAR-RV
2012-12-24,0.005104502243650992,DBC,HAR-RV
2012-12-26,0.004920510527996994,DBC,HAR-RV
2012-12-27,0.005041137481694075,DBC,HAR-RV
2012-12-28,0.0051009683482829615,DBC,HAR-RV
2012-12-31,0.005212032273156437,DBC,HAR-RV
2013-01-02,0.005149138707129917,DBC,HAR-RV
2013-01-03,0.005213521266428134,DBC,HAR-RV
2013-01-04,0.005261138324015141,DBC,HAR-RV
2013-01-07,0.005235280832301768,DBC,HAR-RV
2013-01-08,0.00543849062141138,DBC,HAR-RV
2013-01-09,0.005311634860884217,DBC,HAR-RV
2013-01-10,0.005232225631330205,DBC,HAR-RV
2013-01-11,0.005015087225130065,DBC,HAR-RV
2013-01-14,0.004889581114944347,DBC,HAR-RV
2013-01-15,0.004987337178566175,DBC,HAR-RV
2013-01-16,0.005184887055356479,DBC,HAR-RV
2013-01-17,0.005228103996189854,DBC,HAR-RV
2013-01-18,0.005102591068722839,DBC,HAR-RV
2013-01-22,0.005061869424705675,DBC,HAR-RV
2013-01-23,0.0050592678720422,DBC,HAR-RV
2013-01-24,0.004984900070144951,DBC,HAR-RV
2013-01-25,0.004852728320192576,DBC,HAR-RV
2013-01-28,0.0047075805497248085,DBC,HAR-RV
2013-01-29,0.004545056570495544,DBC,HAR-RV
2013-01-30,0.004418740023305397,DBC,HAR-RV
2013-01-31,0.00441125472751829,DBC,HAR-RV
2013-02-01,0.004635428699938297,DBC,HAR-RV
2013-02-04,0.004800526630493891,DBC,HAR-RV
2013-02-05,0.004692158620932847,DBC,HAR-RV
2013-02-06,0.004674584992234722,DBC,HAR-RV
2013-02-07,0.0044690299252416014,DBC,HAR-RV
2013-02-08,0.004194866418208032,DBC,HAR-RV
2013-02-11,0.004293465208814453,DBC,HAR-RV
2013-02-12,0.004346154759293026,DBC,HAR-RV
2013-02-13,0.004387244338334321,DBC,HAR-RV
2013-02-14,0.004267431424443425,DBC,HAR-RV
2013-02-15,0.004157085972720171,DBC,HAR-RV
2013-02-19,0.0038715202976117463,DBC,HAR-RV
2013-02-20,0.0038540761053715202,DBC,HAR-RV
2013-02-21,0.004034691620955591,DBC,HAR-RV
2013-02-22,0.004579375275934348,DBC,HAR-RV
2013-02-25,0.004867810265275919,DBC,HAR-RV
2013-02-26,0.0047753579356507,DBC,HAR-RV
2013-02-27,0.00482922401589285,DBC,HAR-RV
2013-02-28,0.004864409721302473,DBC,HAR-RV
2013-03-01,0.004827326250948475,DBC,HAR-RV
2013-03-04,0.004773720838328119,DBC,HAR-RV
2013-03-05,0.004908155622032192,DBC,HAR-RV
2013-03-06,0.004744414378411663,DBC,HAR-RV
2013-03-07,0.0051026019772035264,DBC,HAR-RV
2013-03-08,0.0051254967867254315,DBC,HAR-RV
2013-03-11,0.005254620517724955,DBC,HAR-RV
2013-03-12,0.005137022288943872,DBC,HAR-RV
2013-03-13,0.004991598620615037,DBC,HAR-RV
2013-03-14,0.004845257526627952,DBC,HAR-RV
2013-03-15,0.004910534315037255,DBC,HAR-RV
2013-03-18,0.005010630785327258,DBC,HAR-RV
2013-03-19,0.004967634073242884,DBC,HAR-RV
2013-03-20,0.005248955149421788,DBC,HAR-RV
2013-03-21,0.005515076776376925,DBC,HAR-RV
2013-03-22,0.0056349900262433065,DBC,HAR-RV
2013-03-25,0.005564064017353699,DBC,HAR-RV
2013-03-26,0.005250219702996333,DBC,HAR-RV
2013-03-27,0.004924784015431728,DBC,HAR-RV
2013-03-28,0.00524219433512851,DBC,HAR-RV
2013-04-01,0.005279156975384669,DBC,HAR-RV
2013-04-02,0.0055327602039703435,DBC,HAR-RV
2013-04-03,0.005330032444977955,DBC,HAR-RV
2013-04-04,0.005446639904569993,DBC,HAR-RV
2013-04-05,0.005697004045520384,DBC,HAR-RV
2013-04-08,0.005635044131276543,DBC,HAR-RV
2013-04-09,0.005287681737367264,DBC,HAR-RV
2013-04-10,0.005205980766883573,DBC,HAR-RV
2013-04-11,0.0051718987205512205,DBC,HAR-RV
2013-04-12,0.005068399025999686,DBC,HAR-RV
2013-04-15,0.005248247620621906,DBC,HAR-RV
2013-04-16,0.005901819714270833,DBC,HAR-RV
2013-04-17,0.007328404353177966,DBC,HAR-RV
2013-04-18,0.007153891929108112,DBC,HAR-RV
2013-04-19,0.00794608695460923,DBC,HAR-RV
2013-04-22,0.0077399049853699355,DBC,HAR-RV
2013-04-23,0.0070901727582481176,DBC,HAR-RV
2013-04-24,0.006835329774386591,DBC,HAR-RV
2013-04-25,0.006990143314833688,DBC,HAR-RV
2013-04-26,0.007341609067031154,DBC,HAR-RV
2013-04-29,0.007784657674320061,DBC,HAR-RV
2013-04-30,0.007599264617493917,DBC,HAR-RV
2013-05-01,0.008103207263596065,DBC,HAR-RV
2013-05-02,0.008001595787065868,DBC,HAR-RV
2013-05-03,0.008871475880877923,DBC,HAR-RV
2013-05-06,0.008945259471551689,DBC,HAR-RV
2013-05-07,0.008732907157657994,DBC,HAR-RV
2013-05-08,0.008312777134805324,DBC,HAR-RV
2013-05-09,0.008185842981647014,DBC,HAR-RV
2013-05-10,0.008089556948214057,DBC,HAR-RV
2013-05-13,0.007536244357110424,DBC,HAR-RV
2013-05-14,0.00753555851475868,DBC,HAR-RV
2013-05-15,0.007471244451116856,DBC,HAR-RV
2013-05-16,0.007067169085161674,DBC,HAR-RV
2013-05-17,0.006192633493488999,DBC,HAR-RV
2013-05-20,0.005927000692391517,DBC,HAR-RV
2013-05-21,0.005966855043918077,DBC,HAR-RV
2013-05-22,0.005992153341739144,DBC,HAR-RV
2013-05-23,0.0059972671721089145,DBC,HAR-RV
2013-05-24,0.005952154508742397,DBC,HAR-RV
2013-05-28,0.006029221596894157,DBC,HAR-RV
2013-05-29,0.005843155287853436,DBC,HAR-RV
2013-05-30,0.006022493515587663,DBC,HAR-RV
2013-05-31,0.005968667586505492,DBC,HAR-RV
2013-06-03,0.005422683820918647,DBC,HAR-RV
2013-06-04,0.0059623214436470605,DBC,HAR-RV
2013-06-05,0.006532558758042479,DBC,HAR-RV
2013-06-06,0.005471616230194511,DBC,HAR-RV
2013-06-07,0.005424441870181169,DBC,HAR-RV
2013-06-10,0.0051334318860746415,DBC,HAR-RV
2013-06-11,0.00483673243761334,DBC,HAR-RV
2013-06-12,0.005156633882416538,DBC,HAR-RV
2013-06-13,0.005968104089679757,DBC,HAR-RV
2013-06-14,0.004804939953555144,DBC,HAR-RV
2013-06-17,0.005626550947924618,DBC,HAR-RV
2013-06-18,0.005242937509649993,DBC,HAR-RV
2013-06-19,0.004917615941171418,DBC,HAR-RV
2013-06-20,0.004914833862434327,DBC,HAR-RV
2013-06-21,0.005044025733872349,DBC,HAR-RV
2013-06-24,0.00948000061280285,DBC,HAR-RV
2013-06-25,0.005689981115027838,DBC,HAR-RV
2013-06-26,0.005209577356831519,DBC,HAR-RV
2013-06-27,0.0045054093376703675,DBC,HAR-RV
2013-06-28,0.004737352232602314,DBC,HAR-RV
2013-07-01,0.004952101391301727,DBC,HAR-RV
2013-07-02,0.005866694171127838,DBC,HAR-RV
2013-07-03,0.006051683274996078,DBC,HAR-RV
2013-07-05,0.00549840051715564,DBC,HAR-RV
2013-07-08,0.006236200696316736,DBC,HAR-RV
2013-07-09,0.004880264251071802,DBC,HAR-RV
2013-07-10,0.005415308764641013,DBC,HAR-RV
2013-07-11,0.005656551256085109,DBC,HAR-RV
2013-07-12,0.005084355449523683,DBC,HAR-RV
2013-07-15,0.005550549454229235,DBC,HAR-RV
2013-07-16,0.005209807154722455,DBC,HAR-RV
2013-07-17,0.005023052724963275,DBC,HAR-RV
2013-07-18,0.0047418480459400034,DBC,HAR-RV
2013-07-19,0.004638572062916185,DBC,HAR-RV
2013-07-22,0.00535905730288879,DBC,HAR-RV
2013-07-23,0.004670993953157788,DBC,HAR-RV
2013-07-24,0.004657409330711615,DBC,HAR-RV
2013-07-25,0.004416965039377592,DBC,HAR-RV
2013-07-26,0.0055863795340845256,DBC,HAR-RV
2013-07-29,0.004222970581846688,DBC,HAR-RV
2013-07-30,0.005162284263612788,DBC,HAR-RV
2013-07-31,0.003969976315469575,DBC,HAR-RV
2013-08-01,0.004636845749976843,DBC,HAR-RV
2013-08-02,0.00534104515289238,DBC,HAR-RV
2013-08-05,0.004359370913370819,DBC,HAR-RV
2013-08-06,0.004673578995968478,DBC,HAR-RV
2013-08-07,0.0048293596843628425,DBC,HAR-RV
2013-08-08,0.005487437419972684,DBC,HAR-RV
2013-08-09,0.005232830267154289,DBC,HAR-RV
2013-08-12,0.004823075935506657,DBC,HAR-RV
2013-08-13,0.005367846096923284,DBC,HAR-RV
2013-08-14,0.00629046937991994,DBC,HAR-RV
2013-08-15,0.004012203367223659,DBC,HAR-RV
2013-08-16,0.005679561168882498,DBC,HAR-RV
2013-08-19,0.005899174403650382,DBC,HAR-RV
2013-08-20,0.004128466579229488,DBC,HAR-RV
2013-08-21,0.004366038703669383,DBC,HAR-RV
2013-08-22,0.004447529616696394,DBC,HAR-RV
2013-08-23,0.0044471924487255905,DBC,HAR-RV
2013-08-26,0.004606265240175826,DBC,HAR-RV
2013-08-27,0.005998615577214161,DBC,HAR-RV
2013-08-28,0.005461842900797535,DBC,HAR-RV
2013-08-29,0.006067660686753384,DBC,HAR-RV
2013-08-30,0.004349102208408763,DBC,HAR-RV
2013-09-03,0.005936070973916671,DBC,HAR-RV
2013-09-04,0.004543287991717759,DBC,HAR-RV
2013-09-05,0.005092394510152762,DBC,HAR-RV
2013-09-06,0.005853799514217443,DBC,HAR-RV
2013-09-09,0.004523129836572274,DBC,HAR-RV
2013-09-10,0.005253445394851129,DBC,HAR-RV
2013-09-11,0.0052997674223452,DBC,HAR-RV
2013-09-12,0.0056969611548767065,DBC,HAR-RV
2013-09-13,0.004490109884446165,DBC,HAR-RV
2013-09-16,0.0048756783541902445,DBC,HAR-RV
2013-09-17,0.004703265330376027,DBC,HAR-RV
2013-09-18,0.006375094726071068,DBC,HAR-RV
2013-09-19,0.006106556945810639,DBC,HAR-RV
2013-09-20,0.007758047707593339,DBC,HAR-RV
2013-09-23,0.004855567436015632,DBC,HAR-RV
2013-09-24,0.005822166642925935,DBC,HAR-RV
2013-09-25,0.005535673140415833,DBC,HAR-RV
2013-09-26,0.004376656483617799,DBC,HAR-RV
2013-09-27,0.005068949546567829,DBC,HAR-RV
2013-09-30,0.006217038709799982,DBC,HAR-RV
2013-10-01,0.005734974105237368,DBC,HAR-RV
2013-10-02,0.005786412342739144,DBC,HAR-RV
2013-10-03,0.006063600945653474,DBC,HAR-RV
2013-10-04,0.0063992351479601715,DBC,HAR-RV
2013-10-07,0.004935353463110798,DBC,HAR-RV
2013-10-08,0.005101525900424819,DBC,HAR-RV
2013-10-09,0.005646070674904701,DBC,HAR-RV
2013-10-10,0.0051615409937032205,DBC,HAR-RV
2013-10-11,0.005926365200501006,DBC,HAR-RV
2013-10-14,0.006659854369694786,DBC,HAR-RV
2013-10-15,0.005418610784405847,DBC,HAR-RV
2013-10-16,0.004653051606174527,DBC,HAR-RV
2013-10-17,0.005205671337463576,DBC,HAR-RV
2013-10-18,0.005836340493355927,DBC,HAR-RV
2013-10-21,0.005385356245829717,DBC,HAR-RV
2013-10-22,0.005286160075418535,DBC,HAR-RV
2013-10-23,0.004674398370022672,DBC,HAR-RV
2013-10-24,0.004524346625465976,DBC,HAR-RV
2013-10-25,0.006538135224220764,DBC,HAR-RV
2013-10-28,0.004578146064122746,DBC,HAR-RV
2013-10-29,0.004961680185706889,DBC,HAR-RV
2013-10-30,0.004992125563353784,DBC,HAR-RV
2013-10-31,0.004811780346328684,DBC,HAR-RV
2013-11-01,0.005001934237640584,DBC,HAR-RV
2013-11-04,0.005719449742135808,DBC,HAR-RV
2013-11-05,0.006251790285060356,DBC,HAR-RV
2013-11-06,0.005053254283502662,DBC,HAR-RV
2013-11-07,0.004770881593805721,DBC,HAR-RV
2013-11-08,0.004460710211653908,DBC,HAR-RV
2013-11-11,0.005530842859765489,DBC,HAR-RV
2013-11-12,0.005371989165636953,DBC,HAR-RV
2013-11-13,0.0050588915269885,DBC,HAR-RV
2013-11-14,0.005369640128575989,DBC,HAR-RV
2013-11-15,0.005026773586763046,DBC,HAR-RV
2013-11-18,0.005074601466749273,DBC,HAR-RV
2013-11-19,0.004656836870975205,DBC,HAR-RV
2013-11-20,0.005387417695493521,DBC,HAR-RV
2013-11-21,0.0046395185715147405,DBC,HAR-RV
2013-11-22,0.004644553933705791,DBC,HAR-RV
2013-11-25,0.006272762233211761,DBC,HAR-RV
2013-11-26,0.00476464919662453,DBC,HAR-RV
2013-11-27,0.004552882520201895,DBC,HAR-RV
2013-11-29,0.004369558105271679,DBC,HAR-RV
2013-12-02,0.004235184830806876,DBC,HAR-RV
2013-12-03,0.004371551401997174,DBC,HAR-RV
2013-12-04,0.004535386387448308,DBC,HAR-RV
2013-12-05,0.00513753945041473,DBC,HAR-RV
2013-12-06,0.004326811534447512,DBC,HAR-RV
2013-12-09,0.00416935456803117,DBC,HAR-RV
2013-12-10,0.004503082069862418,DBC,HAR-RV
2013-12-11,0.004504358901296182,DBC,HAR-RV
2013-12-12,0.004341408521416054,DBC,HAR-RV
2013-12-13,0.003899865703452514,DBC,HAR-RV
2013-12-16,0.005305412126954019,DBC,HAR-RV
2013-12-17,0.004438212336150178,DBC,HAR-RV
2013-12-18,0.0042933680067059905,DBC,HAR-RV
2013-12-19,0.004503291788707768,DBC,HAR-RV
2013-12-20,0.004084603091881521,DBC,HAR-RV
2013-12-23,0.004249627018307142,DBC,HAR-RV
2013-12-24,0.005022013016403732,DBC,HAR-RV
2013-12-26,0.0039831659936264245,DBC,HAR-RV
2013-12-27,0.004240446947413311,DBC,HAR-RV
2013-12-30,0.0038999353510590345,DBC,HAR-RV
2013-12-31,0.004158579630103109,DBC,HAR-RV
2014-01-02,0.0046541339491238355,DBC,HAR-RV
2014-01-03,0.004217160915485174,DBC,HAR-RV
2014-01-06,0.006102581587267231,DBC,HAR-RV
2014-01-07,0.004993678158836649,DBC,HAR-RV
2014-01-08,0.004180451332901689,DBC,HAR-RV
2014-01-09,0.004250242551983547,DBC,HAR-RV
2014-01-10,0.005519955489087415,DBC,HAR-RV
2014-01-13,0.005442995903089307,DBC,HAR-RV
2014-01-14,0.005246850978143225,DBC,HAR-RV
2014-01-15,0.004381880635996528,DBC,HAR-RV
2014-01-16,0.004316441767809362,DBC,HAR-RV
2014-01-17,0.004699255011928744,DBC,HAR-RV
2014-01-21,0.004454382421887637,DBC,HAR-RV
2014-01-22,0.004337250126055889,DBC,HAR-RV
2014-01-23,0.004474599345986011,DBC,HAR-RV
2014-01-24,0.0047695671343906355,DBC,HAR-RV
2014-01-27,0.004179425945370573,DBC,HAR-RV
2014-01-28,0.004059693782773254,DBC,HAR-RV
2014-01-29,0.0050120207931451805,DBC,HAR-RV
2014-01-30,0.0047030809432368785,DBC,HAR-RV
2014-01-31,0.004160719527323794,DBC,HAR-RV
2014-02-03,0.0045467590679925925,DBC,HAR-RV
2014-02-04,0.004051986719124377,DBC,HAR-RV
2014-02-05,0.003914286073820796,DBC,HAR-RV
2014-02-06,0.004809076471037331,DBC,HAR-RV
2014-02-07,0.00402482910031699,DBC,HAR-RV
2014-02-10,0.004427888869446943,DBC,HAR-RV
2014-02-11,0.005535318353456569,DBC,HAR-RV
2014-02-12,0.0047145452364928215,DBC,HAR-RV
2014-02-13,0.004588238547497367,DBC,HAR-RV
2014-02-14,0.004135452795201515,DBC,HAR-RV
2014-02-18,0.004633245749228037,DBC,HAR-RV
2014-02-19,0.004517688527666949,DBC,HAR-RV
2014-02-20,0.005949749438045041,DBC,HAR-RV
2014-02-21,0.004548165631167687,DBC,HAR-RV
2014-02-24,0.004476361622733781,DBC,HAR-RV
2014-02-25,0.004526984503224603,DBC,HAR-RV
2014-02-26,0.004709892934261609,DBC,HAR-RV
2014-02-27,0.004762928999985637,DBC,HAR-RV
2014-02-28,0.004566827089949167,DBC,HAR-RV
2014-03-03,0.004560254291960141,DBC,HAR-RV
2014-03-04,0.004602000914443529,DBC,HAR-RV
2014-03-05,0.006216843727635967,DBC,HAR-RV
2014-03-06,0.0048400705419752955,DBC,HAR-RV
2014-03-07,0.005588041241166489,DBC,HAR-RV
2014-03-10,0.005791515708113598,DBC,HAR-RV
2014-03-11,0.005189256183269916,DBC,HAR-RV
2014-03-12,0.005732281842504416,DBC,HAR-RV
2014-03-13,0.004579215563235397,DBC,HAR-RV
2014-03-14,0.004766218143955177,DBC,HAR-RV
2014-03-17,0.00487055552071132,DBC,HAR-RV
2014-03-18,0.004974868966956894,DBC,HAR-RV
2014-03-19,0.005487453479383372,DBC,HAR-RV
2014-03-20,0.005030296493714812,DBC,HAR-RV
2014-03-21,0.004733135224457695,DBC,HAR-RV
2014-03-24,0.004843858058528748,DBC,HAR-RV
2014-03-25,0.004504462590317238,DBC,HAR-RV
2014-03-26,0.0044641481224615125,DBC,HAR-RV
2014-03-27,0.004792682865934471,DBC,HAR-RV
2014-03-28,0.004498210357537658,DBC,HAR-RV
2014-03-31,0.004885764414432161,DBC,HAR-RV
2014-04-01,0.004470375258734442,DBC,HAR-RV
2014-04-02,0.004627806984449801,DBC,HAR-RV
2014-04-03,0.004786311934136048,DBC,HAR-RV
2014-04-04,0.004622440659952531,DBC,HAR-RV
2014-04-07,0.004711250751034782,DBC,HAR-RV
2014-04-08,0.004612125107375277,DBC,HAR-RV
2014-04-09,0.004642507722957374,DBC,HAR-RV
2014-04-10,0.004641838399632996,DBC,HAR-RV
2014-04-11,0.004586576956177572,DBC,HAR-RV
2014-04-14,0.004647595067092326,DBC,HAR-RV
2014-04-15,0.004693648949691869,DBC,HAR-RV
2014-04-16,0.00457467943557604,DBC,HAR-RV
2014-04-17,0.004763096989728281,DBC,HAR-RV
2014-04-21,0.004632762547924976,DBC,HAR-RV
2014-04-22,0.004547511332610596,DBC,HAR-RV
2014-04-23,0.004581874086138802,DBC,HAR-RV
2014-04-24,0.004638663245555296,DBC,HAR-RV
2014-04-25,0.004664003480152472,DBC,HAR-RV
2014-04-28,0.00465774628542375,DBC,HAR-RV
2014-04-29,0.004572836442511388,DBC,HAR-RV
2014-04-30,0.004596265755510876,DBC,HAR-RV
2014-05-01,0.004455033413279963,DBC,HAR-RV
2014-05-02,0.004463476240655273,DBC,HAR-RV
2014-05-05,0.004501078789557132,DBC,HAR-RV
2014-05-06,0.0044087766361211485,DBC,HAR-RV
2014-05-07,0.0044007444285071,DBC,HAR-RV
2014-05-08,0.004336772652916719,DBC,HAR-RV
2014-05-09,0.004341572407010117,DBC,HAR-RV
2014-05-12,0.0043974104536355085,DBC,HAR-RV
2014-05-13,0.00427657670725884,DBC,HAR-RV
2014-05-14,0.004261037349844791,DBC,HAR-RV
2014-05-15,0.0042778168456814565,DBC,HAR-RV
2014-05-16,0.004276164079132034,DBC,HAR-RV
2014-05-19,0.004154807550108183,DBC,HAR-RV
2014-05-20,0.0041582094490512315,DBC,HAR-RV
2014-05-21,0.004053520762408718,DBC,HAR-RV
2014-05-22,0.004075515521606461,DBC,HAR-RV
2014-05-23,0.004015937352317543,DBC,HAR-RV
2014-05-27,0.003911580835911543,DBC,HAR-RV
2014-05-28,0.003986601142398068,DBC,HAR-RV
2014-05-29,0.003890693842232818,DBC,HAR-RV
2014-05-30,0.003933144023065459,DBC,HAR-RV
2014-06-02,0.0039321426680551524,DBC,HAR-RV
2014-06-03,0.003919186768802001,DBC,HAR-RV
2014-06-04,0.0039846600899126955,DBC,HAR-RV
2014-06-05,0.0037135650585538925,DBC,HAR-RV
2014-06-06,0.0036858224678477927,DBC,HAR-RV
2014-06-09,0.00372973501533759,DBC,HAR-RV
2014-06-10,0.003646815539640113,DBC,HAR-RV
2014-06-11,0.0037183796882091997,DBC,HAR-RV
2014-06-12,0.003766346088386783,DBC,HAR-RV
2014-06-13,0.0038903092053895446,DBC,HAR-RV
2014-06-16,0.0038398770055740536,DBC,HAR-RV
2014-06-17,0.004174678223040279,DBC,HAR-RV
2014-06-18,0.003969799178130795,DBC,HAR-RV
2014-06-19,0.003909199036879272,DBC,HAR-RV
2014-06-20,0.003941160347368542,DBC,HAR-RV
2014-06-23,0.0037932381015704534,DBC,HAR-RV
2014-06-24,0.0041050872343408535,DBC,HAR-RV
2014-06-25,0.004060863966116049,DBC,HAR-RV
2014-06-26,0.004108376853118709,DBC,HAR-RV
2014-06-27,0.004094273093254685,DBC,HAR-RV
2014-06-30,0.003900095317945839,DBC,HAR-RV
2014-07-01,0.003993032184184223,DBC,HAR-RV
2014-07-02,0.003996696286647365,DBC,HAR-RV
2014-07-03,0.0039856782958685695,DBC,HAR-RV
2014-07-07,0.00400710200106922,DBC,HAR-RV
2014-07-08,0.0040255091964218545,DBC,HAR-RV
2014-07-09,0.003918770921295039,DBC,HAR-RV
2014-07-10,0.004143996796776514,DBC,HAR-RV
2014-07-11,0.0040077652272932,DBC,HAR-RV
2014-07-14,0.004139978046474549,DBC,HAR-RV
2014-07-15,0.003967860954964861,DBC,HAR-RV
2014-07-16,0.004207777910081293,DBC,HAR-RV
2014-07-17,0.003701430027018944,DBC,HAR-RV
2014-07-18,0.004141337636688742,DBC,HAR-RV
2014-07-21,0.004171465487563557,DBC,HAR-RV
2014-07-22,0.004139382023346424,DBC,HAR-RV
2014-07-23,0.004253090009501499,DBC,HAR-RV
2014-07-24,0.004181460273461667,DBC,HAR-RV
2014-07-25,0.004248775682184057,DBC,HAR-RV
2014-07-28,0.004270898739079194,DBC,HAR-RV
2014-07-29,0.004141760456581092,DBC,HAR-RV
2014-07-30,0.004256913993558219,DBC,HAR-RV
2014-07-31,0.004157193952608669,DBC,HAR-RV
2014-08-01,0.004169646303028208,DBC,HAR-RV
2014-08-04,0.004138429115984936,DBC,HAR-RV
2014-08-05,0.004156915986333334,DBC,HAR-RV
2014-08-06,0.00430162133321999,DBC,HAR-RV
2014-08-07,0.004451049840893327,DBC,HAR-RV
2014-08-08,0.004323727212321934,DBC,HAR-RV
2014-08-11,0.004427825803167821,DBC,HAR-RV
2014-08-12,0.004316893396572124,DBC,HAR-RV
2014-08-13,0.004448130218374324,DBC,HAR-RV
2014-08-14,0.00422838571934255,DBC,HAR-RV
2014-08-15,0.0043889118045855584,DBC,HAR-RV
2014-08-18,0.0038266530114264893,DBC,HAR-RV
2014-08-19,0.004221634097273895,DBC,HAR-RV
2014-08-20,0.003830382606127282,DBC,HAR-RV
2014-08-21,0.004222316096627197,DBC,HAR-RV
2014-08-22,0.0039034309309475667,DBC,HAR-RV
2014-08-25,0.004334833582001063,DBC,HAR-RV
2014-08-26,0.004454695239404329,DBC,HAR-RV
2014-08-27,0.004534675364149679,DBC,HAR-RV
2014-08-28,0.0045140850482433305,DBC,HAR-RV
2014-08-29,0.0043544371241091015,DBC,HAR-RV
2014-09-02,0.004281047804229642,DBC,HAR-RV
2014-09-03,0.004364636013084637,DBC,HAR-RV
2014-09-04,0.0034538807874836585,DBC,HAR-RV
2014-09-05,0.0040319666556066875,DBC,HAR-RV
2014-09-08,0.0038867462264299915,DBC,HAR-RV
2014-09-09,0.00398382952762161,DBC,HAR-RV
2014-09-10,0.0037627074203354146,DBC,HAR-RV
2014-09-11,0.003714876544363407,DBC,HAR-RV
2014-09-12,0.0038137059813602167,DBC,HAR-RV
2014-09-15,0.004085401495056801,DBC,HAR-RV
2014-09-16,0.003838569209318069,DBC,HAR-RV
2014-09-17,0.004496489182707482,DBC,HAR-RV
2014-09-18,0.003714640681069614,DBC,HAR-RV
2014-09-19,0.00422262574416409,DBC,HAR-RV
2014-09-22,0.0037467546981029246,DBC,HAR-RV
2014-09-23,0.004446289862712794,DBC,HAR-RV
2014-09-24,0.0038999231930680984,DBC,HAR-RV
2014-09-25,0.004531108195651422,DBC,HAR-RV
2014-09-26,0.004220930395282623,DBC,HAR-RV
2014-09-29,0.0043045109911752505,DBC,HAR-RV
2014-09-30,0.0043894525346239045,DBC,HAR-RV
2014-10-01,0.004483038575729431,DBC,HAR-RV
2014-10-02,0.0037735774123578408,DBC,HAR-RV
2014-10-03,0.00459227471102598,DBC,HAR-RV
2014-10-06,0.004560562279832923,DBC,HAR-RV
2014-10-07,0.004577229611617552,DBC,HAR-RV
2014-10-08,0.0046482533223719995,DBC,HAR-RV
2014-10-09,0.005121357797736538,DBC,HAR-RV
2014-10-10,0.005375806645833662,DBC,HAR-RV
2014-10-13,0.004769558875327625,DBC,HAR-RV
2014-10-14,0.005143072889353722,DBC,HAR-RV
2014-10-15,0.005606850007108977,DBC,HAR-RV
2014-10-16,0.00476953431812223,DBC,HAR-RV
2014-10-17,0.005760175152544236,DBC,HAR-RV
2014-10-20,0.005824400163340564,DBC,HAR-RV
2014-10-21,0.006394438243935346,DBC,HAR-RV
2014-10-22,0.006272517501862744,DBC,HAR-RV
2014-10-23,0.006465248368738094,DBC,HAR-RV
2014-10-24,0.006624629983068833,DBC,HAR-RV
2014-10-27,0.007075634603689643,DBC,HAR-RV
2014-10-28,0.007321033216243649,DBC,HAR-RV
2014-10-29,0.007665106006061882,DBC,HAR-RV
2014-10-30,0.007826908357958313,DBC,HAR-RV
2014-10-31,0.007884706393233035,DBC,HAR-RV
2014-11-03,0.0073234722157364315,DBC,HAR-RV
2014-11-04,0.0079038182626058,DBC,HAR-RV
2014-11-05,0.007898969465564891,DBC,HAR-RV
2014-11-06,0.007337896285683796,DBC,HAR-RV
2014-11-07,0.007590270259970551,DBC,HAR-RV
2014-11-10,0.007397825515280732,DBC,HAR-RV
2014-11-11,0.007283513541142764,DBC,HAR-RV
2014-11-12,0.006791425638415668,DBC,HAR-RV
2014-11-13,0.006868918930221717,DBC,HAR-RV
2014-11-14,0.007856089445358202,DBC,HAR-RV
2014-11-17,0.007020420568812293,DBC,HAR-RV
2014-11-18,0.007216221870436488,DBC,HAR-RV
2014-11-19,0.007333550260859782,DBC,HAR-RV
2014-11-20,0.007293190250774932,DBC,HAR-RV
2014-11-21,0.007184617646820969,DBC,HAR-RV
2014-11-24,0.007267590701529459,DBC,HAR-RV
2014-11-25,0.007172318051768065,DBC,HAR-RV
2014-11-26,0.006985887772586543,DBC,HAR-RV
2014-11-28,0.007009464852179318,DBC,HAR-RV
2014-12-01,0.008359778720893777,DBC,HAR-RV
2014-12-02,0.010590269368520394,DBC,HAR-RV
2014-12-03,0.011980861241719458,DBC,HAR-RV
2014-12-04,0.011761014115018406,DBC,HAR-RV
2014-12-05,0.009898585170229332,DBC,HAR-RV
2014-12-08,0.007740387484714929,DBC,HAR-RV
2014-12-09,0.010004131552472496,DBC,HAR-RV
2014-12-10,0.011803317170515009,DBC,HAR-RV
2014-12-11,0.012664593002114305,DBC,HAR-RV
2014-12-12,0.012923202129373989,DBC,HAR-RV
2014-12-15,0.01201167891434022,DBC,HAR-RV
2014-12-16,0.012155978057771103,DBC,HAR-RV
2014-12-17,0.012816951523534863,DBC,HAR-RV
2014-12-18,0.011402862981158618,DBC,HAR-RV
2014-12-19,0.011020743646053996,DBC,HAR-RV
2014-12-22,0.011334229574423326,DBC,HAR-RV
2014-12-23,0.012566118980425312,DBC,HAR-RV
2014-12-24,0.013140784276170377,DBC,HAR-RV
2014-12-26,0.012659323368995334,DBC,HAR-RV
2014-12-29,0.012017387963222721,DBC,HAR-RV
2014-12-30,0.011017084478697838,DBC,HAR-RV
2014-12-31,0.011379016972647954,DBC,HAR-RV
2015-01-02,0.0111513089832779,DBC,HAR-RV
2015-01-05,0.009985585367670583,DBC,HAR-RV
2015-01-06,0.010142058371302921,DBC,HAR-RV
2015-01-07,0.00945400396357809,DBC,HAR-RV
2015-01-08,0.009243329856909363,DBC,HAR-RV
2015-01-09,0.008864597314134373,DBC,HAR-RV
2015-01-12,0.008730412024022426,DBC,HAR-RV
2015-01-13,0.008638890779885333,DBC,HAR-RV
2015-01-14,0.00994456606493719,DBC,HAR-RV
2015-01-15,0.00885876891401589,DBC,HAR-RV
2015-01-16,0.009145346776592043,DBC,HAR-RV
2015-01-20,0.009322041361451375,DBC,HAR-RV
2015-01-21,0.009240830403187475,DBC,HAR-RV
2015-01-22,0.00954240542490236,DBC,HAR-RV
2015-01-23,0.008751234223337335,DBC,HAR-RV
2015-01-26,0.008641132085137377,DBC,HAR-RV
2015-01-27,0.008902579427957923,DBC,HAR-RV
2015-01-28,0.008649287653667218,DBC,HAR-RV
2015-01-29,0.009167721162124888,DBC,HAR-RV
2015-01-30,0.009379239371446383,DBC,HAR-RV
2015-02-02,0.008909271545425406,DBC,HAR-RV
2015-02-03,0.01023357133474737,DBC,HAR-RV
2015-02-04,0.009859634767007828,DBC,HAR-RV
2015-02-05,0.011922100905312979,DBC,HAR-RV
2015-02-06,0.011666912685564348,DBC,HAR-RV
2015-02-09,0.009575044588142612,DBC,HAR-RV
2015-02-10,0.009083406742898951,DBC,HAR-RV
2015-02-11,0.010408127331557639,DBC,HAR-RV
2015-02-12,0.01176528402378094,DBC,HAR-RV
2015-02-13,0.012259612648159094,DBC,HAR-RV
2015-02-17,0.012606887146087386,DBC,HAR-RV
2015-02-18,0.011811511771139283,DBC,HAR-RV
2015-02-19,0.010586429996703199,DBC,HAR-RV
2015-02-20,0.01158225422505936,DBC,HAR-RV
2015-02-23,0.009943516710969887,DBC,HAR-RV
2015-02-24,0.009830111848124939,DBC,HAR-RV
2015-02-25,0.009981558360051577,DBC,HAR-RV
2015-02-26,0.009447256276469557,DBC,HAR-RV
2015-02-27,0.011264823021206035,DBC,HAR-RV
2015-03-02,0.010625129920251445,DBC,HAR-RV
2015-03-03,0.011029569981535155,DBC,HAR-RV
2015-03-04,0.011111370392569075,DBC,HAR-RV
2015-03-05,0.01001419170280324,DBC,HAR-RV
2015-03-06,0.009835501633069704,DBC,HAR-RV
2015-03-09,0.009031788826266325,DBC,HAR-RV
2015-03-10,0.00932593690797381,DBC,HAR-RV
2015-03-11,0.007813081372289712,DBC,HAR-RV
2015-03-12,0.008750142732531977,DBC,HAR-RV
2015-03-13,0.00803532184105253,DBC,HAR-RV
2015-03-16,0.007832717469503305,DBC,HAR-RV
2015-03-17,0.009366462255485762,DBC,HAR-RV
2015-03-18,0.007426136830264204,DBC,HAR-RV
2015-03-19,0.007904236783928036,DBC,HAR-RV
2015-03-20,0.010092761274396355,DBC,HAR-RV
2015-03-23,0.009494185266524955,DBC,HAR-RV
2015-03-24,0.009360049975017536,DBC,HAR-RV
2015-03-25,0.009216450916122014,DBC,HAR-RV
2015-03-26,0.008725176574554622,DBC,HAR-RV
2015-03-27,0.008792902246706822,DBC,HAR-RV
2015-03-30,0.010561499497718924,DBC,HAR-RV
2015-03-31,0.011319025923180227,DBC,HAR-RV
2015-04-01,0.009853941729687283,DBC,HAR-RV
2015-04-02,0.010519681833885911,DBC,HAR-RV
2015-04-06,0.010726774030457971,DBC,HAR-RV
2015-04-07,0.009695002689508977,DBC,HAR-RV
2015-04-08,0.010736468966384131,DBC,HAR-RV
2015-04-09,0.010252586481921932,DBC,HAR-RV
2015-04-10,0.01125634813326602,DBC,HAR-RV
2015-04-13,0.010301118791511452,DBC,HAR-RV
2015-04-14,0.010668205869527226,DBC,HAR-RV
2015-04-15,0.010337069081964067,DBC,HAR-RV
2015-04-16,0.01056746412428974,DBC,HAR-RV
2015-04-17,0.011517985192633098,DBC,HAR-RV
2015-04-20,0.010846798062392549,DBC,HAR-RV
2015-04-21,0.01018035382632936,DBC,HAR-RV
2015-04-22,0.009446797301110584,DBC,HAR-RV
2015-04-23,0.009169409373109689,DBC,HAR-RV
2015-04-24,0.00898900461714285,DBC,HAR-RV
2015-04-27,0.009375271409227429,DBC,HAR-RV
2015-04-28,0.008265178919748538,DBC,HAR-RV
2015-04-29,0.008080301877673992,DBC,HAR-RV
2015-04-30,0.007882245562145507,DBC,HAR-RV
2015-05-01,0.007781719481377981,DBC,HAR-RV
2015-05-04,0.007854199051509046,DBC,HAR-RV
2015-05-05,0.006945919315890654,DBC,HAR-RV
2015-05-06,0.0064147171660856464,DBC,HAR-RV
2015-05-07,0.006970407828668375,DBC,HAR-RV
2015-05-08,0.006156291686122663,DBC,HAR-RV
2015-05-11,0.007431728127145307,DBC,HAR-RV
2015-05-12,0.006355828764382899,DBC,HAR-RV
2015-05-13,0.006353569172130259,DBC,HAR-RV
2015-05-14,0.006735342219714001,DBC,HAR-RV
2015-05-15,0.006037977976598913,DBC,HAR-RV
2015-05-18,0.006412267028283699,DBC,HAR-RV
2015-05-19,0.005464845380546715,DBC,HAR-RV
2015-05-20,0.005462456836958425,DBC,HAR-RV
2015-05-21,0.007007471873590203,DBC,HAR-RV
2015-05-22,0.006010995561003006,DBC,HAR-RV
2015-05-26,0.006707347918972562,DBC,HAR-RV
2015-05-27,0.007111489114056306,DBC,HAR-RV
2015-05-28,0.008121509431069748,DBC,HAR-RV
2015-05-29,0.007976708713355016,DBC,HAR-RV
2015-06-01,0.007800577966931815,DBC,HAR-RV
2015-06-02,0.008327510548105686,DBC,HAR-RV
2015-06-03,0.0077089645303627646,DBC,HAR-RV
2015-06-04,0.008190257872726538,DBC,HAR-RV
2015-06-05,0.008516173034801969,DBC,HAR-RV
2015-06-08,0.008571727775001585,DBC,HAR-RV
2015-06-09,0.008109311112673026,DBC,HAR-RV
2015-06-10,0.007989027730534606,DBC,HAR-RV
2015-06-11,0.008693162192006186,DBC,HAR-RV
2015-06-12,0.008031698428966614,DBC,HAR-RV
2015-06-15,0.008367875651356594,DBC,HAR-RV
2015-06-16,0.00847060662872269,DBC,HAR-RV
2015-06-17,0.008319847715589801,DBC,HAR-RV
2015-06-18,0.007936068443997857,DBC,HAR-RV
2015-06-19,0.007878647568678634,DBC,HAR-RV
2015-06-22,0.007552189251500389,DBC,HAR-RV
2015-06-23,0.007685115061526467,DBC,HAR-RV
2015-06-24,0.007503760765929974,DBC,HAR-RV
2015-06-25,0.008042810199307207,DBC,HAR-RV
2015-06-26,0.007768636080750237,DBC,HAR-RV
2015-06-29,0.007167345714705446,DBC,HAR-RV
2015-06-30,0.007066937036746776,DBC,HAR-RV
2015-07-01,0.007176191638417274,DBC,HAR-RV
2015-07-02,0.008364718795836872,DBC,HAR-RV
2015-07-06,0.008105690266496175,DBC,HAR-RV
2015-07-07,0.007784934482597556,DBC,HAR-RV
2015-07-08,0.009317101295905442,DBC,HAR-RV
2015-07-09,0.008777098730395484,DBC,HAR-RV
2015-07-10,0.00848547560589208,DBC,HAR-RV
2015-07-13,0.008739580459195042,DBC,HAR-RV
2015-07-14,0.008353823520805184,DBC,HAR-RV
2015-07-15,0.007639474392656637,DBC,HAR-RV
2015-07-16,0.0075649369063382835,DBC,HAR-RV
2015-07-17,0.007927645409829336,DBC,HAR-RV
2015-07-20,0.007588950832225442,DBC,HAR-RV
2015-07-21,0.007752439042647344,DBC,HAR-RV
2015-07-22,0.008474369727164819,DBC,HAR-RV
2015-07-23,0.008349455138843664,DBC,HAR-RV
2015-07-24,0.008666330757636988,DBC,HAR-RV
2015-07-27,0.008721454100738874,DBC,HAR-RV
2015-07-28,0.008782437870978438,DBC,HAR-RV
2015-07-29,0.009082598139792543,DBC,HAR-RV
2015-07-30,0.009055585069260089,DBC,HAR-RV
2015-07-31,0.00878817148083616,DBC,HAR-RV
2015-08-03,0.008776632449207473,DBC,HAR-RV
2015-08-04,0.008950503481123067,DBC,HAR-RV
2015-08-05,0.00898025607590834,DBC,HAR-RV
2015-08-06,0.008789712349964073,DBC,HAR-RV
2015-08-07,0.00845256695743223,DBC,HAR-RV
2015-08-10,0.008246730602071537,DBC,HAR-RV
2015-08-11,0.00831380964476813,DBC,HAR-RV
2015-08-12,0.008954086006577041,DBC,HAR-RV
2015-08-13,0.008810068752435934,DBC,HAR-RV
2015-08-14,0.008544579666644101,DBC,HAR-RV
2015-08-17,0.008595152649261327,DBC,HAR-RV
2015-08-18,0.008618922665210704,DBC,HAR-RV
2015-08-19,0.008386745564179156,DBC,HAR-RV
2015-08-20,0.008424005410171709,DBC,HAR-RV
2015-08-21,0.00860514501232238,DBC,HAR-RV
2015-08-24,0.008390402130942713,DBC,HAR-RV
2015-08-25,0.009147730546651849,DBC,HAR-RV
2015-08-26,0.009492247473275216,DBC,HAR-RV
2015-08-27,0.008671291224337439,DBC,HAR-RV
2015-08-28,0.009045945194999854,DBC,HAR-RV
2015-08-31,0.011236476098806528,DBC,HAR-RV
2015-09-01,0.011626581754561492,DBC,HAR-RV
2015-09-02,0.012400290501064466,DBC,HAR-RV
2015-09-03,0.013824881343772539,DBC,HAR-RV
2015-09-04,0.011454569251296152,DBC,HAR-RV
2015-09-08,0.010490218914853883,DBC,HAR-RV
2015-09-09,0.010319175630746616,DBC,HAR-RV
2015-09-10,0.009460168028804594,DBC,HAR-RV
2015-09-11,0.00907119805618336,DBC,HAR-RV
2015-09-14,0.008421366308745296,DBC,HAR-RV
2015-09-15,0.007972987554341733,DBC,HAR-RV
2015-09-16,0.008605665728571618,DBC,HAR-RV
2015-09-17,0.008101396746818682,DBC,HAR-RV
2015-09-18,0.008885855267269087,DBC,HAR-RV
2015-09-21,0.008378618295975549,DBC,HAR-RV
2015-09-22,0.00944526336483665,DBC,HAR-RV
2015-09-23,0.009049995358766695,DBC,HAR-RV
2015-09-24,0.008778176545851628,DBC,HAR-RV
2015-09-25,0.008541198917842243,DBC,HAR-RV
2015-09-28,0.008452274784362624,DBC,HAR-RV
2015-09-29,0.008226875456436435,DBC,HAR-RV
2015-09-30,0.008716629674851475,DBC,HAR-RV
2015-10-01,0.008491091974588005,DBC,HAR-RV
2015-10-02,0.008644316632756627,DBC,HAR-RV
2015-10-05,0.008760980531949304,DBC,HAR-RV
2015-10-06,0.009018358652073346,DBC,HAR-RV
2015-10-07,0.009481413393526698,DBC,HAR-RV
2015-10-08,0.010170822242553751,DBC,HAR-RV
2015-10-09,0.009006040866064558,DBC,HAR-RV
2015-10-12,0.009072431080532791,DBC,HAR-RV
2015-10-13,0.009147548063002199,DBC,HAR-RV
2015-10-14,0.009887271293336384,DBC,HAR-RV
2015-10-15,0.008676119985634877,DBC,HAR-RV
2015-10-16,0.008513516025676139,DBC,HAR-RV
2015-10-19,0.008400303592240102,DBC,HAR-RV
2015-10-20,0.008446741968213446,DBC,HAR-RV
2015-10-21,0.009306174989342962,DBC,HAR-RV
2015-10-22,0.008472365637840432,DBC,HAR-RV
2015-10-23,0.009032096757042234,DBC,HAR-RV
2015-10-26,0.008818615672741104,DBC,HAR-RV
2015-10-27,0.009197807777735992,DBC,HAR-RV
2015-10-28,0.008378290042663517,DBC,HAR-RV
2015-10-29,0.008297503686010553,DBC,HAR-RV
2015-10-30,0.009067221585286861,DBC,HAR-RV
2015-11-02,0.008788491053215039,DBC,HAR-RV
2015-11-03,0.00904524518848639,DBC,HAR-RV
2015-11-04,0.009214313900754055,DBC,HAR-RV
2015-11-05,0.010196166396837937,DBC,HAR-RV
2015-11-06,0.010139733880716893,DBC,HAR-RV
2015-11-09,0.010225957519576206,DBC,HAR-RV
2015-11-10,0.009912335193634393,DBC,HAR-RV
2015-11-11,0.01002303929630291,DBC,HAR-RV
2015-11-12,0.008998794571628664,DBC,HAR-RV
2015-11-13,0.008820534645442179,DBC,HAR-RV
2015-11-16,0.009212238634765953,DBC,HAR-RV
2015-11-17,0.009099681840808716,DBC,HAR-RV
2015-11-18,0.008862531863172108,DBC,HAR-RV
2015-11-19,0.0096516428125193,DBC,HAR-RV
2015-11-20,0.009183203017416219,DBC,HAR-RV
2015-11-23,0.008188356003494315,DBC,HAR-RV
2015-11-24,0.007897755330618494,DBC,HAR-RV
2015-11-25,0.00821577986384441,DBC,HAR-RV
2015-11-27,0.008205443652954463,DBC,HAR-RV
2015-11-30,0.007936319284310283,DBC,HAR-RV
2015-12-01,0.008896603952609643,DBC,HAR-RV
2015-12-02,0.009211070519132447,DBC,HAR-RV
2015-12-03,0.009463600813530123,DBC,HAR-RV
2015-12-04,0.009759988745636229,DBC,HAR-RV
2015-12-07,0.010220414579645122,DBC,HAR-RV
2015-12-08,0.009772994922464247,DBC,HAR-RV
2015-12-09,0.010526782731786378,DBC,HAR-RV
2015-12-10,0.010560729114782917,DBC,HAR-RV
2015-12-11,0.009207494326231205,DBC,HAR-RV
2015-12-14,0.008781476154312892,DBC,HAR-RV
2015-12-15,0.00923951855094892,DBC,HAR-RV
2015-12-16,0.007777830505396442,DBC,HAR-RV
2015-12-17,0.007703098671747871,DBC,HAR-RV
2015-12-18,0.007981300116903184,DBC,HAR-RV
2015-12-21,0.008300336308632169,DBC,HAR-RV
2015-12-22,0.008066210161773188,DBC,HAR-RV
2015-12-23,0.007905428387286466,DBC,HAR-RV
2015-12-24,0.008134492813062734,DBC,HAR-RV
2015-12-28,0.00846987013846217,DBC,HAR-RV
2015-12-29,0.008401753414824431,DBC,HAR-RV
2015-12-30,0.008674385427770031,DBC,HAR-RV
2015-12-31,0.009287426199026285,DBC,HAR-RV
2016-01-04,0.009765815405843741,DBC,HAR-RV
2016-01-05,0.009029726454353772,DBC,HAR-RV
2016-01-06,0.009427031014483434,DBC,HAR-RV
2016-01-07,0.009256560845369827,DBC,HAR-RV
2016-01-08,0.008769334768110938,DBC,HAR-RV
2016-01-11,0.009027508531011898,DBC,HAR-RV
2016-01-12,0.009415034969816743,DBC,HAR-RV
2016-01-13,0.009050958274771417,DBC,HAR-RV
2016-01-14,0.010197338977490833,DBC,HAR-RV
2016-01-15,0.009398661397925149,DBC,HAR-RV
2016-01-19,0.009642424950396671,DBC,HAR-RV
2016-01-20,0.00936688513289394,DBC,HAR-RV
2016-01-21,0.00876813797752132,DBC,HAR-RV
2016-01-22,0.008910764529311846,DBC,HAR-RV
2016-01-25,0.009191294478283239,DBC,HAR-RV
2016-01-26,0.010493478411736474,DBC,HAR-RV
2016-01-27,0.010987009788697533,DBC,HAR-RV
2016-01-28,0.011886927423149393,DBC,HAR-RV
2016-01-29,0.012559512917759348,DBC,HAR-RV
2016-02-01,0.012168672011808018,DBC,HAR-RV
2016-02-02,0.010874078054327566,DBC,HAR-RV
2016-02-03,0.010413026616278909,DBC,HAR-RV
2016-02-04,0.010621978152748566,DBC,HAR-RV
2016-02-05,0.01100710079265049,DBC,HAR-RV
2016-02-08,0.010893145352601294,DBC,HAR-RV
2016-02-09,0.010324693748258385,DBC,HAR-RV
2016-02-10,0.009794966065870282,DBC,HAR-RV
2016-02-11,0.009244652066089865,DBC,HAR-RV
2016-02-12,0.008524345544052951,DBC,HAR-RV
2016-02-16,0.009213853660145124,DBC,HAR-RV
2016-02-17,0.009801910511884697,DBC,HAR-RV
2016-02-18,0.010681463398048959,DBC,HAR-RV
2016-02-19,0.00961191958814576,DBC,HAR-RV
2016-02-22,0.010690654446817853,DBC,HAR-RV
2016-02-23,0.010398281331341113,DBC,HAR-RV
2016-02-24,0.010212672200027032,DBC,HAR-RV
2016-02-25,0.010561767311900101,DBC,HAR-RV
2016-02-26,0.009607199284449228,DBC,HAR-RV
2016-02-29,0.009806068716932953,DBC,HAR-RV
2016-03-01,0.00923287037732989,DBC,HAR-RV
2016-03-02,0.00822595357152044,DBC,HAR-RV
2016-03-03,0.007761322815009554,DBC,HAR-RV
2016-03-04,0.006811739389423088,DBC,HAR-RV
2016-03-07,0.007533294162940659,DBC,HAR-RV
2016-03-08,0.008546936336358729,DBC,HAR-RV
2016-03-09,0.009242971156550518,DBC,HAR-RV
2016-03-10,0.010355248085344866,DBC,HAR-RV
2016-03-11,0.010976273557252154,DBC,HAR-RV
2016-03-14,0.010761321118184626,DBC,HAR-RV
2016-03-15,0.00958360397308811,DBC,HAR-RV
2016-03-16,0.008831255543267365,DBC,HAR-RV
2016-03-17,0.008568158655819893,DBC,HAR-RV
2016-03-18,0.008714557818233427,DBC,HAR-RV
2016-03-21,0.00940572754029309,DBC,HAR-RV
2016-03-22,0.009269708992439119,DBC,HAR-RV
2016-03-23,0.008800569157324436,DBC,HAR-RV
2016-03-24,0.008831433069306534,DBC,HAR-RV
2016-03-28,0.009056416351978593,DBC,HAR-RV
2016-03-29,0.008828405279361127,DBC,HAR-RV
2016-03-30,0.008957752465405778,DBC,HAR-RV
2016-03-31,0.008869006321901685,DBC,HAR-RV
2016-04-01,0.008630105234156681,DBC,HAR-RV
2016-04-04,0.007700544884643721,DBC,HAR-RV
2016-04-05,0.008498209648200623,DBC,HAR-RV
2016-04-06,0.009026087619904886,DBC,HAR-RV
2016-04-07,0.008883443434340195,DBC,HAR-RV
2016-04-08,0.009327670598423446,DBC,HAR-RV
2016-04-11,0.009511968989064874,DBC,HAR-RV
2016-04-12,0.009800711272678442,DBC,HAR-RV
2016-04-13,0.009627963760949442,DBC,HAR-RV
2016-04-14,0.010524608043834687,DBC,HAR-RV
2016-04-15,0.010342355775979993,DBC,HAR-RV
2016-04-18,0.010531847295818735,DBC,HAR-RV
2016-04-19,0.009407257106740745,DBC,HAR-RV
2016-04-20,0.00938067697107874,DBC,HAR-RV
2016-04-21,0.009631740777517411,DBC,HAR-RV
2016-04-22,0.010099423689755064,DBC,HAR-RV
2016-04-25,0.009597568692952446,DBC,HAR-RV
2016-04-26,0.00953159768697223,DBC,HAR-RV
2016-04-27,0.009390659530368837,DBC,HAR-RV
2016-04-28,0.00926732304786196,DBC,HAR-RV
2016-04-29,0.008730061358548497,DBC,HAR-RV
2016-05-02,0.008714137077091016,DBC,HAR-RV
2016-05-03,0.009053789138901773,DBC,HAR-RV
2016-05-04,0.009731528074949435,DBC,HAR-RV
2016-05-05,0.009838198629334395,DBC,HAR-RV
2016-05-06,0.009275258095155045,DBC,HAR-RV
2016-05-09,0.009558700250714532,DBC,HAR-RV
2016-05-10,0.009429140183232734,DBC,HAR-RV
2016-05-11,0.010373077922605101,DBC,HAR-RV
2016-05-12,0.011077582278085741,DBC,HAR-RV
2016-05-13,0.011585831669715342,DBC,HAR-RV
2016-05-16,0.009956116160362018,DBC,HAR-RV
2016-05-17,0.00987352443260986,DBC,HAR-RV
2016-05-18,0.010099426470910168,DBC,HAR-RV
2016-05-19,0.009471906276251274,DBC,HAR-RV
2016-05-20,0.009041512532774127,DBC,HAR-RV
2016-05-23,0.008740824012771858,DBC,HAR-RV
2016-05-24,0.00891698992992473,DBC,HAR-RV
2016-05-25,0.00881117260020529,DBC,HAR-RV
2016-05-26,0.008377503073800056,DBC,HAR-RV
2016-05-27,0.008987190260621707,DBC,HAR-RV
2016-05-31,0.00822979565321165,DBC,HAR-RV
2016-06-01,0.008377864230308434,DBC,HAR-RV
2016-06-02,0.008571191365149333,DBC,HAR-RV
2016-06-03,0.009011598330677963,DBC,HAR-RV
2016-06-06,0.008066925614816282,DBC,HAR-RV
2016-06-07,0.008703583634743554,DBC,HAR-RV
2016-06-08,0.009373547583113692,DBC,HAR-RV
2016-06-09,0.00943238647077145,DBC,HAR-RV
2016-06-10,0.010138405151398574,DBC,HAR-RV
2016-06-13,0.00934331198020231,DBC,HAR-RV
2016-06-14,0.010082101788251183,DBC,HAR-RV
2016-06-15,0.008885786867760379,DBC,HAR-RV
2016-06-16,0.009132989644547566,DBC,HAR-RV
2016-06-17,0.008642352621145794,DBC,HAR-RV
2016-06-20,0.01041849053400542,DBC,HAR-RV
2016-06-21,0.011144335245068112,DBC,HAR-RV
2016-06-22,0.010256852775791797,DBC,HAR-RV
2016-06-23,0.01009316665295349,DBC,HAR-RV
2016-06-24,0.009783390653292291,DBC,HAR-RV
2016-06-27,0.009806035280807477,DBC,HAR-RV
2016-06-28,0.010616575960486775,DBC,HAR-RV
2016-06-29,0.009096237770767611,DBC,HAR-RV
2016-06-30,0.010310523529371857,DBC,HAR-RV
2016-07-01,0.010388115576679012,DBC,HAR-RV
2016-07-05,0.009745353018172632,DBC,HAR-RV
2016-07-06,0.010007076408329327,DBC,HAR-RV
2016-07-07,0.011760729278641094,DBC,HAR-RV
2016-07-08,0.010271805999010397,DBC,HAR-RV
2016-07-11,0.011744497768947601,DBC,HAR-RV
2016-07-12,0.011119106139601985,DBC,HAR-RV
2016-07-13,0.010790674633966468,DBC,HAR-RV
2016-07-14,0.010698088045086243,DBC,HAR-RV
2016-07-15,0.010848852680649921,DBC,HAR-RV
2016-07-18,0.009339489662168332,DBC,HAR-RV
2016-07-19,0.008916463841684066,DBC,HAR-RV
2016-07-20,0.008951374284296236,DBC,HAR-RV
2016-07-21,0.008484091974900016,DBC,HAR-RV
2016-07-22,0.00825160274860215,DBC,HAR-RV
2016-07-25,0.008123186439542079,DBC,HAR-RV
2016-07-26,0.008064276533379933,DBC,HAR-RV
2016-07-27,0.00857921610914187,DBC,HAR-RV
2016-07-28,0.008339716554998508,DBC,HAR-RV
2016-07-29,0.008732624953969327,DBC,HAR-RV
2016-08-01,0.008678003978029054,DBC,HAR-RV
2016-08-02,0.009103911217880343,DBC,HAR-RV
2016-08-03,0.009064204720137699,DBC,HAR-RV
2016-08-04,0.009392907917296859,DBC,HAR-RV
2016-08-05,0.009109354998252057,DBC,HAR-RV
2016-08-08,0.0096517309308054,DBC,HAR-RV
2016-08-09,0.009429831671412228,DBC,HAR-RV
2016-08-10,0.00890059062619307,DBC,HAR-RV
2016-08-11,0.009060238161002938,DBC,HAR-RV
2016-08-12,0.00873144688597703,DBC,HAR-RV
2016-08-15,0.0090325867026494,DBC,HAR-RV
2016-08-16,0.009479896054964838,DBC,HAR-RV
2016-08-17,0.009639642342771038,DBC,HAR-RV
2016-08-18,0.00993271236719018,DBC,HAR-RV
2016-08-19,0.009775331025417677,DBC,HAR-RV
2016-08-22,0.009418257664324532,DBC,HAR-RV
2016-08-23,0.009443742901398136,DBC,HAR-RV
2016-08-24,0.009013751107329151,DBC,HAR-RV
2016-08-25,0.009014087740074306,DBC,HAR-RV
2016-08-26,0.00906929334364563,DBC,HAR-RV
2016-08-29,0.008899031448843934,DBC,HAR-RV
2016-08-30,0.00887876529563815,DBC,HAR-RV
2016-08-31,0.008692541138025662,DBC,HAR-RV
2016-09-01,0.008886496420547372,DBC,HAR-RV
2016-09-02,0.008988085688678501,DBC,HAR-RV
2016-09-06,0.009288006531573127,DBC,HAR-RV
2016-09-07,0.009580951907295486,DBC,HAR-RV
2016-09-08,0.00976829722487751,DBC,HAR-RV
2016-09-09,0.009831770227512677,DBC,HAR-RV
2016-09-12,0.009631923742399738,DBC,HAR-RV
2016-09-13,0.009744600982009705,DBC,HAR-RV
2016-09-14,0.009667757991371402,DBC,HAR-RV
2016-09-15,0.009630097790372088,DBC,HAR-RV
2016-09-16,0.009709464678585107,DBC,HAR-RV
2016-09-19,0.009251620003510447,DBC,HAR-RV
2016-09-20,0.008764805806176548,DBC,HAR-RV
2016-09-21,0.008715286053696933,DBC,HAR-RV
2016-09-22,0.008549226468074926,DBC,HAR-RV
2016-09-23,0.008650262311080773,DBC,HAR-RV
2016-09-26,0.008778089573568085,DBC,HAR-RV
2016-09-27,0.009067187964054499,DBC,HAR-RV
2016-09-28,0.009214666212075439,DBC,HAR-RV
2016-09-29,0.00949506922178585,DBC,HAR-RV
2016-09-30,0.009683889759267407,DBC,HAR-RV
2016-10-03,0.009744641691139339,DBC,HAR-RV
2016-10-04,0.009446813613815669,DBC,HAR-RV
2016-10-05,0.00941997173179768,DBC,HAR-RV
2016-10-06,0.00922175383799402,DBC,HAR-RV
2016-10-07,0.008733194870105359,DBC,HAR-RV
2016-10-10,0.008525419773367394,DBC,HAR-RV
2016-10-11,0.008566437145330666,DBC,HAR-RV
2016-10-12,0.008587038323386649,DBC,HAR-RV
2016-10-13,0.008629182109393885,DBC,HAR-RV
2016-10-14,0.008653561710934654,DBC,HAR-RV
2016-10-17,0.00873862729796679,DBC,HAR-RV
2016-10-18,0.008457040791211592,DBC,HAR-RV
2016-10-19,0.007986478998468778,DBC,HAR-RV
2016-10-20,0.007897221429618259,DBC,HAR-RV
2016-10-21,0.00799099916899744,DBC,HAR-RV
2016-10-24,0.008015496995005509,DBC,HAR-RV
2016-10-25,0.007927556259517283,DBC,HAR-RV
2016-10-26,0.007871036018608413,DBC,HAR-RV
2016-10-27,0.007854979152917864,DBC,HAR-RV
2016-10-28,0.00784827630444337,DBC,HAR-RV
2016-10-31,0.007648310203406392,DBC,HAR-RV
2016-11-01,0.007738061058532189,DBC,HAR-RV
2016-11-02,0.008184354320567137,DBC,HAR-RV
2016-11-03,0.008350927627475998,DBC,HAR-RV
2016-11-04,0.00833467455620368,DBC,HAR-RV
2016-11-07,0.008066485779664756,DBC,HAR-RV
2016-11-08,0.008201811671932152,DBC,HAR-RV
2016-11-09,0.007691452961376195,DBC,HAR-RV
2016-11-10,0.007419152505838984,DBC,HAR-RV
2016-11-11,0.00715941897213581,DBC,HAR-RV
2016-11-14,0.007738094671816283,DBC,HAR-RV
2016-11-15,0.00835843620004121,DBC,HAR-RV
2016-11-16,0.008267259470186191,DBC,HAR-RV
2016-11-17,0.009517102402187167,DBC,HAR-RV
2016-11-18,0.009558653364710658,DBC,HAR-RV
2016-11-21,0.00918937089654892,DBC,HAR-RV
2016-11-22,0.009064202464663761,DBC,HAR-RV
2016-11-23,0.010143734725611041,DBC,HAR-RV
2016-11-25,0.009044781382037695,DBC,HAR-RV
2016-11-28,0.008816997500435388,DBC,HAR-RV
2016-11-29,0.009021372582677335,DBC,HAR-RV
2016-11-30,0.008903246770509824,DBC,HAR-RV
2016-12-01,0.00938083425974167,DBC,HAR-RV
2016-12-02,0.010997924896177666,DBC,HAR-RV
2016-12-05,0.010611689507019894,DBC,HAR-RV
2016-12-06,0.009880298579824373,DBC,HAR-RV
2016-12-07,0.009572062878117342,DBC,HAR-RV
2016-12-08,0.009146238108681887,DBC,HAR-RV
2016-12-09,0.009142158909160009,DBC,HAR-RV
2016-12-12,0.008391023453060746,DBC,HAR-RV
2016-12-13,0.008623993870520045,DBC,HAR-RV
2016-12-14,0.008632317688926645,DBC,HAR-RV
2016-12-15,0.008224266592452338,DBC,HAR-RV
2016-12-16,0.008719685168672732,DBC,HAR-RV
2016-12-19,0.007885142344582322,DBC,HAR-RV
2016-12-20,0.008000192355567547,DBC,HAR-RV
2016-12-21,0.00808163316711238,DBC,HAR-RV
2016-12-22,0.008086791020347685,DBC,HAR-RV
2016-12-23,0.008008546451817493,DBC,HAR-RV
2016-12-27,0.007549721813813318,DBC,HAR-RV
2016-12-28,0.0076457093326367225,DBC,HAR-RV
2016-12-29,0.008589029953200825,DBC,HAR-RV
2016-12-30,0.007683416770753438,DBC,HAR-RV
2017-01-03,0.007676677243829954,DBC,HAR-RV
2017-01-04,0.00760841376669279,DBC,HAR-RV
2017-01-05,0.008236399021648065,DBC,HAR-RV
2017-01-06,0.007682818983849066,DBC,HAR-RV
2017-01-09,0.00773911320312327,DBC,HAR-RV
2017-01-10,0.0074774071100620395,DBC,HAR-RV
2017-01-11,0.008726918880353587,DBC,HAR-RV
2017-01-12,0.007976466696079144,DBC,HAR-RV
2017-01-13,0.008617920261417533,DBC,HAR-RV
2017-01-17,0.009043023769643872,DBC,HAR-RV
2017-01-18,0.007919944382077135,DBC,HAR-RV
2017-01-19,0.007650323757620644,DBC,HAR-RV
2017-01-20,0.00837239325187367,DBC,HAR-RV
2017-01-23,0.007965207301754316,DBC,HAR-RV
2017-01-24,0.00842219885203995,DBC,HAR-RV
2017-01-25,0.007424687712922882,DBC,HAR-RV
2017-01-26,0.0075721350944596135,DBC,HAR-RV
2017-01-27,0.007768718569563121,DBC,HAR-RV
2017-01-30,0.007615625377122228,DBC,HAR-RV
2017-01-31,0.00783287365828408,DBC,HAR-RV
2017-02-01,0.007661916879175277,DBC,HAR-RV
2017-02-02,0.007785271003830581,DBC,HAR-RV
2017-02-03,0.008106815004400275,DBC,HAR-RV
2017-02-06,0.00733868160729747,DBC,HAR-RV
2017-02-07,0.007227308563946382,DBC,HAR-RV
2017-02-08,0.007444591828093386,DBC,HAR-RV
2017-02-09,0.00721600668465957,DBC,HAR-RV
2017-02-10,0.006963903646580609,DBC,HAR-RV
2017-02-13,0.007207801471282681,DBC,HAR-RV
2017-02-14,0.007859330930403665,DBC,HAR-RV
2017-02-15,0.007922184860401315,DBC,HAR-RV
2017-02-16,0.007192873678670521,DBC,HAR-RV
2017-02-17,0.007125563729873469,DBC,HAR-RV
2017-02-21,0.007319820582533831,DBC,HAR-RV
2017-02-22,0.0067057109949762665,DBC,HAR-RV
2017-02-23,0.00631907449896802,DBC,HAR-RV
2017-02-24,0.006530253111440905,DBC,HAR-RV
2017-02-27,0.006436435286256711,DBC,HAR-RV
2017-02-28,0.006163929716733952,DBC,HAR-RV
2017-03-01,0.0061517118680671,DBC,HAR-RV
2017-03-02,0.006168114634567991,DBC,HAR-RV
2017-03-03,0.00633581276923473,DBC,HAR-RV
2017-03-06,0.007304930040653965,DBC,HAR-RV
2017-03-07,0.006915285303430984,DBC,HAR-RV
2017-03-08,0.006588237060711042,DBC,HAR-RV
2017-03-09,0.006999759584605764,DBC,HAR-RV
2017-03-10,0.008813775006266698,DBC,HAR-RV
2017-03-13,0.0076846563301283515,DBC,HAR-RV
2017-03-14,0.007840645223726721,DBC,HAR-RV
2017-03-15,0.007219821743672286,DBC,HAR-RV
2017-03-16,0.007482559722693577,DBC,HAR-RV
2017-03-17,0.007225028811565552,DBC,HAR-RV
2017-03-20,0.0063387006905231075,DBC,HAR-RV
2017-03-21,0.006212253435206261,DBC,HAR-RV
2017-03-22,0.006001647078398687,DBC,HAR-RV
2017-03-23,0.006224055010829526,DBC,HAR-RV
2017-03-24,0.005560696374099286,DBC,HAR-RV
2017-03-27,0.005621722843167722,DBC,HAR-RV
2017-03-28,0.005604149020473084,DBC,HAR-RV
2017-03-29,0.005527456394744111,DBC,HAR-RV
2017-03-30,0.00589387628896163,DBC,HAR-RV
2017-03-31,0.006455244362437291,DBC,HAR-RV
2017-04-03,0.006243744445233332,DBC,HAR-RV
2017-04-04,0.006007466903955137,DBC,HAR-RV
2017-04-05,0.006177873439988893,DBC,HAR-RV
2017-04-06,0.0066573064856843755,DBC,HAR-RV
2017-04-07,0.005858944126080493,DBC,HAR-RV
2017-04-10,0.005892299982457302,DBC,HAR-RV
2017-04-11,0.005976515275163022,DBC,HAR-RV
2017-04-12,0.006084442446409973,DBC,HAR-RV
2017-04-13,0.005357007729798939,DBC,HAR-RV
2017-04-17,0.005183029865824573,DBC,HAR-RV
2017-04-18,0.005219985834332803,DBC,HAR-RV
2017-04-19,0.005368472475143553,DBC,HAR-RV
2017-04-20,0.005360856426197828,DBC,HAR-RV
2017-04-21,0.006313033413818091,DBC,HAR-RV
2017-04-24,0.00665230959441537,DBC,HAR-RV
2017-04-25,0.006932756854244378,DBC,HAR-RV
2017-04-26,0.0068404242064062926,DBC,HAR-RV
2017-04-27,0.0068003626664014626,DBC,HAR-RV
2017-04-28,0.00619451336528721,DBC,HAR-RV
2017-05-01,0.006277307587637931,DBC,HAR-RV
2017-05-02,0.005815434476697738,DBC,HAR-RV
2017-05-03,0.00572595255587644,DBC,HAR-RV
2017-05-04,0.006150403891887862,DBC,HAR-RV
2017-05-05,0.0062173271079011974,DBC,HAR-RV
2017-05-08,0.0077046281450739666,DBC,HAR-RV
2017-05-09,0.008005482526382354,DBC,HAR-RV
2017-05-10,0.007888894406417568,DBC,HAR-RV
2017-05-11,0.007746711734244592,DBC,HAR-RV
2017-05-12,0.008704511040585287,DBC,HAR-RV
2017-05-15,0.0073661097615923205,DBC,HAR-RV
2017-05-16,0.006590145589226318,DBC,HAR-RV
2017-05-17,0.006766065807550344,DBC,HAR-RV
2017-05-18,0.0065111950314902115,DBC,HAR-RV
2017-05-19,0.006026234536576218,DBC,HAR-RV
2017-05-22,0.006114895654244533,DBC,HAR-RV
2017-05-23,0.007005182143574559,DBC,HAR-RV
2017-05-24,0.007128222674785989,DBC,HAR-RV
2017-05-25,0.007027383150177896,DBC,HAR-RV
2017-05-26,0.0069026406589066565,DBC,HAR-RV
2017-05-30,0.008058975952559048,DBC,HAR-RV
2017-05-31,0.007373669051619622,DBC,HAR-RV
2017-06-01,0.0075086089439581755,DBC,HAR-RV
2017-06-02,0.007889975434234694,DBC,HAR-RV
2017-06-05,0.007881056945885562,DBC,HAR-RV
2017-06-06,0.007157949478286851,DBC,HAR-RV
2017-06-07,0.006897024920140365,DBC,HAR-RV
2017-06-08,0.006870568107725836,DBC,HAR-RV
2017-06-09,0.007199054090685539,DBC,HAR-RV
2017-06-12,0.006320029145279913,DBC,HAR-RV
2017-06-13,0.006642875887236437,DBC,HAR-RV
2017-06-14,0.006866011766001768,DBC,HAR-RV
2017-06-15,0.00666498673277594,DBC,HAR-RV
2017-06-16,0.007300669412072142,DBC,HAR-RV
2017-06-19,0.006999377352070771,DBC,HAR-RV
2017-06-20,0.006990934423018581,DBC,HAR-RV
2017-06-21,0.0070263998321717855,DBC,HAR-RV
2017-06-22,0.00740457624876392,DBC,HAR-RV
2017-06-23,0.007132903515570114,DBC,HAR-RV
2017-06-26,0.0067347293170013835,DBC,HAR-RV
2017-06-27,0.006790456144023634,DBC,HAR-RV
2017-06-28,0.006718170092432221,DBC,HAR-RV
2017-06-29,0.006966960972790863,DBC,HAR-RV
2017-06-30,0.006574214664036043,DBC,HAR-RV
2017-07-03,0.006629244970118254,DBC,HAR-RV
2017-07-05,0.007835932459307728,DBC,HAR-RV
2017-07-06,0.007538986327804374,DBC,HAR-RV
2017-07-07,0.007890254709871335,DBC,HAR-RV
2017-07-10,0.007045463395200933,DBC,HAR-RV
2017-07-11,0.007584662408243591,DBC,HAR-RV
2017-07-12,0.006924498546056374,DBC,HAR-RV
2017-07-13,0.007207342390418093,DBC,HAR-RV
2017-07-14,0.006714542645749625,DBC,HAR-RV
2017-07-17,0.006502761456724043,DBC,HAR-RV
2017-07-18,0.00693990058342398,DBC,HAR-RV
2017-07-19,0.006543509296215054,DBC,HAR-RV
2017-07-20,0.006439810667522541,DBC,HAR-RV
2017-07-21,0.0067221527449726586,DBC,HAR-RV
2017-07-24,0.006458203337704632,DBC,HAR-RV
2017-07-25,0.0069319728668326445,DBC,HAR-RV
2017-07-26,0.006485884343259909,DBC,HAR-RV
2017-07-27,0.00702234456360217,DBC,HAR-RV
2017-07-28,0.007039086585719028,DBC,HAR-RV
2017-07-31,0.007080997532875147,DBC,HAR-RV
2017-08-01,0.006791308634271713,DBC,HAR-RV
2017-08-02,0.0068695731766339994,DBC,HAR-RV
2017-08-03,0.006937466879665093,DBC,HAR-RV
2017-08-04,0.006515120563093494,DBC,HAR-RV
2017-08-07,0.006570876766061651,DBC,HAR-RV
2017-08-08,0.006330023739447468,DBC,HAR-RV
2017-08-09,0.00616499365821872,DBC,HAR-RV
2017-08-10,0.005920677095111046,DBC,HAR-RV
2017-08-11,0.006172377782277308,DBC,HAR-RV
2017-08-14,0.006566831255312575,DBC,HAR-RV
2017-08-15,0.006302817859145174,DBC,HAR-RV
2017-08-16,0.006583686860157226,DBC,HAR-RV
2017-08-17,0.006548420014387686,DBC,HAR-RV
2017-08-18,0.006413558102894734,DBC,HAR-RV
2017-08-21,0.006305915781956524,DBC,HAR-RV
2017-08-22,0.006883861405768956,DBC,HAR-RV
2017-08-23,0.006840744852171244,DBC,HAR-RV
2017-08-24,0.006560868130913691,DBC,HAR-RV
2017-08-25,0.00676892162007707,DBC,HAR-RV
2017-08-28,0.006427469297006407,DBC,HAR-RV
2017-08-29,0.006158466488364546,DBC,HAR-RV
2017-08-30,0.005884111718821346,DBC,HAR-RV
2017-08-31,0.005815068201604706,DBC,HAR-RV
2017-09-01,0.006509922635238652,DBC,HAR-RV
2017-09-05,0.0070833343044719955,DBC,HAR-RV
2017-09-06,0.0062313955660827135,DBC,HAR-RV
2017-09-07,0.006267682510652586,DBC,HAR-RV
2017-09-08,0.006455074127789506,DBC,HAR-RV
2017-09-11,0.006294437007738114,DBC,HAR-RV
2017-09-12,0.006565927009267841,DBC,HAR-RV
2017-09-13,0.006321377551925167,DBC,HAR-RV
2017-09-14,0.006258457260613426,DBC,HAR-RV
2017-09-15,0.006277196357821161,DBC,HAR-RV
2017-09-18,0.006169517935010418,DBC,HAR-RV
2017-09-19,0.006176836335726367,DBC,HAR-RV
2017-09-20,0.006056695760989679,DBC,HAR-RV
2017-09-21,0.006056337982832219,DBC,HAR-RV
2017-09-22,0.0061336760478847095,DBC,HAR-RV
2017-09-25,0.006059151788778224,DBC,HAR-RV
2017-09-26,0.006189826503190164,DBC,HAR-RV
2017-09-27,0.006542055879381914,DBC,HAR-RV
2017-09-28,0.006458585890299358,DBC,HAR-RV
2017-09-29,0.006293006650587609,DBC,HAR-RV
2017-10-02,0.006153132468854497,DBC,HAR-RV
2017-10-03,0.006320499120743842,DBC,HAR-RV
2017-10-04,0.0063174799700173,DBC,HAR-RV
2017-10-05,0.005878765357461259,DBC,HAR-RV
2017-10-06,0.00595655170662458,DBC,HAR-RV
2017-10-09,0.006414782373316593,DBC,HAR-RV
2017-10-10,0.0064965267728899325,DBC,HAR-RV
2017-10-11,0.006233363371799803,DBC,HAR-RV
2017-10-12,0.006374448065693779,DBC,HAR-RV
2017-10-13,0.0061149939429390055,DBC,HAR-RV
2017-10-16,0.006113917923816688,DBC,HAR-RV
2017-10-17,0.006242230078617428,DBC,HAR-RV
2017-10-18,0.00602705319082927,DBC,HAR-RV
2017-10-19,0.0059409335494390435,DBC,HAR-RV
2017-10-20,0.005908685970717286,DBC,HAR-RV
2017-10-23,0.006044408042787771,DBC,HAR-RV
2017-10-24,0.005946828180182693,DBC,HAR-RV
2017-10-25,0.0057700170154834545,DBC,HAR-RV
2017-10-26,0.0060964857731204275,DBC,HAR-RV
2017-10-27,0.005642897467575129,DBC,HAR-RV
2017-10-30,0.005729960165332551,DBC,HAR-RV
2017-10-31,0.00579456459025392,DBC,HAR-RV
2017-11-01,0.006047935143095486,DBC,HAR-RV
2017-11-02,0.005918468009485247,DBC,HAR-RV
2017-11-03,0.006009711891473434,DBC,HAR-RV
2017-11-06,0.0056287508447320465,DBC,HAR-RV
2017-11-07,0.005849991051139931,DBC,HAR-RV
2017-11-08,0.00528695681056545,DBC,HAR-RV
2017-11-09,0.005944803955803511,DBC,HAR-RV
2017-11-10,0.006072291380475508,DBC,HAR-RV
2017-11-13,0.005814798029941412,DBC,HAR-RV
2017-11-14,0.005840149347678614,DBC,HAR-RV
2017-11-15,0.005925111566046496,DBC,HAR-RV
2017-11-16,0.005354254314829358,DBC,HAR-RV
2017-11-17,0.005837956345673237,DBC,HAR-RV
2017-11-20,0.0058696598933816345,DBC,HAR-RV
2017-11-21,0.0053256506738342995,DBC,HAR-RV
2017-11-22,0.00555320977831469,DBC,HAR-RV
2017-11-24,0.005720009586276486,DBC,HAR-RV
2017-11-27,0.005771679911632273,DBC,HAR-RV
2017-11-28,0.005631778654472887,DBC,HAR-RV
2017-11-29,0.006018872755499538,DBC,HAR-RV
2017-11-30,0.00609191200858737,DBC,HAR-RV
2017-12-01,0.006006139245247458,DBC,HAR-RV
2017-12-04,0.006143550607867145,DBC,HAR-RV
2017-12-05,0.0060289765998200046,DBC,HAR-RV
2017-12-06,0.005781193094205479,DBC,HAR-RV
2017-12-07,0.006220265195197371,DBC,HAR-RV
2017-12-08,0.005481974535251486,DBC,HAR-RV
2017-12-11,0.005684391751861851,DBC,HAR-RV
2017-12-12,0.0056257242884173095,DBC,HAR-RV
2017-12-13,0.006118436593274984,DBC,HAR-RV
2017-12-14,0.005743027226607126,DBC,HAR-RV
2017-12-15,0.006321853724333125,DBC,HAR-RV
2017-12-18,0.006322055722610898,DBC,HAR-RV
2017-12-19,0.006272165475866381,DBC,HAR-RV
2017-12-20,0.006175352982499903,DBC,HAR-RV
2017-12-21,0.006213958235345627,DBC,HAR-RV
2017-12-22,0.005999382584703682,DBC,HAR-RV
2017-12-26,0.0060861158328818395,DBC,HAR-RV
2017-12-27,0.0058580742716756295,DBC,HAR-RV
2017-12-28,0.005351826404878037,DBC,HAR-RV
2017-12-29,0.00592422213567988,DBC,HAR-RV
2018-01-02,0.005879776013655919,DBC,HAR-RV
2018-01-03,0.005857604143229077,DBC,HAR-RV
2018-01-04,0.005781879261324796,DBC,HAR-RV
2018-01-05,0.005969426884926101,DBC,HAR-RV
2018-01-08,0.006029964521692421,DBC,HAR-RV
2018-01-09,0.005765402408417125,DBC,HAR-RV
2018-01-10,0.005968159904547162,DBC,HAR-RV
2018-01-11,0.005418120544744542,DBC,HAR-RV
2018-01-12,0.005500638134913168,DBC,HAR-RV
2018-01-16,0.005574926673272095,DBC,HAR-RV
2018-01-17,0.005355473233842611,DBC,HAR-RV
2018-01-18,0.005220814563668364,DBC,HAR-RV
2018-01-19,0.005350968464249607,DBC,HAR-RV
2018-01-22,0.0053742369143865475,DBC,HAR-RV
2018-01-23,0.005272851761095312,DBC,HAR-RV
2018-01-24,0.005338178058643837,DBC,HAR-RV
2018-01-25,0.005253640006823076,DBC,HAR-RV
2018-01-26,0.005066081478991359,DBC,HAR-RV
2018-01-29,0.005265782751670394,DBC,HAR-RV
2018-01-30,0.005095225077744098,DBC,HAR-RV
2018-01-31,0.004993775230649013,DBC,HAR-RV
2018-02-01,0.00482671175412019,DBC,HAR-RV
2018-02-02,0.005353064893655812,DBC,HAR-RV
2018-02-05,0.005221564113832137,DBC,HAR-RV
2018-02-06,0.004979840342249041,DBC,HAR-RV
2018-02-07,0.004975739055677044,DBC,HAR-RV
2018-02-08,0.005293379697422725,DBC,HAR-RV
2018-02-09,0.005331331250022511,DBC,HAR-RV
2018-02-12,0.00588180658093182,DBC,HAR-RV
2018-02-13,0.0057790459749207075,DBC,HAR-RV
2018-02-14,0.006070925057071869,DBC,HAR-RV
2018-02-15,0.0064768148997452375,DBC,HAR-RV
2018-02-16,0.005865309579136077,DBC,HAR-RV
2018-02-20,0.006458437394224273,DBC,HAR-RV
2018-02-21,0.0064711739906529505,DBC,HAR-RV
2018-02-22,0.006432482408761405,DBC,HAR-RV
2018-02-23,0.006582092164974719,DBC,HAR-RV
2018-02-26,0.00645140184444183,DBC,HAR-RV
2018-02-27,0.006475002674462833,DBC,HAR-RV
2018-02-28,0.0064458349163290275,DBC,HAR-RV
2018-03-01,0.006301214476922222,DBC,HAR-RV
2018-03-02,0.006158606700164732,DBC,HAR-RV
2018-03-05,0.006531124182209668,DBC,HAR-RV
2018-03-06,0.006579944234661317,DBC,HAR-RV
2018-03-07,0.006387878014574416,DBC,HAR-RV
2018-03-08,0.006560905892805596,DBC,HAR-RV
2018-03-09,0.006244661677548587,DBC,HAR-RV
2018-03-12,0.006325011125130387,DBC,HAR-RV
2018-03-13,0.006051000445639902,DBC,HAR-RV
2018-03-14,0.006278334966620723,DBC,HAR-RV
2018-03-15,0.006149725589240779,DBC,HAR-RV
2018-03-16,0.006256515791060363,DBC,HAR-RV
2018-03-19,0.006276505914714918,DBC,HAR-RV
2018-03-20,0.006152400318248947,DBC,HAR-RV
2018-03-21,0.005915519972781552,DBC,HAR-RV
2018-03-22,0.0060579730549568936,DBC,HAR-RV
2018-03-23,0.00577201646991628,DBC,HAR-RV
2018-03-26,0.005779710977022048,DBC,HAR-RV
2018-03-27,0.0056534492189772466,DBC,HAR-RV
2018-03-28,0.00573216315907225,DBC,HAR-RV
2018-03-29,0.005754875591665253,DBC,HAR-RV
2018-04-02,0.006161901814818991,DBC,HAR-RV
2018-04-03,0.00612172628361307,DBC,HAR-RV
2018-04-04,0.006039235192006773,DBC,HAR-RV
2018-04-05,0.0058069359592459215,DBC,HAR-RV
2018-04-06,0.005863662597142502,DBC,HAR-RV
2018-04-09,0.0058345260541550915,DBC,HAR-RV
2018-04-10,0.005931984449160283,DBC,HAR-RV
2018-04-11,0.006007324715072287,DBC,HAR-RV
2018-04-12,0.005813946159030811,DBC,HAR-RV
2018-04-13,0.005618929921813329,DBC,HAR-RV
2018-04-16,0.005554448431622797,DBC,HAR-RV
2018-04-17,0.005733509387857186,DBC,HAR-RV
2018-04-18,0.0061876272128313405,DBC,HAR-RV
2018-04-19,0.007267096382717186,DBC,HAR-RV
2018-04-20,0.0068089580771051594,DBC,HAR-RV
2018-04-23,0.006591678824824267,DBC,HAR-RV
2018-04-24,0.006388935463464973,DBC,HAR-RV
2018-04-25,0.006261744652090878,DBC,HAR-RV
2018-04-26,0.005980361810639496,DBC,HAR-RV
2018-04-27,0.0064842852180599245,DBC,HAR-RV
2018-04-30,0.00645291320661984,DBC,HAR-RV
2018-05-01,0.00632862239043693,DBC,HAR-RV
2018-05-02,0.0062722909613275755,DBC,HAR-RV
2018-05-03,0.006174031104289386,DBC,HAR-RV
2018-05-04,0.00602261097211973,DBC,HAR-RV
2018-05-07,0.006113872002266896,DBC,HAR-RV
2018-05-08,0.005901199484121662,DBC,HAR-RV
2018-05-09,0.005828490767891482,DBC,HAR-RV
2018-05-10,0.005978585069100893,DBC,HAR-RV
2018-05-11,0.005829761575991469,DBC,HAR-RV
2018-05-14,0.005692851327584868,DBC,HAR-RV
2018-05-15,0.005805161618172739,DBC,HAR-RV
2018-05-16,0.0055541853547318954,DBC,HAR-RV
2018-05-17,0.005392492529746374,DBC,HAR-RV
2018-05-18,0.005621825595033606,DBC,HAR-RV
2018-05-21,0.00555555789278673,DBC,HAR-RV
2018-05-22,0.005743596620063598,DBC,HAR-RV
2018-05-23,0.005848480188007267,DBC,HAR-RV
2018-05-24,0.0055980124824295254,DBC,HAR-RV
2018-05-25,0.005770395621145584,DBC,HAR-RV
2018-05-29,0.005848779789259339,DBC,HAR-RV
2018-05-30,0.005883809229235749,DBC,HAR-RV
2018-05-31,0.00568949828833486,DBC,HAR-RV
2018-06-01,0.005507988296478004,DBC,HAR-RV
2018-06-04,0.005113624618189885,DBC,HAR-RV
2018-06-05,0.005254018108018507,DBC,HAR-RV
2018-06-06,0.005471819999944928,DBC,HAR-RV
2018-06-07,0.005181199088387734,DBC,HAR-RV
2018-06-08,0.005594948566492601,DBC,HAR-RV
2018-06-11,0.00550939807058023,DBC,HAR-RV
2018-06-12,0.005492768025839967,DBC,HAR-RV
2018-06-13,0.005873636221249076,DBC,HAR-RV
2018-06-14,0.005861992023556689,DBC,HAR-RV
2018-06-15,0.006217185086304816,DBC,HAR-RV
2018-06-18,0.006914161977163374,DBC,HAR-RV
2018-06-19,0.007128944684662058,DBC,HAR-RV
2018-06-20,0.00499968880587719,DBC,HAR-RV
2018-06-21,0.0044949730265891295,DBC,HAR-RV
2018-06-22,0.003628635308489355,DBC,HAR-RV
2018-06-25,0.004943796975726125,DBC,HAR-RV
2018-06-26,0.006535507091931828,DBC,HAR-RV
2018-06-27,0.005448444877344333,DBC,HAR-RV
2018-06-28,0.005190712767960773,DBC,HAR-RV
2018-06-29,0.004376502850609822,DBC,HAR-RV
2018-07-02,0.004183482022054419,DBC,HAR-RV
2018-07-03,0.006173270728101813,DBC,HAR-RV
2018-07-05,0.006836061980389597,DBC,HAR-RV
2018-07-06,0.004592843609691497,DBC,HAR-RV
2018-07-09,0.005233795992317431,DBC,HAR-RV
2018-07-10,0.005009728458067558,DBC,HAR-RV
2018-07-11,0.005163445207793202,DBC,HAR-RV
2018-07-12,0.006438020038667235,DBC,HAR-RV
2018-07-13,0.008447214750609045,DBC,HAR-RV
2018-07-16,0.0051780297531457105,DBC,HAR-RV
2018-07-17,0.006132321237975638,DBC,HAR-RV
2018-07-18,0.006786142852610951,DBC,HAR-RV
2018-07-19,0.005625453173519958,DBC,HAR-RV
2018-07-20,0.006542791530984027,DBC,HAR-RV
2018-07-23,0.006150637761614318,DBC,HAR-RV
2018-07-24,0.0062155249688834475,DBC,HAR-RV
2018-07-25,0.006527358475158932,DBC,HAR-RV
2018-07-26,0.006794828843598189,DBC,HAR-RV
2018-07-27,0.006748721714472235,DBC,HAR-RV
2018-07-30,0.006047072283931538,DBC,HAR-RV
2018-07-31,0.00632496095691985,DBC,HAR-RV
2018-08-01,0.006314012840497458,DBC,HAR-RV
2018-08-02,0.0062952397409351876,DBC,HAR-RV
2018-08-03,0.006688749807859503,DBC,HAR-RV
2018-08-06,0.006069560269998712,DBC,HAR-RV
2018-08-07,0.005915803808210529,DBC,HAR-RV
2018-08-08,0.005907123473180485,DBC,HAR-RV
2018-08-09,0.006217121005697094,DBC,HAR-RV
2018-08-10,0.00661930879846161,DBC,HAR-RV
2018-08-13,0.006135254063722903,DBC,HAR-RV
2018-08-14,0.0056670235536594536,DBC,HAR-RV
2018-08-15,0.005911148860384865,DBC,HAR-RV
2018-08-16,0.0059749855999596995,DBC,HAR-RV
2018-08-17,0.006795837684003282,DBC,HAR-RV
2018-08-20,0.006012001998666571,DBC,HAR-RV
2018-08-21,0.005601670331733883,DBC,HAR-RV
2018-08-22,0.005535402896498073,DBC,HAR-RV
2018-08-23,0.005586820057878385,DBC,HAR-RV
2018-08-24,0.006460098196130648,DBC,HAR-RV
2018-08-27,0.006063697064061597,DBC,HAR-RV
2018-08-28,0.0061119211323790125,DBC,HAR-RV
2018-08-29,0.005970365490760982,DBC,HAR-RV
2018-08-30,0.00596903634483204,DBC,HAR-RV
2018-08-31,0.006262518265361406,DBC,HAR-RV
2018-09-04,0.005932291157154671,DBC,HAR-RV
2018-09-05,0.0059546605542982215,DBC,HAR-RV
2018-09-06,0.0060050152943298355,DBC,HAR-RV
2018-09-07,0.005913671388400479,DBC,HAR-RV
2018-09-10,0.0060783990821464216,DBC,HAR-RV
2018-09-11,0.005852620397497747,DBC,HAR-RV
2018-09-12,0.005797805594032521,DBC,HAR-RV
2018-09-13,0.006041445175856962,DBC,HAR-RV
2018-09-14,0.00596837831993729,DBC,HAR-RV
2018-09-17,0.006137902340267812,DBC,HAR-RV
2018-09-18,0.00590341259436913,DBC,HAR-RV
2018-09-19,0.00560759584461967,DBC,HAR-RV
2018-09-20,0.005925628000327354,DBC,HAR-RV
2018-09-21,0.005811339167395261,DBC,HAR-RV
2018-09-24,0.005782833284277892,DBC,HAR-RV
2018-09-25,0.006008082577622443,DBC,HAR-RV
2018-09-26,0.006181056892281446,DBC,HAR-RV
2018-09-27,0.0058724053783040615,DBC,HAR-RV
2018-09-28,0.005977226820958364,DBC,HAR-RV
2018-10-01,0.005911774206521477,DBC,HAR-RV
2018-10-02,0.006107053534994897,DBC,HAR-RV
2018-10-03,0.0063634951168242086,DBC,HAR-RV
2018-10-04,0.00580136248217946,DBC,HAR-RV
2018-10-05,0.006020672266183802,DBC,HAR-RV
2018-10-08,0.0059447248345241375,DBC,HAR-RV
2018-10-09,0.005764866291306887,DBC,HAR-RV
2018-10-10,0.006103537231793186,DBC,HAR-RV
2018-10-11,0.006285904613172636,DBC,HAR-RV
2018-10-12,0.006866101631205256,DBC,HAR-RV
2018-10-15,0.006645697156039465,DBC,HAR-RV
2018-10-16,0.006239762709705039,DBC,HAR-RV
2018-10-17,0.00580596995107961,DBC,HAR-RV
2018-10-18,0.006026520233751001,DBC,HAR-RV
2018-10-19,0.006535325699285953,DBC,HAR-RV
2018-10-22,0.006714635625628556,DBC,HAR-RV
2018-10-23,0.006381204921751666,DBC,HAR-RV
2018-10-24,0.006467508322891326,DBC,HAR-RV
2018-10-25,0.0071852596786632856,DBC,HAR-RV
2018-10-26,0.006555608458824115,DBC,HAR-RV
2018-10-29,0.0065926481719615895,DBC,HAR-RV
2018-10-30,0.006775169194494588,DBC,HAR-RV
2018-10-31,0.00677229882847713,DBC,HAR-RV
2018-11-01,0.006932604331432772,DBC,HAR-RV
2018-11-02,0.0069722488093166834,DBC,HAR-RV
2018-11-05,0.006764603552540344,DBC,HAR-RV
2018-11-06,0.006373152204655476,DBC,HAR-RV
2018-11-07,0.0062751537926417,DBC,HAR-RV
2018-11-08,0.006458710519972086,DBC,HAR-RV
2018-11-09,0.006469577880525599,DBC,HAR-RV
2018-11-12,0.006817580550567378,DBC,HAR-RV
2018-11-13,0.006816692875052447,DBC,HAR-RV
2018-11-14,0.006404214794230249,DBC,HAR-RV
2018-11-15,0.007435874317345194,DBC,HAR-RV
2018-11-16,0.006333677014539297,DBC,HAR-RV
2018-11-19,0.0060716565710007865,DBC,HAR-RV
2018-11-20,0.006278561684482896,DBC,HAR-RV
2018-11-21,0.006431577459744941,DBC,HAR-RV
2018-11-23,0.007287677391067251,DBC,HAR-RV
2018-11-26,0.007356465622243381,DBC,HAR-RV
2018-11-27,0.007392070577293125,DBC,HAR-RV
2018-11-28,0.006822408225876289,DBC,HAR-RV
2018-11-29,0.00648739016098792,DBC,HAR-RV
2018-11-30,0.006990052365921088,DBC,HAR-RV
2018-12-03,0.007001400839491751,DBC,HAR-RV
2018-12-04,0.007999024595392479,DBC,HAR-RV
2018-12-06,0.007630841287687693,DBC,HAR-RV
2018-12-07,0.007436728250802133,DBC,HAR-RV
2018-12-10,0.007509522211390393,DBC,HAR-RV
2018-12-11,0.007760221453561249,DBC,HAR-RV
2018-12-12,0.00753592949990945,DBC,HAR-RV
2018-12-13,0.007970943141398127,DBC,HAR-RV
2018-12-14,0.007944652200206294,DBC,HAR-RV
2018-12-17,0.008060985582743239,DBC,HAR-RV
2018-12-18,0.008264934324939237,DBC,HAR-RV
2018-12-19,0.008300995462609373,DBC,HAR-RV
2018-12-20,0.007841248840078238,DBC,HAR-RV
2018-12-21,0.00781422954265206,DBC,HAR-RV
2018-12-24,0.00817904860040675,DBC,HAR-RV
2018-12-26,0.008762819695336125,DBC,HAR-RV
2018-12-27,0.008638254056561667,DBC,HAR-RV
2018-12-28,0.009049111781934764,DBC,HAR-RV
2018-12-31,0.008194459644075702,DBC,HAR-RV
2019-01-02,0.008164506690584564,DBC,HAR-RV
2019-01-03,0.008189853196912053,DBC,HAR-RV
2019-01-04,0.008680307245749221,DBC,HAR-RV
2019-01-07,0.00960953480895244,DBC,HAR-RV
2019-01-08,0.009659886302817208,DBC,HAR-RV
2019-01-09,0.00928040907014063,DBC,HAR-RV
2019-01-10,0.009589876937842837,DBC,HAR-RV
2019-01-11,0.008827182830809669,DBC,HAR-RV
2019-01-14,0.00870046352254731,DBC,HAR-RV
2019-01-15,0.008908300469336002,DBC,HAR-RV
2019-01-16,0.00893551227245401,DBC,HAR-RV
2019-01-17,0.00917182048980753,DBC,HAR-RV
2019-01-18,0.009533254282880634,DBC,HAR-RV
2019-01-22,0.009173064648628921,DBC,HAR-RV
2019-01-23,0.008807986350036268,DBC,HAR-RV
2019-01-24,0.008288279646278509,DBC,HAR-RV
2019-01-25,0.008462028515497313,DBC,HAR-RV
2019-01-28,0.008387788732624427,DBC,HAR-RV
2019-01-29,0.008079711816896594,DBC,HAR-RV
2019-01-30,0.008074575771122692,DBC,HAR-RV
2019-01-31,0.007476941038395924,DBC,HAR-RV
2019-02-01,0.007035574907117566,DBC,HAR-RV
2019-02-04,0.006782383117737182,DBC,HAR-RV
2019-02-05,0.006762350776540815,DBC,HAR-RV
2019-02-06,0.007375183990587321,DBC,HAR-RV
2019-02-07,0.007570543649339823,DBC,HAR-RV
2019-02-08,0.007471068710917491,DBC,HAR-RV
2019-02-11,0.007343762527887647,DBC,HAR-RV
2019-02-12,0.007414223868252169,DBC,HAR-RV
2019-02-13,0.006744761185798811,DBC,HAR-RV
2019-02-14,0.006820287145827086,DBC,HAR-RV
2019-02-15,0.006652983310258263,DBC,HAR-RV
2019-02-19,0.006985505104513116,DBC,HAR-RV
2019-02-20,0.006177629977739252,DBC,HAR-RV
2019-02-21,0.006322940727441962,DBC,HAR-RV
2019-02-22,0.006517722579770704,DBC,HAR-RV
2019-02-25,0.006364688789952187,DBC,HAR-RV
2019-02-26,0.006346224067483027,DBC,HAR-RV
2019-02-27,0.006739781934644531,DBC,HAR-RV
2019-02-28,0.006906085187613294,DBC,HAR-RV
2019-03-01,0.006754252249711663,DBC,HAR-RV
2019-03-04,0.006471091229781499,DBC,HAR-RV
2019-03-05,0.005851243550443723,DBC,HAR-RV
2019-03-06,0.006514816761622995,DBC,HAR-RV
2019-03-07,0.006437865444335934,DBC,HAR-RV
2019-03-08,0.006240744613586907,DBC,HAR-RV
2019-03-11,0.006287960829103642,DBC,HAR-RV
2019-03-12,0.006620297710404975,DBC,HAR-RV
2019-03-13,0.006689245340124613,DBC,HAR-RV
2019-03-14,0.006341667824062763,DBC,HAR-RV
2019-03-15,0.006451194171187962,DBC,HAR-RV
2019-03-18,0.006330377318246356,DBC,HAR-RV
2019-03-19,0.006358184421308196,DBC,HAR-RV
2019-03-20,0.005864453078145438,DBC,HAR-RV
2019-03-21,0.006103842129900114,DBC,HAR-RV
2019-03-22,0.005533322721048465,DBC,HAR-RV
2019-03-25,0.005756548667076228,DBC,HAR-RV
2019-03-26,0.005470183104947589,DBC,HAR-RV
2019-03-27,0.00573232500802261,DBC,HAR-RV
2019-03-28,0.005820715567291568,DBC,HAR-RV
2019-03-29,0.005403824440846458,DBC,HAR-RV
2019-04-01,0.0054855882215526005,DBC,HAR-RV
2019-04-02,0.005870953102018557,DBC,HAR-RV
2019-04-03,0.005532678003031189,DBC,HAR-RV
2019-04-04,0.0053755421883085585,DBC,HAR-RV
2019-04-05,0.005484211446592294,DBC,HAR-RV
2019-04-08,0.005475505081812242,DBC,HAR-RV
2019-04-09,0.005173530844552639,DBC,HAR-RV
2019-04-10,0.005377756757733226,DBC,HAR-RV
2019-04-11,0.005598538305991961,DBC,HAR-RV
2019-04-12,0.005240919519351258,DBC,HAR-RV
2019-04-15,0.005041335179552598,DBC,HAR-RV
2019-04-16,0.004985641569564714,DBC,HAR-RV
2019-04-17,0.004990659579479733,DBC,HAR-RV
2019-04-18,0.0050197519452584785,DBC,HAR-RV
2019-04-22,0.005250173519589552,DBC,HAR-RV
2019-04-23,0.005339003906242262,DBC,HAR-RV
2019-04-24,0.0050761789993096825,DBC,HAR-RV
2019-04-25,0.005056929537883443,DBC,HAR-RV
2019-04-26,0.00467643612726663,DBC,HAR-RV
2019-04-29,0.004735207752829412,DBC,HAR-RV
2019-04-30,0.004088768449917737,DBC,HAR-RV
2019-05-01,0.004516439642533228,DBC,HAR-RV
2019-05-02,0.004271132617928183,DBC,HAR-RV
2019-05-03,0.00451684304193621,DBC,HAR-RV
2019-05-06,0.003412447147527725,DBC,HAR-RV
2019-05-07,0.0046048382236774385,DBC,HAR-RV
2019-05-08,0.004575960388811058,DBC,HAR-RV
2019-05-09,0.004009791564295475,DBC,HAR-RV
2019-05-10,0.004724625430355468,DBC,HAR-RV
2019-05-13,0.004964162773331443,DBC,HAR-RV
2019-05-14,0.005127758107082592,DBC,HAR-RV
2019-05-15,0.004769645543751188,DBC,HAR-RV
2019-05-16,0.004651678857308922,DBC,HAR-RV
2019-05-17,0.004592267378251051,DBC,HAR-RV
2019-05-20,0.0050181060402245785,DBC,HAR-RV
2019-05-21,0.004462209958464547,DBC,HAR-RV
2019-05-22,0.004990307679407624,DBC,HAR-RV
2019-05-23,0.005968019426397276,DBC,HAR-RV
2019-05-24,0.004992824409379291,DBC,HAR-RV
2019-05-28,0.004638282032168147,DBC,HAR-RV
2019-05-29,0.005322086482689951,DBC,HAR-RV
2019-05-30,0.005664381787587776,DBC,HAR-RV
2019-05-31,0.005816952884641785,DBC,HAR-RV
2019-06-03,0.006430519930450181,DBC,HAR-RV
2019-06-04,0.005680921777182879,DBC,HAR-RV
2019-06-05,0.007890783344991143,DBC,HAR-RV
2019-06-06,0.007759746613105908,DBC,HAR-RV
2019-06-07,0.00733506920803533,DBC,HAR-RV
2019-06-10,0.007825687162066547,DBC,HAR-RV
2019-06-11,0.0089314935941293,DBC,HAR-RV
2019-06-12,0.008840900591426223,DBC,HAR-RV
2019-06-13,0.008712323077090179,DBC,HAR-RV
2019-06-14,0.008794211868431927,DBC,HAR-RV
2019-06-17,0.008889421542540852,DBC,HAR-RV
2019-06-18,0.008960295966268884,DBC,HAR-RV
2019-06-19,0.00887696127632865,DBC,HAR-RV
2019-06-20,0.00879078225162376,DBC,HAR-RV
2019-06-21,0.009216034454520444,DBC,HAR-RV
2019-06-24,0.008597861660669854,DBC,HAR-RV
2019-06-25,0.009672368713195763,DBC,HAR-RV
2019-06-26,0.009033148999199398,DBC,HAR-RV
2019-06-27,0.008532025823911014,DBC,HAR-RV
2019-06-28,0.008157470181937057,DBC,HAR-RV
2019-07-01,0.008182809664307348,DBC,HAR-RV
2019-07-02,0.007695252101393664,DBC,HAR-RV
2019-07-03,0.00807806394930153,DBC,HAR-RV
2019-07-05,0.007004315803966536,DBC,HAR-RV
2019-07-08,0.00754283325265524,DBC,HAR-RV
2019-07-09,0.007826685961057176,DBC,HAR-RV
2019-07-10,0.007238522415870724,DBC,HAR-RV
2019-07-11,0.006821293563908806,DBC,HAR-RV
2019-07-12,0.006169034982045412,DBC,HAR-RV
2019-07-15,0.0074590555552048795,DBC,HAR-RV
2019-07-16,0.007260185592865187,DBC,HAR-RV
2019-07-17,0.006692161538897146,DBC,HAR-RV
2019-07-18,0.006688118587477691,DBC,HAR-RV
2019-07-19,0.0068091970292944,DBC,HAR-RV
2019-07-22,0.007065255433962468,DBC,HAR-RV
2019-07-23,0.0070265309965380825,DBC,HAR-RV
2019-07-24,0.007192614350555198,DBC,HAR-RV
2019-07-25,0.006495199377080665,DBC,HAR-RV
2019-07-26,0.006634739590174287,DBC,HAR-RV
2019-07-29,0.006582229371420079,DBC,HAR-RV
2019-07-30,0.006613353448048503,DBC,HAR-RV
2019-07-31,0.00645851448896965,DBC,HAR-RV
2019-08-01,0.006489203704033182,DBC,HAR-RV
2019-08-02,0.0066157712874711765,DBC,HAR-RV
2019-08-05,0.006102894434326117,DBC,HAR-RV
2019-08-06,0.007248928514231185,DBC,HAR-RV
2019-08-07,0.006748638111732531,DBC,HAR-RV
2019-08-08,0.00715175820134939,DBC,HAR-RV
2019-08-09,0.006961573744386847,DBC,HAR-RV
2019-08-12,0.007553436969568046,DBC,HAR-RV
2019-08-13,0.006938223823735294,DBC,HAR-RV
2019-08-14,0.007301251005216811,DBC,HAR-RV
2019-08-15,0.007165042092314105,DBC,HAR-RV
2019-08-16,0.007734241954896266,DBC,HAR-RV
2019-08-19,0.007886181868640088,DBC,HAR-RV
2019-08-20,0.007862102073987732,DBC,HAR-RV
2019-08-21,0.007566030719329932,DBC,HAR-RV
2019-08-22,0.00772589394393973,DBC,HAR-RV
2019-08-23,0.007769863860476741,DBC,HAR-RV
2019-08-26,0.007593262936389225,DBC,HAR-RV
2019-08-27,0.007468385937363146,DBC,HAR-RV
2019-08-28,0.007592680600698723,DBC,HAR-RV
2019-08-29,0.007570352151730004,DBC,HAR-RV
2019-08-30,0.007573901738914093,DBC,HAR-RV
2019-09-03,0.007816533131913675,DBC,HAR-RV
2019-09-04,0.0074980450359293065,DBC,HAR-RV
2019-09-05,0.00737117449975307,DBC,HAR-RV
2019-09-06,0.0069298431226851,DBC,HAR-RV
2019-09-09,0.007926262365989317,DBC,HAR-RV
2019-09-10,0.007872424951185515,DBC,HAR-RV
2019-09-11,0.007366473180239024,DBC,HAR-RV
2019-09-12,0.007642291783177251,DBC,HAR-RV
2019-09-13,0.007140338273244031,DBC,HAR-RV
2019-09-16,0.007223460132243009,DBC,HAR-RV
2019-09-17,0.007263003769477824,DBC,HAR-RV
2019-09-18,0.0061013107338074935,DBC,HAR-RV
2019-09-19,0.007276810198965915,DBC,HAR-RV
2019-09-20,0.007745586659870511,DBC,HAR-RV
2019-09-23,0.0074262880869037165,DBC,HAR-RV
2019-09-24,0.007134227980347604,DBC,HAR-RV
2019-09-25,0.007880324956328864,DBC,HAR-RV
2019-09-26,0.008113548644832063,DBC,HAR-RV
2019-09-27,0.008040074515297719,DBC,HAR-RV
2019-09-30,0.008078733611127011,DBC,HAR-RV
2019-10-01,0.007949015258978957,DBC,HAR-RV
2019-10-02,0.007762130498464962,DBC,HAR-RV
2019-10-03,0.007887204491082149,DBC,HAR-RV
2019-10-04,0.0074918968996632715,DBC,HAR-RV
2019-10-07,0.007531969162878746,DBC,HAR-RV
2019-10-08,0.007011070447872001,DBC,HAR-RV
2019-10-09,0.007145477801830674,DBC,HAR-RV
2019-10-10,0.007106628670026829,DBC,HAR-RV
2019-10-11,0.006926449865905501,DBC,HAR-RV
2019-10-14,0.006967746340421601,DBC,HAR-RV
2019-10-15,0.006992766675510789,DBC,HAR-RV
2019-10-16,0.0069787808804759495,DBC,HAR-RV
2019-10-17,0.007038254540577521,DBC,HAR-RV
2019-10-18,0.00605881771803091,DBC,HAR-RV
2019-10-21,0.005593564050917876,DBC,HAR-RV
2019-10-22,0.005376049410831798,DBC,HAR-RV
2019-10-23,0.005131375878106782,DBC,HAR-RV
2019-10-24,0.005264940718294502,DBC,HAR-RV
2019-10-25,0.00559830942389828,DBC,HAR-RV
2019-10-28,0.0053489407598274075,DBC,HAR-RV
2019-10-29,0.005318968486555333,DBC,HAR-RV
2019-10-30,0.005379054939928526,DBC,HAR-RV
2019-10-31,0.005343489536253291,DBC,HAR-RV
2019-11-01,0.0052648841726147064,DBC,HAR-RV
2019-11-04,0.00553686922499012,DBC,HAR-RV
2019-11-05,0.0061723460587962235,DBC,HAR-RV
2019-11-06,0.0059764523421175515,DBC,HAR-RV
2019-11-07,0.005879052745704642,DBC,HAR-RV
2019-11-08,0.006171680064232172,DBC,HAR-RV
2019-11-11,0.005878482816068206,DBC,HAR-RV
2019-11-12,0.005786779540457328,DBC,HAR-RV
2019-11-13,0.0058295341105993135,DBC,HAR-RV
2019-11-14,0.00544879361820582,DBC,HAR-RV
2019-11-15,0.005333438761724945,DBC,HAR-RV
2019-11-18,0.005433302487811001,DBC,HAR-RV
2019-11-19,0.005582304880095726,DBC,HAR-RV
2019-11-20,0.005904645587110016,DBC,HAR-RV
2019-11-21,0.0061336052810449125,DBC,HAR-RV
2019-11-22,0.006552270952774825,DBC,HAR-RV
2019-11-25,0.006406502619873734,DBC,HAR-RV
2019-11-26,0.005852150331721454,DBC,HAR-RV
2019-11-27,0.005777190226058624,DBC,HAR-RV
2019-11-29,0.006007302155335716,DBC,HAR-RV
2019-12-02,0.00610213426587395,DBC,HAR-RV
2019-12-03,0.006663049793878951,DBC,HAR-RV
2019-12-04,0.006129687344966658,DBC,HAR-RV
2019-12-05,0.0061408609654993685,DBC,HAR-RV
2019-12-06,0.0063061347685777775,DBC,HAR-RV
2019-12-09,0.006135033875700447,DBC,HAR-RV
2019-12-10,0.0060773743637001065,DBC,HAR-RV
2019-12-11,0.005912012100718072,DBC,HAR-RV
2019-12-12,0.006012706660908238,DBC,HAR-RV
2019-12-13,0.005944053737018918,DBC,HAR-RV
2019-12-16,0.006077803034938857,DBC,HAR-RV
2019-12-17,0.006132361277016933,DBC,HAR-RV
2019-12-18,0.006227523332606599,DBC,HAR-RV
2019-12-19,0.006188173619697084,DBC,HAR-RV
2019-12-20,0.00606577042879557,DBC,HAR-RV
2019-12-23,0.006006336600632604,DBC,HAR-RV
2019-12-24,0.005789252193655627,DBC,HAR-RV
2019-12-26,0.005474151322129027,DBC,HAR-RV
2019-12-27,0.00547310907486075,DBC,HAR-RV
2019-12-30,0.005619254451032826,DBC,HAR-RV
2019-12-31,0.0055378207417189265,DBC,HAR-RV
2020-01-02,0.00549413475596321,DBC,HAR-RV
2020-01-03,0.005593723316665295,DBC,HAR-RV
2020-01-06,0.005324900955206611,DBC,HAR-RV
2020-01-07,0.00551728582422748,DBC,HAR-RV
2020-01-08,0.005479331677353542,DBC,HAR-RV
2020-01-09,0.005371908996066783,DBC,HAR-RV
2020-01-10,0.005652495704264149,DBC,HAR-RV
2020-01-13,0.005597755598003342,DBC,HAR-RV
2020-01-14,0.005470431824587572,DBC,HAR-RV
2020-01-15,0.005585468412025623,DBC,HAR-RV
2020-01-16,0.005566751538762412,DBC,HAR-RV
2020-01-17,0.005366433004184853,DBC,HAR-RV
2020-01-21,0.005229612036584032,DBC,HAR-RV
2020-01-22,0.005253397454396083,DBC,HAR-RV
2020-01-23,0.005368064626080593,DBC,HAR-RV
2020-01-24,0.005759919574951674,DBC,HAR-RV
2020-01-27,0.005881507014789652,DBC,HAR-RV
2020-01-28,0.006660378842217164,DBC,HAR-RV
2020-01-29,0.007174661615041496,DBC,HAR-RV
2020-01-30,0.0066207868753393965,DBC,HAR-RV
2020-01-31,0.006543698005922092,DBC,HAR-RV
2020-02-03,0.0067950005571750394,DBC,HAR-RV
2020-02-04,0.00683146340952013,DBC,HAR-RV
2020-02-05,0.00717401025319637,DBC,HAR-RV
2020-02-06,0.006862800878403812,DBC,HAR-RV
2020-02-07,0.007251795928088398,DBC,HAR-RV
2020-02-10,0.007063832316939375,DBC,HAR-RV
2020-02-11,0.0070864482188877365,DBC,HAR-RV
2020-02-12,0.006796029387627187,DBC,HAR-RV
2020-02-13,0.006878944086638687,DBC,HAR-RV
2020-02-14,0.006914875457123087,DBC,HAR-RV
2020-02-18,0.006725639717216517,DBC,HAR-RV
2020-02-19,0.006578170100817021,DBC,HAR-RV
2020-02-20,0.006616616750315801,DBC,HAR-RV
2020-02-21,0.0067956340616648105,DBC,HAR-RV
2020-02-24,0.006499501278296227,DBC,HAR-RV
2020-02-25,0.00678079703245001,DBC,HAR-RV
2020-02-26,0.007529222822838211,DBC,HAR-RV
2020-02-27,0.007907580993245632,DBC,HAR-RV
2020-02-28,0.007836310806570075,DBC,HAR-RV
2020-03-02,0.008594202148987175,DBC,HAR-RV
2020-03-03,0.009868931283139558,DBC,HAR-RV
2020-03-04,0.0098056484637298,DBC,HAR-RV
2020-03-05,0.008309703700319682,DBC,HAR-RV
2020-03-06,0.008025843618013548,DBC,HAR-RV
2020-03-09,0.00836436538710277,DBC,HAR-RV
2020-03-10,0.015539220120970126,DBC,HAR-RV
2020-03-11,0.02964215044111578,DBC,HAR-RV
2020-03-12,0.019591327293231497,DBC,HAR-RV
2020-03-13,0.02320597383453439,DBC,HAR-RV
2020-03-16,0.02547234504160207,DBC,HAR-RV
2020-03-17,0.028008953630846684,DBC,HAR-RV
2020-03-18,0.02880820942817898,DBC,HAR-RV
2020-03-19,0.026266993874505616,DBC,HAR-RV
2020-03-20,0.028255049274528467,DBC,HAR-RV
2020-03-23,0.02365284183270518,DBC,HAR-RV
2020-03-24,0.02149287350425674,DBC,HAR-RV
2020-03-25,0.016930929695450115,DBC,HAR-RV
2020-03-26,0.018215442481216284,DBC,HAR-RV
2020-03-27,0.013949611744562763,DBC,HAR-RV
2020-03-30,0.009804858123729132,DBC,HAR-RV
2020-03-31,0.007998703056098523,DBC,HAR-RV
2020-04-01,0.007593111057927147,DBC,HAR-RV
2020-04-02,0.0097246481155413,DBC,HAR-RV
2020-04-03,0.013267633561134754,DBC,HAR-RV
2020-04-06,0.01497214071676824,DBC,HAR-RV
2020-04-07,0.016783502114468486,DBC,HAR-RV
2020-04-08,0.014459911395007748,DBC,HAR-RV
2020-04-09,0.013292078827318188,DBC,HAR-RV
2020-04-13,0.00969957807405288,DBC,HAR-RV
2020-04-14,0.008387855317187456,DBC,HAR-RV
2020-04-15,0.009251998043035815,DBC,HAR-RV
2020-04-16,0.008854952189829592,DBC,HAR-RV
2020-04-17,0.0113457312770875,DBC,HAR-RV
2020-04-20,0.009123906075465076,DBC,HAR-RV
2020-04-21,0.009561484166914007,DBC,HAR-RV
2020-04-22,0.011164766543620192,DBC,HAR-RV
2020-04-23,0.018374653231070095,DBC,HAR-RV
2020-04-24,0.01382262719362394,DBC,HAR-RV
2020-04-27,0.012587785453365447,DBC,HAR-RV
2020-04-28,0.014610237260410892,DBC,HAR-RV
2020-04-29,0.015199350544938695,DBC,HAR-RV
2020-04-30,0.00900680915164556,DBC,HAR-RV
2020-05-01,0.011390145206560233,DBC,HAR-RV
2020-05-04,0.01294668496476686,DBC,HAR-RV
2020-05-05,0.01225741037677573,DBC,HAR-RV
2020-05-06,0.011540893689426067,DBC,HAR-RV
2020-05-07,0.015404515188226558,DBC,HAR-RV
2020-05-08,0.014804248205352663,DBC,HAR-RV
2020-05-11,0.012345786137076376,DBC,HAR-RV
2020-05-12,0.014650407217737266,DBC,HAR-RV
2020-05-13,0.013976772116489684,DBC,HAR-RV
2020-05-14,0.011915189032251694,DBC,HAR-RV
2020-05-15,0.011312287297108505,DBC,HAR-RV
2020-05-18,0.013070218934585256,DBC,HAR-RV
2020-05-19,0.011464704959032727,DBC,HAR-RV
2020-05-20,0.014634813384870207,DBC,HAR-RV
2020-05-21,0.011607206922968136,DBC,HAR-RV
2020-05-22,0.01367480795685595,DBC,HAR-RV
2020-05-26,0.010885039713839358,DBC,HAR-RV
2020-05-27,0.011017247522155032,DBC,HAR-RV
2020-05-28,0.009877619933922574,DBC,HAR-RV
2020-05-29,0.010931993726182724,DBC,HAR-RV
2020-06-01,0.009136264448287513,DBC,HAR-RV
2020-06-02,0.011454436711634755,DBC,HAR-RV
2020-06-03,0.010064890961410881,DBC,HAR-RV
2020-06-04,0.010508050287453028,DBC,HAR-RV
2020-06-05,0.008216617166731154,DBC,HAR-RV
2020-06-08,0.009386190220956953,DBC,HAR-RV
2020-06-09,0.010605688910931499,DBC,HAR-RV
2020-06-10,0.009236080135887796,DBC,HAR-RV
2020-06-11,0.00821640173181424,DBC,HAR-RV
2020-06-12,0.009123869126952053,DBC,HAR-RV
2020-06-15,0.013795923185101306,DBC,HAR-RV
2020-06-16,0.009806835710680042,DBC,HAR-RV
2020-06-17,0.010466463027850112,DBC,HAR-RV
2020-06-18,0.010717982640070131,DBC,HAR-RV
2020-06-19,0.010231002972403801,DBC,HAR-RV
2020-06-22,0.007800482950197038,DBC,HAR-RV
2020-06-23,0.008433648168516727,DBC,HAR-RV
2020-06-24,0.008710257948872393,DBC,HAR-RV
2020-06-25,0.008029451606493711,DBC,HAR-RV
2020-06-26,0.011686171319436434,DBC,HAR-RV
2020-06-29,0.010558164333182008,DBC,HAR-RV
2020-06-30,0.01122911257175202,DBC,HAR-RV
2020-07-01,0.012075163578941148,DBC,HAR-RV
2020-07-02,0.010938902636039402,DBC,HAR-RV
2020-07-06,0.00976901218744895,DBC,HAR-RV
2020-07-07,0.008905234745494879,DBC,HAR-RV
2020-07-08,0.008923965253488335,DBC,HAR-RV
2020-07-09,0.006886248914261884,DBC,HAR-RV
2020-07-10,0.008661983853872662,DBC,HAR-RV
2020-07-13,0.00892996762158263,DBC,HAR-RV
2020-07-14,0.008559019833033898,DBC,HAR-RV
2020-07-15,0.009136176618992499,DBC,HAR-RV
2020-07-16,0.00874918552078095,DBC,HAR-RV
2020-07-17,0.009435255016252999,DBC,HAR-RV
2020-07-20,0.008704021988564858,DBC,HAR-RV
2020-07-21,0.007668616990492684,DBC,HAR-RV
2020-07-22,0.0067977780261318675,DBC,HAR-RV
2020-07-23,0.00881363475522089,DBC,HAR-RV
2020-07-24,0.007592737720802481,DBC,HAR-RV
2020-07-27,0.006709089741948604,DBC,HAR-RV
2020-07-28,0.006630487239933394,DBC,HAR-RV
2020-07-29,0.00790754694123085,DBC,HAR-RV
2020-07-30,0.006786822098435713,DBC,HAR-RV
2020-07-31,0.0066363248788482015,DBC,HAR-RV
2020-08-03,0.007983966866845068,DBC,HAR-RV
2020-08-04,0.007712037539567359,DBC,HAR-RV
2020-08-05,0.00826090818750222,DBC,HAR-RV
2020-08-06,0.007848984805421401,DBC,HAR-RV
2020-08-07,0.008392376011309865,DBC,HAR-RV
2020-08-10,0.008065029722481687,DBC,HAR-RV
2020-08-11,0.009353524534966875,DBC,HAR-RV
2020-08-12,0.008168488469714566,DBC,HAR-RV
2020-08-13,0.010211409553159394,DBC,HAR-RV
2020-08-14,0.009733833913770671,DBC,HAR-RV
2020-08-17,0.008928157283834762,DBC,HAR-RV
2020-08-18,0.007223225906712707,DBC,HAR-RV
2020-08-19,0.009771045068934003,DBC,HAR-RV
2020-08-20,0.007325201041032634,DBC,HAR-RV
2020-08-21,0.006640218708215463,DBC,HAR-RV
2020-08-24,0.006070154011535516,DBC,HAR-RV
2020-08-25,0.007665853970659704,DBC,HAR-RV
2020-08-26,0.006273337041488042,DBC,HAR-RV
2020-08-27,0.007108171086689192,DBC,HAR-RV
2020-08-28,0.006535736972958076,DBC,HAR-RV
2020-08-31,0.006890768793514278,DBC,HAR-RV
2020-09-01,0.006742600700737105,DBC,HAR-RV
2020-09-02,0.005783994418781531,DBC,HAR-RV
2020-09-03,0.005192626218617215,DBC,HAR-RV
2020-09-04,0.007284058734753827,DBC,HAR-RV
2020-09-08,0.007541895045558312,DBC,HAR-RV
2020-09-09,0.007911043527740639,DBC,HAR-RV
2020-09-10,0.011518871664453288,DBC,HAR-RV
2020-09-11,0.01109553463549236,DBC,HAR-RV
2020-09-14,0.0108218002239743,DBC,HAR-RV
2020-09-15,0.010236812127194869,DBC,HAR-RV
2020-09-16,0.008865763941490058,DBC,HAR-RV
2020-09-17,0.007521076693582008,DBC,HAR-RV
2020-09-18,0.009563118319810026,DBC,HAR-RV
2020-09-21,0.009070219619207731,DBC,HAR-RV
2020-09-22,0.008438769278700735,DBC,HAR-RV
2020-09-23,0.012186273188108875,DBC,HAR-RV
2020-09-24,0.010765343550721675,DBC,HAR-RV
2020-09-25,0.01057778786126394,DBC,HAR-RV
2020-09-28,0.00942538183726121,DBC,HAR-RV
2020-09-29,0.008654412242408661,DBC,HAR-RV
2020-09-30,0.007788177050047845,DBC,HAR-RV
2020-10-01,0.008728070756077478,DBC,HAR-RV
2020-10-02,0.008720709523925074,DBC,HAR-RV
2020-10-05,0.00959551516968595,DBC,HAR-RV
2020-10-06,0.010917463771482543,DBC,HAR-RV
2020-10-07,0.01341994612684833,DBC,HAR-RV
2020-10-08,0.011094947108542615,DBC,HAR-RV
2020-10-09,0.010393978763019361,DBC,HAR-RV
2020-10-12,0.010479073007650226,DBC,HAR-RV
2020-10-13,0.009105131725755812,DBC,HAR-RV
2020-10-14,0.008270685015570184,DBC,HAR-RV
2020-10-15,0.007522723998391193,DBC,HAR-RV
2020-10-16,0.008121285056727285,DBC,HAR-RV
2020-10-19,0.007174467595598874,DBC,HAR-RV
2020-10-20,0.007661962659675703,DBC,HAR-RV
2020-10-21,0.006281437229510376,DBC,HAR-RV
2020-10-22,0.007868904025582763,DBC,HAR-RV
2020-10-23,0.007713520459074573,DBC,HAR-RV
2020-10-26,0.007419779653655113,DBC,HAR-RV
2020-10-27,0.007798933190767744,DBC,HAR-RV
2020-10-28,0.009585632208387804,DBC,HAR-RV
2020-10-29,0.00875356181014711,DBC,HAR-RV
2020-10-30,0.01199248726034944,DBC,HAR-RV
2020-11-02,0.011917247364555633,DBC,HAR-RV
2020-11-03,0.0103953957243435,DBC,HAR-RV
2020-11-04,0.01187572529592287,DBC,HAR-RV
2020-11-05,0.011061847137421869,DBC,HAR-RV
2020-11-06,0.009721674798959393,DBC,HAR-RV
2020-11-09,0.008571932839807788,DBC,HAR-RV
2020-11-10,0.008930874150646062,DBC,HAR-RV
2020-11-11,0.008934181550719667,DBC,HAR-RV
2020-11-12,0.010631551642031159,DBC,HAR-RV
2020-11-13,0.008553327799414928,DBC,HAR-RV
2020-11-16,0.009348083777905494,DBC,HAR-RV
2020-11-17,0.009229021815068626,DBC,HAR-RV
2020-11-18,0.009192652604248508,DBC,HAR-RV
2020-11-19,0.007264545785854584,DBC,HAR-RV
2020-11-20,0.007240358058468987,DBC,HAR-RV
2020-11-23,0.006325255143059482,DBC,HAR-RV
2020-11-24,0.0066205925436980525,DBC,HAR-RV
2020-11-25,0.006142504512186916,DBC,HAR-RV
2020-11-27,0.00895856313313642,DBC,HAR-RV
2020-11-30,0.008831390305579036,DBC,HAR-RV
2020-12-01,0.008653082640990968,DBC,HAR-RV
2020-12-02,0.008746941152964467,DBC,HAR-RV
2020-12-03,0.008518050786231893,DBC,HAR-RV
2020-12-04,0.007117837952761875,DBC,HAR-RV
2020-12-07,0.006093613499090343,DBC,HAR-RV
2020-12-08,0.006444158735689737,DBC,HAR-RV
2020-12-09,0.005597285425729911,DBC,HAR-RV
2020-12-10,0.00547099300297467,DBC,HAR-RV
2020-12-11,0.0052395244276602975,DBC,HAR-RV
2020-12-14,0.0074044865750939465,DBC,HAR-RV
2020-12-15,0.006438422619811506,DBC,HAR-RV
2020-12-16,0.006758385424743411,DBC,HAR-RV
2020-12-17,0.007645548103879073,DBC,HAR-RV
2020-12-18,0.007922567066051881,DBC,HAR-RV
2020-12-21,0.007964163327251948,DBC,HAR-RV
2020-12-22,0.007460233838395744,DBC,HAR-RV
2020-12-23,0.008535614756482587,DBC,HAR-RV
2020-12-24,0.009066102508396224,DBC,HAR-RV
2020-12-28,0.009818327028732855,DBC,HAR-RV
2020-12-29,0.00839118669842288,DBC,HAR-RV
2020-12-30,0.008745664886085526,DBC,HAR-RV
2020-12-31,0.007692778993955265,DBC,HAR-RV
2021-01-04,0.007483489058743051,DBC,HAR-RV
2021-01-05,0.006491595036374077,DBC,HAR-RV
2021-01-06,0.00710115077138169,DBC,HAR-RV
2021-01-07,0.010461282762873171,DBC,HAR-RV
2021-01-08,0.008750845990696449,DBC,HAR-RV
2021-01-11,0.008829127132596471,DBC,HAR-RV
2021-01-12,0.009362951406583307,DBC,HAR-RV
2021-01-13,0.009623408085035163,DBC,HAR-RV
2021-01-14,0.009564396806754676,DBC,HAR-RV
2021-01-15,0.008710491653365768,DBC,HAR-RV
2021-01-19,0.009535949163386681,DBC,HAR-RV
2021-01-20,0.01044818035208974,DBC,HAR-RV
2021-01-21,0.009386029914524136,DBC,HAR-RV
2021-01-22,0.007370291417623065,DBC,HAR-RV
2021-01-25,0.007211539074211917,DBC,HAR-RV
2021-01-26,0.008930705957670204,DBC,HAR-RV
2021-01-27,0.008151721228681874,DBC,HAR-RV
2021-01-28,0.0074748258646324455,DBC,HAR-RV
2021-01-29,0.007587091523365913,DBC,HAR-RV
2021-02-01,0.008055663923335286,DBC,HAR-RV
2021-02-02,0.00652620114319818,DBC,HAR-RV
2021-02-03,0.008249784606794921,DBC,HAR-RV
2021-02-04,0.008155259860876852,DBC,HAR-RV
2021-02-05,0.008346355329088782,DBC,HAR-RV
2021-02-08,0.008668974768303464,DBC,HAR-RV
2021-02-09,0.008949901523032213,DBC,HAR-RV
2021-02-10,0.0073449147572925925,DBC,HAR-RV
2021-02-11,0.008263122414301891,DBC,HAR-RV
2021-02-12,0.007723757647570748,DBC,HAR-RV
2021-02-16,0.007641398608036594,DBC,HAR-RV
2021-02-17,0.007767876351189462,DBC,HAR-RV
2021-02-18,0.007990853354882043,DBC,HAR-RV
2021-02-19,0.007773106379073783,DBC,HAR-RV
2021-02-22,0.007481895272605546,DBC,HAR-RV
2021-02-23,0.007624557705122159,DBC,HAR-RV
2021-02-24,0.00785957869256753,DBC,HAR-RV
2021-02-25,0.008101405782615114,DBC,HAR-RV
2021-02-26,0.007688597117539298,DBC,HAR-RV
2021-03-01,0.007648922179286763,DBC,HAR-RV
2021-03-02,0.007301255889280063,DBC,HAR-RV
2021-03-03,0.008329710121317809,DBC,HAR-RV
2021-03-04,0.00859669811140905,DBC,HAR-RV
2021-03-05,0.00872095151716874,DBC,HAR-RV
2021-03-08,0.008351616550593903,DBC,HAR-RV
2021-03-09,0.00835531081302468,DBC,HAR-RV
2021-03-10,0.008792659334824962,DBC,HAR-RV
2021-03-11,0.009592095233254067,DBC,HAR-RV
2021-03-12,0.009225565733776683,DBC,HAR-RV
2021-03-15,0.008513790933200819,DBC,HAR-RV
2021-03-16,0.009153606679992134,DBC,HAR-RV
2021-03-17,0.009279841858267659,DBC,HAR-RV
2021-03-18,0.009323662059135408,DBC,HAR-RV
2021-03-19,0.00970389735552294,DBC,HAR-RV
2021-03-22,0.007731638956110365,DBC,HAR-RV
2021-03-23,0.008940761874986736,DBC,HAR-RV
2021-03-24,0.011272750077850668,DBC,HAR-RV
2021-03-25,0.010700236386615913,DBC,HAR-RV
2021-03-26,0.012524970090343264,DBC,HAR-RV
2021-03-29,0.01340563633650287,DBC,HAR-RV
2021-03-30,0.012970144422925801,DBC,HAR-RV
2021-03-31,0.01474491412933364,DBC,HAR-RV
2021-04-01,0.012405591355767683,DBC,HAR-RV
2021-04-05,0.012392785938294407,DBC,HAR-RV
2021-04-06,0.011086861635016453,DBC,HAR-RV
2021-04-07,0.01052642008264862,DBC,HAR-RV
2021-04-08,0.011401024403804208,DBC,HAR-RV
2021-04-09,0.010148222111100707,DBC,HAR-RV
2021-04-12,0.009677197081001766,DBC,HAR-RV
2021-04-13,0.008824574338340089,DBC,HAR-RV
2021-04-14,0.008278666776888797,DBC,HAR-RV
2021-04-15,0.008365770316464075,DBC,HAR-RV
2021-04-16,0.008628328753950611,DBC,HAR-RV
2021-04-19,0.00915094729386748,DBC,HAR-RV
2021-04-20,0.009216066896947728,DBC,HAR-RV
2021-04-21,0.008772589576567097,DBC,HAR-RV
2021-04-22,0.008197822549744787,DBC,HAR-RV
2021-04-23,0.007049391368796362,DBC,HAR-RV
2021-04-26,0.0070511246195554675,DBC,HAR-RV
2021-04-27,0.007261629831229141,DBC,HAR-RV
2021-04-28,0.007641403089995941,DBC,HAR-RV
2021-04-29,0.007884342721582905,DBC,HAR-RV
2021-04-30,0.00791549569962318,DBC,HAR-RV
2021-05-03,0.007700734631309883,DBC,HAR-RV
2021-05-04,0.007670492983968206,DBC,HAR-RV
2021-05-05,0.007925072109183655,DBC,HAR-RV
2021-05-06,0.00820950965314655,DBC,HAR-RV
2021-05-07,0.008575397938199263,DBC,HAR-RV
2021-05-10,0.008449897361620152,DBC,HAR-RV
2021-05-11,0.008398167137662445,DBC,HAR-RV
2021-05-12,0.008232058667068387,DBC,HAR-RV
2021-05-13,0.007865382774946987,DBC,HAR-RV
2021-05-14,0.008000400828908402,DBC,HAR-RV
2021-05-17,0.00872901932307245,DBC,HAR-RV
2021-05-18,0.009235367797267366,DBC,HAR-RV
2021-05-19,0.00941454357121022,DBC,HAR-RV
2021-05-20,0.009444347791126963,DBC,HAR-RV
2021-05-21,0.010148025752555438,DBC,HAR-RV
2021-05-24,0.009323587753185222,DBC,HAR-RV
2021-05-25,0.009424933084107415,DBC,HAR-RV
2021-05-26,0.009281754379091896,DBC,HAR-RV
2021-05-27,0.00942673011188613,DBC,HAR-RV
2021-05-28,0.008231860734006561,DBC,HAR-RV
2021-06-01,0.008039236758172143,DBC,HAR-RV
2021-06-02,0.00818348292168915,DBC,HAR-RV
2021-06-03,0.007766580410741752,DBC,HAR-RV
2021-06-04,0.008518476834972538,DBC,HAR-RV
2021-06-07,0.008923908757052729,DBC,HAR-RV
2021-06-08,0.008397952058605659,DBC,HAR-RV
2021-06-09,0.008751474315557678,DBC,HAR-RV
2021-06-10,0.007706873127800657,DBC,HAR-RV
2021-06-11,0.007895812273392205,DBC,HAR-RV
2021-06-14,0.00757320678005873,DBC,HAR-RV
2021-06-15,0.006990328940255892,DBC,HAR-RV
2021-06-16,0.007130446292451965,DBC,HAR-RV
2021-06-17,0.006896761337387985,DBC,HAR-RV
2021-06-18,0.007166296367874778,DBC,HAR-RV
2021-06-21,0.007838353664596162,DBC,HAR-RV
2021-06-22,0.009005938149574158,DBC,HAR-RV
2021-06-23,0.009342284629600057,DBC,HAR-RV
2021-06-24,0.009564006037613572,DBC,HAR-RV
2021-06-25,0.009347031992634699,DBC,HAR-RV
2021-06-28,0.008052876131258744,DBC,HAR-RV
2021-06-29,0.007628560718416767,DBC,HAR-RV
2021-06-30,0.006938038402055309,DBC,HAR-RV
2021-07-01,0.007070937194924311,DBC,HAR-RV
2021-07-02,0.007065931657503477,DBC,HAR-RV
2021-07-06,0.007296097415273897,DBC,HAR-RV
2021-07-07,0.007633003604688768,DBC,HAR-RV
2021-07-08,0.008918117181629113,DBC,HAR-RV
2021-07-09,0.009542024049596766,DBC,HAR-RV
2021-07-12,0.009574792474345322,DBC,HAR-RV
2021-07-13,0.009769893187270545,DBC,HAR-RV
2021-07-14,0.009427034867415505,DBC,HAR-RV
2021-07-15,0.008375335251517013,DBC,HAR-RV
2021-07-16,0.00823307049288513,DBC,HAR-RV
2021-07-19,0.00802871498050272,DBC,HAR-RV
2021-07-20,0.007815734464239154,DBC,HAR-RV
2021-07-21,0.009378360268794749,DBC,HAR-RV
2021-07-22,0.009996097021492954,DBC,HAR-RV
2021-07-23,0.010400082144782215,DBC,HAR-RV
2021-07-26,0.010424921364936637,DBC,HAR-RV
2021-07-27,0.010505649040105078,DBC,HAR-RV
2021-07-28,0.009065830487766928,DBC,HAR-RV
2021-07-29,0.008676898500458875,DBC,HAR-RV
2021-07-30,0.008204954054152551,DBC,HAR-RV
2021-08-02,0.008574685044390882,DBC,HAR-RV
2021-08-03,0.008623782176709243,DBC,HAR-RV
2021-08-04,0.008678441953791681,DBC,HAR-RV
2021-08-05,0.00875887287093541,DBC,HAR-RV
2021-08-06,0.009222735407000436,DBC,HAR-RV
2021-08-09,0.009078246212194491,DBC,HAR-RV
2021-08-10,0.009260178431111024,DBC,HAR-RV
2021-08-11,0.009457447658225503,DBC,HAR-RV
2021-08-12,0.009976466444040993,DBC,HAR-RV
2021-08-13,0.009718721702960873,DBC,HAR-RV
2021-08-16,0.009245463461665274,DBC,HAR-RV
2021-08-17,0.00902497423476378,DBC,HAR-RV
2021-08-18,0.008577834785566386,DBC,HAR-RV
2021-08-19,0.008294928973391206,DBC,HAR-RV
2021-08-20,0.00843396460563741,DBC,HAR-RV
2021-08-23,0.009018343756341167,DBC,HAR-RV
2021-08-24,0.010427323626772225,DBC,HAR-RV
2021-08-25,0.012933823693211149,DBC,HAR-RV
2021-08-26,0.012398470818575934,DBC,HAR-RV
2021-08-27,0.011406475032583858,DBC,HAR-RV
2021-08-30,0.011224086873652152,DBC,HAR-RV
2021-08-31,0.010889445069616786,DBC,HAR-RV
2021-09-01,0.009065832391445238,DBC,HAR-RV
2021-09-02,0.008419483576661954,DBC,HAR-RV
2021-09-03,0.008223124637656976,DBC,HAR-RV
2021-09-07,0.008618496646455127,DBC,HAR-RV
2021-09-08,0.007647182144968276,DBC,HAR-RV
2021-09-09,0.008524100407762856,DBC,HAR-RV
2021-09-10,0.008406861797842724,DBC,HAR-RV
2021-09-13,0.008557113897502997,DBC,HAR-RV
2021-09-14,0.008988548161078365,DBC,HAR-RV
2021-09-15,0.008882994444762168,DBC,HAR-RV
2021-09-16,0.008185223563515255,DBC,HAR-RV
2021-09-17,0.009369566865550193,DBC,HAR-RV
2021-09-20,0.008926967959595411,DBC,HAR-RV
2021-09-21,0.008810057839789234,DBC,HAR-RV
2021-09-22,0.009073628835374636,DBC,HAR-RV
2021-09-23,0.008567236183219291,DBC,HAR-RV
2021-09-24,0.008941953080576368,DBC,HAR-RV
2021-09-27,0.009342693087001407,DBC,HAR-RV
2021-09-28,0.00868731255724105,DBC,HAR-RV
2021-09-29,0.009107576413092852,DBC,HAR-RV
2021-09-30,0.009029881733892088,DBC,HAR-RV
2021-10-01,0.008319887596787156,DBC,HAR-RV
2021-10-04,0.00824991449715926,DBC,HAR-RV
2021-10-05,0.009062967403986731,DBC,HAR-RV
2021-10-06,0.009382901932228724,DBC,HAR-RV
2021-10-07,0.009354055029322699,DBC,HAR-RV
2021-10-08,0.010269341940407219,DBC,HAR-RV
2021-10-11,0.010064992391472644,DBC,HAR-RV
2021-10-12,0.009037837035378143,DBC,HAR-RV
2021-10-13,0.00892376328485399,DBC,HAR-RV
2021-10-14,0.007942967668856502,DBC,HAR-RV
2021-10-15,0.00812095216203154,DBC,HAR-RV
2021-10-18,0.008465985587136876,DBC,HAR-RV
2021-10-19,0.008443329605297091,DBC,HAR-RV
2021-10-20,0.00823579283041636,DBC,HAR-RV
2021-10-21,0.008077063660968845,DBC,HAR-RV
2021-10-22,0.008962421228623448,DBC,HAR-RV
2021-10-25,0.009451018715272305,DBC,HAR-RV
2021-10-26,0.00841027632599245,DBC,HAR-RV
2021-10-27,0.008356651757419484,DBC,HAR-RV
2021-10-28,0.008142439986254756,DBC,HAR-RV
2021-10-29,0.009618329166294407,DBC,HAR-RV
2021-11-01,0.008367946290653573,DBC,HAR-RV
2021-11-02,0.008408344533554248,DBC,HAR-RV
2021-11-03,0.008656246804750375,DBC,HAR-RV
2021-11-04,0.00855035901519426,DBC,HAR-RV
2021-11-05,0.010007677041268944,DBC,HAR-RV
2021-11-08,0.0091346359530864,DBC,HAR-RV
2021-11-09,0.00975228821621114,DBC,HAR-RV
2021-11-10,0.009337659800352307,DBC,HAR-RV
2021-11-11,0.00962099461556195,DBC,HAR-RV
2021-11-12,0.009473782671574667,DBC,HAR-RV
2021-11-15,0.009162549284677683,DBC,HAR-RV
2021-11-16,0.008480563604839581,DBC,HAR-RV
2021-11-17,0.008199073234316297,DBC,HAR-RV
2021-11-18,0.008148947575987442,DBC,HAR-RV
2021-11-19,0.008414770567064312,DBC,HAR-RV
2021-11-22,0.008072602771984672,DBC,HAR-RV
2021-11-23,0.00917424778894926,DBC,HAR-RV
2021-11-24,0.00897713939469057,DBC,HAR-RV
2021-11-26,0.009960958745731706,DBC,HAR-RV
2021-11-29,0.009635241195758839,DBC,HAR-RV
2021-11-30,0.01035629644908951,DBC,HAR-RV
2021-12-01,0.01223050999857396,DBC,HAR-RV
2021-12-02,0.011565069755613354,DBC,HAR-RV
2021-12-03,0.011957534580122631,DBC,HAR-RV
2021-12-06,0.011480077234024428,DBC,HAR-RV
2021-12-07,0.00923360694709311,DBC,HAR-RV
2021-12-08,0.009618776813171534,DBC,HAR-RV
2021-12-09,0.009059221790812833,DBC,HAR-RV
2021-12-10,0.009396119897319248,DBC,HAR-RV
2021-12-13,0.009583586587223459,DBC,HAR-RV
2021-12-14,0.009977307596355381,DBC,HAR-RV
2021-12-15,0.009669805622204352,DBC,HAR-RV
2021-12-16,0.009288570115816665,DBC,HAR-RV
2021-12-17,0.008941994142045724,DBC,HAR-RV
2021-12-20,0.008559900540588295,DBC,HAR-RV
2021-12-21,0.008293836913270347,DBC,HAR-RV
2021-12-22,0.008791027695383528,DBC,HAR-RV
2021-12-23,0.00890957484233068,DBC,HAR-RV
2021-12-27,0.009248149962854123,DBC,HAR-RV
2021-12-28,0.009429010776209997,DBC,HAR-RV
2021-12-29,0.00916434837527489,DBC,HAR-RV
2021-12-30,0.0091891812623379,DBC,HAR-RV
2021-12-31,0.009147149345371417,DBC,HAR-RV
2022-01-03,0.008785707485565395,DBC,HAR-RV
2022-01-04,0.009039394627300055,DBC,HAR-RV
2022-01-05,0.008840035600552642,DBC,HAR-RV
2022-01-06,0.008971674940539501,DBC,HAR-RV
2022-01-07,0.009084315206266817,DBC,HAR-RV
2022-01-10,0.009279453250367917,DBC,HAR-RV
2022-01-11,0.009517527555563074,DBC,HAR-RV
2022-01-12,0.009685645151609738,DBC,HAR-RV
2022-01-13,0.009507917948406074,DBC,HAR-RV
2022-01-14,0.010067721634756966,DBC,HAR-RV
2022-01-18,0.01008534061551234,DBC,HAR-RV
2022-01-19,0.010487111937659738,DBC,HAR-RV
2022-01-20,0.010522816124529934,DBC,HAR-RV
2022-01-21,0.010015890400788204,DBC,HAR-RV
2022-01-24,0.009865550278516266,DBC,HAR-RV
2022-01-25,0.009531106193936618,DBC,HAR-RV
2022-01-26,0.009270587544087763,DBC,HAR-RV
2022-01-27,0.009230534948581967,DBC,HAR-RV
2022-01-28,0.009108033643023457,DBC,HAR-RV
2022-01-31,0.009094913449170863,DBC,HAR-RV
2022-02-01,0.008952539029930545,DBC,HAR-RV
2022-02-02,0.008834597682172434,DBC,HAR-RV
2022-02-03,0.008505465677786903,DBC,HAR-RV
2022-02-04,0.008480564084711014,DBC,HAR-RV
2022-02-07,0.008388591523077808,DBC,HAR-RV
2022-02-08,0.008512408725019785,DBC,HAR-RV
2022-02-09,0.008542891689977695,DBC,HAR-RV
2022-02-10,0.008764075930125063,DBC,HAR-RV
2022-02-11,0.008938331396069837,DBC,HAR-RV
2022-02-14,0.009265966265705233,DBC,HAR-RV
2022-02-15,0.009301878259897032,DBC,HAR-RV
2022-02-16,0.009750364380538747,DBC,HAR-RV
2022-02-17,0.009516714620155877,DBC,HAR-RV
2022-02-18,0.009461486792477398,DBC,HAR-RV
2022-02-22,0.009338555312545838,DBC,HAR-RV
2022-02-23,0.009188822054647362,DBC,HAR-RV
2022-02-24,0.009071359437767712,DBC,HAR-RV
2022-02-25,0.008921765666089211,DBC,HAR-RV
2022-02-28,0.009272562821122933,DBC,HAR-RV
2022-03-01,0.009187582685786172,DBC,HAR-RV
2022-03-02,0.009944691567816754,DBC,HAR-RV
2022-03-03,0.011793185948170505,DBC,HAR-RV
2022-03-04,0.011790180833629735,DBC,HAR-RV
2022-03-07,0.013424874241661897,DBC,HAR-RV
2022-03-08,0.01537529409292512,DBC,HAR-RV
2022-03-09,0.015521413458785894,DBC,HAR-RV
2022-03-10,0.01831212352635848,DBC,HAR-RV
2022-03-11,0.01858913280964543,DBC,HAR-RV
2022-03-14,0.0231123249800858,DBC,HAR-RV
2022-03-15,0.02074920509229612,DBC,HAR-RV
2022-03-16,0.02121968790447295,DBC,HAR-RV
2022-03-17,0.021201195810765402,DBC,HAR-RV
2022-03-18,0.017443394066182318,DBC,HAR-RV
2022-03-21,0.016082708686010055,DBC,HAR-RV
2022-03-22,0.021667211637041876,DBC,HAR-RV
2022-03-23,0.016354045400224178,DBC,HAR-RV
2022-03-24,0.019642455827312336,DBC,HAR-RV
2022-03-25,0.017267832209518153,DBC,HAR-RV
2022-03-28,0.014072636186769233,DBC,HAR-RV
2022-03-29,0.017917605509624165,DBC,HAR-RV
2022-03-30,0.011350277768810459,DBC,HAR-RV
2022-03-31,0.019104199772753842,DBC,HAR-RV
2022-04-01,0.015942804668564094,DBC,HAR-RV
2022-04-04,0.015955564885938255,DBC,HAR-RV
2022-04-05,0.01800846489165513,DBC,HAR-RV
2022-04-06,0.012068923096561329,DBC,HAR-RV
2022-04-07,0.014218237282736173,DBC,HAR-RV
2022-04-08,0.012474564777418831,DBC,HAR-RV
2022-04-11,0.011302903070433185,DBC,HAR-RV
2022-04-12,0.010231134942826773,DBC,HAR-RV
2022-04-13,0.010106869014645536,DBC,HAR-RV
2022-04-14,0.0095200978910817,DBC,HAR-RV
2022-04-18,0.012340935985244425,DBC,HAR-RV
2022-04-19,0.015079549585271539,DBC,HAR-RV
2022-04-20,0.014482605291756297,DBC,HAR-RV
2022-04-21,0.013860142012240421,DBC,HAR-RV
2022-04-22,0.014460854463049264,DBC,HAR-RV
2022-04-25,0.01188307080451042,DBC,HAR-RV
2022-04-26,0.010384823555149358,DBC,HAR-RV
2022-04-27,0.011860082556662916,DBC,HAR-RV
2022-04-28,0.009306348081524442,DBC,HAR-RV
2022-04-29,0.011084211448716486,DBC,HAR-RV
2022-05-02,0.011504540006385485,DBC,HAR-RV
2022-05-03,0.010253545450329846,DBC,HAR-RV
2022-05-04,0.009960779980766384,DBC,HAR-RV
2022-05-05,0.010322440058561314,DBC,HAR-RV
2022-05-06,0.010523957534038989,DBC,HAR-RV
2022-05-09,0.01409936869740426,DBC,HAR-RV
2022-05-10,0.014454326813682156,DBC,HAR-RV
2022-05-11,0.01003979079634424,DBC,HAR-RV
2022-05-12,0.016807238429058437,DBC,HAR-RV
2022-05-13,0.01242802185241501,DBC,HAR-RV
2022-05-16,0.0161580963648719,DBC,HAR-RV
2022-05-17,0.015911261109421315,DBC,HAR-RV
2022-05-18,0.011561319564165975,DBC,HAR-RV
2022-05-19,0.013335335277200598,DBC,HAR-RV
2022-05-20,0.010918573355862899,DBC,HAR-RV
2022-05-23,0.013680998380535875,DBC,HAR-RV
2022-05-24,0.014359716383130652,DBC,HAR-RV
2022-05-25,0.011962576334804537,DBC,HAR-RV
2022-05-26,0.011926183076117283,DBC,HAR-RV
2022-05-27,0.008800901949495897,DBC,HAR-RV
2022-05-31,0.007860742897969033,DBC,HAR-RV
2022-06-01,0.00901350905925816,DBC,HAR-RV
2022-06-02,0.009847320135800804,DBC,HAR-RV
2022-06-03,0.010801468160955403,DBC,HAR-RV
2022-06-06,0.009148677850867318,DBC,HAR-RV
2022-06-07,0.011648647925117994,DBC,HAR-RV
2022-06-08,0.011594725038479192,DBC,HAR-RV
2022-06-09,0.01110469815032389,DBC,HAR-RV
2022-06-10,0.011170979696556522,DBC,HAR-RV
2022-06-13,0.009764199544893775,DBC,HAR-RV
2022-06-14,0.008145751461128021,DBC,HAR-RV
2022-06-15,0.008817191986267245,DBC,HAR-RV
2022-06-16,0.009241990212588126,DBC,HAR-RV
2022-06-17,0.010205589620612398,DBC,HAR-RV
2022-06-21,0.009909797666289187,DBC,HAR-RV
2022-06-22,0.006462369181252242,DBC,HAR-RV
2022-06-23,0.013025760413008581,DBC,HAR-RV
2022-06-24,0.010556916310287897,DBC,HAR-RV
2022-06-27,0.012728605652948408,DBC,HAR-RV
2022-06-28,0.01641463013083117,DBC,HAR-RV
2022-06-29,0.013143911407060662,DBC,HAR-RV
2022-06-30,0.012285709309623947,DBC,HAR-RV
2022-07-01,0.01105210570186257,DBC,HAR-RV
2022-07-05,0.00905737649246652,DBC,HAR-RV
2022-07-06,0.015041146823085426,DBC,HAR-RV
2022-07-07,0.009503972004480051,DBC,HAR-RV
2022-07-08,0.024430121115149746,DBC,HAR-RV
2022-07-11,0.02133765728485358,DBC,HAR-RV
2022-07-12,0.023843321888604954,DBC,HAR-RV
2022-07-13,0.02869259169240957,DBC,HAR-RV
2022-07-14,0.012366318757731422,DBC,HAR-RV
2022-07-15,0.0219438581282775,DBC,HAR-RV
2022-07-18,0.01581717606530641,DBC,HAR-RV
2022-07-19,0.014147160302216442,DBC,HAR-RV
2022-07-20,0.01509291187823959,DBC,HAR-RV
2022-07-21,0.011803755416627197,DBC,HAR-RV
2022-07-22,0.011984120864195083,DBC,HAR-RV
2022-07-25,0.008777824554944868,DBC,HAR-RV
2022-07-26,0.010241864569221886,DBC,HAR-RV
2022-07-27,0.008150446416106492,DBC,HAR-RV
2022-07-28,0.012902541190622186,DBC,HAR-RV
2022-07-29,0.010008869136873794,DBC,HAR-RV
2022-08-01,0.014018186824400751,DBC,HAR-RV
2022-08-02,0.011704796002641078,DBC,HAR-RV
2022-08-03,0.006970601908631418,DBC,HAR-RV
2022-08-04,0.012630156809940892,DBC,HAR-RV
2022-08-05,0.009023513520751383,DBC,HAR-RV
2022-08-08,0.010315241534141234,DBC,HAR-RV
2022-08-09,0.012504988949891242,DBC,HAR-RV
2022-08-10,0.008377573142718656,DBC,HAR-RV
2022-08-11,0.010193138756897209,DBC,HAR-RV
2022-08-12,0.009358341041442635,DBC,HAR-RV
2022-08-15,0.009212867543995876,DBC,HAR-RV
2022-08-16,0.014001222211404218,DBC,HAR-RV
2022-08-17,0.011794825261867837,DBC,HAR-RV
2022-08-18,0.012635225042228592,DBC,HAR-RV
2022-08-19,0.013336701653158593,DBC,HAR-RV
2022-08-22,0.008927832098344806,DBC,HAR-RV
2022-08-23,0.012797718345940361,DBC,HAR-RV
2022-08-24,0.009475859915510053,DBC,HAR-RV
2022-08-25,0.007983535269569238,DBC,HAR-RV
2022-08-26,0.011058546277054597,DBC,HAR-RV
2022-08-29,0.009616863034325795,DBC,HAR-RV
2022-08-30,0.013700272468361873,DBC,HAR-RV
2022-08-31,0.011418736526483966,DBC,HAR-RV
2022-09-01,0.009176991722662196,DBC,HAR-RV
2022-09-02,0.013353409167599454,DBC,HAR-RV
2022-09-06,0.014362350580503105,DBC,HAR-RV
2022-09-07,0.019314614046089914,DBC,HAR-RV
2022-09-08,0.018151532067586178,DBC,HAR-RV
2022-09-09,0.011607211154291405,DBC,HAR-RV
2022-09-12,0.015151268403654522,DBC,HAR-RV
2022-09-13,0.008441393429028287,DBC,HAR-RV
2022-09-14,0.014352442504194443,DBC,HAR-RV
2022-09-15,0.016980262741292697,DBC,HAR-RV
2022-09-16,0.013787095140987207,DBC,HAR-RV
2022-09-19,0.009897702648012378,DBC,HAR-RV
2022-09-20,0.014135115076562808,DBC,HAR-RV
2022-09-21,0.012303545164868,DBC,HAR-RV
2022-09-22,0.012263814824899084,DBC,HAR-RV
2022-09-23,0.01093663743528417,DBC,HAR-RV
2022-09-26,0.007672763830893207,DBC,HAR-RV
2022-09-27,0.003495299877016885,DBC,HAR-RV
2022-09-28,0.010030456000215165,DBC,HAR-RV
2022-09-29,0.015534373326225762,DBC,HAR-RV
2022-09-30,0.013856124873829846,DBC,HAR-RV
2022-10-03,0.020687090774477678,DBC,HAR-RV
2022-10-04,0.01541302997371137,DBC,HAR-RV
2022-10-05,0.012357444640080066,DBC,HAR-RV
2022-10-06,0.013734289422248898,DBC,HAR-RV
2022-10-07,0.014617207123074242,DBC,HAR-RV
2022-10-10,0.01787156658995742,DBC,HAR-RV
2022-10-11,0.016401243408614184,DBC,HAR-RV
2022-10-12,0.014374729514991977,DBC,HAR-RV
2022-10-13,0.011512758074662031,DBC,HAR-RV
2022-10-14,0.012921703317662028,DBC,HAR-RV
2022-10-17,0.0102525537909596,DBC,HAR-RV
2022-10-18,0.009826450095901069,DBC,HAR-RV
2022-10-19,0.013751156633571312,DBC,HAR-RV
2022-10-20,0.010608178491701922,DBC,HAR-RV
2022-10-21,0.013560683461238043,DBC,HAR-RV
2022-10-24,0.011230931666326452,DBC,HAR-RV
2022-10-25,0.007913707391619885,DBC,HAR-RV
2022-10-26,0.007507235863199223,DBC,HAR-RV
2022-10-27,0.006127679961121128,DBC,HAR-RV
2022-10-28,0.0056285575780046365,DBC,HAR-RV
2022-10-31,0.010146727934454352,DBC,HAR-RV
2022-11-01,0.009296202453356366,DBC,HAR-RV
2022-11-02,0.01120676126605153,DBC,HAR-RV
2022-11-03,0.010758507291326911,DBC,HAR-RV
2022-11-04,0.010747695199068479,DBC,HAR-RV
2022-11-07,0.013228207040867935,DBC,HAR-RV
2022-11-08,0.007807027344204225,DBC,HAR-RV
2022-11-09,0.014830724906682961,DBC,HAR-RV
2022-11-10,0.013446723567446878,DBC,HAR-RV
2022-11-11,0.012773520522290947,DBC,HAR-RV
2022-11-14,0.018341272703098727,DBC,HAR-RV
2022-11-15,0.01289914416129817,DBC,HAR-RV
2022-11-16,0.01508949040179909,DBC,HAR-RV
2022-11-17,0.015970581177242017,DBC,HAR-RV
2022-11-18,0.013915573571446987,DBC,HAR-RV
2022-11-21,0.013570853723338732,DBC,HAR-RV
2022-11-22,0.014124047484766138,DBC,HAR-RV
2022-11-23,0.013105987333099707,DBC,HAR-RV
2022-11-25,0.010939135878887932,DBC,HAR-RV
2022-11-28,0.010354538000558336,DBC,HAR-RV
2022-11-29,0.010384789308854173,DBC,HAR-RV
2022-11-30,0.011137938564484086,DBC,HAR-RV
2022-12-01,0.010808923655880513,DBC,HAR-RV
2022-12-02,0.010116673751208007,DBC,HAR-RV
2022-12-05,0.013487975490727139,DBC,HAR-RV
2022-12-06,0.012322967697334566,DBC,HAR-RV
2022-12-07,0.011272172363234533,DBC,HAR-RV
2022-12-08,0.014540290147013218,DBC,HAR-RV
2022-12-09,0.014915698640293362,DBC,HAR-RV
2022-12-12,0.015132961820719994,DBC,HAR-RV
2022-12-13,0.013717491056185473,DBC,HAR-RV
2022-12-14,0.008713833631998371,DBC,HAR-RV
2022-12-15,0.007199542776064489,DBC,HAR-RV
2022-12-16,0.01010796293413129,DBC,HAR-RV
2022-12-19,0.010731253485250612,DBC,HAR-RV
2022-12-20,0.01248922709921809,DBC,HAR-RV
2022-12-21,0.014047183135836468,DBC,HAR-RV
2022-12-22,0.011552476832503506,DBC,HAR-RV
2022-12-23,0.010127890938138734,DBC,HAR-RV
2022-12-27,0.010255607789010232,DBC,HAR-RV
2022-12-28,0.009653668346726402,DBC,HAR-RV
2022-12-29,0.013400100321644917,DBC,HAR-RV
2022-12-30,0.01379505696648764,DBC,HAR-RV
2023-01-03,0.014722556968601207,DBC,HAR-RV
2023-01-04,0.012204274859931408,DBC,HAR-RV
2023-01-05,0.009247246362057584,DBC,HAR-RV
2023-01-06,0.012118081353426307,DBC,HAR-RV
2023-01-09,0.014612619188081037,DBC,HAR-RV
2023-01-10,0.015402023511159681,DBC,HAR-RV
2023-01-11,0.014139879464405704,DBC,HAR-RV
2023-01-12,0.01364375332773159,DBC,HAR-RV
2023-01-13,0.008764098818518298,DBC,HAR-RV
2023-01-17,0.01169510864192927,DBC,HAR-RV
2023-01-18,0.01189011846023897,DBC,HAR-RV
2023-01-19,0.01208400131959314,DBC,HAR-RV
2023-01-20,0.012731742629452366,DBC,HAR-RV
2023-01-23,0.011838474549813629,DBC,HAR-RV
2023-01-24,0.012546551325384896,DBC,HAR-RV
2023-01-25,0.012278252663237108,DBC,HAR-RV
2023-01-26,0.011259156521904994,DBC,HAR-RV
2023-01-27,0.010737132053802702,DBC,HAR-RV
2023-01-30,0.009519149406444261,DBC,HAR-RV
2023-01-31,0.008447585168615731,DBC,HAR-RV
2023-02-01,0.009385482330595664,DBC,HAR-RV
2023-02-02,0.01011767264426362,DBC,HAR-RV
2023-02-03,0.011664041176821694,DBC,HAR-RV
2023-02-06,0.01523401176503026,DBC,HAR-RV
2023-02-07,0.012311435949883126,DBC,HAR-RV
2023-02-08,0.016083273110877455,DBC,HAR-RV
2023-02-09,0.012017705101004741,DBC,HAR-RV
2023-02-10,0.014612825239372625,DBC,HAR-RV
2023-02-13,0.013066040720240577,DBC,HAR-RV
2023-02-14,0.010094249842486053,DBC,HAR-RV
2023-02-15,0.013060944108831728,DBC,HAR-RV
2023-02-16,0.01106057337403785,DBC,HAR-RV
2023-02-17,0.010027082782441544,DBC,HAR-RV
2023-02-21,0.01149393147827055,DBC,HAR-RV
2023-02-22,0.00951002246940398,DBC,HAR-RV
2023-02-23,0.010942470509205831,DBC,HAR-RV
2023-02-24,0.009333899798382754,DBC,HAR-RV
2023-02-27,0.010008982769409355,DBC,HAR-RV
2023-02-28,0.011106543548400415,DBC,HAR-RV
2023-03-01,0.01072765118819186,DBC,HAR-RV
2023-03-02,0.01066108825140382,DBC,HAR-RV
2023-03-03,0.008351113920010625,DBC,HAR-RV
2023-03-06,0.01063233723056253,DBC,HAR-RV
2023-03-07,0.00969489592716381,DBC,HAR-RV
2023-03-08,0.012514043171413674,DBC,HAR-RV
2023-03-09,0.011011182990558772,DBC,HAR-RV
2023-03-10,0.012841097316600485,DBC,HAR-RV
2023-03-13,0.012322945244057557,DBC,HAR-RV
2023-03-14,0.012065083152782383,DBC,HAR-RV
2023-03-15,0.013318320904615022,DBC,HAR-RV
2023-03-16,0.011352604315497795,DBC,HAR-RV
2023-03-17,0.010867943684474623,DBC,HAR-RV
2023-03-20,0.014053514416584544,DBC,HAR-RV
2023-03-21,0.013090487643322775,DBC,HAR-RV
2023-03-22,0.012526956428692615,DBC,HAR-RV
2023-03-23,0.01140162029387443,DBC,HAR-RV
2023-03-24,0.009011458468895284,DBC,HAR-RV
2023-03-27,0.008857491052914742,DBC,HAR-RV
2023-03-28,0.008907160437245515,DBC,HAR-RV
2023-03-29,0.007697523704453023,DBC,HAR-RV
2023-03-30,0.010571413396138655,DBC,HAR-RV
2023-03-31,0.010597550243611874,DBC,HAR-RV
2023-04-03,0.010898509531860548,DBC,HAR-RV
2023-04-04,0.011138271407515967,DBC,HAR-RV
2023-04-05,0.009099448930126822,DBC,HAR-RV
2023-04-06,0.011871390533773054,DBC,HAR-RV
2023-04-10,0.011005955345485529,DBC,HAR-RV
2023-04-11,0.010419230386787203,DBC,HAR-RV
2023-04-12,0.009750457733038589,DBC,HAR-RV
2023-04-13,0.007684738770397114,DBC,HAR-RV
2023-04-14,0.007838141673632937,DBC,HAR-RV
2023-04-17,0.008537620991529816,DBC,HAR-RV
2023-04-18,0.008100262709948958,DBC,HAR-RV
2023-04-19,0.008011344757493688,DBC,HAR-RV
2023-04-20,0.00817650822569159,DBC,HAR-RV
2023-04-21,0.006982617090595086,DBC,HAR-RV
2023-04-24,0.008636425928638563,DBC,HAR-RV
2023-04-25,0.009796491652457849,DBC,HAR-RV
2023-04-26,0.009320611053438035,DBC,HAR-RV
2023-04-27,0.009751017532660874,DBC,HAR-RV
2023-04-28,0.00954821192469428,DBC,HAR-RV
2023-05-01,0.011131506662778822,DBC,HAR-RV
2023-05-02,0.010533610297516548,DBC,HAR-RV
2023-05-03,0.010952389982657261,DBC,HAR-RV
2023-05-04,0.009561143706196092,DBC,HAR-RV
2023-05-05,0.0108622962571744,DBC,HAR-RV
2023-05-08,0.012970798253294719,DBC,HAR-RV
2023-05-09,0.01105727471861498,DBC,HAR-RV
2023-05-10,0.013559230141936236,DBC,HAR-RV
2023-05-11,0.011413680966896924,DBC,HAR-RV
2023-05-12,0.010338561718315646,DBC,HAR-RV
2023-05-15,0.009332296393015551,DBC,HAR-RV
2023-05-16,0.009306635096995454,DBC,HAR-RV
2023-05-17,0.009515347389219077,DBC,HAR-RV
2023-05-18,0.010539314515695506,DBC,HAR-RV
2023-05-19,0.011256170591949905,DBC,HAR-RV
2023-05-22,0.010714483612640604,DBC,HAR-RV
2023-05-23,0.011079008188622145,DBC,HAR-RV
2023-05-24,0.009875828032259535,DBC,HAR-RV
2023-05-25,0.008518892682625956,DBC,HAR-RV
2023-05-26,0.007796294250288703,DBC,HAR-RV
2023-05-30,0.006305167932830234,DBC,HAR-RV
2023-05-31,0.008169561107905468,DBC,HAR-RV
2023-06-01,0.009416424809933141,DBC,HAR-RV
2023-06-02,0.01209627678599204,DBC,HAR-RV
2023-06-05,0.012658676322628347,DBC,HAR-RV
2023-06-06,0.012526562522424399,DBC,HAR-RV
2023-06-07,0.011625438722959253,DBC,HAR-RV
2023-06-08,0.010243447230154567,DBC,HAR-RV
2023-06-09,0.009355570785739661,DBC,HAR-RV
2023-06-12,0.008898425294639174,DBC,HAR-RV
2023-06-13,0.008602543629329771,DBC,HAR-RV
2023-06-14,0.009028992831355685,DBC,HAR-RV
2023-06-15,0.00934989974585229,DBC,HAR-RV
2023-06-16,0.009424672791336247,DBC,HAR-RV
2023-06-20,0.010034505765152255,DBC,HAR-RV
2023-06-21,0.010210764695138543,DBC,HAR-RV
2023-06-22,0.010137216649430719,DBC,HAR-RV
2023-06-23,0.010251174470683105,DBC,HAR-RV
2023-06-26,0.011000706012824968,DBC,HAR-RV
2023-06-27,0.010576520591913592,DBC,HAR-RV
2023-06-28,0.010101874925374586,DBC,HAR-RV
2023-06-29,0.010605319909841947,DBC,HAR-RV
2023-06-30,0.009960453419722178,DBC,HAR-RV
2023-07-03,0.009059024515054888,DBC,HAR-RV
2023-07-05,0.009020433667853066,DBC,HAR-RV
2023-07-06,0.008674807952509125,DBC,HAR-RV
2023-07-07,0.008288128662344293,DBC,HAR-RV
2023-07-10,0.008101052438002642,DBC,HAR-RV
2023-07-11,0.008487332260538947,DBC,HAR-RV
2023-07-12,0.008189140255089477,DBC,HAR-RV
2023-07-13,0.008853128018937709,DBC,HAR-RV
2023-07-14,0.008855972839671579,DBC,HAR-RV
2023-07-17,0.009505297371802477,DBC,HAR-RV
2023-07-18,0.009226728122049133,DBC,HAR-RV
2023-07-19,0.009466647040164143,DBC,HAR-RV
2023-07-20,0.009707162645632416,DBC,HAR-RV
2023-07-21,0.009265190042547992,DBC,HAR-RV
2023-07-24,0.008680043681088469,DBC,HAR-RV
2023-07-25,0.00878190938888643,DBC,HAR-RV
2023-07-26,0.009398428921032799,DBC,HAR-RV
2023-07-27,0.008514876554012982,DBC,HAR-RV
2023-07-28,0.00836292873349473,DBC,HAR-RV
2023-07-31,0.008259369773801248,DBC,HAR-RV
2023-08-01,0.00818903460186898,DBC,HAR-RV
2023-08-02,0.007597379404129186,DBC,HAR-RV
2023-08-03,0.007881192606316931,DBC,HAR-RV
2023-08-04,0.008394496428217872,DBC,HAR-RV
2023-08-07,0.008577245574567282,DBC,HAR-RV
2023-08-08,0.008228798074164635,DBC,HAR-RV
2023-08-09,0.007902796418470658,DBC,HAR-RV
2023-08-10,0.007647979077717172,DBC,HAR-RV
2023-08-11,0.007802417077222035,DBC,HAR-RV
2023-08-14,0.007447799548078518,DBC,HAR-RV
2023-08-15,0.007095628779129906,DBC,HAR-RV
2023-08-16,0.0072692623457274175,DBC,HAR-RV
2023-08-17,0.008047053339829463,DBC,HAR-RV
2023-08-18,0.007327534457511192,DBC,HAR-RV
2023-08-21,0.006960997218987716,DBC,HAR-RV
2023-08-22,0.0072283880769305475,DBC,HAR-RV
2023-08-23,0.006762185450204999,DBC,HAR-RV
2023-08-24,0.006154929026402795,DBC,HAR-RV
2023-08-25,0.005814930075268572,DBC,HAR-RV
2023-08-28,0.00595065639666012,DBC,HAR-RV
2023-08-29,0.006152724614972392,DBC,HAR-RV
2023-08-30,0.006161417853120356,DBC,HAR-RV
2023-08-31,0.006080523154578617,DBC,HAR-RV
2023-09-01,0.005872271617752101,DBC,HAR-RV
2023-09-05,0.00642590352652707,DBC,HAR-RV
2023-09-06,0.006827852193736535,DBC,HAR-RV
2023-09-07,0.006778405238231087,DBC,HAR-RV
2023-09-08,0.0064561066629245135,DBC,HAR-RV
2023-09-11,0.006359108134757333,DBC,HAR-RV
2023-09-12,0.006258505592719835,DBC,HAR-RV
2023-09-13,0.006046944335041914,DBC,HAR-RV
2023-09-14,0.005688178665332265,DBC,HAR-RV
2023-09-15,0.005849379530665589,DBC,HAR-RV
2023-09-18,0.006336564810187008,DBC,HAR-RV
2023-09-19,0.005795848322616731,DBC,HAR-RV
2023-09-20,0.005303480664688906,DBC,HAR-RV
2023-09-21,0.005105669312958621,DBC,HAR-RV
2023-09-22,0.005336059511143694,DBC,HAR-RV
2023-09-25,0.004797428219768276,DBC,HAR-RV
2023-09-26,0.004655203147296765,DBC,HAR-RV
2023-09-27,0.004759741712915792,DBC,HAR-RV
2023-09-28,0.004865861313824058,DBC,HAR-RV
2023-09-29,0.00457035493004254,DBC,HAR-RV
2023-10-02,0.004580073957167644,DBC,HAR-RV
2023-10-03,0.005341083116992623,DBC,HAR-RV
2023-10-04,0.005518522897418342,DBC,HAR-RV
2023-10-05,0.0060491576010901224,DBC,HAR-RV
2023-10-06,0.007584871275260029,DBC,HAR-RV
2023-10-09,0.0069705451168013445,DBC,HAR-RV
2023-10-10,0.007164737653628514,DBC,HAR-RV
2023-10-11,0.008351240627520616,DBC,HAR-RV
2023-10-12,0.007366510272460015,DBC,HAR-RV
2023-10-13,0.006833468242901805,DBC,HAR-RV
2023-10-16,0.006586663530166317,DBC,HAR-RV
2023-10-17,0.00796848901676427,DBC,HAR-RV
2023-10-18,0.007103343125928799,DBC,HAR-RV
2023-10-19,0.007113505542028813,DBC,HAR-RV
2023-10-20,0.007451600102056988,DBC,HAR-RV
2023-10-23,0.007832722754169715,DBC,HAR-RV
2023-10-24,0.007526109926464044,DBC,HAR-RV
2023-10-25,0.007635348370077925,DBC,HAR-RV
2023-10-26,0.008043747065861421,DBC,HAR-RV
2023-10-27,0.008014259131008642,DBC,HAR-RV
2023-10-30,0.008221407559772229,DBC,HAR-RV
2023-10-31,0.008613259485811337,DBC,HAR-RV
2023-11-01,0.008961608361761925,DBC,HAR-RV
2023-11-02,0.008417723158808451,DBC,HAR-RV
2023-11-03,0.0081755778620479,DBC,HAR-RV
2023-11-06,0.008412784690584553,DBC,HAR-RV
2023-11-07,0.0077153899076758585,DBC,HAR-RV
2023-11-08,0.00762508797641569,DBC,HAR-RV
2023-11-09,0.00856168710574629,DBC,HAR-RV
2023-11-10,0.008334879807208546,DBC,HAR-RV
2023-11-13,0.008152558214159087,DBC,HAR-RV
2023-11-14,0.00817380292839184,DBC,HAR-RV
2023-11-15,0.008581038345750499,DBC,HAR-RV
2023-11-16,0.007750075639998927,DBC,HAR-RV
2023-11-17,0.00781706639286257,DBC,HAR-RV
2023-11-20,0.008823925255790902,DBC,HAR-RV
2023-11-21,0.009033783080063498,DBC,HAR-RV
2023-11-22,0.008981958995857374,DBC,HAR-RV
2023-11-24,0.008944070807773933,DBC,HAR-RV
2023-11-27,0.008969078203921173,DBC,HAR-RV
2023-11-28,0.008551084924549113,DBC,HAR-RV
2023-11-29,0.008416224128059365,DBC,HAR-RV
2023-11-30,0.008540413546150122,DBC,HAR-RV
2023-12-01,0.008505343349879058,DBC,HAR-RV
2023-12-04,0.008494637560301275,DBC,HAR-RV
2023-12-05,0.008511228861691766,DBC,HAR-RV
2023-12-06,0.008591373351620352,DBC,HAR-RV
2023-12-07,0.008613421865383756,DBC,HAR-RV
2023-12-08,0.00878939821296698,DBC,HAR-RV
2023-12-11,0.009136958543795547,DBC,HAR-RV
2023-12-12,0.00854834275965484,DBC,HAR-RV
2023-12-13,0.008423857752355483,DBC,HAR-RV
2023-12-14,0.008620149512234838,DBC,HAR-RV
2023-12-15,0.008626336352594872,DBC,HAR-RV
2023-12-18,0.008793242114186809,DBC,HAR-RV
2023-12-19,0.008937825999185623,DBC,HAR-RV
2023-12-20,0.008961367863246255,DBC,HAR-RV
2023-12-21,0.008562081691970189,DBC,HAR-RV
2023-12-22,0.008412038284229411,DBC,HAR-RV
2023-12-26,0.008091924965396062,DBC,HAR-RV
2023-12-27,0.008094665727763503,DBC,HAR-RV
2023-12-28,0.007919746734698628,DBC,HAR-RV
2023-12-29,0.007887365877716615,DBC,HAR-RV
2024-01-02,0.0075771989948231885,DBC,HAR-RV
2024-01-03,0.007657197381991462,DBC,HAR-RV
2024-01-04,0.007780257029086009,DBC,HAR-RV
2024-01-05,0.007561804765625158,DBC,HAR-RV
2024-01-08,0.007844392586007392,DBC,HAR-RV
2024-01-09,0.00770887997862724,DBC,HAR-RV
2024-01-10,0.007926479099763808,DBC,HAR-RV
2024-01-11,0.007647458725618632,DBC,HAR-RV
2024-01-12,0.007606341771793486,DBC,HAR-RV
2024-01-16,0.007691058345046665,DBC,HAR-RV
2024-01-17,0.0077198141135657525,DBC,HAR-RV
2024-01-18,0.007451756811263701,DBC,HAR-RV
2024-01-19,0.007206880279280563,DBC,HAR-RV
2024-01-22,0.006974470752034043,DBC,HAR-RV
2024-01-23,0.006923027413934494,DBC,HAR-RV
2024-01-24,0.006815380889249888,DBC,HAR-RV
2024-01-25,0.00676126334311516,DBC,HAR-RV
2024-01-26,0.00684180669056191,DBC,HAR-RV
2024-01-29,0.006969241295801448,DBC,HAR-RV
2024-01-30,0.007075032590689305,DBC,HAR-RV
2024-01-31,0.007059279213822568,DBC,HAR-RV
2024-02-01,0.007135103387118137,DBC,HAR-RV
2024-02-02,0.007278352337308858,DBC,HAR-RV
2024-02-05,0.0075457442657417785,DBC,HAR-RV
2024-02-06,0.007557128878383761,DBC,HAR-RV
2024-02-07,0.007084642240900629,DBC,HAR-RV
2024-02-08,0.006934189351844006,DBC,HAR-RV
2024-02-09,0.0069451448692154855,DBC,HAR-RV
2024-02-12,0.006778079245717005,DBC,HAR-RV
2024-02-13,0.006498470320081634,DBC,HAR-RV
2024-02-14,0.006261869494621405,DBC,HAR-RV
2024-02-15,0.0064887791933405225,DBC,HAR-RV
2024-02-16,0.006713615885396755,DBC,HAR-RV
2024-02-20,0.0062122448532554615,DBC,HAR-RV
2024-02-21,0.006234401294417933,DBC,HAR-RV
2024-02-22,0.006352911988666995,DBC,HAR-RV
2024-02-23,0.006351834328441747,DBC,HAR-RV
2024-02-26,0.006390871468789335,DBC,HAR-RV
2024-02-27,0.006940307033085851,DBC,HAR-RV
2024-02-28,0.006832684372960099,DBC,HAR-RV
2024-02-29,0.006759938418019459,DBC,HAR-RV
2024-03-01,0.006545898741535822,DBC,HAR-RV
2024-03-04,0.006229485868925827,DBC,HAR-RV
2024-03-05,0.006333870160546862,DBC,HAR-RV
2024-03-06,0.006091022341966075,DBC,HAR-RV
2024-03-07,0.006252240782267956,DBC,HAR-RV
2024-03-08,0.006127052969996711,DBC,HAR-RV
2024-03-11,0.005827991403000876,DBC,HAR-RV
2024-03-12,0.0058850376275926125,DBC,HAR-RV
2024-03-13,0.006145784028372224,DBC,HAR-RV
2024-03-14,0.005980089372696522,DBC,HAR-RV
2024-03-15,0.00662252431633749,DBC,HAR-RV
2024-03-18,0.006321673246703378,DBC,HAR-RV
2024-03-19,0.0063269664057831725,DBC,HAR-RV
2024-03-20,0.006381744459733451,DBC,HAR-RV
2024-03-21,0.006032783762320913,DBC,HAR-RV
2024-03-22,0.0062004708850683325,DBC,HAR-RV
2024-03-25,0.006049322962022291,DBC,HAR-RV
2024-03-26,0.00627437857694761,DBC,HAR-RV
2024-03-27,0.006472816018942914,DBC,HAR-RV
2024-03-28,0.006128661868683993,DBC,HAR-RV
2024-04-01,0.005709357546590615,DBC,HAR-RV
2024-04-02,0.005986123863319099,DBC,HAR-RV
2024-04-03,0.005671180891702571,DBC,HAR-RV
2024-04-04,0.0060360224081040924,DBC,HAR-RV
2024-04-05,0.0062198281896033904,DBC,HAR-RV
2024-04-08,0.0055423731696713965,DBC,HAR-RV
2024-04-09,0.005848179367233992,DBC,HAR-RV
2024-04-10,0.005552123975977336,DBC,HAR-RV
2024-04-11,0.006050556408020442,DBC,HAR-RV
2024-04-12,0.006301608746908681,DBC,HAR-RV
2024-04-15,0.0058547277468256565,DBC,HAR-RV
2024-04-16,0.005840662481743679,DBC,HAR-RV
2024-04-17,0.005299310062168491,DBC,HAR-RV
2024-04-18,0.005581631069090256,DBC,HAR-RV
2024-04-19,0.0061257083295238515,DBC,HAR-RV
2024-04-22,0.005249411787263639,DBC,HAR-RV
2024-04-23,0.005382274675374233,DBC,HAR-RV
2024-04-24,0.005212644371031781,DBC,HAR-RV
2024-04-25,0.005273106176264018,DBC,HAR-RV
2024-04-26,0.005459345269951025,DBC,HAR-RV
2024-04-29,0.005132511462003558,DBC,HAR-RV
2024-04-30,0.004891097835093459,DBC,HAR-RV
2024-05-01,0.005039333472311363,DBC,HAR-RV
2024-05-02,0.004920652890124834,DBC,HAR-RV
2024-05-03,0.004887738225630771,DBC,HAR-RV
2024-05-06,0.004915972406666531,DBC,HAR-RV
2024-05-07,0.0049260284012453935,DBC,HAR-RV
2024-05-08,0.00458674149755231,DBC,HAR-RV
2024-05-09,0.0050376325486062795,DBC,HAR-RV
2024-05-10,0.0050022142724128185,DBC,HAR-RV
2024-05-13,0.0049925534834427045,DBC,HAR-RV
2024-05-14,0.005089031371657239,DBC,HAR-RV
2024-05-15,0.004860973017521863,DBC,HAR-RV
2024-05-16,0.005113967212629951,DBC,HAR-RV
2024-05-17,0.005209453997680626,DBC,HAR-RV
2024-05-20,0.005338546487608793,DBC,HAR-RV
2024-05-21,0.00479470497873659,DBC,HAR-RV
2024-05-22,0.005067969364165889,DBC,HAR-RV
2024-05-23,0.0054243178801894314,DBC,HAR-RV
2024-05-24,0.005113619282175298,DBC,HAR-RV
2024-05-28,0.005742991062318972,DBC,HAR-RV
2024-05-29,0.005985543101529649,DBC,HAR-RV
2024-05-30,0.005820218964288027,DBC,HAR-RV
2024-05-31,0.0067853784977935224,DBC,HAR-RV
2024-06-03,0.006844766415933728,DBC,HAR-RV
2024-06-04,0.007334206913643813,DBC,HAR-RV
2024-06-05,0.006735099008294106,DBC,HAR-RV
2024-06-06,0.0070753973536916166,DBC,HAR-RV
2024-06-07,0.0075883657272326445,DBC,HAR-RV
2024-06-10,0.007071530112135067,DBC,HAR-RV
2024-06-11,0.007692926251588076,DBC,HAR-RV
2024-06-12,0.00782766810693339,DBC,HAR-RV
2024-06-13,0.008303746486711972,DBC,HAR-RV
2024-06-14,0.008098275852164962,DBC,HAR-RV
2024-06-17,0.007776187175488059,DBC,HAR-RV
2024-06-18,0.007446963396972513,DBC,HAR-RV
2024-06-20,0.007329769045243889,DBC,HAR-RV
2024-06-21,0.007202458240732614,DBC,HAR-RV
2024-06-24,0.007179303141623372,DBC,HAR-RV
2024-06-25,0.007126718280489478,DBC,HAR-RV
2024-06-26,0.0073593579702728885,DBC,HAR-RV
2024-06-27,0.0072780193850494595,DBC,HAR-RV
2024-06-28,0.007342905068160125,DBC,HAR-RV
2024-07-01,0.007219410586793646,DBC,HAR-RV
2024-07-02,0.006897716757402842,DBC,HAR-RV
2024-07-03,0.006559326469278762,DBC,HAR-RV
2024-07-05,0.006639625954807542,DBC,HAR-RV
2024-07-08,0.006540433392521899,DBC,HAR-RV
2024-07-09,0.006441241054623735,DBC,HAR-RV
2024-07-10,0.006163166833089,DBC,HAR-RV
2024-07-11,0.006497286996862875,DBC,HAR-RV
2024-07-12,0.0066331494838217046,DBC,HAR-RV
2024-07-15,0.006063052865132581,DBC,HAR-RV
2024-07-16,0.005800278491559949,DBC,HAR-RV
2024-07-17,0.00544310386676666,DBC,HAR-RV
2024-07-18,0.005562623417397085,DBC,HAR-RV
2024-07-19,0.005769575751398839,DBC,HAR-RV
2024-07-22,0.005548641425133154,DBC,HAR-RV
2024-07-23,0.005667671072408615,DBC,HAR-RV
2024-07-24,0.006203189984831993,DBC,HAR-RV
2024-07-25,0.006066105808558352,DBC,HAR-RV
2024-07-26,0.006565987096585916,DBC,HAR-RV
2024-07-29,0.006149840720414204,DBC,HAR-RV
2024-07-30,0.005492922337009022,DBC,HAR-RV
2024-07-31,0.006026175108090174,DBC,HAR-RV
2024-08-01,0.006090759606256329,DBC,HAR-RV
2024-08-02,0.0058693936899123535,DBC,HAR-RV
2024-08-05,0.006949539630293762,DBC,HAR-RV
2024-08-06,0.006998663514366553,DBC,HAR-RV
2024-08-07,0.007896117402248565,DBC,HAR-RV
2024-08-08,0.007839322835904222,DBC,HAR-RV
2024-08-09,0.007308457000178887,DBC,HAR-RV
2024-08-12,0.007241321829828236,DBC,HAR-RV
2024-08-13,0.007186989339045497,DBC,HAR-RV
2024-08-14,0.007258137723239217,DBC,HAR-RV
2024-08-15,0.007687187210028068,DBC,HAR-RV
2024-08-16,0.007772168145595977,DBC,HAR-RV
2024-08-19,0.007711937470574864,DBC,HAR-RV
2024-08-20,0.007919266948645125,DBC,HAR-RV
2024-08-21,0.007635812819671365,DBC,HAR-RV
2024-08-22,0.00735920360469312,DBC,HAR-RV
2024-08-23,0.007217869949179822,DBC,HAR-RV
2024-08-26,0.0073169812249500865,DBC,HAR-RV
2024-08-27,0.006901640777522689,DBC,HAR-RV
2024-08-28,0.007546870998640194,DBC,HAR-RV
2024-08-29,0.007845206558395254,DBC,HAR-RV
2024-08-30,0.007771036800777094,DBC,HAR-RV
2024-09-03,0.008284592937186759,DBC,HAR-RV
2024-09-04,0.008055970010514068,DBC,HAR-RV
2024-09-05,0.00805814333531411,DBC,HAR-RV
2024-09-06,0.008308336362270657,DBC,HAR-RV
2024-09-09,0.008599230727999068,DBC,HAR-RV
2024-09-10,0.007962231669361282,DBC,HAR-RV
2024-09-11,0.008285881425800145,DBC,HAR-RV
2024-09-12,0.007873353807952264,DBC,HAR-RV
2024-09-13,0.00834374128730347,DBC,HAR-RV
2024-09-16,0.008195408408873478,DBC,HAR-RV
2024-09-17,0.008331728212253524,DBC,HAR-RV
2024-09-18,0.008308679166525352,DBC,HAR-RV
2024-09-19,0.00822736446297247,DBC,HAR-RV
2024-09-20,0.008323892914965152,DBC,HAR-RV
2024-09-23,0.008160930151867496,DBC,HAR-RV
2024-09-24,0.00847426152219403,DBC,HAR-RV
2024-09-25,0.008483328304621352,DBC,HAR-RV
2024-09-26,0.008441694382103829,DBC,HAR-RV
2024-09-27,0.008458275069115421,DBC,HAR-RV
2024-09-30,0.008238250341941124,DBC,HAR-RV
2024-10-01,0.0082605411588126,DBC,HAR-RV
2024-10-02,0.008315280252159798,DBC,HAR-RV
2024-10-03,0.007801777719495545,DBC,HAR-RV
2024-10-04,0.0082522589358967,DBC,HAR-RV
2024-10-07,0.007818882171401729,DBC,HAR-RV
2024-10-08,0.008440559120851104,DBC,HAR-RV
2024-10-09,0.008510112406344243,DBC,HAR-RV
2024-10-10,0.00828785634225015,DBC,HAR-RV
2024-10-11,0.0098067698183654,DBC,HAR-RV
2024-10-14,0.009058970235482886,DBC,HAR-RV
2024-10-15,0.010665256617324665,DBC,HAR-RV
2024-10-16,0.009681856252299989,DBC,HAR-RV
2024-10-17,0.009273288085863616,DBC,HAR-RV
2024-10-18,0.010105686704632327,DBC,HAR-RV
2024-10-21,0.008958541503188023,DBC,HAR-RV
2024-10-22,0.008692670736065142,DBC,HAR-RV
2024-10-23,0.00808713394406623,DBC,HAR-RV
2024-10-24,0.006713923118081529,DBC,HAR-RV
2024-10-25,0.00803269847154994,DBC,HAR-RV
2024-10-28,0.008302185780871142,DBC,HAR-RV
2024-10-29,0.007959819307508328,DBC,HAR-RV
2024-10-30,0.007281925426886163,DBC,HAR-RV
2024-10-31,0.009360466858655707,DBC,HAR-RV
2024-11-01,0.008633975808182042,DBC,HAR-RV
2024-11-04,0.009649912628675289,DBC,HAR-RV
2024-11-05,0.00957477224547028,DBC,HAR-RV
2024-11-06,0.007808923266012031,DBC,HAR-RV
2024-11-07,0.00969446420817319,DBC,HAR-RV
2024-11-08,0.009067256237559237,DBC,HAR-RV
2024-11-11,0.009355784421371065,DBC,HAR-RV
2024-11-12,0.009250470188517917,DBC,HAR-RV
2024-11-13,0.008903755732725175,DBC,HAR-RV
2024-11-14,0.010089391103314072,DBC,HAR-RV
2024-11-15,0.009391687036836564,DBC,HAR-RV
2024-11-18,0.008638147434508702,DBC,HAR-RV
2024-11-19,0.007705940322310776,DBC,HAR-RV
2024-11-20,0.006385830207289125,DBC,HAR-RV
2024-11-21,0.008391089536597248,DBC,HAR-RV
2024-11-22,0.008542639405703187,DBC,HAR-RV
2024-11-25,0.007951494539522243,DBC,HAR-RV
2024-11-26,0.00838714771750053,DBC,HAR-RV
2024-11-27,0.006166602207810993,DBC,HAR-RV
2024-11-29,0.0075744440209849235,DBC,HAR-RV
2024-12-02,0.0068921901438566266,DBC,HAR-RV
2024-12-03,0.006871933671950223,DBC,HAR-RV
2024-12-04,0.006611739921411092,DBC,HAR-RV
2024-12-05,0.005928634464373137,DBC,HAR-RV
2024-12-06,0.006955412448201306,DBC,HAR-RV
2024-12-09,0.006905962634477871,DBC,HAR-RV
2024-12-10,0.0067558311362054336,DBC,HAR-RV
2024-12-11,0.006690121297363438,DBC,HAR-RV
2024-12-12,0.006769741542695279,DBC,HAR-RV
2024-12-13,0.006008349476088889,DBC,HAR-RV
2024-12-16,0.0071154110495562466,DBC,HAR-RV
2024-12-17,0.0068725534541484576,DBC,HAR-RV
2024-12-18,0.006000383645938147,DBC,HAR-RV
2024-12-19,0.006310142416110746,DBC,HAR-RV
2024-12-20,0.005765707978525935,DBC,HAR-RV
2024-12-23,0.0062297229666848156,DBC,HAR-RV
2024-12-24,0.0058975783936641366,DBC,HAR-RV
2024-12-26,0.006247577455998305,DBC,HAR-RV
2024-12-27,0.005467342939388435,DBC,HAR-RV
2024-12-30,0.005337619387927111,DBC,HAR-RV
2024-12-31,0.00536492047455597,DBC,HAR-RV
2025-01-02,0.005141062620674789,DBC,HAR-RV
2025-01-03,0.006011205267084635,DBC,HAR-RV
2025-01-06,0.005876461147340347,DBC,HAR-RV
2025-01-07,0.006654785385662875,DBC,HAR-RV
2025-01-08,0.006714961932670462,DBC,HAR-RV
2025-01-10,0.005918089000638662,DBC,HAR-RV
2025-01-13,0.0062653176656186265,DBC,HAR-RV
2025-01-14,0.00446028817140461,DBC,HAR-RV
2025-01-15,0.0072450429057144055,DBC,HAR-RV
2025-01-16,0.008235191176037788,DBC,HAR-RV
2025-01-17,0.006830477173939887,DBC,HAR-RV
2025-01-21,0.0086488553976233,DBC,HAR-RV
2025-01-22,0.00700666807959253,DBC,HAR-RV
2025-01-23,0.00673561987921081,DBC,HAR-RV
2025-01-24,0.00724605086936937,DBC,HAR-RV
2025-01-27,0.005674134795748875,DBC,HAR-RV
2025-01-28,0.005952022442412828,DBC,HAR-RV
2025-01-29,0.004561195713037,DBC,HAR-RV
2025-01-30,0.006516167956098029,DBC,HAR-RV
2025-01-31,0.0063630359265872795,DBC,HAR-RV
2025-02-03,0.006210602870029676,DBC,HAR-RV
2025-02-04,0.006182396097817634,DBC,HAR-RV
2025-02-05,0.004478734435632617,DBC,HAR-RV
2025-02-06,0.005397043209142168,DBC,HAR-RV
2025-02-07,0.005135066411423823,DBC,HAR-RV
2025-02-10,0.005954680646336811,DBC,HAR-RV
2025-02-11,0.005893961288022427,DBC,HAR-RV
2025-02-12,0.004439783001777371,DBC,HAR-RV
2025-02-13,0.006034284400283675,DBC,HAR-RV
2025-02-14,0.005711248848520237,DBC,HAR-RV
2025-02-18,0.006947043338409022,DBC,HAR-RV
2025-02-19,0.007770444279025823,DBC,HAR-RV
2025-02-20,0.005650591457519407,DBC,HAR-RV
2025-02-21,0.006713661144723401,DBC,HAR-RV
2025-02-24,0.006957403761117403,DBC,HAR-RV
2025-02-25,0.005759230248920676,DBC,HAR-RV
2025-02-26,0.007881404574302284,DBC,HAR-RV
2025-02-27,0.006351305331333466,DBC,HAR-RV
2025-02-28,0.006948574666728876,DBC,HAR-RV
2025-03-03,0.007943728062724448,DBC,HAR-RV
2025-03-04,0.006388309235408544,DBC,HAR-RV
2025-03-05,0.006891271670595926,DBC,HAR-RV
2025-03-06,0.006661140586397923,DBC,HAR-RV
2025-03-07,0.006206189291153177,DBC,HAR-RV
2025-03-10,0.006166796757981034,DBC,HAR-RV
2025-03-11,0.005763343424829845,DBC,HAR-RV
2025-03-12,0.006150256089763547,DBC,HAR-RV
2025-03-13,0.006553109168869232,DBC,HAR-RV
2025-03-14,0.007188281198104731,DBC,HAR-RV
2025-03-17,0.006366846101392923,DBC,HAR-RV
2025-03-18,0.005798160270864982,DBC,HAR-RV
2025-03-19,0.005572917289169009,DBC,HAR-RV
2025-03-20,0.005856121038843984,DBC,HAR-RV
2025-03-21,0.005869669870951801,DBC,HAR-RV
2025-03-24,0.006285633007878576,DBC,HAR-RV
2025-03-25,0.005676792156132336,DBC,HAR-RV
2025-03-26,0.005736542560963642,DBC,HAR-RV
2025-03-27,0.0058708912939454344,DBC,HAR-RV
2025-03-28,0.005303001996127285,DBC,HAR-RV
2025-03-31,0.005112038479096014,DBC,HAR-RV
2025-04-01,0.004987348604279135,DBC,HAR-RV
2025-04-02,0.004148590268077278,DBC,HAR-RV
2025-04-03,0.0060963286109322525,DBC,HAR-RV
2025-04-04,0.006121272126222833,DBC,HAR-RV
2025-04-07,0.009709118279586535,DBC,HAR-RV
2025-04-08,0.013866647029901782,DBC,HAR-RV
2025-04-09,0.015861658864758186,DBC,HAR-RV
2025-04-10,0.02149856721065017,DBC,HAR-RV
2025-04-11,0.02265101302238691,DBC,HAR-RV
2025-04-14,0.01875005866581534,DBC,HAR-RV
2025-04-15,0.014305993037607816,DBC,HAR-RV
2025-04-16,0.011968623288331714,DBC,HAR-RV
2025-04-17,0.009679900152871884,DBC,HAR-RV
2025-04-21,0.006795259737552213,DBC,HAR-RV
2025-04-22,0.00653139945040716,DBC,HAR-RV
2025-04-23,0.005774703726331909,DBC,HAR-RV
2025-04-24,0.006263764097229032,DBC,HAR-RV
2025-04-25,0.006989857662878822,DBC,HAR-RV
2025-04-28,0.00627105326450721,DBC,HAR-RV
2025-04-29,0.005215845294438777,DBC,HAR-RV
2025-04-30,0.005314159572838811,DBC,HAR-RV
2025-05-01,0.006806201586971512,DBC,HAR-RV
2025-05-02,0.007774142625446157,DBC,HAR-RV
2025-05-05,0.007170113460921078,DBC,HAR-RV
2025-05-06,0.007373433140031361,DBC,HAR-RV
2025-05-07,0.007726493533123037,DBC,HAR-RV
2025-05-08,0.008338489869005261,DBC,HAR-RV
2025-05-09,0.007893434276554742,DBC,HAR-RV
2025-05-12,0.00868453967987517,DBC,HAR-RV
2025-05-13,0.00892928306312911,DBC,HAR-RV
2025-05-14,0.009234115399267028,DBC,HAR-RV
2025-05-15,0.009378900682394869,DBC,HAR-RV
2025-05-16,0.008648436362826311,DBC,HAR-RV
2025-05-19,0.008269943809532105,DBC,HAR-RV
2025-05-20,0.00783183802370667,DBC,HAR-RV
2025-05-21,0.007366296209377919,DBC,HAR-RV
2025-05-22,0.007006041979599389,DBC,HAR-RV
2025-05-23,0.006670119142756503,DBC,HAR-RV
2025-05-27,0.006126508369037567,DBC,HAR-RV
2025-05-28,0.0063354437902812845,DBC,HAR-RV
2025-05-29,0.0071397468902790915,DBC,HAR-RV
2025-05-30,0.0061463482917348735,DBC,HAR-RV
2025-06-02,0.006575253787524043,DBC,HAR-RV
2025-06-03,0.0069081312658881636,DBC,HAR-RV
2025-06-04,0.008519621475217846,DBC,HAR-RV
2025-06-05,0.00824860822519838,DBC,HAR-RV
2025-06-06,0.008277120932658389,DBC,HAR-RV
2025-06-09,0.00819396566349812,DBC,HAR-RV
2025-06-10,0.008233509199840897,DBC,HAR-RV
2025-06-11,0.006190705360573502,DBC,HAR-RV
2025-06-12,0.0059407305798457955,DBC,HAR-RV
2025-06-13,0.007080110617486406,DBC,HAR-RV
2025-06-16,0.0069805799052844696,DBC,HAR-RV
2025-06-17,0.008169246855244344,DBC,HAR-RV
2025-06-18,0.009668555529562552,DBC,HAR-RV
2025-06-20,0.010459066723780764,DBC,HAR-RV
2025-06-23,0.010021354544131547,DBC,HAR-RV
2025-06-24,0.010900891441339855,DBC,HAR-RV
2025-06-25,0.010307871444450275,DBC,HAR-RV
2025-06-26,0.01274749203940473,DBC,HAR-RV
2025-06-27,0.011283763402625085,DBC,HAR-RV
2025-06-30,0.011140948034034405,DBC,HAR-RV
2025-07-01,0.010832010314570619,DBC,HAR-RV
2025-07-02,0.0072928421604334616,DBC,HAR-RV
2025-07-03,0.0056183095072664235,DBC,HAR-RV
2025-07-07,0.0066788923306524,DBC,HAR-RV
2025-07-08,0.006731991083013966,DBC,HAR-RV
2025-07-09,0.006269713061106172,DBC,HAR-RV
2025-07-10,0.006467706636426194,DBC,HAR-RV
2025-07-11,0.006095860649131805,DBC,HAR-RV
2025-07-14,0.0049701881242941595,DBC,HAR-RV
2025-07-15,0.0060677699550468,DBC,HAR-RV
2025-07-16,0.006694764773292677,DBC,HAR-RV
2025-07-17,0.006659062969257763,DBC,HAR-RV
2025-07-18,0.006626570085518984,DBC,HAR-RV
2025-07-21,0.007222240471253884,DBC,HAR-RV
2025-07-22,0.006130562429987234,DBC,HAR-RV
2025-07-23,0.00562265338888244,DBC,HAR-RV
2025-07-24,0.005615380462362296,DBC,HAR-RV
2025-07-25,0.005727170266612607,DBC,HAR-RV
2025-07-28,0.00541584890129595,DBC,HAR-RV
2025-07-29,0.006370525760751037,DBC,HAR-RV
2025-07-30,0.0071859135112361285,DBC,HAR-RV
2025-07-31,0.008126918203391132,DBC,HAR-RV
2025-08-01,0.008120437092244323,DBC,HAR-RV
2025-08-04,0.008908877811322576,DBC,HAR-RV
2025-08-05,0.009261479101360975,DBC,HAR-RV
2025-08-06,0.008752175424437281,DBC,HAR-RV
2025-08-07,0.008147251467095554,DBC,HAR-RV
2025-08-08,0.008185674874235162,DBC,HAR-RV
2025-08-11,0.007528711871095396,DBC,HAR-RV
2025-08-12,0.005874103236796681,DBC,HAR-RV
2025-08-13,0.005626647444883628,DBC,HAR-RV
2025-08-14,0.005201507196276943,DBC,HAR-RV
