Date,pred,asset,model
2007-01-05,0.0011832497319780148,EEM,"ARIMA(1,0,1)"
2007-01-08,0.0008350052951987916,EEM,"ARIMA(1,0,1)"
2007-01-09,0.0019850353158292035,EEM,"ARIMA(1,0,1)"
2007-01-10,0.0010009037381486785,EEM,"ARIMA(1,0,1)"
2007-01-11,0.0005202505242434064,EEM,"ARIMA(1,0,1)"
2007-01-12,0.0006572581030259244,EEM,"ARIMA(1,0,1)"
2007-01-16,0.0007705907042293363,EEM,"ARIMA(1,0,1)"
2007-01-17,0.0007238786058010718,EEM,"ARIMA(1,0,1)"
2007-01-18,0.0006775763017275623,EEM,"ARIMA(1,0,1)"
2007-01-19,0.0009239036685352056,EEM,"ARIMA(1,0,1)"
2007-01-22,0.0006971955011796125,EEM,"ARIMA(1,0,1)"
2007-01-23,0.00038230735623543224,EEM,"ARIMA(1,0,1)"
2007-01-24,0.001723767550698859,EEM,"ARIMA(1,0,1)"
2007-01-25,0.00023715418754481426,EEM,"ARIMA(1,0,1)"
2007-01-26,-0.00043708704536411954,EEM,"ARIMA(1,0,1)"
2007-01-29,0.0015874029666636254,EEM,"ARIMA(1,0,1)"
2007-01-30,0.0014473586636741926,EEM,"ARIMA(1,0,1)"
2007-01-31,0.0002403827283383121,EEM,"ARIMA(1,0,1)"
2007-02-01,0.0004330355732207725,EEM,"ARIMA(1,0,1)"
2007-02-02,-0.0005529342866070042,EEM,"ARIMA(1,0,1)"
2007-02-05,0.0006988809338021095,EEM,"ARIMA(1,0,1)"
2007-02-06,0.00015295943557268885,EEM,"ARIMA(1,0,1)"
2007-02-07,0.0006454239221741096,EEM,"ARIMA(1,0,1)"
2007-02-08,0.0007206256582959355,EEM,"ARIMA(1,0,1)"
2007-02-09,0.0008015368649567291,EEM,"ARIMA(1,0,1)"
2007-02-12,0.0009009643207313311,EEM,"ARIMA(1,0,1)"
2007-02-13,0.0007043700373758053,EEM,"ARIMA(1,0,1)"
2007-02-14,0.0006681599794028956,EEM,"ARIMA(1,0,1)"
2007-02-15,0.001464904349516081,EEM,"ARIMA(1,0,1)"
2007-02-16,0.0003779697080203737,EEM,"ARIMA(1,0,1)"
2007-02-20,0.001274997572871504,EEM,"ARIMA(1,0,1)"
2007-02-21,0.0008083696342008935,EEM,"ARIMA(1,0,1)"
2007-02-22,0.0008593635774075423,EEM,"ARIMA(1,0,1)"
2007-02-23,0.00040052138755985274,EEM,"ARIMA(1,0,1)"
2007-02-26,0.000548672625747886,EEM,"ARIMA(1,0,1)"
2007-02-27,0.0008286251587345713,EEM,"ARIMA(1,0,1)"
2007-02-28,-0.004875825897936447,EEM,"ARIMA(1,0,1)"
2007-03-01,9.619574602594668e-05,EEM,"ARIMA(1,0,1)"
2007-03-02,0.0007963055238429655,EEM,"ARIMA(1,0,1)"
2007-03-05,0.00033239640230090303,EEM,"ARIMA(1,0,1)"
2007-03-06,0.00016208333804975316,EEM,"ARIMA(1,0,1)"
2007-03-07,-0.0009496616726082696,EEM,"ARIMA(1,0,1)"
2007-03-08,0.0012668569623442605,EEM,"ARIMA(1,0,1)"
2007-03-09,-6.399764126351927e-05,EEM,"ARIMA(1,0,1)"
2007-03-12,0.0004996443042462171,EEM,"ARIMA(1,0,1)"
2007-03-13,0.0005776309046476298,EEM,"ARIMA(1,0,1)"
2007-03-14,0.0018310391681613512,EEM,"ARIMA(1,0,1)"
2007-03-15,0.0006638568531800031,EEM,"ARIMA(1,0,1)"
2007-03-16,0.0004220706114568067,EEM,"ARIMA(1,0,1)"
2007-03-19,0.0009922903656904127,EEM,"ARIMA(1,0,1)"
2007-03-20,-0.0004096025329025679,EEM,"ARIMA(1,0,1)"
2007-03-21,-0.0001705722797900078,EEM,"ARIMA(1,0,1)"
2007-03-22,-0.001364892691501734,EEM,"ARIMA(1,0,1)"
2007-03-23,0.0005748585058229613,EEM,"ARIMA(1,0,1)"
2007-03-26,-0.0008286938967180266,EEM,"ARIMA(1,0,1)"
2007-03-27,0.0007803974558799773,EEM,"ARIMA(1,0,1)"
2007-03-28,0.001052233311052682,EEM,"ARIMA(1,0,1)"
2007-03-29,0.001121034629607737,EEM,"ARIMA(1,0,1)"
2007-03-30,0.00013831609202921594,EEM,"ARIMA(1,0,1)"
2007-04-02,0.000489387016949401,EEM,"ARIMA(1,0,1)"
2007-04-03,0.00022415674279421794,EEM,"ARIMA(1,0,1)"
2007-04-04,-0.00037423274790068437,EEM,"ARIMA(1,0,1)"
2007-04-05,-0.0008403284445349408,EEM,"ARIMA(1,0,1)"
2007-04-09,-0.000557433020147708,EEM,"ARIMA(1,0,1)"
2007-04-10,0.0004218127504664838,EEM,"ARIMA(1,0,1)"
2007-04-11,-0.00049102881568656,EEM,"ARIMA(1,0,1)"
2007-04-12,0.0003801315533123773,EEM,"ARIMA(1,0,1)"
2007-04-13,-0.00032922747876244014,EEM,"ARIMA(1,0,1)"
2007-04-16,-0.00020586889656060018,EEM,"ARIMA(1,0,1)"
2007-04-17,-0.0005487831157569529,EEM,"ARIMA(1,0,1)"
2007-04-18,8.281827810912266e-05,EEM,"ARIMA(1,0,1)"
2007-04-19,0.0006941839882582333,EEM,"ARIMA(1,0,1)"
2007-04-20,0.0011025497816492134,EEM,"ARIMA(1,0,1)"
2007-04-23,0.00016224892896149858,EEM,"ARIMA(1,0,1)"
2007-04-24,0.0007844994987735988,EEM,"ARIMA(1,0,1)"
2007-04-25,0.000727917910953908,EEM,"ARIMA(1,0,1)"
2007-04-26,-0.00013013652185482735,EEM,"ARIMA(1,0,1)"
2007-04-27,0.00045741232043269614,EEM,"ARIMA(1,0,1)"
2007-04-30,0.0010352775209466392,EEM,"ARIMA(1,0,1)"
2007-05-01,0.0018921049730456672,EEM,"ARIMA(1,0,1)"
2007-05-02,0.0013948953254771677,EEM,"ARIMA(1,0,1)"
2007-05-03,-0.0005460120813779014,EEM,"ARIMA(1,0,1)"
2007-05-04,-0.00033682425065556423,EEM,"ARIMA(1,0,1)"
2007-05-07,-1.105610014870233e-05,EEM,"ARIMA(1,0,1)"
2007-05-08,-0.00021011841330536294,EEM,"ARIMA(1,0,1)"
2007-05-09,0.0013042825934741903,EEM,"ARIMA(1,0,1)"
2007-05-10,-0.0002391671465439355,EEM,"ARIMA(1,0,1)"
2007-05-11,0.0020421643243296044,EEM,"ARIMA(1,0,1)"
2007-05-14,-0.0004705302416985615,EEM,"ARIMA(1,0,1)"
2007-05-15,0.0009313761008850543,EEM,"ARIMA(1,0,1)"
2007-05-16,0.0009337216911625603,EEM,"ARIMA(1,0,1)"
2007-05-17,-0.0005937266341297545,EEM,"ARIMA(1,0,1)"
2007-05-18,0.00043453813770627113,EEM,"ARIMA(1,0,1)"
2007-05-21,-5.74081396942875e-05,EEM,"ARIMA(1,0,1)"
2007-05-22,0.0001832090815760668,EEM,"ARIMA(1,0,1)"
2007-05-23,0.0003748092902165921,EEM,"ARIMA(1,0,1)"
2007-05-24,0.00012743228522679143,EEM,"ARIMA(1,0,1)"
2007-05-25,0.0034197450969042495,EEM,"ARIMA(1,0,1)"
2007-05-29,0.001829242537953623,EEM,"ARIMA(1,0,1)"
2007-05-30,0.0021031803016860313,EEM,"ARIMA(1,0,1)"
2007-05-31,0.001218635848052447,EEM,"ARIMA(1,0,1)"
2007-06-01,0.001453848332577157,EEM,"ARIMA(1,0,1)"
2007-06-04,-0.0016457428517156504,EEM,"ARIMA(1,0,1)"
2007-06-05,-0.0008318198317853521,EEM,"ARIMA(1,0,1)"
2007-06-06,-0.00015171660000752336,EEM,"ARIMA(1,0,1)"
2007-06-07,0.004792123091032635,EEM,"ARIMA(1,0,1)"
2007-06-08,0.00728695228120785,EEM,"ARIMA(1,0,1)"
2007-06-11,0.004466019711600124,EEM,"ARIMA(1,0,1)"
2007-06-12,0.0035613207503639357,EEM,"ARIMA(1,0,1)"
2007-06-13,0.00624539571928337,EEM,"ARIMA(1,0,1)"
2007-06-14,0.0027312677740190285,EEM,"ARIMA(1,0,1)"
2007-06-15,-0.0010464179199869774,EEM,"ARIMA(1,0,1)"
2007-06-18,-0.0029127792084442,EEM,"ARIMA(1,0,1)"
2007-06-19,-0.001693258392646953,EEM,"ARIMA(1,0,1)"
2007-06-20,-0.001625268226398601,EEM,"ARIMA(1,0,1)"
2007-06-21,0.0002550188155661555,EEM,"ARIMA(1,0,1)"
2007-06-22,-0.0014323342462330847,EEM,"ARIMA(1,0,1)"
2007-06-25,0.0004401437398887499,EEM,"ARIMA(1,0,1)"
2007-06-26,0.001932237135751586,EEM,"ARIMA(1,0,1)"
2007-06-27,0.0033228488218535824,EEM,"ARIMA(1,0,1)"
2007-06-28,0.000731907683154884,EEM,"ARIMA(1,0,1)"
2007-06-29,0.0017954817239520502,EEM,"ARIMA(1,0,1)"
2007-07-02,0.0011601754912757942,EEM,"ARIMA(1,0,1)"
2007-07-03,-0.0019139407940950365,EEM,"ARIMA(1,0,1)"
2007-07-05,-0.0024874321988482113,EEM,"ARIMA(1,0,1)"
2007-07-06,-0.002758311464701146,EEM,"ARIMA(1,0,1)"
2007-07-09,-0.00236289515908887,EEM,"ARIMA(1,0,1)"
2007-07-10,-0.004879257712463305,EEM,"ARIMA(1,0,1)"
2007-07-11,-0.0024868333876339015,EEM,"ARIMA(1,0,1)"
2007-07-12,0.0014575315044491168,EEM,"ARIMA(1,0,1)"
2007-07-13,-0.0018701896057476588,EEM,"ARIMA(1,0,1)"
2007-07-16,-0.0025246852905521804,EEM,"ARIMA(1,0,1)"
2007-07-17,-0.0009081816812962706,EEM,"ARIMA(1,0,1)"
2007-07-18,-0.0001301718800998063,EEM,"ARIMA(1,0,1)"
2007-07-19,0.0048447587219023185,EEM,"ARIMA(1,0,1)"
2007-07-20,0.0010528196706768688,EEM,"ARIMA(1,0,1)"
2007-07-23,0.0014971376749919492,EEM,"ARIMA(1,0,1)"
2007-07-24,-0.0019776471526101974,EEM,"ARIMA(1,0,1)"
2007-07-25,0.007434348137874816,EEM,"ARIMA(1,0,1)"
2007-07-26,0.0017161254131682472,EEM,"ARIMA(1,0,1)"
2007-07-27,0.013349243219766665,EEM,"ARIMA(1,0,1)"
2007-07-30,8.45172714367523e-05,EEM,"ARIMA(1,0,1)"
2007-07-31,-0.003516091983079655,EEM,"ARIMA(1,0,1)"
2007-08-01,0.005411103279324786,EEM,"ARIMA(1,0,1)"
2007-08-02,0.0018739761461319176,EEM,"ARIMA(1,0,1)"
2007-08-03,-0.00016594997423441914,EEM,"ARIMA(1,0,1)"
2007-08-06,0.009002810112520875,EEM,"ARIMA(1,0,1)"
2007-08-07,-0.0020782472706801346,EEM,"ARIMA(1,0,1)"
2007-08-08,0.00019252830473764871,EEM,"ARIMA(1,0,1)"
2007-08-09,-0.003875872743414139,EEM,"ARIMA(1,0,1)"
2007-08-10,0.009810699497191069,EEM,"ARIMA(1,0,1)"
2007-08-13,0.005063610242727619,EEM,"ARIMA(1,0,1)"
2007-08-14,1.5992898257522013e-05,EEM,"ARIMA(1,0,1)"
2007-08-15,0.0059861194762618475,EEM,"ARIMA(1,0,1)"
2007-08-16,0.007884276364842341,EEM,"ARIMA(1,0,1)"
2007-08-17,0.0027959870514054105,EEM,"ARIMA(1,0,1)"
2007-08-20,-0.003544957036797881,EEM,"ARIMA(1,0,1)"
2007-08-21,0.00021511958690626236,EEM,"ARIMA(1,0,1)"
2007-08-22,0.0015084740347252688,EEM,"ARIMA(1,0,1)"
2007-08-23,-0.0054555098101202425,EEM,"ARIMA(1,0,1)"
2007-08-24,-0.00039088734922785077,EEM,"ARIMA(1,0,1)"
2007-08-27,-0.0020488838578089077,EEM,"ARIMA(1,0,1)"
2007-08-28,0.0008837873496396541,EEM,"ARIMA(1,0,1)"
2007-08-29,0.0075583820781243444,EEM,"ARIMA(1,0,1)"
2007-08-30,-0.0044775717523536235,EEM,"ARIMA(1,0,1)"
2007-08-31,0.0016577432449436426,EEM,"ARIMA(1,0,1)"
2007-09-04,-0.0029167005952330707,EEM,"ARIMA(1,0,1)"
2007-09-05,-0.0011316738636976342,EEM,"ARIMA(1,0,1)"
2007-09-06,0.004116671107714095,EEM,"ARIMA(1,0,1)"
2007-09-07,0.00017011203096209512,EEM,"ARIMA(1,0,1)"
2007-09-10,0.005658793978377692,EEM,"ARIMA(1,0,1)"
2007-09-11,0.001456120173116676,EEM,"ARIMA(1,0,1)"
2007-09-12,-0.0018489711065960582,EEM,"ARIMA(1,0,1)"
2007-09-13,0.001130475405795577,EEM,"ARIMA(1,0,1)"
2007-09-14,-0.00014975469220983501,EEM,"ARIMA(1,0,1)"
2007-09-17,0.0013876582752467117,EEM,"ARIMA(1,0,1)"
2007-09-18,0.0027437572851245003,EEM,"ARIMA(1,0,1)"
2007-09-19,-0.00620505728438916,EEM,"ARIMA(1,0,1)"
2007-09-20,0.0009417918170597102,EEM,"ARIMA(1,0,1)"
2007-09-21,0.0023771259916101784,EEM,"ARIMA(1,0,1)"
2007-09-24,-0.0002930946851746694,EEM,"ARIMA(1,0,1)"
2007-09-25,7.752283820292765e-05,EEM,"ARIMA(1,0,1)"
2007-09-26,0.0027101574330708864,EEM,"ARIMA(1,0,1)"
2007-09-27,-0.0001200000015019072,EEM,"ARIMA(1,0,1)"
2007-09-28,-0.00022398330295084613,EEM,"ARIMA(1,0,1)"
2007-10-01,0.0031183941216999904,EEM,"ARIMA(1,0,1)"
2007-10-02,-0.002991025761698779,EEM,"ARIMA(1,0,1)"
2007-10-03,0.0013641793299854865,EEM,"ARIMA(1,0,1)"
2007-10-04,0.007191086419448516,EEM,"ARIMA(1,0,1)"
2007-10-05,0.0007414155059291534,EEM,"ARIMA(1,0,1)"
2007-10-08,-0.0032892264643184952,EEM,"ARIMA(1,0,1)"
2007-10-09,0.0032422023554331434,EEM,"ARIMA(1,0,1)"
2007-10-10,-0.00023214546654933216,EEM,"ARIMA(1,0,1)"
2007-10-11,0.0017880974966251796,EEM,"ARIMA(1,0,1)"
2007-10-12,0.0036587070247067082,EEM,"ARIMA(1,0,1)"
2007-10-15,-0.0006284960835627803,EEM,"ARIMA(1,0,1)"
2007-10-16,0.003987156170351649,EEM,"ARIMA(1,0,1)"
2007-10-17,0.005449419780981416,EEM,"ARIMA(1,0,1)"
2007-10-18,-0.0013216687718052725,EEM,"ARIMA(1,0,1)"
2007-10-19,0.0008202221816788167,EEM,"ARIMA(1,0,1)"
2007-10-22,0.009475547628443126,EEM,"ARIMA(1,0,1)"
2007-10-23,0.002345512631573166,EEM,"ARIMA(1,0,1)"
2007-10-24,-0.0024002178920716783,EEM,"ARIMA(1,0,1)"
2007-10-25,0.0020482545765156774,EEM,"ARIMA(1,0,1)"
2007-10-26,-6.265798773701483e-05,EEM,"ARIMA(1,0,1)"
2007-10-29,-0.0032157802806271024,EEM,"ARIMA(1,0,1)"
2007-10-30,-0.0024551955298927172,EEM,"ARIMA(1,0,1)"
2007-10-31,0.004267696739133475,EEM,"ARIMA(1,0,1)"
2007-11-01,-0.0008135090915561802,EEM,"ARIMA(1,0,1)"
2007-11-02,0.009118142224201615,EEM,"ARIMA(1,0,1)"
2007-11-05,0.0024926778882551474,EEM,"ARIMA(1,0,1)"
2007-11-06,0.008355960678216631,EEM,"ARIMA(1,0,1)"
2007-11-07,-0.00444722892124601,EEM,"ARIMA(1,0,1)"
2007-11-08,0.008434327670837585,EEM,"ARIMA(1,0,1)"
2007-11-09,0.0011442461490061859,EEM,"ARIMA(1,0,1)"
2007-11-12,0.006712473667037045,EEM,"ARIMA(1,0,1)"
2007-11-13,0.011719851581219251,EEM,"ARIMA(1,0,1)"
2007-11-14,-0.012487411777404062,EEM,"ARIMA(1,0,1)"
2007-11-15,0.00019579962162954902,EEM,"ARIMA(1,0,1)"
2007-11-16,0.006484773694464525,EEM,"ARIMA(1,0,1)"
2007-11-19,-3.940735625386233e-05,EEM,"ARIMA(1,0,1)"
2007-11-20,0.01208453777220514,EEM,"ARIMA(1,0,1)"
2007-11-21,-0.003281982891662168,EEM,"ARIMA(1,0,1)"
2007-11-23,0.013950782302352926,EEM,"ARIMA(1,0,1)"
2007-11-26,-0.005620117544840281,EEM,"ARIMA(1,0,1)"
2007-11-27,0.012291305811966472,EEM,"ARIMA(1,0,1)"
2007-11-28,-0.009560350084344093,EEM,"ARIMA(1,0,1)"
2007-11-29,-0.011624452033581804,EEM,"ARIMA(1,0,1)"
2007-11-30,0.004935824142964868,EEM,"ARIMA(1,0,1)"
2007-12-03,-0.0003782709264512469,EEM,"ARIMA(1,0,1)"
2007-12-04,0.003949750012571609,EEM,"ARIMA(1,0,1)"
2007-12-05,0.0023431163810739533,EEM,"ARIMA(1,0,1)"
2007-12-06,-0.009417039611776977,EEM,"ARIMA(1,0,1)"
2007-12-07,-0.0020229738039990236,EEM,"ARIMA(1,0,1)"
2007-12-10,0.004736886352231181,EEM,"ARIMA(1,0,1)"
2007-12-11,0.0018208464648359485,EEM,"ARIMA(1,0,1)"
2007-12-12,0.012352843383914949,EEM,"ARIMA(1,0,1)"
2007-12-13,-0.005844049704519159,EEM,"ARIMA(1,0,1)"
2007-12-14,0.009202247828128531,EEM,"ARIMA(1,0,1)"
2007-12-17,0.0075511539923874,EEM,"ARIMA(1,0,1)"
2007-12-18,0.011056831718808967,EEM,"ARIMA(1,0,1)"
2007-12-19,-0.005974630443232521,EEM,"ARIMA(1,0,1)"
2007-12-20,0.00018719067435956835,EEM,"ARIMA(1,0,1)"
2007-12-21,0.00019784771876293905,EEM,"ARIMA(1,0,1)"
2007-12-24,-0.005523345288078495,EEM,"ARIMA(1,0,1)"
2007-12-26,-0.0018316312547575209,EEM,"ARIMA(1,0,1)"
2007-12-27,0.0006854746097366164,EEM,"ARIMA(1,0,1)"
2007-12-28,0.0070300632627101406,EEM,"ARIMA(1,0,1)"
2007-12-31,0.00016187651320924315,EEM,"ARIMA(1,0,1)"
2008-01-02,0.004304985452751342,EEM,"ARIMA(1,0,1)"
2008-01-03,0.004862989820390391,EEM,"ARIMA(1,0,1)"
2008-01-04,-0.0010974791157826833,EEM,"ARIMA(1,0,1)"
2008-01-07,0.008676245268205363,EEM,"ARIMA(1,0,1)"
2008-01-08,-0.0009013400620108338,EEM,"ARIMA(1,0,1)"
2008-01-09,0.0034244417049810578,EEM,"ARIMA(1,0,1)"
2008-01-10,-0.0064222067939634225,EEM,"ARIMA(1,0,1)"
2008-01-11,-0.00038864569679857323,EEM,"ARIMA(1,0,1)"
2008-01-14,0.008520576556360954,EEM,"ARIMA(1,0,1)"
2008-01-15,-0.002556974452577747,EEM,"ARIMA(1,0,1)"
2008-01-16,0.013076415841609254,EEM,"ARIMA(1,0,1)"
2008-01-17,0.009422597998537507,EEM,"ARIMA(1,0,1)"
2008-01-18,0.005679477768661509,EEM,"ARIMA(1,0,1)"
2008-01-22,-0.0046751266353800575,EEM,"ARIMA(1,0,1)"
2008-01-23,0.007303744263258785,EEM,"ARIMA(1,0,1)"
2008-01-24,-0.0018674926013530512,EEM,"ARIMA(1,0,1)"
2008-01-25,-0.0029338994210011786,EEM,"ARIMA(1,0,1)"
2008-01-28,0.004728710314110141,EEM,"ARIMA(1,0,1)"
2008-01-29,-0.004993024474058072,EEM,"ARIMA(1,0,1)"
2008-01-30,0.002934538866378309,EEM,"ARIMA(1,0,1)"
2008-01-31,0.003470765856175645,EEM,"ARIMA(1,0,1)"
2008-02-01,-0.003832689157884448,EEM,"ARIMA(1,0,1)"
2008-02-04,-0.0027485142648585956,EEM,"ARIMA(1,0,1)"
2008-02-05,0.0007944988749597691,EEM,"ARIMA(1,0,1)"
2008-02-06,0.012833984617180808,EEM,"ARIMA(1,0,1)"
2008-02-07,0.002577225962509091,EEM,"ARIMA(1,0,1)"
2008-02-08,-0.0030488233312251714,EEM,"ARIMA(1,0,1)"
2008-02-11,0.0014377245435527044,EEM,"ARIMA(1,0,1)"
2008-02-12,-0.0018622428776564198,EEM,"ARIMA(1,0,1)"
2008-02-13,-0.002196331402440926,EEM,"ARIMA(1,0,1)"
2008-02-14,-0.003324701224373957,EEM,"ARIMA(1,0,1)"
2008-02-15,0.003929363842494144,EEM,"ARIMA(1,0,1)"
2008-02-19,-0.000998191870829802,EEM,"ARIMA(1,0,1)"
2008-02-20,-0.0016666890454018184,EEM,"ARIMA(1,0,1)"
2008-02-21,-0.0005753882244303523,EEM,"ARIMA(1,0,1)"
2008-02-22,0.0039016840096106533,EEM,"ARIMA(1,0,1)"
2008-02-25,-0.0021347398753376714,EEM,"ARIMA(1,0,1)"
2008-02-26,-0.002587406370894086,EEM,"ARIMA(1,0,1)"
2008-02-27,-0.001457012596585464,EEM,"ARIMA(1,0,1)"
2008-02-28,-3.533839776203402e-05,EEM,"ARIMA(1,0,1)"
2008-02-29,0.003603294500658014,EEM,"ARIMA(1,0,1)"
2008-03-03,0.009156630331594365,EEM,"ARIMA(1,0,1)"
2008-03-04,-0.0002385737532212722,EEM,"ARIMA(1,0,1)"
2008-03-05,0.005833085415835832,EEM,"ARIMA(1,0,1)"
2008-03-06,-0.003155438353133643,EEM,"ARIMA(1,0,1)"
2008-03-07,0.00840977128195207,EEM,"ARIMA(1,0,1)"
2008-03-10,0.003024927792300877,EEM,"ARIMA(1,0,1)"
2008-03-11,0.003913714158821305,EEM,"ARIMA(1,0,1)"
2008-03-12,-0.012168641334357013,EEM,"ARIMA(1,0,1)"
2008-03-13,0.006022848630513293,EEM,"ARIMA(1,0,1)"
2008-03-14,0.002705470972116872,EEM,"ARIMA(1,0,1)"
2008-03-17,0.007775377608806527,EEM,"ARIMA(1,0,1)"
2008-03-18,0.004843112841869472,EEM,"ARIMA(1,0,1)"
2008-03-19,-0.009279489260680106,EEM,"ARIMA(1,0,1)"
2008-03-20,0.014601836334270578,EEM,"ARIMA(1,0,1)"
2008-03-24,-0.0035397242969519246,EEM,"ARIMA(1,0,1)"
2008-03-25,-0.007857263795761467,EEM,"ARIMA(1,0,1)"
2008-03-26,-0.002963931843976312,EEM,"ARIMA(1,0,1)"
2008-03-27,0.002293309637290839,EEM,"ARIMA(1,0,1)"
2008-03-28,0.00190108773735448,EEM,"ARIMA(1,0,1)"
2008-03-31,0.0012601385075861151,EEM,"ARIMA(1,0,1)"
2008-04-01,-0.00048796310982649697,EEM,"ARIMA(1,0,1)"
2008-04-02,-0.007273990396182082,EEM,"ARIMA(1,0,1)"
2008-04-03,0.00017508530971168475,EEM,"ARIMA(1,0,1)"
2008-04-04,-0.0017208063938340427,EEM,"ARIMA(1,0,1)"
2008-04-07,0.001551138393665137,EEM,"ARIMA(1,0,1)"
2008-04-08,-0.0018847293766301155,EEM,"ARIMA(1,0,1)"
2008-04-09,0.0018674641779945704,EEM,"ARIMA(1,0,1)"
2008-04-10,0.004133232163423599,EEM,"ARIMA(1,0,1)"
2008-04-11,-0.0019867644775429807,EEM,"ARIMA(1,0,1)"
2008-04-14,0.004062456208817774,EEM,"ARIMA(1,0,1)"
2008-04-15,0.0013400111799363183,EEM,"ARIMA(1,0,1)"
2008-04-16,-0.0017897906457286963,EEM,"ARIMA(1,0,1)"
2008-04-17,-0.005521667374417999,EEM,"ARIMA(1,0,1)"
2008-04-18,0.0019754786526319096,EEM,"ARIMA(1,0,1)"
2008-04-21,-0.0022067980533167606,EEM,"ARIMA(1,0,1)"
2008-04-22,-0.00031611836062983144,EEM,"ARIMA(1,0,1)"
2008-04-23,0.0027955997575532547,EEM,"ARIMA(1,0,1)"
2008-04-24,-0.0020167765211923385,EEM,"ARIMA(1,0,1)"
2008-04-25,0.0034497281766682607,EEM,"ARIMA(1,0,1)"
2008-04-28,-0.0005765193426870249,EEM,"ARIMA(1,0,1)"
2008-04-29,0.0012723341989110027,EEM,"ARIMA(1,0,1)"
2008-04-30,0.004744384225548489,EEM,"ARIMA(1,0,1)"
2008-05-01,-0.003360447712132055,EEM,"ARIMA(1,0,1)"
2008-05-02,-0.0016061081647368042,EEM,"ARIMA(1,0,1)"
2008-05-05,-0.0012328258154658332,EEM,"ARIMA(1,0,1)"
2008-05-06,0.0009957073345335456,EEM,"ARIMA(1,0,1)"
2008-05-07,-0.001393094427439052,EEM,"ARIMA(1,0,1)"
2008-05-08,0.007133190337579968,EEM,"ARIMA(1,0,1)"
2008-05-09,-0.0009205447098037809,EEM,"ARIMA(1,0,1)"
2008-05-12,0.002547838906049926,EEM,"ARIMA(1,0,1)"
2008-05-13,-0.0017610603614156483,EEM,"ARIMA(1,0,1)"
2008-05-14,-0.00019522956334731584,EEM,"ARIMA(1,0,1)"
2008-05-15,0.00036966207352665686,EEM,"ARIMA(1,0,1)"
2008-05-16,-0.003490828593644827,EEM,"ARIMA(1,0,1)"
2008-05-19,-0.0017682233114190192,EEM,"ARIMA(1,0,1)"
2008-05-20,0.0008777336186579312,EEM,"ARIMA(1,0,1)"
2008-05-21,0.004561024287220534,EEM,"ARIMA(1,0,1)"
2008-05-22,0.003153617302817804,EEM,"ARIMA(1,0,1)"
2008-05-23,0.0004328206163529813,EEM,"ARIMA(1,0,1)"
2008-05-27,0.004501995013940001,EEM,"ARIMA(1,0,1)"
2008-05-28,0.001329072437464427,EEM,"ARIMA(1,0,1)"
2008-05-29,-0.0017820945982822709,EEM,"ARIMA(1,0,1)"
2008-05-30,0.00028497703092185184,EEM,"ARIMA(1,0,1)"
2008-06-02,0.00015204643956774795,EEM,"ARIMA(1,0,1)"
2008-06-03,0.0031526548935655527,EEM,"ARIMA(1,0,1)"
2008-06-04,0.004514936171939632,EEM,"ARIMA(1,0,1)"
2008-06-05,0.0025926965625780343,EEM,"ARIMA(1,0,1)"
2008-06-06,-0.005476231591994625,EEM,"ARIMA(1,0,1)"
2008-06-09,0.008420798017651394,EEM,"ARIMA(1,0,1)"
2008-06-10,0.001663179990614371,EEM,"ARIMA(1,0,1)"
2008-06-11,0.005457561785857658,EEM,"ARIMA(1,0,1)"
2008-06-12,0.0038367510488233054,EEM,"ARIMA(1,0,1)"
2008-06-13,-0.0006364874260797616,EEM,"ARIMA(1,0,1)"
2008-06-16,-0.001851185595587852,EEM,"ARIMA(1,0,1)"
2008-06-17,-0.0004164871309418287,EEM,"ARIMA(1,0,1)"
2008-06-18,-0.0005139747819128701,EEM,"ARIMA(1,0,1)"
2008-06-19,0.0013561714389028823,EEM,"ARIMA(1,0,1)"
2008-06-20,0.00011837926287837605,EEM,"ARIMA(1,0,1)"
2008-06-23,0.007110215338081664,EEM,"ARIMA(1,0,1)"
2008-06-24,-0.00012648471002246666,EEM,"ARIMA(1,0,1)"
2008-06-25,0.0012149173870381602,EEM,"ARIMA(1,0,1)"
2008-06-26,-0.0037070677875697803,EEM,"ARIMA(1,0,1)"
2008-06-27,0.00754408289697911,EEM,"ARIMA(1,0,1)"
2008-06-30,-0.0016620104404619863,EEM,"ARIMA(1,0,1)"
2008-07-01,-0.0014716058033316956,EEM,"ARIMA(1,0,1)"
2008-07-02,0.003898042873643371,EEM,"ARIMA(1,0,1)"
2008-07-03,0.006327316199741311,EEM,"ARIMA(1,0,1)"
2008-07-07,0.0007348927753892957,EEM,"ARIMA(1,0,1)"
2008-07-08,0.0005453056296494521,EEM,"ARIMA(1,0,1)"
2008-07-09,-0.0027928144928513663,EEM,"ARIMA(1,0,1)"
2008-07-10,0.004028143592407809,EEM,"ARIMA(1,0,1)"
2008-07-11,-0.0040386422717232735,EEM,"ARIMA(1,0,1)"
2008-07-14,0.0010732768478646615,EEM,"ARIMA(1,0,1)"
2008-07-15,-6.81170304673903e-05,EEM,"ARIMA(1,0,1)"
2008-07-16,0.0032684044592432046,EEM,"ARIMA(1,0,1)"
2008-07-17,-0.006493050537443186,EEM,"ARIMA(1,0,1)"
2008-07-18,-0.0014613781588525148,EEM,"ARIMA(1,0,1)"
2008-07-21,0.0015039118036935554,EEM,"ARIMA(1,0,1)"
2008-07-22,-0.0027670834170967886,EEM,"ARIMA(1,0,1)"
2008-07-23,-0.0005420241658818793,EEM,"ARIMA(1,0,1)"
2008-07-24,-0.0005116587381704233,EEM,"ARIMA(1,0,1)"
2008-07-25,0.007896786028396925,EEM,"ARIMA(1,0,1)"
2008-07-28,-0.001048725090843015,EEM,"ARIMA(1,0,1)"
2008-07-29,0.003535799921006321,EEM,"ARIMA(1,0,1)"
2008-07-30,-0.01189552306200508,EEM,"ARIMA(1,0,1)"
2008-07-31,0.002158545645196982,EEM,"ARIMA(1,0,1)"
2008-08-01,0.0051068591455157575,EEM,"ARIMA(1,0,1)"
2008-08-04,0.0016892374563469994,EEM,"ARIMA(1,0,1)"
2008-08-05,0.006500246232263016,EEM,"ARIMA(1,0,1)"
2008-08-06,-0.002559460934137246,EEM,"ARIMA(1,0,1)"
2008-08-07,-0.0042902148490137825,EEM,"ARIMA(1,0,1)"
2008-08-08,0.006934091305213804,EEM,"ARIMA(1,0,1)"
2008-08-11,-0.00027270221524382016,EEM,"ARIMA(1,0,1)"
2008-08-12,0.0022258183349789127,EEM,"ARIMA(1,0,1)"
2008-08-13,0.0017457440422070977,EEM,"ARIMA(1,0,1)"
2008-08-14,6.49214098169402e-05,EEM,"ARIMA(1,0,1)"
2008-08-15,-0.002758504211989241,EEM,"ARIMA(1,0,1)"
2008-08-18,0.003757668573660139,EEM,"ARIMA(1,0,1)"
2008-08-19,0.0038999546965974674,EEM,"ARIMA(1,0,1)"
2008-08-20,0.001856148074561922,EEM,"ARIMA(1,0,1)"
2008-08-21,-0.005710113306004792,EEM,"ARIMA(1,0,1)"
2008-08-22,-0.00031555777475930733,EEM,"ARIMA(1,0,1)"
2008-08-25,-2.7863940626958255e-05,EEM,"ARIMA(1,0,1)"
2008-08-26,0.004486779413966597,EEM,"ARIMA(1,0,1)"
2008-08-27,-0.0005820072596798488,EEM,"ARIMA(1,0,1)"
2008-08-28,-0.004863811368210222,EEM,"ARIMA(1,0,1)"
2008-08-29,-0.002322593991996055,EEM,"ARIMA(1,0,1)"
2008-09-02,0.002176718558517239,EEM,"ARIMA(1,0,1)"
2008-09-03,0.006631826824121192,EEM,"ARIMA(1,0,1)"
2008-09-04,0.003629731552908054,EEM,"ARIMA(1,0,1)"
2008-09-05,0.008857667828333334,EEM,"ARIMA(1,0,1)"
2008-09-08,-0.0036832359702165403,EEM,"ARIMA(1,0,1)"
2008-09-09,-0.0033494851083097064,EEM,"ARIMA(1,0,1)"
2008-09-10,0.011126612754094238,EEM,"ARIMA(1,0,1)"
2008-09-11,-0.0033579114804987154,EEM,"ARIMA(1,0,1)"
2008-09-12,0.001995501923912296,EEM,"ARIMA(1,0,1)"
2008-09-15,-0.008040856532277487,EEM,"ARIMA(1,0,1)"
2008-09-16,0.018028198168792038,EEM,"ARIMA(1,0,1)"
2008-09-17,-0.002725418363815313,EEM,"ARIMA(1,0,1)"
2008-09-18,0.01648387542860004,EEM,"ARIMA(1,0,1)"
2008-09-19,-0.02775013227939556,EEM,"ARIMA(1,0,1)"
2008-09-22,-0.026887633228302878,EEM,"ARIMA(1,0,1)"
2008-09-23,-0.004308976495867721,EEM,"ARIMA(1,0,1)"
2008-09-24,0.003319267243233231,EEM,"ARIMA(1,0,1)"
2008-09-25,-0.0013475524057354497,EEM,"ARIMA(1,0,1)"
2008-09-26,-0.013619076654043381,EEM,"ARIMA(1,0,1)"
2008-09-29,-0.0012073404137950422,EEM,"ARIMA(1,0,1)"
2008-09-30,0.027582340951401857,EEM,"ARIMA(1,0,1)"
2008-10-01,-0.0012623974891996315,EEM,"ARIMA(1,0,1)"
2008-10-02,-0.004864807082920406,EEM,"ARIMA(1,0,1)"
2008-10-03,0.021321168481823843,EEM,"ARIMA(1,0,1)"
2008-10-06,0.018517265366382908,EEM,"ARIMA(1,0,1)"
2008-10-07,0.02579517240720948,EEM,"ARIMA(1,0,1)"
2008-10-08,0.021661073923447093,EEM,"ARIMA(1,0,1)"
2008-10-09,0.0067480401738177044,EEM,"ARIMA(1,0,1)"
2008-10-10,0.010577014790823104,EEM,"ARIMA(1,0,1)"
2008-10-13,-0.0013585000235692864,EEM,"ARIMA(1,0,1)"
2008-10-14,-0.014125179939633034,EEM,"ARIMA(1,0,1)"
2008-10-15,-0.010703442326113243,EEM,"ARIMA(1,0,1)"
2008-10-16,0.026663063428287656,EEM,"ARIMA(1,0,1)"
2008-10-17,0.005282790612527365,EEM,"ARIMA(1,0,1)"
2008-10-20,0.008174110657997858,EEM,"ARIMA(1,0,1)"
2008-10-21,-0.009516359326070404,EEM,"ARIMA(1,0,1)"
2008-10-22,0.010296888998072453,EEM,"ARIMA(1,0,1)"
2008-10-23,0.027468738913050572,EEM,"ARIMA(1,0,1)"
2008-10-24,0.008564888582666774,EEM,"ARIMA(1,0,1)"
2008-10-27,0.023226432102593078,EEM,"ARIMA(1,0,1)"
2008-10-28,0.013560257682221237,EEM,"ARIMA(1,0,1)"
2008-10-29,-0.032768277015012164,EEM,"ARIMA(1,0,1)"
2008-10-30,-0.014815432661347544,EEM,"ARIMA(1,0,1)"
2008-10-31,-0.03656046852378963,EEM,"ARIMA(1,0,1)"
2008-11-03,-0.0229579230895526,EEM,"ARIMA(1,0,1)"
2008-11-04,-0.014828266187276309,EEM,"ARIMA(1,0,1)"
2008-11-05,-0.02439395421369809,EEM,"ARIMA(1,0,1)"
2008-11-06,0.007316054409341513,EEM,"ARIMA(1,0,1)"
2008-11-07,0.01126154646715258,EEM,"ARIMA(1,0,1)"
2008-11-10,-0.008844307527997837,EEM,"ARIMA(1,0,1)"
2008-11-11,-0.009309301292749709,EEM,"ARIMA(1,0,1)"
2008-11-12,0.00556121388170991,EEM,"ARIMA(1,0,1)"
2008-11-13,0.016638713424643004,EEM,"ARIMA(1,0,1)"
2008-11-14,-0.017231317511071036,EEM,"ARIMA(1,0,1)"
2008-11-17,0.009977695011453045,EEM,"ARIMA(1,0,1)"
2008-11-18,0.008268608048839991,EEM,"ARIMA(1,0,1)"
2008-11-19,0.006716708157347937,EEM,"ARIMA(1,0,1)"
2008-11-20,0.021869850536668036,EEM,"ARIMA(1,0,1)"
2008-11-21,0.02393135871713025,EEM,"ARIMA(1,0,1)"
2008-11-24,-0.013049336988099264,EEM,"ARIMA(1,0,1)"
2008-11-25,-0.020200989584385685,EEM,"ARIMA(1,0,1)"
2008-11-26,-0.012355773793292738,EEM,"ARIMA(1,0,1)"
2008-11-28,-0.025389120391887232,EEM,"ARIMA(1,0,1)"
2008-12-01,-0.016082682970124565,EEM,"ARIMA(1,0,1)"
2008-12-02,0.007456130119110479,EEM,"ARIMA(1,0,1)"
2008-12-03,-0.009134361591220077,EEM,"ARIMA(1,0,1)"
2008-12-04,-0.01008434298050607,EEM,"ARIMA(1,0,1)"
2008-12-05,0.0005531458895264517,EEM,"ARIMA(1,0,1)"
2008-12-08,-0.014254498416663102,EEM,"ARIMA(1,0,1)"
2008-12-09,-0.02517507348610744,EEM,"ARIMA(1,0,1)"
2008-12-10,-0.016349593489706486,EEM,"ARIMA(1,0,1)"
2008-12-11,-0.02456398854778364,EEM,"ARIMA(1,0,1)"
2008-12-12,-0.013236202245735318,EEM,"ARIMA(1,0,1)"
2008-12-15,-0.012885584300216735,EEM,"ARIMA(1,0,1)"
2008-12-16,-0.0071157474607252014,EEM,"ARIMA(1,0,1)"
2008-12-17,-0.02154855881494045,EEM,"ARIMA(1,0,1)"
2008-12-18,-0.011700971237547866,EEM,"ARIMA(1,0,1)"
2008-12-19,-0.0044301527254520575,EEM,"ARIMA(1,0,1)"
2008-12-22,-0.00509878017002701,EEM,"ARIMA(1,0,1)"
2008-12-23,0.0032584926241814483,EEM,"ARIMA(1,0,1)"
2008-12-24,0.0021927529299205365,EEM,"ARIMA(1,0,1)"
2008-12-26,-0.0017791430407813886,EEM,"ARIMA(1,0,1)"
2008-12-29,-0.0019880660165820883,EEM,"ARIMA(1,0,1)"
2008-12-30,-0.0025535119169776493,EEM,"ARIMA(1,0,1)"
2008-12-31,-0.008936893306665413,EEM,"ARIMA(1,0,1)"
2009-01-02,-0.010143766469627355,EEM,"ARIMA(1,0,1)"
2009-01-05,-0.01790506619336031,EEM,"ARIMA(1,0,1)"
2009-01-06,-0.015422678082593814,EEM,"ARIMA(1,0,1)"
2009-01-07,-0.01564113024412525,EEM,"ARIMA(1,0,1)"
2009-01-08,0.00047231030624005554,EEM,"ARIMA(1,0,1)"
2009-01-09,-0.00015278048076670112,EEM,"ARIMA(1,0,1)"
2009-01-12,0.0029317252001121066,EEM,"ARIMA(1,0,1)"
2009-01-13,0.009354931520099774,EEM,"ARIMA(1,0,1)"
2009-01-14,0.0042053179459422205,EEM,"ARIMA(1,0,1)"
2009-01-15,0.011756162587584437,EEM,"ARIMA(1,0,1)"
2009-01-16,0.003972017314149214,EEM,"ARIMA(1,0,1)"
2009-01-20,-0.0009843854726273252,EEM,"ARIMA(1,0,1)"
2009-01-21,0.01374246321417377,EEM,"ARIMA(1,0,1)"
2009-01-22,-0.00390954848796097,EEM,"ARIMA(1,0,1)"
2009-01-23,0.0030339224209752842,EEM,"ARIMA(1,0,1)"
2009-01-26,-0.0024908764455233707,EEM,"ARIMA(1,0,1)"
2009-01-27,-0.005608911062529365,EEM,"ARIMA(1,0,1)"
2009-01-28,-0.008934706279947802,EEM,"ARIMA(1,0,1)"
2009-01-29,-0.01755555872841737,EEM,"ARIMA(1,0,1)"
2009-01-30,-0.0016564703031244875,EEM,"ARIMA(1,0,1)"
2009-02-02,-0.0010414244194417253,EEM,"ARIMA(1,0,1)"
2009-02-03,-0.00011460363346688096,EEM,"ARIMA(1,0,1)"
2009-02-04,-0.0079632734377088,EEM,"ARIMA(1,0,1)"
2009-02-05,-0.00790542705498513,EEM,"ARIMA(1,0,1)"
2009-02-06,-0.010780530300174961,EEM,"ARIMA(1,0,1)"
2009-02-09,-0.018445534258923667,EEM,"ARIMA(1,0,1)"
2009-02-10,-0.011656320454518474,EEM,"ARIMA(1,0,1)"
2009-02-11,0.00396130863665336,EEM,"ARIMA(1,0,1)"
2009-02-12,-0.0052289478364982885,EEM,"ARIMA(1,0,1)"
2009-02-13,-0.003550021672483773,EEM,"ARIMA(1,0,1)"
2009-02-17,-0.004795356277400848,EEM,"ARIMA(1,0,1)"
2009-02-18,0.009690246775696635,EEM,"ARIMA(1,0,1)"
2009-02-19,0.006080720576982288,EEM,"ARIMA(1,0,1)"
2009-02-20,0.00430193989541614,EEM,"ARIMA(1,0,1)"
2009-02-23,0.006549805907122642,EEM,"ARIMA(1,0,1)"
2009-02-24,0.00757240762730557,EEM,"ARIMA(1,0,1)"
2009-02-25,-0.008398703219557149,EEM,"ARIMA(1,0,1)"
2009-02-26,-0.003493561402222802,EEM,"ARIMA(1,0,1)"
2009-02-27,-0.002128567289313459,EEM,"ARIMA(1,0,1)"
2009-03-02,0.0003654462601219411,EEM,"ARIMA(1,0,1)"
2009-03-03,0.012162454124420824,EEM,"ARIMA(1,0,1)"
2009-03-04,0.0027604054412696134,EEM,"ARIMA(1,0,1)"
2009-03-05,-0.01447741460998608,EEM,"ARIMA(1,0,1)"
2009-03-06,-0.0019741009721156682,EEM,"ARIMA(1,0,1)"
2009-03-09,-0.006615587960851514,EEM,"ARIMA(1,0,1)"
2009-03-10,-0.0015566681989479976,EEM,"ARIMA(1,0,1)"
2009-03-11,-0.02004410532760571,EEM,"ARIMA(1,0,1)"
2009-03-12,-0.01423095850336581,EEM,"ARIMA(1,0,1)"
2009-03-13,-0.018311951564516614,EEM,"ARIMA(1,0,1)"
2009-03-16,-0.01375777411285619,EEM,"ARIMA(1,0,1)"
2009-03-17,-0.00958106727834027,EEM,"ARIMA(1,0,1)"
2009-03-18,-0.011355708787504139,EEM,"ARIMA(1,0,1)"
2009-03-19,-0.012577846116578528,EEM,"ARIMA(1,0,1)"
2009-03-20,-0.006935539064449719,EEM,"ARIMA(1,0,1)"
2009-03-23,-0.0027966174534903594,EEM,"ARIMA(1,0,1)"
2009-03-24,-0.021473828869433956,EEM,"ARIMA(1,0,1)"
2009-03-25,-0.006876061596741522,EEM,"ARIMA(1,0,1)"
2009-03-26,-0.00821414231724127,EEM,"ARIMA(1,0,1)"
2009-03-27,-0.011395035248994491,EEM,"ARIMA(1,0,1)"
2009-03-30,-0.0013179993643529027,EEM,"ARIMA(1,0,1)"
2009-03-31,0.008735298873283559,EEM,"ARIMA(1,0,1)"
2009-04-01,-0.0013204605488181189,EEM,"ARIMA(1,0,1)"
2009-04-02,-0.009260666109120757,EEM,"ARIMA(1,0,1)"
2009-04-03,-0.01780266655619,EEM,"ARIMA(1,0,1)"
2009-04-06,-0.013942963789628195,EEM,"ARIMA(1,0,1)"
2009-04-07,-0.006840354184833112,EEM,"ARIMA(1,0,1)"
2009-04-08,-0.0006191958779743927,EEM,"ARIMA(1,0,1)"
2009-04-09,-0.004654040952916022,EEM,"ARIMA(1,0,1)"
2009-04-13,-0.012809101556099212,EEM,"ARIMA(1,0,1)"
2009-04-14,-0.00970136743135489,EEM,"ARIMA(1,0,1)"
2009-04-15,-0.0035433234977444656,EEM,"ARIMA(1,0,1)"
2009-04-16,-0.006282690233155555,EEM,"ARIMA(1,0,1)"
2009-04-17,-0.006721398595495872,EEM,"ARIMA(1,0,1)"
2009-04-20,-0.0036880037762401724,EEM,"ARIMA(1,0,1)"
2009-04-21,0.0067000395979745775,EEM,"ARIMA(1,0,1)"
2009-04-22,-0.0019102028616534033,EEM,"ARIMA(1,0,1)"
2009-04-23,-0.0007379810743069486,EEM,"ARIMA(1,0,1)"
2009-04-24,-0.005057666011858794,EEM,"ARIMA(1,0,1)"
2009-04-27,-0.008108829760377018,EEM,"ARIMA(1,0,1)"
2009-04-28,0.0009664114658220944,EEM,"ARIMA(1,0,1)"
2009-04-29,-0.0001692204098031765,EEM,"ARIMA(1,0,1)"
2009-04-30,-0.012081781153430924,EEM,"ARIMA(1,0,1)"
2009-05-01,-0.010241636336007554,EEM,"ARIMA(1,0,1)"
2009-05-04,-0.010219531464421424,EEM,"ARIMA(1,0,1)"
2009-05-05,-0.020366155759551842,EEM,"ARIMA(1,0,1)"
2009-05-06,-0.010760490045832767,EEM,"ARIMA(1,0,1)"
2009-05-07,-0.01036612194645351,EEM,"ARIMA(1,0,1)"
2009-05-08,-0.0018678562688579988,EEM,"ARIMA(1,0,1)"
2009-05-11,-0.008642643510191839,EEM,"ARIMA(1,0,1)"
2009-05-12,-0.0011246455882572668,EEM,"ARIMA(1,0,1)"
2009-05-13,-0.0032635483616902756,EEM,"ARIMA(1,0,1)"
2009-05-14,0.004481563112305156,EEM,"ARIMA(1,0,1)"
2009-05-15,-0.001695675466184352,EEM,"ARIMA(1,0,1)"
2009-05-18,-0.00041160941335480813,EEM,"ARIMA(1,0,1)"
2009-05-19,-0.012567847304887973,EEM,"ARIMA(1,0,1)"
2009-05-20,-0.010306630532341906,EEM,"ARIMA(1,0,1)"
2009-05-21,-0.007353982421694891,EEM,"ARIMA(1,0,1)"
2009-05-22,-0.0013834315581012098,EEM,"ARIMA(1,0,1)"
2009-05-26,-0.0027838544051245577,EEM,"ARIMA(1,0,1)"
2009-05-27,-0.0049751310611591375,EEM,"ARIMA(1,0,1)"
2009-05-28,-0.00148959294603963,EEM,"ARIMA(1,0,1)"
2009-05-29,-0.008078258574769107,EEM,"ARIMA(1,0,1)"
2009-06-01,-0.00846578336852052,EEM,"ARIMA(1,0,1)"
2009-06-02,-0.013673359174779416,EEM,"ARIMA(1,0,1)"
2009-06-03,-0.005368605544126144,EEM,"ARIMA(1,0,1)"
2009-06-04,0.0032593625572216855,EEM,"ARIMA(1,0,1)"
2009-06-05,-0.0027698203811550894,EEM,"ARIMA(1,0,1)"
2009-06-08,-0.002911261704283928,EEM,"ARIMA(1,0,1)"
2009-06-09,0.0007087766367649404,EEM,"ARIMA(1,0,1)"
2009-06-10,-0.0008405992338802124,EEM,"ARIMA(1,0,1)"
2009-06-11,-0.003754132504597462,EEM,"ARIMA(1,0,1)"
2009-06-12,-0.0070136263457080145,EEM,"ARIMA(1,0,1)"
2009-06-15,-0.0013929359154579823,EEM,"ARIMA(1,0,1)"
2009-06-16,0.005644426887828652,EEM,"ARIMA(1,0,1)"
2009-06-17,0.0051785991758280785,EEM,"ARIMA(1,0,1)"
2009-06-18,0.0041162370209769285,EEM,"ARIMA(1,0,1)"
2009-06-19,0.0018878163883907294,EEM,"ARIMA(1,0,1)"
2009-06-22,-0.0008894935477453106,EEM,"ARIMA(1,0,1)"
2009-06-23,0.005923209531445416,EEM,"ARIMA(1,0,1)"
2009-06-24,0.000979175347616373,EEM,"ARIMA(1,0,1)"
2009-06-25,-0.004654328041922266,EEM,"ARIMA(1,0,1)"
2009-06-26,-0.009196390420976539,EEM,"ARIMA(1,0,1)"
2009-06-29,-0.0068422381550807005,EEM,"ARIMA(1,0,1)"
2009-06-30,-0.0060262592556404575,EEM,"ARIMA(1,0,1)"
2009-07-01,-0.0021805466704458926,EEM,"ARIMA(1,0,1)"
2009-07-02,-0.005387950002194746,EEM,"ARIMA(1,0,1)"
2009-07-06,0.0018025718920002068,EEM,"ARIMA(1,0,1)"
2009-07-07,0.000725273325916711,EEM,"ARIMA(1,0,1)"
2009-07-08,0.0043092678729927236,EEM,"ARIMA(1,0,1)"
2009-07-09,0.0038379190258664027,EEM,"ARIMA(1,0,1)"
2009-07-10,-0.001995413729186798,EEM,"ARIMA(1,0,1)"
2009-07-13,0.0003656893488115968,EEM,"ARIMA(1,0,1)"
2009-07-14,-0.0019278543453900452,EEM,"ARIMA(1,0,1)"
2009-07-15,-0.003928765535597785,EEM,"ARIMA(1,0,1)"
2009-07-16,-0.012838092799692327,EEM,"ARIMA(1,0,1)"
2009-07-17,-0.008257194816205465,EEM,"ARIMA(1,0,1)"
2009-07-20,-0.007156120637821551,EEM,"ARIMA(1,0,1)"
2009-07-21,-0.011000073463194992,EEM,"ARIMA(1,0,1)"
2009-07-22,-0.006035599717014848,EEM,"ARIMA(1,0,1)"
2009-07-23,-0.003403176977332308,EEM,"ARIMA(1,0,1)"
2009-07-24,-0.007504553895691985,EEM,"ARIMA(1,0,1)"
2009-07-27,-0.00345614299926971,EEM,"ARIMA(1,0,1)"
2009-07-28,-0.003903595066513359,EEM,"ARIMA(1,0,1)"
2009-07-29,-0.0016479865973954553,EEM,"ARIMA(1,0,1)"
2009-07-30,0.0027202323744729565,EEM,"ARIMA(1,0,1)"
2009-07-31,-0.00353486230164,EEM,"ARIMA(1,0,1)"
2009-08-03,-0.0031265505666029335,EEM,"ARIMA(1,0,1)"
2009-08-04,-0.008816624231237982,EEM,"ARIMA(1,0,1)"
2009-08-05,-0.003182934844171947,EEM,"ARIMA(1,0,1)"
2009-08-06,-0.0004293399715852177,EEM,"ARIMA(1,0,1)"
2009-08-07,0.0009393800068220821,EEM,"ARIMA(1,0,1)"
2009-08-10,-0.0015127310820090864,EEM,"ARIMA(1,0,1)"
2009-08-11,0.001017963582704078,EEM,"ARIMA(1,0,1)"
2009-08-12,0.003813177923433414,EEM,"ARIMA(1,0,1)"
2009-08-13,0.00014057975897712946,EEM,"ARIMA(1,0,1)"
2009-08-14,-0.003338484795301243,EEM,"ARIMA(1,0,1)"
2009-08-17,0.0013136574233359065,EEM,"ARIMA(1,0,1)"
2009-08-18,0.007847015682511822,EEM,"ARIMA(1,0,1)"
2009-08-19,-2.822790145545019e-05,EEM,"ARIMA(1,0,1)"
2009-08-20,-0.0007279704395155422,EEM,"ARIMA(1,0,1)"
2009-08-21,-0.003901830472905172,EEM,"ARIMA(1,0,1)"
2009-08-24,-0.005087146777664096,EEM,"ARIMA(1,0,1)"
2009-08-25,-0.0037436088880882924,EEM,"ARIMA(1,0,1)"
2009-08-26,-0.001739190344695516,EEM,"ARIMA(1,0,1)"
2009-08-27,-0.0005701154264624418,EEM,"ARIMA(1,0,1)"
2009-08-28,-0.00017240770261674345,EEM,"ARIMA(1,0,1)"
2009-08-31,0.0006628608855467431,EEM,"ARIMA(1,0,1)"
2009-09-01,0.003892191405859793,EEM,"ARIMA(1,0,1)"
2009-09-02,0.005626961568817204,EEM,"ARIMA(1,0,1)"
2009-09-03,0.0010335834720609455,EEM,"ARIMA(1,0,1)"
2009-09-04,-0.0029777366676033545,EEM,"ARIMA(1,0,1)"
2009-09-08,-0.005252764641941362,EEM,"ARIMA(1,0,1)"
2009-09-09,-0.006677388035963015,EEM,"ARIMA(1,0,1)"
2009-09-10,-0.004524194606390777,EEM,"ARIMA(1,0,1)"
2009-09-11,-0.004783454543392194,EEM,"ARIMA(1,0,1)"
2009-09-14,-0.0026055611560536437,EEM,"ARIMA(1,0,1)"
2009-09-15,-0.000727638959866564,EEM,"ARIMA(1,0,1)"
2009-09-16,-0.001907083183005003,EEM,"ARIMA(1,0,1)"
2009-09-17,-0.005168826220466833,EEM,"ARIMA(1,0,1)"
2009-09-18,-0.0012966336709105612,EEM,"ARIMA(1,0,1)"
2009-09-21,-0.0008383773997826569,EEM,"ARIMA(1,0,1)"
2009-09-22,0.0010518452283569597,EEM,"ARIMA(1,0,1)"
2009-09-23,-0.0016551044760234745,EEM,"ARIMA(1,0,1)"
2009-09-24,0.0021368427378089215,EEM,"ARIMA(1,0,1)"
2009-09-25,0.004782896377203787,EEM,"ARIMA(1,0,1)"
2009-09-28,0.0017204008826673203,EEM,"ARIMA(1,0,1)"
2009-09-29,-0.0009554936756081918,EEM,"ARIMA(1,0,1)"
2009-09-30,0.0004592269989556687,EEM,"ARIMA(1,0,1)"
2009-10-01,-0.0006034785954312473,EEM,"ARIMA(1,0,1)"
2009-10-02,0.0043148157235204975,EEM,"ARIMA(1,0,1)"
2009-10-05,0.0041291290640051844,EEM,"ARIMA(1,0,1)"
2009-10-06,-0.00017454956092127273,EEM,"ARIMA(1,0,1)"
2009-10-07,-0.002288906574063208,EEM,"ARIMA(1,0,1)"
2009-10-08,-0.0003502705253273725,EEM,"ARIMA(1,0,1)"
2009-10-09,-0.0018134461538099832,EEM,"ARIMA(1,0,1)"
2009-10-12,-0.000523261432642808,EEM,"ARIMA(1,0,1)"
2009-10-13,-0.0012866354345607077,EEM,"ARIMA(1,0,1)"
2009-10-14,0.0007038358137270261,EEM,"ARIMA(1,0,1)"
2009-10-15,-0.004901467540252575,EEM,"ARIMA(1,0,1)"
2009-10-16,-0.0022716716083044904,EEM,"ARIMA(1,0,1)"
2009-10-19,0.0005283071235607653,EEM,"ARIMA(1,0,1)"
2009-10-20,-0.0016026750200603388,EEM,"ARIMA(1,0,1)"
2009-10-21,0.0008908525204237789,EEM,"ARIMA(1,0,1)"
2009-10-22,0.0027409601584404315,EEM,"ARIMA(1,0,1)"
2009-10-23,0.003036561192436427,EEM,"ARIMA(1,0,1)"
2009-10-26,0.00511301771734286,EEM,"ARIMA(1,0,1)"
2009-10-27,0.0066615868198515865,EEM,"ARIMA(1,0,1)"
2009-10-28,0.008062723070007641,EEM,"ARIMA(1,0,1)"
2009-10-29,0.015052799084198442,EEM,"ARIMA(1,0,1)"
2009-10-30,0.00047477183834933236,EEM,"ARIMA(1,0,1)"
2009-11-02,0.010546135543244104,EEM,"ARIMA(1,0,1)"
2009-11-03,0.0029419271099091586,EEM,"ARIMA(1,0,1)"
2009-11-04,0.0023514427680582923,EEM,"ARIMA(1,0,1)"
2009-11-05,-0.001087639473599831,EEM,"ARIMA(1,0,1)"
2009-11-06,-0.0026484187767076323,EEM,"ARIMA(1,0,1)"
2009-11-09,0.0005612822600924649,EEM,"ARIMA(1,0,1)"
2009-11-10,-0.004208907092914939,EEM,"ARIMA(1,0,1)"
2009-11-11,0.0011786072742191699,EEM,"ARIMA(1,0,1)"
2009-11-12,0.0011304432284530825,EEM,"ARIMA(1,0,1)"
2009-11-13,0.0034978493873589734,EEM,"ARIMA(1,0,1)"
2009-11-16,0.003610349595163698,EEM,"ARIMA(1,0,1)"
2009-11-17,0.0030325684180962666,EEM,"ARIMA(1,0,1)"
2009-11-18,0.0007914551026310178,EEM,"ARIMA(1,0,1)"
2009-11-19,0.0030499204490725142,EEM,"ARIMA(1,0,1)"
2009-11-20,0.00722133020864807,EEM,"ARIMA(1,0,1)"
2009-11-23,0.00461773893144999,EEM,"ARIMA(1,0,1)"
2009-11-24,0.00037703827292900893,EEM,"ARIMA(1,0,1)"
2009-11-25,0.003341748356866835,EEM,"ARIMA(1,0,1)"
2009-11-27,0.0011516310732332885,EEM,"ARIMA(1,0,1)"
2009-11-30,0.008819406137320547,EEM,"ARIMA(1,0,1)"
2009-12-01,0.0009338110083894301,EEM,"ARIMA(1,0,1)"
2009-12-02,-0.0007012606118174318,EEM,"ARIMA(1,0,1)"
2009-12-03,0.002804661239629114,EEM,"ARIMA(1,0,1)"
2009-12-04,0.004132043392481608,EEM,"ARIMA(1,0,1)"
2009-12-07,0.0015653644825074236,EEM,"ARIMA(1,0,1)"
2009-12-08,0.004626517197718975,EEM,"ARIMA(1,0,1)"
2009-12-09,0.005128973683232789,EEM,"ARIMA(1,0,1)"
2009-12-10,0.0013795282498326007,EEM,"ARIMA(1,0,1)"
2009-12-11,0.0016082931744722526,EEM,"ARIMA(1,0,1)"
2009-12-14,0.001980406655307243,EEM,"ARIMA(1,0,1)"
2009-12-15,0.001527162235321216,EEM,"ARIMA(1,0,1)"
2009-12-16,0.003803966691633154,EEM,"ARIMA(1,0,1)"
2009-12-17,0.0011623409999177272,EEM,"ARIMA(1,0,1)"
2009-12-18,0.005906256508335893,EEM,"ARIMA(1,0,1)"
2009-12-21,0.001357803132840897,EEM,"ARIMA(1,0,1)"
2009-12-22,0.0024051185552780422,EEM,"ARIMA(1,0,1)"
2009-12-23,0.0009995110430711476,EEM,"ARIMA(1,0,1)"
2009-12-24,0.0012953701142039598,EEM,"ARIMA(1,0,1)"
2009-12-28,0.0012842111467189577,EEM,"ARIMA(1,0,1)"
2009-12-29,0.002184459953202195,EEM,"ARIMA(1,0,1)"
2009-12-30,0.0029901805799686047,EEM,"ARIMA(1,0,1)"
2009-12-31,0.0017548711549831956,EEM,"ARIMA(1,0,1)"
2010-01-04,0.0018635725014561988,EEM,"ARIMA(1,0,1)"
2010-01-05,-0.0016336901525957994,EEM,"ARIMA(1,0,1)"
2010-01-06,0.0013991784323985302,EEM,"ARIMA(1,0,1)"
2010-01-07,0.0018896087401115416,EEM,"ARIMA(1,0,1)"
2010-01-08,0.0032419090046001647,EEM,"ARIMA(1,0,1)"
2010-01-11,0.001444759154395079,EEM,"ARIMA(1,0,1)"
2010-01-12,0.0028262948106701955,EEM,"ARIMA(1,0,1)"
2010-01-13,0.00540140497742218,EEM,"ARIMA(1,0,1)"
2010-01-14,0.0033091332465472094,EEM,"ARIMA(1,0,1)"
2010-01-15,0.0038272731958744945,EEM,"ARIMA(1,0,1)"
2010-01-19,0.005100469449546766,EEM,"ARIMA(1,0,1)"
2010-01-20,0.0008339120112859887,EEM,"ARIMA(1,0,1)"
2010-01-21,0.005765671998011296,EEM,"ARIMA(1,0,1)"
2010-01-22,0.007722360294922781,EEM,"ARIMA(1,0,1)"
2010-01-25,0.007425179421860741,EEM,"ARIMA(1,0,1)"
2010-01-26,0.005010455375109205,EEM,"ARIMA(1,0,1)"
2010-01-27,0.005337769861990551,EEM,"ARIMA(1,0,1)"
2010-01-28,0.003773743596940389,EEM,"ARIMA(1,0,1)"
2010-01-29,0.0033390888243713317,EEM,"ARIMA(1,0,1)"
2010-02-01,0.003866386329906426,EEM,"ARIMA(1,0,1)"
2010-02-02,0.00041674149621561893,EEM,"ARIMA(1,0,1)"
2010-02-03,0.0010339758379640123,EEM,"ARIMA(1,0,1)"
2010-02-04,0.002365002721251509,EEM,"ARIMA(1,0,1)"
2010-02-05,0.006998359947849576,EEM,"ARIMA(1,0,1)"
2010-02-08,0.004601769136709302,EEM,"ARIMA(1,0,1)"
2010-02-09,0.0026513451696600753,EEM,"ARIMA(1,0,1)"
2010-02-10,-0.0012029932169759087,EEM,"ARIMA(1,0,1)"
2010-02-11,0.002021339621566143,EEM,"ARIMA(1,0,1)"
2010-02-12,-0.00012040555643796306,EEM,"ARIMA(1,0,1)"
2010-02-16,0.0030575707883439785,EEM,"ARIMA(1,0,1)"
2010-02-17,-7.441273341931122e-05,EEM,"ARIMA(1,0,1)"
2010-02-18,0.001715951567156774,EEM,"ARIMA(1,0,1)"
2010-02-19,0.002036791006957522,EEM,"ARIMA(1,0,1)"
2010-02-22,0.0035446487098860675,EEM,"ARIMA(1,0,1)"
2010-02-23,0.003010204985726828,EEM,"ARIMA(1,0,1)"
2010-02-24,0.004948190046411725,EEM,"ARIMA(1,0,1)"
2010-02-25,0.0016032362803729099,EEM,"ARIMA(1,0,1)"
2010-02-26,0.0033436330289481715,EEM,"ARIMA(1,0,1)"
2010-03-01,0.001711853735114931,EEM,"ARIMA(1,0,1)"
2010-03-02,0.0012203933386421163,EEM,"ARIMA(1,0,1)"
2010-03-03,0.0015988131042531978,EEM,"ARIMA(1,0,1)"
2010-03-04,0.004592170646635745,EEM,"ARIMA(1,0,1)"
2010-03-05,0.0025703610269140523,EEM,"ARIMA(1,0,1)"
2010-03-08,0.0007774754842315469,EEM,"ARIMA(1,0,1)"
2010-03-09,0.004103096181795968,EEM,"ARIMA(1,0,1)"
2010-03-10,0.002526723362243809,EEM,"ARIMA(1,0,1)"
2010-03-11,0.0020914609850635523,EEM,"ARIMA(1,0,1)"
2010-03-12,0.0025584501354706424,EEM,"ARIMA(1,0,1)"
2010-03-15,0.0017776367215256352,EEM,"ARIMA(1,0,1)"
2010-03-16,0.0031725759075243347,EEM,"ARIMA(1,0,1)"
2010-03-17,0.0017677589415969917,EEM,"ARIMA(1,0,1)"
2010-03-18,0.0014997306163549015,EEM,"ARIMA(1,0,1)"
2010-03-19,0.0017386032421653724,EEM,"ARIMA(1,0,1)"
2010-03-22,0.0033692654318465062,EEM,"ARIMA(1,0,1)"
2010-03-23,0.00262497542718443,EEM,"ARIMA(1,0,1)"
2010-03-24,0.0017280183699111586,EEM,"ARIMA(1,0,1)"
2010-03-25,0.003198131680759643,EEM,"ARIMA(1,0,1)"
2010-03-26,0.001989012198624884,EEM,"ARIMA(1,0,1)"
2010-03-29,0.0017427512048774046,EEM,"ARIMA(1,0,1)"
2010-03-30,0.0012769845137629776,EEM,"ARIMA(1,0,1)"
2010-03-31,0.0021698528395158526,EEM,"ARIMA(1,0,1)"
2010-04-01,0.0021253326086341923,EEM,"ARIMA(1,0,1)"
2010-04-05,0.0010561357102470918,EEM,"ARIMA(1,0,1)"
2010-04-06,0.0014636364694691221,EEM,"ARIMA(1,0,1)"
2010-04-07,0.0018477353234989677,EEM,"ARIMA(1,0,1)"
2010-04-08,0.0026494827041701466,EEM,"ARIMA(1,0,1)"
2010-04-09,0.0019740098597447204,EEM,"ARIMA(1,0,1)"
2010-04-12,0.002244642225214599,EEM,"ARIMA(1,0,1)"
2010-04-13,0.0024984889532222374,EEM,"ARIMA(1,0,1)"
2010-04-14,0.0020761563460660105,EEM,"ARIMA(1,0,1)"
2010-04-15,0.0010346392062773823,EEM,"ARIMA(1,0,1)"
2010-04-16,0.0022986394682768005,EEM,"ARIMA(1,0,1)"
2010-04-19,0.003783085553297736,EEM,"ARIMA(1,0,1)"
2010-04-20,0.0021802929772077786,EEM,"ARIMA(1,0,1)"
2010-04-21,0.0016354546684868563,EEM,"ARIMA(1,0,1)"
2010-04-22,0.002118110972210556,EEM,"ARIMA(1,0,1)"
2010-04-23,0.0013078278878086303,EEM,"ARIMA(1,0,1)"
2010-04-26,0.002000521331072882,EEM,"ARIMA(1,0,1)"
2010-04-27,0.0017892134383681285,EEM,"ARIMA(1,0,1)"
2010-04-28,0.003832263956390433,EEM,"ARIMA(1,0,1)"
2010-04-29,-0.0008041007597008609,EEM,"ARIMA(1,0,1)"
2010-04-30,0.0007835356728188171,EEM,"ARIMA(1,0,1)"
2010-05-03,0.0024093451912966775,EEM,"ARIMA(1,0,1)"
2010-05-04,0.0012574335289056919,EEM,"ARIMA(1,0,1)"
2010-05-05,0.004561482885170238,EEM,"ARIMA(1,0,1)"
2010-05-06,0.002226411183621143,EEM,"ARIMA(1,0,1)"
2010-05-07,0.0025577730097186653,EEM,"ARIMA(1,0,1)"
2010-05-10,0.0008227036905990036,EEM,"ARIMA(1,0,1)"
2010-05-11,-0.00026469137436589815,EEM,"ARIMA(1,0,1)"
2010-05-12,0.0017181673221321988,EEM,"ARIMA(1,0,1)"
2010-05-13,0.000771520910448494,EEM,"ARIMA(1,0,1)"
2010-05-14,0.001542007990666287,EEM,"ARIMA(1,0,1)"
2010-05-17,0.0016419201795876514,EEM,"ARIMA(1,0,1)"
2010-05-18,0.0011161751143342255,EEM,"ARIMA(1,0,1)"
2010-05-19,0.0012789977206337636,EEM,"ARIMA(1,0,1)"
2010-05-20,0.000928390458466571,EEM,"ARIMA(1,0,1)"
2010-05-21,0.000523424382656059,EEM,"ARIMA(1,0,1)"
2010-05-24,-0.00015929232068892757,EEM,"ARIMA(1,0,1)"
2010-05-25,0.0010146063346305155,EEM,"ARIMA(1,0,1)"
2010-05-26,0.0009249855895616519,EEM,"ARIMA(1,0,1)"
2010-05-27,0.0006463843901010862,EEM,"ARIMA(1,0,1)"
2010-05-28,-0.0012000896345833992,EEM,"ARIMA(1,0,1)"
2010-06-01,0.0018364829545940344,EEM,"ARIMA(1,0,1)"
2010-06-02,-0.0005506360903914554,EEM,"ARIMA(1,0,1)"
2010-06-03,-0.0011448858308593802,EEM,"ARIMA(1,0,1)"
2010-06-04,0.001626076207548594,EEM,"ARIMA(1,0,1)"
2010-06-07,0.0022040729269094893,EEM,"ARIMA(1,0,1)"
2010-06-08,0.0009767203753143295,EEM,"ARIMA(1,0,1)"
2010-06-09,6.030606236462907e-06,EEM,"ARIMA(1,0,1)"
2010-06-10,0.0006153490758748589,EEM,"ARIMA(1,0,1)"
2010-06-11,-0.0014610442861470974,EEM,"ARIMA(1,0,1)"
2010-06-14,0.000921147470229756,EEM,"ARIMA(1,0,1)"
2010-06-15,0.0006324608211828999,EEM,"ARIMA(1,0,1)"
2010-06-16,-0.0009339119183196523,EEM,"ARIMA(1,0,1)"
2010-06-17,0.0011504625797556615,EEM,"ARIMA(1,0,1)"
2010-06-18,0.0013222173919571673,EEM,"ARIMA(1,0,1)"
2010-06-21,0.0007797217487445372,EEM,"ARIMA(1,0,1)"
2010-06-22,0.00011956597008453448,EEM,"ARIMA(1,0,1)"
2010-06-23,0.002489567446389985,EEM,"ARIMA(1,0,1)"
2010-06-24,0.0008751860858568418,EEM,"ARIMA(1,0,1)"
2010-06-25,0.0023489490672009648,EEM,"ARIMA(1,0,1)"
2010-06-28,-0.00010320233923778136,EEM,"ARIMA(1,0,1)"
2010-06-29,0.001498065139172521,EEM,"ARIMA(1,0,1)"
2010-06-30,0.003710964461832915,EEM,"ARIMA(1,0,1)"
2010-07-01,0.0010879632512253723,EEM,"ARIMA(1,0,1)"
2010-07-02,0.00038557209665642965,EEM,"ARIMA(1,0,1)"
2010-07-06,0.0004564899839008627,EEM,"ARIMA(1,0,1)"
2010-07-07,-0.00035093100045481963,EEM,"ARIMA(1,0,1)"
2010-07-08,-0.0003490039823063583,EEM,"ARIMA(1,0,1)"
2010-07-09,0.0006300120680824884,EEM,"ARIMA(1,0,1)"
2010-07-12,0.0004097997606959164,EEM,"ARIMA(1,0,1)"
2010-07-13,0.001499438254433886,EEM,"ARIMA(1,0,1)"
2010-07-14,0.00043063841798675914,EEM,"ARIMA(1,0,1)"
2010-07-15,0.0010684063136586182,EEM,"ARIMA(1,0,1)"
2010-07-16,0.001168434045404152,EEM,"ARIMA(1,0,1)"
2010-07-19,0.002884883688770858,EEM,"ARIMA(1,0,1)"
2010-07-20,0.000417042668843475,EEM,"ARIMA(1,0,1)"
2010-07-21,-0.0008078546657855449,EEM,"ARIMA(1,0,1)"
2010-07-22,0.0005774905112402075,EEM,"ARIMA(1,0,1)"
2010-07-23,-0.0013484564077064375,EEM,"ARIMA(1,0,1)"
2010-07-26,-0.0005897424528118526,EEM,"ARIMA(1,0,1)"
2010-07-27,-0.00010189667155486887,EEM,"ARIMA(1,0,1)"
2010-07-28,0.00060850661415386,EEM,"ARIMA(1,0,1)"
2010-07-29,0.0010293569754086084,EEM,"ARIMA(1,0,1)"
2010-07-30,0.0007975755182806313,EEM,"ARIMA(1,0,1)"
2010-08-02,0.00040140402860649104,EEM,"ARIMA(1,0,1)"
2010-08-03,-0.0009718766376692309,EEM,"ARIMA(1,0,1)"
2010-08-04,0.0002259401463449213,EEM,"ARIMA(1,0,1)"
2010-08-05,0.00045859007299735484,EEM,"ARIMA(1,0,1)"
2010-08-06,0.0009107027171171525,EEM,"ARIMA(1,0,1)"
2010-08-09,0.000902203795906088,EEM,"ARIMA(1,0,1)"
2010-08-10,0.00041624477336129294,EEM,"ARIMA(1,0,1)"
2010-08-11,0.00154144555232823,EEM,"ARIMA(1,0,1)"
2010-08-12,0.002668185875856117,EEM,"ARIMA(1,0,1)"
2010-08-13,0.000713328638930263,EEM,"ARIMA(1,0,1)"
2010-08-16,0.00022750241811334812,EEM,"ARIMA(1,0,1)"
2010-08-17,7.235263164387428e-05,EEM,"ARIMA(1,0,1)"
2010-08-18,0.00030013082265928717,EEM,"ARIMA(1,0,1)"
2010-08-19,0.0007939587038583696,EEM,"ARIMA(1,0,1)"
2010-08-20,0.0011476215327177043,EEM,"ARIMA(1,0,1)"
2010-08-23,0.000837239190561586,EEM,"ARIMA(1,0,1)"
2010-08-24,0.0010741479677279634,EEM,"ARIMA(1,0,1)"
2010-08-25,0.0012010472885644842,EEM,"ARIMA(1,0,1)"
2010-08-26,0.0007904985816010127,EEM,"ARIMA(1,0,1)"
2010-08-27,0.0007716042234075384,EEM,"ARIMA(1,0,1)"
2010-08-30,-0.0008467884493954973,EEM,"ARIMA(1,0,1)"
2010-08-31,0.0016019911107059519,EEM,"ARIMA(1,0,1)"
2010-09-01,1.3920458133412014e-05,EEM,"ARIMA(1,0,1)"
2010-09-02,-0.0017288797823771795,EEM,"ARIMA(1,0,1)"
2010-09-03,0.00035084125999867435,EEM,"ARIMA(1,0,1)"
2010-09-07,-0.0001948008370444577,EEM,"ARIMA(1,0,1)"
2010-09-08,0.0016612882405290007,EEM,"ARIMA(1,0,1)"
2010-09-09,-0.00017909034308677494,EEM,"ARIMA(1,0,1)"
2010-09-10,-6.994530419105415e-06,EEM,"ARIMA(1,0,1)"
2010-09-13,0.00016649610376744372,EEM,"ARIMA(1,0,1)"
2010-09-14,-0.00140258120055351,EEM,"ARIMA(1,0,1)"
2010-09-15,0.0005278239343842985,EEM,"ARIMA(1,0,1)"
2010-09-16,0.0004739512371009087,EEM,"ARIMA(1,0,1)"
2010-09-17,0.000891512252440932,EEM,"ARIMA(1,0,1)"
2010-09-20,0.000663422052627151,EEM,"ARIMA(1,0,1)"
2010-09-21,-0.0006618433221144269,EEM,"ARIMA(1,0,1)"
2010-09-22,0.0006892546410318427,EEM,"ARIMA(1,0,1)"
2010-09-23,0.0004703057351265197,EEM,"ARIMA(1,0,1)"
2010-09-24,0.0010895736589810333,EEM,"ARIMA(1,0,1)"
2010-09-27,-0.000843755443599583,EEM,"ARIMA(1,0,1)"
2010-09-28,0.0008000158324701632,EEM,"ARIMA(1,0,1)"
2010-09-29,5.229798973295247e-05,EEM,"ARIMA(1,0,1)"
2010-09-30,0.00038287996970700765,EEM,"ARIMA(1,0,1)"
2010-10-01,0.00020264378581242258,EEM,"ARIMA(1,0,1)"
2010-10-04,-0.00037197149823555765,EEM,"ARIMA(1,0,1)"
2010-10-05,0.0012539628106124673,EEM,"ARIMA(1,0,1)"
2010-10-06,-0.0008491990880894392,EEM,"ARIMA(1,0,1)"
2010-10-07,0.0010054775941401302,EEM,"ARIMA(1,0,1)"
2010-10-08,0.0014713059237591746,EEM,"ARIMA(1,0,1)"
2010-10-11,-0.00044691082598537777,EEM,"ARIMA(1,0,1)"
2010-10-12,0.0008153521257901158,EEM,"ARIMA(1,0,1)"
2010-10-13,0.0010110024437742812,EEM,"ARIMA(1,0,1)"
2010-10-14,-0.001010014476017536,EEM,"ARIMA(1,0,1)"
2010-10-15,0.0009416994461739744,EEM,"ARIMA(1,0,1)"
2010-10-18,0.0006703568190653481,EEM,"ARIMA(1,0,1)"
2010-10-19,0.0005946961729223287,EEM,"ARIMA(1,0,1)"
2010-10-20,0.0031842417693296867,EEM,"ARIMA(1,0,1)"
2010-10-21,-0.001308223085602002,EEM,"ARIMA(1,0,1)"
2010-10-22,0.0008803961274452355,EEM,"ARIMA(1,0,1)"
2010-10-25,0.00041384052982374733,EEM,"ARIMA(1,0,1)"
2010-10-26,-0.0003595542770649968,EEM,"ARIMA(1,0,1)"
2010-10-27,0.0008623409320659901,EEM,"ARIMA(1,0,1)"
2010-10-28,0.002565611752427722,EEM,"ARIMA(1,0,1)"
2010-10-29,0.0011602852033722058,EEM,"ARIMA(1,0,1)"
2010-11-01,0.0007942738152115832,EEM,"ARIMA(1,0,1)"
2010-11-02,0.0004332379523113198,EEM,"ARIMA(1,0,1)"
2010-11-03,-7.7268313180048e-05,EEM,"ARIMA(1,0,1)"
2010-11-04,4.000437086015623e-05,EEM,"ARIMA(1,0,1)"
2010-11-05,-0.0010308184910371443,EEM,"ARIMA(1,0,1)"
2010-11-08,-0.00044345167148904935,EEM,"ARIMA(1,0,1)"
2010-11-09,-0.0003730198322564386,EEM,"ARIMA(1,0,1)"
2010-11-10,0.0006808592395692915,EEM,"ARIMA(1,0,1)"
2010-11-11,0.00046287919460884154,EEM,"ARIMA(1,0,1)"
2010-11-12,0.0010241308590712643,EEM,"ARIMA(1,0,1)"
2010-11-15,0.0024284869505426412,EEM,"ARIMA(1,0,1)"
2010-11-16,0.0014641772945661173,EEM,"ARIMA(1,0,1)"
2010-11-17,0.0020829073029245393,EEM,"ARIMA(1,0,1)"
2010-11-18,0.0009717750287295566,EEM,"ARIMA(1,0,1)"
2010-11-19,-0.00048417212667503954,EEM,"ARIMA(1,0,1)"
2010-11-22,0.0001223893255759349,EEM,"ARIMA(1,0,1)"
2010-11-23,0.0005438101270882077,EEM,"ARIMA(1,0,1)"
2010-11-24,-0.00039482440478734107,EEM,"ARIMA(1,0,1)"
2010-11-26,0.0002688910826635608,EEM,"ARIMA(1,0,1)"
2010-11-29,0.001423812767108403,EEM,"ARIMA(1,0,1)"
2010-11-30,0.00035430587848154084,EEM,"ARIMA(1,0,1)"
2010-12-01,0.0009028546527897412,EEM,"ARIMA(1,0,1)"
2010-12-02,-0.0011137362820747617,EEM,"ARIMA(1,0,1)"
2010-12-03,-0.0004203391399785195,EEM,"ARIMA(1,0,1)"
2010-12-06,0.00046010137093385533,EEM,"ARIMA(1,0,1)"
2010-12-07,0.000630943876393028,EEM,"ARIMA(1,0,1)"
2010-12-08,0.0007700606757696561,EEM,"ARIMA(1,0,1)"
2010-12-09,0.0008793651669877492,EEM,"ARIMA(1,0,1)"
2010-12-10,0.0006945515772154615,EEM,"ARIMA(1,0,1)"
2010-12-13,0.00034823108347389485,EEM,"ARIMA(1,0,1)"
2010-12-14,0.00032126184282706247,EEM,"ARIMA(1,0,1)"
2010-12-15,0.0004961703906598926,EEM,"ARIMA(1,0,1)"
2010-12-16,0.0012030757076770442,EEM,"ARIMA(1,0,1)"
2010-12-17,0.0005048874506738284,EEM,"ARIMA(1,0,1)"
2010-12-20,0.0005868684928411936,EEM,"ARIMA(1,0,1)"
2010-12-21,0.0008070264797844039,EEM,"ARIMA(1,0,1)"
2010-12-22,5.769227710624781e-05,EEM,"ARIMA(1,0,1)"
2010-12-23,0.00037784765043789533,EEM,"ARIMA(1,0,1)"
2010-12-27,0.0006084618543821781,EEM,"ARIMA(1,0,1)"
2010-12-28,0.000704623487292443,EEM,"ARIMA(1,0,1)"
2010-12-29,0.0005441820752472198,EEM,"ARIMA(1,0,1)"
2010-12-30,2.8655231620540174e-05,EEM,"ARIMA(1,0,1)"
2010-12-31,0.0002004933661847037,EEM,"ARIMA(1,0,1)"
2011-01-03,0.00019731226247693824,EEM,"ARIMA(1,0,1)"
2011-01-04,1.0750531425273487e-05,EEM,"ARIMA(1,0,1)"
2011-01-05,0.0002257994346567244,EEM,"ARIMA(1,0,1)"
2011-01-06,0.0005702693400166943,EEM,"ARIMA(1,0,1)"
2011-01-07,0.0010119599788840981,EEM,"ARIMA(1,0,1)"
2011-01-10,0.0009403352600070095,EEM,"ARIMA(1,0,1)"
2011-01-11,0.0009147062666957642,EEM,"ARIMA(1,0,1)"
2011-01-12,0.00015916443394362192,EEM,"ARIMA(1,0,1)"
2011-01-13,-0.000250561093359333,EEM,"ARIMA(1,0,1)"
2011-01-14,0.00036551474836310916,EEM,"ARIMA(1,0,1)"
2011-01-18,0.0004808544049580191,EEM,"ARIMA(1,0,1)"
2011-01-19,0.0005583574158767545,EEM,"ARIMA(1,0,1)"
2011-01-20,0.0010720083068997096,EEM,"ARIMA(1,0,1)"
2011-01-21,0.0017748948122760946,EEM,"ARIMA(1,0,1)"
2011-01-24,0.0025991890553859276,EEM,"ARIMA(1,0,1)"
2011-01-25,0.0011523420982070113,EEM,"ARIMA(1,0,1)"
2011-01-26,0.0015899826807636735,EEM,"ARIMA(1,0,1)"
2011-01-27,0.0005898072775116406,EEM,"ARIMA(1,0,1)"
2011-01-28,0.0009368284063854624,EEM,"ARIMA(1,0,1)"
2011-01-31,0.003137205557460538,EEM,"ARIMA(1,0,1)"
2011-02-01,0.0006177439941063023,EEM,"ARIMA(1,0,1)"
2011-02-02,-0.0006718145111230691,EEM,"ARIMA(1,0,1)"
2011-02-03,0.0006000532506712918,EEM,"ARIMA(1,0,1)"
2011-02-04,0.0010865098924373131,EEM,"ARIMA(1,0,1)"
2011-02-07,0.00108173603883451,EEM,"ARIMA(1,0,1)"
2011-02-08,0.0010200746003091303,EEM,"ARIMA(1,0,1)"
2011-02-09,0.001123251712687937,EEM,"ARIMA(1,0,1)"
2011-02-10,0.002789353502644339,EEM,"ARIMA(1,0,1)"
2011-02-11,0.001939853971532123,EEM,"ARIMA(1,0,1)"
2011-02-14,0.00039904366711251233,EEM,"ARIMA(1,0,1)"
2011-02-15,0.0008290037439820983,EEM,"ARIMA(1,0,1)"
2011-02-16,0.000589284812102976,EEM,"ARIMA(1,0,1)"
2011-02-17,8.634222501400504e-05,EEM,"ARIMA(1,0,1)"
2011-02-18,0.00034530510512118353,EEM,"ARIMA(1,0,1)"
2011-02-22,0.00027612725484446403,EEM,"ARIMA(1,0,1)"
2011-02-23,0.002666727752340849,EEM,"ARIMA(1,0,1)"
2011-02-24,0.0011125556105190612,EEM,"ARIMA(1,0,1)"
2011-02-25,0.0006912481065235127,EEM,"ARIMA(1,0,1)"
2011-02-28,3.597020840465299e-05,EEM,"ARIMA(1,0,1)"
2011-03-01,-2.1358077380620108e-05,EEM,"ARIMA(1,0,1)"
2011-03-02,0.001132167207225978,EEM,"ARIMA(1,0,1)"
2011-03-03,-0.00022730719849455873,EEM,"ARIMA(1,0,1)"
2011-03-04,-0.0012646585800681555,EEM,"ARIMA(1,0,1)"
2011-03-07,0.00017716133470388424,EEM,"ARIMA(1,0,1)"
2011-03-08,0.001189902818228535,EEM,"ARIMA(1,0,1)"
2011-03-09,-0.0006223927371602366,EEM,"ARIMA(1,0,1)"
2011-03-10,-0.0005231688132539693,EEM,"ARIMA(1,0,1)"
2011-03-11,0.0020884661696685455,EEM,"ARIMA(1,0,1)"
2011-03-14,0.0010213244108248907,EEM,"ARIMA(1,0,1)"
2011-03-15,0.000505513258467917,EEM,"ARIMA(1,0,1)"
2011-03-16,0.00186003284192574,EEM,"ARIMA(1,0,1)"
2011-03-17,0.001648699050292088,EEM,"ARIMA(1,0,1)"
2011-03-18,-9.514742074479243e-05,EEM,"ARIMA(1,0,1)"
2011-03-21,0.00026244158109431235,EEM,"ARIMA(1,0,1)"
2011-03-22,-0.0002785477633548731,EEM,"ARIMA(1,0,1)"
2011-03-23,-0.0003412124949319788,EEM,"ARIMA(1,0,1)"
2011-03-24,-0.0010591860646025127,EEM,"ARIMA(1,0,1)"
2011-03-25,-0.001507235754664792,EEM,"ARIMA(1,0,1)"
2011-03-28,0.0005603672918135594,EEM,"ARIMA(1,0,1)"
2011-03-29,0.0008949149003214549,EEM,"ARIMA(1,0,1)"
2011-03-30,-0.0011906031070289531,EEM,"ARIMA(1,0,1)"
2011-03-31,-0.0005853861839337412,EEM,"ARIMA(1,0,1)"
2011-04-01,-0.00202167519718594,EEM,"ARIMA(1,0,1)"
2011-04-04,-0.0007308455635148293,EEM,"ARIMA(1,0,1)"
2011-04-05,-1.4749359247484832e-05,EEM,"ARIMA(1,0,1)"
2011-04-06,0.0006316801083657191,EEM,"ARIMA(1,0,1)"
2011-04-07,0.00035184886610447176,EEM,"ARIMA(1,0,1)"
2011-04-08,0.0006323315827129791,EEM,"ARIMA(1,0,1)"
2011-04-11,0.0006049624472522241,EEM,"ARIMA(1,0,1)"
2011-04-12,0.0012800109757946589,EEM,"ARIMA(1,0,1)"
2011-04-13,0.0016550953078702003,EEM,"ARIMA(1,0,1)"
2011-04-14,0.0002379690236651124,EEM,"ARIMA(1,0,1)"
2011-04-15,0.0007384061341267588,EEM,"ARIMA(1,0,1)"
2011-04-18,0.0005795122382028529,EEM,"ARIMA(1,0,1)"
2011-04-19,0.0022764862481150974,EEM,"ARIMA(1,0,1)"
2011-04-20,0.00015098342116383996,EEM,"ARIMA(1,0,1)"
2011-04-21,-0.0007501161626725187,EEM,"ARIMA(1,0,1)"
2011-04-25,-0.0008429589910121138,EEM,"ARIMA(1,0,1)"
2011-04-26,0.0010737287580927942,EEM,"ARIMA(1,0,1)"
2011-04-27,0.00047519334842540393,EEM,"ARIMA(1,0,1)"
2011-04-28,0.00016551933771618492,EEM,"ARIMA(1,0,1)"
2011-04-29,0.001242422550456616,EEM,"ARIMA(1,0,1)"
2011-05-02,0.0005039046214571144,EEM,"ARIMA(1,0,1)"
2011-05-03,0.0006712137438602679,EEM,"ARIMA(1,0,1)"
2011-05-04,0.0030259342126737272,EEM,"ARIMA(1,0,1)"
2011-05-05,0.0016595769086775237,EEM,"ARIMA(1,0,1)"
2011-05-06,0.0019267386793575625,EEM,"ARIMA(1,0,1)"
2011-05-09,0.00021754406506156135,EEM,"ARIMA(1,0,1)"
2011-05-10,0.0007111069201144454,EEM,"ARIMA(1,0,1)"
2011-05-11,0.00028156804314480137,EEM,"ARIMA(1,0,1)"
2011-05-12,0.003274827470734199,EEM,"ARIMA(1,0,1)"
2011-05-13,0.0009008222125161347,EEM,"ARIMA(1,0,1)"
2011-05-16,0.0024620409073649323,EEM,"ARIMA(1,0,1)"
2011-05-17,0.0020984626980173862,EEM,"ARIMA(1,0,1)"
2011-05-18,0.004653279192674853,EEM,"ARIMA(1,0,1)"
2011-05-19,0.0033692253045141595,EEM,"ARIMA(1,0,1)"
2011-05-20,0.0013694741658879703,EEM,"ARIMA(1,0,1)"
2011-05-23,0.003937094117302633,EEM,"ARIMA(1,0,1)"
2011-05-24,0.0018789994268935697,EEM,"ARIMA(1,0,1)"
2011-05-25,0.004005621763402691,EEM,"ARIMA(1,0,1)"
2011-05-26,0.0036834860660005025,EEM,"ARIMA(1,0,1)"
2011-05-27,0.002891273921857955,EEM,"ARIMA(1,0,1)"
2011-05-31,0.002295550598240788,EEM,"ARIMA(1,0,1)"
2011-06-01,0.0014666314319114683,EEM,"ARIMA(1,0,1)"
2011-06-02,0.0008810617674230578,EEM,"ARIMA(1,0,1)"
2011-06-03,0.001922477894121105,EEM,"ARIMA(1,0,1)"
2011-06-06,0.0010510867802728154,EEM,"ARIMA(1,0,1)"
2011-06-07,0.0010530686064716191,EEM,"ARIMA(1,0,1)"
2011-06-08,0.0013215222789932366,EEM,"ARIMA(1,0,1)"
2011-06-09,0.0013296975710239932,EEM,"ARIMA(1,0,1)"
2011-06-10,0.0006721702885649063,EEM,"ARIMA(1,0,1)"
2011-06-13,0.0015529388191388115,EEM,"ARIMA(1,0,1)"
2011-06-14,0.0008570261916553463,EEM,"ARIMA(1,0,1)"
2011-06-15,0.0002317752421429728,EEM,"ARIMA(1,0,1)"
2011-06-16,0.0030372466649125408,EEM,"ARIMA(1,0,1)"
2011-06-17,0.0028960508452740502,EEM,"ARIMA(1,0,1)"
2011-06-20,0.0005756202785981811,EEM,"ARIMA(1,0,1)"
2011-06-21,0.0005100070865276712,EEM,"ARIMA(1,0,1)"
2011-06-22,0.0007676688018596915,EEM,"ARIMA(1,0,1)"
2011-06-23,0.0015779050851735667,EEM,"ARIMA(1,0,1)"
2011-06-24,0.003150317010193362,EEM,"ARIMA(1,0,1)"
2011-06-27,0.0006988489746429683,EEM,"ARIMA(1,0,1)"
2011-06-28,0.001159216615336462,EEM,"ARIMA(1,0,1)"
2011-06-29,0.002135161387964709,EEM,"ARIMA(1,0,1)"
2011-06-30,0.0006821600616937158,EEM,"ARIMA(1,0,1)"
2011-07-01,0.001008532725358799,EEM,"ARIMA(1,0,1)"
2011-07-05,-0.00046511868299985203,EEM,"ARIMA(1,0,1)"
2011-07-06,0.0014044242527037456,EEM,"ARIMA(1,0,1)"
2011-07-07,8.523348002600244e-05,EEM,"ARIMA(1,0,1)"
2011-07-08,-0.0005401200921632961,EEM,"ARIMA(1,0,1)"
2011-07-11,0.0002654125739126414,EEM,"ARIMA(1,0,1)"
2011-07-12,0.0015554737646287164,EEM,"ARIMA(1,0,1)"
2011-07-13,0.0016027265627298394,EEM,"ARIMA(1,0,1)"
2011-07-14,0.0009733973616345618,EEM,"ARIMA(1,0,1)"
2011-07-15,0.0018565406827369673,EEM,"ARIMA(1,0,1)"
2011-07-18,0.0010895814976787201,EEM,"ARIMA(1,0,1)"
2011-07-19,0.0012656686398512087,EEM,"ARIMA(1,0,1)"
2011-07-20,9.433030413759879e-05,EEM,"ARIMA(1,0,1)"
2011-07-21,0.0006439654124815884,EEM,"ARIMA(1,0,1)"
2011-07-22,8.734026262908546e-05,EEM,"ARIMA(1,0,1)"
2011-07-25,0.0006875307748125201,EEM,"ARIMA(1,0,1)"
2011-07-26,0.0007229902222177559,EEM,"ARIMA(1,0,1)"
2011-07-27,0.0005277661358649711,EEM,"ARIMA(1,0,1)"
2011-07-28,0.0013429767545228297,EEM,"ARIMA(1,0,1)"
2011-07-29,0.0020879254796338257,EEM,"ARIMA(1,0,1)"
2011-08-01,0.0004108073340829876,EEM,"ARIMA(1,0,1)"
2011-08-02,0.0018465108186089506,EEM,"ARIMA(1,0,1)"
2011-08-03,0.0027340561992456386,EEM,"ARIMA(1,0,1)"
2011-08-04,0.0005101938905798687,EEM,"ARIMA(1,0,1)"
2011-08-05,0.0018307639087931933,EEM,"ARIMA(1,0,1)"
2011-08-08,0.00011686441008869161,EEM,"ARIMA(1,0,1)"
2011-08-09,0.002503479388837705,EEM,"ARIMA(1,0,1)"
2011-08-10,-0.01782152151532705,EEM,"ARIMA(1,0,1)"
2011-08-11,0.025237009490470086,EEM,"ARIMA(1,0,1)"
2011-08-12,-0.0315074992320663,EEM,"ARIMA(1,0,1)"
2011-08-15,0.018084957720847412,EEM,"ARIMA(1,0,1)"
2011-08-16,-0.01666433358282038,EEM,"ARIMA(1,0,1)"
2011-08-17,0.012162486895215263,EEM,"ARIMA(1,0,1)"
2011-08-18,-0.01174743956902316,EEM,"ARIMA(1,0,1)"
2011-08-19,0.018817477658487482,EEM,"ARIMA(1,0,1)"
2011-08-22,-0.012640910652790821,EEM,"ARIMA(1,0,1)"
2011-08-23,0.0057586611393437405,EEM,"ARIMA(1,0,1)"
2011-08-24,-0.010194042054475728,EEM,"ARIMA(1,0,1)"
2011-08-25,0.01774477806865663,EEM,"ARIMA(1,0,1)"
2011-08-26,-0.0027523982308655303,EEM,"ARIMA(1,0,1)"
2011-08-29,-0.0009087912738929302,EEM,"ARIMA(1,0,1)"
2011-08-30,-0.004539810336402673,EEM,"ARIMA(1,0,1)"
2011-08-31,0.0034932862745934348,EEM,"ARIMA(1,0,1)"
2011-09-01,-0.005488630664748428,EEM,"ARIMA(1,0,1)"
2011-09-02,0.005121012475690771,EEM,"ARIMA(1,0,1)"
2011-09-06,5.094009585298872e-05,EEM,"ARIMA(1,0,1)"
2011-09-07,0.004427854365563948,EEM,"ARIMA(1,0,1)"
2011-09-08,-0.005431420738498401,EEM,"ARIMA(1,0,1)"
2011-09-09,0.0075093365890597525,EEM,"ARIMA(1,0,1)"
2011-09-12,-0.001975628944073448,EEM,"ARIMA(1,0,1)"
2011-09-13,0.001052393161843397,EEM,"ARIMA(1,0,1)"
2011-09-14,-0.0009836508250689862,EEM,"ARIMA(1,0,1)"
2011-09-15,0.0006479457872915261,EEM,"ARIMA(1,0,1)"
2011-09-16,-0.0029099991895597957,EEM,"ARIMA(1,0,1)"
2011-09-19,0.0019085591705937615,EEM,"ARIMA(1,0,1)"
2011-09-20,0.002393442316135146,EEM,"ARIMA(1,0,1)"
2011-09-21,-0.0007085556604149172,EEM,"ARIMA(1,0,1)"
2011-09-22,0.00552955255957483,EEM,"ARIMA(1,0,1)"
2011-09-23,0.0036396154214346403,EEM,"ARIMA(1,0,1)"
2011-09-26,-0.00863630070421077,EEM,"ARIMA(1,0,1)"
2011-09-27,0.0026146789484823105,EEM,"ARIMA(1,0,1)"
2011-09-28,-0.006936235361902928,EEM,"ARIMA(1,0,1)"
2011-09-29,0.008008596899161564,EEM,"ARIMA(1,0,1)"
2011-09-30,-0.009362407822925143,EEM,"ARIMA(1,0,1)"
2011-10-03,0.012895373639150528,EEM,"ARIMA(1,0,1)"
2011-10-04,-0.008527103359634643,EEM,"ARIMA(1,0,1)"
2011-10-05,0.0026605022112423183,EEM,"ARIMA(1,0,1)"
2011-10-06,-0.0068433611933455705,EEM,"ARIMA(1,0,1)"
2011-10-07,-0.000311957671684252,EEM,"ARIMA(1,0,1)"
2011-10-10,0.00027556063713395096,EEM,"ARIMA(1,0,1)"
2011-10-11,-0.007737061967734702,EEM,"ARIMA(1,0,1)"
2011-10-12,0.004191417688591111,EEM,"ARIMA(1,0,1)"
2011-10-13,-0.008153469691116029,EEM,"ARIMA(1,0,1)"
2011-10-14,0.006001642114165818,EEM,"ARIMA(1,0,1)"
2011-10-17,-0.008391078027944702,EEM,"ARIMA(1,0,1)"
2011-10-18,0.010028251404928652,EEM,"ARIMA(1,0,1)"
2011-10-19,-0.012397133971609926,EEM,"ARIMA(1,0,1)"
2011-10-20,0.010941661883605873,EEM,"ARIMA(1,0,1)"
2011-10-21,-0.006154644016990842,EEM,"ARIMA(1,0,1)"
2011-10-24,-0.0011156128167298493,EEM,"ARIMA(1,0,1)"
2011-10-25,-0.005825918925128095,EEM,"ARIMA(1,0,1)"
2011-10-26,0.006060229875154133,EEM,"ARIMA(1,0,1)"
2011-10-27,-0.007975375563511671,EEM,"ARIMA(1,0,1)"
2011-10-28,-0.002496648786379509,EEM,"ARIMA(1,0,1)"
2011-10-31,0.002542497953847038,EEM,"ARIMA(1,0,1)"
2011-11-01,0.0022543056284376997,EEM,"ARIMA(1,0,1)"
2011-11-02,0.0001976782366240723,EEM,"ARIMA(1,0,1)"
2011-11-03,-0.004933572928537083,EEM,"ARIMA(1,0,1)"
2011-11-04,0.0013780342818855381,EEM,"ARIMA(1,0,1)"
2011-11-07,-0.0013317946723643212,EEM,"ARIMA(1,0,1)"
2011-11-08,-0.00101991907733577,EEM,"ARIMA(1,0,1)"
2011-11-09,-0.001491365843493372,EEM,"ARIMA(1,0,1)"
2011-11-10,0.0072642228650893195,EEM,"ARIMA(1,0,1)"
2011-11-11,-0.007536680235866814,EEM,"ARIMA(1,0,1)"
2011-11-14,0.0017405897928336233,EEM,"ARIMA(1,0,1)"
2011-11-15,-0.0006088819332758983,EEM,"ARIMA(1,0,1)"
2011-11-16,-0.0009853017421367339,EEM,"ARIMA(1,0,1)"
2011-11-17,0.002196872520433325,EEM,"ARIMA(1,0,1)"
2011-11-18,-0.0004997723716298796,EEM,"ARIMA(1,0,1)"
2011-11-21,-0.0015780436916708466,EEM,"ARIMA(1,0,1)"
2011-11-22,0.0034447157007187054,EEM,"ARIMA(1,0,1)"
2011-11-23,-0.004219763787401138,EEM,"ARIMA(1,0,1)"
2011-11-25,3.862987059132059e-05,EEM,"ARIMA(1,0,1)"
2011-11-28,-0.00521169105785929,EEM,"ARIMA(1,0,1)"
2011-11-29,-0.0006631824352119601,EEM,"ARIMA(1,0,1)"
2011-11-30,0.001000900246752038,EEM,"ARIMA(1,0,1)"
2011-12-01,-0.008770063015994757,EEM,"ARIMA(1,0,1)"
2011-12-02,0.005785998924535371,EEM,"ARIMA(1,0,1)"
2011-12-05,-0.0050525704259951525,EEM,"ARIMA(1,0,1)"
2011-12-06,0.000968449395802085,EEM,"ARIMA(1,0,1)"
2011-12-07,-0.0002821322883010571,EEM,"ARIMA(1,0,1)"
2011-12-08,-0.001243472935133453,EEM,"ARIMA(1,0,1)"
2011-12-09,0.0028400273851244186,EEM,"ARIMA(1,0,1)"
2011-12-12,-0.006175049936671484,EEM,"ARIMA(1,0,1)"
2011-12-13,0.008250609160393878,EEM,"ARIMA(1,0,1)"
2011-12-14,-0.007410300389010778,EEM,"ARIMA(1,0,1)"
2011-12-15,0.004642597746246315,EEM,"ARIMA(1,0,1)"
2011-12-16,-0.00797188106566439,EEM,"ARIMA(1,0,1)"
2011-12-19,0.004826837606455601,EEM,"ARIMA(1,0,1)"
2011-12-20,-0.0021928937780161637,EEM,"ARIMA(1,0,1)"
2011-12-21,-0.007288294938873643,EEM,"ARIMA(1,0,1)"
2011-12-22,0.0014658826281344873,EEM,"ARIMA(1,0,1)"
2011-12-23,-0.004774926353115908,EEM,"ARIMA(1,0,1)"
2011-12-27,0.001770641188495316,EEM,"ARIMA(1,0,1)"
2011-12-28,-0.0012823813828032227,EEM,"ARIMA(1,0,1)"
2011-12-29,0.0013428030481853954,EEM,"ARIMA(1,0,1)"
2011-12-30,-0.003961541424287344,EEM,"ARIMA(1,0,1)"
2012-01-03,0.0011439312922724527,EEM,"ARIMA(1,0,1)"
2012-01-04,-0.005967893831310828,EEM,"ARIMA(1,0,1)"
2012-01-05,0.0034331567728593257,EEM,"ARIMA(1,0,1)"
2012-01-06,-0.0032633463337055565,EEM,"ARIMA(1,0,1)"
2012-01-09,0.0024049503482883147,EEM,"ARIMA(1,0,1)"
2012-01-10,-0.00435830633766504,EEM,"ARIMA(1,0,1)"
2012-01-11,0.0011616896348729416,EEM,"ARIMA(1,0,1)"
2012-01-12,-0.0023241884481951095,EEM,"ARIMA(1,0,1)"
2012-01-13,0.0002745145060400005,EEM,"ARIMA(1,0,1)"
2012-01-17,-0.000637183064352928,EEM,"ARIMA(1,0,1)"
2012-01-18,-0.004118133624496762,EEM,"ARIMA(1,0,1)"
2012-01-19,-0.0015393959406799344,EEM,"ARIMA(1,0,1)"
2012-01-20,-0.00047155998585788223,EEM,"ARIMA(1,0,1)"
2012-01-23,1.9542600250673327e-05,EEM,"ARIMA(1,0,1)"
2012-01-24,-0.0018751851794732372,EEM,"ARIMA(1,0,1)"
2012-01-25,0.0004326828453206295,EEM,"ARIMA(1,0,1)"
2012-01-26,-0.002128349886874349,EEM,"ARIMA(1,0,1)"
2012-01-27,0.0016297805559096277,EEM,"ARIMA(1,0,1)"
2012-01-30,-0.002275613876067211,EEM,"ARIMA(1,0,1)"
2012-01-31,0.0033015260618236694,EEM,"ARIMA(1,0,1)"
2012-02-01,-0.00359716662674385,EEM,"ARIMA(1,0,1)"
2012-02-02,0.001012365048635282,EEM,"ARIMA(1,0,1)"
2012-02-03,-0.0002838621191074535,EEM,"ARIMA(1,0,1)"
2012-02-06,-0.0022060164375759177,EEM,"ARIMA(1,0,1)"
2012-02-07,0.0017919563690421529,EEM,"ARIMA(1,0,1)"
2012-02-08,-0.001989465810339052,EEM,"ARIMA(1,0,1)"
2012-02-09,0.0003034012796962361,EEM,"ARIMA(1,0,1)"
2012-02-10,-0.0004701544423405972,EEM,"ARIMA(1,0,1)"
2012-02-13,0.002863291656228357,EEM,"ARIMA(1,0,1)"
2012-02-14,-0.004397321313388496,EEM,"ARIMA(1,0,1)"
2012-02-15,0.0038015216928947906,EEM,"ARIMA(1,0,1)"
2012-02-16,-0.004521829843409778,EEM,"ARIMA(1,0,1)"
2012-02-17,0.002362840378541947,EEM,"ARIMA(1,0,1)"
2012-02-21,-0.002521192746502668,EEM,"ARIMA(1,0,1)"
2012-02-22,0.002446934780369884,EEM,"ARIMA(1,0,1)"
2012-02-23,-0.002232021038254556,EEM,"ARIMA(1,0,1)"
2012-02-24,0.0020572396410633836,EEM,"ARIMA(1,0,1)"
2012-02-27,-0.002918769085939406,EEM,"ARIMA(1,0,1)"
2012-02-28,0.003487168356916597,EEM,"ARIMA(1,0,1)"
2012-02-29,-0.005015002321789083,EEM,"ARIMA(1,0,1)"
2012-03-01,0.0025368478792968884,EEM,"ARIMA(1,0,1)"
2012-03-02,-0.004643056900557799,EEM,"ARIMA(1,0,1)"
2012-03-05,0.002255695273255413,EEM,"ARIMA(1,0,1)"
2012-03-06,-0.0020200958100706733,EEM,"ARIMA(1,0,1)"
2012-03-07,0.0036502582332808707,EEM,"ARIMA(1,0,1)"
2012-03-08,-0.004650395136985771,EEM,"ARIMA(1,0,1)"
2012-03-09,0.0001666903021915598,EEM,"ARIMA(1,0,1)"
2012-03-12,-0.0002807324150840951,EEM,"ARIMA(1,0,1)"
2012-03-13,0.0013333499429852807,EEM,"ARIMA(1,0,1)"
2012-03-14,-0.0045581244308908215,EEM,"ARIMA(1,0,1)"
2012-03-15,0.00520275619403463,EEM,"ARIMA(1,0,1)"
2012-03-16,-0.007559915050481523,EEM,"ARIMA(1,0,1)"
2012-03-19,0.0037087751821230255,EEM,"ARIMA(1,0,1)"
2012-03-20,-0.005293523793518028,EEM,"ARIMA(1,0,1)"
2012-03-21,0.003651824039829396,EEM,"ARIMA(1,0,1)"
2012-03-22,-0.0032651856800974886,EEM,"ARIMA(1,0,1)"
2012-03-23,0.003597554307299298,EEM,"ARIMA(1,0,1)"
2012-03-26,-0.00434977767627366,EEM,"ARIMA(1,0,1)"
2012-03-27,0.0008208367916637188,EEM,"ARIMA(1,0,1)"
2012-03-28,-0.0034160529184188776,EEM,"ARIMA(1,0,1)"
2012-03-29,0.004476542112369809,EEM,"ARIMA(1,0,1)"
2012-03-30,-0.004672596070268452,EEM,"ARIMA(1,0,1)"
2012-04-02,0.00224177108677786,EEM,"ARIMA(1,0,1)"
2012-04-03,-0.0021481945954266086,EEM,"ARIMA(1,0,1)"
2012-04-04,0.0014460321943774472,EEM,"ARIMA(1,0,1)"
2012-04-05,0.00041016944372081524,EEM,"ARIMA(1,0,1)"
2012-04-09,-0.001998316458967201,EEM,"ARIMA(1,0,1)"
2012-04-10,0.0022615134787160067,EEM,"ARIMA(1,0,1)"
2012-04-11,0.0005841425392949304,EEM,"ARIMA(1,0,1)"
2012-04-12,-0.0028868447056855113,EEM,"ARIMA(1,0,1)"
2012-04-13,-0.0011431989813188203,EEM,"ARIMA(1,0,1)"
2012-04-16,0.002803059061548657,EEM,"ARIMA(1,0,1)"
2012-04-17,-0.002418050140600841,EEM,"ARIMA(1,0,1)"
2012-04-18,-0.00041060041607566785,EEM,"ARIMA(1,0,1)"
2012-04-19,0.00031220917942987426,EEM,"ARIMA(1,0,1)"
2012-04-20,-0.0002593475317207042,EEM,"ARIMA(1,0,1)"
2012-04-23,-0.0016768443451471435,EEM,"ARIMA(1,0,1)"
2012-04-24,0.002410504115455161,EEM,"ARIMA(1,0,1)"
2012-04-25,-0.003672545777035698,EEM,"ARIMA(1,0,1)"
2012-04-26,-0.0001648756393446447,EEM,"ARIMA(1,0,1)"
2012-04-27,-0.0025319061280678896,EEM,"ARIMA(1,0,1)"
2012-04-30,2.042596960942912e-05,EEM,"ARIMA(1,0,1)"
2012-05-01,-0.001585402085854469,EEM,"ARIMA(1,0,1)"
2012-05-02,-0.001347707441152916,EEM,"ARIMA(1,0,1)"
2012-05-03,-8.534989789870772e-05,EEM,"ARIMA(1,0,1)"
2012-05-04,7.42470926927486e-05,EEM,"ARIMA(1,0,1)"
2012-05-07,0.0012432714320159154,EEM,"ARIMA(1,0,1)"
2012-05-08,-0.00241841988681049,EEM,"ARIMA(1,0,1)"
2012-05-09,0.0028630879225751554,EEM,"ARIMA(1,0,1)"
2012-05-10,-0.0013582943633466255,EEM,"ARIMA(1,0,1)"
2012-05-11,-0.0007699804470408573,EEM,"ARIMA(1,0,1)"
2012-05-14,0.001083428047564635,EEM,"ARIMA(1,0,1)"
2012-05-15,0.0010406355607166255,EEM,"ARIMA(1,0,1)"
2012-05-16,-0.0008164199361332263,EEM,"ARIMA(1,0,1)"
2012-05-17,0.0008720694932015794,EEM,"ARIMA(1,0,1)"
2012-05-18,-0.0004834739363404621,EEM,"ARIMA(1,0,1)"
2012-05-21,-5.012162583156049e-05,EEM,"ARIMA(1,0,1)"
2012-05-22,-0.004457444074871175,EEM,"ARIMA(1,0,1)"
2012-05-23,0.0032967986387433604,EEM,"ARIMA(1,0,1)"
2012-05-24,-0.0025825363933238395,EEM,"ARIMA(1,0,1)"
2012-05-25,0.0009679953368932557,EEM,"ARIMA(1,0,1)"
2012-05-29,-0.0015907421611943999,EEM,"ARIMA(1,0,1)"
2012-05-30,-0.004117795062056891,EEM,"ARIMA(1,0,1)"
2012-05-31,0.003450475606489165,EEM,"ARIMA(1,0,1)"
2012-06-01,-0.004482481912869952,EEM,"ARIMA(1,0,1)"
2012-06-04,0.004979099402801671,EEM,"ARIMA(1,0,1)"
2012-06-05,-0.005747606987855479,EEM,"ARIMA(1,0,1)"
2012-06-06,0.001825343820814449,EEM,"ARIMA(1,0,1)"
2012-06-07,-0.00661035577604274,EEM,"ARIMA(1,0,1)"
2012-06-08,0.0041017714838009105,EEM,"ARIMA(1,0,1)"
2012-06-11,-0.004075034415610876,EEM,"ARIMA(1,0,1)"
2012-06-12,0.001743176347780085,EEM,"ARIMA(1,0,1)"
2012-06-13,-0.00733149347522833,EEM,"ARIMA(1,0,1)"
2012-06-14,0.0027448299132948432,EEM,"ARIMA(1,0,1)"
2012-06-15,-0.006575987854925704,EEM,"ARIMA(1,0,1)"
2012-06-18,-0.0006073185680691599,EEM,"ARIMA(1,0,1)"
2012-06-19,-0.0029397160495501498,EEM,"ARIMA(1,0,1)"
2012-06-20,-0.00018647856646461871,EEM,"ARIMA(1,0,1)"
2012-06-21,-0.0004618908340204967,EEM,"ARIMA(1,0,1)"
2012-06-22,0.0027827356141199825,EEM,"ARIMA(1,0,1)"
2012-06-25,-0.004571740858989361,EEM,"ARIMA(1,0,1)"
2012-06-26,0.0035749515418098273,EEM,"ARIMA(1,0,1)"
2012-06-27,-0.00495480883272999,EEM,"ARIMA(1,0,1)"
2012-06-28,0.0029103755966673438,EEM,"ARIMA(1,0,1)"
2012-06-29,-0.003214639007113174,EEM,"ARIMA(1,0,1)"
2012-07-02,-0.004405684005107722,EEM,"ARIMA(1,0,1)"
2012-07-03,0.0018982847468133324,EEM,"ARIMA(1,0,1)"
2012-07-05,-0.0050846534000510615,EEM,"ARIMA(1,0,1)"
2012-07-06,0.004143844091286585,EEM,"ARIMA(1,0,1)"
2012-07-09,-0.0016445701733312727,EEM,"ARIMA(1,0,1)"
2012-07-10,0.0012270897265206707,EEM,"ARIMA(1,0,1)"
2012-07-11,9.049912633269405e-05,EEM,"ARIMA(1,0,1)"
2012-07-12,-0.000989726352281318,EEM,"ARIMA(1,0,1)"
2012-07-13,0.0014298633752971074,EEM,"ARIMA(1,0,1)"
2012-07-16,-0.0048798408501368774,EEM,"ARIMA(1,0,1)"
2012-07-17,0.0026556210544895708,EEM,"ARIMA(1,0,1)"
2012-07-18,-0.005314344131626041,EEM,"ARIMA(1,0,1)"
2012-07-19,0.003512619330167009,EEM,"ARIMA(1,0,1)"
2012-07-20,-0.003974846225409619,EEM,"ARIMA(1,0,1)"
2012-07-23,0.0034498589687969178,EEM,"ARIMA(1,0,1)"
2012-07-24,-0.0024948764996589098,EEM,"ARIMA(1,0,1)"
2012-07-25,-0.0007978505184650951,EEM,"ARIMA(1,0,1)"
2012-07-26,-0.0016560528046487377,EEM,"ARIMA(1,0,1)"
2012-07-27,0.0003204476758104633,EEM,"ARIMA(1,0,1)"
2012-07-30,-0.002548469273861172,EEM,"ARIMA(1,0,1)"
2012-07-31,0.001396084396832489,EEM,"ARIMA(1,0,1)"
2012-08-01,-0.0016098242289618355,EEM,"ARIMA(1,0,1)"
2012-08-02,0.0015652816497537829,EEM,"ARIMA(1,0,1)"
2012-08-03,0.0009071282051594193,EEM,"ARIMA(1,0,1)"
2012-08-06,-0.005297325356196029,EEM,"ARIMA(1,0,1)"
2012-08-07,0.0024890897137974472,EEM,"ARIMA(1,0,1)"
2012-08-08,-0.00036604705826398504,EEM,"ARIMA(1,0,1)"
2012-08-09,-7.568782707650255e-05,EEM,"ARIMA(1,0,1)"
2012-08-10,-2.852716658568213e-05,EEM,"ARIMA(1,0,1)"
2012-08-13,-0.00030655268272423986,EEM,"ARIMA(1,0,1)"
2012-08-14,0.0004833804801138642,EEM,"ARIMA(1,0,1)"
2012-08-15,2.7294980790493512e-05,EEM,"ARIMA(1,0,1)"
2012-08-16,8.900129975315804e-05,EEM,"ARIMA(1,0,1)"
2012-08-17,-0.0006321798843798667,EEM,"ARIMA(1,0,1)"
2012-08-20,0.00033555302276985533,EEM,"ARIMA(1,0,1)"
2012-08-21,0.00023773634868370864,EEM,"ARIMA(1,0,1)"
2012-08-22,0.00025954222231566444,EEM,"ARIMA(1,0,1)"
2012-08-23,-1.5541596297253544e-05,EEM,"ARIMA(1,0,1)"
2012-08-24,0.000671794458139147,EEM,"ARIMA(1,0,1)"
2012-08-27,-8.839008697280336e-05,EEM,"ARIMA(1,0,1)"
2012-08-28,0.0007336710163522226,EEM,"ARIMA(1,0,1)"
2012-08-29,-8.11333539955996e-05,EEM,"ARIMA(1,0,1)"
2012-08-30,0.0001632996552812641,EEM,"ARIMA(1,0,1)"
2012-08-31,0.000455869441768759,EEM,"ARIMA(1,0,1)"
2012-09-04,-0.0011176218452112851,EEM,"ARIMA(1,0,1)"
2012-09-05,0.0005987703520525575,EEM,"ARIMA(1,0,1)"
2012-09-06,-0.00010366448567463278,EEM,"ARIMA(1,0,1)"
2012-09-07,-0.001466506598672313,EEM,"ARIMA(1,0,1)"
2012-09-10,-0.000761078809553073,EEM,"ARIMA(1,0,1)"
2012-09-11,0.0014382191559894398,EEM,"ARIMA(1,0,1)"
2012-09-12,-0.00136658806485347,EEM,"ARIMA(1,0,1)"
2012-09-13,0.0005662628268381119,EEM,"ARIMA(1,0,1)"
2012-09-14,-0.00202960823802575,EEM,"ARIMA(1,0,1)"
2012-09-17,0.001168549119684852,EEM,"ARIMA(1,0,1)"
2012-09-18,0.0009742906356125438,EEM,"ARIMA(1,0,1)"
2012-09-19,6.982336398947815e-05,EEM,"ARIMA(1,0,1)"
2012-09-20,0.00042860021625764597,EEM,"ARIMA(1,0,1)"
2012-09-21,0.0010962720151200104,EEM,"ARIMA(1,0,1)"
2012-09-24,0.0004154597452359078,EEM,"ARIMA(1,0,1)"
2012-09-25,0.0009358668607816315,EEM,"ARIMA(1,0,1)"
2012-09-26,0.001850565103453672,EEM,"ARIMA(1,0,1)"
2012-09-27,0.0007932367608729347,EEM,"ARIMA(1,0,1)"
2012-09-28,-0.0009586257776412038,EEM,"ARIMA(1,0,1)"
2012-10-01,0.0012847955281362357,EEM,"ARIMA(1,0,1)"
2012-10-02,-0.00040621327278092783,EEM,"ARIMA(1,0,1)"
2012-10-03,0.0009393580204616998,EEM,"ARIMA(1,0,1)"
2012-10-04,0.0015761549540868956,EEM,"ARIMA(1,0,1)"
2012-10-05,-0.00040922847293035696,EEM,"ARIMA(1,0,1)"
2012-10-08,0.0006336119594583289,EEM,"ARIMA(1,0,1)"
2012-10-09,0.001604171128031791,EEM,"ARIMA(1,0,1)"
2012-10-10,0.0014406765018644524,EEM,"ARIMA(1,0,1)"
2012-10-11,0.0013324618142790624,EEM,"ARIMA(1,0,1)"
2012-10-12,-0.0002763662372573785,EEM,"ARIMA(1,0,1)"
2012-10-15,0.0004875807747594465,EEM,"ARIMA(1,0,1)"
2012-10-16,0.00021992124997226515,EEM,"ARIMA(1,0,1)"
2012-10-17,-0.0005184477022466873,EEM,"ARIMA(1,0,1)"
2012-10-18,-0.0004766810849936345,EEM,"ARIMA(1,0,1)"
2012-10-19,0.0005272739862227536,EEM,"ARIMA(1,0,1)"
2012-10-22,0.0017019495306801176,EEM,"ARIMA(1,0,1)"
2012-10-23,-6.584689689430854e-06,EEM,"ARIMA(1,0,1)"
2012-10-24,0.002019566523116917,EEM,"ARIMA(1,0,1)"
2012-10-25,0.0001391412966769378,EEM,"ARIMA(1,0,1)"
2012-10-26,0.00014257675313199896,EEM,"ARIMA(1,0,1)"
2012-10-31,0.0008303944686783299,EEM,"ARIMA(1,0,1)"
2012-11-01,-0.00029865915184282575,EEM,"ARIMA(1,0,1)"
2012-11-02,-0.0014180919438628334,EEM,"ARIMA(1,0,1)"
2012-11-05,0.0014262414611366776,EEM,"ARIMA(1,0,1)"
2012-11-06,-0.0007671280421771664,EEM,"ARIMA(1,0,1)"
2012-11-07,-0.000305224442891574,EEM,"ARIMA(1,0,1)"
2012-11-08,0.00180391036915796,EEM,"ARIMA(1,0,1)"
2012-11-09,0.00041018833054644164,EEM,"ARIMA(1,0,1)"
2012-11-12,-0.00015366936960142748,EEM,"ARIMA(1,0,1)"
2012-11-13,0.000128448906673145,EEM,"ARIMA(1,0,1)"
2012-11-14,0.0010038489151511147,EEM,"ARIMA(1,0,1)"
2012-11-15,0.0008590393754923476,EEM,"ARIMA(1,0,1)"
2012-11-16,-0.0007709960990375938,EEM,"ARIMA(1,0,1)"
2012-11-19,0.000285269946720493,EEM,"ARIMA(1,0,1)"
2012-11-20,-0.0013951665929200648,EEM,"ARIMA(1,0,1)"
2012-11-21,0.0017016734039585158,EEM,"ARIMA(1,0,1)"
2012-11-23,-4.3188886893585584e-05,EEM,"ARIMA(1,0,1)"
2012-11-26,-0.0006976095810572249,EEM,"ARIMA(1,0,1)"
2012-11-27,0.0005027335560300406,EEM,"ARIMA(1,0,1)"
2012-11-28,0.0012881867563519925,EEM,"ARIMA(1,0,1)"
2012-11-29,-0.0002154436806236183,EEM,"ARIMA(1,0,1)"
2012-11-30,0.00013806307685809634,EEM,"ARIMA(1,0,1)"
2012-12-03,0.000701620848553088,EEM,"ARIMA(1,0,1)"
2012-12-04,0.00020621359809579252,EEM,"ARIMA(1,0,1)"
2012-12-05,8.305620353405698e-05,EEM,"ARIMA(1,0,1)"
2012-12-06,-0.00042390774970976454,EEM,"ARIMA(1,0,1)"
2012-12-07,6.309173789541614e-05,EEM,"ARIMA(1,0,1)"
2012-12-10,0.00027193519515646505,EEM,"ARIMA(1,0,1)"
2012-12-11,-4.8412879656619095e-05,EEM,"ARIMA(1,0,1)"
2012-12-12,0.00018632575431972332,EEM,"ARIMA(1,0,1)"
2012-12-13,0.00024173299601599964,EEM,"ARIMA(1,0,1)"
2012-12-14,0.0007963911439986491,EEM,"ARIMA(1,0,1)"
2012-12-17,0.0004886506313150803,EEM,"ARIMA(1,0,1)"
2012-12-18,0.0005597440677921944,EEM,"ARIMA(1,0,1)"
2012-12-19,0.00018684110147277353,EEM,"ARIMA(1,0,1)"
2012-12-20,0.0003469507576473516,EEM,"ARIMA(1,0,1)"
2012-12-21,0.0003061960334229773,EEM,"ARIMA(1,0,1)"
2012-12-24,0.0010951424513910139,EEM,"ARIMA(1,0,1)"
2012-12-26,0.0007056661427664418,EEM,"ARIMA(1,0,1)"
2012-12-27,0.00044982088596588646,EEM,"ARIMA(1,0,1)"
2012-12-28,0.00033612799085403367,EEM,"ARIMA(1,0,1)"
2012-12-31,0.00027364581990470976,EEM,"ARIMA(1,0,1)"
2013-01-02,0.0002815748320121442,EEM,"ARIMA(1,0,1)"
2013-01-03,0.0001712972714525134,EEM,"ARIMA(1,0,1)"
2013-01-04,0.00015825256581257323,EEM,"ARIMA(1,0,1)"
2013-01-07,-0.0003109247345302144,EEM,"ARIMA(1,0,1)"
2013-01-08,0.0003569691187020977,EEM,"ARIMA(1,0,1)"
2013-01-09,0.0005816676213421029,EEM,"ARIMA(1,0,1)"
2013-01-10,0.0007888523606781791,EEM,"ARIMA(1,0,1)"
2013-01-11,0.00028626339141237444,EEM,"ARIMA(1,0,1)"
2013-01-14,0.0006822736544563603,EEM,"ARIMA(1,0,1)"
2013-01-15,0.0005188876530799678,EEM,"ARIMA(1,0,1)"
2013-01-16,0.0007051336887975033,EEM,"ARIMA(1,0,1)"
2013-01-17,0.000743440539326623,EEM,"ARIMA(1,0,1)"
2013-01-18,0.00031872955572280265,EEM,"ARIMA(1,0,1)"
2013-01-22,0.00022114258269911494,EEM,"ARIMA(1,0,1)"
2013-01-23,0.00035473371471868417,EEM,"ARIMA(1,0,1)"
2013-01-24,0.0006342039836010779,EEM,"ARIMA(1,0,1)"
2013-01-25,0.0006770613630510526,EEM,"ARIMA(1,0,1)"
2013-01-28,0.0007238661913321707,EEM,"ARIMA(1,0,1)"
2013-01-29,0.0010947663920176012,EEM,"ARIMA(1,0,1)"
2013-01-30,0.0002132928051822583,EEM,"ARIMA(1,0,1)"
2013-01-31,0.00037516347091464785,EEM,"ARIMA(1,0,1)"
2013-02-01,0.0002608394659848298,EEM,"ARIMA(1,0,1)"
2013-02-04,-4.264910933554519e-05,EEM,"ARIMA(1,0,1)"
2013-02-05,0.0006741798725653108,EEM,"ARIMA(1,0,1)"
2013-02-06,0.00042664570614358644,EEM,"ARIMA(1,0,1)"
2013-02-07,0.00032839920584440375,EEM,"ARIMA(1,0,1)"
2013-02-08,0.0009568947131443919,EEM,"ARIMA(1,0,1)"
2013-02-11,2.1732828428617035e-05,EEM,"ARIMA(1,0,1)"
2013-02-12,5.7091145884287356e-05,EEM,"ARIMA(1,0,1)"
2013-02-13,6.620475176985652e-05,EEM,"ARIMA(1,0,1)"
2013-02-14,-3.1087800530018043e-06,EEM,"ARIMA(1,0,1)"
2013-02-15,-3.391097494223505e-06,EEM,"ARIMA(1,0,1)"
2013-02-19,0.00020488735600203688,EEM,"ARIMA(1,0,1)"
2013-02-20,8.704608171852189e-05,EEM,"ARIMA(1,0,1)"
2013-02-21,0.0004105236419618916,EEM,"ARIMA(1,0,1)"
2013-02-22,0.000988531463905847,EEM,"ARIMA(1,0,1)"
2013-02-25,0.000536668203378178,EEM,"ARIMA(1,0,1)"
2013-02-26,0.0007375249063793824,EEM,"ARIMA(1,0,1)"
2013-02-27,0.00042080156417687,EEM,"ARIMA(1,0,1)"
2013-02-28,7.859057403709625e-05,EEM,"ARIMA(1,0,1)"
2013-03-01,0.00023770655426701232,EEM,"ARIMA(1,0,1)"
2013-03-04,-4.025538373318726e-05,EEM,"ARIMA(1,0,1)"
2013-03-05,0.00027842927073307513,EEM,"ARIMA(1,0,1)"
2013-03-06,-0.0004322919866179492,EEM,"ARIMA(1,0,1)"
2013-03-07,-0.0004310126988679021,EEM,"ARIMA(1,0,1)"
2013-03-08,-0.00011292910861813692,EEM,"ARIMA(1,0,1)"
2013-03-11,-0.00023459935833558293,EEM,"ARIMA(1,0,1)"
2013-03-12,0.0004927671008569099,EEM,"ARIMA(1,0,1)"
2013-03-13,0.0005298374710477336,EEM,"ARIMA(1,0,1)"
2013-03-14,0.00026233253213344174,EEM,"ARIMA(1,0,1)"
2013-03-15,9.126556741604103e-05,EEM,"ARIMA(1,0,1)"
2013-03-18,0.0001560427024440739,EEM,"ARIMA(1,0,1)"
2013-03-19,0.00028656949132719944,EEM,"ARIMA(1,0,1)"
2013-03-20,0.0001450865785500098,EEM,"ARIMA(1,0,1)"
2013-03-21,-0.00011100272614477299,EEM,"ARIMA(1,0,1)"
2013-03-22,0.00019695622356648838,EEM,"ARIMA(1,0,1)"
2013-03-25,-1.6247453356605222e-05,EEM,"ARIMA(1,0,1)"
2013-03-26,-4.000277498637474e-05,EEM,"ARIMA(1,0,1)"
2013-03-27,-0.00026119886795020935,EEM,"ARIMA(1,0,1)"
2013-03-28,6.826350453785653e-05,EEM,"ARIMA(1,0,1)"
2013-04-01,-7.747707076188189e-05,EEM,"ARIMA(1,0,1)"
2013-04-02,0.00028046286892796597,EEM,"ARIMA(1,0,1)"
2013-04-03,-0.00010082995849756128,EEM,"ARIMA(1,0,1)"
2013-04-04,0.00037705898911251216,EEM,"ARIMA(1,0,1)"
2013-04-05,-0.00026310130726032906,EEM,"ARIMA(1,0,1)"
2013-04-08,-3.084558944229415e-06,EEM,"ARIMA(1,0,1)"
2013-04-09,-0.00014405479549168556,EEM,"ARIMA(1,0,1)"
2013-04-10,0.0005060696172878216,EEM,"ARIMA(1,0,1)"
2013-04-11,-0.0003923239354707148,EEM,"ARIMA(1,0,1)"
2013-04-12,0.0006138182024283678,EEM,"ARIMA(1,0,1)"
2013-04-15,0.0001729800507230964,EEM,"ARIMA(1,0,1)"
2013-04-16,9.51575231650383e-05,EEM,"ARIMA(1,0,1)"
2013-04-17,-3.776993797135045e-05,EEM,"ARIMA(1,0,1)"
2013-04-18,-0.00021817850022350343,EEM,"ARIMA(1,0,1)"
2013-04-19,0.00021902503345936746,EEM,"ARIMA(1,0,1)"
2013-04-22,0.0002563704385245963,EEM,"ARIMA(1,0,1)"
2013-04-23,-0.00031324527889405946,EEM,"ARIMA(1,0,1)"
2013-04-24,0.00027053260672114715,EEM,"ARIMA(1,0,1)"
2013-04-25,-0.00025782285319487206,EEM,"ARIMA(1,0,1)"
2013-04-26,5.602330016934423e-05,EEM,"ARIMA(1,0,1)"
2013-04-29,0.00044297691365994955,EEM,"ARIMA(1,0,1)"
2013-04-30,-0.0003866734029887997,EEM,"ARIMA(1,0,1)"
2013-05-01,0.00011907813744099885,EEM,"ARIMA(1,0,1)"
2013-05-02,0.0004513494858321244,EEM,"ARIMA(1,0,1)"
2013-05-03,-0.00030074575468284605,EEM,"ARIMA(1,0,1)"
2013-05-06,0.00010547329283166801,EEM,"ARIMA(1,0,1)"
2013-05-07,0.00015109123389351586,EEM,"ARIMA(1,0,1)"
2013-05-08,4.1538989954277225e-05,EEM,"ARIMA(1,0,1)"
2013-05-09,0.00019564041868014867,EEM,"ARIMA(1,0,1)"
2013-05-10,0.0006461320773988942,EEM,"ARIMA(1,0,1)"
2013-05-13,0.00033887065168538693,EEM,"ARIMA(1,0,1)"
2013-05-14,0.00034089718482952213,EEM,"ARIMA(1,0,1)"
2013-05-15,-0.0003381571423529586,EEM,"ARIMA(1,0,1)"
2013-05-16,0.0008031541954154218,EEM,"ARIMA(1,0,1)"
2013-05-17,0.0004638914102951785,EEM,"ARIMA(1,0,1)"
2013-05-20,0.0001953947946380034,EEM,"ARIMA(1,0,1)"
2013-05-21,0.0006077368423544834,EEM,"ARIMA(1,0,1)"
2013-05-22,0.0007588294991575012,EEM,"ARIMA(1,0,1)"
2013-05-23,0.001064503732981209,EEM,"ARIMA(1,0,1)"
2013-05-24,0.0005656579074716061,EEM,"ARIMA(1,0,1)"
2013-05-28,0.0008367745928447275,EEM,"ARIMA(1,0,1)"
2013-05-29,5.8292211105452174e-05,EEM,"ARIMA(1,0,1)"
2013-05-30,0.0011913980738091979,EEM,"ARIMA(1,0,1)"
2013-05-31,0.0005880454413402987,EEM,"ARIMA(1,0,1)"
2013-06-03,0.0010251956811129586,EEM,"ARIMA(1,0,1)"
2013-06-04,-0.0007771017451331422,EEM,"ARIMA(1,0,1)"
2013-06-05,0.0024230479128200476,EEM,"ARIMA(1,0,1)"
2013-06-06,0.0009889787397411283,EEM,"ARIMA(1,0,1)"
2013-06-07,6.7016466840495335e-06,EEM,"ARIMA(1,0,1)"
2013-06-10,0.0008902356332488459,EEM,"ARIMA(1,0,1)"
2013-06-11,0.0009424551494341543,EEM,"ARIMA(1,0,1)"
2013-06-12,0.0006423034725078621,EEM,"ARIMA(1,0,1)"
2013-06-13,0.00047796467460871204,EEM,"ARIMA(1,0,1)"
2013-06-14,-6.267657516321849e-05,EEM,"ARIMA(1,0,1)"
2013-06-17,0.0009212727601348811,EEM,"ARIMA(1,0,1)"
2013-06-18,-0.00032606541125136185,EEM,"ARIMA(1,0,1)"
2013-06-19,5.712610705810471e-05,EEM,"ARIMA(1,0,1)"
2013-06-20,0.0015542716845525948,EEM,"ARIMA(1,0,1)"
2013-06-21,-0.00016017653238192063,EEM,"ARIMA(1,0,1)"
2013-06-24,-0.0002761618292728076,EEM,"ARIMA(1,0,1)"
2013-06-25,0.0008627085370177756,EEM,"ARIMA(1,0,1)"
2013-06-26,-0.0008430287913803574,EEM,"ARIMA(1,0,1)"
2013-06-27,-0.0004052109399515932,EEM,"ARIMA(1,0,1)"
2013-06-28,-9.319446714101885e-05,EEM,"ARIMA(1,0,1)"
2013-07-01,0.00016928670101150323,EEM,"ARIMA(1,0,1)"
2013-07-02,0.00015831298912438602,EEM,"ARIMA(1,0,1)"
2013-07-03,0.00019467611475327418,EEM,"ARIMA(1,0,1)"
2013-07-05,-8.596134866693269e-05,EEM,"ARIMA(1,0,1)"
2013-07-08,-0.0001113759989923885,EEM,"ARIMA(1,0,1)"
2013-07-09,-0.00018430639085501024,EEM,"ARIMA(1,0,1)"
2013-07-10,-9.107051224060167e-05,EEM,"ARIMA(1,0,1)"
2013-07-11,-5.2996548633099155e-05,EEM,"ARIMA(1,0,1)"
2013-07-12,-0.0005711842969869094,EEM,"ARIMA(1,0,1)"
2013-07-15,0.0005173476174407808,EEM,"ARIMA(1,0,1)"
2013-07-16,-0.00015487436353276872,EEM,"ARIMA(1,0,1)"
2013-07-17,0.00011356378753419146,EEM,"ARIMA(1,0,1)"
2013-07-18,3.26360031012461e-05,EEM,"ARIMA(1,0,1)"
2013-07-19,0.0004113870187630621,EEM,"ARIMA(1,0,1)"
2013-07-22,0.00019397377991012564,EEM,"ARIMA(1,0,1)"
2013-07-23,-0.00011900066967043539,EEM,"ARIMA(1,0,1)"
2013-07-24,-0.00018484360301029737,EEM,"ARIMA(1,0,1)"
2013-07-25,0.0005916825907605821,EEM,"ARIMA(1,0,1)"
2013-07-26,0.00014231192631082053,EEM,"ARIMA(1,0,1)"
2013-07-29,0.0003600723980405069,EEM,"ARIMA(1,0,1)"
2013-07-30,0.000972711850530793,EEM,"ARIMA(1,0,1)"
2013-07-31,0.0002898140307411512,EEM,"ARIMA(1,0,1)"
2013-08-01,0.00037343064979537783,EEM,"ARIMA(1,0,1)"
2013-08-02,-0.0009389926659792795,EEM,"ARIMA(1,0,1)"
2013-08-05,0.00011647347867006698,EEM,"ARIMA(1,0,1)"
2013-08-06,0.000447787718925031,EEM,"ARIMA(1,0,1)"
2013-08-07,0.0007955751566556596,EEM,"ARIMA(1,0,1)"
2013-08-08,0.0004957125795903212,EEM,"ARIMA(1,0,1)"
2013-08-09,-0.0010629836553458522,EEM,"ARIMA(1,0,1)"
2013-08-12,-0.00011390129360203126,EEM,"ARIMA(1,0,1)"
2013-08-13,-0.0004623120429244847,EEM,"ARIMA(1,0,1)"
2013-08-14,-0.0002764369923386333,EEM,"ARIMA(1,0,1)"
2013-08-15,-0.000147588766380936,EEM,"ARIMA(1,0,1)"
2013-08-16,0.0005709658722046364,EEM,"ARIMA(1,0,1)"
2013-08-19,0.0003497567152255437,EEM,"ARIMA(1,0,1)"
2013-08-20,0.0006437271486467294,EEM,"ARIMA(1,0,1)"
2013-08-21,3.7592561033547123e-06,EEM,"ARIMA(1,0,1)"
2013-08-22,0.0006736018624286116,EEM,"ARIMA(1,0,1)"
2013-08-23,-0.0009788052051527031,EEM,"ARIMA(1,0,1)"
2013-08-26,-0.0005761278577371081,EEM,"ARIMA(1,0,1)"
2013-08-27,0.00028405149315549974,EEM,"ARIMA(1,0,1)"
2013-08-28,0.000629586715071783,EEM,"ARIMA(1,0,1)"
2013-08-29,-0.0002672585599678555,EEM,"ARIMA(1,0,1)"
2013-08-30,-0.000438427272113639,EEM,"ARIMA(1,0,1)"
2013-09-03,-0.0003217176921996788,EEM,"ARIMA(1,0,1)"
2013-09-04,-0.00022714185463079803,EEM,"ARIMA(1,0,1)"
2013-09-05,-0.00038104564763932183,EEM,"ARIMA(1,0,1)"
2013-09-06,-5.289337805280377e-05,EEM,"ARIMA(1,0,1)"
2013-09-09,-0.0005686845497463247,EEM,"ARIMA(1,0,1)"
2013-09-10,0.00010292909004592875,EEM,"ARIMA(1,0,1)"
2013-09-11,0.0004528297077027558,EEM,"ARIMA(1,0,1)"
2013-09-12,0.00033753038339220156,EEM,"ARIMA(1,0,1)"
2013-09-13,0.00015067878864778817,EEM,"ARIMA(1,0,1)"
2013-09-16,-0.00024268214927503448,EEM,"ARIMA(1,0,1)"
2013-09-17,7.423289555103107e-05,EEM,"ARIMA(1,0,1)"
2013-09-18,-3.446023592530443e-05,EEM,"ARIMA(1,0,1)"
2013-09-19,-0.00029028021011751927,EEM,"ARIMA(1,0,1)"
2013-09-20,2.449423535344996e-06,EEM,"ARIMA(1,0,1)"
2013-09-23,8.852660908586802e-05,EEM,"ARIMA(1,0,1)"
2013-09-24,-0.0007347637571561982,EEM,"ARIMA(1,0,1)"
2013-09-25,0.00016230317757019868,EEM,"ARIMA(1,0,1)"
2013-09-26,5.35128716182146e-05,EEM,"ARIMA(1,0,1)"
2013-09-27,0.0001381430392421441,EEM,"ARIMA(1,0,1)"
2013-09-30,0.000267998387631454,EEM,"ARIMA(1,0,1)"
2013-10-01,0.0001753389236238628,EEM,"ARIMA(1,0,1)"
2013-10-02,7.373563928842599e-05,EEM,"ARIMA(1,0,1)"
2013-10-03,0.0001129972017422772,EEM,"ARIMA(1,0,1)"
2013-10-04,5.8384417493970495e-05,EEM,"ARIMA(1,0,1)"
2013-10-07,0.00010408368660363704,EEM,"ARIMA(1,0,1)"
2013-10-08,9.671219077199083e-05,EEM,"ARIMA(1,0,1)"
2013-10-09,1.6152457282130954e-05,EEM,"ARIMA(1,0,1)"
2013-10-10,4.72012232866174e-05,EEM,"ARIMA(1,0,1)"
2013-10-11,0.00017462739600778164,EEM,"ARIMA(1,0,1)"
2013-10-14,0.0002218616930364453,EEM,"ARIMA(1,0,1)"
2013-10-15,0.00026920595881985794,EEM,"ARIMA(1,0,1)"
2013-10-16,0.00019369562119428787,EEM,"ARIMA(1,0,1)"
2013-10-17,0.0002371986316900807,EEM,"ARIMA(1,0,1)"
2013-10-18,0.00023979422213929195,EEM,"ARIMA(1,0,1)"
2013-10-21,0.00020164269969804506,EEM,"ARIMA(1,0,1)"
2013-10-22,0.00016437552943673225,EEM,"ARIMA(1,0,1)"
2013-10-23,0.00021401091785618105,EEM,"ARIMA(1,0,1)"
2013-10-24,0.00018209791923906352,EEM,"ARIMA(1,0,1)"
2013-10-25,0.0001343475280179984,EEM,"ARIMA(1,0,1)"
2013-10-28,0.0002367584943848598,EEM,"ARIMA(1,0,1)"
2013-10-29,0.00025574852979184405,EEM,"ARIMA(1,0,1)"
2013-10-30,0.00022421009470321407,EEM,"ARIMA(1,0,1)"
2013-10-31,0.00023403137671744096,EEM,"ARIMA(1,0,1)"
2013-11-01,0.00019762772526755323,EEM,"ARIMA(1,0,1)"
2013-11-04,0.0001366583554215474,EEM,"ARIMA(1,0,1)"
2013-11-05,0.00018097752171694102,EEM,"ARIMA(1,0,1)"
2013-11-06,8.357653336867103e-05,EEM,"ARIMA(1,0,1)"
2013-11-07,6.340543393292146e-05,EEM,"ARIMA(1,0,1)"
2013-11-08,0.0002785231727259066,EEM,"ARIMA(1,0,1)"
2013-11-11,0.00021129268140923163,EEM,"ARIMA(1,0,1)"
2013-11-12,0.0002383152865377936,EEM,"ARIMA(1,0,1)"
2013-11-13,0.00013601790890828796,EEM,"ARIMA(1,0,1)"
2013-11-14,0.00013423719935550448,EEM,"ARIMA(1,0,1)"
2013-11-15,0.0001977047478868445,EEM,"ARIMA(1,0,1)"
2013-11-18,0.000268744560428671,EEM,"ARIMA(1,0,1)"
2013-11-19,0.0002857941837575234,EEM,"ARIMA(1,0,1)"
2013-11-20,0.0002492699668106055,EEM,"ARIMA(1,0,1)"
2013-11-21,7.548996269650699e-05,EEM,"ARIMA(1,0,1)"
2013-11-22,9.81184385709346e-05,EEM,"ARIMA(1,0,1)"
2013-11-25,0.00015397714982806068,EEM,"ARIMA(1,0,1)"
2013-11-26,3.0994776628722332e-06,EEM,"ARIMA(1,0,1)"
2013-11-27,0.00010160082955119022,EEM,"ARIMA(1,0,1)"
2013-11-29,0.00013587814117889366,EEM,"ARIMA(1,0,1)"
2013-12-02,0.0002139966618982484,EEM,"ARIMA(1,0,1)"
2013-12-03,5.093250320460701e-05,EEM,"ARIMA(1,0,1)"
2013-12-04,3.721058308702205e-05,EEM,"ARIMA(1,0,1)"
2013-12-05,1.8759340207693473e-05,EEM,"ARIMA(1,0,1)"
2013-12-06,-3.99279672893842e-05,EEM,"ARIMA(1,0,1)"
2013-12-09,-0.00012721228480179142,EEM,"ARIMA(1,0,1)"
2013-12-10,-9.447264597174376e-06,EEM,"ARIMA(1,0,1)"
2013-12-11,-2.2605206901967697e-05,EEM,"ARIMA(1,0,1)"
2013-12-12,-1.3415159909956607e-05,EEM,"ARIMA(1,0,1)"
2013-12-13,-0.00016898755039719893,EEM,"ARIMA(1,0,1)"
2013-12-16,-0.0001372167840109941,EEM,"ARIMA(1,0,1)"
2013-12-17,-0.00014452718431900584,EEM,"ARIMA(1,0,1)"
2013-12-18,-0.0001173797399148675,EEM,"ARIMA(1,0,1)"
2013-12-19,-0.00030313007756277877,EEM,"ARIMA(1,0,1)"
2013-12-20,0.0005827435794503392,EEM,"ARIMA(1,0,1)"
2013-12-23,-0.0007914211456065467,EEM,"ARIMA(1,0,1)"
2013-12-24,-4.7060901851044446e-05,EEM,"ARIMA(1,0,1)"
2013-12-26,-0.0003388063444161563,EEM,"ARIMA(1,0,1)"
2013-12-27,0.00018204481519392448,EEM,"ARIMA(1,0,1)"
2013-12-30,-0.0009423667633984773,EEM,"ARIMA(1,0,1)"
2013-12-31,0.00017581670436463782,EEM,"ARIMA(1,0,1)"
2014-01-02,-0.0005821190211171698,EEM,"ARIMA(1,0,1)"
2014-01-03,0.0013321871438844895,EEM,"ARIMA(1,0,1)"
2014-01-06,-0.0019169586459006423,EEM,"ARIMA(1,0,1)"
2014-01-07,0.0023332753781428683,EEM,"ARIMA(1,0,1)"
2014-01-08,-0.0009660184943970333,EEM,"ARIMA(1,0,1)"
2014-01-09,0.0004514472868200959,EEM,"ARIMA(1,0,1)"
2014-01-10,-0.0012287359684704062,EEM,"ARIMA(1,0,1)"
2014-01-13,0.0006154417274376977,EEM,"ARIMA(1,0,1)"
2014-01-14,-0.0001367082000952979,EEM,"ARIMA(1,0,1)"
2014-01-15,-0.0008549350538648347,EEM,"ARIMA(1,0,1)"
2014-01-16,0.0002134980305324165,EEM,"ARIMA(1,0,1)"
2014-01-17,-0.0006301825015777411,EEM,"ARIMA(1,0,1)"
2014-01-21,2.1698130746061067e-05,EEM,"ARIMA(1,0,1)"
2014-01-22,-0.00067432319050318,EEM,"ARIMA(1,0,1)"
2014-01-23,-0.0006527513430097987,EEM,"ARIMA(1,0,1)"
2014-01-24,0.0011892092752314259,EEM,"ARIMA(1,0,1)"
2014-01-27,-0.0004828993298494805,EEM,"ARIMA(1,0,1)"
2014-01-28,0.0002231582378585705,EEM,"ARIMA(1,0,1)"
2014-01-29,-0.0020496310319795255,EEM,"ARIMA(1,0,1)"
2014-01-30,0.00010380588899443894,EEM,"ARIMA(1,0,1)"
2014-01-31,-0.0013313718748970773,EEM,"ARIMA(1,0,1)"
2014-02-03,0.00017377821667472577,EEM,"ARIMA(1,0,1)"
2014-02-04,0.00011957439965211696,EEM,"ARIMA(1,0,1)"
2014-02-05,-0.0019329686697175275,EEM,"ARIMA(1,0,1)"
2014-02-06,0.00018158191231579853,EEM,"ARIMA(1,0,1)"
2014-02-07,-0.002257569446865253,EEM,"ARIMA(1,0,1)"
2014-02-10,0.00044615210050411697,EEM,"ARIMA(1,0,1)"
2014-02-11,-0.00028225465350007633,EEM,"ARIMA(1,0,1)"
2014-02-12,-0.001671427093730242,EEM,"ARIMA(1,0,1)"
2014-02-13,0.00017632876331734917,EEM,"ARIMA(1,0,1)"
2014-02-14,-0.0007225373926174725,EEM,"ARIMA(1,0,1)"
2014-02-18,-0.000853345835131183,EEM,"ARIMA(1,0,1)"
2014-02-19,0.00036972677676572565,EEM,"ARIMA(1,0,1)"
2014-02-20,-0.00033360820002423567,EEM,"ARIMA(1,0,1)"
2014-02-21,-0.0005906772297108948,EEM,"ARIMA(1,0,1)"
2014-02-24,-0.0005452998652057779,EEM,"ARIMA(1,0,1)"
2014-02-25,-0.00018635601375885413,EEM,"ARIMA(1,0,1)"
2014-02-26,0.0002426678128992649,EEM,"ARIMA(1,0,1)"
2014-02-27,-0.0005499866384162871,EEM,"ARIMA(1,0,1)"
2014-02-28,-0.0011463207230905969,EEM,"ARIMA(1,0,1)"
2014-03-03,0.00024102682208094767,EEM,"ARIMA(1,0,1)"
2014-03-04,0.00046341522892194423,EEM,"ARIMA(1,0,1)"
2014-03-05,-0.0011935410108791418,EEM,"ARIMA(1,0,1)"
2014-03-06,-0.0004058096935376478,EEM,"ARIMA(1,0,1)"
2014-03-07,-0.0010362673450487387,EEM,"ARIMA(1,0,1)"
2014-03-10,0.0005215742383283168,EEM,"ARIMA(1,0,1)"
2014-03-11,-1.8018318340626987e-05,EEM,"ARIMA(1,0,1)"
2014-03-12,0.0001869834352291975,EEM,"ARIMA(1,0,1)"
2014-03-13,-0.0005466631661182762,EEM,"ARIMA(1,0,1)"
2014-03-14,0.0007459786371651874,EEM,"ARIMA(1,0,1)"
2014-03-17,-0.0009659991422319822,EEM,"ARIMA(1,0,1)"
2014-03-18,-0.0010291704605549109,EEM,"ARIMA(1,0,1)"
2014-03-19,-0.0008888176631414967,EEM,"ARIMA(1,0,1)"
2014-03-20,0.0010494441949032282,EEM,"ARIMA(1,0,1)"
2014-03-21,-0.0005303272960874269,EEM,"ARIMA(1,0,1)"
2014-03-24,-0.0006170094708987345,EEM,"ARIMA(1,0,1)"
2014-03-25,-0.000843303874702699,EEM,"ARIMA(1,0,1)"
2014-03-26,-0.0008663322992745735,EEM,"ARIMA(1,0,1)"
2014-03-27,-0.0003398999526089495,EEM,"ARIMA(1,0,1)"
2014-03-28,-0.0008881420904567435,EEM,"ARIMA(1,0,1)"
2014-03-31,-0.0005418545408733493,EEM,"ARIMA(1,0,1)"
2014-04-01,-0.0003831423537884347,EEM,"ARIMA(1,0,1)"
2014-04-02,-0.0005820500760416058,EEM,"ARIMA(1,0,1)"
2014-04-03,1.889987913297565e-05,EEM,"ARIMA(1,0,1)"
2014-04-04,0.00026745837414001025,EEM,"ARIMA(1,0,1)"
2014-04-07,0.00018805550788300363,EEM,"ARIMA(1,0,1)"
2014-04-08,-0.00018335087460783563,EEM,"ARIMA(1,0,1)"
2014-04-09,-0.0005199046144965456,EEM,"ARIMA(1,0,1)"
2014-04-10,-0.0003155465621965833,EEM,"ARIMA(1,0,1)"
2014-04-11,0.0006209364328092611,EEM,"ARIMA(1,0,1)"
2014-04-14,4.7495515227581274e-05,EEM,"ARIMA(1,0,1)"
2014-04-15,0.00027403939030885296,EEM,"ARIMA(1,0,1)"
2014-04-16,0.0006551237351855495,EEM,"ARIMA(1,0,1)"
2014-04-17,-0.0006270417131323612,EEM,"ARIMA(1,0,1)"
2014-04-21,-0.0001860833746186022,EEM,"ARIMA(1,0,1)"
2014-04-22,0.00041419601667261384,EEM,"ARIMA(1,0,1)"
2014-04-23,0.00021146299063424956,EEM,"ARIMA(1,0,1)"
2014-04-24,0.00036158081930023813,EEM,"ARIMA(1,0,1)"
2014-04-25,-4.364492541776754e-05,EEM,"ARIMA(1,0,1)"
2014-04-28,0.0005919658188094402,EEM,"ARIMA(1,0,1)"
2014-04-29,-0.000394714738787059,EEM,"ARIMA(1,0,1)"
2014-04-30,-0.0004300963621799511,EEM,"ARIMA(1,0,1)"
2014-05-01,3.631130369359844e-05,EEM,"ARIMA(1,0,1)"
2014-05-02,-0.0001324862329587391,EEM,"ARIMA(1,0,1)"
2014-05-05,-0.0003175630386186813,EEM,"ARIMA(1,0,1)"
2014-05-06,0.00016836480884703856,EEM,"ARIMA(1,0,1)"
2014-05-07,-0.00035779846900240033,EEM,"ARIMA(1,0,1)"
2014-05-08,-0.0003404655794601273,EEM,"ARIMA(1,0,1)"
2014-05-09,-1.2202754686162605e-05,EEM,"ARIMA(1,0,1)"
2014-05-12,-5.9801592353189264e-05,EEM,"ARIMA(1,0,1)"
2014-05-13,-0.0008852333309579503,EEM,"ARIMA(1,0,1)"
2014-05-14,-0.0001069676275805469,EEM,"ARIMA(1,0,1)"
2014-05-15,-0.00029589818886262774,EEM,"ARIMA(1,0,1)"
2014-05-16,0.0005060414820698426,EEM,"ARIMA(1,0,1)"
2014-05-19,-0.0007329829332247215,EEM,"ARIMA(1,0,1)"
2014-05-20,0.00020176985857522708,EEM,"ARIMA(1,0,1)"
2014-05-21,0.0004387380884251199,EEM,"ARIMA(1,0,1)"
2014-05-22,-0.0004365144188827396,EEM,"ARIMA(1,0,1)"
2014-05-23,-0.0002667879748085476,EEM,"ARIMA(1,0,1)"
2014-05-27,0.00022975932760066245,EEM,"ARIMA(1,0,1)"
2014-05-28,0.0006170043141486118,EEM,"ARIMA(1,0,1)"
2014-05-29,-9.032684507506188e-05,EEM,"ARIMA(1,0,1)"
2014-05-30,2.4713674839724404e-05,EEM,"ARIMA(1,0,1)"
2014-06-02,0.0007291975578307618,EEM,"ARIMA(1,0,1)"
2014-06-03,0.00029800316211279175,EEM,"ARIMA(1,0,1)"
2014-06-04,-6.748786480670774e-05,EEM,"ARIMA(1,0,1)"
2014-06-05,0.00042377881335611725,EEM,"ARIMA(1,0,1)"
2014-06-06,-0.00014268947639945682,EEM,"ARIMA(1,0,1)"
2014-06-09,-0.0003920351609798829,EEM,"ARIMA(1,0,1)"
2014-06-10,-0.00010831929061220667,EEM,"ARIMA(1,0,1)"
2014-06-11,0.00014620139108795813,EEM,"ARIMA(1,0,1)"
2014-06-12,0.0006550482590277898,EEM,"ARIMA(1,0,1)"
2014-06-13,0.0007728570911956365,EEM,"ARIMA(1,0,1)"
2014-06-16,0.0005268449074945562,EEM,"ARIMA(1,0,1)"
2014-06-17,0.0007282485878999448,EEM,"ARIMA(1,0,1)"
2014-06-18,0.0004452129975965639,EEM,"ARIMA(1,0,1)"
2014-06-19,3.2184792314156547e-05,EEM,"ARIMA(1,0,1)"
2014-06-20,0.0010056110800378915,EEM,"ARIMA(1,0,1)"
2014-06-23,0.0009555823236128071,EEM,"ARIMA(1,0,1)"
2014-06-24,0.000969539165870971,EEM,"ARIMA(1,0,1)"
2014-06-25,0.0010117354388687787,EEM,"ARIMA(1,0,1)"
2014-06-26,0.0007000476538261098,EEM,"ARIMA(1,0,1)"
2014-06-27,0.0005866734080335573,EEM,"ARIMA(1,0,1)"
2014-06-30,0.00039903258296792004,EEM,"ARIMA(1,0,1)"
2014-07-01,0.0007248806497573817,EEM,"ARIMA(1,0,1)"
2014-07-02,-5.620417050429213e-05,EEM,"ARIMA(1,0,1)"
2014-07-03,-8.227240512617793e-05,EEM,"ARIMA(1,0,1)"
2014-07-07,1.5395321843966704e-05,EEM,"ARIMA(1,0,1)"
2014-07-08,0.0005789079887632712,EEM,"ARIMA(1,0,1)"
2014-07-09,0.0008217985719595656,EEM,"ARIMA(1,0,1)"
2014-07-10,0.0003682689692155105,EEM,"ARIMA(1,0,1)"
2014-07-11,0.0007753439595218329,EEM,"ARIMA(1,0,1)"
2014-07-14,0.0006928764249879057,EEM,"ARIMA(1,0,1)"
2014-07-15,0.00030093857830554315,EEM,"ARIMA(1,0,1)"
2014-07-16,0.00045323536281484964,EEM,"ARIMA(1,0,1)"
2014-07-17,0.00038120848074305394,EEM,"ARIMA(1,0,1)"
2014-07-18,0.0016064137772549905,EEM,"ARIMA(1,0,1)"
2014-07-21,0.00018290281565091224,EEM,"ARIMA(1,0,1)"
2014-07-22,0.00019702800196456872,EEM,"ARIMA(1,0,1)"
2014-07-23,-0.00015893005055139537,EEM,"ARIMA(1,0,1)"
2014-07-24,4.2947133801491365e-05,EEM,"ARIMA(1,0,1)"
2014-07-25,2.520983573894148e-05,EEM,"ARIMA(1,0,1)"
2014-07-28,0.00039821000653240274,EEM,"ARIMA(1,0,1)"
2014-07-29,5.7174977731001744e-05,EEM,"ARIMA(1,0,1)"
2014-07-30,0.0007662051251360391,EEM,"ARIMA(1,0,1)"
2014-07-31,0.0009756605114674495,EEM,"ARIMA(1,0,1)"
2014-08-01,0.0017392267925526337,EEM,"ARIMA(1,0,1)"
2014-08-04,0.0009957337644880865,EEM,"ARIMA(1,0,1)"
2014-08-05,0.00034903923349960256,EEM,"ARIMA(1,0,1)"
2014-08-06,0.0014329531257694286,EEM,"ARIMA(1,0,1)"
2014-08-07,0.001289670480789911,EEM,"ARIMA(1,0,1)"
2014-08-08,0.0012160864958621043,EEM,"ARIMA(1,0,1)"
2014-08-11,0.0003869385986477421,EEM,"ARIMA(1,0,1)"
2014-08-12,-0.00020375338967637145,EEM,"ARIMA(1,0,1)"
2014-08-13,6.797134502580405e-05,EEM,"ARIMA(1,0,1)"
2014-08-14,-2.418983167208665e-05,EEM,"ARIMA(1,0,1)"
2014-08-15,6.494616916752382e-05,EEM,"ARIMA(1,0,1)"
2014-08-18,0.0005464906283291124,EEM,"ARIMA(1,0,1)"
2014-08-19,-0.00017843956163109175,EEM,"ARIMA(1,0,1)"
2014-08-20,0.00021019716282507912,EEM,"ARIMA(1,0,1)"
2014-08-21,0.0006812992740235891,EEM,"ARIMA(1,0,1)"
2014-08-22,0.0010245716460606292,EEM,"ARIMA(1,0,1)"
2014-08-25,0.0010587638194110949,EEM,"ARIMA(1,0,1)"
2014-08-26,0.00038648906529961224,EEM,"ARIMA(1,0,1)"
2014-08-27,0.000253793925315867,EEM,"ARIMA(1,0,1)"
2014-08-28,0.0003550894728322311,EEM,"ARIMA(1,0,1)"
2014-08-29,0.001359987370603652,EEM,"ARIMA(1,0,1)"
2014-09-02,0.0012023222970241978,EEM,"ARIMA(1,0,1)"
2014-09-03,0.0011744232808408635,EEM,"ARIMA(1,0,1)"
2014-09-04,-0.00010202893222631263,EEM,"ARIMA(1,0,1)"
2014-09-05,0.00027500859598586947,EEM,"ARIMA(1,0,1)"
2014-09-08,-0.0004535784249188893,EEM,"ARIMA(1,0,1)"
2014-09-09,0.0011891249936315596,EEM,"ARIMA(1,0,1)"
2014-09-10,0.002470800652819163,EEM,"ARIMA(1,0,1)"
2014-09-11,0.0022124288968849467,EEM,"ARIMA(1,0,1)"
2014-09-12,0.0022645211927422634,EEM,"ARIMA(1,0,1)"
2014-09-15,0.002671230467077504,EEM,"ARIMA(1,0,1)"
2014-09-16,0.002988719741087314,EEM,"ARIMA(1,0,1)"
2014-09-17,0.0005663748820736205,EEM,"ARIMA(1,0,1)"
2014-09-18,0.0012017056960056626,EEM,"ARIMA(1,0,1)"
2014-09-19,0.0005674193909523351,EEM,"ARIMA(1,0,1)"
2014-09-22,0.0015286083265700174,EEM,"ARIMA(1,0,1)"
2014-09-23,0.0025290797650892255,EEM,"ARIMA(1,0,1)"
2014-09-24,0.0021924589778902783,EEM,"ARIMA(1,0,1)"
2014-09-25,0.0010192563969312232,EEM,"ARIMA(1,0,1)"
2014-09-26,0.0029390511016887514,EEM,"ARIMA(1,0,1)"
2014-09-29,0.001030339468063548,EEM,"ARIMA(1,0,1)"
2014-09-30,0.003051348339164422,EEM,"ARIMA(1,0,1)"
2014-10-01,0.001537545638258062,EEM,"ARIMA(1,0,1)"
2014-10-02,0.0027308357010734654,EEM,"ARIMA(1,0,1)"
2014-10-03,0.00039622672112385574,EEM,"ARIMA(1,0,1)"
2014-10-06,-0.0006762634000730365,EEM,"ARIMA(1,0,1)"
2014-10-07,-0.0016980280772823516,EEM,"ARIMA(1,0,1)"
2014-10-08,0.0004863394315941229,EEM,"ARIMA(1,0,1)"
2014-10-09,-0.001637768878899447,EEM,"ARIMA(1,0,1)"
2014-10-10,0.0018950148015290256,EEM,"ARIMA(1,0,1)"
2014-10-13,0.003089067704688082,EEM,"ARIMA(1,0,1)"
2014-10-14,-0.00016889936869823603,EEM,"ARIMA(1,0,1)"
2014-10-15,-0.0008201175151923519,EEM,"ARIMA(1,0,1)"
2014-10-16,0.0012365340843124208,EEM,"ARIMA(1,0,1)"
2014-10-17,0.0016038051001345092,EEM,"ARIMA(1,0,1)"
2014-10-20,-0.0007115822838523186,EEM,"ARIMA(1,0,1)"
2014-10-21,-0.0007893011637382686,EEM,"ARIMA(1,0,1)"
2014-10-22,-0.0010303989041011547,EEM,"ARIMA(1,0,1)"
2014-10-23,0.0001509359901786373,EEM,"ARIMA(1,0,1)"
2014-10-24,9.218003746883136e-05,EEM,"ARIMA(1,0,1)"
2014-10-27,-0.0009019723973165134,EEM,"ARIMA(1,0,1)"
2014-10-28,0.0004566869850396826,EEM,"ARIMA(1,0,1)"
2014-10-29,-0.0025370947347913937,EEM,"ARIMA(1,0,1)"
2014-10-30,-0.0013158656456601606,EEM,"ARIMA(1,0,1)"
2014-10-31,-0.001612235049445953,EEM,"ARIMA(1,0,1)"
2014-11-03,-0.0010035988002967298,EEM,"ARIMA(1,0,1)"
2014-11-04,0.0006283333618332488,EEM,"ARIMA(1,0,1)"
2014-11-05,5.0396285667669184e-05,EEM,"ARIMA(1,0,1)"
2014-11-06,0.0011960695734611608,EEM,"ARIMA(1,0,1)"
2014-11-07,0.0021452606579518384,EEM,"ARIMA(1,0,1)"
2014-11-10,0.0004858636623998171,EEM,"ARIMA(1,0,1)"
2014-11-11,-1.3017829836886477e-05,EEM,"ARIMA(1,0,1)"
2014-11-12,0.0001553247671661701,EEM,"ARIMA(1,0,1)"
2014-11-13,0.0004306499042539256,EEM,"ARIMA(1,0,1)"
2014-11-14,0.0006878462458032243,EEM,"ARIMA(1,0,1)"
2014-11-17,-0.0009395311836284943,EEM,"ARIMA(1,0,1)"
2014-11-18,0.0011682167359498405,EEM,"ARIMA(1,0,1)"
2014-11-19,-0.00042263214222123787,EEM,"ARIMA(1,0,1)"
2014-11-20,-0.00011090544563347582,EEM,"ARIMA(1,0,1)"
2014-11-21,0.00024588967231543705,EEM,"ARIMA(1,0,1)"
2014-11-24,-0.004766029282816589,EEM,"ARIMA(1,0,1)"
2014-11-25,-0.00043100985072703737,EEM,"ARIMA(1,0,1)"
2014-11-26,0.0008661796743265423,EEM,"ARIMA(1,0,1)"
2014-11-28,-0.001559113790489371,EEM,"ARIMA(1,0,1)"
2014-12-01,0.0029723068557218684,EEM,"ARIMA(1,0,1)"
2014-12-02,0.0036336979387991512,EEM,"ARIMA(1,0,1)"
2014-12-03,0.0014400339649507014,EEM,"ARIMA(1,0,1)"
2014-12-04,0.00010514493004610497,EEM,"ARIMA(1,0,1)"
2014-12-05,-0.00018380772540503522,EEM,"ARIMA(1,0,1)"
2014-12-08,0.0002653767664663273,EEM,"ARIMA(1,0,1)"
2014-12-09,0.002225512027898595,EEM,"ARIMA(1,0,1)"
2014-12-10,0.002114084876988937,EEM,"ARIMA(1,0,1)"
2014-12-11,0.0024226908961566484,EEM,"ARIMA(1,0,1)"
2014-12-12,0.0015716429431461144,EEM,"ARIMA(1,0,1)"
2014-12-15,0.002162690342558377,EEM,"ARIMA(1,0,1)"
2014-12-16,0.0016609922590170658,EEM,"ARIMA(1,0,1)"
2014-12-17,0.00010786185885491032,EEM,"ARIMA(1,0,1)"
2014-12-18,-0.0023658507173754243,EEM,"ARIMA(1,0,1)"
2014-12-19,-0.0018616558787721885,EEM,"ARIMA(1,0,1)"
2014-12-22,-0.0009976477377147267,EEM,"ARIMA(1,0,1)"
2014-12-23,-0.0011466063316790103,EEM,"ARIMA(1,0,1)"
2014-12-24,0.000404303562392623,EEM,"ARIMA(1,0,1)"
2014-12-26,-0.00021920968271220523,EEM,"ARIMA(1,0,1)"
2014-12-29,-0.00071776803923678,EEM,"ARIMA(1,0,1)"
2014-12-30,0.00029559103688742643,EEM,"ARIMA(1,0,1)"
2014-12-31,-0.0002921520083335879,EEM,"ARIMA(1,0,1)"
2015-01-02,-0.00024601593547407335,EEM,"ARIMA(1,0,1)"
2015-01-05,0.000978700600412405,EEM,"ARIMA(1,0,1)"
2015-01-06,0.0010716299632246313,EEM,"ARIMA(1,0,1)"
2015-01-07,0.00010966937100354887,EEM,"ARIMA(1,0,1)"
2015-01-08,-0.001388237386972587,EEM,"ARIMA(1,0,1)"
2015-01-09,-0.0007490408512742176,EEM,"ARIMA(1,0,1)"
2015-01-12,0.00011929226404978061,EEM,"ARIMA(1,0,1)"
2015-01-13,0.00025401247386943704,EEM,"ARIMA(1,0,1)"
2015-01-14,-0.0003045004654392911,EEM,"ARIMA(1,0,1)"
2015-01-15,0.00020274419528288,EEM,"ARIMA(1,0,1)"
2015-01-16,-0.00011045511199062329,EEM,"ARIMA(1,0,1)"
2015-01-20,-0.00030222059520255837,EEM,"ARIMA(1,0,1)"
2015-01-21,9.027996947727924e-05,EEM,"ARIMA(1,0,1)"
2015-01-22,-0.0011630499789672295,EEM,"ARIMA(1,0,1)"
2015-01-23,-0.0006585385201608794,EEM,"ARIMA(1,0,1)"
2015-01-26,0.0007249231026154049,EEM,"ARIMA(1,0,1)"
2015-01-27,0.00036577867649461915,EEM,"ARIMA(1,0,1)"
2015-01-28,0.0005869996971359851,EEM,"ARIMA(1,0,1)"
2015-01-29,0.000713456943415978,EEM,"ARIMA(1,0,1)"
2015-01-30,0.00036464406843920126,EEM,"ARIMA(1,0,1)"
2015-02-02,0.0006237823933314293,EEM,"ARIMA(1,0,1)"
2015-02-03,-4.763226389925814e-05,EEM,"ARIMA(1,0,1)"
2015-02-04,0.0002775594727783432,EEM,"ARIMA(1,0,1)"
2015-02-05,0.0005194095720838364,EEM,"ARIMA(1,0,1)"
2015-02-06,0.0001902174189760649,EEM,"ARIMA(1,0,1)"
2015-02-09,0.0005066242970580155,EEM,"ARIMA(1,0,1)"
2015-02-10,0.00021614408142963223,EEM,"ARIMA(1,0,1)"
2015-02-11,0.00026588431900986435,EEM,"ARIMA(1,0,1)"
2015-02-12,0.00022784376336665074,EEM,"ARIMA(1,0,1)"
2015-02-13,-0.00015404573497030912,EEM,"ARIMA(1,0,1)"
2015-02-17,0.00012861869139537462,EEM,"ARIMA(1,0,1)"
2015-02-18,0.00019600117076012832,EEM,"ARIMA(1,0,1)"
2015-02-19,0.0002177679911691164,EEM,"ARIMA(1,0,1)"
2015-02-20,0.0002726297821667605,EEM,"ARIMA(1,0,1)"
2015-02-23,0.00015856791786681633,EEM,"ARIMA(1,0,1)"
2015-02-24,0.00031301438107086504,EEM,"ARIMA(1,0,1)"
2015-02-25,-4.2838616882076114e-05,EEM,"ARIMA(1,0,1)"
2015-02-26,0.0002279322789972021,EEM,"ARIMA(1,0,1)"
2015-02-27,0.0002596745179429455,EEM,"ARIMA(1,0,1)"
2015-03-02,0.0001778135182599591,EEM,"ARIMA(1,0,1)"
2015-03-03,0.00019100308165206662,EEM,"ARIMA(1,0,1)"
2015-03-04,0.0003352849540707748,EEM,"ARIMA(1,0,1)"
2015-03-05,0.00011999034345044199,EEM,"ARIMA(1,0,1)"
2015-03-06,0.00012210006924989256,EEM,"ARIMA(1,0,1)"
2015-03-09,9.524042876701471e-06,EEM,"ARIMA(1,0,1)"
2015-03-10,4.3553747965864193e-05,EEM,"ARIMA(1,0,1)"
2015-03-11,-1.872699405669307e-05,EEM,"ARIMA(1,0,1)"
2015-03-12,5.61217124357172e-05,EEM,"ARIMA(1,0,1)"
2015-03-13,6.026802130483065e-05,EEM,"ARIMA(1,0,1)"
2015-03-16,9.675409822825726e-05,EEM,"ARIMA(1,0,1)"
2015-03-17,0.00012236845493653525,EEM,"ARIMA(1,0,1)"
2015-03-18,0.00011989318108673535,EEM,"ARIMA(1,0,1)"
2015-03-19,0.000616720786203006,EEM,"ARIMA(1,0,1)"
2015-03-20,0.00017917370178665074,EEM,"ARIMA(1,0,1)"
2015-03-23,0.0002205800816805439,EEM,"ARIMA(1,0,1)"
2015-03-24,5.5548155052554825e-05,EEM,"ARIMA(1,0,1)"
2015-03-25,-4.210253478049522e-05,EEM,"ARIMA(1,0,1)"
2015-03-26,0.000467137780825049,EEM,"ARIMA(1,0,1)"
2015-03-27,0.0002789423102129896,EEM,"ARIMA(1,0,1)"
2015-03-30,3.309655460244796e-05,EEM,"ARIMA(1,0,1)"
2015-03-31,-0.0003457619641917722,EEM,"ARIMA(1,0,1)"
2015-04-01,-0.00014481952252555627,EEM,"ARIMA(1,0,1)"
2015-04-02,-0.00035288951695249595,EEM,"ARIMA(1,0,1)"
2015-04-06,-0.00022847980207735776,EEM,"ARIMA(1,0,1)"
2015-04-07,4.541271359893346e-06,EEM,"ARIMA(1,0,1)"
2015-04-08,0.00017578880182012518,EEM,"ARIMA(1,0,1)"
2015-04-09,-0.0002411749290064224,EEM,"ARIMA(1,0,1)"
2015-04-10,-0.00045175233487601286,EEM,"ARIMA(1,0,1)"
2015-04-13,0.00014024131649725236,EEM,"ARIMA(1,0,1)"
2015-04-14,0.00021730611321999215,EEM,"ARIMA(1,0,1)"
2015-04-15,0.00015510654749654014,EEM,"ARIMA(1,0,1)"
2015-04-16,0.00021445921217342639,EEM,"ARIMA(1,0,1)"
2015-04-17,0.00023666936978258103,EEM,"ARIMA(1,0,1)"
2015-04-20,0.0003549927837689695,EEM,"ARIMA(1,0,1)"
2015-04-21,0.00022244031421801965,EEM,"ARIMA(1,0,1)"
2015-04-22,0.0001430593371374172,EEM,"ARIMA(1,0,1)"
2015-04-23,0.00015359266110477024,EEM,"ARIMA(1,0,1)"
2015-04-24,0.0002845744164052926,EEM,"ARIMA(1,0,1)"
2015-04-27,0.0003157048916720044,EEM,"ARIMA(1,0,1)"
2015-04-28,0.00038512297768134306,EEM,"ARIMA(1,0,1)"
2015-04-29,0.00037203366902321055,EEM,"ARIMA(1,0,1)"
2015-04-30,0.00028439964693052473,EEM,"ARIMA(1,0,1)"
2015-05-01,0.00023152996159055502,EEM,"ARIMA(1,0,1)"
2015-05-04,0.0002509251074637469,EEM,"ARIMA(1,0,1)"
2015-05-05,0.00026529536647668545,EEM,"ARIMA(1,0,1)"
2015-05-06,0.00023034253490393698,EEM,"ARIMA(1,0,1)"
2015-05-07,0.00016325465669544116,EEM,"ARIMA(1,0,1)"
2015-05-08,0.00015249382218183468,EEM,"ARIMA(1,0,1)"
2015-05-11,0.0002734009001034112,EEM,"ARIMA(1,0,1)"
2015-05-12,0.0001528137285833112,EEM,"ARIMA(1,0,1)"
2015-05-13,0.00014937385465181862,EEM,"ARIMA(1,0,1)"
2015-05-14,0.00045335648517991987,EEM,"ARIMA(1,0,1)"
2015-05-15,0.00021153467681227477,EEM,"ARIMA(1,0,1)"
2015-05-18,0.00020269735216368266,EEM,"ARIMA(1,0,1)"
2015-05-19,-8.113975453035001e-05,EEM,"ARIMA(1,0,1)"
2015-05-20,0.00012117336983068643,EEM,"ARIMA(1,0,1)"
2015-05-21,7.847355317148973e-05,EEM,"ARIMA(1,0,1)"
2015-05-22,3.6812727123284834e-05,EEM,"ARIMA(1,0,1)"
2015-05-26,8.69444441475327e-05,EEM,"ARIMA(1,0,1)"
2015-05-27,-0.00016583909334352948,EEM,"ARIMA(1,0,1)"
2015-05-28,2.435769074665889e-05,EEM,"ARIMA(1,0,1)"
2015-05-29,-0.0002028878221383146,EEM,"ARIMA(1,0,1)"
2015-06-01,-0.0003287083205878497,EEM,"ARIMA(1,0,1)"
2015-06-02,-0.000209499601826882,EEM,"ARIMA(1,0,1)"
2015-06-03,1.1669433982200626e-05,EEM,"ARIMA(1,0,1)"
2015-06-04,-0.00017077296320906768,EEM,"ARIMA(1,0,1)"
2015-06-05,-0.0003983691832972802,EEM,"ARIMA(1,0,1)"
2015-06-08,-0.0002811605375552829,EEM,"ARIMA(1,0,1)"
2015-06-09,-0.00025289015619888984,EEM,"ARIMA(1,0,1)"
2015-06-10,-0.00038943927748243964,EEM,"ARIMA(1,0,1)"
2015-06-11,-4.2923654141065095e-05,EEM,"ARIMA(1,0,1)"
2015-06-12,-0.00028563021924766363,EEM,"ARIMA(1,0,1)"
2015-06-15,-0.00023378997899780528,EEM,"ARIMA(1,0,1)"
2015-06-16,-0.0004083664999375027,EEM,"ARIMA(1,0,1)"
2015-06-17,-0.00023735571828918613,EEM,"ARIMA(1,0,1)"
2015-06-18,-0.0001494420204459685,EEM,"ARIMA(1,0,1)"
2015-06-19,-9.67535436215088e-05,EEM,"ARIMA(1,0,1)"
2015-06-22,-0.00037673844184053584,EEM,"ARIMA(1,0,1)"
2015-06-23,-4.436954266196798e-05,EEM,"ARIMA(1,0,1)"
2015-06-24,1.1613073356425886e-05,EEM,"ARIMA(1,0,1)"
2015-06-25,-0.00023410394332935107,EEM,"ARIMA(1,0,1)"
2015-06-26,-0.00023237226292783305,EEM,"ARIMA(1,0,1)"
2015-06-29,-0.0003577168225026835,EEM,"ARIMA(1,0,1)"
2015-06-30,-0.0007951232106051206,EEM,"ARIMA(1,0,1)"
2015-07-01,-0.00014824994610929929,EEM,"ARIMA(1,0,1)"
2015-07-02,-0.00029983902979522964,EEM,"ARIMA(1,0,1)"
2015-07-06,-0.0002596880803894709,EEM,"ARIMA(1,0,1)"
2015-07-07,-0.0004432133562906463,EEM,"ARIMA(1,0,1)"
2015-07-08,-0.0006779354565620874,EEM,"ARIMA(1,0,1)"
2015-07-09,-0.0017888048816813503,EEM,"ARIMA(1,0,1)"
2015-07-10,-0.0005679157439734964,EEM,"ARIMA(1,0,1)"
2015-07-13,0.00028704591065558386,EEM,"ARIMA(1,0,1)"
2015-07-14,-0.00017115030691986212,EEM,"ARIMA(1,0,1)"
2015-07-15,-0.00036217956811657013,EEM,"ARIMA(1,0,1)"
2015-07-16,-0.0009566923390909097,EEM,"ARIMA(1,0,1)"
2015-07-17,-1.8724836729312104e-05,EEM,"ARIMA(1,0,1)"
2015-07-20,-0.00045947291828295054,EEM,"ARIMA(1,0,1)"
2015-07-21,-0.0006611751579794426,EEM,"ARIMA(1,0,1)"
2015-07-22,-0.00047946724290444387,EEM,"ARIMA(1,0,1)"
2015-07-23,-0.001048851342386459,EEM,"ARIMA(1,0,1)"
2015-07-24,-0.0010212947092733712,EEM,"ARIMA(1,0,1)"
2015-07-27,-0.0013176623991309042,EEM,"ARIMA(1,0,1)"
2015-07-28,-0.001730034884206357,EEM,"ARIMA(1,0,1)"
2015-07-29,-0.00021659596989043162,EEM,"ARIMA(1,0,1)"
2015-07-30,-0.00010885463562873132,EEM,"ARIMA(1,0,1)"
2015-07-31,-0.0010581867105824096,EEM,"ARIMA(1,0,1)"
2015-08-03,-7.802966618308891e-05,EEM,"ARIMA(1,0,1)"
2015-08-04,-0.0012689201020030616,EEM,"ARIMA(1,0,1)"
2015-08-05,-0.0004297566264816414,EEM,"ARIMA(1,0,1)"
2015-08-06,-0.0005962831668814085,EEM,"ARIMA(1,0,1)"
2015-08-07,-0.0008869555625895229,EEM,"ARIMA(1,0,1)"
2015-08-10,-0.0005842819417151562,EEM,"ARIMA(1,0,1)"
2015-08-11,-6.366689768552963e-05,EEM,"ARIMA(1,0,1)"
2015-08-12,-0.001113431871560345,EEM,"ARIMA(1,0,1)"
2015-08-13,-0.0012799234221096455,EEM,"ARIMA(1,0,1)"
2015-08-14,-0.000896271467814327,EEM,"ARIMA(1,0,1)"
2015-08-17,-0.0007819396849480178,EEM,"ARIMA(1,0,1)"
2015-08-18,-0.0011110047773208206,EEM,"ARIMA(1,0,1)"
2015-08-19,-0.0012556278566053783,EEM,"ARIMA(1,0,1)"
2015-08-20,-0.0013848838213360356,EEM,"ARIMA(1,0,1)"
2015-08-21,-0.0016355217909416642,EEM,"ARIMA(1,0,1)"
2015-08-24,-0.0027716757204280145,EEM,"ARIMA(1,0,1)"
2015-08-25,-0.005849447104191531,EEM,"ARIMA(1,0,1)"
2015-08-26,-0.0009323128199778942,EEM,"ARIMA(1,0,1)"
2015-08-27,0.0012816269068547607,EEM,"ARIMA(1,0,1)"
2015-08-28,0.0042000372270662055,EEM,"ARIMA(1,0,1)"
2015-08-31,-0.0023471790855215486,EEM,"ARIMA(1,0,1)"
2015-09-01,-0.0007221038762863634,EEM,"ARIMA(1,0,1)"
2015-09-02,-0.004943865522830627,EEM,"ARIMA(1,0,1)"
2015-09-03,-0.00020358164486448385,EEM,"ARIMA(1,0,1)"
2015-09-04,-0.0006885891824781522,EEM,"ARIMA(1,0,1)"
2015-09-08,-0.003479990222452653,EEM,"ARIMA(1,0,1)"
2015-09-09,0.00015064457631681774,EEM,"ARIMA(1,0,1)"
2015-09-10,-0.0010098457694233357,EEM,"ARIMA(1,0,1)"
2015-09-11,-0.0006009657089755954,EEM,"ARIMA(1,0,1)"
2015-09-14,-0.0008264237780668463,EEM,"ARIMA(1,0,1)"
2015-09-15,-0.0009999033833063187,EEM,"ARIMA(1,0,1)"
2015-09-16,-0.0004317731029878909,EEM,"ARIMA(1,0,1)"
2015-09-17,0.0004788567164466343,EEM,"ARIMA(1,0,1)"
2015-09-18,-0.0008098901834526393,EEM,"ARIMA(1,0,1)"
2015-09-21,-0.0017800076970826773,EEM,"ARIMA(1,0,1)"
2015-09-22,-0.0012154646815342,EEM,"ARIMA(1,0,1)"
2015-09-23,-0.00200926103155953,EEM,"ARIMA(1,0,1)"
2015-09-24,-0.0020159497134739765,EEM,"ARIMA(1,0,1)"
2015-09-25,-0.0011657680962689103,EEM,"ARIMA(1,0,1)"
2015-09-28,-0.0010580633295297118,EEM,"ARIMA(1,0,1)"
2015-09-29,-0.0026325835789198396,EEM,"ARIMA(1,0,1)"
2015-09-30,-0.0004684955177344294,EEM,"ARIMA(1,0,1)"
2015-10-01,0.0014230867016732528,EEM,"ARIMA(1,0,1)"
2015-10-02,-0.0005257043052466141,EEM,"ARIMA(1,0,1)"
2015-10-05,0.0016310335936046251,EEM,"ARIMA(1,0,1)"
2015-10-06,0.0011160262166790196,EEM,"ARIMA(1,0,1)"
2015-10-07,-0.0011299865078773634,EEM,"ARIMA(1,0,1)"
2015-10-08,0.002103835945579907,EEM,"ARIMA(1,0,1)"
2015-10-09,0.0006540278744843728,EEM,"ARIMA(1,0,1)"
2015-10-12,-9.905551353004425e-06,EEM,"ARIMA(1,0,1)"
2015-10-13,-0.0011884636318137947,EEM,"ARIMA(1,0,1)"
2015-10-14,-0.002298643749039222,EEM,"ARIMA(1,0,1)"
2015-10-15,0.0002965284782223592,EEM,"ARIMA(1,0,1)"
2015-10-16,0.0023869253706886163,EEM,"ARIMA(1,0,1)"
2015-10-19,-0.00028913301061892746,EEM,"ARIMA(1,0,1)"
2015-10-20,-0.0015353965108840086,EEM,"ARIMA(1,0,1)"
2015-10-21,-0.0003450449304662667,EEM,"ARIMA(1,0,1)"
2015-10-22,-0.0021069812814200435,EEM,"ARIMA(1,0,1)"
2015-10-23,0.0018317655014518676,EEM,"ARIMA(1,0,1)"
2015-10-26,0.00012746476562410457,EEM,"ARIMA(1,0,1)"
2015-10-27,-0.0014562934355324946,EEM,"ARIMA(1,0,1)"
2015-10-28,-0.0015732234202627555,EEM,"ARIMA(1,0,1)"
2015-10-29,-0.001737868868637294,EEM,"ARIMA(1,0,1)"
2015-10-30,-0.0015677804626294672,EEM,"ARIMA(1,0,1)"
2015-11-02,-0.0002878254805522919,EEM,"ARIMA(1,0,1)"
2015-11-03,0.0017829736967165174,EEM,"ARIMA(1,0,1)"
2015-11-04,0.0009361418434808428,EEM,"ARIMA(1,0,1)"
2015-11-05,-0.0016119117054331925,EEM,"ARIMA(1,0,1)"
2015-11-06,-0.00012931175771240487,EEM,"ARIMA(1,0,1)"
2015-11-09,-0.002168960882729317,EEM,"ARIMA(1,0,1)"
2015-11-10,-0.0036057396252355267,EEM,"ARIMA(1,0,1)"
2015-11-11,-0.0008396600129448013,EEM,"ARIMA(1,0,1)"
2015-11-12,-0.0002846998026573546,EEM,"ARIMA(1,0,1)"
2015-11-13,-0.0018914191336504124,EEM,"ARIMA(1,0,1)"
2015-11-16,-0.0023354840923812143,EEM,"ARIMA(1,0,1)"
2015-11-17,0.002101039127107124,EEM,"ARIMA(1,0,1)"
2015-11-18,-0.0013138218624747376,EEM,"ARIMA(1,0,1)"
2015-11-19,0.0008697905254324201,EEM,"ARIMA(1,0,1)"
2015-11-20,0.0005169880288265706,EEM,"ARIMA(1,0,1)"
2015-11-23,0.0007916687594611789,EEM,"ARIMA(1,0,1)"
2015-11-24,-0.001997676557417948,EEM,"ARIMA(1,0,1)"
2015-11-25,0.0003005459642469895,EEM,"ARIMA(1,0,1)"
2015-11-27,-0.0016288207914260866,EEM,"ARIMA(1,0,1)"
2015-11-30,-0.0037177674998582332,EEM,"ARIMA(1,0,1)"
2015-12-01,-0.0002575827160736366,EEM,"ARIMA(1,0,1)"
2015-12-02,0.000478301612361063,EEM,"ARIMA(1,0,1)"
2015-12-03,-0.0022740586178681397,EEM,"ARIMA(1,0,1)"
2015-12-04,-0.0012265649387790895,EEM,"ARIMA(1,0,1)"
2015-12-07,0.0003653013886646394,EEM,"ARIMA(1,0,1)"
2015-12-08,-0.0028815130038554416,EEM,"ARIMA(1,0,1)"
2015-12-09,-0.0017961275621461202,EEM,"ARIMA(1,0,1)"
2015-12-10,-0.001528154594121764,EEM,"ARIMA(1,0,1)"
2015-12-11,-0.0013279072568632066,EEM,"ARIMA(1,0,1)"
2015-12-14,-0.004215694581716806,EEM,"ARIMA(1,0,1)"
2015-12-15,0.0014704844563565504,EEM,"ARIMA(1,0,1)"
2015-12-16,0.0009827143743595626,EEM,"ARIMA(1,0,1)"
2015-12-17,0.0019234070844588924,EEM,"ARIMA(1,0,1)"
2015-12-18,-0.002187882357566801,EEM,"ARIMA(1,0,1)"
2015-12-21,-0.0007843913339884097,EEM,"ARIMA(1,0,1)"
2015-12-22,0.0003225995533670771,EEM,"ARIMA(1,0,1)"
2015-12-23,0.00023061580316050304,EEM,"ARIMA(1,0,1)"
2015-12-24,0.0010657968327849052,EEM,"ARIMA(1,0,1)"
2015-12-28,-0.0011128682168335346,EEM,"ARIMA(1,0,1)"
2015-12-29,-0.0013358016383978395,EEM,"ARIMA(1,0,1)"
2015-12-30,-0.00036738051484801095,EEM,"ARIMA(1,0,1)"
2015-12-31,-0.0023909233745618296,EEM,"ARIMA(1,0,1)"
2016-01-04,-0.0008072352347825553,EEM,"ARIMA(1,0,1)"
2016-01-05,-0.0038422360921434627,EEM,"ARIMA(1,0,1)"
2016-01-06,-0.0002874249464067787,EEM,"ARIMA(1,0,1)"
2016-01-07,-0.002641863622816031,EEM,"ARIMA(1,0,1)"
2016-01-08,-0.004464142343675212,EEM,"ARIMA(1,0,1)"
2016-01-11,-0.0023135206472869674,EEM,"ARIMA(1,0,1)"
2016-01-12,-0.0009704821165206181,EEM,"ARIMA(1,0,1)"
2016-01-13,-0.0006342804041196924,EEM,"ARIMA(1,0,1)"
2016-01-14,-0.0022159972162629736,EEM,"ARIMA(1,0,1)"
2016-01-15,0.0006082948181370753,EEM,"ARIMA(1,0,1)"
2016-01-19,-0.005267734517403422,EEM,"ARIMA(1,0,1)"
2016-01-20,3.400861993740076e-05,EEM,"ARIMA(1,0,1)"
2016-01-21,-0.0027336920724789324,EEM,"ARIMA(1,0,1)"
2016-01-22,-0.0009286916502028732,EEM,"ARIMA(1,0,1)"
2016-01-25,0.0014346988151338553,EEM,"ARIMA(1,0,1)"
2016-01-26,-0.0021402336091260327,EEM,"ARIMA(1,0,1)"
2016-01-27,-0.00038343436472531114,EEM,"ARIMA(1,0,1)"
2016-01-28,-0.0013907220152980305,EEM,"ARIMA(1,0,1)"
2016-01-29,1.7491210080256697e-05,EEM,"ARIMA(1,0,1)"
2016-02-01,0.0016150146299871398,EEM,"ARIMA(1,0,1)"
2016-02-02,-0.0011893231217292837,EEM,"ARIMA(1,0,1)"
2016-02-03,-0.0034108702309301273,EEM,"ARIMA(1,0,1)"
2016-02-04,0.00036544771326562243,EEM,"ARIMA(1,0,1)"
2016-02-05,-0.00043859029097816397,EEM,"ARIMA(1,0,1)"
2016-02-08,-0.0016973819835855056,EEM,"ARIMA(1,0,1)"
2016-02-09,-0.0018313974758732664,EEM,"ARIMA(1,0,1)"
2016-02-10,-0.0019792656744515094,EEM,"ARIMA(1,0,1)"
2016-02-11,-0.0008267034194358567,EEM,"ARIMA(1,0,1)"
2016-02-12,-0.00202928056448263,EEM,"ARIMA(1,0,1)"
2016-02-16,-0.0002557117629931777,EEM,"ARIMA(1,0,1)"
2016-02-17,0.00025145485897306663,EEM,"ARIMA(1,0,1)"
2016-02-18,0.000435861560289583,EEM,"ARIMA(1,0,1)"
2016-02-19,-0.001364536327769464,EEM,"ARIMA(1,0,1)"
2016-02-22,-0.0013024757936058572,EEM,"ARIMA(1,0,1)"
2016-02-23,0.0007861166139425716,EEM,"ARIMA(1,0,1)"
2016-02-24,-0.0022459940457387915,EEM,"ARIMA(1,0,1)"
2016-02-25,-0.0011640872393882979,EEM,"ARIMA(1,0,1)"
2016-02-26,-0.0008244140965838915,EEM,"ARIMA(1,0,1)"
2016-02-29,-0.0016344059345678404,EEM,"ARIMA(1,0,1)"
2016-03-01,-0.0005482544513153652,EEM,"ARIMA(1,0,1)"
2016-03-02,0.0012531808226967452,EEM,"ARIMA(1,0,1)"
2016-03-03,-0.00011123991659217798,EEM,"ARIMA(1,0,1)"
2016-03-04,7.783696750000315e-05,EEM,"ARIMA(1,0,1)"
2016-03-07,0.0008040167185194353,EEM,"ARIMA(1,0,1)"
2016-03-08,-0.0007466260307727932,EEM,"ARIMA(1,0,1)"
2016-03-09,-0.0019561694107917043,EEM,"ARIMA(1,0,1)"
2016-03-10,5.758833371216675e-06,EEM,"ARIMA(1,0,1)"
2016-03-11,-0.000479561049987763,EEM,"ARIMA(1,0,1)"
2016-03-14,0.0011056273546694623,EEM,"ARIMA(1,0,1)"
2016-03-15,-0.0010204340319446758,EEM,"ARIMA(1,0,1)"
2016-03-16,-0.0016516282452513915,EEM,"ARIMA(1,0,1)"
2016-03-17,0.0009378593056400202,EEM,"ARIMA(1,0,1)"
2016-03-18,0.0009048139935130267,EEM,"ARIMA(1,0,1)"
2016-03-21,-0.00032509371527166637,EEM,"ARIMA(1,0,1)"
2016-03-22,-0.00035797338402994666,EEM,"ARIMA(1,0,1)"
2016-03-23,-0.000770981925013364,EEM,"ARIMA(1,0,1)"
2016-03-24,-0.0021034291231841504,EEM,"ARIMA(1,0,1)"
2016-03-28,-0.0004974956937249345,EEM,"ARIMA(1,0,1)"
2016-03-29,-0.00023746187562804388,EEM,"ARIMA(1,0,1)"
2016-03-30,0.0007084530421851025,EEM,"ARIMA(1,0,1)"
2016-03-31,0.00020909324796192425,EEM,"ARIMA(1,0,1)"
2016-04-01,-0.0007454540862954127,EEM,"ARIMA(1,0,1)"
2016-04-04,-0.0007600436333519206,EEM,"ARIMA(1,0,1)"
2016-04-05,-0.0016909639314369304,EEM,"ARIMA(1,0,1)"
2016-04-06,-0.002334748410726252,EEM,"ARIMA(1,0,1)"
2016-04-07,0.0007931497828285183,EEM,"ARIMA(1,0,1)"
2016-04-08,-0.002747777682114738,EEM,"ARIMA(1,0,1)"
2016-04-11,0.0006576106300673906,EEM,"ARIMA(1,0,1)"
2016-04-12,-0.00013439694334625588,EEM,"ARIMA(1,0,1)"
2016-04-13,0.0003694834806166938,EEM,"ARIMA(1,0,1)"
2016-04-14,0.000736999851473531,EEM,"ARIMA(1,0,1)"
2016-04-15,-0.0012799496382959086,EEM,"ARIMA(1,0,1)"
2016-04-18,-0.0011960723662787786,EEM,"ARIMA(1,0,1)"
2016-04-19,-0.00024231483053694953,EEM,"ARIMA(1,0,1)"
2016-04-20,0.0005861148729234128,EEM,"ARIMA(1,0,1)"
2016-04-21,-0.001208155662190456,EEM,"ARIMA(1,0,1)"
2016-04-22,-0.001455009135804048,EEM,"ARIMA(1,0,1)"
2016-04-25,-0.001161757366530535,EEM,"ARIMA(1,0,1)"
2016-04-26,-0.0012938052393048737,EEM,"ARIMA(1,0,1)"
2016-04-27,0.000121325153007936,EEM,"ARIMA(1,0,1)"
2016-04-28,-0.0004163079701761428,EEM,"ARIMA(1,0,1)"
2016-04-29,-0.0016613923364999013,EEM,"ARIMA(1,0,1)"
2016-05-02,-0.0009650730823737954,EEM,"ARIMA(1,0,1)"
2016-05-03,-0.0009422471623613449,EEM,"ARIMA(1,0,1)"
2016-05-04,-0.003200256139100315,EEM,"ARIMA(1,0,1)"
2016-05-05,-0.0021058090754686367,EEM,"ARIMA(1,0,1)"
2016-05-06,-0.0007543463955043022,EEM,"ARIMA(1,0,1)"
2016-05-09,-0.0007152838044500512,EEM,"ARIMA(1,0,1)"
2016-05-10,-0.0021054908218736627,EEM,"ARIMA(1,0,1)"
2016-05-11,0.0008611514773253465,EEM,"ARIMA(1,0,1)"
2016-05-12,-0.0011888692365802436,EEM,"ARIMA(1,0,1)"
2016-05-13,-0.0010511306957125392,EEM,"ARIMA(1,0,1)"
2016-05-16,-0.0024593728660222696,EEM,"ARIMA(1,0,1)"
2016-05-17,0.00012296393309958807,EEM,"ARIMA(1,0,1)"
2016-05-18,-0.0013451827170487605,EEM,"ARIMA(1,0,1)"
2016-05-19,-0.001708737988471816,EEM,"ARIMA(1,0,1)"
2016-05-20,-0.0016915359576108917,EEM,"ARIMA(1,0,1)"
2016-05-23,-6.95610471371877e-05,EEM,"ARIMA(1,0,1)"
2016-05-24,-0.0012511113275297712,EEM,"ARIMA(1,0,1)"
2016-05-25,-4.262725661407932e-05,EEM,"ARIMA(1,0,1)"
2016-05-26,3.798491134761328e-05,EEM,"ARIMA(1,0,1)"
2016-05-27,-0.0002882981933381222,EEM,"ARIMA(1,0,1)"
2016-05-31,-0.0007878874293629601,EEM,"ARIMA(1,0,1)"
2016-06-01,-0.0005931275775957732,EEM,"ARIMA(1,0,1)"
2016-06-02,-0.0007732506778152263,EEM,"ARIMA(1,0,1)"
2016-06-03,-4.727950835858993e-06,EEM,"ARIMA(1,0,1)"
2016-06-06,0.0006534163059860581,EEM,"ARIMA(1,0,1)"
2016-06-07,0.0003353761229512672,EEM,"ARIMA(1,0,1)"
2016-06-08,0.00030366077689162913,EEM,"ARIMA(1,0,1)"
2016-06-09,0.00020470668139696292,EEM,"ARIMA(1,0,1)"
2016-06-10,-0.00160631799585377,EEM,"ARIMA(1,0,1)"
2016-06-13,-0.0029254587857068543,EEM,"ARIMA(1,0,1)"
2016-06-14,-0.0018762011422463719,EEM,"ARIMA(1,0,1)"
2016-06-15,-0.0008446192096887283,EEM,"ARIMA(1,0,1)"
2016-06-16,0.0005288760620872725,EEM,"ARIMA(1,0,1)"
2016-06-17,-0.0010665090817407966,EEM,"ARIMA(1,0,1)"
2016-06-20,-0.00031800076252340946,EEM,"ARIMA(1,0,1)"
2016-06-21,0.0012636425585359477,EEM,"ARIMA(1,0,1)"
2016-06-22,0.00012704328257346113,EEM,"ARIMA(1,0,1)"
2016-06-23,-0.0003604419695869504,EEM,"ARIMA(1,0,1)"
2016-06-24,0.0019620797372495295,EEM,"ARIMA(1,0,1)"
2016-06-27,-0.005636029740303375,EEM,"ARIMA(1,0,1)"
2016-06-28,-0.0013826107197610613,EEM,"ARIMA(1,0,1)"
2016-06-29,0.0014984760502449851,EEM,"ARIMA(1,0,1)"
2016-06-30,0.001185310054192968,EEM,"ARIMA(1,0,1)"
2016-07-01,7.509728496221408e-05,EEM,"ARIMA(1,0,1)"
2016-07-05,-0.0004879823315672762,EEM,"ARIMA(1,0,1)"
2016-07-06,-0.0028351223394367485,EEM,"ARIMA(1,0,1)"
2016-07-07,-2.5184835622774082e-05,EEM,"ARIMA(1,0,1)"
2016-07-08,-0.0007235245846393158,EEM,"ARIMA(1,0,1)"
2016-07-11,0.001991784324421354,EEM,"ARIMA(1,0,1)"
2016-07-12,-7.398204063201728e-05,EEM,"ARIMA(1,0,1)"
2016-07-13,0.0010166310880320433,EEM,"ARIMA(1,0,1)"
2016-07-14,-0.0007996540666447743,EEM,"ARIMA(1,0,1)"
2016-07-15,0.001333264011281875,EEM,"ARIMA(1,0,1)"
2016-07-18,-0.0008210903138976849,EEM,"ARIMA(1,0,1)"
2016-07-19,0.000809559434696504,EEM,"ARIMA(1,0,1)"
2016-07-20,-0.0013603791575296292,EEM,"ARIMA(1,0,1)"
2016-07-21,0.0005622601089494948,EEM,"ARIMA(1,0,1)"
2016-07-22,-0.0006341161842540664,EEM,"ARIMA(1,0,1)"
2016-07-25,0.0006327691380616006,EEM,"ARIMA(1,0,1)"
2016-07-26,-0.0010405861302936292,EEM,"ARIMA(1,0,1)"
2016-07-27,0.0008533426765748876,EEM,"ARIMA(1,0,1)"
2016-07-28,0.00011325227002875526,EEM,"ARIMA(1,0,1)"
2016-07-29,-1.9619089069270693e-05,EEM,"ARIMA(1,0,1)"
2016-08-01,0.0005101386541751197,EEM,"ARIMA(1,0,1)"
2016-08-02,-0.0003045869997977998,EEM,"ARIMA(1,0,1)"
2016-08-03,-0.000574009198419835,EEM,"ARIMA(1,0,1)"
2016-08-04,0.00045231450053254954,EEM,"ARIMA(1,0,1)"
2016-08-05,0.00045658842303657003,EEM,"ARIMA(1,0,1)"
2016-08-08,0.0011561830837429623,EEM,"ARIMA(1,0,1)"
2016-08-09,0.0006590786297036925,EEM,"ARIMA(1,0,1)"
2016-08-10,0.0006550883369632406,EEM,"ARIMA(1,0,1)"
2016-08-11,0.00011825605713709119,EEM,"ARIMA(1,0,1)"
2016-08-12,0.001515416497961294,EEM,"ARIMA(1,0,1)"
2016-08-15,-0.00023297054139673857,EEM,"ARIMA(1,0,1)"
2016-08-16,0.0013125084872554022,EEM,"ARIMA(1,0,1)"
2016-08-17,-0.00019448251683320828,EEM,"ARIMA(1,0,1)"
2016-08-18,-2.1360557647602248e-05,EEM,"ARIMA(1,0,1)"
2016-08-19,0.0013270837067098176,EEM,"ARIMA(1,0,1)"
2016-08-22,0.00018435993323022665,EEM,"ARIMA(1,0,1)"
2016-08-23,-0.00021121824546985592,EEM,"ARIMA(1,0,1)"
2016-08-24,0.0006875152366209583,EEM,"ARIMA(1,0,1)"
2016-08-25,0.0008104208515940656,EEM,"ARIMA(1,0,1)"
2016-08-26,0.0005567463069800763,EEM,"ARIMA(1,0,1)"
2016-08-29,-0.00010045255029210784,EEM,"ARIMA(1,0,1)"
2016-08-30,0.0009592146916776359,EEM,"ARIMA(1,0,1)"
2016-08-31,-0.00023938582989353491,EEM,"ARIMA(1,0,1)"
2016-09-01,5.029649619795102e-05,EEM,"ARIMA(1,0,1)"
2016-09-02,0.0011309232635180319,EEM,"ARIMA(1,0,1)"
2016-09-06,0.0015111070719727904,EEM,"ARIMA(1,0,1)"
2016-09-07,0.0021995426969041686,EEM,"ARIMA(1,0,1)"
2016-09-08,-0.0003225742306233938,EEM,"ARIMA(1,0,1)"
2016-09-09,0.0007604301828442857,EEM,"ARIMA(1,0,1)"
2016-09-12,-0.0027946300240236756,EEM,"ARIMA(1,0,1)"
2016-09-13,0.0020834532013041893,EEM,"ARIMA(1,0,1)"
2016-09-14,-0.001858053473806835,EEM,"ARIMA(1,0,1)"
2016-09-15,0.0006762298887977413,EEM,"ARIMA(1,0,1)"
2016-09-16,0.0015224142655965072,EEM,"ARIMA(1,0,1)"
2016-09-19,-0.0004988868576102437,EEM,"ARIMA(1,0,1)"
2016-09-20,0.0011638880996735926,EEM,"ARIMA(1,0,1)"
2016-09-21,0.00025703045102511574,EEM,"ARIMA(1,0,1)"
2016-09-22,0.002385324530467664,EEM,"ARIMA(1,0,1)"
2016-09-23,0.0007495609765505185,EEM,"ARIMA(1,0,1)"
2016-09-26,-0.00021860630704567316,EEM,"ARIMA(1,0,1)"
2016-09-27,-0.0003403582930343864,EEM,"ARIMA(1,0,1)"
2016-09-28,0.0017568875103898848,EEM,"ARIMA(1,0,1)"
2016-09-29,0.0008546704805134025,EEM,"ARIMA(1,0,1)"
2016-09-30,-0.0006807978276740885,EEM,"ARIMA(1,0,1)"
2016-10-03,0.000936408852604841,EEM,"ARIMA(1,0,1)"
2016-10-04,0.0007611767176540242,EEM,"ARIMA(1,0,1)"
2016-10-05,-0.00011514049103081384,EEM,"ARIMA(1,0,1)"
2016-10-06,0.0010990907280878737,EEM,"ARIMA(1,0,1)"
2016-10-07,0.0003658672888099836,EEM,"ARIMA(1,0,1)"
2016-10-10,0.00012248786254302622,EEM,"ARIMA(1,0,1)"
2016-10-11,0.0007272527754327411,EEM,"ARIMA(1,0,1)"
2016-10-12,-0.00042042142310371426,EEM,"ARIMA(1,0,1)"
2016-10-13,0.0002850490488633273,EEM,"ARIMA(1,0,1)"
2016-10-14,-2.282471559753187e-05,EEM,"ARIMA(1,0,1)"
2016-10-17,0.00021238387821675742,EEM,"ARIMA(1,0,1)"
2016-10-18,0.00011327553275991861,EEM,"ARIMA(1,0,1)"
2016-10-19,0.0008744165876322881,EEM,"ARIMA(1,0,1)"
2016-10-20,0.00041760810153793873,EEM,"ARIMA(1,0,1)"
2016-10-21,0.00021506640386181796,EEM,"ARIMA(1,0,1)"
2016-10-24,0.00025223160841775314,EEM,"ARIMA(1,0,1)"
2016-10-25,0.00036983565916154945,EEM,"ARIMA(1,0,1)"
2016-10-26,0.00029207954977775565,EEM,"ARIMA(1,0,1)"
2016-10-27,-2.5285920358217046e-05,EEM,"ARIMA(1,0,1)"
2016-10-28,6.952506304048713e-05,EEM,"ARIMA(1,0,1)"
2016-10-31,0.00021479471077243557,EEM,"ARIMA(1,0,1)"
2016-11-01,0.0004954456104754237,EEM,"ARIMA(1,0,1)"
2016-11-02,-2.2263270953745186e-05,EEM,"ARIMA(1,0,1)"
2016-11-03,-0.00013646580576381112,EEM,"ARIMA(1,0,1)"
2016-11-04,0.0001292096940092406,EEM,"ARIMA(1,0,1)"
2016-11-07,-0.00011336534923590046,EEM,"ARIMA(1,0,1)"
2016-11-08,0.0006802231905594029,EEM,"ARIMA(1,0,1)"
2016-11-09,0.00039824003404474446,EEM,"ARIMA(1,0,1)"
2016-11-10,6.176774014465358e-06,EEM,"ARIMA(1,0,1)"
2016-11-11,-0.00037383659199600674,EEM,"ARIMA(1,0,1)"
2016-11-14,-0.000753056812672438,EEM,"ARIMA(1,0,1)"
2016-11-15,-6.318066653175861e-05,EEM,"ARIMA(1,0,1)"
2016-11-16,0.001080649292071195,EEM,"ARIMA(1,0,1)"
2016-11-17,-0.00015672639956884447,EEM,"ARIMA(1,0,1)"
2016-11-18,0.00015699354384799357,EEM,"ARIMA(1,0,1)"
2016-11-21,-0.0001307761259411476,EEM,"ARIMA(1,0,1)"
2016-11-22,0.00047828262048879154,EEM,"ARIMA(1,0,1)"
2016-11-23,0.0008347527870450481,EEM,"ARIMA(1,0,1)"
2016-11-25,-0.00023504826629297727,EEM,"ARIMA(1,0,1)"
2016-11-28,0.00027857547605231967,EEM,"ARIMA(1,0,1)"
2016-11-29,0.00043121987012488766,EEM,"ARIMA(1,0,1)"
2016-11-30,0.0003094312636293204,EEM,"ARIMA(1,0,1)"
2016-12-01,0.0002825194133475985,EEM,"ARIMA(1,0,1)"
2016-12-02,-4.638724239378579e-05,EEM,"ARIMA(1,0,1)"
2016-12-05,0.000210612231943016,EEM,"ARIMA(1,0,1)"
2016-12-06,0.0004548383984039458,EEM,"ARIMA(1,0,1)"
2016-12-07,0.0006020870334692724,EEM,"ARIMA(1,0,1)"
2016-12-08,0.0005138763249599222,EEM,"ARIMA(1,0,1)"
2016-12-09,0.0003916578682985997,EEM,"ARIMA(1,0,1)"
2016-12-12,0.0005067907158351072,EEM,"ARIMA(1,0,1)"
2016-12-13,0.00032873790103524116,EEM,"ARIMA(1,0,1)"
2016-12-14,0.0008921598370708376,EEM,"ARIMA(1,0,1)"
2016-12-15,-0.0004491800484156614,EEM,"ARIMA(1,0,1)"
2016-12-16,0.00036857710364863116,EEM,"ARIMA(1,0,1)"
2016-12-19,0.0003493208320268161,EEM,"ARIMA(1,0,1)"
2016-12-20,0.0001150047980537684,EEM,"ARIMA(1,0,1)"
2016-12-21,0.0003363269534927196,EEM,"ARIMA(1,0,1)"
2016-12-22,0.0002582755186166375,EEM,"ARIMA(1,0,1)"
2016-12-23,-1.6573251225215902e-05,EEM,"ARIMA(1,0,1)"
2016-12-27,0.00024600541927734287,EEM,"ARIMA(1,0,1)"
2016-12-28,0.0003895808940335055,EEM,"ARIMA(1,0,1)"
2016-12-29,0.0005005862801270755,EEM,"ARIMA(1,0,1)"
2016-12-30,0.0009340018085381919,EEM,"ARIMA(1,0,1)"
2017-01-03,0.0002911358189823818,EEM,"ARIMA(1,0,1)"
2017-01-04,-6.0107414976830783e-05,EEM,"ARIMA(1,0,1)"
2017-01-05,-0.00048540439176352976,EEM,"ARIMA(1,0,1)"
2017-01-06,0.0007565564719689188,EEM,"ARIMA(1,0,1)"
2017-01-09,0.000791886146739594,EEM,"ARIMA(1,0,1)"
2017-01-10,0.000850687120067128,EEM,"ARIMA(1,0,1)"
2017-01-11,0.000821274028651033,EEM,"ARIMA(1,0,1)"
2017-01-12,-0.0005771348240349983,EEM,"ARIMA(1,0,1)"
2017-01-13,-0.0006272762141967535,EEM,"ARIMA(1,0,1)"
2017-01-17,0.0009017255426842671,EEM,"ARIMA(1,0,1)"
2017-01-18,0.001003096179828755,EEM,"ARIMA(1,0,1)"
2017-01-19,0.0007202847970812162,EEM,"ARIMA(1,0,1)"
2017-01-20,0.0010087676885722106,EEM,"ARIMA(1,0,1)"
2017-01-23,0.001162145878089624,EEM,"ARIMA(1,0,1)"
2017-01-24,0.0018963504555035773,EEM,"ARIMA(1,0,1)"
2017-01-25,0.0014003602377122525,EEM,"ARIMA(1,0,1)"
2017-01-26,0.0016739136573923068,EEM,"ARIMA(1,0,1)"
2017-01-27,0.0008225728483831115,EEM,"ARIMA(1,0,1)"
2017-01-30,0.0009730465457587489,EEM,"ARIMA(1,0,1)"
2017-01-31,0.00027441006221738836,EEM,"ARIMA(1,0,1)"
2017-02-01,0.0009366842703356274,EEM,"ARIMA(1,0,1)"
2017-02-02,0.0009163473478609192,EEM,"ARIMA(1,0,1)"
2017-02-03,0.0012005103849381704,EEM,"ARIMA(1,0,1)"
2017-02-06,0.0013327525717169361,EEM,"ARIMA(1,0,1)"
2017-02-07,0.0007906951974051271,EEM,"ARIMA(1,0,1)"
2017-02-08,0.0005212362823741605,EEM,"ARIMA(1,0,1)"
2017-02-09,0.0014468034960503158,EEM,"ARIMA(1,0,1)"
2017-02-10,0.0013862010821872194,EEM,"ARIMA(1,0,1)"
2017-02-13,0.0017473345875764707,EEM,"ARIMA(1,0,1)"
2017-02-14,0.0013962781346329566,EEM,"ARIMA(1,0,1)"
2017-02-15,0.0010854485927718053,EEM,"ARIMA(1,0,1)"
2017-02-16,0.0015356855924004015,EEM,"ARIMA(1,0,1)"
2017-02-17,0.0007068342000128043,EEM,"ARIMA(1,0,1)"
2017-02-21,0.0005417622615361346,EEM,"ARIMA(1,0,1)"
2017-02-22,0.00177257913493365,EEM,"ARIMA(1,0,1)"
2017-02-23,0.0013368892373948832,EEM,"ARIMA(1,0,1)"
2017-02-24,0.0010319258677932558,EEM,"ARIMA(1,0,1)"
2017-02-27,-4.3499921188251776e-05,EEM,"ARIMA(1,0,1)"
2017-02-28,0.0005849423128591487,EEM,"ARIMA(1,0,1)"
2017-03-01,0.00012146085272514179,EEM,"ARIMA(1,0,1)"
2017-03-02,0.0007478317083060651,EEM,"ARIMA(1,0,1)"
2017-03-03,0.001885208065186263,EEM,"ARIMA(1,0,1)"
2017-03-06,0.0008349937885844069,EEM,"ARIMA(1,0,1)"
2017-03-07,0.0007236997390568013,EEM,"ARIMA(1,0,1)"
2017-03-08,0.0010164235965556935,EEM,"ARIMA(1,0,1)"
2017-03-09,0.0014632995637293453,EEM,"ARIMA(1,0,1)"
2017-03-10,0.0016693885691033553,EEM,"ARIMA(1,0,1)"
2017-03-13,0.0009126497406265537,EEM,"ARIMA(1,0,1)"
2017-03-14,0.0003249688024792374,EEM,"ARIMA(1,0,1)"
2017-03-15,0.0007226522417757909,EEM,"ARIMA(1,0,1)"
2017-03-16,-0.0006874938398082881,EEM,"ARIMA(1,0,1)"
2017-03-17,-0.0008303075157390675,EEM,"ARIMA(1,0,1)"
2017-03-20,-0.0005377055789834438,EEM,"ARIMA(1,0,1)"
2017-03-21,-0.0007139554488721999,EEM,"ARIMA(1,0,1)"
2017-03-22,0.001260237045964071,EEM,"ARIMA(1,0,1)"
2017-03-23,0.0008785892551830248,EEM,"ARIMA(1,0,1)"
2017-03-24,-0.0006788394634595566,EEM,"ARIMA(1,0,1)"
2017-03-27,-0.0005469039455810133,EEM,"ARIMA(1,0,1)"
2017-03-28,0.0005994111570425866,EEM,"ARIMA(1,0,1)"
2017-03-29,0.000789696820415197,EEM,"ARIMA(1,0,1)"
2017-03-30,0.000712367146799628,EEM,"ARIMA(1,0,1)"
2017-03-31,0.0004217454453237558,EEM,"ARIMA(1,0,1)"
2017-04-03,0.0003377338646614844,EEM,"ARIMA(1,0,1)"
2017-04-04,0.0008570122662358958,EEM,"ARIMA(1,0,1)"
2017-04-05,0.0009270696492363091,EEM,"ARIMA(1,0,1)"
2017-04-06,0.0010164513532396541,EEM,"ARIMA(1,0,1)"
2017-04-07,0.00016986909775407633,EEM,"ARIMA(1,0,1)"
2017-04-10,0.0009604392422613369,EEM,"ARIMA(1,0,1)"
2017-04-11,0.00044688775384181577,EEM,"ARIMA(1,0,1)"
2017-04-12,0.0007995209561205277,EEM,"ARIMA(1,0,1)"
2017-04-13,0.0003444449361341977,EEM,"ARIMA(1,0,1)"
2017-04-17,0.0005825597820831631,EEM,"ARIMA(1,0,1)"
2017-04-18,0.0009996140152550362,EEM,"ARIMA(1,0,1)"
2017-04-19,8.606235066701672e-05,EEM,"ARIMA(1,0,1)"
2017-04-20,0.00020597290763431174,EEM,"ARIMA(1,0,1)"
2017-04-21,0.0009291723645818732,EEM,"ARIMA(1,0,1)"
2017-04-24,0.0005335972235331834,EEM,"ARIMA(1,0,1)"
2017-04-25,0.001047448760744634,EEM,"ARIMA(1,0,1)"
2017-04-26,0.0009809268431055361,EEM,"ARIMA(1,0,1)"
2017-04-27,0.0006424911120484402,EEM,"ARIMA(1,0,1)"
2017-04-28,0.0006145784957991796,EEM,"ARIMA(1,0,1)"
2017-05-01,0.0006879499515230795,EEM,"ARIMA(1,0,1)"
2017-05-02,0.0008655874145359945,EEM,"ARIMA(1,0,1)"
2017-05-03,0.0009285294853799917,EEM,"ARIMA(1,0,1)"
2017-05-04,0.0008280494768979627,EEM,"ARIMA(1,0,1)"
2017-05-05,0.0008483237717429114,EEM,"ARIMA(1,0,1)"
2017-05-08,0.0008823032094542558,EEM,"ARIMA(1,0,1)"
2017-05-09,0.0008752209141808095,EEM,"ARIMA(1,0,1)"
2017-05-10,0.0009764507800111265,EEM,"ARIMA(1,0,1)"
2017-05-11,0.0009273001772544154,EEM,"ARIMA(1,0,1)"
2017-05-12,0.000945675371979437,EEM,"ARIMA(1,0,1)"
2017-05-15,0.0009730175632326198,EEM,"ARIMA(1,0,1)"
2017-05-16,0.00137010051079071,EEM,"ARIMA(1,0,1)"
2017-05-17,0.0010302001168871681,EEM,"ARIMA(1,0,1)"
2017-05-18,0.00040848894438628536,EEM,"ARIMA(1,0,1)"
2017-05-19,0.00029013242925636257,EEM,"ARIMA(1,0,1)"
2017-05-22,0.0016910668382805493,EEM,"ARIMA(1,0,1)"
2017-05-23,0.0010348141229266966,EEM,"ARIMA(1,0,1)"
2017-05-24,0.0010567970288418978,EEM,"ARIMA(1,0,1)"
2017-05-25,0.0011141688036440918,EEM,"ARIMA(1,0,1)"
2017-05-26,0.001105582211600585,EEM,"ARIMA(1,0,1)"
2017-05-30,0.0010617446029985741,EEM,"ARIMA(1,0,1)"
2017-05-31,0.0009740943760874877,EEM,"ARIMA(1,0,1)"
2017-06-01,0.0006938531424568005,EEM,"ARIMA(1,0,1)"
2017-06-02,0.0009754554090832687,EEM,"ARIMA(1,0,1)"
2017-06-05,0.0009634339683949306,EEM,"ARIMA(1,0,1)"
2017-06-06,0.00089847846218068,EEM,"ARIMA(1,0,1)"
2017-06-07,0.0008579089378932504,EEM,"ARIMA(1,0,1)"
2017-06-08,0.0008169599754671218,EEM,"ARIMA(1,0,1)"
2017-06-09,0.0008121089427255184,EEM,"ARIMA(1,0,1)"
2017-06-12,0.0008275564387208051,EEM,"ARIMA(1,0,1)"
2017-06-13,0.0009092630272286721,EEM,"ARIMA(1,0,1)"
2017-06-14,0.0009840687639848047,EEM,"ARIMA(1,0,1)"
2017-06-15,0.0009967078331526544,EEM,"ARIMA(1,0,1)"
2017-06-16,0.0009134995046325013,EEM,"ARIMA(1,0,1)"
2017-06-19,0.0009345561706494465,EEM,"ARIMA(1,0,1)"
2017-06-20,0.0009619962134636191,EEM,"ARIMA(1,0,1)"
2017-06-21,0.001043364305375586,EEM,"ARIMA(1,0,1)"
2017-06-22,0.0008029561970324328,EEM,"ARIMA(1,0,1)"
2017-06-23,0.0011329167661359488,EEM,"ARIMA(1,0,1)"
2017-06-26,0.0009370718253867173,EEM,"ARIMA(1,0,1)"
2017-06-27,0.0010492476345307666,EEM,"ARIMA(1,0,1)"
2017-06-28,0.0010536901064931048,EEM,"ARIMA(1,0,1)"
2017-06-29,0.0009695352970021163,EEM,"ARIMA(1,0,1)"
2017-06-30,0.000820787084681624,EEM,"ARIMA(1,0,1)"
2017-07-03,0.0007994912971759394,EEM,"ARIMA(1,0,1)"
2017-07-05,0.0007835357122210667,EEM,"ARIMA(1,0,1)"
2017-07-06,0.00086237642792306,EEM,"ARIMA(1,0,1)"
2017-07-07,0.0008250196163172123,EEM,"ARIMA(1,0,1)"
2017-07-10,0.0008432681798086547,EEM,"ARIMA(1,0,1)"
2017-07-11,0.0007957377832548321,EEM,"ARIMA(1,0,1)"
2017-07-12,0.00079025709261412,EEM,"ARIMA(1,0,1)"
2017-07-13,0.00028022163765485826,EEM,"ARIMA(1,0,1)"
2017-07-14,0.0008370419259926008,EEM,"ARIMA(1,0,1)"
2017-07-17,0.0008312947916567082,EEM,"ARIMA(1,0,1)"
2017-07-18,0.0008231137740049563,EEM,"ARIMA(1,0,1)"
2017-07-19,0.0007980068491386295,EEM,"ARIMA(1,0,1)"
2017-07-20,0.0008704179174818948,EEM,"ARIMA(1,0,1)"
2017-07-21,0.0008475191542774946,EEM,"ARIMA(1,0,1)"
2017-07-24,0.0008553709253136426,EEM,"ARIMA(1,0,1)"
2017-07-25,0.000839396027909901,EEM,"ARIMA(1,0,1)"
2017-07-26,0.0008690284614912674,EEM,"ARIMA(1,0,1)"
2017-07-27,0.0008705090005423668,EEM,"ARIMA(1,0,1)"
2017-07-28,0.0008354784033817277,EEM,"ARIMA(1,0,1)"
2017-07-31,0.0008326348891880183,EEM,"ARIMA(1,0,1)"
2017-08-01,0.0008162888244602611,EEM,"ARIMA(1,0,1)"
2017-08-02,0.0008354833845843612,EEM,"ARIMA(1,0,1)"
2017-08-03,0.000866505631502688,EEM,"ARIMA(1,0,1)"
2017-08-04,0.0008394617951938996,EEM,"ARIMA(1,0,1)"
2017-08-07,0.0008302937242960886,EEM,"ARIMA(1,0,1)"
2017-08-08,0.0008144942031396312,EEM,"ARIMA(1,0,1)"
2017-08-09,0.0007860961342063504,EEM,"ARIMA(1,0,1)"
2017-08-10,0.0007207137244118528,EEM,"ARIMA(1,0,1)"
2017-08-11,0.0006246909008153015,EEM,"ARIMA(1,0,1)"
2017-08-14,0.0005839308257033557,EEM,"ARIMA(1,0,1)"
2017-08-15,0.0006371473846916865,EEM,"ARIMA(1,0,1)"
2017-08-16,0.000603915940216059,EEM,"ARIMA(1,0,1)"
2017-08-17,0.0006610621877300956,EEM,"ARIMA(1,0,1)"
2017-08-18,0.0006354266231660868,EEM,"ARIMA(1,0,1)"
2017-08-21,0.0006326870536972123,EEM,"ARIMA(1,0,1)"
2017-08-22,0.0006675450364977526,EEM,"ARIMA(1,0,1)"
2017-08-23,0.000768995431776973,EEM,"ARIMA(1,0,1)"
2017-08-24,0.0008039260874128009,EEM,"ARIMA(1,0,1)"
2017-08-25,0.0008056568329562291,EEM,"ARIMA(1,0,1)"
2017-08-28,0.0008225345177483766,EEM,"ARIMA(1,0,1)"
2017-08-29,0.000842448342543878,EEM,"ARIMA(1,0,1)"
2017-08-30,0.0008058639523220463,EEM,"ARIMA(1,0,1)"
2017-08-31,0.0008217294896198511,EEM,"ARIMA(1,0,1)"
2017-09-01,0.0008732742414050603,EEM,"ARIMA(1,0,1)"
2017-09-05,0.000872135725098719,EEM,"ARIMA(1,0,1)"
2017-09-06,0.0011336252888011935,EEM,"ARIMA(1,0,1)"
2017-09-07,0.0006963998669453672,EEM,"ARIMA(1,0,1)"
2017-09-08,0.0007383119520969768,EEM,"ARIMA(1,0,1)"
2017-09-11,0.0009849217450877282,EEM,"ARIMA(1,0,1)"
2017-09-12,0.0006095365113187712,EEM,"ARIMA(1,0,1)"
2017-09-13,0.0006724844483643471,EEM,"ARIMA(1,0,1)"
2017-09-14,0.0009604803781451354,EEM,"ARIMA(1,0,1)"
2017-09-15,0.0009588268832032331,EEM,"ARIMA(1,0,1)"
2017-09-18,0.00010560255145062464,EEM,"ARIMA(1,0,1)"
2017-09-19,0.0007597070576933392,EEM,"ARIMA(1,0,1)"
2017-09-20,0.0007128254462686317,EEM,"ARIMA(1,0,1)"
2017-09-21,0.0008614091819160737,EEM,"ARIMA(1,0,1)"
2017-09-22,0.0008254416716991811,EEM,"ARIMA(1,0,1)"
2017-09-25,0.0008249819961644576,EEM,"ARIMA(1,0,1)"
2017-09-26,0.0012063276736946728,EEM,"ARIMA(1,0,1)"
2017-09-27,0.0007838300854451177,EEM,"ARIMA(1,0,1)"
2017-09-28,0.000713080057552284,EEM,"ARIMA(1,0,1)"
2017-09-29,0.0006747880894340275,EEM,"ARIMA(1,0,1)"
2017-10-02,0.0007896186594932036,EEM,"ARIMA(1,0,1)"
2017-10-03,0.0007734241176197036,EEM,"ARIMA(1,0,1)"
2017-10-04,0.0008081122388938631,EEM,"ARIMA(1,0,1)"
2017-10-05,0.0008513251430717064,EEM,"ARIMA(1,0,1)"
2017-10-06,0.000824101429710639,EEM,"ARIMA(1,0,1)"
2017-10-09,0.0008009493471472126,EEM,"ARIMA(1,0,1)"
2017-10-10,0.0008161957999040276,EEM,"ARIMA(1,0,1)"
2017-10-11,0.0008128971164315674,EEM,"ARIMA(1,0,1)"
2017-10-12,0.0009239822834100692,EEM,"ARIMA(1,0,1)"
2017-10-13,0.0009289750618124559,EEM,"ARIMA(1,0,1)"
2017-10-16,0.0009995113400114773,EEM,"ARIMA(1,0,1)"
2017-10-17,0.0009899292989282266,EEM,"ARIMA(1,0,1)"
2017-10-18,0.0009736075509129107,EEM,"ARIMA(1,0,1)"
2017-10-19,0.000915832806132855,EEM,"ARIMA(1,0,1)"
2017-10-20,0.0008564154134888782,EEM,"ARIMA(1,0,1)"
2017-10-23,0.0008826470426008775,EEM,"ARIMA(1,0,1)"
2017-10-24,0.0008527205870045773,EEM,"ARIMA(1,0,1)"
2017-10-25,0.0008363440517592938,EEM,"ARIMA(1,0,1)"
2017-10-26,0.0008230050069642352,EEM,"ARIMA(1,0,1)"
2017-10-27,0.0008382448326267693,EEM,"ARIMA(1,0,1)"
2017-10-30,0.0009283702873333198,EEM,"ARIMA(1,0,1)"
2017-10-31,0.0009194295995768852,EEM,"ARIMA(1,0,1)"
2017-11-01,0.0009338224940288798,EEM,"ARIMA(1,0,1)"
2017-11-02,0.0009862224348005835,EEM,"ARIMA(1,0,1)"
2017-11-03,0.0010332558101083741,EEM,"ARIMA(1,0,1)"
2017-11-06,0.001028761323552257,EEM,"ARIMA(1,0,1)"
2017-11-07,0.0011127092029911236,EEM,"ARIMA(1,0,1)"
2017-11-08,0.0012164726833955649,EEM,"ARIMA(1,0,1)"
2017-11-09,0.000852062368967497,EEM,"ARIMA(1,0,1)"
2017-11-10,0.0015715281931494719,EEM,"ARIMA(1,0,1)"
2017-11-13,0.001604878791471044,EEM,"ARIMA(1,0,1)"
2017-11-14,0.001479592027668132,EEM,"ARIMA(1,0,1)"
2017-11-15,0.0019231233122972767,EEM,"ARIMA(1,0,1)"
2017-11-16,0.001584337629947108,EEM,"ARIMA(1,0,1)"
2017-11-17,-0.0007320812321576697,EEM,"ARIMA(1,0,1)"
2017-11-20,0.0011365137883822428,EEM,"ARIMA(1,0,1)"
2017-11-21,0.0009202013444921696,EEM,"ARIMA(1,0,1)"
2017-11-22,0.0003714034082428115,EEM,"ARIMA(1,0,1)"
2017-11-24,0.0013891402553952877,EEM,"ARIMA(1,0,1)"
2017-11-27,0.0015275340246225571,EEM,"ARIMA(1,0,1)"
2017-11-28,0.00239207674524935,EEM,"ARIMA(1,0,1)"
2017-11-29,0.0003752597129885111,EEM,"ARIMA(1,0,1)"
2017-11-30,0.0030367870480486683,EEM,"ARIMA(1,0,1)"
2017-12-01,0.0014441608570090764,EEM,"ARIMA(1,0,1)"
2017-12-04,0.001484415877412157,EEM,"ARIMA(1,0,1)"
2017-12-05,0.0009557489638424612,EEM,"ARIMA(1,0,1)"
2017-12-06,0.0012891401707575418,EEM,"ARIMA(1,0,1)"
2017-12-07,0.002081035206043155,EEM,"ARIMA(1,0,1)"
2017-12-08,0.0005094425831767145,EEM,"ARIMA(1,0,1)"
2017-12-11,0.0003042298261488651,EEM,"ARIMA(1,0,1)"
2017-12-12,0.0008694796938450166,EEM,"ARIMA(1,0,1)"
2017-12-13,0.0016338939822963723,EEM,"ARIMA(1,0,1)"
2017-12-14,0.00024134193588483226,EEM,"ARIMA(1,0,1)"
2017-12-15,0.0019873752331289575,EEM,"ARIMA(1,0,1)"
2017-12-18,0.0008259374175725155,EEM,"ARIMA(1,0,1)"
2017-12-19,0.0004997765594608611,EEM,"ARIMA(1,0,1)"
2017-12-20,0.0018461650581724934,EEM,"ARIMA(1,0,1)"
2017-12-21,0.0010653468941630607,EEM,"ARIMA(1,0,1)"
2017-12-22,0.0008445862211364685,EEM,"ARIMA(1,0,1)"
2017-12-26,0.0008226752315187483,EEM,"ARIMA(1,0,1)"
2017-12-27,0.0015227121288642319,EEM,"ARIMA(1,0,1)"
2017-12-28,0.0011374098340604555,EEM,"ARIMA(1,0,1)"
2017-12-29,0.0008772356168592242,EEM,"ARIMA(1,0,1)"
2018-01-02,0.0010164256717773536,EEM,"ARIMA(1,0,1)"
2018-01-03,4.9314132852948216e-05,EEM,"ARIMA(1,0,1)"
2018-01-04,0.0009953197041126165,EEM,"ARIMA(1,0,1)"
2018-01-05,0.0011538335261410617,EEM,"ARIMA(1,0,1)"
2018-01-08,0.0009295872411628383,EEM,"ARIMA(1,0,1)"
2018-01-09,0.001486260342568943,EEM,"ARIMA(1,0,1)"
2018-01-10,0.0014637909082242326,EEM,"ARIMA(1,0,1)"
2018-01-11,0.0016873842336364655,EEM,"ARIMA(1,0,1)"
2018-01-12,0.0008353018932526668,EEM,"ARIMA(1,0,1)"
2018-01-16,0.0008287505748306833,EEM,"ARIMA(1,0,1)"
2018-01-17,0.0016606155327875717,EEM,"ARIMA(1,0,1)"
2018-01-18,0.0004087272380056961,EEM,"ARIMA(1,0,1)"
2018-01-19,0.001527236488591207,EEM,"ARIMA(1,0,1)"
2018-01-22,0.0008321397539663472,EEM,"ARIMA(1,0,1)"
2018-01-23,0.0010981749368710481,EEM,"ARIMA(1,0,1)"
2018-01-24,0.0011465669482921134,EEM,"ARIMA(1,0,1)"
2018-01-25,0.0008910639242566962,EEM,"ARIMA(1,0,1)"
2018-01-26,0.0014876392980596618,EEM,"ARIMA(1,0,1)"
2018-01-29,0.0004658848005514506,EEM,"ARIMA(1,0,1)"
2018-01-30,0.002910014864487307,EEM,"ARIMA(1,0,1)"
2018-01-31,0.0022054053174973233,EEM,"ARIMA(1,0,1)"
2018-02-01,0.0007050385069019403,EEM,"ARIMA(1,0,1)"
2018-02-02,0.002501928391954447,EEM,"ARIMA(1,0,1)"
2018-02-05,0.0028033579636311838,EEM,"ARIMA(1,0,1)"
2018-02-06,0.0009731841195368508,EEM,"ARIMA(1,0,1)"
2018-02-07,-0.0007204930291298038,EEM,"ARIMA(1,0,1)"
2018-02-08,0.004787313555759673,EEM,"ARIMA(1,0,1)"
2018-02-09,0.0027308640826425156,EEM,"ARIMA(1,0,1)"
2018-02-12,-0.00046456556187541263,EEM,"ARIMA(1,0,1)"
2018-02-13,0.00108264151080323,EEM,"ARIMA(1,0,1)"
2018-02-14,-4.0129151584192974e-05,EEM,"ARIMA(1,0,1)"
2018-02-15,0.0008552084732770355,EEM,"ARIMA(1,0,1)"
2018-02-16,0.00106946152490808,EEM,"ARIMA(1,0,1)"
2018-02-20,0.0010710872019571958,EEM,"ARIMA(1,0,1)"
2018-02-21,0.0010324922667213987,EEM,"ARIMA(1,0,1)"
2018-02-22,0.0009838886431936926,EEM,"ARIMA(1,0,1)"
2018-02-23,0.0009753996054226888,EEM,"ARIMA(1,0,1)"
2018-02-26,0.0010451369041200166,EEM,"ARIMA(1,0,1)"
2018-02-27,0.001128731387799983,EEM,"ARIMA(1,0,1)"
2018-02-28,0.0010240129082676422,EEM,"ARIMA(1,0,1)"
2018-03-01,0.0010047157421354,EEM,"ARIMA(1,0,1)"
2018-03-02,0.0009365792591871918,EEM,"ARIMA(1,0,1)"
2018-03-05,0.0010233788304903446,EEM,"ARIMA(1,0,1)"
2018-03-06,0.000998989120971352,EEM,"ARIMA(1,0,1)"
2018-03-07,0.0010339383423730872,EEM,"ARIMA(1,0,1)"
2018-03-08,0.0010339134878118326,EEM,"ARIMA(1,0,1)"
2018-03-09,0.001072251202325441,EEM,"ARIMA(1,0,1)"
2018-03-12,0.001186561226257266,EEM,"ARIMA(1,0,1)"
2018-03-13,0.0011519777712480856,EEM,"ARIMA(1,0,1)"
2018-03-14,0.0010610307092474972,EEM,"ARIMA(1,0,1)"
2018-03-15,0.0010901960392210174,EEM,"ARIMA(1,0,1)"
2018-03-16,0.0009745374304753716,EEM,"ARIMA(1,0,1)"
2018-03-19,0.0009415468800673912,EEM,"ARIMA(1,0,1)"
2018-03-20,0.0009056042062683857,EEM,"ARIMA(1,0,1)"
2018-03-21,0.0009032042650826564,EEM,"ARIMA(1,0,1)"
2018-03-22,0.000969347395390724,EEM,"ARIMA(1,0,1)"
2018-03-23,0.0008171719178646116,EEM,"ARIMA(1,0,1)"
2018-03-26,0.0005728342756540827,EEM,"ARIMA(1,0,1)"
2018-03-27,-0.000380759985802689,EEM,"ARIMA(1,0,1)"
2018-03-28,0.0007891625495082209,EEM,"ARIMA(1,0,1)"
2018-03-29,0.0007584598582759113,EEM,"ARIMA(1,0,1)"
2018-04-02,0.0008338529930687049,EEM,"ARIMA(1,0,1)"
2018-04-03,0.0007826327049092332,EEM,"ARIMA(1,0,1)"
2018-04-04,0.004663360565786329,EEM,"ARIMA(1,0,1)"
2018-04-05,0.0008277537377229691,EEM,"ARIMA(1,0,1)"
2018-04-06,0.0008356496217583073,EEM,"ARIMA(1,0,1)"
2018-04-09,0.001222192365155883,EEM,"ARIMA(1,0,1)"
2018-04-10,0.0003611300580829124,EEM,"ARIMA(1,0,1)"
2018-04-11,0.000952847183329584,EEM,"ARIMA(1,0,1)"
2018-04-12,0.000829437837550744,EEM,"ARIMA(1,0,1)"
2018-04-13,0.0009442322867306372,EEM,"ARIMA(1,0,1)"
2018-04-16,0.0008513157470653184,EEM,"ARIMA(1,0,1)"
2018-04-17,0.0008243944202732408,EEM,"ARIMA(1,0,1)"
2018-04-18,0.000836947926822686,EEM,"ARIMA(1,0,1)"
2018-04-19,0.0008634897240022537,EEM,"ARIMA(1,0,1)"
2018-04-20,0.0009913602097779504,EEM,"ARIMA(1,0,1)"
2018-04-23,0.0008443889759897527,EEM,"ARIMA(1,0,1)"
2018-04-24,-0.00014783260987921481,EEM,"ARIMA(1,0,1)"
2018-04-25,0.0007123367397557155,EEM,"ARIMA(1,0,1)"
2018-04-26,0.0006433328487520642,EEM,"ARIMA(1,0,1)"
2018-04-27,0.0006776864479164062,EEM,"ARIMA(1,0,1)"
2018-04-30,0.0007209262582671195,EEM,"ARIMA(1,0,1)"
2018-05-01,0.0007085703039753559,EEM,"ARIMA(1,0,1)"
2018-05-02,0.0006571947946058637,EEM,"ARIMA(1,0,1)"
2018-05-03,0.0006049852719773572,EEM,"ARIMA(1,0,1)"
2018-05-04,0.000580662533250487,EEM,"ARIMA(1,0,1)"
2018-05-07,0.0006972483484675291,EEM,"ARIMA(1,0,1)"
2018-05-08,0.0005702704736606137,EEM,"ARIMA(1,0,1)"
2018-05-09,0.0006683589456745984,EEM,"ARIMA(1,0,1)"
2018-05-10,0.0005912395566713279,EEM,"ARIMA(1,0,1)"
2018-05-11,0.003716828293161313,EEM,"ARIMA(1,0,1)"
2018-05-14,0.0007150115615234151,EEM,"ARIMA(1,0,1)"
2018-05-15,0.0032704236622029953,EEM,"ARIMA(1,0,1)"
2018-05-16,0.001139513696357731,EEM,"ARIMA(1,0,1)"
2018-05-17,0.002787073261777293,EEM,"ARIMA(1,0,1)"
2018-05-18,-0.001769037930467506,EEM,"ARIMA(1,0,1)"
2018-05-21,-0.0002100864007155306,EEM,"ARIMA(1,0,1)"
2018-05-22,-0.0012902223389083477,EEM,"ARIMA(1,0,1)"
2018-05-23,0.0019614759533610553,EEM,"ARIMA(1,0,1)"
2018-05-24,-0.0014092191027411543,EEM,"ARIMA(1,0,1)"
2018-05-25,0.0020491206667260188,EEM,"ARIMA(1,0,1)"
2018-05-29,0.00025933244469530394,EEM,"ARIMA(1,0,1)"
2018-05-30,0.0010916776577495405,EEM,"ARIMA(1,0,1)"
2018-05-31,0.002004977120399527,EEM,"ARIMA(1,0,1)"
2018-06-01,-0.0005809519060661771,EEM,"ARIMA(1,0,1)"
2018-06-04,0.0012370458720545618,EEM,"ARIMA(1,0,1)"
2018-06-05,0.0003609408215606922,EEM,"ARIMA(1,0,1)"
2018-06-06,0.00028958162785164786,EEM,"ARIMA(1,0,1)"
2018-06-07,0.001349041223125991,EEM,"ARIMA(1,0,1)"
2018-06-08,1.0681680074024129e-05,EEM,"ARIMA(1,0,1)"
2018-06-11,0.0006931938964380867,EEM,"ARIMA(1,0,1)"
2018-06-12,0.0003754125156498134,EEM,"ARIMA(1,0,1)"
2018-06-13,0.0005224117573893315,EEM,"ARIMA(1,0,1)"
2018-06-14,-0.0008481783285289212,EEM,"ARIMA(1,0,1)"
2018-06-15,0.001271273974752494,EEM,"ARIMA(1,0,1)"
2018-06-18,0.00019417804081536908,EEM,"ARIMA(1,0,1)"
2018-06-19,0.0008370014806932781,EEM,"ARIMA(1,0,1)"
2018-06-20,-0.0001009334511921296,EEM,"ARIMA(1,0,1)"
2018-06-21,-0.0006865148395940792,EEM,"ARIMA(1,0,1)"
2018-06-22,-0.0012633604832501192,EEM,"ARIMA(1,0,1)"
2018-06-25,-0.0006975749756977029,EEM,"ARIMA(1,0,1)"
2018-06-26,0.0014880186956797554,EEM,"ARIMA(1,0,1)"
2018-06-27,-0.0011549413497390693,EEM,"ARIMA(1,0,1)"
2018-06-28,0.0009068614287184363,EEM,"ARIMA(1,0,1)"
2018-06-29,0.0016049256680255013,EEM,"ARIMA(1,0,1)"
2018-07-02,0.001682909595181764,EEM,"ARIMA(1,0,1)"
2018-07-03,-0.0007271839329968915,EEM,"ARIMA(1,0,1)"
2018-07-05,0.0006749078533845505,EEM,"ARIMA(1,0,1)"
2018-07-06,-0.0005146361030373512,EEM,"ARIMA(1,0,1)"
2018-07-09,-8.743465748025579e-05,EEM,"ARIMA(1,0,1)"
2018-07-10,-0.000657450676730037,EEM,"ARIMA(1,0,1)"
2018-07-11,-0.0004467196410927797,EEM,"ARIMA(1,0,1)"
2018-07-12,-5.6133032099002316e-05,EEM,"ARIMA(1,0,1)"
2018-07-13,0.0003193194462486979,EEM,"ARIMA(1,0,1)"
2018-07-16,0.00013081499971214928,EEM,"ARIMA(1,0,1)"
2018-07-17,8.618770459559704e-05,EEM,"ARIMA(1,0,1)"
2018-07-18,0.00020786728582459268,EEM,"ARIMA(1,0,1)"
2018-07-19,0.00035571851346812217,EEM,"ARIMA(1,0,1)"
2018-07-20,-6.134536644306443e-05,EEM,"ARIMA(1,0,1)"
2018-07-23,-0.000851146062686954,EEM,"ARIMA(1,0,1)"
2018-07-24,0.0008116160265785948,EEM,"ARIMA(1,0,1)"
2018-07-25,-0.0008982791626844616,EEM,"ARIMA(1,0,1)"
2018-07-26,0.0002610751731815439,EEM,"ARIMA(1,0,1)"
2018-07-27,0.0001050228564469148,EEM,"ARIMA(1,0,1)"
2018-07-30,0.00014703233005322185,EEM,"ARIMA(1,0,1)"
2018-07-31,0.00018324391057718576,EEM,"ARIMA(1,0,1)"
2018-08-01,-0.00021729141985383176,EEM,"ARIMA(1,0,1)"
2018-08-02,0.0007842103071122177,EEM,"ARIMA(1,0,1)"
2018-08-03,6.799687853673843e-05,EEM,"ARIMA(1,0,1)"
2018-08-06,2.222458118678702e-05,EEM,"ARIMA(1,0,1)"
2018-08-07,0.0007708818188747035,EEM,"ARIMA(1,0,1)"
2018-08-08,-0.00019318914558202443,EEM,"ARIMA(1,0,1)"
2018-08-09,0.00041162788483897365,EEM,"ARIMA(1,0,1)"
2018-08-10,0.0001742697633225521,EEM,"ARIMA(1,0,1)"
2018-08-13,0.0009159663986275286,EEM,"ARIMA(1,0,1)"
2018-08-14,6.968661348604255e-05,EEM,"ARIMA(1,0,1)"
2018-08-15,2.554350195981012e-06,EEM,"ARIMA(1,0,1)"
2018-08-16,-0.00047158504987715173,EEM,"ARIMA(1,0,1)"
2018-08-17,8.020572791917651e-05,EEM,"ARIMA(1,0,1)"
2018-08-20,-0.00010427812975361499,EEM,"ARIMA(1,0,1)"
2018-08-21,4.2857797025292594e-05,EEM,"ARIMA(1,0,1)"
2018-08-22,0.0001594853015624021,EEM,"ARIMA(1,0,1)"
2018-08-23,9.189177911465684e-05,EEM,"ARIMA(1,0,1)"
2018-08-24,-0.00029026734087119377,EEM,"ARIMA(1,0,1)"
2018-08-27,-0.0003449507342525746,EEM,"ARIMA(1,0,1)"
2018-08-28,-8.567856958324183e-05,EEM,"ARIMA(1,0,1)"
2018-08-29,0.0008764150648705449,EEM,"ARIMA(1,0,1)"
2018-08-30,0.00020708599829672762,EEM,"ARIMA(1,0,1)"
2018-08-31,0.00023947137546042463,EEM,"ARIMA(1,0,1)"
2018-09-04,-0.0004170009560593687,EEM,"ARIMA(1,0,1)"
2018-09-05,0.0013609121274805196,EEM,"ARIMA(1,0,1)"
2018-09-06,-0.0001227545189132888,EEM,"ARIMA(1,0,1)"
2018-09-07,-0.00020332074760611606,EEM,"ARIMA(1,0,1)"
2018-09-10,-0.0003142057104546826,EEM,"ARIMA(1,0,1)"
2018-09-11,-0.0006863306412172262,EEM,"ARIMA(1,0,1)"
2018-09-12,-3.441213579987107e-05,EEM,"ARIMA(1,0,1)"
2018-09-13,-0.0010347434548556138,EEM,"ARIMA(1,0,1)"
2018-09-14,0.00027715050032891837,EEM,"ARIMA(1,0,1)"
2018-09-17,-0.0005248034068876151,EEM,"ARIMA(1,0,1)"
2018-09-18,0.00045532946313712823,EEM,"ARIMA(1,0,1)"
2018-09-19,-0.0004249837926614642,EEM,"ARIMA(1,0,1)"
2018-09-20,0.0006699794531718384,EEM,"ARIMA(1,0,1)"
2018-09-21,-0.000377960687786221,EEM,"ARIMA(1,0,1)"
2018-09-24,-8.74764125978459e-05,EEM,"ARIMA(1,0,1)"
2018-09-25,-0.0004991096468311821,EEM,"ARIMA(1,0,1)"
2018-09-26,0.00021191275582027087,EEM,"ARIMA(1,0,1)"
2018-09-27,-0.000214294172202773,EEM,"ARIMA(1,0,1)"
2018-09-28,0.00101604586679528,EEM,"ARIMA(1,0,1)"
2018-10-01,-0.00016688544475803002,EEM,"ARIMA(1,0,1)"
2018-10-02,5.6823132644406494e-05,EEM,"ARIMA(1,0,1)"
2018-10-03,-0.0002908696957564668,EEM,"ARIMA(1,0,1)"
2018-10-04,-7.64131797438475e-05,EEM,"ARIMA(1,0,1)"
2018-10-05,-0.0024431316812443824,EEM,"ARIMA(1,0,1)"
2018-10-08,-0.0018665236137362304,EEM,"ARIMA(1,0,1)"
2018-10-09,0.0007634113984793456,EEM,"ARIMA(1,0,1)"
2018-10-10,-0.0010063177029104994,EEM,"ARIMA(1,0,1)"
2018-10-11,0.0015426265932948363,EEM,"ARIMA(1,0,1)"
2018-10-12,-0.0005810448769009978,EEM,"ARIMA(1,0,1)"
2018-10-15,-0.0008148864820535966,EEM,"ARIMA(1,0,1)"
2018-10-16,-0.0017384654530331251,EEM,"ARIMA(1,0,1)"
2018-10-17,-0.00020777689128993065,EEM,"ARIMA(1,0,1)"
2018-10-18,0.0008765597112196841,EEM,"ARIMA(1,0,1)"
2018-10-19,-0.0007241590808141936,EEM,"ARIMA(1,0,1)"
2018-10-22,-0.00032345245798073353,EEM,"ARIMA(1,0,1)"
2018-10-23,-0.0004424653266222901,EEM,"ARIMA(1,0,1)"
2018-10-24,-0.0006361579969222051,EEM,"ARIMA(1,0,1)"
2018-10-25,-0.0012209155207457377,EEM,"ARIMA(1,0,1)"
2018-10-26,-0.0009301870545296543,EEM,"ARIMA(1,0,1)"
2018-10-29,-4.360475285279089e-05,EEM,"ARIMA(1,0,1)"
2018-10-30,-0.0007341486491332819,EEM,"ARIMA(1,0,1)"
2018-10-31,-0.0004270480190162796,EEM,"ARIMA(1,0,1)"
2018-11-01,-0.0005687613589029193,EEM,"ARIMA(1,0,1)"
2018-11-02,0.0006177301889778121,EEM,"ARIMA(1,0,1)"
2018-11-05,-0.001684191413220154,EEM,"ARIMA(1,0,1)"
2018-11-06,0.0009609007065096333,EEM,"ARIMA(1,0,1)"
2018-11-07,-0.001832408427991266,EEM,"ARIMA(1,0,1)"
2018-11-08,0.0021982609594444463,EEM,"ARIMA(1,0,1)"
2018-11-09,-0.004107847391265398,EEM,"ARIMA(1,0,1)"
2018-11-12,0.001957777424070387,EEM,"ARIMA(1,0,1)"
2018-11-13,-0.003636238405667303,EEM,"ARIMA(1,0,1)"
2018-11-14,0.0009231646204261568,EEM,"ARIMA(1,0,1)"
2018-11-15,-0.0031921084915270243,EEM,"ARIMA(1,0,1)"
2018-11-16,0.0011726426421550654,EEM,"ARIMA(1,0,1)"
2018-11-19,-0.0028766130052229684,EEM,"ARIMA(1,0,1)"
2018-11-20,-0.0007308067094813382,EEM,"ARIMA(1,0,1)"
2018-11-21,-0.003196046424914884,EEM,"ARIMA(1,0,1)"
2018-11-23,-0.0004104430510378234,EEM,"ARIMA(1,0,1)"
2018-11-26,-0.0005531089483818833,EEM,"ARIMA(1,0,1)"
2018-11-27,-0.0012560029785289497,EEM,"ARIMA(1,0,1)"
2018-11-28,-0.0005180871015630235,EEM,"ARIMA(1,0,1)"
2018-11-29,-0.0006380463656996556,EEM,"ARIMA(1,0,1)"
2018-11-30,0.00013911193972930168,EEM,"ARIMA(1,0,1)"
2018-12-03,-0.0004484448209240808,EEM,"ARIMA(1,0,1)"
2018-12-04,-0.001101255586913395,EEM,"ARIMA(1,0,1)"
2018-12-06,-0.0016153645419413965,EEM,"ARIMA(1,0,1)"
2018-12-07,-0.00035824504519795804,EEM,"ARIMA(1,0,1)"
2018-12-10,-1.0481058626483832e-05,EEM,"ARIMA(1,0,1)"
2018-12-11,-0.00046069539510267514,EEM,"ARIMA(1,0,1)"
2018-12-12,-0.000675735064894777,EEM,"ARIMA(1,0,1)"
2018-12-13,-0.0009511061280349166,EEM,"ARIMA(1,0,1)"
2018-12-14,-0.0003862711641350226,EEM,"ARIMA(1,0,1)"
2018-12-17,-6.13269356508013e-05,EEM,"ARIMA(1,0,1)"
2018-12-18,-0.00034076751712901524,EEM,"ARIMA(1,0,1)"
2018-12-19,-0.0007944883790816761,EEM,"ARIMA(1,0,1)"
2018-12-20,1.614635659552327e-05,EEM,"ARIMA(1,0,1)"
2018-12-21,-0.0010219837484288286,EEM,"ARIMA(1,0,1)"
2018-12-24,-0.0002877155778729536,EEM,"ARIMA(1,0,1)"
2018-12-26,-0.00036467398198595136,EEM,"ARIMA(1,0,1)"
2018-12-27,-0.0015855580274066554,EEM,"ARIMA(1,0,1)"
2018-12-28,-0.0004858183905284613,EEM,"ARIMA(1,0,1)"
2018-12-31,-0.0010963416243412133,EEM,"ARIMA(1,0,1)"
2019-01-02,-0.00043107483849737964,EEM,"ARIMA(1,0,1)"
2019-01-03,-0.0008264966930933401,EEM,"ARIMA(1,0,1)"
2019-01-04,0.00023991763489301422,EEM,"ARIMA(1,0,1)"
2019-01-07,-0.0028384050845346813,EEM,"ARIMA(1,0,1)"
2019-01-08,-0.0014029077150439265,EEM,"ARIMA(1,0,1)"
2019-01-09,-0.0012335010934715796,EEM,"ARIMA(1,0,1)"
2019-01-10,-0.0019432029475239733,EEM,"ARIMA(1,0,1)"
2019-01-11,-0.0012389922614175104,EEM,"ARIMA(1,0,1)"
2019-01-14,-0.00042854998658792775,EEM,"ARIMA(1,0,1)"
2019-01-15,-0.00017579602355523457,EEM,"ARIMA(1,0,1)"
2019-01-16,-0.0011197742833913248,EEM,"ARIMA(1,0,1)"
2019-01-17,-0.0015197225588364054,EEM,"ARIMA(1,0,1)"
2019-01-18,-0.0011285749758270598,EEM,"ARIMA(1,0,1)"
2019-01-22,-0.0010811398064588594,EEM,"ARIMA(1,0,1)"
2019-01-23,0.0002570388504732281,EEM,"ARIMA(1,0,1)"
2019-01-24,-0.0012712575697471393,EEM,"ARIMA(1,0,1)"
2019-01-25,-0.0015658164147349459,EEM,"ARIMA(1,0,1)"
2019-01-28,-0.0020913026928397315,EEM,"ARIMA(1,0,1)"
2019-01-29,-0.00023720886651070491,EEM,"ARIMA(1,0,1)"
2019-01-30,-0.0008726610483031699,EEM,"ARIMA(1,0,1)"
2019-01-31,-0.0025703154269974397,EEM,"ARIMA(1,0,1)"
2019-02-01,-0.0015068146805964715,EEM,"ARIMA(1,0,1)"
2019-02-04,-0.0004747198717104735,EEM,"ARIMA(1,0,1)"
2019-02-05,-0.0006561841040982777,EEM,"ARIMA(1,0,1)"
2019-02-06,-0.005052673187927189,EEM,"ARIMA(1,0,1)"
2019-02-07,0.0005858741459493183,EEM,"ARIMA(1,0,1)"
2019-02-08,-0.00305953994291542,EEM,"ARIMA(1,0,1)"
2019-02-11,0.0006467672951467641,EEM,"ARIMA(1,0,1)"
2019-02-12,0.0002953601087226473,EEM,"ARIMA(1,0,1)"
2019-02-13,-0.00045844517209058433,EEM,"ARIMA(1,0,1)"
2019-02-14,0.00011223189699029098,EEM,"ARIMA(1,0,1)"
2019-02-15,-0.00034255385226774894,EEM,"ARIMA(1,0,1)"
2019-02-19,-0.0012962103502843392,EEM,"ARIMA(1,0,1)"
2019-02-20,-0.0012740352421158356,EEM,"ARIMA(1,0,1)"
2019-02-21,-0.001471791961690813,EEM,"ARIMA(1,0,1)"
2019-02-22,-0.0008077949246554966,EEM,"ARIMA(1,0,1)"
2019-02-25,-0.001711294944691281,EEM,"ARIMA(1,0,1)"
2019-02-26,-0.0017935017076434229,EEM,"ARIMA(1,0,1)"
2019-02-27,-0.0008511978295132616,EEM,"ARIMA(1,0,1)"
2019-02-28,6.652705525673791e-05,EEM,"ARIMA(1,0,1)"
2019-03-01,0.0011920110770739967,EEM,"ARIMA(1,0,1)"
2019-03-04,0.0001074618158538594,EEM,"ARIMA(1,0,1)"
2019-03-05,-0.00032663333884397556,EEM,"ARIMA(1,0,1)"
2019-03-06,-0.0013202415720601512,EEM,"ARIMA(1,0,1)"
2019-03-07,-0.0003509273893304042,EEM,"ARIMA(1,0,1)"
2019-03-08,0.0014989490138086529,EEM,"ARIMA(1,0,1)"
2019-03-11,0.0008123058959318491,EEM,"ARIMA(1,0,1)"
2019-03-12,-0.0007691615866041717,EEM,"ARIMA(1,0,1)"
2019-03-13,-0.001592362212812014,EEM,"ARIMA(1,0,1)"
2019-03-14,-0.0013016596411818938,EEM,"ARIMA(1,0,1)"
2019-03-15,-0.0005091950329306695,EEM,"ARIMA(1,0,1)"
2019-03-18,-0.0019111427935882175,EEM,"ARIMA(1,0,1)"
2019-03-19,-0.002172525213908714,EEM,"ARIMA(1,0,1)"
2019-03-20,-0.0014636341690727273,EEM,"ARIMA(1,0,1)"
2019-03-21,-0.0010355471382294632,EEM,"ARIMA(1,0,1)"
2019-03-22,-0.0010427953118034127,EEM,"ARIMA(1,0,1)"
2019-03-25,0.0019456132832372448,EEM,"ARIMA(1,0,1)"
2019-03-26,0.000554621895821767,EEM,"ARIMA(1,0,1)"
2019-03-27,8.246453058364042e-05,EEM,"ARIMA(1,0,1)"
2019-03-28,0.0004020660847542308,EEM,"ARIMA(1,0,1)"
2019-03-29,-0.00014740136468399548,EEM,"ARIMA(1,0,1)"
2019-04-01,-0.0007550142614671741,EEM,"ARIMA(1,0,1)"
2019-04-02,-0.0018816299797678698,EEM,"ARIMA(1,0,1)"
2019-04-03,-0.001632444827183985,EEM,"ARIMA(1,0,1)"
2019-04-04,-0.0014656699274359915,EEM,"ARIMA(1,0,1)"
2019-04-05,-0.002126095336800979,EEM,"ARIMA(1,0,1)"
2019-04-08,-0.0023806370042091735,EEM,"ARIMA(1,0,1)"
2019-04-09,-0.0012645668127162994,EEM,"ARIMA(1,0,1)"
2019-04-10,-0.0009568114260997327,EEM,"ARIMA(1,0,1)"
2019-04-11,-0.0009155568640606068,EEM,"ARIMA(1,0,1)"
2019-04-12,-0.00015571920852771936,EEM,"ARIMA(1,0,1)"
2019-04-15,-0.0005258537960230736,EEM,"ARIMA(1,0,1)"
2019-04-16,-9.564084494751172e-05,EEM,"ARIMA(1,0,1)"
2019-04-17,-0.0005476169864142824,EEM,"ARIMA(1,0,1)"
2019-04-18,-0.0005885605363681349,EEM,"ARIMA(1,0,1)"
2019-04-22,-0.0004427079008701079,EEM,"ARIMA(1,0,1)"
2019-04-23,3.391346541087233e-05,EEM,"ARIMA(1,0,1)"
2019-04-24,-0.00016302874506128406,EEM,"ARIMA(1,0,1)"
2019-04-25,0.0006623580099464725,EEM,"ARIMA(1,0,1)"
2019-04-26,0.0003922656880241624,EEM,"ARIMA(1,0,1)"
2019-04-29,-0.00011230927642109592,EEM,"ARIMA(1,0,1)"
2019-04-30,-0.0003182292383097007,EEM,"ARIMA(1,0,1)"
2019-05-01,-0.00023167937156495555,EEM,"ARIMA(1,0,1)"
2019-05-02,0.00026545349737399585,EEM,"ARIMA(1,0,1)"
2019-05-03,-9.842396470966658e-05,EEM,"ARIMA(1,0,1)"
2019-05-06,-0.0008138434375146815,EEM,"ARIMA(1,0,1)"
2019-05-07,0.0008599920939619102,EEM,"ARIMA(1,0,1)"
2019-05-08,0.0018324968067968924,EEM,"ARIMA(1,0,1)"
2019-05-09,0.0010548115811244347,EEM,"ARIMA(1,0,1)"
2019-05-10,0.0011774889892566366,EEM,"ARIMA(1,0,1)"
2019-05-13,0.00012500052854677119,EEM,"ARIMA(1,0,1)"
2019-05-14,0.0015831711715159741,EEM,"ARIMA(1,0,1)"
2019-05-15,-0.0008900721143184445,EEM,"ARIMA(1,0,1)"
2019-05-16,-0.0006199367031046116,EEM,"ARIMA(1,0,1)"
2019-05-17,-0.00019035059030524717,EEM,"ARIMA(1,0,1)"
2019-05-20,0.0006489076125292902,EEM,"ARIMA(1,0,1)"
2019-05-21,0.00024188833531944918,EEM,"ARIMA(1,0,1)"
2019-05-22,-0.0007675431119860954,EEM,"ARIMA(1,0,1)"
2019-05-23,-0.0003835235542464269,EEM,"ARIMA(1,0,1)"
2019-05-24,0.00028611282839549764,EEM,"ARIMA(1,0,1)"
2019-05-28,-0.00015077377883520058,EEM,"ARIMA(1,0,1)"
2019-05-29,-0.000483422396409039,EEM,"ARIMA(1,0,1)"
2019-05-30,-0.0008053483520487669,EEM,"ARIMA(1,0,1)"
2019-05-31,-0.0008760081325141866,EEM,"ARIMA(1,0,1)"
2019-06-03,-0.0009231934620412207,EEM,"ARIMA(1,0,1)"
2019-06-04,-0.0010900218660244054,EEM,"ARIMA(1,0,1)"
2019-06-05,-0.0010486122195574698,EEM,"ARIMA(1,0,1)"
2019-06-06,-0.0004882784440393507,EEM,"ARIMA(1,0,1)"
2019-06-07,-0.0004771836618256259,EEM,"ARIMA(1,0,1)"
2019-06-10,-0.0008510237685274524,EEM,"ARIMA(1,0,1)"
2019-06-11,-0.0010747351877723444,EEM,"ARIMA(1,0,1)"
2019-06-12,-0.001207963395534529,EEM,"ARIMA(1,0,1)"
2019-06-13,-0.0006195179789298829,EEM,"ARIMA(1,0,1)"
2019-06-14,-0.0005078013032305344,EEM,"ARIMA(1,0,1)"
2019-06-17,-0.00010370939948436064,EEM,"ARIMA(1,0,1)"
2019-06-18,-0.0003497334809013029,EEM,"ARIMA(1,0,1)"
2019-06-19,-0.001317159477791719,EEM,"ARIMA(1,0,1)"
2019-06-20,-0.0012813500731053092,EEM,"ARIMA(1,0,1)"
2019-06-21,-0.0011375226342507793,EEM,"ARIMA(1,0,1)"
2019-06-24,-0.0011268035847741898,EEM,"ARIMA(1,0,1)"
2019-06-25,-0.0007549057896215953,EEM,"ARIMA(1,0,1)"
2019-06-26,-0.000674981501557284,EEM,"ARIMA(1,0,1)"
2019-06-27,-0.00032137508529655714,EEM,"ARIMA(1,0,1)"
2019-06-28,-0.00032902969338564344,EEM,"ARIMA(1,0,1)"
2019-07-01,-0.0003509856653577483,EEM,"ARIMA(1,0,1)"
2019-07-02,-0.0006696657150924259,EEM,"ARIMA(1,0,1)"
2019-07-03,-0.0005203207697230977,EEM,"ARIMA(1,0,1)"
2019-07-05,-0.00012366828573388283,EEM,"ARIMA(1,0,1)"
2019-07-08,3.408541965110211e-05,EEM,"ARIMA(1,0,1)"
2019-07-09,0.00021906098198372457,EEM,"ARIMA(1,0,1)"
2019-07-10,0.00031134963351305526,EEM,"ARIMA(1,0,1)"
2019-07-11,-0.00019001221831440018,EEM,"ARIMA(1,0,1)"
2019-07-12,-0.0002830795512610941,EEM,"ARIMA(1,0,1)"
2019-07-15,-0.00036151971464605374,EEM,"ARIMA(1,0,1)"
2019-07-16,-0.0007780637231088643,EEM,"ARIMA(1,0,1)"
2019-07-17,-0.000758896878506456,EEM,"ARIMA(1,0,1)"
2019-07-18,-0.0006501127731672359,EEM,"ARIMA(1,0,1)"
2019-07-19,-0.00015287240531293732,EEM,"ARIMA(1,0,1)"
2019-07-22,0.000133309692977135,EEM,"ARIMA(1,0,1)"
2019-07-23,3.6780249064901356e-05,EEM,"ARIMA(1,0,1)"
2019-07-24,-3.44340150232802e-05,EEM,"ARIMA(1,0,1)"
2019-07-25,2.211519252891613e-05,EEM,"ARIMA(1,0,1)"
2019-07-26,0.0001483237361269874,EEM,"ARIMA(1,0,1)"
2019-07-29,-0.00012409230947283832,EEM,"ARIMA(1,0,1)"
2019-07-30,-5.576226981271588e-05,EEM,"ARIMA(1,0,1)"
2019-07-31,-0.00013195109621849278,EEM,"ARIMA(1,0,1)"
2019-08-01,1.68878902439603e-05,EEM,"ARIMA(1,0,1)"
2019-08-02,-0.0002750845497732476,EEM,"ARIMA(1,0,1)"
2019-08-05,-0.0002786436749142095,EEM,"ARIMA(1,0,1)"
2019-08-06,-0.0008398814071778472,EEM,"ARIMA(1,0,1)"
2019-08-07,-0.00035047508229339036,EEM,"ARIMA(1,0,1)"
2019-08-08,-0.000298694354420514,EEM,"ARIMA(1,0,1)"
2019-08-09,-0.0002925033736679698,EEM,"ARIMA(1,0,1)"
2019-08-12,-0.00032831300108972147,EEM,"ARIMA(1,0,1)"
2019-08-13,-0.0003648168386244036,EEM,"ARIMA(1,0,1)"
2019-08-14,-0.0002287020054851493,EEM,"ARIMA(1,0,1)"
2019-08-15,-0.00027914293135515984,EEM,"ARIMA(1,0,1)"
2019-08-16,-0.0002769719417313485,EEM,"ARIMA(1,0,1)"
2019-08-19,-0.0003221370170437008,EEM,"ARIMA(1,0,1)"
2019-08-20,-0.00018434509383162572,EEM,"ARIMA(1,0,1)"
2019-08-21,-0.0001459798503896673,EEM,"ARIMA(1,0,1)"
2019-08-22,-0.00012898887510583742,EEM,"ARIMA(1,0,1)"
2019-08-23,-0.00023086163169645625,EEM,"ARIMA(1,0,1)"
2019-08-26,-0.00032154689331163715,EEM,"ARIMA(1,0,1)"
2019-08-27,-0.0002366293927956086,EEM,"ARIMA(1,0,1)"
2019-08-28,-0.00030137891694575965,EEM,"ARIMA(1,0,1)"
2019-08-29,-0.0003469438237605288,EEM,"ARIMA(1,0,1)"
2019-08-30,-0.0002880745273508208,EEM,"ARIMA(1,0,1)"
2019-09-03,-0.0002816846377243545,EEM,"ARIMA(1,0,1)"
2019-09-04,-0.00020279700896526465,EEM,"ARIMA(1,0,1)"
2019-09-05,-0.00015707192755168935,EEM,"ARIMA(1,0,1)"
2019-09-06,-3.3144941597627864e-05,EEM,"ARIMA(1,0,1)"
2019-09-09,4.200940522000807e-05,EEM,"ARIMA(1,0,1)"
2019-09-10,5.0744979270042607e-05,EEM,"ARIMA(1,0,1)"
2019-09-11,7.215980187868177e-05,EEM,"ARIMA(1,0,1)"
2019-09-12,0.0001406713596280114,EEM,"ARIMA(1,0,1)"
2019-09-13,0.00016039566713107618,EEM,"ARIMA(1,0,1)"
2019-09-16,0.00016138796622104827,EEM,"ARIMA(1,0,1)"
2019-09-17,7.815864615967123e-05,EEM,"ARIMA(1,0,1)"
2019-09-18,8.367675752966826e-05,EEM,"ARIMA(1,0,1)"
2019-09-19,0.00010222528571604099,EEM,"ARIMA(1,0,1)"
2019-09-20,4.905534090376094e-05,EEM,"ARIMA(1,0,1)"
2019-09-23,-2.4693717799003294e-06,EEM,"ARIMA(1,0,1)"
2019-09-24,-4.2330839109310325e-05,EEM,"ARIMA(1,0,1)"
2019-09-25,-0.00010286437915374891,EEM,"ARIMA(1,0,1)"
2019-09-26,-6.086510421203598e-05,EEM,"ARIMA(1,0,1)"
2019-09-27,-7.763432821700624e-05,EEM,"ARIMA(1,0,1)"
2019-09-30,-0.00013695658736038606,EEM,"ARIMA(1,0,1)"
2019-10-01,-0.00020230347274320703,EEM,"ARIMA(1,0,1)"
2019-10-02,-0.000135832993356547,EEM,"ARIMA(1,0,1)"
2019-10-03,-0.00016718194094598305,EEM,"ARIMA(1,0,1)"
2019-10-04,0.0002911623301758943,EEM,"ARIMA(1,0,1)"
2019-10-07,0.00012084194694394684,EEM,"ARIMA(1,0,1)"
2019-10-08,0.00039975828828822923,EEM,"ARIMA(1,0,1)"
2019-10-09,0.0014351762573670452,EEM,"ARIMA(1,0,1)"
2019-10-10,0.0012467375793539313,EEM,"ARIMA(1,0,1)"
2019-10-11,-0.00015682184834902414,EEM,"ARIMA(1,0,1)"
2019-10-14,-0.0001947648145891484,EEM,"ARIMA(1,0,1)"
2019-10-15,0.00032274979634921525,EEM,"ARIMA(1,0,1)"
2019-10-16,0.00023231842998013688,EEM,"ARIMA(1,0,1)"
2019-10-17,0.00015424196567535425,EEM,"ARIMA(1,0,1)"
2019-10-18,0.00021478581024620777,EEM,"ARIMA(1,0,1)"
2019-10-21,0.00024290674133289268,EEM,"ARIMA(1,0,1)"
2019-10-22,0.00038314008383732203,EEM,"ARIMA(1,0,1)"
2019-10-23,0.00034876934722591975,EEM,"ARIMA(1,0,1)"
2019-10-24,0.0003069232140205509,EEM,"ARIMA(1,0,1)"
2019-10-25,0.0001495902791469186,EEM,"ARIMA(1,0,1)"
2019-10-28,0.0005094875881727697,EEM,"ARIMA(1,0,1)"
2019-10-29,0.00045737716599723546,EEM,"ARIMA(1,0,1)"
2019-10-30,0.00040399511990229706,EEM,"ARIMA(1,0,1)"
2019-10-31,0.0005687543729776521,EEM,"ARIMA(1,0,1)"
2019-11-01,0.00046063320824227277,EEM,"ARIMA(1,0,1)"
2019-11-04,0.00047703987725882663,EEM,"ARIMA(1,0,1)"
2019-11-05,0.00037647266768457704,EEM,"ARIMA(1,0,1)"
2019-11-06,0.000374774377678229,EEM,"ARIMA(1,0,1)"
2019-11-07,0.0003509126730416812,EEM,"ARIMA(1,0,1)"
2019-11-08,0.0003865918158166209,EEM,"ARIMA(1,0,1)"
2019-11-11,0.0002763404557296273,EEM,"ARIMA(1,0,1)"
2019-11-12,0.00035346582668468747,EEM,"ARIMA(1,0,1)"
2019-11-13,0.0004019086504414628,EEM,"ARIMA(1,0,1)"
2019-11-14,0.00042742015888041287,EEM,"ARIMA(1,0,1)"
2019-11-15,0.0003850541254211377,EEM,"ARIMA(1,0,1)"
2019-11-18,0.00039149133306898986,EEM,"ARIMA(1,0,1)"
2019-11-19,0.0003283436606574652,EEM,"ARIMA(1,0,1)"
2019-11-20,0.00026987249621149897,EEM,"ARIMA(1,0,1)"
2019-11-21,0.00038997518922133514,EEM,"ARIMA(1,0,1)"
2019-11-22,0.0004134889996077364,EEM,"ARIMA(1,0,1)"
2019-11-25,0.00034091895833165324,EEM,"ARIMA(1,0,1)"
2019-11-26,0.00042716800852613934,EEM,"ARIMA(1,0,1)"
2019-11-27,0.00034708289485346224,EEM,"ARIMA(1,0,1)"
2019-11-29,0.00034330432450826076,EEM,"ARIMA(1,0,1)"
2019-12-02,0.00018661593614706582,EEM,"ARIMA(1,0,1)"
2019-12-03,0.00022024469801523565,EEM,"ARIMA(1,0,1)"
2019-12-04,0.00020267207081886633,EEM,"ARIMA(1,0,1)"
2019-12-05,0.00015321231032360387,EEM,"ARIMA(1,0,1)"
2019-12-06,0.0002570789578065913,EEM,"ARIMA(1,0,1)"
2019-12-09,0.000317174075096323,EEM,"ARIMA(1,0,1)"
2019-12-10,0.00037515246614297076,EEM,"ARIMA(1,0,1)"
2019-12-11,0.0004317822750108431,EEM,"ARIMA(1,0,1)"
2019-12-12,0.0004596161189092479,EEM,"ARIMA(1,0,1)"
2019-12-13,0.0004657970848109449,EEM,"ARIMA(1,0,1)"
2019-12-16,0.0004630517383446657,EEM,"ARIMA(1,0,1)"
2019-12-17,0.0005524237605799966,EEM,"ARIMA(1,0,1)"
2019-12-18,0.0006248899856290181,EEM,"ARIMA(1,0,1)"
2019-12-19,0.0006202273610781418,EEM,"ARIMA(1,0,1)"
2019-12-20,0.0007364467704657871,EEM,"ARIMA(1,0,1)"
2019-12-23,0.0006892302799432308,EEM,"ARIMA(1,0,1)"
2019-12-24,0.0006891373354287949,EEM,"ARIMA(1,0,1)"
2019-12-26,0.0006823392484956468,EEM,"ARIMA(1,0,1)"
2019-12-27,0.000811763552828757,EEM,"ARIMA(1,0,1)"
2019-12-30,0.0007684445327700666,EEM,"ARIMA(1,0,1)"
2019-12-31,0.00045971043907478174,EEM,"ARIMA(1,0,1)"
2020-01-02,0.0008466680198286852,EEM,"ARIMA(1,0,1)"
2020-01-03,0.0016551754805955597,EEM,"ARIMA(1,0,1)"
2020-01-06,-0.0002059907354510039,EEM,"ARIMA(1,0,1)"
2020-01-07,0.0006233008716129515,EEM,"ARIMA(1,0,1)"
2020-01-08,0.0005525677596604492,EEM,"ARIMA(1,0,1)"
2020-01-09,0.0007298586527099342,EEM,"ARIMA(1,0,1)"
2020-01-10,0.0007055723712266014,EEM,"ARIMA(1,0,1)"
2020-01-13,0.0006836679917352124,EEM,"ARIMA(1,0,1)"
2020-01-14,0.0010748246570944614,EEM,"ARIMA(1,0,1)"
2020-01-15,0.000432676437260542,EEM,"ARIMA(1,0,1)"
2020-01-16,0.0003816135939823291,EEM,"ARIMA(1,0,1)"
2020-01-17,0.0007499871710166595,EEM,"ARIMA(1,0,1)"
2020-01-21,0.0006525110637768773,EEM,"ARIMA(1,0,1)"
2020-01-22,-0.0003143412624970527,EEM,"ARIMA(1,0,1)"
2020-01-23,0.0009143168075754577,EEM,"ARIMA(1,0,1)"
2020-01-24,-0.00013781896027539512,EEM,"ARIMA(1,0,1)"
2020-01-27,0.0008639621604477161,EEM,"ARIMA(1,0,1)"
2020-01-28,-0.0011058175366620675,EEM,"ARIMA(1,0,1)"
2020-01-29,0.00021893512590789388,EEM,"ARIMA(1,0,1)"
2020-01-30,7.333339597445941e-05,EEM,"ARIMA(1,0,1)"
2020-01-31,0.00013366598345579693,EEM,"ARIMA(1,0,1)"
2020-02-03,-0.0005961060926999125,EEM,"ARIMA(1,0,1)"
2020-02-04,0.00030002421259278065,EEM,"ARIMA(1,0,1)"
2020-02-05,0.0008638967555437598,EEM,"ARIMA(1,0,1)"
2020-02-06,0.00015204735589139946,EEM,"ARIMA(1,0,1)"
2020-02-07,0.00023368415803534916,EEM,"ARIMA(1,0,1)"
2020-02-10,-0.0002446538972323365,EEM,"ARIMA(1,0,1)"
2020-02-11,0.0004171863094068922,EEM,"ARIMA(1,0,1)"
2020-02-12,0.0007193337487677064,EEM,"ARIMA(1,0,1)"
2020-02-13,0.0008275654635819933,EEM,"ARIMA(1,0,1)"
2020-02-14,-0.00014455626415468863,EEM,"ARIMA(1,0,1)"
2020-02-18,0.00029469330252563075,EEM,"ARIMA(1,0,1)"
2020-02-19,5.6212993149105256e-05,EEM,"ARIMA(1,0,1)"
2020-02-20,0.0004468193525769096,EEM,"ARIMA(1,0,1)"
2020-02-21,-0.00011049410448482985,EEM,"ARIMA(1,0,1)"
2020-02-24,-0.00015620351686826536,EEM,"ARIMA(1,0,1)"
2020-02-25,-0.0013744559094779841,EEM,"ARIMA(1,0,1)"
2020-02-26,-0.0003581905539572469,EEM,"ARIMA(1,0,1)"
2020-02-27,0.00024768387469621206,EEM,"ARIMA(1,0,1)"
2020-02-28,-0.0008574156779530565,EEM,"ARIMA(1,0,1)"
2020-03-02,-0.00018663120534582518,EEM,"ARIMA(1,0,1)"
2020-03-03,0.0005481324506514499,EEM,"ARIMA(1,0,1)"
2020-03-04,-0.0003868391250458071,EEM,"ARIMA(1,0,1)"
2020-03-05,0.00023392368772937654,EEM,"ARIMA(1,0,1)"
2020-03-06,-0.00018137784448473985,EEM,"ARIMA(1,0,1)"
2020-03-09,-0.0005168941906944361,EEM,"ARIMA(1,0,1)"
2020-03-10,-0.00638198938683039,EEM,"ARIMA(1,0,1)"
2020-03-11,-0.002520063907966674,EEM,"ARIMA(1,0,1)"
2020-03-12,0.015449526203160386,EEM,"ARIMA(1,0,1)"
2020-03-13,-0.0037471233400738985,EEM,"ARIMA(1,0,1)"
2020-03-16,-0.0003653332938736508,EEM,"ARIMA(1,0,1)"
2020-03-17,0.04298548899774856,EEM,"ARIMA(1,0,1)"
2020-03-18,-0.03351402425207536,EEM,"ARIMA(1,0,1)"
2020-03-19,0.04633943951590659,EEM,"ARIMA(1,0,1)"
2020-03-20,-0.014972809188116958,EEM,"ARIMA(1,0,1)"
2020-03-23,-0.0016959835543761917,EEM,"ARIMA(1,0,1)"
2020-03-24,0.007317158505748863,EEM,"ARIMA(1,0,1)"
2020-03-25,-0.03059677599400803,EEM,"ARIMA(1,0,1)"
2020-03-26,-0.007197547582904978,EEM,"ARIMA(1,0,1)"
2020-03-27,-0.011207970541668368,EEM,"ARIMA(1,0,1)"
2020-03-30,0.020847205262545264,EEM,"ARIMA(1,0,1)"
2020-03-31,-0.0107415767537624,EEM,"ARIMA(1,0,1)"
2020-04-01,-0.0009921272326644612,EEM,"ARIMA(1,0,1)"
2020-04-02,0.013248692324142027,EEM,"ARIMA(1,0,1)"
2020-04-03,-0.014801549216384284,EEM,"ARIMA(1,0,1)"
2020-04-06,0.007629933072940769,EEM,"ARIMA(1,0,1)"
2020-04-07,-0.021812332501636097,EEM,"ARIMA(1,0,1)"
2020-04-08,0.001444802362480773,EEM,"ARIMA(1,0,1)"
2020-04-09,-0.005000181947234298,EEM,"ARIMA(1,0,1)"
2020-04-13,0.001089144994333558,EEM,"ARIMA(1,0,1)"
2020-04-14,-0.0019080489791342154,EEM,"ARIMA(1,0,1)"
2020-04-15,-0.008096242866160354,EEM,"ARIMA(1,0,1)"
2020-04-16,0.009268793298871338,EEM,"ARIMA(1,0,1)"
2020-04-17,-0.004694633276110378,EEM,"ARIMA(1,0,1)"
2020-04-20,-0.007741011275165025,EEM,"ARIMA(1,0,1)"
2020-04-21,0.004587123295316276,EEM,"ARIMA(1,0,1)"
2020-04-22,0.007366761084527478,EEM,"ARIMA(1,0,1)"
2020-04-23,-0.011636780565929001,EEM,"ARIMA(1,0,1)"
2020-04-24,0.0021592512021906597,EEM,"ARIMA(1,0,1)"
2020-04-27,-0.0010675203804262781,EEM,"ARIMA(1,0,1)"
2020-04-28,-0.007597329370952626,EEM,"ARIMA(1,0,1)"
2020-04-29,-0.00020111723016269425,EEM,"ARIMA(1,0,1)"
2020-04-30,-0.01046199817956036,EEM,"ARIMA(1,0,1)"
2020-05-01,0.008414594807841297,EEM,"ARIMA(1,0,1)"
2020-05-04,0.009734169424562884,EEM,"ARIMA(1,0,1)"
2020-05-05,-0.006277368579969271,EEM,"ARIMA(1,0,1)"
2020-05-06,-0.0017489050903287933,EEM,"ARIMA(1,0,1)"
2020-05-07,0.0004515245203068571,EEM,"ARIMA(1,0,1)"
2020-05-08,-0.0035794868198178783,EEM,"ARIMA(1,0,1)"
2020-05-11,-0.006937651323334946,EEM,"ARIMA(1,0,1)"
2020-05-12,0.0027842810155125804,EEM,"ARIMA(1,0,1)"
2020-05-13,0.00025883150421115384,EEM,"ARIMA(1,0,1)"
2020-05-14,2.580029355972257e-05,EEM,"ARIMA(1,0,1)"
2020-05-15,-0.0018186978377339599,EEM,"ARIMA(1,0,1)"
2020-05-18,0.004332352942940583,EEM,"ARIMA(1,0,1)"
2020-05-19,-0.013788672038670052,EEM,"ARIMA(1,0,1)"
2020-05-20,0.0049310217681791555,EEM,"ARIMA(1,0,1)"
2020-05-21,-0.005468109565627552,EEM,"ARIMA(1,0,1)"
2020-05-22,0.004553712770723386,EEM,"ARIMA(1,0,1)"
2020-05-26,0.00589096698266834,EEM,"ARIMA(1,0,1)"
2020-05-27,-0.008634948167534653,EEM,"ARIMA(1,0,1)"
2020-05-28,0.00011481305379833944,EEM,"ARIMA(1,0,1)"
2020-05-29,0.001974141302448943,EEM,"ARIMA(1,0,1)"
2020-06-01,-0.006328544806635561,EEM,"ARIMA(1,0,1)"
2020-06-02,-0.006777439872454344,EEM,"ARIMA(1,0,1)"
2020-06-03,-0.006707253335801795,EEM,"ARIMA(1,0,1)"
2020-06-04,-0.006090333267096389,EEM,"ARIMA(1,0,1)"
2020-06-05,0.005717701094250476,EEM,"ARIMA(1,0,1)"
2020-06-08,-0.009201269231794651,EEM,"ARIMA(1,0,1)"
2020-06-09,-3.78858556509445e-05,EEM,"ARIMA(1,0,1)"
2020-06-10,0.002290280028973016,EEM,"ARIMA(1,0,1)"
2020-06-11,-0.002665522443312276,EEM,"ARIMA(1,0,1)"
2020-06-12,0.018005454519532577,EEM,"ARIMA(1,0,1)"
2020-06-15,-0.01039972090491637,EEM,"ARIMA(1,0,1)"
2020-06-16,0.004890513562497978,EEM,"ARIMA(1,0,1)"
2020-06-17,-0.0031076685235273253,EEM,"ARIMA(1,0,1)"
2020-06-18,-0.0028319279124846193,EEM,"ARIMA(1,0,1)"
2020-06-19,9.855440355452795e-05,EEM,"ARIMA(1,0,1)"
2020-06-22,-0.00019314506089818204,EEM,"ARIMA(1,0,1)"
2020-06-23,-0.0041897125089776725,EEM,"ARIMA(1,0,1)"
2020-06-24,-0.0025640932547173704,EEM,"ARIMA(1,0,1)"
2020-06-25,0.004680612091690934,EEM,"ARIMA(1,0,1)"
2020-06-26,-0.0023028272963052186,EEM,"ARIMA(1,0,1)"
2020-06-29,0.004142656235356492,EEM,"ARIMA(1,0,1)"
2020-06-30,-0.002539417948006956,EEM,"ARIMA(1,0,1)"
2020-07-01,0.001138349794878697,EEM,"ARIMA(1,0,1)"
2020-07-02,-0.00415776556647017,EEM,"ARIMA(1,0,1)"
2020-07-06,-0.006872258597344607,EEM,"ARIMA(1,0,1)"
2020-07-07,-0.01224880481778821,EEM,"ARIMA(1,0,1)"
2020-07-08,0.007732262449475878,EEM,"ARIMA(1,0,1)"
2020-07-09,-0.00970597415743813,EEM,"ARIMA(1,0,1)"
2020-07-10,0.0021030860747865117,EEM,"ARIMA(1,0,1)"
2020-07-13,0.0019330386603497883,EEM,"ARIMA(1,0,1)"
2020-07-14,0.001997690055947754,EEM,"ARIMA(1,0,1)"
2020-07-15,-0.0006383948328401845,EEM,"ARIMA(1,0,1)"
2020-07-16,-0.0006720512937402396,EEM,"ARIMA(1,0,1)"
2020-07-17,0.004914583589437114,EEM,"ARIMA(1,0,1)"
2020-07-20,-0.002650596849677106,EEM,"ARIMA(1,0,1)"
2020-07-21,-0.0034581314637074216,EEM,"ARIMA(1,0,1)"
2020-07-22,-0.0020590436155780976,EEM,"ARIMA(1,0,1)"
2020-07-23,0.001974722364846075,EEM,"ARIMA(1,0,1)"
2020-07-24,0.0024309903124616447,EEM,"ARIMA(1,0,1)"
2020-07-27,5.7601241236831705e-05,EEM,"ARIMA(1,0,1)"
2020-07-28,-0.004642141415622675,EEM,"ARIMA(1,0,1)"
2020-07-29,0.003853386903296599,EEM,"ARIMA(1,0,1)"
2020-07-30,-0.005435601276047255,EEM,"ARIMA(1,0,1)"
2020-07-31,0.005516465578683735,EEM,"ARIMA(1,0,1)"
2020-08-03,0.0018419089029409535,EEM,"ARIMA(1,0,1)"
2020-08-04,-0.0020371303766450527,EEM,"ARIMA(1,0,1)"
2020-08-05,-0.0032327195994204354,EEM,"ARIMA(1,0,1)"
2020-08-06,-0.002167040018877134,EEM,"ARIMA(1,0,1)"
2020-08-07,0.00015377080143415451,EEM,"ARIMA(1,0,1)"
2020-08-10,0.0076003671607323305,EEM,"ARIMA(1,0,1)"
2020-08-11,-0.0013132715305880813,EEM,"ARIMA(1,0,1)"
2020-08-12,0.0019011201345206681,EEM,"ARIMA(1,0,1)"
2020-08-13,-0.003962760033891049,EEM,"ARIMA(1,0,1)"
2020-08-14,0.0025531293192921378,EEM,"ARIMA(1,0,1)"
2020-08-17,0.001026274563625622,EEM,"ARIMA(1,0,1)"
2020-08-18,-0.003405621953116876,EEM,"ARIMA(1,0,1)"
2020-08-19,0.0018185250820420417,EEM,"ARIMA(1,0,1)"
2020-08-20,0.004535201091817004,EEM,"ARIMA(1,0,1)"
2020-08-21,0.0010078714417743658,EEM,"ARIMA(1,0,1)"
2020-08-24,-0.0010184076178728703,EEM,"ARIMA(1,0,1)"
2020-08-25,-0.0024901509739905675,EEM,"ARIMA(1,0,1)"
2020-08-26,-0.0018633383641298072,EEM,"ARIMA(1,0,1)"
2020-08-27,0.0004503830449769788,EEM,"ARIMA(1,0,1)"
2020-08-28,0.003658297590546849,EEM,"ARIMA(1,0,1)"
2020-08-31,-0.004045380304137863,EEM,"ARIMA(1,0,1)"
2020-09-01,0.00904441134405515,EEM,"ARIMA(1,0,1)"
2020-09-02,-0.006310526962022091,EEM,"ARIMA(1,0,1)"
2020-09-03,0.0027861140857450787,EEM,"ARIMA(1,0,1)"
2020-09-04,0.006567386123409682,EEM,"ARIMA(1,0,1)"
2020-09-08,-0.000673950538952567,EEM,"ARIMA(1,0,1)"
2020-09-09,0.006515482010714136,EEM,"ARIMA(1,0,1)"
2020-09-10,-0.005512709190418762,EEM,"ARIMA(1,0,1)"
2020-09-11,0.006895585523582441,EEM,"ARIMA(1,0,1)"
2020-09-14,-0.004035054174279517,EEM,"ARIMA(1,0,1)"
2020-09-15,-0.004243842295516204,EEM,"ARIMA(1,0,1)"
2020-09-16,-0.0021758594582944176,EEM,"ARIMA(1,0,1)"
2020-09-17,0.0014088243535965294,EEM,"ARIMA(1,0,1)"
2020-09-18,0.0017038495585874874,EEM,"ARIMA(1,0,1)"
2020-09-21,0.002917976486216913,EEM,"ARIMA(1,0,1)"
2020-09-22,0.0031196433723496998,EEM,"ARIMA(1,0,1)"
2020-09-23,0.0024040025037774006,EEM,"ARIMA(1,0,1)"
2020-09-24,0.005250101106603847,EEM,"ARIMA(1,0,1)"
2020-09-25,0.000991410535209003,EEM,"ARIMA(1,0,1)"
2020-09-28,-7.258406229541313e-05,EEM,"ARIMA(1,0,1)"
2020-09-29,-0.0031668609005062157,EEM,"ARIMA(1,0,1)"
2020-09-30,0.0013238533709454725,EEM,"ARIMA(1,0,1)"
2020-10-01,-0.004936856399548058,EEM,"ARIMA(1,0,1)"
2020-10-02,-0.0014518303902623497,EEM,"ARIMA(1,0,1)"
2020-10-05,0.004717216596085109,EEM,"ARIMA(1,0,1)"
2020-10-06,-0.004533263261372944,EEM,"ARIMA(1,0,1)"
2020-10-07,0.000997256509743056,EEM,"ARIMA(1,0,1)"
2020-10-08,-0.002941248910399651,EEM,"ARIMA(1,0,1)"
2020-10-09,-0.0013773489894151258,EEM,"ARIMA(1,0,1)"
2020-10-12,-0.0011879898429215468,EEM,"ARIMA(1,0,1)"
2020-10-13,-0.0018487467812333298,EEM,"ARIMA(1,0,1)"
2020-10-14,0.0024334778502136775,EEM,"ARIMA(1,0,1)"
2020-10-15,0.0024539233500089097,EEM,"ARIMA(1,0,1)"
2020-10-16,0.0025329885316438604,EEM,"ARIMA(1,0,1)"
2020-10-19,-0.0009811793632884622,EEM,"ARIMA(1,0,1)"
2020-10-20,0.0017225684361981467,EEM,"ARIMA(1,0,1)"
2020-10-21,-0.0033295147730084173,EEM,"ARIMA(1,0,1)"
2020-10-22,0.00031309101103580914,EEM,"ARIMA(1,0,1)"
2020-10-23,0.0006642203925233089,EEM,"ARIMA(1,0,1)"
2020-10-26,-0.0013474321257248162,EEM,"ARIMA(1,0,1)"
2020-10-27,0.005061214452603865,EEM,"ARIMA(1,0,1)"
2020-10-28,-0.0018575765921585812,EEM,"ARIMA(1,0,1)"
2020-10-29,0.009227236658358975,EEM,"ARIMA(1,0,1)"
2020-10-30,-0.004520533171883617,EEM,"ARIMA(1,0,1)"
2020-11-02,0.005029081399192834,EEM,"ARIMA(1,0,1)"
2020-11-03,-0.004799840852074526,EEM,"ARIMA(1,0,1)"
2020-11-04,-0.00019622581889485905,EEM,"ARIMA(1,0,1)"
2020-11-05,-0.009762943359807276,EEM,"ARIMA(1,0,1)"
2020-11-06,-0.0029834130934402016,EEM,"ARIMA(1,0,1)"
2020-11-09,-0.00023706218315240238,EEM,"ARIMA(1,0,1)"
2020-11-10,-0.0014488546717586785,EEM,"ARIMA(1,0,1)"
2020-11-11,0.004767768881902414,EEM,"ARIMA(1,0,1)"
2020-11-12,-0.0021641348362209764,EEM,"ARIMA(1,0,1)"
2020-11-13,0.0036965699023791153,EEM,"ARIMA(1,0,1)"
2020-11-16,-0.004425566420688962,EEM,"ARIMA(1,0,1)"
2020-11-17,-0.0022248237692064064,EEM,"ARIMA(1,0,1)"
2020-11-18,0.0017033055416897937,EEM,"ARIMA(1,0,1)"
2020-11-19,0.001679197313177751,EEM,"ARIMA(1,0,1)"
2020-11-20,5.7251468349969075e-05,EEM,"ARIMA(1,0,1)"
2020-11-23,-0.0008450506744904684,EEM,"ARIMA(1,0,1)"
2020-11-24,0.0002625938028811512,EEM,"ARIMA(1,0,1)"
2020-11-25,-0.0034105672961445947,EEM,"ARIMA(1,0,1)"
2020-11-27,0.0035202352482525236,EEM,"ARIMA(1,0,1)"
2020-11-30,-0.002748064751503562,EEM,"ARIMA(1,0,1)"
2020-12-01,0.010247108997631073,EEM,"ARIMA(1,0,1)"
2020-12-02,-0.007174607945536049,EEM,"ARIMA(1,0,1)"
2020-12-03,0.0020309196365643025,EEM,"ARIMA(1,0,1)"
2020-12-04,-0.003031125166445793,EEM,"ARIMA(1,0,1)"
2020-12-07,-0.0015931575285141998,EEM,"ARIMA(1,0,1)"
2020-12-08,0.0014776300683375665,EEM,"ARIMA(1,0,1)"
2020-12-09,0.0007711526679613293,EEM,"ARIMA(1,0,1)"
2020-12-10,0.0037721415521858536,EEM,"ARIMA(1,0,1)"
2020-12-11,-0.003910077119260425,EEM,"ARIMA(1,0,1)"
2020-12-14,0.004080411964526811,EEM,"ARIMA(1,0,1)"
2020-12-15,0.0018952769186340536,EEM,"ARIMA(1,0,1)"
2020-12-16,-0.002934261158127186,EEM,"ARIMA(1,0,1)"
2020-12-17,-7.288898955885794e-05,EEM,"ARIMA(1,0,1)"
2020-12-18,-0.0012261660715827448,EEM,"ARIMA(1,0,1)"
2020-12-21,0.0015319462280077795,EEM,"ARIMA(1,0,1)"
2020-12-22,0.005461738405279709,EEM,"ARIMA(1,0,1)"
2020-12-23,0.002383177621876985,EEM,"ARIMA(1,0,1)"
2020-12-24,-0.0029308540903467896,EEM,"ARIMA(1,0,1)"
2020-12-28,0.0027920689699653003,EEM,"ARIMA(1,0,1)"
2020-12-29,-0.0007089894133016006,EEM,"ARIMA(1,0,1)"
2020-12-30,-0.003917956384254008,EEM,"ARIMA(1,0,1)"
2020-12-31,-0.0027206011924076276,EEM,"ARIMA(1,0,1)"
2021-01-04,0.0015886321339779325,EEM,"ARIMA(1,0,1)"
2021-01-05,-0.0013937622980261495,EEM,"ARIMA(1,0,1)"
2021-01-06,-0.006397009713018771,EEM,"ARIMA(1,0,1)"
2021-01-07,0.00501015260880685,EEM,"ARIMA(1,0,1)"
2021-01-08,-0.0030463306215247716,EEM,"ARIMA(1,0,1)"
2021-01-11,-0.006642787591334905,EEM,"ARIMA(1,0,1)"
2021-01-12,0.00674584533014093,EEM,"ARIMA(1,0,1)"
2021-01-13,-0.0035056774565620456,EEM,"ARIMA(1,0,1)"
2021-01-14,0.0010024565346337397,EEM,"ARIMA(1,0,1)"
2021-01-15,-0.0019885728956855414,EEM,"ARIMA(1,0,1)"
2021-01-19,0.0062479269339318745,EEM,"ARIMA(1,0,1)"
2021-01-20,-0.005530240970078213,EEM,"ARIMA(1,0,1)"
2021-01-21,-0.0032216018534399087,EEM,"ARIMA(1,0,1)"
2021-01-22,0.0013996386246885218,EEM,"ARIMA(1,0,1)"
2021-01-25,0.003969856322251663,EEM,"ARIMA(1,0,1)"
2021-01-26,-0.0017439615494729312,EEM,"ARIMA(1,0,1)"
2021-01-27,0.004401867496874638,EEM,"ARIMA(1,0,1)"
2021-01-28,0.010041774004420969,EEM,"ARIMA(1,0,1)"
2021-01-29,-0.0026566504691757508,EEM,"ARIMA(1,0,1)"
2021-02-01,0.010432558970328893,EEM,"ARIMA(1,0,1)"
2021-02-02,-0.00945742210491272,EEM,"ARIMA(1,0,1)"
2021-02-03,-0.0010695389794304403,EEM,"ARIMA(1,0,1)"
2021-02-04,4.866980878170707e-05,EEM,"ARIMA(1,0,1)"
2021-02-05,0.0013876925712966613,EEM,"ARIMA(1,0,1)"
2021-02-08,-0.0015740962422361167,EEM,"ARIMA(1,0,1)"
2021-02-09,0.0013728986214910756,EEM,"ARIMA(1,0,1)"
2021-02-10,-0.0020671161658019858,EEM,"ARIMA(1,0,1)"
2021-02-11,0.0008230828365514502,EEM,"ARIMA(1,0,1)"
2021-02-12,-0.0021137106613370597,EEM,"ARIMA(1,0,1)"
2021-02-16,0.001831221560038673,EEM,"ARIMA(1,0,1)"
2021-02-17,0.0005692707936491874,EEM,"ARIMA(1,0,1)"
2021-02-18,0.001517148105201763,EEM,"ARIMA(1,0,1)"
2021-02-19,0.006102591993558266,EEM,"ARIMA(1,0,1)"
2021-02-22,-0.0014745847260863628,EEM,"ARIMA(1,0,1)"
2021-02-23,0.012176921440943324,EEM,"ARIMA(1,0,1)"
2021-02-24,-0.002013127349551842,EEM,"ARIMA(1,0,1)"
2021-02-25,0.004523214739271049,EEM,"ARIMA(1,0,1)"
2021-02-26,0.008975242325986673,EEM,"ARIMA(1,0,1)"
2021-03-01,0.0046936861125516345,EEM,"ARIMA(1,0,1)"
2021-03-02,-0.008142958413191756,EEM,"ARIMA(1,0,1)"
2021-03-03,0.0065394506873455,EEM,"ARIMA(1,0,1)"
2021-03-04,0.001303482084279137,EEM,"ARIMA(1,0,1)"
2021-03-05,0.009461999154678387,EEM,"ARIMA(1,0,1)"
2021-03-08,-0.0036167337117162146,EEM,"ARIMA(1,0,1)"
2021-03-09,0.012970811239879688,EEM,"ARIMA(1,0,1)"
2021-03-10,-0.008000959802012422,EEM,"ARIMA(1,0,1)"
2021-03-11,0.005841254263588546,EEM,"ARIMA(1,0,1)"
2021-03-12,-0.012950324856256759,EEM,"ARIMA(1,0,1)"
2021-03-15,0.012796912165733925,EEM,"ARIMA(1,0,1)"
2021-03-16,-0.001153218354823829,EEM,"ARIMA(1,0,1)"
2021-03-17,0.0016748532408985808,EEM,"ARIMA(1,0,1)"
2021-03-18,0.0022247354364110304,EEM,"ARIMA(1,0,1)"
2021-03-19,0.00657112424907185,EEM,"ARIMA(1,0,1)"
2021-03-22,-0.0011883805151361852,EEM,"ARIMA(1,0,1)"
2021-03-23,0.004415106419533932,EEM,"ARIMA(1,0,1)"
2021-03-24,0.0058856712652563935,EEM,"ARIMA(1,0,1)"
2021-03-25,0.0066307524151151525,EEM,"ARIMA(1,0,1)"
2021-03-26,-0.00016857739639148327,EEM,"ARIMA(1,0,1)"
2021-03-29,-0.0037147259611730477,EEM,"ARIMA(1,0,1)"
2021-03-30,0.005311144937858221,EEM,"ARIMA(1,0,1)"
2021-03-31,0.0003678062266351395,EEM,"ARIMA(1,0,1)"
2021-04-01,0.0016779137820440203,EEM,"ARIMA(1,0,1)"
2021-04-05,0.0005049285558553444,EEM,"ARIMA(1,0,1)"
2021-04-06,0.001988908301105821,EEM,"ARIMA(1,0,1)"
2021-04-07,0.0013456081120437702,EEM,"ARIMA(1,0,1)"
2021-04-08,0.005046962014627945,EEM,"ARIMA(1,0,1)"
2021-04-09,-0.00027060528524846367,EEM,"ARIMA(1,0,1)"
2021-04-12,0.004214151449092701,EEM,"ARIMA(1,0,1)"
2021-04-13,0.0024454024276411054,EEM,"ARIMA(1,0,1)"
2021-04-14,0.0010592582021065442,EEM,"ARIMA(1,0,1)"
2021-04-15,0.0012451533465944191,EEM,"ARIMA(1,0,1)"
2021-04-16,0.0006602519016111344,EEM,"ARIMA(1,0,1)"
2021-04-19,0.002093145074646063,EEM,"ARIMA(1,0,1)"
2021-04-20,0.0023614667163947885,EEM,"ARIMA(1,0,1)"
2021-04-21,0.0031911785315818083,EEM,"ARIMA(1,0,1)"
2021-04-22,0.00047815276791747844,EEM,"ARIMA(1,0,1)"
2021-04-23,0.0032186122289549063,EEM,"ARIMA(1,0,1)"
2021-04-26,-0.0010991367133895752,EEM,"ARIMA(1,0,1)"
2021-04-27,0.0031815167675122115,EEM,"ARIMA(1,0,1)"
2021-04-28,0.001370914914248569,EEM,"ARIMA(1,0,1)"
2021-04-29,0.0013244535653137762,EEM,"ARIMA(1,0,1)"
2021-04-30,0.0026142780993218557,EEM,"ARIMA(1,0,1)"
2021-05-03,0.004435404375063017,EEM,"ARIMA(1,0,1)"
2021-05-04,0.0006113943351355523,EEM,"ARIMA(1,0,1)"
2021-05-05,0.004507294545189754,EEM,"ARIMA(1,0,1)"
2021-05-06,-0.00037538895731182307,EEM,"ARIMA(1,0,1)"
2021-05-07,0.0015678369885747654,EEM,"ARIMA(1,0,1)"
2021-05-10,0.0003755953996321423,EEM,"ARIMA(1,0,1)"
2021-05-11,0.005680440794022185,EEM,"ARIMA(1,0,1)"
2021-05-12,9.456362128631968e-05,EEM,"ARIMA(1,0,1)"
2021-05-13,0.00734575351923031,EEM,"ARIMA(1,0,1)"
2021-05-14,-0.0008454727084871972,EEM,"ARIMA(1,0,1)"
2021-05-17,-0.0002590934849061074,EEM,"ARIMA(1,0,1)"
2021-05-18,0.002383692710030534,EEM,"ARIMA(1,0,1)"
2021-05-19,-0.0005892732976023011,EEM,"ARIMA(1,0,1)"
2021-05-20,0.0034624160389006954,EEM,"ARIMA(1,0,1)"
2021-05-21,-0.00023477710024333905,EEM,"ARIMA(1,0,1)"
2021-05-24,0.00456289845983197,EEM,"ARIMA(1,0,1)"
2021-05-25,-0.0012325508484189592,EEM,"ARIMA(1,0,1)"
2021-05-26,0.002349187469437018,EEM,"ARIMA(1,0,1)"
2021-05-27,0.00011295636067631086,EEM,"ARIMA(1,0,1)"
2021-05-28,0.002554346232194838,EEM,"ARIMA(1,0,1)"
2021-06-01,0.00014231690982089806,EEM,"ARIMA(1,0,1)"
2021-06-02,-0.00047908883378074726,EEM,"ARIMA(1,0,1)"
2021-06-03,0.002607536132380976,EEM,"ARIMA(1,0,1)"
2021-06-04,0.002340555978653638,EEM,"ARIMA(1,0,1)"
2021-06-07,-0.0004258611839982149,EEM,"ARIMA(1,0,1)"
2021-06-08,0.0034561874170523157,EEM,"ARIMA(1,0,1)"
2021-06-09,0.0008687719499621811,EEM,"ARIMA(1,0,1)"
2021-06-10,0.002061163020006667,EEM,"ARIMA(1,0,1)"
2021-06-11,-0.0004907495257240456,EEM,"ARIMA(1,0,1)"
2021-06-14,0.003197571457589515,EEM,"ARIMA(1,0,1)"
2021-06-15,-0.00022609545642827055,EEM,"ARIMA(1,0,1)"
2021-06-16,0.0036254030579421634,EEM,"ARIMA(1,0,1)"
2021-06-17,0.0014822692941376299,EEM,"ARIMA(1,0,1)"
2021-06-18,0.0006737722617071954,EEM,"ARIMA(1,0,1)"
2021-06-21,0.0028289038957907365,EEM,"ARIMA(1,0,1)"
2021-06-22,-0.00019640853423893794,EEM,"ARIMA(1,0,1)"
2021-06-23,0.0030603433171535583,EEM,"ARIMA(1,0,1)"
2021-06-24,-0.0006535749147924292,EEM,"ARIMA(1,0,1)"
2021-06-25,0.0018373259851826222,EEM,"ARIMA(1,0,1)"
2021-06-28,5.29672924036652e-05,EEM,"ARIMA(1,0,1)"
2021-06-29,0.002343026242438061,EEM,"ARIMA(1,0,1)"
2021-06-30,0.0008318557606186887,EEM,"ARIMA(1,0,1)"
2021-07-01,0.0024991564076145313,EEM,"ARIMA(1,0,1)"
2021-07-02,0.001298471506052488,EEM,"ARIMA(1,0,1)"
2021-07-06,0.0013785929739575072,EEM,"ARIMA(1,0,1)"
2021-07-07,0.0024272346822215105,EEM,"ARIMA(1,0,1)"
2021-07-08,-0.00017160622746661752,EEM,"ARIMA(1,0,1)"
2021-07-09,0.004434470280450816,EEM,"ARIMA(1,0,1)"
2021-07-12,-0.00421681986033461,EEM,"ARIMA(1,0,1)"
2021-07-13,0.004900351550760925,EEM,"ARIMA(1,0,1)"
2021-07-14,-0.002181890274290202,EEM,"ARIMA(1,0,1)"
2021-07-15,0.002911967323065103,EEM,"ARIMA(1,0,1)"
2021-07-16,-0.0010790668544653694,EEM,"ARIMA(1,0,1)"
2021-07-19,0.003344896565777314,EEM,"ARIMA(1,0,1)"
2021-07-20,0.001132411919755028,EEM,"ARIMA(1,0,1)"
2021-07-21,0.0002567359747533464,EEM,"ARIMA(1,0,1)"
2021-07-22,0.0006125984568130539,EEM,"ARIMA(1,0,1)"
2021-07-23,0.0009214744586308791,EEM,"ARIMA(1,0,1)"
2021-07-26,0.002707709047405391,EEM,"ARIMA(1,0,1)"
2021-07-27,0.001679142175808236,EEM,"ARIMA(1,0,1)"
2021-07-28,0.0017688167152772678,EEM,"ARIMA(1,0,1)"
2021-07-29,-0.004225619999889311,EEM,"ARIMA(1,0,1)"
2021-07-30,0.0016074275447290455,EEM,"ARIMA(1,0,1)"
2021-08-02,-0.0007109761878094836,EEM,"ARIMA(1,0,1)"
2021-08-03,0.001141520593308216,EEM,"ARIMA(1,0,1)"
2021-08-04,0.00011093070225564531,EEM,"ARIMA(1,0,1)"
2021-08-05,0.0007763436884382092,EEM,"ARIMA(1,0,1)"
2021-08-06,0.0009764240042667991,EEM,"ARIMA(1,0,1)"
2021-08-09,0.0014525700573912738,EEM,"ARIMA(1,0,1)"
2021-08-10,-0.0001354510120750291,EEM,"ARIMA(1,0,1)"
2021-08-11,0.0013564843156075642,EEM,"ARIMA(1,0,1)"
2021-08-12,1.587519140762309e-05,EEM,"ARIMA(1,0,1)"
2021-08-13,0.002377577334525643,EEM,"ARIMA(1,0,1)"
2021-08-16,-0.0003620804473372695,EEM,"ARIMA(1,0,1)"
2021-08-17,0.002685650604808648,EEM,"ARIMA(1,0,1)"
2021-08-18,0.0010800536813572056,EEM,"ARIMA(1,0,1)"
2021-08-19,-1.6800370020276004e-05,EEM,"ARIMA(1,0,1)"
2021-08-20,0.0029401652040467624,EEM,"ARIMA(1,0,1)"
2021-08-23,-0.0011803488880896991,EEM,"ARIMA(1,0,1)"
2021-08-24,0.0002539944529430017,EEM,"ARIMA(1,0,1)"
2021-08-25,-0.0014670198524067125,EEM,"ARIMA(1,0,1)"
2021-08-26,0.002136119554478207,EEM,"ARIMA(1,0,1)"
2021-08-27,0.00012671161522292995,EEM,"ARIMA(1,0,1)"
2021-08-30,-0.00016728442515834827,EEM,"ARIMA(1,0,1)"
2021-08-31,0.0009590823087592334,EEM,"ARIMA(1,0,1)"
2021-09-01,0.00045147974471362005,EEM,"ARIMA(1,0,1)"
2021-09-02,0.0009062033846197891,EEM,"ARIMA(1,0,1)"
2021-09-03,0.0009005747268649146,EEM,"ARIMA(1,0,1)"
2021-09-07,0.0002456018458036151,EEM,"ARIMA(1,0,1)"
2021-09-08,0.0008774329442209722,EEM,"ARIMA(1,0,1)"
2021-09-09,0.0018267615795945437,EEM,"ARIMA(1,0,1)"
2021-09-10,-7.100201345647944e-05,EEM,"ARIMA(1,0,1)"
2021-09-13,0.0016712036321001045,EEM,"ARIMA(1,0,1)"
2021-09-14,-0.00017832245393468397,EEM,"ARIMA(1,0,1)"
2021-09-15,0.002205425485689221,EEM,"ARIMA(1,0,1)"
2021-09-16,-0.0005912672168178365,EEM,"ARIMA(1,0,1)"
2021-09-17,0.0026321753984479054,EEM,"ARIMA(1,0,1)"
2021-09-20,-0.0007610780745279334,EEM,"ARIMA(1,0,1)"
2021-09-21,0.0038771003418430214,EEM,"ARIMA(1,0,1)"
2021-09-22,-0.0033102867985173156,EEM,"ARIMA(1,0,1)"
2021-09-23,0.0014821831602079816,EEM,"ARIMA(1,0,1)"
2021-09-24,-0.0006090952544614566,EEM,"ARIMA(1,0,1)"
2021-09-27,0.003108232832663906,EEM,"ARIMA(1,0,1)"
2021-09-28,-0.003094055818515489,EEM,"ARIMA(1,0,1)"
2021-09-29,0.003832681673522461,EEM,"ARIMA(1,0,1)"
2021-09-30,-0.0013032564005961006,EEM,"ARIMA(1,0,1)"
2021-10-01,0.001736011972197565,EEM,"ARIMA(1,0,1)"
2021-10-04,0.0008559228619929349,EEM,"ARIMA(1,0,1)"
2021-10-05,0.003682953935379915,EEM,"ARIMA(1,0,1)"
2021-10-06,-0.0012780865779622634,EEM,"ARIMA(1,0,1)"
2021-10-07,0.004129058975550405,EEM,"ARIMA(1,0,1)"
2021-10-08,-0.0030582520975643173,EEM,"ARIMA(1,0,1)"
2021-10-11,0.0025362747194719428,EEM,"ARIMA(1,0,1)"
2021-10-12,-0.0006705201085540702,EEM,"ARIMA(1,0,1)"
2021-10-13,0.001822197461556146,EEM,"ARIMA(1,0,1)"
2021-10-14,-0.004107465461173071,EEM,"ARIMA(1,0,1)"
2021-10-15,0.0045901853827028825,EEM,"ARIMA(1,0,1)"
2021-10-18,-0.004216899179628284,EEM,"ARIMA(1,0,1)"
2021-10-19,0.002987865815283554,EEM,"ARIMA(1,0,1)"
2021-10-20,-0.004807144037569838,EEM,"ARIMA(1,0,1)"
2021-10-21,0.00565983761246946,EEM,"ARIMA(1,0,1)"
2021-10-22,-0.003087061968084332,EEM,"ARIMA(1,0,1)"
2021-10-25,0.0014007685756750137,EEM,"ARIMA(1,0,1)"
2021-10-26,-0.0018437902778332355,EEM,"ARIMA(1,0,1)"
2021-10-27,0.00380135350055115,EEM,"ARIMA(1,0,1)"
2021-10-28,-0.0013968790485228688,EEM,"ARIMA(1,0,1)"
2021-10-29,0.0021641568053615014,EEM,"ARIMA(1,0,1)"
2021-11-01,0.0020513931014254296,EEM,"ARIMA(1,0,1)"
2021-11-02,-0.0009705456044133123,EEM,"ARIMA(1,0,1)"
2021-11-03,0.0030504397512063075,EEM,"ARIMA(1,0,1)"
2021-11-04,-0.0017921331421840144,EEM,"ARIMA(1,0,1)"
2021-11-05,0.002333603627605653,EEM,"ARIMA(1,0,1)"
2021-11-08,-0.0007812437478823416,EEM,"ARIMA(1,0,1)"
2021-11-09,5.3597860411530986e-05,EEM,"ARIMA(1,0,1)"
2021-11-10,0.0009948141418155514,EEM,"ARIMA(1,0,1)"
2021-11-11,0.00032834877972129866,EEM,"ARIMA(1,0,1)"
2021-11-12,-0.0016636476777983065,EEM,"ARIMA(1,0,1)"
2021-11-15,0.00138476848581624,EEM,"ARIMA(1,0,1)"
2021-11-16,0.0001587608108804384,EEM,"ARIMA(1,0,1)"
2021-11-17,0.0002692731162800461,EEM,"ARIMA(1,0,1)"
2021-11-18,0.000926042628783465,EEM,"ARIMA(1,0,1)"
2021-11-19,0.001293692029131298,EEM,"ARIMA(1,0,1)"
2021-11-22,-0.00022975696238801188,EEM,"ARIMA(1,0,1)"
2021-11-23,0.001408158314828459,EEM,"ARIMA(1,0,1)"
2021-11-24,-0.0004863479961557942,EEM,"ARIMA(1,0,1)"
2021-11-26,0.0005700378923274535,EEM,"ARIMA(1,0,1)"
2021-11-29,0.002879839799110184,EEM,"ARIMA(1,0,1)"
2021-11-30,-0.002357108706486752,EEM,"ARIMA(1,0,1)"
2021-12-01,0.0014062580503557513,EEM,"ARIMA(1,0,1)"
2021-12-02,-0.001326764602757365,EEM,"ARIMA(1,0,1)"
2021-12-03,-0.00042374938992103536,EEM,"ARIMA(1,0,1)"
2021-12-06,0.0017837379522902524,EEM,"ARIMA(1,0,1)"
2021-12-07,-0.0019389659061991127,EEM,"ARIMA(1,0,1)"
2021-12-08,-0.0007586010662960143,EEM,"ARIMA(1,0,1)"
2021-12-09,-3.600867116527288e-05,EEM,"ARIMA(1,0,1)"
2021-12-10,0.0005297188507975967,EEM,"ARIMA(1,0,1)"
2021-12-13,-0.0003950119233534251,EEM,"ARIMA(1,0,1)"
2021-12-14,0.0017527392007741015,EEM,"ARIMA(1,0,1)"
2021-12-15,-0.0008696892151256805,EEM,"ARIMA(1,0,1)"
2021-12-16,0.000659314247901099,EEM,"ARIMA(1,0,1)"
2021-12-17,-0.0007272282815116224,EEM,"ARIMA(1,0,1)"
2021-12-20,0.0006787026132364459,EEM,"ARIMA(1,0,1)"
2021-12-21,0.0007173664428646264,EEM,"ARIMA(1,0,1)"
2021-12-22,-0.0024362058811985697,EEM,"ARIMA(1,0,1)"
2021-12-23,0.0007425895929519948,EEM,"ARIMA(1,0,1)"
2021-12-27,-0.0011400950009933125,EEM,"ARIMA(1,0,1)"
2021-12-28,0.00012078500238305369,EEM,"ARIMA(1,0,1)"
2021-12-29,0.0002557456383843002,EEM,"ARIMA(1,0,1)"
2021-12-30,0.00017056864462835784,EEM,"ARIMA(1,0,1)"
2021-12-31,-0.0016124519636888275,EEM,"ARIMA(1,0,1)"
2022-01-03,0.0011367744909203292,EEM,"ARIMA(1,0,1)"
2022-01-04,-0.0016336318128483678,EEM,"ARIMA(1,0,1)"
2022-01-05,0.0013885285646776976,EEM,"ARIMA(1,0,1)"
2022-01-06,0.0005248326612244691,EEM,"ARIMA(1,0,1)"
2022-01-07,-0.001309760954083875,EEM,"ARIMA(1,0,1)"
2022-01-10,-0.0007010131237416734,EEM,"ARIMA(1,0,1)"
2022-01-11,-0.00014873524188114038,EEM,"ARIMA(1,0,1)"
2022-01-12,-0.002687129692828119,EEM,"ARIMA(1,0,1)"
2022-01-13,-1.0063416700708161e-05,EEM,"ARIMA(1,0,1)"
2022-01-14,0.0009560953325261721,EEM,"ARIMA(1,0,1)"
2022-01-18,-0.0011695386753387948,EEM,"ARIMA(1,0,1)"
2022-01-19,0.0019614497144920407,EEM,"ARIMA(1,0,1)"
2022-01-20,-0.002667672317719381,EEM,"ARIMA(1,0,1)"
2022-01-21,0.0005866221144995596,EEM,"ARIMA(1,0,1)"
2022-01-24,0.00012380166786796134,EEM,"ARIMA(1,0,1)"
2022-01-25,0.00038007934546726793,EEM,"ARIMA(1,0,1)"
2022-01-26,-0.0009053315279018356,EEM,"ARIMA(1,0,1)"
2022-01-27,0.0010206199275275749,EEM,"ARIMA(1,0,1)"
2022-01-28,0.0005057635294093707,EEM,"ARIMA(1,0,1)"
2022-01-31,-0.0007289447567060285,EEM,"ARIMA(1,0,1)"
2022-02-01,-0.002542754631894281,EEM,"ARIMA(1,0,1)"
2022-02-02,0.0010621910646189704,EEM,"ARIMA(1,0,1)"
2022-02-03,-0.0013353619489850544,EEM,"ARIMA(1,0,1)"
2022-02-04,0.0007786022130511583,EEM,"ARIMA(1,0,1)"
2022-02-07,-0.0014772038835822597,EEM,"ARIMA(1,0,1)"
2022-02-08,0.00011153998707473956,EEM,"ARIMA(1,0,1)"
2022-02-09,-0.001592842375859781,EEM,"ARIMA(1,0,1)"
2022-02-10,-0.0009782093327001535,EEM,"ARIMA(1,0,1)"
2022-02-11,0.00025384649437231214,EEM,"ARIMA(1,0,1)"
2022-02-14,0.00024783025351207027,EEM,"ARIMA(1,0,1)"
2022-02-15,-0.0005045907610884459,EEM,"ARIMA(1,0,1)"
2022-02-16,-0.0018666656718798697,EEM,"ARIMA(1,0,1)"
2022-02-17,-0.0015462409318677608,EEM,"ARIMA(1,0,1)"
2022-02-18,0.00015184142021101865,EEM,"ARIMA(1,0,1)"
2022-02-22,7.332271566594134e-05,EEM,"ARIMA(1,0,1)"
2022-02-23,0.00014375323456141103,EEM,"ARIMA(1,0,1)"
2022-02-24,0.001773952082812422,EEM,"ARIMA(1,0,1)"
2022-02-25,0.0004689282995872467,EEM,"ARIMA(1,0,1)"
2022-02-28,-0.0011533508673530475,EEM,"ARIMA(1,0,1)"
2022-03-01,0.0006467609488103264,EEM,"ARIMA(1,0,1)"
2022-03-02,0.004113014059372531,EEM,"ARIMA(1,0,1)"
2022-03-03,-0.0006802046505250789,EEM,"ARIMA(1,0,1)"
2022-03-04,1.398173968494387e-05,EEM,"ARIMA(1,0,1)"
2022-03-07,0.005465323930041507,EEM,"ARIMA(1,0,1)"
2022-03-08,-0.001864253048770941,EEM,"ARIMA(1,0,1)"
2022-03-09,-0.0007341505021877413,EEM,"ARIMA(1,0,1)"
2022-03-10,-0.00014645187304702218,EEM,"ARIMA(1,0,1)"
2022-03-11,-0.0012792323050329177,EEM,"ARIMA(1,0,1)"
2022-03-14,-0.0017664512872291552,EEM,"ARIMA(1,0,1)"
2022-03-15,-0.002441363331790356,EEM,"ARIMA(1,0,1)"
2022-03-16,-0.0009373115297999298,EEM,"ARIMA(1,0,1)"
2022-03-17,0.005728430637382428,EEM,"ARIMA(1,0,1)"
2022-03-18,-0.0014176889708008497,EEM,"ARIMA(1,0,1)"
2022-03-21,-0.0012140675361761956,EEM,"ARIMA(1,0,1)"
2022-03-22,-0.001376152227480303,EEM,"ARIMA(1,0,1)"
2022-03-23,-6.763656457158435e-05,EEM,"ARIMA(1,0,1)"
2022-03-24,-0.00046100970684425063,EEM,"ARIMA(1,0,1)"
2022-03-25,-0.00045832936041724856,EEM,"ARIMA(1,0,1)"
2022-03-28,-0.0005926828341207355,EEM,"ARIMA(1,0,1)"
2022-03-29,-0.0005523050061586294,EEM,"ARIMA(1,0,1)"
2022-03-30,-0.0004981057850506397,EEM,"ARIMA(1,0,1)"
2022-03-31,-0.0005288274297907078,EEM,"ARIMA(1,0,1)"
2022-04-01,-0.0006275575681745638,EEM,"ARIMA(1,0,1)"
2022-04-04,-0.0005772109819333379,EEM,"ARIMA(1,0,1)"
2022-04-05,-8.788945323470179e-05,EEM,"ARIMA(1,0,1)"
2022-04-06,-0.0005426325436774782,EEM,"ARIMA(1,0,1)"
2022-04-07,-0.0006299726915023135,EEM,"ARIMA(1,0,1)"
2022-04-08,-0.0006281313281210906,EEM,"ARIMA(1,0,1)"
2022-04-11,-0.000554175262851781,EEM,"ARIMA(1,0,1)"
2022-04-12,-0.0010021245481371746,EEM,"ARIMA(1,0,1)"
2022-04-13,-0.0007619647274640651,EEM,"ARIMA(1,0,1)"
2022-04-14,-0.00020753243639006467,EEM,"ARIMA(1,0,1)"
2022-04-18,-0.0010099760007146546,EEM,"ARIMA(1,0,1)"
2022-04-19,-0.0007439479683532405,EEM,"ARIMA(1,0,1)"
2022-04-20,-0.0007280705209614005,EEM,"ARIMA(1,0,1)"
2022-04-21,-0.0011609571708093619,EEM,"ARIMA(1,0,1)"
2022-04-22,0.0028025059139474267,EEM,"ARIMA(1,0,1)"
2022-04-25,0.0024112579527089005,EEM,"ARIMA(1,0,1)"
2022-04-26,0.0022872364680065274,EEM,"ARIMA(1,0,1)"
2022-04-27,0.0005391510596389102,EEM,"ARIMA(1,0,1)"
2022-04-28,0.002959133236877314,EEM,"ARIMA(1,0,1)"
2022-04-29,-0.0006106651072228416,EEM,"ARIMA(1,0,1)"
2022-05-02,-0.0010642099133186655,EEM,"ARIMA(1,0,1)"
2022-05-03,-0.00102345689178362,EEM,"ARIMA(1,0,1)"
2022-05-04,-0.0012557517939352186,EEM,"ARIMA(1,0,1)"
2022-05-05,-0.0014840560905137338,EEM,"ARIMA(1,0,1)"
2022-05-06,7.709256370478377e-05,EEM,"ARIMA(1,0,1)"
2022-05-09,-0.0006386493340587677,EEM,"ARIMA(1,0,1)"
2022-05-10,-0.000747270210742373,EEM,"ARIMA(1,0,1)"
2022-05-11,-0.0002385662967019761,EEM,"ARIMA(1,0,1)"
2022-05-12,-0.00042750670617376337,EEM,"ARIMA(1,0,1)"
2022-05-13,-0.0008832676998730843,EEM,"ARIMA(1,0,1)"
2022-05-16,0.001923336846992961,EEM,"ARIMA(1,0,1)"
2022-05-17,-0.0012097022941577142,EEM,"ARIMA(1,0,1)"
2022-05-18,-0.0020148516595413528,EEM,"ARIMA(1,0,1)"
2022-05-19,-0.001042364031415018,EEM,"ARIMA(1,0,1)"
2022-05-20,-0.0010052916193464911,EEM,"ARIMA(1,0,1)"
2022-05-23,-0.0009421047270199543,EEM,"ARIMA(1,0,1)"
2022-05-24,-0.0009450919160534367,EEM,"ARIMA(1,0,1)"
2022-05-25,-0.0010540234356074911,EEM,"ARIMA(1,0,1)"
2022-05-26,-0.0010638038079545194,EEM,"ARIMA(1,0,1)"
2022-05-27,-0.0010029152974187182,EEM,"ARIMA(1,0,1)"
2022-05-31,-0.0009827186895479533,EEM,"ARIMA(1,0,1)"
2022-06-01,-0.0010056990953661988,EEM,"ARIMA(1,0,1)"
2022-06-02,-0.0010433429715176097,EEM,"ARIMA(1,0,1)"
2022-06-03,-0.0009318713838098772,EEM,"ARIMA(1,0,1)"
2022-06-06,-0.0010336769568884757,EEM,"ARIMA(1,0,1)"
2022-06-07,-0.0009918472944928883,EEM,"ARIMA(1,0,1)"
2022-06-08,-0.0009611897909804207,EEM,"ARIMA(1,0,1)"
2022-06-09,-0.0009276679176565832,EEM,"ARIMA(1,0,1)"
2022-06-10,-0.0010538973947262747,EEM,"ARIMA(1,0,1)"
2022-06-13,-0.0010856913411435322,EEM,"ARIMA(1,0,1)"
2022-06-14,-0.00123649329723455,EEM,"ARIMA(1,0,1)"
2022-06-15,-0.0011550448689306649,EEM,"ARIMA(1,0,1)"
2022-06-16,-0.0010496018717421525,EEM,"ARIMA(1,0,1)"
2022-06-17,-0.0011915980341680658,EEM,"ARIMA(1,0,1)"
2022-06-21,-0.0011515186213184485,EEM,"ARIMA(1,0,1)"
2022-06-22,-0.001104793485396125,EEM,"ARIMA(1,0,1)"
2022-06-23,-0.0011550519375134124,EEM,"ARIMA(1,0,1)"
2022-06-24,-0.0011685582064321586,EEM,"ARIMA(1,0,1)"
2022-06-27,-0.00141576791981135,EEM,"ARIMA(1,0,1)"
2022-06-28,-0.0011409933989943082,EEM,"ARIMA(1,0,1)"
2022-06-29,-0.0011692792979092045,EEM,"ARIMA(1,0,1)"
2022-06-30,-0.0011795393511948465,EEM,"ARIMA(1,0,1)"
2022-07-01,-0.0011728421760529956,EEM,"ARIMA(1,0,1)"
2022-07-05,-0.0011778786535322856,EEM,"ARIMA(1,0,1)"
2022-07-06,-0.0012042370535905304,EEM,"ARIMA(1,0,1)"
2022-07-07,-0.001158543474853628,EEM,"ARIMA(1,0,1)"
2022-07-08,-0.0010752872995185118,EEM,"ARIMA(1,0,1)"
2022-07-11,-0.0009895477626859542,EEM,"ARIMA(1,0,1)"
2022-07-12,-0.0008430271229459311,EEM,"ARIMA(1,0,1)"
2022-07-13,-0.0007987083040757398,EEM,"ARIMA(1,0,1)"
2022-07-14,-0.0011812593771486097,EEM,"ARIMA(1,0,1)"
2022-07-15,0.001017089418512561,EEM,"ARIMA(1,0,1)"
2022-07-18,-0.0008817540794455693,EEM,"ARIMA(1,0,1)"
2022-07-19,-0.00010804340039513452,EEM,"ARIMA(1,0,1)"
2022-07-20,-0.0009436311915160898,EEM,"ARIMA(1,0,1)"
2022-07-21,-0.0009762328903345505,EEM,"ARIMA(1,0,1)"
2022-07-22,-0.001060219789490854,EEM,"ARIMA(1,0,1)"
2022-07-25,-0.001107501686744824,EEM,"ARIMA(1,0,1)"
2022-07-26,-0.0010341943344215378,EEM,"ARIMA(1,0,1)"
2022-07-27,-0.0009893211804632056,EEM,"ARIMA(1,0,1)"
2022-07-28,-0.0008352152749126767,EEM,"ARIMA(1,0,1)"
2022-07-29,-0.0010011316474598843,EEM,"ARIMA(1,0,1)"
2022-08-01,-0.00091726803258105,EEM,"ARIMA(1,0,1)"
2022-08-02,-0.0008822767037557246,EEM,"ARIMA(1,0,1)"
2022-08-03,-0.0009676819776758347,EEM,"ARIMA(1,0,1)"
2022-08-04,-0.0011027662302493656,EEM,"ARIMA(1,0,1)"
2022-08-05,-0.0009842585080640429,EEM,"ARIMA(1,0,1)"
2022-08-08,-0.0009749621023452388,EEM,"ARIMA(1,0,1)"
2022-08-09,-0.0009359422091195214,EEM,"ARIMA(1,0,1)"
2022-08-10,-0.0009651050520513434,EEM,"ARIMA(1,0,1)"
2022-08-11,-0.001065881618569528,EEM,"ARIMA(1,0,1)"
2022-08-12,-0.0009153717811661335,EEM,"ARIMA(1,0,1)"
2022-08-15,-0.0008364791948192694,EEM,"ARIMA(1,0,1)"
2022-08-16,-0.0008468857543725999,EEM,"ARIMA(1,0,1)"
2022-08-17,-0.0008118038461894276,EEM,"ARIMA(1,0,1)"
2022-08-18,-0.0007543064761274695,EEM,"ARIMA(1,0,1)"
2022-08-19,-0.0007831872721581599,EEM,"ARIMA(1,0,1)"
2022-08-22,-0.0007693443759235249,EEM,"ARIMA(1,0,1)"
2022-08-23,-0.0008010380233212511,EEM,"ARIMA(1,0,1)"
2022-08-24,-0.000839930428339161,EEM,"ARIMA(1,0,1)"
2022-08-25,-0.0009284260084602392,EEM,"ARIMA(1,0,1)"
2022-08-26,-0.0012249713681320832,EEM,"ARIMA(1,0,1)"
2022-08-29,-0.0005792453587796145,EEM,"ARIMA(1,0,1)"
2022-08-30,-0.000834588013657459,EEM,"ARIMA(1,0,1)"
2022-08-31,-0.0007805821234573213,EEM,"ARIMA(1,0,1)"
2022-09-01,-0.001161964378315172,EEM,"ARIMA(1,0,1)"
2022-09-02,-0.0009483722392060179,EEM,"ARIMA(1,0,1)"
2022-09-06,-0.000945054761472979,EEM,"ARIMA(1,0,1)"
2022-09-07,-0.0012120574267502698,EEM,"ARIMA(1,0,1)"
2022-09-08,-0.00119749431548453,EEM,"ARIMA(1,0,1)"
2022-09-09,-0.00105924482108383,EEM,"ARIMA(1,0,1)"
2022-09-12,-0.0015098617279986708,EEM,"ARIMA(1,0,1)"
2022-09-13,-0.0013545367402693013,EEM,"ARIMA(1,0,1)"
2022-09-14,-0.00124097064566471,EEM,"ARIMA(1,0,1)"
2022-09-15,-0.0013066679038231323,EEM,"ARIMA(1,0,1)"
2022-09-16,-0.0008193085444480289,EEM,"ARIMA(1,0,1)"
2022-09-19,-0.0008617504056698121,EEM,"ARIMA(1,0,1)"
2022-09-20,-0.00127161386550504,EEM,"ARIMA(1,0,1)"
2022-09-21,-0.0008868109661299704,EEM,"ARIMA(1,0,1)"
2022-09-22,-0.0005896638322360388,EEM,"ARIMA(1,0,1)"
2022-09-23,-0.001058366939425813,EEM,"ARIMA(1,0,1)"
2022-09-26,-0.000592921041850057,EEM,"ARIMA(1,0,1)"
2022-09-27,-0.0013328491197252704,EEM,"ARIMA(1,0,1)"
2022-09-28,-0.0013564484860947637,EEM,"ARIMA(1,0,1)"
2022-09-29,-0.0014986351149599171,EEM,"ARIMA(1,0,1)"
2022-09-30,-0.0007787696108156917,EEM,"ARIMA(1,0,1)"
2022-10-03,0.0028882913168063063,EEM,"ARIMA(1,0,1)"
2022-10-04,-0.001305005537864123,EEM,"ARIMA(1,0,1)"
2022-10-05,-0.0011160011066535095,EEM,"ARIMA(1,0,1)"
2022-10-06,-0.0011408384319639172,EEM,"ARIMA(1,0,1)"
2022-10-07,-0.0011424939124079522,EEM,"ARIMA(1,0,1)"
2022-10-10,-0.001299917870135885,EEM,"ARIMA(1,0,1)"
2022-10-11,-0.0013718323526562466,EEM,"ARIMA(1,0,1)"
2022-10-12,-0.0014297071408178247,EEM,"ARIMA(1,0,1)"
2022-10-13,-0.0014047105705950473,EEM,"ARIMA(1,0,1)"
2022-10-14,-0.0014480870750412116,EEM,"ARIMA(1,0,1)"
2022-10-17,-0.00152019001994388,EEM,"ARIMA(1,0,1)"
2022-10-18,-0.0014596824884184087,EEM,"ARIMA(1,0,1)"
2022-10-19,-0.0014486507209569453,EEM,"ARIMA(1,0,1)"
2022-10-20,-0.001453735644130023,EEM,"ARIMA(1,0,1)"
2022-10-21,-0.0016278682159756824,EEM,"ARIMA(1,0,1)"
2022-10-24,-0.0015850350856906035,EEM,"ARIMA(1,0,1)"
2022-10-25,0.0028011817803377435,EEM,"ARIMA(1,0,1)"
2022-10-26,0.002062331143289537,EEM,"ARIMA(1,0,1)"
2022-10-27,0.0007966186447671444,EEM,"ARIMA(1,0,1)"
2022-10-28,-0.0014620690963229798,EEM,"ARIMA(1,0,1)"
2022-10-31,0.0014721272550048377,EEM,"ARIMA(1,0,1)"
2022-11-01,0.0015665115598507058,EEM,"ARIMA(1,0,1)"
2022-11-02,-0.002695557087109607,EEM,"ARIMA(1,0,1)"
2022-11-03,0.0005951309988950165,EEM,"ARIMA(1,0,1)"
2022-11-04,-9.173441042068593e-05,EEM,"ARIMA(1,0,1)"
2022-11-07,-0.0033167033079898904,EEM,"ARIMA(1,0,1)"
2022-11-08,-0.0032508261791556504,EEM,"ARIMA(1,0,1)"
2022-11-09,-0.0034270403729038347,EEM,"ARIMA(1,0,1)"
2022-11-10,-0.002911491608836082,EEM,"ARIMA(1,0,1)"
2022-11-11,-0.005844402360792909,EEM,"ARIMA(1,0,1)"
2022-11-14,-0.0038844313089718813,EEM,"ARIMA(1,0,1)"
2022-11-15,-0.0016485139579363475,EEM,"ARIMA(1,0,1)"
2022-11-16,-0.0026247935277031453,EEM,"ARIMA(1,0,1)"
2022-11-17,-0.0018281997258722557,EEM,"ARIMA(1,0,1)"
2022-11-18,-0.0019669097896609315,EEM,"ARIMA(1,0,1)"
2022-11-21,-0.0018016096646733327,EEM,"ARIMA(1,0,1)"
2022-11-22,-0.001233860672162345,EEM,"ARIMA(1,0,1)"
2022-11-23,-0.0014081514452543337,EEM,"ARIMA(1,0,1)"
2022-11-25,-0.0014362643531857196,EEM,"ARIMA(1,0,1)"
2022-11-28,-0.0014526271909670674,EEM,"ARIMA(1,0,1)"
2022-11-29,-0.0009216439740224365,EEM,"ARIMA(1,0,1)"
2022-11-30,-0.00137448294452385,EEM,"ARIMA(1,0,1)"
2022-12-01,-0.0025248784374537862,EEM,"ARIMA(1,0,1)"
2022-12-02,-0.0017703064721576894,EEM,"ARIMA(1,0,1)"
2022-12-05,-0.001593851002937581,EEM,"ARIMA(1,0,1)"
2022-12-06,-0.0012019820127833975,EEM,"ARIMA(1,0,1)"
2022-12-07,-0.0009150594699124192,EEM,"ARIMA(1,0,1)"
2022-12-08,-0.0010447105213126505,EEM,"ARIMA(1,0,1)"
2022-12-09,-0.001511595845190309,EEM,"ARIMA(1,0,1)"
2022-12-12,-0.0012148868771347573,EEM,"ARIMA(1,0,1)"
2022-12-13,-0.001080899830275629,EEM,"ARIMA(1,0,1)"
2022-12-14,-0.001174600859530144,EEM,"ARIMA(1,0,1)"
2022-12-15,-0.0011304560422881536,EEM,"ARIMA(1,0,1)"
2022-12-16,-0.00017106320681520748,EEM,"ARIMA(1,0,1)"
2022-12-19,-0.0005375232128860508,EEM,"ARIMA(1,0,1)"
2022-12-20,-0.0006661235237217374,EEM,"ARIMA(1,0,1)"
2022-12-21,-0.0007003233799693055,EEM,"ARIMA(1,0,1)"
2022-12-22,-0.0011613487700758009,EEM,"ARIMA(1,0,1)"
2022-12-23,-0.0008008071720895407,EEM,"ARIMA(1,0,1)"
2022-12-27,-0.0008784220344509291,EEM,"ARIMA(1,0,1)"
2022-12-28,-0.0015113451390379859,EEM,"ARIMA(1,0,1)"
2022-12-29,-0.0008458144669928971,EEM,"ARIMA(1,0,1)"
2022-12-30,-0.0012065655220933407,EEM,"ARIMA(1,0,1)"
2023-01-03,-0.0010077260510330897,EEM,"ARIMA(1,0,1)"
2023-01-04,-0.0018392608988670187,EEM,"ARIMA(1,0,1)"
2023-01-05,-0.0016534107230777788,EEM,"ARIMA(1,0,1)"
2023-01-06,-0.0014054919842598139,EEM,"ARIMA(1,0,1)"
2023-01-09,-0.0019019617664794758,EEM,"ARIMA(1,0,1)"
2023-01-10,-0.001584782895453263,EEM,"ARIMA(1,0,1)"
2023-01-11,-0.0019531199181714134,EEM,"ARIMA(1,0,1)"
2023-01-12,-0.001515862314682956,EEM,"ARIMA(1,0,1)"
2023-01-13,-0.0017981735614723648,EEM,"ARIMA(1,0,1)"
2023-01-17,-0.0014561126239482553,EEM,"ARIMA(1,0,1)"
2023-01-18,-0.0009432881224303096,EEM,"ARIMA(1,0,1)"
2023-01-19,-0.0007415411186876052,EEM,"ARIMA(1,0,1)"
2023-01-20,-0.0008896044353859336,EEM,"ARIMA(1,0,1)"
2023-01-23,-0.00107796424385661,EEM,"ARIMA(1,0,1)"
2023-01-24,-0.0011427201965289052,EEM,"ARIMA(1,0,1)"
2023-01-25,-0.0011932671436189202,EEM,"ARIMA(1,0,1)"
2023-01-26,-0.001093507917796196,EEM,"ARIMA(1,0,1)"
2023-01-27,-0.0010606727832910235,EEM,"ARIMA(1,0,1)"
2023-01-30,-0.0005818650953088938,EEM,"ARIMA(1,0,1)"
2023-01-31,-0.00013748042056672532,EEM,"ARIMA(1,0,1)"
2023-02-01,-0.00021850753257262603,EEM,"ARIMA(1,0,1)"
2023-02-02,-0.0006667004171018229,EEM,"ARIMA(1,0,1)"
2023-02-03,-0.0005138649482695489,EEM,"ARIMA(1,0,1)"
2023-02-06,-0.00014418537900878206,EEM,"ARIMA(1,0,1)"
2023-02-07,-0.00010897372999789173,EEM,"ARIMA(1,0,1)"
2023-02-08,-0.0003641373750729648,EEM,"ARIMA(1,0,1)"
2023-02-09,-0.00044788191405724126,EEM,"ARIMA(1,0,1)"
2023-02-10,-0.0006990285128416383,EEM,"ARIMA(1,0,1)"
2023-02-13,-0.0005004072044655622,EEM,"ARIMA(1,0,1)"
2023-02-14,-0.0008101526133447248,EEM,"ARIMA(1,0,1)"
2023-02-15,-0.0006781919060906544,EEM,"ARIMA(1,0,1)"
2023-02-16,-0.0004520621002617666,EEM,"ARIMA(1,0,1)"
2023-02-17,-0.0006430361209364857,EEM,"ARIMA(1,0,1)"
2023-02-21,-0.0005096152946049104,EEM,"ARIMA(1,0,1)"
2023-02-22,-0.00028613608512582434,EEM,"ARIMA(1,0,1)"
2023-02-23,-0.0003582249818669757,EEM,"ARIMA(1,0,1)"
2023-02-24,-0.0006258154383229295,EEM,"ARIMA(1,0,1)"
2023-02-27,0.00013923239485049137,EEM,"ARIMA(1,0,1)"
2023-02-28,-0.00040428410805990736,EEM,"ARIMA(1,0,1)"
2023-03-01,-0.00038237912761720757,EEM,"ARIMA(1,0,1)"
2023-03-02,-0.00024714008778807875,EEM,"ARIMA(1,0,1)"
2023-03-03,-0.00027931211301021955,EEM,"ARIMA(1,0,1)"
2023-03-06,-0.0014375269629187928,EEM,"ARIMA(1,0,1)"
2023-03-07,-0.0007422853037310987,EEM,"ARIMA(1,0,1)"
2023-03-08,0.0003631077579265282,EEM,"ARIMA(1,0,1)"
2023-03-09,-0.0001607919809033686,EEM,"ARIMA(1,0,1)"
2023-03-10,0.0008809423367269059,EEM,"ARIMA(1,0,1)"
2023-03-13,0.00021323371950286523,EEM,"ARIMA(1,0,1)"
2023-03-14,-0.00013631024018012118,EEM,"ARIMA(1,0,1)"
2023-03-15,-0.0003964940110493201,EEM,"ARIMA(1,0,1)"
2023-03-16,0.0007440833198910138,EEM,"ARIMA(1,0,1)"
2023-03-17,-0.0011040491067901682,EEM,"ARIMA(1,0,1)"
2023-03-20,-0.0003248648775582852,EEM,"ARIMA(1,0,1)"
2023-03-21,-0.0008175976850356809,EEM,"ARIMA(1,0,1)"
2023-03-22,-0.001255301657612569,EEM,"ARIMA(1,0,1)"
2023-03-23,-0.0008057468548321536,EEM,"ARIMA(1,0,1)"
2023-03-24,-0.0012926009991260177,EEM,"ARIMA(1,0,1)"
2023-03-27,-0.00040078919480702427,EEM,"ARIMA(1,0,1)"
2023-03-28,-0.00031592105709603546,EEM,"ARIMA(1,0,1)"
2023-03-29,-0.0012926898686340944,EEM,"ARIMA(1,0,1)"
2023-03-30,-0.0005468046424816954,EEM,"ARIMA(1,0,1)"
2023-03-31,-0.0010093791389160917,EEM,"ARIMA(1,0,1)"
2023-04-03,-0.0003771673351558167,EEM,"ARIMA(1,0,1)"
2023-04-04,-0.0005673192445337133,EEM,"ARIMA(1,0,1)"
2023-04-05,-0.0005181283749682397,EEM,"ARIMA(1,0,1)"
2023-04-06,-0.0002584152990699971,EEM,"ARIMA(1,0,1)"
2023-04-10,-0.0007727551888161529,EEM,"ARIMA(1,0,1)"
2023-04-11,-0.0005469929760396923,EEM,"ARIMA(1,0,1)"
2023-04-12,-0.0007707884070185843,EEM,"ARIMA(1,0,1)"
2023-04-13,-2.4130284218544073e-05,EEM,"ARIMA(1,0,1)"
2023-04-14,-0.0011095070317195354,EEM,"ARIMA(1,0,1)"
2023-04-17,-2.1912953674120593e-05,EEM,"ARIMA(1,0,1)"
2023-04-18,-0.000643617791001788,EEM,"ARIMA(1,0,1)"
2023-04-19,-0.0002637228006059879,EEM,"ARIMA(1,0,1)"
2023-04-20,0.0002575278583140432,EEM,"ARIMA(1,0,1)"
2023-04-21,-0.0002690116540429587,EEM,"ARIMA(1,0,1)"
2023-04-24,0.00026996907760339144,EEM,"ARIMA(1,0,1)"
2023-04-25,-0.00010637870099426995,EEM,"ARIMA(1,0,1)"
2023-04-26,0.0008685628074042326,EEM,"ARIMA(1,0,1)"
2023-04-27,-0.0008774970089356778,EEM,"ARIMA(1,0,1)"
2023-04-28,-0.0010820533236272118,EEM,"ARIMA(1,0,1)"
2023-05-01,-0.00048151410574532206,EEM,"ARIMA(1,0,1)"
2023-05-02,-4.157274573425785e-06,EEM,"ARIMA(1,0,1)"
2023-05-03,0.0003807565126156888,EEM,"ARIMA(1,0,1)"
2023-05-04,-0.0002757101539182107,EEM,"ARIMA(1,0,1)"
2023-05-05,-0.0008985593463805663,EEM,"ARIMA(1,0,1)"
2023-05-08,-0.0009907851777929996,EEM,"ARIMA(1,0,1)"
2023-05-09,-0.0002456686310123025,EEM,"ARIMA(1,0,1)"
2023-05-10,0.00037039745561106814,EEM,"ARIMA(1,0,1)"
2023-05-11,0.00013784785132356156,EEM,"ARIMA(1,0,1)"
2023-05-12,0.0002789393832542938,EEM,"ARIMA(1,0,1)"
2023-05-15,0.0008878771392605523,EEM,"ARIMA(1,0,1)"
2023-05-16,-0.001027813606681636,EEM,"ARIMA(1,0,1)"
2023-05-17,0.0002652659273244289,EEM,"ARIMA(1,0,1)"
2023-05-18,-0.000253545131654239,EEM,"ARIMA(1,0,1)"
2023-05-19,0.0001618850013540169,EEM,"ARIMA(1,0,1)"
2023-05-22,-6.789085243972226e-05,EEM,"ARIMA(1,0,1)"
2023-05-23,-0.000540564212149771,EEM,"ARIMA(1,0,1)"
2023-05-24,0.0007600705953904976,EEM,"ARIMA(1,0,1)"
2023-05-25,7.859797315760953e-05,EEM,"ARIMA(1,0,1)"
2023-05-26,-5.2626090301877365e-05,EEM,"ARIMA(1,0,1)"
2023-05-30,-0.001286078667485971,EEM,"ARIMA(1,0,1)"
2023-05-31,0.0005226781885050164,EEM,"ARIMA(1,0,1)"
2023-06-01,0.00038204712101039956,EEM,"ARIMA(1,0,1)"
2023-06-02,-0.001366670885719553,EEM,"ARIMA(1,0,1)"
2023-06-05,-0.0009586335525468522,EEM,"ARIMA(1,0,1)"
2023-06-06,-0.0001483403679960811,EEM,"ARIMA(1,0,1)"
2023-06-07,-0.0006224693829037625,EEM,"ARIMA(1,0,1)"
2023-06-08,9.944471046523847e-05,EEM,"ARIMA(1,0,1)"
2023-06-09,-0.0006660093196883844,EEM,"ARIMA(1,0,1)"
2023-06-12,-0.0004905222192266724,EEM,"ARIMA(1,0,1)"
2023-06-13,-0.0001546475648752264,EEM,"ARIMA(1,0,1)"
2023-06-14,-0.00012747564016308532,EEM,"ARIMA(1,0,1)"
2023-06-15,-6.808453637450432e-05,EEM,"ARIMA(1,0,1)"
2023-06-16,-0.0001673847432032246,EEM,"ARIMA(1,0,1)"
2023-06-20,0.00020856060362730243,EEM,"ARIMA(1,0,1)"
2023-06-21,0.0008419947718310998,EEM,"ARIMA(1,0,1)"
2023-06-22,0.00016561957649794762,EEM,"ARIMA(1,0,1)"
2023-06-23,0.00014045355434350151,EEM,"ARIMA(1,0,1)"
2023-06-26,0.0004945479348170258,EEM,"ARIMA(1,0,1)"
2023-06-27,-0.00016927668244040234,EEM,"ARIMA(1,0,1)"
2023-06-28,-0.0002932394804163718,EEM,"ARIMA(1,0,1)"
2023-06-29,0.00023409849459063805,EEM,"ARIMA(1,0,1)"
2023-06-30,0.00010963806282163904,EEM,"ARIMA(1,0,1)"
2023-07-03,-0.0003015208733246862,EEM,"ARIMA(1,0,1)"
2023-07-05,-0.0002846081343825757,EEM,"ARIMA(1,0,1)"
2023-07-06,0.00035507584187878267,EEM,"ARIMA(1,0,1)"
2023-07-07,0.0006235427020184317,EEM,"ARIMA(1,0,1)"
2023-07-10,-0.0004980768103010071,EEM,"ARIMA(1,0,1)"
2023-07-11,4.4652745093672056e-05,EEM,"ARIMA(1,0,1)"
2023-07-12,-0.0003595671510519846,EEM,"ARIMA(1,0,1)"
2023-07-13,-0.0005128646352898105,EEM,"ARIMA(1,0,1)"
2023-07-14,0.00012496297728481574,EEM,"ARIMA(1,0,1)"
2023-07-17,0.0005383619258851225,EEM,"ARIMA(1,0,1)"
2023-07-18,0.0002720009168297381,EEM,"ARIMA(1,0,1)"
2023-07-19,0.0005451613779696514,EEM,"ARIMA(1,0,1)"
2023-07-20,0.0003150353384435567,EEM,"ARIMA(1,0,1)"
2023-07-21,0.0003613490321875719,EEM,"ARIMA(1,0,1)"
2023-07-24,0.00014036345571414514,EEM,"ARIMA(1,0,1)"
2023-07-25,-9.339089181251484e-05,EEM,"ARIMA(1,0,1)"
2023-07-26,0.0002366265627506275,EEM,"ARIMA(1,0,1)"
2023-07-27,0.000374824687077569,EEM,"ARIMA(1,0,1)"
2023-07-28,0.0005275502180726564,EEM,"ARIMA(1,0,1)"
2023-07-31,-0.000602817378839617,EEM,"ARIMA(1,0,1)"
2023-08-01,0.0006843351405736808,EEM,"ARIMA(1,0,1)"
2023-08-02,0.0003278557069815648,EEM,"ARIMA(1,0,1)"
2023-08-03,-0.00024871222051149757,EEM,"ARIMA(1,0,1)"
2023-08-04,0.0002787943579994497,EEM,"ARIMA(1,0,1)"
2023-08-07,0.0003298975050206851,EEM,"ARIMA(1,0,1)"
2023-08-08,8.206313680894495e-05,EEM,"ARIMA(1,0,1)"
2023-08-09,0.0003506475624856721,EEM,"ARIMA(1,0,1)"
2023-08-10,0.00013131354770248556,EEM,"ARIMA(1,0,1)"
2023-08-11,0.00010222267856227054,EEM,"ARIMA(1,0,1)"
2023-08-14,0.0002943365888877337,EEM,"ARIMA(1,0,1)"
2023-08-15,-2.5096635046892735e-06,EEM,"ARIMA(1,0,1)"
2023-08-16,0.0007854343977427211,EEM,"ARIMA(1,0,1)"
2023-08-17,0.0001426614324433916,EEM,"ARIMA(1,0,1)"
2023-08-18,-0.0002560135197586481,EEM,"ARIMA(1,0,1)"
2023-08-21,-0.00044459137877541,EEM,"ARIMA(1,0,1)"
2023-08-22,7.235063106004513e-05,EEM,"ARIMA(1,0,1)"
2023-08-23,-0.00021520152379497773,EEM,"ARIMA(1,0,1)"
2023-08-24,0.00041556309123841925,EEM,"ARIMA(1,0,1)"
2023-08-25,-0.00037197549878785296,EEM,"ARIMA(1,0,1)"
2023-08-28,3.324757769118094e-06,EEM,"ARIMA(1,0,1)"
2023-08-29,-4.261927698311967e-05,EEM,"ARIMA(1,0,1)"
2023-08-30,-0.000150833840993479,EEM,"ARIMA(1,0,1)"
2023-08-31,0.00014324891905964141,EEM,"ARIMA(1,0,1)"
2023-09-01,-0.0006130031660517201,EEM,"ARIMA(1,0,1)"
2023-09-05,0.0003660315329203538,EEM,"ARIMA(1,0,1)"
2023-09-06,-0.0005852185778289548,EEM,"ARIMA(1,0,1)"
2023-09-07,0.00035408296155547395,EEM,"ARIMA(1,0,1)"
2023-09-08,-7.22265107748934e-05,EEM,"ARIMA(1,0,1)"
2023-09-11,7.062016512023175e-07,EEM,"ARIMA(1,0,1)"
2023-09-12,0.00015788874143472432,EEM,"ARIMA(1,0,1)"
2023-09-13,0.000172538776827392,EEM,"ARIMA(1,0,1)"
2023-09-14,3.187956219000096e-05,EEM,"ARIMA(1,0,1)"
2023-09-15,0.00018078180603243386,EEM,"ARIMA(1,0,1)"
2023-09-18,0.00014648948721832352,EEM,"ARIMA(1,0,1)"
2023-09-19,0.00018527751979508468,EEM,"ARIMA(1,0,1)"
2023-09-20,0.00029673729759060167,EEM,"ARIMA(1,0,1)"
2023-09-21,9.649526073688045e-05,EEM,"ARIMA(1,0,1)"
2023-09-22,0.0004082817673103675,EEM,"ARIMA(1,0,1)"
2023-09-25,0.0003524618139333507,EEM,"ARIMA(1,0,1)"
2023-09-26,0.00045579207183539115,EEM,"ARIMA(1,0,1)"
2023-09-27,0.0006022266963263544,EEM,"ARIMA(1,0,1)"
2023-09-28,0.00022963902341860298,EEM,"ARIMA(1,0,1)"
2023-09-29,0.00032787380265105295,EEM,"ARIMA(1,0,1)"
2023-10-02,0.0003140080970875751,EEM,"ARIMA(1,0,1)"
2023-10-03,0.0005920491326367498,EEM,"ARIMA(1,0,1)"
2023-10-04,0.0003533150486171952,EEM,"ARIMA(1,0,1)"
2023-10-05,0.00021111165920166362,EEM,"ARIMA(1,0,1)"
2023-10-06,9.523018001689264e-05,EEM,"ARIMA(1,0,1)"
2023-10-09,0.00026193823550065606,EEM,"ARIMA(1,0,1)"
2023-10-10,0.0006570207584615248,EEM,"ARIMA(1,0,1)"
2023-10-11,-0.000613265839117486,EEM,"ARIMA(1,0,1)"
2023-10-12,0.00028241639152766713,EEM,"ARIMA(1,0,1)"
2023-10-13,0.0012422302039927333,EEM,"ARIMA(1,0,1)"
2023-10-16,0.0005656320057918661,EEM,"ARIMA(1,0,1)"
2023-10-17,0.00010595194774525897,EEM,"ARIMA(1,0,1)"
2023-10-18,0.0007767804492222173,EEM,"ARIMA(1,0,1)"
2023-10-19,0.001025137667326473,EEM,"ARIMA(1,0,1)"
2023-10-20,0.0003226152868280898,EEM,"ARIMA(1,0,1)"
2023-10-23,0.0006383325629342209,EEM,"ARIMA(1,0,1)"
2023-10-24,0.0002366014141428271,EEM,"ARIMA(1,0,1)"
2023-10-25,0.0005395529847095316,EEM,"ARIMA(1,0,1)"
2023-10-26,0.0007866255074600746,EEM,"ARIMA(1,0,1)"
2023-10-27,0.00020222416846090726,EEM,"ARIMA(1,0,1)"
2023-10-30,0.00035438418617324844,EEM,"ARIMA(1,0,1)"
2023-10-31,9.853106044793941e-05,EEM,"ARIMA(1,0,1)"
2023-11-01,0.0005459059565187084,EEM,"ARIMA(1,0,1)"
2023-11-02,0.0004136713040540388,EEM,"ARIMA(1,0,1)"
2023-11-03,0.00035166895722715905,EEM,"ARIMA(1,0,1)"
2023-11-06,0.00039016989066960035,EEM,"ARIMA(1,0,1)"
2023-11-07,0.0005235633527319712,EEM,"ARIMA(1,0,1)"
2023-11-08,0.00035227704005399974,EEM,"ARIMA(1,0,1)"
2023-11-09,0.00032235813048952085,EEM,"ARIMA(1,0,1)"
2023-11-10,0.0010732811436545045,EEM,"ARIMA(1,0,1)"
2023-11-13,0.0005308194166359428,EEM,"ARIMA(1,0,1)"
2023-11-14,0.0002123923683750499,EEM,"ARIMA(1,0,1)"
2023-11-15,0.0006881301411908758,EEM,"ARIMA(1,0,1)"
2023-11-16,-0.0001193386516627752,EEM,"ARIMA(1,0,1)"
2023-11-17,4.813012429729242e-05,EEM,"ARIMA(1,0,1)"
2023-11-20,0.0002481925781801245,EEM,"ARIMA(1,0,1)"
2023-11-21,0.0004885127301593414,EEM,"ARIMA(1,0,1)"
2023-11-22,-2.2885219983613948e-05,EEM,"ARIMA(1,0,1)"
2023-11-24,0.0004950090711971304,EEM,"ARIMA(1,0,1)"
2023-11-27,0.00013381336454728934,EEM,"ARIMA(1,0,1)"
2023-11-28,0.00018918601339228336,EEM,"ARIMA(1,0,1)"
2023-11-29,0.00026138418192669726,EEM,"ARIMA(1,0,1)"
2023-11-30,0.0002985008823269772,EEM,"ARIMA(1,0,1)"
2023-12-01,0.00019362535878906625,EEM,"ARIMA(1,0,1)"
2023-12-04,0.0001097245380975078,EEM,"ARIMA(1,0,1)"
2023-12-05,7.761776273689559e-05,EEM,"ARIMA(1,0,1)"
2023-12-06,3.794182695865619e-05,EEM,"ARIMA(1,0,1)"
2023-12-07,7.856016447560438e-05,EEM,"ARIMA(1,0,1)"
2023-12-08,0.00010292871595285472,EEM,"ARIMA(1,0,1)"
2023-12-11,0.00010909947312717518,EEM,"ARIMA(1,0,1)"
2023-12-12,8.464719842338443e-05,EEM,"ARIMA(1,0,1)"
2023-12-13,0.00011160659338551056,EEM,"ARIMA(1,0,1)"
2023-12-14,0.00016306203339773554,EEM,"ARIMA(1,0,1)"
2023-12-15,0.0001923624228912696,EEM,"ARIMA(1,0,1)"
2023-12-18,0.00016653017100003544,EEM,"ARIMA(1,0,1)"
2023-12-19,0.00025758424844207924,EEM,"ARIMA(1,0,1)"
2023-12-20,0.00027967398936230695,EEM,"ARIMA(1,0,1)"
2023-12-21,0.00020443289315430962,EEM,"ARIMA(1,0,1)"
2023-12-22,0.0002810430177814421,EEM,"ARIMA(1,0,1)"
2023-12-26,0.000648264264911004,EEM,"ARIMA(1,0,1)"
2023-12-27,0.0002645931853760353,EEM,"ARIMA(1,0,1)"
2023-12-28,0.00031925355340167407,EEM,"ARIMA(1,0,1)"
2023-12-29,0.00029160421435095663,EEM,"ARIMA(1,0,1)"
2024-01-02,0.0003468516164697468,EEM,"ARIMA(1,0,1)"
2024-01-03,7.139281365901824e-05,EEM,"ARIMA(1,0,1)"
2024-01-04,0.0002413877615006784,EEM,"ARIMA(1,0,1)"
2024-01-05,0.00022122865695600613,EEM,"ARIMA(1,0,1)"
2024-01-08,0.00014794353725858592,EEM,"ARIMA(1,0,1)"
2024-01-09,0.00016963497702998374,EEM,"ARIMA(1,0,1)"
2024-01-10,-0.00021527695785794745,EEM,"ARIMA(1,0,1)"
2024-01-11,-6.563816460551392e-05,EEM,"ARIMA(1,0,1)"
2024-01-12,-3.1638780509840364e-06,EEM,"ARIMA(1,0,1)"
2024-01-16,-4.4601305402880735e-07,EEM,"ARIMA(1,0,1)"
2024-01-17,-0.00040301177389229876,EEM,"ARIMA(1,0,1)"
2024-01-18,-0.0005886589989719803,EEM,"ARIMA(1,0,1)"
2024-01-19,-3.608178895691104e-05,EEM,"ARIMA(1,0,1)"
2024-01-22,2.7651600770008973e-05,EEM,"ARIMA(1,0,1)"
2024-01-23,-0.000291776273590243,EEM,"ARIMA(1,0,1)"
2024-01-24,-0.0001684886773663266,EEM,"ARIMA(1,0,1)"
2024-01-25,-8.201637114529342e-05,EEM,"ARIMA(1,0,1)"
2024-01-26,-0.00019266304912338855,EEM,"ARIMA(1,0,1)"
2024-01-29,-0.00020214539931537857,EEM,"ARIMA(1,0,1)"
2024-01-30,-0.00024103018681999823,EEM,"ARIMA(1,0,1)"
2024-01-31,-0.00033628974128321784,EEM,"ARIMA(1,0,1)"
2024-02-01,-0.0002817325461469442,EEM,"ARIMA(1,0,1)"
2024-02-02,-8.309040714457667e-05,EEM,"ARIMA(1,0,1)"
2024-02-05,-0.0002014594514353924,EEM,"ARIMA(1,0,1)"
2024-02-06,-0.00018942587838193623,EEM,"ARIMA(1,0,1)"
2024-02-07,-4.088491136650224e-05,EEM,"ARIMA(1,0,1)"
2024-02-08,3.6347373157850034e-05,EEM,"ARIMA(1,0,1)"
2024-02-09,-1.3895947422876908e-05,EEM,"ARIMA(1,0,1)"
2024-02-12,5.3021277265675405e-05,EEM,"ARIMA(1,0,1)"
2024-02-13,8.139235709296247e-05,EEM,"ARIMA(1,0,1)"
2024-02-14,-1.4694064395110038e-05,EEM,"ARIMA(1,0,1)"
2024-02-15,-0.0001599358583092396,EEM,"ARIMA(1,0,1)"
2024-02-16,2.5463472614377494e-05,EEM,"ARIMA(1,0,1)"
2024-02-20,3.186140456136089e-05,EEM,"ARIMA(1,0,1)"
2024-02-21,7.135414259389198e-05,EEM,"ARIMA(1,0,1)"
2024-02-22,0.00012782661016963893,EEM,"ARIMA(1,0,1)"
2024-02-23,0.00012588701637869472,EEM,"ARIMA(1,0,1)"
2024-02-26,0.00025728949958641077,EEM,"ARIMA(1,0,1)"
2024-02-27,0.00024563840217402516,EEM,"ARIMA(1,0,1)"
2024-02-28,0.0003346302184932204,EEM,"ARIMA(1,0,1)"
2024-02-29,0.0002480778857399469,EEM,"ARIMA(1,0,1)"
2024-03-01,0.0002741955536053492,EEM,"ARIMA(1,0,1)"
2024-03-04,0.0002519911152240087,EEM,"ARIMA(1,0,1)"
2024-03-05,0.0002384752648748914,EEM,"ARIMA(1,0,1)"
2024-03-06,0.0001467138965447939,EEM,"ARIMA(1,0,1)"
2024-03-07,0.00020098541434633563,EEM,"ARIMA(1,0,1)"
2024-03-08,0.0003120625448738768,EEM,"ARIMA(1,0,1)"
2024-03-11,0.00029878205011870935,EEM,"ARIMA(1,0,1)"
2024-03-12,0.00038700376664596955,EEM,"ARIMA(1,0,1)"
2024-03-13,0.0004334685231598985,EEM,"ARIMA(1,0,1)"
2024-03-14,0.00038787584969123614,EEM,"ARIMA(1,0,1)"
2024-03-15,0.00037070964968247084,EEM,"ARIMA(1,0,1)"
2024-03-18,0.0003552836823345603,EEM,"ARIMA(1,0,1)"
2024-03-19,0.0004606446578410124,EEM,"ARIMA(1,0,1)"
2024-03-20,0.00030972741532735116,EEM,"ARIMA(1,0,1)"
2024-03-21,0.0005545054623703307,EEM,"ARIMA(1,0,1)"
2024-03-22,0.00037959925404606467,EEM,"ARIMA(1,0,1)"
2024-03-25,0.000295367490193842,EEM,"ARIMA(1,0,1)"
2024-03-26,0.00034133317939486873,EEM,"ARIMA(1,0,1)"
2024-03-27,0.00030321023742377654,EEM,"ARIMA(1,0,1)"
2024-03-28,0.0004330415174443572,EEM,"ARIMA(1,0,1)"
2024-04-01,0.0003429089904442589,EEM,"ARIMA(1,0,1)"
2024-04-02,0.00031178717824621374,EEM,"ARIMA(1,0,1)"
2024-04-03,0.00031161162721902167,EEM,"ARIMA(1,0,1)"
2024-04-04,0.0002810633669493729,EEM,"ARIMA(1,0,1)"
2024-04-05,0.00020831524749397826,EEM,"ARIMA(1,0,1)"
2024-04-08,0.00031214901647725777,EEM,"ARIMA(1,0,1)"
2024-04-09,0.0004053215269181924,EEM,"ARIMA(1,0,1)"
2024-04-10,0.0004280245148083061,EEM,"ARIMA(1,0,1)"
2024-04-11,-0.0005794416542027228,EEM,"ARIMA(1,0,1)"
2024-04-12,0.00048379649673881836,EEM,"ARIMA(1,0,1)"
2024-04-15,-0.00011184668518109857,EEM,"ARIMA(1,0,1)"
2024-04-16,0.00020964775125203438,EEM,"ARIMA(1,0,1)"
2024-04-17,-0.00026947950300580187,EEM,"ARIMA(1,0,1)"
2024-04-18,0.0002185422042993795,EEM,"ARIMA(1,0,1)"
2024-04-19,0.0001472200366698071,EEM,"ARIMA(1,0,1)"
2024-04-22,2.645383366402525e-05,EEM,"ARIMA(1,0,1)"
2024-04-23,0.00037348413727660425,EEM,"ARIMA(1,0,1)"
2024-04-24,0.0003414618534838532,EEM,"ARIMA(1,0,1)"
2024-04-25,0.00031910253135130696,EEM,"ARIMA(1,0,1)"
2024-04-26,0.000372275547608522,EEM,"ARIMA(1,0,1)"
2024-04-29,0.0006360480838428131,EEM,"ARIMA(1,0,1)"
2024-04-30,0.00042766588450927423,EEM,"ARIMA(1,0,1)"
2024-05-01,-3.2605655990583526e-05,EEM,"ARIMA(1,0,1)"
2024-05-02,0.0004920068908047931,EEM,"ARIMA(1,0,1)"
2024-05-03,0.0007720577753981162,EEM,"ARIMA(1,0,1)"
2024-05-06,0.0002943568663327953,EEM,"ARIMA(1,0,1)"
2024-05-07,0.0005390547419513647,EEM,"ARIMA(1,0,1)"
2024-05-08,0.00017542247836097925,EEM,"ARIMA(1,0,1)"
2024-05-09,0.0005069661870933279,EEM,"ARIMA(1,0,1)"
2024-05-10,0.0004259048457530776,EEM,"ARIMA(1,0,1)"
2024-05-13,0.00048021467625624487,EEM,"ARIMA(1,0,1)"
2024-05-14,0.0007168992122213438,EEM,"ARIMA(1,0,1)"
2024-05-15,0.0006012859247831693,EEM,"ARIMA(1,0,1)"
2024-05-16,0.0009915837650789623,EEM,"ARIMA(1,0,1)"
2024-05-17,0.0002483191794307603,EEM,"ARIMA(1,0,1)"
2024-05-20,0.0009920179817467976,EEM,"ARIMA(1,0,1)"
2024-05-21,-3.9727080611637734e-05,EEM,"ARIMA(1,0,1)"
2024-05-22,0.0005744039091896086,EEM,"ARIMA(1,0,1)"
2024-05-23,0.00021267321163688567,EEM,"ARIMA(1,0,1)"
2024-05-24,0.00039534055557552156,EEM,"ARIMA(1,0,1)"
2024-05-28,0.0007645792835339968,EEM,"ARIMA(1,0,1)"
2024-05-29,0.0002042238265006946,EEM,"ARIMA(1,0,1)"
2024-05-30,-0.0003357723199469937,EEM,"ARIMA(1,0,1)"
2024-05-31,0.0009506101552538429,EEM,"ARIMA(1,0,1)"
2024-06-03,0.000722541108998352,EEM,"ARIMA(1,0,1)"
2024-06-04,0.0020593891158492608,EEM,"ARIMA(1,0,1)"
2024-06-05,-0.0016789670214109255,EEM,"ARIMA(1,0,1)"
2024-06-06,0.0024329417956482466,EEM,"ARIMA(1,0,1)"
2024-06-07,-0.0011387126646755356,EEM,"ARIMA(1,0,1)"
2024-06-10,0.0012572260589185185,EEM,"ARIMA(1,0,1)"
2024-06-11,-0.00023552229621824812,EEM,"ARIMA(1,0,1)"
2024-06-12,0.0004522632227794257,EEM,"ARIMA(1,0,1)"
2024-06-13,0.0005987075563945918,EEM,"ARIMA(1,0,1)"
2024-06-14,-2.2263893222642024e-05,EEM,"ARIMA(1,0,1)"
2024-06-17,0.00045609830389515036,EEM,"ARIMA(1,0,1)"
2024-06-18,0.0003168947574965907,EEM,"ARIMA(1,0,1)"
2024-06-20,0.0004335724625284124,EEM,"ARIMA(1,0,1)"
2024-06-21,0.00027330207345556656,EEM,"ARIMA(1,0,1)"
2024-06-24,0.00036036556760035894,EEM,"ARIMA(1,0,1)"
2024-06-25,0.0003741160649493411,EEM,"ARIMA(1,0,1)"
2024-06-26,0.000388518289768981,EEM,"ARIMA(1,0,1)"
2024-06-27,0.0003908419376881574,EEM,"ARIMA(1,0,1)"
2024-06-28,0.00038717433674686705,EEM,"ARIMA(1,0,1)"
2024-07-01,0.0004111838810474912,EEM,"ARIMA(1,0,1)"
2024-07-02,0.00045540427946998905,EEM,"ARIMA(1,0,1)"
2024-07-03,0.00042366365722837883,EEM,"ARIMA(1,0,1)"
2024-07-05,0.0007452014067917888,EEM,"ARIMA(1,0,1)"
2024-07-08,0.0002332104637668791,EEM,"ARIMA(1,0,1)"
2024-07-09,0.0005501244284582317,EEM,"ARIMA(1,0,1)"
2024-07-10,0.0005407863416381585,EEM,"ARIMA(1,0,1)"
2024-07-11,0.0005605138165348441,EEM,"ARIMA(1,0,1)"
2024-07-12,0.00053971013484369,EEM,"ARIMA(1,0,1)"
2024-07-15,0.0004962015166537111,EEM,"ARIMA(1,0,1)"
2024-07-16,0.0002646900142914723,EEM,"ARIMA(1,0,1)"
2024-07-17,0.00044852344999612753,EEM,"ARIMA(1,0,1)"
2024-07-18,0.00042904144851309923,EEM,"ARIMA(1,0,1)"
2024-07-19,0.00042941838203266433,EEM,"ARIMA(1,0,1)"
2024-07-22,0.0002931816309679965,EEM,"ARIMA(1,0,1)"
2024-07-23,0.0004700380140289862,EEM,"ARIMA(1,0,1)"
2024-07-24,0.00032833838798711353,EEM,"ARIMA(1,0,1)"
2024-07-25,0.00021559652281998053,EEM,"ARIMA(1,0,1)"
2024-07-26,0.0001666666845136991,EEM,"ARIMA(1,0,1)"
2024-07-29,0.00018411569029401864,EEM,"ARIMA(1,0,1)"
2024-07-30,-0.0005644553163893773,EEM,"ARIMA(1,0,1)"
2024-07-31,0.00010736974271730988,EEM,"ARIMA(1,0,1)"
2024-08-01,0.0001914600736266929,EEM,"ARIMA(1,0,1)"
2024-08-02,0.00017310780511976552,EEM,"ARIMA(1,0,1)"
2024-08-05,0.00021037310775167707,EEM,"ARIMA(1,0,1)"
2024-08-06,8.27654139782803e-05,EEM,"ARIMA(1,0,1)"
2024-08-07,0.00011013276790830668,EEM,"ARIMA(1,0,1)"
2024-08-08,0.00013955584326002897,EEM,"ARIMA(1,0,1)"
2024-08-09,0.000778070082609824,EEM,"ARIMA(1,0,1)"
2024-08-12,-5.6797096877861505e-05,EEM,"ARIMA(1,0,1)"
2024-08-13,0.0009085180515952327,EEM,"ARIMA(1,0,1)"
2024-08-14,0.00027760587895030327,EEM,"ARIMA(1,0,1)"
2024-08-15,0.0002920744144584725,EEM,"ARIMA(1,0,1)"
2024-08-16,0.0006380774732270766,EEM,"ARIMA(1,0,1)"
2024-08-19,0.000591971259592858,EEM,"ARIMA(1,0,1)"
2024-08-20,0.0007204328390043375,EEM,"ARIMA(1,0,1)"
2024-08-21,0.0003102786367287909,EEM,"ARIMA(1,0,1)"
2024-08-22,0.0009126919478720974,EEM,"ARIMA(1,0,1)"
2024-08-23,9.261973427227693e-05,EEM,"ARIMA(1,0,1)"
2024-08-26,0.0007254095858690961,EEM,"ARIMA(1,0,1)"
2024-08-27,0.0005977286488089413,EEM,"ARIMA(1,0,1)"
2024-08-28,0.0005431926478478839,EEM,"ARIMA(1,0,1)"
2024-08-29,0.0005186138647485532,EEM,"ARIMA(1,0,1)"
2024-08-30,0.00042732223192669367,EEM,"ARIMA(1,0,1)"
2024-09-03,0.0004626125582978394,EEM,"ARIMA(1,0,1)"
2024-09-04,0.000380658868282717,EEM,"ARIMA(1,0,1)"
2024-09-05,0.0003695220958476331,EEM,"ARIMA(1,0,1)"
2024-09-06,0.0004168812816856183,EEM,"ARIMA(1,0,1)"
2024-09-09,0.00036464849737962926,EEM,"ARIMA(1,0,1)"
2024-09-10,0.00027365249181293965,EEM,"ARIMA(1,0,1)"
2024-09-11,0.001100486551934477,EEM,"ARIMA(1,0,1)"
2024-09-12,0.0003074286049399463,EEM,"ARIMA(1,0,1)"
2024-09-13,0.0004797198098459421,EEM,"ARIMA(1,0,1)"
2024-09-16,0.00046904669945659527,EEM,"ARIMA(1,0,1)"
2024-09-17,0.00045564941622738375,EEM,"ARIMA(1,0,1)"
2024-09-18,0.0004735418074323921,EEM,"ARIMA(1,0,1)"
2024-09-19,0.0005067796027918334,EEM,"ARIMA(1,0,1)"
2024-09-20,0.0004733973842126986,EEM,"ARIMA(1,0,1)"
2024-09-23,0.0006790849091684666,EEM,"ARIMA(1,0,1)"
2024-09-24,0.00039405831168821037,EEM,"ARIMA(1,0,1)"
2024-09-25,0.0007680154335507209,EEM,"ARIMA(1,0,1)"
2024-09-26,0.001087097213908676,EEM,"ARIMA(1,0,1)"
2024-09-27,-0.0002038590400975181,EEM,"ARIMA(1,0,1)"
2024-09-30,0.0007981117809821592,EEM,"ARIMA(1,0,1)"
2024-10-01,0.0011588456663653493,EEM,"ARIMA(1,0,1)"
2024-10-02,0.0007685929070952308,EEM,"ARIMA(1,0,1)"
2024-10-03,0.0002513734372932494,EEM,"ARIMA(1,0,1)"
2024-10-04,0.0016473114040522594,EEM,"ARIMA(1,0,1)"
2024-10-07,0.000656622214368401,EEM,"ARIMA(1,0,1)"
2024-10-08,0.0006398353053002834,EEM,"ARIMA(1,0,1)"
2024-10-09,0.0024085519060857413,EEM,"ARIMA(1,0,1)"
2024-10-10,0.0007890855471211574,EEM,"ARIMA(1,0,1)"
2024-10-11,0.0007675110472856917,EEM,"ARIMA(1,0,1)"
2024-10-14,0.0005578835004440571,EEM,"ARIMA(1,0,1)"
2024-10-15,0.0011147854445049783,EEM,"ARIMA(1,0,1)"
2024-10-16,0.0017224781456436802,EEM,"ARIMA(1,0,1)"
2024-10-17,0.0003673339614972452,EEM,"ARIMA(1,0,1)"
2024-10-18,0.0009202872939757323,EEM,"ARIMA(1,0,1)"
2024-10-21,0.00035018156657516024,EEM,"ARIMA(1,0,1)"
2024-10-22,0.001474497035391279,EEM,"ARIMA(1,0,1)"
2024-10-23,0.0011243302001250949,EEM,"ARIMA(1,0,1)"
2024-10-24,0.0013204934890270411,EEM,"ARIMA(1,0,1)"
2024-10-25,0.001017722519637418,EEM,"ARIMA(1,0,1)"
2024-10-28,0.0010139069940533697,EEM,"ARIMA(1,0,1)"
2024-10-29,0.0007571205966058786,EEM,"ARIMA(1,0,1)"
2024-10-30,0.0011520389106933226,EEM,"ARIMA(1,0,1)"
2024-10-31,0.0014592641644372566,EEM,"ARIMA(1,0,1)"
2024-11-01,0.0014890066645900243,EEM,"ARIMA(1,0,1)"
2024-11-04,0.0008838251851995455,EEM,"ARIMA(1,0,1)"
2024-11-05,0.00040691454085568806,EEM,"ARIMA(1,0,1)"
2024-11-06,-0.00019082411295275427,EEM,"ARIMA(1,0,1)"
2024-11-07,0.0017347892337443375,EEM,"ARIMA(1,0,1)"
2024-11-08,-0.0012127706756919422,EEM,"ARIMA(1,0,1)"
2024-11-11,0.0037734846115014538,EEM,"ARIMA(1,0,1)"
2024-11-12,0.0017244260489931965,EEM,"ARIMA(1,0,1)"
2024-11-13,0.0026318542646608547,EEM,"ARIMA(1,0,1)"
2024-11-14,0.0009292104518601957,EEM,"ARIMA(1,0,1)"
2024-11-15,0.0009607591655125823,EEM,"ARIMA(1,0,1)"
2024-11-18,0.00038311463441462597,EEM,"ARIMA(1,0,1)"
2024-11-19,-0.0004747358781503016,EEM,"ARIMA(1,0,1)"
2024-11-20,0.0007167423128351387,EEM,"ARIMA(1,0,1)"
2024-11-21,0.0005537922126186369,EEM,"ARIMA(1,0,1)"
2024-11-22,0.0006652954955457907,EEM,"ARIMA(1,0,1)"
2024-11-25,0.0004540235840774655,EEM,"ARIMA(1,0,1)"
2024-11-26,0.0004413317117587339,EEM,"ARIMA(1,0,1)"
2024-11-27,0.0008633586797886919,EEM,"ARIMA(1,0,1)"
2024-11-29,0.0002989575293690604,EEM,"ARIMA(1,0,1)"
2024-12-02,0.0003817814774395452,EEM,"ARIMA(1,0,1)"
2024-12-03,0.0001728356580227856,EEM,"ARIMA(1,0,1)"
2024-12-04,0.00035601850524621763,EEM,"ARIMA(1,0,1)"
2024-12-05,0.0003516657568741458,EEM,"ARIMA(1,0,1)"
2024-12-06,5.5668192081176305e-05,EEM,"ARIMA(1,0,1)"
2024-12-09,0.0008118998473893018,EEM,"ARIMA(1,0,1)"
2024-12-10,-0.0011538558764788705,EEM,"ARIMA(1,0,1)"
2024-12-11,0.0025452593171796673,EEM,"ARIMA(1,0,1)"
2024-12-12,-0.00015033456671706218,EEM,"ARIMA(1,0,1)"
2024-12-13,0.0012953068494175061,EEM,"ARIMA(1,0,1)"
2024-12-16,0.00032773750128421264,EEM,"ARIMA(1,0,1)"
2024-12-17,0.0011034987702704523,EEM,"ARIMA(1,0,1)"
2024-12-18,0.0005816046338130018,EEM,"ARIMA(1,0,1)"
2024-12-19,0.0022913418012908034,EEM,"ARIMA(1,0,1)"
2024-12-20,-0.0002837457149504349,EEM,"ARIMA(1,0,1)"
2024-12-23,0.00020427730359596493,EEM,"ARIMA(1,0,1)"
2024-12-24,-1.5178685081728674e-05,EEM,"ARIMA(1,0,1)"
2024-12-26,0.00026841727009096274,EEM,"ARIMA(1,0,1)"
2024-12-27,0.0007060996920737786,EEM,"ARIMA(1,0,1)"
2024-12-30,0.0006261008855216577,EEM,"ARIMA(1,0,1)"
2024-12-31,0.0008815098389001282,EEM,"ARIMA(1,0,1)"
2025-01-02,0.0004240025517760953,EEM,"ARIMA(1,0,1)"
2025-01-03,0.00039443642397264835,EEM,"ARIMA(1,0,1)"
2025-01-06,-0.0004147902990834944,EEM,"ARIMA(1,0,1)"
2025-01-07,0.0002942074221027242,EEM,"ARIMA(1,0,1)"
2025-01-08,0.0009782772503428793,EEM,"ARIMA(1,0,1)"
2025-01-10,0.0005644028218026809,EEM,"ARIMA(1,0,1)"
2025-01-13,0.0015830885184880657,EEM,"ARIMA(1,0,1)"
2025-01-14,0.00044921779453504834,EEM,"ARIMA(1,0,1)"
2025-01-15,-0.0007317893992128658,EEM,"ARIMA(1,0,1)"
2025-01-16,-0.00030048930987914955,EEM,"ARIMA(1,0,1)"
2025-01-17,0.0007984460394798275,EEM,"ARIMA(1,0,1)"
2025-01-21,-0.00014556689454540462,EEM,"ARIMA(1,0,1)"
2025-01-22,-6.566594204830765e-05,EEM,"ARIMA(1,0,1)"
2025-01-23,0.0006557463512762014,EEM,"ARIMA(1,0,1)"
2025-01-24,0.0003694013170667334,EEM,"ARIMA(1,0,1)"
2025-01-27,0.00012343171584461375,EEM,"ARIMA(1,0,1)"
2025-01-28,0.002045885129342366,EEM,"ARIMA(1,0,1)"
2025-01-29,-0.0005887697465517499,EEM,"ARIMA(1,0,1)"
2025-01-30,0.0007362790967673765,EEM,"ARIMA(1,0,1)"
2025-01-31,-0.0010130540818611246,EEM,"ARIMA(1,0,1)"
2025-02-03,0.002141670262488125,EEM,"ARIMA(1,0,1)"
2025-02-04,0.0005830387723097386,EEM,"ARIMA(1,0,1)"
2025-02-05,-0.0011048209390400405,EEM,"ARIMA(1,0,1)"
2025-02-06,0.0013676127919084852,EEM,"ARIMA(1,0,1)"
2025-02-07,-0.00016142458348180103,EEM,"ARIMA(1,0,1)"
2025-02-10,0.000803144711078396,EEM,"ARIMA(1,0,1)"
2025-02-11,-0.0007685381428792681,EEM,"ARIMA(1,0,1)"
2025-02-12,0.001390428664799815,EEM,"ARIMA(1,0,1)"
2025-02-13,-0.0002361168955168719,EEM,"ARIMA(1,0,1)"
2025-02-14,0.00033726818687453,EEM,"ARIMA(1,0,1)"
2025-02-18,8.330789040863356e-05,EEM,"ARIMA(1,0,1)"
2025-02-19,0.0002892958918102328,EEM,"ARIMA(1,0,1)"
2025-02-20,0.0008134104798092561,EEM,"ARIMA(1,0,1)"
2025-02-21,-0.0002698696478943437,EEM,"ARIMA(1,0,1)"
2025-02-24,0.0011511373225181886,EEM,"ARIMA(1,0,1)"
2025-02-25,0.001531461529243299,EEM,"ARIMA(1,0,1)"
2025-02-26,-2.938714193350962e-06,EEM,"ARIMA(1,0,1)"
2025-02-27,-0.00012067805924067496,EEM,"ARIMA(1,0,1)"
2025-02-28,0.0024406673062791918,EEM,"ARIMA(1,0,1)"
2025-03-03,0.0007765905188087031,EEM,"ARIMA(1,0,1)"
2025-03-04,0.000852212186033601,EEM,"ARIMA(1,0,1)"
2025-03-05,-0.00040679927509990234,EEM,"ARIMA(1,0,1)"
2025-03-06,-0.000706811676042074,EEM,"ARIMA(1,0,1)"
2025-03-07,0.0018266009439901888,EEM,"ARIMA(1,0,1)"
2025-03-10,-0.0005054118680063424,EEM,"ARIMA(1,0,1)"
2025-03-11,0.0024959997891146907,EEM,"ARIMA(1,0,1)"
2025-03-12,-0.0023277736280933638,EEM,"ARIMA(1,0,1)"
2025-03-13,0.0015917854926328066,EEM,"ARIMA(1,0,1)"
2025-03-14,-0.00033379093580735943,EEM,"ARIMA(1,0,1)"
2025-03-17,-0.0008014325721714023,EEM,"ARIMA(1,0,1)"
2025-03-18,-1.1983747172525047e-06,EEM,"ARIMA(1,0,1)"
2025-03-19,0.0011589948856910578,EEM,"ARIMA(1,0,1)"
2025-03-20,-3.808180174931638e-05,EEM,"ARIMA(1,0,1)"
2025-03-21,0.0015329005861774447,EEM,"ARIMA(1,0,1)"
2025-03-24,8.015082085853785e-05,EEM,"ARIMA(1,0,1)"
2025-03-25,0.00037355499944437026,EEM,"ARIMA(1,0,1)"
2025-03-26,0.0006903590048570747,EEM,"ARIMA(1,0,1)"
2025-03-27,0.0006752589263808713,EEM,"ARIMA(1,0,1)"
2025-03-28,-3.719298451141864e-05,EEM,"ARIMA(1,0,1)"
2025-03-31,0.0020347626429974516,EEM,"ARIMA(1,0,1)"
2025-04-01,-0.00048605466538673,EEM,"ARIMA(1,0,1)"
2025-04-02,0.0006596571532069412,EEM,"ARIMA(1,0,1)"
2025-04-03,8.260669570113812e-05,EEM,"ARIMA(1,0,1)"
2025-04-04,0.0019233874267820816,EEM,"ARIMA(1,0,1)"
2025-04-07,0.0010425459628134982,EEM,"ARIMA(1,0,1)"
2025-04-08,-0.002113684854161287,EEM,"ARIMA(1,0,1)"
2025-04-09,-0.001872713371778224,EEM,"ARIMA(1,0,1)"
2025-04-10,5.9552347851860904e-05,EEM,"ARIMA(1,0,1)"
2025-04-11,-3.6161874357166735e-05,EEM,"ARIMA(1,0,1)"
2025-04-14,0.0001408321270952575,EEM,"ARIMA(1,0,1)"
2025-04-15,0.00015282704399596268,EEM,"ARIMA(1,0,1)"
2025-04-16,0.00024048489715785512,EEM,"ARIMA(1,0,1)"
2025-04-17,0.00021875651341527223,EEM,"ARIMA(1,0,1)"
2025-04-21,0.00030136913668527915,EEM,"ARIMA(1,0,1)"
2025-04-22,0.00030387368987887844,EEM,"ARIMA(1,0,1)"
2025-04-23,0.00034709145204713974,EEM,"ARIMA(1,0,1)"
2025-04-24,0.0004091344258364894,EEM,"ARIMA(1,0,1)"
2025-04-25,0.0004119685519746131,EEM,"ARIMA(1,0,1)"
2025-04-28,0.0003719006026150028,EEM,"ARIMA(1,0,1)"
2025-04-29,0.0003665474580097059,EEM,"ARIMA(1,0,1)"
2025-04-30,0.0003686971029611974,EEM,"ARIMA(1,0,1)"
2025-05-01,0.0003332224314044642,EEM,"ARIMA(1,0,1)"
2025-05-02,0.00029399710382299686,EEM,"ARIMA(1,0,1)"
2025-05-05,0.0004614883362617595,EEM,"ARIMA(1,0,1)"
2025-05-06,0.0004875208533748579,EEM,"ARIMA(1,0,1)"
2025-05-07,0.0003731109938816465,EEM,"ARIMA(1,0,1)"
2025-05-08,0.00029148643722963654,EEM,"ARIMA(1,0,1)"
2025-05-09,0.0002850839218808454,EEM,"ARIMA(1,0,1)"
2025-05-12,0.0003291799408804248,EEM,"ARIMA(1,0,1)"
2025-05-13,0.0004147409946861192,EEM,"ARIMA(1,0,1)"
2025-05-14,0.00041020964884696707,EEM,"ARIMA(1,0,1)"
2025-05-15,0.00043189906476040696,EEM,"ARIMA(1,0,1)"
2025-05-16,0.00039916892178113036,EEM,"ARIMA(1,0,1)"
2025-05-19,0.00037533556503851237,EEM,"ARIMA(1,0,1)"
2025-05-20,0.0003422146653851923,EEM,"ARIMA(1,0,1)"
2025-05-21,0.0003297037833960903,EEM,"ARIMA(1,0,1)"
2025-05-22,0.0003016947934002976,EEM,"ARIMA(1,0,1)"
2025-05-23,0.0003033100526411617,EEM,"ARIMA(1,0,1)"
2025-05-27,0.0003443859146520309,EEM,"ARIMA(1,0,1)"
2025-05-28,0.00034873961747682074,EEM,"ARIMA(1,0,1)"
2025-05-29,0.0003600162562863981,EEM,"ARIMA(1,0,1)"
2025-05-30,0.00036372571101687143,EEM,"ARIMA(1,0,1)"
2025-06-02,0.00032079635445874766,EEM,"ARIMA(1,0,1)"
2025-06-03,0.0004089969275102256,EEM,"ARIMA(1,0,1)"
2025-06-04,0.00042984763162240164,EEM,"ARIMA(1,0,1)"
2025-06-05,0.0005174695470838996,EEM,"ARIMA(1,0,1)"
2025-06-06,0.0004963465088609547,EEM,"ARIMA(1,0,1)"
2025-06-09,0.0005648321943807163,EEM,"ARIMA(1,0,1)"
2025-06-10,0.0005346736640700699,EEM,"ARIMA(1,0,1)"
2025-06-11,0.000537651576254192,EEM,"ARIMA(1,0,1)"
2025-06-12,0.0005992405448140028,EEM,"ARIMA(1,0,1)"
2025-06-13,0.0005816114203954361,EEM,"ARIMA(1,0,1)"
2025-06-16,0.0005320052126767755,EEM,"ARIMA(1,0,1)"
2025-06-17,0.0005406004728717111,EEM,"ARIMA(1,0,1)"
2025-06-18,0.0004972224619746661,EEM,"ARIMA(1,0,1)"
2025-06-20,0.000491659164684822,EEM,"ARIMA(1,0,1)"
2025-06-23,0.0004432474044928073,EEM,"ARIMA(1,0,1)"
2025-06-24,0.0004399622641168189,EEM,"ARIMA(1,0,1)"
2025-06-25,0.0005477566522799717,EEM,"ARIMA(1,0,1)"
2025-06-26,0.0005678303319003522,EEM,"ARIMA(1,0,1)"
2025-06-27,0.000594855505948134,EEM,"ARIMA(1,0,1)"
2025-06-30,0.0005844144076226078,EEM,"ARIMA(1,0,1)"
2025-07-01,0.000605208667159501,EEM,"ARIMA(1,0,1)"
2025-07-02,0.0006107781920605714,EEM,"ARIMA(1,0,1)"
2025-07-03,0.0006205582382004441,EEM,"ARIMA(1,0,1)"
2025-07-07,0.0006291942497931712,EEM,"ARIMA(1,0,1)"
2025-07-08,0.0005608141797597018,EEM,"ARIMA(1,0,1)"
2025-07-09,0.0005265621127817558,EEM,"ARIMA(1,0,1)"
2025-07-10,0.0005036103266369504,EEM,"ARIMA(1,0,1)"
2025-07-11,0.0005146164907689826,EEM,"ARIMA(1,0,1)"
2025-07-14,0.00048486043246686374,EEM,"ARIMA(1,0,1)"
2025-07-15,0.00046805060202700666,EEM,"ARIMA(1,0,1)"
2025-07-16,0.00047351223703707095,EEM,"ARIMA(1,0,1)"
2025-07-17,0.0004761782497593971,EEM,"ARIMA(1,0,1)"
2025-07-18,0.0005409423824588408,EEM,"ARIMA(1,0,1)"
2025-07-21,0.0005096174899876385,EEM,"ARIMA(1,0,1)"
2025-07-22,0.0006003812720041049,EEM,"ARIMA(1,0,1)"
2025-07-23,0.0006403772259569534,EEM,"ARIMA(1,0,1)"
2025-07-24,0.0007190790892574031,EEM,"ARIMA(1,0,1)"
2025-07-25,0.000664320791521631,EEM,"ARIMA(1,0,1)"
2025-07-28,0.0006874441664237677,EEM,"ARIMA(1,0,1)"
2025-07-29,0.0007188362521615617,EEM,"ARIMA(1,0,1)"
2025-07-30,0.0007366136149745458,EEM,"ARIMA(1,0,1)"
2025-07-31,0.000665877289809367,EEM,"ARIMA(1,0,1)"
2025-08-01,0.0006561951381361444,EEM,"ARIMA(1,0,1)"
2025-08-04,0.0006445485932116091,EEM,"ARIMA(1,0,1)"
2025-08-05,0.0005995773217896827,EEM,"ARIMA(1,0,1)"
2025-08-06,0.0006808679986769575,EEM,"ARIMA(1,0,1)"
2025-08-07,0.0007563210339444189,EEM,"ARIMA(1,0,1)"
2025-08-08,0.000904621961827806,EEM,"ARIMA(1,0,1)"
2025-08-11,0.0008789192887732115,EEM,"ARIMA(1,0,1)"
2025-08-12,0.0008433740151149033,EEM,"ARIMA(1,0,1)"
2025-08-13,0.0008016525870981675,EEM,"ARIMA(1,0,1)"
2025-08-14,0.0008275897914239052,EEM,"ARIMA(1,0,1)"
