Date,pred,var_pred,asset,model
2007-01-05,0.0,3.16959417468257e-05,EFA,GARCH11-t
2007-01-08,0.0,4.990629660993211e-05,EFA,GARCH11-t
2007-01-09,0.0,4.5679199619473194e-05,EFA,GARCH11-t
2007-01-10,0.0,4.304098572566301e-05,EFA,GARCH11-t
2007-01-11,0.0,4.472667254014378e-05,EFA,GARCH11-t
2007-01-12,0.0,4.4858299085036166e-05,EFA,GARCH11-t
2007-01-16,0.0,5.258932774337937e-05,EFA,GARCH11-t
2007-01-17,0.0,4.8778837207190726e-05,EFA,GARCH11-t
2007-01-18,0.0,4.524388038110095e-05,EFA,GARCH11-t
2007-01-19,0.0,4.311496990806116e-05,EFA,GARCH11-t
2007-01-22,0.0,5.242456360451642e-05,EFA,GARCH11-t
2007-01-23,0.0,5.339962626508814e-05,EFA,GARCH11-t
2007-01-24,0.0,5.3960702297922215e-05,EFA,GARCH11-t
2007-01-25,0.0,5.345250119225178e-05,EFA,GARCH11-t
2007-01-26,0.0,7.589180167518081e-05,EFA,GARCH11-t
2007-01-29,0.0,6.331220370683628e-05,EFA,GARCH11-t
2007-01-30,0.0,6.043565026557025e-05,EFA,GARCH11-t
2007-01-31,0.0,6.016730601223514e-05,EFA,GARCH11-t
2007-02-01,0.0,5.8326998905493346e-05,EFA,GARCH11-t
2007-02-02,0.0,5.7473711573653946e-05,EFA,GARCH11-t
2007-02-05,0.0,5.710732496549041e-05,EFA,GARCH11-t
2007-02-06,0.0,5.51418901148888e-05,EFA,GARCH11-t
2007-02-07,0.0,5.5990909827234214e-05,EFA,GARCH11-t
2007-02-08,0.0,5.411146662657123e-05,EFA,GARCH11-t
2007-02-09,0.0,5.2720069322399644e-05,EFA,GARCH11-t
2007-02-12,0.0,4.704109142559528e-05,EFA,GARCH11-t
2007-02-13,0.0,4.487135522686351e-05,EFA,GARCH11-t
2007-02-14,0.0,5.674339940075202e-05,EFA,GARCH11-t
2007-02-15,0.0,6.362690649179904e-05,EFA,GARCH11-t
2007-02-16,0.0,6.0044957924820897e-05,EFA,GARCH11-t
2007-02-20,0.0,5.808698544942176e-05,EFA,GARCH11-t
2007-02-21,0.0,5.372071781267283e-05,EFA,GARCH11-t
2007-02-22,0.0,5.101501835925232e-05,EFA,GARCH11-t
2007-02-23,0.0,5.356966467692311e-05,EFA,GARCH11-t
2007-02-26,0.0,4.7387079664611156e-05,EFA,GARCH11-t
2007-02-27,0.0,4.29824305646479e-05,EFA,GARCH11-t
2007-02-28,0.0,0.00013446707397599236,EFA,GARCH11-t
2007-03-01,0.0,0.00012934643458389474,EFA,GARCH11-t
2007-03-02,0.0,0.00012739900480953216,EFA,GARCH11-t
2007-03-05,0.0,0.0001295728317407566,EFA,GARCH11-t
2007-03-06,0.0,0.00014469561021537104,EFA,GARCH11-t
2007-03-07,0.0,0.0002638955525149804,EFA,GARCH11-t
2007-03-08,0.0,0.00023326946837717028,EFA,GARCH11-t
2007-03-09,0.0,0.00021078777703766133,EFA,GARCH11-t
2007-03-12,0.0,0.00015983109981221845,EFA,GARCH11-t
2007-03-13,0.0,0.0001526619476987308,EFA,GARCH11-t
2007-03-14,0.0,0.0001734472291452969,EFA,GARCH11-t
2007-03-15,0.0,0.00016315763643681526,EFA,GARCH11-t
2007-03-16,0.0,0.00015457071177205734,EFA,GARCH11-t
2007-03-19,0.0,0.00014572111469710215,EFA,GARCH11-t
2007-03-20,0.0,0.000149399465738381,EFA,GARCH11-t
2007-03-21,0.0,0.00014447749950368164,EFA,GARCH11-t
2007-03-22,0.0,0.0001840632472723201,EFA,GARCH11-t
2007-03-23,0.0,0.00015050765788921864,EFA,GARCH11-t
2007-03-26,0.0,0.00015294433140177854,EFA,GARCH11-t
2007-03-27,0.0,0.00014519829748822243,EFA,GARCH11-t
2007-03-28,0.0,0.00012745959146692515,EFA,GARCH11-t
2007-03-29,0.0,0.0001244580125280527,EFA,GARCH11-t
2007-03-30,0.0,0.00012145174630308917,EFA,GARCH11-t
2007-04-02,0.0,0.00011482154022934927,EFA,GARCH11-t
2007-04-03,0.0,9.674656674950866e-05,EFA,GARCH11-t
2007-04-04,0.0,0.00010668149422997669,EFA,GARCH11-t
2007-04-05,0.0,0.00010187203969487333,EFA,GARCH11-t
2007-04-09,0.0,9.724437683227057e-05,EFA,GARCH11-t
2007-04-10,0.0,7.462490557464145e-05,EFA,GARCH11-t
2007-04-11,0.0,9.062670537512734e-05,EFA,GARCH11-t
2007-04-12,0.0,8.725217715986085e-05,EFA,GARCH11-t
2007-04-13,0.0,8.530465249214778e-05,EFA,GARCH11-t
2007-04-16,0.0,8.174527731850828e-05,EFA,GARCH11-t
2007-04-17,0.0,7.333396547726543e-05,EFA,GARCH11-t
2007-04-18,0.0,7.958127438693351e-05,EFA,GARCH11-t
2007-04-19,0.0,7.589997733682017e-05,EFA,GARCH11-t
2007-04-20,0.0,6.169826621088987e-05,EFA,GARCH11-t
2007-04-23,0.0,6.78320014604104e-05,EFA,GARCH11-t
2007-04-24,0.0,7.758765744481154e-05,EFA,GARCH11-t
2007-04-25,0.0,6.557147810252114e-05,EFA,GARCH11-t
2007-04-26,0.0,7.512877497164174e-05,EFA,GARCH11-t
2007-04-27,0.0,7.285726087374732e-05,EFA,GARCH11-t
2007-04-30,0.0,6.983764973659503e-05,EFA,GARCH11-t
2007-05-01,0.0,5.622544464783099e-05,EFA,GARCH11-t
2007-05-02,0.0,6.473178299563851e-05,EFA,GARCH11-t
2007-05-03,0.0,5.0386192088694216e-05,EFA,GARCH11-t
2007-05-04,0.0,6.218901719683994e-05,EFA,GARCH11-t
2007-05-07,0.0,5.585489120408172e-05,EFA,GARCH11-t
2007-05-08,0.0,5.042592092445039e-05,EFA,GARCH11-t
2007-05-09,0.0,6.233534863031883e-05,EFA,GARCH11-t
2007-05-10,0.0,5.0450209805080434e-05,EFA,GARCH11-t
2007-05-11,0.0,7.927950838619272e-05,EFA,GARCH11-t
2007-05-14,0.0,8.76083772512203e-05,EFA,GARCH11-t
2007-05-15,0.0,8.090156665619262e-05,EFA,GARCH11-t
2007-05-16,0.0,8.198295217744322e-05,EFA,GARCH11-t
2007-05-17,0.0,7.816884089672531e-05,EFA,GARCH11-t
2007-05-18,0.0,7.592809037438074e-05,EFA,GARCH11-t
2007-05-21,0.0,7.428300005424252e-05,EFA,GARCH11-t
2007-05-22,0.0,7.197375896623499e-05,EFA,GARCH11-t
2007-05-23,0.0,6.875872412897356e-05,EFA,GARCH11-t
2007-05-24,0.0,5.8356016284924155e-05,EFA,GARCH11-t
2007-05-25,0.0,6.837736867601208e-05,EFA,GARCH11-t
2007-05-29,0.0,5.812140928483333e-05,EFA,GARCH11-t
2007-05-30,0.0,6.43915631478667e-05,EFA,GARCH11-t
2007-05-31,0.0,6.249329381356534e-05,EFA,GARCH11-t
2007-06-01,0.0,6.087241773423238e-05,EFA,GARCH11-t
2007-06-04,0.0,6.047269927654978e-05,EFA,GARCH11-t
2007-06-05,0.0,5.831288237885148e-05,EFA,GARCH11-t
2007-06-06,0.0,4.6262083932385854e-05,EFA,GARCH11-t
2007-06-07,0.0,5.616525034372893e-05,EFA,GARCH11-t
2007-06-08,0.0,6.566486548309264e-05,EFA,GARCH11-t
2007-06-11,0.0,7.944524591572723e-05,EFA,GARCH11-t
2007-06-12,0.0,7.562890665276999e-05,EFA,GARCH11-t
2007-06-13,0.0,0.00011189873284986099,EFA,GARCH11-t
2007-06-14,0.0,0.00011491641939902803,EFA,GARCH11-t
2007-06-15,0.0,0.00010409433665213267,EFA,GARCH11-t
2007-06-18,0.0,7.892194221720676e-05,EFA,GARCH11-t
2007-06-19,0.0,7.564974008871825e-05,EFA,GARCH11-t
2007-06-20,0.0,7.026670600101237e-05,EFA,GARCH11-t
2007-06-21,0.0,7.343905385097552e-05,EFA,GARCH11-t
2007-06-22,0.0,8.173570365883698e-05,EFA,GARCH11-t
2007-06-25,0.0,7.816286465212884e-05,EFA,GARCH11-t
2007-06-26,0.0,8.184097008221104e-05,EFA,GARCH11-t
2007-06-27,0.0,7.844503154054081e-05,EFA,GARCH11-t
2007-06-28,0.0,6.63939494490742e-05,EFA,GARCH11-t
2007-06-29,0.0,7.228568227950991e-05,EFA,GARCH11-t
2007-07-02,0.0,6.375065274515145e-05,EFA,GARCH11-t
2007-07-03,0.0,7.582384746443154e-05,EFA,GARCH11-t
2007-07-05,0.0,7.237840505169274e-05,EFA,GARCH11-t
2007-07-06,0.0,6.416165379700583e-05,EFA,GARCH11-t
2007-07-09,0.0,6.821732741735065e-05,EFA,GARCH11-t
2007-07-10,0.0,6.497480871524548e-05,EFA,GARCH11-t
2007-07-11,0.0,6.754561006907094e-05,EFA,GARCH11-t
2007-07-12,0.0,7.097631301973897e-05,EFA,GARCH11-t
2007-07-13,0.0,7.216771477731355e-05,EFA,GARCH11-t
2007-07-16,0.0,7.192949234953975e-05,EFA,GARCH11-t
2007-07-17,0.0,6.466578073220753e-05,EFA,GARCH11-t
2007-07-18,0.0,6.457877572788795e-05,EFA,GARCH11-t
2007-07-19,0.0,6.178101893319064e-05,EFA,GARCH11-t
2007-07-20,0.0,6.089352521773811e-05,EFA,GARCH11-t
2007-07-23,0.0,6.25779333245428e-05,EFA,GARCH11-t
2007-07-24,0.0,6.155976574111942e-05,EFA,GARCH11-t
2007-07-25,0.0,7.099730000280512e-05,EFA,GARCH11-t
2007-07-26,0.0,6.649063161041552e-05,EFA,GARCH11-t
2007-07-27,0.0,0.00012329969616012358,EFA,GARCH11-t
2007-07-30,0.0,0.00012185086712448679,EFA,GARCH11-t
2007-07-31,0.0,0.00012681349029188555,EFA,GARCH11-t
2007-08-01,0.0,0.00013702703496891976,EFA,GARCH11-t
2007-08-02,0.0,0.00010391457389864145,EFA,GARCH11-t
2007-08-03,0.0,9.563071489571221e-05,EFA,GARCH11-t
2007-08-06,0.0,0.0001053405346049736,EFA,GARCH11-t
2007-08-07,0.0,0.00010275573872165378,EFA,GARCH11-t
2007-08-08,0.0,9.502148725507961e-05,EFA,GARCH11-t
2007-08-09,0.0,0.0001225296646081823,EFA,GARCH11-t
2007-08-10,0.0,0.0001771373636452514,EFA,GARCH11-t
2007-08-13,0.0,0.00014001005620871258,EFA,GARCH11-t
2007-08-14,0.0,0.00012678844818720517,EFA,GARCH11-t
2007-08-15,0.0,0.00012010041829162338,EFA,GARCH11-t
2007-08-16,0.0,0.00017911791853682872,EFA,GARCH11-t
2007-08-17,0.0,0.0001646179863226277,EFA,GARCH11-t
2007-08-20,0.0,0.00017149578941355067,EFA,GARCH11-t
2007-08-21,0.0,0.0001506938485524963,EFA,GARCH11-t
2007-08-22,0.0,0.00011644047917968888,EFA,GARCH11-t
2007-08-23,0.0,0.0001755582743854631,EFA,GARCH11-t
2007-08-24,0.0,0.00015658595359464738,EFA,GARCH11-t
2007-08-27,0.0,0.00017083300080703435,EFA,GARCH11-t
2007-08-28,0.0,0.00015567939070441263,EFA,GARCH11-t
2007-08-29,0.0,0.00018919830854213855,EFA,GARCH11-t
2007-08-30,0.0,0.00020316135158643706,EFA,GARCH11-t
2007-08-31,0.0,0.00019487887392402386,EFA,GARCH11-t
2007-09-04,0.0,0.00019786852454910865,EFA,GARCH11-t
2007-09-05,0.0,0.00019498859496723837,EFA,GARCH11-t
2007-09-06,0.0,0.000201295487356761,EFA,GARCH11-t
2007-09-07,0.0,0.00017886268363863548,EFA,GARCH11-t
2007-09-10,0.0,0.00016589044261359435,EFA,GARCH11-t
2007-09-11,0.0,0.0001715082389130562,EFA,GARCH11-t
2007-09-12,0.0,0.00016849119080257136,EFA,GARCH11-t
2007-09-13,0.0,0.00014929581809739083,EFA,GARCH11-t
2007-09-14,0.0,0.00014489197094631333,EFA,GARCH11-t
2007-09-17,0.0,0.00013628301835115023,EFA,GARCH11-t
2007-09-18,0.0,0.00014773219961283654,EFA,GARCH11-t
2007-09-19,0.0,0.00018464307373906343,EFA,GARCH11-t
2007-09-20,0.0,0.00021120289016668433,EFA,GARCH11-t
2007-09-21,0.0,0.00017597335717739438,EFA,GARCH11-t
2007-09-24,0.0,0.00015776840005387818,EFA,GARCH11-t
2007-09-25,0.0,0.0001682041640424641,EFA,GARCH11-t
2007-09-26,0.0,0.00013723025296498673,EFA,GARCH11-t
2007-09-27,0.0,0.00013510314124592053,EFA,GARCH11-t
2007-09-28,0.0,0.00013176237241570556,EFA,GARCH11-t
2007-10-01,0.0,0.00012901581625605622,EFA,GARCH11-t
2007-10-02,0.0,0.00012980833805582807,EFA,GARCH11-t
2007-10-03,0.0,0.00012203742067194606,EFA,GARCH11-t
2007-10-04,0.0,0.00011137757043978073,EFA,GARCH11-t
2007-10-05,0.0,0.00010814204035989896,EFA,GARCH11-t
2007-10-08,0.0,0.00010355315780883593,EFA,GARCH11-t
2007-10-09,0.0,0.0001021181884215527,EFA,GARCH11-t
2007-10-10,0.0,0.00010550909923256315,EFA,GARCH11-t
2007-10-11,0.0,0.0001035451671256451,EFA,GARCH11-t
2007-10-12,0.0,8.830830603660008e-05,EFA,GARCH11-t
2007-10-15,0.0,9.21429390073477e-05,EFA,GARCH11-t
2007-10-16,0.0,8.169441010812119e-05,EFA,GARCH11-t
2007-10-17,0.0,9.706720713697321e-05,EFA,GARCH11-t
2007-10-18,0.0,9.870355311217396e-05,EFA,GARCH11-t
2007-10-19,0.0,9.994120229376346e-05,EFA,GARCH11-t
2007-10-22,0.0,0.00012429248076525917,EFA,GARCH11-t
2007-10-23,0.0,0.00011855663814867269,EFA,GARCH11-t
2007-10-24,0.0,0.00011545930763770515,EFA,GARCH11-t
2007-10-25,0.0,0.00011247715495283985,EFA,GARCH11-t
2007-10-26,0.0,9.639832881612484e-05,EFA,GARCH11-t
2007-10-29,0.0,0.00012164207008419565,EFA,GARCH11-t
2007-10-30,0.0,0.00011843451313730252,EFA,GARCH11-t
2007-10-31,0.0,0.00011527267598878523,EFA,GARCH11-t
2007-11-01,0.0,0.00011515274340798278,EFA,GARCH11-t
2007-11-02,0.0,0.0001464304198255885,EFA,GARCH11-t
2007-11-05,0.0,0.00012881021402937328,EFA,GARCH11-t
2007-11-06,0.0,0.00012269176613520922,EFA,GARCH11-t
2007-11-07,0.0,0.00012608762355203847,EFA,GARCH11-t
2007-11-08,0.0,0.00016931436061972844,EFA,GARCH11-t
2007-11-09,0.0,0.00015262263642615488,EFA,GARCH11-t
2007-11-12,0.0,0.0001741064209513737,EFA,GARCH11-t
2007-11-13,0.0,0.0001756029943703916,EFA,GARCH11-t
2007-11-14,0.0,0.0002411188733263523,EFA,GARCH11-t
2007-11-15,0.0,0.00021248083494280668,EFA,GARCH11-t
2007-11-16,0.0,0.00022054873766738382,EFA,GARCH11-t
2007-11-19,0.0,0.00017097732492045632,EFA,GARCH11-t
2007-11-20,0.0,0.00021112425603382124,EFA,GARCH11-t
2007-11-21,0.0,0.00022972236173251075,EFA,GARCH11-t
2007-11-23,0.0,0.00024817073281834434,EFA,GARCH11-t
2007-11-26,0.0,0.0002727904251710963,EFA,GARCH11-t
2007-11-27,0.0,0.0002550457453460712,EFA,GARCH11-t
2007-11-28,0.0,0.0002340514996142274,EFA,GARCH11-t
2007-11-29,0.0,0.0003396144600034153,EFA,GARCH11-t
2007-11-30,0.0,0.00031043025707038906,EFA,GARCH11-t
2007-12-03,0.0,0.0002426484866228066,EFA,GARCH11-t
2007-12-04,0.0,0.0002297318257468839,EFA,GARCH11-t
2007-12-05,0.0,0.00022009649801074468,EFA,GARCH11-t
2007-12-06,0.0,0.0002344713924859425,EFA,GARCH11-t
2007-12-07,0.0,0.00014375018304274743,EFA,GARCH11-t
2007-12-10,0.0,0.0001286036472315724,EFA,GARCH11-t
2007-12-11,0.0,0.00012558558422985855,EFA,GARCH11-t
2007-12-12,0.0,0.00019496825411607885,EFA,GARCH11-t
2007-12-13,0.0,0.0001994849756552974,EFA,GARCH11-t
2007-12-14,0.0,0.00021532427826518653,EFA,GARCH11-t
2007-12-17,0.0,0.00026140780404920624,EFA,GARCH11-t
2007-12-18,0.0,0.00026916497531742937,EFA,GARCH11-t
2007-12-19,0.0,0.000244226663696683,EFA,GARCH11-t
2007-12-20,0.0,0.00021547915545401628,EFA,GARCH11-t
2007-12-21,0.0,0.00019069398925378636,EFA,GARCH11-t
2007-12-24,0.0,0.0001862712525845439,EFA,GARCH11-t
2007-12-26,0.0,0.00016401100973633447,EFA,GARCH11-t
2007-12-27,0.0,0.00014529848917401215,EFA,GARCH11-t
2007-12-28,0.0,0.0001333500178024741,EFA,GARCH11-t
2007-12-31,0.0,0.0001270954960930348,EFA,GARCH11-t
2008-01-02,0.0,0.00013383080567127526,EFA,GARCH11-t
2008-01-03,0.0,0.00010973128411389598,EFA,GARCH11-t
2008-01-04,0.0,9.884112264265983e-05,EFA,GARCH11-t
2008-01-07,0.0,0.00015557050279870765,EFA,GARCH11-t
2008-01-08,0.0,0.00013173940867365318,EFA,GARCH11-t
2008-01-09,0.0,0.0001220328223564427,EFA,GARCH11-t
2008-01-10,0.0,0.00011632578527352379,EFA,GARCH11-t
2008-01-11,0.0,0.00010650553363539805,EFA,GARCH11-t
2008-01-14,0.0,0.00013996667477688538,EFA,GARCH11-t
2008-01-15,0.0,0.000159741928146035,EFA,GARCH11-t
2008-01-16,0.0,0.0002762345041258829,EFA,GARCH11-t
2008-01-17,0.0,0.000295734588111818,EFA,GARCH11-t
2008-01-18,0.0,0.0002398943493758904,EFA,GARCH11-t
2008-01-22,0.0,0.00020927993722495478,EFA,GARCH11-t
2008-01-23,0.0,0.0002632340742897017,EFA,GARCH11-t
2008-01-24,0.0,0.00026434972417959486,EFA,GARCH11-t
2008-01-25,0.0,0.00040041232075318904,EFA,GARCH11-t
2008-01-28,0.0,0.00029097384529942814,EFA,GARCH11-t
2008-01-29,0.0,0.0002603496405158152,EFA,GARCH11-t
2008-01-30,0.0,0.00022697510202391823,EFA,GARCH11-t
2008-01-31,0.0,0.00023932066389304962,EFA,GARCH11-t
2008-02-01,0.0,0.00021577223113841535,EFA,GARCH11-t
2008-02-04,0.0,0.00019126353934962895,EFA,GARCH11-t
2008-02-05,0.0,0.00017886986413960285,EFA,GARCH11-t
2008-02-06,0.0,0.00033056349779765794,EFA,GARCH11-t
2008-02-07,0.0,0.00040637551284186056,EFA,GARCH11-t
2008-02-08,0.0,0.00034934297515444037,EFA,GARCH11-t
2008-02-11,0.0,0.00030201357739914576,EFA,GARCH11-t
2008-02-12,0.0,0.00028669124421118496,EFA,GARCH11-t
2008-02-13,0.0,0.0003001579118793021,EFA,GARCH11-t
2008-02-14,0.0,0.0002551588325804184,EFA,GARCH11-t
2008-02-15,0.0,0.00025244219192556433,EFA,GARCH11-t
2008-02-19,0.0,0.00022093189765959602,EFA,GARCH11-t
2008-02-20,0.0,0.00019044870441787187,EFA,GARCH11-t
2008-02-21,0.0,0.00018350457756195125,EFA,GARCH11-t
2008-02-22,0.0,0.00014412456352672258,EFA,GARCH11-t
2008-02-25,0.0,0.00016453347599597497,EFA,GARCH11-t
2008-02-26,0.0,0.00018313466571527154,EFA,GARCH11-t
2008-02-27,0.0,0.00016222987786050364,EFA,GARCH11-t
2008-02-28,0.0,0.00014984006287641698,EFA,GARCH11-t
2008-02-29,0.0,0.00015265555817169392,EFA,GARCH11-t
2008-03-03,0.0,0.0002040563325409214,EFA,GARCH11-t
2008-03-04,0.0,0.00018190336339234028,EFA,GARCH11-t
2008-03-05,0.0,0.00018795306527489013,EFA,GARCH11-t
2008-03-06,0.0,0.00023436285525185298,EFA,GARCH11-t
2008-03-07,0.0,0.0002012102774100158,EFA,GARCH11-t
2008-03-10,0.0,0.00023720134128283306,EFA,GARCH11-t
2008-03-11,0.0,0.00019537422391519447,EFA,GARCH11-t
2008-03-12,0.0,0.00022792150827013812,EFA,GARCH11-t
2008-03-13,0.0,0.00020546027013850645,EFA,GARCH11-t
2008-03-14,0.0,0.00020757054645575854,EFA,GARCH11-t
2008-03-17,0.0,0.00021543556697418764,EFA,GARCH11-t
2008-03-18,0.0,0.000233925877374429,EFA,GARCH11-t
2008-03-19,0.0,0.00025154632627043266,EFA,GARCH11-t
2008-03-20,0.0,0.00030836362182161793,EFA,GARCH11-t
2008-03-24,0.0,0.00033509675319486884,EFA,GARCH11-t
2008-03-25,0.0,0.00030777267723768075,EFA,GARCH11-t
2008-03-26,0.0,0.00028986428173295964,EFA,GARCH11-t
2008-03-27,0.0,0.00027296905723465427,EFA,GARCH11-t
2008-03-28,0.0,0.000296038323580747,EFA,GARCH11-t
2008-03-31,0.0,0.00024260238163783173,EFA,GARCH11-t
2008-04-01,0.0,0.00022959331778315322,EFA,GARCH11-t
2008-04-02,0.0,0.0002663057261938233,EFA,GARCH11-t
2008-04-03,0.0,0.00025135339111877805,EFA,GARCH11-t
2008-04-04,0.0,0.00023758562794124065,EFA,GARCH11-t
2008-04-07,0.0,0.00022496270992657057,EFA,GARCH11-t
2008-04-08,0.0,0.00021457631334639447,EFA,GARCH11-t
2008-04-09,0.0,0.00020870493260123,EFA,GARCH11-t
2008-04-10,0.0,0.0002980322423885417,EFA,GARCH11-t
2008-04-11,0.0,0.00019082572748396797,EFA,GARCH11-t
2008-04-14,0.0,0.00019025250129084084,EFA,GARCH11-t
2008-04-15,0.0,0.00018064544791141206,EFA,GARCH11-t
2008-04-16,0.0,0.00027569645905551097,EFA,GARCH11-t
2008-04-17,0.0,0.00019700391023265475,EFA,GARCH11-t
2008-04-18,0.0,0.00019621858347280733,EFA,GARCH11-t
2008-04-21,0.0,0.00022701345517376183,EFA,GARCH11-t
2008-04-22,0.0,0.00019262799311366643,EFA,GARCH11-t
2008-04-23,0.0,0.00019153151090906128,EFA,GARCH11-t
2008-04-24,0.0,0.00018967953688874402,EFA,GARCH11-t
2008-04-25,0.0,0.00018785186438759593,EFA,GARCH11-t
2008-04-28,0.0,0.0001865699138412823,EFA,GARCH11-t
2008-04-29,0.0,0.0002001680960003547,EFA,GARCH11-t
2008-04-30,0.0,0.00018391052380676561,EFA,GARCH11-t
2008-05-01,0.0,0.00020569164239858323,EFA,GARCH11-t
2008-05-02,0.0,0.0001807366297144082,EFA,GARCH11-t
2008-05-05,0.0,0.0001789718514144314,EFA,GARCH11-t
2008-05-06,0.0,0.00012421555441319163,EFA,GARCH11-t
2008-05-07,0.0,0.00011688215986885311,EFA,GARCH11-t
2008-05-08,0.0,0.000141398656444486,EFA,GARCH11-t
2008-05-09,0.0,0.0001388890859226854,EFA,GARCH11-t
2008-05-12,0.0,0.0001355788492357252,EFA,GARCH11-t
2008-05-13,0.0,0.0001344090498164901,EFA,GARCH11-t
2008-05-14,0.0,0.00012912001488304674,EFA,GARCH11-t
2008-05-15,0.0,0.00012362303899634815,EFA,GARCH11-t
2008-05-16,0.0,0.00013307584413221226,EFA,GARCH11-t
2008-05-19,0.0,0.00013321290092180787,EFA,GARCH11-t
2008-05-20,0.0,0.0001340450945107753,EFA,GARCH11-t
2008-05-21,0.0,0.00013402227744243868,EFA,GARCH11-t
2008-05-22,0.0,0.00012853671888254272,EFA,GARCH11-t
2008-05-23,0.0,0.00014989204061722597,EFA,GARCH11-t
2008-05-27,0.0,0.0001434159029324497,EFA,GARCH11-t
2008-05-28,0.0,0.0001458726150301939,EFA,GARCH11-t
2008-05-29,0.0,0.00013029757974633636,EFA,GARCH11-t
2008-05-30,0.0,0.00012403483571437726,EFA,GARCH11-t
2008-06-02,0.0,0.00011998245431834773,EFA,GARCH11-t
2008-06-03,0.0,0.00012330869363424762,EFA,GARCH11-t
2008-06-04,0.0,0.00012416433699796533,EFA,GARCH11-t
2008-06-05,0.0,0.00011188357947130557,EFA,GARCH11-t
2008-06-06,0.0,0.0001410271500697939,EFA,GARCH11-t
2008-06-09,0.0,0.0001939026660918849,EFA,GARCH11-t
2008-06-10,0.0,0.00017605247139575723,EFA,GARCH11-t
2008-06-11,0.0,0.0001878794235696279,EFA,GARCH11-t
2008-06-12,0.0,0.00018284825371270468,EFA,GARCH11-t
2008-06-13,0.0,0.00018016197750728578,EFA,GARCH11-t
2008-06-16,0.0,0.0001748968214114004,EFA,GARCH11-t
2008-06-17,0.0,0.00016532314181150505,EFA,GARCH11-t
2008-06-18,0.0,0.00015351866425198355,EFA,GARCH11-t
2008-06-19,0.0,0.00014837631920615638,EFA,GARCH11-t
2008-06-20,0.0,0.00014314661784109895,EFA,GARCH11-t
2008-06-23,0.0,0.00017049338785548064,EFA,GARCH11-t
2008-06-24,0.0,0.000166748822354372,EFA,GARCH11-t
2008-06-25,0.0,0.00015566903348359615,EFA,GARCH11-t
2008-06-26,0.0,0.0001563388939823035,EFA,GARCH11-t
2008-06-27,0.0,0.00019244711366851676,EFA,GARCH11-t
2008-06-30,0.0,0.0001814202058196377,EFA,GARCH11-t
2008-07-01,0.0,0.00017399679770484705,EFA,GARCH11-t
2008-07-02,0.0,0.00017262430994628144,EFA,GARCH11-t
2008-07-03,0.0,0.00018042569145924921,EFA,GARCH11-t
2008-07-07,0.0,0.000173587773609931,EFA,GARCH11-t
2008-07-08,0.0,0.00016978560040425264,EFA,GARCH11-t
2008-07-09,0.0,0.00016318038091785818,EFA,GARCH11-t
2008-07-10,0.0,0.00016823301554170505,EFA,GARCH11-t
2008-07-11,0.0,0.00016550967668957115,EFA,GARCH11-t
2008-07-14,0.0,0.00017719746679469494,EFA,GARCH11-t
2008-07-15,0.0,0.00016771271100842348,EFA,GARCH11-t
2008-07-16,0.0,0.00017094918420656005,EFA,GARCH11-t
2008-07-17,0.0,0.00018158609672965463,EFA,GARCH11-t
2008-07-18,0.0,0.0001851771054441764,EFA,GARCH11-t
2008-07-21,0.0,0.00017842352508454104,EFA,GARCH11-t
2008-07-22,0.0,0.0001720788748679714,EFA,GARCH11-t
2008-07-23,0.0,0.00015998122472366542,EFA,GARCH11-t
2008-07-24,0.0,0.0001533303564296692,EFA,GARCH11-t
2008-07-25,0.0,0.00016581896378003606,EFA,GARCH11-t
2008-07-28,0.0,0.00015965014444046556,EFA,GARCH11-t
2008-07-29,0.0,0.00016974812126587568,EFA,GARCH11-t
2008-07-30,0.0,0.0001677726624144956,EFA,GARCH11-t
2008-07-31,0.0,0.00016301822607528622,EFA,GARCH11-t
2008-08-01,0.0,0.00015955960781383784,EFA,GARCH11-t
2008-08-04,0.0,0.00016430502545069378,EFA,GARCH11-t
2008-08-05,0.0,0.00016621819298720417,EFA,GARCH11-t
2008-08-06,0.0,0.00019417909228317318,EFA,GARCH11-t
2008-08-07,0.0,0.00017841890814675838,EFA,GARCH11-t
2008-08-08,0.0,0.00019310411707950824,EFA,GARCH11-t
2008-08-11,0.0,0.0001817700740145536,EFA,GARCH11-t
2008-08-12,0.0,0.0001731017206100632,EFA,GARCH11-t
2008-08-13,0.0,0.0001666545564880908,EFA,GARCH11-t
2008-08-14,0.0,0.00017316922169936843,EFA,GARCH11-t
2008-08-15,0.0,0.00016568169647456442,EFA,GARCH11-t
2008-08-18,0.0,0.000168087365553193,EFA,GARCH11-t
2008-08-19,0.0,0.00015329519336633487,EFA,GARCH11-t
2008-08-20,0.0,0.00015341140719534206,EFA,GARCH11-t
2008-08-21,0.0,0.00014728087267559125,EFA,GARCH11-t
2008-08-22,0.0,0.00014181908682405793,EFA,GARCH11-t
2008-08-25,0.0,0.00013581931633796247,EFA,GARCH11-t
2008-08-26,0.0,0.00014922889070363672,EFA,GARCH11-t
2008-08-27,0.0,0.00014221475497959505,EFA,GARCH11-t
2008-08-28,0.0,0.0001409247430518375,EFA,GARCH11-t
2008-08-29,0.0,0.00014445930683740243,EFA,GARCH11-t
2008-09-02,0.0,0.0001382616281288439,EFA,GARCH11-t
2008-09-03,0.0,0.00015179588051107966,EFA,GARCH11-t
2008-09-04,0.0,0.00014144466623724664,EFA,GARCH11-t
2008-09-05,0.0,0.00024528920624711324,EFA,GARCH11-t
2008-09-08,0.0,0.00024233821161163624,EFA,GARCH11-t
2008-09-09,0.0,0.00023705165415161737,EFA,GARCH11-t
2008-09-10,0.0,0.000304423262272837,EFA,GARCH11-t
2008-09-11,0.0,0.0002725605596704748,EFA,GARCH11-t
2008-09-12,0.0,0.00023106776681295035,EFA,GARCH11-t
2008-09-15,0.0,0.00024019973084441287,EFA,GARCH11-t
2008-09-16,0.0,0.0004109405946922501,EFA,GARCH11-t
2008-09-17,0.0,0.00033940507723866857,EFA,GARCH11-t
2008-09-18,0.0,0.00047480651076595566,EFA,GARCH11-t
2008-09-19,0.0,0.0006534293655842927,EFA,GARCH11-t
2008-09-22,0.0,0.001246887618793712,EFA,GARCH11-t
2008-09-23,0.0,0.0009255024253895794,EFA,GARCH11-t
2008-09-24,0.0,0.0007837544518604316,EFA,GARCH11-t
2008-09-25,0.0,0.0006508119027983667,EFA,GARCH11-t
2008-09-26,0.0,0.0005964796613977414,EFA,GARCH11-t
2008-09-29,0.0,0.000511577698454845,EFA,GARCH11-t
2008-09-30,0.0,0.002049385272451282,EFA,GARCH11-t
2008-10-01,0.0,0.002158242693442864,EFA,GARCH11-t
2008-10-02,0.0,0.001910895404151185,EFA,GARCH11-t
2008-10-03,0.0,0.0018882301902902543,EFA,GARCH11-t
2008-10-06,0.0,0.0016885065737199535,EFA,GARCH11-t
2008-10-07,0.0,0.0018161972030404728,EFA,GARCH11-t
2008-10-08,0.0,0.0018358128764062141,EFA,GARCH11-t
2008-10-09,0.0,0.0016734732247776767,EFA,GARCH11-t
2008-10-10,0.0,0.0018814458953272128,EFA,GARCH11-t
2008-10-13,0.0,0.0018352832259913,EFA,GARCH11-t
2008-10-14,0.0,0.004850558224559642,EFA,GARCH11-t
2008-10-15,0.0,0.004189123108269293,EFA,GARCH11-t
2008-10-16,0.0,0.0050917624334420744,EFA,GARCH11-t
2008-10-17,0.0,0.004085547659223902,EFA,GARCH11-t
2008-10-20,0.0,0.003652101565485248,EFA,GARCH11-t
2008-10-21,0.0,0.0036087022472219695,EFA,GARCH11-t
2008-10-22,0.0,0.0035251004703742367,EFA,GARCH11-t
2008-10-23,0.0,0.0036903448745732137,EFA,GARCH11-t
2008-10-24,0.0,0.003306087698293204,EFA,GARCH11-t
2008-10-27,0.0,0.0033712114827912586,EFA,GARCH11-t
2008-10-28,0.0,0.0032710842430155734,EFA,GARCH11-t
2008-10-29,0.0,0.005256104091824608,EFA,GARCH11-t
2008-10-30,0.0,0.004846217383107937,EFA,GARCH11-t
2008-10-31,0.0,0.004366628459169853,EFA,GARCH11-t
2008-11-03,0.0,0.003304082450317072,EFA,GARCH11-t
2008-11-04,0.0,0.0025831914157167023,EFA,GARCH11-t
2008-11-05,0.0,0.0034614165288815047,EFA,GARCH11-t
2008-11-06,0.0,0.0034249121168604584,EFA,GARCH11-t
2008-11-07,0.0,0.0035687886169203783,EFA,GARCH11-t
2008-11-10,0.0,0.0031779377747405803,EFA,GARCH11-t
2008-11-11,0.0,0.0030601234246851535,EFA,GARCH11-t
2008-11-12,0.0,0.002231413663257045,EFA,GARCH11-t
2008-11-13,0.0,0.0028605822992025676,EFA,GARCH11-t
2008-11-14,0.0,0.0033720817994363,EFA,GARCH11-t
2008-11-17,0.0,0.003394328329148814,EFA,GARCH11-t
2008-11-18,0.0,0.0029997230889580407,EFA,GARCH11-t
2008-11-19,0.0,0.0026155400382454575,EFA,GARCH11-t
2008-11-20,0.0,0.002917391807328549,EFA,GARCH11-t
2008-11-21,0.0,0.0029631673834554268,EFA,GARCH11-t
2008-11-24,0.0,0.0030177451410670257,EFA,GARCH11-t
2008-11-25,0.0,0.003045901030832092,EFA,GARCH11-t
2008-11-26,0.0,0.0024574905967397935,EFA,GARCH11-t
2008-11-28,0.0,0.0022382393416561573,EFA,GARCH11-t
2008-12-01,0.0,0.0021665298290741643,EFA,GARCH11-t
2008-12-02,0.0,0.002625306953721972,EFA,GARCH11-t
2008-12-03,0.0,0.0026632284868471226,EFA,GARCH11-t
2008-12-04,0.0,0.002129631514023567,EFA,GARCH11-t
2008-12-05,0.0,0.001873871515978998,EFA,GARCH11-t
2008-12-08,0.0,0.0015100858240079756,EFA,GARCH11-t
2008-12-09,0.0,0.0017898871619191048,EFA,GARCH11-t
2008-12-10,0.0,0.0013037051571143249,EFA,GARCH11-t
2008-12-11,0.0,0.0013174449609580257,EFA,GARCH11-t
2008-12-12,0.0,0.0009334598559702593,EFA,GARCH11-t
2008-12-15,0.0,0.0007644449106776127,EFA,GARCH11-t
2008-12-16,0.0,0.0006145007271640153,EFA,GARCH11-t
2008-12-17,0.0,0.0011632990067329983,EFA,GARCH11-t
2008-12-18,0.0,0.0008977845962580066,EFA,GARCH11-t
2008-12-19,0.0,0.0009114015174640111,EFA,GARCH11-t
2008-12-22,0.0,0.0007713026343410772,EFA,GARCH11-t
2008-12-23,0.0,0.0007716424247445092,EFA,GARCH11-t
2008-12-24,0.0,0.0005190988750155877,EFA,GARCH11-t
2008-12-26,0.0,0.0004571321226457148,EFA,GARCH11-t
2008-12-29,0.0,0.0003783408535345306,EFA,GARCH11-t
2008-12-30,0.0,0.00031251806531114106,EFA,GARCH11-t
2008-12-31,0.0,0.00043647068842706893,EFA,GARCH11-t
2009-01-02,0.0,0.0003942608327438844,EFA,GARCH11-t
2009-01-05,0.0,0.00040299697474858526,EFA,GARCH11-t
2009-01-06,0.0,0.000406537777435839,EFA,GARCH11-t
2009-01-07,0.0,0.0003127100670799686,EFA,GARCH11-t
2009-01-08,0.0,0.0003221431317976688,EFA,GARCH11-t
2009-01-09,0.0,0.0003123815329234916,EFA,GARCH11-t
2009-01-12,0.0,0.0005098221718213453,EFA,GARCH11-t
2009-01-13,0.0,0.0005347147518720132,EFA,GARCH11-t
2009-01-14,0.0,0.0004977468679989278,EFA,GARCH11-t
2009-01-15,0.0,0.0007616265247539474,EFA,GARCH11-t
2009-01-16,0.0,0.0006277384001998232,EFA,GARCH11-t
2009-01-20,0.0,0.0005142895126405895,EFA,GARCH11-t
2009-01-21,0.0,0.0015768425215057767,EFA,GARCH11-t
2009-01-22,0.0,0.001705116945385208,EFA,GARCH11-t
2009-01-23,0.0,0.0013530206793304898,EFA,GARCH11-t
2009-01-26,0.0,0.0010838649214875793,EFA,GARCH11-t
2009-01-27,0.0,0.0010034951385358062,EFA,GARCH11-t
2009-01-28,0.0,0.000875515101052772,EFA,GARCH11-t
2009-01-29,0.0,0.0008696390486745551,EFA,GARCH11-t
2009-01-30,0.0,0.0011299834838037165,EFA,GARCH11-t
2009-02-02,0.0,0.0009278000709527576,EFA,GARCH11-t
2009-02-03,0.0,0.0007538685128950644,EFA,GARCH11-t
2009-02-04,0.0,0.0007669068996137393,EFA,GARCH11-t
2009-02-05,0.0,0.0006501866054341599,EFA,GARCH11-t
2009-02-06,0.0,0.0005430364402862792,EFA,GARCH11-t
2009-02-09,0.0,0.0005466436402569127,EFA,GARCH11-t
2009-02-10,0.0,0.0004447375169142206,EFA,GARCH11-t
2009-02-11,0.0,0.0008847250995381731,EFA,GARCH11-t
2009-02-12,0.0,0.0007312044719622931,EFA,GARCH11-t
2009-02-13,0.0,0.0005912930234142231,EFA,GARCH11-t
2009-02-17,0.0,0.000522918993674589,EFA,GARCH11-t
2009-02-18,0.0,0.0010093759905116235,EFA,GARCH11-t
2009-02-19,0.0,0.000806205570099861,EFA,GARCH11-t
2009-02-20,0.0,0.0006577535043807608,EFA,GARCH11-t
2009-02-23,0.0,0.000567270751411276,EFA,GARCH11-t
2009-02-24,0.0,0.0007577706747802529,EFA,GARCH11-t
2009-02-25,0.0,0.0009499337591529619,EFA,GARCH11-t
2009-02-26,0.0,0.0009001806069290641,EFA,GARCH11-t
2009-02-27,0.0,0.0007516042382869746,EFA,GARCH11-t
2009-03-02,0.0,0.0006020587332212045,EFA,GARCH11-t
2009-03-03,0.0,0.001188120232093617,EFA,GARCH11-t
2009-03-04,0.0,0.0009491978096122095,EFA,GARCH11-t
2009-03-05,0.0,0.001139924895033848,EFA,GARCH11-t
2009-03-06,0.0,0.0012138782327765847,EFA,GARCH11-t
2009-03-09,0.0,0.0009929801648079861,EFA,GARCH11-t
2009-03-10,0.0,0.0009442244717517854,EFA,GARCH11-t
2009-03-11,0.0,0.0016033932730062663,EFA,GARCH11-t
2009-03-12,0.0,0.0012764909423321317,EFA,GARCH11-t
2009-03-13,0.0,0.0011158663281677572,EFA,GARCH11-t
2009-03-16,0.0,0.0008989467976306869,EFA,GARCH11-t
2009-03-17,0.0,0.0007441771731195357,EFA,GARCH11-t
2009-03-18,0.0,0.0007349514138532171,EFA,GARCH11-t
2009-03-19,0.0,0.0007524200267740002,EFA,GARCH11-t
2009-03-20,0.0,0.0006063192572844982,EFA,GARCH11-t
2009-03-23,0.0,0.0005319899527644694,EFA,GARCH11-t
2009-03-24,0.0,0.0014018561246211042,EFA,GARCH11-t
2009-03-25,0.0,0.0012773167182585047,EFA,GARCH11-t
2009-03-26,0.0,0.0010948138657322815,EFA,GARCH11-t
2009-03-27,0.0,0.0009096049574580226,EFA,GARCH11-t
2009-03-30,0.0,0.0009511707070859207,EFA,GARCH11-t
2009-03-31,0.0,0.0010295913315660208,EFA,GARCH11-t
2009-04-01,0.0,0.00097796546449878,EFA,GARCH11-t
2009-04-02,0.0,0.0009140898732961618,EFA,GARCH11-t
2009-04-03,0.0,0.001123528862566068,EFA,GARCH11-t
2009-04-06,0.0,0.0009138699353173263,EFA,GARCH11-t
2009-04-07,0.0,0.0008130924413982446,EFA,GARCH11-t
2009-04-08,0.0,0.000744238309724755,EFA,GARCH11-t
2009-04-09,0.0,0.0006775748532011343,EFA,GARCH11-t
2009-04-13,0.0,0.0006446827380882521,EFA,GARCH11-t
2009-04-14,0.0,0.0005430313431549082,EFA,GARCH11-t
2009-04-15,0.0,0.00046283117515151626,EFA,GARCH11-t
2009-04-16,0.0,0.00044435444663569034,EFA,GARCH11-t
2009-04-17,0.0,0.00038193351577904577,EFA,GARCH11-t
2009-04-20,0.0,0.00042145276081575827,EFA,GARCH11-t
2009-04-21,0.0,0.0006044057033358838,EFA,GARCH11-t
2009-04-22,0.0,0.0006080320849815537,EFA,GARCH11-t
2009-04-23,0.0,0.0006006086762409474,EFA,GARCH11-t
2009-04-24,0.0,0.0006110933224087784,EFA,GARCH11-t
2009-04-27,0.0,0.0005821408250151268,EFA,GARCH11-t
2009-04-28,0.0,0.0004679851635317115,EFA,GARCH11-t
2009-04-29,0.0,0.0004379356483675172,EFA,GARCH11-t
2009-04-30,0.0,0.0005354302689113639,EFA,GARCH11-t
2009-05-01,0.0,0.0004959763947274309,EFA,GARCH11-t
2009-05-04,0.0,0.0004709519430245477,EFA,GARCH11-t
2009-05-05,0.0,0.0006017925047808182,EFA,GARCH11-t
2009-05-06,0.0,0.0005607245551006671,EFA,GARCH11-t
2009-05-07,0.0,0.0005722117542066076,EFA,GARCH11-t
2009-05-08,0.0,0.0005531544926932014,EFA,GARCH11-t
2009-05-11,0.0,0.0006892709022295659,EFA,GARCH11-t
2009-05-12,0.0,0.0006947251210199719,EFA,GARCH11-t
2009-05-13,0.0,0.0006440289186284032,EFA,GARCH11-t
2009-05-14,0.0,0.0007086646730827711,EFA,GARCH11-t
2009-05-15,0.0,0.0006546543053697107,EFA,GARCH11-t
2009-05-18,0.0,0.0006056404835155754,EFA,GARCH11-t
2009-05-19,0.0,0.0006955255240491425,EFA,GARCH11-t
2009-05-20,0.0,0.0006189779789308502,EFA,GARCH11-t
2009-05-21,0.0,0.0005903772798804838,EFA,GARCH11-t
2009-05-22,0.0,0.0004939484751345585,EFA,GARCH11-t
2009-05-26,0.0,0.0005057726916234986,EFA,GARCH11-t
2009-05-27,0.0,0.0005058677068450333,EFA,GARCH11-t
2009-05-28,0.0,0.0005051966062421721,EFA,GARCH11-t
2009-05-29,0.0,0.0004764729140573621,EFA,GARCH11-t
2009-06-01,0.0,0.0004802611367075309,EFA,GARCH11-t
2009-06-02,0.0,0.00046188643592496735,EFA,GARCH11-t
2009-06-03,0.0,0.0004724036118110633,EFA,GARCH11-t
2009-06-04,0.0,0.00050084832858603,EFA,GARCH11-t
2009-06-05,0.0,0.0004913772275274227,EFA,GARCH11-t
2009-06-08,0.0,0.0004464970539597889,EFA,GARCH11-t
2009-06-09,0.0,0.00038887125117612005,EFA,GARCH11-t
2009-06-10,0.0,0.00037054901925634063,EFA,GARCH11-t
2009-06-11,0.0,0.00039055359484067837,EFA,GARCH11-t
2009-06-12,0.0,0.00033579388896491094,EFA,GARCH11-t
2009-06-15,0.0,0.00037116509989013215,EFA,GARCH11-t
2009-06-16,0.0,0.00048292903229316456,EFA,GARCH11-t
2009-06-17,0.0,0.00046027927652553615,EFA,GARCH11-t
2009-06-18,0.0,0.00042754085659192,EFA,GARCH11-t
2009-06-19,0.0,0.0003981967182544629,EFA,GARCH11-t
2009-06-22,0.0,0.00039685020624976143,EFA,GARCH11-t
2009-06-23,0.0,0.00045613821544898377,EFA,GARCH11-t
2009-06-24,0.0,0.00045985146016401925,EFA,GARCH11-t
2009-06-25,0.0,0.0004265133047858837,EFA,GARCH11-t
2009-06-26,0.0,0.00044077403999745034,EFA,GARCH11-t
2009-06-29,0.0,0.00037124916123042423,EFA,GARCH11-t
2009-06-30,0.0,0.00038274172195049643,EFA,GARCH11-t
2009-07-01,0.0,0.00037823634054383115,EFA,GARCH11-t
2009-07-02,0.0,0.0003817877236275519,EFA,GARCH11-t
2009-07-06,0.0,0.0004433835088247369,EFA,GARCH11-t
2009-07-07,0.0,0.00037650354296421833,EFA,GARCH11-t
2009-07-08,0.0,0.0004207385139432967,EFA,GARCH11-t
2009-07-09,0.0,0.0004153997000801125,EFA,GARCH11-t
2009-07-10,0.0,0.00040226935479917454,EFA,GARCH11-t
2009-07-13,0.0,0.00038968358377192266,EFA,GARCH11-t
2009-07-14,0.0,0.0003948754814172275,EFA,GARCH11-t
2009-07-15,0.0,0.00037222927298349607,EFA,GARCH11-t
2009-07-16,0.0,0.0004630404257420698,EFA,GARCH11-t
2009-07-17,0.0,0.0004369238291762978,EFA,GARCH11-t
2009-07-20,0.0,0.00040758297055906457,EFA,GARCH11-t
2009-07-21,0.0,0.00041784778454362565,EFA,GARCH11-t
2009-07-22,0.0,0.0003935633256420256,EFA,GARCH11-t
2009-07-23,0.0,0.0003688832430303575,EFA,GARCH11-t
2009-07-24,0.0,0.0003745513275144313,EFA,GARCH11-t
2009-07-27,0.0,0.00035508659317062596,EFA,GARCH11-t
2009-07-28,0.0,0.0003345017716527645,EFA,GARCH11-t
2009-07-29,0.0,0.0003179310343631572,EFA,GARCH11-t
2009-07-30,0.0,0.000308354799646517,EFA,GARCH11-t
2009-07-31,0.0,0.0003307676993800297,EFA,GARCH11-t
2009-08-03,0.0,0.0003361650027422665,EFA,GARCH11-t
2009-08-04,0.0,0.0003642458744334022,EFA,GARCH11-t
2009-08-05,0.0,0.00034827039330689066,EFA,GARCH11-t
2009-08-06,0.0,0.000329696170396788,EFA,GARCH11-t
2009-08-07,0.0,0.0003159790499632619,EFA,GARCH11-t
2009-08-10,0.0,0.00029979427241431104,EFA,GARCH11-t
2009-08-11,0.0,0.0002894348780700645,EFA,GARCH11-t
2009-08-12,0.0,0.0002799015808486415,EFA,GARCH11-t
2009-08-13,0.0,0.0002809275966588803,EFA,GARCH11-t
2009-08-14,0.0,0.00027855592344616024,EFA,GARCH11-t
2009-08-17,0.0,0.00028639212705311017,EFA,GARCH11-t
2009-08-18,0.0,0.00038176764068418136,EFA,GARCH11-t
2009-08-19,0.0,0.00038767587541868554,EFA,GARCH11-t
2009-08-20,0.0,0.0003554866525483314,EFA,GARCH11-t
2009-08-21,0.0,0.000352843302905798,EFA,GARCH11-t
2009-08-24,0.0,0.0003795583331553669,EFA,GARCH11-t
2009-08-25,0.0,0.0003291209549096168,EFA,GARCH11-t
2009-08-26,0.0,0.0003449934594097996,EFA,GARCH11-t
2009-08-27,0.0,0.00030064612698195106,EFA,GARCH11-t
2009-08-28,0.0,0.0003157747383826399,EFA,GARCH11-t
2009-08-31,0.0,0.0002998112747494182,EFA,GARCH11-t
2009-09-01,0.0,0.00029129731967306063,EFA,GARCH11-t
2009-09-02,0.0,0.00031264561625711675,EFA,GARCH11-t
2009-09-03,0.0,0.00029655648554979185,EFA,GARCH11-t
2009-09-04,0.0,0.0003111742224103504,EFA,GARCH11-t
2009-09-08,0.0,0.00029110266833184457,EFA,GARCH11-t
2009-09-09,0.0,0.0003408860697102503,EFA,GARCH11-t
2009-09-10,0.0,0.00033625928693207906,EFA,GARCH11-t
2009-09-11,0.0,0.0003254856710430632,EFA,GARCH11-t
2009-09-14,0.0,0.00030840141951591623,EFA,GARCH11-t
2009-09-15,0.0,0.00025164868067569857,EFA,GARCH11-t
2009-09-16,0.0,0.00027869546546251513,EFA,GARCH11-t
2009-09-17,0.0,0.0003052842079744099,EFA,GARCH11-t
2009-09-18,0.0,0.00029352297073777255,EFA,GARCH11-t
2009-09-21,0.0,0.00024104179326417668,EFA,GARCH11-t
2009-09-22,0.0,0.0002754987875960744,EFA,GARCH11-t
2009-09-23,0.0,0.0002451606421979658,EFA,GARCH11-t
2009-09-24,0.0,0.00027615135671369876,EFA,GARCH11-t
2009-09-25,0.0,0.00028586377300861157,EFA,GARCH11-t
2009-09-28,0.0,0.00022944440234891534,EFA,GARCH11-t
2009-09-29,0.0,0.00023759224177563612,EFA,GARCH11-t
2009-09-30,0.0,0.00026204734187138386,EFA,GARCH11-t
2009-10-01,0.0,0.0002481256386327779,EFA,GARCH11-t
2009-10-02,0.0,0.0002675077971483356,EFA,GARCH11-t
2009-10-05,0.0,0.00030226721558129365,EFA,GARCH11-t
2009-10-06,0.0,0.0003060854270257024,EFA,GARCH11-t
2009-10-07,0.0,0.0003146595940429774,EFA,GARCH11-t
2009-10-08,0.0,0.00029594142283695347,EFA,GARCH11-t
2009-10-09,0.0,0.00025315365045897395,EFA,GARCH11-t
2009-10-12,0.0,0.00023689764510430802,EFA,GARCH11-t
2009-10-13,0.0,0.00026866544516025145,EFA,GARCH11-t
2009-10-14,0.0,0.00024109960141708257,EFA,GARCH11-t
2009-10-15,0.0,0.00028543132696294484,EFA,GARCH11-t
2009-10-16,0.0,0.00026173351218003406,EFA,GARCH11-t
2009-10-19,0.0,0.0002673078907941476,EFA,GARCH11-t
2009-10-20,0.0,0.0002456504865667538,EFA,GARCH11-t
2009-10-21,0.0,0.0002587784883049847,EFA,GARCH11-t
2009-10-22,0.0,0.00021062888904900507,EFA,GARCH11-t
2009-10-23,0.0,0.00023357448761920417,EFA,GARCH11-t
2009-10-26,0.0,0.00024525207498380736,EFA,GARCH11-t
2009-10-27,0.0,0.00022238968775447935,EFA,GARCH11-t
2009-10-28,0.0,0.00023945371758592613,EFA,GARCH11-t
2009-10-29,0.0,0.0002604801090583744,EFA,GARCH11-t
2009-10-30,0.0,0.00033836419825857033,EFA,GARCH11-t
2009-11-02,0.0,0.0004138943535616223,EFA,GARCH11-t
2009-11-03,0.0,0.0003968808998127469,EFA,GARCH11-t
2009-11-04,0.0,0.00036357800059106727,EFA,GARCH11-t
2009-11-05,0.0,0.0003399431544873438,EFA,GARCH11-t
2009-11-06,0.0,0.00032614227013412435,EFA,GARCH11-t
2009-11-09,0.0,0.00028393595139015874,EFA,GARCH11-t
2009-11-10,0.0,0.00034807909224635595,EFA,GARCH11-t
2009-11-11,0.0,0.0003206926645088651,EFA,GARCH11-t
2009-11-12,0.0,0.000274249961991359,EFA,GARCH11-t
2009-11-13,0.0,0.00028990332598335234,EFA,GARCH11-t
2009-11-16,0.0,0.0002815910438384454,EFA,GARCH11-t
2009-11-17,0.0,0.00028157601967994833,EFA,GARCH11-t
2009-11-18,0.0,0.00026260850598867924,EFA,GARCH11-t
2009-11-19,0.0,0.00023320141506973183,EFA,GARCH11-t
2009-11-20,0.0,0.0002574476808541112,EFA,GARCH11-t
2009-11-23,0.0,0.0002851368114052522,EFA,GARCH11-t
2009-11-24,0.0,0.00028586421173361706,EFA,GARCH11-t
2009-11-25,0.0,0.00024061392189924218,EFA,GARCH11-t
2009-11-27,0.0,0.0002714059309986107,EFA,GARCH11-t
2009-11-30,0.0,0.00030541964607820295,EFA,GARCH11-t
2009-12-01,0.0,0.0002939709477155444,EFA,GARCH11-t
2009-12-02,0.0,0.000312019753725112,EFA,GARCH11-t
2009-12-03,0.0,0.0002960097794927658,EFA,GARCH11-t
2009-12-04,0.0,0.00026697800815056363,EFA,GARCH11-t
2009-12-07,0.0,0.0002722884307826857,EFA,GARCH11-t
2009-12-08,0.0,0.00026314882100904877,EFA,GARCH11-t
2009-12-09,0.0,0.0002665656047748138,EFA,GARCH11-t
2009-12-10,0.0,0.00025629254371918885,EFA,GARCH11-t
2009-12-11,0.0,0.00022969862409220692,EFA,GARCH11-t
2009-12-14,0.0,0.00021961084336826899,EFA,GARCH11-t
2009-12-15,0.0,0.00021030009382186381,EFA,GARCH11-t
2009-12-16,0.0,0.00023223795892317052,EFA,GARCH11-t
2009-12-17,0.0,0.00022775178727021044,EFA,GARCH11-t
2009-12-18,0.0,0.0002373535968268549,EFA,GARCH11-t
2009-12-21,0.0,0.00023887756818444315,EFA,GARCH11-t
2009-12-22,0.0,0.00023042711165976169,EFA,GARCH11-t
2009-12-23,0.0,0.00019551683980824892,EFA,GARCH11-t
2009-12-24,0.0,0.00019521490553584984,EFA,GARCH11-t
2009-12-28,0.0,0.00021407183850955677,EFA,GARCH11-t
2009-12-29,0.0,0.00020806464647476694,EFA,GARCH11-t
2009-12-30,0.0,0.00020168544422649213,EFA,GARCH11-t
2009-12-31,0.0,0.0001954974436409829,EFA,GARCH11-t
2010-01-04,0.0,0.0001921190578370856,EFA,GARCH11-t
2010-01-05,0.0,0.0002207377994135563,EFA,GARCH11-t
2010-01-06,0.0,0.00021304274084607796,EFA,GARCH11-t
2010-01-07,0.0,0.0002069039452833501,EFA,GARCH11-t
2010-01-08,0.0,0.0002008272854207492,EFA,GARCH11-t
2010-01-11,0.0,0.0001976702950247661,EFA,GARCH11-t
2010-01-12,0.0,0.00019379547449648526,EFA,GARCH11-t
2010-01-13,0.0,0.00019459248369579945,EFA,GARCH11-t
2010-01-14,0.0,0.00015984158046573036,EFA,GARCH11-t
2010-01-15,0.0,0.00018733319229574866,EFA,GARCH11-t
2010-01-19,0.0,0.00019459927884627636,EFA,GARCH11-t
2010-01-20,0.0,0.00019349481089824303,EFA,GARCH11-t
2010-01-21,0.0,0.0001301588883952598,EFA,GARCH11-t
2010-01-22,0.0,0.0001372016449690133,EFA,GARCH11-t
2010-01-25,0.0,0.00023900764191030143,EFA,GARCH11-t
2010-01-26,0.0,0.00014172188731690732,EFA,GARCH11-t
2010-01-27,0.0,0.00022870128301211138,EFA,GARCH11-t
2010-01-28,0.0,0.00021943300265885135,EFA,GARCH11-t
2010-01-29,0.0,0.00022487179817503667,EFA,GARCH11-t
2010-02-01,0.0,0.00022455361713860544,EFA,GARCH11-t
2010-02-02,0.0,0.00023240663394882244,EFA,GARCH11-t
2010-02-03,0.0,0.0002183690098359967,EFA,GARCH11-t
2010-02-04,0.0,0.0002128743664750751,EFA,GARCH11-t
2010-02-05,0.0,0.000294711224691908,EFA,GARCH11-t
2010-02-08,0.0,0.0002961455013393351,EFA,GARCH11-t
2010-02-09,0.0,0.00030227098305487767,EFA,GARCH11-t
2010-02-10,0.0,0.00018182688423111148,EFA,GARCH11-t
2010-02-11,0.0,0.00031984138396914843,EFA,GARCH11-t
2010-02-12,0.0,0.00030851769120288916,EFA,GARCH11-t
2010-02-16,0.0,0.00029757543044065356,EFA,GARCH11-t
2010-02-17,0.0,0.00030815030017654045,EFA,GARCH11-t
2010-02-18,0.0,0.0002716255135314163,EFA,GARCH11-t
2010-02-19,0.0,0.00024520793319509726,EFA,GARCH11-t
2010-02-22,0.0,0.00026723478193979664,EFA,GARCH11-t
2010-02-23,0.0,0.00017837505646611435,EFA,GARCH11-t
2010-02-24,0.0,0.0002525146740232507,EFA,GARCH11-t
2010-02-25,0.0,0.00024148187269577823,EFA,GARCH11-t
2010-02-26,0.0,0.000231980884666418,EFA,GARCH11-t
2010-03-01,0.0,0.00020355274060178275,EFA,GARCH11-t
2010-03-02,0.0,0.00021762144815713758,EFA,GARCH11-t
2010-03-03,0.0,0.0002076433916868647,EFA,GARCH11-t
2010-03-04,0.0,0.00020639477416431768,EFA,GARCH11-t
2010-03-05,0.0,0.00019620307487020128,EFA,GARCH11-t
2010-03-08,0.0,0.0002054789972373274,EFA,GARCH11-t
2010-03-09,0.0,0.00019690134837987706,EFA,GARCH11-t
2010-03-10,0.0,0.00018836416438868997,EFA,GARCH11-t
2010-03-11,0.0,0.00017702961145596641,EFA,GARCH11-t
2010-03-12,0.0,0.00017075845511784458,EFA,GARCH11-t
2010-03-15,0.0,0.00015081973910699255,EFA,GARCH11-t
2010-03-16,0.0,0.00016216968090116148,EFA,GARCH11-t
2010-03-17,0.0,0.00014959822497968023,EFA,GARCH11-t
2010-03-18,0.0,0.00015875418232605,EFA,GARCH11-t
2010-03-19,0.0,0.00015383842648426183,EFA,GARCH11-t
2010-03-22,0.0,0.0001537039327064309,EFA,GARCH11-t
2010-03-23,0.0,0.00014842670600764574,EFA,GARCH11-t
2010-03-24,0.0,0.00014033178939391574,EFA,GARCH11-t
2010-03-25,0.0,0.00014013193858334225,EFA,GARCH11-t
2010-03-26,0.0,0.00014250370077148767,EFA,GARCH11-t
2010-03-29,0.0,0.00014202161497824754,EFA,GARCH11-t
2010-03-30,0.0,0.00013931523438296883,EFA,GARCH11-t
2010-03-31,0.0,0.00014738412561396755,EFA,GARCH11-t
2010-04-01,0.0,0.00012715739750711975,EFA,GARCH11-t
2010-04-05,0.0,0.00016956787349623796,EFA,GARCH11-t
2010-04-06,0.0,0.00013049815786268562,EFA,GARCH11-t
2010-04-07,0.0,0.00012609852900151203,EFA,GARCH11-t
2010-04-08,0.0,0.00012368844400927572,EFA,GARCH11-t
2010-04-09,0.0,0.00012073024647549689,EFA,GARCH11-t
2010-04-12,0.0,0.00011484769983127563,EFA,GARCH11-t
2010-04-13,0.0,0.00011884527450762211,EFA,GARCH11-t
2010-04-14,0.0,0.00011026975993596249,EFA,GARCH11-t
2010-04-15,0.0,0.00012190522831161704,EFA,GARCH11-t
2010-04-16,0.0,0.00011540016941372852,EFA,GARCH11-t
2010-04-19,0.0,0.0001369780693983217,EFA,GARCH11-t
2010-04-20,0.0,0.00012566258846839353,EFA,GARCH11-t
2010-04-21,0.0,0.0001269974904180048,EFA,GARCH11-t
2010-04-22,0.0,0.0001238373158839714,EFA,GARCH11-t
2010-04-23,0.0,0.00011916637879227615,EFA,GARCH11-t
2010-04-26,0.0,0.00012101078917485693,EFA,GARCH11-t
2010-04-27,0.0,9.323667333949018e-05,EFA,GARCH11-t
2010-04-28,0.0,0.0002387988186248989,EFA,GARCH11-t
2010-04-29,0.0,0.0002270725501150927,EFA,GARCH11-t
2010-04-30,0.0,0.00022450812831555653,EFA,GARCH11-t
2010-05-03,0.0,0.0002196928313857547,EFA,GARCH11-t
2010-05-04,0.0,0.0002097178425979997,EFA,GARCH11-t
2010-05-05,0.0,0.0002804458057966483,EFA,GARCH11-t
2010-05-06,0.0,0.0002784905060129125,EFA,GARCH11-t
2010-05-07,0.0,0.0003652874480350448,EFA,GARCH11-t
2010-05-10,0.0,0.00033328914049015197,EFA,GARCH11-t
2010-05-11,0.0,0.000657713038882201,EFA,GARCH11-t
2010-05-12,0.0,0.0005821259177217423,EFA,GARCH11-t
2010-05-13,0.0,0.0005085885771322007,EFA,GARCH11-t
2010-05-14,0.0,0.0004565692314370841,EFA,GARCH11-t
2010-05-17,0.0,0.00048663826698922604,EFA,GARCH11-t
2010-05-18,0.0,0.0004195653523422423,EFA,GARCH11-t
2010-05-19,0.0,0.00041562821132386945,EFA,GARCH11-t
2010-05-20,0.0,0.0003750510293845325,EFA,GARCH11-t
2010-05-21,0.0,0.00044599274057392107,EFA,GARCH11-t
2010-05-24,0.0,0.000420814497400876,EFA,GARCH11-t
2010-05-25,0.0,0.00044792264769549024,EFA,GARCH11-t
2010-05-26,0.0,0.00039168384569147343,EFA,GARCH11-t
2010-05-27,0.0,0.0003654852010237158,EFA,GARCH11-t
2010-05-28,0.0,0.0005952024917048919,EFA,GARCH11-t
2010-06-01,0.0,0.0005482421546076752,EFA,GARCH11-t
2010-06-02,0.0,0.0004619937642221801,EFA,GARCH11-t
2010-06-03,0.0,0.00046355909626372854,EFA,GARCH11-t
2010-06-04,0.0,0.0004075266286402365,EFA,GARCH11-t
2010-06-07,0.0,0.0005124228047308488,EFA,GARCH11-t
2010-06-08,0.0,0.000464830068011636,EFA,GARCH11-t
2010-06-09,0.0,0.0004211444386336048,EFA,GARCH11-t
2010-06-10,0.0,0.0003616924830051944,EFA,GARCH11-t
2010-06-11,0.0,0.0004917910612277243,EFA,GARCH11-t
2010-06-14,0.0,0.0004220174086128342,EFA,GARCH11-t
2010-06-15,0.0,0.00035430512671598484,EFA,GARCH11-t
2010-06-16,0.0,0.0004113489289689321,EFA,GARCH11-t
2010-06-17,0.0,0.00035297458810215187,EFA,GARCH11-t
2010-06-18,0.0,0.0003074450291215532,EFA,GARCH11-t
2010-06-21,0.0,0.000270334812695022,EFA,GARCH11-t
2010-06-22,0.0,0.00023984704980233864,EFA,GARCH11-t
2010-06-23,0.0,0.00023024513853221333,EFA,GARCH11-t
2010-06-24,0.0,0.0002074894927321928,EFA,GARCH11-t
2010-06-25,0.0,0.000224579415671028,EFA,GARCH11-t
2010-06-28,0.0,0.00020155742865650764,EFA,GARCH11-t
2010-06-29,0.0,0.00019376886853926983,EFA,GARCH11-t
2010-06-30,0.0,0.0003021574504687947,EFA,GARCH11-t
2010-07-01,0.0,0.00027023928712641414,EFA,GARCH11-t
2010-07-02,0.0,0.00025663859946893825,EFA,GARCH11-t
2010-07-06,0.0,0.00023787612152186292,EFA,GARCH11-t
2010-07-07,0.0,0.00024869346239685456,EFA,GARCH11-t
2010-07-08,0.0,0.00031184504064827364,EFA,GARCH11-t
2010-07-09,0.0,0.0002877013910894816,EFA,GARCH11-t
2010-07-12,0.0,0.0002538829379410836,EFA,GARCH11-t
2010-07-13,0.0,0.00022816407806890246,EFA,GARCH11-t
2010-07-14,0.0,0.00023982077524507616,EFA,GARCH11-t
2010-07-15,0.0,0.00021689733163048966,EFA,GARCH11-t
2010-07-16,0.0,0.00019753073936355905,EFA,GARCH11-t
2010-07-19,0.0,0.0002892506467962511,EFA,GARCH11-t
2010-07-20,0.0,0.00025936072373768863,EFA,GARCH11-t
2010-07-21,0.0,0.00023523233367872445,EFA,GARCH11-t
2010-07-22,0.0,0.0002458312204489625,EFA,GARCH11-t
2010-07-23,0.0,0.0003321333207036885,EFA,GARCH11-t
2010-07-26,0.0,0.0002958943301624533,EFA,GARCH11-t
2010-07-27,0.0,0.0002716440184421255,EFA,GARCH11-t
2010-07-28,0.0,0.0002423060432014259,EFA,GARCH11-t
2010-07-29,0.0,0.00022967801539484033,EFA,GARCH11-t
2010-07-30,0.0,0.00020276312668630786,EFA,GARCH11-t
2010-08-02,0.0,0.0001865693057017699,EFA,GARCH11-t
2010-08-03,0.0,0.0002849060354714138,EFA,GARCH11-t
2010-08-04,0.0,0.00025144105609479475,EFA,GARCH11-t
2010-08-05,0.0,0.0002253624714002539,EFA,GARCH11-t
2010-08-06,0.0,0.00020844715040867041,EFA,GARCH11-t
2010-08-09,0.0,0.00018849830534424362,EFA,GARCH11-t
2010-08-10,0.0,0.00017337232173427933,EFA,GARCH11-t
2010-08-11,0.0,0.00017062205731639603,EFA,GARCH11-t
2010-08-12,0.0,0.00031664133381241965,EFA,GARCH11-t
2010-08-13,0.0,0.0003000591060579024,EFA,GARCH11-t
2010-08-16,0.0,0.00029015290925532073,EFA,GARCH11-t
2010-08-17,0.0,0.00027563345024922837,EFA,GARCH11-t
2010-08-18,0.0,0.0002533895143470548,EFA,GARCH11-t
2010-08-19,0.0,0.00025645471941899235,EFA,GARCH11-t
2010-08-20,0.0,0.0002564393889935064,EFA,GARCH11-t
2010-08-23,0.0,0.00024819522344761343,EFA,GARCH11-t
2010-08-24,0.0,0.00023261479321429516,EFA,GARCH11-t
2010-08-25,0.0,0.00023200164385753336,EFA,GARCH11-t
2010-08-26,0.0,0.00019882281696565187,EFA,GARCH11-t
2010-08-27,0.0,0.00020484125315208866,EFA,GARCH11-t
2010-08-30,0.0,0.00021922943240377548,EFA,GARCH11-t
2010-08-31,0.0,0.000217718065369852,EFA,GARCH11-t
2010-09-01,0.0,0.00020618224419102305,EFA,GARCH11-t
2010-09-02,0.0,0.00028269940531200756,EFA,GARCH11-t
2010-09-03,0.0,0.00026327806501316497,EFA,GARCH11-t
2010-09-07,0.0,0.00025153790083602885,EFA,GARCH11-t
2010-09-08,0.0,0.0002508000528148701,EFA,GARCH11-t
2010-09-09,0.0,0.0002316958776784575,EFA,GARCH11-t
2010-09-10,0.0,0.00022733247283100212,EFA,GARCH11-t
2010-09-13,0.0,0.00021339057741154372,EFA,GARCH11-t
2010-09-14,0.0,0.00023318330134515297,EFA,GARCH11-t
2010-09-15,0.0,0.00021101586917586843,EFA,GARCH11-t
2010-09-16,0.0,0.00019994408392675256,EFA,GARCH11-t
2010-09-17,0.0,0.0001723163040372478,EFA,GARCH11-t
2010-09-20,0.0,0.00018427569212720849,EFA,GARCH11-t
2010-09-21,0.0,0.00019138681611574406,EFA,GARCH11-t
2010-09-22,0.0,0.0001901179000568242,EFA,GARCH11-t
2010-09-23,0.0,0.0001748112393348496,EFA,GARCH11-t
2010-09-24,0.0,0.0001734590646844825,EFA,GARCH11-t
2010-09-27,0.0,0.00022440747483038636,EFA,GARCH11-t
2010-09-28,0.0,0.0002163999381232051,EFA,GARCH11-t
2010-09-29,0.0,0.00018916546486487487,EFA,GARCH11-t
2010-09-30,0.0,0.00017782164366164223,EFA,GARCH11-t
2010-10-01,0.0,0.00017605537002156847,EFA,GARCH11-t
2010-10-04,0.0,0.00017132313354043606,EFA,GARCH11-t
2010-10-05,0.0,0.00018603134395577342,EFA,GARCH11-t
2010-10-06,0.0,0.00024081729826796455,EFA,GARCH11-t
2010-10-07,0.0,0.00023233361955569542,EFA,GARCH11-t
2010-10-08,0.0,0.00019157289139061346,EFA,GARCH11-t
2010-10-11,0.0,0.00018689830831355853,EFA,GARCH11-t
2010-10-12,0.0,0.0001788016051548632,EFA,GARCH11-t
2010-10-13,0.0,0.0001713892329953043,EFA,GARCH11-t
2010-10-14,0.0,0.00017074631229808417,EFA,GARCH11-t
2010-10-15,0.0,0.00016555108697871294,EFA,GARCH11-t
2010-10-18,0.0,0.0001698367649778348,EFA,GARCH11-t
2010-10-19,0.0,0.00015309936399863204,EFA,GARCH11-t
2010-10-20,0.0,0.00017232234344633862,EFA,GARCH11-t
2010-10-21,0.0,0.0001828443432796141,EFA,GARCH11-t
2010-10-22,0.0,0.00017285864579618627,EFA,GARCH11-t
2010-10-25,0.0,0.00016924060485676165,EFA,GARCH11-t
2010-10-26,0.0,0.00016276051553533002,EFA,GARCH11-t
2010-10-27,0.0,0.00015811715447910395,EFA,GARCH11-t
2010-10-28,0.0,0.00015662787799480935,EFA,GARCH11-t
2010-10-29,0.0,0.00015292949214677497,EFA,GARCH11-t
2010-11-01,0.0,0.00014610056791699322,EFA,GARCH11-t
2010-11-02,0.0,0.00014002522743417694,EFA,GARCH11-t
2010-11-03,0.0,0.0001443419552917794,EFA,GARCH11-t
2010-11-04,0.0,0.00014526922881145628,EFA,GARCH11-t
2010-11-05,0.0,0.00016544453871129966,EFA,GARCH11-t
2010-11-08,0.0,0.000159377441678872,EFA,GARCH11-t
2010-11-09,0.0,0.00015216653229139097,EFA,GARCH11-t
2010-11-10,0.0,0.00015302284512338848,EFA,GARCH11-t
2010-11-11,0.0,0.00014737086298343427,EFA,GARCH11-t
2010-11-12,0.0,0.0001454783841979034,EFA,GARCH11-t
2010-11-15,0.0,0.00014325406100597907,EFA,GARCH11-t
2010-11-16,0.0,0.00013768063811293063,EFA,GARCH11-t
2010-11-17,0.0,0.00016135766304557487,EFA,GARCH11-t
2010-11-18,0.0,0.00013618782334773959,EFA,GARCH11-t
2010-11-19,0.0,0.00018115930531616565,EFA,GARCH11-t
2010-11-22,0.0,0.00016097542451646942,EFA,GARCH11-t
2010-11-23,0.0,0.00017127343055600851,EFA,GARCH11-t
2010-11-24,0.0,0.00021136139109979662,EFA,GARCH11-t
2010-11-26,0.0,0.0002646469592439788,EFA,GARCH11-t
2010-11-29,0.0,0.00021803098923473845,EFA,GARCH11-t
2010-11-30,0.0,0.00021059754544194723,EFA,GARCH11-t
2010-12-01,0.0,0.000207142289043564,EFA,GARCH11-t
2010-12-02,0.0,0.000309791490764699,EFA,GARCH11-t
2010-12-03,0.0,0.00030764864505728243,EFA,GARCH11-t
2010-12-06,0.0,0.000287797577339756,EFA,GARCH11-t
2010-12-07,0.0,0.00023015371654075577,EFA,GARCH11-t
2010-12-08,0.0,0.00024991110894964343,EFA,GARCH11-t
2010-12-09,0.0,0.00024616813254141464,EFA,GARCH11-t
2010-12-10,0.0,0.00022879556389231802,EFA,GARCH11-t
2010-12-13,0.0,0.00018570137608684003,EFA,GARCH11-t
2010-12-14,0.0,0.00018646557955112006,EFA,GARCH11-t
2010-12-15,0.0,0.0001685623296845084,EFA,GARCH11-t
2010-12-16,0.0,0.0001765404808389541,EFA,GARCH11-t
2010-12-17,0.0,0.00017104564652617481,EFA,GARCH11-t
2010-12-20,0.0,0.000164048953020994,EFA,GARCH11-t
2010-12-21,0.0,0.00015749519270996334,EFA,GARCH11-t
2010-12-22,0.0,0.00015468305609469597,EFA,GARCH11-t
2010-12-23,0.0,0.00014867638517012345,EFA,GARCH11-t
2010-12-27,0.0,0.00016784303158314106,EFA,GARCH11-t
2010-12-28,0.0,0.00013774154120488305,EFA,GARCH11-t
2010-12-29,0.0,0.0001327874754569523,EFA,GARCH11-t
2010-12-30,0.0,0.00013197144170595443,EFA,GARCH11-t
2010-12-31,0.0,0.00012857998923493244,EFA,GARCH11-t
2011-01-03,0.0,0.00012551185152451165,EFA,GARCH11-t
2011-01-04,0.0,9.603482452652377e-05,EFA,GARCH11-t
2011-01-05,0.0,9.855086639853112e-05,EFA,GARCH11-t
2011-01-06,0.0,0.00011250563883409129,EFA,GARCH11-t
2011-01-07,0.0,9.302598783122394e-05,EFA,GARCH11-t
2011-01-10,0.0,0.00011154175084243584,EFA,GARCH11-t
2011-01-11,0.0,0.00010226571533899696,EFA,GARCH11-t
2011-01-12,0.0,7.637881795360878e-05,EFA,GARCH11-t
2011-01-13,0.0,0.00013425924266931288,EFA,GARCH11-t
2011-01-14,0.0,0.0001168921358009948,EFA,GARCH11-t
2011-01-18,0.0,0.00010872405795112735,EFA,GARCH11-t
2011-01-19,0.0,0.00012597367847133942,EFA,GARCH11-t
2011-01-20,0.0,0.00010207301314412816,EFA,GARCH11-t
2011-01-21,0.0,0.00010246270320800488,EFA,GARCH11-t
2011-01-24,0.0,9.425319191570481e-05,EFA,GARCH11-t
2011-01-25,0.0,0.00013095532810378208,EFA,GARCH11-t
2011-01-26,0.0,9.516588250885845e-05,EFA,GARCH11-t
2011-01-27,0.0,0.00011557421149387596,EFA,GARCH11-t
2011-01-28,0.0,8.314909910022272e-05,EFA,GARCH11-t
2011-01-31,0.0,0.0001559469432262781,EFA,GARCH11-t
2011-02-01,0.0,0.00013241440791390821,EFA,GARCH11-t
2011-02-02,0.0,0.00015572848876193703,EFA,GARCH11-t
2011-02-03,0.0,0.00012678291945479264,EFA,GARCH11-t
2011-02-04,0.0,0.00014110667161830435,EFA,GARCH11-t
2011-02-07,0.0,0.000135604247865237,EFA,GARCH11-t
2011-02-08,0.0,0.00013052850034619778,EFA,GARCH11-t
2011-02-09,0.0,0.00012682774009940896,EFA,GARCH11-t
2011-02-10,0.0,0.00011654189686447323,EFA,GARCH11-t
2011-02-11,0.0,0.00012039903230312945,EFA,GARCH11-t
2011-02-14,0.0,0.00011616140431942114,EFA,GARCH11-t
2011-02-15,0.0,0.000111937960392502,EFA,GARCH11-t
2011-02-16,0.0,9.869277258748888e-05,EFA,GARCH11-t
2011-02-17,0.0,0.00011262714680506973,EFA,GARCH11-t
2011-02-18,0.0,0.00010952185270860468,EFA,GARCH11-t
2011-02-22,0.0,0.00010666746875329062,EFA,GARCH11-t
2011-02-23,0.0,0.0001418676081692576,EFA,GARCH11-t
2011-02-24,0.0,0.00014029426805927775,EFA,GARCH11-t
2011-02-25,0.0,0.000128087522790114,EFA,GARCH11-t
2011-02-28,0.0,0.0001367472910075476,EFA,GARCH11-t
2011-03-01,0.0,0.00012510104669400686,EFA,GARCH11-t
2011-03-02,0.0,0.00013310940851806287,EFA,GARCH11-t
2011-03-03,0.0,0.0001290317797349812,EFA,GARCH11-t
2011-03-04,0.0,0.0001390853905098946,EFA,GARCH11-t
2011-03-07,0.0,0.0001314469318475941,EFA,GARCH11-t
2011-03-08,0.0,0.000136906491820274,EFA,GARCH11-t
2011-03-09,0.0,0.0001320974368520739,EFA,GARCH11-t
2011-03-10,0.0,0.00012711691363213352,EFA,GARCH11-t
2011-03-11,0.0,0.00015476872835250646,EFA,GARCH11-t
2011-03-14,0.0,0.00014821268434128942,EFA,GARCH11-t
2011-03-15,0.0,0.000158719134089188,EFA,GARCH11-t
2011-03-16,0.0,0.00016893580339592864,EFA,GARCH11-t
2011-03-17,0.0,0.0002215899770768332,EFA,GARCH11-t
2011-03-18,0.0,0.0002546060107065639,EFA,GARCH11-t
2011-03-21,0.0,0.0002572718282334516,EFA,GARCH11-t
2011-03-22,0.0,0.0002658824874058085,EFA,GARCH11-t
2011-03-23,0.0,0.0004186700438045723,EFA,GARCH11-t
2011-03-24,0.0,0.00024609819735538745,EFA,GARCH11-t
2011-03-25,0.0,0.00024239784907872233,EFA,GARCH11-t
2011-03-28,0.0,0.00025983812342179235,EFA,GARCH11-t
2011-03-29,0.0,0.0002241147544393429,EFA,GARCH11-t
2011-03-30,0.0,0.00021438149459717325,EFA,GARCH11-t
2011-03-31,0.0,0.0002111004234584718,EFA,GARCH11-t
2011-04-01,0.0,0.000201740785838435,EFA,GARCH11-t
2011-04-04,0.0,0.0001794506019659315,EFA,GARCH11-t
2011-04-05,0.0,0.00018760793310741846,EFA,GARCH11-t
2011-04-06,0.0,0.00017929570204465068,EFA,GARCH11-t
2011-04-07,0.0,0.00017475922959179265,EFA,GARCH11-t
2011-04-08,0.0,0.00015321122220466886,EFA,GARCH11-t
2011-04-11,0.0,0.00014243668734074624,EFA,GARCH11-t
2011-04-12,0.0,0.00015759506646753274,EFA,GARCH11-t
2011-04-13,0.0,0.00015540871505433283,EFA,GARCH11-t
2011-04-14,0.0,0.0001495318443978762,EFA,GARCH11-t
2011-04-15,0.0,0.00012267680953301067,EFA,GARCH11-t
2011-04-18,0.0,0.0001181453242107643,EFA,GARCH11-t
2011-04-19,0.0,0.0001306143706670978,EFA,GARCH11-t
2011-04-20,0.0,0.00015170147111258955,EFA,GARCH11-t
2011-04-21,0.0,0.00017780878656271598,EFA,GARCH11-t
2011-04-25,0.0,0.00017202648388953303,EFA,GARCH11-t
2011-04-26,0.0,0.00013679466787162127,EFA,GARCH11-t
2011-04-27,0.0,0.0001587708076238392,EFA,GARCH11-t
2011-04-28,0.0,0.00015997022419748333,EFA,GARCH11-t
2011-04-29,0.0,0.0001553189179834301,EFA,GARCH11-t
2011-05-02,0.0,0.00012579005241132677,EFA,GARCH11-t
2011-05-03,0.0,0.00014588073050952422,EFA,GARCH11-t
2011-05-04,0.0,0.0001293646823307551,EFA,GARCH11-t
2011-05-05,0.0,0.00012003597975071228,EFA,GARCH11-t
2011-05-06,0.0,0.00014344292201625292,EFA,GARCH11-t
2011-05-09,0.0,0.00014545713986915788,EFA,GARCH11-t
2011-05-10,0.0,0.0001375565511674769,EFA,GARCH11-t
2011-05-11,0.0,0.00013606032366457658,EFA,GARCH11-t
2011-05-12,0.0,0.00015135476710530124,EFA,GARCH11-t
2011-05-13,0.0,0.00014496928453490828,EFA,GARCH11-t
2011-05-16,0.0,0.00015036041674941367,EFA,GARCH11-t
2011-05-17,0.0,0.00014380625484533468,EFA,GARCH11-t
2011-05-18,0.0,0.00013724069336971593,EFA,GARCH11-t
2011-05-19,0.0,0.00012150827784213098,EFA,GARCH11-t
2011-05-20,0.0,0.00012796985961692565,EFA,GARCH11-t
2011-05-23,0.0,0.00012152644820277001,EFA,GARCH11-t
2011-05-24,0.0,0.00015425540542013445,EFA,GARCH11-t
2011-05-25,0.0,0.00013411750493147988,EFA,GARCH11-t
2011-05-26,0.0,0.00014382381272647283,EFA,GARCH11-t
2011-05-27,0.0,0.00015681167326423706,EFA,GARCH11-t
2011-05-31,0.0,0.00015516681117962237,EFA,GARCH11-t
2011-06-01,0.0,0.00013851778409467583,EFA,GARCH11-t
2011-06-02,0.0,0.0001629850887761544,EFA,GARCH11-t
2011-06-03,0.0,0.0001617972360709679,EFA,GARCH11-t
2011-06-06,0.0,0.00012975414432986156,EFA,GARCH11-t
2011-06-07,0.0,0.00015556194032515097,EFA,GARCH11-t
2011-06-08,0.0,0.00015451509604128957,EFA,GARCH11-t
2011-06-09,0.0,0.00015519277609058157,EFA,GARCH11-t
2011-06-10,0.0,0.00015053551609084135,EFA,GARCH11-t
2011-06-13,0.0,0.00015605213730334074,EFA,GARCH11-t
2011-06-14,0.0,0.0001525121609512509,EFA,GARCH11-t
2011-06-15,0.0,0.00015427080142831827,EFA,GARCH11-t
2011-06-16,0.0,0.00015523416063083388,EFA,GARCH11-t
2011-06-17,0.0,0.00016509884445421448,EFA,GARCH11-t
2011-06-20,0.0,0.00014995246618260529,EFA,GARCH11-t
2011-06-21,0.0,0.00016281029462327063,EFA,GARCH11-t
2011-06-22,0.0,0.00016650403300735715,EFA,GARCH11-t
2011-06-23,0.0,0.0001448717770379868,EFA,GARCH11-t
2011-06-24,0.0,0.00016417875732964072,EFA,GARCH11-t
2011-06-27,0.0,0.00016353386010136493,EFA,GARCH11-t
2011-06-28,0.0,0.00015118456011731902,EFA,GARCH11-t
2011-06-29,0.0,0.00015942601622765662,EFA,GARCH11-t
2011-06-30,0.0,0.0001614525530826922,EFA,GARCH11-t
2011-07-01,0.0,0.00016181487118961148,EFA,GARCH11-t
2011-07-05,0.0,0.00015981832142248164,EFA,GARCH11-t
2011-07-06,0.0,0.0001570433405521145,EFA,GARCH11-t
2011-07-07,0.0,0.00015757299916276883,EFA,GARCH11-t
2011-07-08,0.0,0.00015162713775459404,EFA,GARCH11-t
2011-07-11,0.0,0.00015228291639732267,EFA,GARCH11-t
2011-07-12,0.0,0.00015665448293393042,EFA,GARCH11-t
2011-07-13,0.0,0.00016068132795820598,EFA,GARCH11-t
2011-07-14,0.0,0.000161488881778943,EFA,GARCH11-t
2011-07-15,0.0,0.00016006634593044536,EFA,GARCH11-t
2011-07-18,0.0,0.0001605716107964424,EFA,GARCH11-t
2011-07-19,0.0,0.0001557441222887498,EFA,GARCH11-t
2011-07-20,0.0,0.00015676480783638778,EFA,GARCH11-t
2011-07-21,0.0,0.0001555774508134241,EFA,GARCH11-t
2011-07-22,0.0,0.00015337559769234215,EFA,GARCH11-t
2011-07-25,0.0,0.00015322676088612284,EFA,GARCH11-t
2011-07-26,0.0,0.00015172322223227095,EFA,GARCH11-t
2011-07-27,0.0,0.00015047043457594458,EFA,GARCH11-t
2011-07-28,0.0,0.00015702214543566044,EFA,GARCH11-t
2011-07-29,0.0,0.0001590601531637386,EFA,GARCH11-t
2011-08-01,0.0,0.0001531853604428968,EFA,GARCH11-t
2011-08-02,0.0,0.00014976725410159532,EFA,GARCH11-t
2011-08-03,0.0,0.00017322932870121106,EFA,GARCH11-t
2011-08-04,0.0,0.0001646725623998416,EFA,GARCH11-t
2011-08-05,0.0,0.00043552990924602324,EFA,GARCH11-t
2011-08-08,0.0,0.0004034277597832032,EFA,GARCH11-t
2011-08-09,0.0,0.0011144712540523973,EFA,GARCH11-t
2011-08-10,0.0,0.0017872971519072645,EFA,GARCH11-t
2011-08-11,0.0,0.001955497141409986,EFA,GARCH11-t
2011-08-12,0.0,0.0018556277631450954,EFA,GARCH11-t
2011-08-15,0.0,0.001491511017163371,EFA,GARCH11-t
2011-08-16,0.0,0.001008199236160558,EFA,GARCH11-t
2011-08-17,0.0,0.0006986804716212849,EFA,GARCH11-t
2011-08-18,0.0,0.0003768635503230575,EFA,GARCH11-t
2011-08-19,0.0,0.0009593203344044194,EFA,GARCH11-t
2011-08-22,0.0,0.0007694150865691892,EFA,GARCH11-t
2011-08-23,0.0,0.0005581147252732006,EFA,GARCH11-t
2011-08-24,0.0,0.0006531252132104509,EFA,GARCH11-t
2011-08-25,0.0,0.00047853235032927947,EFA,GARCH11-t
2011-08-26,0.0,0.00048512847148219544,EFA,GARCH11-t
2011-08-29,0.0,0.0004231347861742146,EFA,GARCH11-t
2011-08-30,0.0,0.00041765346709519497,EFA,GARCH11-t
2011-08-31,0.0,0.0003240787501620901,EFA,GARCH11-t
2011-09-01,0.0,0.00033112559739452836,EFA,GARCH11-t
2011-09-02,0.0,0.00027643632634388857,EFA,GARCH11-t
2011-09-06,0.0,0.00032654689290072963,EFA,GARCH11-t
2011-09-07,0.0,0.00045835141802007864,EFA,GARCH11-t
2011-09-08,0.0,0.0005125543213354694,EFA,GARCH11-t
2011-09-09,0.0,0.00047651487023266006,EFA,GARCH11-t
2011-09-12,0.0,0.0006094180946909322,EFA,GARCH11-t
2011-09-13,0.0,0.0004558669054895806,EFA,GARCH11-t
2011-09-14,0.0,0.00036773721270803714,EFA,GARCH11-t
2011-09-15,0.0,0.00036516903883442004,EFA,GARCH11-t
2011-09-16,0.0,0.00034846163680986514,EFA,GARCH11-t
2011-09-19,0.0,0.0002700429385443571,EFA,GARCH11-t
2011-09-20,0.0,0.0003713549435125997,EFA,GARCH11-t
2011-09-21,0.0,0.00030032146172217074,EFA,GARCH11-t
2011-09-22,0.0,0.0004129724563770121,EFA,GARCH11-t
2011-09-23,0.0,0.0005197788985375824,EFA,GARCH11-t
2011-09-26,0.0,0.00042506157616324555,EFA,GARCH11-t
2011-09-27,0.0,0.0004090435720680248,EFA,GARCH11-t
2011-09-28,0.0,0.00043222366477376167,EFA,GARCH11-t
2011-09-29,0.0,0.00039068031730001473,EFA,GARCH11-t
2011-09-30,0.0,0.0003752967455582035,EFA,GARCH11-t
2011-10-03,0.0,0.0005304191426652048,EFA,GARCH11-t
2011-10-04,0.0,0.0005426585510105115,EFA,GARCH11-t
2011-10-05,0.0,0.00045815816114572964,EFA,GARCH11-t
2011-10-06,0.0,0.0003987713326159914,EFA,GARCH11-t
2011-10-07,0.0,0.0004484701043952973,EFA,GARCH11-t
2011-10-10,0.0,0.00035170415251531694,EFA,GARCH11-t
2011-10-11,0.0,0.0005643394755862209,EFA,GARCH11-t
2011-10-12,0.0,0.0004192939794647107,EFA,GARCH11-t
2011-10-13,0.0,0.00036426495871896104,EFA,GARCH11-t
2011-10-14,0.0,0.0002837404414923724,EFA,GARCH11-t
2011-10-17,0.0,0.0002537299396835317,EFA,GARCH11-t
2011-10-18,0.0,0.00031609898876197725,EFA,GARCH11-t
2011-10-19,0.0,0.0002904369970880574,EFA,GARCH11-t
2011-10-20,0.0,0.00029822789663609624,EFA,GARCH11-t
2011-10-21,0.0,0.00023927477500919247,EFA,GARCH11-t
2011-10-24,0.0,0.00031116172482278427,EFA,GARCH11-t
2011-10-25,0.0,0.00029140981538996504,EFA,GARCH11-t
2011-10-26,0.0,0.00029384727955556904,EFA,GARCH11-t
2011-10-27,0.0,0.00026954789460471575,EFA,GARCH11-t
2011-10-28,0.0,0.0008020831099051115,EFA,GARCH11-t
2011-10-31,0.0,0.0005986410409229154,EFA,GARCH11-t
2011-11-01,0.0,0.0010223834397380589,EFA,GARCH11-t
2011-11-02,0.0,0.0009506340177581867,EFA,GARCH11-t
2011-11-03,0.0,0.0007116183537770104,EFA,GARCH11-t
2011-11-04,0.0,0.0006541711028787329,EFA,GARCH11-t
2011-11-07,0.0,0.0005221204872976616,EFA,GARCH11-t
2011-11-08,0.0,0.0004010631764284966,EFA,GARCH11-t
2011-11-09,0.0,0.0003417884830056776,EFA,GARCH11-t
2011-11-10,0.0,0.0007852560153448008,EFA,GARCH11-t
2011-11-11,0.0,0.0007592722459207408,EFA,GARCH11-t
2011-11-14,0.0,0.0007309495802168389,EFA,GARCH11-t
2011-11-15,0.0,0.0006526728063548336,EFA,GARCH11-t
2011-11-16,0.0,0.0005487845415805755,EFA,GARCH11-t
2011-11-17,0.0,0.00038740774973494284,EFA,GARCH11-t
2011-11-18,0.0,0.00032773429552795225,EFA,GARCH11-t
2011-11-21,0.0,0.00023857357076628833,EFA,GARCH11-t
2011-11-22,0.0,0.00035080004213667334,EFA,GARCH11-t
2011-11-23,0.0,0.0003896906815091236,EFA,GARCH11-t
2011-11-25,0.0,0.0004711634197662874,EFA,GARCH11-t
2011-11-28,0.0,0.0004536686875582113,EFA,GARCH11-t
2011-11-29,0.0,0.000598684566032396,EFA,GARCH11-t
2011-11-30,0.0,0.00048389178683765495,EFA,GARCH11-t
2011-12-01,0.0,0.0006541393513945598,EFA,GARCH11-t
2011-12-02,0.0,0.0006536798409653955,EFA,GARCH11-t
2011-12-05,0.0,0.0006285734026366943,EFA,GARCH11-t
2011-12-06,0.0,0.0005067089274826403,EFA,GARCH11-t
2011-12-07,0.0,0.0005817180743939716,EFA,GARCH11-t
2011-12-08,0.0,0.0005553125094841508,EFA,GARCH11-t
2011-12-09,0.0,0.00048583295794151285,EFA,GARCH11-t
2011-12-12,0.0,0.0005885039745808212,EFA,GARCH11-t
2011-12-13,0.0,0.0006082814816776703,EFA,GARCH11-t
2011-12-14,0.0,0.0004973546231391587,EFA,GARCH11-t
2011-12-15,0.0,0.0005712302382398742,EFA,GARCH11-t
2011-12-16,0.0,0.0005454267363704927,EFA,GARCH11-t
2011-12-19,0.0,0.00042513967726509947,EFA,GARCH11-t
2011-12-20,0.0,0.00047691513094117366,EFA,GARCH11-t
2011-12-21,0.0,0.0005429924570015118,EFA,GARCH11-t
2011-12-22,0.0,0.0005049765403370178,EFA,GARCH11-t
2011-12-23,0.0,0.00046957533134925876,EFA,GARCH11-t
2011-12-27,0.0,0.00043219528208459127,EFA,GARCH11-t
2011-12-28,0.0,0.0003903347772370134,EFA,GARCH11-t
2011-12-29,0.0,0.0003906318403892229,EFA,GARCH11-t
2011-12-30,0.0,0.0003870094697620663,EFA,GARCH11-t
2012-01-03,0.0,0.000351885716435145,EFA,GARCH11-t
2012-01-04,0.0,0.0003944543110220145,EFA,GARCH11-t
2012-01-05,0.0,0.00036066333769848934,EFA,GARCH11-t
2012-01-06,0.0,0.00034760353505595797,EFA,GARCH11-t
2012-01-09,0.0,0.00034001320405908794,EFA,GARCH11-t
2012-01-10,0.0,0.0003073239249438435,EFA,GARCH11-t
2012-01-11,0.0,0.0002969570344560814,EFA,GARCH11-t
2012-01-12,0.0,0.0002684122002944148,EFA,GARCH11-t
2012-01-13,0.0,0.0002468562679526498,EFA,GARCH11-t
2012-01-17,0.0,0.00023408417357757665,EFA,GARCH11-t
2012-01-18,0.0,0.0002269431934623309,EFA,GARCH11-t
2012-01-19,0.0,0.00023512242892256597,EFA,GARCH11-t
2012-01-20,0.0,0.0002309699432155949,EFA,GARCH11-t
2012-01-23,0.0,0.00021436413491163797,EFA,GARCH11-t
2012-01-24,0.0,0.00018927344949165944,EFA,GARCH11-t
2012-01-25,0.0,0.00018313436460083818,EFA,GARCH11-t
2012-01-26,0.0,0.0001775760555235772,EFA,GARCH11-t
2012-01-27,0.0,0.00015476215442064114,EFA,GARCH11-t
2012-01-30,0.0,0.00014945997029426164,EFA,GARCH11-t
2012-01-31,0.0,0.00015373403604266952,EFA,GARCH11-t
2012-02-01,0.0,0.000143817928604472,EFA,GARCH11-t
2012-02-02,0.0,0.0001546317881379933,EFA,GARCH11-t
2012-02-03,0.0,0.00015091080242497947,EFA,GARCH11-t
2012-02-06,0.0,0.00015803684100581996,EFA,GARCH11-t
2012-02-07,0.0,0.00014871488759676075,EFA,GARCH11-t
2012-02-08,0.0,0.00014194006930647713,EFA,GARCH11-t
2012-02-09,0.0,0.0001334153519175453,EFA,GARCH11-t
2012-02-10,0.0,0.00012536144873165648,EFA,GARCH11-t
2012-02-13,0.0,0.00015449852810056134,EFA,GARCH11-t
2012-02-14,0.0,0.00017229051560732915,EFA,GARCH11-t
2012-02-15,0.0,0.00016333506629400492,EFA,GARCH11-t
2012-02-16,0.0,0.000148044421849297,EFA,GARCH11-t
2012-02-17,0.0,0.00014929144914049744,EFA,GARCH11-t
2012-02-21,0.0,0.00014742753987210722,EFA,GARCH11-t
2012-02-22,0.0,0.00013305196929903207,EFA,GARCH11-t
2012-02-23,0.0,0.00012461758034022877,EFA,GARCH11-t
2012-02-24,0.0,0.00012277001126202136,EFA,GARCH11-t
2012-02-27,0.0,0.00011568057397970134,EFA,GARCH11-t
2012-02-28,0.0,0.00010844289502291454,EFA,GARCH11-t
2012-02-29,0.0,0.00011103118182074817,EFA,GARCH11-t
2012-03-01,0.0,0.00012739930923096987,EFA,GARCH11-t
2012-03-02,0.0,0.00013281506555458815,EFA,GARCH11-t
2012-03-05,0.0,0.0001320557306226162,EFA,GARCH11-t
2012-03-06,0.0,0.00012220915878649689,EFA,GARCH11-t
2012-03-07,0.0,0.00025708798838111017,EFA,GARCH11-t
2012-03-08,0.0,0.00022087464865735033,EFA,GARCH11-t
2012-03-09,0.0,0.00035550988257646986,EFA,GARCH11-t
2012-03-12,0.0,0.00022560057793868027,EFA,GARCH11-t
2012-03-13,0.0,0.00021587063392031355,EFA,GARCH11-t
2012-03-14,0.0,0.00022858992274699106,EFA,GARCH11-t
2012-03-15,0.0,0.0002122463231225794,EFA,GARCH11-t
2012-03-16,0.0,0.0001991165121844221,EFA,GARCH11-t
2012-03-19,0.0,0.00018599390325788604,EFA,GARCH11-t
2012-03-20,0.0,0.0001744931720897066,EFA,GARCH11-t
2012-03-21,0.0,0.00017696683581934556,EFA,GARCH11-t
2012-03-22,0.0,0.0001676379934158374,EFA,GARCH11-t
2012-03-23,0.0,0.00015935111617132157,EFA,GARCH11-t
2012-03-26,0.0,0.00015339755153492295,EFA,GARCH11-t
2012-03-27,0.0,0.00015986616379492363,EFA,GARCH11-t
2012-03-28,0.0,0.00015196299332644904,EFA,GARCH11-t
2012-03-29,0.0,0.00014582702067076326,EFA,GARCH11-t
2012-03-30,0.0,0.00014033652423666349,EFA,GARCH11-t
2012-04-02,0.0,0.00013898270119813713,EFA,GARCH11-t
2012-04-03,0.0,0.00014451113351799917,EFA,GARCH11-t
2012-04-04,0.0,0.00016729974261565572,EFA,GARCH11-t
2012-04-05,0.0,0.0002082432844905727,EFA,GARCH11-t
2012-04-09,0.0,0.0001836521801897784,EFA,GARCH11-t
2012-04-10,0.0,0.0001809160621561983,EFA,GARCH11-t
2012-04-11,0.0,0.000215468017281239,EFA,GARCH11-t
2012-04-12,0.0,0.00021676770397046794,EFA,GARCH11-t
2012-04-13,0.0,0.00021836115479528058,EFA,GARCH11-t
2012-04-16,0.0,0.0002525979514765006,EFA,GARCH11-t
2012-04-17,0.0,0.00023393465307762511,EFA,GARCH11-t
2012-04-18,0.0,0.00023972145805459813,EFA,GARCH11-t
2012-04-19,0.0,0.00022079483303544882,EFA,GARCH11-t
2012-04-20,0.0,0.0002158168378089815,EFA,GARCH11-t
2012-04-23,0.0,0.00019950983466603022,EFA,GARCH11-t
2012-04-24,0.0,0.00022697311747805452,EFA,GARCH11-t
2012-04-25,0.0,0.0002131020874059363,EFA,GARCH11-t
2012-04-26,0.0,0.0002142400026515002,EFA,GARCH11-t
2012-04-27,0.0,0.0002000060676903842,EFA,GARCH11-t
2012-04-30,0.0,0.00018485676192529695,EFA,GARCH11-t
2012-05-01,0.0,0.00017300876378190393,EFA,GARCH11-t
2012-05-02,0.0,0.00015919088135434137,EFA,GARCH11-t
2012-05-03,0.0,0.00015239190122485571,EFA,GARCH11-t
2012-05-04,0.0,0.00015701962020274872,EFA,GARCH11-t
2012-05-07,0.0,0.00016525114857538815,EFA,GARCH11-t
2012-05-08,0.0,0.00015639987682597125,EFA,GARCH11-t
2012-05-09,0.0,0.00017083351220974313,EFA,GARCH11-t
2012-05-10,0.0,0.0001713407692858731,EFA,GARCH11-t
2012-05-11,0.0,0.00016028782266680087,EFA,GARCH11-t
2012-05-14,0.0,0.0001579515114523096,EFA,GARCH11-t
2012-05-15,0.0,0.0001825967767475615,EFA,GARCH11-t
2012-05-16,0.0,0.00018357893674718996,EFA,GARCH11-t
2012-05-17,0.0,0.0001840346987421391,EFA,GARCH11-t
2012-05-18,0.0,0.00017824191482200297,EFA,GARCH11-t
2012-05-21,0.0,0.00016738205324277156,EFA,GARCH11-t
2012-05-22,0.0,0.0002075865812382271,EFA,GARCH11-t
2012-05-23,0.0,0.00019060176417128047,EFA,GARCH11-t
2012-05-24,0.0,0.00018362179761125026,EFA,GARCH11-t
2012-05-25,0.0,0.00016865906803570534,EFA,GARCH11-t
2012-05-29,0.0,0.00015415504973890871,EFA,GARCH11-t
2012-05-30,0.0,0.00016139271168053222,EFA,GARCH11-t
2012-05-31,0.0,0.00021023972848265848,EFA,GARCH11-t
2012-06-01,0.0,0.00018339229861104086,EFA,GARCH11-t
2012-06-04,0.0,0.0002505930698542572,EFA,GARCH11-t
2012-06-05,0.0,0.0002317966269854055,EFA,GARCH11-t
2012-06-06,0.0,0.00020870822205545824,EFA,GARCH11-t
2012-06-07,0.0,0.00028163314121177875,EFA,GARCH11-t
2012-06-08,0.0,0.00025064811840249426,EFA,GARCH11-t
2012-06-11,0.0,0.00022650912980811346,EFA,GARCH11-t
2012-06-12,0.0,0.00021568955718859466,EFA,GARCH11-t
2012-06-13,0.0,0.00022376182840246162,EFA,GARCH11-t
2012-06-14,0.0,0.0002110022258143978,EFA,GARCH11-t
2012-06-15,0.0,0.0001990364971882242,EFA,GARCH11-t
2012-06-18,0.0,0.00020236303659094642,EFA,GARCH11-t
2012-06-19,0.0,0.00018415154263962886,EFA,GARCH11-t
2012-06-20,0.0,0.0001963659339206306,EFA,GARCH11-t
2012-06-21,0.0,0.00018359285968550505,EFA,GARCH11-t
2012-06-22,0.0,0.0002457002278584798,EFA,GARCH11-t
2012-06-25,0.0,0.00022826772689269918,EFA,GARCH11-t
2012-06-26,0.0,0.0002635321855785169,EFA,GARCH11-t
2012-06-27,0.0,0.00023404886484695142,EFA,GARCH11-t
2012-06-28,0.0,0.00022524324797050272,EFA,GARCH11-t
2012-06-29,0.0,0.00020485297072993475,EFA,GARCH11-t
2012-07-02,0.0,0.00031743181022242297,EFA,GARCH11-t
2012-07-03,0.0,0.0002871165131944431,EFA,GARCH11-t
2012-07-05,0.0,0.0002642523404232197,EFA,GARCH11-t
2012-07-06,0.0,0.0002649853400935281,EFA,GARCH11-t
2012-07-09,0.0,0.00025241746539641705,EFA,GARCH11-t
2012-07-10,0.0,0.00022546749142082014,EFA,GARCH11-t
2012-07-11,0.0,0.0002191967619576735,EFA,GARCH11-t
2012-07-12,0.0,0.00019674929933627576,EFA,GARCH11-t
2012-07-13,0.0,0.00018978082514544152,EFA,GARCH11-t
2012-07-16,0.0,0.00019573366554137987,EFA,GARCH11-t
2012-07-17,0.0,0.00017947828135345372,EFA,GARCH11-t
2012-07-18,0.0,0.00016583778536740778,EFA,GARCH11-t
2012-07-19,0.0,0.00015781677162559645,EFA,GARCH11-t
2012-07-20,0.0,0.0001557081509757494,EFA,GARCH11-t
2012-07-23,0.0,0.0002005899172607872,EFA,GARCH11-t
2012-07-24,0.0,0.00022712649725044326,EFA,GARCH11-t
2012-07-25,0.0,0.00021315247710845703,EFA,GARCH11-t
2012-07-26,0.0,0.0002026758555264409,EFA,GARCH11-t
2012-07-27,0.0,0.000276063299652186,EFA,GARCH11-t
2012-07-30,0.0,0.00029402254046237457,EFA,GARCH11-t
2012-07-31,0.0,0.0002661870113268366,EFA,GARCH11-t
2012-08-01,0.0,0.0002452917207335546,EFA,GARCH11-t
2012-08-02,0.0,0.00021767102953326433,EFA,GARCH11-t
2012-08-03,0.0,0.00015387666457141044,EFA,GARCH11-t
2012-08-06,0.0,0.000313182523538263,EFA,GARCH11-t
2012-08-07,0.0,0.00027155006451213615,EFA,GARCH11-t
2012-08-08,0.0,0.00021135112140206841,EFA,GARCH11-t
2012-08-09,0.0,0.00024224099971975312,EFA,GARCH11-t
2012-08-10,0.0,0.0002111702093115985,EFA,GARCH11-t
2012-08-13,0.0,0.00021467664173272053,EFA,GARCH11-t
2012-08-14,0.0,0.00020632049757203906,EFA,GARCH11-t
2012-08-15,0.0,0.00019717146312699904,EFA,GARCH11-t
2012-08-16,0.0,0.00017057807819162633,EFA,GARCH11-t
2012-08-17,0.0,0.00018918500210491983,EFA,GARCH11-t
2012-08-20,0.0,0.0001662460217625837,EFA,GARCH11-t
2012-08-21,0.0,0.00017137029774941836,EFA,GARCH11-t
2012-08-22,0.0,0.00013112441995546758,EFA,GARCH11-t
2012-08-23,0.0,0.00013142720170526202,EFA,GARCH11-t
2012-08-24,0.0,0.00012633054510070927,EFA,GARCH11-t
2012-08-27,0.0,0.00011720480873832664,EFA,GARCH11-t
2012-08-28,0.0,9.069366466918306e-05,EFA,GARCH11-t
2012-08-29,0.0,8.35457218970047e-05,EFA,GARCH11-t
2012-08-30,0.0,8.065870285202517e-05,EFA,GARCH11-t
2012-08-31,0.0,0.00010897121021225564,EFA,GARCH11-t
2012-09-04,0.0,9.935423526891982e-05,EFA,GARCH11-t
2012-09-05,0.0,0.00010346872949426773,EFA,GARCH11-t
2012-09-06,0.0,8.854456164746565e-05,EFA,GARCH11-t
2012-09-07,0.0,0.00013673916166095457,EFA,GARCH11-t
2012-09-10,0.0,0.00014295345338959266,EFA,GARCH11-t
2012-09-11,0.0,0.00014061514503140978,EFA,GARCH11-t
2012-09-12,0.0,0.0001472568171321186,EFA,GARCH11-t
2012-09-13,0.0,0.0001346555554876576,EFA,GARCH11-t
2012-09-14,0.0,0.00015861446918413207,EFA,GARCH11-t
2012-09-17,0.0,0.0001568306235603977,EFA,GARCH11-t
2012-09-18,0.0,0.00013966505728794625,EFA,GARCH11-t
2012-09-19,0.0,0.0001463699947876504,EFA,GARCH11-t
2012-09-20,0.0,0.00012455647480557054,EFA,GARCH11-t
2012-09-21,0.0,0.00011499480597065305,EFA,GARCH11-t
2012-09-24,0.0,0.00011477254503560239,EFA,GARCH11-t
2012-09-25,0.0,0.00011031719296491613,EFA,GARCH11-t
2012-09-26,0.0,0.000108460374897592,EFA,GARCH11-t
2012-09-27,0.0,0.00010991355544639236,EFA,GARCH11-t
2012-09-28,0.0,0.00010377403543420167,EFA,GARCH11-t
2012-10-01,0.0,0.00014390311250409745,EFA,GARCH11-t
2012-10-02,0.0,0.00014037521589591552,EFA,GARCH11-t
2012-10-03,0.0,0.0001349971172466727,EFA,GARCH11-t
2012-10-04,0.0,0.00012087953094628328,EFA,GARCH11-t
2012-10-05,0.0,0.00012134357545994816,EFA,GARCH11-t
2012-10-08,0.0,0.00012735405410109393,EFA,GARCH11-t
2012-10-09,0.0,0.00011111327400805166,EFA,GARCH11-t
2012-10-10,0.0,0.00012943571304187428,EFA,GARCH11-t
2012-10-11,0.0,0.00011293803542514216,EFA,GARCH11-t
2012-10-12,0.0,0.00011004774461028364,EFA,GARCH11-t
2012-10-15,0.0,0.00010470623914007649,EFA,GARCH11-t
2012-10-16,0.0,0.00011873945477071465,EFA,GARCH11-t
2012-10-17,0.0,0.00012785440434942753,EFA,GARCH11-t
2012-10-18,0.0,0.00012729741314313742,EFA,GARCH11-t
2012-10-19,0.0,0.00012294809818008443,EFA,GARCH11-t
2012-10-22,0.0,0.0001279239153119215,EFA,GARCH11-t
2012-10-23,0.0,0.00011141177820235663,EFA,GARCH11-t
2012-10-24,0.0,0.00014420412156119984,EFA,GARCH11-t
2012-10-25,0.0,0.00013794157903015972,EFA,GARCH11-t
2012-10-26,0.0,0.00013403698440609332,EFA,GARCH11-t
2012-10-31,0.0,0.00012560976062030675,EFA,GARCH11-t
2012-11-01,0.0,0.00010705609241083407,EFA,GARCH11-t
2012-11-02,0.0,0.00011847845908011243,EFA,GARCH11-t
2012-11-05,0.0,0.00013269006656067272,EFA,GARCH11-t
2012-11-06,0.0,0.00011429346800936943,EFA,GARCH11-t
2012-11-07,0.0,0.00011377929251232556,EFA,GARCH11-t
2012-11-08,0.0,0.0001208373201394616,EFA,GARCH11-t
2012-11-09,0.0,0.00012010930949781847,EFA,GARCH11-t
2012-11-12,0.0,0.00011510971508577003,EFA,GARCH11-t
2012-11-13,0.0,0.00010598528993733958,EFA,GARCH11-t
2012-11-14,0.0,9.840578420737439e-05,EFA,GARCH11-t
2012-11-15,0.0,0.00010539444965994116,EFA,GARCH11-t
2012-11-16,0.0,9.596252302157353e-05,EFA,GARCH11-t
2012-11-19,0.0,9.764900639392555e-05,EFA,GARCH11-t
2012-11-20,0.0,0.00011714841259253183,EFA,GARCH11-t
2012-11-21,0.0,0.00014106039807302158,EFA,GARCH11-t
2012-11-23,0.0,0.00013630868451054086,EFA,GARCH11-t
2012-11-26,0.0,0.0001454749547335144,EFA,GARCH11-t
2012-11-27,0.0,0.00012681469885692147,EFA,GARCH11-t
2012-11-28,0.0,0.00014095573170534286,EFA,GARCH11-t
2012-11-29,0.0,0.00013835968794698384,EFA,GARCH11-t
2012-11-30,0.0,0.00013278879445693758,EFA,GARCH11-t
2012-12-03,0.0,0.0001280937221122313,EFA,GARCH11-t
2012-12-04,0.0,0.00011763600616624198,EFA,GARCH11-t
2012-12-05,0.0,0.00011438461600978746,EFA,GARCH11-t
2012-12-06,0.0,0.00011156218808884749,EFA,GARCH11-t
2012-12-07,0.0,0.00010892019579442231,EFA,GARCH11-t
2012-12-10,0.0,0.00010670745236348802,EFA,GARCH11-t
2012-12-11,0.0,0.00010101333183325676,EFA,GARCH11-t
2012-12-12,0.0,9.913276768578171e-05,EFA,GARCH11-t
2012-12-13,0.0,9.938111311831108e-05,EFA,GARCH11-t
2012-12-14,0.0,7.286205049489658e-05,EFA,GARCH11-t
2012-12-17,0.0,7.454469444974965e-05,EFA,GARCH11-t
2012-12-18,0.0,6.918306827762969e-05,EFA,GARCH11-t
2012-12-19,0.0,7.240369629411796e-05,EFA,GARCH11-t
2012-12-20,0.0,7.057040463391681e-05,EFA,GARCH11-t
2012-12-21,0.0,7.044070835198717e-05,EFA,GARCH11-t
2012-12-24,0.0,7.205128319913762e-05,EFA,GARCH11-t
2012-12-26,0.0,6.611022852715117e-05,EFA,GARCH11-t
2012-12-27,0.0,6.448982160795334e-05,EFA,GARCH11-t
2012-12-28,0.0,6.351192659212795e-05,EFA,GARCH11-t
2012-12-31,0.0,6.735371746355603e-05,EFA,GARCH11-t
2013-01-02,0.0,7.637443303030947e-05,EFA,GARCH11-t
2013-01-03,0.0,9.252647137847831e-05,EFA,GARCH11-t
2013-01-04,0.0,8.243802893971057e-05,EFA,GARCH11-t
2013-01-07,0.0,8.809746449383324e-05,EFA,GARCH11-t
2013-01-08,0.0,8.345491034679311e-05,EFA,GARCH11-t
2013-01-09,0.0,7.941995549565698e-05,EFA,GARCH11-t
2013-01-10,0.0,7.839592703706404e-05,EFA,GARCH11-t
2013-01-11,0.0,8.290787600002265e-05,EFA,GARCH11-t
2013-01-14,0.0,8.124952683673675e-05,EFA,GARCH11-t
2013-01-15,0.0,7.768762924464665e-05,EFA,GARCH11-t
2013-01-16,0.0,7.397995944817055e-05,EFA,GARCH11-t
2013-01-17,0.0,7.280785972319682e-05,EFA,GARCH11-t
2013-01-18,0.0,7.291312651951589e-05,EFA,GARCH11-t
2013-01-22,0.0,7.099966506088874e-05,EFA,GARCH11-t
2013-01-23,0.0,6.30736580727816e-05,EFA,GARCH11-t
2013-01-24,0.0,6.445804914078057e-05,EFA,GARCH11-t
2013-01-25,0.0,6.331311467133666e-05,EFA,GARCH11-t
2013-01-28,0.0,6.787671892883893e-05,EFA,GARCH11-t
2013-01-29,0.0,6.686095023175922e-05,EFA,GARCH11-t
2013-01-30,0.0,6.598608642054909e-05,EFA,GARCH11-t
2013-01-31,0.0,6.326990741894243e-05,EFA,GARCH11-t
2013-02-01,0.0,6.222837910277797e-05,EFA,GARCH11-t
2013-02-04,0.0,6.341727819047068e-05,EFA,GARCH11-t
2013-02-05,0.0,6.575787214269659e-05,EFA,GARCH11-t
2013-02-06,0.0,7.591948510494743e-05,EFA,GARCH11-t
2013-02-07,0.0,7.262406951861945e-05,EFA,GARCH11-t
2013-02-08,0.0,7.338331905043749e-05,EFA,GARCH11-t
2013-02-11,0.0,7.260971379062015e-05,EFA,GARCH11-t
2013-02-12,0.0,6.9916314087853e-05,EFA,GARCH11-t
2013-02-13,0.0,6.861464158524705e-05,EFA,GARCH11-t
2013-02-14,0.0,6.603543152151268e-05,EFA,GARCH11-t
2013-02-15,0.0,6.510481877138379e-05,EFA,GARCH11-t
2013-02-19,0.0,6.313404120627241e-05,EFA,GARCH11-t
2013-02-20,0.0,6.807001620678776e-05,EFA,GARCH11-t
2013-02-21,0.0,7.0381871337103e-05,EFA,GARCH11-t
2013-02-22,0.0,7.62956387104539e-05,EFA,GARCH11-t
2013-02-25,0.0,8.66883513286532e-05,EFA,GARCH11-t
2013-02-26,0.0,9.058215167573838e-05,EFA,GARCH11-t
2013-02-27,0.0,0.00010449781320815628,EFA,GARCH11-t
2013-02-28,0.0,0.00011339707191459274,EFA,GARCH11-t
2013-03-01,0.0,0.00010788551275569266,EFA,GARCH11-t
2013-03-04,0.0,0.00010167252748878576,EFA,GARCH11-t
2013-03-05,0.0,9.743444673248487e-05,EFA,GARCH11-t
2013-03-06,0.0,9.911871989984846e-05,EFA,GARCH11-t
2013-03-07,0.0,9.28221724177448e-05,EFA,GARCH11-t
2013-03-08,0.0,9.091883661453413e-05,EFA,GARCH11-t
2013-03-11,0.0,8.597615112158801e-05,EFA,GARCH11-t
2013-03-12,0.0,8.254352833787434e-05,EFA,GARCH11-t
2013-03-13,0.0,7.826830553525332e-05,EFA,GARCH11-t
2013-03-14,0.0,7.659042957562141e-05,EFA,GARCH11-t
2013-03-15,0.0,7.832866018540195e-05,EFA,GARCH11-t
2013-03-18,0.0,7.384260890771981e-05,EFA,GARCH11-t
2013-03-19,0.0,7.817684992747125e-05,EFA,GARCH11-t
2013-03-20,0.0,7.530824134397248e-05,EFA,GARCH11-t
2013-03-21,0.0,7.267592865609646e-05,EFA,GARCH11-t
2013-03-22,0.0,7.537181659356018e-05,EFA,GARCH11-t
2013-03-25,0.0,7.492689378521383e-05,EFA,GARCH11-t
2013-03-26,0.0,8.08747321417958e-05,EFA,GARCH11-t
2013-03-27,0.0,7.941542311190211e-05,EFA,GARCH11-t
2013-03-28,0.0,7.505883566966465e-05,EFA,GARCH11-t
2013-04-01,0.0,7.507101036749862e-05,EFA,GARCH11-t
2013-04-02,0.0,7.894064290048934e-05,EFA,GARCH11-t
2013-04-03,0.0,8.351751173047163e-05,EFA,GARCH11-t
2013-04-04,0.0,7.823942686825654e-05,EFA,GARCH11-t
2013-04-05,0.0,8.15769471670697e-05,EFA,GARCH11-t
2013-04-08,0.0,7.902260097695402e-05,EFA,GARCH11-t
2013-04-09,0.0,7.614399530489398e-05,EFA,GARCH11-t
2013-04-10,0.0,7.308105699345556e-05,EFA,GARCH11-t
2013-04-11,0.0,8.121579463305649e-05,EFA,GARCH11-t
2013-04-12,0.0,8.078929638249574e-05,EFA,GARCH11-t
2013-04-15,0.0,7.709726480134853e-05,EFA,GARCH11-t
2013-04-16,0.0,9.386650965464642e-05,EFA,GARCH11-t
2013-04-17,0.0,9.922486369777883e-05,EFA,GARCH11-t
2013-04-18,0.0,0.00010958018013730933,EFA,GARCH11-t
2013-04-19,0.0,0.00010793147762320782,EFA,GARCH11-t
2013-04-22,0.0,0.00010667711095724122,EFA,GARCH11-t
2013-04-23,0.0,0.00010205202570272819,EFA,GARCH11-t
2013-04-24,0.0,0.0001046573992289832,EFA,GARCH11-t
2013-04-25,0.0,6.93697462355804e-05,EFA,GARCH11-t
2013-04-26,0.0,9.430595829528941e-05,EFA,GARCH11-t
2013-04-29,0.0,9.674317850339055e-05,EFA,GARCH11-t
2013-04-30,0.0,9.017776692438867e-05,EFA,GARCH11-t
2013-05-01,0.0,9.430082617683758e-05,EFA,GARCH11-t
2013-05-02,0.0,9.309400109052803e-05,EFA,GARCH11-t
2013-05-03,0.0,8.913380050782383e-05,EFA,GARCH11-t
2013-05-06,0.0,9.324315304576381e-05,EFA,GARCH11-t
2013-05-07,0.0,8.884879830580349e-05,EFA,GARCH11-t
2013-05-08,0.0,8.478548491211668e-05,EFA,GARCH11-t
2013-05-09,0.0,8.397116083763608e-05,EFA,GARCH11-t
2013-05-10,0.0,8.712074988653306e-05,EFA,GARCH11-t
2013-05-13,0.0,8.291426296137103e-05,EFA,GARCH11-t
2013-05-14,0.0,7.905002991106914e-05,EFA,GARCH11-t
2013-05-15,0.0,7.57499117595297e-05,EFA,GARCH11-t
2013-05-16,0.0,7.341459321020033e-05,EFA,GARCH11-t
2013-05-17,0.0,7.231400811248852e-05,EFA,GARCH11-t
2013-05-20,0.0,7.150765504796332e-05,EFA,GARCH11-t
2013-05-21,0.0,6.699536006027075e-05,EFA,GARCH11-t
2013-05-22,0.0,6.71612042098714e-05,EFA,GARCH11-t
2013-05-23,0.0,6.965834565412632e-05,EFA,GARCH11-t
2013-05-24,0.0,7.501058810848902e-05,EFA,GARCH11-t
2013-05-28,0.0,7.74029635650962e-05,EFA,GARCH11-t
2013-05-29,0.0,7.425799747695786e-05,EFA,GARCH11-t
2013-05-30,0.0,7.574395112752465e-05,EFA,GARCH11-t
2013-05-31,0.0,7.321837351030415e-05,EFA,GARCH11-t
2013-06-03,0.0,8.959320974324673e-05,EFA,GARCH11-t
2013-06-04,0.0,8.544214057211939e-05,EFA,GARCH11-t
2013-06-05,0.0,8.063990271276013e-05,EFA,GARCH11-t
2013-06-06,0.0,0.00010463614015655763,EFA,GARCH11-t
2013-06-07,0.0,9.981735148702049e-05,EFA,GARCH11-t
2013-06-10,0.0,0.0001038532216408717,EFA,GARCH11-t
2013-06-11,0.0,9.24478718083179e-05,EFA,GARCH11-t
2013-06-12,0.0,7.943272485189989e-05,EFA,GARCH11-t
2013-06-13,0.0,9.26233603714261e-05,EFA,GARCH11-t
2013-06-14,0.0,0.000111704064518635,EFA,GARCH11-t
2013-06-17,0.0,9.432888489082771e-05,EFA,GARCH11-t
2013-06-18,0.0,0.00011741878145859944,EFA,GARCH11-t
2013-06-19,0.0,0.0001092033437105034,EFA,GARCH11-t
2013-06-20,0.0,0.00013326010533766967,EFA,GARCH11-t
2013-06-21,0.0,0.00025886990083100056,EFA,GARCH11-t
2013-06-24,0.0,0.00021793121040970874,EFA,GARCH11-t
2013-06-25,0.0,0.00021000697116479284,EFA,GARCH11-t
2013-06-26,0.0,0.00018886246314914776,EFA,GARCH11-t
2013-06-27,0.0,0.00016619992259962258,EFA,GARCH11-t
2013-06-28,0.0,0.00015219592120533753,EFA,GARCH11-t
2013-07-01,0.0,0.00013190433414240495,EFA,GARCH11-t
2013-07-02,0.0,0.00012416279791396885,EFA,GARCH11-t
2013-07-03,0.0,7.892256642072357e-05,EFA,GARCH11-t
2013-07-05,0.0,7.085731887544931e-05,EFA,GARCH11-t
2013-07-08,0.0,6.770759114433232e-05,EFA,GARCH11-t
2013-07-09,0.0,6.913094493421609e-05,EFA,GARCH11-t
2013-07-10,0.0,6.861150338101798e-05,EFA,GARCH11-t
2013-07-11,0.0,6.399709399353917e-05,EFA,GARCH11-t
2013-07-12,0.0,0.00017564112475847816,EFA,GARCH11-t
2013-07-15,0.0,0.0001311181901251347,EFA,GARCH11-t
2013-07-16,0.0,0.00010754775824281209,EFA,GARCH11-t
2013-07-17,0.0,8.806064766179202e-05,EFA,GARCH11-t
2013-07-18,0.0,7.783997954236122e-05,EFA,GARCH11-t
2013-07-19,0.0,7.949664023849426e-05,EFA,GARCH11-t
2013-07-22,0.0,7.684936839791966e-05,EFA,GARCH11-t
2013-07-23,0.0,6.901321398234932e-05,EFA,GARCH11-t
2013-07-24,0.0,6.876905077780505e-05,EFA,GARCH11-t
2013-07-25,0.0,6.313678373764108e-05,EFA,GARCH11-t
2013-07-26,0.0,6.638110027598047e-05,EFA,GARCH11-t
2013-07-29,0.0,7.194023369584507e-05,EFA,GARCH11-t
2013-07-30,0.0,7.61899798883122e-05,EFA,GARCH11-t
2013-07-31,0.0,6.998176227865227e-05,EFA,GARCH11-t
2013-08-01,0.0,6.645649405722361e-05,EFA,GARCH11-t
2013-08-02,0.0,9.070657289518319e-05,EFA,GARCH11-t
2013-08-05,0.0,8.290816432963697e-05,EFA,GARCH11-t
2013-08-06,0.0,7.273578614755367e-05,EFA,GARCH11-t
2013-08-07,0.0,6.723890191502172e-05,EFA,GARCH11-t
2013-08-08,0.0,6.611307966325515e-05,EFA,GARCH11-t
2013-08-09,0.0,7.012711793153302e-05,EFA,GARCH11-t
2013-08-12,0.0,6.397136763928379e-05,EFA,GARCH11-t
2013-08-13,0.0,6.483678338182265e-05,EFA,GARCH11-t
2013-08-14,0.0,6.441524156754692e-05,EFA,GARCH11-t
2013-08-15,0.0,6.41452455271721e-05,EFA,GARCH11-t
2013-08-16,0.0,6.959359949877846e-05,EFA,GARCH11-t
2013-08-19,0.0,6.601906288207005e-05,EFA,GARCH11-t
2013-08-20,0.0,6.881084410928918e-05,EFA,GARCH11-t
2013-08-21,0.0,6.500929963545456e-05,EFA,GARCH11-t
2013-08-22,0.0,7.725703488295255e-05,EFA,GARCH11-t
2013-08-23,0.0,8.005058866146318e-05,EFA,GARCH11-t
2013-08-26,0.0,7.972528066934004e-05,EFA,GARCH11-t
2013-08-27,0.0,7.804251649499943e-05,EFA,GARCH11-t
2013-08-28,0.0,0.00010826819467902799,EFA,GARCH11-t
2013-08-29,0.0,8.522358143483122e-05,EFA,GARCH11-t
2013-08-30,0.0,7.593818100722642e-05,EFA,GARCH11-t
2013-09-03,0.0,8.647043737845576e-05,EFA,GARCH11-t
2013-09-04,0.0,0.000120825099053299,EFA,GARCH11-t
2013-09-05,0.0,0.00010560445353574364,EFA,GARCH11-t
2013-09-06,0.0,8.534070847861905e-05,EFA,GARCH11-t
2013-09-09,0.0,7.849613011261881e-05,EFA,GARCH11-t
2013-09-10,0.0,9.379735307787896e-05,EFA,GARCH11-t
2013-09-11,0.0,9.397891581584882e-05,EFA,GARCH11-t
2013-09-12,0.0,7.977395262983038e-05,EFA,GARCH11-t
2013-09-13,0.0,7.535746527318965e-05,EFA,GARCH11-t
2013-09-16,0.0,6.963954059758477e-05,EFA,GARCH11-t
2013-09-17,0.0,7.304955536541942e-05,EFA,GARCH11-t
2013-09-18,0.0,6.478692138166381e-05,EFA,GARCH11-t
2013-09-19,0.0,0.00013963069528694918,EFA,GARCH11-t
2013-09-20,0.0,0.00010857964322462586,EFA,GARCH11-t
2013-09-23,0.0,9.571448720656152e-05,EFA,GARCH11-t
2013-09-24,0.0,8.322973781857548e-05,EFA,GARCH11-t
2013-09-25,0.0,7.620707600855214e-05,EFA,GARCH11-t
2013-09-26,0.0,7.160610377882239e-05,EFA,GARCH11-t
2013-09-27,0.0,6.945494780247315e-05,EFA,GARCH11-t
2013-09-30,0.0,6.716479085145473e-05,EFA,GARCH11-t
2013-10-01,0.0,6.927123170295684e-05,EFA,GARCH11-t
2013-10-02,0.0,6.8489724382212e-05,EFA,GARCH11-t
2013-10-03,0.0,6.421971567555378e-05,EFA,GARCH11-t
2013-10-04,0.0,6.784972475529708e-05,EFA,GARCH11-t
2013-10-07,0.0,6.42953269333246e-05,EFA,GARCH11-t
2013-10-08,0.0,7.343581518799753e-05,EFA,GARCH11-t
2013-10-09,0.0,7.376660683807557e-05,EFA,GARCH11-t
2013-10-10,0.0,7.016583893259655e-05,EFA,GARCH11-t
2013-10-11,0.0,9.826143340066402e-05,EFA,GARCH11-t
2013-10-14,0.0,8.600646073372053e-05,EFA,GARCH11-t
2013-10-15,0.0,7.738078011049437e-05,EFA,GARCH11-t
2013-10-16,0.0,7.19841040859745e-05,EFA,GARCH11-t
2013-10-17,0.0,7.278902983656438e-05,EFA,GARCH11-t
2013-10-18,0.0,8.525379413015663e-05,EFA,GARCH11-t
2013-10-21,0.0,7.802956646127309e-05,EFA,GARCH11-t
2013-10-22,0.0,7.202221096155122e-05,EFA,GARCH11-t
2013-10-23,0.0,7.614339916892294e-05,EFA,GARCH11-t
2013-10-24,0.0,7.876429504961634e-05,EFA,GARCH11-t
2013-10-25,0.0,7.564471789833209e-05,EFA,GARCH11-t
2013-10-28,0.0,6.954277791052481e-05,EFA,GARCH11-t
2013-10-29,0.0,6.534102406938689e-05,EFA,GARCH11-t
2013-10-30,0.0,6.28282618836722e-05,EFA,GARCH11-t
2013-10-31,0.0,6.177506965570582e-05,EFA,GARCH11-t
2013-11-01,0.0,6.340720185614893e-05,EFA,GARCH11-t
2013-11-04,0.0,6.32294575198215e-05,EFA,GARCH11-t
2013-11-05,0.0,6.240473942145124e-05,EFA,GARCH11-t
2013-11-06,0.0,6.797147598613875e-05,EFA,GARCH11-t
2013-11-07,0.0,7.144448619921022e-05,EFA,GARCH11-t
2013-11-08,0.0,9.139328718618818e-05,EFA,GARCH11-t
2013-11-11,0.0,8.113821008918142e-05,EFA,GARCH11-t
2013-11-12,0.0,7.212890367761632e-05,EFA,GARCH11-t
2013-11-13,0.0,6.709328466977143e-05,EFA,GARCH11-t
2013-11-14,0.0,6.330724584715941e-05,EFA,GARCH11-t
2013-11-15,0.0,6.346848123151549e-05,EFA,GARCH11-t
2013-11-18,0.0,6.663797023515996e-05,EFA,GARCH11-t
2013-11-19,0.0,6.347518552028862e-05,EFA,GARCH11-t
2013-11-20,0.0,6.032664218094075e-05,EFA,GARCH11-t
2013-11-21,0.0,6.040277236340825e-05,EFA,GARCH11-t
2013-11-22,0.0,6.229736921029671e-05,EFA,GARCH11-t
2013-11-25,0.0,5.125520620755733e-05,EFA,GARCH11-t
2013-11-26,0.0,4.924744102876051e-05,EFA,GARCH11-t
2013-11-27,0.0,4.666964999646462e-05,EFA,GARCH11-t
2013-11-29,0.0,4.5143277157069076e-05,EFA,GARCH11-t
2013-12-02,0.0,4.589695934959134e-05,EFA,GARCH11-t
2013-12-03,0.0,4.780802456421325e-05,EFA,GARCH11-t
2013-12-04,0.0,5.0556401121670596e-05,EFA,GARCH11-t
2013-12-05,0.0,5.068422634572337e-05,EFA,GARCH11-t
2013-12-06,0.0,5.959402748834398e-05,EFA,GARCH11-t
2013-12-09,0.0,7.810479932441511e-05,EFA,GARCH11-t
2013-12-10,0.0,6.62053639213351e-05,EFA,GARCH11-t
2013-12-11,0.0,5.990633731058146e-05,EFA,GARCH11-t
2013-12-12,0.0,6.894656919918547e-05,EFA,GARCH11-t
2013-12-13,0.0,6.867291710477584e-05,EFA,GARCH11-t
2013-12-16,0.0,6.372105464571164e-05,EFA,GARCH11-t
2013-12-17,0.0,6.419930201714975e-05,EFA,GARCH11-t
2013-12-18,0.0,6.117085743443422e-05,EFA,GARCH11-t
2013-12-19,0.0,8.625908248763742e-05,EFA,GARCH11-t
2013-12-20,0.0,7.359771067283325e-05,EFA,GARCH11-t
2013-12-23,0.0,6.98337554063849e-05,EFA,GARCH11-t
2013-12-24,0.0,7.573047630472992e-05,EFA,GARCH11-t
2013-12-26,0.0,6.677482894219304e-05,EFA,GARCH11-t
2013-12-27,0.0,6.633800935121606e-05,EFA,GARCH11-t
2013-12-30,0.0,6.49961632604983e-05,EFA,GARCH11-t
2013-12-31,0.0,6.303654691265957e-05,EFA,GARCH11-t
2014-01-02,0.0,6.037535282987911e-05,EFA,GARCH11-t
2014-01-03,0.0,9.013578582775484e-05,EFA,GARCH11-t
2014-01-06,0.0,7.61322438303134e-05,EFA,GARCH11-t
2014-01-07,0.0,6.929143572977604e-05,EFA,GARCH11-t
2014-01-08,0.0,6.70904854414074e-05,EFA,GARCH11-t
2014-01-09,0.0,6.187853037987486e-05,EFA,GARCH11-t
2014-01-10,0.0,5.924114598118174e-05,EFA,GARCH11-t
2014-01-13,0.0,6.532278223411415e-05,EFA,GARCH11-t
2014-01-14,0.0,6.878640605889895e-05,EFA,GARCH11-t
2014-01-15,0.0,6.998877697569405e-05,EFA,GARCH11-t
2014-01-16,0.0,6.64312105308467e-05,EFA,GARCH11-t
2014-01-17,0.0,6.244716737200556e-05,EFA,GARCH11-t
2014-01-21,0.0,5.9965758756154585e-05,EFA,GARCH11-t
2014-01-22,0.0,6.095497975620557e-05,EFA,GARCH11-t
2014-01-23,0.0,5.861884519665934e-05,EFA,GARCH11-t
2014-01-24,0.0,6.152435332259083e-05,EFA,GARCH11-t
2014-01-27,0.0,0.00013310395378688384,EFA,GARCH11-t
2014-01-28,0.0,0.00010217617526376485,EFA,GARCH11-t
2014-01-29,0.0,9.239116777863928e-05,EFA,GARCH11-t
2014-01-30,0.0,9.137306527828639e-05,EFA,GARCH11-t
2014-01-31,0.0,8.174866761459916e-05,EFA,GARCH11-t
2014-02-03,0.0,9.911845903850706e-05,EFA,GARCH11-t
2014-02-04,0.0,0.00012865424029208394,EFA,GARCH11-t
2014-02-05,0.0,0.00011371032338565228,EFA,GARCH11-t
2014-02-06,0.0,9.227072072529122e-05,EFA,GARCH11-t
2014-02-07,0.0,0.00011082825903945773,EFA,GARCH11-t
2014-02-10,0.0,0.00011608596379515353,EFA,GARCH11-t
2014-02-11,0.0,8.980127941665594e-05,EFA,GARCH11-t
2014-02-12,0.0,0.00010351295969500429,EFA,GARCH11-t
2014-02-13,0.0,8.671935135557069e-05,EFA,GARCH11-t
2014-02-14,0.0,7.732860842475604e-05,EFA,GARCH11-t
2014-02-18,0.0,7.214658485814646e-05,EFA,GARCH11-t
2014-02-19,0.0,7.512993760242932e-05,EFA,GARCH11-t
2014-02-20,0.0,7.377283948586114e-05,EFA,GARCH11-t
2014-02-21,0.0,6.976422577142798e-05,EFA,GARCH11-t
2014-02-24,0.0,6.420681079844751e-05,EFA,GARCH11-t
2014-02-25,0.0,7.039442442107082e-05,EFA,GARCH11-t
2014-02-26,0.0,7.149942572900422e-05,EFA,GARCH11-t
2014-02-27,0.0,6.809138874318899e-05,EFA,GARCH11-t
2014-02-28,0.0,6.238519855997546e-05,EFA,GARCH11-t
2014-03-03,0.0,5.9894410966184124e-05,EFA,GARCH11-t
2014-03-04,0.0,8.681368560527973e-05,EFA,GARCH11-t
2014-03-05,0.0,0.00010539868243986065,EFA,GARCH11-t
2014-03-06,0.0,0.00010027194932141656,EFA,GARCH11-t
2014-03-07,0.0,9.543202250874414e-05,EFA,GARCH11-t
2014-03-10,0.0,8.966297778365164e-05,EFA,GARCH11-t
2014-03-11,0.0,8.409622102646078e-05,EFA,GARCH11-t
2014-03-12,0.0,8.132717640970718e-05,EFA,GARCH11-t
2014-03-13,0.0,7.954354456253853e-05,EFA,GARCH11-t
2014-03-14,0.0,9.424494747094664e-05,EFA,GARCH11-t
2014-03-17,0.0,8.822604963882755e-05,EFA,GARCH11-t
2014-03-18,0.0,9.131611253821517e-05,EFA,GARCH11-t
2014-03-19,0.0,8.652217017112019e-05,EFA,GARCH11-t
2014-03-20,0.0,9.038361645724225e-05,EFA,GARCH11-t
2014-03-21,0.0,8.567127448200992e-05,EFA,GARCH11-t
2014-03-24,0.0,8.09741805589794e-05,EFA,GARCH11-t
2014-03-25,0.0,7.712212244792987e-05,EFA,GARCH11-t
2014-03-26,0.0,7.93955165226771e-05,EFA,GARCH11-t
2014-03-27,0.0,7.547339536002516e-05,EFA,GARCH11-t
2014-03-28,0.0,7.347158007818665e-05,EFA,GARCH11-t
2014-03-31,0.0,7.343252571165964e-05,EFA,GARCH11-t
2014-04-01,0.0,7.137967973729092e-05,EFA,GARCH11-t
2014-04-02,0.0,7.05440226527326e-05,EFA,GARCH11-t
2014-04-03,0.0,6.809020053942778e-05,EFA,GARCH11-t
2014-04-04,0.0,6.607467696932687e-05,EFA,GARCH11-t
2014-04-07,0.0,6.45801199713841e-05,EFA,GARCH11-t
2014-04-08,0.0,6.00821353528561e-05,EFA,GARCH11-t
2014-04-09,0.0,6.234936413451495e-05,EFA,GARCH11-t
2014-04-10,0.0,6.940496513389647e-05,EFA,GARCH11-t
2014-04-11,0.0,8.237350061807703e-05,EFA,GARCH11-t
2014-04-14,0.0,7.591988776772526e-05,EFA,GARCH11-t
2014-04-15,0.0,7.722247620426432e-05,EFA,GARCH11-t
2014-04-16,0.0,7.395154198691083e-05,EFA,GARCH11-t
2014-04-17,0.0,7.746103597240628e-05,EFA,GARCH11-t
2014-04-21,0.0,7.495513099447252e-05,EFA,GARCH11-t
2014-04-22,0.0,6.992260572945277e-05,EFA,GARCH11-t
2014-04-23,0.0,6.920675100632115e-05,EFA,GARCH11-t
2014-04-24,0.0,6.629492855115323e-05,EFA,GARCH11-t
2014-04-25,0.0,6.295518777207366e-05,EFA,GARCH11-t
2014-04-28,0.0,6.298776634395867e-05,EFA,GARCH11-t
2014-04-29,0.0,6.163896563014764e-05,EFA,GARCH11-t
2014-04-30,0.0,6.006913646140267e-05,EFA,GARCH11-t
2014-05-01,0.0,6.08800579214459e-05,EFA,GARCH11-t
2014-05-02,0.0,5.961265997322201e-05,EFA,GARCH11-t
2014-05-05,0.0,5.832394065556917e-05,EFA,GARCH11-t
2014-05-06,0.0,5.671573418247611e-05,EFA,GARCH11-t
2014-05-07,0.0,5.584230834156957e-05,EFA,GARCH11-t
2014-05-08,0.0,5.500776890575318e-05,EFA,GARCH11-t
2014-05-09,0.0,5.394229037201314e-05,EFA,GARCH11-t
2014-05-12,0.0,5.119251681080786e-05,EFA,GARCH11-t
2014-05-13,0.0,5.484343825776129e-05,EFA,GARCH11-t
2014-05-14,0.0,4.939449527142351e-05,EFA,GARCH11-t
2014-05-15,0.0,5.361095892221703e-05,EFA,GARCH11-t
2014-05-16,0.0,5.0152574304924706e-05,EFA,GARCH11-t
2014-05-19,0.0,3.8372945334077705e-05,EFA,GARCH11-t
2014-05-20,0.0,3.732717627235199e-05,EFA,GARCH11-t
2014-05-21,0.0,4.0584848348375994e-05,EFA,GARCH11-t
2014-05-22,0.0,4.007989022851202e-05,EFA,GARCH11-t
2014-05-23,0.0,3.7500272499787434e-05,EFA,GARCH11-t
2014-05-27,0.0,3.7605922062781525e-05,EFA,GARCH11-t
2014-05-28,0.0,3.8254731241415e-05,EFA,GARCH11-t
2014-05-29,0.0,3.8214413872910814e-05,EFA,GARCH11-t
2014-05-30,0.0,3.8774141247419616e-05,EFA,GARCH11-t
2014-06-02,0.0,3.7494600717355935e-05,EFA,GARCH11-t
2014-06-03,0.0,3.6091072269722905e-05,EFA,GARCH11-t
2014-06-04,0.0,3.527396486108493e-05,EFA,GARCH11-t
2014-06-05,0.0,3.421293434209133e-05,EFA,GARCH11-t
2014-06-06,0.0,3.509108855052233e-05,EFA,GARCH11-t
2014-06-09,0.0,3.548653362056534e-05,EFA,GARCH11-t
2014-06-10,0.0,3.4232295863419674e-05,EFA,GARCH11-t
2014-06-11,0.0,3.343624536238909e-05,EFA,GARCH11-t
2014-06-12,0.0,3.357529353753186e-05,EFA,GARCH11-t
2014-06-13,0.0,3.258494893307746e-05,EFA,GARCH11-t
2014-06-16,0.0,3.4172071073712254e-05,EFA,GARCH11-t
2014-06-17,0.0,2.1354728938448406e-05,EFA,GARCH11-t
2014-06-18,0.0,2.02085461323871e-05,EFA,GARCH11-t
2014-06-19,0.0,5.0034872909219966e-05,EFA,GARCH11-t
2014-06-20,0.0,4.969696032606565e-05,EFA,GARCH11-t
2014-06-23,0.0,3.0091095276589543e-05,EFA,GARCH11-t
2014-06-24,0.0,2.9522832783870326e-05,EFA,GARCH11-t
2014-06-25,0.0,3.036273214660332e-05,EFA,GARCH11-t
2014-06-26,0.0,2.9221778669363645e-05,EFA,GARCH11-t
2014-06-27,0.0,2.8334487477214845e-05,EFA,GARCH11-t
2014-06-30,0.0,2.7402425539353717e-05,EFA,GARCH11-t
2014-07-01,0.0,2.6659068286691385e-05,EFA,GARCH11-t
2014-07-02,0.0,2.9736029716374545e-05,EFA,GARCH11-t
2014-07-03,0.0,2.889413289160793e-05,EFA,GARCH11-t
2014-07-07,0.0,2.8217634308482873e-05,EFA,GARCH11-t
2014-07-08,0.0,2.8609603086190027e-05,EFA,GARCH11-t
2014-07-09,0.0,3.513209895641342e-05,EFA,GARCH11-t
2014-07-10,0.0,3.363093186382062e-05,EFA,GARCH11-t
2014-07-11,0.0,3.9307641290892285e-05,EFA,GARCH11-t
2014-07-14,0.0,3.754118577127666e-05,EFA,GARCH11-t
2014-07-15,0.0,4.19976032278303e-05,EFA,GARCH11-t
2014-07-16,0.0,3.6939017765979266e-05,EFA,GARCH11-t
2014-07-17,0.0,3.740263638469031e-05,EFA,GARCH11-t
2014-07-18,0.0,5.337563119719584e-05,EFA,GARCH11-t
2014-07-21,0.0,5.214708834553879e-05,EFA,GARCH11-t
2014-07-22,0.0,4.579524042069016e-05,EFA,GARCH11-t
2014-07-23,0.0,4.30410412506957e-05,EFA,GARCH11-t
2014-07-24,0.0,4.1356373250686084e-05,EFA,GARCH11-t
2014-07-25,0.0,3.985788678128085e-05,EFA,GARCH11-t
2014-07-28,0.0,3.904504659153337e-05,EFA,GARCH11-t
2014-07-29,0.0,3.738688613845522e-05,EFA,GARCH11-t
2014-07-30,0.0,3.5997934234444716e-05,EFA,GARCH11-t
2014-07-31,0.0,3.314870081803444e-05,EFA,GARCH11-t
2014-08-01,0.0,4.78491853470541e-05,EFA,GARCH11-t
2014-08-04,0.0,4.7880231458467026e-05,EFA,GARCH11-t
2014-08-05,0.0,4.66913900764501e-05,EFA,GARCH11-t
2014-08-06,0.0,5.301178040345176e-05,EFA,GARCH11-t
2014-08-07,0.0,5.5819108096727074e-05,EFA,GARCH11-t
2014-08-08,0.0,5.1670480149931396e-05,EFA,GARCH11-t
2014-08-11,0.0,5.0838254591599915e-05,EFA,GARCH11-t
2014-08-12,0.0,4.915209630353909e-05,EFA,GARCH11-t
2014-08-13,0.0,4.686261904518598e-05,EFA,GARCH11-t
2014-08-14,0.0,4.472852647806587e-05,EFA,GARCH11-t
2014-08-15,0.0,4.561267335808756e-05,EFA,GARCH11-t
2014-08-18,0.0,4.352766160594432e-05,EFA,GARCH11-t
2014-08-19,0.0,4.3750267194540066e-05,EFA,GARCH11-t
2014-08-20,0.0,3.977285636701291e-05,EFA,GARCH11-t
2014-08-21,0.0,4.074024457445673e-05,EFA,GARCH11-t
2014-08-22,0.0,3.9757350697688e-05,EFA,GARCH11-t
2014-08-25,0.0,3.916242137381428e-05,EFA,GARCH11-t
2014-08-26,0.0,3.502300222631172e-05,EFA,GARCH11-t
2014-08-27,0.0,3.78498085783378e-05,EFA,GARCH11-t
2014-08-28,0.0,3.616217271479501e-05,EFA,GARCH11-t
2014-08-29,0.0,3.573795610459496e-05,EFA,GARCH11-t
2014-09-02,0.0,3.432505267597028e-05,EFA,GARCH11-t
2014-09-03,0.0,3.302236811124968e-05,EFA,GARCH11-t
2014-09-04,0.0,3.387782817650657e-05,EFA,GARCH11-t
2014-09-05,0.0,3.362186961104714e-05,EFA,GARCH11-t
2014-09-08,0.0,3.230861495781977e-05,EFA,GARCH11-t
2014-09-09,0.0,3.685725293148926e-05,EFA,GARCH11-t
2014-09-10,0.0,3.553391211419674e-05,EFA,GARCH11-t
2014-09-11,0.0,3.5616157306402644e-05,EFA,GARCH11-t
2014-09-12,0.0,3.4598980758499895e-05,EFA,GARCH11-t
2014-09-15,0.0,3.430994527416709e-05,EFA,GARCH11-t
2014-09-16,0.0,3.138049203892248e-05,EFA,GARCH11-t
2014-09-17,0.0,3.2198652888485414e-05,EFA,GARCH11-t
2014-09-18,0.0,3.402066105339241e-05,EFA,GARCH11-t
2014-09-19,0.0,3.5068064736919266e-05,EFA,GARCH11-t
2014-09-22,0.0,3.4411944649576965e-05,EFA,GARCH11-t
2014-09-23,0.0,3.357647233904951e-05,EFA,GARCH11-t
2014-09-24,0.0,3.581123609829534e-05,EFA,GARCH11-t
2014-09-25,0.0,3.576025905762916e-05,EFA,GARCH11-t
2014-09-26,0.0,4.596036220440383e-05,EFA,GARCH11-t
2014-09-29,0.0,4.287284928927453e-05,EFA,GARCH11-t
2014-09-30,0.0,4.669123432260556e-05,EFA,GARCH11-t
2014-10-01,0.0,4.399670989002034e-05,EFA,GARCH11-t
2014-10-02,0.0,4.9150343688528255e-05,EFA,GARCH11-t
2014-10-03,0.0,5.266827665514162e-05,EFA,GARCH11-t
2014-10-06,0.0,4.994671560325932e-05,EFA,GARCH11-t
2014-10-07,0.0,4.951369124157323e-05,EFA,GARCH11-t
2014-10-08,0.0,6.200033026432675e-05,EFA,GARCH11-t
2014-10-09,0.0,8.472096168531816e-05,EFA,GARCH11-t
2014-10-10,0.0,0.00015497579343976215,EFA,GARCH11-t
2014-10-13,0.0,0.0001932240102196696,EFA,GARCH11-t
2014-10-14,0.0,0.00012732872703774857,EFA,GARCH11-t
2014-10-15,0.0,0.00010792492328995827,EFA,GARCH11-t
2014-10-16,0.0,9.538591258388561e-05,EFA,GARCH11-t
2014-10-17,0.0,9.059807190782749e-05,EFA,GARCH11-t
2014-10-20,0.0,0.0001388014124124851,EFA,GARCH11-t
2014-10-21,0.0,0.00012474700978832798,EFA,GARCH11-t
2014-10-22,0.0,0.00012511967842059716,EFA,GARCH11-t
2014-10-23,0.0,0.00011654420897978559,EFA,GARCH11-t
2014-10-24,0.0,8.708261523304011e-05,EFA,GARCH11-t
2014-10-27,0.0,7.820711872512109e-05,EFA,GARCH11-t
2014-10-28,0.0,7.136181617590262e-05,EFA,GARCH11-t
2014-10-29,0.0,0.00010786837649757891,EFA,GARCH11-t
2014-10-30,0.0,0.00010197671395576406,EFA,GARCH11-t
2014-10-31,0.0,9.607582021035686e-05,EFA,GARCH11-t
2014-11-03,0.0,0.00012225497194476453,EFA,GARCH11-t
2014-11-04,0.0,0.00011491260342012761,EFA,GARCH11-t
2014-11-05,0.0,0.00010449896733788868,EFA,GARCH11-t
2014-11-06,0.0,9.344280075251485e-05,EFA,GARCH11-t
2014-11-07,0.0,8.627643427225479e-05,EFA,GARCH11-t
2014-11-10,0.0,7.693888756146475e-05,EFA,GARCH11-t
2014-11-11,0.0,6.353432414306652e-05,EFA,GARCH11-t
2014-11-12,0.0,6.70760293479523e-05,EFA,GARCH11-t
2014-11-13,0.0,6.749989113506035e-05,EFA,GARCH11-t
2014-11-14,0.0,5.752386174866715e-05,EFA,GARCH11-t
2014-11-17,0.0,4.797339688052997e-05,EFA,GARCH11-t
2014-11-18,0.0,4.557330890625249e-05,EFA,GARCH11-t
2014-11-19,0.0,5.924031082425553e-05,EFA,GARCH11-t
2014-11-20,0.0,5.0031763166828184e-05,EFA,GARCH11-t
2014-11-21,0.0,4.934735310071639e-05,EFA,GARCH11-t
2014-11-24,0.0,5.280227449331361e-05,EFA,GARCH11-t
2014-11-25,0.0,5.273332037954506e-05,EFA,GARCH11-t
2014-11-26,0.0,4.785009266418021e-05,EFA,GARCH11-t
2014-11-28,0.0,4.478035886844554e-05,EFA,GARCH11-t
2014-12-01,0.0,4.7413441473664166e-05,EFA,GARCH11-t
2014-12-02,0.0,4.246349561825119e-05,EFA,GARCH11-t
2014-12-03,0.0,3.9190238551873224e-05,EFA,GARCH11-t
2014-12-04,0.0,3.606895557384194e-05,EFA,GARCH11-t
2014-12-05,0.0,3.339792248161697e-05,EFA,GARCH11-t
2014-12-08,0.0,3.267636191560532e-05,EFA,GARCH11-t
2014-12-09,0.0,3.6552563824978925e-05,EFA,GARCH11-t
2014-12-10,0.0,3.621955888433935e-05,EFA,GARCH11-t
2014-12-11,0.0,5.40077669287821e-05,EFA,GARCH11-t
2014-12-12,0.0,4.476022517591072e-05,EFA,GARCH11-t
2014-12-15,0.0,8.533009534502487e-05,EFA,GARCH11-t
2014-12-16,0.0,9.854046781206438e-05,EFA,GARCH11-t
2014-12-17,0.0,9.301983514183208e-05,EFA,GARCH11-t
2014-12-18,0.0,9.853630138465547e-05,EFA,GARCH11-t
2014-12-19,0.0,0.00011338212117108877,EFA,GARCH11-t
2014-12-22,0.0,0.00011040190212334791,EFA,GARCH11-t
2014-12-23,0.0,9.964637014424497e-05,EFA,GARCH11-t
2014-12-24,0.0,8.727697028473938e-05,EFA,GARCH11-t
2014-12-26,0.0,8.423638733204161e-05,EFA,GARCH11-t
2014-12-29,0.0,7.597799226255356e-05,EFA,GARCH11-t
2014-12-30,0.0,6.970616733776349e-05,EFA,GARCH11-t
2014-12-31,0.0,6.416389966297002e-05,EFA,GARCH11-t
2015-01-02,0.0,7.029343867265373e-05,EFA,GARCH11-t
2015-01-05,0.0,5.580415426144455e-05,EFA,GARCH11-t
2015-01-06,0.0,0.00012212423327983375,EFA,GARCH11-t
2015-01-07,0.0,0.00011572853237816597,EFA,GARCH11-t
2015-01-08,0.0,0.00011532762484129241,EFA,GARCH11-t
2015-01-09,0.0,0.00012227831383061872,EFA,GARCH11-t
2015-01-12,0.0,0.00011304303022696346,EFA,GARCH11-t
2015-01-13,0.0,9.802198195942092e-05,EFA,GARCH11-t
2015-01-14,0.0,8.678779369311823e-05,EFA,GARCH11-t
2015-01-15,0.0,8.132071201087238e-05,EFA,GARCH11-t
2015-01-16,0.0,7.467313141184166e-05,EFA,GARCH11-t
2015-01-20,0.0,8.551790572748906e-05,EFA,GARCH11-t
2015-01-21,0.0,7.849070932987972e-05,EFA,GARCH11-t
2015-01-22,0.0,7.63308583920917e-05,EFA,GARCH11-t
2015-01-23,0.0,6.98737099907523e-05,EFA,GARCH11-t
2015-01-26,0.0,6.438562493745324e-05,EFA,GARCH11-t
2015-01-27,0.0,7.698371842866468e-05,EFA,GARCH11-t
2015-01-28,0.0,6.846709286500619e-05,EFA,GARCH11-t
2015-01-29,0.0,8.564749369487972e-05,EFA,GARCH11-t
2015-01-30,0.0,9.609162379311175e-05,EFA,GARCH11-t
2015-02-02,0.0,0.00011368474104883246,EFA,GARCH11-t
2015-02-03,0.0,0.00011971459040260515,EFA,GARCH11-t
2015-02-04,0.0,0.00013466930630523784,EFA,GARCH11-t
2015-02-05,0.0,0.0001278481966822621,EFA,GARCH11-t
2015-02-06,0.0,0.00012812860355205927,EFA,GARCH11-t
2015-02-09,0.0,0.00012958017803687825,EFA,GARCH11-t
2015-02-10,0.0,0.00011608720235636222,EFA,GARCH11-t
2015-02-11,0.0,0.00011686773532356322,EFA,GARCH11-t
2015-02-12,0.0,0.00010486992329629528,EFA,GARCH11-t
2015-02-13,0.0,0.0001194994763195396,EFA,GARCH11-t
2015-02-17,0.0,0.00011314937997924558,EFA,GARCH11-t
2015-02-18,0.0,0.00010002327580588719,EFA,GARCH11-t
2015-02-19,0.0,9.148314531449674e-05,EFA,GARCH11-t
2015-02-20,0.0,6.62012055666591e-05,EFA,GARCH11-t
2015-02-23,0.0,7.747222903736974e-05,EFA,GARCH11-t
2015-02-24,0.0,7.494006579504138e-05,EFA,GARCH11-t
2015-02-25,0.0,6.984043834232405e-05,EFA,GARCH11-t
2015-02-26,0.0,4.848046838980339e-05,EFA,GARCH11-t
2015-02-27,0.0,4.163714240097779e-05,EFA,GARCH11-t
2015-03-02,0.0,3.284190010757773e-05,EFA,GARCH11-t
2015-03-03,0.0,2.733448805884108e-05,EFA,GARCH11-t
2015-03-04,0.0,3.4069071262618685e-05,EFA,GARCH11-t
2015-03-05,0.0,3.207333227669446e-05,EFA,GARCH11-t
2015-03-06,0.0,3.0732624938772386e-05,EFA,GARCH11-t
2015-03-09,0.0,5.853169959247461e-05,EFA,GARCH11-t
2015-03-10,0.0,5.070759903625071e-05,EFA,GARCH11-t
2015-03-11,0.0,0.00013020805069538163,EFA,GARCH11-t
2015-03-12,0.0,9.78692332644012e-05,EFA,GARCH11-t
2015-03-13,0.0,0.00010762291780562144,EFA,GARCH11-t
2015-03-16,0.0,9.036928185572771e-05,EFA,GARCH11-t
2015-03-17,0.0,9.424760352359047e-05,EFA,GARCH11-t
2015-03-18,0.0,7.57080481660765e-05,EFA,GARCH11-t
2015-03-19,0.0,0.0001419945795572788,EFA,GARCH11-t
2015-03-20,0.0,0.00013469644953742612,EFA,GARCH11-t
2015-03-23,0.0,0.0001973722389159425,EFA,GARCH11-t
2015-03-24,0.0,0.00015373231762627322,EFA,GARCH11-t
2015-03-25,0.0,0.00011538376092699775,EFA,GARCH11-t
2015-03-26,0.0,9.384765712426151e-05,EFA,GARCH11-t
2015-03-27,0.0,8.818406893568749e-05,EFA,GARCH11-t
2015-03-30,0.0,7.59403630458842e-05,EFA,GARCH11-t
2015-03-31,0.0,5.769210519118446e-05,EFA,GARCH11-t
2015-04-01,0.0,0.00010060839568471118,EFA,GARCH11-t
2015-04-02,0.0,8.376442419608672e-05,EFA,GARCH11-t
2015-04-06,0.0,7.961295535555021e-05,EFA,GARCH11-t
2015-04-07,0.0,8.945671047399815e-05,EFA,GARCH11-t
2015-04-08,0.0,7.25935558680109e-05,EFA,GARCH11-t
2015-04-09,0.0,6.207986599754664e-05,EFA,GARCH11-t
2015-04-10,0.0,4.494051407638135e-05,EFA,GARCH11-t
2015-04-13,0.0,3.839221152554239e-05,EFA,GARCH11-t
2015-04-14,0.0,4.8316404722552174e-05,EFA,GARCH11-t
2015-04-15,0.0,5.746001686338739e-05,EFA,GARCH11-t
2015-04-16,0.0,4.758763050511807e-05,EFA,GARCH11-t
2015-04-17,0.0,5.315472491282166e-05,EFA,GARCH11-t
2015-04-20,0.0,6.193746927311158e-05,EFA,GARCH11-t
2015-04-21,0.0,5.584058899742809e-05,EFA,GARCH11-t
2015-04-22,0.0,5.8339618132720314e-05,EFA,GARCH11-t
2015-04-23,0.0,5.295434740556412e-05,EFA,GARCH11-t
2015-04-24,0.0,4.9245744312833014e-05,EFA,GARCH11-t
2015-04-27,0.0,4.7970415864325354e-05,EFA,GARCH11-t
2015-04-28,0.0,4.5047529519154264e-05,EFA,GARCH11-t
2015-04-29,0.0,4.17251470267166e-05,EFA,GARCH11-t
2015-04-30,0.0,4.5623356019753676e-05,EFA,GARCH11-t
2015-05-01,0.0,5.606371092639173e-05,EFA,GARCH11-t
2015-05-04,0.0,6.55882309004194e-05,EFA,GARCH11-t
2015-05-05,0.0,5.776620750824639e-05,EFA,GARCH11-t
2015-05-06,0.0,8.136026139741944e-05,EFA,GARCH11-t
2015-05-07,0.0,6.89222637065543e-05,EFA,GARCH11-t
2015-05-08,0.0,6.702818718173823e-05,EFA,GARCH11-t
2015-05-11,0.0,0.0001076114605086876,EFA,GARCH11-t
2015-05-12,0.0,9.712033968888789e-05,EFA,GARCH11-t
2015-05-13,0.0,8.931431503956603e-05,EFA,GARCH11-t
2015-05-14,0.0,8.401610767187884e-05,EFA,GARCH11-t
2015-05-15,0.0,9.501174184312042e-05,EFA,GARCH11-t
2015-05-18,0.0,7.668275170035948e-05,EFA,GARCH11-t
2015-05-19,0.0,6.629415619082298e-05,EFA,GARCH11-t
2015-05-20,0.0,6.165444638891914e-05,EFA,GARCH11-t
2015-05-21,0.0,5.785564524578969e-05,EFA,GARCH11-t
2015-05-22,0.0,5.570617224672489e-05,EFA,GARCH11-t
2015-05-26,0.0,5.202004695362326e-05,EFA,GARCH11-t
2015-05-27,0.0,8.45360117972681e-05,EFA,GARCH11-t
2015-05-28,0.0,8.393677326236373e-05,EFA,GARCH11-t
2015-05-29,0.0,7.430152927046385e-05,EFA,GARCH11-t
2015-06-01,0.0,7.878421636012008e-05,EFA,GARCH11-t
2015-06-02,0.0,6.827501447942132e-05,EFA,GARCH11-t
2015-06-03,0.0,6.372900127613908e-05,EFA,GARCH11-t
2015-06-04,0.0,6.121734331116015e-05,EFA,GARCH11-t
2015-06-05,0.0,6.923409624723973e-05,EFA,GARCH11-t
2015-06-08,0.0,7.619686815566799e-05,EFA,GARCH11-t
2015-06-09,0.0,6.992669296566359e-05,EFA,GARCH11-t
2015-06-10,0.0,6.4908354964883e-05,EFA,GARCH11-t
2015-06-11,0.0,0.00011247211888491389,EFA,GARCH11-t
2015-06-12,0.0,9.53452947789179e-05,EFA,GARCH11-t
2015-06-15,0.0,8.65948426845714e-05,EFA,GARCH11-t
2015-06-16,0.0,8.313642804366224e-05,EFA,GARCH11-t
2015-06-17,0.0,7.379255742342921e-05,EFA,GARCH11-t
2015-06-18,0.0,6.318819085140772e-05,EFA,GARCH11-t
2015-06-19,0.0,6.688520018675908e-05,EFA,GARCH11-t
2015-06-22,0.0,5.989180741466426e-05,EFA,GARCH11-t
2015-06-23,0.0,9.175012641471784e-05,EFA,GARCH11-t
2015-06-24,0.0,8.142338320933617e-05,EFA,GARCH11-t
2015-06-25,0.0,8.187376293931618e-05,EFA,GARCH11-t
2015-06-26,0.0,7.131808978934607e-05,EFA,GARCH11-t
2015-06-29,0.0,6.439878434873371e-05,EFA,GARCH11-t
2015-06-30,0.0,0.0001532906487746319,EFA,GARCH11-t
2015-07-01,0.0,0.00012853534562728427,EFA,GARCH11-t
2015-07-02,0.0,0.00011781655072636828,EFA,GARCH11-t
2015-07-06,0.0,0.00010055914952558536,EFA,GARCH11-t
2015-07-07,0.0,0.00013134862966029243,EFA,GARCH11-t
2015-07-08,0.0,0.00011210889964785921,EFA,GARCH11-t
2015-07-09,0.0,0.00015797648274327715,EFA,GARCH11-t
2015-07-10,0.0,0.00016641968518700404,EFA,GARCH11-t
2015-07-13,0.0,0.00026484694485573153,EFA,GARCH11-t
2015-07-14,0.0,0.00021012821376761192,EFA,GARCH11-t
2015-07-15,0.0,0.00018208120725954772,EFA,GARCH11-t
2015-07-16,0.0,0.00016483420806127875,EFA,GARCH11-t
2015-07-17,0.0,0.0001381410082990182,EFA,GARCH11-t
2015-07-20,0.0,0.00012234786432353036,EFA,GARCH11-t
2015-07-21,0.0,0.0001040106481412817,EFA,GARCH11-t
2015-07-22,0.0,8.842116950607468e-05,EFA,GARCH11-t
2015-07-23,0.0,8.838843364086812e-05,EFA,GARCH11-t
2015-07-24,0.0,7.248827223262163e-05,EFA,GARCH11-t
2015-07-27,0.0,8.4759950845449e-05,EFA,GARCH11-t
2015-07-28,0.0,8.181957297462664e-05,EFA,GARCH11-t
2015-07-29,0.0,8.97687764410128e-05,EFA,GARCH11-t
2015-07-30,0.0,8.184297203926174e-05,EFA,GARCH11-t
2015-07-31,0.0,7.332424383618e-05,EFA,GARCH11-t
2015-08-03,0.0,7.203958270703455e-05,EFA,GARCH11-t
2015-08-04,0.0,6.695443055790726e-05,EFA,GARCH11-t
2015-08-05,0.0,5.903110416942428e-05,EFA,GARCH11-t
2015-08-06,0.0,5.904086752862373e-05,EFA,GARCH11-t
2015-08-07,0.0,5.695104167170788e-05,EFA,GARCH11-t
2015-08-10,0.0,5.1927377415999514e-05,EFA,GARCH11-t
2015-08-11,0.0,6.714398030916734e-05,EFA,GARCH11-t
2015-08-12,0.0,8.64654108982656e-05,EFA,GARCH11-t
2015-08-13,0.0,8.777727701191377e-05,EFA,GARCH11-t
2015-08-14,0.0,7.821187068455373e-05,EFA,GARCH11-t
2015-08-17,0.0,6.856309062765858e-05,EFA,GARCH11-t
2015-08-18,0.0,6.370518430654591e-05,EFA,GARCH11-t
2015-08-19,0.0,6.898924595083858e-05,EFA,GARCH11-t
2015-08-20,0.0,6.866557966116926e-05,EFA,GARCH11-t
2015-08-21,0.0,0.000133777753787597,EFA,GARCH11-t
2015-08-24,0.0,0.00016144479868643096,EFA,GARCH11-t
2015-08-25,0.0,0.00038186756612862123,EFA,GARCH11-t
2015-08-26,0.0,0.00026165771635192737,EFA,GARCH11-t
2015-08-27,0.0,0.0002817979380294326,EFA,GARCH11-t
2015-08-28,0.0,0.00020720274631932337,EFA,GARCH11-t
2015-08-31,0.0,0.00013859764662432005,EFA,GARCH11-t
2015-09-01,0.0,0.00010869661472917786,EFA,GARCH11-t
2015-09-02,0.0,0.0002906032691937351,EFA,GARCH11-t
2015-09-03,0.0,0.0002537401424795538,EFA,GARCH11-t
2015-09-04,0.0,0.000213659678194777,EFA,GARCH11-t
2015-09-08,0.0,0.00024657510762298986,EFA,GARCH11-t
2015-09-09,0.0,0.00032570388410983883,EFA,GARCH11-t
2015-09-10,0.0,0.00024045140405391937,EFA,GARCH11-t
2015-09-11,0.0,0.00018429526229809273,EFA,GARCH11-t
2015-09-14,0.0,0.00017494512075742283,EFA,GARCH11-t
2015-09-15,0.0,0.00015401735286419007,EFA,GARCH11-t
2015-09-16,0.0,0.0001025184788921637,EFA,GARCH11-t
2015-09-17,0.0,0.0001456525522821412,EFA,GARCH11-t
2015-09-18,0.0,0.00012428007801505958,EFA,GARCH11-t
2015-09-21,0.0,0.0001915286163932245,EFA,GARCH11-t
2015-09-22,0.0,0.00014855701339192045,EFA,GARCH11-t
2015-09-23,0.0,0.00020993151524718835,EFA,GARCH11-t
2015-09-24,0.0,0.0001683927067115348,EFA,GARCH11-t
2015-09-25,0.0,0.0001465994701555053,EFA,GARCH11-t
2015-09-28,0.0,0.00013432109542652846,EFA,GARCH11-t
2015-09-29,0.0,0.00016019284961545804,EFA,GARCH11-t
2015-09-30,0.0,0.00014051119358362012,EFA,GARCH11-t
2015-10-01,0.0,0.00015923780832864047,EFA,GARCH11-t
2015-10-02,0.0,0.00013961245150321592,EFA,GARCH11-t
2015-10-05,0.0,0.0001520353342518985,EFA,GARCH11-t
2015-10-06,0.0,0.00017413836076976498,EFA,GARCH11-t
2015-10-07,0.0,0.000149721085773927,EFA,GARCH11-t
2015-10-08,0.0,0.00014673971448541512,EFA,GARCH11-t
2015-10-09,0.0,0.00013274192247530187,EFA,GARCH11-t
2015-10-12,0.0,0.00011829598959068235,EFA,GARCH11-t
2015-10-13,0.0,9.804750857426035e-05,EFA,GARCH11-t
2015-10-14,0.0,0.00011096761743857172,EFA,GARCH11-t
2015-10-15,0.0,0.00010143121263925774,EFA,GARCH11-t
2015-10-16,0.0,0.00012155743438880775,EFA,GARCH11-t
2015-10-19,0.0,0.0001062014931202386,EFA,GARCH11-t
2015-10-20,0.0,9.815604928585937e-05,EFA,GARCH11-t
2015-10-21,0.0,9.162758591608099e-05,EFA,GARCH11-t
2015-10-22,0.0,8.361576013518725e-05,EFA,GARCH11-t
2015-10-23,0.0,9.094340004042625e-05,EFA,GARCH11-t
2015-10-26,0.0,9.362900361969414e-05,EFA,GARCH11-t
2015-10-27,0.0,8.693866476259455e-05,EFA,GARCH11-t
2015-10-28,0.0,8.777773276622678e-05,EFA,GARCH11-t
2015-10-29,0.0,8.53119377898222e-05,EFA,GARCH11-t
2015-10-30,0.0,8.519681582464677e-05,EFA,GARCH11-t
2015-11-02,0.0,7.955919699030349e-05,EFA,GARCH11-t
2015-11-03,0.0,8.31078645945409e-05,EFA,GARCH11-t
2015-11-04,0.0,7.727653318186183e-05,EFA,GARCH11-t
2015-11-05,0.0,7.577179495642972e-05,EFA,GARCH11-t
2015-11-06,0.0,7.183609116573861e-05,EFA,GARCH11-t
2015-11-09,0.0,7.04514580419378e-05,EFA,GARCH11-t
2015-11-10,0.0,7.826744747020702e-05,EFA,GARCH11-t
2015-11-11,0.0,7.35180685911161e-05,EFA,GARCH11-t
2015-11-12,0.0,7.238670545977005e-05,EFA,GARCH11-t
2015-11-13,0.0,8.626172587746197e-05,EFA,GARCH11-t
2015-11-16,0.0,9.070607933413039e-05,EFA,GARCH11-t
2015-11-17,0.0,9.680237429436135e-05,EFA,GARCH11-t
2015-11-18,0.0,9.216539257446825e-05,EFA,GARCH11-t
2015-11-19,0.0,9.388140520468142e-05,EFA,GARCH11-t
2015-11-20,0.0,8.84342939653084e-05,EFA,GARCH11-t
2015-11-23,0.0,7.818955040194129e-05,EFA,GARCH11-t
2015-11-24,0.0,8.0995539673784e-05,EFA,GARCH11-t
2015-11-25,0.0,7.686198002148609e-05,EFA,GARCH11-t
2015-11-27,0.0,7.188972476623157e-05,EFA,GARCH11-t
2015-11-30,0.0,6.728158729564175e-05,EFA,GARCH11-t
2015-12-01,0.0,6.512192704366905e-05,EFA,GARCH11-t
2015-12-02,0.0,7.429707916603527e-05,EFA,GARCH11-t
2015-12-03,0.0,8.714334866907991e-05,EFA,GARCH11-t
2015-12-04,0.0,7.900863523210876e-05,EFA,GARCH11-t
2015-12-07,0.0,8.091287952777091e-05,EFA,GARCH11-t
2015-12-08,0.0,8.09858501013449e-05,EFA,GARCH11-t
2015-12-09,0.0,9.739218783389467e-05,EFA,GARCH11-t
2015-12-10,0.0,9.11126547429674e-05,EFA,GARCH11-t
2015-12-11,0.0,8.371729649772421e-05,EFA,GARCH11-t
2015-12-14,0.0,0.00011580408370489313,EFA,GARCH11-t
2015-12-15,0.0,0.00010336273586097886,EFA,GARCH11-t
2015-12-16,0.0,9.573075388102454e-05,EFA,GARCH11-t
2015-12-17,0.0,0.0001316185632583035,EFA,GARCH11-t
2015-12-18,0.0,0.0001294824088443361,EFA,GARCH11-t
2015-12-21,0.0,0.00012664051792559403,EFA,GARCH11-t
2015-12-22,0.0,0.00011626836715530939,EFA,GARCH11-t
2015-12-23,0.0,0.00010790326526941619,EFA,GARCH11-t
2015-12-24,0.0,0.0001255200911376052,EFA,GARCH11-t
2015-12-28,0.0,0.00011273158488607297,EFA,GARCH11-t
2015-12-29,0.0,0.00010036161781488846,EFA,GARCH11-t
2015-12-30,0.0,0.00010194893282295737,EFA,GARCH11-t
2015-12-31,0.0,9.632751650098144e-05,EFA,GARCH11-t
2016-01-04,0.0,0.00010637381338073559,EFA,GARCH11-t
2016-01-05,0.0,0.00012097101160784578,EFA,GARCH11-t
2016-01-06,0.0,0.00010748244284765384,EFA,GARCH11-t
2016-01-07,0.0,0.00012672802513819323,EFA,GARCH11-t
2016-01-08,0.0,0.0001632987750230514,EFA,GARCH11-t
2016-01-11,0.0,0.0001534066860337273,EFA,GARCH11-t
2016-01-12,0.0,0.00013616360638967032,EFA,GARCH11-t
2016-01-13,0.0,0.00012056091506702993,EFA,GARCH11-t
2016-01-14,0.0,0.00013273936341442777,EFA,GARCH11-t
2016-01-15,0.0,0.00013597741073737542,EFA,GARCH11-t
2016-01-19,0.0,0.00029254194921926276,EFA,GARCH11-t
2016-01-20,0.0,0.00024846080410385944,EFA,GARCH11-t
2016-01-21,0.0,0.00027948655621425555,EFA,GARCH11-t
2016-01-22,0.0,0.0002344961282738983,EFA,GARCH11-t
2016-01-25,0.0,0.00026973319303021055,EFA,GARCH11-t
2016-01-26,0.0,0.00024670745547534286,EFA,GARCH11-t
2016-01-27,0.0,0.00024144546822179536,EFA,GARCH11-t
2016-01-28,0.0,0.0002098899853104544,EFA,GARCH11-t
2016-01-29,0.0,0.00018089651836644026,EFA,GARCH11-t
2016-02-01,0.0,0.00018788917730397817,EFA,GARCH11-t
2016-02-02,0.0,0.0001693519323940705,EFA,GARCH11-t
2016-02-03,0.0,0.00021233298111998593,EFA,GARCH11-t
2016-02-04,0.0,0.00019532372359439546,EFA,GARCH11-t
2016-02-05,0.0,0.00015492897903328365,EFA,GARCH11-t
2016-02-08,0.0,0.0001605186395291238,EFA,GARCH11-t
2016-02-09,0.0,0.00017648889647042695,EFA,GARCH11-t
2016-02-10,0.0,0.00016748646097018471,EFA,GARCH11-t
2016-02-11,0.0,0.0001605750374536764,EFA,GARCH11-t
2016-02-12,0.0,0.00015178062597511125,EFA,GARCH11-t
2016-02-16,0.0,0.00016436623193215742,EFA,GARCH11-t
2016-02-17,0.0,0.00020942702180643227,EFA,GARCH11-t
2016-02-18,0.0,0.00019078902518622807,EFA,GARCH11-t
2016-02-19,0.0,0.00016823446381298624,EFA,GARCH11-t
2016-02-22,0.0,0.00014765075105682032,EFA,GARCH11-t
2016-02-23,0.0,0.00014379668191970198,EFA,GARCH11-t
2016-02-24,0.0,0.00015558539548796214,EFA,GARCH11-t
2016-02-25,0.0,0.00014619805139669812,EFA,GARCH11-t
2016-02-26,0.0,0.00013848412833836362,EFA,GARCH11-t
2016-02-29,0.0,0.00012456163599180856,EFA,GARCH11-t
2016-03-01,0.0,0.0001174856549688386,EFA,GARCH11-t
2016-03-02,0.0,0.0001739289411312417,EFA,GARCH11-t
2016-03-03,0.0,0.00016512043171117166,EFA,GARCH11-t
2016-03-04,0.0,0.00014876724573391258,EFA,GARCH11-t
2016-03-07,0.0,0.00013785527576440297,EFA,GARCH11-t
2016-03-08,0.0,0.00012350390640401273,EFA,GARCH11-t
2016-03-09,0.0,0.00012238577005723255,EFA,GARCH11-t
2016-03-10,0.0,0.00011147322713598664,EFA,GARCH11-t
2016-03-11,0.0,9.836910353311975e-05,EFA,GARCH11-t
2016-03-14,0.0,0.00016291053490937553,EFA,GARCH11-t
2016-03-15,0.0,0.000144121917497076,EFA,GARCH11-t
2016-03-16,0.0,0.0001376262563601463,EFA,GARCH11-t
2016-03-17,0.0,0.00013134812555841942,EFA,GARCH11-t
2016-03-18,0.0,0.00012360406665164986,EFA,GARCH11-t
2016-03-21,0.0,0.00011426575044376533,EFA,GARCH11-t
2016-03-22,0.0,0.00010225243627964842,EFA,GARCH11-t
2016-03-23,0.0,9.793403911764008e-05,EFA,GARCH11-t
2016-03-24,0.0,9.961912181873415e-05,EFA,GARCH11-t
2016-03-28,0.0,9.930430032041231e-05,EFA,GARCH11-t
2016-03-29,0.0,9.444369436592656e-05,EFA,GARCH11-t
2016-03-30,0.0,0.00010026668931293376,EFA,GARCH11-t
2016-03-31,0.0,9.899868701245855e-05,EFA,GARCH11-t
2016-04-01,0.0,0.00010186375859702921,EFA,GARCH11-t
2016-04-04,0.0,0.00010617973600011432,EFA,GARCH11-t
2016-04-05,0.0,9.985044551483705e-05,EFA,GARCH11-t
2016-04-06,0.0,0.00012794694526748585,EFA,GARCH11-t
2016-04-07,0.0,0.00014165013259906405,EFA,GARCH11-t
2016-04-08,0.0,0.00014957280954525044,EFA,GARCH11-t
2016-04-11,0.0,0.00017125070939672326,EFA,GARCH11-t
2016-04-12,0.0,0.00015409635847476075,EFA,GARCH11-t
2016-04-13,0.0,0.0001582553444178356,EFA,GARCH11-t
2016-04-14,0.0,0.00016685267450059797,EFA,GARCH11-t
2016-04-15,0.0,0.00014971745183251525,EFA,GARCH11-t
2016-04-18,0.0,0.000135210444649984,EFA,GARCH11-t
2016-04-19,0.0,0.0001303663463878157,EFA,GARCH11-t
2016-04-20,0.0,0.00014727708900917922,EFA,GARCH11-t
2016-04-21,0.0,0.00013326422262337803,EFA,GARCH11-t
2016-04-22,0.0,0.00012480138581465408,EFA,GARCH11-t
2016-04-25,0.0,0.00011491862461477056,EFA,GARCH11-t
2016-04-26,0.0,0.0001074127440490395,EFA,GARCH11-t
2016-04-27,0.0,0.00010066546118365203,EFA,GARCH11-t
2016-04-28,0.0,9.275236633746654e-05,EFA,GARCH11-t
2016-04-29,0.0,0.00010936533030170861,EFA,GARCH11-t
2016-05-02,0.0,0.00010049586259005942,EFA,GARCH11-t
2016-05-03,0.0,0.00010461312734826856,EFA,GARCH11-t
2016-05-04,0.0,0.0001221339745034577,EFA,GARCH11-t
2016-05-05,0.0,0.00012512283407004927,EFA,GARCH11-t
2016-05-06,0.0,0.00011695492950386496,EFA,GARCH11-t
2016-05-09,0.0,0.00010554358916651514,EFA,GARCH11-t
2016-05-10,0.0,9.76692555708506e-05,EFA,GARCH11-t
2016-05-11,0.0,0.00011190141680309411,EFA,GARCH11-t
2016-05-12,0.0,0.00011047648342328516,EFA,GARCH11-t
2016-05-13,0.0,0.00010466565195687651,EFA,GARCH11-t
2016-05-16,0.0,0.00010756425332881656,EFA,GARCH11-t
2016-05-17,0.0,0.0001121403770132725,EFA,GARCH11-t
2016-05-18,0.0,0.00010854536106528462,EFA,GARCH11-t
2016-05-19,0.0,0.0001038071465702071,EFA,GARCH11-t
2016-05-20,0.0,0.00010249257932830258,EFA,GARCH11-t
2016-05-23,0.0,9.765333548477875e-05,EFA,GARCH11-t
2016-05-24,0.0,9.137134749733771e-05,EFA,GARCH11-t
2016-05-25,0.0,0.00010787253975347392,EFA,GARCH11-t
2016-05-26,0.0,0.0001117241219278867,EFA,GARCH11-t
2016-05-27,0.0,0.0001069172415879308,EFA,GARCH11-t
2016-05-31,0.0,9.940864539890654e-05,EFA,GARCH11-t
2016-06-01,0.0,8.99918649436007e-05,EFA,GARCH11-t
2016-06-02,0.0,8.327593594339972e-05,EFA,GARCH11-t
2016-06-03,0.0,8.442020547738043e-05,EFA,GARCH11-t
2016-06-06,0.0,8.236723658914573e-05,EFA,GARCH11-t
2016-06-07,0.0,8.461529704186927e-05,EFA,GARCH11-t
2016-06-08,0.0,8.294025410889864e-05,EFA,GARCH11-t
2016-06-09,0.0,8.312873434805519e-05,EFA,GARCH11-t
2016-06-10,0.0,9.465300151381521e-05,EFA,GARCH11-t
2016-06-13,0.0,0.00018489903061138504,EFA,GARCH11-t
2016-06-14,0.0,0.00018606091447282208,EFA,GARCH11-t
2016-06-15,0.0,0.00019187917491214,EFA,GARCH11-t
2016-06-16,0.0,0.0001691246657313274,EFA,GARCH11-t
2016-06-17,0.0,0.00014770929531631634,EFA,GARCH11-t
2016-06-20,0.0,0.00014014666579607564,EFA,GARCH11-t
2016-06-21,0.0,0.00018720751656992393,EFA,GARCH11-t
2016-06-22,0.0,0.0001800468406866119,EFA,GARCH11-t
2016-06-23,0.0,0.00015276362492743645,EFA,GARCH11-t
2016-06-24,0.0,0.00020979695167532963,EFA,GARCH11-t
2016-06-27,0.0,0.00151973286361846,EFA,GARCH11-t
2016-06-28,0.0,0.0012003641572273132,EFA,GARCH11-t
2016-06-29,0.0,0.0011176076756956423,EFA,GARCH11-t
2016-06-30,0.0,0.0009281090672208383,EFA,GARCH11-t
2016-07-01,0.0,0.0007188162911336872,EFA,GARCH11-t
2016-07-05,0.0,0.0005565826118438151,EFA,GARCH11-t
2016-07-06,0.0,0.0005259572096295366,EFA,GARCH11-t
2016-07-07,0.0,0.00035803085450162084,EFA,GARCH11-t
2016-07-08,0.0,0.00030252980336382333,EFA,GARCH11-t
2016-07-11,0.0,0.00029641960086778144,EFA,GARCH11-t
2016-07-12,0.0,0.0002463368005228934,EFA,GARCH11-t
2016-07-13,0.0,0.00025465822683584633,EFA,GARCH11-t
2016-07-14,0.0,0.00022753225468165116,EFA,GARCH11-t
2016-07-15,0.0,0.000190326672535418,EFA,GARCH11-t
2016-07-18,0.0,0.00014291680913234341,EFA,GARCH11-t
2016-07-19,0.0,0.00012665637168118415,EFA,GARCH11-t
2016-07-20,0.0,0.00011947730841345385,EFA,GARCH11-t
2016-07-21,0.0,0.00011818471531217624,EFA,GARCH11-t
2016-07-22,0.0,0.00010676163244325517,EFA,GARCH11-t
2016-07-25,0.0,8.93180288662433e-05,EFA,GARCH11-t
2016-07-26,0.0,8.729205343209319e-05,EFA,GARCH11-t
2016-07-27,0.0,8.426738555133867e-05,EFA,GARCH11-t
2016-07-28,0.0,8.081982770540431e-05,EFA,GARCH11-t
2016-07-29,0.0,7.612830354287257e-05,EFA,GARCH11-t
2016-08-01,0.0,0.00010211637587420697,EFA,GARCH11-t
2016-08-02,0.0,9.594988218741161e-05,EFA,GARCH11-t
2016-08-03,0.0,9.538916954564291e-05,EFA,GARCH11-t
2016-08-04,0.0,8.871797766800432e-05,EFA,GARCH11-t
2016-08-05,0.0,8.005558564791983e-05,EFA,GARCH11-t
2016-08-08,0.0,8.353128847437053e-05,EFA,GARCH11-t
2016-08-09,0.0,7.666015789637467e-05,EFA,GARCH11-t
2016-08-10,0.0,8.380023308000417e-05,EFA,GARCH11-t
2016-08-11,0.0,7.865497966161273e-05,EFA,GARCH11-t
2016-08-12,0.0,7.997188708990407e-05,EFA,GARCH11-t
2016-08-15,0.0,7.445422369632606e-05,EFA,GARCH11-t
2016-08-16,0.0,6.902287064340754e-05,EFA,GARCH11-t
2016-08-17,0.0,6.260353376014223e-05,EFA,GARCH11-t
2016-08-18,0.0,5.971028649884347e-05,EFA,GARCH11-t
2016-08-19,0.0,5.798283137997137e-05,EFA,GARCH11-t
2016-08-22,0.0,7.272952590556132e-05,EFA,GARCH11-t
2016-08-23,0.0,6.08590923069509e-05,EFA,GARCH11-t
2016-08-24,0.0,6.688742824377223e-05,EFA,GARCH11-t
2016-08-25,0.0,6.448465233169333e-05,EFA,GARCH11-t
2016-08-26,0.0,6.356461822782442e-05,EFA,GARCH11-t
2016-08-29,0.0,6.693519129863872e-05,EFA,GARCH11-t
2016-08-30,0.0,5.366843282817204e-05,EFA,GARCH11-t
2016-08-31,0.0,4.810833816523805e-05,EFA,GARCH11-t
2016-09-01,0.0,4.1392240676324274e-05,EFA,GARCH11-t
2016-09-02,0.0,4.25668558700358e-05,EFA,GARCH11-t
2016-09-06,0.0,8.503246343154552e-05,EFA,GARCH11-t
2016-09-07,0.0,7.560368644186739e-05,EFA,GARCH11-t
2016-09-08,0.0,6.812691753247202e-05,EFA,GARCH11-t
2016-09-09,0.0,6.836037481652496e-05,EFA,GARCH11-t
2016-09-12,0.0,0.0001314923838814286,EFA,GARCH11-t
2016-09-13,0.0,0.00011974488996282571,EFA,GARCH11-t
2016-09-14,0.0,0.00018088249100941373,EFA,GARCH11-t
2016-09-15,0.0,0.0001445995990209864,EFA,GARCH11-t
2016-09-16,0.0,0.00013104763856451452,EFA,GARCH11-t
2016-09-19,0.0,0.00013962850447993475,EFA,GARCH11-t
2016-09-20,0.0,0.00012209739868714937,EFA,GARCH11-t
2016-09-21,0.0,0.00010597021823682227,EFA,GARCH11-t
2016-09-22,0.0,0.0001484618713847955,EFA,GARCH11-t
2016-09-23,0.0,0.00013974078421222235,EFA,GARCH11-t
2016-09-26,0.0,0.00012726300534510765,EFA,GARCH11-t
2016-09-27,0.0,0.00012482133203377038,EFA,GARCH11-t
2016-09-28,0.0,0.0001059479234499471,EFA,GARCH11-t
2016-09-29,0.0,9.711744158760073e-05,EFA,GARCH11-t
2016-09-30,0.0,0.00011337509236316905,EFA,GARCH11-t
2016-10-03,0.0,0.00010740434661431328,EFA,GARCH11-t
2016-10-04,0.0,9.086246361033221e-05,EFA,GARCH11-t
2016-10-05,0.0,7.893223479550558e-05,EFA,GARCH11-t
2016-10-06,0.0,7.162548363533685e-05,EFA,GARCH11-t
2016-10-07,0.0,6.9847488238531e-05,EFA,GARCH11-t
2016-10-10,0.0,6.771725640637244e-05,EFA,GARCH11-t
2016-10-11,0.0,6.135301924322701e-05,EFA,GARCH11-t
2016-10-12,0.0,9.649070140076161e-05,EFA,GARCH11-t
2016-10-13,0.0,8.32831738786953e-05,EFA,GARCH11-t
2016-10-14,0.0,7.919898747939948e-05,EFA,GARCH11-t
2016-10-17,0.0,6.98051535198766e-05,EFA,GARCH11-t
2016-10-18,0.0,6.046270933225809e-05,EFA,GARCH11-t
2016-10-19,0.0,7.514252676862153e-05,EFA,GARCH11-t
2016-10-20,0.0,6.706198805739243e-05,EFA,GARCH11-t
2016-10-21,0.0,5.92960463383985e-05,EFA,GARCH11-t
2016-10-24,0.0,6.24069684967179e-05,EFA,GARCH11-t
2016-10-25,0.0,4.9004162723197974e-05,EFA,GARCH11-t
2016-10-26,0.0,5.3496440225238605e-05,EFA,GARCH11-t
2016-10-27,0.0,4.5641542268248404e-05,EFA,GARCH11-t
2016-10-28,0.0,5.325117860317348e-05,EFA,GARCH11-t
2016-10-31,0.0,5.13443885379694e-05,EFA,GARCH11-t
2016-11-01,0.0,1.993933679944568e-05,EFA,GARCH11-t
2016-11-02,0.0,2.2100787714315795e-05,EFA,GARCH11-t
2016-11-03,0.0,2.930926414963477e-05,EFA,GARCH11-t
2016-11-04,0.0,3.9803288421237866e-05,EFA,GARCH11-t
2016-11-07,0.0,7.246315823617193e-05,EFA,GARCH11-t
2016-11-08,0.0,0.00010255596122257007,EFA,GARCH11-t
2016-11-09,0.0,8.738224834670939e-05,EFA,GARCH11-t
2016-11-10,0.0,7.324036177979714e-05,EFA,GARCH11-t
2016-11-11,0.0,6.406577191510191e-05,EFA,GARCH11-t
2016-11-14,0.0,6.936159987713808e-05,EFA,GARCH11-t
2016-11-15,0.0,6.850974124300589e-05,EFA,GARCH11-t
2016-11-16,0.0,6.569528243846912e-05,EFA,GARCH11-t
2016-11-17,0.0,8.25296081281417e-05,EFA,GARCH11-t
2016-11-18,0.0,8.332164288285776e-05,EFA,GARCH11-t
2016-11-21,0.0,9.655876811645647e-05,EFA,GARCH11-t
2016-11-22,0.0,9.621677822926184e-05,EFA,GARCH11-t
2016-11-23,0.0,8.262218697860408e-05,EFA,GARCH11-t
2016-11-25,0.0,6.708480844523439e-05,EFA,GARCH11-t
2016-11-28,0.0,5.8816170244532976e-05,EFA,GARCH11-t
2016-11-29,0.0,5.674346537719961e-05,EFA,GARCH11-t
2016-11-30,0.0,5.793239047898874e-05,EFA,GARCH11-t
2016-12-01,0.0,5.003436693513495e-05,EFA,GARCH11-t
2016-12-02,0.0,4.755066458178449e-05,EFA,GARCH11-t
2016-12-05,0.0,3.204464484516124e-05,EFA,GARCH11-t
2016-12-06,0.0,4.712307999930959e-05,EFA,GARCH11-t
2016-12-07,0.0,6.18662329371319e-05,EFA,GARCH11-t
2016-12-08,0.0,9.740005255945845e-05,EFA,GARCH11-t
2016-12-09,0.0,8.29681147234254e-05,EFA,GARCH11-t
2016-12-12,0.0,7.225780847595363e-05,EFA,GARCH11-t
2016-12-13,0.0,6.501127342375974e-05,EFA,GARCH11-t
2016-12-14,0.0,7.885579819107162e-05,EFA,GARCH11-t
2016-12-15,0.0,9.961791118866492e-05,EFA,GARCH11-t
2016-12-16,0.0,9.43953993457931e-05,EFA,GARCH11-t
2016-12-19,0.0,6.627375068228568e-05,EFA,GARCH11-t
2016-12-20,0.0,5.48948168196654e-05,EFA,GARCH11-t
2016-12-21,0.0,4.793301819857157e-05,EFA,GARCH11-t
2016-12-22,0.0,4.887074632592795e-05,EFA,GARCH11-t
2016-12-23,0.0,3.497266054499557e-05,EFA,GARCH11-t
2016-12-27,0.0,3.1361454549072034e-05,EFA,GARCH11-t
2016-12-28,0.0,2.7480940878120045e-05,EFA,GARCH11-t
2016-12-29,0.0,2.7058163389052702e-05,EFA,GARCH11-t
2016-12-30,0.0,2.500031257759806e-05,EFA,GARCH11-t
2017-01-03,0.0,2.4563500260082696e-05,EFA,GARCH11-t
2017-01-04,0.0,2.9519199072000732e-05,EFA,GARCH11-t
2017-01-05,0.0,5.1284527836473266e-05,EFA,GARCH11-t
2017-01-06,0.0,5.698900260018223e-05,EFA,GARCH11-t
2017-01-09,0.0,4.9263545283751934e-05,EFA,GARCH11-t
2017-01-10,0.0,4.148516045844922e-05,EFA,GARCH11-t
2017-01-11,0.0,4.4890266771934315e-05,EFA,GARCH11-t
2017-01-12,0.0,3.54279338054347e-05,EFA,GARCH11-t
2017-01-13,0.0,3.0640715621089904e-05,EFA,GARCH11-t
2017-01-17,0.0,2.919729354542178e-05,EFA,GARCH11-t
2017-01-18,0.0,2.762800505803441e-05,EFA,GARCH11-t
2017-01-19,0.0,2.5663243605868135e-05,EFA,GARCH11-t
2017-01-20,0.0,2.3606966493901066e-05,EFA,GARCH11-t
2017-01-23,0.0,3.875518089399407e-05,EFA,GARCH11-t
2017-01-24,0.0,2.482647271896343e-05,EFA,GARCH11-t
2017-01-25,0.0,3.3470268413820795e-05,EFA,GARCH11-t
2017-01-26,0.0,4.154840780811921e-05,EFA,GARCH11-t
2017-01-27,0.0,5.1559045578120067e-05,EFA,GARCH11-t
2017-01-30,0.0,3.248601561630909e-05,EFA,GARCH11-t
2017-01-31,0.0,3.795195036239764e-05,EFA,GARCH11-t
2017-02-01,0.0,3.238687396501104e-05,EFA,GARCH11-t
2017-02-02,0.0,4.214146787284886e-05,EFA,GARCH11-t
2017-02-03,0.0,2.6196413734486867e-05,EFA,GARCH11-t
2017-02-06,0.0,2.59154856854137e-05,EFA,GARCH11-t
2017-02-07,0.0,3.272474373763507e-05,EFA,GARCH11-t
2017-02-08,0.0,2.7866778115327305e-05,EFA,GARCH11-t
2017-02-09,0.0,3.5751746640444916e-05,EFA,GARCH11-t
2017-02-10,0.0,3.608843331670459e-05,EFA,GARCH11-t
2017-02-13,0.0,2.2599316365708826e-05,EFA,GARCH11-t
2017-02-14,0.0,3.474111024740056e-05,EFA,GARCH11-t
2017-02-15,0.0,2.0359146975013756e-05,EFA,GARCH11-t
2017-02-16,0.0,2.0837235091166922e-05,EFA,GARCH11-t
2017-02-17,0.0,1.9448822222505678e-05,EFA,GARCH11-t
2017-02-21,0.0,1.8701442638330038e-05,EFA,GARCH11-t
2017-02-22,0.0,1.885822830140623e-05,EFA,GARCH11-t
2017-02-23,0.0,1.6736977285178842e-05,EFA,GARCH11-t
2017-02-24,0.0,2.577230820162436e-05,EFA,GARCH11-t
2017-02-27,0.0,2.5147303909297903e-05,EFA,GARCH11-t
2017-02-28,0.0,2.1796385964437236e-05,EFA,GARCH11-t
2017-03-01,0.0,2.9175183865505802e-05,EFA,GARCH11-t
2017-03-02,0.0,3.870148366126245e-05,EFA,GARCH11-t
2017-03-03,0.0,5.5455956784742976e-05,EFA,GARCH11-t
2017-03-06,0.0,5.382438168630697e-05,EFA,GARCH11-t
2017-03-07,0.0,4.619518674968233e-05,EFA,GARCH11-t
2017-03-08,0.0,4.101157324879013e-05,EFA,GARCH11-t
2017-03-09,0.0,3.8181336598280884e-05,EFA,GARCH11-t
2017-03-10,0.0,3.567291490904864e-05,EFA,GARCH11-t
2017-03-13,0.0,3.82222666707002e-05,EFA,GARCH11-t
2017-03-14,0.0,3.708903233049091e-05,EFA,GARCH11-t
2017-03-15,0.0,5.40560346409398e-05,EFA,GARCH11-t
2017-03-16,0.0,7.5625731406446e-05,EFA,GARCH11-t
2017-03-17,0.0,6.56662140447514e-05,EFA,GARCH11-t
2017-03-20,0.0,5.452450542490089e-05,EFA,GARCH11-t
2017-03-21,0.0,4.5398358445603855e-05,EFA,GARCH11-t
2017-03-22,0.0,4.149578680715232e-05,EFA,GARCH11-t
2017-03-23,0.0,3.436647317513213e-05,EFA,GARCH11-t
2017-03-24,0.0,2.9788775350076525e-05,EFA,GARCH11-t
2017-03-27,0.0,2.6710120989719745e-05,EFA,GARCH11-t
2017-03-28,0.0,2.413036538885474e-05,EFA,GARCH11-t
2017-03-29,0.0,3.1393034097971126e-05,EFA,GARCH11-t
2017-03-30,0.0,2.175599444629342e-05,EFA,GARCH11-t
2017-03-31,0.0,2.7731212159682606e-05,EFA,GARCH11-t
2017-04-03,0.0,1.9022293214807477e-05,EFA,GARCH11-t
2017-04-04,0.0,2.360949553842835e-05,EFA,GARCH11-t
2017-04-05,0.0,2.1116976131896866e-05,EFA,GARCH11-t
2017-04-06,0.0,1.940264271290504e-05,EFA,GARCH11-t
2017-04-07,0.0,1.6966215182946606e-05,EFA,GARCH11-t
2017-04-10,0.0,1.5075586216545488e-05,EFA,GARCH11-t
2017-04-11,0.0,2.0925236504847275e-05,EFA,GARCH11-t
2017-04-12,0.0,1.70021028717305e-05,EFA,GARCH11-t
2017-04-13,0.0,1.514611332573376e-05,EFA,GARCH11-t
2017-04-17,0.0,2.2030797249856733e-05,EFA,GARCH11-t
2017-04-18,0.0,2.658883301470642e-05,EFA,GARCH11-t
2017-04-19,0.0,2.6651014195037953e-05,EFA,GARCH11-t
2017-04-20,0.0,3.527476356641992e-05,EFA,GARCH11-t
2017-04-21,0.0,3.457742072442866e-05,EFA,GARCH11-t
2017-04-24,0.0,3.6442166225345555e-05,EFA,GARCH11-t
2017-04-25,0.0,0.0001497246014543787,EFA,GARCH11-t
2017-04-26,0.0,0.00012860966215245105,EFA,GARCH11-t
2017-04-27,0.0,0.00010375732143836298,EFA,GARCH11-t
2017-04-28,0.0,8.296370613750537e-05,EFA,GARCH11-t
2017-05-01,0.0,5.822778671828582e-05,EFA,GARCH11-t
2017-05-02,0.0,5.720655875138975e-05,EFA,GARCH11-t
2017-05-03,0.0,5.1720672785284216e-05,EFA,GARCH11-t
2017-05-04,0.0,4.289764415278285e-05,EFA,GARCH11-t
2017-05-05,0.0,5.481212916298191e-05,EFA,GARCH11-t
2017-05-08,0.0,6.76478470089255e-05,EFA,GARCH11-t
2017-05-09,0.0,6.933383150400086e-05,EFA,GARCH11-t
2017-05-10,0.0,5.439872715118475e-05,EFA,GARCH11-t
2017-05-11,0.0,4.4656873500039696e-05,EFA,GARCH11-t
2017-05-12,0.0,3.662228599433084e-05,EFA,GARCH11-t
2017-05-15,0.0,3.865905179430357e-05,EFA,GARCH11-t
2017-05-16,0.0,3.8996583970708105e-05,EFA,GARCH11-t
2017-05-17,0.0,3.805528443483122e-05,EFA,GARCH11-t
2017-05-18,0.0,7.046201621854696e-05,EFA,GARCH11-t
2017-05-19,0.0,4.7320151661871823e-05,EFA,GARCH11-t
2017-05-22,0.0,7.836213378154848e-05,EFA,GARCH11-t
2017-05-23,0.0,5.3143822576325525e-05,EFA,GARCH11-t
2017-05-24,0.0,4.137943653716605e-05,EFA,GARCH11-t
2017-05-25,0.0,3.319734022950615e-05,EFA,GARCH11-t
2017-05-26,0.0,2.8678873387232354e-05,EFA,GARCH11-t
2017-05-30,0.0,2.9184089226429942e-05,EFA,GARCH11-t
2017-05-31,0.0,2.2589751795314004e-05,EFA,GARCH11-t
2017-06-01,0.0,1.9678780859702138e-05,EFA,GARCH11-t
2017-06-02,0.0,3.313604824465826e-05,EFA,GARCH11-t
2017-06-05,0.0,4.559630992381308e-05,EFA,GARCH11-t
2017-06-06,0.0,4.7006275270370954e-05,EFA,GARCH11-t
2017-06-07,0.0,3.727628841116426e-05,EFA,GARCH11-t
2017-06-08,0.0,3.085571105171358e-05,EFA,GARCH11-t
2017-06-09,0.0,2.6341481809928452e-05,EFA,GARCH11-t
2017-06-12,0.0,3.156471540462414e-05,EFA,GARCH11-t
2017-06-13,0.0,2.398584455427132e-05,EFA,GARCH11-t
2017-06-14,0.0,3.6595434275290165e-05,EFA,GARCH11-t
2017-06-15,0.0,3.322211640767245e-05,EFA,GARCH11-t
2017-06-16,0.0,4.213772182961857e-05,EFA,GARCH11-t
2017-06-19,0.0,5.0470984355865587e-05,EFA,GARCH11-t
2017-06-20,0.0,5.039993027672015e-05,EFA,GARCH11-t
2017-06-21,0.0,6.02110890315473e-05,EFA,GARCH11-t
2017-06-22,0.0,5.0501036102430544e-05,EFA,GARCH11-t
2017-06-23,0.0,4.346477253196018e-05,EFA,GARCH11-t
2017-06-26,0.0,3.8767797958647594e-05,EFA,GARCH11-t
2017-06-27,0.0,2.577600388111464e-05,EFA,GARCH11-t
2017-06-28,0.0,2.3034666585564527e-05,EFA,GARCH11-t
2017-06-29,0.0,4.118557587896583e-05,EFA,GARCH11-t
2017-06-30,0.0,5.245190489026022e-05,EFA,GARCH11-t
2017-07-03,0.0,3.7488114826941396e-05,EFA,GARCH11-t
2017-07-05,0.0,3.15787252098803e-05,EFA,GARCH11-t
2017-07-06,0.0,2.6611514316002208e-05,EFA,GARCH11-t
2017-07-07,0.0,2.891976111562748e-05,EFA,GARCH11-t
2017-07-10,0.0,2.633450741710142e-05,EFA,GARCH11-t
2017-07-11,0.0,2.649411070704637e-05,EFA,GARCH11-t
2017-07-12,0.0,2.4806003792981706e-05,EFA,GARCH11-t
2017-07-13,0.0,3.5966323686830866e-05,EFA,GARCH11-t
2017-07-14,0.0,3.121419604264412e-05,EFA,GARCH11-t
2017-07-17,0.0,4.074401254537066e-05,EFA,GARCH11-t
2017-07-18,0.0,2.9794769206674586e-05,EFA,GARCH11-t
2017-07-19,0.0,2.6065822662855645e-05,EFA,GARCH11-t
2017-07-20,0.0,2.7755671259622e-05,EFA,GARCH11-t
2017-07-21,0.0,2.796390474569093e-05,EFA,GARCH11-t
2017-07-24,0.0,2.7902861740551175e-05,EFA,GARCH11-t
2017-07-25,0.0,2.6308370814837433e-05,EFA,GARCH11-t
2017-07-26,0.0,2.4407887105976464e-05,EFA,GARCH11-t
2017-07-27,0.0,3.070271789889347e-05,EFA,GARCH11-t
2017-07-28,0.0,2.7249952025250188e-05,EFA,GARCH11-t
2017-07-31,0.0,2.4669552837241674e-05,EFA,GARCH11-t
2017-08-01,0.0,2.45001430549684e-05,EFA,GARCH11-t
2017-08-02,0.0,2.8702837189935917e-05,EFA,GARCH11-t
2017-08-03,0.0,2.5553701967124965e-05,EFA,GARCH11-t
2017-08-04,0.0,2.363061252253874e-05,EFA,GARCH11-t
2017-08-07,0.0,2.353444642213227e-05,EFA,GARCH11-t
2017-08-08,0.0,2.2664604041872573e-05,EFA,GARCH11-t
2017-08-09,0.0,2.759949491362805e-05,EFA,GARCH11-t
2017-08-10,0.0,2.528576101831959e-05,EFA,GARCH11-t
2017-08-11,0.0,9.378765611901567e-05,EFA,GARCH11-t
2017-08-14,0.0,4.343252892719126e-05,EFA,GARCH11-t
2017-08-15,0.0,4.384913416176395e-05,EFA,GARCH11-t
2017-08-16,0.0,3.242844951474189e-05,EFA,GARCH11-t
2017-08-17,0.0,3.481388984906429e-05,EFA,GARCH11-t
2017-08-18,0.0,6.507809994201497e-05,EFA,GARCH11-t
2017-08-21,0.0,3.6763904340789496e-05,EFA,GARCH11-t
2017-08-22,0.0,2.7195882315070834e-05,EFA,GARCH11-t
2017-08-23,0.0,3.2277793141963934e-05,EFA,GARCH11-t
2017-08-24,0.0,2.6272548863950717e-05,EFA,GARCH11-t
2017-08-25,0.0,2.5046074534578078e-05,EFA,GARCH11-t
2017-08-28,0.0,3.073030042411466e-05,EFA,GARCH11-t
2017-08-29,0.0,3.151816848190494e-05,EFA,GARCH11-t
2017-08-30,0.0,3.125383669247875e-05,EFA,GARCH11-t
2017-08-31,0.0,2.745999338027542e-05,EFA,GARCH11-t
2017-09-01,0.0,2.949433136726015e-05,EFA,GARCH11-t
2017-09-05,0.0,3.1193315976862836e-05,EFA,GARCH11-t
2017-09-06,0.0,3.218572420290537e-05,EFA,GARCH11-t
2017-09-07,0.0,3.282092119528717e-05,EFA,GARCH11-t
2017-09-08,0.0,3.501385688070764e-05,EFA,GARCH11-t
2017-09-11,0.0,3.0057243010222846e-05,EFA,GARCH11-t
2017-09-12,0.0,3.047731138522867e-05,EFA,GARCH11-t
2017-09-13,0.0,3.0151566823138824e-05,EFA,GARCH11-t
2017-09-14,0.0,3.271843807457411e-05,EFA,GARCH11-t
2017-09-15,0.0,3.246675172215483e-05,EFA,GARCH11-t
2017-09-18,0.0,3.195008223836749e-05,EFA,GARCH11-t
2017-09-19,0.0,2.4803715355275368e-05,EFA,GARCH11-t
2017-09-20,0.0,2.7551840742024676e-05,EFA,GARCH11-t
2017-09-21,0.0,2.5537453977631166e-05,EFA,GARCH11-t
2017-09-22,0.0,2.3572529213491918e-05,EFA,GARCH11-t
2017-09-25,0.0,2.412205546966143e-05,EFA,GARCH11-t
2017-09-26,0.0,2.9079177111771582e-05,EFA,GARCH11-t
2017-09-27,0.0,2.7010263586274613e-05,EFA,GARCH11-t
2017-09-28,0.0,2.57847769521081e-05,EFA,GARCH11-t
2017-09-29,0.0,2.582720155352527e-05,EFA,GARCH11-t
2017-10-02,0.0,2.8226237820298828e-05,EFA,GARCH11-t
2017-10-03,0.0,2.5794194296908394e-05,EFA,GARCH11-t
2017-10-04,0.0,2.5963437658582818e-05,EFA,GARCH11-t
2017-10-05,0.0,2.5426083136334646e-05,EFA,GARCH11-t
2017-10-06,0.0,2.3090277784118168e-05,EFA,GARCH11-t
2017-10-09,0.0,2.4291440558883305e-05,EFA,GARCH11-t
2017-10-10,0.0,2.064218778133311e-05,EFA,GARCH11-t
2017-10-11,0.0,3.8668059774488564e-05,EFA,GARCH11-t
2017-10-12,0.0,2.5920444235392333e-05,EFA,GARCH11-t
2017-10-13,0.0,2.3494380671995725e-05,EFA,GARCH11-t
2017-10-16,0.0,2.6259259014005828e-05,EFA,GARCH11-t
2017-10-17,0.0,2.214146570500279e-05,EFA,GARCH11-t
2017-10-18,0.0,2.214350042133185e-05,EFA,GARCH11-t
2017-10-19,0.0,2.2208242758994355e-05,EFA,GARCH11-t
2017-10-20,0.0,2.1131197189652825e-05,EFA,GARCH11-t
2017-10-23,0.0,2.064565200984352e-05,EFA,GARCH11-t
2017-10-24,0.0,2.3324971817060576e-05,EFA,GARCH11-t
2017-10-25,0.0,2.2959012989899746e-05,EFA,GARCH11-t
2017-10-26,0.0,2.3308094372625953e-05,EFA,GARCH11-t
2017-10-27,0.0,2.0943844181139725e-05,EFA,GARCH11-t
2017-10-30,0.0,2.1330756575065724e-05,EFA,GARCH11-t
2017-10-31,0.0,2.145342090742808e-05,EFA,GARCH11-t
2017-11-01,0.0,2.3950993084582175e-05,EFA,GARCH11-t
2017-11-02,0.0,2.135321782359261e-05,EFA,GARCH11-t
2017-11-03,0.0,2.2092099786930453e-05,EFA,GARCH11-t
2017-11-06,0.0,2.1034963870576607e-05,EFA,GARCH11-t
2017-11-07,0.0,2.1621373503265858e-05,EFA,GARCH11-t
2017-11-08,0.0,2.212489521728582e-05,EFA,GARCH11-t
2017-11-09,0.0,2.2204568745758232e-05,EFA,GARCH11-t
2017-11-10,0.0,2.6735624760315606e-05,EFA,GARCH11-t
2017-11-13,0.0,2.2974026161329275e-05,EFA,GARCH11-t
2017-11-14,0.0,2.3808720567451657e-05,EFA,GARCH11-t
2017-11-15,0.0,2.0579308918256204e-05,EFA,GARCH11-t
2017-11-16,0.0,2.4145500664095333e-05,EFA,GARCH11-t
2017-11-17,0.0,3.3221037022782015e-05,EFA,GARCH11-t
2017-11-20,0.0,2.5730708716541832e-05,EFA,GARCH11-t
2017-11-21,0.0,2.377700224588866e-05,EFA,GARCH11-t
2017-11-22,0.0,2.803487861426292e-05,EFA,GARCH11-t
2017-11-24,0.0,2.48802662470919e-05,EFA,GARCH11-t
2017-11-27,0.0,3.0298396725851898e-05,EFA,GARCH11-t
2017-11-28,0.0,2.8571156773832815e-05,EFA,GARCH11-t
2017-11-29,0.0,2.7778453079084935e-05,EFA,GARCH11-t
2017-11-30,0.0,2.5712078094342683e-05,EFA,GARCH11-t
2017-12-01,0.0,2.3863009086610843e-05,EFA,GARCH11-t
2017-12-04,0.0,2.374675067987653e-05,EFA,GARCH11-t
2017-12-05,0.0,2.338017299986759e-05,EFA,GARCH11-t
2017-12-06,0.0,2.2054150343441394e-05,EFA,GARCH11-t
2017-12-07,0.0,2.123923555824305e-05,EFA,GARCH11-t
2017-12-08,0.0,2.1213702054858975e-05,EFA,GARCH11-t
2017-12-11,0.0,2.486633622831298e-05,EFA,GARCH11-t
2017-12-12,0.0,2.2627173106246648e-05,EFA,GARCH11-t
2017-12-13,0.0,2.1556911280270633e-05,EFA,GARCH11-t
2017-12-14,0.0,2.2147939809632314e-05,EFA,GARCH11-t
2017-12-15,0.0,2.387258660889963e-05,EFA,GARCH11-t
2017-12-18,0.0,2.109502805842307e-05,EFA,GARCH11-t
2017-12-19,0.0,3.429019032879467e-05,EFA,GARCH11-t
2017-12-20,0.0,2.7289561532377023e-05,EFA,GARCH11-t
2017-12-21,0.0,2.416403786779369e-05,EFA,GARCH11-t
2017-12-22,0.0,2.2826798015120457e-05,EFA,GARCH11-t
2017-12-26,0.0,2.23907868410565e-05,EFA,GARCH11-t
2017-12-27,0.0,2.2480884443871116e-05,EFA,GARCH11-t
2017-12-28,0.0,2.234134019407874e-05,EFA,GARCH11-t
2017-12-29,0.0,2.2097704820943293e-05,EFA,GARCH11-t
2018-01-02,0.0,2.022928654790198e-05,EFA,GARCH11-t
2018-01-03,0.0,2.480796829760049e-05,EFA,GARCH11-t
2018-01-04,0.0,2.425818796198165e-05,EFA,GARCH11-t
2018-01-05,0.0,2.8971621116763014e-05,EFA,GARCH11-t
2018-01-08,0.0,2.530063571838077e-05,EFA,GARCH11-t
2018-01-09,0.0,2.449127037120785e-05,EFA,GARCH11-t
2018-01-10,0.0,2.206340896695165e-05,EFA,GARCH11-t
2018-01-11,0.0,2.241898042849437e-05,EFA,GARCH11-t
2018-01-12,0.0,2.5136467811525697e-05,EFA,GARCH11-t
2018-01-16,0.0,3.053062688040351e-05,EFA,GARCH11-t
2018-01-17,0.0,2.4980172581593054e-05,EFA,GARCH11-t
2018-01-18,0.0,2.445730642501179e-05,EFA,GARCH11-t
2018-01-19,0.0,2.286301876194648e-05,EFA,GARCH11-t
2018-01-22,0.0,2.436198134052618e-05,EFA,GARCH11-t
2018-01-23,0.0,2.4569004050018823e-05,EFA,GARCH11-t
2018-01-24,0.0,2.350500770599894e-05,EFA,GARCH11-t
2018-01-25,0.0,2.2806265247442694e-05,EFA,GARCH11-t
2018-01-26,0.0,2.288730197459301e-05,EFA,GARCH11-t
2018-01-29,0.0,2.697613370121167e-05,EFA,GARCH11-t
2018-01-30,0.0,3.247880699829212e-05,EFA,GARCH11-t
2018-01-31,0.0,3.235907551535676e-05,EFA,GARCH11-t
2018-02-01,0.0,2.3963659403264624e-05,EFA,GARCH11-t
2018-02-02,0.0,2.3349321154129186e-05,EFA,GARCH11-t
2018-02-05,0.0,4.616373132911382e-05,EFA,GARCH11-t
2018-02-06,0.0,0.0004306194664224704,EFA,GARCH11-t
2018-02-07,0.0,0.00030062383140647906,EFA,GARCH11-t
2018-02-08,0.0,0.00018454340307177272,EFA,GARCH11-t
2018-02-09,0.0,0.000318118406726115,EFA,GARCH11-t
2018-02-12,0.0,0.00010663393312132657,EFA,GARCH11-t
2018-02-13,0.0,0.00012424818403333803,EFA,GARCH11-t
2018-02-14,0.0,0.00018451407417948917,EFA,GARCH11-t
2018-02-15,0.0,0.0001947274474266684,EFA,GARCH11-t
2018-02-16,0.0,0.00013939665608736254,EFA,GARCH11-t
2018-02-20,0.0,0.00010541686767406065,EFA,GARCH11-t
2018-02-21,0.0,9.638405509368294e-05,EFA,GARCH11-t
2018-02-22,0.0,7.634730115615746e-05,EFA,GARCH11-t
2018-02-23,0.0,6.116939862976174e-05,EFA,GARCH11-t
2018-02-26,0.0,5.844652579452942e-05,EFA,GARCH11-t
2018-02-27,0.0,6.37015414712081e-05,EFA,GARCH11-t
2018-02-28,0.0,9.466591759338934e-05,EFA,GARCH11-t
2018-03-01,0.0,8.617480636851073e-05,EFA,GARCH11-t
2018-03-02,0.0,0.00012353044871864157,EFA,GARCH11-t
2018-03-05,0.0,9.115971460338168e-05,EFA,GARCH11-t
2018-03-06,0.0,7.665519040606127e-05,EFA,GARCH11-t
2018-03-07,0.0,6.485502865599858e-05,EFA,GARCH11-t
2018-03-08,0.0,4.971049365147746e-05,EFA,GARCH11-t
2018-03-09,0.0,2.6627126227760508e-05,EFA,GARCH11-t
2018-03-12,0.0,4.559590933061093e-05,EFA,GARCH11-t
2018-03-13,0.0,3.1441582742927e-05,EFA,GARCH11-t
2018-03-14,0.0,3.613412264932344e-05,EFA,GARCH11-t
2018-03-15,0.0,3.068024174776175e-05,EFA,GARCH11-t
2018-03-16,0.0,3.364193427294386e-05,EFA,GARCH11-t
2018-03-19,0.0,2.1475985340383014e-05,EFA,GARCH11-t
2018-03-20,0.0,3.295454020111523e-05,EFA,GARCH11-t
2018-03-21,0.0,2.7273114833283278e-05,EFA,GARCH11-t
2018-03-22,0.0,2.3767012679348607e-05,EFA,GARCH11-t
2018-03-23,0.0,8.523801704613645e-05,EFA,GARCH11-t
2018-03-26,0.0,7.413037649039897e-05,EFA,GARCH11-t
2018-03-27,0.0,0.00013348891730070113,EFA,GARCH11-t
2018-03-28,0.0,0.00010123606543896022,EFA,GARCH11-t
2018-03-29,0.0,8.756934695244192e-05,EFA,GARCH11-t
2018-04-02,0.0,7.819288116480192e-05,EFA,GARCH11-t
2018-04-03,0.0,0.00010099941414222331,EFA,GARCH11-t
2018-04-04,0.0,8.353235350612505e-05,EFA,GARCH11-t
2018-04-05,0.0,6.553582083793949e-05,EFA,GARCH11-t
2018-04-06,0.0,5.931501545443938e-05,EFA,GARCH11-t
2018-04-09,0.0,5.494041008764051e-05,EFA,GARCH11-t
2018-04-10,0.0,6.043127990549125e-05,EFA,GARCH11-t
2018-04-11,0.0,6.654795025031077e-05,EFA,GARCH11-t
2018-04-12,0.0,5.47407535809128e-05,EFA,GARCH11-t
2018-04-13,0.0,4.569997995374541e-05,EFA,GARCH11-t
2018-04-16,0.0,3.713974023114039e-05,EFA,GARCH11-t
2018-04-17,0.0,3.596868034664708e-05,EFA,GARCH11-t
2018-04-18,0.0,2.9502498717496902e-05,EFA,GARCH11-t
2018-04-19,0.0,3.1521940506133204e-05,EFA,GARCH11-t
2018-04-20,0.0,2.9649045933010356e-05,EFA,GARCH11-t
2018-04-23,0.0,2.8296923852947703e-05,EFA,GARCH11-t
2018-04-24,0.0,2.4841754483734608e-05,EFA,GARCH11-t
2018-04-25,0.0,2.4648455560600875e-05,EFA,GARCH11-t
2018-04-26,0.0,2.2239100228309378e-05,EFA,GARCH11-t
2018-04-27,0.0,2.4452992089310377e-05,EFA,GARCH11-t
2018-04-30,0.0,2.2109155102590908e-05,EFA,GARCH11-t
2018-05-01,0.0,2.20534092169413e-05,EFA,GARCH11-t
2018-05-02,0.0,2.2400063953843227e-05,EFA,GARCH11-t
2018-05-03,0.0,2.0141259074785458e-05,EFA,GARCH11-t
2018-05-04,0.0,2.0499229260313497e-05,EFA,GARCH11-t
2018-05-07,0.0,2.1192466300172665e-05,EFA,GARCH11-t
2018-05-08,0.0,1.909859301792674e-05,EFA,GARCH11-t
2018-05-09,0.0,1.7671311139450386e-05,EFA,GARCH11-t
2018-05-10,0.0,1.6957786448994354e-05,EFA,GARCH11-t
2018-05-11,0.0,2.5220775201963994e-05,EFA,GARCH11-t
2018-05-14,0.0,2.3427051270836553e-05,EFA,GARCH11-t
2018-05-15,0.0,2.0077683337587457e-05,EFA,GARCH11-t
2018-05-16,0.0,2.9897269593857128e-05,EFA,GARCH11-t
2018-05-17,0.0,2.563495276631747e-05,EFA,GARCH11-t
2018-05-18,0.0,2.2598245610866788e-05,EFA,GARCH11-t
2018-05-21,0.0,2.277986619969875e-05,EFA,GARCH11-t
2018-05-22,0.0,2.669397107205764e-05,EFA,GARCH11-t
2018-05-23,0.0,2.3119689547541204e-05,EFA,GARCH11-t
2018-05-24,0.0,4.593070875965588e-05,EFA,GARCH11-t
2018-05-25,0.0,3.8410715471563254e-05,EFA,GARCH11-t
2018-05-29,0.0,3.9789648793361396e-05,EFA,GARCH11-t
2018-05-30,0.0,0.00011461011752488974,EFA,GARCH11-t
2018-05-31,0.0,0.00013287971592544878,EFA,GARCH11-t
2018-06-01,0.0,0.0001011116482604015,EFA,GARCH11-t
2018-06-04,0.0,9.342213582911608e-05,EFA,GARCH11-t
2018-06-05,0.0,7.166361067528602e-05,EFA,GARCH11-t
2018-06-06,0.0,5.178085679350419e-05,EFA,GARCH11-t
2018-06-07,0.0,5.9306824073823995e-05,EFA,GARCH11-t
2018-06-08,0.0,5.2582786460006134e-05,EFA,GARCH11-t
2018-06-11,0.0,4.166944284373938e-05,EFA,GARCH11-t
2018-06-12,0.0,3.899664615700356e-05,EFA,GARCH11-t
2018-06-13,0.0,3.9297078206431606e-05,EFA,GARCH11-t
2018-06-14,0.0,3.4433969280204683e-05,EFA,GARCH11-t
2018-06-15,0.0,2.961913917143826e-05,EFA,GARCH11-t
2018-06-18,0.0,2.822143627714642e-05,EFA,GARCH11-t
2018-06-19,0.0,3.417138857987949e-05,EFA,GARCH11-t
2018-06-20,0.0,4.4886767242011565e-05,EFA,GARCH11-t
2018-06-21,0.0,3.751865275059972e-05,EFA,GARCH11-t
2018-06-22,0.0,3.913766218307336e-05,EFA,GARCH11-t
2018-06-25,0.0,5.563775292676455e-05,EFA,GARCH11-t
2018-06-26,0.0,8.280831015826903e-05,EFA,GARCH11-t
2018-06-27,0.0,6.331335912316211e-05,EFA,GARCH11-t
2018-06-28,0.0,6.700341648254306e-05,EFA,GARCH11-t
2018-06-29,0.0,5.131635305347516e-05,EFA,GARCH11-t
2018-07-02,0.0,4.631640098502429e-05,EFA,GARCH11-t
2018-07-03,0.0,5.573017503143308e-05,EFA,GARCH11-t
2018-07-05,0.0,4.5553605022094886e-05,EFA,GARCH11-t
2018-07-06,0.0,5.412748238527766e-05,EFA,GARCH11-t
2018-07-09,0.0,4.982875562257831e-05,EFA,GARCH11-t
2018-07-10,0.0,5.809305890733767e-05,EFA,GARCH11-t
2018-07-11,0.0,4.549876828661815e-05,EFA,GARCH11-t
2018-07-12,0.0,9.384794225009578e-05,EFA,GARCH11-t
2018-07-13,0.0,8.253312509390262e-05,EFA,GARCH11-t
2018-07-16,0.0,6.460981134659006e-05,EFA,GARCH11-t
2018-07-17,0.0,5.01123782009441e-05,EFA,GARCH11-t
2018-07-18,0.0,4.0594755233857655e-05,EFA,GARCH11-t
2018-07-19,0.0,3.331031564704092e-05,EFA,GARCH11-t
2018-07-20,0.0,2.9040346785942417e-05,EFA,GARCH11-t
2018-07-23,0.0,2.9661500769904103e-05,EFA,GARCH11-t
2018-07-24,0.0,2.5629742014577547e-05,EFA,GARCH11-t
2018-07-25,0.0,2.9723020250082152e-05,EFA,GARCH11-t
2018-07-26,0.0,3.67818871454409e-05,EFA,GARCH11-t
2018-07-27,0.0,3.4694109868622206e-05,EFA,GARCH11-t
2018-07-30,0.0,2.9904818449160892e-05,EFA,GARCH11-t
2018-07-31,0.0,2.439138229989271e-05,EFA,GARCH11-t
2018-08-01,0.0,2.333172852416887e-05,EFA,GARCH11-t
2018-08-02,0.0,2.641998142515059e-05,EFA,GARCH11-t
2018-08-03,0.0,3.21334910585018e-05,EFA,GARCH11-t
2018-08-06,0.0,2.7481386422325402e-05,EFA,GARCH11-t
2018-08-07,0.0,2.7817677369694496e-05,EFA,GARCH11-t
2018-08-08,0.0,3.6593134765443495e-05,EFA,GARCH11-t
2018-08-09,0.0,3.068196796004511e-05,EFA,GARCH11-t
2018-08-10,0.0,2.6411188422279456e-05,EFA,GARCH11-t
2018-08-13,0.0,0.00012006394023173624,EFA,GARCH11-t
2018-08-14,0.0,8.203852688663968e-05,EFA,GARCH11-t
2018-08-15,0.0,6.238713948143345e-05,EFA,GARCH11-t
2018-08-16,0.0,9.125695497481888e-05,EFA,GARCH11-t
2018-08-17,0.0,7.877587637605067e-05,EFA,GARCH11-t
2018-08-20,0.0,6.520024720083779e-05,EFA,GARCH11-t
2018-08-21,0.0,5.830271826691965e-05,EFA,GARCH11-t
2018-08-22,0.0,5.313287904811657e-05,EFA,GARCH11-t
2018-08-23,0.0,4.524991579950465e-05,EFA,GARCH11-t
2018-08-24,0.0,4.7033764204572346e-05,EFA,GARCH11-t
2018-08-27,0.0,4.313432562378781e-05,EFA,GARCH11-t
2018-08-28,0.0,7.193742293567867e-05,EFA,GARCH11-t
2018-08-29,0.0,5.5677240086250437e-05,EFA,GARCH11-t
2018-08-30,0.0,5.00183451246818e-05,EFA,GARCH11-t
2018-08-31,0.0,5.9424913375110075e-05,EFA,GARCH11-t
2018-09-04,0.0,5.8897801861880215e-05,EFA,GARCH11-t
2018-09-05,0.0,6.217425325718003e-05,EFA,GARCH11-t
2018-09-06,0.0,6.481975138788096e-05,EFA,GARCH11-t
2018-09-07,0.0,5.2420863157904536e-05,EFA,GARCH11-t
2018-09-10,0.0,5.494892584805129e-05,EFA,GARCH11-t
2018-09-11,0.0,5.118246246522778e-05,EFA,GARCH11-t
2018-09-12,0.0,3.8986820076043744e-05,EFA,GARCH11-t
2018-09-13,0.0,3.7654711818837315e-05,EFA,GARCH11-t
2018-09-14,0.0,4.1664857646645895e-05,EFA,GARCH11-t
2018-09-17,0.0,3.544973518729617e-05,EFA,GARCH11-t
2018-09-18,0.0,3.0219192969749415e-05,EFA,GARCH11-t
2018-09-19,0.0,4.8258857142994905e-05,EFA,GARCH11-t
2018-09-20,0.0,4.157213875715141e-05,EFA,GARCH11-t
2018-09-21,0.0,6.493422328073594e-05,EFA,GARCH11-t
2018-09-24,0.0,5.082685713368359e-05,EFA,GARCH11-t
2018-09-25,0.0,4.5030958006576514e-05,EFA,GARCH11-t
2018-09-26,0.0,4.1782639824557174e-05,EFA,GARCH11-t
2018-09-27,0.0,3.4603755753914705e-05,EFA,GARCH11-t
2018-09-28,0.0,2.9020469416307067e-05,EFA,GARCH11-t
2018-10-01,0.0,4.016229492177191e-05,EFA,GARCH11-t
2018-10-02,0.0,3.370968550955874e-05,EFA,GARCH11-t
2018-10-03,0.0,3.429551505208958e-05,EFA,GARCH11-t
2018-10-04,0.0,2.9985539680991355e-05,EFA,GARCH11-t
2018-10-05,0.0,5.2508915441043424e-05,EFA,GARCH11-t
2018-10-08,0.0,5.0583288416997675e-05,EFA,GARCH11-t
2018-10-09,0.0,4.552944011819711e-05,EFA,GARCH11-t
2018-10-10,0.0,3.863929594643542e-05,EFA,GARCH11-t
2018-10-11,0.0,0.0001251388746346122,EFA,GARCH11-t
2018-10-12,0.0,0.00013290065181822662,EFA,GARCH11-t
2018-10-15,0.0,0.00010991032849326626,EFA,GARCH11-t
2018-10-16,0.0,7.766026499024935e-05,EFA,GARCH11-t
2018-10-17,0.0,0.00011797259367190782,EFA,GARCH11-t
2018-10-18,0.0,0.00010533386720839852,EFA,GARCH11-t
2018-10-19,0.0,0.00012783016888628202,EFA,GARCH11-t
2018-10-22,0.0,0.0001005359570465918,EFA,GARCH11-t
2018-10-23,0.0,8.290131776271916e-05,EFA,GARCH11-t
2018-10-24,0.0,8.692623561553529e-05,EFA,GARCH11-t
2018-10-25,0.0,0.00024991480289436276,EFA,GARCH11-t
2018-10-26,0.0,0.00021736113534136312,EFA,GARCH11-t
2018-10-29,0.0,0.0001610060805268324,EFA,GARCH11-t
2018-10-30,0.0,0.00012169887313144303,EFA,GARCH11-t
2018-10-31,0.0,0.00012348941102178384,EFA,GARCH11-t
2018-11-01,0.0,0.00010527263599550637,EFA,GARCH11-t
2018-11-02,0.0,0.00011734128384233985,EFA,GARCH11-t
2018-11-05,0.0,8.634176134825884e-05,EFA,GARCH11-t
2018-11-06,0.0,6.869963766334455e-05,EFA,GARCH11-t
2018-11-07,0.0,5.645441738810171e-05,EFA,GARCH11-t
2018-11-08,0.0,8.203203788792948e-05,EFA,GARCH11-t
2018-11-09,0.0,8.552557999233688e-05,EFA,GARCH11-t
2018-11-12,0.0,7.660960371584764e-05,EFA,GARCH11-t
2018-11-13,0.0,0.00011601038332146328,EFA,GARCH11-t
2018-11-14,0.0,9.359512778820016e-05,EFA,GARCH11-t
2018-11-15,0.0,7.423302087305221e-05,EFA,GARCH11-t
2018-11-16,0.0,6.34249297562386e-05,EFA,GARCH11-t
2018-11-19,0.0,5.12800578447316e-05,EFA,GARCH11-t
2018-11-20,0.0,5.843551485057012e-05,EFA,GARCH11-t
2018-11-21,0.0,0.00010743482992331594,EFA,GARCH11-t
2018-11-23,0.0,0.00011596147100995333,EFA,GARCH11-t
2018-11-26,0.0,9.85923984689575e-05,EFA,GARCH11-t
2018-11-27,0.0,0.00011911450626006368,EFA,GARCH11-t
2018-11-28,0.0,9.556410687327041e-05,EFA,GARCH11-t
2018-11-29,0.0,0.0001227545489872717,EFA,GARCH11-t
2018-11-30,0.0,0.00010104003179978043,EFA,GARCH11-t
2018-12-03,0.0,7.863080838923372e-05,EFA,GARCH11-t
2018-12-04,0.0,9.574169362004e-05,EFA,GARCH11-t
2018-12-06,0.0,0.00022517730616769402,EFA,GARCH11-t
2018-12-07,0.0,0.0001714258502946012,EFA,GARCH11-t
2018-12-10,0.0,0.00014927231182267924,EFA,GARCH11-t
2018-12-11,0.0,0.000137421448232987,EFA,GARCH11-t
2018-12-12,0.0,0.00010818896383393684,EFA,GARCH11-t
2018-12-13,0.0,0.00012100630076966925,EFA,GARCH11-t
2018-12-14,0.0,0.00010042764386786588,EFA,GARCH11-t
2018-12-17,0.0,0.00010617985103927628,EFA,GARCH11-t
2018-12-18,0.0,9.694472486057553e-05,EFA,GARCH11-t
2018-12-19,0.0,7.471840071199675e-05,EFA,GARCH11-t
2018-12-20,0.0,8.528502121377854e-05,EFA,GARCH11-t
2018-12-21,0.0,7.087463309779401e-05,EFA,GARCH11-t
2018-12-24,0.0,0.00012192040609068625,EFA,GARCH11-t
2018-12-26,0.0,0.00011426498415491228,EFA,GARCH11-t
2018-12-27,0.0,0.00018765193345228291,EFA,GARCH11-t
2018-12-28,0.0,0.00015803704160633234,EFA,GARCH11-t
2018-12-31,0.0,0.00012491590798881268,EFA,GARCH11-t
2019-01-02,0.0,9.800863017703245e-05,EFA,GARCH11-t
2019-01-03,0.0,7.97777226022163e-05,EFA,GARCH11-t
2019-01-04,0.0,7.784747813534049e-05,EFA,GARCH11-t
2019-01-07,0.0,0.00022212992737444818,EFA,GARCH11-t
2019-01-08,0.0,0.0001965911257527975,EFA,GARCH11-t
2019-01-09,0.0,0.00014700303059399095,EFA,GARCH11-t
2019-01-10,0.0,0.00013886024989978618,EFA,GARCH11-t
2019-01-11,0.0,0.0001160248102167215,EFA,GARCH11-t
2019-01-14,0.0,0.00010833115506606823,EFA,GARCH11-t
2019-01-15,0.0,9.189310695086826e-05,EFA,GARCH11-t
2019-01-16,0.0,7.398474155541992e-05,EFA,GARCH11-t
2019-01-17,0.0,6.939551333357073e-05,EFA,GARCH11-t
2019-01-18,0.0,5.649699951019676e-05,EFA,GARCH11-t
2019-01-22,0.0,6.750231342132194e-05,EFA,GARCH11-t
2019-01-23,0.0,9.70849879673588e-05,EFA,GARCH11-t
2019-01-24,0.0,8.603703260403304e-05,EFA,GARCH11-t
2019-01-25,0.0,7.629190335643595e-05,EFA,GARCH11-t
2019-01-28,0.0,8.252397406638613e-05,EFA,GARCH11-t
2019-01-29,0.0,7.752620330347467e-05,EFA,GARCH11-t
2019-01-30,0.0,7.08645268201957e-05,EFA,GARCH11-t
2019-01-31,0.0,7.103303776890855e-05,EFA,GARCH11-t
2019-02-01,0.0,6.3394978698014e-05,EFA,GARCH11-t
2019-02-04,0.0,6.44708360666101e-05,EFA,GARCH11-t
2019-02-05,0.0,6.136199140039423e-05,EFA,GARCH11-t
2019-02-06,0.0,6.283614642099586e-05,EFA,GARCH11-t
2019-02-07,0.0,5.753849547321193e-05,EFA,GARCH11-t
2019-02-08,0.0,7.119020780501934e-05,EFA,GARCH11-t
2019-02-11,0.0,6.528027851583654e-05,EFA,GARCH11-t
2019-02-12,0.0,5.7218262201872986e-05,EFA,GARCH11-t
2019-02-13,0.0,6.741951207952261e-05,EFA,GARCH11-t
2019-02-14,0.0,6.073992756658252e-05,EFA,GARCH11-t
2019-02-15,0.0,5.57160919495725e-05,EFA,GARCH11-t
2019-02-19,0.0,7.102963077350338e-05,EFA,GARCH11-t
2019-02-20,0.0,6.626359998374246e-05,EFA,GARCH11-t
2019-02-21,0.0,6.0857401678756544e-05,EFA,GARCH11-t
2019-02-22,0.0,5.600448011819104e-05,EFA,GARCH11-t
2019-02-25,0.0,5.289521133457014e-05,EFA,GARCH11-t
2019-02-26,0.0,5.0189652213582035e-05,EFA,GARCH11-t
2019-02-27,0.0,4.941481025023827e-05,EFA,GARCH11-t
2019-02-28,0.0,4.71666951831932e-05,EFA,GARCH11-t
2019-03-01,0.0,4.516189677573784e-05,EFA,GARCH11-t
2019-03-04,0.0,4.5854977501277226e-05,EFA,GARCH11-t
2019-03-05,0.0,4.439901361321596e-05,EFA,GARCH11-t
2019-03-06,0.0,4.2326253916309624e-05,EFA,GARCH11-t
2019-03-07,0.0,3.8393968022205265e-05,EFA,GARCH11-t
2019-03-08,0.0,5.439069432094054e-05,EFA,GARCH11-t
2019-03-11,0.0,5.1285053752169146e-05,EFA,GARCH11-t
2019-03-12,0.0,5.594348900416408e-05,EFA,GARCH11-t
2019-03-13,0.0,5.153959105118309e-05,EFA,GARCH11-t
2019-03-14,0.0,5.5511110211029706e-05,EFA,GARCH11-t
2019-03-15,0.0,5.116169920922525e-05,EFA,GARCH11-t
2019-03-18,0.0,5.9613884453474814e-05,EFA,GARCH11-t
2019-03-19,0.0,5.581879151322276e-05,EFA,GARCH11-t
2019-03-20,0.0,5.1549587072541795e-05,EFA,GARCH11-t
2019-03-21,0.0,4.7728362331150666e-05,EFA,GARCH11-t
2019-03-22,0.0,4.449645364384681e-05,EFA,GARCH11-t
2019-03-25,0.0,8.165370353566039e-05,EFA,GARCH11-t
2019-03-26,0.0,6.793066016022277e-05,EFA,GARCH11-t
2019-03-27,0.0,5.810503527327967e-05,EFA,GARCH11-t
2019-03-28,0.0,5.652767218838335e-05,EFA,GARCH11-t
2019-03-29,0.0,5.2621504079758515e-05,EFA,GARCH11-t
2019-04-01,0.0,5.117712794675862e-05,EFA,GARCH11-t
2019-04-02,0.0,5.999404846058414e-05,EFA,GARCH11-t
2019-04-03,0.0,5.392278506135193e-05,EFA,GARCH11-t
2019-04-04,0.0,5.4482158752341965e-05,EFA,GARCH11-t
2019-04-05,0.0,5.220907141987311e-05,EFA,GARCH11-t
2019-04-08,0.0,5.2230578808144236e-05,EFA,GARCH11-t
2019-04-09,0.0,4.9109737166981185e-05,EFA,GARCH11-t
2019-04-10,0.0,4.789841410683494e-05,EFA,GARCH11-t
2019-04-11,0.0,4.6466642447560596e-05,EFA,GARCH11-t
2019-04-12,0.0,4.689273977295422e-05,EFA,GARCH11-t
2019-04-15,0.0,4.5363055083406667e-05,EFA,GARCH11-t
2019-04-16,0.0,4.55860129395845e-05,EFA,GARCH11-t
2019-04-17,0.0,4.410727331293362e-05,EFA,GARCH11-t
2019-04-18,0.0,3.949495547412253e-05,EFA,GARCH11-t
2019-04-22,0.0,3.941363864968666e-05,EFA,GARCH11-t
2019-04-23,0.0,3.3892371939985836e-05,EFA,GARCH11-t
2019-04-24,0.0,3.5637807028048214e-05,EFA,GARCH11-t
2019-04-25,0.0,3.6311148666270536e-05,EFA,GARCH11-t
2019-04-26,0.0,3.238489415602207e-05,EFA,GARCH11-t
2019-04-29,0.0,3.711366510877117e-05,EFA,GARCH11-t
2019-04-30,0.0,3.27107444613051e-05,EFA,GARCH11-t
2019-05-01,0.0,3.447136262235091e-05,EFA,GARCH11-t
2019-05-02,0.0,3.50205013297145e-05,EFA,GARCH11-t
2019-05-03,0.0,3.3980783993619085e-05,EFA,GARCH11-t
2019-05-06,0.0,3.9615871100042386e-05,EFA,GARCH11-t
2019-05-07,0.0,4.396811209520399e-05,EFA,GARCH11-t
2019-05-08,0.0,7.321942539013142e-05,EFA,GARCH11-t
2019-05-09,0.0,5.55270065697195e-05,EFA,GARCH11-t
2019-05-10,0.0,5.408066138026555e-05,EFA,GARCH11-t
2019-05-13,0.0,5.442212457266864e-05,EFA,GARCH11-t
2019-05-14,0.0,9.213179669169489e-05,EFA,GARCH11-t
2019-05-15,0.0,9.05246180385548e-05,EFA,GARCH11-t
2019-05-16,0.0,8.462991264285077e-05,EFA,GARCH11-t
2019-05-17,0.0,8.220005438583188e-05,EFA,GARCH11-t
2019-05-20,0.0,7.920289596812995e-05,EFA,GARCH11-t
2019-05-21,0.0,7.633088585702801e-05,EFA,GARCH11-t
2019-05-22,0.0,7.327837212297169e-05,EFA,GARCH11-t
2019-05-23,0.0,6.810801102252007e-05,EFA,GARCH11-t
2019-05-24,0.0,6.876983343845656e-05,EFA,GARCH11-t
2019-05-28,0.0,7.124868404328292e-05,EFA,GARCH11-t
2019-05-29,0.0,7.431074049422158e-05,EFA,GARCH11-t
2019-05-30,0.0,7.233702274689282e-05,EFA,GARCH11-t
2019-05-31,0.0,6.75375728598154e-05,EFA,GARCH11-t
2019-06-03,0.0,6.818194711207018e-05,EFA,GARCH11-t
2019-06-04,0.0,6.647541341414006e-05,EFA,GARCH11-t
2019-06-05,0.0,6.974254193670837e-05,EFA,GARCH11-t
2019-06-06,0.0,6.623929252047707e-05,EFA,GARCH11-t
2019-06-07,0.0,6.38110424495694e-05,EFA,GARCH11-t
2019-06-10,0.0,6.87384378530666e-05,EFA,GARCH11-t
2019-06-11,0.0,6.566531024108929e-05,EFA,GARCH11-t
2019-06-12,0.0,6.373794764797207e-05,EFA,GARCH11-t
2019-06-13,0.0,6.345431213674071e-05,EFA,GARCH11-t
2019-06-14,0.0,6.0400966229472617e-05,EFA,GARCH11-t
2019-06-17,0.0,6.219506962300687e-05,EFA,GARCH11-t
2019-06-18,0.0,5.905654915445049e-05,EFA,GARCH11-t
2019-06-19,0.0,6.37911420452733e-05,EFA,GARCH11-t
2019-06-20,0.0,6.470353040614334e-05,EFA,GARCH11-t
2019-06-21,0.0,6.34271453490259e-05,EFA,GARCH11-t
2019-06-24,0.0,6.120118894976938e-05,EFA,GARCH11-t
2019-06-25,0.0,5.997591469997933e-05,EFA,GARCH11-t
2019-06-26,0.0,5.8941208873220176e-05,EFA,GARCH11-t
2019-06-27,0.0,5.482332817488988e-05,EFA,GARCH11-t
2019-06-28,0.0,5.417865653060352e-05,EFA,GARCH11-t
2019-07-01,0.0,5.377566026912863e-05,EFA,GARCH11-t
2019-07-02,0.0,5.213118701314112e-05,EFA,GARCH11-t
2019-07-03,0.0,5.010955444974271e-05,EFA,GARCH11-t
2019-07-05,0.0,5.04684456855584e-05,EFA,GARCH11-t
2019-07-08,0.0,5.113361271129078e-05,EFA,GARCH11-t
2019-07-09,0.0,5.100159617147128e-05,EFA,GARCH11-t
2019-07-10,0.0,4.949526182203592e-05,EFA,GARCH11-t
2019-07-11,0.0,4.7904168594972185e-05,EFA,GARCH11-t
2019-07-12,0.0,4.609461130357915e-05,EFA,GARCH11-t
2019-07-15,0.0,4.469901820951742e-05,EFA,GARCH11-t
2019-07-16,0.0,3.604588500290056e-05,EFA,GARCH11-t
2019-07-17,0.0,3.967752764565004e-05,EFA,GARCH11-t
2019-07-18,0.0,3.293801166958698e-05,EFA,GARCH11-t
2019-07-19,0.0,3.892876990701064e-05,EFA,GARCH11-t
2019-07-22,0.0,3.7275163395456214e-05,EFA,GARCH11-t
2019-07-23,0.0,3.605616517612889e-05,EFA,GARCH11-t
2019-07-24,0.0,3.682982033610864e-05,EFA,GARCH11-t
2019-07-25,0.0,3.120450462714146e-05,EFA,GARCH11-t
2019-07-26,0.0,3.9741564392197024e-05,EFA,GARCH11-t
2019-07-29,0.0,3.8442462337145004e-05,EFA,GARCH11-t
2019-07-30,0.0,3.730098089220867e-05,EFA,GARCH11-t
2019-07-31,0.0,4.2841872730227745e-05,EFA,GARCH11-t
2019-08-01,0.0,4.3219078166993387e-05,EFA,GARCH11-t
2019-08-02,0.0,4.226241824149541e-05,EFA,GARCH11-t
2019-08-05,0.0,4.468513297929875e-05,EFA,GARCH11-t
2019-08-06,0.0,9.038299477742996e-05,EFA,GARCH11-t
2019-08-07,0.0,8.62363166963956e-05,EFA,GARCH11-t
2019-08-08,0.0,8.860954944831679e-05,EFA,GARCH11-t
2019-08-09,0.0,8.070503012317626e-05,EFA,GARCH11-t
2019-08-12,0.0,8.453866632103735e-05,EFA,GARCH11-t
2019-08-13,0.0,8.117069181998724e-05,EFA,GARCH11-t
2019-08-14,0.0,8.081818380776298e-05,EFA,GARCH11-t
2019-08-15,0.0,0.00015012426475111796,EFA,GARCH11-t
2019-08-16,0.0,0.00011689994361676964,EFA,GARCH11-t
2019-08-19,0.0,0.0001178984482264572,EFA,GARCH11-t
2019-08-20,0.0,0.00011035133583326188,EFA,GARCH11-t
2019-08-21,0.0,9.854082077876844e-05,EFA,GARCH11-t
2019-08-22,0.0,9.166012468998234e-05,EFA,GARCH11-t
2019-08-23,0.0,8.452097161197113e-05,EFA,GARCH11-t
2019-08-26,0.0,8.645553076556801e-05,EFA,GARCH11-t
2019-08-27,0.0,8.319688011276941e-05,EFA,GARCH11-t
2019-08-28,0.0,7.384314995160492e-05,EFA,GARCH11-t
2019-08-29,0.0,6.599867899451869e-05,EFA,GARCH11-t
2019-08-30,0.0,6.756853931752734e-05,EFA,GARCH11-t
2019-09-03,0.0,6.283158732087009e-05,EFA,GARCH11-t
2019-09-04,0.0,5.768120847320123e-05,EFA,GARCH11-t
2019-09-05,0.0,7.322392469462122e-05,EFA,GARCH11-t
2019-09-06,0.0,6.854640780700907e-05,EFA,GARCH11-t
2019-09-09,0.0,6.29819581770912e-05,EFA,GARCH11-t
2019-09-10,0.0,5.844800968364631e-05,EFA,GARCH11-t
2019-09-11,0.0,5.4122256782099254e-05,EFA,GARCH11-t
2019-09-12,0.0,5.352550774214367e-05,EFA,GARCH11-t
2019-09-13,0.0,5.613120603072003e-05,EFA,GARCH11-t
2019-09-16,0.0,5.3126639894928555e-05,EFA,GARCH11-t
2019-09-17,0.0,5.782205803941604e-05,EFA,GARCH11-t
2019-09-18,0.0,5.6905577980226096e-05,EFA,GARCH11-t
2019-09-19,0.0,5.1039192763329594e-05,EFA,GARCH11-t
2019-09-20,0.0,4.8967389687967476e-05,EFA,GARCH11-t
2019-09-23,0.0,4.821811855140332e-05,EFA,GARCH11-t
2019-09-24,0.0,4.5027067632187144e-05,EFA,GARCH11-t
2019-09-25,0.0,4.4623136930720495e-05,EFA,GARCH11-t
2019-09-26,0.0,4.36390774118262e-05,EFA,GARCH11-t
2019-09-27,0.0,4.3356095698089416e-05,EFA,GARCH11-t
2019-09-30,0.0,3.7954339344111075e-05,EFA,GARCH11-t
2019-10-01,0.0,3.6524265571720097e-05,EFA,GARCH11-t
2019-10-02,0.0,4.116188699094302e-05,EFA,GARCH11-t
2019-10-03,0.0,8.347823107828165e-05,EFA,GARCH11-t
2019-10-04,0.0,6.646848112528767e-05,EFA,GARCH11-t
2019-10-07,0.0,6.64003914251879e-05,EFA,GARCH11-t
2019-10-08,0.0,6.313938399283396e-05,EFA,GARCH11-t
2019-10-09,0.0,6.4655991011064e-05,EFA,GARCH11-t
2019-10-10,0.0,7.186927090528938e-05,EFA,GARCH11-t
2019-10-11,0.0,6.979521289619325e-05,EFA,GARCH11-t
2019-10-14,0.0,8.916570121279668e-05,EFA,GARCH11-t
2019-10-15,0.0,8.162129941219175e-05,EFA,GARCH11-t
2019-10-16,0.0,8.798550447495308e-05,EFA,GARCH11-t
2019-10-17,0.0,7.784433311867203e-05,EFA,GARCH11-t
2019-10-18,0.0,6.872388954549427e-05,EFA,GARCH11-t
2019-10-21,0.0,6.26049719370673e-05,EFA,GARCH11-t
2019-10-22,0.0,5.97363110734622e-05,EFA,GARCH11-t
2019-10-23,0.0,5.532864751723277e-05,EFA,GARCH11-t
2019-10-24,0.0,5.420315772462565e-05,EFA,GARCH11-t
2019-10-25,0.0,4.7567115406944486e-05,EFA,GARCH11-t
2019-10-28,0.0,4.586208325536965e-05,EFA,GARCH11-t
2019-10-29,0.0,4.505828295169658e-05,EFA,GARCH11-t
2019-10-30,0.0,4.255488162674206e-05,EFA,GARCH11-t
2019-10-31,0.0,4.2359542581461936e-05,EFA,GARCH11-t
2019-11-01,0.0,3.984268148857608e-05,EFA,GARCH11-t
2019-11-04,0.0,4.630626719058461e-05,EFA,GARCH11-t
2019-11-05,0.0,4.6512473100776346e-05,EFA,GARCH11-t
2019-11-06,0.0,4.405277573834355e-05,EFA,GARCH11-t
2019-11-07,0.0,4.112117460331192e-05,EFA,GARCH11-t
2019-11-08,0.0,4.080058169761175e-05,EFA,GARCH11-t
2019-11-11,0.0,3.880098765863209e-05,EFA,GARCH11-t
2019-11-12,0.0,3.7431736363902865e-05,EFA,GARCH11-t
2019-11-13,0.0,3.624644808967649e-05,EFA,GARCH11-t
2019-11-14,0.0,3.606803559744984e-05,EFA,GARCH11-t
2019-11-15,0.0,3.401103647807949e-05,EFA,GARCH11-t
2019-11-18,0.0,3.569511504922045e-05,EFA,GARCH11-t
2019-11-19,0.0,3.58092125807426e-05,EFA,GARCH11-t
2019-11-20,0.0,3.2243796926401066e-05,EFA,GARCH11-t
2019-11-21,0.0,3.9359982346314625e-05,EFA,GARCH11-t
2019-11-22,0.0,3.730316485909356e-05,EFA,GARCH11-t
2019-11-25,0.0,3.6376785204227585e-05,EFA,GARCH11-t
2019-11-26,0.0,4.144506438949139e-05,EFA,GARCH11-t
2019-11-27,0.0,3.880159056376108e-05,EFA,GARCH11-t
2019-11-29,0.0,3.7680157339513554e-05,EFA,GARCH11-t
2019-12-02,0.0,3.7898196793290656e-05,EFA,GARCH11-t
2019-12-03,0.0,4.113573218259152e-05,EFA,GARCH11-t
2019-12-04,0.0,3.735094900896596e-05,EFA,GARCH11-t
2019-12-05,0.0,4.212411279200044e-05,EFA,GARCH11-t
2019-12-06,0.0,4.182238969535696e-05,EFA,GARCH11-t
2019-12-09,0.0,4.725922300200622e-05,EFA,GARCH11-t
2019-12-10,0.0,4.295465949603635e-05,EFA,GARCH11-t
2019-12-11,0.0,4.22671297429113e-05,EFA,GARCH11-t
2019-12-12,0.0,4.012107871318822e-05,EFA,GARCH11-t
2019-12-13,0.0,4.3373861327022977e-05,EFA,GARCH11-t
2019-12-16,0.0,4.504494638083346e-05,EFA,GARCH11-t
2019-12-17,0.0,5.1514725729459724e-05,EFA,GARCH11-t
2019-12-18,0.0,5.090333915845577e-05,EFA,GARCH11-t
2019-12-19,0.0,4.635392420324621e-05,EFA,GARCH11-t
2019-12-20,0.0,4.017880746492064e-05,EFA,GARCH11-t
2019-12-23,0.0,3.9330596629307e-05,EFA,GARCH11-t
2019-12-24,0.0,3.652663518068826e-05,EFA,GARCH11-t
2019-12-26,0.0,3.434893739881316e-05,EFA,GARCH11-t
2019-12-27,0.0,3.295136037661152e-05,EFA,GARCH11-t
2019-12-30,0.0,3.219363028091008e-05,EFA,GARCH11-t
2019-12-31,0.0,3.646601502696922e-05,EFA,GARCH11-t
2020-01-02,0.0,3.567196245629278e-05,EFA,GARCH11-t
2020-01-03,0.0,4.023445486944663e-05,EFA,GARCH11-t
2020-01-06,0.0,5.1803010095147224e-05,EFA,GARCH11-t
2020-01-07,0.0,5.089771803202892e-05,EFA,GARCH11-t
2020-01-08,0.0,4.611412326716117e-05,EFA,GARCH11-t
2020-01-09,0.0,4.2573167798069765e-05,EFA,GARCH11-t
2020-01-10,0.0,4.0562656572719515e-05,EFA,GARCH11-t
2020-01-13,0.0,3.7256939352056884e-05,EFA,GARCH11-t
2020-01-14,0.0,3.755837354414306e-05,EFA,GARCH11-t
2020-01-15,0.0,3.529186429095702e-05,EFA,GARCH11-t
2020-01-16,0.0,3.396214559598401e-05,EFA,GARCH11-t
2020-01-17,0.0,3.2055117008694906e-05,EFA,GARCH11-t
2020-01-21,0.0,3.121093782529564e-05,EFA,GARCH11-t
2020-01-22,0.0,3.7022746307368564e-05,EFA,GARCH11-t
2020-01-23,0.0,3.397987676206477e-05,EFA,GARCH11-t
2020-01-24,0.0,3.181963112685692e-05,EFA,GARCH11-t
2020-01-27,0.0,3.328209327377547e-05,EFA,GARCH11-t
2020-01-28,0.0,7.27292466881568e-05,EFA,GARCH11-t
2020-01-29,0.0,7.322269937046021e-05,EFA,GARCH11-t
2020-01-30,0.0,6.10267311562716e-05,EFA,GARCH11-t
2020-01-31,0.0,5.4520922386620384e-05,EFA,GARCH11-t
2020-02-03,0.0,7.844459312988787e-05,EFA,GARCH11-t
2020-02-04,0.0,6.757868919505149e-05,EFA,GARCH11-t
2020-02-05,0.0,8.671134328872143e-05,EFA,GARCH11-t
2020-02-06,0.0,8.323337486274456e-05,EFA,GARCH11-t
2020-02-07,0.0,7.270782246632399e-05,EFA,GARCH11-t
2020-02-10,0.0,7.180224877718723e-05,EFA,GARCH11-t
2020-02-11,0.0,6.48350007272059e-05,EFA,GARCH11-t
2020-02-12,0.0,5.9042183891530755e-05,EFA,GARCH11-t
2020-02-13,0.0,5.6158562449319595e-05,EFA,GARCH11-t
2020-02-14,0.0,5.298118144773775e-05,EFA,GARCH11-t
2020-02-18,0.0,4.6398856668204485e-05,EFA,GARCH11-t
2020-02-19,0.0,4.6925078360875584e-05,EFA,GARCH11-t
2020-02-20,0.0,4.353595368578441e-05,EFA,GARCH11-t
2020-02-21,0.0,4.258269803626839e-05,EFA,GARCH11-t
2020-02-24,0.0,4.2668268478849604e-05,EFA,GARCH11-t
2020-02-25,0.0,0.00013119621600035878,EFA,GARCH11-t
2020-02-26,0.0,0.00013148744348149524,EFA,GARCH11-t
2020-02-27,0.0,0.00011734491242613273,EFA,GARCH11-t
2020-02-28,0.0,0.00022998024327474436,EFA,GARCH11-t
2020-03-02,0.0,0.00019366262468002019,EFA,GARCH11-t
2020-03-03,0.0,0.00019485823458214067,EFA,GARCH11-t
2020-03-04,0.0,0.00015461213097680494,EFA,GARCH11-t
2020-03-05,0.0,0.00028551697360731606,EFA,GARCH11-t
2020-03-06,0.0,0.0002547716928042259,EFA,GARCH11-t
2020-03-09,0.0,0.00023338893819819858,EFA,GARCH11-t
2020-03-10,0.0,0.0014959746745283212,EFA,GARCH11-t
2020-03-11,0.0,0.0013465678237447988,EFA,GARCH11-t
2020-03-12,0.0,0.0011061716125693164,EFA,GARCH11-t
2020-03-13,0.0,0.0040681101439232,EFA,GARCH11-t
2020-03-16,0.0,0.004506667818114415,EFA,GARCH11-t
2020-03-17,0.0,0.005239254497401994,EFA,GARCH11-t
2020-03-18,0.0,0.004438150725037173,EFA,GARCH11-t
2020-03-19,0.0,0.004342141385770384,EFA,GARCH11-t
2020-03-20,0.0,0.0034395380681828116,EFA,GARCH11-t
2020-03-23,0.0,0.0027188660300531495,EFA,GARCH11-t
2020-03-24,0.0,0.0021532057879459394,EFA,GARCH11-t
2020-03-25,0.0,0.0030097749814772443,EFA,GARCH11-t
2020-03-26,0.0,0.0025581695968525126,EFA,GARCH11-t
2020-03-27,0.0,0.0020919595396931886,EFA,GARCH11-t
2020-03-30,0.0,0.002033066550475144,EFA,GARCH11-t
2020-03-31,0.0,0.001671978522248908,EFA,GARCH11-t
2020-04-01,0.0,0.001031226737938179,EFA,GARCH11-t
2020-04-02,0.0,0.0014513785055033576,EFA,GARCH11-t
2020-04-03,0.0,0.0012132537981497731,EFA,GARCH11-t
2020-04-06,0.0,0.0008347728333592698,EFA,GARCH11-t
2020-04-07,0.0,0.0011565887217742455,EFA,GARCH11-t
2020-04-08,0.0,0.0010790633970336402,EFA,GARCH11-t
2020-04-09,0.0,0.0008610932066617398,EFA,GARCH11-t
2020-04-13,0.0,0.0006119991451662566,EFA,GARCH11-t
2020-04-14,0.0,0.0004804334066338552,EFA,GARCH11-t
2020-04-15,0.0,0.0004288065825301051,EFA,GARCH11-t
2020-04-16,0.0,0.000533220703278596,EFA,GARCH11-t
2020-04-17,0.0,0.0004944785295328926,EFA,GARCH11-t
2020-04-20,0.0,0.0005415642387995265,EFA,GARCH11-t
2020-04-21,0.0,0.00047391372687106113,EFA,GARCH11-t
2020-04-22,0.0,0.00045365604386530265,EFA,GARCH11-t
2020-04-23,0.0,0.00034318926266032365,EFA,GARCH11-t
2020-04-24,0.0,0.0003333203204694022,EFA,GARCH11-t
2020-04-27,0.0,0.0002928435410579487,EFA,GARCH11-t
2020-04-28,0.0,0.00021450540403117303,EFA,GARCH11-t
2020-04-29,0.0,0.00022786839632189234,EFA,GARCH11-t
2020-04-30,0.0,0.00030656387506372275,EFA,GARCH11-t
2020-05-01,0.0,0.00033392910746064266,EFA,GARCH11-t
2020-05-04,0.0,0.00036385782806639983,EFA,GARCH11-t
2020-05-05,0.0,0.00025022264300573994,EFA,GARCH11-t
2020-05-06,0.0,0.00019102257024197728,EFA,GARCH11-t
2020-05-07,0.0,0.0001972885781417982,EFA,GARCH11-t
2020-05-08,0.0,0.0001697784852215146,EFA,GARCH11-t
2020-05-11,0.0,0.00018981539571206882,EFA,GARCH11-t
2020-05-12,0.0,0.00014834520684674015,EFA,GARCH11-t
2020-05-13,0.0,0.00018034068710261986,EFA,GARCH11-t
2020-05-14,0.0,0.00015907623125043917,EFA,GARCH11-t
2020-05-15,0.0,0.00014899762612685706,EFA,GARCH11-t
2020-05-18,0.0,0.00012293434150988553,EFA,GARCH11-t
2020-05-19,0.0,0.00041715016654125873,EFA,GARCH11-t
2020-05-20,0.0,0.00037055660137495626,EFA,GARCH11-t
2020-05-21,0.0,0.00038102595050663966,EFA,GARCH11-t
2020-05-22,0.0,0.00033118551226231255,EFA,GARCH11-t
2020-05-26,0.0,0.0002666160497981729,EFA,GARCH11-t
2020-05-27,0.0,0.00037421415828556585,EFA,GARCH11-t
2020-05-28,0.0,0.000327724845491351,EFA,GARCH11-t
2020-05-29,0.0,0.0002801144037633985,EFA,GARCH11-t
2020-06-01,0.0,0.0002277598855767935,EFA,GARCH11-t
2020-06-02,0.0,0.00028188668966692634,EFA,GARCH11-t
2020-06-03,0.0,0.00021154131176945578,EFA,GARCH11-t
2020-06-04,0.0,0.0003087909068773502,EFA,GARCH11-t
2020-06-05,0.0,0.000251421667415924,EFA,GARCH11-t
2020-06-08,0.0,0.00026133851189744057,EFA,GARCH11-t
2020-06-09,0.0,0.0002154381967857635,EFA,GARCH11-t
2020-06-10,0.0,0.00020156335245744407,EFA,GARCH11-t
2020-06-11,0.0,0.0001885016277324408,EFA,GARCH11-t
2020-06-12,0.0,0.0007609967316590646,EFA,GARCH11-t
2020-06-15,0.0,0.0006593840805164135,EFA,GARCH11-t
2020-06-16,0.0,0.0005248243086428529,EFA,GARCH11-t
2020-06-17,0.0,0.00039923179447854664,EFA,GARCH11-t
2020-06-18,0.0,0.0003583723974004869,EFA,GARCH11-t
2020-06-19,0.0,0.000292445674114601,EFA,GARCH11-t
2020-06-22,0.0,0.00020039507093444286,EFA,GARCH11-t
2020-06-23,0.0,0.00017280156738025583,EFA,GARCH11-t
2020-06-24,0.0,0.00018691667610135288,EFA,GARCH11-t
2020-06-25,0.0,0.00028769909200973944,EFA,GARCH11-t
2020-06-26,0.0,0.00027151479923473757,EFA,GARCH11-t
2020-06-29,0.0,0.00023558861733374113,EFA,GARCH11-t
2020-06-30,0.0,0.00022445164229144363,EFA,GARCH11-t
2020-07-01,0.0,0.00015836938723110943,EFA,GARCH11-t
2020-07-02,0.0,0.00015281596139248796,EFA,GARCH11-t
2020-07-06,0.0,0.00012932304149983897,EFA,GARCH11-t
2020-07-07,0.0,0.00017714631868190878,EFA,GARCH11-t
2020-07-08,0.0,0.00018910320157277186,EFA,GARCH11-t
2020-07-09,0.0,0.0001688229296505409,EFA,GARCH11-t
2020-07-10,0.0,0.00016522562924162058,EFA,GARCH11-t
2020-07-13,0.0,0.00015888369627876014,EFA,GARCH11-t
2020-07-14,0.0,0.00012663739249334336,EFA,GARCH11-t
2020-07-15,0.0,0.0001466163927491769,EFA,GARCH11-t
2020-07-16,0.0,0.00014577718813356698,EFA,GARCH11-t
2020-07-17,0.0,0.0001273189532534554,EFA,GARCH11-t
2020-07-20,0.0,0.00010750317342967397,EFA,GARCH11-t
2020-07-21,0.0,9.25503395610695e-05,EFA,GARCH11-t
2020-07-22,0.0,9.162107724142899e-05,EFA,GARCH11-t
2020-07-23,0.0,6.495590413904189e-05,EFA,GARCH11-t
2020-07-24,0.0,8.268470774076009e-05,EFA,GARCH11-t
2020-07-27,0.0,6.527976627952457e-05,EFA,GARCH11-t
2020-07-28,0.0,0.00010215261720032105,EFA,GARCH11-t
2020-07-29,0.0,9.528666604132713e-05,EFA,GARCH11-t
2020-07-30,0.0,0.00010358311309793906,EFA,GARCH11-t
2020-07-31,0.0,0.00012472804479773893,EFA,GARCH11-t
2020-08-03,0.0,0.0002035046401007412,EFA,GARCH11-t
2020-08-04,0.0,0.00024084327091722677,EFA,GARCH11-t
2020-08-05,0.0,0.00020115773404910065,EFA,GARCH11-t
2020-08-06,0.0,0.0001664457817031408,EFA,GARCH11-t
2020-08-07,0.0,0.00012604380218241538,EFA,GARCH11-t
2020-08-10,0.0,0.00010637740040941567,EFA,GARCH11-t
2020-08-11,0.0,0.00010147863850799911,EFA,GARCH11-t
2020-08-12,0.0,6.89681157408423e-05,EFA,GARCH11-t
2020-08-13,0.0,0.00017310583162497803,EFA,GARCH11-t
2020-08-14,0.0,0.00014608609016028147,EFA,GARCH11-t
2020-08-17,0.0,0.00012886750184209,EFA,GARCH11-t
2020-08-18,0.0,0.00011917472327245612,EFA,GARCH11-t
2020-08-19,0.0,0.00010035039218985839,EFA,GARCH11-t
2020-08-20,0.0,8.957363812888534e-05,EFA,GARCH11-t
2020-08-21,0.0,7.928038786290129e-05,EFA,GARCH11-t
2020-08-24,0.0,6.65798079679168e-05,EFA,GARCH11-t
2020-08-25,0.0,9.9728288765755e-05,EFA,GARCH11-t
2020-08-26,0.0,8.516891553656522e-05,EFA,GARCH11-t
2020-08-27,0.0,8.049988762544065e-05,EFA,GARCH11-t
2020-08-28,0.0,9.117487577822162e-05,EFA,GARCH11-t
2020-08-31,0.0,8.838336206219468e-05,EFA,GARCH11-t
2020-09-01,0.0,8.055911912905109e-05,EFA,GARCH11-t
2020-09-02,0.0,7.623883784870899e-05,EFA,GARCH11-t
2020-09-03,0.0,0.00010209850578132119,EFA,GARCH11-t
2020-09-04,0.0,0.0001866867654379997,EFA,GARCH11-t
2020-09-08,0.0,0.00014502953660469503,EFA,GARCH11-t
2020-09-09,0.0,0.00016046006213878285,EFA,GARCH11-t
2020-09-10,0.0,0.00020111926896953258,EFA,GARCH11-t
2020-09-11,0.0,0.00019205816610362632,EFA,GARCH11-t
2020-09-14,0.0,0.00017592559797965462,EFA,GARCH11-t
2020-09-15,0.0,0.00015125160714042572,EFA,GARCH11-t
2020-09-16,0.0,0.0001336458546703446,EFA,GARCH11-t
2020-09-17,0.0,0.00011166217149110439,EFA,GARCH11-t
2020-09-18,0.0,8.879706407166174e-05,EFA,GARCH11-t
2020-09-21,0.0,9.459673827747264e-05,EFA,GARCH11-t
2020-09-22,0.0,0.00021313790456703138,EFA,GARCH11-t
2020-09-23,0.0,0.00017374280886882655,EFA,GARCH11-t
2020-09-24,0.0,0.00015708407556493207,EFA,GARCH11-t
2020-09-25,0.0,0.00013018649614526047,EFA,GARCH11-t
2020-09-28,0.0,0.00011124961541150331,EFA,GARCH11-t
2020-09-29,0.0,0.00013902099179509262,EFA,GARCH11-t
2020-09-30,0.0,0.0001079531316972919,EFA,GARCH11-t
2020-10-01,0.0,0.00010280291635003187,EFA,GARCH11-t
2020-10-02,0.0,9.425477293161007e-05,EFA,GARCH11-t
2020-10-05,0.0,8.1790448227232e-05,EFA,GARCH11-t
2020-10-06,0.0,0.00011421763075083945,EFA,GARCH11-t
2020-10-07,0.0,0.0001214320605101878,EFA,GARCH11-t
2020-10-08,0.0,0.00011675786591235315,EFA,GARCH11-t
2020-10-09,0.0,0.00010814917764321617,EFA,GARCH11-t
2020-10-12,0.0,0.00010129955659207219,EFA,GARCH11-t
2020-10-13,0.0,9.514558994057101e-05,EFA,GARCH11-t
2020-10-14,0.0,0.00010708958974129981,EFA,GARCH11-t
2020-10-15,0.0,9.322114347762005e-05,EFA,GARCH11-t
2020-10-16,0.0,0.00010710433562832858,EFA,GARCH11-t
2020-10-19,0.0,9.532662030323544e-05,EFA,GARCH11-t
2020-10-20,0.0,8.458482598827718e-05,EFA,GARCH11-t
2020-10-21,0.0,7.834042525980403e-05,EFA,GARCH11-t
2020-10-22,0.0,7.317513580370544e-05,EFA,GARCH11-t
2020-10-23,0.0,6.730115611039895e-05,EFA,GARCH11-t
2020-10-26,0.0,6.632058919859051e-05,EFA,GARCH11-t
2020-10-27,0.0,0.0001253446911003858,EFA,GARCH11-t
2020-10-28,0.0,0.0001176561810009249,EFA,GARCH11-t
2020-10-29,0.0,0.0002646246504850507,EFA,GARCH11-t
2020-10-30,0.0,0.00023299613167701875,EFA,GARCH11-t
2020-11-02,0.0,0.00018587207991096184,EFA,GARCH11-t
2020-11-03,0.0,0.00019301545895347426,EFA,GARCH11-t
2020-11-04,0.0,0.00029224004741906497,EFA,GARCH11-t
2020-11-05,0.0,0.00025942065761240264,EFA,GARCH11-t
2020-11-06,0.0,0.00032290529083483756,EFA,GARCH11-t
2020-11-09,0.0,0.000260446136011908,EFA,GARCH11-t
2020-11-10,0.0,0.0003762470837085227,EFA,GARCH11-t
2020-11-11,0.0,0.00031713749279158726,EFA,GARCH11-t
2020-11-12,0.0,0.0002856041263062965,EFA,GARCH11-t
2020-11-13,0.0,0.00027991948143571286,EFA,GARCH11-t
2020-11-16,0.0,0.00027772639931815976,EFA,GARCH11-t
2020-11-17,0.0,0.0002558601372299387,EFA,GARCH11-t
2020-11-18,0.0,0.00020711839277205168,EFA,GARCH11-t
2020-11-19,0.0,0.0001919286178735883,EFA,GARCH11-t
2020-11-20,0.0,0.00016086168786542656,EFA,GARCH11-t
2020-11-23,0.0,0.00014894968239975308,EFA,GARCH11-t
2020-11-24,0.0,0.00012647860317010185,EFA,GARCH11-t
2020-11-25,0.0,0.00015215407922308655,EFA,GARCH11-t
2020-11-27,0.0,0.00013032411570562222,EFA,GARCH11-t
2020-11-30,0.0,0.00012051948688517991,EFA,GARCH11-t
2020-12-01,0.0,0.00018220253091066083,EFA,GARCH11-t
2020-12-02,0.0,0.0002644190055658144,EFA,GARCH11-t
2020-12-03,0.0,0.00022335202873890713,EFA,GARCH11-t
2020-12-04,0.0,0.00019240381718556337,EFA,GARCH11-t
2020-12-07,0.0,0.00017708005814408948,EFA,GARCH11-t
2020-12-08,0.0,0.00015593431739871494,EFA,GARCH11-t
2020-12-09,0.0,0.00014540469305745425,EFA,GARCH11-t
2020-12-10,0.0,0.00012533758071316234,EFA,GARCH11-t
2020-12-11,0.0,0.00010927380157329401,EFA,GARCH11-t
2020-12-14,0.0,9.647894715791471e-05,EFA,GARCH11-t
2020-12-15,0.0,8.58072268419473e-05,EFA,GARCH11-t
2020-12-16,0.0,0.00010082027528362615,EFA,GARCH11-t
2020-12-17,0.0,8.392386766018495e-05,EFA,GARCH11-t
2020-12-18,0.0,9.411458981648154e-05,EFA,GARCH11-t
2020-12-21,0.0,8.975111449405804e-05,EFA,GARCH11-t
2020-12-22,0.0,9.77464268187752e-05,EFA,GARCH11-t
2020-12-23,0.0,9.68035182248211e-05,EFA,GARCH11-t
2020-12-24,0.0,0.00011548468961692351,EFA,GARCH11-t
2020-12-28,0.0,8.567408400271107e-05,EFA,GARCH11-t
2020-12-29,0.0,0.00010553903225190206,EFA,GARCH11-t
2020-12-30,0.0,0.00010341532334949418,EFA,GARCH11-t
2020-12-31,0.0,9.323625382206478e-05,EFA,GARCH11-t
2021-01-04,0.0,9.054615137988969e-05,EFA,GARCH11-t
2021-01-05,0.0,8.988956219688969e-05,EFA,GARCH11-t
2021-01-06,0.0,0.00011082914206835253,EFA,GARCH11-t
2021-01-07,0.0,0.00012703571525658563,EFA,GARCH11-t
2021-01-08,0.0,8.717561235057425e-05,EFA,GARCH11-t
2021-01-11,0.0,0.00011756261705266088,EFA,GARCH11-t
2021-01-12,0.0,0.00012989208586057185,EFA,GARCH11-t
2021-01-13,0.0,0.00011625728866421568,EFA,GARCH11-t
2021-01-14,0.0,8.911406587977826e-05,EFA,GARCH11-t
2021-01-15,0.0,0.00010194004996842464,EFA,GARCH11-t
2021-01-19,0.0,0.00014532090952429211,EFA,GARCH11-t
2021-01-20,0.0,0.00013625154155992166,EFA,GARCH11-t
2021-01-21,0.0,0.00012824390421633505,EFA,GARCH11-t
2021-01-22,0.0,0.00011326943710231974,EFA,GARCH11-t
2021-01-25,0.0,0.0001054050690206954,EFA,GARCH11-t
2021-01-26,0.0,9.471473160408137e-05,EFA,GARCH11-t
2021-01-27,0.0,8.64057392926304e-05,EFA,GARCH11-t
2021-01-28,0.0,0.00019197487414208373,EFA,GARCH11-t
2021-01-29,0.0,0.00015609926489162012,EFA,GARCH11-t
2021-02-01,0.0,0.00023914662557045576,EFA,GARCH11-t
2021-02-02,0.0,0.0002275281968698316,EFA,GARCH11-t
2021-02-03,0.0,0.00018986467026507116,EFA,GARCH11-t
2021-02-04,0.0,0.00017538751098421983,EFA,GARCH11-t
2021-02-05,0.0,0.0001313099652068794,EFA,GARCH11-t
2021-02-08,0.0,0.00013618946181417508,EFA,GARCH11-t
2021-02-09,0.0,0.00012713607777036558,EFA,GARCH11-t
2021-02-10,0.0,0.00011164253875143179,EFA,GARCH11-t
2021-02-11,0.0,0.00010371442751563718,EFA,GARCH11-t
2021-02-12,0.0,9.840291172477651e-05,EFA,GARCH11-t
2021-02-16,0.0,9.665155197539097e-05,EFA,GARCH11-t
2021-02-17,0.0,9.473715509458672e-05,EFA,GARCH11-t
2021-02-18,0.0,9.113835839674394e-05,EFA,GARCH11-t
2021-02-19,0.0,8.336350614314458e-05,EFA,GARCH11-t
2021-02-22,0.0,7.807595749432025e-05,EFA,GARCH11-t
2021-02-23,0.0,6.966672319243688e-05,EFA,GARCH11-t
2021-02-24,0.0,7.476335141419713e-05,EFA,GARCH11-t
2021-02-25,0.0,7.448608616841418e-05,EFA,GARCH11-t
2021-02-26,0.0,9.153322389226036e-05,EFA,GARCH11-t
2021-03-01,0.0,9.745064587374173e-05,EFA,GARCH11-t
2021-03-02,0.0,0.00010055361919179102,EFA,GARCH11-t
2021-03-03,0.0,0.00010046322860026256,EFA,GARCH11-t
2021-03-04,0.0,0.00010094056821508228,EFA,GARCH11-t
2021-03-05,0.0,0.00012817636597113014,EFA,GARCH11-t
2021-03-08,0.0,0.00010213392922823493,EFA,GARCH11-t
2021-03-09,0.0,0.0001085483946814519,EFA,GARCH11-t
2021-03-10,0.0,0.00012496447292194716,EFA,GARCH11-t
2021-03-11,0.0,0.0001032313838664223,EFA,GARCH11-t
2021-03-12,0.0,0.00010091731834114973,EFA,GARCH11-t
2021-03-15,0.0,0.0001037071453211742,EFA,GARCH11-t
2021-03-16,0.0,9.936259261470303e-05,EFA,GARCH11-t
2021-03-17,0.0,8.135050798834644e-05,EFA,GARCH11-t
2021-03-18,0.0,7.810125857197083e-05,EFA,GARCH11-t
2021-03-19,0.0,7.920669752808012e-05,EFA,GARCH11-t
2021-03-22,0.0,7.325434013167302e-05,EFA,GARCH11-t
2021-03-23,0.0,6.953313863836922e-05,EFA,GARCH11-t
2021-03-24,0.0,8.3956904275525e-05,EFA,GARCH11-t
2021-03-25,0.0,9.480365310300013e-05,EFA,GARCH11-t
2021-03-26,0.0,8.659308294703578e-05,EFA,GARCH11-t
2021-03-29,0.0,8.3698955637544e-05,EFA,GARCH11-t
2021-03-30,0.0,9.302590686461969e-05,EFA,GARCH11-t
2021-03-31,0.0,8.355557406287902e-05,EFA,GARCH11-t
2021-04-01,0.0,8.726436879569573e-05,EFA,GARCH11-t
2021-04-05,0.0,9.064831617194311e-05,EFA,GARCH11-t
2021-04-06,0.0,9.76583941103347e-05,EFA,GARCH11-t
2021-04-07,0.0,9.913851945159256e-05,EFA,GARCH11-t
2021-04-08,0.0,9.242271408456122e-05,EFA,GARCH11-t
2021-04-09,0.0,9.038647795709584e-05,EFA,GARCH11-t
2021-04-12,0.0,8.729190355645966e-05,EFA,GARCH11-t
2021-04-13,0.0,8.499377799547324e-05,EFA,GARCH11-t
2021-04-14,0.0,8.343149056076879e-05,EFA,GARCH11-t
2021-04-15,0.0,8.004360796604972e-05,EFA,GARCH11-t
2021-04-16,0.0,7.956438564107249e-05,EFA,GARCH11-t
2021-04-19,0.0,7.933236741309267e-05,EFA,GARCH11-t
2021-04-20,0.0,7.108326977731424e-05,EFA,GARCH11-t
2021-04-21,0.0,8.966273121720037e-05,EFA,GARCH11-t
2021-04-22,0.0,6.96281380078635e-05,EFA,GARCH11-t
2021-04-23,0.0,8.743235372043219e-05,EFA,GARCH11-t
2021-04-26,0.0,8.917978978988994e-05,EFA,GARCH11-t
2021-04-27,0.0,8.54151050598035e-05,EFA,GARCH11-t
2021-04-28,0.0,8.238165211234214e-05,EFA,GARCH11-t
2021-04-29,0.0,7.945410620690583e-05,EFA,GARCH11-t
2021-04-30,0.0,7.218060492652703e-05,EFA,GARCH11-t
2021-05-03,0.0,7.820272174298463e-05,EFA,GARCH11-t
2021-05-04,0.0,8.304788685798263e-05,EFA,GARCH11-t
2021-05-05,0.0,9.109843639952767e-05,EFA,GARCH11-t
2021-05-06,0.0,9.657106570107913e-05,EFA,GARCH11-t
2021-05-07,0.0,9.571125213458618e-05,EFA,GARCH11-t
2021-05-10,0.0,9.774086591519959e-05,EFA,GARCH11-t
2021-05-11,0.0,9.454419353904262e-05,EFA,GARCH11-t
2021-05-12,0.0,9.93322535394253e-05,EFA,GARCH11-t
2021-05-13,0.0,0.00010792717421368319,EFA,GARCH11-t
2021-05-14,0.0,0.00010563382929018863,EFA,GARCH11-t
2021-05-17,0.0,0.00011472843851056215,EFA,GARCH11-t
2021-05-18,0.0,0.00010939130287060561,EFA,GARCH11-t
2021-05-19,0.0,0.00010269983770966467,EFA,GARCH11-t
2021-05-20,0.0,0.00010167318370593206,EFA,GARCH11-t
2021-05-21,0.0,0.00010741432507260871,EFA,GARCH11-t
2021-05-24,0.0,0.0001006816261949025,EFA,GARCH11-t
2021-05-25,0.0,9.739564354173337e-05,EFA,GARCH11-t
2021-05-26,0.0,9.291243079636285e-05,EFA,GARCH11-t
2021-05-27,0.0,9.101074589336477e-05,EFA,GARCH11-t
2021-05-28,0.0,9.334333996904925e-05,EFA,GARCH11-t
2021-06-01,0.0,9.09488722701673e-05,EFA,GARCH11-t
2021-06-02,0.0,8.804043982733604e-05,EFA,GARCH11-t
2021-06-03,0.0,8.090477761019322e-05,EFA,GARCH11-t
2021-06-04,0.0,8.432343113265742e-05,EFA,GARCH11-t
2021-06-07,0.0,8.633090975510794e-05,EFA,GARCH11-t
2021-06-08,0.0,8.412125316789321e-05,EFA,GARCH11-t
2021-06-09,0.0,7.939821734100952e-05,EFA,GARCH11-t
2021-06-10,0.0,8.030302734942271e-05,EFA,GARCH11-t
2021-06-11,0.0,6.938369831866045e-05,EFA,GARCH11-t
2021-06-14,0.0,6.681067764133342e-05,EFA,GARCH11-t
2021-06-15,0.0,6.872360118048708e-05,EFA,GARCH11-t
2021-06-16,0.0,6.321629161453242e-05,EFA,GARCH11-t
2021-06-17,0.0,7.042245739102097e-05,EFA,GARCH11-t
2021-06-18,0.0,6.989489082433344e-05,EFA,GARCH11-t
2021-06-21,0.0,0.0001588795371841175,EFA,GARCH11-t
2021-06-22,0.0,0.00013857544925200977,EFA,GARCH11-t
2021-06-23,0.0,9.576558174442888e-05,EFA,GARCH11-t
2021-06-24,0.0,8.261243649624705e-05,EFA,GARCH11-t
2021-06-25,0.0,9.21489111914897e-05,EFA,GARCH11-t
2021-06-28,0.0,7.356132687726273e-05,EFA,GARCH11-t
2021-06-29,0.0,7.479464917081028e-05,EFA,GARCH11-t
2021-06-30,0.0,6.639500418333855e-05,EFA,GARCH11-t
2021-07-01,0.0,7.565289663259208e-05,EFA,GARCH11-t
2021-07-02,0.0,6.733745166092586e-05,EFA,GARCH11-t
2021-07-06,0.0,6.489707148045231e-05,EFA,GARCH11-t
2021-07-07,0.0,7.070050093053663e-05,EFA,GARCH11-t
2021-07-08,0.0,7.008123502659283e-05,EFA,GARCH11-t
2021-07-09,0.0,9.900269392057283e-05,EFA,GARCH11-t
2021-07-12,0.0,0.00013853864705188728,EFA,GARCH11-t
2021-07-13,0.0,9.437229612045735e-05,EFA,GARCH11-t
2021-07-14,0.0,7.909992821940266e-05,EFA,GARCH11-t
2021-07-15,0.0,6.825333952815118e-05,EFA,GARCH11-t
2021-07-16,0.0,8.290209201174158e-05,EFA,GARCH11-t
2021-07-19,0.0,8.067103470685112e-05,EFA,GARCH11-t
2021-07-20,0.0,0.00014043761976460372,EFA,GARCH11-t
2021-07-21,0.0,0.0001028568997784829,EFA,GARCH11-t
2021-07-22,0.0,0.00012497203183900205,EFA,GARCH11-t
2021-07-23,0.0,8.851909787985208e-05,EFA,GARCH11-t
2021-07-26,0.0,8.285965329297285e-05,EFA,GARCH11-t
2021-07-27,0.0,7.084982380597637e-05,EFA,GARCH11-t
2021-07-28,0.0,6.835610721953724e-05,EFA,GARCH11-t
2021-07-29,0.0,6.793860318666823e-05,EFA,GARCH11-t
2021-07-30,0.0,7.2686158272653e-05,EFA,GARCH11-t
2021-08-02,0.0,7.082623129968149e-05,EFA,GARCH11-t
2021-08-03,0.0,6.98023864155999e-05,EFA,GARCH11-t
2021-08-04,0.0,7.409773724412093e-05,EFA,GARCH11-t
2021-08-05,0.0,7.113509031498573e-05,EFA,GARCH11-t
2021-08-06,0.0,7.08934443231286e-05,EFA,GARCH11-t
2021-08-09,0.0,6.980169088484114e-05,EFA,GARCH11-t
2021-08-10,0.0,6.770971424444555e-05,EFA,GARCH11-t
2021-08-11,0.0,5.873204289546984e-05,EFA,GARCH11-t
2021-08-12,0.0,6.247322250446571e-05,EFA,GARCH11-t
2021-08-13,0.0,5.8124827304312446e-05,EFA,GARCH11-t
2021-08-16,0.0,6.313453802052191e-05,EFA,GARCH11-t
2021-08-17,0.0,6.295283733734835e-05,EFA,GARCH11-t
2021-08-18,0.0,7.590690980231161e-05,EFA,GARCH11-t
2021-08-19,0.0,6.525967620194937e-05,EFA,GARCH11-t
2021-08-20,0.0,7.939211944515106e-05,EFA,GARCH11-t
2021-08-23,0.0,6.945984265149898e-05,EFA,GARCH11-t
2021-08-24,0.0,7.788230210880822e-05,EFA,GARCH11-t
2021-08-25,0.0,6.48024524501104e-05,EFA,GARCH11-t
2021-08-26,0.0,5.932827758113437e-05,EFA,GARCH11-t
2021-08-27,0.0,6.071496848329857e-05,EFA,GARCH11-t
2021-08-30,0.0,7.250259625801736e-05,EFA,GARCH11-t
2021-08-31,0.0,6.206037778451016e-05,EFA,GARCH11-t
2021-09-01,0.0,5.636960532723281e-05,EFA,GARCH11-t
2021-09-02,0.0,6.779518484320961e-05,EFA,GARCH11-t
2021-09-03,0.0,6.255092736877176e-05,EFA,GARCH11-t
2021-09-07,0.0,6.077366733986665e-05,EFA,GARCH11-t
2021-09-08,0.0,5.494760473903515e-05,EFA,GARCH11-t
2021-09-09,0.0,6.415125591477887e-05,EFA,GARCH11-t
2021-09-10,0.0,5.7580165042846266e-05,EFA,GARCH11-t
2021-09-13,0.0,5.400723744561575e-05,EFA,GARCH11-t
2021-09-14,0.0,6.314564812988351e-05,EFA,GARCH11-t
2021-09-15,0.0,5.931591519522017e-05,EFA,GARCH11-t
2021-09-16,0.0,5.5255641224521884e-05,EFA,GARCH11-t
2021-09-17,0.0,5.0798211826871606e-05,EFA,GARCH11-t
2021-09-20,0.0,7.911247733648343e-05,EFA,GARCH11-t
2021-09-21,0.0,0.00013463505136958496,EFA,GARCH11-t
2021-09-22,0.0,0.00011347808459066978,EFA,GARCH11-t
2021-09-23,0.0,8.652708096162923e-05,EFA,GARCH11-t
2021-09-24,0.0,9.12055796544656e-05,EFA,GARCH11-t
2021-09-27,0.0,8.802287128464298e-05,EFA,GARCH11-t
2021-09-28,0.0,6.747437759247737e-05,EFA,GARCH11-t
2021-09-29,0.0,0.0001585140533795384,EFA,GARCH11-t
2021-09-30,0.0,0.00010773571884902452,EFA,GARCH11-t
2021-10-01,0.0,8.411933646464048e-05,EFA,GARCH11-t
2021-10-04,0.0,6.82931187417454e-05,EFA,GARCH11-t
2021-10-05,0.0,8.036441577001923e-05,EFA,GARCH11-t
2021-10-06,0.0,7.427873400872032e-05,EFA,GARCH11-t
2021-10-07,0.0,7.011115894667774e-05,EFA,GARCH11-t
2021-10-08,0.0,7.194799183462499e-05,EFA,GARCH11-t
2021-10-11,0.0,6.087163223395542e-05,EFA,GARCH11-t
2021-10-12,0.0,5.6051576971200664e-05,EFA,GARCH11-t
2021-10-13,0.0,5.0232627968763486e-05,EFA,GARCH11-t
2021-10-14,0.0,6.822171092327165e-05,EFA,GARCH11-t
2021-10-15,0.0,7.842232264810566e-05,EFA,GARCH11-t
2021-10-18,0.0,7.749221793975291e-05,EFA,GARCH11-t
2021-10-19,0.0,6.627582351534486e-05,EFA,GARCH11-t
2021-10-20,0.0,6.394105930266746e-05,EFA,GARCH11-t
2021-10-21,0.0,5.984450555271215e-05,EFA,GARCH11-t
2021-10-22,0.0,5.7521362886667744e-05,EFA,GARCH11-t
2021-10-25,0.0,5.834851012188188e-05,EFA,GARCH11-t
2021-10-26,0.0,5.1489584180372344e-05,EFA,GARCH11-t
2021-10-27,0.0,5.1571594683979636e-05,EFA,GARCH11-t
2021-10-28,0.0,5.127295481104897e-05,EFA,GARCH11-t
2021-10-29,0.0,6.481463984536268e-05,EFA,GARCH11-t
2021-11-01,0.0,6.0207971754129646e-05,EFA,GARCH11-t
2021-11-02,0.0,6.842191603745299e-05,EFA,GARCH11-t
2021-11-03,0.0,5.9906174063715175e-05,EFA,GARCH11-t
2021-11-04,0.0,6.298542404940599e-05,EFA,GARCH11-t
2021-11-05,0.0,5.469510126450758e-05,EFA,GARCH11-t
2021-11-08,0.0,5.628211105480646e-05,EFA,GARCH11-t
2021-11-09,0.0,5.0027436220107034e-05,EFA,GARCH11-t
2021-11-10,0.0,4.871204903708528e-05,EFA,GARCH11-t
2021-11-11,0.0,7.604674712475995e-05,EFA,GARCH11-t
2021-11-12,0.0,5.939301195360242e-05,EFA,GARCH11-t
2021-11-15,0.0,5.71720395865845e-05,EFA,GARCH11-t
2021-11-16,0.0,5.0194304600631184e-05,EFA,GARCH11-t
2021-11-17,0.0,4.803699934133753e-05,EFA,GARCH11-t
2021-11-18,0.0,4.874026372643419e-05,EFA,GARCH11-t
2021-11-19,0.0,4.771692586096541e-05,EFA,GARCH11-t
2021-11-22,0.0,5.784855001796522e-05,EFA,GARCH11-t
2021-11-23,0.0,5.701925226561597e-05,EFA,GARCH11-t
2021-11-24,0.0,4.9683089412262525e-05,EFA,GARCH11-t
2021-11-26,0.0,5.560222234914813e-05,EFA,GARCH11-t
2021-11-29,0.0,0.00019458801691341597,EFA,GARCH11-t
2021-11-30,0.0,0.000100943985550944,EFA,GARCH11-t
2021-12-01,0.0,7.444213418487799e-05,EFA,GARCH11-t
2021-12-02,0.0,6.40962481585811e-05,EFA,GARCH11-t
2021-12-03,0.0,7.794122524774582e-05,EFA,GARCH11-t
2021-12-06,0.0,6.222526599504621e-05,EFA,GARCH11-t
2021-12-07,0.0,6.752434770285875e-05,EFA,GARCH11-t
2021-12-08,0.0,0.0001260710850193139,EFA,GARCH11-t
2021-12-09,0.0,8.171720377268517e-05,EFA,GARCH11-t
2021-12-10,0.0,7.302067414917182e-05,EFA,GARCH11-t
2021-12-13,0.0,6.004594543516982e-05,EFA,GARCH11-t
2021-12-14,0.0,6.663330769021586e-05,EFA,GARCH11-t
2021-12-15,0.0,6.255163723772184e-05,EFA,GARCH11-t
2021-12-16,0.0,7.955265905363503e-05,EFA,GARCH11-t
2021-12-17,0.0,6.361587549431807e-05,EFA,GARCH11-t
2021-12-20,0.0,7.696043863195684e-05,EFA,GARCH11-t
2021-12-21,0.0,6.37962564325282e-05,EFA,GARCH11-t
2021-12-22,0.0,7.205433283103558e-05,EFA,GARCH11-t
2021-12-23,0.0,7.170499725717902e-05,EFA,GARCH11-t
2021-12-27,0.0,6.493654491197907e-05,EFA,GARCH11-t
2021-12-28,0.0,6.499096328366255e-05,EFA,GARCH11-t
2021-12-29,0.0,5.722620180706448e-05,EFA,GARCH11-t
2021-12-30,0.0,5.3439977138765505e-05,EFA,GARCH11-t
2021-12-31,0.0,5.207028748030556e-05,EFA,GARCH11-t
2022-01-03,0.0,4.995989021613876e-05,EFA,GARCH11-t
2022-01-04,0.0,5.477443804914989e-05,EFA,GARCH11-t
2022-01-05,0.0,5.580619995987398e-05,EFA,GARCH11-t
2022-01-06,0.0,6.333341583049433e-05,EFA,GARCH11-t
2022-01-07,0.0,6.039554677905001e-05,EFA,GARCH11-t
2022-01-10,0.0,5.709691615491625e-05,EFA,GARCH11-t
2022-01-11,0.0,6.554316949611154e-05,EFA,GARCH11-t
2022-01-12,0.0,7.231180681068093e-05,EFA,GARCH11-t
2022-01-13,0.0,6.972083123034853e-05,EFA,GARCH11-t
2022-01-14,0.0,6.558540635331583e-05,EFA,GARCH11-t
2022-01-18,0.0,5.779677924969594e-05,EFA,GARCH11-t
2022-01-19,0.0,8.434200949939701e-05,EFA,GARCH11-t
2022-01-20,0.0,6.532310788786625e-05,EFA,GARCH11-t
2022-01-21,0.0,6.049436998184293e-05,EFA,GARCH11-t
2022-01-24,0.0,7.660694705939844e-05,EFA,GARCH11-t
2022-01-25,0.0,7.65283423647581e-05,EFA,GARCH11-t
2022-01-26,0.0,6.832718478402377e-05,EFA,GARCH11-t
2022-01-27,0.0,5.909754232567038e-05,EFA,GARCH11-t
2022-01-28,0.0,5.490557602922897e-05,EFA,GARCH11-t
2022-01-31,0.0,5.165087067844132e-05,EFA,GARCH11-t
2022-02-01,0.0,7.898758552947019e-05,EFA,GARCH11-t
2022-02-02,0.0,7.610374379310623e-05,EFA,GARCH11-t
2022-02-03,0.0,6.702923216830479e-05,EFA,GARCH11-t
2022-02-04,0.0,8.87461816468276e-05,EFA,GARCH11-t
2022-02-07,0.0,7.11537618927744e-05,EFA,GARCH11-t
2022-02-08,0.0,6.057144625509581e-05,EFA,GARCH11-t
2022-02-09,0.0,5.745180321187844e-05,EFA,GARCH11-t
2022-02-10,0.0,8.690707121801273e-05,EFA,GARCH11-t
2022-02-11,0.0,8.685375306832321e-05,EFA,GARCH11-t
2022-02-14,0.0,9.903801462871473e-05,EFA,GARCH11-t
2022-02-15,0.0,8.037982280729377e-05,EFA,GARCH11-t
2022-02-16,0.0,0.00010993689701642585,EFA,GARCH11-t
2022-02-17,0.0,8.88555079559774e-05,EFA,GARCH11-t
2022-02-18,0.0,0.00010562731786594596,EFA,GARCH11-t
2022-02-22,0.0,8.731433662464835e-05,EFA,GARCH11-t
2022-02-23,0.0,8.960418509419203e-05,EFA,GARCH11-t
2022-02-24,0.0,8.196819132254013e-05,EFA,GARCH11-t
2022-02-25,0.0,9.118870411819937e-05,EFA,GARCH11-t
2022-02-28,0.0,0.0001537981195796963,EFA,GARCH11-t
2022-03-01,0.0,0.00017963966442021448,EFA,GARCH11-t
2022-03-02,0.0,0.00021434954763863902,EFA,GARCH11-t
2022-03-03,0.0,0.00018558611642940608,EFA,GARCH11-t
2022-03-04,0.0,0.00020749974152823144,EFA,GARCH11-t
2022-03-07,0.0,0.0002821585749233795,EFA,GARCH11-t
2022-03-08,0.0,0.0004600752845777356,EFA,GARCH11-t
2022-03-09,0.0,0.00034911738540611015,EFA,GARCH11-t
2022-03-10,0.0,0.0006143638598870593,EFA,GARCH11-t
2022-03-11,0.0,0.00045305794986332155,EFA,GARCH11-t
2022-03-14,0.0,0.00035779502518520505,EFA,GARCH11-t
2022-03-15,0.0,0.0002564411528718471,EFA,GARCH11-t
2022-03-16,0.0,0.00022834207341472816,EFA,GARCH11-t
2022-03-17,0.0,0.00042124629742687004,EFA,GARCH11-t
2022-03-18,0.0,0.0003281820257553309,EFA,GARCH11-t
2022-03-21,0.0,0.00026396416219607655,EFA,GARCH11-t
2022-03-22,0.0,0.00020212757940637566,EFA,GARCH11-t
2022-03-23,0.0,0.0001751697663332607,EFA,GARCH11-t
2022-03-24,0.0,0.00016181415748884904,EFA,GARCH11-t
2022-03-25,0.0,0.00014259296734669833,EFA,GARCH11-t
2022-03-28,0.0,0.00010390782761850166,EFA,GARCH11-t
2022-03-29,0.0,8.391801305122669e-05,EFA,GARCH11-t
2022-03-30,0.0,0.00016630742928990148,EFA,GARCH11-t
2022-03-31,0.0,0.00013285963775664782,EFA,GARCH11-t
2022-04-01,0.0,0.00016027264643951117,EFA,GARCH11-t
2022-04-04,0.0,0.00014079906805088529,EFA,GARCH11-t
2022-04-05,0.0,0.00011226826328811301,EFA,GARCH11-t
2022-04-06,0.0,0.00012688425480895165,EFA,GARCH11-t
2022-04-07,0.0,0.00012808112562059956,EFA,GARCH11-t
2022-04-08,0.0,0.000103908906135463,EFA,GARCH11-t
2022-04-11,0.0,8.638874046190703e-05,EFA,GARCH11-t
2022-04-12,0.0,9.076118325844124e-05,EFA,GARCH11-t
2022-04-13,0.0,8.368112696314978e-05,EFA,GARCH11-t
2022-04-14,0.0,9.071969754736345e-05,EFA,GARCH11-t
2022-04-18,0.0,7.860323363700015e-05,EFA,GARCH11-t
2022-04-19,0.0,6.998726692976963e-05,EFA,GARCH11-t
2022-04-20,0.0,6.404031853548147e-05,EFA,GARCH11-t
2022-04-21,0.0,6.374598320356775e-05,EFA,GARCH11-t
2022-04-22,0.0,7.544396325916068e-05,EFA,GARCH11-t
2022-04-25,0.0,0.00011449129017152896,EFA,GARCH11-t
2022-04-26,0.0,9.529049964013996e-05,EFA,GARCH11-t
2022-04-27,0.0,0.00023200173250776488,EFA,GARCH11-t
2022-04-28,0.0,0.00018326504306955557,EFA,GARCH11-t
2022-04-29,0.0,0.00017687648140303798,EFA,GARCH11-t
2022-05-02,0.0,0.00016147079210968292,EFA,GARCH11-t
2022-05-03,0.0,0.0001260342216645746,EFA,GARCH11-t
2022-05-04,0.0,0.00011514740703936149,EFA,GARCH11-t
2022-05-05,0.0,0.00014845061553862355,EFA,GARCH11-t
2022-05-06,0.0,0.00032740366950757664,EFA,GARCH11-t
2022-05-09,0.0,0.00025850225842603087,EFA,GARCH11-t
2022-05-10,0.0,0.000380219895051362,EFA,GARCH11-t
2022-05-11,0.0,0.0002878400553023638,EFA,GARCH11-t
2022-05-12,0.0,0.00021887346635963165,EFA,GARCH11-t
2022-05-13,0.0,0.00017474645602224466,EFA,GARCH11-t
2022-05-16,0.0,0.0002765659004734097,EFA,GARCH11-t
2022-05-17,0.0,0.00020443058322816581,EFA,GARCH11-t
2022-05-18,0.0,0.00022245907826370906,EFA,GARCH11-t
2022-05-19,0.0,0.0002780062006691108,EFA,GARCH11-t
2022-05-20,0.0,0.00022788173341809287,EFA,GARCH11-t
2022-05-23,0.0,0.0001798323995289847,EFA,GARCH11-t
2022-05-24,0.0,0.00019383215887597825,EFA,GARCH11-t
2022-05-25,0.0,0.0001472901379926251,EFA,GARCH11-t
2022-05-26,0.0,0.00011421470447842225,EFA,GARCH11-t
2022-05-27,0.0,0.00012199899652987286,EFA,GARCH11-t
2022-05-31,0.0,0.00012083945148497117,EFA,GARCH11-t
2022-06-01,0.0,0.0001029696908062018,EFA,GARCH11-t
2022-06-02,0.0,0.00010600303197964346,EFA,GARCH11-t
2022-06-03,0.0,0.00017447599059669164,EFA,GARCH11-t
2022-06-06,0.0,0.00016902317616202455,EFA,GARCH11-t
2022-06-07,0.0,0.00015013888163347723,EFA,GARCH11-t
2022-06-08,0.0,0.00011176304541898087,EFA,GARCH11-t
2022-06-09,0.0,0.00013057847915611472,EFA,GARCH11-t
2022-06-10,0.0,0.0001864131447818641,EFA,GARCH11-t
2022-06-13,0.0,0.00024596312483145396,EFA,GARCH11-t
2022-06-14,0.0,0.000425705809734321,EFA,GARCH11-t
2022-06-15,0.0,0.000328471582560173,EFA,GARCH11-t
2022-06-16,0.0,0.0003115781154004729,EFA,GARCH11-t
2022-06-17,0.0,0.00036671268524802585,EFA,GARCH11-t
2022-06-21,0.0,0.00025378353034817195,EFA,GARCH11-t
2022-06-22,0.0,0.00023045324724831051,EFA,GARCH11-t
2022-06-23,0.0,0.00019157268302386464,EFA,GARCH11-t
2022-06-24,0.0,0.00014096478045375925,EFA,GARCH11-t
2022-06-27,0.0,0.0003143573511016478,EFA,GARCH11-t
2022-06-28,0.0,0.0002589314540861211,EFA,GARCH11-t
2022-06-29,0.0,0.0002262400421656339,EFA,GARCH11-t
2022-06-30,0.0,0.00020757113653695018,EFA,GARCH11-t
2022-07-01,0.0,0.0001857308289667048,EFA,GARCH11-t
2022-07-05,0.0,0.0001610769069741597,EFA,GARCH11-t
2022-07-06,0.0,0.00020029250184662933,EFA,GARCH11-t
2022-07-07,0.0,0.0001682240706206471,EFA,GARCH11-t
2022-07-08,0.0,0.00017437369702691993,EFA,GARCH11-t
2022-07-11,0.0,0.00016382568199057638,EFA,GARCH11-t
2022-07-12,0.0,0.00016469241286459053,EFA,GARCH11-t
2022-07-13,0.0,0.0001578995968066664,EFA,GARCH11-t
2022-07-14,0.0,0.00011676799748263188,EFA,GARCH11-t
2022-07-15,0.0,0.00013420934604923217,EFA,GARCH11-t
2022-07-18,0.0,0.00015084913253304697,EFA,GARCH11-t
2022-07-19,0.0,0.00013415490863992046,EFA,GARCH11-t
2022-07-20,0.0,0.0001981420762608287,EFA,GARCH11-t
2022-07-21,0.0,0.00018109353399247712,EFA,GARCH11-t
2022-07-22,0.0,0.0001851681404931954,EFA,GARCH11-t
2022-07-25,0.0,0.00015510444679583182,EFA,GARCH11-t
2022-07-26,0.0,0.00014508178537568913,EFA,GARCH11-t
2022-07-27,0.0,0.00015013587014948754,EFA,GARCH11-t
2022-07-28,0.0,0.0001897825734170017,EFA,GARCH11-t
2022-07-29,0.0,0.00017233255192840093,EFA,GARCH11-t
2022-08-01,0.0,0.00018474626714932006,EFA,GARCH11-t
2022-08-02,0.0,0.0001555547917694729,EFA,GARCH11-t
2022-08-03,0.0,0.00017500794828307408,EFA,GARCH11-t
2022-08-04,0.0,0.00015191261100443377,EFA,GARCH11-t
2022-08-05,0.0,0.00013898871886725494,EFA,GARCH11-t
2022-08-08,0.0,0.00013004139425996754,EFA,GARCH11-t
2022-08-09,0.0,0.00011770627686787777,EFA,GARCH11-t
2022-08-10,0.0,0.00010924516118903001,EFA,GARCH11-t
2022-08-11,0.0,0.0001488351759375398,EFA,GARCH11-t
2022-08-12,0.0,0.00013373835931918291,EFA,GARCH11-t
2022-08-15,0.0,0.00012639044897806508,EFA,GARCH11-t
2022-08-16,0.0,0.00011762083401018253,EFA,GARCH11-t
2022-08-17,0.0,0.00010628363711449082,EFA,GARCH11-t
2022-08-18,0.0,0.00010344181327849758,EFA,GARCH11-t
2022-08-19,0.0,9.430402004028922e-05,EFA,GARCH11-t
2022-08-22,0.0,0.00010491960443418048,EFA,GARCH11-t
2022-08-23,0.0,0.00012471609149704443,EFA,GARCH11-t
2022-08-24,0.0,0.00011252662800916545,EFA,GARCH11-t
2022-08-25,0.0,0.00010198355677559091,EFA,GARCH11-t
2022-08-26,0.0,0.00010851860034777143,EFA,GARCH11-t
2022-08-29,0.0,0.0001660047340536012,EFA,GARCH11-t
2022-08-30,0.0,0.0001584880881172859,EFA,GARCH11-t
2022-08-31,0.0,0.00014694749818030498,EFA,GARCH11-t
2022-09-01,0.0,0.00013651850829417414,EFA,GARCH11-t
2022-09-02,0.0,0.00014298333545417904,EFA,GARCH11-t
2022-09-06,0.0,0.00013285984880364942,EFA,GARCH11-t
2022-09-07,0.0,0.0001317892219603302,EFA,GARCH11-t
2022-09-08,0.0,0.00012335756864402937,EFA,GARCH11-t
2022-09-09,0.0,0.00010579972490506777,EFA,GARCH11-t
2022-09-12,0.0,0.00015998613450276183,EFA,GARCH11-t
2022-09-13,0.0,0.00016942075782655725,EFA,GARCH11-t
2022-09-14,0.0,0.00029713140921583815,EFA,GARCH11-t
2022-09-15,0.0,0.000247740120646968,EFA,GARCH11-t
2022-09-16,0.0,0.0002362275302653048,EFA,GARCH11-t
2022-09-19,0.0,0.00021158535560489303,EFA,GARCH11-t
2022-09-20,0.0,0.00018263665248754337,EFA,GARCH11-t
2022-09-21,0.0,0.00019825103561514715,EFA,GARCH11-t
2022-09-22,0.0,0.00019588278547007045,EFA,GARCH11-t
2022-09-23,0.0,0.0001776306322115003,EFA,GARCH11-t
2022-09-26,0.0,0.00023897831787188814,EFA,GARCH11-t
2022-09-27,0.0,0.0002479527220024708,EFA,GARCH11-t
2022-09-28,0.0,0.0002338342897535808,EFA,GARCH11-t
2022-09-29,0.0,0.0002405584975876084,EFA,GARCH11-t
2022-09-30,0.0,0.0002449900707076826,EFA,GARCH11-t
2022-10-03,0.0,0.00022862242592168507,EFA,GARCH11-t
2022-10-04,0.0,0.0002415555880677178,EFA,GARCH11-t
2022-10-05,0.0,0.0003546066573812222,EFA,GARCH11-t
2022-10-06,0.0,0.00031728560447302073,EFA,GARCH11-t
2022-10-07,0.0,0.0003026025604142879,EFA,GARCH11-t
2022-10-10,0.0,0.0003050307729079375,EFA,GARCH11-t
2022-10-11,0.0,0.0002986460705924787,EFA,GARCH11-t
2022-10-12,0.0,0.0002599400049968656,EFA,GARCH11-t
2022-10-13,0.0,0.0002401875371890194,EFA,GARCH11-t
2022-10-14,0.0,0.00026177206135746285,EFA,GARCH11-t
2022-10-17,0.0,0.00027236431900746393,EFA,GARCH11-t
2022-10-18,0.0,0.0002804684451148084,EFA,GARCH11-t
2022-10-19,0.0,0.000277470809239675,EFA,GARCH11-t
2022-10-20,0.0,0.00026733343719232403,EFA,GARCH11-t
2022-10-21,0.0,0.00022631290465708264,EFA,GARCH11-t
2022-10-24,0.0,0.00025001678096746766,EFA,GARCH11-t
2022-10-25,0.0,0.00022872293061758177,EFA,GARCH11-t
2022-10-26,0.0,0.00023141416188488166,EFA,GARCH11-t
2022-10-27,0.0,0.00022123759714853187,EFA,GARCH11-t
2022-10-28,0.0,0.00021300675269281708,EFA,GARCH11-t
2022-10-31,0.0,0.0002062386443084129,EFA,GARCH11-t
2022-11-01,0.0,0.0001951278160712239,EFA,GARCH11-t
2022-11-02,0.0,0.0001827436972396096,EFA,GARCH11-t
2022-11-03,0.0,0.0001843346381906389,EFA,GARCH11-t
2022-11-04,0.0,0.0001763877394602121,EFA,GARCH11-t
2022-11-07,0.0,0.000256507754046303,EFA,GARCH11-t
2022-11-08,0.0,0.00024268699063847624,EFA,GARCH11-t
2022-11-09,0.0,0.0002490795403888352,EFA,GARCH11-t
2022-11-10,0.0,0.00024386795977194658,EFA,GARCH11-t
2022-11-11,0.0,0.0004576638467610936,EFA,GARCH11-t
2022-11-14,0.0,0.00045069719124434643,EFA,GARCH11-t
2022-11-15,0.0,0.000354079161263945,EFA,GARCH11-t
2022-11-16,0.0,0.0003718250623538341,EFA,GARCH11-t
2022-11-17,0.0,0.0003386604037981768,EFA,GARCH11-t
2022-11-18,0.0,0.00029797363120584024,EFA,GARCH11-t
2022-11-21,0.0,0.0002812473037594069,EFA,GARCH11-t
2022-11-22,0.0,0.0002683205995722693,EFA,GARCH11-t
2022-11-23,0.0,0.0002631974045262486,EFA,GARCH11-t
2022-11-25,0.0,0.00023722364696770546,EFA,GARCH11-t
2022-11-28,0.0,0.00019845936737708012,EFA,GARCH11-t
2022-11-29,0.0,0.0002389564436953937,EFA,GARCH11-t
2022-11-30,0.0,0.00022470819806263065,EFA,GARCH11-t
2022-12-01,0.0,0.0002286046881853977,EFA,GARCH11-t
2022-12-02,0.0,0.00022123419288899425,EFA,GARCH11-t
2022-12-05,0.0,0.0002095270385954714,EFA,GARCH11-t
2022-12-06,0.0,0.000191058067570898,EFA,GARCH11-t
2022-12-07,0.0,0.00017739499807567152,EFA,GARCH11-t
2022-12-08,0.0,0.0001875838260982322,EFA,GARCH11-t
2022-12-09,0.0,0.0001568828456294564,EFA,GARCH11-t
2022-12-12,0.0,0.00014201694142596777,EFA,GARCH11-t
2022-12-13,0.0,0.00012923423434703737,EFA,GARCH11-t
2022-12-14,0.0,0.00014347680974296741,EFA,GARCH11-t
2022-12-15,0.0,0.00013302016892831727,EFA,GARCH11-t
2022-12-16,0.0,0.00018736605968568509,EFA,GARCH11-t
2022-12-19,0.0,0.00018012775563538977,EFA,GARCH11-t
2022-12-20,0.0,0.00017232681542432915,EFA,GARCH11-t
2022-12-21,0.0,0.0001635040871606263,EFA,GARCH11-t
2022-12-22,0.0,0.00016412697012881315,EFA,GARCH11-t
2022-12-23,0.0,0.00016058286946362478,EFA,GARCH11-t
2022-12-27,0.0,0.00015435409085638217,EFA,GARCH11-t
2022-12-28,0.0,0.00013959269453584213,EFA,GARCH11-t
2022-12-29,0.0,0.00015169271626602645,EFA,GARCH11-t
2022-12-30,0.0,0.0001648326258970282,EFA,GARCH11-t
2023-01-03,0.0,0.00016593432654690346,EFA,GARCH11-t
2023-01-04,0.0,0.00016510284257484158,EFA,GARCH11-t
2023-01-05,0.0,0.00017077764556073702,EFA,GARCH11-t
2023-01-06,0.0,0.00016891083386701876,EFA,GARCH11-t
2023-01-09,0.0,0.00019746018068656266,EFA,GARCH11-t
2023-01-10,0.0,0.00019432320560623325,EFA,GARCH11-t
2023-01-11,0.0,0.00018097699574045318,EFA,GARCH11-t
2023-01-12,0.0,0.0001766738826166667,EFA,GARCH11-t
2023-01-13,0.0,0.00018121400277415606,EFA,GARCH11-t
2023-01-17,0.0,0.00017533807116630365,EFA,GARCH11-t
2023-01-18,0.0,0.00016947948651522,EFA,GARCH11-t
2023-01-19,0.0,0.00016476995474311602,EFA,GARCH11-t
2023-01-20,0.0,0.0001596639573072741,EFA,GARCH11-t
2023-01-23,0.0,0.00015973511697689338,EFA,GARCH11-t
2023-01-24,0.0,0.00015659011891651928,EFA,GARCH11-t
2023-01-25,0.0,0.00015015402443659904,EFA,GARCH11-t
2023-01-26,0.0,0.0001546195317086886,EFA,GARCH11-t
2023-01-27,0.0,0.00014977369230568141,EFA,GARCH11-t
2023-01-30,0.0,0.00011858235898201856,EFA,GARCH11-t
2023-01-31,0.0,0.00011933846569315006,EFA,GARCH11-t
2023-02-01,0.0,0.00013942972587446708,EFA,GARCH11-t
2023-02-02,0.0,0.00014155852995670674,EFA,GARCH11-t
2023-02-03,0.0,0.00013356693381209132,EFA,GARCH11-t
2023-02-06,0.0,0.00013582200970383711,EFA,GARCH11-t
2023-02-07,0.0,0.00014040669178456473,EFA,GARCH11-t
2023-02-08,0.0,0.0001378988310753654,EFA,GARCH11-t
2023-02-09,0.0,0.0001307344052144439,EFA,GARCH11-t
2023-02-10,0.0,0.00011869991137846804,EFA,GARCH11-t
2023-02-13,0.0,0.0001108367653829957,EFA,GARCH11-t
2023-02-14,0.0,0.00011399318089401795,EFA,GARCH11-t
2023-02-15,0.0,0.0001193864569323814,EFA,GARCH11-t
2023-02-16,0.0,0.00011678240967385958,EFA,GARCH11-t
2023-02-17,0.0,8.227092609738735e-05,EFA,GARCH11-t
2023-02-21,0.0,6.693553530515617e-05,EFA,GARCH11-t
2023-02-22,0.0,8.411006258388234e-05,EFA,GARCH11-t
2023-02-23,0.0,7.215034078192424e-05,EFA,GARCH11-t
2023-02-24,0.0,6.915907813679465e-05,EFA,GARCH11-t
2023-02-27,0.0,0.00010898867094175782,EFA,GARCH11-t
2023-02-28,0.0,0.00014676032671485814,EFA,GARCH11-t
2023-03-01,0.0,0.00014110400562737424,EFA,GARCH11-t
2023-03-02,0.0,0.00011002170389478745,EFA,GARCH11-t
2023-03-03,0.0,0.00010145997339453442,EFA,GARCH11-t
2023-03-06,0.0,0.0001407308408502951,EFA,GARCH11-t
2023-03-07,0.0,0.0001313603893520956,EFA,GARCH11-t
2023-03-08,0.0,0.0001137012594453398,EFA,GARCH11-t
2023-03-09,0.0,0.00010416522711401115,EFA,GARCH11-t
2023-03-10,0.0,0.00010226259080412705,EFA,GARCH11-t
2023-03-13,0.0,0.00010839191722814417,EFA,GARCH11-t
2023-03-14,0.0,0.0001034718939364591,EFA,GARCH11-t
2023-03-15,0.0,0.00011143762203691443,EFA,GARCH11-t
2023-03-16,0.0,0.00015610062349757486,EFA,GARCH11-t
2023-03-17,0.0,0.00019700350237368417,EFA,GARCH11-t
2023-03-20,0.0,0.0001855092948143526,EFA,GARCH11-t
2023-03-21,0.0,0.000176617875873602,EFA,GARCH11-t
2023-03-22,0.0,0.00019153239250583454,EFA,GARCH11-t
2023-03-23,0.0,0.00017994232765396152,EFA,GARCH11-t
2023-03-24,0.0,0.00016265475411478711,EFA,GARCH11-t
2023-03-27,0.0,0.00016082777636557637,EFA,GARCH11-t
2023-03-28,0.0,0.00014354376830502907,EFA,GARCH11-t
2023-03-29,0.0,0.0001366950500830564,EFA,GARCH11-t
2023-03-30,0.0,0.00014262546494650194,EFA,GARCH11-t
2023-03-31,0.0,0.0001380464094780419,EFA,GARCH11-t
2023-04-03,0.0,0.0001367120735064259,EFA,GARCH11-t
2023-04-04,0.0,0.00014158624890684424,EFA,GARCH11-t
2023-04-05,0.0,0.00012929527558741996,EFA,GARCH11-t
2023-04-06,0.0,0.0001242685590009156,EFA,GARCH11-t
2023-04-10,0.0,0.00011957162061480291,EFA,GARCH11-t
2023-04-11,0.0,0.0001083930931810649,EFA,GARCH11-t
2023-04-12,0.0,0.00010892097832160578,EFA,GARCH11-t
2023-04-13,0.0,0.00010475473805712153,EFA,GARCH11-t
2023-04-14,0.0,0.0001109118103265949,EFA,GARCH11-t
2023-04-17,0.0,0.00010737724339862128,EFA,GARCH11-t
2023-04-18,0.0,0.00010332785556985282,EFA,GARCH11-t
2023-04-19,0.0,0.000101020861264336,EFA,GARCH11-t
2023-04-20,0.0,9.086228344550883e-05,EFA,GARCH11-t
2023-04-21,0.0,9.439123567561593e-05,EFA,GARCH11-t
2023-04-24,0.0,6.951123613042063e-05,EFA,GARCH11-t
2023-04-25,0.0,6.599182173562999e-05,EFA,GARCH11-t
2023-04-26,0.0,8.866620245879285e-05,EFA,GARCH11-t
2023-04-27,0.0,8.350392415266577e-05,EFA,GARCH11-t
2023-04-28,0.0,9.706284897170563e-05,EFA,GARCH11-t
2023-05-01,0.0,8.536281247735269e-05,EFA,GARCH11-t
2023-05-02,0.0,7.201832875885475e-05,EFA,GARCH11-t
2023-05-03,0.0,8.379192368378336e-05,EFA,GARCH11-t
2023-05-04,0.0,7.86933729327533e-05,EFA,GARCH11-t
2023-05-05,0.0,6.585890073606667e-05,EFA,GARCH11-t
2023-05-08,0.0,8.670979275448097e-05,EFA,GARCH11-t
2023-05-09,0.0,8.20032738007176e-05,EFA,GARCH11-t
2023-05-10,0.0,7.362314403492024e-05,EFA,GARCH11-t
2023-05-11,0.0,7.440779868171864e-05,EFA,GARCH11-t
2023-05-12,0.0,6.398763270703775e-05,EFA,GARCH11-t
2023-05-15,0.0,6.003075273753627e-05,EFA,GARCH11-t
2023-05-16,0.0,6.149534027147393e-05,EFA,GARCH11-t
2023-05-17,0.0,6.96157768294308e-05,EFA,GARCH11-t
2023-05-18,0.0,6.330292671964362e-05,EFA,GARCH11-t
2023-05-19,0.0,5.813747624949478e-05,EFA,GARCH11-t
2023-05-22,0.0,6.167972370876118e-05,EFA,GARCH11-t
2023-05-23,0.0,5.629148852206339e-05,EFA,GARCH11-t
2023-05-24,0.0,7.35846878955799e-05,EFA,GARCH11-t
2023-05-25,0.0,8.511120310110247e-05,EFA,GARCH11-t
2023-05-26,0.0,8.135665248157966e-05,EFA,GARCH11-t
2023-05-30,0.0,8.328116990733402e-05,EFA,GARCH11-t
2023-05-31,0.0,8.612108226790943e-05,EFA,GARCH11-t
2023-06-01,0.0,8.936171669318729e-05,EFA,GARCH11-t
2023-06-02,0.0,0.00010191519484097251,EFA,GARCH11-t
2023-06-05,0.0,0.00010757126253047432,EFA,GARCH11-t
2023-06-06,0.0,0.00010299719338441868,EFA,GARCH11-t
2023-06-07,0.0,9.144841054627765e-05,EFA,GARCH11-t
2023-06-08,0.0,0.00010264209497129938,EFA,GARCH11-t
2023-06-09,0.0,0.00010682470785948828,EFA,GARCH11-t
2023-06-12,0.0,9.683690765233684e-05,EFA,GARCH11-t
2023-06-13,0.0,9.248982623703318e-05,EFA,GARCH11-t
2023-06-14,0.0,9.383410744270208e-05,EFA,GARCH11-t
2023-06-15,0.0,9.080832433415283e-05,EFA,GARCH11-t
2023-06-16,0.0,8.860259110715364e-05,EFA,GARCH11-t
2023-06-20,0.0,8.906586904945125e-05,EFA,GARCH11-t
2023-06-21,0.0,9.414521916313298e-05,EFA,GARCH11-t
2023-06-22,0.0,8.672569560735334e-05,EFA,GARCH11-t
2023-06-23,0.0,8.478430858407162e-05,EFA,GARCH11-t
2023-06-26,0.0,9.771044780878197e-05,EFA,GARCH11-t
2023-06-27,0.0,9.37501388947974e-05,EFA,GARCH11-t
2023-06-28,0.0,9.286359823013478e-05,EFA,GARCH11-t
2023-06-29,0.0,8.640762544448886e-05,EFA,GARCH11-t
2023-06-30,0.0,8.221330985532435e-05,EFA,GARCH11-t
2023-07-03,0.0,8.687963188679435e-05,EFA,GARCH11-t
2023-07-05,0.0,8.494095639933742e-05,EFA,GARCH11-t
2023-07-06,0.0,8.849322325989884e-05,EFA,GARCH11-t
2023-07-07,0.0,0.00010658901827847513,EFA,GARCH11-t
2023-07-10,0.0,9.688788467224161e-05,EFA,GARCH11-t
2023-07-11,0.0,9.56054031960674e-05,EFA,GARCH11-t
2023-07-12,0.0,9.691037542683226e-05,EFA,GARCH11-t
2023-07-13,0.0,0.00010976387400323178,EFA,GARCH11-t
2023-07-14,0.0,0.00012765530596581145,EFA,GARCH11-t
2023-07-17,0.0,0.00012026588594372458,EFA,GARCH11-t
2023-07-18,0.0,0.00011000055534854673,EFA,GARCH11-t
2023-07-19,0.0,0.0001055229867742899,EFA,GARCH11-t
2023-07-20,0.0,0.00010038411715175857,EFA,GARCH11-t
2023-07-21,0.0,0.00010171716882168774,EFA,GARCH11-t
2023-07-24,0.0,9.077791770204496e-05,EFA,GARCH11-t
2023-07-25,0.0,8.746591584523497e-05,EFA,GARCH11-t
2023-07-26,0.0,7.737915238780933e-05,EFA,GARCH11-t
2023-07-27,0.0,7.692552589572027e-05,EFA,GARCH11-t
2023-07-28,0.0,7.281922880024333e-05,EFA,GARCH11-t
2023-07-31,0.0,7.351083274958331e-05,EFA,GARCH11-t
2023-08-01,0.0,6.827828631980845e-05,EFA,GARCH11-t
2023-08-02,0.0,7.953235794359609e-05,EFA,GARCH11-t
2023-08-03,0.0,0.00010287982429196902,EFA,GARCH11-t
2023-08-04,0.0,9.765208123814157e-05,EFA,GARCH11-t
2023-08-07,0.0,9.129236795667154e-05,EFA,GARCH11-t
2023-08-08,0.0,8.553246401372749e-05,EFA,GARCH11-t
2023-08-09,0.0,8.648292414529508e-05,EFA,GARCH11-t
2023-08-10,0.0,8.117234749067298e-05,EFA,GARCH11-t
2023-08-11,0.0,7.751321757368846e-05,EFA,GARCH11-t
2023-08-14,0.0,7.231543874929701e-05,EFA,GARCH11-t
2023-08-15,0.0,6.91357369048677e-05,EFA,GARCH11-t
2023-08-16,0.0,8.097070746493529e-05,EFA,GARCH11-t
2023-08-17,0.0,7.765126009500732e-05,EFA,GARCH11-t
2023-08-18,0.0,7.654499885947884e-05,EFA,GARCH11-t
2023-08-21,0.0,5.740587912160904e-05,EFA,GARCH11-t
2023-08-22,0.0,6.637708307702386e-05,EFA,GARCH11-t
2023-08-23,0.0,5.3277701604813904e-05,EFA,GARCH11-t
2023-08-24,0.0,5.55154482312668e-05,EFA,GARCH11-t
2023-08-25,0.0,8.061757338293448e-05,EFA,GARCH11-t
2023-08-28,0.0,5.9560771572030373e-05,EFA,GARCH11-t
2023-08-29,0.0,8.511189385258591e-05,EFA,GARCH11-t
2023-08-30,0.0,6.175816180792315e-05,EFA,GARCH11-t
2023-08-31,0.0,7.854354072447648e-05,EFA,GARCH11-t
2023-09-01,0.0,8.230303949981462e-05,EFA,GARCH11-t
2023-09-05,0.0,7.902529061105807e-05,EFA,GARCH11-t
2023-09-06,0.0,7.968111163218197e-05,EFA,GARCH11-t
2023-09-07,0.0,6.704602616522401e-05,EFA,GARCH11-t
2023-09-08,0.0,6.584794555044818e-05,EFA,GARCH11-t
2023-09-11,0.0,6.429510471792307e-05,EFA,GARCH11-t
2023-09-12,0.0,6.783183134688277e-05,EFA,GARCH11-t
2023-09-13,0.0,6.39465023996421e-05,EFA,GARCH11-t
2023-09-14,0.0,5.7501188667143605e-05,EFA,GARCH11-t
2023-09-15,0.0,7.468407306217528e-05,EFA,GARCH11-t
2023-09-18,0.0,6.425910100124865e-05,EFA,GARCH11-t
2023-09-19,0.0,6.186362982594436e-05,EFA,GARCH11-t
2023-09-20,0.0,5.5510122249516305e-05,EFA,GARCH11-t
2023-09-21,0.0,5.217320352382379e-05,EFA,GARCH11-t
2023-09-22,0.0,7.565098252995598e-05,EFA,GARCH11-t
2023-09-25,0.0,7.387284793931761e-05,EFA,GARCH11-t
2023-09-26,0.0,7.203694557177083e-05,EFA,GARCH11-t
2023-09-27,0.0,7.68030376398905e-05,EFA,GARCH11-t
2023-09-28,0.0,7.362370390514589e-05,EFA,GARCH11-t
2023-09-29,0.0,7.40493795951776e-05,EFA,GARCH11-t
2023-10-02,0.0,7.090048628751778e-05,EFA,GARCH11-t
2023-10-03,0.0,7.247844618883788e-05,EFA,GARCH11-t
2023-10-04,0.0,8.389829753107091e-05,EFA,GARCH11-t
2023-10-05,0.0,7.973995085269665e-05,EFA,GARCH11-t
2023-10-06,0.0,7.460379255331284e-05,EFA,GARCH11-t
2023-10-09,0.0,8.135735124417497e-05,EFA,GARCH11-t
2023-10-10,0.0,7.760829711112943e-05,EFA,GARCH11-t
2023-10-11,0.0,8.334954702293059e-05,EFA,GARCH11-t
2023-10-12,0.0,8.041543516917447e-05,EFA,GARCH11-t
2023-10-13,0.0,8.026915571100161e-05,EFA,GARCH11-t
2023-10-16,0.0,8.301987018364186e-05,EFA,GARCH11-t
2023-10-17,0.0,6.933368498882003e-05,EFA,GARCH11-t
2023-10-18,0.0,7.591496521468633e-05,EFA,GARCH11-t
2023-10-19,0.0,8.7682598390862e-05,EFA,GARCH11-t
2023-10-20,0.0,8.750878861261262e-05,EFA,GARCH11-t
2023-10-23,0.0,8.730671503147303e-05,EFA,GARCH11-t
2023-10-24,0.0,8.319234029910569e-05,EFA,GARCH11-t
2023-10-25,0.0,7.7343681180786e-05,EFA,GARCH11-t
2023-10-26,0.0,7.958264364349352e-05,EFA,GARCH11-t
2023-10-27,0.0,7.81083630509127e-05,EFA,GARCH11-t
2023-10-30,0.0,7.412765433593354e-05,EFA,GARCH11-t
2023-10-31,0.0,8.016466958832489e-05,EFA,GARCH11-t
2023-11-01,0.0,7.683764546937639e-05,EFA,GARCH11-t
2023-11-02,0.0,8.116377131205372e-05,EFA,GARCH11-t
2023-11-03,0.0,0.00010449652941366881,EFA,GARCH11-t
2023-11-06,0.0,7.530256862725366e-05,EFA,GARCH11-t
2023-11-07,0.0,9.904275625531703e-05,EFA,GARCH11-t
2023-11-08,0.0,9.059728910399339e-05,EFA,GARCH11-t
2023-11-09,0.0,8.705621244640209e-05,EFA,GARCH11-t
2023-11-10,0.0,8.271008461426312e-05,EFA,GARCH11-t
2023-11-13,0.0,7.340862849978414e-05,EFA,GARCH11-t
2023-11-14,0.0,6.744932409515133e-05,EFA,GARCH11-t
2023-11-15,0.0,0.00011458770207088863,EFA,GARCH11-t
2023-11-16,0.0,8.57365865309333e-05,EFA,GARCH11-t
2023-11-17,0.0,7.981962426997124e-05,EFA,GARCH11-t
2023-11-20,0.0,8.300235668302935e-05,EFA,GARCH11-t
2023-11-21,0.0,8.026984043367374e-05,EFA,GARCH11-t
2023-11-22,0.0,7.948436414009689e-05,EFA,GARCH11-t
2023-11-24,0.0,7.558143651768695e-05,EFA,GARCH11-t
2023-11-27,0.0,7.523772053185244e-05,EFA,GARCH11-t
2023-11-28,0.0,7.347466587646688e-05,EFA,GARCH11-t
2023-11-29,0.0,7.135582381423101e-05,EFA,GARCH11-t
2023-11-30,0.0,7.010052732913156e-05,EFA,GARCH11-t
2023-12-01,0.0,6.831519139930497e-05,EFA,GARCH11-t
2023-12-04,0.0,7.297951637579086e-05,EFA,GARCH11-t
2023-12-05,0.0,7.395461055095725e-05,EFA,GARCH11-t
2023-12-06,0.0,7.161015303154674e-05,EFA,GARCH11-t
2023-12-07,0.0,6.978145607849179e-05,EFA,GARCH11-t
2023-12-08,0.0,6.984546697933326e-05,EFA,GARCH11-t
2023-12-11,0.0,6.758709922364543e-05,EFA,GARCH11-t
2023-12-12,0.0,7.163418437582225e-05,EFA,GARCH11-t
2023-12-13,0.0,7.130759035808243e-05,EFA,GARCH11-t
2023-12-14,0.0,7.007192027373452e-05,EFA,GARCH11-t
2023-12-15,0.0,7.287350819350668e-05,EFA,GARCH11-t
2023-12-18,0.0,7.312972010073814e-05,EFA,GARCH11-t
2023-12-19,0.0,6.98346944538704e-05,EFA,GARCH11-t
2023-12-20,0.0,7.119534469639483e-05,EFA,GARCH11-t
2023-12-21,0.0,7.368713439357986e-05,EFA,GARCH11-t
2023-12-22,0.0,9.39290949197177e-05,EFA,GARCH11-t
2023-12-26,0.0,6.704229898052886e-05,EFA,GARCH11-t
2023-12-27,0.0,7.272768372143436e-05,EFA,GARCH11-t
2023-12-28,0.0,7.06309031164667e-05,EFA,GARCH11-t
2023-12-29,0.0,6.891690091476747e-05,EFA,GARCH11-t
2024-01-02,0.0,6.557039109125697e-05,EFA,GARCH11-t
2024-01-03,0.0,7.083636920782513e-05,EFA,GARCH11-t
2024-01-04,0.0,6.933854713965978e-05,EFA,GARCH11-t
2024-01-05,0.0,6.683270920399098e-05,EFA,GARCH11-t
2024-01-08,0.0,6.498663217450485e-05,EFA,GARCH11-t
2024-01-09,0.0,6.835041085369762e-05,EFA,GARCH11-t
2024-01-10,0.0,6.934637575133526e-05,EFA,GARCH11-t
2024-01-11,0.0,6.826592852362975e-05,EFA,GARCH11-t
2024-01-12,0.0,6.363944653700547e-05,EFA,GARCH11-t
2024-01-16,0.0,6.486550487782654e-05,EFA,GARCH11-t
2024-01-17,0.0,7.080025240273488e-05,EFA,GARCH11-t
2024-01-18,0.0,7.486992171252429e-05,EFA,GARCH11-t
2024-01-19,0.0,7.320471373559185e-05,EFA,GARCH11-t
2024-01-22,0.0,7.116971662951674e-05,EFA,GARCH11-t
2024-01-23,0.0,6.517839057709334e-05,EFA,GARCH11-t
2024-01-24,0.0,6.682164036796115e-05,EFA,GARCH11-t
2024-01-25,0.0,6.8997559463949e-05,EFA,GARCH11-t
2024-01-26,0.0,6.494405054043233e-05,EFA,GARCH11-t
2024-01-29,0.0,6.579366314948606e-05,EFA,GARCH11-t
2024-01-30,0.0,6.721965205849506e-05,EFA,GARCH11-t
2024-01-31,0.0,6.450223335438517e-05,EFA,GARCH11-t
2024-02-01,0.0,6.63915605356626e-05,EFA,GARCH11-t
2024-02-02,0.0,7.254564549076288e-05,EFA,GARCH11-t
2024-02-05,0.0,6.97193771921635e-05,EFA,GARCH11-t
2024-02-06,0.0,6.769400091333076e-05,EFA,GARCH11-t
2024-02-07,0.0,6.739575467774812e-05,EFA,GARCH11-t
2024-02-08,0.0,6.45131746087966e-05,EFA,GARCH11-t
2024-02-09,0.0,6.301870946885497e-05,EFA,GARCH11-t
2024-02-12,0.0,6.438031883541302e-05,EFA,GARCH11-t
2024-02-13,0.0,6.218547792567527e-05,EFA,GARCH11-t
2024-02-14,0.0,8.880933858019496e-05,EFA,GARCH11-t
2024-02-15,0.0,7.500972524490441e-05,EFA,GARCH11-t
2024-02-16,0.0,7.585726623495627e-05,EFA,GARCH11-t
2024-02-20,0.0,6.646819452772286e-05,EFA,GARCH11-t
2024-02-21,0.0,6.604016161768775e-05,EFA,GARCH11-t
2024-02-22,0.0,6.893100153795761e-05,EFA,GARCH11-t
2024-02-23,0.0,6.96973365359933e-05,EFA,GARCH11-t
2024-02-26,0.0,6.902833505672549e-05,EFA,GARCH11-t
2024-02-27,0.0,6.844256767567649e-05,EFA,GARCH11-t
2024-02-28,0.0,6.609871260265641e-05,EFA,GARCH11-t
2024-02-29,0.0,6.659899469218782e-05,EFA,GARCH11-t
2024-03-01,0.0,6.479503586333352e-05,EFA,GARCH11-t
2024-03-04,0.0,6.524984413296513e-05,EFA,GARCH11-t
2024-03-05,0.0,6.651993245337807e-05,EFA,GARCH11-t
2024-03-06,0.0,6.541158777306407e-05,EFA,GARCH11-t
2024-03-07,0.0,6.434406172356554e-05,EFA,GARCH11-t
2024-03-08,0.0,6.731430138943342e-05,EFA,GARCH11-t
2024-03-11,0.0,6.678407377905484e-05,EFA,GARCH11-t
2024-03-12,0.0,6.651363254384728e-05,EFA,GARCH11-t
2024-03-13,0.0,6.646489670520345e-05,EFA,GARCH11-t
2024-03-14,0.0,6.0616913383532915e-05,EFA,GARCH11-t
2024-03-15,0.0,6.653974355590727e-05,EFA,GARCH11-t
2024-03-18,0.0,6.256805119130994e-05,EFA,GARCH11-t
2024-03-19,0.0,6.307670967193622e-05,EFA,GARCH11-t
2024-03-20,0.0,6.018087808966469e-05,EFA,GARCH11-t
2024-03-21,0.0,6.135753404256931e-05,EFA,GARCH11-t
2024-03-22,0.0,5.837487854322295e-05,EFA,GARCH11-t
2024-03-25,0.0,6.0590978827160744e-05,EFA,GARCH11-t
2024-03-26,0.0,5.9501068630404364e-05,EFA,GARCH11-t
2024-03-27,0.0,5.9376995202531396e-05,EFA,GARCH11-t
2024-03-28,0.0,5.947741685706525e-05,EFA,GARCH11-t
2024-04-01,0.0,5.933397595983267e-05,EFA,GARCH11-t
2024-04-02,0.0,5.773156947535752e-05,EFA,GARCH11-t
2024-04-03,0.0,5.7792781211535956e-05,EFA,GARCH11-t
2024-04-04,0.0,5.8115836855348035e-05,EFA,GARCH11-t
2024-04-05,0.0,5.708360903566375e-05,EFA,GARCH11-t
2024-04-08,0.0,5.8214018871098405e-05,EFA,GARCH11-t
2024-04-09,0.0,6.211236156684697e-05,EFA,GARCH11-t
2024-04-10,0.0,5.752805877641194e-05,EFA,GARCH11-t
2024-04-11,0.0,6.204492911494171e-05,EFA,GARCH11-t
2024-04-12,0.0,6.0038310703116674e-05,EFA,GARCH11-t
2024-04-15,0.0,6.13220340783188e-05,EFA,GARCH11-t
2024-04-16,0.0,6.087778711815252e-05,EFA,GARCH11-t
2024-04-17,0.0,6.431504754240743e-05,EFA,GARCH11-t
2024-04-18,0.0,6.321879970590171e-05,EFA,GARCH11-t
2024-04-19,0.0,6.190840670195921e-05,EFA,GARCH11-t
2024-04-22,0.0,6.059730186046795e-05,EFA,GARCH11-t
2024-04-23,0.0,6.08604920772039e-05,EFA,GARCH11-t
2024-04-24,0.0,6.310889445189469e-05,EFA,GARCH11-t
2024-04-25,0.0,6.108866445051866e-05,EFA,GARCH11-t
2024-04-26,0.0,6.0414910367694675e-05,EFA,GARCH11-t
2024-04-29,0.0,6.168275777258818e-05,EFA,GARCH11-t
2024-04-30,0.0,6.191080126502604e-05,EFA,GARCH11-t
2024-05-01,0.0,6.176655152740214e-05,EFA,GARCH11-t
2024-05-02,0.0,6.333247118270834e-05,EFA,GARCH11-t
2024-05-03,0.0,6.0409208550007074e-05,EFA,GARCH11-t
2024-05-06,0.0,6.189544285364539e-05,EFA,GARCH11-t
2024-05-07,0.0,6.179284417832419e-05,EFA,GARCH11-t
2024-05-08,0.0,6.170970786307256e-05,EFA,GARCH11-t
2024-05-09,0.0,6.028238392295947e-05,EFA,GARCH11-t
2024-05-10,0.0,6.577103123163528e-05,EFA,GARCH11-t
2024-05-13,0.0,5.759935450731277e-05,EFA,GARCH11-t
2024-05-14,0.0,5.7082453908656694e-05,EFA,GARCH11-t
2024-05-15,0.0,5.728840239263502e-05,EFA,GARCH11-t
2024-05-16,0.0,5.805760083948898e-05,EFA,GARCH11-t
2024-05-17,0.0,5.767526697360536e-05,EFA,GARCH11-t
2024-05-20,0.0,5.726699995117939e-05,EFA,GARCH11-t
2024-05-21,0.0,5.677970964570575e-05,EFA,GARCH11-t
2024-05-22,0.0,5.343507980270062e-05,EFA,GARCH11-t
2024-05-23,0.0,5.6924064300797846e-05,EFA,GARCH11-t
2024-05-24,0.0,5.6194626899637525e-05,EFA,GARCH11-t
2024-05-28,0.0,5.393598855689e-05,EFA,GARCH11-t
2024-05-29,0.0,5.55180616217636e-05,EFA,GARCH11-t
2024-05-30,0.0,5.577781826245274e-05,EFA,GARCH11-t
2024-05-31,0.0,5.8099518005216955e-05,EFA,GARCH11-t
2024-06-03,0.0,5.8431526429327725e-05,EFA,GARCH11-t
2024-06-04,0.0,5.741291261531406e-05,EFA,GARCH11-t
2024-06-05,0.0,5.640782319469219e-05,EFA,GARCH11-t
2024-06-06,0.0,5.6482306660767315e-05,EFA,GARCH11-t
2024-06-07,0.0,5.547324147225514e-05,EFA,GARCH11-t
2024-06-10,0.0,5.673361112368738e-05,EFA,GARCH11-t
2024-06-11,0.0,5.592729760576015e-05,EFA,GARCH11-t
2024-06-12,0.0,5.6807997949580815e-05,EFA,GARCH11-t
2024-06-13,0.0,5.823041306899578e-05,EFA,GARCH11-t
2024-06-14,0.0,5.550288785011655e-05,EFA,GARCH11-t
2024-06-17,0.0,6.098681498100287e-05,EFA,GARCH11-t
2024-06-18,0.0,5.94818285378672e-05,EFA,GARCH11-t
2024-06-20,0.0,5.92518450204723e-05,EFA,GARCH11-t
2024-06-21,0.0,5.880254905221001e-05,EFA,GARCH11-t
2024-06-24,0.0,5.8851195868956094e-05,EFA,GARCH11-t
2024-06-25,0.0,5.897323276707452e-05,EFA,GARCH11-t
2024-06-26,0.0,5.346243505181733e-05,EFA,GARCH11-t
2024-06-27,0.0,5.776381541040133e-05,EFA,GARCH11-t
2024-06-28,0.0,5.7204248383332677e-05,EFA,GARCH11-t
2024-07-01,0.0,5.6682283262193626e-05,EFA,GARCH11-t
2024-07-02,0.0,5.724477436211651e-05,EFA,GARCH11-t
2024-07-03,0.0,4.3515793108461656e-05,EFA,GARCH11-t
2024-07-05,0.0,5.7018025352143265e-05,EFA,GARCH11-t
2024-07-08,0.0,5.1547456397024157e-05,EFA,GARCH11-t
2024-07-09,0.0,5.650773912607299e-05,EFA,GARCH11-t
2024-07-10,0.0,5.643574548581371e-05,EFA,GARCH11-t
2024-07-11,0.0,4.8497544707987686e-05,EFA,GARCH11-t
2024-07-12,0.0,5.222228441461155e-05,EFA,GARCH11-t
2024-07-15,0.0,6.274128864415861e-05,EFA,GARCH11-t
2024-07-16,0.0,5.754598226518983e-05,EFA,GARCH11-t
2024-07-17,0.0,5.735819269881076e-05,EFA,GARCH11-t
2024-07-18,0.0,5.774783715325129e-05,EFA,GARCH11-t
2024-07-19,0.0,5.7111888810601496e-05,EFA,GARCH11-t
2024-07-22,0.0,5.7120568649980255e-05,EFA,GARCH11-t
2024-07-23,0.0,5.848148125173336e-05,EFA,GARCH11-t
2024-07-24,0.0,5.7025332811523536e-05,EFA,GARCH11-t
2024-07-25,0.0,5.425532526104403e-05,EFA,GARCH11-t
2024-07-26,0.0,6.0586210808272815e-05,EFA,GARCH11-t
2024-07-29,0.0,6.36294928765747e-05,EFA,GARCH11-t
2024-07-30,0.0,5.418162534763266e-05,EFA,GARCH11-t
2024-07-31,0.0,5.4881383890201574e-05,EFA,GARCH11-t
2024-08-01,0.0,5.9969739309826854e-05,EFA,GARCH11-t
2024-08-02,0.0,6.130584332564388e-05,EFA,GARCH11-t
2024-08-05,0.0,6.935711622217127e-05,EFA,GARCH11-t
2024-08-06,0.0,0.00010282100395584602,EFA,GARCH11-t
2024-08-07,0.0,7.027348000781207e-05,EFA,GARCH11-t
2024-08-08,0.0,6.568131512780463e-05,EFA,GARCH11-t
2024-08-09,0.0,0.0001098029004666331,EFA,GARCH11-t
2024-08-12,0.0,8.739827860443694e-05,EFA,GARCH11-t
2024-08-13,0.0,6.266399533834547e-05,EFA,GARCH11-t
2024-08-14,0.0,9.307142515882312e-05,EFA,GARCH11-t
2024-08-15,0.0,9.280489151200135e-05,EFA,GARCH11-t
2024-08-16,0.0,8.925831931329395e-05,EFA,GARCH11-t
2024-08-19,0.0,8.817081181246543e-05,EFA,GARCH11-t
2024-08-20,0.0,9.020767920539847e-05,EFA,GARCH11-t
2024-08-21,0.0,8.38424607080836e-05,EFA,GARCH11-t
2024-08-22,0.0,8.47722035295567e-05,EFA,GARCH11-t
2024-08-23,0.0,7.960498730210737e-05,EFA,GARCH11-t
2024-08-26,0.0,9.817574363310854e-05,EFA,GARCH11-t
2024-08-27,0.0,9.18404656297031e-05,EFA,GARCH11-t
2024-08-28,0.0,8.290709006573055e-05,EFA,GARCH11-t
2024-08-29,0.0,8.2689007029383e-05,EFA,GARCH11-t
2024-08-30,0.0,7.378709480463844e-05,EFA,GARCH11-t
2024-09-03,0.0,7.043284332345597e-05,EFA,GARCH11-t
2024-09-04,0.0,7.885007092881425e-05,EFA,GARCH11-t
2024-09-05,0.0,7.476243855951279e-05,EFA,GARCH11-t
2024-09-06,0.0,7.243280160884652e-05,EFA,GARCH11-t
2024-09-09,0.0,8.57844168287168e-05,EFA,GARCH11-t
2024-09-10,0.0,8.084847410015285e-05,EFA,GARCH11-t
2024-09-11,0.0,8.12161287138507e-05,EFA,GARCH11-t
2024-09-12,0.0,7.761464795845983e-05,EFA,GARCH11-t
2024-09-13,0.0,8.074009872900383e-05,EFA,GARCH11-t
2024-09-16,0.0,7.596884093188783e-05,EFA,GARCH11-t
2024-09-17,0.0,7.713303428576082e-05,EFA,GARCH11-t
2024-09-18,0.0,7.694306618815364e-05,EFA,GARCH11-t
2024-09-19,0.0,7.316652647478003e-05,EFA,GARCH11-t
2024-09-20,0.0,8.746523223342955e-05,EFA,GARCH11-t
2024-09-23,0.0,8.376279465857462e-05,EFA,GARCH11-t
2024-09-24,0.0,7.669922556736865e-05,EFA,GARCH11-t
2024-09-25,0.0,7.980928938583525e-05,EFA,GARCH11-t
2024-09-26,0.0,7.437844082652494e-05,EFA,GARCH11-t
2024-09-27,0.0,9.364543160090484e-05,EFA,GARCH11-t
2024-09-30,0.0,9.576334637926961e-05,EFA,GARCH11-t
2024-10-01,0.0,9.12469584352918e-05,EFA,GARCH11-t
2024-10-02,0.0,8.904859049446628e-05,EFA,GARCH11-t
2024-10-03,0.0,7.659036925781028e-05,EFA,GARCH11-t
2024-10-04,0.0,8.188674548779959e-05,EFA,GARCH11-t
2024-10-07,0.0,7.889958785659879e-05,EFA,GARCH11-t
2024-10-08,0.0,7.727598926752694e-05,EFA,GARCH11-t
2024-10-09,0.0,7.976570964042252e-05,EFA,GARCH11-t
2024-10-10,0.0,6.987732506212795e-05,EFA,GARCH11-t
2024-10-11,0.0,6.822693288201677e-05,EFA,GARCH11-t
2024-10-14,0.0,6.0872499759056366e-05,EFA,GARCH11-t
2024-10-15,0.0,6.154664490334593e-05,EFA,GARCH11-t
2024-10-16,0.0,7.41695887416461e-05,EFA,GARCH11-t
2024-10-17,0.0,7.249239961978177e-05,EFA,GARCH11-t
2024-10-18,0.0,6.50197841019257e-05,EFA,GARCH11-t
2024-10-21,0.0,7.15776377857386e-05,EFA,GARCH11-t
2024-10-22,0.0,7.073920010538384e-05,EFA,GARCH11-t
2024-10-23,0.0,7.403460918926765e-05,EFA,GARCH11-t
2024-10-24,0.0,7.08636669000218e-05,EFA,GARCH11-t
2024-10-25,0.0,6.65629637657131e-05,EFA,GARCH11-t
2024-10-28,0.0,6.437795073217988e-05,EFA,GARCH11-t
2024-10-29,0.0,6.401911760401807e-05,EFA,GARCH11-t
2024-10-30,0.0,5.9938156825501744e-05,EFA,GARCH11-t
2024-10-31,0.0,6.154809553381797e-05,EFA,GARCH11-t
2024-11-01,0.0,6.0197187605381906e-05,EFA,GARCH11-t
2024-11-04,0.0,5.847333255277269e-05,EFA,GARCH11-t
2024-11-05,0.0,6.052421510714139e-05,EFA,GARCH11-t
2024-11-06,0.0,6.60291411144248e-05,EFA,GARCH11-t
2024-11-07,0.0,7.039618673893224e-05,EFA,GARCH11-t
2024-11-08,0.0,6.908535384333306e-05,EFA,GARCH11-t
2024-11-11,0.0,7.615772591287356e-05,EFA,GARCH11-t
2024-11-12,0.0,7.316309876485624e-05,EFA,GARCH11-t
2024-11-13,0.0,8.368447666603444e-05,EFA,GARCH11-t
2024-11-14,0.0,8.416596553225406e-05,EFA,GARCH11-t
2024-11-15,0.0,7.960920052468757e-05,EFA,GARCH11-t
2024-11-18,0.0,6.972217436318381e-05,EFA,GARCH11-t
2024-11-19,0.0,6.929683736383037e-05,EFA,GARCH11-t
2024-11-20,0.0,6.805154057204488e-05,EFA,GARCH11-t
2024-11-21,0.0,6.734806975067066e-05,EFA,GARCH11-t
2024-11-22,0.0,6.657004304442873e-05,EFA,GARCH11-t
2024-11-25,0.0,7.237813951854654e-05,EFA,GARCH11-t
2024-11-26,0.0,6.029689981979638e-05,EFA,GARCH11-t
2024-11-27,0.0,6.0620988868642745e-05,EFA,GARCH11-t
2024-11-29,0.0,6.17345575349366e-05,EFA,GARCH11-t
2024-12-02,0.0,7.155817870864023e-05,EFA,GARCH11-t
2024-12-03,0.0,6.236697689422473e-05,EFA,GARCH11-t
2024-12-04,0.0,6.289115882892533e-05,EFA,GARCH11-t
2024-12-05,0.0,8.274250696616146e-05,EFA,GARCH11-t
2024-12-06,0.0,6.060346999762105e-05,EFA,GARCH11-t
2024-12-09,0.0,5.5225042620622466e-05,EFA,GARCH11-t
2024-12-10,0.0,5.766710336758147e-05,EFA,GARCH11-t
2024-12-11,0.0,5.6591489227482175e-05,EFA,GARCH11-t
2024-12-12,0.0,6.0446519033541675e-05,EFA,GARCH11-t
2024-12-13,0.0,5.696165312233185e-05,EFA,GARCH11-t
2024-12-16,0.0,5.5611166212144864e-05,EFA,GARCH11-t
2024-12-17,0.0,5.3126421023195446e-05,EFA,GARCH11-t
2024-12-18,0.0,5.296999945745396e-05,EFA,GARCH11-t
2024-12-19,0.0,7.165510404609583e-05,EFA,GARCH11-t
2024-12-20,0.0,6.945580170538562e-05,EFA,GARCH11-t
2024-12-23,0.0,6.652745049944003e-05,EFA,GARCH11-t
2024-12-24,0.0,6.568405849909618e-05,EFA,GARCH11-t
2024-12-26,0.0,6.51634094069439e-05,EFA,GARCH11-t
2024-12-27,0.0,8.149181547309677e-05,EFA,GARCH11-t
2024-12-30,0.0,6.403073827009382e-05,EFA,GARCH11-t
2024-12-31,0.0,6.56011912291473e-05,EFA,GARCH11-t
2025-01-02,0.0,6.248639967282025e-05,EFA,GARCH11-t
2025-01-03,0.0,6.280457463830188e-05,EFA,GARCH11-t
2025-01-06,0.0,6.102773020595923e-05,EFA,GARCH11-t
2025-01-07,0.0,6.126530574943042e-05,EFA,GARCH11-t
2025-01-08,0.0,6.182307224225078e-05,EFA,GARCH11-t
2025-01-10,0.0,6.012528304702195e-05,EFA,GARCH11-t
2025-01-13,0.0,6.333259841137964e-05,EFA,GARCH11-t
2025-01-14,0.0,6.693382425325688e-05,EFA,GARCH11-t
2025-01-15,0.0,6.303372913138716e-05,EFA,GARCH11-t
2025-01-16,0.0,6.362419903683077e-05,EFA,GARCH11-t
2025-01-17,0.0,6.265306313089439e-05,EFA,GARCH11-t
2025-01-21,0.0,6.716641016161e-05,EFA,GARCH11-t
2025-01-22,0.0,7.392188111150435e-05,EFA,GARCH11-t
2025-01-23,0.0,6.563719211885367e-05,EFA,GARCH11-t
2025-01-24,0.0,6.578325336483504e-05,EFA,GARCH11-t
2025-01-27,0.0,6.548487006417577e-05,EFA,GARCH11-t
2025-01-28,0.0,6.467429511069922e-05,EFA,GARCH11-t
2025-01-29,0.0,6.403487072766623e-05,EFA,GARCH11-t
2025-01-30,0.0,7.358636683326587e-05,EFA,GARCH11-t
2025-01-31,0.0,6.418320823166042e-05,EFA,GARCH11-t
2025-02-03,0.0,6.468189282287406e-05,EFA,GARCH11-t
2025-02-04,0.0,6.5749194991534e-05,EFA,GARCH11-t
2025-02-05,0.0,6.652930858517518e-05,EFA,GARCH11-t
2025-02-06,0.0,6.687277947775116e-05,EFA,GARCH11-t
2025-02-07,0.0,7.164345822651495e-05,EFA,GARCH11-t
2025-02-10,0.0,6.67786000498248e-05,EFA,GARCH11-t
2025-02-11,0.0,6.668416146991745e-05,EFA,GARCH11-t
2025-02-12,0.0,7.612617837652986e-05,EFA,GARCH11-t
2025-02-13,0.0,6.578523891532423e-05,EFA,GARCH11-t
2025-02-14,0.0,6.69775691049968e-05,EFA,GARCH11-t
2025-02-18,0.0,6.570101921623438e-05,EFA,GARCH11-t
2025-02-19,0.0,6.537970320733565e-05,EFA,GARCH11-t
2025-02-20,0.0,6.575813410307813e-05,EFA,GARCH11-t
2025-02-21,0.0,7.282358517397639e-05,EFA,GARCH11-t
2025-02-24,0.0,6.518246403435893e-05,EFA,GARCH11-t
2025-02-25,0.0,6.45553449998619e-05,EFA,GARCH11-t
2025-02-26,0.0,6.464204423831373e-05,EFA,GARCH11-t
2025-02-27,0.0,6.404256292248771e-05,EFA,GARCH11-t
2025-02-28,0.0,6.506904254713729e-05,EFA,GARCH11-t
2025-03-03,0.0,6.448423890903e-05,EFA,GARCH11-t
2025-03-04,0.0,6.531279607909793e-05,EFA,GARCH11-t
2025-03-05,0.0,6.467481125575078e-05,EFA,GARCH11-t
2025-03-06,0.0,7.087084641245329e-05,EFA,GARCH11-t
2025-03-07,0.0,7.8345079622459e-05,EFA,GARCH11-t
2025-03-10,0.0,7.51274732611822e-05,EFA,GARCH11-t
2025-03-11,0.0,7.809779750234642e-05,EFA,GARCH11-t
2025-03-12,0.0,7.695570310224214e-05,EFA,GARCH11-t
2025-03-13,0.0,7.668059684058267e-05,EFA,GARCH11-t
2025-03-14,0.0,7.627384468812016e-05,EFA,GARCH11-t
2025-03-17,0.0,7.94247260773565e-05,EFA,GARCH11-t
2025-03-18,0.0,8.274340784988111e-05,EFA,GARCH11-t
2025-03-19,0.0,7.89638865705204e-05,EFA,GARCH11-t
2025-03-20,0.0,7.815062628973851e-05,EFA,GARCH11-t
2025-03-21,0.0,7.814470970984795e-05,EFA,GARCH11-t
2025-03-24,0.0,8.086594626655248e-05,EFA,GARCH11-t
2025-03-25,0.0,7.987550794773005e-05,EFA,GARCH11-t
2025-03-26,0.0,7.886986187363016e-05,EFA,GARCH11-t
2025-03-27,0.0,8.142195489541882e-05,EFA,GARCH11-t
2025-03-28,0.0,7.8813094482963e-05,EFA,GARCH11-t
2025-03-31,0.0,7.903349379550527e-05,EFA,GARCH11-t
2025-04-01,0.0,7.879600084884363e-05,EFA,GARCH11-t
2025-04-02,0.0,7.73725493281854e-05,EFA,GARCH11-t
2025-04-03,0.0,7.519738743041915e-05,EFA,GARCH11-t
2025-04-04,0.0,8.080158632857382e-05,EFA,GARCH11-t
2025-04-07,0.0,0.00035434112063113376,EFA,GARCH11-t
2025-04-08,0.0,0.0005051360417631233,EFA,GARCH11-t
2025-04-09,0.0,8.180582641603647e-05,EFA,GARCH11-t
2025-04-10,0.0,0.0008740658178391767,EFA,GARCH11-t
2025-04-11,0.0,0.0006824462989494218,EFA,GARCH11-t
2025-04-14,0.0,0.000887228618497439,EFA,GARCH11-t
2025-04-15,0.0,0.0007378798446919186,EFA,GARCH11-t
2025-04-16,0.0,0.000564995907162498,EFA,GARCH11-t
2025-04-17,0.0,0.00046235104020556685,EFA,GARCH11-t
2025-04-21,0.0,0.00038103277472077555,EFA,GARCH11-t
2025-04-22,0.0,0.00011568902374389008,EFA,GARCH11-t
2025-04-23,0.0,0.00033559016395339706,EFA,GARCH11-t
2025-04-24,0.0,0.00022449416110185497,EFA,GARCH11-t
2025-04-25,0.0,0.00013560170422123423,EFA,GARCH11-t
2025-04-28,0.0,0.00011352457109210299,EFA,GARCH11-t
2025-04-29,0.0,9.67404731869007e-05,EFA,GARCH11-t
2025-04-30,0.0,8.713884229576092e-05,EFA,GARCH11-t
2025-05-01,0.0,7.53693013825097e-05,EFA,GARCH11-t
2025-05-02,0.0,7.873530868478582e-05,EFA,GARCH11-t
2025-05-05,0.0,0.0001485423755120629,EFA,GARCH11-t
2025-05-06,0.0,0.00011165277695668037,EFA,GARCH11-t
2025-05-07,0.0,9.250629727144112e-05,EFA,GARCH11-t
2025-05-08,0.0,8.488577165304856e-05,EFA,GARCH11-t
2025-05-09,0.0,8.127405318860269e-05,EFA,GARCH11-t
2025-05-12,0.0,8.189551879890747e-05,EFA,GARCH11-t
2025-05-13,0.0,8.266072592839496e-05,EFA,GARCH11-t
2025-05-14,0.0,7.799004173568606e-05,EFA,GARCH11-t
2025-05-15,0.0,7.461866429404594e-05,EFA,GARCH11-t
2025-05-16,0.0,0.0001003807242818452,EFA,GARCH11-t
2025-05-19,0.0,8.19426449667155e-05,EFA,GARCH11-t
2025-05-20,0.0,9.823460899914394e-05,EFA,GARCH11-t
2025-05-21,0.0,8.474098632734348e-05,EFA,GARCH11-t
2025-05-22,0.0,8.853155191945625e-05,EFA,GARCH11-t
2025-05-23,0.0,8.083160159509783e-05,EFA,GARCH11-t
2025-05-27,0.0,7.728773334119047e-05,EFA,GARCH11-t
2025-05-28,0.0,0.00011709535972471286,EFA,GARCH11-t
2025-05-29,0.0,0.0001223533391201714,EFA,GARCH11-t
2025-05-30,0.0,0.00010171993350222542,EFA,GARCH11-t
2025-06-02,0.0,8.800833844157185e-05,EFA,GARCH11-t
2025-06-03,0.0,0.00010302957890287326,EFA,GARCH11-t
2025-06-04,0.0,9.960155900649555e-05,EFA,GARCH11-t
2025-06-05,0.0,9.018223586878952e-05,EFA,GARCH11-t
2025-06-06,0.0,7.65962731537186e-05,EFA,GARCH11-t
2025-06-09,0.0,7.982798381940765e-05,EFA,GARCH11-t
2025-06-10,0.0,7.532837207698009e-05,EFA,GARCH11-t
2025-06-11,0.0,7.485880787600074e-05,EFA,GARCH11-t
2025-06-12,0.0,7.40974826158754e-05,EFA,GARCH11-t
2025-06-13,0.0,8.517879191365301e-05,EFA,GARCH11-t
2025-06-16,0.0,0.00011235878110930646,EFA,GARCH11-t
2025-06-17,0.0,8.492572854007541e-05,EFA,GARCH11-t
2025-06-18,0.0,0.00011407836234333783,EFA,GARCH11-t
2025-06-20,0.0,8.77584058603543e-05,EFA,GARCH11-t
2025-06-23,0.0,9.020738449132052e-05,EFA,GARCH11-t
2025-06-24,0.0,9.697586437912441e-05,EFA,GARCH11-t
2025-06-25,0.0,0.00011431204234560425,EFA,GARCH11-t
2025-06-26,0.0,9.939200669270595e-05,EFA,GARCH11-t
2025-06-27,0.0,0.00011089934902176247,EFA,GARCH11-t
2025-06-30,0.0,0.00010816418900631397,EFA,GARCH11-t
2025-07-01,0.0,9.045910076464956e-05,EFA,GARCH11-t
2025-07-02,0.0,8.217804260396364e-05,EFA,GARCH11-t
2025-07-03,0.0,8.014847835447783e-05,EFA,GARCH11-t
2025-07-07,0.0,7.598298429435893e-05,EFA,GARCH11-t
2025-07-08,0.0,9.838523073156635e-05,EFA,GARCH11-t
2025-07-09,0.0,8.652982171858843e-05,EFA,GARCH11-t
2025-07-10,0.0,9.577366002632218e-05,EFA,GARCH11-t
2025-07-11,0.0,8.057590010480755e-05,EFA,GARCH11-t
2025-07-14,0.0,9.729445904106649e-05,EFA,GARCH11-t
2025-07-15,0.0,8.468596587862755e-05,EFA,GARCH11-t
2025-07-16,0.0,8.78783019290205e-05,EFA,GARCH11-t
2025-07-17,0.0,8.99748313638144e-05,EFA,GARCH11-t
2025-07-18,0.0,7.992072515235218e-05,EFA,GARCH11-t
2025-07-21,0.0,7.897922261121301e-05,EFA,GARCH11-t
2025-07-22,0.0,8.129517831553581e-05,EFA,GARCH11-t
2025-07-23,0.0,8.271299740447481e-05,EFA,GARCH11-t
2025-07-24,0.0,0.00013500561419081897,EFA,GARCH11-t
2025-07-25,0.0,0.00014742783442122173,EFA,GARCH11-t
2025-07-28,0.0,0.00011063828608697476,EFA,GARCH11-t
2025-07-29,0.0,0.00011869883946842187,EFA,GARCH11-t
2025-07-30,0.0,0.0001099341522143176,EFA,GARCH11-t
2025-07-31,0.0,0.00010184358161199195,EFA,GARCH11-t
2025-08-01,0.0,0.00011107921451884603,EFA,GARCH11-t
2025-08-04,0.0,9.365881192114158e-05,EFA,GARCH11-t
2025-08-05,0.0,0.00011836336014087829,EFA,GARCH11-t
2025-08-06,0.0,9.417133157053867e-05,EFA,GARCH11-t
2025-08-07,0.0,8.637201257074813e-05,EFA,GARCH11-t
2025-08-08,0.0,9.612900516299064e-05,EFA,GARCH11-t
2025-08-11,0.0,9.071368662823604e-05,EFA,GARCH11-t
2025-08-12,0.0,8.40513254782171e-05,EFA,GARCH11-t
2025-08-13,0.0,0.0001063908069093202,EFA,GARCH11-t
2025-08-14,0.0,9.548964782412578e-05,EFA,GARCH11-t
