Date,pred,asset,model
2007-01-05,0.0007820025468950421,EFA,"ARIMA(1,0,1)"
2007-01-08,0.0006889806041252782,EFA,"ARIMA(1,0,1)"
2007-01-09,0.0007561420969867132,EFA,"ARIMA(1,0,1)"
2007-01-10,0.0006653602241154814,EFA,"ARIMA(1,0,1)"
2007-01-11,0.0006329129017214129,EFA,"ARIMA(1,0,1)"
2007-01-12,0.0006924698381950446,EFA,"ARIMA(1,0,1)"
2007-01-16,0.0007035122187340276,EFA,"ARIMA(1,0,1)"
2007-01-17,0.0007312946540516403,EFA,"ARIMA(1,0,1)"
2007-01-18,0.0007087874633338516,EFA,"ARIMA(1,0,1)"
2007-01-19,0.0005689453436546181,EFA,"ARIMA(1,0,1)"
2007-01-22,0.0008572667404146216,EFA,"ARIMA(1,0,1)"
2007-01-23,0.0007920629064922814,EFA,"ARIMA(1,0,1)"
2007-01-24,0.0014182144697847542,EFA,"ARIMA(1,0,1)"
2007-01-25,0.0008575038823713677,EFA,"ARIMA(1,0,1)"
2007-01-26,-0.00025068513065511667,EFA,"ARIMA(1,0,1)"
2007-01-29,0.0008598313271649015,EFA,"ARIMA(1,0,1)"
2007-01-30,0.0007265438516560475,EFA,"ARIMA(1,0,1)"
2007-01-31,0.0010524890579275174,EFA,"ARIMA(1,0,1)"
2007-02-01,0.0008978170608430409,EFA,"ARIMA(1,0,1)"
2007-02-02,0.0011845942303247768,EFA,"ARIMA(1,0,1)"
2007-02-05,0.0005828336654453587,EFA,"ARIMA(1,0,1)"
2007-02-06,0.0007857731378351613,EFA,"ARIMA(1,0,1)"
2007-02-07,0.0008268683329079552,EFA,"ARIMA(1,0,1)"
2007-02-08,0.0008436929158357362,EFA,"ARIMA(1,0,1)"
2007-02-09,0.0008572817054283511,EFA,"ARIMA(1,0,1)"
2007-02-12,0.0005540463802264017,EFA,"ARIMA(1,0,1)"
2007-02-13,0.00054651363017442,EFA,"ARIMA(1,0,1)"
2007-02-14,0.0008607797332770834,EFA,"ARIMA(1,0,1)"
2007-02-15,0.0017246161672129178,EFA,"ARIMA(1,0,1)"
2007-02-16,0.0008745556518673604,EFA,"ARIMA(1,0,1)"
2007-02-20,0.000839470805491724,EFA,"ARIMA(1,0,1)"
2007-02-21,0.0009484921637965948,EFA,"ARIMA(1,0,1)"
2007-02-22,0.0004315613768635712,EFA,"ARIMA(1,0,1)"
2007-02-23,0.0012017993142614332,EFA,"ARIMA(1,0,1)"
2007-02-26,0.0010546903494823073,EFA,"ARIMA(1,0,1)"
2007-02-27,0.0014092182919941592,EFA,"ARIMA(1,0,1)"
2007-02-28,-0.0024834407295995327,EFA,"ARIMA(1,0,1)"
2007-03-01,0.0011585693122601638,EFA,"ARIMA(1,0,1)"
2007-03-02,-0.0037913946132997257,EFA,"ARIMA(1,0,1)"
2007-03-05,-0.00030103022593910074,EFA,"ARIMA(1,0,1)"
2007-03-06,-0.0028713708633607013,EFA,"ARIMA(1,0,1)"
2007-03-07,0.0006906624847588215,EFA,"ARIMA(1,0,1)"
2007-03-08,-0.0018260990599943678,EFA,"ARIMA(1,0,1)"
2007-03-09,0.0008019269118972723,EFA,"ARIMA(1,0,1)"
2007-03-12,0.0007948533173678013,EFA,"ARIMA(1,0,1)"
2007-03-13,0.000824946558591297,EFA,"ARIMA(1,0,1)"
2007-03-14,0.0006676761482083764,EFA,"ARIMA(1,0,1)"
2007-03-15,0.0006366291754558557,EFA,"ARIMA(1,0,1)"
2007-03-16,0.0006145713715549497,EFA,"ARIMA(1,0,1)"
2007-03-19,0.0006035640734352761,EFA,"ARIMA(1,0,1)"
2007-03-20,0.0006521171799102693,EFA,"ARIMA(1,0,1)"
2007-03-21,0.0006670893191406489,EFA,"ARIMA(1,0,1)"
2007-03-22,0.0007429592766099887,EFA,"ARIMA(1,0,1)"
2007-03-23,0.0007689859945186685,EFA,"ARIMA(1,0,1)"
2007-03-26,0.0007412059519829417,EFA,"ARIMA(1,0,1)"
2007-03-27,0.0003309305756836467,EFA,"ARIMA(1,0,1)"
2007-03-28,0.0006294500438292802,EFA,"ARIMA(1,0,1)"
2007-03-29,0.0002222737647932585,EFA,"ARIMA(1,0,1)"
2007-03-30,0.0012284356788373767,EFA,"ARIMA(1,0,1)"
2007-04-02,0.0007712761549312196,EFA,"ARIMA(1,0,1)"
2007-04-03,0.0010437913007490481,EFA,"ARIMA(1,0,1)"
2007-04-04,0.0011920074874279339,EFA,"ARIMA(1,0,1)"
2007-04-05,0.000911576478376513,EFA,"ARIMA(1,0,1)"
2007-04-09,0.0009002439616035399,EFA,"ARIMA(1,0,1)"
2007-04-10,0.000619062134056884,EFA,"ARIMA(1,0,1)"
2007-04-11,0.0010895331396546452,EFA,"ARIMA(1,0,1)"
2007-04-12,0.0004483495315447413,EFA,"ARIMA(1,0,1)"
2007-04-13,0.0010838473949571176,EFA,"ARIMA(1,0,1)"
2007-04-16,0.0008157314587620358,EFA,"ARIMA(1,0,1)"
2007-04-17,0.0013693963175383558,EFA,"ARIMA(1,0,1)"
2007-04-18,0.0008156385994794475,EFA,"ARIMA(1,0,1)"
2007-04-19,0.0008472815991208272,EFA,"ARIMA(1,0,1)"
2007-04-20,0.0007541422913257854,EFA,"ARIMA(1,0,1)"
2007-04-23,0.0012241577187079066,EFA,"ARIMA(1,0,1)"
2007-04-24,0.0003337299254401923,EFA,"ARIMA(1,0,1)"
2007-04-25,0.0007203597478748472,EFA,"ARIMA(1,0,1)"
2007-04-26,0.0010805160898355783,EFA,"ARIMA(1,0,1)"
2007-04-27,0.0005323202321553099,EFA,"ARIMA(1,0,1)"
2007-04-30,0.000598918938997034,EFA,"ARIMA(1,0,1)"
2007-05-01,0.0006816508440550081,EFA,"ARIMA(1,0,1)"
2007-05-02,0.0006774593672227609,EFA,"ARIMA(1,0,1)"
2007-05-03,0.0007093729558522868,EFA,"ARIMA(1,0,1)"
2007-05-04,0.0006541549161938153,EFA,"ARIMA(1,0,1)"
2007-05-07,0.0013392614011023209,EFA,"ARIMA(1,0,1)"
2007-05-08,0.0007163419273206763,EFA,"ARIMA(1,0,1)"
2007-05-09,0.0002202940361253095,EFA,"ARIMA(1,0,1)"
2007-05-10,0.000622770899855478,EFA,"ARIMA(1,0,1)"
2007-05-11,0.0005198244579735437,EFA,"ARIMA(1,0,1)"
2007-05-14,0.0005981916833665127,EFA,"ARIMA(1,0,1)"
2007-05-15,0.0006230183437019015,EFA,"ARIMA(1,0,1)"
2007-05-16,0.0007184152815758571,EFA,"ARIMA(1,0,1)"
2007-05-17,0.0007348280160559141,EFA,"ARIMA(1,0,1)"
2007-05-18,0.0007221062409493743,EFA,"ARIMA(1,0,1)"
2007-05-21,0.0008430958066749279,EFA,"ARIMA(1,0,1)"
2007-05-22,0.0008923124958615748,EFA,"ARIMA(1,0,1)"
2007-05-23,0.000844926828755934,EFA,"ARIMA(1,0,1)"
2007-05-24,0.0009375164481954495,EFA,"ARIMA(1,0,1)"
2007-05-25,0.0010254659838684818,EFA,"ARIMA(1,0,1)"
2007-05-29,0.0008890820569912457,EFA,"ARIMA(1,0,1)"
2007-05-30,0.0008935258838877723,EFA,"ARIMA(1,0,1)"
2007-05-31,0.0008607660996596963,EFA,"ARIMA(1,0,1)"
2007-06-01,0.0009411124229584594,EFA,"ARIMA(1,0,1)"
2007-06-04,0.000978710450211082,EFA,"ARIMA(1,0,1)"
2007-06-05,0.0009508390185712518,EFA,"ARIMA(1,0,1)"
2007-06-06,0.0007361822464841198,EFA,"ARIMA(1,0,1)"
2007-06-07,0.001449648833495215,EFA,"ARIMA(1,0,1)"
2007-06-08,0.0013640048900738565,EFA,"ARIMA(1,0,1)"
2007-06-11,0.0009940870269549399,EFA,"ARIMA(1,0,1)"
2007-06-12,0.0013837818211656216,EFA,"ARIMA(1,0,1)"
2007-06-13,0.0030382955529695485,EFA,"ARIMA(1,0,1)"
2007-06-14,0.0006658389934405525,EFA,"ARIMA(1,0,1)"
2007-06-15,0.0010213259874303797,EFA,"ARIMA(1,0,1)"
2007-06-18,0.0007681154143085484,EFA,"ARIMA(1,0,1)"
2007-06-19,0.0007460652714654499,EFA,"ARIMA(1,0,1)"
2007-06-20,0.0008002673550682395,EFA,"ARIMA(1,0,1)"
2007-06-21,0.001471859327863125,EFA,"ARIMA(1,0,1)"
2007-06-22,0.0010317659884807582,EFA,"ARIMA(1,0,1)"
2007-06-25,0.0017609762557896011,EFA,"ARIMA(1,0,1)"
2007-06-26,0.0017158907776966743,EFA,"ARIMA(1,0,1)"
2007-06-27,0.0020501543161350463,EFA,"ARIMA(1,0,1)"
2007-06-28,0.0013829167050657335,EFA,"ARIMA(1,0,1)"
2007-06-29,0.001104369130837047,EFA,"ARIMA(1,0,1)"
2007-07-02,0.0005368017435142685,EFA,"ARIMA(1,0,1)"
2007-07-03,-2.884295876195422e-05,EFA,"ARIMA(1,0,1)"
2007-07-05,0.0006910385121716839,EFA,"ARIMA(1,0,1)"
2007-07-06,0.0011960280543332957,EFA,"ARIMA(1,0,1)"
2007-07-09,0.0007469690205395125,EFA,"ARIMA(1,0,1)"
2007-07-10,0.0008551383334645168,EFA,"ARIMA(1,0,1)"
2007-07-11,0.001766562427016928,EFA,"ARIMA(1,0,1)"
2007-07-12,0.00043633690562944476,EFA,"ARIMA(1,0,1)"
2007-07-13,0.00016831756107120043,EFA,"ARIMA(1,0,1)"
2007-07-16,0.0004414607864239037,EFA,"ARIMA(1,0,1)"
2007-07-17,0.0012315605567367284,EFA,"ARIMA(1,0,1)"
2007-07-18,0.0018012608199018691,EFA,"ARIMA(1,0,1)"
2007-07-19,0.0019391209864799087,EFA,"ARIMA(1,0,1)"
2007-07-20,0.0010934400503698953,EFA,"ARIMA(1,0,1)"
2007-07-23,0.002377159972751263,EFA,"ARIMA(1,0,1)"
2007-07-24,0.001077034201678431,EFA,"ARIMA(1,0,1)"
2007-07-25,0.0028751641735837797,EFA,"ARIMA(1,0,1)"
2007-07-26,0.002039091704121171,EFA,"ARIMA(1,0,1)"
2007-07-27,0.004442778811675341,EFA,"ARIMA(1,0,1)"
2007-07-30,0.001260091021558115,EFA,"ARIMA(1,0,1)"
2007-07-31,7.031762053406594e-05,EFA,"ARIMA(1,0,1)"
2007-08-01,0.0007445980429191981,EFA,"ARIMA(1,0,1)"
2007-08-02,0.0007319883235225217,EFA,"ARIMA(1,0,1)"
2007-08-03,0.0006602353428404469,EFA,"ARIMA(1,0,1)"
2007-08-06,0.002149241644781596,EFA,"ARIMA(1,0,1)"
2007-08-07,0.00019671623768048022,EFA,"ARIMA(1,0,1)"
2007-08-08,0.0004441481378002226,EFA,"ARIMA(1,0,1)"
2007-08-09,-0.00042066866603468413,EFA,"ARIMA(1,0,1)"
2007-08-10,0.003729120950063145,EFA,"ARIMA(1,0,1)"
2007-08-13,0.0029151618491880917,EFA,"ARIMA(1,0,1)"
2007-08-14,0.0014698160640817587,EFA,"ARIMA(1,0,1)"
2007-08-15,0.0015791556265418952,EFA,"ARIMA(1,0,1)"
2007-08-16,0.0023137779177375014,EFA,"ARIMA(1,0,1)"
2007-08-17,0.0006995699143351395,EFA,"ARIMA(1,0,1)"
2007-08-20,4.505742807642889e-05,EFA,"ARIMA(1,0,1)"
2007-08-21,0.00023545581472603813,EFA,"ARIMA(1,0,1)"
2007-08-22,0.0004879732982823033,EFA,"ARIMA(1,0,1)"
2007-08-23,-0.0009221960371213423,EFA,"ARIMA(1,0,1)"
2007-08-24,0.00012046616817574726,EFA,"ARIMA(1,0,1)"
2007-08-27,-0.0002505961405897052,EFA,"ARIMA(1,0,1)"
2007-08-28,0.001627258975607726,EFA,"ARIMA(1,0,1)"
2007-08-29,0.0018195824967922897,EFA,"ARIMA(1,0,1)"
2007-08-30,-0.0005000620610717867,EFA,"ARIMA(1,0,1)"
2007-08-31,0.0009392152042578708,EFA,"ARIMA(1,0,1)"
2007-09-04,-0.0008463832685169579,EFA,"ARIMA(1,0,1)"
2007-09-05,0.00014526165320165698,EFA,"ARIMA(1,0,1)"
2007-09-06,0.002020261713804916,EFA,"ARIMA(1,0,1)"
2007-09-07,0.0003960427480973251,EFA,"ARIMA(1,0,1)"
2007-09-10,0.0019051121353979245,EFA,"ARIMA(1,0,1)"
2007-09-11,0.001114388082748938,EFA,"ARIMA(1,0,1)"
2007-09-12,-0.0007741933431725858,EFA,"ARIMA(1,0,1)"
2007-09-13,0.000537405944233282,EFA,"ARIMA(1,0,1)"
2007-09-14,0.0003819873177372831,EFA,"ARIMA(1,0,1)"
2007-09-17,0.0013002319997348372,EFA,"ARIMA(1,0,1)"
2007-09-18,0.002052629589654477,EFA,"ARIMA(1,0,1)"
2007-09-19,-0.002161262141664869,EFA,"ARIMA(1,0,1)"
2007-09-20,-0.0007497544483894986,EFA,"ARIMA(1,0,1)"
2007-09-21,0.0005138239820545314,EFA,"ARIMA(1,0,1)"
2007-09-24,0.00041191702363966784,EFA,"ARIMA(1,0,1)"
2007-09-25,0.0005711045232239249,EFA,"ARIMA(1,0,1)"
2007-09-26,0.0007301814454476906,EFA,"ARIMA(1,0,1)"
2007-09-27,0.0004321781042098885,EFA,"ARIMA(1,0,1)"
2007-09-28,-0.0003333049506288107,EFA,"ARIMA(1,0,1)"
2007-10-01,0.0004609893584065753,EFA,"ARIMA(1,0,1)"
2007-10-02,-0.00019493893755493687,EFA,"ARIMA(1,0,1)"
2007-10-03,0.0009645507020457865,EFA,"ARIMA(1,0,1)"
2007-10-04,0.00136427976476217,EFA,"ARIMA(1,0,1)"
2007-10-05,0.0007584817858248652,EFA,"ARIMA(1,0,1)"
2007-10-08,4.461514556915137e-05,EFA,"ARIMA(1,0,1)"
2007-10-09,0.0015795511555238965,EFA,"ARIMA(1,0,1)"
2007-10-10,0.00010651433781894257,EFA,"ARIMA(1,0,1)"
2007-10-11,0.0010344602544095575,EFA,"ARIMA(1,0,1)"
2007-10-12,0.0005938543128377843,EFA,"ARIMA(1,0,1)"
2007-10-15,0.0005543670680151871,EFA,"ARIMA(1,0,1)"
2007-10-16,0.001682449674974327,EFA,"ARIMA(1,0,1)"
2007-10-17,0.0024578918118958576,EFA,"ARIMA(1,0,1)"
2007-10-18,0.0002995365412542517,EFA,"ARIMA(1,0,1)"
2007-10-19,0.0005971860060163762,EFA,"ARIMA(1,0,1)"
2007-10-22,0.0029764118137989904,EFA,"ARIMA(1,0,1)"
2007-10-23,0.0015088669012631227,EFA,"ARIMA(1,0,1)"
2007-10-24,-0.00018149365307886987,EFA,"ARIMA(1,0,1)"
2007-10-25,0.0007207030326665994,EFA,"ARIMA(1,0,1)"
2007-10-26,0.0004033937184035047,EFA,"ARIMA(1,0,1)"
2007-10-29,-0.0009135263345545077,EFA,"ARIMA(1,0,1)"
2007-10-30,-0.000210081347572127,EFA,"ARIMA(1,0,1)"
2007-10-31,0.0012802833852014427,EFA,"ARIMA(1,0,1)"
2007-11-01,-0.000233045277917346,EFA,"ARIMA(1,0,1)"
2007-11-02,0.0028617675388363534,EFA,"ARIMA(1,0,1)"
2007-11-05,0.0008293772970641079,EFA,"ARIMA(1,0,1)"
2007-11-06,0.0025855971553406898,EFA,"ARIMA(1,0,1)"
2007-11-07,-0.0005280832542110112,EFA,"ARIMA(1,0,1)"
2007-11-08,0.002886132250001391,EFA,"ARIMA(1,0,1)"
2007-11-09,0.0007491324775455835,EFA,"ARIMA(1,0,1)"
2007-11-12,0.003153470989165495,EFA,"ARIMA(1,0,1)"
2007-11-13,0.0023725221552837543,EFA,"ARIMA(1,0,1)"
2007-11-14,-0.0022152105336682697,EFA,"ARIMA(1,0,1)"
2007-11-15,0.000581620693584951,EFA,"ARIMA(1,0,1)"
2007-11-16,0.0026493753607304566,EFA,"ARIMA(1,0,1)"
2007-11-19,0.000739957234472885,EFA,"ARIMA(1,0,1)"
2007-11-20,0.003915399360072661,EFA,"ARIMA(1,0,1)"
2007-11-21,-0.002158297221564266,EFA,"ARIMA(1,0,1)"
2007-11-23,0.0042921651636868416,EFA,"ARIMA(1,0,1)"
2007-11-26,-0.004142001450046393,EFA,"ARIMA(1,0,1)"
2007-11-27,0.004303650624875921,EFA,"ARIMA(1,0,1)"
2007-11-28,-0.0027515409232297034,EFA,"ARIMA(1,0,1)"
2007-11-29,-0.0038277675491133305,EFA,"ARIMA(1,0,1)"
2007-11-30,0.0027728393556276047,EFA,"ARIMA(1,0,1)"
2007-12-03,-0.0004895155667752046,EFA,"ARIMA(1,0,1)"
2007-12-04,0.0015460505445202305,EFA,"ARIMA(1,0,1)"
2007-12-05,0.0017351240808680067,EFA,"ARIMA(1,0,1)"
2007-12-06,-0.0015451429158671662,EFA,"ARIMA(1,0,1)"
2007-12-07,-0.0007836474768570776,EFA,"ARIMA(1,0,1)"
2007-12-10,0.001568407733300743,EFA,"ARIMA(1,0,1)"
2007-12-11,-0.0012250434304137366,EFA,"ARIMA(1,0,1)"
2007-12-12,0.005897896589148758,EFA,"ARIMA(1,0,1)"
2007-12-13,-0.003961010482477572,EFA,"ARIMA(1,0,1)"
2007-12-14,0.005794672449315438,EFA,"ARIMA(1,0,1)"
2007-12-17,0.00535883064233215,EFA,"ARIMA(1,0,1)"
2007-12-18,0.0031026000291639135,EFA,"ARIMA(1,0,1)"
2007-12-19,-0.002304745577865615,EFA,"ARIMA(1,0,1)"
2007-12-20,0.002339768124294833,EFA,"ARIMA(1,0,1)"
2007-12-21,-0.001270160561194655,EFA,"ARIMA(1,0,1)"
2007-12-24,-0.0017273118190627905,EFA,"ARIMA(1,0,1)"
2007-12-26,0.0001914407961994554,EFA,"ARIMA(1,0,1)"
2007-12-27,7.39246447657247e-05,EFA,"ARIMA(1,0,1)"
2007-12-28,0.0015998329217687787,EFA,"ARIMA(1,0,1)"
2007-12-31,-0.0012493349890859073,EFA,"ARIMA(1,0,1)"
2008-01-02,0.0018524757482317326,EFA,"ARIMA(1,0,1)"
2008-01-03,0.0007319108359932199,EFA,"ARIMA(1,0,1)"
2008-01-04,4.318789325850767e-05,EFA,"ARIMA(1,0,1)"
2008-01-07,0.004466073868317533,EFA,"ARIMA(1,0,1)"
2008-01-08,-0.0006800773160170702,EFA,"ARIMA(1,0,1)"
2008-01-09,0.0015702682049866794,EFA,"ARIMA(1,0,1)"
2008-01-10,-0.0011897838126983524,EFA,"ARIMA(1,0,1)"
2008-01-11,0.0009712679391396502,EFA,"ARIMA(1,0,1)"
2008-01-14,0.0036675828476939554,EFA,"ARIMA(1,0,1)"
2008-01-15,-0.0032916407188097034,EFA,"ARIMA(1,0,1)"
2008-01-16,0.007562268210905601,EFA,"ARIMA(1,0,1)"
2008-01-17,0.002086253692592412,EFA,"ARIMA(1,0,1)"
2008-01-18,0.0019419215220452379,EFA,"ARIMA(1,0,1)"
2008-01-22,-0.0015130914337956791,EFA,"ARIMA(1,0,1)"
2008-01-23,0.004822326934826277,EFA,"ARIMA(1,0,1)"
2008-01-24,-0.0007097224518827562,EFA,"ARIMA(1,0,1)"
2008-01-25,-0.0055015923378915815,EFA,"ARIMA(1,0,1)"
2008-01-28,0.003520197288554133,EFA,"ARIMA(1,0,1)"
2008-01-29,-0.0027035447566593645,EFA,"ARIMA(1,0,1)"
2008-01-30,-0.0005440869702414694,EFA,"ARIMA(1,0,1)"
2008-01-31,0.0008502785268771791,EFA,"ARIMA(1,0,1)"
2008-02-01,-0.0019942854443793017,EFA,"ARIMA(1,0,1)"
2008-02-04,-0.0023915805837466542,EFA,"ARIMA(1,0,1)"
2008-02-05,0.0021757218662938702,EFA,"ARIMA(1,0,1)"
2008-02-06,0.0070143480060479504,EFA,"ARIMA(1,0,1)"
2008-02-07,-0.0011921347144257413,EFA,"ARIMA(1,0,1)"
2008-02-08,0.000663903072659632,EFA,"ARIMA(1,0,1)"
2008-02-11,0.0010818114087932029,EFA,"ARIMA(1,0,1)"
2008-02-12,-0.001300975362441031,EFA,"ARIMA(1,0,1)"
2008-02-13,-0.0032805440770421576,EFA,"ARIMA(1,0,1)"
2008-02-14,-0.0007307598212928034,EFA,"ARIMA(1,0,1)"
2008-02-15,0.0004975907275131469,EFA,"ARIMA(1,0,1)"
2008-02-19,-0.0009006523241602931,EFA,"ARIMA(1,0,1)"
2008-02-20,-0.0015405571270291822,EFA,"ARIMA(1,0,1)"
2008-02-21,0.0007302011017825056,EFA,"ARIMA(1,0,1)"
2008-02-22,-7.316305139058783e-05,EFA,"ARIMA(1,0,1)"
2008-02-25,-0.0020649348284377416,EFA,"ARIMA(1,0,1)"
2008-02-26,-0.0021033830502262883,EFA,"ARIMA(1,0,1)"
2008-02-27,-0.0018225038199669577,EFA,"ARIMA(1,0,1)"
2008-02-28,-5.171840948985397e-06,EFA,"ARIMA(1,0,1)"
2008-02-29,0.0014881821914196158,EFA,"ARIMA(1,0,1)"
2008-03-03,0.0028178755042409845,EFA,"ARIMA(1,0,1)"
2008-03-04,-0.0008487752512004795,EFA,"ARIMA(1,0,1)"
2008-03-05,0.0021319571875991735,EFA,"ARIMA(1,0,1)"
2008-03-06,-0.0019418220481094643,EFA,"ARIMA(1,0,1)"
2008-03-07,0.0022525980908898076,EFA,"ARIMA(1,0,1)"
2008-03-10,0.000992427800961374,EFA,"ARIMA(1,0,1)"
2008-03-11,0.0002569960096624666,EFA,"ARIMA(1,0,1)"
2008-03-12,-0.00418172497291799,EFA,"ARIMA(1,0,1)"
2008-03-13,0.0007383379368867313,EFA,"ARIMA(1,0,1)"
2008-03-14,-0.0002902537048840851,EFA,"ARIMA(1,0,1)"
2008-03-17,0.003114612196272123,EFA,"ARIMA(1,0,1)"
2008-03-18,0.001292188323941666,EFA,"ARIMA(1,0,1)"
2008-03-19,-0.0043856521504944505,EFA,"ARIMA(1,0,1)"
2008-03-20,0.006064964140615517,EFA,"ARIMA(1,0,1)"
2008-03-24,-0.0034914378377459165,EFA,"ARIMA(1,0,1)"
2008-03-25,-0.0031866034994204417,EFA,"ARIMA(1,0,1)"
2008-03-26,-0.0023042851113254325,EFA,"ARIMA(1,0,1)"
2008-03-27,-5.111182118888923e-05,EFA,"ARIMA(1,0,1)"
2008-03-28,-4.080274338260701e-05,EFA,"ARIMA(1,0,1)"
2008-03-31,-1.2253889002361885e-05,EFA,"ARIMA(1,0,1)"
2008-04-01,-0.0007230335641470461,EFA,"ARIMA(1,0,1)"
2008-04-02,-0.0047656975020600855,EFA,"ARIMA(1,0,1)"
2008-04-03,-7.359938042663217e-05,EFA,"ARIMA(1,0,1)"
2008-04-04,-0.00048578437479551527,EFA,"ARIMA(1,0,1)"
2008-04-07,-0.0005167370291574743,EFA,"ARIMA(1,0,1)"
2008-04-08,-0.0009050163349157432,EFA,"ARIMA(1,0,1)"
2008-04-09,0.0015319167097704585,EFA,"ARIMA(1,0,1)"
2008-04-10,0.0009583795972363806,EFA,"ARIMA(1,0,1)"
2008-04-11,0.00025299387542045246,EFA,"ARIMA(1,0,1)"
2008-04-14,0.0017154244982860386,EFA,"ARIMA(1,0,1)"
2008-04-15,-0.0006945091172504161,EFA,"ARIMA(1,0,1)"
2008-04-16,-0.0012503911523070056,EFA,"ARIMA(1,0,1)"
2008-04-17,-0.004363041561575555,EFA,"ARIMA(1,0,1)"
2008-04-18,0.0017032789114615181,EFA,"ARIMA(1,0,1)"
2008-04-21,-0.0013048914981238586,EFA,"ARIMA(1,0,1)"
2008-04-22,-0.00113232822330344,EFA,"ARIMA(1,0,1)"
2008-04-23,0.0014398435615331896,EFA,"ARIMA(1,0,1)"
2008-04-24,-0.0009847893801344214,EFA,"ARIMA(1,0,1)"
2008-04-25,0.0008378255532428915,EFA,"ARIMA(1,0,1)"
2008-04-28,-0.0014120983560980851,EFA,"ARIMA(1,0,1)"
2008-04-29,-0.0008132442409853811,EFA,"ARIMA(1,0,1)"
2008-04-30,0.0012415069451161115,EFA,"ARIMA(1,0,1)"
2008-05-01,-0.0009745448674626752,EFA,"ARIMA(1,0,1)"
2008-05-02,-0.0009272291979750888,EFA,"ARIMA(1,0,1)"
2008-05-05,-0.0004251235541381733,EFA,"ARIMA(1,0,1)"
2008-05-06,-0.0003383293395188279,EFA,"ARIMA(1,0,1)"
2008-05-07,-0.0011346157862751787,EFA,"ARIMA(1,0,1)"
2008-05-08,0.002532269329119993,EFA,"ARIMA(1,0,1)"
2008-05-09,-0.0015317928317154128,EFA,"ARIMA(1,0,1)"
2008-05-12,0.0011603856684317183,EFA,"ARIMA(1,0,1)"
2008-05-13,-0.0016218244490806648,EFA,"ARIMA(1,0,1)"
2008-05-14,0.0005141680678974684,EFA,"ARIMA(1,0,1)"
2008-05-15,-0.00014528398232910577,EFA,"ARIMA(1,0,1)"
2008-05-16,-0.0024442013893317825,EFA,"ARIMA(1,0,1)"
2008-05-19,-0.0012848236641563211,EFA,"ARIMA(1,0,1)"
2008-05-20,0.0006483705982863253,EFA,"ARIMA(1,0,1)"
2008-05-21,0.0011977486799632053,EFA,"ARIMA(1,0,1)"
2008-05-22,0.0013524285347809987,EFA,"ARIMA(1,0,1)"
2008-05-23,-0.001719005422278617,EFA,"ARIMA(1,0,1)"
2008-05-27,0.0016242179694343248,EFA,"ARIMA(1,0,1)"
2008-05-28,7.151481906370875e-05,EFA,"ARIMA(1,0,1)"
2008-05-29,-0.00010301457078793918,EFA,"ARIMA(1,0,1)"
2008-05-30,0.00017079559076886016,EFA,"ARIMA(1,0,1)"
2008-06-02,-0.0009425942190029189,EFA,"ARIMA(1,0,1)"
2008-06-03,0.0013319980967332994,EFA,"ARIMA(1,0,1)"
2008-06-04,2.485312491487448e-05,EFA,"ARIMA(1,0,1)"
2008-06-05,0.0005866661461506466,EFA,"ARIMA(1,0,1)"
2008-06-06,-0.0025802061095135435,EFA,"ARIMA(1,0,1)"
2008-06-09,0.0046470896394431895,EFA,"ARIMA(1,0,1)"
2008-06-10,-0.00044196913988000077,EFA,"ARIMA(1,0,1)"
2008-06-11,0.0024115170512854435,EFA,"ARIMA(1,0,1)"
2008-06-12,0.0011908917792620099,EFA,"ARIMA(1,0,1)"
2008-06-13,-7.708843003132262e-05,EFA,"ARIMA(1,0,1)"
2008-06-16,-0.0017171201689991397,EFA,"ARIMA(1,0,1)"
2008-06-17,-0.0008697986289429398,EFA,"ARIMA(1,0,1)"
2008-06-18,-0.0007073245935431587,EFA,"ARIMA(1,0,1)"
2008-06-19,0.0008477140168446047,EFA,"ARIMA(1,0,1)"
2008-06-20,-0.0002772191400414632,EFA,"ARIMA(1,0,1)"
2008-06-23,0.002582205061418156,EFA,"ARIMA(1,0,1)"
2008-06-24,-0.0009206666768217413,EFA,"ARIMA(1,0,1)"
2008-06-25,0.00026020115998971635,EFA,"ARIMA(1,0,1)"
2008-06-26,-0.001976911552586957,EFA,"ARIMA(1,0,1)"
2008-06-27,0.0034338773856081614,EFA,"ARIMA(1,0,1)"
2008-06-30,-0.0015852042860970501,EFA,"ARIMA(1,0,1)"
2008-07-01,-0.0012775934502565348,EFA,"ARIMA(1,0,1)"
2008-07-02,0.0010640079797196813,EFA,"ARIMA(1,0,1)"
2008-07-03,0.0013814234156033767,EFA,"ARIMA(1,0,1)"
2008-07-07,-0.0019169726286245793,EFA,"ARIMA(1,0,1)"
2008-07-08,0.0006722045150808607,EFA,"ARIMA(1,0,1)"
2008-07-09,-0.0017831706738731835,EFA,"ARIMA(1,0,1)"
2008-07-10,0.0013973062276261689,EFA,"ARIMA(1,0,1)"
2008-07-11,-0.0024547850411856913,EFA,"ARIMA(1,0,1)"
2008-07-14,0.001903265208315857,EFA,"ARIMA(1,0,1)"
2008-07-15,-0.0010800043187729675,EFA,"ARIMA(1,0,1)"
2008-07-16,0.0015696404819043532,EFA,"ARIMA(1,0,1)"
2008-07-17,-0.004267991158686547,EFA,"ARIMA(1,0,1)"
2008-07-18,-0.0024063054757380705,EFA,"ARIMA(1,0,1)"
2008-07-21,-0.0013691548747174214,EFA,"ARIMA(1,0,1)"
2008-07-22,-0.0013928963252475648,EFA,"ARIMA(1,0,1)"
2008-07-23,-0.0010880310523379631,EFA,"ARIMA(1,0,1)"
2008-07-24,-0.001154333509620073,EFA,"ARIMA(1,0,1)"
2008-07-25,0.002121297814076934,EFA,"ARIMA(1,0,1)"
2008-07-28,-0.0014659160404438976,EFA,"ARIMA(1,0,1)"
2008-07-29,0.0022924542111689744,EFA,"ARIMA(1,0,1)"
2008-07-30,-0.0028142980260913515,EFA,"ARIMA(1,0,1)"
2008-07-31,-0.0014777941470738437,EFA,"ARIMA(1,0,1)"
2008-08-01,0.001126718424582434,EFA,"ARIMA(1,0,1)"
2008-08-04,0.0012664857138680466,EFA,"ARIMA(1,0,1)"
2008-08-05,0.00040419407322316947,EFA,"ARIMA(1,0,1)"
2008-08-06,-0.004385543685757648,EFA,"ARIMA(1,0,1)"
2008-08-07,0.0002653673932296361,EFA,"ARIMA(1,0,1)"
2008-08-08,0.0021576403303365218,EFA,"ARIMA(1,0,1)"
2008-08-11,-0.0016275765737186077,EFA,"ARIMA(1,0,1)"
2008-08-12,-0.00024047745375172555,EFA,"ARIMA(1,0,1)"
2008-08-13,0.0006049986405866542,EFA,"ARIMA(1,0,1)"
2008-08-14,0.0018008014697283577,EFA,"ARIMA(1,0,1)"
2008-08-15,-0.00022226607901288542,EFA,"ARIMA(1,0,1)"
2008-08-18,0.0005072256974599198,EFA,"ARIMA(1,0,1)"
2008-08-19,7.510363819548461e-05,EFA,"ARIMA(1,0,1)"
2008-08-20,0.0011062314054820575,EFA,"ARIMA(1,0,1)"
2008-08-21,-0.0018106124734731254,EFA,"ARIMA(1,0,1)"
2008-08-22,-0.0012698060239316597,EFA,"ARIMA(1,0,1)"
2008-08-25,-0.0014198591228476382,EFA,"ARIMA(1,0,1)"
2008-08-26,0.0018541191241215858,EFA,"ARIMA(1,0,1)"
2008-08-27,-0.0020281727163762317,EFA,"ARIMA(1,0,1)"
2008-08-28,-0.0020463103076050863,EFA,"ARIMA(1,0,1)"
2008-08-29,-0.0025413881118200084,EFA,"ARIMA(1,0,1)"
2008-09-02,8.002319796461673e-05,EFA,"ARIMA(1,0,1)"
2008-09-03,0.0014707022417069263,EFA,"ARIMA(1,0,1)"
2008-09-04,-0.0005360608031085462,EFA,"ARIMA(1,0,1)"
2008-09-05,0.005386247268146937,EFA,"ARIMA(1,0,1)"
2008-09-08,-0.002226902967930859,EFA,"ARIMA(1,0,1)"
2008-09-09,-0.004010728057270141,EFA,"ARIMA(1,0,1)"
2008-09-10,0.004489628333443057,EFA,"ARIMA(1,0,1)"
2008-09-11,-0.0031639161566337595,EFA,"ARIMA(1,0,1)"
2008-09-12,-0.0005150130610686213,EFA,"ARIMA(1,0,1)"
2008-09-15,-0.0040741023535250005,EFA,"ARIMA(1,0,1)"
2008-09-16,0.0071241133309035455,EFA,"ARIMA(1,0,1)"
2008-09-17,-0.000988291832290133,EFA,"ARIMA(1,0,1)"
2008-09-18,0.005258565265552507,EFA,"ARIMA(1,0,1)"
2008-09-19,-0.011934546014388883,EFA,"ARIMA(1,0,1)"
2008-09-22,-0.010024231797250665,EFA,"ARIMA(1,0,1)"
2008-09-23,0.0012908676253118479,EFA,"ARIMA(1,0,1)"
2008-09-24,0.0008514616277186888,EFA,"ARIMA(1,0,1)"
2008-09-25,-0.0008672708816599828,EFA,"ARIMA(1,0,1)"
2008-09-26,-0.004970796610653866,EFA,"ARIMA(1,0,1)"
2008-09-29,-0.0016968971055883347,EFA,"ARIMA(1,0,1)"
2008-09-30,0.01590197209330714,EFA,"ARIMA(1,0,1)"
2008-10-01,0.0017043818943865202,EFA,"ARIMA(1,0,1)"
2008-10-02,0.0009160488593492073,EFA,"ARIMA(1,0,1)"
2008-10-03,0.009186684607444002,EFA,"ARIMA(1,0,1)"
2008-10-06,0.004785416550016036,EFA,"ARIMA(1,0,1)"
2008-10-07,0.011831050280567251,EFA,"ARIMA(1,0,1)"
2008-10-08,0.009081869554387976,EFA,"ARIMA(1,0,1)"
2008-10-09,0.003694890621438853,EFA,"ARIMA(1,0,1)"
2008-10-10,0.004967838555858221,EFA,"ARIMA(1,0,1)"
2008-10-13,0.0003143444227852962,EFA,"ARIMA(1,0,1)"
2008-10-14,-0.02207629058417129,EFA,"ARIMA(1,0,1)"
2008-10-15,-0.0070507818438984736,EFA,"ARIMA(1,0,1)"
2008-10-16,0.015016898282417536,EFA,"ARIMA(1,0,1)"
2008-10-17,-0.005936539314480625,EFA,"ARIMA(1,0,1)"
2008-10-20,0.0002529660655456725,EFA,"ARIMA(1,0,1)"
2008-10-21,-0.015539620340396668,EFA,"ARIMA(1,0,1)"
2008-10-22,0.005377307921787575,EFA,"ARIMA(1,0,1)"
2008-10-23,0.01732794188449744,EFA,"ARIMA(1,0,1)"
2008-10-24,0.0014672413975578497,EFA,"ARIMA(1,0,1)"
2008-10-27,0.013013912468138773,EFA,"ARIMA(1,0,1)"
2008-10-28,0.01242084604312119,EFA,"ARIMA(1,0,1)"
2008-10-29,-0.026109431299564934,EFA,"ARIMA(1,0,1)"
2008-10-30,-0.01439560883008301,EFA,"ARIMA(1,0,1)"
2008-10-31,-0.01657617192291072,EFA,"ARIMA(1,0,1)"
2008-11-03,-0.011336857670296885,EFA,"ARIMA(1,0,1)"
2008-11-04,-0.008056136645638062,EFA,"ARIMA(1,0,1)"
2008-11-05,-0.018049275544394373,EFA,"ARIMA(1,0,1)"
2008-11-06,0.0016335255427762248,EFA,"ARIMA(1,0,1)"
2008-11-07,0.011377438181016582,EFA,"ARIMA(1,0,1)"
2008-11-10,-0.007037177936957967,EFA,"ARIMA(1,0,1)"
2008-11-11,-0.001832264200217692,EFA,"ARIMA(1,0,1)"
2008-11-12,0.004942237725410643,EFA,"ARIMA(1,0,1)"
2008-11-13,0.012299564497955657,EFA,"ARIMA(1,0,1)"
2008-11-14,-0.013805818889918386,EFA,"ARIMA(1,0,1)"
2008-11-17,0.005717741862000523,EFA,"ARIMA(1,0,1)"
2008-11-18,0.005288719365065252,EFA,"ARIMA(1,0,1)"
2008-11-19,0.00016927281605102302,EFA,"ARIMA(1,0,1)"
2008-11-20,0.014617284475014976,EFA,"ARIMA(1,0,1)"
2008-11-21,0.015602582505101,EFA,"ARIMA(1,0,1)"
2008-11-24,-0.009384300542234476,EFA,"ARIMA(1,0,1)"
2008-11-25,-0.017912340109889367,EFA,"ARIMA(1,0,1)"
2008-11-26,-0.015561600682771529,EFA,"ARIMA(1,0,1)"
2008-11-28,-0.013317316856222793,EFA,"ARIMA(1,0,1)"
2008-12-01,-0.009692993576400336,EFA,"ARIMA(1,0,1)"
2008-12-02,0.008657061003111862,EFA,"ARIMA(1,0,1)"
2008-12-03,-0.006600539617486806,EFA,"ARIMA(1,0,1)"
2008-12-04,-0.008614986084372288,EFA,"ARIMA(1,0,1)"
2008-12-05,-0.00026688153024870135,EFA,"ARIMA(1,0,1)"
2008-12-08,-0.004580333972970375,EFA,"ARIMA(1,0,1)"
2008-12-09,-0.014664503041242057,EFA,"ARIMA(1,0,1)"
2008-12-10,-0.008629281247367886,EFA,"ARIMA(1,0,1)"
2008-12-11,-0.01228410594793504,EFA,"ARIMA(1,0,1)"
2008-12-12,-0.008048616369206276,EFA,"ARIMA(1,0,1)"
2008-12-15,-0.00822614193305648,EFA,"ARIMA(1,0,1)"
2008-12-16,-0.006648152511614683,EFA,"ARIMA(1,0,1)"
2008-12-17,-0.01667654858992194,EFA,"ARIMA(1,0,1)"
2008-12-18,-0.00955164790295486,EFA,"ARIMA(1,0,1)"
2008-12-19,-0.00046342570068864594,EFA,"ARIMA(1,0,1)"
2008-12-22,0.0012621123221179488,EFA,"ARIMA(1,0,1)"
2008-12-23,0.0007063797539162962,EFA,"ARIMA(1,0,1)"
2008-12-24,0.0005252636433984315,EFA,"ARIMA(1,0,1)"
2008-12-26,-0.003929607683582225,EFA,"ARIMA(1,0,1)"
2008-12-29,-0.004711266234349364,EFA,"ARIMA(1,0,1)"
2008-12-30,-0.004266647865293344,EFA,"ARIMA(1,0,1)"
2008-12-31,-0.010048980697910206,EFA,"ARIMA(1,0,1)"
2009-01-02,-0.009920458722262649,EFA,"ARIMA(1,0,1)"
2009-01-05,-0.009588579786017699,EFA,"ARIMA(1,0,1)"
2009-01-06,-0.0036037480430276877,EFA,"ARIMA(1,0,1)"
2009-01-07,-0.005446030806582514,EFA,"ARIMA(1,0,1)"
2009-01-08,-0.000916313775598609,EFA,"ARIMA(1,0,1)"
2009-01-09,-0.004764950554248064,EFA,"ARIMA(1,0,1)"
2009-01-12,0.003187316455202688,EFA,"ARIMA(1,0,1)"
2009-01-13,0.005535847391066544,EFA,"ARIMA(1,0,1)"
2009-01-14,0.005552333939225304,EFA,"ARIMA(1,0,1)"
2009-01-15,0.01009058941610408,EFA,"ARIMA(1,0,1)"
2009-01-16,0.0029791896794039486,EFA,"ARIMA(1,0,1)"
2009-01-20,-0.0006242550292361482,EFA,"ARIMA(1,0,1)"
2009-01-21,0.01280390883190207,EFA,"ARIMA(1,0,1)"
2009-01-22,-0.004030109614742799,EFA,"ARIMA(1,0,1)"
2009-01-23,0.0011169939872790985,EFA,"ARIMA(1,0,1)"
2009-01-26,0.0004021508690586215,EFA,"ARIMA(1,0,1)"
2009-01-27,-0.005353814580890445,EFA,"ARIMA(1,0,1)"
2009-01-28,-0.008407258883426201,EFA,"ARIMA(1,0,1)"
2009-01-29,-0.01187298016013999,EFA,"ARIMA(1,0,1)"
2009-01-30,0.0015284615196792385,EFA,"ARIMA(1,0,1)"
2009-02-02,0.0012487908765013277,EFA,"ARIMA(1,0,1)"
2009-02-03,0.001100506756423798,EFA,"ARIMA(1,0,1)"
2009-02-04,-0.006826023625873833,EFA,"ARIMA(1,0,1)"
2009-02-05,-0.003986350270515136,EFA,"ARIMA(1,0,1)"
2009-02-06,-0.006568187486490528,EFA,"ARIMA(1,0,1)"
2009-02-09,-0.009640811195938199,EFA,"ARIMA(1,0,1)"
2009-02-10,-0.006414507642595008,EFA,"ARIMA(1,0,1)"
2009-02-11,0.0056030841627674015,EFA,"ARIMA(1,0,1)"
2009-02-12,-0.0006707726574724129,EFA,"ARIMA(1,0,1)"
2009-02-13,-0.0012106182543646922,EFA,"ARIMA(1,0,1)"
2009-02-17,0.00014223828069492937,EFA,"ARIMA(1,0,1)"
2009-02-18,0.009994520701856259,EFA,"ARIMA(1,0,1)"
2009-02-19,0.004073823549556342,EFA,"ARIMA(1,0,1)"
2009-02-20,0.0008927980669784781,EFA,"ARIMA(1,0,1)"
2009-02-23,0.0017858412759118323,EFA,"ARIMA(1,0,1)"
2009-02-24,0.0071107727339168566,EFA,"ARIMA(1,0,1)"
2009-02-25,-0.006711180292484386,EFA,"ARIMA(1,0,1)"
2009-02-26,0.0004479879214110585,EFA,"ARIMA(1,0,1)"
2009-02-27,4.8457679733394585e-05,EFA,"ARIMA(1,0,1)"
2009-03-02,-0.0019255745910581286,EFA,"ARIMA(1,0,1)"
2009-03-03,0.009945052907887622,EFA,"ARIMA(1,0,1)"
2009-03-04,0.003727055553178962,EFA,"ARIMA(1,0,1)"
2009-03-05,-0.009336657371217114,EFA,"ARIMA(1,0,1)"
2009-03-06,0.002109085566990635,EFA,"ARIMA(1,0,1)"
2009-03-09,-0.0005905202052235723,EFA,"ARIMA(1,0,1)"
2009-03-10,0.0036469452443820805,EFA,"ARIMA(1,0,1)"
2009-03-11,-0.015063809563358788,EFA,"ARIMA(1,0,1)"
2009-03-12,-0.010969469947608779,EFA,"ARIMA(1,0,1)"
2009-03-13,-0.012430700073161301,EFA,"ARIMA(1,0,1)"
2009-03-16,-0.009562118758335281,EFA,"ARIMA(1,0,1)"
2009-03-17,-0.008739547538765996,EFA,"ARIMA(1,0,1)"
2009-03-18,-0.011371176134906735,EFA,"ARIMA(1,0,1)"
2009-03-19,-0.012855606921578304,EFA,"ARIMA(1,0,1)"
2009-03-20,-0.0072796287638475865,EFA,"ARIMA(1,0,1)"
2009-03-23,-0.0024731032528907044,EFA,"ARIMA(1,0,1)"
2009-03-24,-0.017116713418404924,EFA,"ARIMA(1,0,1)"
2009-03-25,-0.00277808201440515,EFA,"ARIMA(1,0,1)"
2009-03-26,-0.006206022104373959,EFA,"ARIMA(1,0,1)"
2009-03-27,-0.007240231672274044,EFA,"ARIMA(1,0,1)"
2009-03-30,0.0018981761038908648,EFA,"ARIMA(1,0,1)"
2009-03-31,0.007019623679270428,EFA,"ARIMA(1,0,1)"
2009-04-01,-0.004364586534330191,EFA,"ARIMA(1,0,1)"
2009-04-02,-0.009402470171086776,EFA,"ARIMA(1,0,1)"
2009-04-03,-0.01523478667026517,EFA,"ARIMA(1,0,1)"
2009-04-06,-0.00983428237054379,EFA,"ARIMA(1,0,1)"
2009-04-07,-0.002169502244735561,EFA,"ARIMA(1,0,1)"
2009-04-08,0.0014528869802914782,EFA,"ARIMA(1,0,1)"
2009-04-09,-0.003064405083387021,EFA,"ARIMA(1,0,1)"
2009-04-13,-0.00852340771318939,EFA,"ARIMA(1,0,1)"
2009-04-14,-0.007605265425522796,EFA,"ARIMA(1,0,1)"
2009-04-15,-0.0033525277136461605,EFA,"ARIMA(1,0,1)"
2009-04-16,-0.005921043695440845,EFA,"ARIMA(1,0,1)"
2009-04-17,-0.0058445164714057765,EFA,"ARIMA(1,0,1)"
2009-04-20,-0.003730372142384056,EFA,"ARIMA(1,0,1)"
2009-04-21,0.004927605086073225,EFA,"ARIMA(1,0,1)"
2009-04-22,-0.004031930183117103,EFA,"ARIMA(1,0,1)"
2009-04-23,-0.0020181747061798227,EFA,"ARIMA(1,0,1)"
2009-04-24,-0.0077998486434448615,EFA,"ARIMA(1,0,1)"
2009-04-27,-0.00848419318221463,EFA,"ARIMA(1,0,1)"
2009-04-28,-0.003375832506824039,EFA,"ARIMA(1,0,1)"
2009-04-29,-0.0014138350888466878,EFA,"ARIMA(1,0,1)"
2009-04-30,-0.007493556700614938,EFA,"ARIMA(1,0,1)"
2009-05-01,-0.006522096884761694,EFA,"ARIMA(1,0,1)"
2009-05-04,-0.00711187562514009,EFA,"ARIMA(1,0,1)"
2009-05-05,-0.01295890726344134,EFA,"ARIMA(1,0,1)"
2009-05-06,-0.0056319732844775285,EFA,"ARIMA(1,0,1)"
2009-05-07,-0.00876622877770915,EFA,"ARIMA(1,0,1)"
2009-05-08,-0.002168399779293273,EFA,"ARIMA(1,0,1)"
2009-05-11,-0.010841794720820992,EFA,"ARIMA(1,0,1)"
2009-05-12,-0.0011565241724523856,EFA,"ARIMA(1,0,1)"
2009-05-13,-0.004185078108545139,EFA,"ARIMA(1,0,1)"
2009-05-14,0.003577769300092319,EFA,"ARIMA(1,0,1)"
2009-05-15,-0.0019880652126871047,EFA,"ARIMA(1,0,1)"
2009-05-18,-0.0007023864638476896,EFA,"ARIMA(1,0,1)"
2009-05-19,-0.00963748950446596,EFA,"ARIMA(1,0,1)"
2009-05-20,-0.007597626804804631,EFA,"ARIMA(1,0,1)"
2009-05-21,-0.006128594078688671,EFA,"ARIMA(1,0,1)"
2009-05-22,-0.0026331368940760566,EFA,"ARIMA(1,0,1)"
2009-05-26,-0.0037990698644744417,EFA,"ARIMA(1,0,1)"
2009-05-27,-0.007033137023643918,EFA,"ARIMA(1,0,1)"
2009-05-28,-0.000584068762651181,EFA,"ARIMA(1,0,1)"
2009-05-29,-0.0037355945145171,EFA,"ARIMA(1,0,1)"
2009-06-01,-0.006997993422005961,EFA,"ARIMA(1,0,1)"
2009-06-02,-0.009173585671516932,EFA,"ARIMA(1,0,1)"
2009-06-03,-0.00685148935531691,EFA,"ARIMA(1,0,1)"
2009-06-04,0.0016475176370850614,EFA,"ARIMA(1,0,1)"
2009-06-05,-0.0017973710397727852,EFA,"ARIMA(1,0,1)"
2009-06-08,0.00031351387338037764,EFA,"ARIMA(1,0,1)"
2009-06-09,-0.0006531545797455651,EFA,"ARIMA(1,0,1)"
2009-06-10,-0.003933860278045667,EFA,"ARIMA(1,0,1)"
2009-06-11,-0.003261052755048289,EFA,"ARIMA(1,0,1)"
2009-06-12,-0.005891929971392711,EFA,"ARIMA(1,0,1)"
2009-06-15,-0.0026807935204824695,EFA,"ARIMA(1,0,1)"
2009-06-16,0.00484679210226611,EFA,"ARIMA(1,0,1)"
2009-06-17,0.003165087674571545,EFA,"ARIMA(1,0,1)"
2009-06-18,-0.00040531305915774037,EFA,"ARIMA(1,0,1)"
2009-06-19,-0.001061383309108536,EFA,"ARIMA(1,0,1)"
2009-06-22,-0.00475110978159374,EFA,"ARIMA(1,0,1)"
2009-06-23,0.003196775112194185,EFA,"ARIMA(1,0,1)"
2009-06-24,-0.0023792232780624617,EFA,"ARIMA(1,0,1)"
2009-06-25,-0.0024182515531397672,EFA,"ARIMA(1,0,1)"
2009-06-26,-0.006387649137413586,EFA,"ARIMA(1,0,1)"
2009-06-29,-0.0035155529846251847,EFA,"ARIMA(1,0,1)"
2009-06-30,-0.0043126330600798905,EFA,"ARIMA(1,0,1)"
2009-07-01,-0.0007157575404516112,EFA,"ARIMA(1,0,1)"
2009-07-02,-0.004596245593438592,EFA,"ARIMA(1,0,1)"
2009-07-06,0.002744734160087471,EFA,"ARIMA(1,0,1)"
2009-07-07,-0.00013099946747482678,EFA,"ARIMA(1,0,1)"
2009-07-08,0.0037301335444407035,EFA,"ARIMA(1,0,1)"
2009-07-09,0.0013049111678255507,EFA,"ARIMA(1,0,1)"
2009-07-10,-0.002898150993683249,EFA,"ARIMA(1,0,1)"
2009-07-13,-0.0001071099642271393,EFA,"ARIMA(1,0,1)"
2009-07-14,-0.004530968550139495,EFA,"ARIMA(1,0,1)"
2009-07-15,-0.004102021933552446,EFA,"ARIMA(1,0,1)"
2009-07-16,-0.009296648374070487,EFA,"ARIMA(1,0,1)"
2009-07-17,-0.006794171927520281,EFA,"ARIMA(1,0,1)"
2009-07-20,-0.0033126616792740655,EFA,"ARIMA(1,0,1)"
2009-07-21,-0.006142590480722226,EFA,"ARIMA(1,0,1)"
2009-07-22,-0.004818138157759663,EFA,"ARIMA(1,0,1)"
2009-07-23,-0.0034959831048631818,EFA,"ARIMA(1,0,1)"
2009-07-24,-0.005608187366345618,EFA,"ARIMA(1,0,1)"
2009-07-27,-0.004357019475026461,EFA,"ARIMA(1,0,1)"
2009-07-28,-0.002867692155537851,EFA,"ARIMA(1,0,1)"
2009-07-29,-0.0011777188537166641,EFA,"ARIMA(1,0,1)"
2009-07-30,0.00020687746967706076,EFA,"ARIMA(1,0,1)"
2009-07-31,-0.004457830997866335,EFA,"ARIMA(1,0,1)"
2009-08-03,-0.005515078673370928,EFA,"ARIMA(1,0,1)"
2009-08-04,-0.007251762523833184,EFA,"ARIMA(1,0,1)"
2009-08-05,-0.00334551741402595,EFA,"ARIMA(1,0,1)"
2009-08-06,-0.0013387997818060794,EFA,"ARIMA(1,0,1)"
2009-08-07,-7.644460938569929e-05,EFA,"ARIMA(1,0,1)"
2009-08-10,-0.000471014618015559,EFA,"ARIMA(1,0,1)"
2009-08-11,0.00026834021532386697,EFA,"ARIMA(1,0,1)"
2009-08-12,0.0005132620580889628,EFA,"ARIMA(1,0,1)"
2009-08-13,-0.0025222212796723723,EFA,"ARIMA(1,0,1)"
2009-08-14,-0.004448668138919468,EFA,"ARIMA(1,0,1)"
2009-08-17,-0.0008104300435985307,EFA,"ARIMA(1,0,1)"
2009-08-18,0.005225944554414862,EFA,"ARIMA(1,0,1)"
2009-08-19,-0.001584314687826571,EFA,"ARIMA(1,0,1)"
2009-08-20,-0.002787338888719289,EFA,"ARIMA(1,0,1)"
2009-08-21,-0.0030539662078152784,EFA,"ARIMA(1,0,1)"
2009-08-24,-0.005842271579618646,EFA,"ARIMA(1,0,1)"
2009-08-25,-0.0029224855560351704,EFA,"ARIMA(1,0,1)"
2009-08-26,-0.0034528811554280303,EFA,"ARIMA(1,0,1)"
2009-08-27,-0.0011222223494966356,EFA,"ARIMA(1,0,1)"
2009-08-28,-0.002338149046271859,EFA,"ARIMA(1,0,1)"
2009-08-31,-0.0015476255033248227,EFA,"ARIMA(1,0,1)"
2009-09-01,0.0002930574870296786,EFA,"ARIMA(1,0,1)"
2009-09-02,0.004432705193854856,EFA,"ARIMA(1,0,1)"
2009-09-03,0.0016842247949441533,EFA,"ARIMA(1,0,1)"
2009-09-04,-0.001018219431150479,EFA,"ARIMA(1,0,1)"
2009-09-08,-0.0035967508696002405,EFA,"ARIMA(1,0,1)"
2009-09-09,-0.005486297357798938,EFA,"ARIMA(1,0,1)"
2009-09-10,-0.00471442165839999,EFA,"ARIMA(1,0,1)"
2009-09-11,-0.0037911887509861166,EFA,"ARIMA(1,0,1)"
2009-09-14,-0.001544425302289865,EFA,"ARIMA(1,0,1)"
2009-09-15,-0.0012047368733128924,EFA,"ARIMA(1,0,1)"
2009-09-16,-0.0005162919566488224,EFA,"ARIMA(1,0,1)"
2009-09-17,-0.00376255731155547,EFA,"ARIMA(1,0,1)"
2009-09-18,-0.00023808886591266748,EFA,"ARIMA(1,0,1)"
2009-09-21,-0.0007117408897210702,EFA,"ARIMA(1,0,1)"
2009-09-22,0.0013352707326410717,EFA,"ARIMA(1,0,1)"
2009-09-23,-0.0020332775694109095,EFA,"ARIMA(1,0,1)"
2009-09-24,0.0007132269658066904,EFA,"ARIMA(1,0,1)"
2009-09-25,0.0028147765096957055,EFA,"ARIMA(1,0,1)"
2009-09-28,0.0015801166072411965,EFA,"ARIMA(1,0,1)"
2009-09-29,-0.002031200147524543,EFA,"ARIMA(1,0,1)"
2009-09-30,0.0006642424052781623,EFA,"ARIMA(1,0,1)"
2009-10-01,0.00014747868747032284,EFA,"ARIMA(1,0,1)"
2009-10-02,0.004525273460368907,EFA,"ARIMA(1,0,1)"
2009-10-05,0.004393806293322151,EFA,"ARIMA(1,0,1)"
2009-10-06,4.359016795189285e-05,EFA,"ARIMA(1,0,1)"
2009-10-07,-0.0026193505633427755,EFA,"ARIMA(1,0,1)"
2009-10-08,-0.0016816184918366432,EFA,"ARIMA(1,0,1)"
2009-10-09,-0.003388651767622009,EFA,"ARIMA(1,0,1)"
2009-10-12,-0.00025792397418280145,EFA,"ARIMA(1,0,1)"
2009-10-13,-0.0006421705629410951,EFA,"ARIMA(1,0,1)"
2009-10-14,0.000634060573639391,EFA,"ARIMA(1,0,1)"
2009-10-15,-0.0035455045971518975,EFA,"ARIMA(1,0,1)"
2009-10-16,-0.0011451330959515941,EFA,"ARIMA(1,0,1)"
2009-10-19,0.002691610582627027,EFA,"ARIMA(1,0,1)"
2009-10-20,-0.0005431487346170352,EFA,"ARIMA(1,0,1)"
2009-10-21,0.0011871174349949536,EFA,"ARIMA(1,0,1)"
2009-10-22,0.0020555322007409153,EFA,"ARIMA(1,0,1)"
2009-10-23,0.00043465814433652893,EFA,"ARIMA(1,0,1)"
2009-10-26,0.0037574376803341876,EFA,"ARIMA(1,0,1)"
2009-10-27,0.005211371449896612,EFA,"ARIMA(1,0,1)"
2009-10-28,0.0038440693091957995,EFA,"ARIMA(1,0,1)"
2009-10-29,0.0059412213551496805,EFA,"ARIMA(1,0,1)"
2009-10-30,-0.001078140391306758,EFA,"ARIMA(1,0,1)"
2009-11-02,0.00560536713400717,EFA,"ARIMA(1,0,1)"
2009-11-03,0.0011779047153258927,EFA,"ARIMA(1,0,1)"
2009-11-04,0.0015838789782780935,EFA,"ARIMA(1,0,1)"
2009-11-05,-0.00047054462837150016,EFA,"ARIMA(1,0,1)"
2009-11-06,-0.00143050459803599,EFA,"ARIMA(1,0,1)"
2009-11-09,0.00030963323201886194,EFA,"ARIMA(1,0,1)"
2009-11-10,-0.002826243233710764,EFA,"ARIMA(1,0,1)"
2009-11-11,0.0009636659344728835,EFA,"ARIMA(1,0,1)"
2009-11-12,0.0008979451913457136,EFA,"ARIMA(1,0,1)"
2009-11-13,0.0035127498525839686,EFA,"ARIMA(1,0,1)"
2009-11-16,0.00022488328987165245,EFA,"ARIMA(1,0,1)"
2009-11-17,-0.00048558740747725116,EFA,"ARIMA(1,0,1)"
2009-11-18,0.0014554766668758408,EFA,"ARIMA(1,0,1)"
2009-11-19,0.0020716378710771395,EFA,"ARIMA(1,0,1)"
2009-11-20,0.004814831082039909,EFA,"ARIMA(1,0,1)"
2009-11-23,0.002510985345663343,EFA,"ARIMA(1,0,1)"
2009-11-24,-0.0010355035961285065,EFA,"ARIMA(1,0,1)"
2009-11-25,0.002289584337108487,EFA,"ARIMA(1,0,1)"
2009-11-27,-0.0006359939456990374,EFA,"ARIMA(1,0,1)"
2009-11-30,0.006477872297814933,EFA,"ARIMA(1,0,1)"
2009-12-01,-0.00013419549085067774,EFA,"ARIMA(1,0,1)"
2009-12-02,-0.0014523020685145425,EFA,"ARIMA(1,0,1)"
2009-12-03,0.002377978411356524,EFA,"ARIMA(1,0,1)"
2009-12-04,0.001556832188910565,EFA,"ARIMA(1,0,1)"
2009-12-07,0.0021945977829852465,EFA,"ARIMA(1,0,1)"
2009-12-08,0.0021697473457076904,EFA,"ARIMA(1,0,1)"
2009-12-09,0.0035307289861830488,EFA,"ARIMA(1,0,1)"
2009-12-10,0.000750482721022902,EFA,"ARIMA(1,0,1)"
2009-12-11,0.0010905752763665634,EFA,"ARIMA(1,0,1)"
2009-12-14,0.0014172351377570347,EFA,"ARIMA(1,0,1)"
2009-12-15,-5.475515371109515e-05,EFA,"ARIMA(1,0,1)"
2009-12-16,0.0033242527839981665,EFA,"ARIMA(1,0,1)"
2009-12-17,-0.0013687993185718453,EFA,"ARIMA(1,0,1)"
2009-12-18,0.0052677427912477745,EFA,"ARIMA(1,0,1)"
2009-12-21,-0.0009109168329815376,EFA,"ARIMA(1,0,1)"
2009-12-22,0.0014957855133961653,EFA,"ARIMA(1,0,1)"
2009-12-23,0.00019392154304876514,EFA,"ARIMA(1,0,1)"
2009-12-24,0.00038504090203651115,EFA,"ARIMA(1,0,1)"
2009-12-28,0.0010490146544083507,EFA,"ARIMA(1,0,1)"
2009-12-29,0.000724757256490863,EFA,"ARIMA(1,0,1)"
2009-12-30,0.0012614673083755962,EFA,"ARIMA(1,0,1)"
2009-12-31,0.0017763206446799718,EFA,"ARIMA(1,0,1)"
2010-01-04,0.0018673810572520373,EFA,"ARIMA(1,0,1)"
2010-01-05,-0.003053099535174647,EFA,"ARIMA(1,0,1)"
2010-01-06,0.0023689126047269694,EFA,"ARIMA(1,0,1)"
2010-01-07,0.0002533817939738447,EFA,"ARIMA(1,0,1)"
2010-01-08,0.002157183869663442,EFA,"ARIMA(1,0,1)"
2010-01-11,-0.00016451796302886638,EFA,"ARIMA(1,0,1)"
2010-01-12,0.00036193632549519567,EFA,"ARIMA(1,0,1)"
2010-01-13,0.003601866209807739,EFA,"ARIMA(1,0,1)"
2010-01-14,-0.0001685536667994415,EFA,"ARIMA(1,0,1)"
2010-01-15,0.0008807784658282447,EFA,"ARIMA(1,0,1)"
2010-01-19,0.004625419370898364,EFA,"ARIMA(1,0,1)"
2010-01-20,-0.0011235123871291758,EFA,"ARIMA(1,0,1)"
2010-01-21,0.0061407689441451245,EFA,"ARIMA(1,0,1)"
2010-01-22,0.0009869916250344172,EFA,"ARIMA(1,0,1)"
2010-01-25,0.0038122067833265254,EFA,"ARIMA(1,0,1)"
2010-01-26,-0.0009046081352678593,EFA,"ARIMA(1,0,1)"
2010-01-27,0.0032507332859921063,EFA,"ARIMA(1,0,1)"
2010-01-28,0.00031042428300727637,EFA,"ARIMA(1,0,1)"
2010-01-29,0.0037672830055331444,EFA,"ARIMA(1,0,1)"
2010-02-01,0.0019591798125957703,EFA,"ARIMA(1,0,1)"
2010-02-02,-0.001066224062040194,EFA,"ARIMA(1,0,1)"
2010-02-03,0.0007383742963728433,EFA,"ARIMA(1,0,1)"
2010-02-04,0.00314866323918657,EFA,"ARIMA(1,0,1)"
2010-02-05,0.005783750848110137,EFA,"ARIMA(1,0,1)"
2010-02-08,-0.0006141364854940854,EFA,"ARIMA(1,0,1)"
2010-02-09,0.004579867258782348,EFA,"ARIMA(1,0,1)"
2010-02-10,-0.004827210929461294,EFA,"ARIMA(1,0,1)"
2010-02-11,0.00620921390037364,EFA,"ARIMA(1,0,1)"
2010-02-12,-0.0028328082557379773,EFA,"ARIMA(1,0,1)"
2010-02-16,0.0043708089926397286,EFA,"ARIMA(1,0,1)"
2010-02-17,-0.0032191292262907178,EFA,"ARIMA(1,0,1)"
2010-02-18,0.004275682318473188,EFA,"ARIMA(1,0,1)"
2010-02-19,-0.0004472783554641444,EFA,"ARIMA(1,0,1)"
2010-02-22,0.0036505218967757772,EFA,"ARIMA(1,0,1)"
2010-02-23,8.2174775597255e-05,EFA,"ARIMA(1,0,1)"
2010-02-24,0.005982802344502729,EFA,"ARIMA(1,0,1)"
2010-02-25,-0.0018503398082286003,EFA,"ARIMA(1,0,1)"
2010-02-26,0.004100492078300568,EFA,"ARIMA(1,0,1)"
2010-03-01,-0.0002350697601834022,EFA,"ARIMA(1,0,1)"
2010-03-02,0.004550801956400222,EFA,"ARIMA(1,0,1)"
2010-03-03,0.0007586435553526487,EFA,"ARIMA(1,0,1)"
2010-03-04,0.00155659237155439,EFA,"ARIMA(1,0,1)"
2010-03-05,0.0029023824166000403,EFA,"ARIMA(1,0,1)"
2010-03-08,-0.0005947779654715585,EFA,"ARIMA(1,0,1)"
2010-03-09,0.004311135769179513,EFA,"ARIMA(1,0,1)"
2010-03-10,0.00158901565375666,EFA,"ARIMA(1,0,1)"
2010-03-11,0.0022797399019768363,EFA,"ARIMA(1,0,1)"
2010-03-12,0.0016900684259826917,EFA,"ARIMA(1,0,1)"
2010-03-15,0.0016883403899758025,EFA,"ARIMA(1,0,1)"
2010-03-16,0.0016478514210576168,EFA,"ARIMA(1,0,1)"
2010-03-17,-0.0008279928354821278,EFA,"ARIMA(1,0,1)"
2010-03-18,0.0027720211920062143,EFA,"ARIMA(1,0,1)"
2010-03-19,0.002806272219829051,EFA,"ARIMA(1,0,1)"
2010-03-22,0.0030794245770259954,EFA,"ARIMA(1,0,1)"
2010-03-23,0.0006630910769395118,EFA,"ARIMA(1,0,1)"
2010-03-24,0.0015538359544964087,EFA,"ARIMA(1,0,1)"
2010-03-25,0.0034984376719190344,EFA,"ARIMA(1,0,1)"
2010-03-26,0.00039005190683135803,EFA,"ARIMA(1,0,1)"
2010-03-29,0.0008140144533384062,EFA,"ARIMA(1,0,1)"
2010-03-30,0.0009347177992829589,EFA,"ARIMA(1,0,1)"
2010-03-31,0.0024568342458364126,EFA,"ARIMA(1,0,1)"
2010-04-01,0.0018665349111750692,EFA,"ARIMA(1,0,1)"
2010-04-05,-0.00030433219059338096,EFA,"ARIMA(1,0,1)"
2010-04-06,0.0028473977173843366,EFA,"ARIMA(1,0,1)"
2010-04-07,0.001194709067340443,EFA,"ARIMA(1,0,1)"
2010-04-08,0.0029076524022269732,EFA,"ARIMA(1,0,1)"
2010-04-09,0.00111013482198516,EFA,"ARIMA(1,0,1)"
2010-04-12,0.00021792876635657677,EFA,"ARIMA(1,0,1)"
2010-04-13,0.002127648673476202,EFA,"ARIMA(1,0,1)"
2010-04-14,0.0014424906372003223,EFA,"ARIMA(1,0,1)"
2010-04-15,-0.0001468515696129199,EFA,"ARIMA(1,0,1)"
2010-04-16,0.002874286596779878,EFA,"ARIMA(1,0,1)"
2010-04-19,0.004040100753662402,EFA,"ARIMA(1,0,1)"
2010-04-20,0.00033478524799253275,EFA,"ARIMA(1,0,1)"
2010-04-21,0.0015417919849204792,EFA,"ARIMA(1,0,1)"
2010-04-22,0.00259060524206453,EFA,"ARIMA(1,0,1)"
2010-04-23,0.0021822381348855758,EFA,"ARIMA(1,0,1)"
2010-04-26,8.550439964368525e-05,EFA,"ARIMA(1,0,1)"
2010-04-27,0.0022063500894681514,EFA,"ARIMA(1,0,1)"
2010-04-28,0.00669580056089954,EFA,"ARIMA(1,0,1)"
2010-04-29,-0.0018599586200944225,EFA,"ARIMA(1,0,1)"
2010-04-30,0.0015082970159569086,EFA,"ARIMA(1,0,1)"
2010-05-03,0.0027867255940161044,EFA,"ARIMA(1,0,1)"
2010-05-04,-0.000890056578072153,EFA,"ARIMA(1,0,1)"
2010-05-05,0.008052488046418761,EFA,"ARIMA(1,0,1)"
2010-05-06,-0.0008163372283764669,EFA,"ARIMA(1,0,1)"
2010-05-07,0.007102793692447421,EFA,"ARIMA(1,0,1)"
2010-05-10,-0.0031018427178336294,EFA,"ARIMA(1,0,1)"
2010-05-11,-0.00288376067362673,EFA,"ARIMA(1,0,1)"
2010-05-12,0.0016862753620191227,EFA,"ARIMA(1,0,1)"
2010-05-13,2.8744084273717597e-05,EFA,"ARIMA(1,0,1)"
2010-05-14,0.0016059642795330773,EFA,"ARIMA(1,0,1)"
2010-05-17,0.002210970926964175,EFA,"ARIMA(1,0,1)"
2010-05-18,0.0006401284308009858,EFA,"ARIMA(1,0,1)"
2010-05-19,0.0016080825649917815,EFA,"ARIMA(1,0,1)"
2010-05-20,0.0002328873942946181,EFA,"ARIMA(1,0,1)"
2010-05-21,0.002231452821456195,EFA,"ARIMA(1,0,1)"
2010-05-24,-0.0012045655652034744,EFA,"ARIMA(1,0,1)"
2010-05-25,0.004744501279064612,EFA,"ARIMA(1,0,1)"
2010-05-26,0.0004873056062653042,EFA,"ARIMA(1,0,1)"
2010-05-27,0.0011636565486068077,EFA,"ARIMA(1,0,1)"
2010-05-28,-0.007103558570931425,EFA,"ARIMA(1,0,1)"
2010-06-01,0.006979824850902794,EFA,"ARIMA(1,0,1)"
2010-06-02,-0.0023547357590524994,EFA,"ARIMA(1,0,1)"
2010-06-03,-0.00209749640890466,EFA,"ARIMA(1,0,1)"
2010-06-04,-0.002973584122146075,EFA,"ARIMA(1,0,1)"
2010-06-07,0.003984507988602463,EFA,"ARIMA(1,0,1)"
2010-06-08,-0.0035167713024773424,EFA,"ARIMA(1,0,1)"
2010-06-09,-0.0009159184640179655,EFA,"ARIMA(1,0,1)"
2010-06-10,0.0009759959934900651,EFA,"ARIMA(1,0,1)"
2010-06-11,-0.0012889584642544597,EFA,"ARIMA(1,0,1)"
2010-06-14,0.0011866107900189973,EFA,"ARIMA(1,0,1)"
2010-06-15,-0.0026965248454756683,EFA,"ARIMA(1,0,1)"
2010-06-16,-0.0018543078712768121,EFA,"ARIMA(1,0,1)"
2010-06-17,0.0018340608174673468,EFA,"ARIMA(1,0,1)"
2010-06-18,-0.0006126457749624737,EFA,"ARIMA(1,0,1)"
2010-06-21,0.0013988633095277008,EFA,"ARIMA(1,0,1)"
2010-06-22,-5.064416975404776e-05,EFA,"ARIMA(1,0,1)"
2010-06-23,0.0020647158428793956,EFA,"ARIMA(1,0,1)"
2010-06-24,-0.0011803792332717774,EFA,"ARIMA(1,0,1)"
2010-06-25,0.002527474865940786,EFA,"ARIMA(1,0,1)"
2010-06-28,-0.0019767273245964423,EFA,"ARIMA(1,0,1)"
2010-06-29,0.0025548522184807763,EFA,"ARIMA(1,0,1)"
2010-06-30,0.0028896162805611236,EFA,"ARIMA(1,0,1)"
2010-07-01,6.10975062956601e-06,EFA,"ARIMA(1,0,1)"
2010-07-02,-0.0006839113703011899,EFA,"ARIMA(1,0,1)"
2010-07-06,0.000860711679290639,EFA,"ARIMA(1,0,1)"
2010-07-07,-0.0015281762456189677,EFA,"ARIMA(1,0,1)"
2010-07-08,-0.00015060090304932616,EFA,"ARIMA(1,0,1)"
2010-07-09,0.00046169696227862055,EFA,"ARIMA(1,0,1)"
2010-07-12,0.000849687497707644,EFA,"ARIMA(1,0,1)"
2010-07-13,0.0008752023203818708,EFA,"ARIMA(1,0,1)"
2010-07-14,-0.0007853157583125527,EFA,"ARIMA(1,0,1)"
2010-07-15,0.0010971057981618397,EFA,"ARIMA(1,0,1)"
2010-07-16,-0.00014766267487305497,EFA,"ARIMA(1,0,1)"
2010-07-19,0.0029658259558269636,EFA,"ARIMA(1,0,1)"
2010-07-20,-0.0014598822735282491,EFA,"ARIMA(1,0,1)"
2010-07-21,0.00043742313742870507,EFA,"ARIMA(1,0,1)"
2010-07-22,0.0016286773181316346,EFA,"ARIMA(1,0,1)"
2010-07-23,-0.002979267795399489,EFA,"ARIMA(1,0,1)"
2010-07-26,9.600796222790912e-05,EFA,"ARIMA(1,0,1)"
2010-07-27,-0.00024009528804648685,EFA,"ARIMA(1,0,1)"
2010-07-28,0.00032613193094606553,EFA,"ARIMA(1,0,1)"
2010-07-29,0.0007395627331104516,EFA,"ARIMA(1,0,1)"
2010-07-30,-0.00014494201749430885,EFA,"ARIMA(1,0,1)"
2010-08-02,0.0006677172570345628,EFA,"ARIMA(1,0,1)"
2010-08-03,-0.0026918061470226013,EFA,"ARIMA(1,0,1)"
2010-08-04,0.0011999834588585004,EFA,"ARIMA(1,0,1)"
2010-08-05,-3.436928709838551e-05,EFA,"ARIMA(1,0,1)"
2010-08-06,0.0004383871301867551,EFA,"ARIMA(1,0,1)"
2010-08-09,3.2954863092994017e-05,EFA,"ARIMA(1,0,1)"
2010-08-10,0.00031980033459120334,EFA,"ARIMA(1,0,1)"
2010-08-11,0.0010784118434402487,EFA,"ARIMA(1,0,1)"
2010-08-12,0.003822471735723687,EFA,"ARIMA(1,0,1)"
2010-08-13,-0.0014027083797445443,EFA,"ARIMA(1,0,1)"
2010-08-16,0.0010906606129131825,EFA,"ARIMA(1,0,1)"
2010-08-17,-0.0015925816859756004,EFA,"ARIMA(1,0,1)"
2010-08-18,0.00034835151078842696,EFA,"ARIMA(1,0,1)"
2010-08-19,0.00021814488538901132,EFA,"ARIMA(1,0,1)"
2010-08-20,0.0012137956757905298,EFA,"ARIMA(1,0,1)"
2010-08-23,0.0002103810370014542,EFA,"ARIMA(1,0,1)"
2010-08-24,-1.5600257382181038e-05,EFA,"ARIMA(1,0,1)"
2010-08-25,0.0008832303074396795,EFA,"ARIMA(1,0,1)"
2010-08-26,-0.0007848673357413081,EFA,"ARIMA(1,0,1)"
2010-08-27,0.0002344806517684209,EFA,"ARIMA(1,0,1)"
2010-08-30,-0.0018478251562606383,EFA,"ARIMA(1,0,1)"
2010-08-31,0.0019674560502082983,EFA,"ARIMA(1,0,1)"
2010-09-01,-0.001514390765600998,EFA,"ARIMA(1,0,1)"
2010-09-02,-0.0024810820038189685,EFA,"ARIMA(1,0,1)"
2010-09-03,0.0006810494510844384,EFA,"ARIMA(1,0,1)"
2010-09-07,-0.0008494921929481172,EFA,"ARIMA(1,0,1)"
2010-09-08,0.00165088556605334,EFA,"ARIMA(1,0,1)"
2010-09-09,-0.0011939987538026257,EFA,"ARIMA(1,0,1)"
2010-09-10,-0.0006115844132653451,EFA,"ARIMA(1,0,1)"
2010-09-13,-0.00016948497184313398,EFA,"ARIMA(1,0,1)"
2010-09-14,-0.0015765904290743799,EFA,"ARIMA(1,0,1)"
2010-09-15,-3.579647660589517e-05,EFA,"ARIMA(1,0,1)"
2010-09-16,5.338955144608205e-05,EFA,"ARIMA(1,0,1)"
2010-09-17,0.00038143047514323664,EFA,"ARIMA(1,0,1)"
2010-09-20,0.0002589956632822437,EFA,"ARIMA(1,0,1)"
2010-09-21,-0.0015128706595672534,EFA,"ARIMA(1,0,1)"
2010-09-22,0.0005534727145839539,EFA,"ARIMA(1,0,1)"
2010-09-23,4.767570304688967e-07,EFA,"ARIMA(1,0,1)"
2010-09-24,0.0009545273598561055,EFA,"ARIMA(1,0,1)"
2010-09-27,-0.002591448308702852,EFA,"ARIMA(1,0,1)"
2010-09-28,0.0014896499311331808,EFA,"ARIMA(1,0,1)"
2010-09-29,-0.0007636382539600546,EFA,"ARIMA(1,0,1)"
2010-09-30,0.0005839902574018928,EFA,"ARIMA(1,0,1)"
2010-10-01,0.0006959557394970095,EFA,"ARIMA(1,0,1)"
2010-10-04,-0.0008978792875848577,EFA,"ARIMA(1,0,1)"
2010-10-05,0.0021594197353322774,EFA,"ARIMA(1,0,1)"
2010-10-06,-0.0033783312526058248,EFA,"ARIMA(1,0,1)"
2010-10-07,0.00043324829100699846,EFA,"ARIMA(1,0,1)"
2010-10-08,0.0006103594279769241,EFA,"ARIMA(1,0,1)"
2010-10-11,-0.000551638323761684,EFA,"ARIMA(1,0,1)"
2010-10-12,0.0005498697930411223,EFA,"ARIMA(1,0,1)"
2010-10-13,0.0003558149696808947,EFA,"ARIMA(1,0,1)"
2010-10-14,-0.0009818335733481787,EFA,"ARIMA(1,0,1)"
2010-10-15,-0.00016951313638941781,EFA,"ARIMA(1,0,1)"
2010-10-18,0.0006175430051172804,EFA,"ARIMA(1,0,1)"
2010-10-19,-0.00014216473727538478,EFA,"ARIMA(1,0,1)"
2010-10-20,0.002443207435460198,EFA,"ARIMA(1,0,1)"
2010-10-21,-0.002579657302580115,EFA,"ARIMA(1,0,1)"
2010-10-22,0.001814018568779277,EFA,"ARIMA(1,0,1)"
2010-10-25,-0.0006798985974043978,EFA,"ARIMA(1,0,1)"
2010-10-26,-5.320593897361787e-05,EFA,"ARIMA(1,0,1)"
2010-10-27,0.000999932329696203,EFA,"ARIMA(1,0,1)"
2010-10-28,0.0012295036303301035,EFA,"ARIMA(1,0,1)"
2010-10-29,-0.000619643550665618,EFA,"ARIMA(1,0,1)"
2010-11-01,0.0004083929395331862,EFA,"ARIMA(1,0,1)"
2010-11-02,0.0006995924313112442,EFA,"ARIMA(1,0,1)"
2010-11-03,-0.0011381751292282045,EFA,"ARIMA(1,0,1)"
2010-11-04,-5.172983084394256e-05,EFA,"ARIMA(1,0,1)"
2010-11-05,-0.0014514816605641061,EFA,"ARIMA(1,0,1)"
2010-11-08,0.0009926291644944817,EFA,"ARIMA(1,0,1)"
2010-11-09,0.0009265806316757089,EFA,"ARIMA(1,0,1)"
2010-11-10,0.001106338847824704,EFA,"ARIMA(1,0,1)"
2010-11-11,1.9133191432527255e-05,EFA,"ARIMA(1,0,1)"
2010-11-12,0.001013613998274277,EFA,"ARIMA(1,0,1)"
2010-11-15,0.0008630781431523387,EFA,"ARIMA(1,0,1)"
2010-11-16,0.00015484140142594022,EFA,"ARIMA(1,0,1)"
2010-11-17,0.0020502532249931297,EFA,"ARIMA(1,0,1)"
2010-11-18,-0.0007455054394927478,EFA,"ARIMA(1,0,1)"
2010-11-19,-0.0019294407029234388,EFA,"ARIMA(1,0,1)"
2010-11-22,0.0004280040711796942,EFA,"ARIMA(1,0,1)"
2010-11-23,0.0011533677979335172,EFA,"ARIMA(1,0,1)"
2010-11-24,0.0023382351461136946,EFA,"ARIMA(1,0,1)"
2010-11-26,-0.000686694471163317,EFA,"ARIMA(1,0,1)"
2010-11-29,0.0016704197512999498,EFA,"ARIMA(1,0,1)"
2010-11-30,0.0004668846917616275,EFA,"ARIMA(1,0,1)"
2010-12-01,0.0008667660829406828,EFA,"ARIMA(1,0,1)"
2010-12-02,-0.0025334488079033247,EFA,"ARIMA(1,0,1)"
2010-12-03,-0.0009564392178266603,EFA,"ARIMA(1,0,1)"
2010-12-06,-0.00035069260500505495,EFA,"ARIMA(1,0,1)"
2010-12-07,0.0006040847126575516,EFA,"ARIMA(1,0,1)"
2010-12-08,2.4577789859234867e-05,EFA,"ARIMA(1,0,1)"
2010-12-09,6.685534881476193e-05,EFA,"ARIMA(1,0,1)"
2010-12-10,0.0001188486834552953,EFA,"ARIMA(1,0,1)"
2010-12-13,0.00013599136893367486,EFA,"ARIMA(1,0,1)"
2010-12-14,-0.0004165616154743942,EFA,"ARIMA(1,0,1)"
2010-12-15,0.00029041532669927243,EFA,"ARIMA(1,0,1)"
2010-12-16,0.00116495958354806,EFA,"ARIMA(1,0,1)"
2010-12-17,-0.0001980210307626766,EFA,"ARIMA(1,0,1)"
2010-12-20,0.0007595382997661872,EFA,"ARIMA(1,0,1)"
2010-12-21,0.00011618800368710274,EFA,"ARIMA(1,0,1)"
2010-12-22,-0.00022667665451664648,EFA,"ARIMA(1,0,1)"
2010-12-23,0.00022747635314862154,EFA,"ARIMA(1,0,1)"
2010-12-27,0.00032842026575953087,EFA,"ARIMA(1,0,1)"
2010-12-28,0.0004052043255413101,EFA,"ARIMA(1,0,1)"
2010-12-29,0.00017590706234838827,EFA,"ARIMA(1,0,1)"
2010-12-30,-0.0003039958736693828,EFA,"ARIMA(1,0,1)"
2010-12-31,0.0006723631071145378,EFA,"ARIMA(1,0,1)"
2011-01-03,-0.00014022615907828383,EFA,"ARIMA(1,0,1)"
2011-01-04,-0.0002837108624497232,EFA,"ARIMA(1,0,1)"
2011-01-05,0.00047554403074665083,EFA,"ARIMA(1,0,1)"
2011-01-06,0.0004915449744833575,EFA,"ARIMA(1,0,1)"
2011-01-07,0.0009179770585845766,EFA,"ARIMA(1,0,1)"
2011-01-10,0.00029150981717580854,EFA,"ARIMA(1,0,1)"
2011-01-11,0.0001684507615995015,EFA,"ARIMA(1,0,1)"
2011-01-12,-0.00029286155968608236,EFA,"ARIMA(1,0,1)"
2011-01-13,-0.0009753041099842873,EFA,"ARIMA(1,0,1)"
2011-01-14,0.00017748957187106224,EFA,"ARIMA(1,0,1)"
2011-01-18,-0.00010857372555448113,EFA,"ARIMA(1,0,1)"
2011-01-19,-6.899109018943553e-05,EFA,"ARIMA(1,0,1)"
2011-01-20,0.0007933869359172398,EFA,"ARIMA(1,0,1)"
2011-01-21,0.0010842750902061403,EFA,"ARIMA(1,0,1)"
2011-01-24,0.00023029375211353585,EFA,"ARIMA(1,0,1)"
2011-01-25,-0.00024944621997076893,EFA,"ARIMA(1,0,1)"
2011-01-26,0.0004816367939951138,EFA,"ARIMA(1,0,1)"
2011-01-27,0.00013127687587946845,EFA,"ARIMA(1,0,1)"
2011-01-28,0.00046769260646653375,EFA,"ARIMA(1,0,1)"
2011-01-31,0.0021988566814350524,EFA,"ARIMA(1,0,1)"
2011-02-01,-0.0005371817701739016,EFA,"ARIMA(1,0,1)"
2011-02-02,-0.001280302039583817,EFA,"ARIMA(1,0,1)"
2011-02-03,0.00046435664210142273,EFA,"ARIMA(1,0,1)"
2011-02-04,0.0007690052733367162,EFA,"ARIMA(1,0,1)"
2011-02-07,0.0008556862893990872,EFA,"ARIMA(1,0,1)"
2011-02-08,0.0007011650832185399,EFA,"ARIMA(1,0,1)"
2011-02-09,0.00030824703886834766,EFA,"ARIMA(1,0,1)"
2011-02-10,0.0008549761266233272,EFA,"ARIMA(1,0,1)"
2011-02-11,0.0012761779257096152,EFA,"ARIMA(1,0,1)"
2011-02-14,0.0009668276691130711,EFA,"ARIMA(1,0,1)"
2011-02-15,0.0006643299737053524,EFA,"ARIMA(1,0,1)"
2011-02-16,0.0008865699362396087,EFA,"ARIMA(1,0,1)"
2011-02-17,2.73964904778472e-05,EFA,"ARIMA(1,0,1)"
2011-02-18,0.0002734576142556297,EFA,"ARIMA(1,0,1)"
2011-02-22,0.0003481658858963968,EFA,"ARIMA(1,0,1)"
2011-02-23,0.00238201152448083,EFA,"ARIMA(1,0,1)"
2011-02-24,0.0014495192335321773,EFA,"ARIMA(1,0,1)"
2011-02-25,0.0010587180398901259,EFA,"ARIMA(1,0,1)"
2011-02-28,0.00019620631116594196,EFA,"ARIMA(1,0,1)"
2011-03-01,-0.00011968259148739419,EFA,"ARIMA(1,0,1)"
2011-03-02,0.001085315889865548,EFA,"ARIMA(1,0,1)"
2011-03-03,0.0005603351659627587,EFA,"ARIMA(1,0,1)"
2011-03-04,-0.00018896847384169057,EFA,"ARIMA(1,0,1)"
2011-03-07,0.0006752963300527833,EFA,"ARIMA(1,0,1)"
2011-03-08,0.001255133780154554,EFA,"ARIMA(1,0,1)"
2011-03-09,0.0008261639348734985,EFA,"ARIMA(1,0,1)"
2011-03-10,0.0006939210947440363,EFA,"ARIMA(1,0,1)"
2011-03-11,0.002549230841106737,EFA,"ARIMA(1,0,1)"
2011-03-14,0.0017378254902990788,EFA,"ARIMA(1,0,1)"
2011-03-15,0.0020409365665509313,EFA,"ARIMA(1,0,1)"
2011-03-16,0.0023973383305393985,EFA,"ARIMA(1,0,1)"
2011-03-17,0.002185802493574053,EFA,"ARIMA(1,0,1)"
2011-03-18,-0.00023736615795287303,EFA,"ARIMA(1,0,1)"
2011-03-21,-2.8826839706306954e-05,EFA,"ARIMA(1,0,1)"
2011-03-22,-0.0006797254151007212,EFA,"ARIMA(1,0,1)"
2011-03-23,-0.0004206907402995387,EFA,"ARIMA(1,0,1)"
2011-03-24,-0.00017754132864685043,EFA,"ARIMA(1,0,1)"
2011-03-25,-0.000492842049558959,EFA,"ARIMA(1,0,1)"
2011-03-28,0.0003822980296730398,EFA,"ARIMA(1,0,1)"
2011-03-29,0.00035440492699411076,EFA,"ARIMA(1,0,1)"
2011-03-30,0.00011163122872746292,EFA,"ARIMA(1,0,1)"
2011-03-31,-0.00032972780306834564,EFA,"ARIMA(1,0,1)"
2011-04-01,0.00012188788520720023,EFA,"ARIMA(1,0,1)"
2011-04-04,-0.00019987284434160274,EFA,"ARIMA(1,0,1)"
2011-04-05,4.119299012352338e-05,EFA,"ARIMA(1,0,1)"
2011-04-06,0.0003554381159875845,EFA,"ARIMA(1,0,1)"
2011-04-07,5.5301835071781586e-06,EFA,"ARIMA(1,0,1)"
2011-04-08,0.0004023947584758057,EFA,"ARIMA(1,0,1)"
2011-04-11,-2.061817399632421e-05,EFA,"ARIMA(1,0,1)"
2011-04-12,0.000332207047169139,EFA,"ARIMA(1,0,1)"
2011-04-13,0.0008421065590476617,EFA,"ARIMA(1,0,1)"
2011-04-14,0.0003375380159201668,EFA,"ARIMA(1,0,1)"
2011-04-15,0.00019606263348649833,EFA,"ARIMA(1,0,1)"
2011-04-18,0.00042734217236606894,EFA,"ARIMA(1,0,1)"
2011-04-19,0.0015785214393157958,EFA,"ARIMA(1,0,1)"
2011-04-20,0.0003997914823192624,EFA,"ARIMA(1,0,1)"
2011-04-21,-0.0006636359518938796,EFA,"ARIMA(1,0,1)"
2011-04-25,-0.00046521799833693604,EFA,"ARIMA(1,0,1)"
2011-04-26,0.00023591552246523916,EFA,"ARIMA(1,0,1)"
2011-04-27,0.00032305796058883034,EFA,"ARIMA(1,0,1)"
2011-04-28,0.00011033998040653231,EFA,"ARIMA(1,0,1)"
2011-04-29,0.0001530066538040375,EFA,"ARIMA(1,0,1)"
2011-05-02,6.119527393871069e-05,EFA,"ARIMA(1,0,1)"
2011-05-03,-0.00015202094745570102,EFA,"ARIMA(1,0,1)"
2011-05-04,0.0003229827884463456,EFA,"ARIMA(1,0,1)"
2011-05-05,0.001828085115876205,EFA,"ARIMA(1,0,1)"
2011-05-06,0.002496959573708618,EFA,"ARIMA(1,0,1)"
2011-05-09,0.001189620033028311,EFA,"ARIMA(1,0,1)"
2011-05-10,0.0006558347674347658,EFA,"ARIMA(1,0,1)"
2011-05-11,0.0003590972279096526,EFA,"ARIMA(1,0,1)"
2011-05-12,0.0018365868300820136,EFA,"ARIMA(1,0,1)"
2011-05-13,0.0013798042694522245,EFA,"ARIMA(1,0,1)"
2011-05-16,0.0021104513478758568,EFA,"ARIMA(1,0,1)"
2011-05-17,0.003444520599746772,EFA,"ARIMA(1,0,1)"
2011-05-18,0.002692952906261901,EFA,"ARIMA(1,0,1)"
2011-05-19,0.0006543687647893295,EFA,"ARIMA(1,0,1)"
2011-05-20,0.0018574592413617538,EFA,"ARIMA(1,0,1)"
2011-05-23,0.002186560573593181,EFA,"ARIMA(1,0,1)"
2011-05-24,0.002423408905866565,EFA,"ARIMA(1,0,1)"
2011-05-25,0.0011041128307837096,EFA,"ARIMA(1,0,1)"
2011-05-26,0.0010719811228942105,EFA,"ARIMA(1,0,1)"
2011-05-27,0.000658597678503659,EFA,"ARIMA(1,0,1)"
2011-05-31,0.0007960223019859876,EFA,"ARIMA(1,0,1)"
2011-06-01,-0.0003228780605805542,EFA,"ARIMA(1,0,1)"
2011-06-02,0.0009349674456387273,EFA,"ARIMA(1,0,1)"
2011-06-03,0.0009674952195739381,EFA,"ARIMA(1,0,1)"
2011-06-06,0.0011425177326597718,EFA,"ARIMA(1,0,1)"
2011-06-07,0.0011409870968156503,EFA,"ARIMA(1,0,1)"
2011-06-08,0.0011150753052253785,EFA,"ARIMA(1,0,1)"
2011-06-09,0.0010772100875790288,EFA,"ARIMA(1,0,1)"
2011-06-10,0.0009549243397713064,EFA,"ARIMA(1,0,1)"
2011-06-13,0.0008564127341327986,EFA,"ARIMA(1,0,1)"
2011-06-14,0.0008373357552886598,EFA,"ARIMA(1,0,1)"
2011-06-15,0.0007835540775391108,EFA,"ARIMA(1,0,1)"
2011-06-16,0.0015210489774297939,EFA,"ARIMA(1,0,1)"
2011-06-17,0.0006436323411452248,EFA,"ARIMA(1,0,1)"
2011-06-20,0.0006883856933184622,EFA,"ARIMA(1,0,1)"
2011-06-21,0.0006844453146746471,EFA,"ARIMA(1,0,1)"
2011-06-22,0.00037340721084535243,EFA,"ARIMA(1,0,1)"
2011-06-23,0.0010049396776322735,EFA,"ARIMA(1,0,1)"
2011-06-24,0.0007905131792232665,EFA,"ARIMA(1,0,1)"
2011-06-27,0.000729286023909311,EFA,"ARIMA(1,0,1)"
2011-06-28,0.0007874082053334439,EFA,"ARIMA(1,0,1)"
2011-06-29,0.0006291901183008682,EFA,"ARIMA(1,0,1)"
2011-06-30,0.0010715631890716268,EFA,"ARIMA(1,0,1)"
2011-07-01,0.0010725996859132065,EFA,"ARIMA(1,0,1)"
2011-07-05,0.0011248038641555257,EFA,"ARIMA(1,0,1)"
2011-07-06,0.0010227600847204656,EFA,"ARIMA(1,0,1)"
2011-07-07,0.0011271787340626609,EFA,"ARIMA(1,0,1)"
2011-07-08,0.0005920727335605952,EFA,"ARIMA(1,0,1)"
2011-07-11,0.0013306971144998589,EFA,"ARIMA(1,0,1)"
2011-07-12,0.0007081689296675028,EFA,"ARIMA(1,0,1)"
2011-07-13,0.0006123565885515825,EFA,"ARIMA(1,0,1)"
2011-07-14,0.000656985133738313,EFA,"ARIMA(1,0,1)"
2011-07-15,0.00060107987521316,EFA,"ARIMA(1,0,1)"
2011-07-18,0.0007445666842117193,EFA,"ARIMA(1,0,1)"
2011-07-19,0.0006600507527214311,EFA,"ARIMA(1,0,1)"
2011-07-20,0.0006914372065619403,EFA,"ARIMA(1,0,1)"
2011-07-21,0.0008123335411148456,EFA,"ARIMA(1,0,1)"
2011-07-22,0.000767166320185729,EFA,"ARIMA(1,0,1)"
2011-07-25,0.0007171247002440812,EFA,"ARIMA(1,0,1)"
2011-07-26,0.0007313076195804968,EFA,"ARIMA(1,0,1)"
2011-07-27,0.0006817711352153064,EFA,"ARIMA(1,0,1)"
2011-07-28,0.0006049536372044192,EFA,"ARIMA(1,0,1)"
2011-07-29,0.000577103908026121,EFA,"ARIMA(1,0,1)"
2011-08-01,0.0005994619118996055,EFA,"ARIMA(1,0,1)"
2011-08-02,0.000417821345574088,EFA,"ARIMA(1,0,1)"
2011-08-03,0.0003175426017208819,EFA,"ARIMA(1,0,1)"
2011-08-04,0.0003369818467051913,EFA,"ARIMA(1,0,1)"
2011-08-05,5.189088272846589e-05,EFA,"ARIMA(1,0,1)"
2011-08-08,-0.002701291781032198,EFA,"ARIMA(1,0,1)"
2011-08-09,0.009305423560600856,EFA,"ARIMA(1,0,1)"
2011-08-10,-0.026165175301442262,EFA,"ARIMA(1,0,1)"
2011-08-11,0.03609269095448054,EFA,"ARIMA(1,0,1)"
2011-08-12,-0.035865878494348795,EFA,"ARIMA(1,0,1)"
2011-08-15,0.013994417007789528,EFA,"ARIMA(1,0,1)"
2011-08-16,-0.0222121847694941,EFA,"ARIMA(1,0,1)"
2011-08-17,0.012067459009097734,EFA,"ARIMA(1,0,1)"
2011-08-18,-0.015040333584962913,EFA,"ARIMA(1,0,1)"
2011-08-19,0.02357513321840422,EFA,"ARIMA(1,0,1)"
2011-08-22,-0.017568864997724008,EFA,"ARIMA(1,0,1)"
2011-08-23,0.002797352313490445,EFA,"ARIMA(1,0,1)"
2011-08-24,-0.008214487419809565,EFA,"ARIMA(1,0,1)"
2011-08-25,0.005818257040606761,EFA,"ARIMA(1,0,1)"
2011-08-26,0.0016938561123910332,EFA,"ARIMA(1,0,1)"
2011-08-29,-0.0037867818781065423,EFA,"ARIMA(1,0,1)"
2011-08-30,-0.001595875160458803,EFA,"ARIMA(1,0,1)"
2011-08-31,0.0027603226865049266,EFA,"ARIMA(1,0,1)"
2011-09-01,-0.008872322258939358,EFA,"ARIMA(1,0,1)"
2011-09-02,0.009933947994365498,EFA,"ARIMA(1,0,1)"
2011-09-06,0.0006492833154808603,EFA,"ARIMA(1,0,1)"
2011-09-07,0.005700298706888907,EFA,"ARIMA(1,0,1)"
2011-09-08,-0.00928833729110024,EFA,"ARIMA(1,0,1)"
2011-09-09,0.01000246985841871,EFA,"ARIMA(1,0,1)"
2011-09-12,-0.00394478445222841,EFA,"ARIMA(1,0,1)"
2011-09-13,0.003921729744546476,EFA,"ARIMA(1,0,1)"
2011-09-14,-0.0053284674978464315,EFA,"ARIMA(1,0,1)"
2011-09-15,0.002509606642526385,EFA,"ARIMA(1,0,1)"
2011-09-16,-0.0031922163394140796,EFA,"ARIMA(1,0,1)"
2011-09-19,0.001927420415236849,EFA,"ARIMA(1,0,1)"
2011-09-20,0.0034976504262880367,EFA,"ARIMA(1,0,1)"
2011-09-21,-0.0034186359440235695,EFA,"ARIMA(1,0,1)"
2011-09-22,0.006981795669780409,EFA,"ARIMA(1,0,1)"
2011-09-23,5.665265759611371e-05,EFA,"ARIMA(1,0,1)"
2011-09-26,-0.002767132704867175,EFA,"ARIMA(1,0,1)"
2011-09-27,-0.002131417771354375,EFA,"ARIMA(1,0,1)"
2011-09-28,-0.004368250986838624,EFA,"ARIMA(1,0,1)"
2011-09-29,0.004046787977374651,EFA,"ARIMA(1,0,1)"
2011-09-30,-0.006619627725061643,EFA,"ARIMA(1,0,1)"
2011-10-03,0.00966071994106258,EFA,"ARIMA(1,0,1)"
2011-10-04,-0.002044409847585375,EFA,"ARIMA(1,0,1)"
2011-10-05,-0.0012518699520247289,EFA,"ARIMA(1,0,1)"
2011-10-06,-0.002503194330554029,EFA,"ARIMA(1,0,1)"
2011-10-07,-0.0030470058478290663,EFA,"ARIMA(1,0,1)"
2011-10-10,0.0023642491184219477,EFA,"ARIMA(1,0,1)"
2011-10-11,-0.008318884916080335,EFA,"ARIMA(1,0,1)"
2011-10-12,0.005376734836607093,EFA,"ARIMA(1,0,1)"
2011-10-13,-0.006685555571595996,EFA,"ARIMA(1,0,1)"
2011-10-14,0.003963128823108185,EFA,"ARIMA(1,0,1)"
2011-10-17,-0.005166302278869955,EFA,"ARIMA(1,0,1)"
2011-10-18,0.006711877129094738,EFA,"ARIMA(1,0,1)"
2011-10-19,-0.0075005570550922985,EFA,"ARIMA(1,0,1)"
2011-10-20,0.007596901737574775,EFA,"ARIMA(1,0,1)"
2011-10-21,-0.00644202514444462,EFA,"ARIMA(1,0,1)"
2011-10-24,0.00012521439142744765,EFA,"ARIMA(1,0,1)"
2011-10-25,-0.0029137932194672053,EFA,"ARIMA(1,0,1)"
2011-10-26,0.00425142079468891,EFA,"ARIMA(1,0,1)"
2011-10-27,-0.005521916437659565,EFA,"ARIMA(1,0,1)"
2011-10-28,-0.0041219791288477315,EFA,"ARIMA(1,0,1)"
2011-10-31,0.0037987136687197922,EFA,"ARIMA(1,0,1)"
2011-11-01,0.004324120762666906,EFA,"ARIMA(1,0,1)"
2011-11-02,0.00022094777360636125,EFA,"ARIMA(1,0,1)"
2011-11-03,-0.0020078536727194873,EFA,"ARIMA(1,0,1)"
2011-11-04,-0.002317168383542881,EFA,"ARIMA(1,0,1)"
2011-11-07,0.0025395456890720722,EFA,"ARIMA(1,0,1)"
2011-11-08,-0.003180776930575582,EFA,"ARIMA(1,0,1)"
2011-11-09,0.0002853705615753457,EFA,"ARIMA(1,0,1)"
2011-11-10,0.005581747752862727,EFA,"ARIMA(1,0,1)"
2011-11-11,-0.006321114877558863,EFA,"ARIMA(1,0,1)"
2011-11-14,0.0009899218950462228,EFA,"ARIMA(1,0,1)"
2011-11-15,0.001078576042288527,EFA,"ARIMA(1,0,1)"
2011-11-16,-0.001067878786806642,EFA,"ARIMA(1,0,1)"
2011-11-17,0.0025855277794009784,EFA,"ARIMA(1,0,1)"
2011-11-18,-0.0012500650689643554,EFA,"ARIMA(1,0,1)"
2011-11-21,-0.0006568765355378966,EFA,"ARIMA(1,0,1)"
2011-11-22,0.002474425483006228,EFA,"ARIMA(1,0,1)"
2011-11-23,-0.0023724338964465084,EFA,"ARIMA(1,0,1)"
2011-11-25,0.004052185280426881,EFA,"ARIMA(1,0,1)"
2011-11-28,-0.004492726687782906,EFA,"ARIMA(1,0,1)"
2011-11-29,-0.003072160489397372,EFA,"ARIMA(1,0,1)"
2011-11-30,0.0010895539813397278,EFA,"ARIMA(1,0,1)"
2011-12-01,-0.004847763566601914,EFA,"ARIMA(1,0,1)"
2011-12-02,0.00585437090554486,EFA,"ARIMA(1,0,1)"
2011-12-05,-0.004820582374848767,EFA,"ARIMA(1,0,1)"
2011-12-06,0.0013628708551460657,EFA,"ARIMA(1,0,1)"
2011-12-07,-0.0032325777948297454,EFA,"ARIMA(1,0,1)"
2011-12-08,-0.0005503037416914717,EFA,"ARIMA(1,0,1)"
2011-12-09,0.0041775639002833275,EFA,"ARIMA(1,0,1)"
2011-12-12,-0.006724419366395774,EFA,"ARIMA(1,0,1)"
2011-12-13,0.00895373859078347,EFA,"ARIMA(1,0,1)"
2011-12-14,-0.006469321114423426,EFA,"ARIMA(1,0,1)"
2011-12-15,0.006080071993660167,EFA,"ARIMA(1,0,1)"
2011-12-16,-0.007143825639948007,EFA,"ARIMA(1,0,1)"
2011-12-19,0.005532472840465955,EFA,"ARIMA(1,0,1)"
2011-12-20,-0.004610683027178056,EFA,"ARIMA(1,0,1)"
2011-12-21,-0.0026035729324209687,EFA,"ARIMA(1,0,1)"
2011-12-22,0.0017509120887285682,EFA,"ARIMA(1,0,1)"
2011-12-23,-0.004190241375850858,EFA,"ARIMA(1,0,1)"
2011-12-27,0.0009850252932022796,EFA,"ARIMA(1,0,1)"
2011-12-28,-0.0009597643106859502,EFA,"ARIMA(1,0,1)"
2011-12-29,0.0010181721659433107,EFA,"ARIMA(1,0,1)"
2011-12-30,-0.004884251053594342,EFA,"ARIMA(1,0,1)"
2012-01-03,0.0028193009839780547,EFA,"ARIMA(1,0,1)"
2012-01-04,-0.005675874642566165,EFA,"ARIMA(1,0,1)"
2012-01-05,0.003853675004795738,EFA,"ARIMA(1,0,1)"
2012-01-06,-0.0014697750891950042,EFA,"ARIMA(1,0,1)"
2012-01-09,0.0041511513380696145,EFA,"ARIMA(1,0,1)"
2012-01-10,-0.002748190387670475,EFA,"ARIMA(1,0,1)"
2012-01-11,0.0010782027614735861,EFA,"ARIMA(1,0,1)"
2012-01-12,-0.0009502123373623679,EFA,"ARIMA(1,0,1)"
2012-01-13,-0.0007278167847752922,EFA,"ARIMA(1,0,1)"
2012-01-17,0.0015912155614237265,EFA,"ARIMA(1,0,1)"
2012-01-18,-0.002143734472390387,EFA,"ARIMA(1,0,1)"
2012-01-19,-0.0004479714121851413,EFA,"ARIMA(1,0,1)"
2012-01-20,-0.002002037453407494,EFA,"ARIMA(1,0,1)"
2012-01-23,0.0001653124387465593,EFA,"ARIMA(1,0,1)"
2012-01-24,-0.001407188650801683,EFA,"ARIMA(1,0,1)"
2012-01-25,0.0011079941772325736,EFA,"ARIMA(1,0,1)"
2012-01-26,-0.0031503335417987863,EFA,"ARIMA(1,0,1)"
2012-01-27,0.0010457557586205982,EFA,"ARIMA(1,0,1)"
2012-01-30,-0.0018974346974724816,EFA,"ARIMA(1,0,1)"
2012-01-31,0.002036010543534603,EFA,"ARIMA(1,0,1)"
2012-02-01,-0.002832671829045132,EFA,"ARIMA(1,0,1)"
2012-02-02,-0.0005379144553761984,EFA,"ARIMA(1,0,1)"
2012-02-03,-0.00039654555150582294,EFA,"ARIMA(1,0,1)"
2012-02-06,-0.002539690131200461,EFA,"ARIMA(1,0,1)"
2012-02-07,0.0017131672106176416,EFA,"ARIMA(1,0,1)"
2012-02-08,-0.0026694046818489603,EFA,"ARIMA(1,0,1)"
2012-02-09,0.0006477465771917355,EFA,"ARIMA(1,0,1)"
2012-02-10,-0.0015325170280578795,EFA,"ARIMA(1,0,1)"
2012-02-13,0.002913200109907382,EFA,"ARIMA(1,0,1)"
2012-02-14,-0.004249505236903615,EFA,"ARIMA(1,0,1)"
2012-02-15,0.003306620271270209,EFA,"ARIMA(1,0,1)"
2012-02-16,-0.0030380838817181586,EFA,"ARIMA(1,0,1)"
2012-02-17,-0.0003555795499761705,EFA,"ARIMA(1,0,1)"
2012-02-21,-0.0009185726239004034,EFA,"ARIMA(1,0,1)"
2012-02-22,-9.03485707531577e-05,EFA,"ARIMA(1,0,1)"
2012-02-23,-0.0002626129528818667,EFA,"ARIMA(1,0,1)"
2012-02-24,-0.0015446377551820677,EFA,"ARIMA(1,0,1)"
2012-02-27,-0.0002518848414069191,EFA,"ARIMA(1,0,1)"
2012-02-28,0.0003290767240522979,EFA,"ARIMA(1,0,1)"
2012-02-29,-0.0020652048384408616,EFA,"ARIMA(1,0,1)"
2012-03-01,0.0026795655842936196,EFA,"ARIMA(1,0,1)"
2012-03-02,-0.003924698791278453,EFA,"ARIMA(1,0,1)"
2012-03-05,0.003356344653481541,EFA,"ARIMA(1,0,1)"
2012-03-06,-0.002097726183698833,EFA,"ARIMA(1,0,1)"
2012-03-07,0.005326232882584962,EFA,"ARIMA(1,0,1)"
2012-03-08,-0.006158719570484239,EFA,"ARIMA(1,0,1)"
2012-03-09,0.00048798807546864047,EFA,"ARIMA(1,0,1)"
2012-03-12,-0.0011097078065996906,EFA,"ARIMA(1,0,1)"
2012-03-13,0.0001326190784298564,EFA,"ARIMA(1,0,1)"
2012-03-14,-0.0026019369920105735,EFA,"ARIMA(1,0,1)"
2012-03-15,0.0029974745827183466,EFA,"ARIMA(1,0,1)"
2012-03-16,-0.003237389647613374,EFA,"ARIMA(1,0,1)"
2012-03-19,0.002190070708651534,EFA,"ARIMA(1,0,1)"
2012-03-20,-0.0015986246451841137,EFA,"ARIMA(1,0,1)"
2012-03-21,0.0025972366744246712,EFA,"ARIMA(1,0,1)"
2012-03-22,-0.0011134404592534602,EFA,"ARIMA(1,0,1)"
2012-03-23,0.0025039375096780505,EFA,"ARIMA(1,0,1)"
2012-03-26,-0.003477904376794756,EFA,"ARIMA(1,0,1)"
2012-03-27,0.0005105442649548472,EFA,"ARIMA(1,0,1)"
2012-03-28,-0.0001676541567901687,EFA,"ARIMA(1,0,1)"
2012-03-29,-5.701711266789083e-05,EFA,"ARIMA(1,0,1)"
2012-03-30,0.0004715885081906459,EFA,"ARIMA(1,0,1)"
2012-04-02,-0.0012469543084520306,EFA,"ARIMA(1,0,1)"
2012-04-03,-0.000705445576003547,EFA,"ARIMA(1,0,1)"
2012-04-04,0.0019217259596024856,EFA,"ARIMA(1,0,1)"
2012-04-05,0.0008707215951964481,EFA,"ARIMA(1,0,1)"
2012-04-09,-0.0003391794908982168,EFA,"ARIMA(1,0,1)"
2012-04-10,-3.4744168368653185e-06,EFA,"ARIMA(1,0,1)"
2012-04-11,0.001933654805198845,EFA,"ARIMA(1,0,1)"
2012-04-12,-0.004648368333985235,EFA,"ARIMA(1,0,1)"
2012-04-13,0.00024050471873771892,EFA,"ARIMA(1,0,1)"
2012-04-16,0.0013910929074244795,EFA,"ARIMA(1,0,1)"
2012-04-17,-0.002804182774347379,EFA,"ARIMA(1,0,1)"
2012-04-18,-0.0006795688975912322,EFA,"ARIMA(1,0,1)"
2012-04-19,0.0005365243230550573,EFA,"ARIMA(1,0,1)"
2012-04-20,-0.00020943475855191983,EFA,"ARIMA(1,0,1)"
2012-04-23,-0.0018723365143775788,EFA,"ARIMA(1,0,1)"
2012-04-24,0.0030558147753142677,EFA,"ARIMA(1,0,1)"
2012-04-25,-0.004270610017315819,EFA,"ARIMA(1,0,1)"
2012-04-26,5.8255750273350396e-05,EFA,"ARIMA(1,0,1)"
2012-04-27,-0.0018901553007689383,EFA,"ARIMA(1,0,1)"
2012-04-30,-0.000188205714336706,EFA,"ARIMA(1,0,1)"
2012-05-01,-0.0001132122299801918,EFA,"ARIMA(1,0,1)"
2012-05-02,-0.001528010093945648,EFA,"ARIMA(1,0,1)"
2012-05-03,0.001183508309168184,EFA,"ARIMA(1,0,1)"
2012-05-04,-0.0005271918477920143,EFA,"ARIMA(1,0,1)"
2012-05-07,0.0015552552963221094,EFA,"ARIMA(1,0,1)"
2012-05-08,-0.002970172809065973,EFA,"ARIMA(1,0,1)"
2012-05-09,0.003181118746149665,EFA,"ARIMA(1,0,1)"
2012-05-10,-0.001762398167544929,EFA,"ARIMA(1,0,1)"
2012-05-11,-0.0006631777166041992,EFA,"ARIMA(1,0,1)"
2012-05-14,0.00015012952330729066,EFA,"ARIMA(1,0,1)"
2012-05-15,0.001394066937927508,EFA,"ARIMA(1,0,1)"
2012-05-16,-0.0003608935250130793,EFA,"ARIMA(1,0,1)"
2012-05-17,0.0003767676862720953,EFA,"ARIMA(1,0,1)"
2012-05-18,8.186126167481227e-05,EFA,"ARIMA(1,0,1)"
2012-05-21,-0.0005472877511520736,EFA,"ARIMA(1,0,1)"
2012-05-22,-0.004058822408349524,EFA,"ARIMA(1,0,1)"
2012-05-23,0.0020242010951826393,EFA,"ARIMA(1,0,1)"
2012-05-24,-0.0013811120773984656,EFA,"ARIMA(1,0,1)"
2012-05-25,0.0006159544867439978,EFA,"ARIMA(1,0,1)"
2012-05-29,-0.0013147777469090433,EFA,"ARIMA(1,0,1)"
2012-05-30,-0.002127704652159872,EFA,"ARIMA(1,0,1)"
2012-05-31,0.003114847615809188,EFA,"ARIMA(1,0,1)"
2012-06-01,-0.0047697504983632445,EFA,"ARIMA(1,0,1)"
2012-06-04,0.004744707395398886,EFA,"ARIMA(1,0,1)"
2012-06-05,-0.006262209616124881,EFA,"ARIMA(1,0,1)"
2012-06-06,0.0021916562639063626,EFA,"ARIMA(1,0,1)"
2012-06-07,-0.006392211724891719,EFA,"ARIMA(1,0,1)"
2012-06-08,0.004263163619758205,EFA,"ARIMA(1,0,1)"
2012-06-11,-0.002782236546131627,EFA,"ARIMA(1,0,1)"
2012-06-12,0.0019570667515212284,EFA,"ARIMA(1,0,1)"
2012-06-13,-0.0077448938365483125,EFA,"ARIMA(1,0,1)"
2012-06-14,0.0030848524395742064,EFA,"ARIMA(1,0,1)"
2012-06-15,-0.004410292545615588,EFA,"ARIMA(1,0,1)"
2012-06-18,0.0034337027209230936,EFA,"ARIMA(1,0,1)"
2012-06-19,-0.003530603721698309,EFA,"ARIMA(1,0,1)"
2012-06-20,-0.0027772059339659042,EFA,"ARIMA(1,0,1)"
2012-06-21,-0.0019468722920122404,EFA,"ARIMA(1,0,1)"
2012-06-22,0.003357620026569705,EFA,"ARIMA(1,0,1)"
2012-06-25,-0.003931917271671488,EFA,"ARIMA(1,0,1)"
2012-06-26,0.004805545587128475,EFA,"ARIMA(1,0,1)"
2012-06-27,-0.005353941292425855,EFA,"ARIMA(1,0,1)"
2012-06-28,0.0020140066850464875,EFA,"ARIMA(1,0,1)"
2012-06-29,-0.0023108004993897015,EFA,"ARIMA(1,0,1)"
2012-07-02,-0.004789143065986313,EFA,"ARIMA(1,0,1)"
2012-07-03,0.00040620296117546684,EFA,"ARIMA(1,0,1)"
2012-07-05,-0.0030822165270348026,EFA,"ARIMA(1,0,1)"
2012-07-06,0.003215056553642577,EFA,"ARIMA(1,0,1)"
2012-07-09,-0.0021071111221463087,EFA,"ARIMA(1,0,1)"
2012-07-10,0.00026383422108673454,EFA,"ARIMA(1,0,1)"
2012-07-11,-0.0007579554046273563,EFA,"ARIMA(1,0,1)"
2012-07-12,-0.0005020166672524972,EFA,"ARIMA(1,0,1)"
2012-07-13,0.0011871288228276022,EFA,"ARIMA(1,0,1)"
2012-07-16,-0.003843518165361647,EFA,"ARIMA(1,0,1)"
2012-07-17,0.001647220712374121,EFA,"ARIMA(1,0,1)"
2012-07-18,-0.002368311882424598,EFA,"ARIMA(1,0,1)"
2012-07-19,-0.00036101264932790066,EFA,"ARIMA(1,0,1)"
2012-07-20,-0.002046066431298569,EFA,"ARIMA(1,0,1)"
2012-07-23,0.003664297541416255,EFA,"ARIMA(1,0,1)"
2012-07-24,-0.00089797344588033,EFA,"ARIMA(1,0,1)"
2012-07-25,0.0012988503976350966,EFA,"ARIMA(1,0,1)"
2012-07-26,-0.003080582921026519,EFA,"ARIMA(1,0,1)"
2012-07-27,-3.5182863435260494e-05,EFA,"ARIMA(1,0,1)"
2012-07-30,-0.0013437768389098473,EFA,"ARIMA(1,0,1)"
2012-07-31,0.0002329865169596164,EFA,"ARIMA(1,0,1)"
2012-08-01,-0.00135976915969561,EFA,"ARIMA(1,0,1)"
2012-08-02,-0.0005964116489301118,EFA,"ARIMA(1,0,1)"
2012-08-03,0.0014546967219719333,EFA,"ARIMA(1,0,1)"
2012-08-06,-0.005607335116602321,EFA,"ARIMA(1,0,1)"
2012-08-07,0.003040904784758604,EFA,"ARIMA(1,0,1)"
2012-08-08,-0.003830520001190498,EFA,"ARIMA(1,0,1)"
2012-08-09,6.342567285817183e-05,EFA,"ARIMA(1,0,1)"
2012-08-10,0.00028109531024753706,EFA,"ARIMA(1,0,1)"
2012-08-13,0.00010282037718240614,EFA,"ARIMA(1,0,1)"
2012-08-14,0.00011129271424396327,EFA,"ARIMA(1,0,1)"
2012-08-15,-4.407573340804814e-05,EFA,"ARIMA(1,0,1)"
2012-08-16,2.7656355661884787e-06,EFA,"ARIMA(1,0,1)"
2012-08-17,2.8660310021232356e-05,EFA,"ARIMA(1,0,1)"
2012-08-20,0.0002305796797008413,EFA,"ARIMA(1,0,1)"
2012-08-21,0.0003195019927927053,EFA,"ARIMA(1,0,1)"
2012-08-22,0.00017294729626849648,EFA,"ARIMA(1,0,1)"
2012-08-23,0.00016165317574252607,EFA,"ARIMA(1,0,1)"
2012-08-24,0.00013743208880209,EFA,"ARIMA(1,0,1)"
2012-08-27,0.0002244863891304552,EFA,"ARIMA(1,0,1)"
2012-08-28,0.00015733217857128446,EFA,"ARIMA(1,0,1)"
2012-08-29,9.016159747563402e-05,EFA,"ARIMA(1,0,1)"
2012-08-30,0.00026324891901142685,EFA,"ARIMA(1,0,1)"
2012-08-31,-4.8151184358966536e-05,EFA,"ARIMA(1,0,1)"
2012-09-04,-0.00013200571532044354,EFA,"ARIMA(1,0,1)"
2012-09-05,0.00027472144906740697,EFA,"ARIMA(1,0,1)"
2012-09-06,0.00027456068312337804,EFA,"ARIMA(1,0,1)"
2012-09-07,0.00020872497365581808,EFA,"ARIMA(1,0,1)"
2012-09-10,0.00034712177799551766,EFA,"ARIMA(1,0,1)"
2012-09-11,0.0006135184557625673,EFA,"ARIMA(1,0,1)"
2012-09-12,0.0003005142494425346,EFA,"ARIMA(1,0,1)"
2012-09-13,0.00036536792013790387,EFA,"ARIMA(1,0,1)"
2012-09-14,0.00012442971559190562,EFA,"ARIMA(1,0,1)"
2012-09-17,0.0002374491074350546,EFA,"ARIMA(1,0,1)"
2012-09-18,0.0005676132863460378,EFA,"ARIMA(1,0,1)"
2012-09-19,0.0006306758462230849,EFA,"ARIMA(1,0,1)"
2012-09-20,0.000453044008848532,EFA,"ARIMA(1,0,1)"
2012-09-21,0.0009055170022739392,EFA,"ARIMA(1,0,1)"
2012-09-24,0.00076244355013181,EFA,"ARIMA(1,0,1)"
2012-09-25,0.0008487695927883591,EFA,"ARIMA(1,0,1)"
2012-09-26,0.0009331066894543398,EFA,"ARIMA(1,0,1)"
2012-09-27,0.0008449035830385174,EFA,"ARIMA(1,0,1)"
2012-09-28,0.00018698389918227535,EFA,"ARIMA(1,0,1)"
2012-10-01,0.0009335726852998647,EFA,"ARIMA(1,0,1)"
2012-10-02,0.00025589900615850944,EFA,"ARIMA(1,0,1)"
2012-10-03,0.0005699925142232587,EFA,"ARIMA(1,0,1)"
2012-10-04,-0.00040180036413414667,EFA,"ARIMA(1,0,1)"
2012-10-05,1.0938081204438514e-05,EFA,"ARIMA(1,0,1)"
2012-10-08,0.00012380329901757797,EFA,"ARIMA(1,0,1)"
2012-10-09,0.0007876329843511929,EFA,"ARIMA(1,0,1)"
2012-10-10,0.0009279981625067305,EFA,"ARIMA(1,0,1)"
2012-10-11,0.00043202623464632577,EFA,"ARIMA(1,0,1)"
2012-10-12,1.803906031994768e-05,EFA,"ARIMA(1,0,1)"
2012-10-15,0.0003088899426311633,EFA,"ARIMA(1,0,1)"
2012-10-16,-8.768368118338647e-05,EFA,"ARIMA(1,0,1)"
2012-10-17,-0.000516713148882299,EFA,"ARIMA(1,0,1)"
2012-10-18,-0.0007447287909708117,EFA,"ARIMA(1,0,1)"
2012-10-19,0.0005226439229499256,EFA,"ARIMA(1,0,1)"
2012-10-22,0.0003848075515531077,EFA,"ARIMA(1,0,1)"
2012-10-23,0.00013789951430497066,EFA,"ARIMA(1,0,1)"
2012-10-24,0.00017096171650873973,EFA,"ARIMA(1,0,1)"
2012-10-25,0.0002384020457184208,EFA,"ARIMA(1,0,1)"
2012-10-26,-0.0006721372252027329,EFA,"ARIMA(1,0,1)"
2012-10-31,3.902300128334661e-05,EFA,"ARIMA(1,0,1)"
2012-11-01,2.498548815329112e-05,EFA,"ARIMA(1,0,1)"
2012-11-02,-0.0005582744945675636,EFA,"ARIMA(1,0,1)"
2012-11-05,0.0013569215548047378,EFA,"ARIMA(1,0,1)"
2012-11-06,9.729636977185221e-05,EFA,"ARIMA(1,0,1)"
2012-11-07,-0.00024124600923098477,EFA,"ARIMA(1,0,1)"
2012-11-08,0.0012928308732761014,EFA,"ARIMA(1,0,1)"
2012-11-09,0.00010101442448172011,EFA,"ARIMA(1,0,1)"
2012-11-12,0.0001601663639609278,EFA,"ARIMA(1,0,1)"
2012-11-13,0.0003971005284418007,EFA,"ARIMA(1,0,1)"
2012-11-14,0.0005410115432479235,EFA,"ARIMA(1,0,1)"
2012-11-15,0.00043517854615019114,EFA,"ARIMA(1,0,1)"
2012-11-16,0.0003712766935684391,EFA,"ARIMA(1,0,1)"
2012-11-19,9.443758858655762e-05,EFA,"ARIMA(1,0,1)"
2012-11-20,-0.0006133829756511322,EFA,"ARIMA(1,0,1)"
2012-11-21,0.00037659044226960337,EFA,"ARIMA(1,0,1)"
2012-11-23,0.0003886332345998212,EFA,"ARIMA(1,0,1)"
2012-11-26,-0.00036592769758016946,EFA,"ARIMA(1,0,1)"
2012-11-27,0.0007664343201208753,EFA,"ARIMA(1,0,1)"
2012-11-28,0.0007109641622363603,EFA,"ARIMA(1,0,1)"
2012-11-29,0.0003472998495013948,EFA,"ARIMA(1,0,1)"
2012-11-30,0.0003602964750387327,EFA,"ARIMA(1,0,1)"
2012-12-03,0.000734509260923064,EFA,"ARIMA(1,0,1)"
2012-12-04,0.0002792856912705006,EFA,"ARIMA(1,0,1)"
2012-12-05,0.0004655472941530754,EFA,"ARIMA(1,0,1)"
2012-12-06,0.0004280527238532883,EFA,"ARIMA(1,0,1)"
2012-12-07,0.0003832996598015612,EFA,"ARIMA(1,0,1)"
2012-12-10,0.0004804360800063177,EFA,"ARIMA(1,0,1)"
2012-12-11,0.00039242369295966,EFA,"ARIMA(1,0,1)"
2012-12-12,0.0005912400796533367,EFA,"ARIMA(1,0,1)"
2012-12-13,0.0003970876526165132,EFA,"ARIMA(1,0,1)"
2012-12-14,0.00041062219815294634,EFA,"ARIMA(1,0,1)"
2012-12-17,0.0002854139732242526,EFA,"ARIMA(1,0,1)"
2012-12-18,0.0006525098008497921,EFA,"ARIMA(1,0,1)"
2012-12-19,0.0005049536052446421,EFA,"ARIMA(1,0,1)"
2012-12-20,0.0007226276176804925,EFA,"ARIMA(1,0,1)"
2012-12-21,0.0008605789483882244,EFA,"ARIMA(1,0,1)"
2012-12-24,0.0006989997454670474,EFA,"ARIMA(1,0,1)"
2012-12-26,0.0007082598347758013,EFA,"ARIMA(1,0,1)"
2012-12-27,0.0006727700410976172,EFA,"ARIMA(1,0,1)"
2012-12-28,0.0006635941597839662,EFA,"ARIMA(1,0,1)"
2012-12-31,0.0006381150150781909,EFA,"ARIMA(1,0,1)"
2013-01-02,0.0007712664742656399,EFA,"ARIMA(1,0,1)"
2013-01-03,0.0007599112188527055,EFA,"ARIMA(1,0,1)"
2013-01-04,0.0007019849777851654,EFA,"ARIMA(1,0,1)"
2013-01-07,0.000613997738212136,EFA,"ARIMA(1,0,1)"
2013-01-08,0.0001988050392190998,EFA,"ARIMA(1,0,1)"
2013-01-09,0.0008424226859252166,EFA,"ARIMA(1,0,1)"
2013-01-10,0.0007040036531496575,EFA,"ARIMA(1,0,1)"
2013-01-11,0.0005358648916478335,EFA,"ARIMA(1,0,1)"
2013-01-14,0.0004393186591037522,EFA,"ARIMA(1,0,1)"
2013-01-15,0.00039504983939501093,EFA,"ARIMA(1,0,1)"
2013-01-16,0.0007106963753330898,EFA,"ARIMA(1,0,1)"
2013-01-17,0.0007753086110611949,EFA,"ARIMA(1,0,1)"
2013-01-18,0.0005997413226017513,EFA,"ARIMA(1,0,1)"
2013-01-22,0.0006063795972137644,EFA,"ARIMA(1,0,1)"
2013-01-23,0.0005880480957576722,EFA,"ARIMA(1,0,1)"
2013-01-24,0.0005967107306845339,EFA,"ARIMA(1,0,1)"
2013-01-25,0.0004916736959506623,EFA,"ARIMA(1,0,1)"
2013-01-28,0.0003510578062927514,EFA,"ARIMA(1,0,1)"
2013-01-29,0.0005204727487087302,EFA,"ARIMA(1,0,1)"
2013-01-30,0.0004557519648304139,EFA,"ARIMA(1,0,1)"
2013-01-31,0.0005404458676562423,EFA,"ARIMA(1,0,1)"
2013-02-01,0.0007270366590219059,EFA,"ARIMA(1,0,1)"
2013-02-04,0.0002700049797369034,EFA,"ARIMA(1,0,1)"
2013-02-05,0.0009860286109079066,EFA,"ARIMA(1,0,1)"
2013-02-06,0.0006368617814108246,EFA,"ARIMA(1,0,1)"
2013-02-07,0.0005389297751030697,EFA,"ARIMA(1,0,1)"
2013-02-08,0.0007500452840400421,EFA,"ARIMA(1,0,1)"
2013-02-11,0.00036346542933922286,EFA,"ARIMA(1,0,1)"
2013-02-12,0.00044775120518179845,EFA,"ARIMA(1,0,1)"
2013-02-13,0.0003685400328272389,EFA,"ARIMA(1,0,1)"
2013-02-14,0.00044872402797930817,EFA,"ARIMA(1,0,1)"
2013-02-15,0.0006247247589106426,EFA,"ARIMA(1,0,1)"
2013-02-19,0.000603561237951347,EFA,"ARIMA(1,0,1)"
2013-02-20,0.0003170761993475899,EFA,"ARIMA(1,0,1)"
2013-02-21,0.0006124741976737029,EFA,"ARIMA(1,0,1)"
2013-02-22,0.0007609534914541296,EFA,"ARIMA(1,0,1)"
2013-02-25,0.00020119001862616204,EFA,"ARIMA(1,0,1)"
2013-02-26,0.0012586649479892284,EFA,"ARIMA(1,0,1)"
2013-02-27,0.00017620066489891598,EFA,"ARIMA(1,0,1)"
2013-02-28,-0.00013329429899649542,EFA,"ARIMA(1,0,1)"
2013-03-01,0.000287211494418169,EFA,"ARIMA(1,0,1)"
2013-03-04,0.0003772834722911526,EFA,"ARIMA(1,0,1)"
2013-03-05,0.00027449608122914043,EFA,"ARIMA(1,0,1)"
2013-03-06,3.6032063059783493e-06,EFA,"ARIMA(1,0,1)"
2013-03-07,0.00037974403730740505,EFA,"ARIMA(1,0,1)"
2013-03-08,0.0003620204141626655,EFA,"ARIMA(1,0,1)"
2013-03-11,0.0005589024200994837,EFA,"ARIMA(1,0,1)"
2013-03-12,0.0004959020655680864,EFA,"ARIMA(1,0,1)"
2013-03-13,0.0006251008142388158,EFA,"ARIMA(1,0,1)"
2013-03-14,0.0005221526598455608,EFA,"ARIMA(1,0,1)"
2013-03-15,0.00032264674419306915,EFA,"ARIMA(1,0,1)"
2013-03-18,0.00045576026345602234,EFA,"ARIMA(1,0,1)"
2013-03-19,0.0007432282270837993,EFA,"ARIMA(1,0,1)"
2013-03-20,0.00042916875318550724,EFA,"ARIMA(1,0,1)"
2013-03-21,0.00025232120993255524,EFA,"ARIMA(1,0,1)"
2013-03-22,0.0006320842234503605,EFA,"ARIMA(1,0,1)"
2013-03-25,0.00013792982400025736,EFA,"ARIMA(1,0,1)"
2013-03-26,0.0009251925460768808,EFA,"ARIMA(1,0,1)"
2013-03-27,0.00023154287320238204,EFA,"ARIMA(1,0,1)"
2013-03-28,0.0006377830101433758,EFA,"ARIMA(1,0,1)"
2013-04-01,0.00019970120382995117,EFA,"ARIMA(1,0,1)"
2013-04-02,0.0009418731638728316,EFA,"ARIMA(1,0,1)"
2013-04-03,-0.00014914828729758187,EFA,"ARIMA(1,0,1)"
2013-04-04,0.000754405328062853,EFA,"ARIMA(1,0,1)"
2013-04-05,-0.00022959069087751368,EFA,"ARIMA(1,0,1)"
2013-04-08,0.000748008339371282,EFA,"ARIMA(1,0,1)"
2013-04-09,0.0001594490263882531,EFA,"ARIMA(1,0,1)"
2013-04-10,0.0003457533408129968,EFA,"ARIMA(1,0,1)"
2013-04-11,-0.00025785525744600134,EFA,"ARIMA(1,0,1)"
2013-04-12,0.0005635328450680476,EFA,"ARIMA(1,0,1)"
2013-04-15,0.0009465821043717872,EFA,"ARIMA(1,0,1)"
2013-04-16,0.0015587038498327036,EFA,"ARIMA(1,0,1)"
2013-04-17,-0.001071001937817482,EFA,"ARIMA(1,0,1)"
2013-04-18,0.0030978141393564343,EFA,"ARIMA(1,0,1)"
2013-04-19,-0.0005941476224273151,EFA,"ARIMA(1,0,1)"
2013-04-22,0.000623949048320588,EFA,"ARIMA(1,0,1)"
2013-04-23,0.0002799707409123648,EFA,"ARIMA(1,0,1)"
2013-04-24,0.00018998894610774823,EFA,"ARIMA(1,0,1)"
2013-04-25,0.00013439308650286597,EFA,"ARIMA(1,0,1)"
2013-04-26,0.0005714917202617483,EFA,"ARIMA(1,0,1)"
2013-04-29,0.0008064341723304255,EFA,"ARIMA(1,0,1)"
2013-04-30,4.151721536694783e-05,EFA,"ARIMA(1,0,1)"
2013-05-01,0.0010255243305860287,EFA,"ARIMA(1,0,1)"
2013-05-02,0.0007926613855619142,EFA,"ARIMA(1,0,1)"
2013-05-03,0.00047878354500184247,EFA,"ARIMA(1,0,1)"
2013-05-06,0.00014735240618292313,EFA,"ARIMA(1,0,1)"
2013-05-07,0.00115400095270498,EFA,"ARIMA(1,0,1)"
2013-05-08,0.0005534812901944574,EFA,"ARIMA(1,0,1)"
2013-05-09,0.0005650622545415012,EFA,"ARIMA(1,0,1)"
2013-05-10,0.0016983557234224026,EFA,"ARIMA(1,0,1)"
2013-05-13,0.0003492600138644199,EFA,"ARIMA(1,0,1)"
2013-05-14,0.0015075568142613428,EFA,"ARIMA(1,0,1)"
2013-05-15,0.0005029759163475238,EFA,"ARIMA(1,0,1)"
2013-05-16,0.0008365889666883878,EFA,"ARIMA(1,0,1)"
2013-05-17,0.0018165371095603124,EFA,"ARIMA(1,0,1)"
2013-05-20,0.00019591204168515329,EFA,"ARIMA(1,0,1)"
2013-05-21,0.001093682240223342,EFA,"ARIMA(1,0,1)"
2013-05-22,0.001131624617219227,EFA,"ARIMA(1,0,1)"
2013-05-23,0.00228410300859645,EFA,"ARIMA(1,0,1)"
2013-05-24,0.0017908111103406578,EFA,"ARIMA(1,0,1)"
2013-05-28,0.0014332293880432747,EFA,"ARIMA(1,0,1)"
2013-05-29,0.0007125200707508967,EFA,"ARIMA(1,0,1)"
2013-05-30,0.001976493491439308,EFA,"ARIMA(1,0,1)"
2013-05-31,0.0002108533923215097,EFA,"ARIMA(1,0,1)"
2013-06-03,0.0026240907638534683,EFA,"ARIMA(1,0,1)"
2013-06-04,0.00015455247153711498,EFA,"ARIMA(1,0,1)"
2013-06-05,0.001615813677048364,EFA,"ARIMA(1,0,1)"
2013-06-06,0.002917057711525997,EFA,"ARIMA(1,0,1)"
2013-06-07,0.00035633224770011314,EFA,"ARIMA(1,0,1)"
2013-06-10,0.00020284770691108493,EFA,"ARIMA(1,0,1)"
2013-06-11,0.0010829747837098626,EFA,"ARIMA(1,0,1)"
2013-06-12,0.0019245080584703188,EFA,"ARIMA(1,0,1)"
2013-06-13,0.001054055865791679,EFA,"ARIMA(1,0,1)"
2013-06-14,9.350590611568945e-05,EFA,"ARIMA(1,0,1)"
2013-06-17,0.0018970582967581763,EFA,"ARIMA(1,0,1)"
2013-06-18,-0.00014696130423397604,EFA,"ARIMA(1,0,1)"
2013-06-19,0.0004965898737760276,EFA,"ARIMA(1,0,1)"
2013-06-20,0.0025236829373092096,EFA,"ARIMA(1,0,1)"
2013-06-21,0.0025554682529843674,EFA,"ARIMA(1,0,1)"
2013-06-24,0.000745150182888286,EFA,"ARIMA(1,0,1)"
2013-06-25,0.0012761748379794243,EFA,"ARIMA(1,0,1)"
2013-06-26,0.0003735180897356529,EFA,"ARIMA(1,0,1)"
2013-06-27,0.0006603495513826341,EFA,"ARIMA(1,0,1)"
2013-06-28,0.0005430680038544202,EFA,"ARIMA(1,0,1)"
2013-07-01,0.0009021270121885985,EFA,"ARIMA(1,0,1)"
2013-07-02,0.00040982736925018715,EFA,"ARIMA(1,0,1)"
2013-07-03,0.0009724979811080725,EFA,"ARIMA(1,0,1)"
2013-07-05,0.000733707341626922,EFA,"ARIMA(1,0,1)"
2013-07-08,0.0004422440981009922,EFA,"ARIMA(1,0,1)"
2013-07-09,0.00029213343754690656,EFA,"ARIMA(1,0,1)"
2013-07-10,0.0003793397218167406,EFA,"ARIMA(1,0,1)"
2013-07-11,0.0006063951999915951,EFA,"ARIMA(1,0,1)"
2013-07-12,-0.0004973522120388887,EFA,"ARIMA(1,0,1)"
2013-07-15,0.0010884736948358173,EFA,"ARIMA(1,0,1)"
2013-07-16,0.0006555401172238448,EFA,"ARIMA(1,0,1)"
2013-07-17,0.001016370176748521,EFA,"ARIMA(1,0,1)"
2013-07-18,0.0008032826008742286,EFA,"ARIMA(1,0,1)"
2013-07-19,0.0005826062550337874,EFA,"ARIMA(1,0,1)"
2013-07-22,0.0010142365764564858,EFA,"ARIMA(1,0,1)"
2013-07-23,0.0005390062937988738,EFA,"ARIMA(1,0,1)"
2013-07-24,0.0007973947944554435,EFA,"ARIMA(1,0,1)"
2013-07-25,0.0011847542369596673,EFA,"ARIMA(1,0,1)"
2013-07-26,0.0009514300925244551,EFA,"ARIMA(1,0,1)"
2013-07-29,0.0017271670057135808,EFA,"ARIMA(1,0,1)"
2013-07-30,0.0023163981708295605,EFA,"ARIMA(1,0,1)"
2013-07-31,0.0009626361335785565,EFA,"ARIMA(1,0,1)"
2013-08-01,0.0006555768030961653,EFA,"ARIMA(1,0,1)"
2013-08-02,-0.0006539956399636449,EFA,"ARIMA(1,0,1)"
2013-08-05,0.00031528385973517115,EFA,"ARIMA(1,0,1)"
2013-08-06,0.0013231940583054882,EFA,"ARIMA(1,0,1)"
2013-08-07,0.0012848168107443898,EFA,"ARIMA(1,0,1)"
2013-08-08,0.0014288337667797504,EFA,"ARIMA(1,0,1)"
2013-08-09,-7.305929678186026e-05,EFA,"ARIMA(1,0,1)"
2013-08-12,0.0007128285247811537,EFA,"ARIMA(1,0,1)"
2013-08-13,0.0012189464181383675,EFA,"ARIMA(1,0,1)"
2013-08-14,0.00020016062383634598,EFA,"ARIMA(1,0,1)"
2013-08-15,0.0008671694877654247,EFA,"ARIMA(1,0,1)"
2013-08-16,0.0018470980524280091,EFA,"ARIMA(1,0,1)"
2013-08-19,0.0007097709247573928,EFA,"ARIMA(1,0,1)"
2013-08-20,0.0016941182635810993,EFA,"ARIMA(1,0,1)"
2013-08-21,0.0009763028894586424,EFA,"ARIMA(1,0,1)"
2013-08-22,0.002065061369927427,EFA,"ARIMA(1,0,1)"
2013-08-23,-0.00030947365123934836,EFA,"ARIMA(1,0,1)"
2013-08-26,-0.0001397414922420931,EFA,"ARIMA(1,0,1)"
2013-08-27,0.0016440808694814782,EFA,"ARIMA(1,0,1)"
2013-08-28,0.002605334092453676,EFA,"ARIMA(1,0,1)"
2013-08-29,0.0008967352254996891,EFA,"ARIMA(1,0,1)"
2013-08-30,0.0009307814441439386,EFA,"ARIMA(1,0,1)"
2013-09-03,0.001926369987732655,EFA,"ARIMA(1,0,1)"
2013-09-04,-0.001236294432514449,EFA,"ARIMA(1,0,1)"
2013-09-05,9.857822914113206e-06,EFA,"ARIMA(1,0,1)"
2013-09-06,0.0009572025017697482,EFA,"ARIMA(1,0,1)"
2013-09-09,0.00026984626535184024,EFA,"ARIMA(1,0,1)"
2013-09-10,-0.0004790479180454321,EFA,"ARIMA(1,0,1)"
2013-09-11,-0.00028602017008668443,EFA,"ARIMA(1,0,1)"
2013-09-12,0.0005360397771143706,EFA,"ARIMA(1,0,1)"
2013-09-13,0.0014371939351183827,EFA,"ARIMA(1,0,1)"
2013-09-16,0.00034251692691826205,EFA,"ARIMA(1,0,1)"
2013-09-17,-6.74850187058762e-06,EFA,"ARIMA(1,0,1)"
2013-09-18,0.0007193026902061832,EFA,"ARIMA(1,0,1)"
2013-09-19,-0.0020396129945521313,EFA,"ARIMA(1,0,1)"
2013-09-20,0.0013509063223654722,EFA,"ARIMA(1,0,1)"
2013-09-23,0.0016676194334417837,EFA,"ARIMA(1,0,1)"
2013-09-24,0.0008981384605279516,EFA,"ARIMA(1,0,1)"
2013-09-25,0.001030487970742369,EFA,"ARIMA(1,0,1)"
2013-09-26,0.0007493448044571164,EFA,"ARIMA(1,0,1)"
2013-09-27,0.0004249973889058304,EFA,"ARIMA(1,0,1)"
2013-09-30,0.0012221064681792403,EFA,"ARIMA(1,0,1)"
2013-10-01,0.0015932091806887445,EFA,"ARIMA(1,0,1)"
2013-10-02,0.0003609079355216231,EFA,"ARIMA(1,0,1)"
2013-10-03,0.0009806929654475921,EFA,"ARIMA(1,0,1)"
2013-10-04,0.0015077203011180105,EFA,"ARIMA(1,0,1)"
2013-10-07,0.0006883073791841665,EFA,"ARIMA(1,0,1)"
2013-10-08,0.0018375823946465892,EFA,"ARIMA(1,0,1)"
2013-10-09,0.0014942699459688275,EFA,"ARIMA(1,0,1)"
2013-10-10,0.00038442732168633784,EFA,"ARIMA(1,0,1)"
2013-10-11,-0.0007973943574329992,EFA,"ARIMA(1,0,1)"
2013-10-14,0.0004613362518661753,EFA,"ARIMA(1,0,1)"
2013-10-15,0.0006743007012179181,EFA,"ARIMA(1,0,1)"
2013-10-16,0.0014131865204250042,EFA,"ARIMA(1,0,1)"
2013-10-17,0.00026277787709841946,EFA,"ARIMA(1,0,1)"
2013-10-18,-0.0003350488884838461,EFA,"ARIMA(1,0,1)"
2013-10-21,0.00042917928202004866,EFA,"ARIMA(1,0,1)"
2013-10-22,0.0007826279184863155,EFA,"ARIMA(1,0,1)"
2013-10-23,6.088847327062597e-05,EFA,"ARIMA(1,0,1)"
2013-10-24,0.0019282671713732266,EFA,"ARIMA(1,0,1)"
2013-10-25,0.00031434982918734607,EFA,"ARIMA(1,0,1)"
2013-10-28,0.0013545670438094236,EFA,"ARIMA(1,0,1)"
2013-10-29,0.0012556487912845746,EFA,"ARIMA(1,0,1)"
2013-10-30,0.0008631804711124876,EFA,"ARIMA(1,0,1)"
2013-10-31,0.0013840578772673817,EFA,"ARIMA(1,0,1)"
2013-11-01,0.0015548152665265484,EFA,"ARIMA(1,0,1)"
2013-11-04,0.0013812880595511102,EFA,"ARIMA(1,0,1)"
2013-11-05,0.0006307298484993795,EFA,"ARIMA(1,0,1)"
2013-11-06,0.001832326278824614,EFA,"ARIMA(1,0,1)"
2013-11-07,0.00016317682988286676,EFA,"ARIMA(1,0,1)"
2013-11-08,0.002691120986060613,EFA,"ARIMA(1,0,1)"
2013-11-11,0.00044850505876576946,EFA,"ARIMA(1,0,1)"
2013-11-12,0.0008158278841955398,EFA,"ARIMA(1,0,1)"
2013-11-13,0.0014467804607465702,EFA,"ARIMA(1,0,1)"
2013-11-14,0.0007543116016382066,EFA,"ARIMA(1,0,1)"
2013-11-15,0.0006408972321211591,EFA,"ARIMA(1,0,1)"
2013-11-18,0.000262830321857446,EFA,"ARIMA(1,0,1)"
2013-11-19,0.0011515464952215639,EFA,"ARIMA(1,0,1)"
2013-11-20,0.0013847127481160446,EFA,"ARIMA(1,0,1)"
2013-11-21,0.0018535067152889904,EFA,"ARIMA(1,0,1)"
2013-11-22,0.00035475814089484445,EFA,"ARIMA(1,0,1)"
2013-11-25,0.0006449169003289233,EFA,"ARIMA(1,0,1)"
2013-11-26,0.0013311135519158061,EFA,"ARIMA(1,0,1)"
2013-11-27,0.0010206151216346224,EFA,"ARIMA(1,0,1)"
2013-11-29,0.000707849079716301,EFA,"ARIMA(1,0,1)"
2013-12-02,0.0007229622042030273,EFA,"ARIMA(1,0,1)"
2013-12-03,0.0017780963189172332,EFA,"ARIMA(1,0,1)"
2013-12-04,0.0017069739100628646,EFA,"ARIMA(1,0,1)"
2013-12-05,0.001448136090221001,EFA,"ARIMA(1,0,1)"
2013-12-06,0.0014200130645214586,EFA,"ARIMA(1,0,1)"
2013-12-09,-0.0004878069752607692,EFA,"ARIMA(1,0,1)"
2013-12-10,0.0009371959748179987,EFA,"ARIMA(1,0,1)"
2013-12-11,0.0010295470672701309,EFA,"ARIMA(1,0,1)"
2013-12-12,0.001805943964945122,EFA,"ARIMA(1,0,1)"
2013-12-13,0.0014984719501194754,EFA,"ARIMA(1,0,1)"
2013-12-16,0.0008174227771323477,EFA,"ARIMA(1,0,1)"
2013-12-17,-1.942612611952456e-05,EFA,"ARIMA(1,0,1)"
2013-12-18,0.00114707081601515,EFA,"ARIMA(1,0,1)"
2013-12-19,-0.0010106003711268358,EFA,"ARIMA(1,0,1)"
2013-12-20,0.0007007748606650977,EFA,"ARIMA(1,0,1)"
2013-12-23,7.380726289154844e-05,EFA,"ARIMA(1,0,1)"
2013-12-24,-0.000336175540255667,EFA,"ARIMA(1,0,1)"
2013-12-26,0.0006083848759845518,EFA,"ARIMA(1,0,1)"
2013-12-27,0.00028701353524457037,EFA,"ARIMA(1,0,1)"
2013-12-30,0.000333681727921865,EFA,"ARIMA(1,0,1)"
2013-12-31,0.0005228141573068237,EFA,"ARIMA(1,0,1)"
2014-01-02,0.0004969427649254956,EFA,"ARIMA(1,0,1)"
2014-01-03,0.0025224021818548168,EFA,"ARIMA(1,0,1)"
2014-01-06,0.00046296594553407364,EFA,"ARIMA(1,0,1)"
2014-01-07,0.000867677828834235,EFA,"ARIMA(1,0,1)"
2014-01-08,0.00015733167064186477,EFA,"ARIMA(1,0,1)"
2014-01-09,0.0008852295173907001,EFA,"ARIMA(1,0,1)"
2014-01-10,0.0008207864443359794,EFA,"ARIMA(1,0,1)"
2014-01-13,-0.00023042689136228275,EFA,"ARIMA(1,0,1)"
2014-01-14,0.0017640833832857428,EFA,"ARIMA(1,0,1)"
2014-01-15,-0.0002954717024873341,EFA,"ARIMA(1,0,1)"
2014-01-16,0.0004081405560659565,EFA,"ARIMA(1,0,1)"
2014-01-17,0.0008564550690484082,EFA,"ARIMA(1,0,1)"
2014-01-21,0.0010382043889346445,EFA,"ARIMA(1,0,1)"
2014-01-22,0.00019329868169058083,EFA,"ARIMA(1,0,1)"
2014-01-23,0.000810873464833784,EFA,"ARIMA(1,0,1)"
2014-01-24,0.0014442548360938411,EFA,"ARIMA(1,0,1)"
2014-01-27,0.003159215955133894,EFA,"ARIMA(1,0,1)"
2014-01-28,0.0005433155987585982,EFA,"ARIMA(1,0,1)"
2014-01-29,-0.0002047196732872773,EFA,"ARIMA(1,0,1)"
2014-01-30,0.001565355926507241,EFA,"ARIMA(1,0,1)"
2014-01-31,5.373846563300883e-06,EFA,"ARIMA(1,0,1)"
2014-02-03,0.0020003803009400684,EFA,"ARIMA(1,0,1)"
2014-02-04,0.0016065653230586973,EFA,"ARIMA(1,0,1)"
2014-02-05,-0.000552221977450742,EFA,"ARIMA(1,0,1)"
2014-02-06,0.00033540846200607574,EFA,"ARIMA(1,0,1)"
2014-02-07,-0.0007451777195968449,EFA,"ARIMA(1,0,1)"
2014-02-10,-4.082087420327759e-05,EFA,"ARIMA(1,0,1)"
2014-02-11,0.0008451453196033503,EFA,"ARIMA(1,0,1)"
2014-02-12,-0.00043099189706186525,EFA,"ARIMA(1,0,1)"
2014-02-13,0.0006217546157380778,EFA,"ARIMA(1,0,1)"
2014-02-14,0.0004089349796268715,EFA,"ARIMA(1,0,1)"
2014-02-18,0.000455250289147649,EFA,"ARIMA(1,0,1)"
2014-02-19,0.00019774996712218897,EFA,"ARIMA(1,0,1)"
2014-02-20,0.001108055606961152,EFA,"ARIMA(1,0,1)"
2014-02-21,0.0004744073851651474,EFA,"ARIMA(1,0,1)"
2014-02-24,0.0006810802254392996,EFA,"ARIMA(1,0,1)"
2014-02-25,0.0002896286763723272,EFA,"ARIMA(1,0,1)"
2014-02-26,0.0009928615732410458,EFA,"ARIMA(1,0,1)"
2014-02-27,0.0007874400690744427,EFA,"ARIMA(1,0,1)"
2014-02-28,0.0005679030361069668,EFA,"ARIMA(1,0,1)"
2014-03-03,0.0007055503818334896,EFA,"ARIMA(1,0,1)"
2014-03-04,0.001491904952777164,EFA,"ARIMA(1,0,1)"
2014-03-05,-0.0008608854095926385,EFA,"ARIMA(1,0,1)"
2014-03-06,0.0012416411904098298,EFA,"ARIMA(1,0,1)"
2014-03-07,-0.00025882594244138954,EFA,"ARIMA(1,0,1)"
2014-03-10,0.00148295836667565,EFA,"ARIMA(1,0,1)"
2014-03-11,0.0006540805397526626,EFA,"ARIMA(1,0,1)"
2014-03-12,0.0010546278541118163,EFA,"ARIMA(1,0,1)"
2014-03-13,0.0005841284013516467,EFA,"ARIMA(1,0,1)"
2014-03-14,0.0014606361024338053,EFA,"ARIMA(1,0,1)"
2014-03-17,0.00021948741664950156,EFA,"ARIMA(1,0,1)"
2014-03-18,5.5943756565321706e-05,EFA,"ARIMA(1,0,1)"
2014-03-19,0.0004981642012385769,EFA,"ARIMA(1,0,1)"
2014-03-20,0.0011204594742006595,EFA,"ARIMA(1,0,1)"
2014-03-21,0.00041142805813883547,EFA,"ARIMA(1,0,1)"
2014-03-24,0.0006395664460669907,EFA,"ARIMA(1,0,1)"
2014-03-25,0.00037107585466161525,EFA,"ARIMA(1,0,1)"
2014-03-26,0.00034054558284546713,EFA,"ARIMA(1,0,1)"
2014-03-27,0.0006800930904411924,EFA,"ARIMA(1,0,1)"
2014-03-28,0.00047542253669780727,EFA,"ARIMA(1,0,1)"
2014-03-31,0.0005067621534066353,EFA,"ARIMA(1,0,1)"
2014-04-01,0.0006205902759119994,EFA,"ARIMA(1,0,1)"
2014-04-02,0.0005940581477548222,EFA,"ARIMA(1,0,1)"
2014-04-03,0.0006514801197439243,EFA,"ARIMA(1,0,1)"
2014-04-04,0.0006676155612669525,EFA,"ARIMA(1,0,1)"
2014-04-07,0.0006957606534529153,EFA,"ARIMA(1,0,1)"
2014-04-08,0.0007257002334385799,EFA,"ARIMA(1,0,1)"
2014-04-09,0.0006244850806885207,EFA,"ARIMA(1,0,1)"
2014-04-10,0.000402709489477042,EFA,"ARIMA(1,0,1)"
2014-04-11,0.0007650248317253789,EFA,"ARIMA(1,0,1)"
2014-04-14,0.00047695198707861923,EFA,"ARIMA(1,0,1)"
2014-04-15,0.0005796835567588886,EFA,"ARIMA(1,0,1)"
2014-04-16,0.0005070491223505011,EFA,"ARIMA(1,0,1)"
2014-04-17,0.0006397862588968,EFA,"ARIMA(1,0,1)"
2014-04-21,0.0006746813552679846,EFA,"ARIMA(1,0,1)"
2014-04-22,0.0006469508847244374,EFA,"ARIMA(1,0,1)"
2014-04-23,0.0006458657218721336,EFA,"ARIMA(1,0,1)"
2014-04-24,0.0005908432737124718,EFA,"ARIMA(1,0,1)"
2014-04-25,0.000552421571194391,EFA,"ARIMA(1,0,1)"
2014-04-28,0.0005714968715937845,EFA,"ARIMA(1,0,1)"
2014-04-29,0.00046118362473083997,EFA,"ARIMA(1,0,1)"
2014-04-30,0.0004210489222687523,EFA,"ARIMA(1,0,1)"
2014-05-01,0.00046639910226502527,EFA,"ARIMA(1,0,1)"
2014-05-02,0.0004939302413593358,EFA,"ARIMA(1,0,1)"
2014-05-05,0.0005171034211369806,EFA,"ARIMA(1,0,1)"
2014-05-06,0.00047655169943105086,EFA,"ARIMA(1,0,1)"
2014-05-07,0.00047252740042147,EFA,"ARIMA(1,0,1)"
2014-05-08,0.00046214950699167956,EFA,"ARIMA(1,0,1)"
2014-05-09,0.0004217617061583269,EFA,"ARIMA(1,0,1)"
2014-05-12,0.0004621936644023433,EFA,"ARIMA(1,0,1)"
2014-05-13,0.00044593681956386005,EFA,"ARIMA(1,0,1)"
2014-05-14,0.00046732894328602306,EFA,"ARIMA(1,0,1)"
2014-05-15,0.0004634095928203007,EFA,"ARIMA(1,0,1)"
2014-05-16,0.000431271022642203,EFA,"ARIMA(1,0,1)"
2014-05-19,0.0004719752365067008,EFA,"ARIMA(1,0,1)"
2014-05-20,0.00044071206831876477,EFA,"ARIMA(1,0,1)"
2014-05-21,0.0003842599220919519,EFA,"ARIMA(1,0,1)"
2014-05-22,0.00035030724463183617,EFA,"ARIMA(1,0,1)"
2014-05-23,0.00044419004071352604,EFA,"ARIMA(1,0,1)"
2014-05-27,0.00047907692506085685,EFA,"ARIMA(1,0,1)"
2014-05-28,0.00047990781023543637,EFA,"ARIMA(1,0,1)"
2014-05-29,0.0005362654251014346,EFA,"ARIMA(1,0,1)"
2014-05-30,0.0005509241591600061,EFA,"ARIMA(1,0,1)"
2014-06-02,0.0006774699872303062,EFA,"ARIMA(1,0,1)"
2014-06-03,0.0006817513549781707,EFA,"ARIMA(1,0,1)"
2014-06-04,0.000672864112330894,EFA,"ARIMA(1,0,1)"
2014-06-05,0.0006511655258040288,EFA,"ARIMA(1,0,1)"
2014-06-06,0.0007640734975347364,EFA,"ARIMA(1,0,1)"
2014-06-09,0.0007549206738875611,EFA,"ARIMA(1,0,1)"
2014-06-10,0.0007266900845142309,EFA,"ARIMA(1,0,1)"
2014-06-11,0.0007042016556413289,EFA,"ARIMA(1,0,1)"
2014-06-12,0.0006905569387733739,EFA,"ARIMA(1,0,1)"
2014-06-13,0.0007529440425885878,EFA,"ARIMA(1,0,1)"
2014-06-16,0.0006758594981577083,EFA,"ARIMA(1,0,1)"
2014-06-17,0.0007248536529736557,EFA,"ARIMA(1,0,1)"
2014-06-18,0.0007142693953511789,EFA,"ARIMA(1,0,1)"
2014-06-19,0.00048548316615255513,EFA,"ARIMA(1,0,1)"
2014-06-20,0.0007504424788222034,EFA,"ARIMA(1,0,1)"
2014-06-23,0.0009248247790800643,EFA,"ARIMA(1,0,1)"
2014-06-24,0.0009066344011011121,EFA,"ARIMA(1,0,1)"
2014-06-25,0.0009915071970251653,EFA,"ARIMA(1,0,1)"
2014-06-26,0.0008874108529620354,EFA,"ARIMA(1,0,1)"
2014-06-27,0.0008623187218041901,EFA,"ARIMA(1,0,1)"
2014-06-30,0.0008222955792397276,EFA,"ARIMA(1,0,1)"
2014-07-01,0.0008291459003889192,EFA,"ARIMA(1,0,1)"
2014-07-02,0.0008224771739886262,EFA,"ARIMA(1,0,1)"
2014-07-03,0.0008657054841080871,EFA,"ARIMA(1,0,1)"
2014-07-07,0.0008406346388009709,EFA,"ARIMA(1,0,1)"
2014-07-08,0.000848643715408336,EFA,"ARIMA(1,0,1)"
2014-07-09,0.0007651137163920287,EFA,"ARIMA(1,0,1)"
2014-07-10,0.0007843782839819136,EFA,"ARIMA(1,0,1)"
2014-07-11,0.0005242885106439834,EFA,"ARIMA(1,0,1)"
2014-07-14,0.0005156452956126378,EFA,"ARIMA(1,0,1)"
2014-07-15,0.0006059477748237253,EFA,"ARIMA(1,0,1)"
2014-07-16,0.000601360032809873,EFA,"ARIMA(1,0,1)"
2014-07-17,0.0006865617914388545,EFA,"ARIMA(1,0,1)"
2014-07-18,0.0005657015775380485,EFA,"ARIMA(1,0,1)"
2014-07-21,0.0005239772074850435,EFA,"ARIMA(1,0,1)"
2014-07-22,0.0006342644304965276,EFA,"ARIMA(1,0,1)"
2014-07-23,0.0004417438565166088,EFA,"ARIMA(1,0,1)"
2014-07-24,0.0005774981899562095,EFA,"ARIMA(1,0,1)"
2014-07-25,0.00044575102328854176,EFA,"ARIMA(1,0,1)"
2014-07-28,0.0006465377922098367,EFA,"ARIMA(1,0,1)"
2014-07-29,0.0005038623569989247,EFA,"ARIMA(1,0,1)"
2014-07-30,0.0006446954089521797,EFA,"ARIMA(1,0,1)"
2014-07-31,0.0006303160197690027,EFA,"ARIMA(1,0,1)"
2014-08-01,0.0008156559663651529,EFA,"ARIMA(1,0,1)"
2014-08-04,0.000522719331798614,EFA,"ARIMA(1,0,1)"
2014-08-05,0.0003960704298977015,EFA,"ARIMA(1,0,1)"
2014-08-06,0.0005720861499840684,EFA,"ARIMA(1,0,1)"
2014-08-07,0.0008555869656604392,EFA,"ARIMA(1,0,1)"
2014-08-08,0.000529932125460102,EFA,"ARIMA(1,0,1)"
2014-08-11,0.00032211541865313656,EFA,"ARIMA(1,0,1)"
2014-08-12,0.0003219584975923828,EFA,"ARIMA(1,0,1)"
2014-08-13,0.00036575151963052355,EFA,"ARIMA(1,0,1)"
2014-08-14,0.00031432882615307857,EFA,"ARIMA(1,0,1)"
2014-08-15,0.00033173458734793454,EFA,"ARIMA(1,0,1)"
2014-08-18,0.0003940427726451796,EFA,"ARIMA(1,0,1)"
2014-08-19,0.0003485014613778237,EFA,"ARIMA(1,0,1)"
2014-08-20,0.00045688932354352274,EFA,"ARIMA(1,0,1)"
2014-08-21,0.000459947427159629,EFA,"ARIMA(1,0,1)"
2014-08-22,0.0005102051454719267,EFA,"ARIMA(1,0,1)"
2014-08-25,0.0005237047425147099,EFA,"ARIMA(1,0,1)"
2014-08-26,0.00036810054506372056,EFA,"ARIMA(1,0,1)"
2014-08-27,0.00046358793677346176,EFA,"ARIMA(1,0,1)"
2014-08-28,0.0005314560027626525,EFA,"ARIMA(1,0,1)"
2014-08-29,0.0005735978676229256,EFA,"ARIMA(1,0,1)"
2014-09-02,0.0005980959101889306,EFA,"ARIMA(1,0,1)"
2014-09-03,0.0005903280287543901,EFA,"ARIMA(1,0,1)"
2014-09-04,0.00046919945755982044,EFA,"ARIMA(1,0,1)"
2014-09-05,0.0006558034025129941,EFA,"ARIMA(1,0,1)"
2014-09-08,0.00047152460526825497,EFA,"ARIMA(1,0,1)"
2014-09-09,0.0008807905709345774,EFA,"ARIMA(1,0,1)"
2014-09-10,0.0003312901483597929,EFA,"ARIMA(1,0,1)"
2014-09-11,0.00022443805741531868,EFA,"ARIMA(1,0,1)"
2014-09-12,0.0005970815675331561,EFA,"ARIMA(1,0,1)"
2014-09-15,0.00030482565334406336,EFA,"ARIMA(1,0,1)"
2014-09-16,0.0004128850298194601,EFA,"ARIMA(1,0,1)"
2014-09-17,0.00014453368500109477,EFA,"ARIMA(1,0,1)"
2014-09-18,0.0006477574150768303,EFA,"ARIMA(1,0,1)"
2014-09-19,-0.000234871843112554,EFA,"ARIMA(1,0,1)"
2014-09-22,0.0005617028565213475,EFA,"ARIMA(1,0,1)"
2014-09-23,0.00023744833128700986,EFA,"ARIMA(1,0,1)"
2014-09-24,0.0004712363764110495,EFA,"ARIMA(1,0,1)"
2014-09-25,-0.00013110747747198506,EFA,"ARIMA(1,0,1)"
2014-09-26,0.0009632326384317043,EFA,"ARIMA(1,0,1)"
2014-09-29,-0.00045043618508992816,EFA,"ARIMA(1,0,1)"
2014-09-30,0.0008529411964181138,EFA,"ARIMA(1,0,1)"
2014-10-01,-0.00018542255007618935,EFA,"ARIMA(1,0,1)"
2014-10-02,0.0007324852314313707,EFA,"ARIMA(1,0,1)"
2014-10-03,0.0002315234223283984,EFA,"ARIMA(1,0,1)"
2014-10-06,-9.193732036605085e-06,EFA,"ARIMA(1,0,1)"
2014-10-07,-0.0001166787740004677,EFA,"ARIMA(1,0,1)"
2014-10-08,0.0010006486818770692,EFA,"ARIMA(1,0,1)"
2014-10-09,-0.00150290573792858,EFA,"ARIMA(1,0,1)"
2014-10-10,0.0039510950031217676,EFA,"ARIMA(1,0,1)"
2014-10-13,0.0004894805449834346,EFA,"ARIMA(1,0,1)"
2014-10-14,-0.000176684596295814,EFA,"ARIMA(1,0,1)"
2014-10-15,-0.00033505018430739957,EFA,"ARIMA(1,0,1)"
2014-10-16,0.0003962195742911319,EFA,"ARIMA(1,0,1)"
2014-10-17,0.00037462304638030816,EFA,"ARIMA(1,0,1)"
2014-10-20,-0.002140152693907483,EFA,"ARIMA(1,0,1)"
2014-10-21,-0.0001010863978943239,EFA,"ARIMA(1,0,1)"
2014-10-22,-0.0009632260981755722,EFA,"ARIMA(1,0,1)"
2014-10-23,0.0006610641817831169,EFA,"ARIMA(1,0,1)"
2014-10-24,-0.0012436434743179252,EFA,"ARIMA(1,0,1)"
2014-10-27,-0.00016680228605919827,EFA,"ARIMA(1,0,1)"
2014-10-28,0.0002500436151763834,EFA,"ARIMA(1,0,1)"
2014-10-29,-0.0014485909641214164,EFA,"ARIMA(1,0,1)"
2014-10-30,0.0010277525577929445,EFA,"ARIMA(1,0,1)"
2014-10-31,-0.0011669287873785309,EFA,"ARIMA(1,0,1)"
2014-11-03,-0.001259267046055053,EFA,"ARIMA(1,0,1)"
2014-11-04,0.0010084828376404182,EFA,"ARIMA(1,0,1)"
2014-11-05,0.00023077426619116736,EFA,"ARIMA(1,0,1)"
2014-11-06,-0.00017660632925136917,EFA,"ARIMA(1,0,1)"
2014-11-07,0.0004035000806169993,EFA,"ARIMA(1,0,1)"
2014-11-10,-9.028266956320348e-05,EFA,"ARIMA(1,0,1)"
2014-11-11,-0.0002949132776297462,EFA,"ARIMA(1,0,1)"
2014-11-12,-0.00034558899419722024,EFA,"ARIMA(1,0,1)"
2014-11-13,0.0006835635449093871,EFA,"ARIMA(1,0,1)"
2014-11-14,-0.0004902073313273813,EFA,"ARIMA(1,0,1)"
2014-11-17,-3.8358677055741225e-05,EFA,"ARIMA(1,0,1)"
2014-11-18,0.00025031064169276534,EFA,"ARIMA(1,0,1)"
2014-11-19,-0.0009072249100086477,EFA,"ARIMA(1,0,1)"
2014-11-20,0.00033112896866876345,EFA,"ARIMA(1,0,1)"
2014-11-21,0.0004172350648603673,EFA,"ARIMA(1,0,1)"
2014-11-24,-0.0007672684944178277,EFA,"ARIMA(1,0,1)"
2014-11-25,-0.0003936585094898555,EFA,"ARIMA(1,0,1)"
2014-11-26,-7.69631193812528e-05,EFA,"ARIMA(1,0,1)"
2014-11-28,-0.0002507287459063244,EFA,"ARIMA(1,0,1)"
2014-12-01,0.0006993767055889898,EFA,"ARIMA(1,0,1)"
2014-12-02,1.854648440655272e-05,EFA,"ARIMA(1,0,1)"
2014-12-03,-0.00021577413555453953,EFA,"ARIMA(1,0,1)"
2014-12-04,0.00018736598364408051,EFA,"ARIMA(1,0,1)"
2014-12-05,0.0003304549681382535,EFA,"ARIMA(1,0,1)"
2014-12-08,-0.00010732693557227384,EFA,"ARIMA(1,0,1)"
2014-12-09,0.0007740213605304143,EFA,"ARIMA(1,0,1)"
2014-12-10,0.00047560717754713353,EFA,"ARIMA(1,0,1)"
2014-12-11,0.0010118568217413748,EFA,"ARIMA(1,0,1)"
2014-12-12,9.484265575725873e-05,EFA,"ARIMA(1,0,1)"
2014-12-15,0.0014897141093244807,EFA,"ARIMA(1,0,1)"
2014-12-16,0.0013467336198258377,EFA,"ARIMA(1,0,1)"
2014-12-17,-4.758973665100664e-05,EFA,"ARIMA(1,0,1)"
2014-12-18,-0.0007139861855861398,EFA,"ARIMA(1,0,1)"
2014-12-19,-0.0009011531456437578,EFA,"ARIMA(1,0,1)"
2014-12-22,-0.00015003132930293693,EFA,"ARIMA(1,0,1)"
2014-12-23,-0.00029371481988984773,EFA,"ARIMA(1,0,1)"
2014-12-24,1.3612085218080603e-05,EFA,"ARIMA(1,0,1)"
2014-12-26,-0.0003143216994494323,EFA,"ARIMA(1,0,1)"
2014-12-29,-0.0002432228115406668,EFA,"ARIMA(1,0,1)"
2014-12-30,0.0001411603351461588,EFA,"ARIMA(1,0,1)"
2014-12-31,0.0001665080978641093,EFA,"ARIMA(1,0,1)"
2015-01-02,1.1111545380453427e-05,EFA,"ARIMA(1,0,1)"
2015-01-05,1.8501559322894916e-05,EFA,"ARIMA(1,0,1)"
2015-01-06,0.0005241727992812638,EFA,"ARIMA(1,0,1)"
2015-01-07,-0.0015114719231477645,EFA,"ARIMA(1,0,1)"
2015-01-08,-0.0001360335030211868,EFA,"ARIMA(1,0,1)"
2015-01-09,-0.0002957721689937256,EFA,"ARIMA(1,0,1)"
2015-01-12,-0.00027761996958724155,EFA,"ARIMA(1,0,1)"
2015-01-13,-0.000301186632019471,EFA,"ARIMA(1,0,1)"
2015-01-14,-0.0002719836675102416,EFA,"ARIMA(1,0,1)"
2015-01-15,-0.0002958073834769258,EFA,"ARIMA(1,0,1)"
2015-01-16,-0.00034346095431611015,EFA,"ARIMA(1,0,1)"
2015-01-20,-0.00025553307937496885,EFA,"ARIMA(1,0,1)"
2015-01-21,-0.00021086250922980129,EFA,"ARIMA(1,0,1)"
2015-01-22,-0.0002177378265426442,EFA,"ARIMA(1,0,1)"
2015-01-23,-0.000477196577842883,EFA,"ARIMA(1,0,1)"
2015-01-26,-0.00033843291233257846,EFA,"ARIMA(1,0,1)"
2015-01-27,-0.0001896030368078434,EFA,"ARIMA(1,0,1)"
2015-01-28,-9.348947149364198e-05,EFA,"ARIMA(1,0,1)"
2015-01-29,-0.00010426124005041609,EFA,"ARIMA(1,0,1)"
2015-01-30,-5.6317645543878775e-06,EFA,"ARIMA(1,0,1)"
2015-02-02,0.00043618113879755006,EFA,"ARIMA(1,0,1)"
2015-02-03,-0.0004892925547591078,EFA,"ARIMA(1,0,1)"
2015-02-04,-0.0007411060133204895,EFA,"ARIMA(1,0,1)"
2015-02-05,9.801060496903192e-05,EFA,"ARIMA(1,0,1)"
2015-02-06,-0.0007392498319039089,EFA,"ARIMA(1,0,1)"
2015-02-09,0.0008695860288560504,EFA,"ARIMA(1,0,1)"
2015-02-10,0.0003675775819140933,EFA,"ARIMA(1,0,1)"
2015-02-11,-0.0006558112598143113,EFA,"ARIMA(1,0,1)"
2015-02-12,0.00029402376930836026,EFA,"ARIMA(1,0,1)"
2015-02-13,-0.0013700930530048964,EFA,"ARIMA(1,0,1)"
2015-02-17,-0.0005830986781927505,EFA,"ARIMA(1,0,1)"
2015-02-18,-0.00025476359200499974,EFA,"ARIMA(1,0,1)"
2015-02-19,-0.0005033804963542553,EFA,"ARIMA(1,0,1)"
2015-02-20,-0.00018657616022961634,EFA,"ARIMA(1,0,1)"
2015-02-23,-0.0006840457973834288,EFA,"ARIMA(1,0,1)"
2015-02-24,0.0001540909141485822,EFA,"ARIMA(1,0,1)"
2015-02-25,-0.00045160743684354205,EFA,"ARIMA(1,0,1)"
2015-02-26,-0.00012600404952950933,EFA,"ARIMA(1,0,1)"
2015-02-27,0.00019732114154748495,EFA,"ARIMA(1,0,1)"
2015-03-02,-1.4520628418550961e-05,EFA,"ARIMA(1,0,1)"
2015-03-03,-0.00010667166447109311,EFA,"ARIMA(1,0,1)"
2015-03-04,0.00028956420983619624,EFA,"ARIMA(1,0,1)"
2015-03-05,0.00023913112645319444,EFA,"ARIMA(1,0,1)"
2015-03-06,5.897222849209053e-05,EFA,"ARIMA(1,0,1)"
2015-03-09,-0.0003565531607425679,EFA,"ARIMA(1,0,1)"
2015-03-10,-0.00022152228243595265,EFA,"ARIMA(1,0,1)"
2015-03-11,-0.0003332522392437623,EFA,"ARIMA(1,0,1)"
2015-03-12,-3.430570044238674e-05,EFA,"ARIMA(1,0,1)"
2015-03-13,-0.0007925594664730566,EFA,"ARIMA(1,0,1)"
2015-03-16,0.0001550849121460789,EFA,"ARIMA(1,0,1)"
2015-03-17,-0.0007244525184647985,EFA,"ARIMA(1,0,1)"
2015-03-18,-0.00017252152954123586,EFA,"ARIMA(1,0,1)"
2015-03-19,-0.0017742678040262542,EFA,"ARIMA(1,0,1)"
2015-03-20,0.0008514076034862435,EFA,"ARIMA(1,0,1)"
2015-03-23,-0.002224732291675166,EFA,"ARIMA(1,0,1)"
2015-03-24,-0.00038161627466853183,EFA,"ARIMA(1,0,1)"
2015-03-25,0.00036033159476643367,EFA,"ARIMA(1,0,1)"
2015-03-26,0.0006361944737601561,EFA,"ARIMA(1,0,1)"
2015-03-27,0.0010620057300137725,EFA,"ARIMA(1,0,1)"
2015-03-30,-0.00015099656144917229,EFA,"ARIMA(1,0,1)"
2015-03-31,-4.532230930595368e-05,EFA,"ARIMA(1,0,1)"
2015-04-01,0.0016678545649038243,EFA,"ARIMA(1,0,1)"
2015-04-02,-0.0007680413435672642,EFA,"ARIMA(1,0,1)"
2015-04-06,-0.00106285924966887,EFA,"ARIMA(1,0,1)"
2015-04-07,-0.0010954100037603141,EFA,"ARIMA(1,0,1)"
2015-04-08,0.00014845933574575865,EFA,"ARIMA(1,0,1)"
2015-04-09,-0.00031619078428034937,EFA,"ARIMA(1,0,1)"
2015-04-10,-0.00010014027017959108,EFA,"ARIMA(1,0,1)"
2015-04-13,-0.00015418716303578089,EFA,"ARIMA(1,0,1)"
2015-04-14,0.0007196056562223796,EFA,"ARIMA(1,0,1)"
2015-04-15,-0.0005459908307136848,EFA,"ARIMA(1,0,1)"
2015-04-16,-0.0003697297761460688,EFA,"ARIMA(1,0,1)"
2015-04-17,-0.00012932690032384206,EFA,"ARIMA(1,0,1)"
2015-04-20,0.001368443728431031,EFA,"ARIMA(1,0,1)"
2015-04-21,-6.297461315880842e-05,EFA,"ARIMA(1,0,1)"
2015-04-22,-0.0008257492083504816,EFA,"ARIMA(1,0,1)"
2015-04-23,-0.00013170548033048494,EFA,"ARIMA(1,0,1)"
2015-04-24,-0.00027390441047464624,EFA,"ARIMA(1,0,1)"
2015-04-27,-0.00046338750833776733,EFA,"ARIMA(1,0,1)"
2015-04-28,-0.0003558964142872046,EFA,"ARIMA(1,0,1)"
2015-04-29,1.4274537339401347e-05,EFA,"ARIMA(1,0,1)"
2015-04-30,0.0009606623297193015,EFA,"ARIMA(1,0,1)"
2015-05-01,0.0010543889349946007,EFA,"ARIMA(1,0,1)"
2015-05-04,-0.0010387955133486645,EFA,"ARIMA(1,0,1)"
2015-05-05,0.00016895262516116756,EFA,"ARIMA(1,0,1)"
2015-05-06,0.0015026385030912897,EFA,"ARIMA(1,0,1)"
2015-05-07,-0.0001642019706510389,EFA,"ARIMA(1,0,1)"
2015-05-08,0.0003291880356864323,EFA,"ARIMA(1,0,1)"
2015-05-11,-0.002294076748979353,EFA,"ARIMA(1,0,1)"
2015-05-12,0.0013561094732744215,EFA,"ARIMA(1,0,1)"
2015-05-13,-3.7514247620649056e-05,EFA,"ARIMA(1,0,1)"
2015-05-14,-0.000763136381858049,EFA,"ARIMA(1,0,1)"
2015-05-15,-0.0010723049691239888,EFA,"ARIMA(1,0,1)"
2015-05-18,0.00013528343075013474,EFA,"ARIMA(1,0,1)"
2015-05-19,0.00046777973360110194,EFA,"ARIMA(1,0,1)"
2015-05-20,0.0004709059257030011,EFA,"ARIMA(1,0,1)"
2015-05-21,-8.125913160629387e-05,EFA,"ARIMA(1,0,1)"
2015-05-22,-0.00037132250442863373,EFA,"ARIMA(1,0,1)"
2015-05-26,0.0008444979091353607,EFA,"ARIMA(1,0,1)"
2015-05-27,0.0016795466986119386,EFA,"ARIMA(1,0,1)"
2015-05-28,-0.0012143326530676419,EFA,"ARIMA(1,0,1)"
2015-05-29,0.00038518495849873254,EFA,"ARIMA(1,0,1)"
2015-06-01,0.0009554388358770717,EFA,"ARIMA(1,0,1)"
2015-06-02,0.00015039152005491698,EFA,"ARIMA(1,0,1)"
2015-06-03,-0.0005267030551872273,EFA,"ARIMA(1,0,1)"
2015-06-04,-0.0005195667068888265,EFA,"ARIMA(1,0,1)"
2015-06-05,0.0011585892502311344,EFA,"ARIMA(1,0,1)"
2015-06-08,0.0009415001927013974,EFA,"ARIMA(1,0,1)"
2015-06-09,-0.00011597270148016312,EFA,"ARIMA(1,0,1)"
2015-06-10,0.0003594571983866166,EFA,"ARIMA(1,0,1)"
2015-06-11,-0.0022986514370415385,EFA,"ARIMA(1,0,1)"
2015-06-12,4.2169211254938207e-07,EFA,"ARIMA(1,0,1)"
2015-06-15,0.0007063512732033546,EFA,"ARIMA(1,0,1)"
2015-06-16,0.00034976675082439896,EFA,"ARIMA(1,0,1)"
2015-06-17,-0.00015446912088776374,EFA,"ARIMA(1,0,1)"
2015-06-18,0.00011443266826871979,EFA,"ARIMA(1,0,1)"
2015-06-19,-0.0010380481668165336,EFA,"ARIMA(1,0,1)"
2015-06-22,0.00024709802756762907,EFA,"ARIMA(1,0,1)"
2015-06-23,-0.0020637425287713678,EFA,"ARIMA(1,0,1)"
2015-06-24,4.137153702365224e-05,EFA,"ARIMA(1,0,1)"
2015-06-25,0.0008037593806824817,EFA,"ARIMA(1,0,1)"
2015-06-26,-0.0001442250344684418,EFA,"ARIMA(1,0,1)"
2015-06-29,1.0143232370357949e-05,EFA,"ARIMA(1,0,1)"
2015-06-30,0.002949229582291295,EFA,"ARIMA(1,0,1)"
2015-07-01,-0.00011554013944802718,EFA,"ARIMA(1,0,1)"
2015-07-02,-0.0008104779016531302,EFA,"ARIMA(1,0,1)"
2015-07-06,-0.00027898678021646647,EFA,"ARIMA(1,0,1)"
2015-07-07,0.0015900080238272659,EFA,"ARIMA(1,0,1)"
2015-07-08,-0.000386788404879324,EFA,"ARIMA(1,0,1)"
2015-07-09,0.0018637137337604891,EFA,"ARIMA(1,0,1)"
2015-07-10,-0.0026702367901133154,EFA,"ARIMA(1,0,1)"
2015-07-13,-0.002566663288260008,EFA,"ARIMA(1,0,1)"
2015-07-14,-0.00010560247814937175,EFA,"ARIMA(1,0,1)"
2015-07-15,-0.0006166168855635927,EFA,"ARIMA(1,0,1)"
2015-07-16,0.000213574561316915,EFA,"ARIMA(1,0,1)"
2015-07-17,-0.000636519160021249,EFA,"ARIMA(1,0,1)"
2015-07-20,0.0001315998794444779,EFA,"ARIMA(1,0,1)"
2015-07-21,-0.00022807903187191584,EFA,"ARIMA(1,0,1)"
2015-07-22,0.0001645845766719506,EFA,"ARIMA(1,0,1)"
2015-07-23,0.00036436807576848253,EFA,"ARIMA(1,0,1)"
2015-07-24,2.1096095581788106e-06,EFA,"ARIMA(1,0,1)"
2015-07-27,0.00048465660247428506,EFA,"ARIMA(1,0,1)"
2015-07-28,0.00020107852162815936,EFA,"ARIMA(1,0,1)"
2015-07-29,-0.0009196574257389831,EFA,"ARIMA(1,0,1)"
2015-07-30,-0.00027032337554242994,EFA,"ARIMA(1,0,1)"
2015-07-31,-3.691702062899718e-05,EFA,"ARIMA(1,0,1)"
2015-08-03,-0.00037076171938820287,EFA,"ARIMA(1,0,1)"
2015-08-04,0.00023175508505977877,EFA,"ARIMA(1,0,1)"
2015-08-05,-6.701481492826206e-05,EFA,"ARIMA(1,0,1)"
2015-08-06,-0.00024994178604582603,EFA,"ARIMA(1,0,1)"
2015-08-07,0.00036823551393952805,EFA,"ARIMA(1,0,1)"
2015-08-10,0.00017996766394867794,EFA,"ARIMA(1,0,1)"
2015-08-11,-0.0006806488189507993,EFA,"ARIMA(1,0,1)"
2015-08-12,0.0012653254471168053,EFA,"ARIMA(1,0,1)"
2015-08-13,0.0004303963747439442,EFA,"ARIMA(1,0,1)"
2015-08-14,2.522045861339595e-06,EFA,"ARIMA(1,0,1)"
2015-08-17,-0.00014250393426290235,EFA,"ARIMA(1,0,1)"
2015-08-18,9.96136193028446e-05,EFA,"ARIMA(1,0,1)"
2015-08-19,0.0004037404815491016,EFA,"ARIMA(1,0,1)"
2015-08-20,0.0003903687779290042,EFA,"ARIMA(1,0,1)"
2015-08-21,0.001028952884552838,EFA,"ARIMA(1,0,1)"
2015-08-24,0.0007235496289569995,EFA,"ARIMA(1,0,1)"
2015-08-25,-0.0004484259268844284,EFA,"ARIMA(1,0,1)"
2015-08-26,-7.547314279499995e-06,EFA,"ARIMA(1,0,1)"
2015-08-27,-0.0003446456341742277,EFA,"ARIMA(1,0,1)"
2015-08-28,-0.00012644119955987294,EFA,"ARIMA(1,0,1)"
2015-08-31,-0.00022482681359241622,EFA,"ARIMA(1,0,1)"
2015-09-01,-0.00035519552460547434,EFA,"ARIMA(1,0,1)"
2015-09-02,-0.0014197482809621908,EFA,"ARIMA(1,0,1)"
2015-09-03,-0.00025828530949539977,EFA,"ARIMA(1,0,1)"
2015-09-04,-0.0004295721019084737,EFA,"ARIMA(1,0,1)"
2015-09-08,-0.0006180409888019698,EFA,"ARIMA(1,0,1)"
2015-09-09,-0.0008235299590052983,EFA,"ARIMA(1,0,1)"
2015-09-10,-0.000326920105663665,EFA,"ARIMA(1,0,1)"
2015-09-11,-0.0005021133309082298,EFA,"ARIMA(1,0,1)"
2015-09-14,-0.0003309163352561854,EFA,"ARIMA(1,0,1)"
2015-09-15,-0.00018427213073571406,EFA,"ARIMA(1,0,1)"
2015-09-16,-0.00044443897857210113,EFA,"ARIMA(1,0,1)"
2015-09-17,-0.0005537743735936188,EFA,"ARIMA(1,0,1)"
2015-09-18,-0.00029780510195465224,EFA,"ARIMA(1,0,1)"
2015-09-21,0.00010264240734259722,EFA,"ARIMA(1,0,1)"
2015-09-22,-0.00041514868228446683,EFA,"ARIMA(1,0,1)"
2015-09-23,-8.067406062255394e-05,EFA,"ARIMA(1,0,1)"
2015-09-24,0.0006177609209827113,EFA,"ARIMA(1,0,1)"
2015-09-25,-0.0004492975759810051,EFA,"ARIMA(1,0,1)"
2015-09-28,0.00013788203303507736,EFA,"ARIMA(1,0,1)"
2015-09-29,-0.00018939967708289017,EFA,"ARIMA(1,0,1)"
2015-09-30,-0.0003408172826722679,EFA,"ARIMA(1,0,1)"
2015-10-01,-0.0006531148605226185,EFA,"ARIMA(1,0,1)"
2015-10-02,-0.00023401290953176752,EFA,"ARIMA(1,0,1)"
2015-10-05,-0.0003376342984729183,EFA,"ARIMA(1,0,1)"
2015-10-06,-9.593157068069302e-05,EFA,"ARIMA(1,0,1)"
2015-10-07,-0.00012247064173721904,EFA,"ARIMA(1,0,1)"
2015-10-08,0.00018295233826944786,EFA,"ARIMA(1,0,1)"
2015-10-09,0.000556514469253841,EFA,"ARIMA(1,0,1)"
2015-10-12,-0.0008769794354681667,EFA,"ARIMA(1,0,1)"
2015-10-13,-0.0006481401000395863,EFA,"ARIMA(1,0,1)"
2015-10-14,-3.6231491212792026e-05,EFA,"ARIMA(1,0,1)"
2015-10-15,9.013103248573475e-05,EFA,"ARIMA(1,0,1)"
2015-10-16,0.0005105113394695163,EFA,"ARIMA(1,0,1)"
2015-10-19,0.00021414927114394477,EFA,"ARIMA(1,0,1)"
2015-10-20,5.908560638854198e-05,EFA,"ARIMA(1,0,1)"
2015-10-21,-0.00027754369748188604,EFA,"ARIMA(1,0,1)"
2015-10-22,0.0005525798347401486,EFA,"ARIMA(1,0,1)"
2015-10-23,0.0001045826165869598,EFA,"ARIMA(1,0,1)"
2015-10-26,0.00022999966671830425,EFA,"ARIMA(1,0,1)"
2015-10-27,-0.00035866625227277553,EFA,"ARIMA(1,0,1)"
2015-10-28,0.000274796490202494,EFA,"ARIMA(1,0,1)"
2015-10-29,0.0003101383194908632,EFA,"ARIMA(1,0,1)"
2015-10-30,-0.000791320561237708,EFA,"ARIMA(1,0,1)"
2015-11-02,0.0001293042170233618,EFA,"ARIMA(1,0,1)"
2015-11-03,0.00013998685508334957,EFA,"ARIMA(1,0,1)"
2015-11-04,-0.00012981811024682217,EFA,"ARIMA(1,0,1)"
2015-11-05,-0.00011223774465649353,EFA,"ARIMA(1,0,1)"
2015-11-06,-1.328689850789682e-05,EFA,"ARIMA(1,0,1)"
2015-11-09,-0.00016691147677382414,EFA,"ARIMA(1,0,1)"
2015-11-10,-0.00033341474257452566,EFA,"ARIMA(1,0,1)"
2015-11-11,5.479282118013965e-05,EFA,"ARIMA(1,0,1)"
2015-11-12,2.6637432356683505e-05,EFA,"ARIMA(1,0,1)"
2015-11-13,-0.0006107702666797753,EFA,"ARIMA(1,0,1)"
2015-11-16,-0.0001330178629351664,EFA,"ARIMA(1,0,1)"
2015-11-17,0.0002416709892782107,EFA,"ARIMA(1,0,1)"
2015-11-18,-0.0002843284313654576,EFA,"ARIMA(1,0,1)"
2015-11-19,0.0003720602524084773,EFA,"ARIMA(1,0,1)"
2015-11-20,-5.661469244991724e-05,EFA,"ARIMA(1,0,1)"
2015-11-23,-0.00011710497522965171,EFA,"ARIMA(1,0,1)"
2015-11-24,-0.00031519846808997405,EFA,"ARIMA(1,0,1)"
2015-11-25,8.730264762394171e-06,EFA,"ARIMA(1,0,1)"
2015-11-27,-9.808871196740238e-05,EFA,"ARIMA(1,0,1)"
2015-11-30,-0.0001446586185314373,EFA,"ARIMA(1,0,1)"
2015-12-01,-0.00013671989950638994,EFA,"ARIMA(1,0,1)"
2015-12-02,0.0003783301867640306,EFA,"ARIMA(1,0,1)"
2015-12-03,-0.0007405853964533681,EFA,"ARIMA(1,0,1)"
2015-12-04,0.00010147199286820004,EFA,"ARIMA(1,0,1)"
2015-12-07,-1.1845595620264799e-05,EFA,"ARIMA(1,0,1)"
2015-12-08,-0.00012641456725483277,EFA,"ARIMA(1,0,1)"
2015-12-09,-0.0008461943173754051,EFA,"ARIMA(1,0,1)"
2015-12-10,-0.00016720464824577936,EFA,"ARIMA(1,0,1)"
2015-12-11,-0.00015374584837107857,EFA,"ARIMA(1,0,1)"
2015-12-14,-0.00016096263016112815,EFA,"ARIMA(1,0,1)"
2015-12-15,-7.861201422003528e-05,EFA,"ARIMA(1,0,1)"
2015-12-16,6.473840475900554e-06,EFA,"ARIMA(1,0,1)"
2015-12-17,0.0006216972505892461,EFA,"ARIMA(1,0,1)"
2015-12-18,-4.0010498852559614e-05,EFA,"ARIMA(1,0,1)"
2015-12-21,-0.00016531948544764287,EFA,"ARIMA(1,0,1)"
2015-12-22,-0.0001391918131752193,EFA,"ARIMA(1,0,1)"
2015-12-23,0.00018865973153317335,EFA,"ARIMA(1,0,1)"
2015-12-24,4.968529621301297e-05,EFA,"ARIMA(1,0,1)"
2015-12-28,-0.000140658682209248,EFA,"ARIMA(1,0,1)"
2015-12-29,-8.681761769284158e-05,EFA,"ARIMA(1,0,1)"
2015-12-30,0.00012918732697874097,EFA,"ARIMA(1,0,1)"
2015-12-31,-0.00010143905997051506,EFA,"ARIMA(1,0,1)"
2016-01-04,-5.274540266648629e-05,EFA,"ARIMA(1,0,1)"
2016-01-05,-0.00023983703849773583,EFA,"ARIMA(1,0,1)"
2016-01-06,8.257106057750607e-05,EFA,"ARIMA(1,0,1)"
2016-01-07,-1.94458258975288e-05,EFA,"ARIMA(1,0,1)"
2016-01-08,-0.0001455946952182217,EFA,"ARIMA(1,0,1)"
2016-01-11,-0.0006200574068009559,EFA,"ARIMA(1,0,1)"
2016-01-12,-0.00021131207395353843,EFA,"ARIMA(1,0,1)"
2016-01-13,-0.00018315269656433232,EFA,"ARIMA(1,0,1)"
2016-01-14,-0.0002652529829098015,EFA,"ARIMA(1,0,1)"
2016-01-15,8.233910625671823e-05,EFA,"ARIMA(1,0,1)"
2016-01-19,-0.0003747052220676049,EFA,"ARIMA(1,0,1)"
2016-01-20,-0.0006207111667278508,EFA,"ARIMA(1,0,1)"
2016-01-21,6.90717141786873e-06,EFA,"ARIMA(1,0,1)"
2016-01-22,-0.0009692909005636681,EFA,"ARIMA(1,0,1)"
2016-01-25,-0.000882353578759044,EFA,"ARIMA(1,0,1)"
2016-01-26,0.00011117399739173447,EFA,"ARIMA(1,0,1)"
2016-01-27,-0.0010532015480305835,EFA,"ARIMA(1,0,1)"
2016-01-28,-0.00021232043581966204,EFA,"ARIMA(1,0,1)"
2016-01-29,-0.00044170042238117393,EFA,"ARIMA(1,0,1)"
2016-02-01,-0.0007568465224140812,EFA,"ARIMA(1,0,1)"
2016-02-02,-0.0002041709335300749,EFA,"ARIMA(1,0,1)"
2016-02-03,-4.645215237308951e-05,EFA,"ARIMA(1,0,1)"
2016-02-04,-0.0005772520188817153,EFA,"ARIMA(1,0,1)"
2016-02-05,-0.0004351931832749258,EFA,"ARIMA(1,0,1)"
2016-02-08,-0.0002773106402655461,EFA,"ARIMA(1,0,1)"
2016-02-09,-0.00043375646704917645,EFA,"ARIMA(1,0,1)"
2016-02-10,-0.0005969189759643788,EFA,"ARIMA(1,0,1)"
2016-02-11,-0.0006374714652325815,EFA,"ARIMA(1,0,1)"
2016-02-12,-0.0006740183202343353,EFA,"ARIMA(1,0,1)"
2016-02-16,-0.0008386425192373253,EFA,"ARIMA(1,0,1)"
2016-02-17,-0.0006132532909060118,EFA,"ARIMA(1,0,1)"
2016-02-18,-0.0003400460550217426,EFA,"ARIMA(1,0,1)"
2016-02-19,-0.0007030709492016987,EFA,"ARIMA(1,0,1)"
2016-02-22,-0.0005159317021133289,EFA,"ARIMA(1,0,1)"
2016-02-23,-0.0007699525448816646,EFA,"ARIMA(1,0,1)"
2016-02-24,-0.0006516302829256043,EFA,"ARIMA(1,0,1)"
2016-02-25,-0.0006903988908719268,EFA,"ARIMA(1,0,1)"
2016-02-26,-0.0006460353600315646,EFA,"ARIMA(1,0,1)"
2016-02-29,-0.0006452549660162449,EFA,"ARIMA(1,0,1)"
2016-03-01,-0.0006706733599945001,EFA,"ARIMA(1,0,1)"
2016-03-02,-0.0005741389890526801,EFA,"ARIMA(1,0,1)"
2016-03-03,-0.0005228250363512714,EFA,"ARIMA(1,0,1)"
2016-03-04,-0.00046815073816861875,EFA,"ARIMA(1,0,1)"
2016-03-07,-0.00044838969074229116,EFA,"ARIMA(1,0,1)"
2016-03-08,-0.00040024462821275765,EFA,"ARIMA(1,0,1)"
2016-03-09,-0.00044417690829590427,EFA,"ARIMA(1,0,1)"
2016-03-10,-0.00034175651478535115,EFA,"ARIMA(1,0,1)"
2016-03-11,-0.00035814444044342416,EFA,"ARIMA(1,0,1)"
2016-03-14,-0.00030638173631012576,EFA,"ARIMA(1,0,1)"
2016-03-15,-0.0002907682001047683,EFA,"ARIMA(1,0,1)"
2016-03-16,-0.0003724212820724883,EFA,"ARIMA(1,0,1)"
2016-03-17,-0.0003275546867465992,EFA,"ARIMA(1,0,1)"
2016-03-18,0.0005652505869467305,EFA,"ARIMA(1,0,1)"
2016-03-21,-0.0013874305488440577,EFA,"ARIMA(1,0,1)"
2016-03-22,-0.0003750778564964458,EFA,"ARIMA(1,0,1)"
2016-03-23,-0.0005006571213265161,EFA,"ARIMA(1,0,1)"
2016-03-24,-0.0007809024226635376,EFA,"ARIMA(1,0,1)"
2016-03-28,-0.0006878772673872816,EFA,"ARIMA(1,0,1)"
2016-03-29,0.000638120097536646,EFA,"ARIMA(1,0,1)"
2016-03-30,-0.0007588550611930455,EFA,"ARIMA(1,0,1)"
2016-03-31,-0.00018409344745088301,EFA,"ARIMA(1,0,1)"
2016-04-01,-0.0015434073901613521,EFA,"ARIMA(1,0,1)"
2016-04-04,-0.00028494753869641047,EFA,"ARIMA(1,0,1)"
2016-04-05,-0.0006510936048311804,EFA,"ARIMA(1,0,1)"
2016-04-06,-0.0007762198103375778,EFA,"ARIMA(1,0,1)"
2016-04-07,0.00023215110573956944,EFA,"ARIMA(1,0,1)"
2016-04-08,-0.0005989130693799279,EFA,"ARIMA(1,0,1)"
2016-04-11,7.27302702145889e-05,EFA,"ARIMA(1,0,1)"
2016-04-12,-0.0009589728783339579,EFA,"ARIMA(1,0,1)"
2016-04-13,5.787026740384436e-05,EFA,"ARIMA(1,0,1)"
2016-04-14,-0.001090557590392054,EFA,"ARIMA(1,0,1)"
2016-04-15,0.00014149612828553748,EFA,"ARIMA(1,0,1)"
2016-04-18,-0.0006187734217909276,EFA,"ARIMA(1,0,1)"
2016-04-19,1.1377236102623858e-05,EFA,"ARIMA(1,0,1)"
2016-04-20,-0.00016472296428878615,EFA,"ARIMA(1,0,1)"
2016-04-21,-0.0004007507900460157,EFA,"ARIMA(1,0,1)"
2016-04-22,-0.0006484882847171364,EFA,"ARIMA(1,0,1)"
2016-04-25,7.952415840757751e-05,EFA,"ARIMA(1,0,1)"
2016-04-26,-0.0008254495405411209,EFA,"ARIMA(1,0,1)"
2016-04-27,-2.9001891747634247e-05,EFA,"ARIMA(1,0,1)"
2016-04-28,-0.0007915216045079557,EFA,"ARIMA(1,0,1)"
2016-04-29,-0.0005472332878493356,EFA,"ARIMA(1,0,1)"
2016-05-02,-0.0003600053152411592,EFA,"ARIMA(1,0,1)"
2016-05-03,-0.00023770162634898656,EFA,"ARIMA(1,0,1)"
2016-05-04,-0.0010282347219948973,EFA,"ARIMA(1,0,1)"
2016-05-05,-0.0007372676814097806,EFA,"ARIMA(1,0,1)"
2016-05-06,-0.002102912458505936,EFA,"ARIMA(1,0,1)"
2016-05-09,-0.00012080210610839045,EFA,"ARIMA(1,0,1)"
2016-05-10,-0.0007768607636190486,EFA,"ARIMA(1,0,1)"
2016-05-11,7.952601200151145e-05,EFA,"ARIMA(1,0,1)"
2016-05-12,-0.0013583668985331803,EFA,"ARIMA(1,0,1)"
2016-05-13,0.00020978037170333685,EFA,"ARIMA(1,0,1)"
2016-05-16,-0.00109610248527595,EFA,"ARIMA(1,0,1)"
2016-05-17,7.127801854636055e-05,EFA,"ARIMA(1,0,1)"
2016-05-18,-0.001038911608967082,EFA,"ARIMA(1,0,1)"
2016-05-19,-0.00033153536381861856,EFA,"ARIMA(1,0,1)"
2016-05-20,-0.000731124246199299,EFA,"ARIMA(1,0,1)"
2016-05-23,-0.00045362413577537284,EFA,"ARIMA(1,0,1)"
2016-05-24,-0.0006119869921164219,EFA,"ARIMA(1,0,1)"
2016-05-25,-0.0002103855193672287,EFA,"ARIMA(1,0,1)"
2016-05-26,-6.610670759622198e-05,EFA,"ARIMA(1,0,1)"
2016-05-27,-9.107405427534134e-05,EFA,"ARIMA(1,0,1)"
2016-05-31,-0.00019428673907337726,EFA,"ARIMA(1,0,1)"
2016-06-01,-0.0003408459855801846,EFA,"ARIMA(1,0,1)"
2016-06-02,-0.0004717206069592157,EFA,"ARIMA(1,0,1)"
2016-06-03,-0.00033120435112339694,EFA,"ARIMA(1,0,1)"
2016-06-06,-0.0002237807957005181,EFA,"ARIMA(1,0,1)"
2016-06-07,-0.0007632024203155932,EFA,"ARIMA(1,0,1)"
2016-06-08,-0.00048818575416142767,EFA,"ARIMA(1,0,1)"
2016-06-09,-0.001806797240487846,EFA,"ARIMA(1,0,1)"
2016-06-10,-0.0001309781110537547,EFA,"ARIMA(1,0,1)"
2016-06-13,-0.0015954663235633714,EFA,"ARIMA(1,0,1)"
2016-06-14,-0.0018397116840179952,EFA,"ARIMA(1,0,1)"
2016-06-15,-0.0016657258363044207,EFA,"ARIMA(1,0,1)"
2016-06-16,-0.0010581750284721775,EFA,"ARIMA(1,0,1)"
2016-06-17,-0.0005143666831960615,EFA,"ARIMA(1,0,1)"
2016-06-20,-9.226519973909843e-05,EFA,"ARIMA(1,0,1)"
2016-06-21,0.0007793750265370153,EFA,"ARIMA(1,0,1)"
2016-06-22,0.0009049393113747886,EFA,"ARIMA(1,0,1)"
2016-06-23,0.00013376803981657146,EFA,"ARIMA(1,0,1)"
2016-06-24,0.0018374941307666946,EFA,"ARIMA(1,0,1)"
2016-06-27,0.00023359998516335652,EFA,"ARIMA(1,0,1)"
2016-06-28,0.000551431911328119,EFA,"ARIMA(1,0,1)"
2016-06-29,-3.5902840744237124e-05,EFA,"ARIMA(1,0,1)"
2016-06-30,-4.120695526218707e-05,EFA,"ARIMA(1,0,1)"
2016-07-01,5.368547013067407e-05,EFA,"ARIMA(1,0,1)"
2016-07-05,-0.0005792389100364551,EFA,"ARIMA(1,0,1)"
2016-07-06,-0.001304974920087484,EFA,"ARIMA(1,0,1)"
2016-07-07,-0.000437999471525876,EFA,"ARIMA(1,0,1)"
2016-07-08,-0.0004985032416798378,EFA,"ARIMA(1,0,1)"
2016-07-11,0.0001378068647105468,EFA,"ARIMA(1,0,1)"
2016-07-12,6.392216593636621e-05,EFA,"ARIMA(1,0,1)"
2016-07-13,0.0001120578505001892,EFA,"ARIMA(1,0,1)"
2016-07-14,-0.0005259918515821983,EFA,"ARIMA(1,0,1)"
2016-07-15,2.013734680223286e-05,EFA,"ARIMA(1,0,1)"
2016-07-18,-0.0006866490920269196,EFA,"ARIMA(1,0,1)"
2016-07-19,-0.00026983887719658257,EFA,"ARIMA(1,0,1)"
2016-07-20,-0.0007748777236070139,EFA,"ARIMA(1,0,1)"
2016-07-21,-3.0380006711042574e-05,EFA,"ARIMA(1,0,1)"
2016-07-22,-0.0005426310725125576,EFA,"ARIMA(1,0,1)"
2016-07-25,-0.0003025317683989577,EFA,"ARIMA(1,0,1)"
2016-07-26,-0.0003777306315402968,EFA,"ARIMA(1,0,1)"
2016-07-27,-0.00013397314552035633,EFA,"ARIMA(1,0,1)"
2016-07-28,-0.00019239119155323376,EFA,"ARIMA(1,0,1)"
2016-07-29,-0.0003784308860599006,EFA,"ARIMA(1,0,1)"
2016-08-01,0.00013900248565882424,EFA,"ARIMA(1,0,1)"
2016-08-02,-0.0005580239048633139,EFA,"ARIMA(1,0,1)"
2016-08-03,-0.0005234072292601991,EFA,"ARIMA(1,0,1)"
2016-08-04,-0.0004852856536141638,EFA,"ARIMA(1,0,1)"
2016-08-05,-0.00016424678679498978,EFA,"ARIMA(1,0,1)"
2016-08-08,-0.00013680404802780753,EFA,"ARIMA(1,0,1)"
2016-08-09,-0.00022505989371302711,EFA,"ARIMA(1,0,1)"
2016-08-10,-1.8867117900455072e-05,EFA,"ARIMA(1,0,1)"
2016-08-11,-0.00012382079561680949,EFA,"ARIMA(1,0,1)"
2016-08-12,8.524391170914981e-05,EFA,"ARIMA(1,0,1)"
2016-08-15,-0.00031115740989476044,EFA,"ARIMA(1,0,1)"
2016-08-16,-4.652400074661942e-05,EFA,"ARIMA(1,0,1)"
2016-08-17,-0.00026073035800729897,EFA,"ARIMA(1,0,1)"
2016-08-18,-0.00018330126016253645,EFA,"ARIMA(1,0,1)"
2016-08-19,-0.00011967997704525853,EFA,"ARIMA(1,0,1)"
2016-08-22,0.00015849453849032478,EFA,"ARIMA(1,0,1)"
2016-08-23,-0.0008652882273016838,EFA,"ARIMA(1,0,1)"
2016-08-24,0.0001406136851655902,EFA,"ARIMA(1,0,1)"
2016-08-25,0.00014976089562369516,EFA,"ARIMA(1,0,1)"
2016-08-26,3.882889754278353e-05,EFA,"ARIMA(1,0,1)"
2016-08-29,5.8219212900652145e-05,EFA,"ARIMA(1,0,1)"
2016-08-30,-0.0017230720892560778,EFA,"ARIMA(1,0,1)"
2016-08-31,1.0121789834914633e-05,EFA,"ARIMA(1,0,1)"
2016-09-01,0.00013925977227380437,EFA,"ARIMA(1,0,1)"
2016-09-02,0.00010816129965832288,EFA,"ARIMA(1,0,1)"
2016-09-06,5.506954791540967e-05,EFA,"ARIMA(1,0,1)"
2016-09-07,0.00044634176315280815,EFA,"ARIMA(1,0,1)"
2016-09-08,0.00018865291736563873,EFA,"ARIMA(1,0,1)"
2016-09-09,8.207898443110778e-05,EFA,"ARIMA(1,0,1)"
2016-09-12,-0.0005738710352417298,EFA,"ARIMA(1,0,1)"
2016-09-13,0.00010570870015495911,EFA,"ARIMA(1,0,1)"
2016-09-14,-0.00035439773786487933,EFA,"ARIMA(1,0,1)"
2016-09-15,0.0008749840492170554,EFA,"ARIMA(1,0,1)"
2016-09-16,0.0001426865714220803,EFA,"ARIMA(1,0,1)"
2016-09-19,2.6466208692415915e-05,EFA,"ARIMA(1,0,1)"
2016-09-20,6.135265027966508e-05,EFA,"ARIMA(1,0,1)"
2016-09-21,-5.197200303829555e-05,EFA,"ARIMA(1,0,1)"
2016-09-22,-0.00017196426382462185,EFA,"ARIMA(1,0,1)"
2016-09-23,0.0004668456414933401,EFA,"ARIMA(1,0,1)"
2016-09-26,0.00014572941202666695,EFA,"ARIMA(1,0,1)"
2016-09-27,-0.0007505192907736668,EFA,"ARIMA(1,0,1)"
2016-09-28,0.000326143611838489,EFA,"ARIMA(1,0,1)"
2016-09-29,0.0004844263310505592,EFA,"ARIMA(1,0,1)"
2016-09-30,0.00028977969890367505,EFA,"ARIMA(1,0,1)"
2016-10-03,0.00022338765889152602,EFA,"ARIMA(1,0,1)"
2016-10-04,0.0001452386800170154,EFA,"ARIMA(1,0,1)"
2016-10-05,6.762905869282852e-05,EFA,"ARIMA(1,0,1)"
2016-10-06,7.907403719035852e-05,EFA,"ARIMA(1,0,1)"
2016-10-07,8.020068218328574e-06,EFA,"ARIMA(1,0,1)"
2016-10-10,-4.356744492893245e-05,EFA,"ARIMA(1,0,1)"
2016-10-11,-3.9295591033541724e-05,EFA,"ARIMA(1,0,1)"
2016-10-12,-8.790825706074246e-05,EFA,"ARIMA(1,0,1)"
2016-10-13,-4.6236822201301206e-05,EFA,"ARIMA(1,0,1)"
2016-10-14,-6.948801416990785e-05,EFA,"ARIMA(1,0,1)"
2016-10-17,-0.00013025713595012827,EFA,"ARIMA(1,0,1)"
2016-10-18,-0.00013820640416575914,EFA,"ARIMA(1,0,1)"
2016-10-19,-8.547638660893079e-05,EFA,"ARIMA(1,0,1)"
2016-10-20,-5.8255470761806236e-05,EFA,"ARIMA(1,0,1)"
2016-10-21,-5.025415598346293e-05,EFA,"ARIMA(1,0,1)"
2016-10-24,-0.00010318268961097473,EFA,"ARIMA(1,0,1)"
2016-10-25,-0.00014301348671271152,EFA,"ARIMA(1,0,1)"
2016-10-26,-0.00013102434077660985,EFA,"ARIMA(1,0,1)"
2016-10-27,-0.00011398309952272555,EFA,"ARIMA(1,0,1)"
2016-10-28,-0.0001446608290508199,EFA,"ARIMA(1,0,1)"
2016-10-31,-0.00011712285907030913,EFA,"ARIMA(1,0,1)"
2016-11-01,-0.00010656946820906317,EFA,"ARIMA(1,0,1)"
2016-11-02,-0.00016152282529032782,EFA,"ARIMA(1,0,1)"
2016-11-03,-0.00018687012494431746,EFA,"ARIMA(1,0,1)"
2016-11-04,-0.00017052419435748407,EFA,"ARIMA(1,0,1)"
2016-11-07,-0.00020037285839124243,EFA,"ARIMA(1,0,1)"
2016-11-08,-0.0001292855350732483,EFA,"ARIMA(1,0,1)"
2016-11-09,-7.538119899108555e-05,EFA,"ARIMA(1,0,1)"
2016-11-10,-6.845400726092199e-05,EFA,"ARIMA(1,0,1)"
2016-11-11,-0.00010083705810219895,EFA,"ARIMA(1,0,1)"
2016-11-14,-7.448726944512053e-05,EFA,"ARIMA(1,0,1)"
2016-11-15,-6.27555913655998e-05,EFA,"ARIMA(1,0,1)"
2016-11-16,-9.374684580491927e-05,EFA,"ARIMA(1,0,1)"
2016-11-17,-0.0001462675993674929,EFA,"ARIMA(1,0,1)"
2016-11-18,-0.00015253862988000576,EFA,"ARIMA(1,0,1)"
2016-11-21,-0.0002165426928555905,EFA,"ARIMA(1,0,1)"
2016-11-22,-0.00017384708744939663,EFA,"ARIMA(1,0,1)"
2016-11-23,-0.00013923545013263739,EFA,"ARIMA(1,0,1)"
2016-11-25,-0.00015355941688116002,EFA,"ARIMA(1,0,1)"
2016-11-28,-0.00015041298113035537,EFA,"ARIMA(1,0,1)"
2016-11-29,-0.00017206975311548863,EFA,"ARIMA(1,0,1)"
2016-11-30,-0.0001437895824691155,EFA,"ARIMA(1,0,1)"
2016-12-01,-0.0001894607602482185,EFA,"ARIMA(1,0,1)"
2016-12-02,-0.00013923571186998243,EFA,"ARIMA(1,0,1)"
2016-12-05,-0.00016041694212782538,EFA,"ARIMA(1,0,1)"
2016-12-06,-0.00022648336308923138,EFA,"ARIMA(1,0,1)"
2016-12-07,-9.143274372050101e-05,EFA,"ARIMA(1,0,1)"
2016-12-08,4.299892227299528e-05,EFA,"ARIMA(1,0,1)"
2016-12-09,5.626676501693143e-05,EFA,"ARIMA(1,0,1)"
2016-12-12,7.362858973013814e-05,EFA,"ARIMA(1,0,1)"
2016-12-13,0.0001313051761878643,EFA,"ARIMA(1,0,1)"
2016-12-14,0.00016844876781586194,EFA,"ARIMA(1,0,1)"
2016-12-15,9.012161335073605e-05,EFA,"ARIMA(1,0,1)"
2016-12-16,2.5024819068671423e-06,EFA,"ARIMA(1,0,1)"
2016-12-19,5.35406678519589e-05,EFA,"ARIMA(1,0,1)"
2016-12-20,9.195612755776815e-05,EFA,"ARIMA(1,0,1)"
2016-12-21,8.582145962745669e-05,EFA,"ARIMA(1,0,1)"
2016-12-22,5.8437084724310754e-05,EFA,"ARIMA(1,0,1)"
2016-12-23,-1.6309901382054015e-05,EFA,"ARIMA(1,0,1)"
2016-12-27,4.386180700978191e-07,EFA,"ARIMA(1,0,1)"
2016-12-28,3.7113617651290356e-06,EFA,"ARIMA(1,0,1)"
2016-12-29,-5.0403433595633605e-05,EFA,"ARIMA(1,0,1)"
2016-12-30,-1.625475137196947e-05,EFA,"ARIMA(1,0,1)"
2017-01-03,5.1493954647160696e-05,EFA,"ARIMA(1,0,1)"
2017-01-04,0.00013739635580869414,EFA,"ARIMA(1,0,1)"
2017-01-05,4.8033479225142105e-05,EFA,"ARIMA(1,0,1)"
2017-01-06,0.00017472606341317856,EFA,"ARIMA(1,0,1)"
2017-01-09,0.0005640255140288871,EFA,"ARIMA(1,0,1)"
2017-01-10,0.00033525881324903675,EFA,"ARIMA(1,0,1)"
2017-01-11,0.00026249632158355425,EFA,"ARIMA(1,0,1)"
2017-01-12,0.00030995227190732896,EFA,"ARIMA(1,0,1)"
2017-01-13,0.00045076125744094334,EFA,"ARIMA(1,0,1)"
2017-01-17,0.0004169988010686564,EFA,"ARIMA(1,0,1)"
2017-01-18,0.0005488386735522038,EFA,"ARIMA(1,0,1)"
2017-01-19,0.000501107906973612,EFA,"ARIMA(1,0,1)"
2017-01-20,0.0005821478250091019,EFA,"ARIMA(1,0,1)"
2017-01-23,0.0005755825987147549,EFA,"ARIMA(1,0,1)"
2017-01-24,0.0004714758319431544,EFA,"ARIMA(1,0,1)"
2017-01-25,-0.000804335555163558,EFA,"ARIMA(1,0,1)"
2017-01-26,0.0005057425276276257,EFA,"ARIMA(1,0,1)"
2017-01-27,0.0005153288127213222,EFA,"ARIMA(1,0,1)"
2017-01-30,0.0004970684402953103,EFA,"ARIMA(1,0,1)"
2017-01-31,0.0003989080060651142,EFA,"ARIMA(1,0,1)"
2017-02-01,-0.00018554562872408453,EFA,"ARIMA(1,0,1)"
2017-02-02,0.0005186255696577274,EFA,"ARIMA(1,0,1)"
2017-02-03,0.0006373366601550365,EFA,"ARIMA(1,0,1)"
2017-02-06,0.0004987097457066681,EFA,"ARIMA(1,0,1)"
2017-02-07,0.0005318265920678748,EFA,"ARIMA(1,0,1)"
2017-02-08,0.0006022743306468549,EFA,"ARIMA(1,0,1)"
2017-02-09,0.0006545958334121171,EFA,"ARIMA(1,0,1)"
2017-02-10,0.0006750634045443574,EFA,"ARIMA(1,0,1)"
2017-02-13,0.0007432061077089,EFA,"ARIMA(1,0,1)"
2017-02-14,0.0006905971374197537,EFA,"ARIMA(1,0,1)"
2017-02-15,0.000604918589992769,EFA,"ARIMA(1,0,1)"
2017-02-16,0.0005522133036228789,EFA,"ARIMA(1,0,1)"
2017-02-17,0.0005818925352433029,EFA,"ARIMA(1,0,1)"
2017-02-21,0.0005758866466104826,EFA,"ARIMA(1,0,1)"
2017-02-22,0.0005443111690694546,EFA,"ARIMA(1,0,1)"
2017-02-23,0.0006084401338417685,EFA,"ARIMA(1,0,1)"
2017-02-24,0.0006315223496405087,EFA,"ARIMA(1,0,1)"
2017-02-27,0.0005559314924451568,EFA,"ARIMA(1,0,1)"
2017-02-28,0.0005690997118257524,EFA,"ARIMA(1,0,1)"
2017-03-01,0.0005867797142599515,EFA,"ARIMA(1,0,1)"
2017-03-02,0.0005255756077391379,EFA,"ARIMA(1,0,1)"
2017-03-03,0.00047227044575006376,EFA,"ARIMA(1,0,1)"
2017-03-06,0.0004572451328875116,EFA,"ARIMA(1,0,1)"
2017-03-07,0.0004158331216778653,EFA,"ARIMA(1,0,1)"
2017-03-08,0.0004060471676091043,EFA,"ARIMA(1,0,1)"
2017-03-09,0.0004305589951296563,EFA,"ARIMA(1,0,1)"
2017-03-10,0.0004307423084310251,EFA,"ARIMA(1,0,1)"
2017-03-13,0.000470423297202752,EFA,"ARIMA(1,0,1)"
2017-03-14,0.00038959105336435526,EFA,"ARIMA(1,0,1)"
2017-03-15,0.00036730145601565845,EFA,"ARIMA(1,0,1)"
2017-03-16,0.0004615079572827611,EFA,"ARIMA(1,0,1)"
2017-03-17,0.00044717257805225056,EFA,"ARIMA(1,0,1)"
2017-03-20,0.0004260769175655173,EFA,"ARIMA(1,0,1)"
2017-03-21,0.00042296697914881724,EFA,"ARIMA(1,0,1)"
2017-03-22,0.0004123723073927863,EFA,"ARIMA(1,0,1)"
2017-03-23,0.00042022290246373844,EFA,"ARIMA(1,0,1)"
2017-03-24,0.00046943986798008786,EFA,"ARIMA(1,0,1)"
2017-03-27,0.0005058574174383476,EFA,"ARIMA(1,0,1)"
2017-03-28,0.0004922125135313264,EFA,"ARIMA(1,0,1)"
2017-03-29,0.0004699992569405007,EFA,"ARIMA(1,0,1)"
2017-03-30,0.0004403492368107358,EFA,"ARIMA(1,0,1)"
2017-03-31,0.0004657614497591695,EFA,"ARIMA(1,0,1)"
2017-04-03,0.000501496642715843,EFA,"ARIMA(1,0,1)"
2017-04-04,0.0005041867903901867,EFA,"ARIMA(1,0,1)"
2017-04-05,0.0005826220267955664,EFA,"ARIMA(1,0,1)"
2017-04-06,0.0004976986002986294,EFA,"ARIMA(1,0,1)"
2017-04-07,0.000556646116280653,EFA,"ARIMA(1,0,1)"
2017-04-10,0.00047876085543533374,EFA,"ARIMA(1,0,1)"
2017-04-11,0.0004722368509728954,EFA,"ARIMA(1,0,1)"
2017-04-12,0.00043218842755091233,EFA,"ARIMA(1,0,1)"
2017-04-13,0.00036655608134532656,EFA,"ARIMA(1,0,1)"
2017-04-17,0.0003279172228048006,EFA,"ARIMA(1,0,1)"
2017-04-18,0.0003612416044685613,EFA,"ARIMA(1,0,1)"
2017-04-19,0.0003093508767667727,EFA,"ARIMA(1,0,1)"
2017-04-20,0.0002240019135649344,EFA,"ARIMA(1,0,1)"
2017-04-21,0.00025199053496838595,EFA,"ARIMA(1,0,1)"
2017-04-24,0.0002823090665820139,EFA,"ARIMA(1,0,1)"
2017-04-25,0.00037690036709315486,EFA,"ARIMA(1,0,1)"
2017-04-26,0.000424484215625306,EFA,"ARIMA(1,0,1)"
2017-04-27,0.00039968310368614194,EFA,"ARIMA(1,0,1)"
2017-04-28,0.0004002906194957497,EFA,"ARIMA(1,0,1)"
2017-05-01,0.00045092792314005485,EFA,"ARIMA(1,0,1)"
2017-05-02,0.00048402779652071884,EFA,"ARIMA(1,0,1)"
2017-05-03,0.00046724470876851465,EFA,"ARIMA(1,0,1)"
2017-05-04,0.0005248291632502025,EFA,"ARIMA(1,0,1)"
2017-05-05,0.0006084748251764443,EFA,"ARIMA(1,0,1)"
2017-05-08,0.0006606073636118173,EFA,"ARIMA(1,0,1)"
2017-05-09,0.0006197859537124813,EFA,"ARIMA(1,0,1)"
2017-05-10,0.0006183520480746502,EFA,"ARIMA(1,0,1)"
2017-05-11,0.0005679443836658929,EFA,"ARIMA(1,0,1)"
2017-05-12,0.000592471251513402,EFA,"ARIMA(1,0,1)"
2017-05-15,0.0006156790311936874,EFA,"ARIMA(1,0,1)"
2017-05-16,0.0006751279809838625,EFA,"ARIMA(1,0,1)"
2017-05-17,0.0006556609818881013,EFA,"ARIMA(1,0,1)"
2017-05-18,0.0006394025661965047,EFA,"ARIMA(1,0,1)"
2017-05-19,0.0006434932199028609,EFA,"ARIMA(1,0,1)"
2017-05-22,0.0007182419327375327,EFA,"ARIMA(1,0,1)"
2017-05-23,0.0006895890970342693,EFA,"ARIMA(1,0,1)"
2017-05-24,0.0007034216325169109,EFA,"ARIMA(1,0,1)"
2017-05-25,0.0006486014657765171,EFA,"ARIMA(1,0,1)"
2017-05-26,0.0006076817770421371,EFA,"ARIMA(1,0,1)"
2017-05-30,0.0005858758427487162,EFA,"ARIMA(1,0,1)"
2017-05-31,0.0005859320760139322,EFA,"ARIMA(1,0,1)"
2017-06-01,0.0006097338269189778,EFA,"ARIMA(1,0,1)"
2017-06-02,0.000639004257047659,EFA,"ARIMA(1,0,1)"
2017-06-05,0.0009870422399042538,EFA,"ARIMA(1,0,1)"
2017-06-06,0.0006342166168387284,EFA,"ARIMA(1,0,1)"
2017-06-07,0.0005995309410679735,EFA,"ARIMA(1,0,1)"
2017-06-08,0.0005715932617660076,EFA,"ARIMA(1,0,1)"
2017-06-09,0.0005573111524925948,EFA,"ARIMA(1,0,1)"
2017-06-12,0.0005914941422811096,EFA,"ARIMA(1,0,1)"
2017-06-13,0.0006928022585887202,EFA,"ARIMA(1,0,1)"
2017-06-14,0.0007820751683524792,EFA,"ARIMA(1,0,1)"
2017-06-15,0.0008422982068499734,EFA,"ARIMA(1,0,1)"
2017-06-16,0.0007745472318173428,EFA,"ARIMA(1,0,1)"
2017-06-19,0.0007995509298131294,EFA,"ARIMA(1,0,1)"
2017-06-20,0.0007769724730482414,EFA,"ARIMA(1,0,1)"
2017-06-21,0.0011101550291861358,EFA,"ARIMA(1,0,1)"
2017-06-22,0.000718350688161856,EFA,"ARIMA(1,0,1)"
2017-06-23,0.002047677193985496,EFA,"ARIMA(1,0,1)"
2017-06-26,0.0007633282006905098,EFA,"ARIMA(1,0,1)"
2017-06-27,0.0008582874481756616,EFA,"ARIMA(1,0,1)"
2017-06-28,0.000953268864376675,EFA,"ARIMA(1,0,1)"
2017-06-29,0.0008850530048470905,EFA,"ARIMA(1,0,1)"
2017-06-30,0.0007740425241488651,EFA,"ARIMA(1,0,1)"
2017-07-03,0.0007169215442534153,EFA,"ARIMA(1,0,1)"
2017-07-05,0.000890567454287366,EFA,"ARIMA(1,0,1)"
2017-07-06,0.00020570830886306195,EFA,"ARIMA(1,0,1)"
2017-07-07,0.0019308272796145138,EFA,"ARIMA(1,0,1)"
2017-07-10,0.0005419173441659039,EFA,"ARIMA(1,0,1)"
2017-07-11,0.000686623262683348,EFA,"ARIMA(1,0,1)"
2017-07-12,0.0005782763337572931,EFA,"ARIMA(1,0,1)"
2017-07-13,7.327960024867855e-05,EFA,"ARIMA(1,0,1)"
2017-07-14,0.0007736325228497086,EFA,"ARIMA(1,0,1)"
2017-07-17,0.0001255977787000353,EFA,"ARIMA(1,0,1)"
2017-07-18,0.0011348689104799638,EFA,"ARIMA(1,0,1)"
2017-07-19,0.0004968199043877133,EFA,"ARIMA(1,0,1)"
2017-07-20,0.0005459379568034643,EFA,"ARIMA(1,0,1)"
2017-07-21,0.0005564705108561503,EFA,"ARIMA(1,0,1)"
2017-07-24,0.0011347950230855598,EFA,"ARIMA(1,0,1)"
2017-07-25,0.0007922993312014296,EFA,"ARIMA(1,0,1)"
2017-07-26,0.0006324863671995724,EFA,"ARIMA(1,0,1)"
2017-07-27,0.0003579812218957839,EFA,"ARIMA(1,0,1)"
2017-07-28,0.001005188382435229,EFA,"ARIMA(1,0,1)"
2017-07-31,0.000490949989167443,EFA,"ARIMA(1,0,1)"
2017-08-01,0.000629192556815159,EFA,"ARIMA(1,0,1)"
2017-08-02,0.00039003497996016427,EFA,"ARIMA(1,0,1)"
2017-08-03,0.0009031606197221103,EFA,"ARIMA(1,0,1)"
2017-08-04,0.0007027508481124031,EFA,"ARIMA(1,0,1)"
2017-08-07,0.0007077736803166234,EFA,"ARIMA(1,0,1)"
2017-08-08,0.0007527030847542023,EFA,"ARIMA(1,0,1)"
2017-08-09,0.0011624200149561526,EFA,"ARIMA(1,0,1)"
2017-08-10,0.0006972841778499132,EFA,"ARIMA(1,0,1)"
2017-08-11,0.0016327793387178329,EFA,"ARIMA(1,0,1)"
2017-08-14,0.0002639017772029269,EFA,"ARIMA(1,0,1)"
2017-08-15,0.00018279216319277232,EFA,"ARIMA(1,0,1)"
2017-08-16,0.0007837340646897908,EFA,"ARIMA(1,0,1)"
2017-08-17,0.00018869742554536093,EFA,"ARIMA(1,0,1)"
2017-08-18,0.0015736629475742551,EFA,"ARIMA(1,0,1)"
2017-08-21,-0.00011057620589635794,EFA,"ARIMA(1,0,1)"
2017-08-22,0.0009592366742333003,EFA,"ARIMA(1,0,1)"
2017-08-23,1.4720093196553415e-05,EFA,"ARIMA(1,0,1)"
2017-08-24,0.0008689259998214335,EFA,"ARIMA(1,0,1)"
2017-08-25,0.0006607837394914724,EFA,"ARIMA(1,0,1)"
2017-08-28,0.00015573242356928957,EFA,"ARIMA(1,0,1)"
2017-08-29,0.000890308715464342,EFA,"ARIMA(1,0,1)"
2017-08-30,0.0008460492021908565,EFA,"ARIMA(1,0,1)"
2017-08-31,0.0006478173420149254,EFA,"ARIMA(1,0,1)"
2017-09-01,-1.7990087076384252e-05,EFA,"ARIMA(1,0,1)"
2017-09-05,0.0007367370780976793,EFA,"ARIMA(1,0,1)"
2017-09-06,0.0012049996674559573,EFA,"ARIMA(1,0,1)"
2017-09-07,-0.00016244456100198226,EFA,"ARIMA(1,0,1)"
2017-09-08,-6.3868209406463435e-06,EFA,"ARIMA(1,0,1)"
2017-09-11,0.0004108778727810868,EFA,"ARIMA(1,0,1)"
2017-09-12,-1.8712591436124515e-05,EFA,"ARIMA(1,0,1)"
2017-09-13,0.00038456632694331994,EFA,"ARIMA(1,0,1)"
2017-09-14,0.0010425588486135053,EFA,"ARIMA(1,0,1)"
2017-09-15,0.0007759134479849434,EFA,"ARIMA(1,0,1)"
2017-09-18,0.0007236133442311566,EFA,"ARIMA(1,0,1)"
2017-09-19,0.0007362205140735513,EFA,"ARIMA(1,0,1)"
2017-09-20,0.0003510972649041689,EFA,"ARIMA(1,0,1)"
2017-09-21,0.0009170435831936212,EFA,"ARIMA(1,0,1)"
2017-09-22,0.0009359286444342547,EFA,"ARIMA(1,0,1)"
2017-09-25,0.0003971464130120353,EFA,"ARIMA(1,0,1)"
2017-09-26,0.0013286085230242856,EFA,"ARIMA(1,0,1)"
2017-09-27,0.000758158284875255,EFA,"ARIMA(1,0,1)"
2017-09-28,0.000634963322117903,EFA,"ARIMA(1,0,1)"
2017-09-29,0.0005072201262436309,EFA,"ARIMA(1,0,1)"
2017-10-02,0.00038841967446877443,EFA,"ARIMA(1,0,1)"
2017-10-03,0.0008911910689274759,EFA,"ARIMA(1,0,1)"
2017-10-04,0.00045022562877760134,EFA,"ARIMA(1,0,1)"
2017-10-05,0.0010109927700178455,EFA,"ARIMA(1,0,1)"
2017-10-06,0.000649897817319131,EFA,"ARIMA(1,0,1)"
2017-10-09,0.0007951357662889064,EFA,"ARIMA(1,0,1)"
2017-10-10,0.000722070260638052,EFA,"ARIMA(1,0,1)"
2017-10-11,4.059317870521036e-05,EFA,"ARIMA(1,0,1)"
2017-10-12,0.0006544663025099256,EFA,"ARIMA(1,0,1)"
2017-10-13,0.0009283999326765955,EFA,"ARIMA(1,0,1)"
2017-10-16,0.0005403738191577908,EFA,"ARIMA(1,0,1)"
2017-10-17,0.0009290142910339232,EFA,"ARIMA(1,0,1)"
2017-10-18,0.0011262469694543948,EFA,"ARIMA(1,0,1)"
2017-10-19,0.0006965603321013195,EFA,"ARIMA(1,0,1)"
2017-10-20,0.0009734950234879404,EFA,"ARIMA(1,0,1)"
2017-10-23,0.000982692818735675,EFA,"ARIMA(1,0,1)"
2017-10-24,0.0010558134442414174,EFA,"ARIMA(1,0,1)"
2017-10-25,0.000777203604505447,EFA,"ARIMA(1,0,1)"
2017-10-26,0.0011711618753521003,EFA,"ARIMA(1,0,1)"
2017-10-27,0.0009368255093073874,EFA,"ARIMA(1,0,1)"
2017-10-30,0.0007172132478103006,EFA,"ARIMA(1,0,1)"
2017-10-31,0.0006727593984834354,EFA,"ARIMA(1,0,1)"
2017-11-01,0.0005025141618246968,EFA,"ARIMA(1,0,1)"
2017-11-02,0.0007126397811301863,EFA,"ARIMA(1,0,1)"
2017-11-03,0.0007039073291837916,EFA,"ARIMA(1,0,1)"
2017-11-06,0.0010284334666337217,EFA,"ARIMA(1,0,1)"
2017-11-07,0.0009402220917503919,EFA,"ARIMA(1,0,1)"
2017-11-08,0.001250452644621787,EFA,"ARIMA(1,0,1)"
2017-11-09,0.0007572115431632951,EFA,"ARIMA(1,0,1)"
2017-11-10,0.0014651475041958404,EFA,"ARIMA(1,0,1)"
2017-11-13,0.0012793707562600346,EFA,"ARIMA(1,0,1)"
2017-11-14,0.001357142774684583,EFA,"ARIMA(1,0,1)"
2017-11-15,0.0011337341517155025,EFA,"ARIMA(1,0,1)"
2017-11-16,0.0013794927360451846,EFA,"ARIMA(1,0,1)"
2017-11-17,0.001055660402047969,EFA,"ARIMA(1,0,1)"
2017-11-20,0.0012361234155889539,EFA,"ARIMA(1,0,1)"
2017-11-21,0.0010755071256545084,EFA,"ARIMA(1,0,1)"
2017-11-22,0.0007362273359851416,EFA,"ARIMA(1,0,1)"
2017-11-24,0.0008794966038488065,EFA,"ARIMA(1,0,1)"
2017-11-27,0.0005308310975056646,EFA,"ARIMA(1,0,1)"
2017-11-28,0.0009226190789478287,EFA,"ARIMA(1,0,1)"
2017-11-29,0.0006789459216989708,EFA,"ARIMA(1,0,1)"
2017-11-30,0.001078620453726511,EFA,"ARIMA(1,0,1)"
2017-12-01,0.0010226362549263955,EFA,"ARIMA(1,0,1)"
2017-12-04,0.0012913895088214498,EFA,"ARIMA(1,0,1)"
2017-12-05,0.0015347753939109732,EFA,"ARIMA(1,0,1)"
2017-12-06,0.0013982277119935892,EFA,"ARIMA(1,0,1)"
2017-12-07,0.001423455335936851,EFA,"ARIMA(1,0,1)"
2017-12-08,0.000994597176034482,EFA,"ARIMA(1,0,1)"
2017-12-11,0.0007488017012978717,EFA,"ARIMA(1,0,1)"
2017-12-12,0.0008096325511618134,EFA,"ARIMA(1,0,1)"
2017-12-13,0.0007742963339688226,EFA,"ARIMA(1,0,1)"
2017-12-14,0.0006419994404654831,EFA,"ARIMA(1,0,1)"
2017-12-15,0.0011466058589139597,EFA,"ARIMA(1,0,1)"
2017-12-18,0.0010952071313778614,EFA,"ARIMA(1,0,1)"
2017-12-19,0.0004992268198981985,EFA,"ARIMA(1,0,1)"
2017-12-20,0.0007829564377984972,EFA,"ARIMA(1,0,1)"
2017-12-21,0.000925562048009383,EFA,"ARIMA(1,0,1)"
2017-12-22,0.0007799721657759953,EFA,"ARIMA(1,0,1)"
2017-12-26,0.0007274293209937923,EFA,"ARIMA(1,0,1)"
2017-12-27,0.0008228302048252552,EFA,"ARIMA(1,0,1)"
2017-12-28,0.0008001578483429685,EFA,"ARIMA(1,0,1)"
2017-12-29,0.0008584620605139767,EFA,"ARIMA(1,0,1)"
2018-01-02,0.000843699315707494,EFA,"ARIMA(1,0,1)"
2018-01-03,0.0002815978545839681,EFA,"ARIMA(1,0,1)"
2018-01-04,0.0002753742163486507,EFA,"ARIMA(1,0,1)"
2018-01-05,-0.0001721850028482564,EFA,"ARIMA(1,0,1)"
2018-01-08,5.335705518456533e-05,EFA,"ARIMA(1,0,1)"
2018-01-09,0.0005275810702416672,EFA,"ARIMA(1,0,1)"
2018-01-10,0.0006795091568212552,EFA,"ARIMA(1,0,1)"
2018-01-11,0.0008915655281342857,EFA,"ARIMA(1,0,1)"
2018-01-12,0.0005774101532837071,EFA,"ARIMA(1,0,1)"
2018-01-16,0.00030899777660671924,EFA,"ARIMA(1,0,1)"
2018-01-17,0.0006262474807497062,EFA,"ARIMA(1,0,1)"
2018-01-18,0.00064770123305074,EFA,"ARIMA(1,0,1)"
2018-01-19,0.0009277774827721679,EFA,"ARIMA(1,0,1)"
2018-01-22,0.0006921448790260249,EFA,"ARIMA(1,0,1)"
2018-01-23,0.0005593903691575291,EFA,"ARIMA(1,0,1)"
2018-01-24,0.0007025815938187304,EFA,"ARIMA(1,0,1)"
2018-01-25,0.0008221827069995248,EFA,"ARIMA(1,0,1)"
2018-01-26,0.001119551027225731,EFA,"ARIMA(1,0,1)"
2018-01-29,0.0005984498821479179,EFA,"ARIMA(1,0,1)"
2018-01-30,0.0015734200517272551,EFA,"ARIMA(1,0,1)"
2018-01-31,0.001679991436061377,EFA,"ARIMA(1,0,1)"
2018-02-01,0.0013438798293604027,EFA,"ARIMA(1,0,1)"
2018-02-02,0.0009777617856226825,EFA,"ARIMA(1,0,1)"
2018-02-05,0.0021151268325217227,EFA,"ARIMA(1,0,1)"
2018-02-06,-0.0014856579379488152,EFA,"ARIMA(1,0,1)"
2018-02-07,-0.00014867438510294867,EFA,"ARIMA(1,0,1)"
2018-02-08,0.0016866431476998032,EFA,"ARIMA(1,0,1)"
2018-02-09,0.0006326032398124679,EFA,"ARIMA(1,0,1)"
2018-02-12,0.000632813693192688,EFA,"ARIMA(1,0,1)"
2018-02-13,0.0006849184044843382,EFA,"ARIMA(1,0,1)"
2018-02-14,0.0006571478839456919,EFA,"ARIMA(1,0,1)"
2018-02-15,0.0007327532464718651,EFA,"ARIMA(1,0,1)"
2018-02-16,0.0007421939306748624,EFA,"ARIMA(1,0,1)"
2018-02-20,0.0007505977898811173,EFA,"ARIMA(1,0,1)"
2018-02-21,0.000723988823922881,EFA,"ARIMA(1,0,1)"
2018-02-22,0.0006917576517452674,EFA,"ARIMA(1,0,1)"
2018-02-23,0.0007125284410999637,EFA,"ARIMA(1,0,1)"
2018-02-26,0.0007342764356711789,EFA,"ARIMA(1,0,1)"
2018-02-27,0.0008001817654723928,EFA,"ARIMA(1,0,1)"
2018-02-28,0.0007381917162757822,EFA,"ARIMA(1,0,1)"
2018-03-01,0.0007063992880154325,EFA,"ARIMA(1,0,1)"
2018-03-02,0.0005979727982679564,EFA,"ARIMA(1,0,1)"
2018-03-05,0.0006440585659813864,EFA,"ARIMA(1,0,1)"
2018-03-06,0.000641696875390086,EFA,"ARIMA(1,0,1)"
2018-03-07,0.0006772978622210727,EFA,"ARIMA(1,0,1)"
2018-03-08,0.0006898780331442698,EFA,"ARIMA(1,0,1)"
2018-03-09,0.0007117874339253998,EFA,"ARIMA(1,0,1)"
2018-03-12,0.000721921161916841,EFA,"ARIMA(1,0,1)"
2018-03-13,0.0006931359385758974,EFA,"ARIMA(1,0,1)"
2018-03-14,0.0006459619259069428,EFA,"ARIMA(1,0,1)"
2018-03-15,0.0006860905201684603,EFA,"ARIMA(1,0,1)"
2018-03-16,0.0006286361798886264,EFA,"ARIMA(1,0,1)"
2018-03-19,0.0006066178360352997,EFA,"ARIMA(1,0,1)"
2018-03-20,0.0005641744159641455,EFA,"ARIMA(1,0,1)"
2018-03-21,0.0005719122121783265,EFA,"ARIMA(1,0,1)"
2018-03-22,0.0005960917258559462,EFA,"ARIMA(1,0,1)"
2018-03-23,0.0005209848558517446,EFA,"ARIMA(1,0,1)"
2018-03-26,0.0004668007348273453,EFA,"ARIMA(1,0,1)"
2018-03-27,0.000527403430636015,EFA,"ARIMA(1,0,1)"
2018-03-28,0.0004880432780604324,EFA,"ARIMA(1,0,1)"
2018-03-29,0.0004921183195570811,EFA,"ARIMA(1,0,1)"
2018-04-02,0.0005281174776166976,EFA,"ARIMA(1,0,1)"
2018-04-03,0.00048704075397126113,EFA,"ARIMA(1,0,1)"
2018-04-04,0.0005181330137238764,EFA,"ARIMA(1,0,1)"
2018-04-05,0.0005376174104347222,EFA,"ARIMA(1,0,1)"
2018-04-06,0.0005651017340575472,EFA,"ARIMA(1,0,1)"
2018-04-09,0.0005598692484883223,EFA,"ARIMA(1,0,1)"
2018-04-10,0.0005915811230479263,EFA,"ARIMA(1,0,1)"
2018-04-11,0.0006367023000440341,EFA,"ARIMA(1,0,1)"
2018-04-12,0.000626009952991889,EFA,"ARIMA(1,0,1)"
2018-04-13,0.0006225893317828073,EFA,"ARIMA(1,0,1)"
2018-04-16,0.0006296754438517386,EFA,"ARIMA(1,0,1)"
2018-04-17,0.0006615127326192401,EFA,"ARIMA(1,0,1)"
2018-04-18,0.0006550324292349917,EFA,"ARIMA(1,0,1)"
2018-04-19,0.0006930923647207496,EFA,"ARIMA(1,0,1)"
2018-04-20,0.0006942978423967813,EFA,"ARIMA(1,0,1)"
2018-04-23,0.0006477796897025888,EFA,"ARIMA(1,0,1)"
2018-04-24,0.0006402994805353385,EFA,"ARIMA(1,0,1)"
2018-04-25,0.0005250021994928388,EFA,"ARIMA(1,0,1)"
2018-04-26,0.0004902450745749833,EFA,"ARIMA(1,0,1)"
2018-04-27,0.0005210589020218955,EFA,"ARIMA(1,0,1)"
2018-04-30,0.0005212502831126259,EFA,"ARIMA(1,0,1)"
2018-05-01,0.0005125212259235299,EFA,"ARIMA(1,0,1)"
2018-05-02,0.000481430742737478,EFA,"ARIMA(1,0,1)"
2018-05-03,0.00045932879826476603,EFA,"ARIMA(1,0,1)"
2018-05-04,0.0004797238162013284,EFA,"ARIMA(1,0,1)"
2018-05-07,0.0004562535212183958,EFA,"ARIMA(1,0,1)"
2018-05-08,0.00041412189815096207,EFA,"ARIMA(1,0,1)"
2018-05-09,0.0004444164632690196,EFA,"ARIMA(1,0,1)"
2018-05-10,0.00046369506038137034,EFA,"ARIMA(1,0,1)"
2018-05-11,0.00048313533252455145,EFA,"ARIMA(1,0,1)"
2018-05-14,0.0005023429200053752,EFA,"ARIMA(1,0,1)"
2018-05-15,0.00048757866108479857,EFA,"ARIMA(1,0,1)"
2018-05-16,0.0004387212854929523,EFA,"ARIMA(1,0,1)"
2018-05-17,0.00041894221439015873,EFA,"ARIMA(1,0,1)"
2018-05-18,0.00047085595541976333,EFA,"ARIMA(1,0,1)"
2018-05-21,0.0004497002567537662,EFA,"ARIMA(1,0,1)"
2018-05-22,0.0004293877762831209,EFA,"ARIMA(1,0,1)"
2018-05-23,0.0004196408324437047,EFA,"ARIMA(1,0,1)"
2018-05-24,0.0003751380066478637,EFA,"ARIMA(1,0,1)"
2018-05-25,0.00036041628532114406,EFA,"ARIMA(1,0,1)"
2018-05-29,0.0003344547974540845,EFA,"ARIMA(1,0,1)"
2018-05-30,0.0002630735844256229,EFA,"ARIMA(1,0,1)"
2018-05-31,0.00032744188077405285,EFA,"ARIMA(1,0,1)"
2018-06-01,0.00029761164713779835,EFA,"ARIMA(1,0,1)"
2018-06-04,0.0003070911162747283,EFA,"ARIMA(1,0,1)"
2018-06-05,0.00027518891231796076,EFA,"ARIMA(1,0,1)"
2018-06-06,0.00029022968087190923,EFA,"ARIMA(1,0,1)"
2018-06-07,0.00033763104946286877,EFA,"ARIMA(1,0,1)"
2018-06-08,0.00031432675078618395,EFA,"ARIMA(1,0,1)"
2018-06-11,0.000325911532538203,EFA,"ARIMA(1,0,1)"
2018-06-12,0.0003662560990580242,EFA,"ARIMA(1,0,1)"
2018-06-13,0.000355319756453284,EFA,"ARIMA(1,0,1)"
2018-06-14,0.00033112006929184615,EFA,"ARIMA(1,0,1)"
2018-06-15,0.00032458184984032295,EFA,"ARIMA(1,0,1)"
2018-06-18,0.0003467063293872914,EFA,"ARIMA(1,0,1)"
2018-06-19,0.0002845105043676568,EFA,"ARIMA(1,0,1)"
2018-06-20,0.00023185729284246306,EFA,"ARIMA(1,0,1)"
2018-06-21,0.00026596203203870677,EFA,"ARIMA(1,0,1)"
2018-06-22,0.00024240195248246448,EFA,"ARIMA(1,0,1)"
2018-06-25,0.00028512282195829257,EFA,"ARIMA(1,0,1)"
2018-06-26,0.0002205786361211706,EFA,"ARIMA(1,0,1)"
2018-06-27,0.00022093127048623736,EFA,"ARIMA(1,0,1)"
2018-06-28,0.00018384665609230306,EFA,"ARIMA(1,0,1)"
2018-06-29,0.00016624641771645335,EFA,"ARIMA(1,0,1)"
2018-07-02,0.00022635501488560284,EFA,"ARIMA(1,0,1)"
2018-07-03,0.00018763724379340172,EFA,"ARIMA(1,0,1)"
2018-07-05,0.00020442387480065652,EFA,"ARIMA(1,0,1)"
2018-07-06,0.0002435443733385855,EFA,"ARIMA(1,0,1)"
2018-07-09,0.0002841029225703168,EFA,"ARIMA(1,0,1)"
2018-07-10,0.00032151615447874353,EFA,"ARIMA(1,0,1)"
2018-07-11,0.0003054156461977561,EFA,"ARIMA(1,0,1)"
2018-07-12,0.00023177170523371233,EFA,"ARIMA(1,0,1)"
2018-07-13,0.00023132649386019768,EFA,"ARIMA(1,0,1)"
2018-07-16,0.00023307213784922573,EFA,"ARIMA(1,0,1)"
2018-07-17,0.0002028514141308177,EFA,"ARIMA(1,0,1)"
2018-07-18,0.00021757173669594606,EFA,"ARIMA(1,0,1)"
2018-07-19,0.00021472640910753354,EFA,"ARIMA(1,0,1)"
2018-07-20,0.00018912261092790804,EFA,"ARIMA(1,0,1)"
2018-07-23,0.00019274762652188784,EFA,"ARIMA(1,0,1)"
2018-07-24,0.00020730811753327265,EFA,"ARIMA(1,0,1)"
2018-07-25,0.0002412155780347896,EFA,"ARIMA(1,0,1)"
2018-07-26,0.000265276087064782,EFA,"ARIMA(1,0,1)"
2018-07-27,0.00022302151127215323,EFA,"ARIMA(1,0,1)"
2018-07-30,0.00023943528642335953,EFA,"ARIMA(1,0,1)"
2018-07-31,0.00023470844753338373,EFA,"ARIMA(1,0,1)"
2018-08-01,0.00023158644094158635,EFA,"ARIMA(1,0,1)"
2018-08-02,0.0001895169273963638,EFA,"ARIMA(1,0,1)"
2018-08-03,0.0001615927444241685,EFA,"ARIMA(1,0,1)"
2018-08-06,0.00016154265717724587,EFA,"ARIMA(1,0,1)"
2018-08-07,0.0001390202376432528,EFA,"ARIMA(1,0,1)"
2018-08-08,-0.00040553292521308855,EFA,"ARIMA(1,0,1)"
2018-08-09,0.0007795162018569701,EFA,"ARIMA(1,0,1)"
2018-08-10,-0.000181440521779377,EFA,"ARIMA(1,0,1)"
2018-08-13,0.0014204759215444447,EFA,"ARIMA(1,0,1)"
2018-08-14,0.00015015133208080963,EFA,"ARIMA(1,0,1)"
2018-08-15,0.00012043549005991746,EFA,"ARIMA(1,0,1)"
2018-08-16,6.611854907873408e-05,EFA,"ARIMA(1,0,1)"
2018-08-17,7.110711868142386e-05,EFA,"ARIMA(1,0,1)"
2018-08-20,0.00014211666970328476,EFA,"ARIMA(1,0,1)"
2018-08-21,0.00015237605785639328,EFA,"ARIMA(1,0,1)"
2018-08-22,0.00017545312668183871,EFA,"ARIMA(1,0,1)"
2018-08-23,0.00016943563921476153,EFA,"ARIMA(1,0,1)"
2018-08-24,0.00014263339831774164,EFA,"ARIMA(1,0,1)"
2018-08-27,0.00017239818597195635,EFA,"ARIMA(1,0,1)"
2018-08-28,0.00020343058377312042,EFA,"ARIMA(1,0,1)"
2018-08-29,0.00019996899267882339,EFA,"ARIMA(1,0,1)"
2018-08-30,0.000237656940317798,EFA,"ARIMA(1,0,1)"
2018-08-31,0.00020501005859292667,EFA,"ARIMA(1,0,1)"
2018-09-04,0.00014321993836564299,EFA,"ARIMA(1,0,1)"
2018-09-05,0.0001042340888440323,EFA,"ARIMA(1,0,1)"
2018-09-06,9.453978759230874e-05,EFA,"ARIMA(1,0,1)"
2018-09-07,5.808533277051781e-05,EFA,"ARIMA(1,0,1)"
2018-09-10,-6.366925887665662e-06,EFA,"ARIMA(1,0,1)"
2018-09-11,1.67959496624027e-05,EFA,"ARIMA(1,0,1)"
2018-09-12,-7.4799219371679366e-06,EFA,"ARIMA(1,0,1)"
2018-09-13,-2.9827831458487162e-06,EFA,"ARIMA(1,0,1)"
2018-09-14,4.796765620188134e-05,EFA,"ARIMA(1,0,1)"
2018-09-17,4.227065533276094e-05,EFA,"ARIMA(1,0,1)"
2018-09-18,4.245000647691971e-05,EFA,"ARIMA(1,0,1)"
2018-09-19,8.044830349358989e-05,EFA,"ARIMA(1,0,1)"
2018-09-20,7.551465386440787e-05,EFA,"ARIMA(1,0,1)"
2018-09-21,0.00013348077536552792,EFA,"ARIMA(1,0,1)"
2018-09-24,0.00014306061962408859,EFA,"ARIMA(1,0,1)"
2018-09-25,0.00011298903126708419,EFA,"ARIMA(1,0,1)"
2018-09-26,0.00015513159817825877,EFA,"ARIMA(1,0,1)"
2018-09-27,0.00016541957936534247,EFA,"ARIMA(1,0,1)"
2018-09-28,0.00015439183881602042,EFA,"ARIMA(1,0,1)"
2018-10-01,0.00011171810316302865,EFA,"ARIMA(1,0,1)"
2018-10-02,9.267661417550012e-05,EFA,"ARIMA(1,0,1)"
2018-10-03,7.641016775286758e-05,EFA,"ARIMA(1,0,1)"
2018-10-04,5.6108028436218284e-05,EFA,"ARIMA(1,0,1)"
2018-10-05,1.6783866811119916e-05,EFA,"ARIMA(1,0,1)"
2018-10-08,-4.5131001937153195e-06,EFA,"ARIMA(1,0,1)"
2018-10-09,-2.105139663750575e-05,EFA,"ARIMA(1,0,1)"
2018-10-10,-3.214696273988779e-05,EFA,"ARIMA(1,0,1)"
2018-10-11,-0.0001548461818331337,EFA,"ARIMA(1,0,1)"
2018-10-12,-0.0002200039483599165,EFA,"ARIMA(1,0,1)"
2018-10-15,-0.00015315694182373868,EFA,"ARIMA(1,0,1)"
2018-10-16,-0.0002322857811033213,EFA,"ARIMA(1,0,1)"
2018-10-17,-0.00016195886614029569,EFA,"ARIMA(1,0,1)"
2018-10-18,-0.00017447344603295202,EFA,"ARIMA(1,0,1)"
2018-10-19,-0.0002504495956285511,EFA,"ARIMA(1,0,1)"
2018-10-22,-0.00022283918031713645,EFA,"ARIMA(1,0,1)"
2018-10-23,-0.00023243658859461324,EFA,"ARIMA(1,0,1)"
2018-10-24,-0.00026342680245519434,EFA,"ARIMA(1,0,1)"
2018-10-25,-0.0012019486293281365,EFA,"ARIMA(1,0,1)"
2018-10-26,-0.00031867636385904364,EFA,"ARIMA(1,0,1)"
2018-10-29,-0.00034463438683634314,EFA,"ARIMA(1,0,1)"
2018-10-30,-0.00036708218858971716,EFA,"ARIMA(1,0,1)"
2018-10-31,-0.0003268870120119551,EFA,"ARIMA(1,0,1)"
2018-11-01,-0.00031396980511335407,EFA,"ARIMA(1,0,1)"
2018-11-02,-0.00026731421027017643,EFA,"ARIMA(1,0,1)"
2018-11-05,-0.0002735023735512573,EFA,"ARIMA(1,0,1)"
2018-11-06,-0.00026710486195370627,EFA,"ARIMA(1,0,1)"
2018-11-07,-0.00025653132440912587,EFA,"ARIMA(1,0,1)"
2018-11-08,6.545184186854022e-05,EFA,"ARIMA(1,0,1)"
2018-11-09,-0.00024113366380131563,EFA,"ARIMA(1,0,1)"
2018-11-12,-0.00024458731790820816,EFA,"ARIMA(1,0,1)"
2018-11-13,-0.0005251024404596195,EFA,"ARIMA(1,0,1)"
2018-11-14,-0.0002655256471201045,EFA,"ARIMA(1,0,1)"
2018-11-15,-0.0002594877747430457,EFA,"ARIMA(1,0,1)"
2018-11-16,-0.00022780802697080268,EFA,"ARIMA(1,0,1)"
2018-11-19,-0.00025507212459060293,EFA,"ARIMA(1,0,1)"
2018-11-20,-0.0002755337397978644,EFA,"ARIMA(1,0,1)"
2018-11-21,-0.00035343984503435216,EFA,"ARIMA(1,0,1)"
2018-11-23,-0.00032831593138745325,EFA,"ARIMA(1,0,1)"
2018-11-26,-0.00036536737810293336,EFA,"ARIMA(1,0,1)"
2018-11-27,-0.0003382624368904461,EFA,"ARIMA(1,0,1)"
2018-11-28,-0.00032945327912485437,EFA,"ARIMA(1,0,1)"
2018-11-29,-0.00029575729745874064,EFA,"ARIMA(1,0,1)"
2018-11-30,-0.00030021174631625813,EFA,"ARIMA(1,0,1)"
2018-12-03,-0.00032121040755448836,EFA,"ARIMA(1,0,1)"
2018-12-04,-0.0002531982150123698,EFA,"ARIMA(1,0,1)"
2018-12-06,-0.00034321919864060334,EFA,"ARIMA(1,0,1)"
2018-12-07,-0.00037201957307942985,EFA,"ARIMA(1,0,1)"
2018-12-10,-0.00040428087155322827,EFA,"ARIMA(1,0,1)"
2018-12-11,-0.0004444092123470169,EFA,"ARIMA(1,0,1)"
2018-12-12,-0.0004540075663997875,EFA,"ARIMA(1,0,1)"
2018-12-13,-0.00040624834291938533,EFA,"ARIMA(1,0,1)"
2018-12-14,-0.00041997606359297677,EFA,"ARIMA(1,0,1)"
2018-12-17,-0.00048671077076263455,EFA,"ARIMA(1,0,1)"
2018-12-18,-0.0004966569821729734,EFA,"ARIMA(1,0,1)"
2018-12-19,-0.0004927200383862778,EFA,"ARIMA(1,0,1)"
2018-12-20,-0.00057552584110588,EFA,"ARIMA(1,0,1)"
2018-12-21,-0.0005770266596952394,EFA,"ARIMA(1,0,1)"
2018-12-24,-0.0006395978266236902,EFA,"ARIMA(1,0,1)"
2018-12-26,-0.0007007288717870354,EFA,"ARIMA(1,0,1)"
2018-12-27,-0.0006202469975770276,EFA,"ARIMA(1,0,1)"
2018-12-28,-0.0006072194810852653,EFA,"ARIMA(1,0,1)"
2018-12-31,-0.0005935629631008707,EFA,"ARIMA(1,0,1)"
2019-01-02,-0.0005918392855916941,EFA,"ARIMA(1,0,1)"
2019-01-03,-0.0006015952357625593,EFA,"ARIMA(1,0,1)"
2019-01-04,-0.0006649870195083149,EFA,"ARIMA(1,0,1)"
2019-01-07,-0.0005652637723704845,EFA,"ARIMA(1,0,1)"
2019-01-08,-0.0005932879869685363,EFA,"ARIMA(1,0,1)"
2019-01-09,-0.0005896865480032347,EFA,"ARIMA(1,0,1)"
2019-01-10,-0.0005440978126246998,EFA,"ARIMA(1,0,1)"
2019-01-11,-0.0005348388874946824,EFA,"ARIMA(1,0,1)"
2019-01-14,-0.0005525934105364506,EFA,"ARIMA(1,0,1)"
2019-01-15,-0.0005982079067797763,EFA,"ARIMA(1,0,1)"
2019-01-16,-0.0006169714458761277,EFA,"ARIMA(1,0,1)"
2019-01-17,-0.0006021662665745443,EFA,"ARIMA(1,0,1)"
2019-01-18,-0.000608418690298941,EFA,"ARIMA(1,0,1)"
2019-01-22,-0.000563743555935117,EFA,"ARIMA(1,0,1)"
2019-01-23,-0.0006475767075802407,EFA,"ARIMA(1,0,1)"
2019-01-24,-0.0006497569783379056,EFA,"ARIMA(1,0,1)"
2019-01-25,-0.0006579802120662362,EFA,"ARIMA(1,0,1)"
2019-01-28,-0.0009894928828421468,EFA,"ARIMA(1,0,1)"
2019-01-29,-0.0006262705133989676,EFA,"ARIMA(1,0,1)"
2019-01-30,-0.0006936060976919074,EFA,"ARIMA(1,0,1)"
2019-01-31,-0.00041724881982018044,EFA,"ARIMA(1,0,1)"
2019-02-01,-0.0005222710519267543,EFA,"ARIMA(1,0,1)"
2019-02-04,-0.0005345521817593437,EFA,"ARIMA(1,0,1)"
2019-02-05,-0.0005768469346744035,EFA,"ARIMA(1,0,1)"
2019-02-06,-0.0008594662339123822,EFA,"ARIMA(1,0,1)"
2019-02-07,-0.00020609728975982668,EFA,"ARIMA(1,0,1)"
2019-02-08,-0.0003000166451604945,EFA,"ARIMA(1,0,1)"
2019-02-11,-0.00027570032574827767,EFA,"ARIMA(1,0,1)"
2019-02-12,-0.0002514488483091233,EFA,"ARIMA(1,0,1)"
2019-02-13,-0.0002966157731609708,EFA,"ARIMA(1,0,1)"
2019-02-14,-0.00030262838996280374,EFA,"ARIMA(1,0,1)"
2019-02-15,-0.0002959609268601609,EFA,"ARIMA(1,0,1)"
2019-02-19,-0.0004533581933971117,EFA,"ARIMA(1,0,1)"
2019-02-20,-0.00042410026415243913,EFA,"ARIMA(1,0,1)"
2019-02-21,-0.00036277476982504573,EFA,"ARIMA(1,0,1)"
2019-02-22,-0.000304338504070605,EFA,"ARIMA(1,0,1)"
2019-02-25,-0.0003204757993100983,EFA,"ARIMA(1,0,1)"
2019-02-26,-0.000295097755754198,EFA,"ARIMA(1,0,1)"
2019-02-27,-0.0004402356760671061,EFA,"ARIMA(1,0,1)"
2019-02-28,-0.0004100928387260516,EFA,"ARIMA(1,0,1)"
2019-03-01,-0.00026138800162890793,EFA,"ARIMA(1,0,1)"
2019-03-04,-0.0003989634497293486,EFA,"ARIMA(1,0,1)"
2019-03-05,-0.0002753401881091309,EFA,"ARIMA(1,0,1)"
2019-03-06,-0.00024656530560301264,EFA,"ARIMA(1,0,1)"
2019-03-07,-0.00019070951172420764,EFA,"ARIMA(1,0,1)"
2019-03-08,1.4987369995059327e-05,EFA,"ARIMA(1,0,1)"
2019-03-11,-5.7137635197082994e-05,EFA,"ARIMA(1,0,1)"
2019-03-12,-0.0003112077165922979,EFA,"ARIMA(1,0,1)"
2019-03-13,-0.00031586043086572423,EFA,"ARIMA(1,0,1)"
2019-03-14,-0.00048749857956702556,EFA,"ARIMA(1,0,1)"
2019-03-15,-0.00040147008151409486,EFA,"ARIMA(1,0,1)"
2019-03-18,-0.0005777544321115963,EFA,"ARIMA(1,0,1)"
2019-03-19,-0.0005600411151788895,EFA,"ARIMA(1,0,1)"
2019-03-20,-0.0005005737130135331,EFA,"ARIMA(1,0,1)"
2019-03-21,-0.00027636815003370685,EFA,"ARIMA(1,0,1)"
2019-03-22,-0.000316165892678817,EFA,"ARIMA(1,0,1)"
2019-03-25,0.0001341332628300665,EFA,"ARIMA(1,0,1)"
2019-03-26,-6.0458847450166976e-05,EFA,"ARIMA(1,0,1)"
2019-03-27,-6.93798265317364e-05,EFA,"ARIMA(1,0,1)"
2019-03-28,-0.00015978737153903833,EFA,"ARIMA(1,0,1)"
2019-03-29,-0.00011478934358860368,EFA,"ARIMA(1,0,1)"
2019-04-01,-0.00013646610296198176,EFA,"ARIMA(1,0,1)"
2019-04-02,-0.00011437403486797382,EFA,"ARIMA(1,0,1)"
2019-04-03,-6.966805566897511e-05,EFA,"ARIMA(1,0,1)"
2019-04-04,-3.3614715137617554e-05,EFA,"ARIMA(1,0,1)"
2019-04-05,-5.726970169147284e-05,EFA,"ARIMA(1,0,1)"
2019-04-08,-0.00010040018754034201,EFA,"ARIMA(1,0,1)"
2019-04-09,-6.130114084367689e-05,EFA,"ARIMA(1,0,1)"
2019-04-10,-0.00012872652286810598,EFA,"ARIMA(1,0,1)"
2019-04-11,-0.00014914123186621157,EFA,"ARIMA(1,0,1)"
2019-04-12,-0.00014101875068508595,EFA,"ARIMA(1,0,1)"
2019-04-15,-0.0001411768805823462,EFA,"ARIMA(1,0,1)"
2019-04-16,-0.00014081127859089018,EFA,"ARIMA(1,0,1)"
2019-04-17,-0.00013814031301508057,EFA,"ARIMA(1,0,1)"
2019-04-18,-0.00015177142165317663,EFA,"ARIMA(1,0,1)"
2019-04-22,-0.00016743329018911114,EFA,"ARIMA(1,0,1)"
2019-04-23,-0.0001524528825893615,EFA,"ARIMA(1,0,1)"
2019-04-24,-0.00013913220636231066,EFA,"ARIMA(1,0,1)"
2019-04-25,-0.0001309205653812323,EFA,"ARIMA(1,0,1)"
2019-04-26,-0.00013011737255229233,EFA,"ARIMA(1,0,1)"
2019-04-29,-0.00013223268509606896,EFA,"ARIMA(1,0,1)"
2019-04-30,-0.0001432178425932991,EFA,"ARIMA(1,0,1)"
2019-05-01,-0.00013423626560737356,EFA,"ARIMA(1,0,1)"
2019-05-02,-0.00011734782690875895,EFA,"ARIMA(1,0,1)"
2019-05-03,-0.00011419603061367918,EFA,"ARIMA(1,0,1)"
2019-05-06,-0.0001288326727156383,EFA,"ARIMA(1,0,1)"
2019-05-07,-4.406159438952764e-05,EFA,"ARIMA(1,0,1)"
2019-05-08,-0.00020512712346664846,EFA,"ARIMA(1,0,1)"
2019-05-09,-0.00018803207858590027,EFA,"ARIMA(1,0,1)"
2019-05-10,-0.00019140152527967046,EFA,"ARIMA(1,0,1)"
2019-05-13,-0.0002496695246594152,EFA,"ARIMA(1,0,1)"
2019-05-14,-5.3846520623276775e-06,EFA,"ARIMA(1,0,1)"
2019-05-15,-0.0005794081145611804,EFA,"ARIMA(1,0,1)"
2019-05-16,-0.00041400730627640304,EFA,"ARIMA(1,0,1)"
2019-05-17,-0.0004194680640221017,EFA,"ARIMA(1,0,1)"
2019-05-20,-9.521372141562822e-05,EFA,"ARIMA(1,0,1)"
2019-05-21,-0.00023760072687339267,EFA,"ARIMA(1,0,1)"
2019-05-22,-0.0004284454609946139,EFA,"ARIMA(1,0,1)"
2019-05-23,-0.00016892538184126255,EFA,"ARIMA(1,0,1)"
2019-05-24,-0.00010362844206398929,EFA,"ARIMA(1,0,1)"
2019-05-28,-0.0007397967657960287,EFA,"ARIMA(1,0,1)"
2019-05-29,0.00011981032233847528,EFA,"ARIMA(1,0,1)"
2019-05-30,-0.0001691606283816462,EFA,"ARIMA(1,0,1)"
2019-05-31,-0.00022587945000830965,EFA,"ARIMA(1,0,1)"
2019-06-03,-7.81339546277148e-05,EFA,"ARIMA(1,0,1)"
2019-06-04,-0.000363405840803024,EFA,"ARIMA(1,0,1)"
2019-06-05,-0.00044726158108332334,EFA,"ARIMA(1,0,1)"
2019-06-06,-0.00023788299026046027,EFA,"ARIMA(1,0,1)"
2019-06-07,-0.00027579983065153363,EFA,"ARIMA(1,0,1)"
2019-06-10,-0.00039912803056427356,EFA,"ARIMA(1,0,1)"
2019-06-11,-0.00022756993771879013,EFA,"ARIMA(1,0,1)"
2019-06-12,-0.00021178155953179684,EFA,"ARIMA(1,0,1)"
2019-06-13,-0.00013307706923606935,EFA,"ARIMA(1,0,1)"
2019-06-14,-0.0001566339328581548,EFA,"ARIMA(1,0,1)"
2019-06-17,-9.566012254869321e-05,EFA,"ARIMA(1,0,1)"
2019-06-18,-0.00018171934219502438,EFA,"ARIMA(1,0,1)"
2019-06-19,-0.00033251093248050443,EFA,"ARIMA(1,0,1)"
2019-06-20,-0.00014803229522492958,EFA,"ARIMA(1,0,1)"
2019-06-21,-3.820137021342845e-05,EFA,"ARIMA(1,0,1)"
2019-06-24,-9.659024189962821e-06,EFA,"ARIMA(1,0,1)"
2019-06-25,3.9179528610301485e-05,EFA,"ARIMA(1,0,1)"
2019-06-26,-4.537051907397797e-05,EFA,"ARIMA(1,0,1)"
2019-06-27,4.126200871523436e-05,EFA,"ARIMA(1,0,1)"
2019-06-28,6.1429045869987e-05,EFA,"ARIMA(1,0,1)"
2019-07-01,0.0001356589412232617,EFA,"ARIMA(1,0,1)"
2019-07-02,0.00018029778360997769,EFA,"ARIMA(1,0,1)"
2019-07-03,0.0001575482053884861,EFA,"ARIMA(1,0,1)"
2019-07-05,0.000223625468781466,EFA,"ARIMA(1,0,1)"
2019-07-08,9.680576016872139e-05,EFA,"ARIMA(1,0,1)"
2019-07-09,9.027929909258415e-06,EFA,"ARIMA(1,0,1)"
2019-07-10,-3.8160407643391794e-05,EFA,"ARIMA(1,0,1)"
2019-07-11,-1.2008957831458314e-05,EFA,"ARIMA(1,0,1)"
2019-07-12,-2.9160024911248654e-05,EFA,"ARIMA(1,0,1)"
2019-07-15,6.104378710129318e-05,EFA,"ARIMA(1,0,1)"
2019-07-16,3.680918396420798e-05,EFA,"ARIMA(1,0,1)"
2019-07-17,-4.261326545220548e-05,EFA,"ARIMA(1,0,1)"
2019-07-18,-4.026517031935913e-05,EFA,"ARIMA(1,0,1)"
2019-07-19,1.5826877575983095e-05,EFA,"ARIMA(1,0,1)"
2019-07-22,-3.8570582692844006e-05,EFA,"ARIMA(1,0,1)"
2019-07-23,-2.38762708617615e-06,EFA,"ARIMA(1,0,1)"
2019-07-24,5.3130658574371755e-05,EFA,"ARIMA(1,0,1)"
2019-07-25,4.059045202711866e-05,EFA,"ARIMA(1,0,1)"
2019-07-26,-0.00015027888292169864,EFA,"ARIMA(1,0,1)"
2019-07-29,-9.63415213359492e-05,EFA,"ARIMA(1,0,1)"
2019-07-30,-4.1618556707661985e-05,EFA,"ARIMA(1,0,1)"
2019-07-31,-0.00019933892603923837,EFA,"ARIMA(1,0,1)"
2019-08-01,-0.0002850026118103127,EFA,"ARIMA(1,0,1)"
2019-08-02,-0.0002858008799928014,EFA,"ARIMA(1,0,1)"
2019-08-05,-0.00039632870515994985,EFA,"ARIMA(1,0,1)"
2019-08-06,-0.0015054993790183419,EFA,"ARIMA(1,0,1)"
2019-08-07,-0.0007484712263460746,EFA,"ARIMA(1,0,1)"
2019-08-08,-0.00018312899896736053,EFA,"ARIMA(1,0,1)"
2019-08-09,-0.0003241719032529534,EFA,"ARIMA(1,0,1)"
2019-08-12,-0.000296017069207677,EFA,"ARIMA(1,0,1)"
2019-08-13,-0.00047308854833739647,EFA,"ARIMA(1,0,1)"
2019-08-14,-5.252167288154006e-05,EFA,"ARIMA(1,0,1)"
2019-08-15,-0.00022474444398155335,EFA,"ARIMA(1,0,1)"
2019-08-16,-0.00014287238241625347,EFA,"ARIMA(1,0,1)"
2019-08-19,0.00012677323335636803,EFA,"ARIMA(1,0,1)"
2019-08-20,-0.00011846592759061695,EFA,"ARIMA(1,0,1)"
2019-08-21,-0.00013135036955950064,EFA,"ARIMA(1,0,1)"
2019-08-22,-0.00016521482130209253,EFA,"ARIMA(1,0,1)"
2019-08-23,-0.0001543818317295572,EFA,"ARIMA(1,0,1)"
2019-08-26,-0.0001372925553646706,EFA,"ARIMA(1,0,1)"
2019-08-27,-0.00020449360724025348,EFA,"ARIMA(1,0,1)"
2019-08-28,-0.00018343720104335153,EFA,"ARIMA(1,0,1)"
2019-08-29,-0.00023485948476687413,EFA,"ARIMA(1,0,1)"
2019-08-30,-0.00030681761329006134,EFA,"ARIMA(1,0,1)"
2019-09-03,-0.00036729416963468054,EFA,"ARIMA(1,0,1)"
2019-09-04,-0.00023610708985642587,EFA,"ARIMA(1,0,1)"
2019-09-05,-0.00041777411953276746,EFA,"ARIMA(1,0,1)"
2019-09-06,-0.00030028502608505763,EFA,"ARIMA(1,0,1)"
2019-09-09,-0.0001049499350944508,EFA,"ARIMA(1,0,1)"
2019-09-10,-0.00018256905338134198,EFA,"ARIMA(1,0,1)"
2019-09-11,-0.0002130859277088968,EFA,"ARIMA(1,0,1)"
2019-09-12,-0.0002203213736387469,EFA,"ARIMA(1,0,1)"
2019-09-13,-0.00025005340688374005,EFA,"ARIMA(1,0,1)"
2019-09-16,-0.0003550674783802935,EFA,"ARIMA(1,0,1)"
2019-09-17,0.00011178759199766234,EFA,"ARIMA(1,0,1)"
2019-09-18,3.1001760231197036e-05,EFA,"ARIMA(1,0,1)"
2019-09-19,6.287048419129207e-05,EFA,"ARIMA(1,0,1)"
2019-09-20,-6.44472151396455e-05,EFA,"ARIMA(1,0,1)"
2019-09-23,5.196548810667669e-05,EFA,"ARIMA(1,0,1)"
2019-09-24,-1.625995418539058e-06,EFA,"ARIMA(1,0,1)"
2019-09-25,1.1986823979280589e-05,EFA,"ARIMA(1,0,1)"
2019-09-26,-2.5294869139807764e-06,EFA,"ARIMA(1,0,1)"
2019-09-27,-0.0001627516536658757,EFA,"ARIMA(1,0,1)"
2019-09-30,-2.4261043911062575e-05,EFA,"ARIMA(1,0,1)"
2019-10-01,-0.00015609794700205377,EFA,"ARIMA(1,0,1)"
2019-10-02,0.00018714665942446375,EFA,"ARIMA(1,0,1)"
2019-10-03,0.0002785842093948643,EFA,"ARIMA(1,0,1)"
2019-10-04,-0.00027109115064366285,EFA,"ARIMA(1,0,1)"
2019-10-07,-0.00030700122733437756,EFA,"ARIMA(1,0,1)"
2019-10-08,-1.991417468053366e-05,EFA,"ARIMA(1,0,1)"
2019-10-09,0.0002180762144689322,EFA,"ARIMA(1,0,1)"
2019-10-10,-0.00022287142502820095,EFA,"ARIMA(1,0,1)"
2019-10-11,-0.00035722310190639456,EFA,"ARIMA(1,0,1)"
2019-10-14,-0.0006559465934765493,EFA,"ARIMA(1,0,1)"
2019-10-15,0.00011702901567594624,EFA,"ARIMA(1,0,1)"
2019-10-16,-0.0001730782106034823,EFA,"ARIMA(1,0,1)"
2019-10-17,0.0003231528147482898,EFA,"ARIMA(1,0,1)"
2019-10-18,0.00013302197045794798,EFA,"ARIMA(1,0,1)"
2019-10-21,0.00026204088467811186,EFA,"ARIMA(1,0,1)"
2019-10-22,0.00011341826428484629,EFA,"ARIMA(1,0,1)"
2019-10-23,0.00040728133247539314,EFA,"ARIMA(1,0,1)"
2019-10-24,0.00011888040719653509,EFA,"ARIMA(1,0,1)"
2019-10-25,0.000292207250164334,EFA,"ARIMA(1,0,1)"
2019-10-28,0.0004619458815416269,EFA,"ARIMA(1,0,1)"
2019-10-29,0.00032771640659975737,EFA,"ARIMA(1,0,1)"
2019-10-30,0.0005234165016028148,EFA,"ARIMA(1,0,1)"
2019-10-31,0.00034953030362714103,EFA,"ARIMA(1,0,1)"
2019-11-01,0.0005609142290316995,EFA,"ARIMA(1,0,1)"
2019-11-04,7.207584638348338e-05,EFA,"ARIMA(1,0,1)"
2019-11-05,0.00016887508486578993,EFA,"ARIMA(1,0,1)"
2019-11-06,0.0004891432839883728,EFA,"ARIMA(1,0,1)"
2019-11-07,0.00045851323530000536,EFA,"ARIMA(1,0,1)"
2019-11-08,0.0002900713409045234,EFA,"ARIMA(1,0,1)"
2019-11-11,0.0003790512481749475,EFA,"ARIMA(1,0,1)"
2019-11-12,0.0004830116998505368,EFA,"ARIMA(1,0,1)"
2019-11-13,0.0004321576174303932,EFA,"ARIMA(1,0,1)"
2019-11-14,0.0006746171236207962,EFA,"ARIMA(1,0,1)"
2019-11-15,0.0006271136171176074,EFA,"ARIMA(1,0,1)"
2019-11-18,0.00018685965152926256,EFA,"ARIMA(1,0,1)"
2019-11-19,0.00038163924264238874,EFA,"ARIMA(1,0,1)"
2019-11-20,0.0005306165650772743,EFA,"ARIMA(1,0,1)"
2019-11-21,0.0007427955509404707,EFA,"ARIMA(1,0,1)"
2019-11-22,0.0006592104532770816,EFA,"ARIMA(1,0,1)"
2019-11-25,0.00041009934718851267,EFA,"ARIMA(1,0,1)"
2019-11-26,0.00035930254010737336,EFA,"ARIMA(1,0,1)"
2019-11-27,0.0005398371131137983,EFA,"ARIMA(1,0,1)"
2019-11-29,0.0003993428423798487,EFA,"ARIMA(1,0,1)"
2019-12-02,0.0005582393878062804,EFA,"ARIMA(1,0,1)"
2019-12-03,0.0003742337720283984,EFA,"ARIMA(1,0,1)"
2019-12-04,0.00045749339204976625,EFA,"ARIMA(1,0,1)"
2019-12-05,0.0002274434747654195,EFA,"ARIMA(1,0,1)"
2019-12-06,0.0005144815395788865,EFA,"ARIMA(1,0,1)"
2019-12-09,0.00032904253879062083,EFA,"ARIMA(1,0,1)"
2019-12-10,0.0007397873149945417,EFA,"ARIMA(1,0,1)"
2019-12-11,0.0006623437299004512,EFA,"ARIMA(1,0,1)"
2019-12-12,0.00047309736351567894,EFA,"ARIMA(1,0,1)"
2019-12-13,0.0003177808637248082,EFA,"ARIMA(1,0,1)"
2019-12-16,0.0003408646772029816,EFA,"ARIMA(1,0,1)"
2019-12-17,0.0002764603513952773,EFA,"ARIMA(1,0,1)"
2019-12-18,0.000812752558033539,EFA,"ARIMA(1,0,1)"
2019-12-19,0.0007502780842257698,EFA,"ARIMA(1,0,1)"
2019-12-20,0.0008360549212407559,EFA,"ARIMA(1,0,1)"
2019-12-23,0.0008049135757812882,EFA,"ARIMA(1,0,1)"
2019-12-24,0.0008358467999084694,EFA,"ARIMA(1,0,1)"
2019-12-26,0.000993635622138357,EFA,"ARIMA(1,0,1)"
2019-12-27,0.0006708341461383972,EFA,"ARIMA(1,0,1)"
2019-12-30,0.0007239390467073455,EFA,"ARIMA(1,0,1)"
2019-12-31,0.0012151191331685345,EFA,"ARIMA(1,0,1)"
2020-01-02,0.0007093130684983453,EFA,"ARIMA(1,0,1)"
2020-01-03,0.0004284429945902895,EFA,"ARIMA(1,0,1)"
2020-01-06,0.001357219886806028,EFA,"ARIMA(1,0,1)"
2020-01-07,0.0007724809981885569,EFA,"ARIMA(1,0,1)"
2020-01-08,0.0009550761345480605,EFA,"ARIMA(1,0,1)"
2020-01-09,0.0006215022725982797,EFA,"ARIMA(1,0,1)"
2020-01-10,0.0005002768135675592,EFA,"ARIMA(1,0,1)"
2020-01-13,0.0008652270850280392,EFA,"ARIMA(1,0,1)"
2020-01-14,0.00042978302450883364,EFA,"ARIMA(1,0,1)"
2020-01-15,0.0005733863237498898,EFA,"ARIMA(1,0,1)"
2020-01-16,0.0006609517266922011,EFA,"ARIMA(1,0,1)"
2020-01-17,0.0004525875783460276,EFA,"ARIMA(1,0,1)"
2020-01-21,0.00045513023604881514,EFA,"ARIMA(1,0,1)"
2020-01-22,0.0010258247969038787,EFA,"ARIMA(1,0,1)"
2020-01-23,0.0007040368256964326,EFA,"ARIMA(1,0,1)"
2020-01-24,0.0008056989049578251,EFA,"ARIMA(1,0,1)"
2020-01-27,0.0008929648101278697,EFA,"ARIMA(1,0,1)"
2020-01-28,0.0014575443859943442,EFA,"ARIMA(1,0,1)"
2020-01-29,0.00041522701799717883,EFA,"ARIMA(1,0,1)"
2020-01-30,0.0005191670791509811,EFA,"ARIMA(1,0,1)"
2020-01-31,0.0005656049082156456,EFA,"ARIMA(1,0,1)"
2020-02-03,0.0015062359454162714,EFA,"ARIMA(1,0,1)"
2020-02-04,0.0007197149904910668,EFA,"ARIMA(1,0,1)"
2020-02-05,-0.00042416917175885677,EFA,"ARIMA(1,0,1)"
2020-02-06,-0.00035413560580631695,EFA,"ARIMA(1,0,1)"
2020-02-07,-5.515822208614963e-05,EFA,"ARIMA(1,0,1)"
2020-02-10,0.000812017525419318,EFA,"ARIMA(1,0,1)"
2020-02-11,0.0006105255296041598,EFA,"ARIMA(1,0,1)"
2020-02-12,0.00027592351298762067,EFA,"ARIMA(1,0,1)"
2020-02-13,0.00017478175956799535,EFA,"ARIMA(1,0,1)"
2020-02-14,0.0006857792141652103,EFA,"ARIMA(1,0,1)"
2020-02-18,0.0007372641578802561,EFA,"ARIMA(1,0,1)"
2020-02-19,0.0009802475396729895,EFA,"ARIMA(1,0,1)"
2020-02-20,0.0006444373696386223,EFA,"ARIMA(1,0,1)"
2020-02-21,0.000928019572665339,EFA,"ARIMA(1,0,1)"
2020-02-24,0.0010145571552961146,EFA,"ARIMA(1,0,1)"
2020-02-25,0.0009473343088750289,EFA,"ARIMA(1,0,1)"
2020-02-26,-1.6239682288232888e-05,EFA,"ARIMA(1,0,1)"
2020-02-27,0.00017190297439321583,EFA,"ARIMA(1,0,1)"
2020-02-28,1.8077745321262207e-05,EFA,"ARIMA(1,0,1)"
2020-03-02,-5.058208339985364e-07,EFA,"ARIMA(1,0,1)"
2020-03-03,3.0917454006581776e-05,EFA,"ARIMA(1,0,1)"
2020-03-04,1.3449826355733428e-05,EFA,"ARIMA(1,0,1)"
2020-03-05,0.0001234753049412586,EFA,"ARIMA(1,0,1)"
2020-03-06,0.001511171773116629,EFA,"ARIMA(1,0,1)"
2020-03-09,0.0004890729126449873,EFA,"ARIMA(1,0,1)"
2020-03-10,-0.009093847826490357,EFA,"ARIMA(1,0,1)"
2020-03-11,-0.00302404513231416,EFA,"ARIMA(1,0,1)"
2020-03-12,0.024853120809395134,EFA,"ARIMA(1,0,1)"
2020-03-13,-0.008777376437258786,EFA,"ARIMA(1,0,1)"
2020-03-16,-0.0029139586185834144,EFA,"ARIMA(1,0,1)"
2020-03-17,0.032903064714519,EFA,"ARIMA(1,0,1)"
2020-03-18,-0.024203986006574023,EFA,"ARIMA(1,0,1)"
2020-03-19,0.026276405905718128,EFA,"ARIMA(1,0,1)"
2020-03-20,-0.013924125049923356,EFA,"ARIMA(1,0,1)"
2020-03-23,0.0060172926483250165,EFA,"ARIMA(1,0,1)"
2020-03-24,0.00035595110450474597,EFA,"ARIMA(1,0,1)"
2020-03-25,-0.028730855451389016,EFA,"ARIMA(1,0,1)"
2020-03-26,-0.003475239040527922,EFA,"ARIMA(1,0,1)"
2020-03-27,-0.011299382023592226,EFA,"ARIMA(1,0,1)"
2020-03-30,0.010210509240991037,EFA,"ARIMA(1,0,1)"
2020-03-31,-0.009653399693745221,EFA,"ARIMA(1,0,1)"
2020-04-01,0.00430431679142283,EFA,"ARIMA(1,0,1)"
2020-04-02,0.009388727485475127,EFA,"ARIMA(1,0,1)"
2020-04-03,-0.009247063185210692,EFA,"ARIMA(1,0,1)"
2020-04-06,0.007579954334125484,EFA,"ARIMA(1,0,1)"
2020-04-07,-0.018238717542279674,EFA,"ARIMA(1,0,1)"
2020-04-08,0.0026024540140752853,EFA,"ARIMA(1,0,1)"
2020-04-09,-0.004020134024712713,EFA,"ARIMA(1,0,1)"
2020-04-13,-0.0057090076542131475,EFA,"ARIMA(1,0,1)"
2020-04-14,0.0033304593236311913,EFA,"ARIMA(1,0,1)"
2020-04-15,-0.006627918870496389,EFA,"ARIMA(1,0,1)"
2020-04-16,0.009690663685384442,EFA,"ARIMA(1,0,1)"
2020-04-17,-0.004045926641857354,EFA,"ARIMA(1,0,1)"
2020-04-20,-0.006910438863473802,EFA,"ARIMA(1,0,1)"
2020-04-21,0.005072343563241642,EFA,"ARIMA(1,0,1)"
2020-04-22,0.00278412461727122,EFA,"ARIMA(1,0,1)"
2020-04-23,-0.006348956943202573,EFA,"ARIMA(1,0,1)"
2020-04-24,0.0015910771401818399,EFA,"ARIMA(1,0,1)"
2020-04-27,-0.0044856985495006566,EFA,"ARIMA(1,0,1)"
2020-04-28,-0.0031698676537079175,EFA,"ARIMA(1,0,1)"
2020-04-29,-0.0019681807967090997,EFA,"ARIMA(1,0,1)"
2020-04-30,-0.006727719655047262,EFA,"ARIMA(1,0,1)"
2020-05-01,0.006787249570074359,EFA,"ARIMA(1,0,1)"
2020-05-04,0.0030400449384985753,EFA,"ARIMA(1,0,1)"
2020-05-05,-0.001706028389741856,EFA,"ARIMA(1,0,1)"
2020-05-06,-0.0008937155179174921,EFA,"ARIMA(1,0,1)"
2020-05-07,0.0011195937133516509,EFA,"ARIMA(1,0,1)"
2020-05-08,-0.005017760787980349,EFA,"ARIMA(1,0,1)"
2020-05-11,-0.0036540877454258797,EFA,"ARIMA(1,0,1)"
2020-05-12,0.0006117830906498365,EFA,"ARIMA(1,0,1)"
2020-05-13,0.002496665362845537,EFA,"ARIMA(1,0,1)"
2020-05-14,0.000590426146285665,EFA,"ARIMA(1,0,1)"
2020-05-15,0.001508984273529019,EFA,"ARIMA(1,0,1)"
2020-05-18,-0.0014748490436248649,EFA,"ARIMA(1,0,1)"
2020-05-19,-0.01029523826190943,EFA,"ARIMA(1,0,1)"
2020-05-20,0.005843290660871235,EFA,"ARIMA(1,0,1)"
2020-05-21,-0.007572083301752201,EFA,"ARIMA(1,0,1)"
2020-05-22,0.004661125728090532,EFA,"ARIMA(1,0,1)"
2020-05-26,-0.0011264957440806586,EFA,"ARIMA(1,0,1)"
2020-05-27,-0.007427956992384633,EFA,"ARIMA(1,0,1)"
2020-05-28,-0.0013076962199644756,EFA,"ARIMA(1,0,1)"
2020-05-29,-0.002224068252902475,EFA,"ARIMA(1,0,1)"
2020-06-01,0.0012995516803662997,EFA,"ARIMA(1,0,1)"
2020-06-02,-0.006031300629242157,EFA,"ARIMA(1,0,1)"
2020-06-03,-0.0006494545598543591,EFA,"ARIMA(1,0,1)"
2020-06-04,-0.005660326049767989,EFA,"ARIMA(1,0,1)"
2020-06-05,0.0027634251965305504,EFA,"ARIMA(1,0,1)"
2020-06-08,-0.005025209735909609,EFA,"ARIMA(1,0,1)"
2020-06-09,-0.0016306130829975521,EFA,"ARIMA(1,0,1)"
2020-06-10,0.0037669698315975484,EFA,"ARIMA(1,0,1)"
2020-06-11,-0.0005708926714694677,EFA,"ARIMA(1,0,1)"
2020-06-12,0.013552584945106333,EFA,"ARIMA(1,0,1)"
2020-06-15,-0.008580230946587063,EFA,"ARIMA(1,0,1)"
2020-06-16,0.0013027422138258543,EFA,"ARIMA(1,0,1)"
2020-06-17,-0.003550301163049718,EFA,"ARIMA(1,0,1)"
2020-06-18,-1.235553504956085e-05,EFA,"ARIMA(1,0,1)"
2020-06-19,0.0011251017797353508,EFA,"ARIMA(1,0,1)"
2020-06-22,0.0006020678743096212,EFA,"ARIMA(1,0,1)"
2020-06-23,-0.0033398252838805257,EFA,"ARIMA(1,0,1)"
2020-06-24,-0.0005490097846028041,EFA,"ARIMA(1,0,1)"
2020-06-25,0.006306971813922717,EFA,"ARIMA(1,0,1)"
2020-06-26,-0.0056028686305010416,EFA,"ARIMA(1,0,1)"
2020-06-29,0.005001606680259323,EFA,"ARIMA(1,0,1)"
2020-06-30,-0.0038128938187251766,EFA,"ARIMA(1,0,1)"
2020-07-01,0.0012220532048636927,EFA,"ARIMA(1,0,1)"
2020-07-02,-0.0016602355638811058,EFA,"ARIMA(1,0,1)"
2020-07-06,-0.0025833691418976103,EFA,"ARIMA(1,0,1)"
2020-07-07,-0.0035036099320722336,EFA,"ARIMA(1,0,1)"
2020-07-08,0.004527965052571071,EFA,"ARIMA(1,0,1)"
2020-07-09,-0.0036010720912168547,EFA,"ARIMA(1,0,1)"
2020-07-10,0.003726533544476602,EFA,"ARIMA(1,0,1)"
2020-07-13,-0.003985971120468442,EFA,"ARIMA(1,0,1)"
2020-07-14,0.0025883397844101708,EFA,"ARIMA(1,0,1)"
2020-07-15,-0.004639543030176113,EFA,"ARIMA(1,0,1)"
2020-07-16,-0.001550013042316016,EFA,"ARIMA(1,0,1)"
2020-07-17,0.002020887917337661,EFA,"ARIMA(1,0,1)"
2020-07-20,-0.002133505442621751,EFA,"ARIMA(1,0,1)"
2020-07-21,-0.0006285266256340227,EFA,"ARIMA(1,0,1)"
2020-07-22,-0.00034212763816809146,EFA,"ARIMA(1,0,1)"
2020-07-23,-0.0005991384367675052,EFA,"ARIMA(1,0,1)"
2020-07-24,0.002134381859143332,EFA,"ARIMA(1,0,1)"
2020-07-27,0.0007101177415887629,EFA,"ARIMA(1,0,1)"
2020-07-28,-0.0035130066622244467,EFA,"ARIMA(1,0,1)"
2020-07-29,0.00263453321722242,EFA,"ARIMA(1,0,1)"
2020-07-30,-0.00336651701079283,EFA,"ARIMA(1,0,1)"
2020-07-31,0.004863161021047436,EFA,"ARIMA(1,0,1)"
2020-08-03,0.004004079209554274,EFA,"ARIMA(1,0,1)"
2020-08-04,-0.00609443575876307,EFA,"ARIMA(1,0,1)"
2020-08-05,0.0005562324534209333,EFA,"ARIMA(1,0,1)"
2020-08-06,-0.0007261185776625186,EFA,"ARIMA(1,0,1)"
2020-08-07,0.00017714801290914182,EFA,"ARIMA(1,0,1)"
2020-08-10,0.0011811094839087595,EFA,"ARIMA(1,0,1)"
2020-08-11,-0.0009544533328199678,EFA,"ARIMA(1,0,1)"
2020-08-12,-0.0003674009297496426,EFA,"ARIMA(1,0,1)"
2020-08-13,-0.005097131298609418,EFA,"ARIMA(1,0,1)"
2020-08-14,0.0031073204418347036,EFA,"ARIMA(1,0,1)"
2020-08-17,0.001142637006916002,EFA,"ARIMA(1,0,1)"
2020-08-18,-0.0018169347609653436,EFA,"ARIMA(1,0,1)"
2020-08-19,0.0010886626969589075,EFA,"ARIMA(1,0,1)"
2020-08-20,0.0012112547277760418,EFA,"ARIMA(1,0,1)"
2020-08-21,0.0008146156193554728,EFA,"ARIMA(1,0,1)"
2020-08-24,0.0013929195360141522,EFA,"ARIMA(1,0,1)"
2020-08-25,-0.0033161531547886516,EFA,"ARIMA(1,0,1)"
2020-08-26,0.0012368777149482748,EFA,"ARIMA(1,0,1)"
2020-08-27,-0.001381373072717718,EFA,"ARIMA(1,0,1)"
2020-08-28,0.0034234890389767975,EFA,"ARIMA(1,0,1)"
2020-08-31,-0.0024171080361220154,EFA,"ARIMA(1,0,1)"
2020-09-01,0.0030041910727896907,EFA,"ARIMA(1,0,1)"
2020-09-02,-0.0008278154706143162,EFA,"ARIMA(1,0,1)"
2020-09-03,-0.002844838440970159,EFA,"ARIMA(1,0,1)"
2020-09-04,0.006939412809025813,EFA,"ARIMA(1,0,1)"
2020-09-08,-0.0021897312603208984,EFA,"ARIMA(1,0,1)"
2020-09-09,0.0038910521613335506,EFA,"ARIMA(1,0,1)"
2020-09-10,-0.005811652008627406,EFA,"ARIMA(1,0,1)"
2020-09-11,0.004833087899917648,EFA,"ARIMA(1,0,1)"
2020-09-14,-0.0039517338876647705,EFA,"ARIMA(1,0,1)"
2020-09-15,-0.00019618743015406174,EFA,"ARIMA(1,0,1)"
2020-09-16,-0.0014750046896698718,EFA,"ARIMA(1,0,1)"
2020-09-17,0.0005803310658397397,EFA,"ARIMA(1,0,1)"
2020-09-18,-0.0003643004363806959,EFA,"ARIMA(1,0,1)"
2020-09-21,0.002296800053819779,EFA,"ARIMA(1,0,1)"
2020-09-22,0.005949213008434226,EFA,"ARIMA(1,0,1)"
2020-09-23,-0.0016814205600326575,EFA,"ARIMA(1,0,1)"
2020-09-24,0.00260441758282328,EFA,"ARIMA(1,0,1)"
2020-09-25,-0.0005726160097998456,EFA,"ARIMA(1,0,1)"
2020-09-28,-0.0007410991857428279,EFA,"ARIMA(1,0,1)"
2020-09-29,-0.003588985793771534,EFA,"ARIMA(1,0,1)"
2020-09-30,0.0013710508507035655,EFA,"ARIMA(1,0,1)"
2020-10-01,0.0009267381417123769,EFA,"ARIMA(1,0,1)"
2020-10-02,-0.00157674362403156,EFA,"ARIMA(1,0,1)"
2020-10-05,0.0011635980967214246,EFA,"ARIMA(1,0,1)"
2020-10-06,-0.004048660140199563,EFA,"ARIMA(1,0,1)"
2020-10-07,0.004162206916282865,EFA,"ARIMA(1,0,1)"
2020-10-08,-0.0032073159341093724,EFA,"ARIMA(1,0,1)"
2020-10-09,-0.0006127708419515036,EFA,"ARIMA(1,0,1)"
2020-10-12,-0.00160817293258348,EFA,"ARIMA(1,0,1)"
2020-10-13,-0.0008238597906595898,EFA,"ARIMA(1,0,1)"
2020-10-14,0.0033311013038641144,EFA,"ARIMA(1,0,1)"
2020-10-15,-0.00044037433984788057,EFA,"ARIMA(1,0,1)"
2020-10-16,0.0032258367950222092,EFA,"ARIMA(1,0,1)"
2020-10-19,-0.0021497961541855543,EFA,"ARIMA(1,0,1)"
2020-10-20,0.001577497878675579,EFA,"ARIMA(1,0,1)"
2020-10-21,-0.0017685054653356683,EFA,"ARIMA(1,0,1)"
2020-10-22,0.0017311891865319912,EFA,"ARIMA(1,0,1)"
2020-10-23,-0.000768565630598738,EFA,"ARIMA(1,0,1)"
2020-10-26,-0.0015079093347626369,EFA,"ARIMA(1,0,1)"
2020-10-27,0.005064547911062602,EFA,"ARIMA(1,0,1)"
2020-10-28,0.000368218205169125,EFA,"ARIMA(1,0,1)"
2020-10-29,0.0073455247741417455,EFA,"ARIMA(1,0,1)"
2020-10-30,-0.0037986906735340744,EFA,"ARIMA(1,0,1)"
2020-11-02,0.002038192164942029,EFA,"ARIMA(1,0,1)"
2020-11-03,-0.0043758496227647254,EFA,"ARIMA(1,0,1)"
2020-11-04,-0.005614556293430114,EFA,"ARIMA(1,0,1)"
2020-11-05,-0.0012869356024048737,EFA,"ARIMA(1,0,1)"
2020-11-06,-0.005614534869964502,EFA,"ARIMA(1,0,1)"
2020-11-09,0.001138279505345392,EFA,"ARIMA(1,0,1)"
2020-11-10,-0.007415502452625251,EFA,"ARIMA(1,0,1)"
2020-11-11,0.00027720145857074575,EFA,"ARIMA(1,0,1)"
2020-11-12,-0.001914860474530272,EFA,"ARIMA(1,0,1)"
2020-11-13,0.004394237353302921,EFA,"ARIMA(1,0,1)"
2020-11-16,-0.0048991587542514935,EFA,"ARIMA(1,0,1)"
2020-11-17,-0.000697489850929309,EFA,"ARIMA(1,0,1)"
2020-11-18,0.0007598992123563661,EFA,"ARIMA(1,0,1)"
2020-11-19,0.0013353705767523516,EFA,"ARIMA(1,0,1)"
2020-11-20,-0.0018004471026333826,EFA,"ARIMA(1,0,1)"
2020-11-23,0.00020685781270209677,EFA,"ARIMA(1,0,1)"
2020-11-24,0.0005991039957319593,EFA,"ARIMA(1,0,1)"
2020-11-25,-0.0034302470261783563,EFA,"ARIMA(1,0,1)"
2020-11-27,0.001774111426639199,EFA,"ARIMA(1,0,1)"
2020-11-30,-0.001820299819773208,EFA,"ARIMA(1,0,1)"
2020-12-01,0.006343836315403727,EFA,"ARIMA(1,0,1)"
2020-12-02,-0.007357005847796789,EFA,"ARIMA(1,0,1)"
2020-12-03,0.0027664939785064144,EFA,"ARIMA(1,0,1)"
2020-12-04,-0.0007845995887016577,EFA,"ARIMA(1,0,1)"
2020-12-07,-0.0013294885754189807,EFA,"ARIMA(1,0,1)"
2020-12-08,0.0029068229862163585,EFA,"ARIMA(1,0,1)"
2020-12-09,-0.0012829263544909127,EFA,"ARIMA(1,0,1)"
2020-12-10,0.0005463399877316091,EFA,"ARIMA(1,0,1)"
2020-12-11,-3.977411580926855e-05,EFA,"ARIMA(1,0,1)"
2020-12-14,0.001193837615987805,EFA,"ARIMA(1,0,1)"
2020-12-15,-0.00015091747887338366,EFA,"ARIMA(1,0,1)"
2020-12-16,-0.002108610613618845,EFA,"ARIMA(1,0,1)"
2020-12-17,0.00010844027502083457,EFA,"ARIMA(1,0,1)"
2020-12-18,-0.0013048242779056753,EFA,"ARIMA(1,0,1)"
2020-12-21,0.002156972741740712,EFA,"ARIMA(1,0,1)"
2020-12-22,0.0029058042268811585,EFA,"ARIMA(1,0,1)"
2020-12-23,6.586403750248162e-05,EFA,"ARIMA(1,0,1)"
2020-12-24,-0.0022740133937833597,EFA,"ARIMA(1,0,1)"
2020-12-28,0.000996002554146608,EFA,"ARIMA(1,0,1)"
2020-12-29,-0.0018930894877798056,EFA,"ARIMA(1,0,1)"
2020-12-30,-0.0004991294486061349,EFA,"ARIMA(1,0,1)"
2020-12-31,0.0003069487386681157,EFA,"ARIMA(1,0,1)"
2021-01-04,0.0022043766355934733,EFA,"ARIMA(1,0,1)"
2021-01-05,-0.0015015714878252578,EFA,"ARIMA(1,0,1)"
2021-01-06,-0.0015396899283686262,EFA,"ARIMA(1,0,1)"
2021-01-07,-0.0017098333943312838,EFA,"ARIMA(1,0,1)"
2021-01-08,0.0008836862492082843,EFA,"ARIMA(1,0,1)"
2021-01-11,-0.0019032828012928637,EFA,"ARIMA(1,0,1)"
2021-01-12,0.004431575197546374,EFA,"ARIMA(1,0,1)"
2021-01-13,-0.0019189561469037325,EFA,"ARIMA(1,0,1)"
2021-01-14,0.0015096828106895357,EFA,"ARIMA(1,0,1)"
2021-01-15,-0.001819434710654106,EFA,"ARIMA(1,0,1)"
2021-01-19,0.004981446533382324,EFA,"ARIMA(1,0,1)"
2021-01-20,-0.002830575915795963,EFA,"ARIMA(1,0,1)"
2021-01-21,-0.00018374506617774267,EFA,"ARIMA(1,0,1)"
2021-01-22,0.00047833482344246034,EFA,"ARIMA(1,0,1)"
2021-01-25,0.0016227434551743668,EFA,"ARIMA(1,0,1)"
2021-01-26,0.0004139988178080062,EFA,"ARIMA(1,0,1)"
2021-01-27,0.0002306765441325658,EFA,"ARIMA(1,0,1)"
2021-01-28,0.006231464695506364,EFA,"ARIMA(1,0,1)"
2021-01-29,-0.0029445255531265753,EFA,"ARIMA(1,0,1)"
2021-02-01,0.0066497871558931785,EFA,"ARIMA(1,0,1)"
2021-02-02,-0.004451127328873252,EFA,"ARIMA(1,0,1)"
2021-02-03,-0.00044020104678475406,EFA,"ARIMA(1,0,1)"
2021-02-04,0.00015510516020948755,EFA,"ARIMA(1,0,1)"
2021-02-05,0.0002447069858339561,EFA,"ARIMA(1,0,1)"
2021-02-08,-0.001040541029856616,EFA,"ARIMA(1,0,1)"
2021-02-09,-0.0007474033521793725,EFA,"ARIMA(1,0,1)"
2021-02-10,-0.0004243676955473165,EFA,"ARIMA(1,0,1)"
2021-02-11,0.0016425638003085957,EFA,"ARIMA(1,0,1)"
2021-02-12,-0.0015434278304480803,EFA,"ARIMA(1,0,1)"
2021-02-16,-0.00017713873669055868,EFA,"ARIMA(1,0,1)"
2021-02-17,-0.0009534157976060519,EFA,"ARIMA(1,0,1)"
2021-02-18,0.0025569832997064815,EFA,"ARIMA(1,0,1)"
2021-02-19,0.0012018052865164853,EFA,"ARIMA(1,0,1)"
2021-02-22,-0.00031539517510838114,EFA,"ARIMA(1,0,1)"
2021-02-23,0.0015670398372370103,EFA,"ARIMA(1,0,1)"
2021-02-24,0.00030609440644775005,EFA,"ARIMA(1,0,1)"
2021-02-25,0.00025240931707196654,EFA,"ARIMA(1,0,1)"
2021-02-26,0.005554156610430415,EFA,"ARIMA(1,0,1)"
2021-03-01,0.0031727376621194007,EFA,"ARIMA(1,0,1)"
2021-03-02,-0.004585029513376205,EFA,"ARIMA(1,0,1)"
2021-03-03,0.0029459043924922887,EFA,"ARIMA(1,0,1)"
2021-03-04,0.001937465413139954,EFA,"ARIMA(1,0,1)"
2021-03-05,0.0029448992880788828,EFA,"ARIMA(1,0,1)"
2021-03-08,-0.0013402819923197405,EFA,"ARIMA(1,0,1)"
2021-03-09,0.002807569828807516,EFA,"ARIMA(1,0,1)"
2021-03-10,-0.0025967029414074687,EFA,"ARIMA(1,0,1)"
2021-03-11,0.0017756342693565435,EFA,"ARIMA(1,0,1)"
2021-03-12,-0.0006553179090509709,EFA,"ARIMA(1,0,1)"
2021-03-15,0.001959186189325098,EFA,"ARIMA(1,0,1)"
2021-03-16,0.0018136973898480236,EFA,"ARIMA(1,0,1)"
2021-03-17,0.0019412189706680435,EFA,"ARIMA(1,0,1)"
2021-03-18,0.0012400038185093017,EFA,"ARIMA(1,0,1)"
2021-03-19,0.0019895097056663253,EFA,"ARIMA(1,0,1)"
2021-03-22,0.003520757283829614,EFA,"ARIMA(1,0,1)"
2021-03-23,0.00012827304121511458,EFA,"ARIMA(1,0,1)"
2021-03-24,0.003982366228718528,EFA,"ARIMA(1,0,1)"
2021-03-25,0.002140110491830584,EFA,"ARIMA(1,0,1)"
2021-03-26,0.0001506734125416426,EFA,"ARIMA(1,0,1)"
2021-03-29,-7.964774741265885e-05,EFA,"ARIMA(1,0,1)"
2021-03-30,0.002985787962643251,EFA,"ARIMA(1,0,1)"
2021-03-31,0.0013599356942931846,EFA,"ARIMA(1,0,1)"
2021-04-01,0.0026714580466594066,EFA,"ARIMA(1,0,1)"
2021-04-05,-0.0006148792072747853,EFA,"ARIMA(1,0,1)"
2021-04-06,0.00035768094198570014,EFA,"ARIMA(1,0,1)"
2021-04-07,0.003848574092712372,EFA,"ARIMA(1,0,1)"
2021-04-08,0.00034320802937704226,EFA,"ARIMA(1,0,1)"
2021-04-09,0.0016455754373499137,EFA,"ARIMA(1,0,1)"
2021-04-12,0.0012765139018107276,EFA,"ARIMA(1,0,1)"
2021-04-13,0.0022935322058483267,EFA,"ARIMA(1,0,1)"
2021-04-14,0.00041691610639568114,EFA,"ARIMA(1,0,1)"
2021-04-15,0.0018585547142771811,EFA,"ARIMA(1,0,1)"
2021-04-16,0.00011668877410152701,EFA,"ARIMA(1,0,1)"
2021-04-19,0.0012928097885968172,EFA,"ARIMA(1,0,1)"
2021-04-20,0.0008496543534877038,EFA,"ARIMA(1,0,1)"
2021-04-21,0.001501447243910406,EFA,"ARIMA(1,0,1)"
2021-04-22,0.0029242555214322387,EFA,"ARIMA(1,0,1)"
2021-04-23,0.001743677065970915,EFA,"ARIMA(1,0,1)"
2021-04-26,-0.0024811828839649136,EFA,"ARIMA(1,0,1)"
2021-04-27,0.005028441126755906,EFA,"ARIMA(1,0,1)"
2021-04-28,-0.0006875697492696718,EFA,"ARIMA(1,0,1)"
2021-04-29,0.0004033076253558874,EFA,"ARIMA(1,0,1)"
2021-04-30,0.0014858048854994757,EFA,"ARIMA(1,0,1)"
2021-05-03,0.001835888124335797,EFA,"ARIMA(1,0,1)"
2021-05-04,-0.00175730209295405,EFA,"ARIMA(1,0,1)"
2021-05-05,0.00598943837948197,EFA,"ARIMA(1,0,1)"
2021-05-06,0.0012552322975663641,EFA,"ARIMA(1,0,1)"
2021-05-07,0.0030476949455153827,EFA,"ARIMA(1,0,1)"
2021-05-10,0.00032525931495379617,EFA,"ARIMA(1,0,1)"
2021-05-11,0.005208701762542268,EFA,"ARIMA(1,0,1)"
2021-05-12,0.0005042421690682824,EFA,"ARIMA(1,0,1)"
2021-05-13,0.003458779193220114,EFA,"ARIMA(1,0,1)"
2021-05-14,-0.0024448948167569698,EFA,"ARIMA(1,0,1)"
2021-05-17,0.0032426076290008863,EFA,"ARIMA(1,0,1)"
2021-05-18,0.0010140338012999735,EFA,"ARIMA(1,0,1)"
2021-05-19,0.001335593656073403,EFA,"ARIMA(1,0,1)"
2021-05-20,0.001430866210887331,EFA,"ARIMA(1,0,1)"
2021-05-21,-0.0011781327684886743,EFA,"ARIMA(1,0,1)"
2021-05-24,0.0012049551407396566,EFA,"ARIMA(1,0,1)"
2021-05-25,0.0009623047924500745,EFA,"ARIMA(1,0,1)"
2021-05-26,0.002197177258439835,EFA,"ARIMA(1,0,1)"
2021-05-27,0.0011502245262634922,EFA,"ARIMA(1,0,1)"
2021-05-28,0.0013657322386393337,EFA,"ARIMA(1,0,1)"
2021-06-01,0.0002739008020659576,EFA,"ARIMA(1,0,1)"
2021-06-02,0.0018047399305134461,EFA,"ARIMA(1,0,1)"
2021-06-03,0.00048015525266226623,EFA,"ARIMA(1,0,1)"
2021-06-04,0.0016767445295489526,EFA,"ARIMA(1,0,1)"
2021-06-07,-0.00048808318634027486,EFA,"ARIMA(1,0,1)"
2021-06-08,0.0016471526493846518,EFA,"ARIMA(1,0,1)"
2021-06-09,0.0005705954772236947,EFA,"ARIMA(1,0,1)"
2021-06-10,0.0017804485290798969,EFA,"ARIMA(1,0,1)"
2021-06-11,0.000511641823813991,EFA,"ARIMA(1,0,1)"
2021-06-14,0.0019554029767881956,EFA,"ARIMA(1,0,1)"
2021-06-15,0.0006606429534057269,EFA,"ARIMA(1,0,1)"
2021-06-16,0.0017365124709941668,EFA,"ARIMA(1,0,1)"
2021-06-17,0.0017831196188771085,EFA,"ARIMA(1,0,1)"
2021-06-18,0.0017681703314865137,EFA,"ARIMA(1,0,1)"
2021-06-21,0.0029300418898346335,EFA,"ARIMA(1,0,1)"
2021-06-22,-0.0021878485298932712,EFA,"ARIMA(1,0,1)"
2021-06-23,0.003123958736429373,EFA,"ARIMA(1,0,1)"
2021-06-24,0.00047383916993506796,EFA,"ARIMA(1,0,1)"
2021-06-25,0.0014808626868447737,EFA,"ARIMA(1,0,1)"
2021-06-28,0.001647993330903632,EFA,"ARIMA(1,0,1)"
2021-06-29,0.001296025824468427,EFA,"ARIMA(1,0,1)"
2021-06-30,0.0008761051766021613,EFA,"ARIMA(1,0,1)"
2021-07-01,0.0024192736715835076,EFA,"ARIMA(1,0,1)"
2021-07-02,-0.0005473199300701449,EFA,"ARIMA(1,0,1)"
2021-07-06,0.0012069115887878691,EFA,"ARIMA(1,0,1)"
2021-07-07,0.0010476664783802259,EFA,"ARIMA(1,0,1)"
2021-07-08,0.0008125274420995555,EFA,"ARIMA(1,0,1)"
2021-07-09,0.0010660197569730416,EFA,"ARIMA(1,0,1)"
2021-07-12,-0.002055043165871551,EFA,"ARIMA(1,0,1)"
2021-07-13,0.0022177103592186925,EFA,"ARIMA(1,0,1)"
2021-07-14,-0.00028708110026022244,EFA,"ARIMA(1,0,1)"
2021-07-15,0.002087875334716808,EFA,"ARIMA(1,0,1)"
2021-07-16,0.0010615444544153241,EFA,"ARIMA(1,0,1)"
2021-07-19,0.0011578022072720113,EFA,"ARIMA(1,0,1)"
2021-07-20,0.0007667606550068998,EFA,"ARIMA(1,0,1)"
2021-07-21,0.0008076767106113886,EFA,"ARIMA(1,0,1)"
2021-07-22,0.0008096030158881857,EFA,"ARIMA(1,0,1)"
2021-07-23,0.0010315457662134879,EFA,"ARIMA(1,0,1)"
2021-07-26,0.0008400803851462943,EFA,"ARIMA(1,0,1)"
2021-07-27,0.0011083007114606803,EFA,"ARIMA(1,0,1)"
2021-07-28,0.0009047391079787506,EFA,"ARIMA(1,0,1)"
2021-07-29,0.0006556088494610876,EFA,"ARIMA(1,0,1)"
2021-07-30,0.0003992008564708908,EFA,"ARIMA(1,0,1)"
2021-08-02,0.002012852626096218,EFA,"ARIMA(1,0,1)"
2021-08-03,0.000746206983595168,EFA,"ARIMA(1,0,1)"
2021-08-04,0.0008408428557205626,EFA,"ARIMA(1,0,1)"
2021-08-05,0.0013629490029311326,EFA,"ARIMA(1,0,1)"
2021-08-06,0.00023420493091780292,EFA,"ARIMA(1,0,1)"
2021-08-09,0.0014407051902180113,EFA,"ARIMA(1,0,1)"
2021-08-10,0.0010631537519025928,EFA,"ARIMA(1,0,1)"
2021-08-11,0.0009512939242041437,EFA,"ARIMA(1,0,1)"
2021-08-12,0.0002829291089602797,EFA,"ARIMA(1,0,1)"
2021-08-13,0.0010742971349564723,EFA,"ARIMA(1,0,1)"
2021-08-16,0.00048230713424342347,EFA,"ARIMA(1,0,1)"
2021-08-17,0.0015451395263822512,EFA,"ARIMA(1,0,1)"
2021-08-18,0.0014920652642227182,EFA,"ARIMA(1,0,1)"
2021-08-19,0.0011620416752302122,EFA,"ARIMA(1,0,1)"
2021-08-20,0.0020331863813920514,EFA,"ARIMA(1,0,1)"
2021-08-23,0.0006705058760015187,EFA,"ARIMA(1,0,1)"
2021-08-24,0.0004838925113230297,EFA,"ARIMA(1,0,1)"
2021-08-25,0.001023634983845462,EFA,"ARIMA(1,0,1)"
2021-08-26,0.0009519445800541031,EFA,"ARIMA(1,0,1)"
2021-08-27,0.001400433490854453,EFA,"ARIMA(1,0,1)"
2021-08-30,-0.000373255968729317,EFA,"ARIMA(1,0,1)"
2021-08-31,0.0009885833709244124,EFA,"ARIMA(1,0,1)"
2021-09-01,0.0005892594596708094,EFA,"ARIMA(1,0,1)"
2021-09-02,0.00029624599098006894,EFA,"ARIMA(1,0,1)"
2021-09-03,0.0010036618357245782,EFA,"ARIMA(1,0,1)"
2021-09-07,0.0006578612280972714,EFA,"ARIMA(1,0,1)"
2021-09-08,0.001304383613059546,EFA,"ARIMA(1,0,1)"
2021-09-09,0.0016293897143476609,EFA,"ARIMA(1,0,1)"
2021-09-10,0.0011385306880251113,EFA,"ARIMA(1,0,1)"
2021-09-13,0.0010222023876544563,EFA,"ARIMA(1,0,1)"
2021-09-14,0.00025209378150204656,EFA,"ARIMA(1,0,1)"
2021-09-15,0.0012331016543602681,EFA,"ARIMA(1,0,1)"
2021-09-16,0.0008631785247134841,EFA,"ARIMA(1,0,1)"
2021-09-17,0.0010854865656429124,EFA,"ARIMA(1,0,1)"
2021-09-20,0.0017503415495731416,EFA,"ARIMA(1,0,1)"
2021-09-21,0.0008538952744313251,EFA,"ARIMA(1,0,1)"
2021-09-22,0.0004979666389754418,EFA,"ARIMA(1,0,1)"
2021-09-23,0.0014780513415889203,EFA,"ARIMA(1,0,1)"
2021-09-24,0.000518767723606289,EFA,"ARIMA(1,0,1)"
2021-09-27,0.001697194918651065,EFA,"ARIMA(1,0,1)"
2021-09-28,0.0011659949958814728,EFA,"ARIMA(1,0,1)"
2021-09-29,0.002271786133015346,EFA,"ARIMA(1,0,1)"
2021-09-30,0.001104377129049233,EFA,"ARIMA(1,0,1)"
2021-10-01,0.0021120378721731616,EFA,"ARIMA(1,0,1)"
2021-10-04,0.0008064350378766224,EFA,"ARIMA(1,0,1)"
2021-10-05,0.001439451628592633,EFA,"ARIMA(1,0,1)"
2021-10-06,0.0005405151399350788,EFA,"ARIMA(1,0,1)"
2021-10-07,0.0011686866990378891,EFA,"ARIMA(1,0,1)"
2021-10-08,-0.0009352974975081412,EFA,"ARIMA(1,0,1)"
2021-10-11,0.0008375550297505779,EFA,"ARIMA(1,0,1)"
2021-10-12,0.00032184512260172247,EFA,"ARIMA(1,0,1)"
2021-10-13,0.0010341902072429645,EFA,"ARIMA(1,0,1)"
2021-10-14,0.00033525729570560144,EFA,"ARIMA(1,0,1)"
2021-10-15,0.0003909307031686403,EFA,"ARIMA(1,0,1)"
2021-10-18,0.0009468804748883533,EFA,"ARIMA(1,0,1)"
2021-10-19,0.0009115410775144535,EFA,"ARIMA(1,0,1)"
2021-10-20,0.0009500848269670556,EFA,"ARIMA(1,0,1)"
2021-10-21,0.0009427494801950784,EFA,"ARIMA(1,0,1)"
2021-10-22,0.0009434060430052997,EFA,"ARIMA(1,0,1)"
2021-10-25,0.0009634887528234414,EFA,"ARIMA(1,0,1)"
2021-10-26,0.0009306027718815338,EFA,"ARIMA(1,0,1)"
2021-10-27,0.0009627869274972386,EFA,"ARIMA(1,0,1)"
2021-10-28,0.0013879423478727673,EFA,"ARIMA(1,0,1)"
2021-10-29,0.0006151264091432734,EFA,"ARIMA(1,0,1)"
2021-11-01,0.0026373947446485676,EFA,"ARIMA(1,0,1)"
2021-11-02,0.0006317866463894386,EFA,"ARIMA(1,0,1)"
2021-11-03,0.003091611435771697,EFA,"ARIMA(1,0,1)"
2021-11-04,-0.0007412520015353547,EFA,"ARIMA(1,0,1)"
2021-11-05,0.0016269271886988448,EFA,"ARIMA(1,0,1)"
2021-11-08,0.000861434640354232,EFA,"ARIMA(1,0,1)"
2021-11-09,0.0007952206258212165,EFA,"ARIMA(1,0,1)"
2021-11-10,0.0012871830805491848,EFA,"ARIMA(1,0,1)"
2021-11-11,0.002579773333558732,EFA,"ARIMA(1,0,1)"
2021-11-12,0.0006583142313198103,EFA,"ARIMA(1,0,1)"
2021-11-15,7.402382929510621e-05,EFA,"ARIMA(1,0,1)"
2021-11-16,0.0010027616888157792,EFA,"ARIMA(1,0,1)"
2021-11-17,0.001112646950599763,EFA,"ARIMA(1,0,1)"
2021-11-18,0.0009773498233393869,EFA,"ARIMA(1,0,1)"
2021-11-19,0.0006668357643082102,EFA,"ARIMA(1,0,1)"
2021-11-22,0.00193617106927299,EFA,"ARIMA(1,0,1)"
2021-11-23,0.0015756504792126822,EFA,"ARIMA(1,0,1)"
2021-11-24,0.000884634989865434,EFA,"ARIMA(1,0,1)"
2021-11-26,0.0014481905995347324,EFA,"ARIMA(1,0,1)"
2021-11-29,0.002765119108167978,EFA,"ARIMA(1,0,1)"
2021-11-30,0.0005290215025521357,EFA,"ARIMA(1,0,1)"
2021-12-01,0.0015479194553325397,EFA,"ARIMA(1,0,1)"
2021-12-02,0.0006671663356844668,EFA,"ARIMA(1,0,1)"
2021-12-03,-0.0006845667791874643,EFA,"ARIMA(1,0,1)"
2021-12-06,0.0008074283422692288,EFA,"ARIMA(1,0,1)"
2021-12-07,-0.0006056413791771569,EFA,"ARIMA(1,0,1)"
2021-12-08,-0.0010853796214610467,EFA,"ARIMA(1,0,1)"
2021-12-09,0.0006003643152670071,EFA,"ARIMA(1,0,1)"
2021-12-10,0.0010287295241670426,EFA,"ARIMA(1,0,1)"
2021-12-13,0.00041296617795767926,EFA,"ARIMA(1,0,1)"
2021-12-14,0.001221974961177115,EFA,"ARIMA(1,0,1)"
2021-12-15,0.0008746805985536069,EFA,"ARIMA(1,0,1)"
2021-12-16,-0.00046208330440167294,EFA,"ARIMA(1,0,1)"
2021-12-17,0.00017212220953352405,EFA,"ARIMA(1,0,1)"
2021-12-20,0.0013742141070032382,EFA,"ARIMA(1,0,1)"
2021-12-21,0.000991902144280681,EFA,"ARIMA(1,0,1)"
2021-12-22,-0.00023383217374153012,EFA,"ARIMA(1,0,1)"
2021-12-23,-0.0005467799546705456,EFA,"ARIMA(1,0,1)"
2021-12-27,-0.0006142579298567137,EFA,"ARIMA(1,0,1)"
2021-12-28,-0.0005272172936212286,EFA,"ARIMA(1,0,1)"
2021-12-29,5.4500948480584244e-05,EFA,"ARIMA(1,0,1)"
2021-12-30,0.00034570534748420105,EFA,"ARIMA(1,0,1)"
2021-12-31,0.0006275569881569788,EFA,"ARIMA(1,0,1)"
2022-01-03,0.0006185023602865722,EFA,"ARIMA(1,0,1)"
2022-01-04,-6.522800714744872e-05,EFA,"ARIMA(1,0,1)"
2022-01-05,-0.0002656005411279093,EFA,"ARIMA(1,0,1)"
2022-01-06,0.0007165036770806293,EFA,"ARIMA(1,0,1)"
2022-01-07,0.0008212935105358556,EFA,"ARIMA(1,0,1)"
2022-01-10,0.00034354571608135296,EFA,"ARIMA(1,0,1)"
2022-01-11,0.0013843731943805936,EFA,"ARIMA(1,0,1)"
2022-01-12,8.028083564117091e-05,EFA,"ARIMA(1,0,1)"
2022-01-13,-6.450152453455968e-06,EFA,"ARIMA(1,0,1)"
2022-01-14,0.000875314832313798,EFA,"ARIMA(1,0,1)"
2022-01-18,0.0005557305164620701,EFA,"ARIMA(1,0,1)"
2022-01-19,0.0013041395102078952,EFA,"ARIMA(1,0,1)"
2022-01-20,0.001193213300977903,EFA,"ARIMA(1,0,1)"
2022-01-21,0.0016375359910568545,EFA,"ARIMA(1,0,1)"
2022-01-24,0.002266182427763187,EFA,"ARIMA(1,0,1)"
2022-01-25,0.00165631715968554,EFA,"ARIMA(1,0,1)"
2022-01-26,0.00042881648714788133,EFA,"ARIMA(1,0,1)"
2022-01-27,0.00020066549508813834,EFA,"ARIMA(1,0,1)"
2022-01-28,0.000156754758792319,EFA,"ARIMA(1,0,1)"
2022-01-31,0.0002532538246829442,EFA,"ARIMA(1,0,1)"
2022-02-01,0.00026674064016119235,EFA,"ARIMA(1,0,1)"
2022-02-02,0.00026259001059113923,EFA,"ARIMA(1,0,1)"
2022-02-03,0.0002824904729157856,EFA,"ARIMA(1,0,1)"
2022-02-04,0.00021721365949567225,EFA,"ARIMA(1,0,1)"
2022-02-07,0.0001977967087528923,EFA,"ARIMA(1,0,1)"
2022-02-08,0.00018135753453658803,EFA,"ARIMA(1,0,1)"
2022-02-09,0.00017739331541421946,EFA,"ARIMA(1,0,1)"
2022-02-10,0.00025282309403700323,EFA,"ARIMA(1,0,1)"
2022-02-11,0.00017550293865880443,EFA,"ARIMA(1,0,1)"
2022-02-14,9.360466780570457e-05,EFA,"ARIMA(1,0,1)"
2022-02-15,4.297415914420617e-05,EFA,"ARIMA(1,0,1)"
2022-02-16,0.00013476766442944196,EFA,"ARIMA(1,0,1)"
2022-02-17,0.00017360393587758196,EFA,"ARIMA(1,0,1)"
2022-02-18,9.500292040570842e-05,EFA,"ARIMA(1,0,1)"
2022-02-22,8.695197470342582e-05,EFA,"ARIMA(1,0,1)"
2022-02-23,3.625885206011997e-05,EFA,"ARIMA(1,0,1)"
2022-02-24,-8.835948961142584e-06,EFA,"ARIMA(1,0,1)"
2022-02-25,6.052850935457786e-06,EFA,"ARIMA(1,0,1)"
2022-02-28,0.000160403821335178,EFA,"ARIMA(1,0,1)"
2022-03-01,9.559498906465907e-06,EFA,"ARIMA(1,0,1)"
2022-03-02,-7.273169251322276e-05,EFA,"ARIMA(1,0,1)"
2022-03-03,1.7587675118438165e-06,EFA,"ARIMA(1,0,1)"
2022-03-04,0.0014223168616896151,EFA,"ARIMA(1,0,1)"
2022-03-07,7.962844479273876e-05,EFA,"ARIMA(1,0,1)"
2022-03-08,-0.001372850317605514,EFA,"ARIMA(1,0,1)"
2022-03-09,-0.00023462666639088614,EFA,"ARIMA(1,0,1)"
2022-03-10,-0.0009092818048857148,EFA,"ARIMA(1,0,1)"
2022-03-11,-0.00019490284495914117,EFA,"ARIMA(1,0,1)"
2022-03-14,7.123757558251273e-05,EFA,"ARIMA(1,0,1)"
2022-03-15,-0.00016262101063264906,EFA,"ARIMA(1,0,1)"
2022-03-16,9.114255441482102e-07,EFA,"ARIMA(1,0,1)"
2022-03-17,0.0012468386513134293,EFA,"ARIMA(1,0,1)"
2022-03-18,0.0006472679754328237,EFA,"ARIMA(1,0,1)"
2022-03-21,0.0005197877266897407,EFA,"ARIMA(1,0,1)"
2022-03-22,-0.00021228789924010195,EFA,"ARIMA(1,0,1)"
2022-03-23,0.000421168695314829,EFA,"ARIMA(1,0,1)"
2022-03-24,-5.494019061244701e-05,EFA,"ARIMA(1,0,1)"
2022-03-25,0.0002088215209247314,EFA,"ARIMA(1,0,1)"
2022-03-28,6.815288926653562e-05,EFA,"ARIMA(1,0,1)"
2022-03-29,-2.1108704908726274e-05,EFA,"ARIMA(1,0,1)"
2022-03-30,0.0006001559287933938,EFA,"ARIMA(1,0,1)"
2022-03-31,0.00023646404115415339,EFA,"ARIMA(1,0,1)"
2022-04-01,-0.0005511380621731587,EFA,"ARIMA(1,0,1)"
2022-04-04,4.3384735656485914e-05,EFA,"ARIMA(1,0,1)"
2022-04-05,0.0001261111692380301,EFA,"ARIMA(1,0,1)"
2022-04-06,-0.0003600406679831611,EFA,"ARIMA(1,0,1)"
2022-04-07,-0.0005772862017634185,EFA,"ARIMA(1,0,1)"
2022-04-08,-0.00013408019950897446,EFA,"ARIMA(1,0,1)"
2022-04-11,-9.958686532414223e-05,EFA,"ARIMA(1,0,1)"
2022-04-12,-0.0004660264391575051,EFA,"ARIMA(1,0,1)"
2022-04-13,-0.00047669400369199685,EFA,"ARIMA(1,0,1)"
2022-04-14,6.382054820859942e-05,EFA,"ARIMA(1,0,1)"
2022-04-18,-0.0003543940060046652,EFA,"ARIMA(1,0,1)"
2022-04-19,-0.0004732821629871635,EFA,"ARIMA(1,0,1)"
2022-04-20,2.539329886219269e-05,EFA,"ARIMA(1,0,1)"
2022-04-21,5.16306543453071e-05,EFA,"ARIMA(1,0,1)"
2022-04-22,-0.0006164170577351118,EFA,"ARIMA(1,0,1)"
2022-04-25,-0.000977310105279646,EFA,"ARIMA(1,0,1)"
2022-04-26,-0.0004735098883566384,EFA,"ARIMA(1,0,1)"
2022-04-27,-0.0019223609864421965,EFA,"ARIMA(1,0,1)"
2022-04-28,6.331177674821531e-05,EFA,"ARIMA(1,0,1)"
2022-04-29,0.00030805925545436243,EFA,"ARIMA(1,0,1)"
2022-05-02,-0.0013520029471307058,EFA,"ARIMA(1,0,1)"
2022-05-03,-0.0002376709036366134,EFA,"ARIMA(1,0,1)"
2022-05-04,-1.0532943153391812e-06,EFA,"ARIMA(1,0,1)"
2022-05-05,0.001126314678831141,EFA,"ARIMA(1,0,1)"
2022-05-06,-0.001932771858277587,EFA,"ARIMA(1,0,1)"
2022-05-09,-4.057449678657621e-05,EFA,"ARIMA(1,0,1)"
2022-05-10,-0.0024499472061803493,EFA,"ARIMA(1,0,1)"
2022-05-11,-6.038538767031169e-05,EFA,"ARIMA(1,0,1)"
2022-05-12,-0.0008910211111509928,EFA,"ARIMA(1,0,1)"
2022-05-13,-0.0005752511523077878,EFA,"ARIMA(1,0,1)"
2022-05-16,0.00046976122641338854,EFA,"ARIMA(1,0,1)"
2022-05-17,-0.0009209065632086583,EFA,"ARIMA(1,0,1)"
2022-05-18,0.0005531147724425641,EFA,"ARIMA(1,0,1)"
2022-05-19,-0.0010711371938325856,EFA,"ARIMA(1,0,1)"
2022-05-20,-0.0004751476535761425,EFA,"ARIMA(1,0,1)"
2022-05-23,-0.0004106147246506904,EFA,"ARIMA(1,0,1)"
2022-05-24,-0.00011972980732256444,EFA,"ARIMA(1,0,1)"
2022-05-25,-0.0004355730452403249,EFA,"ARIMA(1,0,1)"
2022-05-26,-0.0004650274079248264,EFA,"ARIMA(1,0,1)"
2022-05-27,-0.00024918195127699924,EFA,"ARIMA(1,0,1)"
2022-05-31,-0.00010551290956618608,EFA,"ARIMA(1,0,1)"
2022-06-01,-0.0005521557529956402,EFA,"ARIMA(1,0,1)"
2022-06-02,-0.0007569401968152369,EFA,"ARIMA(1,0,1)"
2022-06-03,-9.822887876435535e-05,EFA,"ARIMA(1,0,1)"
2022-06-06,-0.0005435956349673061,EFA,"ARIMA(1,0,1)"
2022-06-07,-0.0004949221729342281,EFA,"ARIMA(1,0,1)"
2022-06-08,-0.00047384073156174044,EFA,"ARIMA(1,0,1)"
2022-06-09,-0.0005453352951256639,EFA,"ARIMA(1,0,1)"
2022-06-10,-0.0008662373472358174,EFA,"ARIMA(1,0,1)"
2022-06-13,-0.0013446297381734386,EFA,"ARIMA(1,0,1)"
2022-06-14,-0.0022509522357938507,EFA,"ARIMA(1,0,1)"
2022-06-15,-0.0007464483471285317,EFA,"ARIMA(1,0,1)"
2022-06-16,0.0003330425108150894,EFA,"ARIMA(1,0,1)"
2022-06-17,-0.0024020506912600906,EFA,"ARIMA(1,0,1)"
2022-06-21,3.947566141558135e-06,EFA,"ARIMA(1,0,1)"
2022-06-22,-0.0006744791448579423,EFA,"ARIMA(1,0,1)"
2022-06-23,-0.0011540154502587725,EFA,"ARIMA(1,0,1)"
2022-06-24,-0.0005676469896066108,EFA,"ARIMA(1,0,1)"
2022-06-27,0.0005744525748865271,EFA,"ARIMA(1,0,1)"
2022-06-28,-0.0018963034331197916,EFA,"ARIMA(1,0,1)"
2022-06-29,0.00018041022567110972,EFA,"ARIMA(1,0,1)"
2022-06-30,-0.001616294429454581,EFA,"ARIMA(1,0,1)"
2022-07-01,-0.00022230715764899253,EFA,"ARIMA(1,0,1)"
2022-07-05,-0.0010876398413991264,EFA,"ARIMA(1,0,1)"
2022-07-06,-0.001308472760201215,EFA,"ARIMA(1,0,1)"
2022-07-07,0.00016870416072576645,EFA,"ARIMA(1,0,1)"
2022-07-08,-0.000643116895906399,EFA,"ARIMA(1,0,1)"
2022-07-11,-0.0007508859197062677,EFA,"ARIMA(1,0,1)"
2022-07-12,-0.0017113522872177788,EFA,"ARIMA(1,0,1)"
2022-07-13,-0.00013583276919073661,EFA,"ARIMA(1,0,1)"
2022-07-14,-0.0014406624099499248,EFA,"ARIMA(1,0,1)"
2022-07-15,-0.0010840303062866962,EFA,"ARIMA(1,0,1)"
2022-07-18,8.610578458417785e-05,EFA,"ARIMA(1,0,1)"
2022-07-19,-0.0013462336417507186,EFA,"ARIMA(1,0,1)"
2022-07-20,0.0013330027608061223,EFA,"ARIMA(1,0,1)"
2022-07-21,-0.002372295223581284,EFA,"ARIMA(1,0,1)"
2022-07-22,0.0013203808256797122,EFA,"ARIMA(1,0,1)"
2022-07-25,-0.0023341787179230753,EFA,"ARIMA(1,0,1)"
2022-07-26,0.0010410369676465995,EFA,"ARIMA(1,0,1)"
2022-07-27,-0.0021104073030418537,EFA,"ARIMA(1,0,1)"
2022-07-28,0.0007651721629817898,EFA,"ARIMA(1,0,1)"
2022-07-29,-0.002012226805346109,EFA,"ARIMA(1,0,1)"
2022-08-01,0.00037615677890268985,EFA,"ARIMA(1,0,1)"
2022-08-02,-0.0013809702537774004,EFA,"ARIMA(1,0,1)"
2022-08-03,-0.0007009530355900339,EFA,"ARIMA(1,0,1)"
2022-08-04,-0.0005830071330229234,EFA,"ARIMA(1,0,1)"
2022-08-05,-0.0005830431127466444,EFA,"ARIMA(1,0,1)"
2022-08-08,-0.000940401852998959,EFA,"ARIMA(1,0,1)"
2022-08-09,-0.000355010190637832,EFA,"ARIMA(1,0,1)"
2022-08-10,-0.0010275997606365981,EFA,"ARIMA(1,0,1)"
2022-08-11,3.278052615106851e-05,EFA,"ARIMA(1,0,1)"
2022-08-12,-0.0010857433941104614,EFA,"ARIMA(1,0,1)"
2022-08-15,-0.00012544291021071162,EFA,"ARIMA(1,0,1)"
2022-08-16,-0.0010047013987175264,EFA,"ARIMA(1,0,1)"
2022-08-17,-0.0004124976363415143,EFA,"ARIMA(1,0,1)"
2022-08-18,-0.0008625037761675628,EFA,"ARIMA(1,0,1)"
2022-08-19,-0.0005317688081078548,EFA,"ARIMA(1,0,1)"
2022-08-22,-0.0010069337743995356,EFA,"ARIMA(1,0,1)"
2022-08-23,-0.0006714612314457459,EFA,"ARIMA(1,0,1)"
2022-08-24,-0.0007996065796298753,EFA,"ARIMA(1,0,1)"
2022-08-25,-0.0007033225311081971,EFA,"ARIMA(1,0,1)"
2022-08-26,-0.00040627833375383624,EFA,"ARIMA(1,0,1)"
2022-08-29,-0.0013544683499516364,EFA,"ARIMA(1,0,1)"
2022-08-30,-0.0005915946516754365,EFA,"ARIMA(1,0,1)"
2022-08-31,-0.0010859264370363633,EFA,"ARIMA(1,0,1)"
2022-09-01,-0.0008054881707819114,EFA,"ARIMA(1,0,1)"
2022-09-02,-0.0012731039694210337,EFA,"ARIMA(1,0,1)"
2022-09-06,-0.0009389398796465327,EFA,"ARIMA(1,0,1)"
2022-09-07,-0.0011703324994908337,EFA,"ARIMA(1,0,1)"
2022-09-08,-0.0007969446347965408,EFA,"ARIMA(1,0,1)"
2022-09-09,-0.0011137300617326718,EFA,"ARIMA(1,0,1)"
2022-09-12,-0.0002487046708785749,EFA,"ARIMA(1,0,1)"
2022-09-13,-0.0007653108190899865,EFA,"ARIMA(1,0,1)"
2022-09-14,-0.001657835135832382,EFA,"ARIMA(1,0,1)"
2022-09-15,-0.0006308481773845325,EFA,"ARIMA(1,0,1)"
2022-09-16,-0.0011962448586980798,EFA,"ARIMA(1,0,1)"
2022-09-19,-0.0009014741603595394,EFA,"ARIMA(1,0,1)"
2022-09-20,-0.0010511867393732505,EFA,"ARIMA(1,0,1)"
2022-09-21,-0.000960413688135488,EFA,"ARIMA(1,0,1)"
2022-09-22,-0.0010502194564344879,EFA,"ARIMA(1,0,1)"
2022-09-23,-0.0010832377770223815,EFA,"ARIMA(1,0,1)"
2022-09-26,-0.0012531703689966844,EFA,"ARIMA(1,0,1)"
2022-09-27,-0.001655910936663147,EFA,"ARIMA(1,0,1)"
2022-09-28,-0.0028328967975288838,EFA,"ARIMA(1,0,1)"
2022-09-29,-0.0004422641323741372,EFA,"ARIMA(1,0,1)"
2022-09-30,-0.001155902352237435,EFA,"ARIMA(1,0,1)"
2022-10-03,-0.001153674804552906,EFA,"ARIMA(1,0,1)"
2022-10-04,-0.0006710573927553857,EFA,"ARIMA(1,0,1)"
2022-10-05,0.00048402696152043557,EFA,"ARIMA(1,0,1)"
2022-10-06,-0.0013094804210026932,EFA,"ARIMA(1,0,1)"
2022-10-07,0.00048719819722854805,EFA,"ARIMA(1,0,1)"
2022-10-10,-0.0020573033619167022,EFA,"ARIMA(1,0,1)"
2022-10-11,-0.0006306456798890485,EFA,"ARIMA(1,0,1)"
2022-10-12,-0.00213723365861252,EFA,"ARIMA(1,0,1)"
2022-10-13,-0.00035347420647286777,EFA,"ARIMA(1,0,1)"
2022-10-14,-0.0005945694572549944,EFA,"ARIMA(1,0,1)"
2022-10-17,-0.0019434133599053216,EFA,"ARIMA(1,0,1)"
2022-10-18,-0.00012037701010792498,EFA,"ARIMA(1,0,1)"
2022-10-19,-0.0018116493562921941,EFA,"ARIMA(1,0,1)"
2022-10-20,-0.0009481191313489843,EFA,"ARIMA(1,0,1)"
2022-10-21,-0.0014605567616972055,EFA,"ARIMA(1,0,1)"
2022-10-24,-0.00033893839897518254,EFA,"ARIMA(1,0,1)"
2022-10-25,-0.001780541279010314,EFA,"ARIMA(1,0,1)"
2022-10-26,-9.091992606690704e-05,EFA,"ARIMA(1,0,1)"
2022-10-27,-0.0006307388371774817,EFA,"ARIMA(1,0,1)"
2022-10-28,-0.002908289760926318,EFA,"ARIMA(1,0,1)"
2022-10-31,-0.0006759044110610322,EFA,"ARIMA(1,0,1)"
2022-11-01,-0.0013228008901081893,EFA,"ARIMA(1,0,1)"
2022-11-02,-0.00044819941755327997,EFA,"ARIMA(1,0,1)"
2022-11-03,-0.0018065253492338975,EFA,"ARIMA(1,0,1)"
2022-11-04,-0.000305549095729852,EFA,"ARIMA(1,0,1)"
2022-11-07,-0.0019682761608342697,EFA,"ARIMA(1,0,1)"
2022-11-08,-6.037610647215835e-05,EFA,"ARIMA(1,0,1)"
2022-11-09,-0.0006409584028421195,EFA,"ARIMA(1,0,1)"
2022-11-10,-0.0019166631678954576,EFA,"ARIMA(1,0,1)"
2022-11-11,-0.0007455512225402356,EFA,"ARIMA(1,0,1)"
2022-11-14,-9.433435081083184e-05,EFA,"ARIMA(1,0,1)"
2022-11-15,-0.0010102355188734502,EFA,"ARIMA(1,0,1)"
2022-11-16,-0.0005329101944152642,EFA,"ARIMA(1,0,1)"
2022-11-17,-0.0007543764779016105,EFA,"ARIMA(1,0,1)"
2022-11-18,-0.0007043072158711367,EFA,"ARIMA(1,0,1)"
2022-11-21,-0.0006419115221152532,EFA,"ARIMA(1,0,1)"
2022-11-22,-0.0008623086338186515,EFA,"ARIMA(1,0,1)"
2022-11-23,-0.0006257998997834101,EFA,"ARIMA(1,0,1)"
2022-11-25,-0.0003025947152984186,EFA,"ARIMA(1,0,1)"
2022-11-28,-0.0004089755504137985,EFA,"ARIMA(1,0,1)"
2022-11-29,-0.0017856945217447216,EFA,"ARIMA(1,0,1)"
2022-11-30,0.0010003000618608738,EFA,"ARIMA(1,0,1)"
2022-12-01,-0.0010714734351732064,EFA,"ARIMA(1,0,1)"
2022-12-02,0.0009089588905146998,EFA,"ARIMA(1,0,1)"
2022-12-05,-0.001329176173454186,EFA,"ARIMA(1,0,1)"
2022-12-06,0.00011066544626293375,EFA,"ARIMA(1,0,1)"
2022-12-07,-0.0003505581642626352,EFA,"ARIMA(1,0,1)"
2022-12-08,-0.0005657899137670394,EFA,"ARIMA(1,0,1)"
2022-12-09,-0.00033623961846964985,EFA,"ARIMA(1,0,1)"
2022-12-12,-0.0006058918785417364,EFA,"ARIMA(1,0,1)"
2022-12-13,-0.0003023557842380645,EFA,"ARIMA(1,0,1)"
2022-12-14,-9.835775632883987e-05,EFA,"ARIMA(1,0,1)"
2022-12-15,-0.0006223457553613202,EFA,"ARIMA(1,0,1)"
2022-12-16,-0.001154603017389395,EFA,"ARIMA(1,0,1)"
2022-12-19,-0.0003814560520117561,EFA,"ARIMA(1,0,1)"
2022-12-20,-0.0007586367152924759,EFA,"ARIMA(1,0,1)"
2022-12-21,-0.00020701417665978743,EFA,"ARIMA(1,0,1)"
2022-12-22,-0.0003335139478946661,EFA,"ARIMA(1,0,1)"
2022-12-23,-0.0009252147103861412,EFA,"ARIMA(1,0,1)"
2022-12-27,-0.00012261387471387982,EFA,"ARIMA(1,0,1)"
2022-12-28,-0.0007668353108260379,EFA,"ARIMA(1,0,1)"
2022-12-29,-0.000844211876067701,EFA,"ARIMA(1,0,1)"
2022-12-30,0.0002428506648231827,EFA,"ARIMA(1,0,1)"
2023-01-03,-0.0011181143677431843,EFA,"ARIMA(1,0,1)"
2023-01-04,-0.00011726633203055028,EFA,"ARIMA(1,0,1)"
2023-01-05,-0.0006809412399749312,EFA,"ARIMA(1,0,1)"
2023-01-06,-0.0007407415649136715,EFA,"ARIMA(1,0,1)"
2023-01-09,-9.692928866391845e-05,EFA,"ARIMA(1,0,1)"
2023-01-10,-0.0007482324334424498,EFA,"ARIMA(1,0,1)"
2023-01-11,-0.00014358419010255006,EFA,"ARIMA(1,0,1)"
2023-01-12,-0.000698489013195568,EFA,"ARIMA(1,0,1)"
2023-01-13,-7.179958421621435e-05,EFA,"ARIMA(1,0,1)"
2023-01-17,-0.00026053579779573084,EFA,"ARIMA(1,0,1)"
2023-01-18,-0.0002657294294815455,EFA,"ARIMA(1,0,1)"
2023-01-19,-0.0004289079272422244,EFA,"ARIMA(1,0,1)"
2023-01-20,-0.0003846099154221128,EFA,"ARIMA(1,0,1)"
2023-01-23,2.8618938951908578e-05,EFA,"ARIMA(1,0,1)"
2023-01-24,0.00024233020228364477,EFA,"ARIMA(1,0,1)"
2023-01-25,-0.0003641965634935457,EFA,"ARIMA(1,0,1)"
2023-01-26,0.0001732683155434191,EFA,"ARIMA(1,0,1)"
2023-01-27,-0.0003175079422162065,EFA,"ARIMA(1,0,1)"
2023-01-30,0.00012722798727880384,EFA,"ARIMA(1,0,1)"
2023-01-31,-0.0004446935262395616,EFA,"ARIMA(1,0,1)"
2023-02-01,0.0006658652217879397,EFA,"ARIMA(1,0,1)"
2023-02-02,-0.00024159196523731552,EFA,"ARIMA(1,0,1)"
2023-02-03,7.932735636464092e-05,EFA,"ARIMA(1,0,1)"
2023-02-06,-0.0005325073374708662,EFA,"ARIMA(1,0,1)"
2023-02-07,0.00011697411362773981,EFA,"ARIMA(1,0,1)"
2023-02-08,4.897894131265489e-05,EFA,"ARIMA(1,0,1)"
2023-02-09,-0.00039310933751559365,EFA,"ARIMA(1,0,1)"
2023-02-10,-0.00014247148087494284,EFA,"ARIMA(1,0,1)"
2023-02-13,-0.0002833803456270718,EFA,"ARIMA(1,0,1)"
2023-02-14,-0.00019215374611228792,EFA,"ARIMA(1,0,1)"
2023-02-15,-0.0001237939041043192,EFA,"ARIMA(1,0,1)"
2023-02-16,-0.00011662627037499909,EFA,"ARIMA(1,0,1)"
2023-02-17,-0.00026624767134021503,EFA,"ARIMA(1,0,1)"
2023-02-21,-0.00018068509063904985,EFA,"ARIMA(1,0,1)"
2023-02-22,-0.00031186731286766853,EFA,"ARIMA(1,0,1)"
2023-02-23,-0.00019853467710982353,EFA,"ARIMA(1,0,1)"
2023-02-24,-0.00013107341101987712,EFA,"ARIMA(1,0,1)"
2023-02-27,-0.00016498441504615895,EFA,"ARIMA(1,0,1)"
2023-02-28,-6.452174960487562e-05,EFA,"ARIMA(1,0,1)"
2023-03-01,-0.000191877376491918,EFA,"ARIMA(1,0,1)"
2023-03-02,-9.42106079358259e-05,EFA,"ARIMA(1,0,1)"
2023-03-03,-2.304090399430116e-05,EFA,"ARIMA(1,0,1)"
2023-03-06,8.196748508166294e-06,EFA,"ARIMA(1,0,1)"
2023-03-07,5.450271914006347e-05,EFA,"ARIMA(1,0,1)"
2023-03-08,0.00012718304891982788,EFA,"ARIMA(1,0,1)"
2023-03-09,0.0002073131547734788,EFA,"ARIMA(1,0,1)"
2023-03-10,0.0003116214284709613,EFA,"ARIMA(1,0,1)"
2023-03-13,7.495278682407375e-06,EFA,"ARIMA(1,0,1)"
2023-03-14,2.9777138631653594e-05,EFA,"ARIMA(1,0,1)"
2023-03-15,0.00012546926045574618,EFA,"ARIMA(1,0,1)"
2023-03-16,0.0001699211549143568,EFA,"ARIMA(1,0,1)"
2023-03-17,-0.0005358476952845823,EFA,"ARIMA(1,0,1)"
2023-03-20,0.0004402231193913563,EFA,"ARIMA(1,0,1)"
2023-03-21,-0.0010764956635289874,EFA,"ARIMA(1,0,1)"
2023-03-22,-0.0008382635273066956,EFA,"ARIMA(1,0,1)"
2023-03-23,-1.0994723968796462e-05,EFA,"ARIMA(1,0,1)"
2023-03-24,-0.00018990967805869075,EFA,"ARIMA(1,0,1)"
2023-03-27,-1.0477554874459912e-05,EFA,"ARIMA(1,0,1)"
2023-03-28,-0.0005496992362734675,EFA,"ARIMA(1,0,1)"
2023-03-29,-0.00014736334435627726,EFA,"ARIMA(1,0,1)"
2023-03-30,-0.0006073392603541223,EFA,"ARIMA(1,0,1)"
2023-03-31,-0.0004983626379460424,EFA,"ARIMA(1,0,1)"
2023-04-03,-0.00024459065397224836,EFA,"ARIMA(1,0,1)"
2023-04-04,-0.00023030574411270948,EFA,"ARIMA(1,0,1)"
2023-04-05,-2.6563338465311323e-05,EFA,"ARIMA(1,0,1)"
2023-04-06,0.00018767867409030228,EFA,"ARIMA(1,0,1)"
2023-04-10,-0.000174631774868778,EFA,"ARIMA(1,0,1)"
2023-04-11,9.995156516748961e-05,EFA,"ARIMA(1,0,1)"
2023-04-12,-7.129652598300086e-05,EFA,"ARIMA(1,0,1)"
2023-04-13,-0.00012948331305773155,EFA,"ARIMA(1,0,1)"
2023-04-14,-0.00023837138306829328,EFA,"ARIMA(1,0,1)"
2023-04-17,0.0003857433821726644,EFA,"ARIMA(1,0,1)"
2023-04-18,0.00018448456270254987,EFA,"ARIMA(1,0,1)"
2023-04-19,-1.2693851662920344e-05,EFA,"ARIMA(1,0,1)"
2023-04-20,0.0003251699241412511,EFA,"ARIMA(1,0,1)"
2023-04-21,0.0001647073967265309,EFA,"ARIMA(1,0,1)"
2023-04-24,-3.3609880555676073e-05,EFA,"ARIMA(1,0,1)"
2023-04-25,0.0001269324800936528,EFA,"ARIMA(1,0,1)"
2023-04-26,0.0008497075097748415,EFA,"ARIMA(1,0,1)"
2023-04-27,8.921388461047931e-05,EFA,"ARIMA(1,0,1)"
2023-04-28,-4.117395575352036e-05,EFA,"ARIMA(1,0,1)"
2023-05-01,0.0005318469562625007,EFA,"ARIMA(1,0,1)"
2023-05-02,0.0003526560486700599,EFA,"ARIMA(1,0,1)"
2023-05-03,0.0007710615521039698,EFA,"ARIMA(1,0,1)"
2023-05-04,0.00017415953803448275,EFA,"ARIMA(1,0,1)"
2023-05-05,0.00043535862893654624,EFA,"ARIMA(1,0,1)"
2023-05-08,-5.05244599092379e-05,EFA,"ARIMA(1,0,1)"
2023-05-09,0.0005269826734298886,EFA,"ARIMA(1,0,1)"
2023-05-10,0.0006557331365693194,EFA,"ARIMA(1,0,1)"
2023-05-11,0.0006598418948121369,EFA,"ARIMA(1,0,1)"
2023-05-12,0.0006360002375679825,EFA,"ARIMA(1,0,1)"
2023-05-15,0.0006283616467819186,EFA,"ARIMA(1,0,1)"
2023-05-16,0.00028883826860578814,EFA,"ARIMA(1,0,1)"
2023-05-17,0.0007782786031843856,EFA,"ARIMA(1,0,1)"
2023-05-18,0.0003828131246806546,EFA,"ARIMA(1,0,1)"
2023-05-19,0.0004326463289140565,EFA,"ARIMA(1,0,1)"
2023-05-22,0.0004366442579438085,EFA,"ARIMA(1,0,1)"
2023-05-23,0.0004342763032327212,EFA,"ARIMA(1,0,1)"
2023-05-24,0.0008774315998838272,EFA,"ARIMA(1,0,1)"
2023-05-25,0.0007579063816752446,EFA,"ARIMA(1,0,1)"
2023-05-26,0.000477618036013943,EFA,"ARIMA(1,0,1)"
2023-05-30,2.0216910404181442e-05,EFA,"ARIMA(1,0,1)"
2023-05-31,0.0005117435368258277,EFA,"ARIMA(1,0,1)"
2023-06-01,0.0003843908373017833,EFA,"ARIMA(1,0,1)"
2023-06-02,-1.7420030742738466e-05,EFA,"ARIMA(1,0,1)"
2023-06-05,5.952800878335701e-05,EFA,"ARIMA(1,0,1)"
2023-06-06,0.00029771212780920647,EFA,"ARIMA(1,0,1)"
2023-06-07,0.0001498658792484494,EFA,"ARIMA(1,0,1)"
2023-06-08,0.0004084105749437238,EFA,"ARIMA(1,0,1)"
2023-06-09,0.0002062189000688403,EFA,"ARIMA(1,0,1)"
2023-06-12,0.00028003195463382856,EFA,"ARIMA(1,0,1)"
2023-06-13,0.00023391554062014795,EFA,"ARIMA(1,0,1)"
2023-06-14,-0.00012504416683821798,EFA,"ARIMA(1,0,1)"
2023-06-15,0.00035431682410371455,EFA,"ARIMA(1,0,1)"
2023-06-16,6.003177915807399e-05,EFA,"ARIMA(1,0,1)"
2023-06-20,0.000833749103548961,EFA,"ARIMA(1,0,1)"
2023-06-21,0.0015953917467723077,EFA,"ARIMA(1,0,1)"
2023-06-22,0.0008213943073686593,EFA,"ARIMA(1,0,1)"
2023-06-23,0.0010708142481928276,EFA,"ARIMA(1,0,1)"
2023-06-26,0.0015026893677032964,EFA,"ARIMA(1,0,1)"
2023-06-27,0.000493144023195541,EFA,"ARIMA(1,0,1)"
2023-06-28,9.733152751919264e-05,EFA,"ARIMA(1,0,1)"
2023-06-29,0.0005657082184935725,EFA,"ARIMA(1,0,1)"
2023-06-30,0.0007041770606060981,EFA,"ARIMA(1,0,1)"
2023-07-03,1.506128394055653e-05,EFA,"ARIMA(1,0,1)"
2023-07-05,0.0007232390856355056,EFA,"ARIMA(1,0,1)"
2023-07-06,0.0012871010752642758,EFA,"ARIMA(1,0,1)"
2023-07-07,0.001499308649887639,EFA,"ARIMA(1,0,1)"
2023-07-10,0.00016607897772361404,EFA,"ARIMA(1,0,1)"
2023-07-11,0.0005661143651825302,EFA,"ARIMA(1,0,1)"
2023-07-12,0.00020976754162295148,EFA,"ARIMA(1,0,1)"
2023-07-13,3.230139084838381e-07,EFA,"ARIMA(1,0,1)"
2023-07-14,0.000542502692318687,EFA,"ARIMA(1,0,1)"
2023-07-17,0.0012228525679702376,EFA,"ARIMA(1,0,1)"
2023-07-18,0.0009443692030194336,EFA,"ARIMA(1,0,1)"
2023-07-19,0.0006365762821688753,EFA,"ARIMA(1,0,1)"
2023-07-20,0.0008260036088124879,EFA,"ARIMA(1,0,1)"
2023-07-21,0.0008883029496134844,EFA,"ARIMA(1,0,1)"
2023-07-24,0.0007473219274599931,EFA,"ARIMA(1,0,1)"
2023-07-25,0.0007758343630844779,EFA,"ARIMA(1,0,1)"
2023-07-26,0.0007134117409234787,EFA,"ARIMA(1,0,1)"
2023-07-27,0.0006297997959319515,EFA,"ARIMA(1,0,1)"
2023-07-28,0.0007764796295443837,EFA,"ARIMA(1,0,1)"
2023-07-31,0.0004996980252253709,EFA,"ARIMA(1,0,1)"
2023-08-01,0.0006238690966350632,EFA,"ARIMA(1,0,1)"
2023-08-02,0.0008327831032849547,EFA,"ARIMA(1,0,1)"
2023-08-03,0.0008027301778154295,EFA,"ARIMA(1,0,1)"
2023-08-04,0.0006416712621500901,EFA,"ARIMA(1,0,1)"
2023-08-07,0.0005255316845677086,EFA,"ARIMA(1,0,1)"
2023-08-08,0.00045488728214594567,EFA,"ARIMA(1,0,1)"
2023-08-09,0.0005507048005533197,EFA,"ARIMA(1,0,1)"
2023-08-10,0.0005128417307634056,EFA,"ARIMA(1,0,1)"
2023-08-11,0.0005039381762245637,EFA,"ARIMA(1,0,1)"
2023-08-14,0.00048465152334226433,EFA,"ARIMA(1,0,1)"
2023-08-15,0.00042880472028310613,EFA,"ARIMA(1,0,1)"
2023-08-16,0.00039099355097775476,EFA,"ARIMA(1,0,1)"
2023-08-17,0.00032272770688522215,EFA,"ARIMA(1,0,1)"
2023-08-18,0.0003064218078995485,EFA,"ARIMA(1,0,1)"
2023-08-21,0.0003071401856827052,EFA,"ARIMA(1,0,1)"
2023-08-22,0.00031629954179850794,EFA,"ARIMA(1,0,1)"
2023-08-23,0.00042178320270494637,EFA,"ARIMA(1,0,1)"
2023-08-24,0.00038119922789013117,EFA,"ARIMA(1,0,1)"
2023-08-25,0.000558618397671119,EFA,"ARIMA(1,0,1)"
2023-08-28,0.00035664403002567903,EFA,"ARIMA(1,0,1)"
2023-08-29,0.0003813624454504374,EFA,"ARIMA(1,0,1)"
2023-08-30,0.0005123181964278561,EFA,"ARIMA(1,0,1)"
2023-08-31,0.0006285258912183535,EFA,"ARIMA(1,0,1)"
2023-09-01,0.0007145157228816521,EFA,"ARIMA(1,0,1)"
2023-09-05,0.0007127776225387924,EFA,"ARIMA(1,0,1)"
2023-09-06,0.0008539969642917998,EFA,"ARIMA(1,0,1)"
2023-09-07,0.0007814536722512969,EFA,"ARIMA(1,0,1)"
2023-09-08,0.000777862307818706,EFA,"ARIMA(1,0,1)"
2023-09-11,0.0007380516957607354,EFA,"ARIMA(1,0,1)"
2023-09-12,0.0005955279209281787,EFA,"ARIMA(1,0,1)"
2023-09-13,0.0006039059695669083,EFA,"ARIMA(1,0,1)"
2023-09-14,0.0005522602144953952,EFA,"ARIMA(1,0,1)"
2023-09-15,0.0005659474102441851,EFA,"ARIMA(1,0,1)"
2023-09-18,0.0007003663157492502,EFA,"ARIMA(1,0,1)"
2023-09-19,0.0007516319293156799,EFA,"ARIMA(1,0,1)"
2023-09-20,0.0007617222908105283,EFA,"ARIMA(1,0,1)"
2023-09-21,0.0008018351281266167,EFA,"ARIMA(1,0,1)"
2023-09-22,0.0007148238902129889,EFA,"ARIMA(1,0,1)"
2023-09-25,0.0017299506730462698,EFA,"ARIMA(1,0,1)"
2023-09-26,0.003259902190553612,EFA,"ARIMA(1,0,1)"
2023-09-27,0.0015186992327699863,EFA,"ARIMA(1,0,1)"
2023-09-28,0.0013003269987366343,EFA,"ARIMA(1,0,1)"
2023-09-29,0.0008805940062549954,EFA,"ARIMA(1,0,1)"
2023-10-02,0.0011131374451853145,EFA,"ARIMA(1,0,1)"
2023-10-03,0.0015285214702448972,EFA,"ARIMA(1,0,1)"
2023-10-04,0.0014821322738649795,EFA,"ARIMA(1,0,1)"
2023-10-05,0.0006623404588344857,EFA,"ARIMA(1,0,1)"
2023-10-06,0.0002310054697389044,EFA,"ARIMA(1,0,1)"
2023-10-09,3.313962894351951e-05,EFA,"ARIMA(1,0,1)"
2023-10-10,0.0006137781724624448,EFA,"ARIMA(1,0,1)"
2023-10-11,4.587739777098547e-05,EFA,"ARIMA(1,0,1)"
2023-10-12,0.0006186730341536956,EFA,"ARIMA(1,0,1)"
2023-10-13,0.0012342302492988986,EFA,"ARIMA(1,0,1)"
2023-10-16,0.0012092564544887291,EFA,"ARIMA(1,0,1)"
2023-10-17,0.0007422857272716515,EFA,"ARIMA(1,0,1)"
2023-10-18,0.0008964148983908808,EFA,"ARIMA(1,0,1)"
2023-10-19,0.0013680671278065992,EFA,"ARIMA(1,0,1)"
2023-10-20,0.0010376138592265243,EFA,"ARIMA(1,0,1)"
2023-10-23,0.0010192422917023282,EFA,"ARIMA(1,0,1)"
2023-10-24,0.001009194981733032,EFA,"ARIMA(1,0,1)"
2023-10-25,0.0006000532858722259,EFA,"ARIMA(1,0,1)"
2023-10-26,0.0008037857962229201,EFA,"ARIMA(1,0,1)"
2023-10-27,0.000814886985815294,EFA,"ARIMA(1,0,1)"
2023-10-30,0.0006135208637130827,EFA,"ARIMA(1,0,1)"
2023-10-31,0.00043163559517146906,EFA,"ARIMA(1,0,1)"
2023-11-01,0.0004843597250732527,EFA,"ARIMA(1,0,1)"
2023-11-02,0.00041105699220395585,EFA,"ARIMA(1,0,1)"
2023-11-03,0.0005442653804578549,EFA,"ARIMA(1,0,1)"
2023-11-06,0.0007621765564859356,EFA,"ARIMA(1,0,1)"
2023-11-07,0.00047725110369183945,EFA,"ARIMA(1,0,1)"
2023-11-08,0.0005669926021968663,EFA,"ARIMA(1,0,1)"
2023-11-09,-0.0018976818524799408,EFA,"ARIMA(1,0,1)"
2023-11-10,0.0004889004033646726,EFA,"ARIMA(1,0,1)"
2023-11-13,-0.0015654411846610554,EFA,"ARIMA(1,0,1)"
2023-11-14,0.00043595827230296215,EFA,"ARIMA(1,0,1)"
2023-11-15,0.0011631303737114132,EFA,"ARIMA(1,0,1)"
2023-11-16,0.00032598322130706996,EFA,"ARIMA(1,0,1)"
2023-11-17,0.0003999182974519647,EFA,"ARIMA(1,0,1)"
2023-11-20,0.0008032519994130589,EFA,"ARIMA(1,0,1)"
2023-11-21,0.0004437596878501971,EFA,"ARIMA(1,0,1)"
2023-11-22,0.00036062288319326847,EFA,"ARIMA(1,0,1)"
2023-11-24,0.0006015948963107759,EFA,"ARIMA(1,0,1)"
2023-11-27,0.0006419434909914256,EFA,"ARIMA(1,0,1)"
2023-11-28,0.00023466351257381708,EFA,"ARIMA(1,0,1)"
2023-11-29,0.0004677342107217671,EFA,"ARIMA(1,0,1)"
2023-11-30,0.00044316385035148345,EFA,"ARIMA(1,0,1)"
2023-12-01,0.0004532350307941148,EFA,"ARIMA(1,0,1)"
2023-12-04,0.0006447381125341237,EFA,"ARIMA(1,0,1)"
2023-12-05,0.00035941340672472524,EFA,"ARIMA(1,0,1)"
2023-12-06,0.00034404545747616894,EFA,"ARIMA(1,0,1)"
2023-12-07,0.0004126558861651989,EFA,"ARIMA(1,0,1)"
2023-12-08,0.0004494085067746556,EFA,"ARIMA(1,0,1)"
2023-12-11,0.0004615755758134048,EFA,"ARIMA(1,0,1)"
2023-12-12,0.0004487341868838482,EFA,"ARIMA(1,0,1)"
2023-12-13,0.0004543082407012958,EFA,"ARIMA(1,0,1)"
2023-12-14,0.000499870993156438,EFA,"ARIMA(1,0,1)"
2023-12-15,0.0005163199085443775,EFA,"ARIMA(1,0,1)"
2023-12-18,0.0004378722500355612,EFA,"ARIMA(1,0,1)"
2023-12-19,0.0005516052875026997,EFA,"ARIMA(1,0,1)"
2023-12-20,0.0006200410656337162,EFA,"ARIMA(1,0,1)"
2023-12-21,0.0005897148230926496,EFA,"ARIMA(1,0,1)"
2023-12-22,0.00037678922947386514,EFA,"ARIMA(1,0,1)"
2023-12-26,0.0006002102102557062,EFA,"ARIMA(1,0,1)"
2023-12-27,0.0005920451031891836,EFA,"ARIMA(1,0,1)"
2023-12-28,0.0006458554498783793,EFA,"ARIMA(1,0,1)"
2023-12-29,0.0006410689117445518,EFA,"ARIMA(1,0,1)"
2024-01-02,0.0006876215722732296,EFA,"ARIMA(1,0,1)"
2024-01-03,0.0005808924350295876,EFA,"ARIMA(1,0,1)"
2024-01-04,-0.0008361080661196429,EFA,"ARIMA(1,0,1)"
2024-01-05,0.0005650600788560201,EFA,"ARIMA(1,0,1)"
2024-01-08,0.0004821296784125386,EFA,"ARIMA(1,0,1)"
2024-01-09,0.0009718638368168859,EFA,"ARIMA(1,0,1)"
2024-01-10,6.0497049981883284e-05,EFA,"ARIMA(1,0,1)"
2024-01-11,0.0007276850269034934,EFA,"ARIMA(1,0,1)"
2024-01-12,0.0003341671688366878,EFA,"ARIMA(1,0,1)"
2024-01-16,0.0005067978991273891,EFA,"ARIMA(1,0,1)"
2024-01-17,0.0002492902850652713,EFA,"ARIMA(1,0,1)"
2024-01-18,0.00026135199238902523,EFA,"ARIMA(1,0,1)"
2024-01-19,0.0003770523073155612,EFA,"ARIMA(1,0,1)"
2024-01-22,0.000297684371900461,EFA,"ARIMA(1,0,1)"
2024-01-23,0.00035304993204229043,EFA,"ARIMA(1,0,1)"
2024-01-24,0.00024925396727977375,EFA,"ARIMA(1,0,1)"
2024-01-25,0.0003516648366070559,EFA,"ARIMA(1,0,1)"
2024-01-26,0.000324641157676824,EFA,"ARIMA(1,0,1)"
2024-01-29,0.0003351937350619235,EFA,"ARIMA(1,0,1)"
2024-01-30,0.0003729653607518245,EFA,"ARIMA(1,0,1)"
2024-01-31,0.000297394741740014,EFA,"ARIMA(1,0,1)"
2024-02-01,0.0002825241247103333,EFA,"ARIMA(1,0,1)"
2024-02-02,0.00041783490682230915,EFA,"ARIMA(1,0,1)"
2024-02-05,0.0003492953581404875,EFA,"ARIMA(1,0,1)"
2024-02-06,0.00027149964344016375,EFA,"ARIMA(1,0,1)"
2024-02-07,0.0003230288519594131,EFA,"ARIMA(1,0,1)"
2024-02-08,0.00036351167615664387,EFA,"ARIMA(1,0,1)"
2024-02-09,0.00029951775825238494,EFA,"ARIMA(1,0,1)"
2024-02-12,-0.0009446609428344428,EFA,"ARIMA(1,0,1)"
2024-02-13,0.0003791039247560754,EFA,"ARIMA(1,0,1)"
2024-02-14,0.0002363487009119242,EFA,"ARIMA(1,0,1)"
2024-02-15,0.00022469237051717198,EFA,"ARIMA(1,0,1)"
2024-02-16,0.00033787358098657356,EFA,"ARIMA(1,0,1)"
2024-02-20,0.0004132832455604617,EFA,"ARIMA(1,0,1)"
2024-02-21,0.00041595981828489506,EFA,"ARIMA(1,0,1)"
2024-02-22,0.0004098860928595071,EFA,"ARIMA(1,0,1)"
2024-02-23,0.0005851282284317786,EFA,"ARIMA(1,0,1)"
2024-02-26,0.00039306469516403787,EFA,"ARIMA(1,0,1)"
2024-02-27,0.0005846047027663278,EFA,"ARIMA(1,0,1)"
2024-02-28,0.0005547466853011313,EFA,"ARIMA(1,0,1)"
2024-02-29,0.00035126948134563086,EFA,"ARIMA(1,0,1)"
2024-03-01,0.0008563493973084513,EFA,"ARIMA(1,0,1)"
2024-03-04,0.0006537623972293332,EFA,"ARIMA(1,0,1)"
2024-03-05,0.00039507122579862414,EFA,"ARIMA(1,0,1)"
2024-03-06,-0.00013767026004440913,EFA,"ARIMA(1,0,1)"
2024-03-07,0.0005382963538361576,EFA,"ARIMA(1,0,1)"
2024-03-08,0.0007907242565941854,EFA,"ARIMA(1,0,1)"
2024-03-11,0.0004367289451528616,EFA,"ARIMA(1,0,1)"
2024-03-12,0.0005753490161144862,EFA,"ARIMA(1,0,1)"
2024-03-13,0.001146423124218603,EFA,"ARIMA(1,0,1)"
2024-03-14,0.00010513592225603078,EFA,"ARIMA(1,0,1)"
2024-03-15,0.0007522073891546685,EFA,"ARIMA(1,0,1)"
2024-03-18,-0.00032745108090510367,EFA,"ARIMA(1,0,1)"
2024-03-19,0.0004148240843989244,EFA,"ARIMA(1,0,1)"
2024-03-20,0.0011261582943400985,EFA,"ARIMA(1,0,1)"
2024-03-21,0.0016934105044751702,EFA,"ARIMA(1,0,1)"
2024-03-22,-0.00028151383974257425,EFA,"ARIMA(1,0,1)"
2024-03-25,0.0011852339238209177,EFA,"ARIMA(1,0,1)"
2024-03-26,-0.00010475637778415542,EFA,"ARIMA(1,0,1)"
2024-03-27,0.0015538567681221901,EFA,"ARIMA(1,0,1)"
2024-03-28,0.0008318314391128906,EFA,"ARIMA(1,0,1)"
2024-04-01,0.0002427918196170124,EFA,"ARIMA(1,0,1)"
2024-04-02,0.0004136340372860076,EFA,"ARIMA(1,0,1)"
2024-04-03,-0.0002608915475969662,EFA,"ARIMA(1,0,1)"
2024-04-04,0.0017292188273375485,EFA,"ARIMA(1,0,1)"
2024-04-05,-0.001556961394592897,EFA,"ARIMA(1,0,1)"
2024-04-08,0.002356249784039425,EFA,"ARIMA(1,0,1)"
2024-04-09,-0.0005211685608919971,EFA,"ARIMA(1,0,1)"
2024-04-10,0.0012010406952268956,EFA,"ARIMA(1,0,1)"
2024-04-11,-0.0015643389708025776,EFA,"ARIMA(1,0,1)"
2024-04-12,0.0022584831699256815,EFA,"ARIMA(1,0,1)"
2024-04-15,-0.0030809854834938973,EFA,"ARIMA(1,0,1)"
2024-04-16,0.0025902819482848376,EFA,"ARIMA(1,0,1)"
2024-04-17,-0.002899264909107127,EFA,"ARIMA(1,0,1)"
2024-04-18,0.0026725168383878264,EFA,"ARIMA(1,0,1)"
2024-04-19,-0.001930055159536469,EFA,"ARIMA(1,0,1)"
2024-04-22,0.0020292795472624135,EFA,"ARIMA(1,0,1)"
2024-04-23,0.0003132444690138939,EFA,"ARIMA(1,0,1)"
2024-04-24,0.0015915027618474342,EFA,"ARIMA(1,0,1)"
2024-04-25,-0.0005909302113253939,EFA,"ARIMA(1,0,1)"
2024-04-26,0.0005837749747171229,EFA,"ARIMA(1,0,1)"
2024-04-29,0.0010050501896088353,EFA,"ARIMA(1,0,1)"
2024-04-30,0.0005296108011740937,EFA,"ARIMA(1,0,1)"
2024-05-01,-0.0015276332812014302,EFA,"ARIMA(1,0,1)"
2024-05-02,0.0016244515071659276,EFA,"ARIMA(1,0,1)"
2024-05-03,-0.0001567913090327881,EFA,"ARIMA(1,0,1)"
2024-05-06,0.001292614778847202,EFA,"ARIMA(1,0,1)"
2024-05-07,0.0007572118792294152,EFA,"ARIMA(1,0,1)"
2024-05-08,0.0006677044180493518,EFA,"ARIMA(1,0,1)"
2024-05-09,-1.2603103224647554e-05,EFA,"ARIMA(1,0,1)"
2024-05-10,0.0018632555123677976,EFA,"ARIMA(1,0,1)"
2024-05-13,-0.0005587600844752763,EFA,"ARIMA(1,0,1)"
2024-05-14,0.001411109787417726,EFA,"ARIMA(1,0,1)"
2024-05-15,0.0005091678514663836,EFA,"ARIMA(1,0,1)"
2024-05-16,0.0019591742136229537,EFA,"ARIMA(1,0,1)"
2024-05-17,-0.0019462920880513814,EFA,"ARIMA(1,0,1)"
2024-05-20,0.0018872339247761017,EFA,"ARIMA(1,0,1)"
2024-05-21,-0.0004021964822533624,EFA,"ARIMA(1,0,1)"
2024-05-22,0.0012207064729850684,EFA,"ARIMA(1,0,1)"
2024-05-23,-0.0006804764012350464,EFA,"ARIMA(1,0,1)"
2024-05-24,0.0014036352791557925,EFA,"ARIMA(1,0,1)"
2024-05-28,0.0002169776327946032,EFA,"ARIMA(1,0,1)"
2024-05-29,0.000674785843192399,EFA,"ARIMA(1,0,1)"
2024-05-30,-0.0018007782156312991,EFA,"ARIMA(1,0,1)"
2024-05-31,0.004026665010030328,EFA,"ARIMA(1,0,1)"
2024-06-03,-0.0001817147746647999,EFA,"ARIMA(1,0,1)"
2024-06-04,0.0013363425371999637,EFA,"ARIMA(1,0,1)"
2024-06-05,-0.0002777965398253695,EFA,"ARIMA(1,0,1)"
2024-06-06,0.0018360087737398067,EFA,"ARIMA(1,0,1)"
2024-06-07,-0.0003138736095358762,EFA,"ARIMA(1,0,1)"
2024-06-10,0.0017746391628257882,EFA,"ARIMA(1,0,1)"
2024-06-11,0.00015440356911177496,EFA,"ARIMA(1,0,1)"
2024-06-12,0.00037333232681500397,EFA,"ARIMA(1,0,1)"
2024-06-13,0.0013389670211751995,EFA,"ARIMA(1,0,1)"
2024-06-14,-0.00016063860470084094,EFA,"ARIMA(1,0,1)"
2024-06-17,0.0009265668180494079,EFA,"ARIMA(1,0,1)"
2024-06-18,0.0007404682120030984,EFA,"ARIMA(1,0,1)"
2024-06-20,-6.814262753099308e-05,EFA,"ARIMA(1,0,1)"
2024-06-21,-0.0010929623227512826,EFA,"ARIMA(1,0,1)"
2024-06-24,0.0008661337542800333,EFA,"ARIMA(1,0,1)"
2024-06-25,0.0010026141777813788,EFA,"ARIMA(1,0,1)"
2024-06-26,0.0003537672947997899,EFA,"ARIMA(1,0,1)"
2024-06-27,0.00016933203121481026,EFA,"ARIMA(1,0,1)"
2024-06-28,0.001261764641137821,EFA,"ARIMA(1,0,1)"
2024-07-01,-0.0001935729954613888,EFA,"ARIMA(1,0,1)"
2024-07-02,0.0010025091845185536,EFA,"ARIMA(1,0,1)"
2024-07-03,0.0007696318994678327,EFA,"ARIMA(1,0,1)"
2024-07-05,0.00034976313366338896,EFA,"ARIMA(1,0,1)"
2024-07-08,0.0006650799455738882,EFA,"ARIMA(1,0,1)"
2024-07-09,0.0004397193380662179,EFA,"ARIMA(1,0,1)"
2024-07-10,0.0009217644439606808,EFA,"ARIMA(1,0,1)"
2024-07-11,0.0010559716606350581,EFA,"ARIMA(1,0,1)"
2024-07-12,0.0008893867279761504,EFA,"ARIMA(1,0,1)"
2024-07-15,0.0009046998309010333,EFA,"ARIMA(1,0,1)"
2024-07-16,-0.0024538459541945707,EFA,"ARIMA(1,0,1)"
2024-07-17,0.0024419764997852785,EFA,"ARIMA(1,0,1)"
2024-07-18,-0.0027210860766783136,EFA,"ARIMA(1,0,1)"
2024-07-19,0.002008302098564573,EFA,"ARIMA(1,0,1)"
2024-07-22,-0.002202034482486812,EFA,"ARIMA(1,0,1)"
2024-07-23,0.0037325388967416545,EFA,"ARIMA(1,0,1)"
2024-07-24,-0.00324102017763272,EFA,"ARIMA(1,0,1)"
2024-07-25,0.0030278550578459167,EFA,"ARIMA(1,0,1)"
2024-07-26,-0.0003766247765838367,EFA,"ARIMA(1,0,1)"
2024-07-29,0.0032289125431593157,EFA,"ARIMA(1,0,1)"
2024-07-30,-0.002436698875791797,EFA,"ARIMA(1,0,1)"
2024-07-31,0.0039004342150526323,EFA,"ARIMA(1,0,1)"
2024-08-01,-0.0008361013938352435,EFA,"ARIMA(1,0,1)"
2024-08-02,0.00042730672094118654,EFA,"ARIMA(1,0,1)"
2024-08-05,-0.0003771520191364985,EFA,"ARIMA(1,0,1)"
2024-08-06,0.0003430065607879968,EFA,"ARIMA(1,0,1)"
2024-08-07,0.00028360917472440523,EFA,"ARIMA(1,0,1)"
2024-08-08,0.0005535659684210601,EFA,"ARIMA(1,0,1)"
2024-08-09,0.0028733538256366328,EFA,"ARIMA(1,0,1)"
2024-08-12,-0.0012510396722417159,EFA,"ARIMA(1,0,1)"
2024-08-13,0.001837082655389214,EFA,"ARIMA(1,0,1)"
2024-08-14,0.0006842665564269404,EFA,"ARIMA(1,0,1)"
2024-08-15,0.00043837776490681117,EFA,"ARIMA(1,0,1)"
2024-08-16,0.0014341339959832622,EFA,"ARIMA(1,0,1)"
2024-08-19,8.758062348895759e-05,EFA,"ARIMA(1,0,1)"
2024-08-20,0.002541250882285035,EFA,"ARIMA(1,0,1)"
2024-08-21,-0.001341800720706287,EFA,"ARIMA(1,0,1)"
2024-08-22,0.0014926844306208335,EFA,"ARIMA(1,0,1)"
2024-08-23,-0.00023325556910213426,EFA,"ARIMA(1,0,1)"
2024-08-26,0.0038532968174626774,EFA,"ARIMA(1,0,1)"
2024-08-27,-1.4636537773334165e-05,EFA,"ARIMA(1,0,1)"
2024-08-28,0.0014316688767779528,EFA,"ARIMA(1,0,1)"
2024-08-29,-0.002971165026223443,EFA,"ARIMA(1,0,1)"
2024-08-30,0.005136860898070144,EFA,"ARIMA(1,0,1)"
2024-09-03,0.0003199712827054599,EFA,"ARIMA(1,0,1)"
2024-09-04,0.0023300334571379998,EFA,"ARIMA(1,0,1)"
2024-09-05,3.0912482756188017e-06,EFA,"ARIMA(1,0,1)"
2024-09-06,0.004330403046652351,EFA,"ARIMA(1,0,1)"
2024-09-09,-0.0006123940580870663,EFA,"ARIMA(1,0,1)"
2024-09-10,0.0006450920729897944,EFA,"ARIMA(1,0,1)"
2024-09-11,0.0006330802521018694,EFA,"ARIMA(1,0,1)"
2024-09-12,0.000866177806159502,EFA,"ARIMA(1,0,1)"
2024-09-13,0.0010084107250488638,EFA,"ARIMA(1,0,1)"
2024-09-16,0.005272260066716169,EFA,"ARIMA(1,0,1)"
2024-09-17,-0.0036125762886412933,EFA,"ARIMA(1,0,1)"
2024-09-18,0.00128110776255779,EFA,"ARIMA(1,0,1)"
2024-09-19,-0.0015707695319871252,EFA,"ARIMA(1,0,1)"
2024-09-20,0.0007284268911236807,EFA,"ARIMA(1,0,1)"
2024-09-23,0.0006985096406730659,EFA,"ARIMA(1,0,1)"
2024-09-24,0.0007779643702509895,EFA,"ARIMA(1,0,1)"
2024-09-25,0.0007994799790693133,EFA,"ARIMA(1,0,1)"
2024-09-26,0.0007952370296792238,EFA,"ARIMA(1,0,1)"
2024-09-27,0.0009339221283426441,EFA,"ARIMA(1,0,1)"
2024-09-30,0.0009177221143425042,EFA,"ARIMA(1,0,1)"
2024-10-01,0.0008716921355845259,EFA,"ARIMA(1,0,1)"
2024-10-02,0.0008536698590899036,EFA,"ARIMA(1,0,1)"
2024-10-03,0.000903943729740272,EFA,"ARIMA(1,0,1)"
2024-10-04,0.0009174399387023567,EFA,"ARIMA(1,0,1)"
2024-10-07,0.0009324647003765514,EFA,"ARIMA(1,0,1)"
2024-10-08,0.0008748606499774304,EFA,"ARIMA(1,0,1)"
2024-10-09,0.0008245147050813349,EFA,"ARIMA(1,0,1)"
2024-10-10,0.000832870337720447,EFA,"ARIMA(1,0,1)"
2024-10-11,0.0007717950153652524,EFA,"ARIMA(1,0,1)"
2024-10-14,0.0007790762704006224,EFA,"ARIMA(1,0,1)"
2024-10-15,0.0008225096093967365,EFA,"ARIMA(1,0,1)"
2024-10-16,0.0007930486477479286,EFA,"ARIMA(1,0,1)"
2024-10-17,0.0007744004838214814,EFA,"ARIMA(1,0,1)"
2024-10-18,0.0007985251260794226,EFA,"ARIMA(1,0,1)"
2024-10-21,0.0006618968856084425,EFA,"ARIMA(1,0,1)"
2024-10-22,0.0013825467446495906,EFA,"ARIMA(1,0,1)"
2024-10-23,0.0009539131393978965,EFA,"ARIMA(1,0,1)"
2024-10-24,0.0011210688173358655,EFA,"ARIMA(1,0,1)"
2024-10-25,0.0006589926143818911,EFA,"ARIMA(1,0,1)"
2024-10-28,0.0010325208583653578,EFA,"ARIMA(1,0,1)"
2024-10-29,0.0006480145771777981,EFA,"ARIMA(1,0,1)"
2024-10-30,0.0010276848772689928,EFA,"ARIMA(1,0,1)"
2024-10-31,0.0011929979522948566,EFA,"ARIMA(1,0,1)"
2024-11-01,0.0012708976539738998,EFA,"ARIMA(1,0,1)"
2024-11-04,0.0006795748415474115,EFA,"ARIMA(1,0,1)"
2024-11-05,0.000677637320111594,EFA,"ARIMA(1,0,1)"
2024-11-06,0.00013523214385656446,EFA,"ARIMA(1,0,1)"
2024-11-07,0.0016437396269031747,EFA,"ARIMA(1,0,1)"
2024-11-08,-0.00044457249979165485,EFA,"ARIMA(1,0,1)"
2024-11-11,0.0021505798020276202,EFA,"ARIMA(1,0,1)"
2024-11-12,0.0006887504439302456,EFA,"ARIMA(1,0,1)"
2024-11-13,0.0024086787295054396,EFA,"ARIMA(1,0,1)"
2024-11-14,0.0007260591437224328,EFA,"ARIMA(1,0,1)"
2024-11-15,0.00030664623036430575,EFA,"ARIMA(1,0,1)"
2024-11-18,0.0008380101322341197,EFA,"ARIMA(1,0,1)"
2024-11-19,-6.814870202352967e-05,EFA,"ARIMA(1,0,1)"
2024-11-20,0.0007131244231485957,EFA,"ARIMA(1,0,1)"
2024-11-21,0.0005590649341371527,EFA,"ARIMA(1,0,1)"
2024-11-22,0.00036500813096743416,EFA,"ARIMA(1,0,1)"
2024-11-25,0.0001289317676940549,EFA,"ARIMA(1,0,1)"
2024-11-26,9.465043734373777e-05,EFA,"ARIMA(1,0,1)"
2024-11-27,0.0010122001037082262,EFA,"ARIMA(1,0,1)"
2024-11-29,-0.0002031875782462482,EFA,"ARIMA(1,0,1)"
2024-12-02,-0.00039751413753602393,EFA,"ARIMA(1,0,1)"
2024-12-03,0.0005487598506953527,EFA,"ARIMA(1,0,1)"
2024-12-04,2.798878077556004e-05,EFA,"ARIMA(1,0,1)"
2024-12-05,0.0006064434990364523,EFA,"ARIMA(1,0,1)"
2024-12-06,0.00014593719573738036,EFA,"ARIMA(1,0,1)"
2024-12-09,0.0006737841245536715,EFA,"ARIMA(1,0,1)"
2024-12-10,0.0005167565149806026,EFA,"ARIMA(1,0,1)"
2024-12-11,0.0011663006297401824,EFA,"ARIMA(1,0,1)"
2024-12-12,-0.0003223655928422111,EFA,"ARIMA(1,0,1)"
2024-12-13,0.001530363953621803,EFA,"ARIMA(1,0,1)"
2024-12-16,0.0002296989837416925,EFA,"ARIMA(1,0,1)"
2024-12-17,0.0007029727335060888,EFA,"ARIMA(1,0,1)"
2024-12-18,0.0003029317857636386,EFA,"ARIMA(1,0,1)"
2024-12-19,0.0018341079965871398,EFA,"ARIMA(1,0,1)"
2024-12-20,-0.0003169647263086173,EFA,"ARIMA(1,0,1)"
2024-12-23,0.0005581058463076803,EFA,"ARIMA(1,0,1)"
2024-12-24,-0.0005198371629878822,EFA,"ARIMA(1,0,1)"
2024-12-26,0.00037298496281324854,EFA,"ARIMA(1,0,1)"
2024-12-27,-0.0001923799544318041,EFA,"ARIMA(1,0,1)"
2024-12-30,0.00042436153520943813,EFA,"ARIMA(1,0,1)"
2024-12-31,0.0003635243455032062,EFA,"ARIMA(1,0,1)"
2025-01-02,1.5303423653168386e-05,EFA,"ARIMA(1,0,1)"
2025-01-03,0.00045324000557390434,EFA,"ARIMA(1,0,1)"
2025-01-06,-0.00020208961267852523,EFA,"ARIMA(1,0,1)"
2025-01-07,-6.551013795700085e-05,EFA,"ARIMA(1,0,1)"
2025-01-08,0.0004422715983747707,EFA,"ARIMA(1,0,1)"
2025-01-10,0.00016245584301554817,EFA,"ARIMA(1,0,1)"
2025-01-13,0.0009537235202121139,EFA,"ARIMA(1,0,1)"
2025-01-14,-0.00013074568332559263,EFA,"ARIMA(1,0,1)"
2025-01-15,0.00016153964163117109,EFA,"ARIMA(1,0,1)"
2025-01-16,-0.0005781300397818235,EFA,"ARIMA(1,0,1)"
2025-01-17,0.0004841549575920861,EFA,"ARIMA(1,0,1)"
2025-01-21,5.3427987813066955e-05,EFA,"ARIMA(1,0,1)"
2025-01-22,-0.0003213106588367406,EFA,"ARIMA(1,0,1)"
2025-01-23,0.0007608867456269713,EFA,"ARIMA(1,0,1)"
2025-01-24,-0.0001528828581072836,EFA,"ARIMA(1,0,1)"
2025-01-27,0.00033340340155449405,EFA,"ARIMA(1,0,1)"
2025-01-28,0.0003915986296054789,EFA,"ARIMA(1,0,1)"
2025-01-29,0.0004036957080367203,EFA,"ARIMA(1,0,1)"
2025-01-30,0.0003257888777421093,EFA,"ARIMA(1,0,1)"
2025-01-31,-4.645948543247698e-05,EFA,"ARIMA(1,0,1)"
2025-02-03,0.0010125645235955806,EFA,"ARIMA(1,0,1)"
2025-02-04,0.00048825208504732845,EFA,"ARIMA(1,0,1)"
2025-02-05,-0.00026637526822714683,EFA,"ARIMA(1,0,1)"
2025-02-06,0.0002816062509767571,EFA,"ARIMA(1,0,1)"
2025-02-07,0.0003048633342460685,EFA,"ARIMA(1,0,1)"
2025-02-10,0.0007576694226808619,EFA,"ARIMA(1,0,1)"
2025-02-11,-0.00014469811342009001,EFA,"ARIMA(1,0,1)"
2025-02-12,0.0005818081487443266,EFA,"ARIMA(1,0,1)"
2025-02-13,0.00023820459570410177,EFA,"ARIMA(1,0,1)"
2025-02-14,0.00020095722266639106,EFA,"ARIMA(1,0,1)"
2025-02-18,0.0006179602753619211,EFA,"ARIMA(1,0,1)"
2025-02-19,0.00025219951488669127,EFA,"ARIMA(1,0,1)"
2025-02-20,0.0009360372762628189,EFA,"ARIMA(1,0,1)"
2025-02-21,-7.775638739963608e-05,EFA,"ARIMA(1,0,1)"
2025-02-24,0.000993340124317183,EFA,"ARIMA(1,0,1)"
2025-02-25,1.749359071197504e-05,EFA,"ARIMA(1,0,1)"
2025-02-26,0.000280258402053032,EFA,"ARIMA(1,0,1)"
2025-02-27,0.00038620539984063313,EFA,"ARIMA(1,0,1)"
2025-02-28,0.0007371925762158817,EFA,"ARIMA(1,0,1)"
2025-03-03,-6.791051643238678e-05,EFA,"ARIMA(1,0,1)"
2025-03-04,0.0002893908193708513,EFA,"ARIMA(1,0,1)"
2025-03-05,0.0004807015378269259,EFA,"ARIMA(1,0,1)"
2025-03-06,-0.00044569453781092243,EFA,"ARIMA(1,0,1)"
2025-03-07,0.0019635609071954646,EFA,"ARIMA(1,0,1)"
2025-03-10,-0.001216207738992984,EFA,"ARIMA(1,0,1)"
2025-03-11,0.0037886162246818186,EFA,"ARIMA(1,0,1)"
2025-03-12,-0.001890796122227994,EFA,"ARIMA(1,0,1)"
2025-03-13,0.0016912154525108233,EFA,"ARIMA(1,0,1)"
2025-03-14,-0.0001591819481154047,EFA,"ARIMA(1,0,1)"
2025-03-17,-0.0006499907744059904,EFA,"ARIMA(1,0,1)"
2025-03-18,0.00038007957435012965,EFA,"ARIMA(1,0,1)"
2025-03-19,0.00042513074295601265,EFA,"ARIMA(1,0,1)"
2025-03-20,0.0002611020075936188,EFA,"ARIMA(1,0,1)"
2025-03-21,0.0010236479198576678,EFA,"ARIMA(1,0,1)"
2025-03-24,0.0002504868253597997,EFA,"ARIMA(1,0,1)"
2025-03-25,0.00037720817263092043,EFA,"ARIMA(1,0,1)"
2025-03-26,-3.363045470205269e-05,EFA,"ARIMA(1,0,1)"
2025-03-27,0.0013369847568227506,EFA,"ARIMA(1,0,1)"
2025-03-28,-0.0005473706529009364,EFA,"ARIMA(1,0,1)"
2025-03-31,0.001435542918016611,EFA,"ARIMA(1,0,1)"
2025-04-01,0.00011941695152531783,EFA,"ARIMA(1,0,1)"
2025-04-02,0.00021722215254794616,EFA,"ARIMA(1,0,1)"
2025-04-03,0.0001273856666639222,EFA,"ARIMA(1,0,1)"
2025-04-04,0.0014592438700170693,EFA,"ARIMA(1,0,1)"
2025-04-07,-0.0010368806193910395,EFA,"ARIMA(1,0,1)"
2025-04-08,-0.003234644751180534,EFA,"ARIMA(1,0,1)"
2025-04-09,-0.0015321322017102495,EFA,"ARIMA(1,0,1)"
2025-04-10,-0.0021393354558556653,EFA,"ARIMA(1,0,1)"
2025-04-11,1.3838402202038145e-06,EFA,"ARIMA(1,0,1)"
2025-04-14,0.00015242960400841537,EFA,"ARIMA(1,0,1)"
2025-04-15,0.00018545839955747903,EFA,"ARIMA(1,0,1)"
2025-04-16,0.00028572764165541955,EFA,"ARIMA(1,0,1)"
2025-04-17,0.0002822693301830547,EFA,"ARIMA(1,0,1)"
2025-04-21,0.0003644257110689782,EFA,"ARIMA(1,0,1)"
2025-04-22,0.0003402950466265969,EFA,"ARIMA(1,0,1)"
2025-04-23,0.0004325452797509795,EFA,"ARIMA(1,0,1)"
2025-04-24,0.00044686744006871974,EFA,"ARIMA(1,0,1)"
2025-04-25,0.0004531863691848988,EFA,"ARIMA(1,0,1)"
2025-04-28,0.0004270990071983992,EFA,"ARIMA(1,0,1)"
2025-04-29,0.0004611487809978108,EFA,"ARIMA(1,0,1)"
2025-04-30,0.0004875329851549678,EFA,"ARIMA(1,0,1)"
2025-05-01,0.00045117628810657155,EFA,"ARIMA(1,0,1)"
2025-05-02,0.0004232653696065564,EFA,"ARIMA(1,0,1)"
2025-05-05,0.0005491552035533366,EFA,"ARIMA(1,0,1)"
2025-05-06,0.0005648143507830993,EFA,"ARIMA(1,0,1)"
2025-05-07,0.0005065445936764168,EFA,"ARIMA(1,0,1)"
2025-05-08,0.0004537481862896301,EFA,"ARIMA(1,0,1)"
2025-05-09,0.0004127734427816412,EFA,"ARIMA(1,0,1)"
2025-05-12,0.00042172544880602687,EFA,"ARIMA(1,0,1)"
2025-05-13,0.0004465062994263179,EFA,"ARIMA(1,0,1)"
2025-05-14,0.00042127289308790077,EFA,"ARIMA(1,0,1)"
2025-05-15,0.0003945590705581974,EFA,"ARIMA(1,0,1)"
2025-05-16,0.00043763447301356647,EFA,"ARIMA(1,0,1)"
2025-05-19,0.00041721662514534715,EFA,"ARIMA(1,0,1)"
2025-05-20,0.00041281500349426556,EFA,"ARIMA(1,0,1)"
2025-05-21,0.00045311535633082555,EFA,"ARIMA(1,0,1)"
2025-05-22,0.00041611322158171686,EFA,"ARIMA(1,0,1)"
2025-05-23,0.00041094947813361774,EFA,"ARIMA(1,0,1)"
2025-05-27,0.0004226817759863531,EFA,"ARIMA(1,0,1)"
2025-05-28,0.0005172467321506334,EFA,"ARIMA(1,0,1)"
2025-05-29,0.0004906671348904415,EFA,"ARIMA(1,0,1)"
2025-05-30,0.00047566173832844276,EFA,"ARIMA(1,0,1)"
2025-06-02,0.0004832082300772809,EFA,"ARIMA(1,0,1)"
2025-06-03,0.0005894887852121062,EFA,"ARIMA(1,0,1)"
2025-06-04,0.0005261299840138298,EFA,"ARIMA(1,0,1)"
2025-06-05,0.0005060736106482851,EFA,"ARIMA(1,0,1)"
2025-06-06,0.0004918307462770747,EFA,"ARIMA(1,0,1)"
2025-06-09,0.0005107400915042427,EFA,"ARIMA(1,0,1)"
2025-06-10,0.00048216793548666646,EFA,"ARIMA(1,0,1)"
2025-06-11,0.0004737069311090593,EFA,"ARIMA(1,0,1)"
2025-06-12,0.000510310423371379,EFA,"ARIMA(1,0,1)"
2025-06-13,0.0005436087053065227,EFA,"ARIMA(1,0,1)"
2025-06-16,0.0005377894728246145,EFA,"ARIMA(1,0,1)"
2025-06-17,0.0005060899670843803,EFA,"ARIMA(1,0,1)"
2025-06-18,0.0005143728066384653,EFA,"ARIMA(1,0,1)"
2025-06-20,0.000565772233240109,EFA,"ARIMA(1,0,1)"
2025-06-23,0.000513856559809833,EFA,"ARIMA(1,0,1)"
2025-06-24,0.0005276877011833743,EFA,"ARIMA(1,0,1)"
2025-06-25,0.0005732117830832129,EFA,"ARIMA(1,0,1)"
2025-06-26,0.0005796040236934595,EFA,"ARIMA(1,0,1)"
2025-06-27,0.0005926659741938982,EFA,"ARIMA(1,0,1)"
2025-06-30,0.0006193983404729635,EFA,"ARIMA(1,0,1)"
2025-07-01,0.0006509893316410401,EFA,"ARIMA(1,0,1)"
2025-07-02,0.0006408010720540594,EFA,"ARIMA(1,0,1)"
2025-07-03,0.0006476409226667018,EFA,"ARIMA(1,0,1)"
2025-07-07,0.000641163656192793,EFA,"ARIMA(1,0,1)"
2025-07-08,0.0005882927039191106,EFA,"ARIMA(1,0,1)"
2025-07-09,0.0005719440400975289,EFA,"ARIMA(1,0,1)"
2025-07-10,0.000575294642209031,EFA,"ARIMA(1,0,1)"
2025-07-11,0.0005925545113039216,EFA,"ARIMA(1,0,1)"
2025-07-14,0.0005703822934833126,EFA,"ARIMA(1,0,1)"
2025-07-15,0.000514844706893544,EFA,"ARIMA(1,0,1)"
2025-07-16,0.0004619028692849539,EFA,"ARIMA(1,0,1)"
2025-07-17,0.00043582050273115056,EFA,"ARIMA(1,0,1)"
2025-07-18,0.00048175390103036986,EFA,"ARIMA(1,0,1)"
2025-07-21,0.0004510383257700475,EFA,"ARIMA(1,0,1)"
2025-07-22,0.0004931118568758569,EFA,"ARIMA(1,0,1)"
2025-07-23,0.0005544154380899672,EFA,"ARIMA(1,0,1)"
2025-07-24,0.0006761495182431721,EFA,"ARIMA(1,0,1)"
2025-07-25,0.0006049953873985406,EFA,"ARIMA(1,0,1)"
2025-07-28,0.0006224412094667106,EFA,"ARIMA(1,0,1)"
2025-07-29,0.0006086355418326986,EFA,"ARIMA(1,0,1)"
2025-07-30,0.0006257668956699423,EFA,"ARIMA(1,0,1)"
2025-07-31,0.002521012812119588,EFA,"ARIMA(1,0,1)"
2025-08-01,0.0006593578404162247,EFA,"ARIMA(1,0,1)"
2025-08-04,0.0005386958262765348,EFA,"ARIMA(1,0,1)"
2025-08-05,0.0004977540518672632,EFA,"ARIMA(1,0,1)"
2025-08-06,0.0006043687713463069,EFA,"ARIMA(1,0,1)"
2025-08-07,-0.0008949473224529614,EFA,"ARIMA(1,0,1)"
2025-08-08,0.0008159875353168354,EFA,"ARIMA(1,0,1)"
2025-08-11,0.0008339885219867052,EFA,"ARIMA(1,0,1)"
2025-08-12,0.0007985744476247314,EFA,"ARIMA(1,0,1)"
2025-08-13,-0.001166170471720095,EFA,"ARIMA(1,0,1)"
2025-08-14,0.0007892482486725071,EFA,"ARIMA(1,0,1)"
