Date,pred,asset,model
2008-04-11,0.005125489449247016,HYG,HAR-RV
2008-04-14,0.0043119905388646525,HYG,HAR-RV
2008-04-15,0.005161558251821531,HYG,HAR-RV
2008-04-16,0.004412037776228516,HYG,HAR-RV
2008-04-17,0.0037171898205887437,HYG,HAR-RV
2008-04-18,0.004375905199048328,HYG,HAR-RV
2008-04-21,0.00379139735427635,HYG,HAR-RV
2008-04-22,0.004593705143668542,HYG,HAR-RV
2008-04-23,0.003776525440319598,HYG,HAR-RV
2008-04-24,0.003715905456399377,HYG,HAR-RV
2008-04-25,0.0040941890391954444,HYG,HAR-RV
2008-04-28,0.00346902263802792,HYG,HAR-RV
2008-04-29,0.004212641161109258,HYG,HAR-RV
2008-04-30,0.004437985511972822,HYG,HAR-RV
2008-05-01,0.0040255722359025265,HYG,HAR-RV
2008-05-02,0.0038415915058325183,HYG,HAR-RV
2008-05-05,0.007183512348481264,HYG,HAR-RV
2008-05-06,0.005493079917667752,HYG,HAR-RV
2008-05-07,0.004250318317457067,HYG,HAR-RV
2008-05-08,0.005023762850355252,HYG,HAR-RV
2008-05-09,0.003936752883738753,HYG,HAR-RV
2008-05-12,0.0041725160021123635,HYG,HAR-RV
2008-05-13,0.0041265323432428495,HYG,HAR-RV
2008-05-14,0.003966440394246019,HYG,HAR-RV
2008-05-15,0.0037596044406270315,HYG,HAR-RV
2008-05-16,0.003951771805255887,HYG,HAR-RV
2008-05-19,0.004136829773465885,HYG,HAR-RV
2008-05-20,0.0038687859496632617,HYG,HAR-RV
2008-05-21,0.0042985090533265375,HYG,HAR-RV
2008-05-22,0.00399440140646132,HYG,HAR-RV
2008-05-23,0.003936151705531475,HYG,HAR-RV
2008-05-27,0.003915082209271619,HYG,HAR-RV
2008-05-28,0.004693078504076659,HYG,HAR-RV
2008-05-29,0.004637947778386016,HYG,HAR-RV
2008-05-30,0.004547444286951378,HYG,HAR-RV
2008-06-02,0.003834702701428255,HYG,HAR-RV
2008-06-03,0.003746955447143611,HYG,HAR-RV
2008-06-04,0.005061002626569307,HYG,HAR-RV
2008-06-05,0.003827903876850557,HYG,HAR-RV
2008-06-06,0.0038689652086977494,HYG,HAR-RV
2008-06-09,0.004418543847446655,HYG,HAR-RV
2008-06-10,0.004129146351392538,HYG,HAR-RV
2008-06-11,0.004085922086059543,HYG,HAR-RV
2008-06-12,0.003555698484682671,HYG,HAR-RV
2008-06-13,0.0035224545877277124,HYG,HAR-RV
2008-06-16,0.00378211570243496,HYG,HAR-RV
2008-06-17,0.004411288417031995,HYG,HAR-RV
2008-06-18,0.006022785583274733,HYG,HAR-RV
2008-06-19,0.0040451116529111805,HYG,HAR-RV
2008-06-20,0.0041813324495106954,HYG,HAR-RV
2008-06-23,0.004863219821627504,HYG,HAR-RV
2008-06-24,0.004420929543251662,HYG,HAR-RV
2008-06-25,0.004219580932950063,HYG,HAR-RV
2008-06-26,0.004245933358224045,HYG,HAR-RV
2008-06-27,0.004168319156303858,HYG,HAR-RV
2008-06-30,0.004635752840191925,HYG,HAR-RV
2008-07-01,0.004118312303542298,HYG,HAR-RV
2008-07-02,0.003877846470910016,HYG,HAR-RV
2008-07-03,0.00382752634321739,HYG,HAR-RV
2008-07-07,0.0036826662928363856,HYG,HAR-RV
2008-07-08,0.003456402253312952,HYG,HAR-RV
2008-07-09,0.003402541349556558,HYG,HAR-RV
2008-07-10,0.003605453246484272,HYG,HAR-RV
2008-07-11,0.0037016100371566932,HYG,HAR-RV
2008-07-14,0.0034651614023025077,HYG,HAR-RV
2008-07-15,0.003483874891013803,HYG,HAR-RV
2008-07-16,0.0037712631582163133,HYG,HAR-RV
2008-07-17,0.005292874246307004,HYG,HAR-RV
2008-07-18,0.004164648086724682,HYG,HAR-RV
2008-07-21,0.0043386241673152364,HYG,HAR-RV
2008-07-22,0.005767404620204834,HYG,HAR-RV
2008-07-23,0.0049077265882871614,HYG,HAR-RV
2008-07-24,0.004430649758249695,HYG,HAR-RV
2008-07-25,0.0043353320045906125,HYG,HAR-RV
2008-07-28,0.004252286710874188,HYG,HAR-RV
2008-07-29,0.003912088798569632,HYG,HAR-RV
2008-07-30,0.00396684034888668,HYG,HAR-RV
2008-07-31,0.003575813026065496,HYG,HAR-RV
2008-08-01,0.0034751407620253567,HYG,HAR-RV
2008-08-04,0.0036477834555659794,HYG,HAR-RV
2008-08-05,0.003974123540863754,HYG,HAR-RV
2008-08-06,0.004314919354533078,HYG,HAR-RV
2008-08-07,0.004500151003083432,HYG,HAR-RV
2008-08-08,0.004586520523117858,HYG,HAR-RV
2008-08-11,0.003927946767756375,HYG,HAR-RV
2008-08-12,0.00392542446272421,HYG,HAR-RV
2008-08-13,0.003959015196584257,HYG,HAR-RV
2008-08-14,0.003972162172681293,HYG,HAR-RV
2008-08-15,0.0035513817587792653,HYG,HAR-RV
2008-08-18,0.0034102320847370724,HYG,HAR-RV
2008-08-19,0.0037040118581571062,HYG,HAR-RV
2008-08-20,0.003815453809576803,HYG,HAR-RV
2008-08-21,0.0038964075720111196,HYG,HAR-RV
2008-08-22,0.003872683310536077,HYG,HAR-RV
2008-08-25,0.003995318221573856,HYG,HAR-RV
2008-08-26,0.004277822965693334,HYG,HAR-RV
2008-08-27,0.004305752752351115,HYG,HAR-RV
2008-08-28,0.00426360629886122,HYG,HAR-RV
2008-08-29,0.004069584335912492,HYG,HAR-RV
2008-09-02,0.0040165055617843535,HYG,HAR-RV
2008-09-03,0.0039111339234568785,HYG,HAR-RV
2008-09-04,0.003708054900423041,HYG,HAR-RV
2008-09-05,0.0038425809468719875,HYG,HAR-RV
2008-09-08,0.003963766913133568,HYG,HAR-RV
2008-09-09,0.0037131941952094046,HYG,HAR-RV
2008-09-10,0.0036750090679368427,HYG,HAR-RV
2008-09-11,0.0037783604056654775,HYG,HAR-RV
2008-09-12,0.0038679491767853805,HYG,HAR-RV
2008-09-15,0.003439476856594646,HYG,HAR-RV
2008-09-16,0.004367815613514137,HYG,HAR-RV
2008-09-17,0.010887155515381223,HYG,HAR-RV
2008-09-18,0.015555034225424102,HYG,HAR-RV
2008-09-19,0.05258329586213038,HYG,HAR-RV
2008-09-22,0.04109525823569333,HYG,HAR-RV
2008-09-23,0.0037682394497751204,HYG,HAR-RV
2008-09-24,0.0012764173986408028,HYG,HAR-RV
2008-09-25,0.0056524620317844184,HYG,HAR-RV
2008-09-26,0.006965211791104365,HYG,HAR-RV
2008-09-29,0.009871035372156924,HYG,HAR-RV
2008-09-30,0.02091644644441039,HYG,HAR-RV
2008-10-01,0.04815993207568821,HYG,HAR-RV
2008-10-02,0.03480828322535452,HYG,HAR-RV
2008-10-03,0.03668761492722307,HYG,HAR-RV
2008-10-06,0.02642149228992211,HYG,HAR-RV
2008-10-07,0.0225274803896421,HYG,HAR-RV
2008-10-08,0.032601895143938575,HYG,HAR-RV
2008-10-09,0.0307555740647588,HYG,HAR-RV
2008-10-10,0.0369394413456322,HYG,HAR-RV
2008-10-13,0.04007935419944668,HYG,HAR-RV
2008-10-14,0.0677610901756613,HYG,HAR-RV
2008-10-15,0.06470203302943811,HYG,HAR-RV
2008-10-16,0.04673499568655022,HYG,HAR-RV
2008-10-17,0.05154181215489469,HYG,HAR-RV
2008-10-20,0.04529346008888753,HYG,HAR-RV
2008-10-21,0.03620517198167256,HYG,HAR-RV
2008-10-22,0.033400489657565695,HYG,HAR-RV
2008-10-23,0.026190728874323,HYG,HAR-RV
2008-10-24,0.025300526576125335,HYG,HAR-RV
2008-10-27,0.027101054062189798,HYG,HAR-RV
2008-10-28,0.033629317728281656,HYG,HAR-RV
2008-10-29,0.03747516799911246,HYG,HAR-RV
2008-10-30,0.029514854178650164,HYG,HAR-RV
2008-10-31,0.03569546270950277,HYG,HAR-RV
2008-11-03,0.029933083942782632,HYG,HAR-RV
2008-11-04,0.020958342526529266,HYG,HAR-RV
2008-11-05,0.021188118002269857,HYG,HAR-RV
2008-11-06,0.021337677362814448,HYG,HAR-RV
2008-11-07,0.017723784562657014,HYG,HAR-RV
2008-11-10,0.014069141133318575,HYG,HAR-RV
2008-11-11,0.015405676498212062,HYG,HAR-RV
2008-11-12,0.011423282234891538,HYG,HAR-RV
2008-11-13,0.010594033746907799,HYG,HAR-RV
2008-11-14,0.012247483995624572,HYG,HAR-RV
2008-11-17,0.01018285048674622,HYG,HAR-RV
2008-11-18,0.011623859359130097,HYG,HAR-RV
2008-11-19,0.012850964747004841,HYG,HAR-RV
2008-11-20,0.015470655697912224,HYG,HAR-RV
2008-11-21,0.020442575018838657,HYG,HAR-RV
2008-11-24,0.021483625910628336,HYG,HAR-RV
2008-11-25,0.014630014808535704,HYG,HAR-RV
2008-11-26,0.012489158747187583,HYG,HAR-RV
2008-11-28,0.013623775108697108,HYG,HAR-RV
2008-12-01,0.016109129537520934,HYG,HAR-RV
2008-12-02,0.009738946929199424,HYG,HAR-RV
2008-12-03,0.014371704059491364,HYG,HAR-RV
2008-12-04,0.011446445697783834,HYG,HAR-RV
2008-12-05,0.00817470907466014,HYG,HAR-RV
2008-12-08,0.009067286633271672,HYG,HAR-RV
2008-12-09,0.007305509734671979,HYG,HAR-RV
2008-12-10,0.010093661704286494,HYG,HAR-RV
2008-12-11,0.00893141322974799,HYG,HAR-RV
2008-12-12,0.006953713258117531,HYG,HAR-RV
2008-12-15,0.00911494677848635,HYG,HAR-RV
2008-12-16,0.011372287263259867,HYG,HAR-RV
2008-12-17,0.00873090379472656,HYG,HAR-RV
2008-12-18,0.01301814086798627,HYG,HAR-RV
2008-12-19,0.016440508008290073,HYG,HAR-RV
2008-12-22,0.026702448336658455,HYG,HAR-RV
2008-12-23,0.013390147731500731,HYG,HAR-RV
2008-12-24,0.0228689279312927,HYG,HAR-RV
2008-12-26,0.01613016962587222,HYG,HAR-RV
2008-12-29,0.016292047615491557,HYG,HAR-RV
2008-12-30,0.01581956442437378,HYG,HAR-RV
2008-12-31,0.012583964273998459,HYG,HAR-RV
2009-01-02,0.009981681321971948,HYG,HAR-RV
2009-01-05,0.010544940829708107,HYG,HAR-RV
2009-01-06,0.009268675588054885,HYG,HAR-RV
2009-01-07,0.021330761689395863,HYG,HAR-RV
2009-01-08,0.0124616032293344,HYG,HAR-RV
2009-01-09,0.015552542685021105,HYG,HAR-RV
2009-01-12,0.015261891195138095,HYG,HAR-RV
2009-01-13,0.015807827911308223,HYG,HAR-RV
2009-01-14,0.016731562258138315,HYG,HAR-RV
2009-01-15,0.012404086560624986,HYG,HAR-RV
2009-01-16,0.014310755536021364,HYG,HAR-RV
2009-01-20,0.01164149567218173,HYG,HAR-RV
2009-01-21,0.012440218686707418,HYG,HAR-RV
2009-01-22,0.014150509858381384,HYG,HAR-RV
2009-01-23,0.009607710949656253,HYG,HAR-RV
2009-01-26,0.00891306163178147,HYG,HAR-RV
2009-01-27,0.012553167557450635,HYG,HAR-RV
2009-01-28,0.008673848602487117,HYG,HAR-RV
2009-01-29,0.009927287359908374,HYG,HAR-RV
2009-01-30,0.01762962975334334,HYG,HAR-RV
2009-02-02,0.01625189735539414,HYG,HAR-RV
2009-02-03,0.01113405206933034,HYG,HAR-RV
2009-02-04,0.015928785416851762,HYG,HAR-RV
2009-02-05,0.010989009548389425,HYG,HAR-RV
2009-02-06,0.0094997483005781,HYG,HAR-RV
2009-02-09,0.009980299346307942,HYG,HAR-RV
2009-02-10,0.01339857289228997,HYG,HAR-RV
2009-02-11,0.009879674504591568,HYG,HAR-RV
2009-02-12,0.009621093705380805,HYG,HAR-RV
2009-02-13,0.00843903164619269,HYG,HAR-RV
2009-02-17,0.008045939538409663,HYG,HAR-RV
2009-02-18,0.0078085986331876515,HYG,HAR-RV
2009-02-19,0.013627994739135577,HYG,HAR-RV
2009-02-20,0.009103123583547583,HYG,HAR-RV
2009-02-23,0.008967605889526671,HYG,HAR-RV
2009-02-24,0.011620886187554491,HYG,HAR-RV
2009-02-25,0.015289858028440823,HYG,HAR-RV
2009-02-26,0.012462966616606858,HYG,HAR-RV
2009-02-27,0.010186275597251482,HYG,HAR-RV
2009-03-02,0.014456364702399319,HYG,HAR-RV
2009-03-03,0.013552844495767796,HYG,HAR-RV
2009-03-04,0.014387019274360499,HYG,HAR-RV
2009-03-05,0.009786954010687089,HYG,HAR-RV
2009-03-06,0.009026337943566005,HYG,HAR-RV
2009-03-09,0.020242527146291555,HYG,HAR-RV
2009-03-10,0.011265003738296241,HYG,HAR-RV
2009-03-11,0.011176598146684062,HYG,HAR-RV
2009-03-12,0.021603064886804028,HYG,HAR-RV
2009-03-13,0.016189441020175437,HYG,HAR-RV
2009-03-16,0.015059828806775937,HYG,HAR-RV
2009-03-17,0.012165253472356342,HYG,HAR-RV
2009-03-18,0.012802961534751228,HYG,HAR-RV
2009-03-19,0.011265807799479315,HYG,HAR-RV
2009-03-20,0.015054229573884541,HYG,HAR-RV
2009-03-23,0.011772205863510209,HYG,HAR-RV
2009-03-24,0.010491895685371934,HYG,HAR-RV
2009-03-25,0.014692140200770828,HYG,HAR-RV
2009-03-26,0.01088671037072919,HYG,HAR-RV
2009-03-27,0.01049857438042565,HYG,HAR-RV
2009-03-30,0.012622585824144977,HYG,HAR-RV
2009-03-31,0.012326250945290433,HYG,HAR-RV
2009-04-01,0.020590371488880103,HYG,HAR-RV
2009-04-02,0.015261068319882052,HYG,HAR-RV
2009-04-03,0.012584301025414097,HYG,HAR-RV
2009-04-06,0.01970156553454914,HYG,HAR-RV
2009-04-07,0.01636194555262714,HYG,HAR-RV
2009-04-08,0.011946803125987629,HYG,HAR-RV
2009-04-09,0.013314912857513083,HYG,HAR-RV
2009-04-13,0.013945283880846083,HYG,HAR-RV
2009-04-14,0.015851207444757036,HYG,HAR-RV
2009-04-15,0.010604229958444462,HYG,HAR-RV
2009-04-16,0.011199661349302817,HYG,HAR-RV
2009-04-17,0.011753492593610127,HYG,HAR-RV
2009-04-20,0.01332722292548836,HYG,HAR-RV
2009-04-21,0.014541092141913216,HYG,HAR-RV
2009-04-22,0.018724068660877346,HYG,HAR-RV
2009-04-23,0.014615715426398484,HYG,HAR-RV
2009-04-24,0.013310356097203381,HYG,HAR-RV
2009-04-27,0.011845594379724652,HYG,HAR-RV
2009-04-28,0.01428528173766154,HYG,HAR-RV
2009-04-29,0.011937703590451485,HYG,HAR-RV
2009-04-30,0.010492875467718904,HYG,HAR-RV
2009-05-01,0.013818972222678302,HYG,HAR-RV
2009-05-04,0.011544691979090159,HYG,HAR-RV
2009-05-05,0.009709162515403285,HYG,HAR-RV
2009-05-06,0.009650088177495086,HYG,HAR-RV
2009-05-07,0.010494406248293668,HYG,HAR-RV
2009-05-08,0.010018182306003496,HYG,HAR-RV
2009-05-11,0.012065257357024288,HYG,HAR-RV
2009-05-12,0.012934236446102686,HYG,HAR-RV
2009-05-13,0.01077487490822078,HYG,HAR-RV
2009-05-14,0.010004979980800618,HYG,HAR-RV
2009-05-15,0.011911728103793347,HYG,HAR-RV
2009-05-18,0.01140603542423611,HYG,HAR-RV
2009-05-19,0.012037092298787416,HYG,HAR-RV
2009-05-20,0.013844085535442752,HYG,HAR-RV
2009-05-21,0.011261155421325195,HYG,HAR-RV
2009-05-22,0.012343405692435258,HYG,HAR-RV
2009-05-26,0.01218719829883005,HYG,HAR-RV
2009-05-27,0.012413635589511241,HYG,HAR-RV
2009-05-28,0.009815314283639152,HYG,HAR-RV
2009-05-29,0.00927590188572825,HYG,HAR-RV
2009-06-01,0.00912375689046634,HYG,HAR-RV
2009-06-02,0.009826105028309055,HYG,HAR-RV
2009-06-03,0.012910963811285217,HYG,HAR-RV
2009-06-04,0.009408238047748482,HYG,HAR-RV
2009-06-05,0.010084545704775735,HYG,HAR-RV
2009-06-08,0.009607959280887111,HYG,HAR-RV
2009-06-09,0.00935950900410516,HYG,HAR-RV
2009-06-10,0.00822729495619264,HYG,HAR-RV
2009-06-11,0.007965692908620398,HYG,HAR-RV
2009-06-12,0.007424166215980042,HYG,HAR-RV
2009-06-15,0.0074125751261191215,HYG,HAR-RV
2009-06-16,0.008113861598794172,HYG,HAR-RV
2009-06-17,0.01034124763857524,HYG,HAR-RV
2009-06-18,0.00958439038753451,HYG,HAR-RV
2009-06-19,0.00900142401670777,HYG,HAR-RV
2009-06-22,0.009717709628438799,HYG,HAR-RV
2009-06-23,0.008094015602724712,HYG,HAR-RV
2009-06-24,0.01018445165666865,HYG,HAR-RV
2009-06-25,0.0076936572317777095,HYG,HAR-RV
2009-06-26,0.008150537469163385,HYG,HAR-RV
2009-06-29,0.008998143932086125,HYG,HAR-RV
2009-06-30,0.007483234205930444,HYG,HAR-RV
2009-07-01,0.00961208870564978,HYG,HAR-RV
2009-07-02,0.008345672356748726,HYG,HAR-RV
2009-07-06,0.007671212564109557,HYG,HAR-RV
2009-07-07,0.010764792668687947,HYG,HAR-RV
2009-07-08,0.011065954738025999,HYG,HAR-RV
2009-07-09,0.0111389419097133,HYG,HAR-RV
2009-07-10,0.009982578535503658,HYG,HAR-RV
2009-07-13,0.011963877499867763,HYG,HAR-RV
2009-07-14,0.010536096739481596,HYG,HAR-RV
2009-07-15,0.009161996817178896,HYG,HAR-RV
2009-07-16,0.009243242237139716,HYG,HAR-RV
2009-07-17,0.012964805208422135,HYG,HAR-RV
2009-07-20,0.009302999003052143,HYG,HAR-RV
2009-07-21,0.008670657714932304,HYG,HAR-RV
2009-07-22,0.0113242606058565,HYG,HAR-RV
2009-07-23,0.009824631512711032,HYG,HAR-RV
2009-07-24,0.008510749189677277,HYG,HAR-RV
2009-07-27,0.010151307079727695,HYG,HAR-RV
2009-07-28,0.009659893617614778,HYG,HAR-RV
2009-07-29,0.008517343426322967,HYG,HAR-RV
2009-07-30,0.00816262092611371,HYG,HAR-RV
2009-07-31,0.008708313931518451,HYG,HAR-RV
2009-08-03,0.009502584166926516,HYG,HAR-RV
2009-08-04,0.011246385714560913,HYG,HAR-RV
2009-08-05,0.0089251038869929,HYG,HAR-RV
2009-08-06,0.00883398709253593,HYG,HAR-RV
2009-08-07,0.008916328142782568,HYG,HAR-RV
2009-08-10,0.009627433022002144,HYG,HAR-RV
2009-08-11,0.00911471482968794,HYG,HAR-RV
2009-08-12,0.0087355720602631,HYG,HAR-RV
2009-08-13,0.008357046820558075,HYG,HAR-RV
2009-08-14,0.007976007842779586,HYG,HAR-RV
2009-08-17,0.009760228684829633,HYG,HAR-RV
2009-08-18,0.007875039201994467,HYG,HAR-RV
2009-08-19,0.010212011022375213,HYG,HAR-RV
2009-08-20,0.010500260777953383,HYG,HAR-RV
2009-08-21,0.009512107815375929,HYG,HAR-RV
2009-08-24,0.009183453034140077,HYG,HAR-RV
2009-08-25,0.010670113364474893,HYG,HAR-RV
2009-08-26,0.008816850727909543,HYG,HAR-RV
2009-08-27,0.007507657071255584,HYG,HAR-RV
2009-08-28,0.007405740810606822,HYG,HAR-RV
2009-08-31,0.0076739229083309015,HYG,HAR-RV
2009-09-01,0.0072695233975827505,HYG,HAR-RV
2009-09-02,0.006614632203184095,HYG,HAR-RV
2009-09-03,0.007396104933570946,HYG,HAR-RV
2009-09-04,0.007329531506462943,HYG,HAR-RV
2009-09-08,0.00754607083387049,HYG,HAR-RV
2009-09-09,0.007949125958421038,HYG,HAR-RV
2009-09-10,0.009171208634638505,HYG,HAR-RV
2009-09-11,0.008997074142332605,HYG,HAR-RV
2009-09-14,0.00947442339128175,HYG,HAR-RV
2009-09-15,0.009756689363137113,HYG,HAR-RV
2009-09-16,0.00896824939892519,HYG,HAR-RV
2009-09-17,0.009288223740851073,HYG,HAR-RV
2009-09-18,0.009647480166314242,HYG,HAR-RV
2009-09-21,0.008459864520391356,HYG,HAR-RV
2009-09-22,0.008011662347349166,HYG,HAR-RV
2009-09-23,0.007669798295893796,HYG,HAR-RV
2009-09-24,0.007491370862959712,HYG,HAR-RV
2009-09-25,0.007156994873926275,HYG,HAR-RV
2009-09-28,0.007241977425596407,HYG,HAR-RV
2009-09-29,0.007244507599629437,HYG,HAR-RV
2009-09-30,0.008168671575210892,HYG,HAR-RV
2009-10-01,0.007925250678698486,HYG,HAR-RV
2009-10-02,0.007589568707071027,HYG,HAR-RV
2009-10-05,0.009237930523400602,HYG,HAR-RV
2009-10-06,0.008578230269246687,HYG,HAR-RV
2009-10-07,0.008874646543282124,HYG,HAR-RV
2009-10-08,0.008542950596672282,HYG,HAR-RV
2009-10-09,0.008707331926764594,HYG,HAR-RV
2009-10-12,0.007465832049541597,HYG,HAR-RV
2009-10-13,0.006973993547515317,HYG,HAR-RV
2009-10-14,0.0061905711522987844,HYG,HAR-RV
2009-10-15,0.005758090001855296,HYG,HAR-RV
2009-10-16,0.00575647997399507,HYG,HAR-RV
2009-10-19,0.0053572681430345236,HYG,HAR-RV
2009-10-20,0.004816607200425197,HYG,HAR-RV
2009-10-21,0.0048183128750108085,HYG,HAR-RV
2009-10-22,0.00489821267630706,HYG,HAR-RV
2009-10-23,0.004893861923679696,HYG,HAR-RV
2009-10-26,0.004848440591435947,HYG,HAR-RV
2009-10-27,0.004917264341232243,HYG,HAR-RV
2009-10-28,0.0050386548169338696,HYG,HAR-RV
2009-10-29,0.0052645163882618804,HYG,HAR-RV
2009-10-30,0.005918062177281414,HYG,HAR-RV
2009-11-02,0.006533983422204643,HYG,HAR-RV
2009-11-03,0.007116335179708883,HYG,HAR-RV
2009-11-04,0.006712239518984582,HYG,HAR-RV
2009-11-05,0.006573917554716199,HYG,HAR-RV
2009-11-06,0.0058020941182962025,HYG,HAR-RV
2009-11-09,0.005388406575552642,HYG,HAR-RV
2009-11-10,0.005023919543661215,HYG,HAR-RV
2009-11-11,0.004776276686211488,HYG,HAR-RV
2009-11-12,0.004604382895235586,HYG,HAR-RV
2009-11-13,0.00454651200475892,HYG,HAR-RV
2009-11-16,0.004508356800454945,HYG,HAR-RV
2009-11-17,0.004439145756338353,HYG,HAR-RV
2009-11-18,0.004468834220114791,HYG,HAR-RV
2009-11-19,0.004611384836820904,HYG,HAR-RV
2009-11-20,0.004799542918081576,HYG,HAR-RV
2009-11-23,0.004775897172922725,HYG,HAR-RV
2009-11-24,0.0047246059995012454,HYG,HAR-RV
2009-11-25,0.004512325243809725,HYG,HAR-RV
2009-11-27,0.004360217897438736,HYG,HAR-RV
2009-11-30,0.004316933659453401,HYG,HAR-RV
2009-12-01,0.004147517671116239,HYG,HAR-RV
2009-12-02,0.0037468656422679995,HYG,HAR-RV
2009-12-03,0.003549956157422833,HYG,HAR-RV
2009-12-04,0.003239977079163562,HYG,HAR-RV
2009-12-07,0.003103015933588642,HYG,HAR-RV
2009-12-08,0.0031072273384801243,HYG,HAR-RV
2009-12-09,0.0030448365732714993,HYG,HAR-RV
2009-12-10,0.0030429223745714867,HYG,HAR-RV
2009-12-11,0.0029014107400650614,HYG,HAR-RV
2009-12-14,0.0029416570521513287,HYG,HAR-RV
2009-12-15,0.002849624057677751,HYG,HAR-RV
2009-12-16,0.0030439876538575156,HYG,HAR-RV
2009-12-17,0.0030351088021447255,HYG,HAR-RV
2009-12-18,0.0027575152667146654,HYG,HAR-RV
2009-12-21,0.002445105450841782,HYG,HAR-RV
2009-12-22,0.0024941458684690455,HYG,HAR-RV
2009-12-23,0.002553304723249129,HYG,HAR-RV
2009-12-24,0.0025126914336776884,HYG,HAR-RV
2009-12-28,0.0026699501294632044,HYG,HAR-RV
2009-12-29,0.002770455396718618,HYG,HAR-RV
2009-12-30,0.0029012218298110418,HYG,HAR-RV
2009-12-31,0.003111358385756449,HYG,HAR-RV
2010-01-04,0.002977208370878354,HYG,HAR-RV
2010-01-05,0.003012182705416089,HYG,HAR-RV
2010-01-06,0.0030231777502205733,HYG,HAR-RV
2010-01-07,0.0032970091675661693,HYG,HAR-RV
2010-01-08,0.003356641350433974,HYG,HAR-RV
2010-01-11,0.0032825145235008592,HYG,HAR-RV
2010-01-12,0.0032987887308716522,HYG,HAR-RV
2010-01-13,0.0032733489688045497,HYG,HAR-RV
2010-01-14,0.003352327911079333,HYG,HAR-RV
2010-01-15,0.003281153717218724,HYG,HAR-RV
2010-01-19,0.003292885258713008,HYG,HAR-RV
2010-01-20,0.003080336686871632,HYG,HAR-RV
2010-01-21,0.003115063864285307,HYG,HAR-RV
2010-01-22,0.003145404920932282,HYG,HAR-RV
2010-01-25,0.0035579878270958535,HYG,HAR-RV
2010-01-26,0.004127806551647978,HYG,HAR-RV
2010-01-27,0.004163255638664743,HYG,HAR-RV
2010-01-28,0.004079281496324944,HYG,HAR-RV
2010-01-29,0.003978930717732813,HYG,HAR-RV
2010-02-01,0.003930653019180491,HYG,HAR-RV
2010-02-02,0.00396757700994685,HYG,HAR-RV
2010-02-03,0.004025785573070697,HYG,HAR-RV
2010-02-04,0.003914172100859647,HYG,HAR-RV
2010-02-05,0.004185975710114025,HYG,HAR-RV
2010-02-08,0.004980102654082033,HYG,HAR-RV
2010-02-09,0.004358687253433517,HYG,HAR-RV
2010-02-10,0.004206693282342966,HYG,HAR-RV
2010-02-11,0.004151364374106585,HYG,HAR-RV
2010-02-12,0.0051798941743448935,HYG,HAR-RV
2010-02-16,0.0048808770675629,HYG,HAR-RV
2010-02-17,0.004631571791118398,HYG,HAR-RV
2010-02-18,0.005376224210898279,HYG,HAR-RV
2010-02-19,0.0054121928501606985,HYG,HAR-RV
2010-02-22,0.005801811031744564,HYG,HAR-RV
2010-02-23,0.0057814333813009855,HYG,HAR-RV
2010-02-24,0.0053859601860876466,HYG,HAR-RV
2010-02-25,0.005538491731742407,HYG,HAR-RV
2010-02-26,0.005086663917313381,HYG,HAR-RV
2010-03-01,0.004788583600519504,HYG,HAR-RV
2010-03-02,0.005419265493513304,HYG,HAR-RV
2010-03-03,0.004978755963715751,HYG,HAR-RV
2010-03-04,0.005693745960157711,HYG,HAR-RV
2010-03-05,0.004867546439899392,HYG,HAR-RV
2010-03-08,0.004633036423779681,HYG,HAR-RV
2010-03-09,0.005310804943167219,HYG,HAR-RV
2010-03-10,0.0044723798979741354,HYG,HAR-RV
2010-03-11,0.004758997766648725,HYG,HAR-RV
2010-03-12,0.003939814072420494,HYG,HAR-RV
2010-03-15,0.003906882392421035,HYG,HAR-RV
2010-03-16,0.0037731517773391225,HYG,HAR-RV
2010-03-17,0.0035653584671918523,HYG,HAR-RV
2010-03-18,0.00390072727506354,HYG,HAR-RV
2010-03-19,0.003474420629351335,HYG,HAR-RV
2010-03-22,0.0034465968793479067,HYG,HAR-RV
2010-03-23,0.003733818040504844,HYG,HAR-RV
2010-03-24,0.003496214425048295,HYG,HAR-RV
2010-03-25,0.0029304862331851955,HYG,HAR-RV
2010-03-26,0.0029121306805856423,HYG,HAR-RV
2010-03-29,0.0028245925925222534,HYG,HAR-RV
2010-03-30,0.002544821984965466,HYG,HAR-RV
2010-03-31,0.002485287231211039,HYG,HAR-RV
2010-04-01,0.0022622579479378725,HYG,HAR-RV
2010-04-05,0.0025111623759732186,HYG,HAR-RV
2010-04-06,0.002304797942190809,HYG,HAR-RV
2010-04-07,0.0021767017399917715,HYG,HAR-RV
2010-04-08,0.003040232577953671,HYG,HAR-RV
2010-04-09,0.002672452062783601,HYG,HAR-RV
2010-04-12,0.002577828960271472,HYG,HAR-RV
2010-04-13,0.00237270467581729,HYG,HAR-RV
2010-04-14,0.0023129601307072126,HYG,HAR-RV
2010-04-15,0.0024135510345564353,HYG,HAR-RV
2010-04-16,0.0025711941771174337,HYG,HAR-RV
2010-04-19,0.0028418797490107634,HYG,HAR-RV
2010-04-20,0.0034919520407608695,HYG,HAR-RV
2010-04-21,0.003334603973280955,HYG,HAR-RV
2010-04-22,0.004277488256961598,HYG,HAR-RV
2010-04-23,0.003431001204155306,HYG,HAR-RV
2010-04-26,0.003634802720595041,HYG,HAR-RV
2010-04-27,0.003795528179312729,HYG,HAR-RV
2010-04-28,0.0035508298079116336,HYG,HAR-RV
2010-04-29,0.004122410412015582,HYG,HAR-RV
2010-04-30,0.004076739285077064,HYG,HAR-RV
2010-05-03,0.0044523332678096435,HYG,HAR-RV
2010-05-04,0.0041601840761639275,HYG,HAR-RV
2010-05-05,0.0041083109587299205,HYG,HAR-RV
2010-05-06,0.004408399950606685,HYG,HAR-RV
2010-05-07,0.005853055310175877,HYG,HAR-RV
2010-05-10,0.00709668368573764,HYG,HAR-RV
2010-05-11,0.00671694201928928,HYG,HAR-RV
2010-05-12,0.007602781079531926,HYG,HAR-RV
2010-05-13,0.007607678849446441,HYG,HAR-RV
2010-05-14,0.007583228657943874,HYG,HAR-RV
2010-05-17,0.006464916235991481,HYG,HAR-RV
2010-05-18,0.006875441523517763,HYG,HAR-RV
2010-05-19,0.005689496557709952,HYG,HAR-RV
2010-05-20,0.00568600223379487,HYG,HAR-RV
2010-05-21,0.005542558397568096,HYG,HAR-RV
2010-05-24,0.008805219080702314,HYG,HAR-RV
2010-05-25,0.008870896422214423,HYG,HAR-RV
2010-05-26,0.0075362903798438866,HYG,HAR-RV
2010-05-27,0.007615162797380365,HYG,HAR-RV
2010-05-28,0.008861607419664953,HYG,HAR-RV
2010-06-01,0.008179156849009994,HYG,HAR-RV
2010-06-02,0.006652586555933435,HYG,HAR-RV
2010-06-03,0.006813929762260044,HYG,HAR-RV
2010-06-04,0.006853393536835822,HYG,HAR-RV
2010-06-07,0.006101146465025831,HYG,HAR-RV
2010-06-08,0.006007859820818837,HYG,HAR-RV
2010-06-09,0.006065205962137649,HYG,HAR-RV
2010-06-10,0.005179526600168524,HYG,HAR-RV
2010-06-11,0.005249606064201669,HYG,HAR-RV
2010-06-14,0.0058670472966184314,HYG,HAR-RV
2010-06-15,0.0050005610617037885,HYG,HAR-RV
2010-06-16,0.004684011397644889,HYG,HAR-RV
2010-06-17,0.005616218847612918,HYG,HAR-RV
2010-06-18,0.004864922314374173,HYG,HAR-RV
2010-06-21,0.00529688724437993,HYG,HAR-RV
2010-06-22,0.005264736070581465,HYG,HAR-RV
2010-06-23,0.005242517677548232,HYG,HAR-RV
2010-06-24,0.005034993951701141,HYG,HAR-RV
2010-06-25,0.0043983217723764755,HYG,HAR-RV
2010-06-28,0.0048408781324666625,HYG,HAR-RV
2010-06-29,0.004767543631735475,HYG,HAR-RV
2010-06-30,0.004434573028818509,HYG,HAR-RV
2010-07-01,0.0048399824893310866,HYG,HAR-RV
2010-07-02,0.004515722816134051,HYG,HAR-RV
2010-07-06,0.004558590707299751,HYG,HAR-RV
2010-07-07,0.004090739318844534,HYG,HAR-RV
2010-07-08,0.004866545561683199,HYG,HAR-RV
2010-07-09,0.005239279432405722,HYG,HAR-RV
2010-07-12,0.0050096237078147325,HYG,HAR-RV
2010-07-13,0.004762952660373284,HYG,HAR-RV
2010-07-14,0.004743577393748484,HYG,HAR-RV
2010-07-15,0.004974545362361237,HYG,HAR-RV
2010-07-16,0.004044214453837556,HYG,HAR-RV
2010-07-19,0.003845341289692295,HYG,HAR-RV
2010-07-20,0.004107249577640475,HYG,HAR-RV
2010-07-21,0.004261957286145326,HYG,HAR-RV
2010-07-22,0.004291979208500217,HYG,HAR-RV
2010-07-23,0.004173035508556189,HYG,HAR-RV
2010-07-26,0.004774668896540326,HYG,HAR-RV
2010-07-27,0.004610863906095775,HYG,HAR-RV
2010-07-28,0.004386477503190793,HYG,HAR-RV
2010-07-29,0.0039045052304421696,HYG,HAR-RV
2010-07-30,0.003978896780984339,HYG,HAR-RV
2010-08-02,0.003680749641726309,HYG,HAR-RV
2010-08-03,0.0034241108419172063,HYG,HAR-RV
2010-08-04,0.003769800071917043,HYG,HAR-RV
2010-08-05,0.0035281885738679174,HYG,HAR-RV
2010-08-06,0.003409957418111534,HYG,HAR-RV
2010-08-09,0.003105488658284675,HYG,HAR-RV
2010-08-10,0.0028216677397936768,HYG,HAR-RV
2010-08-11,0.0025887989889265143,HYG,HAR-RV
2010-08-12,0.0027459384616088925,HYG,HAR-RV
2010-08-13,0.0035775694878676964,HYG,HAR-RV
2010-08-16,0.003781856953564729,HYG,HAR-RV
2010-08-17,0.0040602835904332765,HYG,HAR-RV
2010-08-18,0.004007991662500525,HYG,HAR-RV
2010-08-19,0.004185484233789978,HYG,HAR-RV
2010-08-20,0.003438991680826296,HYG,HAR-RV
2010-08-23,0.0032760992018911026,HYG,HAR-RV
2010-08-24,0.0031525804050489678,HYG,HAR-RV
2010-08-25,0.002998961534885922,HYG,HAR-RV
2010-08-26,0.0030455392817755147,HYG,HAR-RV
2010-08-27,0.0030486109665704944,HYG,HAR-RV
2010-08-30,0.0029797511504571364,HYG,HAR-RV
2010-08-31,0.002818733308713363,HYG,HAR-RV
2010-09-01,0.0028332383625730194,HYG,HAR-RV
2010-09-02,0.0024926088638117724,HYG,HAR-RV
2010-09-03,0.0036556234677658445,HYG,HAR-RV
2010-09-07,0.003185480183254022,HYG,HAR-RV
2010-09-08,0.0034385605500545408,HYG,HAR-RV
2010-09-09,0.003311447750361757,HYG,HAR-RV
2010-09-10,0.003234200114906701,HYG,HAR-RV
2010-09-13,0.0030906197879301996,HYG,HAR-RV
2010-09-14,0.0031222263217965465,HYG,HAR-RV
2010-09-15,0.00326883721179912,HYG,HAR-RV
2010-09-16,0.002888446803972771,HYG,HAR-RV
2010-09-17,0.0029143906205433548,HYG,HAR-RV
2010-09-20,0.0028396775763667808,HYG,HAR-RV
2010-09-21,0.002768932536563501,HYG,HAR-RV
2010-09-22,0.002565273392454074,HYG,HAR-RV
2010-09-23,0.002622590952296369,HYG,HAR-RV
2010-09-24,0.0029528625476887387,HYG,HAR-RV
2010-09-27,0.0029801640030654363,HYG,HAR-RV
2010-09-28,0.0031238153521674127,HYG,HAR-RV
2010-09-29,0.002974847875004244,HYG,HAR-RV
2010-09-30,0.002957929480539856,HYG,HAR-RV
2010-10-01,0.0029158165040126666,HYG,HAR-RV
2010-10-04,0.0030975937816575777,HYG,HAR-RV
2010-10-05,0.0029549603639905143,HYG,HAR-RV
2010-10-06,0.002989812297681287,HYG,HAR-RV
2010-10-07,0.003171752996210404,HYG,HAR-RV
2010-10-08,0.003097730940530831,HYG,HAR-RV
2010-10-11,0.002843709324967404,HYG,HAR-RV
2010-10-12,0.003014870118309995,HYG,HAR-RV
2010-10-13,0.002910608118642022,HYG,HAR-RV
2010-10-14,0.0027301783554457247,HYG,HAR-RV
2010-10-15,0.002851408751705699,HYG,HAR-RV
2010-10-18,0.0030706841192481224,HYG,HAR-RV
2010-10-19,0.0030820090282089227,HYG,HAR-RV
2010-10-20,0.0030262734961981567,HYG,HAR-RV
2010-10-21,0.002976318379092413,HYG,HAR-RV
2010-10-22,0.0029317438651286056,HYG,HAR-RV
2010-10-25,0.0027683172725753227,HYG,HAR-RV
2010-10-26,0.002873334860730766,HYG,HAR-RV
2010-10-27,0.00307082885879832,HYG,HAR-RV
2010-10-28,0.003140849625861815,HYG,HAR-RV
2010-10-29,0.0029877755039208745,HYG,HAR-RV
2010-11-01,0.002886283691753591,HYG,HAR-RV
2010-11-02,0.0025906290258002835,HYG,HAR-RV
2010-11-03,0.0024242955760321464,HYG,HAR-RV
2010-11-04,0.002653373047209435,HYG,HAR-RV
2010-11-05,0.002913128415304022,HYG,HAR-RV
2010-11-08,0.0036558145297294026,HYG,HAR-RV
2010-11-09,0.003926252969881055,HYG,HAR-RV
2010-11-10,0.003942028198930049,HYG,HAR-RV
2010-11-11,0.0038734774843768405,HYG,HAR-RV
2010-11-12,0.004167773506651519,HYG,HAR-RV
2010-11-15,0.003698731696885626,HYG,HAR-RV
2010-11-16,0.0038689312709638103,HYG,HAR-RV
2010-11-17,0.003865421668746187,HYG,HAR-RV
2010-11-18,0.004389677822743126,HYG,HAR-RV
2010-11-19,0.004392862778091635,HYG,HAR-RV
2010-11-22,0.004901798593325168,HYG,HAR-RV
2010-11-23,0.005028386157565547,HYG,HAR-RV
2010-11-24,0.005392381001540823,HYG,HAR-RV
2010-11-26,0.0054921866297121666,HYG,HAR-RV
2010-11-29,0.00579817269063015,HYG,HAR-RV
2010-11-30,0.005154538937747294,HYG,HAR-RV
2010-12-01,0.005338466527380474,HYG,HAR-RV
2010-12-02,0.005025966278870975,HYG,HAR-RV
2010-12-03,0.0045178330080088945,HYG,HAR-RV
2010-12-06,0.004330661700515437,HYG,HAR-RV
2010-12-07,0.004060516056965083,HYG,HAR-RV
2010-12-08,0.003919370624608585,HYG,HAR-RV
2010-12-09,0.003929963713715391,HYG,HAR-RV
2010-12-10,0.0034858907798046594,HYG,HAR-RV
2010-12-13,0.003612674109227958,HYG,HAR-RV
2010-12-14,0.0035753794494852342,HYG,HAR-RV
2010-12-15,0.0037818770862742125,HYG,HAR-RV
2010-12-16,0.0037915256201411255,HYG,HAR-RV
2010-12-17,0.003889414179851617,HYG,HAR-RV
2010-12-20,0.003966589213489512,HYG,HAR-RV
2010-12-21,0.004064160508451104,HYG,HAR-RV
2010-12-22,0.003708971993949665,HYG,HAR-RV
2010-12-23,0.0033518682119485217,HYG,HAR-RV
2010-12-27,0.0032038004145977365,HYG,HAR-RV
2010-12-28,0.0029779568433195664,HYG,HAR-RV
2010-12-29,0.0028138377115643374,HYG,HAR-RV
2010-12-30,0.0026643013335811714,HYG,HAR-RV
2010-12-31,0.0026088193320466246,HYG,HAR-RV
2011-01-03,0.0025500115861134772,HYG,HAR-RV
2011-01-04,0.0025330291375620317,HYG,HAR-RV
2011-01-05,0.0025654676437149664,HYG,HAR-RV
2011-01-06,0.002739793506998866,HYG,HAR-RV
2011-01-07,0.002794146441328013,HYG,HAR-RV
2011-01-10,0.0028780016760756814,HYG,HAR-RV
2011-01-11,0.0029082651156513164,HYG,HAR-RV
2011-01-12,0.003095147504557857,HYG,HAR-RV
2011-01-13,0.0028352498590372907,HYG,HAR-RV
2011-01-14,0.0028738071920490337,HYG,HAR-RV
2011-01-18,0.0028347738537559514,HYG,HAR-RV
2011-01-19,0.002486240823056103,HYG,HAR-RV
2011-01-20,0.0024810919548567973,HYG,HAR-RV
2011-01-21,0.0022233004065193664,HYG,HAR-RV
2011-01-24,0.002296627343605889,HYG,HAR-RV
2011-01-25,0.00256701589388251,HYG,HAR-RV
2011-01-26,0.0026844125624922825,HYG,HAR-RV
2011-01-27,0.0027993583576331345,HYG,HAR-RV
2011-01-28,0.0026673440329702557,HYG,HAR-RV
2011-01-31,0.0026707474520801856,HYG,HAR-RV
2011-02-01,0.002704537401732787,HYG,HAR-RV
2011-02-02,0.0031265077229212053,HYG,HAR-RV
2011-02-03,0.0032991764266153078,HYG,HAR-RV
2011-02-04,0.003203827871860548,HYG,HAR-RV
2011-02-07,0.00312594947501234,HYG,HAR-RV
2011-02-08,0.0028096161104486732,HYG,HAR-RV
2011-02-09,0.0025910184068433885,HYG,HAR-RV
2011-02-10,0.002580684013522277,HYG,HAR-RV
2011-02-11,0.002783382828171954,HYG,HAR-RV
2011-02-14,0.003079560269461605,HYG,HAR-RV
2011-02-15,0.0028400628819282275,HYG,HAR-RV
2011-02-16,0.002784600958552723,HYG,HAR-RV
2011-02-17,0.002803363701916841,HYG,HAR-RV
2011-02-18,0.0024153933648391355,HYG,HAR-RV
2011-02-22,0.002484592870488378,HYG,HAR-RV
2011-02-23,0.002549956309637153,HYG,HAR-RV
2011-02-24,0.0030244716234044387,HYG,HAR-RV
2011-02-25,0.003215127336444675,HYG,HAR-RV
2011-02-28,0.003257512197151263,HYG,HAR-RV
2011-03-01,0.0032486887229158236,HYG,HAR-RV
2011-03-02,0.0033496548448685836,HYG,HAR-RV
2011-03-03,0.0029483732678714913,HYG,HAR-RV
2011-03-04,0.0028747028745874973,HYG,HAR-RV
2011-03-07,0.002978297626267252,HYG,HAR-RV
2011-03-08,0.0029492535016069537,HYG,HAR-RV
2011-03-09,0.0026130487694792245,HYG,HAR-RV
2011-03-10,0.0025650948848906347,HYG,HAR-RV
2011-03-11,0.0026525954031056,HYG,HAR-RV
2011-03-14,0.0027089309966427735,HYG,HAR-RV
2011-03-15,0.00276440679614378,HYG,HAR-RV
2011-03-16,0.0028768657616428306,HYG,HAR-RV
2011-03-17,0.0032795304374233776,HYG,HAR-RV
2011-03-18,0.0035873932457629156,HYG,HAR-RV
2011-03-21,0.00413271278524467,HYG,HAR-RV
2011-03-22,0.004716332736085945,HYG,HAR-RV
2011-03-23,0.004796528524590055,HYG,HAR-RV
2011-03-24,0.004464321949361004,HYG,HAR-RV
2011-03-25,0.003889145158094941,HYG,HAR-RV
2011-03-28,0.0030804901993748152,HYG,HAR-RV
2011-03-29,0.0027280704180932883,HYG,HAR-RV
2011-03-30,0.0023094864409694796,HYG,HAR-RV
2011-03-31,0.0022723854728250786,HYG,HAR-RV
2011-04-01,0.002258022552244194,HYG,HAR-RV
2011-04-04,0.0021493723039118957,HYG,HAR-RV
2011-04-05,0.0023259418018465993,HYG,HAR-RV
2011-04-06,0.002624299565165395,HYG,HAR-RV
2011-04-07,0.0026772174275660012,HYG,HAR-RV
2011-04-08,0.0027326687942900783,HYG,HAR-RV
2011-04-11,0.002653731750534922,HYG,HAR-RV
2011-04-12,0.002464163706996592,HYG,HAR-RV
2011-04-13,0.002337767115948992,HYG,HAR-RV
2011-04-14,0.0026328301167775534,HYG,HAR-RV
2011-04-15,0.002879071968351128,HYG,HAR-RV
2011-04-18,0.002884411307118374,HYG,HAR-RV
2011-04-19,0.002726205873753556,HYG,HAR-RV
2011-04-20,0.0029216758482472484,HYG,HAR-RV
2011-04-21,0.0029770031997823883,HYG,HAR-RV
2011-04-25,0.002866587657239766,HYG,HAR-RV
2011-04-26,0.0028395737391569455,HYG,HAR-RV
2011-04-27,0.002917664635717971,HYG,HAR-RV
2011-04-28,0.0026930274073180957,HYG,HAR-RV
2011-04-29,0.002612652542957973,HYG,HAR-RV
2011-05-02,0.002401777986788393,HYG,HAR-RV
2011-05-03,0.002172675160729895,HYG,HAR-RV
2011-05-04,0.0022613108894164106,HYG,HAR-RV
2011-05-05,0.0020989828444882078,HYG,HAR-RV
2011-05-06,0.0020734451779400717,HYG,HAR-RV
2011-05-09,0.0020192507801202685,HYG,HAR-RV
2011-05-10,0.0022280407927351437,HYG,HAR-RV
2011-05-11,0.0025616978429392296,HYG,HAR-RV
2011-05-12,0.0026273343894620818,HYG,HAR-RV
2011-05-13,0.0028184770050463533,HYG,HAR-RV
2011-05-16,0.002567465130135483,HYG,HAR-RV
2011-05-17,0.002354143569347139,HYG,HAR-RV
2011-05-18,0.002483611045303626,HYG,HAR-RV
2011-05-19,0.0024243084256797415,HYG,HAR-RV
2011-05-20,0.0024346076184675576,HYG,HAR-RV
2011-05-23,0.0023462317494885266,HYG,HAR-RV
2011-05-24,0.0020979998883833804,HYG,HAR-RV
2011-05-25,0.002200001837756277,HYG,HAR-RV
2011-05-26,0.0022412237685564846,HYG,HAR-RV
2011-05-27,0.0021905692471292544,HYG,HAR-RV
2011-05-31,0.0021904512588000417,HYG,HAR-RV
2011-06-01,0.0023654784128781027,HYG,HAR-RV
2011-06-02,0.002261401318815399,HYG,HAR-RV
2011-06-03,0.002597252917788908,HYG,HAR-RV
2011-06-06,0.002680760465912712,HYG,HAR-RV
2011-06-07,0.00284390710031214,HYG,HAR-RV
2011-06-08,0.0028291958495525733,HYG,HAR-RV
2011-06-09,0.002756377052742787,HYG,HAR-RV
2011-06-10,0.0025447674862693254,HYG,HAR-RV
2011-06-13,0.00267075524413468,HYG,HAR-RV
2011-06-14,0.002736159771485007,HYG,HAR-RV
2011-06-15,0.0029607687042719653,HYG,HAR-RV
2011-06-16,0.0033661510882801973,HYG,HAR-RV
2011-06-17,0.0035719479856205914,HYG,HAR-RV
2011-06-20,0.005910969789891524,HYG,HAR-RV
2011-06-21,0.006093000248739528,HYG,HAR-RV
2011-06-22,0.006185925170206176,HYG,HAR-RV
2011-06-23,0.006349685195412573,HYG,HAR-RV
2011-06-24,0.006582149964248899,HYG,HAR-RV
2011-06-27,0.005139811218287361,HYG,HAR-RV
2011-06-28,0.0042929763672186596,HYG,HAR-RV
2011-06-29,0.003393246269754352,HYG,HAR-RV
2011-06-30,0.00342530226721048,HYG,HAR-RV
2011-07-01,0.004218573385429282,HYG,HAR-RV
2011-07-05,0.004223959934980681,HYG,HAR-RV
2011-07-06,0.004104201465092889,HYG,HAR-RV
2011-07-07,0.0038214916343282963,HYG,HAR-RV
2011-07-08,0.0034707834888039867,HYG,HAR-RV
2011-07-11,0.0031648662411313117,HYG,HAR-RV
2011-07-12,0.002928341809319188,HYG,HAR-RV
2011-07-13,0.0038098762587094543,HYG,HAR-RV
2011-07-14,0.0036477373918216444,HYG,HAR-RV
2011-07-15,0.0044599913909207775,HYG,HAR-RV
2011-07-18,0.0035412743894736396,HYG,HAR-RV
2011-07-19,0.003256450919144493,HYG,HAR-RV
2011-07-20,0.00268273953918075,HYG,HAR-RV
2011-07-21,0.0029969923657367547,HYG,HAR-RV
2011-07-22,0.0022163905880237668,HYG,HAR-RV
2011-07-25,0.002835432644391098,HYG,HAR-RV
2011-07-26,0.0027260916160578882,HYG,HAR-RV
2011-07-27,0.003322750911300805,HYG,HAR-RV
2011-07-28,0.0029364965746136633,HYG,HAR-RV
2011-07-29,0.003883046563492354,HYG,HAR-RV
2011-08-01,0.003224264782463051,HYG,HAR-RV
2011-08-02,0.0031159676998562843,HYG,HAR-RV
2011-08-03,0.0029603848345297807,HYG,HAR-RV
2011-08-04,0.004407956245594148,HYG,HAR-RV
2011-08-05,0.0034998251651182414,HYG,HAR-RV
2011-08-08,0.004516745715454403,HYG,HAR-RV
2011-08-09,0.01076032093857469,HYG,HAR-RV
2011-08-10,0.017012390036314096,HYG,HAR-RV
2011-08-11,0.020991328891298462,HYG,HAR-RV
2011-08-12,0.023105592119884222,HYG,HAR-RV
2011-08-15,0.01752145140611376,HYG,HAR-RV
2011-08-16,0.0174869513729328,HYG,HAR-RV
2011-08-17,0.012777515750774831,HYG,HAR-RV
2011-08-18,0.009196661559642346,HYG,HAR-RV
2011-08-19,0.008736313990809293,HYG,HAR-RV
2011-08-22,0.008012417998218852,HYG,HAR-RV
2011-08-23,0.00767192691342637,HYG,HAR-RV
2011-08-24,0.005580550046920731,HYG,HAR-RV
2011-08-25,0.00565974749260624,HYG,HAR-RV
2011-08-26,0.005028110161268258,HYG,HAR-RV
2011-08-29,0.005130897071185572,HYG,HAR-RV
2011-08-30,0.005905153212256253,HYG,HAR-RV
2011-08-31,0.0065885882406015355,HYG,HAR-RV
2011-09-01,0.006265866036428812,HYG,HAR-RV
2011-09-02,0.006970733001773507,HYG,HAR-RV
2011-09-06,0.005734435728428752,HYG,HAR-RV
2011-09-07,0.0055713765303278436,HYG,HAR-RV
2011-09-08,0.00580715298376955,HYG,HAR-RV
2011-09-09,0.005986118459583902,HYG,HAR-RV
2011-09-12,0.004832320285492704,HYG,HAR-RV
2011-09-13,0.006059997981830168,HYG,HAR-RV
2011-09-14,0.006592128284103228,HYG,HAR-RV
2011-09-15,0.0060010510377291664,HYG,HAR-RV
2011-09-16,0.006233969870137485,HYG,HAR-RV
2011-09-19,0.006627490217516246,HYG,HAR-RV
2011-09-20,0.005348868043998024,HYG,HAR-RV
2011-09-21,0.004383066340164636,HYG,HAR-RV
2011-09-22,0.0036469623039475044,HYG,HAR-RV
2011-09-23,0.004221864309749887,HYG,HAR-RV
2011-09-26,0.005213607301060448,HYG,HAR-RV
2011-09-27,0.005163473766342428,HYG,HAR-RV
2011-09-28,0.005445199058893047,HYG,HAR-RV
2011-09-29,0.005400785153359809,HYG,HAR-RV
2011-09-30,0.0058724006735263335,HYG,HAR-RV
2011-10-03,0.0043453065940348085,HYG,HAR-RV
2011-10-04,0.006978564329520459,HYG,HAR-RV
2011-10-05,0.0077734701405303966,HYG,HAR-RV
2011-10-06,0.007962304571996922,HYG,HAR-RV
2011-10-07,0.008355364339419217,HYG,HAR-RV
2011-10-10,0.009926305835729843,HYG,HAR-RV
2011-10-11,0.007691134417975509,HYG,HAR-RV
2011-10-12,0.008725712984314985,HYG,HAR-RV
2011-10-13,0.010243727017546457,HYG,HAR-RV
2011-10-14,0.011260684468793468,HYG,HAR-RV
2011-10-17,0.010110569767723919,HYG,HAR-RV
2011-10-18,0.010700510916513637,HYG,HAR-RV
2011-10-19,0.008559381030985868,HYG,HAR-RV
2011-10-20,0.007743253274505678,HYG,HAR-RV
2011-10-21,0.00527068598035721,HYG,HAR-RV
2011-10-24,0.006072590333939018,HYG,HAR-RV
2011-10-25,0.007317056336602914,HYG,HAR-RV
2011-10-26,0.011027376472604794,HYG,HAR-RV
2011-10-27,0.011638138167998118,HYG,HAR-RV
2011-10-28,0.011173847401925781,HYG,HAR-RV
2011-10-31,0.012092289114172611,HYG,HAR-RV
2011-11-01,0.010357900885737886,HYG,HAR-RV
2011-11-02,0.009289891555061505,HYG,HAR-RV
2011-11-03,0.009802544300717548,HYG,HAR-RV
2011-11-04,0.009798861795467463,HYG,HAR-RV
2011-11-07,0.00919600708793278,HYG,HAR-RV
2011-11-08,0.008182548228467193,HYG,HAR-RV
2011-11-09,0.007521311337927219,HYG,HAR-RV
2011-11-10,0.006365544261951352,HYG,HAR-RV
2011-11-11,0.00822943105010036,HYG,HAR-RV
2011-11-14,0.0065881109257116075,HYG,HAR-RV
2011-11-15,0.008073006985282086,HYG,HAR-RV
2011-11-16,0.008160364045144197,HYG,HAR-RV
2011-11-17,0.008060309436762062,HYG,HAR-RV
2011-11-18,0.007123078143150318,HYG,HAR-RV
2011-11-21,0.0072600101552409485,HYG,HAR-RV
2011-11-22,0.005985034207579591,HYG,HAR-RV
2011-11-23,0.006803556555593207,HYG,HAR-RV
2011-11-25,0.007315516949222813,HYG,HAR-RV
2011-11-28,0.008069738558537097,HYG,HAR-RV
2011-11-29,0.007436312215215459,HYG,HAR-RV
2011-11-30,0.009519279680735567,HYG,HAR-RV
2011-12-01,0.009312488649376317,HYG,HAR-RV
2011-12-02,0.010095379422234622,HYG,HAR-RV
2011-12-05,0.008883350841903143,HYG,HAR-RV
2011-12-06,0.009214015073669504,HYG,HAR-RV
2011-12-07,0.007448027779524413,HYG,HAR-RV
2011-12-08,0.00716165693634092,HYG,HAR-RV
2011-12-09,0.00582420310221034,HYG,HAR-RV
2011-12-12,0.0060583146912310225,HYG,HAR-RV
2011-12-13,0.0063902569597008105,HYG,HAR-RV
2011-12-14,0.006201085413631125,HYG,HAR-RV
2011-12-15,0.0061572202227803225,HYG,HAR-RV
2011-12-16,0.005883180637216958,HYG,HAR-RV
2011-12-19,0.00551151143820339,HYG,HAR-RV
2011-12-20,0.00507244520381764,HYG,HAR-RV
2011-12-21,0.004705412000508166,HYG,HAR-RV
2011-12-22,0.005420390116284833,HYG,HAR-RV
2011-12-23,0.0057502771118672314,HYG,HAR-RV
2011-12-27,0.005668011422055105,HYG,HAR-RV
2011-12-28,0.005588207790190868,HYG,HAR-RV
2011-12-29,0.005713693102577517,HYG,HAR-RV
2011-12-30,0.004965748891934414,HYG,HAR-RV
2012-01-03,0.005069036811072392,HYG,HAR-RV
2012-01-04,0.004796495150138961,HYG,HAR-RV
2012-01-05,0.004427540103678301,HYG,HAR-RV
2012-01-06,0.004199964835855423,HYG,HAR-RV
2012-01-09,0.004095763563918965,HYG,HAR-RV
2012-01-10,0.0037673191457665983,HYG,HAR-RV
2012-01-11,0.003867597733572636,HYG,HAR-RV
2012-01-12,0.0038387405648804902,HYG,HAR-RV
2012-01-13,0.0037646724010269653,HYG,HAR-RV
2012-01-17,0.003355712484851386,HYG,HAR-RV
2012-01-18,0.0031158304525408255,HYG,HAR-RV
2012-01-19,0.0031517412369363113,HYG,HAR-RV
2012-01-20,0.003057592601928673,HYG,HAR-RV
2012-01-23,0.003041620311484134,HYG,HAR-RV
2012-01-24,0.002900998989712844,HYG,HAR-RV
2012-01-25,0.0031197172014481196,HYG,HAR-RV
2012-01-26,0.0031533916419425436,HYG,HAR-RV
2012-01-27,0.0036889245758576802,HYG,HAR-RV
2012-01-30,0.003940664435382448,HYG,HAR-RV
2012-01-31,0.0043061602478087786,HYG,HAR-RV
2012-02-01,0.0042625326325587696,HYG,HAR-RV
2012-02-02,0.004243209922468924,HYG,HAR-RV
2012-02-03,0.003483874329593341,HYG,HAR-RV
2012-02-06,0.0033376012870022084,HYG,HAR-RV
2012-02-07,0.003178855424256907,HYG,HAR-RV
2012-02-08,0.0028719139142256004,HYG,HAR-RV
2012-02-09,0.002758817427988948,HYG,HAR-RV
2012-02-10,0.002620857677985367,HYG,HAR-RV
2012-02-13,0.0026436584903199254,HYG,HAR-RV
2012-02-14,0.003116433495376498,HYG,HAR-RV
2012-02-15,0.0034626794609055366,HYG,HAR-RV
2012-02-16,0.00330551599056213,HYG,HAR-RV
2012-02-17,0.003497968702983702,HYG,HAR-RV
2012-02-21,0.003909935079957616,HYG,HAR-RV
2012-02-22,0.003119181944759887,HYG,HAR-RV
2012-02-23,0.0031605638517149042,HYG,HAR-RV
2012-02-24,0.0035878753249728714,HYG,HAR-RV
2012-02-27,0.0036356747632243992,HYG,HAR-RV
2012-02-28,0.003522304184981783,HYG,HAR-RV
2012-02-29,0.003514879463519138,HYG,HAR-RV
2012-03-01,0.0032526873858704955,HYG,HAR-RV
2012-03-02,0.0030437762970964583,HYG,HAR-RV
2012-03-05,0.002785825445450909,HYG,HAR-RV
2012-03-06,0.0028883134436868715,HYG,HAR-RV
2012-03-07,0.0035726628146062634,HYG,HAR-RV
2012-03-08,0.004694783162840701,HYG,HAR-RV
2012-03-09,0.005225148081192556,HYG,HAR-RV
2012-03-12,0.005750225804241024,HYG,HAR-RV
2012-03-13,0.005552418122929302,HYG,HAR-RV
2012-03-14,0.005007308291719494,HYG,HAR-RV
2012-03-15,0.00417374571487488,HYG,HAR-RV
2012-03-16,0.0042469094947585094,HYG,HAR-RV
2012-03-19,0.00376107030448183,HYG,HAR-RV
2012-03-20,0.004059956720734309,HYG,HAR-RV
2012-03-21,0.004437490170187212,HYG,HAR-RV
2012-03-22,0.003812346574496332,HYG,HAR-RV
2012-03-23,0.003846602370927463,HYG,HAR-RV
2012-03-26,0.003752088020242142,HYG,HAR-RV
2012-03-27,0.0036269265699012225,HYG,HAR-RV
2012-03-28,0.003769032408296399,HYG,HAR-RV
2012-03-29,0.004010976051712099,HYG,HAR-RV
2012-03-30,0.003989624902137784,HYG,HAR-RV
2012-04-02,0.0038401584830469286,HYG,HAR-RV
2012-04-03,0.0037762542188990124,HYG,HAR-RV
2012-04-04,0.003284516804136274,HYG,HAR-RV
2012-04-05,0.0031717258787480004,HYG,HAR-RV
2012-04-09,0.0031075091656622093,HYG,HAR-RV
2012-04-10,0.0033251318993552793,HYG,HAR-RV
2012-04-11,0.003624353124407217,HYG,HAR-RV
2012-04-12,0.003995595659659431,HYG,HAR-RV
2012-04-13,0.004590782157041631,HYG,HAR-RV
2012-04-16,0.005129621943422353,HYG,HAR-RV
2012-04-17,0.005342592382975582,HYG,HAR-RV
2012-04-18,0.005015931862321722,HYG,HAR-RV
2012-04-19,0.00485777821178611,HYG,HAR-RV
2012-04-20,0.004348792866221659,HYG,HAR-RV
2012-04-23,0.0035063188880450325,HYG,HAR-RV
2012-04-24,0.003347950289248068,HYG,HAR-RV
2012-04-25,0.003401219554480901,HYG,HAR-RV
2012-04-26,0.003243369188509205,HYG,HAR-RV
2012-04-27,0.0038328687275266237,HYG,HAR-RV
2012-04-30,0.003844176400212538,HYG,HAR-RV
2012-05-01,0.003676935216537315,HYG,HAR-RV
2012-05-02,0.0036041918750144477,HYG,HAR-RV
2012-05-03,0.003478158976633375,HYG,HAR-RV
2012-05-04,0.0030330250241894607,HYG,HAR-RV
2012-05-07,0.003132743381067559,HYG,HAR-RV
2012-05-08,0.0032413396845623315,HYG,HAR-RV
2012-05-09,0.0031958770048932843,HYG,HAR-RV
2012-05-10,0.003128877445282691,HYG,HAR-RV
2012-05-11,0.002970124902130252,HYG,HAR-RV
2012-05-14,0.003019731938799967,HYG,HAR-RV
2012-05-15,0.0030559432329421315,HYG,HAR-RV
2012-05-16,0.003407198568113559,HYG,HAR-RV
2012-05-17,0.0039728553809364785,HYG,HAR-RV
2012-05-18,0.004693367206325148,HYG,HAR-RV
2012-05-21,0.0058823784335453886,HYG,HAR-RV
2012-05-22,0.006190916830166809,HYG,HAR-RV
2012-05-23,0.006111314383621085,HYG,HAR-RV
2012-05-24,0.0059462120151502,HYG,HAR-RV
2012-05-25,0.004969088168066889,HYG,HAR-RV
2012-05-29,0.00356081654565056,HYG,HAR-RV
2012-05-30,0.0037685647542229656,HYG,HAR-RV
2012-05-31,0.0036548780337372685,HYG,HAR-RV
2012-06-01,0.004422362652582523,HYG,HAR-RV
2012-06-04,0.005345283974041922,HYG,HAR-RV
2012-06-05,0.006331843431621902,HYG,HAR-RV
2012-06-06,0.0063690570180447255,HYG,HAR-RV
2012-06-07,0.005770606789913011,HYG,HAR-RV
2012-06-08,0.006294119426332307,HYG,HAR-RV
2012-06-11,0.005857268574144477,HYG,HAR-RV
2012-06-12,0.005375376716599908,HYG,HAR-RV
2012-06-13,0.005929944147392973,HYG,HAR-RV
2012-06-14,0.006046631242930431,HYG,HAR-RV
2012-06-15,0.005446631947181017,HYG,HAR-RV
2012-06-18,0.00561735129127563,HYG,HAR-RV
2012-06-19,0.00559760484044494,HYG,HAR-RV
2012-06-20,0.004925439345572906,HYG,HAR-RV
2012-06-21,0.004597810986372824,HYG,HAR-RV
2012-06-22,0.004870138577799282,HYG,HAR-RV
2012-06-25,0.00478752179290881,HYG,HAR-RV
2012-06-26,0.00538073098107237,HYG,HAR-RV
2012-06-27,0.005682974583479423,HYG,HAR-RV
2012-06-28,0.005160912340604615,HYG,HAR-RV
2012-06-29,0.0052292692127532785,HYG,HAR-RV
2012-07-02,0.00449633171411445,HYG,HAR-RV
2012-07-03,0.004470331434565505,HYG,HAR-RV
2012-07-05,0.004443948310832285,HYG,HAR-RV
2012-07-06,0.004538126847164882,HYG,HAR-RV
2012-07-09,0.0036963019440535336,HYG,HAR-RV
2012-07-10,0.004080132242454436,HYG,HAR-RV
2012-07-11,0.0034739394748878453,HYG,HAR-RV
2012-07-12,0.0034972871417236406,HYG,HAR-RV
2012-07-13,0.003441130529897681,HYG,HAR-RV
2012-07-16,0.003615581177599167,HYG,HAR-RV
2012-07-17,0.003518866925630626,HYG,HAR-RV
2012-07-18,0.0036672828674102586,HYG,HAR-RV
2012-07-19,0.003574974857638208,HYG,HAR-RV
2012-07-20,0.0036957751647887912,HYG,HAR-RV
2012-07-23,0.0038547104571835726,HYG,HAR-RV
2012-07-24,0.003718337722898945,HYG,HAR-RV
2012-07-25,0.003765810644874192,HYG,HAR-RV
2012-07-26,0.0034669079842081785,HYG,HAR-RV
2012-07-27,0.003587281074761555,HYG,HAR-RV
2012-07-30,0.003638444636841494,HYG,HAR-RV
2012-07-31,0.004022812745377678,HYG,HAR-RV
2012-08-01,0.004152872939570718,HYG,HAR-RV
2012-08-02,0.003859365050450746,HYG,HAR-RV
2012-08-03,0.0036726959355209724,HYG,HAR-RV
2012-08-06,0.003643626334491607,HYG,HAR-RV
2012-08-07,0.0035714461656638904,HYG,HAR-RV
2012-08-08,0.003760678573169526,HYG,HAR-RV
2012-08-09,0.003682698652936099,HYG,HAR-RV
2012-08-10,0.003596716850247163,HYG,HAR-RV
2012-08-13,0.0033429447614613888,HYG,HAR-RV
2012-08-14,0.0031000529409004173,HYG,HAR-RV
2012-08-15,0.003038768783069157,HYG,HAR-RV
2012-08-16,0.0029477311820237167,HYG,HAR-RV
2012-08-17,0.0029514533963376707,HYG,HAR-RV
2012-08-20,0.0030824267228740827,HYG,HAR-RV
2012-08-21,0.0031061345272012032,HYG,HAR-RV
2012-08-22,0.0029870723446125606,HYG,HAR-RV
2012-08-23,0.0028523846606871833,HYG,HAR-RV
2012-08-24,0.0027434570730897486,HYG,HAR-RV
2012-08-27,0.002495628013139618,HYG,HAR-RV
2012-08-28,0.002444301586625995,HYG,HAR-RV
2012-08-29,0.0023336678338397496,HYG,HAR-RV
2012-08-30,0.002053568449349505,HYG,HAR-RV
2012-08-31,0.0020754154580337578,HYG,HAR-RV
2012-09-04,0.002097288224047278,HYG,HAR-RV
2012-09-05,0.0017718453082457516,HYG,HAR-RV
2012-09-06,0.00177465066788462,HYG,HAR-RV
2012-09-07,0.0016343284117224066,HYG,HAR-RV
2012-09-10,0.0017761643741512462,HYG,HAR-RV
2012-09-11,0.0018995164910652756,HYG,HAR-RV
2012-09-12,0.001961967407401517,HYG,HAR-RV
2012-09-13,0.002099001834526905,HYG,HAR-RV
2012-09-14,0.002362711637026263,HYG,HAR-RV
2012-09-17,0.002439454287604864,HYG,HAR-RV
2012-09-18,0.0025868612766775188,HYG,HAR-RV
2012-09-19,0.0024026956901448495,HYG,HAR-RV
2012-09-20,0.0022034432497997866,HYG,HAR-RV
2012-09-21,0.0022261409476037057,HYG,HAR-RV
2012-09-24,0.002060778306902501,HYG,HAR-RV
2012-09-25,0.0024680144105304227,HYG,HAR-RV
2012-09-26,0.002538005114991018,HYG,HAR-RV
2012-09-27,0.0020866567211213103,HYG,HAR-RV
2012-09-28,0.002936972264344244,HYG,HAR-RV
2012-10-01,0.0028008037978668903,HYG,HAR-RV
2012-10-02,0.0037652217648085034,HYG,HAR-RV
2012-10-03,0.004157784293607681,HYG,HAR-RV
2012-10-04,0.003765672770739233,HYG,HAR-RV
2012-10-05,0.0036596418002415535,HYG,HAR-RV
2012-10-08,0.0031967538844151835,HYG,HAR-RV
2012-10-09,0.0035569087347707843,HYG,HAR-RV
2012-10-10,0.0031836351577685445,HYG,HAR-RV
2012-10-11,0.003042967468217032,HYG,HAR-RV
2012-10-12,0.003086065626882415,HYG,HAR-RV
2012-10-15,0.0028324861353766616,HYG,HAR-RV
2012-10-16,0.003261118910601604,HYG,HAR-RV
2012-10-17,0.003157398501681721,HYG,HAR-RV
2012-10-18,0.0033529830530903987,HYG,HAR-RV
2012-10-19,0.003497393484103168,HYG,HAR-RV
2012-10-22,0.0033279900139116915,HYG,HAR-RV
2012-10-23,0.003171982769340611,HYG,HAR-RV
2012-10-24,0.0032573615474557915,HYG,HAR-RV
2012-10-25,0.002939207929251494,HYG,HAR-RV
2012-10-26,0.0029386651420412026,HYG,HAR-RV
2012-10-31,0.0029326845966293224,HYG,HAR-RV
2012-11-01,0.00287679965026978,HYG,HAR-RV
2012-11-02,0.002762430734251757,HYG,HAR-RV
2012-11-05,0.002569122559889304,HYG,HAR-RV
2012-11-06,0.002606379877639192,HYG,HAR-RV
2012-11-07,0.0025881597345977295,HYG,HAR-RV
2012-11-08,0.0025597224540360756,HYG,HAR-RV
2012-11-09,0.0029396494126148753,HYG,HAR-RV
2012-11-12,0.0030120572788271145,HYG,HAR-RV
2012-11-13,0.002980245155427513,HYG,HAR-RV
2012-11-14,0.0028629830056159144,HYG,HAR-RV
2012-11-15,0.0029496088076278563,HYG,HAR-RV
2012-11-16,0.002962354763359281,HYG,HAR-RV
2012-11-19,0.0027377508574811475,HYG,HAR-RV
2012-11-20,0.002889370594422717,HYG,HAR-RV
2012-11-21,0.0037308123747706577,HYG,HAR-RV
2012-11-23,0.0033292735238352445,HYG,HAR-RV
2012-11-26,0.003092089918347196,HYG,HAR-RV
2012-11-27,0.003289366289460966,HYG,HAR-RV
2012-11-28,0.003042036501660162,HYG,HAR-RV
2012-11-29,0.002522807178158339,HYG,HAR-RV
2012-11-30,0.0025407329744962463,HYG,HAR-RV
2012-12-03,0.002844640577861193,HYG,HAR-RV
2012-12-04,0.002684296361491634,HYG,HAR-RV
2012-12-05,0.0029896810391846678,HYG,HAR-RV
2012-12-06,0.0027891618464096065,HYG,HAR-RV
2012-12-07,0.0028962151674397398,HYG,HAR-RV
2012-12-10,0.0027758657505506114,HYG,HAR-RV
2012-12-11,0.002749160891652409,HYG,HAR-RV
2012-12-12,0.0025111926692531978,HYG,HAR-RV
2012-12-13,0.0025632800315675153,HYG,HAR-RV
2012-12-14,0.0027131348833012462,HYG,HAR-RV
2012-12-17,0.002800713965981777,HYG,HAR-RV
2012-12-18,0.002687186976637494,HYG,HAR-RV
2012-12-19,0.00288498151484551,HYG,HAR-RV
2012-12-20,0.00276387694069859,HYG,HAR-RV
2012-12-21,0.0026966863285317203,HYG,HAR-RV
2012-12-24,0.0027259100104435495,HYG,HAR-RV
2012-12-26,0.002778842467662198,HYG,HAR-RV
2012-12-27,0.0028140362708954534,HYG,HAR-RV
2012-12-28,0.0028347006987610866,HYG,HAR-RV
2012-12-31,0.002871058061628301,HYG,HAR-RV
2013-01-02,0.002887559208092424,HYG,HAR-RV
2013-01-03,0.0030908182026404807,HYG,HAR-RV
2013-01-04,0.0035436582783516316,HYG,HAR-RV
2013-01-07,0.0033297552902424804,HYG,HAR-RV
2013-01-08,0.0031238030593267584,HYG,HAR-RV
2013-01-09,0.0030343563547667735,HYG,HAR-RV
2013-01-10,0.0028961633724641413,HYG,HAR-RV
2013-01-11,0.002708895968444312,HYG,HAR-RV
2013-01-14,0.0025755918036885726,HYG,HAR-RV
2013-01-15,0.0026195483291018844,HYG,HAR-RV
2013-01-16,0.0026113073739998513,HYG,HAR-RV
2013-01-17,0.00249991286798653,HYG,HAR-RV
2013-01-18,0.002568387934910433,HYG,HAR-RV
2013-01-22,0.002761311201615283,HYG,HAR-RV
2013-01-23,0.0025840686163849888,HYG,HAR-RV
2013-01-24,0.0024958377390517086,HYG,HAR-RV
2013-01-25,0.0025611233814206323,HYG,HAR-RV
2013-01-28,0.002617541298268614,HYG,HAR-RV
2013-01-29,0.002343933153498543,HYG,HAR-RV
2013-01-30,0.0022994879785578006,HYG,HAR-RV
2013-01-31,0.0024807157637076797,HYG,HAR-RV
2013-02-01,0.00308874825342678,HYG,HAR-RV
2013-02-04,0.0028831246543648045,HYG,HAR-RV
2013-02-05,0.0030151473604236793,HYG,HAR-RV
2013-02-06,0.003080221069632883,HYG,HAR-RV
2013-02-07,0.003004033506635129,HYG,HAR-RV
2013-02-08,0.0026618626787848544,HYG,HAR-RV
2013-02-11,0.002644872127106114,HYG,HAR-RV
2013-02-12,0.0024248480208424366,HYG,HAR-RV
2013-02-13,0.00221255182388728,HYG,HAR-RV
2013-02-14,0.0024705028139034666,HYG,HAR-RV
2013-02-15,0.0023258236987648245,HYG,HAR-RV
2013-02-19,0.0021598209146413937,HYG,HAR-RV
2013-02-20,0.002117599355267318,HYG,HAR-RV
2013-02-21,0.002188278200370172,HYG,HAR-RV
2013-02-22,0.002038886254551558,HYG,HAR-RV
2013-02-25,0.002031861534267629,HYG,HAR-RV
2013-02-26,0.0022435021804214804,HYG,HAR-RV
2013-02-27,0.0024540870327591537,HYG,HAR-RV
2013-02-28,0.00277249988928794,HYG,HAR-RV
2013-03-01,0.002565875858788714,HYG,HAR-RV
2013-03-04,0.0024403503082022398,HYG,HAR-RV
2013-03-05,0.002523948376952693,HYG,HAR-RV
2013-03-06,0.0021844874391917027,HYG,HAR-RV
2013-03-07,0.002188875755899222,HYG,HAR-RV
2013-03-08,0.0020012554605852257,HYG,HAR-RV
2013-03-11,0.0020611364723535884,HYG,HAR-RV
2013-03-12,0.001958176420949482,HYG,HAR-RV
2013-03-13,0.0019006655373889096,HYG,HAR-RV
2013-03-14,0.001764563996447591,HYG,HAR-RV
2013-03-15,0.001766423862022431,HYG,HAR-RV
2013-03-18,0.0020873453514932837,HYG,HAR-RV
2013-03-19,0.0017656401195259924,HYG,HAR-RV
2013-03-20,0.0017310082045282867,HYG,HAR-RV
2013-03-21,0.001909795369248873,HYG,HAR-RV
2013-03-22,0.002173082839458622,HYG,HAR-RV
2013-03-25,0.002004478151167003,HYG,HAR-RV
2013-03-26,0.001969087573835425,HYG,HAR-RV
2013-03-27,0.0020683621796468393,HYG,HAR-RV
2013-03-28,0.0020665241156701186,HYG,HAR-RV
2013-04-01,0.0019689145682407374,HYG,HAR-RV
2013-04-02,0.0019354942112809912,HYG,HAR-RV
2013-04-03,0.0019696759135836754,HYG,HAR-RV
2013-04-04,0.0018648621894689814,HYG,HAR-RV
2013-04-05,0.0016821548830965494,HYG,HAR-RV
2013-04-08,0.0016375701741710318,HYG,HAR-RV
2013-04-09,0.001617958335544999,HYG,HAR-RV
2013-04-10,0.0016287506326323096,HYG,HAR-RV
2013-04-11,0.0019213100512995586,HYG,HAR-RV
2013-04-12,0.002049740879432088,HYG,HAR-RV
2013-04-15,0.001800493424305871,HYG,HAR-RV
2013-04-16,0.0018558682386194186,HYG,HAR-RV
2013-04-17,0.0026199126667664214,HYG,HAR-RV
2013-04-18,0.002784147304252749,HYG,HAR-RV
2013-04-19,0.0023271816649819725,HYG,HAR-RV
2013-04-22,0.0022974303122135268,HYG,HAR-RV
2013-04-23,0.002296524780962008,HYG,HAR-RV
2013-04-24,0.002124824299841474,HYG,HAR-RV
2013-04-25,0.0023201225001082708,HYG,HAR-RV
2013-04-26,0.0021565374697188004,HYG,HAR-RV
2013-04-29,0.0022862869740615543,HYG,HAR-RV
2013-04-30,0.00216655920256753,HYG,HAR-RV
2013-05-01,0.0021992653631555904,HYG,HAR-RV
2013-05-02,0.002272691210235329,HYG,HAR-RV
2013-05-03,0.002217976949379801,HYG,HAR-RV
2013-05-06,0.0025347891937251613,HYG,HAR-RV
2013-05-07,0.002479470481025519,HYG,HAR-RV
2013-05-08,0.002332898461673832,HYG,HAR-RV
2013-05-09,0.0022688985360127855,HYG,HAR-RV
2013-05-10,0.0024837615108217765,HYG,HAR-RV
2013-05-13,0.0024031009192642125,HYG,HAR-RV
2013-05-14,0.0026391228963242204,HYG,HAR-RV
2013-05-15,0.00263339036473963,HYG,HAR-RV
2013-05-16,0.0024494124280469874,HYG,HAR-RV
2013-05-17,0.002234625375179314,HYG,HAR-RV
2013-05-20,0.0023288041126424863,HYG,HAR-RV
2013-05-21,0.0020856796441407225,HYG,HAR-RV
2013-05-22,0.0021044607003055265,HYG,HAR-RV
2013-05-23,0.002246334221355901,HYG,HAR-RV
2013-05-24,0.002682922062200328,HYG,HAR-RV
2013-05-28,0.002355965156767491,HYG,HAR-RV
2013-05-29,0.0023295948682009807,HYG,HAR-RV
2013-05-30,0.0025215905984099945,HYG,HAR-RV
2013-05-31,0.0025842700944864955,HYG,HAR-RV
2013-06-03,0.0024691158784838473,HYG,HAR-RV
2013-06-04,0.003438495420111141,HYG,HAR-RV
2013-06-05,0.002415853428916391,HYG,HAR-RV
2013-06-06,0.002459152054025009,HYG,HAR-RV
2013-06-07,0.0034384526028558102,HYG,HAR-RV
2013-06-10,0.0034202052658834246,HYG,HAR-RV
2013-06-11,0.002647967783574902,HYG,HAR-RV
2013-06-12,0.0027972013463394086,HYG,HAR-RV
2013-06-13,0.0032043872077897346,HYG,HAR-RV
2013-06-14,0.002800938285668054,HYG,HAR-RV
2013-06-17,0.003243649813885203,HYG,HAR-RV
2013-06-18,0.0029330501780543096,HYG,HAR-RV
2013-06-19,0.002797899886837786,HYG,HAR-RV
2013-06-20,0.002991877951627176,HYG,HAR-RV
2013-06-21,0.004659054092770813,HYG,HAR-RV
2013-06-24,0.0045211591851579335,HYG,HAR-RV
2013-06-25,0.005091881171816803,HYG,HAR-RV
2013-06-26,0.007086912719581756,HYG,HAR-RV
2013-06-27,0.00828337492479601,HYG,HAR-RV
2013-06-28,0.006965162502707591,HYG,HAR-RV
2013-07-01,0.006388889022652025,HYG,HAR-RV
2013-07-02,0.006707549512830966,HYG,HAR-RV
2013-07-03,0.006025053209963493,HYG,HAR-RV
2013-07-05,0.004720533376432032,HYG,HAR-RV
2013-07-08,0.0049619096007006295,HYG,HAR-RV
2013-07-09,0.0073420716229995395,HYG,HAR-RV
2013-07-10,0.007304318464476963,HYG,HAR-RV
2013-07-11,0.005326351133150756,HYG,HAR-RV
2013-07-12,0.006419698915118524,HYG,HAR-RV
2013-07-15,0.007388836448838659,HYG,HAR-RV
2013-07-16,0.0059539477750264564,HYG,HAR-RV
2013-07-17,0.005783633537143143,HYG,HAR-RV
2013-07-18,0.005635158710348362,HYG,HAR-RV
2013-07-19,0.006204299912580998,HYG,HAR-RV
2013-07-22,0.005468808009686934,HYG,HAR-RV
2013-07-23,0.0047045401991783154,HYG,HAR-RV
2013-07-24,0.0041547689715519705,HYG,HAR-RV
2013-07-25,0.004401111155831356,HYG,HAR-RV
2013-07-26,0.004775524953521017,HYG,HAR-RV
2013-07-29,0.0038434072558923707,HYG,HAR-RV
2013-07-30,0.0034088680216730477,HYG,HAR-RV
2013-07-31,0.0034903901284980294,HYG,HAR-RV
2013-08-01,0.0033170145737830775,HYG,HAR-RV
2013-08-02,0.0032179876776999264,HYG,HAR-RV
2013-08-05,0.004296658726988173,HYG,HAR-RV
2013-08-06,0.0043252928842877035,HYG,HAR-RV
2013-08-07,0.004379312066652997,HYG,HAR-RV
2013-08-08,0.003787337052409988,HYG,HAR-RV
2013-08-09,0.0037961377184702605,HYG,HAR-RV
2013-08-12,0.0033731584368827047,HYG,HAR-RV
2013-08-13,0.0027953464516622686,HYG,HAR-RV
2013-08-14,0.002442916928673631,HYG,HAR-RV
2013-08-15,0.002278949358311409,HYG,HAR-RV
2013-08-16,0.002476409320869519,HYG,HAR-RV
2013-08-19,0.0030343551896222665,HYG,HAR-RV
2013-08-20,0.002905318094805906,HYG,HAR-RV
2013-08-21,0.003611719517780484,HYG,HAR-RV
2013-08-22,0.004446124297325621,HYG,HAR-RV
2013-08-23,0.003879492492779903,HYG,HAR-RV
2013-08-26,0.004161855206697267,HYG,HAR-RV
2013-08-27,0.003873807742892155,HYG,HAR-RV
2013-08-28,0.003104523617937555,HYG,HAR-RV
2013-08-29,0.0038858476370124675,HYG,HAR-RV
2013-08-30,0.003558418523856672,HYG,HAR-RV
2013-09-03,0.003580634724616654,HYG,HAR-RV
2013-09-04,0.003088946682523701,HYG,HAR-RV
2013-09-05,0.003690536196414065,HYG,HAR-RV
2013-09-06,0.0033843615091116042,HYG,HAR-RV
2013-09-09,0.003572230627521336,HYG,HAR-RV
2013-09-10,0.0034129000820091937,HYG,HAR-RV
2013-09-11,0.003395991782314478,HYG,HAR-RV
2013-09-12,0.003438894543056052,HYG,HAR-RV
2013-09-13,0.0031200930078458507,HYG,HAR-RV
2013-09-16,0.0029091902588248043,HYG,HAR-RV
2013-09-17,0.002820076029068307,HYG,HAR-RV
2013-09-18,0.003510612254167688,HYG,HAR-RV
2013-09-19,0.0032965318442259354,HYG,HAR-RV
2013-09-20,0.004386679282574449,HYG,HAR-RV
2013-09-23,0.00364303876018025,HYG,HAR-RV
2013-09-24,0.003230659259816738,HYG,HAR-RV
2013-09-25,0.0028473102162243063,HYG,HAR-RV
2013-09-26,0.002997434738719291,HYG,HAR-RV
2013-09-27,0.0026604166607828656,HYG,HAR-RV
2013-09-30,0.0024335137140873314,HYG,HAR-RV
2013-10-01,0.002399671274265126,HYG,HAR-RV
2013-10-02,0.002722890942758036,HYG,HAR-RV
2013-10-03,0.0029701896393902307,HYG,HAR-RV
2013-10-04,0.002410245338063444,HYG,HAR-RV
2013-10-07,0.0023439312000007794,HYG,HAR-RV
2013-10-08,0.0024692858614919623,HYG,HAR-RV
2013-10-09,0.002488101166574631,HYG,HAR-RV
2013-10-10,0.002010949010800224,HYG,HAR-RV
2013-10-11,0.0020720039132276764,HYG,HAR-RV
2013-10-14,0.0026900565617664837,HYG,HAR-RV
2013-10-15,0.002357328734683299,HYG,HAR-RV
2013-10-16,0.0022610134669169253,HYG,HAR-RV
2013-10-17,0.002124551304266238,HYG,HAR-RV
2013-10-18,0.002920171048483267,HYG,HAR-RV
2013-10-21,0.0028292640486303564,HYG,HAR-RV
2013-10-22,0.0023331460797564683,HYG,HAR-RV
2013-10-23,0.002410592446329924,HYG,HAR-RV
2013-10-24,0.0026189621998175963,HYG,HAR-RV
2013-10-25,0.0021709345965078273,HYG,HAR-RV
2013-10-28,0.0018982446707981136,HYG,HAR-RV
2013-10-29,0.0018100704777832067,HYG,HAR-RV
2013-10-30,0.0016911107990227499,HYG,HAR-RV
2013-10-31,0.001902883276128441,HYG,HAR-RV
2013-11-01,0.0023725855732092786,HYG,HAR-RV
2013-11-04,0.0017753929916791088,HYG,HAR-RV
2013-11-05,0.002039618334883081,HYG,HAR-RV
2013-11-06,0.0021200825572650498,HYG,HAR-RV
2013-11-07,0.0023385236552824935,HYG,HAR-RV
2013-11-08,0.0023339273448413815,HYG,HAR-RV
2013-11-11,0.001991841227341579,HYG,HAR-RV
2013-11-12,0.0021811772591434613,HYG,HAR-RV
2013-11-13,0.002540523061914687,HYG,HAR-RV
2013-11-14,0.0021410670178065674,HYG,HAR-RV
2013-11-15,0.002580496484553138,HYG,HAR-RV
2013-11-18,0.0025768924429869504,HYG,HAR-RV
2013-11-19,0.0022849734291136127,HYG,HAR-RV
2013-11-20,0.0024158985505916774,HYG,HAR-RV
2013-11-21,0.0019479105758084879,HYG,HAR-RV
2013-11-22,0.001917342168059659,HYG,HAR-RV
2013-11-25,0.0023201917640364414,HYG,HAR-RV
2013-11-26,0.001873805522284257,HYG,HAR-RV
2013-11-27,0.0019564470030115967,HYG,HAR-RV
2013-11-29,0.0018403487344531432,HYG,HAR-RV
2013-12-02,0.0017918955412940824,HYG,HAR-RV
2013-12-03,0.0017545190097649627,HYG,HAR-RV
2013-12-04,0.0015428760260454257,HYG,HAR-RV
2013-12-05,0.0016388116576578396,HYG,HAR-RV
2013-12-06,0.001949960329336878,HYG,HAR-RV
2013-12-09,0.0016915943546623206,HYG,HAR-RV
2013-12-10,0.002067765868167942,HYG,HAR-RV
2013-12-11,0.0023193837433454156,HYG,HAR-RV
2013-12-12,0.0017803727767000733,HYG,HAR-RV
2013-12-13,0.002237152884521324,HYG,HAR-RV
2013-12-16,0.0020787440415204715,HYG,HAR-RV
2013-12-17,0.001991626498510192,HYG,HAR-RV
2013-12-18,0.001710179210935498,HYG,HAR-RV
2013-12-19,0.0015633761567452704,HYG,HAR-RV
2013-12-20,0.0017393913729278174,HYG,HAR-RV
2013-12-23,0.0015750367588751404,HYG,HAR-RV
2013-12-24,0.0014893774870789655,HYG,HAR-RV
2013-12-26,0.001496922860888053,HYG,HAR-RV
2013-12-27,0.001418048439937801,HYG,HAR-RV
2013-12-30,0.0013895844986016757,HYG,HAR-RV
2013-12-31,0.0012043715997020492,HYG,HAR-RV
2014-01-02,0.0013049763076508352,HYG,HAR-RV
2014-01-03,0.001269481789666496,HYG,HAR-RV
2014-01-06,0.0014655035387940054,HYG,HAR-RV
2014-01-07,0.0012682826709016458,HYG,HAR-RV
2014-01-08,0.0016049854434929084,HYG,HAR-RV
2014-01-09,0.001245109058969063,HYG,HAR-RV
2014-01-10,0.0013397499072456856,HYG,HAR-RV
2014-01-13,0.001413123005243931,HYG,HAR-RV
2014-01-14,0.001710833400526752,HYG,HAR-RV
2014-01-15,0.0014488940478576103,HYG,HAR-RV
2014-01-16,0.001555068599438673,HYG,HAR-RV
2014-01-17,0.0016768409578134212,HYG,HAR-RV
2014-01-21,0.001393771372374592,HYG,HAR-RV
2014-01-22,0.00123820746385156,HYG,HAR-RV
2014-01-23,0.0014015513828575844,HYG,HAR-RV
2014-01-24,0.0014129860791303691,HYG,HAR-RV
2014-01-27,0.0013907473815128147,HYG,HAR-RV
2014-01-28,0.0024054939800789775,HYG,HAR-RV
2014-01-29,0.0017252037565330068,HYG,HAR-RV
2014-01-30,0.0024101186501179553,HYG,HAR-RV
2014-01-31,0.0023785490527862864,HYG,HAR-RV
2014-02-03,0.0022561839886952274,HYG,HAR-RV
2014-02-04,0.0018114669238044623,HYG,HAR-RV
2014-02-05,0.002273780984096405,HYG,HAR-RV
2014-02-06,0.001904137784097657,HYG,HAR-RV
2014-02-07,0.0016514306821614954,HYG,HAR-RV
2014-02-10,0.002190294279844315,HYG,HAR-RV
2014-02-11,0.002650881421445768,HYG,HAR-RV
2014-02-12,0.002045929695272609,HYG,HAR-RV
2014-02-13,0.002197583862210916,HYG,HAR-RV
2014-02-14,0.0022386265380327985,HYG,HAR-RV
2014-02-18,0.002387214437019231,HYG,HAR-RV
2014-02-19,0.002080158217988474,HYG,HAR-RV
2014-02-20,0.0020789642962204475,HYG,HAR-RV
2014-02-21,0.002303959612890617,HYG,HAR-RV
2014-02-24,0.002479381095241316,HYG,HAR-RV
2014-02-25,0.002130632531511411,HYG,HAR-RV
2014-02-26,0.0023238004068149437,HYG,HAR-RV
2014-02-27,0.002189150422223665,HYG,HAR-RV
2014-02-28,0.0021089871125847997,HYG,HAR-RV
2014-03-03,0.0021125331329969275,HYG,HAR-RV
2014-03-04,0.001963638308037546,HYG,HAR-RV
2014-03-05,0.001870793060383472,HYG,HAR-RV
2014-03-06,0.002309196505816073,HYG,HAR-RV
2014-03-07,0.002146196570823756,HYG,HAR-RV
2014-03-10,0.002061250067591622,HYG,HAR-RV
2014-03-11,0.0024605120972378334,HYG,HAR-RV
2014-03-12,0.0020439232779483774,HYG,HAR-RV
2014-03-13,0.001988585787944797,HYG,HAR-RV
2014-03-14,0.0019552822261346375,HYG,HAR-RV
2014-03-17,0.002106343679227749,HYG,HAR-RV
2014-03-18,0.0017629377632829737,HYG,HAR-RV
2014-03-19,0.00189187548607602,HYG,HAR-RV
2014-03-20,0.0021697909375233,HYG,HAR-RV
2014-03-21,0.0026233000041698453,HYG,HAR-RV
2014-03-24,0.0025057012113667127,HYG,HAR-RV
2014-03-25,0.002166333970731409,HYG,HAR-RV
2014-03-26,0.0020235926474878145,HYG,HAR-RV
2014-03-27,0.0021753876704400034,HYG,HAR-RV
2014-03-28,0.00172496078250339,HYG,HAR-RV
2014-03-31,0.0017740605527158033,HYG,HAR-RV
2014-04-01,0.0018434466092787825,HYG,HAR-RV
2014-04-02,0.0018402046073522425,HYG,HAR-RV
2014-04-03,0.0018929935815188887,HYG,HAR-RV
2014-04-04,0.0018451280063036435,HYG,HAR-RV
2014-04-07,0.0016768294267921402,HYG,HAR-RV
2014-04-08,0.0019143238052430373,HYG,HAR-RV
2014-04-09,0.0019361295428458125,HYG,HAR-RV
2014-04-10,0.0019310992130863298,HYG,HAR-RV
2014-04-11,0.0019107571013558117,HYG,HAR-RV
2014-04-14,0.002219574633304603,HYG,HAR-RV
2014-04-15,0.0025213270939293845,HYG,HAR-RV
2014-04-16,0.0024719728615557697,HYG,HAR-RV
2014-04-17,0.0022044730105127766,HYG,HAR-RV
2014-04-21,0.0020781408864559096,HYG,HAR-RV
2014-04-22,0.0020069370337677476,HYG,HAR-RV
2014-04-23,0.0015437193391508407,HYG,HAR-RV
2014-04-24,0.001477242687008546,HYG,HAR-RV
2014-04-25,0.0013488761035038892,HYG,HAR-RV
2014-04-28,0.001303106180019858,HYG,HAR-RV
2014-04-29,0.0012190455472813238,HYG,HAR-RV
2014-04-30,0.0012239622098770618,HYG,HAR-RV
2014-05-01,0.0013307683553833013,HYG,HAR-RV
2014-05-02,0.0011407150371293394,HYG,HAR-RV
2014-05-05,0.0012914002184849886,HYG,HAR-RV
2014-05-06,0.0015862613801249817,HYG,HAR-RV
2014-05-07,0.0012793157616611726,HYG,HAR-RV
2014-05-08,0.0011838688752282278,HYG,HAR-RV
2014-05-09,0.001406657197062592,HYG,HAR-RV
2014-05-12,0.0011307859195418823,HYG,HAR-RV
2014-05-13,0.0011484139278841086,HYG,HAR-RV
2014-05-14,0.0011769355528108314,HYG,HAR-RV
2014-05-15,0.0013201869405990462,HYG,HAR-RV
2014-05-16,0.0009916134697151636,HYG,HAR-RV
2014-05-19,0.0010743538167503608,HYG,HAR-RV
2014-05-20,0.0013510276124133116,HYG,HAR-RV
2014-05-21,0.0012602966775513652,HYG,HAR-RV
2014-05-22,0.0012010892380336612,HYG,HAR-RV
2014-05-23,0.0009975401467508006,HYG,HAR-RV
2014-05-27,0.0010875702949932078,HYG,HAR-RV
2014-05-28,0.0010421809874930875,HYG,HAR-RV
2014-05-29,0.0011158371829591237,HYG,HAR-RV
2014-05-30,0.0010838008951314254,HYG,HAR-RV
2014-06-02,0.00118068983957145,HYG,HAR-RV
2014-06-03,0.0011753477869071507,HYG,HAR-RV
2014-06-04,0.001429215724648621,HYG,HAR-RV
2014-06-05,0.0011048367282940395,HYG,HAR-RV
2014-06-06,0.0012042503163851785,HYG,HAR-RV
2014-06-09,0.0014221852356461322,HYG,HAR-RV
2014-06-10,0.0015294980613886414,HYG,HAR-RV
2014-06-11,0.0013800427910017955,HYG,HAR-RV
2014-06-12,0.001215798207635635,HYG,HAR-RV
2014-06-13,0.0011127327147145518,HYG,HAR-RV
2014-06-16,0.0011939441684359203,HYG,HAR-RV
2014-06-17,0.0013319441916350091,HYG,HAR-RV
2014-06-18,0.0012212387596190304,HYG,HAR-RV
2014-06-19,0.001252156436007231,HYG,HAR-RV
2014-06-20,0.0018545749521943914,HYG,HAR-RV
2014-06-23,0.0010264979594636348,HYG,HAR-RV
2014-06-24,0.0012014934492411817,HYG,HAR-RV
2014-06-25,0.0009676379253351294,HYG,HAR-RV
2014-06-26,0.0010728829112713967,HYG,HAR-RV
2014-06-27,0.0013619517881065368,HYG,HAR-RV
2014-06-30,0.001217296566619559,HYG,HAR-RV
2014-07-01,0.0010438732865822092,HYG,HAR-RV
2014-07-02,0.0011707829551246586,HYG,HAR-RV
2014-07-03,0.0010685152322909837,HYG,HAR-RV
2014-07-07,0.001085061915088985,HYG,HAR-RV
2014-07-08,0.0012096409428599515,HYG,HAR-RV
2014-07-09,0.0010952082873683456,HYG,HAR-RV
2014-07-10,0.0009402514925237772,HYG,HAR-RV
2014-07-11,0.0009486481229554035,HYG,HAR-RV
2014-07-14,0.001290133436356829,HYG,HAR-RV
2014-07-15,0.00110143366346617,HYG,HAR-RV
2014-07-16,0.0009421075959265123,HYG,HAR-RV
2014-07-17,0.001141157803989342,HYG,HAR-RV
2014-07-18,0.001224901188674172,HYG,HAR-RV
2014-07-21,0.002203228808458757,HYG,HAR-RV
2014-07-22,0.0017999673557939813,HYG,HAR-RV
2014-07-23,0.0015278134356546268,HYG,HAR-RV
2014-07-24,0.001436660904048924,HYG,HAR-RV
2014-07-25,0.0014755211871914317,HYG,HAR-RV
2014-07-28,0.001615983066099926,HYG,HAR-RV
2014-07-29,0.0015962917044756492,HYG,HAR-RV
2014-07-30,0.0017696317105222621,HYG,HAR-RV
2014-07-31,0.0015988278159491816,HYG,HAR-RV
2014-08-01,0.002137373562628176,HYG,HAR-RV
2014-08-04,0.00268174502164104,HYG,HAR-RV
2014-08-05,0.001853286943359012,HYG,HAR-RV
2014-08-06,0.002448362817146579,HYG,HAR-RV
2014-08-07,0.0021121646349520585,HYG,HAR-RV
2014-08-08,0.002124198663133397,HYG,HAR-RV
2014-08-11,0.0019800556107754928,HYG,HAR-RV
2014-08-12,0.0023109878111659096,HYG,HAR-RV
2014-08-13,0.0024458147523092567,HYG,HAR-RV
2014-08-14,0.0021845557445013177,HYG,HAR-RV
2014-08-15,0.002310088755649036,HYG,HAR-RV
2014-08-18,0.002253427055883302,HYG,HAR-RV
2014-08-19,0.0020165228527092554,HYG,HAR-RV
2014-08-20,0.0019147453995509418,HYG,HAR-RV
2014-08-21,0.0018064249719108088,HYG,HAR-RV
2014-08-22,0.0017466509624773714,HYG,HAR-RV
2014-08-25,0.0016460673658099333,HYG,HAR-RV
2014-08-26,0.001729981852456989,HYG,HAR-RV
2014-08-27,0.0017134891334433956,HYG,HAR-RV
2014-08-28,0.0017207895429549667,HYG,HAR-RV
2014-08-29,0.001671621661836176,HYG,HAR-RV
2014-09-02,0.0016885113523222711,HYG,HAR-RV
2014-09-03,0.0015743679673451954,HYG,HAR-RV
2014-09-04,0.0014917319006858536,HYG,HAR-RV
2014-09-05,0.0016563319795154666,HYG,HAR-RV
2014-09-08,0.0017485356343584456,HYG,HAR-RV
2014-09-09,0.0016949762301520738,HYG,HAR-RV
2014-09-10,0.0017094373241445427,HYG,HAR-RV
2014-09-11,0.0019440778742113567,HYG,HAR-RV
2014-09-12,0.0017584830718216308,HYG,HAR-RV
2014-09-15,0.0015236193468979023,HYG,HAR-RV
2014-09-16,0.0015587717277215983,HYG,HAR-RV
2014-09-17,0.00159530456454111,HYG,HAR-RV
2014-09-18,0.001463590514200673,HYG,HAR-RV
2014-09-19,0.0016114487697896692,HYG,HAR-RV
2014-09-22,0.0015891825129025472,HYG,HAR-RV
2014-09-23,0.0016158116095079528,HYG,HAR-RV
2014-09-24,0.0016557727260641838,HYG,HAR-RV
2014-09-25,0.0019109339101148091,HYG,HAR-RV
2014-09-26,0.0019449495648056411,HYG,HAR-RV
2014-09-29,0.0022996426324462453,HYG,HAR-RV
2014-09-30,0.0023023347769941848,HYG,HAR-RV
2014-10-01,0.0025349925816656386,HYG,HAR-RV
2014-10-02,0.0024608475928729807,HYG,HAR-RV
2014-10-03,0.0024889733913901783,HYG,HAR-RV
2014-10-06,0.002100752492188654,HYG,HAR-RV
2014-10-07,0.0022402618779014437,HYG,HAR-RV
2014-10-08,0.0022623745078200557,HYG,HAR-RV
2014-10-09,0.002025693728323739,HYG,HAR-RV
2014-10-10,0.0025803847052866397,HYG,HAR-RV
2014-10-13,0.004071961521462607,HYG,HAR-RV
2014-10-14,0.0044193737836472164,HYG,HAR-RV
2014-10-15,0.004314566060515496,HYG,HAR-RV
2014-10-16,0.003617314896575033,HYG,HAR-RV
2014-10-17,0.0033333883497269796,HYG,HAR-RV
2014-10-20,0.003933795823014427,HYG,HAR-RV
2014-10-21,0.004708407782408212,HYG,HAR-RV
2014-10-22,0.005099737093760525,HYG,HAR-RV
2014-10-23,0.0057539165851049024,HYG,HAR-RV
2014-10-24,0.005345544730604106,HYG,HAR-RV
2014-10-27,0.0037752158988198963,HYG,HAR-RV
2014-10-28,0.004091589441233355,HYG,HAR-RV
2014-10-29,0.0040287966755332815,HYG,HAR-RV
2014-10-30,0.0031199218322718403,HYG,HAR-RV
2014-10-31,0.002447439068432991,HYG,HAR-RV
2014-11-03,0.0021684335605950578,HYG,HAR-RV
2014-11-04,0.0021197222013546865,HYG,HAR-RV
2014-11-05,0.002393479335948973,HYG,HAR-RV
2014-11-06,0.0024336640355521284,HYG,HAR-RV
2014-11-07,0.001854804790680935,HYG,HAR-RV
2014-11-10,0.0023549579511765485,HYG,HAR-RV
2014-11-11,0.0019222427204352189,HYG,HAR-RV
2014-11-12,0.0016635243210471992,HYG,HAR-RV
2014-11-13,0.001993557164507853,HYG,HAR-RV
2014-11-14,0.002405427649714962,HYG,HAR-RV
2014-11-17,0.002744450055866216,HYG,HAR-RV
2014-11-18,0.0031314197924289283,HYG,HAR-RV
2014-11-19,0.002027440997788825,HYG,HAR-RV
2014-11-20,0.0023329543504201113,HYG,HAR-RV
2014-11-21,0.0017161157659789591,HYG,HAR-RV
2014-11-24,0.0014637179045660985,HYG,HAR-RV
2014-11-25,0.002519470718597254,HYG,HAR-RV
2014-11-26,0.0015000245602929292,HYG,HAR-RV
2014-11-28,0.001762290103876858,HYG,HAR-RV
2014-12-01,0.0017799588377943173,HYG,HAR-RV
2014-12-02,0.004411805605219723,HYG,HAR-RV
2014-12-03,0.004896178670329181,HYG,HAR-RV
2014-12-04,0.0038777088920565013,HYG,HAR-RV
2014-12-05,0.0027104625184797646,HYG,HAR-RV
2014-12-08,0.002271886201179683,HYG,HAR-RV
2014-12-09,0.002115924590774748,HYG,HAR-RV
2014-12-10,0.003138100415079671,HYG,HAR-RV
2014-12-11,0.0018821595702107822,HYG,HAR-RV
2014-12-12,0.00489543045221551,HYG,HAR-RV
2014-12-15,0.00338619298151099,HYG,HAR-RV
2014-12-16,0.005647429422279994,HYG,HAR-RV
2014-12-17,0.0032133833630237606,HYG,HAR-RV
2014-12-18,0.004843121060502183,HYG,HAR-RV
2014-12-19,0.007663892336217303,HYG,HAR-RV
2014-12-22,0.007068089402806614,HYG,HAR-RV
2014-12-23,0.006631723601845288,HYG,HAR-RV
2014-12-24,0.0057350036409342005,HYG,HAR-RV
2014-12-26,0.005639581457612356,HYG,HAR-RV
2014-12-29,0.004276033931462491,HYG,HAR-RV
2014-12-30,0.003668301123273485,HYG,HAR-RV
2014-12-31,0.002459474355455994,HYG,HAR-RV
2015-01-02,0.0026500005099715372,HYG,HAR-RV
2015-01-05,0.0024557218674191804,HYG,HAR-RV
2015-01-06,0.002199551601556597,HYG,HAR-RV
2015-01-07,0.003997704808300588,HYG,HAR-RV
2015-01-08,0.0035946642460223245,HYG,HAR-RV
2015-01-09,0.004429904368820041,HYG,HAR-RV
2015-01-12,0.005046468845372899,HYG,HAR-RV
2015-01-13,0.004893052071576088,HYG,HAR-RV
2015-01-14,0.0035702700240675153,HYG,HAR-RV
2015-01-15,0.0029826626487805008,HYG,HAR-RV
2015-01-16,0.003201260262077268,HYG,HAR-RV
2015-01-20,0.0036773089838196913,HYG,HAR-RV
2015-01-21,0.0031836495771789914,HYG,HAR-RV
2015-01-22,0.002953856493514334,HYG,HAR-RV
2015-01-23,0.0037145339615176002,HYG,HAR-RV
2015-01-26,0.002906018029450036,HYG,HAR-RV
2015-01-27,0.002230910082718309,HYG,HAR-RV
2015-01-28,0.003002312529177863,HYG,HAR-RV
2015-01-29,0.002321771080020225,HYG,HAR-RV
2015-01-30,0.0023202439938135953,HYG,HAR-RV
2015-02-02,0.0026891924767274925,HYG,HAR-RV
2015-02-03,0.002780144494660704,HYG,HAR-RV
2015-02-04,0.00294879799356721,HYG,HAR-RV
2015-02-05,0.0035854011442975693,HYG,HAR-RV
2015-02-06,0.0035545502865342764,HYG,HAR-RV
2015-02-09,0.003906880698798408,HYG,HAR-RV
2015-02-10,0.00291855809312344,HYG,HAR-RV
2015-02-11,0.0030640277744475946,HYG,HAR-RV
2015-02-12,0.003034391739025865,HYG,HAR-RV
2015-02-13,0.0022238433629339343,HYG,HAR-RV
2015-02-17,0.0018091763857250695,HYG,HAR-RV
2015-02-18,0.0020619711524324374,HYG,HAR-RV
2015-02-19,0.0018248282095459304,HYG,HAR-RV
2015-02-20,0.0022526784723969503,HYG,HAR-RV
2015-02-23,0.0021871919530184886,HYG,HAR-RV
2015-02-24,0.0024266294737165586,HYG,HAR-RV
2015-02-25,0.002025827377978294,HYG,HAR-RV
2015-02-26,0.002086694363205615,HYG,HAR-RV
2015-02-27,0.0024594957887225915,HYG,HAR-RV
2015-03-02,0.0017905558316944983,HYG,HAR-RV
2015-03-03,0.0016037455546841959,HYG,HAR-RV
2015-03-04,0.0015606590274264813,HYG,HAR-RV
2015-03-05,0.002109867699548716,HYG,HAR-RV
2015-03-06,0.0018482125348855067,HYG,HAR-RV
2015-03-09,0.0019674868682569195,HYG,HAR-RV
2015-03-10,0.0030810513494760267,HYG,HAR-RV
2015-03-11,0.0025239539256153676,HYG,HAR-RV
2015-03-12,0.0028488519019705654,HYG,HAR-RV
2015-03-13,0.0027326752706253164,HYG,HAR-RV
2015-03-16,0.0026220215533270795,HYG,HAR-RV
2015-03-17,0.0026502968276633987,HYG,HAR-RV
2015-03-18,0.0022445617442417585,HYG,HAR-RV
2015-03-19,0.003014020427195038,HYG,HAR-RV
2015-03-20,0.0042253714641320005,HYG,HAR-RV
2015-03-23,0.004618217278230353,HYG,HAR-RV
2015-03-24,0.004782019447270122,HYG,HAR-RV
2015-03-25,0.0034266578805726483,HYG,HAR-RV
2015-03-26,0.003327929129330907,HYG,HAR-RV
2015-03-27,0.003156616999458291,HYG,HAR-RV
2015-03-30,0.0022186184796429828,HYG,HAR-RV
2015-03-31,0.0019620870075839902,HYG,HAR-RV
2015-04-01,0.0024585564398899107,HYG,HAR-RV
2015-04-02,0.0021475805426174176,HYG,HAR-RV
2015-04-06,0.002278542697153999,HYG,HAR-RV
2015-04-07,0.0020661478552511025,HYG,HAR-RV
2015-04-08,0.0025303880311229546,HYG,HAR-RV
2015-04-09,0.003177814410720131,HYG,HAR-RV
2015-04-10,0.002136465457851547,HYG,HAR-RV
2015-04-13,0.002214475029143477,HYG,HAR-RV
2015-04-14,0.002529481605303333,HYG,HAR-RV
2015-04-15,0.002397356604273753,HYG,HAR-RV
2015-04-16,0.0018759317090689097,HYG,HAR-RV
2015-04-17,0.002723595854711971,HYG,HAR-RV
2015-04-20,0.0024531566513816072,HYG,HAR-RV
2015-04-21,0.0026646787886896446,HYG,HAR-RV
2015-04-22,0.002478803406436382,HYG,HAR-RV
2015-04-23,0.002161263963642422,HYG,HAR-RV
2015-04-24,0.0020179227267023703,HYG,HAR-RV
2015-04-27,0.001800776288040414,HYG,HAR-RV
2015-04-28,0.0019652770396612904,HYG,HAR-RV
2015-04-29,0.0016104513884043876,HYG,HAR-RV
2015-04-30,0.0018950539102489802,HYG,HAR-RV
2015-05-01,0.001982859907823262,HYG,HAR-RV
2015-05-04,0.0017618137833731698,HYG,HAR-RV
2015-05-05,0.0021104971878271707,HYG,HAR-RV
2015-05-06,0.0017120847270924216,HYG,HAR-RV
2015-05-07,0.0019086743024076954,HYG,HAR-RV
2015-05-08,0.002270881040918951,HYG,HAR-RV
2015-05-11,0.0017751960811619658,HYG,HAR-RV
2015-05-12,0.003573795693189415,HYG,HAR-RV
2015-05-13,0.003595788557930967,HYG,HAR-RV
2015-05-14,0.00241597256027862,HYG,HAR-RV
2015-05-15,0.002602795446963454,HYG,HAR-RV
2015-05-18,0.0034718415952271374,HYG,HAR-RV
2015-05-19,0.0026624910336518126,HYG,HAR-RV
2015-05-20,0.0023184885288993614,HYG,HAR-RV
2015-05-21,0.0023718842658815584,HYG,HAR-RV
2015-05-22,0.0023075312432991875,HYG,HAR-RV
2015-05-26,0.0021620168071413656,HYG,HAR-RV
2015-05-27,0.00196840307702579,HYG,HAR-RV
2015-05-28,0.0022442798445174604,HYG,HAR-RV
2015-05-29,0.002305268471087479,HYG,HAR-RV
2015-06-01,0.0019500983820159368,HYG,HAR-RV
2015-06-02,0.002138786216081542,HYG,HAR-RV
2015-06-03,0.002239971652332481,HYG,HAR-RV
2015-06-04,0.0022907645396220374,HYG,HAR-RV
2015-06-05,0.0031167374228232222,HYG,HAR-RV
2015-06-08,0.0028839510756365006,HYG,HAR-RV
2015-06-09,0.0029210205655685354,HYG,HAR-RV
2015-06-10,0.0022758910204678773,HYG,HAR-RV
2015-06-11,0.002567468289951683,HYG,HAR-RV
2015-06-12,0.002304726410370828,HYG,HAR-RV
2015-06-15,0.0023766086094591083,HYG,HAR-RV
2015-06-16,0.002743999711182371,HYG,HAR-RV
2015-06-17,0.0031536928766996123,HYG,HAR-RV
2015-06-18,0.003473843808979696,HYG,HAR-RV
2015-06-19,0.002609352957943661,HYG,HAR-RV
2015-06-22,0.0031972021044610523,HYG,HAR-RV
2015-06-23,0.0024775472046936714,HYG,HAR-RV
2015-06-24,0.0026018201958791574,HYG,HAR-RV
2015-06-25,0.0021193906669484093,HYG,HAR-RV
2015-06-26,0.0025710347841450196,HYG,HAR-RV
2015-06-29,0.0026109626602635132,HYG,HAR-RV
2015-06-30,0.0027231915903433643,HYG,HAR-RV
2015-07-01,0.0036615767333629257,HYG,HAR-RV
2015-07-02,0.0034970274472722928,HYG,HAR-RV
2015-07-06,0.002454783256495752,HYG,HAR-RV
2015-07-07,0.0032138067280102923,HYG,HAR-RV
2015-07-08,0.0031235585854597547,HYG,HAR-RV
2015-07-09,0.0023763458617337115,HYG,HAR-RV
2015-07-10,0.0032030655210536123,HYG,HAR-RV
2015-07-13,0.0027814384028402323,HYG,HAR-RV
2015-07-14,0.0035584367140983906,HYG,HAR-RV
2015-07-15,0.0024895501488340966,HYG,HAR-RV
2015-07-16,0.002504660969706535,HYG,HAR-RV
2015-07-17,0.0020668700885250624,HYG,HAR-RV
2015-07-20,0.0023498095143997333,HYG,HAR-RV
2015-07-21,0.002474262639708442,HYG,HAR-RV
2015-07-22,0.0030261760428109555,HYG,HAR-RV
2015-07-23,0.0025258051607952416,HYG,HAR-RV
2015-07-24,0.0036961877600920913,HYG,HAR-RV
2015-07-27,0.0025256100048149637,HYG,HAR-RV
2015-07-28,0.0029821243669039188,HYG,HAR-RV
2015-07-29,0.0032485563148320976,HYG,HAR-RV
2015-07-30,0.003640210861821235,HYG,HAR-RV
2015-07-31,0.0036957956349590215,HYG,HAR-RV
2015-08-03,0.0032224457156868748,HYG,HAR-RV
2015-08-04,0.0029168048198116633,HYG,HAR-RV
2015-08-05,0.002842685874491798,HYG,HAR-RV
2015-08-06,0.002390725219868763,HYG,HAR-RV
2015-08-07,0.0024036542224728534,HYG,HAR-RV
2015-08-10,0.0029982142214145606,HYG,HAR-RV
2015-08-11,0.0028537657081726337,HYG,HAR-RV
2015-08-12,0.0028609750577273845,HYG,HAR-RV
2015-08-13,0.003351162316297381,HYG,HAR-RV
2015-08-14,0.002697810038800097,HYG,HAR-RV
2015-08-17,0.002561972142249145,HYG,HAR-RV
2015-08-18,0.0023071756936475407,HYG,HAR-RV
2015-08-19,0.0020825564218026602,HYG,HAR-RV
2015-08-20,0.0022181323091205463,HYG,HAR-RV
2015-08-21,0.0021693609066079345,HYG,HAR-RV
2015-08-24,0.003117887644639497,HYG,HAR-RV
2015-08-25,0.0029950622974124416,HYG,HAR-RV
2015-08-26,0.004184246977180079,HYG,HAR-RV
2015-08-27,0.0029783378671678013,HYG,HAR-RV
2015-08-28,0.004641135536430152,HYG,HAR-RV
2015-08-31,0.004428919586142112,HYG,HAR-RV
2015-09-01,0.0029060159871846713,HYG,HAR-RV
2015-09-02,0.002809945490701565,HYG,HAR-RV
2015-09-03,0.0032618746066929434,HYG,HAR-RV
2015-09-04,0.0033120263031516523,HYG,HAR-RV
2015-09-08,0.0025036947098846176,HYG,HAR-RV
2015-09-09,0.0024451411883989705,HYG,HAR-RV
2015-09-10,0.003469520289932219,HYG,HAR-RV
2015-09-11,0.002556356346356847,HYG,HAR-RV
2015-09-14,0.002704294427903211,HYG,HAR-RV
2015-09-15,0.0022667027626363315,HYG,HAR-RV
2015-09-16,0.0025439853687663546,HYG,HAR-RV
2015-09-17,0.0020664786818027385,HYG,HAR-RV
2015-09-18,0.0027607676994940195,HYG,HAR-RV
2015-09-21,0.0022013899393575447,HYG,HAR-RV
2015-09-22,0.0026112344683418397,HYG,HAR-RV
2015-09-23,0.002498081358532906,HYG,HAR-RV
2015-09-24,0.003582362622931019,HYG,HAR-RV
2015-09-25,0.002692714928061185,HYG,HAR-RV
2015-09-28,0.0033441774989708276,HYG,HAR-RV
2015-09-29,0.0035805533397147687,HYG,HAR-RV
2015-09-30,0.005311429750193388,HYG,HAR-RV
2015-10-01,0.003272837262327389,HYG,HAR-RV
2015-10-02,0.004199208328412176,HYG,HAR-RV
2015-10-05,0.004198941618854365,HYG,HAR-RV
2015-10-06,0.0037600128248465245,HYG,HAR-RV
2015-10-07,0.004423467255821289,HYG,HAR-RV
2015-10-08,0.0043607098684851145,HYG,HAR-RV
2015-10-09,0.004979986515780816,HYG,HAR-RV
2015-10-12,0.004241655842675515,HYG,HAR-RV
2015-10-13,0.0037613689242079044,HYG,HAR-RV
2015-10-14,0.00338255022727099,HYG,HAR-RV
2015-10-15,0.0032180591634171814,HYG,HAR-RV
2015-10-16,0.0025290761715978678,HYG,HAR-RV
2015-10-19,0.002692339728729051,HYG,HAR-RV
2015-10-20,0.003124839190732605,HYG,HAR-RV
2015-10-21,0.0029434914012466825,HYG,HAR-RV
2015-10-22,0.002661990304742863,HYG,HAR-RV
2015-10-23,0.002627569470012137,HYG,HAR-RV
2015-10-26,0.002460054815628247,HYG,HAR-RV
2015-10-27,0.0026760052035825262,HYG,HAR-RV
2015-10-28,0.0023673253432286508,HYG,HAR-RV
2015-10-29,0.002725668521100914,HYG,HAR-RV
2015-10-30,0.002731067417687897,HYG,HAR-RV
2015-11-02,0.002846823479887916,HYG,HAR-RV
2015-11-03,0.002600363090931676,HYG,HAR-RV
2015-11-04,0.002834477969831129,HYG,HAR-RV
2015-11-05,0.0025812852513482044,HYG,HAR-RV
2015-11-06,0.002681881624221671,HYG,HAR-RV
2015-11-09,0.002851925947240102,HYG,HAR-RV
2015-11-10,0.003147785427589293,HYG,HAR-RV
2015-11-11,0.0031682497475601025,HYG,HAR-RV
2015-11-12,0.0030492054675651877,HYG,HAR-RV
2015-11-13,0.003069054501813075,HYG,HAR-RV
2015-11-16,0.0036760503878471716,HYG,HAR-RV
2015-11-17,0.002994208377626583,HYG,HAR-RV
2015-11-18,0.0031940449704983684,HYG,HAR-RV
2015-11-19,0.0026269639121089625,HYG,HAR-RV
2015-11-20,0.002807255718652139,HYG,HAR-RV
2015-11-23,0.0035301688414509542,HYG,HAR-RV
2015-11-24,0.0026556122702393018,HYG,HAR-RV
2015-11-25,0.0025676073706109672,HYG,HAR-RV
2015-11-27,0.0026346943214468747,HYG,HAR-RV
2015-11-30,0.0025825688260915454,HYG,HAR-RV
2015-12-01,0.002335864172347164,HYG,HAR-RV
2015-12-02,0.0023461173628055755,HYG,HAR-RV
2015-12-03,0.0031072994037583176,HYG,HAR-RV
2015-12-04,0.0026513723813152952,HYG,HAR-RV
2015-12-07,0.0027485127946613114,HYG,HAR-RV
2015-12-08,0.0027419473429975572,HYG,HAR-RV
2015-12-09,0.0035202632866129808,HYG,HAR-RV
2015-12-10,0.004405704814915144,HYG,HAR-RV
2015-12-11,0.0038443006856026833,HYG,HAR-RV
2015-12-14,0.004453269960874126,HYG,HAR-RV
2015-12-15,0.0072965903410681255,HYG,HAR-RV
2015-12-16,0.007615171242986184,HYG,HAR-RV
2015-12-17,0.008396407575647283,HYG,HAR-RV
2015-12-18,0.008549086150492179,HYG,HAR-RV
2015-12-21,0.008823700789650174,HYG,HAR-RV
2015-12-22,0.006289220692587392,HYG,HAR-RV
2015-12-23,0.00620620128365645,HYG,HAR-RV
2015-12-24,0.006246715243203527,HYG,HAR-RV
2015-12-28,0.005521366500843655,HYG,HAR-RV
2015-12-29,0.004410901641244032,HYG,HAR-RV
2015-12-30,0.004933802553479166,HYG,HAR-RV
2015-12-31,0.004804320845811388,HYG,HAR-RV
2016-01-04,0.002933580893763447,HYG,HAR-RV
2016-01-05,0.002652259290320921,HYG,HAR-RV
2016-01-06,0.0031810467316688495,HYG,HAR-RV
2016-01-07,0.0023220273888173767,HYG,HAR-RV
2016-01-08,0.002037433315952559,HYG,HAR-RV
2016-01-11,0.002918196896219556,HYG,HAR-RV
2016-01-12,0.002921979624274163,HYG,HAR-RV
2016-01-13,0.0023491468122089926,HYG,HAR-RV
2016-01-14,0.0026698048863011406,HYG,HAR-RV
2016-01-15,0.004220039129749144,HYG,HAR-RV
2016-01-19,0.00399780836227503,HYG,HAR-RV
2016-01-20,0.005323237943911016,HYG,HAR-RV
2016-01-21,0.00528933219070852,HYG,HAR-RV
2016-01-22,0.005994626001094854,HYG,HAR-RV
2016-01-25,0.005694122054610031,HYG,HAR-RV
2016-01-26,0.007342833746646786,HYG,HAR-RV
2016-01-27,0.006893519206882593,HYG,HAR-RV
2016-01-28,0.007210553149783231,HYG,HAR-RV
2016-01-29,0.006258242177021735,HYG,HAR-RV
2016-02-01,0.006151141769668234,HYG,HAR-RV
2016-02-02,0.004844184800228179,HYG,HAR-RV
2016-02-03,0.004607884796896056,HYG,HAR-RV
2016-02-04,0.004534257183516264,HYG,HAR-RV
2016-02-05,0.004750177573201609,HYG,HAR-RV
2016-02-08,0.004531823895480816,HYG,HAR-RV
2016-02-09,0.005414021848601098,HYG,HAR-RV
2016-02-10,0.006196787957868112,HYG,HAR-RV
2016-02-11,0.005311554519002812,HYG,HAR-RV
2016-02-12,0.004879679008508249,HYG,HAR-RV
2016-02-16,0.005834990177661831,HYG,HAR-RV
2016-02-17,0.006686798627097974,HYG,HAR-RV
2016-02-18,0.005377845662742834,HYG,HAR-RV
2016-02-19,0.005703162807210471,HYG,HAR-RV
2016-02-22,0.005466833810751235,HYG,HAR-RV
2016-02-23,0.005076489207013585,HYG,HAR-RV
2016-02-24,0.004132907218114593,HYG,HAR-RV
2016-02-25,0.004361097717771781,HYG,HAR-RV
2016-02-26,0.003562392282966168,HYG,HAR-RV
2016-02-29,0.003994194295629428,HYG,HAR-RV
2016-03-01,0.004598960367760574,HYG,HAR-RV
2016-03-02,0.005175594726966686,HYG,HAR-RV
2016-03-03,0.006847410610943733,HYG,HAR-RV
2016-03-04,0.00715157030487217,HYG,HAR-RV
2016-03-07,0.0066751075517143725,HYG,HAR-RV
2016-03-08,0.006031893668339633,HYG,HAR-RV
2016-03-09,0.00511353332866615,HYG,HAR-RV
2016-03-10,0.004582522324955155,HYG,HAR-RV
2016-03-11,0.003992245589537258,HYG,HAR-RV
2016-03-14,0.004612708027095463,HYG,HAR-RV
2016-03-15,0.005676162510670274,HYG,HAR-RV
2016-03-16,0.00549003601138753,HYG,HAR-RV
2016-03-17,0.005988187787558398,HYG,HAR-RV
2016-03-18,0.0061649816733223,HYG,HAR-RV
2016-03-21,0.006095606197223906,HYG,HAR-RV
2016-03-22,0.004944687307085974,HYG,HAR-RV
2016-03-23,0.004697341481743694,HYG,HAR-RV
2016-03-24,0.004214071323697045,HYG,HAR-RV
2016-03-28,0.0041092696011892,HYG,HAR-RV
2016-03-29,0.0039672737597145555,HYG,HAR-RV
2016-03-30,0.004186994422430727,HYG,HAR-RV
2016-03-31,0.0043564261818622935,HYG,HAR-RV
2016-04-01,0.004353654249370356,HYG,HAR-RV
2016-04-04,0.0038361112656997176,HYG,HAR-RV
2016-04-05,0.0033666342835571347,HYG,HAR-RV
2016-04-06,0.0032554616793276847,HYG,HAR-RV
2016-04-07,0.003386653340950899,HYG,HAR-RV
2016-04-08,0.004146740508641658,HYG,HAR-RV
2016-04-11,0.004216071203407098,HYG,HAR-RV
2016-04-12,0.0044763422720606235,HYG,HAR-RV
2016-04-13,0.0041943643818331345,HYG,HAR-RV
2016-04-14,0.0046477834897633435,HYG,HAR-RV
2016-04-15,0.0044730624205377035,HYG,HAR-RV
2016-04-18,0.0036849888819296857,HYG,HAR-RV
2016-04-19,0.003470663239228809,HYG,HAR-RV
2016-04-20,0.004085083659370663,HYG,HAR-RV
2016-04-21,0.0038406247461621698,HYG,HAR-RV
2016-04-22,0.00332169131227486,HYG,HAR-RV
2016-04-25,0.0036340983657310684,HYG,HAR-RV
2016-04-26,0.0036459082972139355,HYG,HAR-RV
2016-04-27,0.00358854368824405,HYG,HAR-RV
2016-04-28,0.0035031270985659726,HYG,HAR-RV
2016-04-29,0.003974229432849953,HYG,HAR-RV
2016-05-02,0.0035995452414617217,HYG,HAR-RV
2016-05-03,0.0034963113804619824,HYG,HAR-RV
2016-05-04,0.0031528495263563267,HYG,HAR-RV
2016-05-05,0.0037923201213408155,HYG,HAR-RV
2016-05-06,0.003470584553920912,HYG,HAR-RV
2016-05-09,0.003218317679304361,HYG,HAR-RV
2016-05-10,0.003073000286946297,HYG,HAR-RV
2016-05-11,0.003291022225821928,HYG,HAR-RV
2016-05-12,0.0037458057902705916,HYG,HAR-RV
2016-05-13,0.0031225697096258953,HYG,HAR-RV
2016-05-16,0.0031900008093067177,HYG,HAR-RV
2016-05-17,0.0036775478469525348,HYG,HAR-RV
2016-05-18,0.004065375840128077,HYG,HAR-RV
2016-05-19,0.003350779642827121,HYG,HAR-RV
2016-05-20,0.0031983506192770385,HYG,HAR-RV
2016-05-23,0.0034355419155027737,HYG,HAR-RV
2016-05-24,0.00335878348966484,HYG,HAR-RV
2016-05-25,0.00276710611988462,HYG,HAR-RV
2016-05-26,0.0033278818703999517,HYG,HAR-RV
2016-05-27,0.0032648947213018667,HYG,HAR-RV
2016-05-31,0.0032913404868774657,HYG,HAR-RV
2016-06-01,0.003071304383840924,HYG,HAR-RV
2016-06-02,0.00309282925041326,HYG,HAR-RV
2016-06-03,0.0026769833595956427,HYG,HAR-RV
2016-06-06,0.002519434260977155,HYG,HAR-RV
2016-06-07,0.002454103014868465,HYG,HAR-RV
2016-06-08,0.0028497705502610006,HYG,HAR-RV
2016-06-09,0.003175502018308408,HYG,HAR-RV
2016-06-10,0.0033998751488011356,HYG,HAR-RV
2016-06-13,0.0037799279793946316,HYG,HAR-RV
2016-06-14,0.0041503305159686,HYG,HAR-RV
2016-06-15,0.004447585987960905,HYG,HAR-RV
2016-06-16,0.004193814358617741,HYG,HAR-RV
2016-06-17,0.0036985442497810407,HYG,HAR-RV
2016-06-20,0.0033461670137000157,HYG,HAR-RV
2016-06-21,0.002952151915106479,HYG,HAR-RV
2016-06-22,0.003214830365598332,HYG,HAR-RV
2016-06-23,0.0031284205289232865,HYG,HAR-RV
2016-06-24,0.00304742378915779,HYG,HAR-RV
2016-06-27,0.004161454510734444,HYG,HAR-RV
2016-06-28,0.0067784078497882625,HYG,HAR-RV
2016-06-29,0.0075632671351860145,HYG,HAR-RV
2016-06-30,0.008311218863125525,HYG,HAR-RV
2016-07-01,0.009239333544395873,HYG,HAR-RV
2016-07-05,0.007915365304442515,HYG,HAR-RV
2016-07-06,0.0060718820700014576,HYG,HAR-RV
2016-07-07,0.005904943123148227,HYG,HAR-RV
2016-07-08,0.005045598491007747,HYG,HAR-RV
2016-07-11,0.0038742806476498117,HYG,HAR-RV
2016-07-12,0.005776597853212407,HYG,HAR-RV
2016-07-13,0.004143831668703158,HYG,HAR-RV
2016-07-14,0.00416831290712515,HYG,HAR-RV
2016-07-15,0.004042101515084612,HYG,HAR-RV
2016-07-18,0.003981683768692029,HYG,HAR-RV
2016-07-19,0.003095358990952998,HYG,HAR-RV
2016-07-20,0.0034733345354548127,HYG,HAR-RV
2016-07-21,0.0033484099794023397,HYG,HAR-RV
2016-07-22,0.0032612094040664792,HYG,HAR-RV
2016-07-25,0.0031115486503729764,HYG,HAR-RV
2016-07-26,0.0036807389253716116,HYG,HAR-RV
2016-07-27,0.0038450866115640396,HYG,HAR-RV
2016-07-28,0.0038296722925304696,HYG,HAR-RV
2016-07-29,0.003788887804953065,HYG,HAR-RV
2016-08-01,0.0041856797201950645,HYG,HAR-RV
2016-08-02,0.0035699066318453446,HYG,HAR-RV
2016-08-03,0.0041826121645413975,HYG,HAR-RV
2016-08-04,0.0035512951887901384,HYG,HAR-RV
2016-08-05,0.004036030048274269,HYG,HAR-RV
2016-08-08,0.004391592845690905,HYG,HAR-RV
2016-08-09,0.004074576390327463,HYG,HAR-RV
2016-08-10,0.004141310953534483,HYG,HAR-RV
2016-08-11,0.004298520896736504,HYG,HAR-RV
2016-08-12,0.003886851887046746,HYG,HAR-RV
2016-08-15,0.0036294319980882425,HYG,HAR-RV
2016-08-16,0.0033237867647537,HYG,HAR-RV
2016-08-17,0.003489857597434535,HYG,HAR-RV
2016-08-18,0.003247467233004924,HYG,HAR-RV
2016-08-19,0.003160204890574556,HYG,HAR-RV
2016-08-22,0.003523421897371512,HYG,HAR-RV
2016-08-23,0.0036058192675067053,HYG,HAR-RV
2016-08-24,0.003309704741222516,HYG,HAR-RV
2016-08-25,0.003614893039634108,HYG,HAR-RV
2016-08-26,0.0035620841375430166,HYG,HAR-RV
2016-08-29,0.0032778426195863857,HYG,HAR-RV
2016-08-30,0.0030313030564704524,HYG,HAR-RV
2016-08-31,0.003823228884599075,HYG,HAR-RV
2016-09-01,0.0029909454156342137,HYG,HAR-RV
2016-09-02,0.0035332049684158153,HYG,HAR-RV
2016-09-06,0.0032401197621416307,HYG,HAR-RV
2016-09-07,0.0038767360222228915,HYG,HAR-RV
2016-09-08,0.0030248216468211626,HYG,HAR-RV
2016-09-09,0.0034656863916072344,HYG,HAR-RV
2016-09-12,0.0032574391168080103,HYG,HAR-RV
2016-09-13,0.004995559593115503,HYG,HAR-RV
2016-09-14,0.004062932538501913,HYG,HAR-RV
2016-09-15,0.005110679778386735,HYG,HAR-RV
2016-09-16,0.003946035641839926,HYG,HAR-RV
2016-09-19,0.004942574895432189,HYG,HAR-RV
2016-09-20,0.003415263006197567,HYG,HAR-RV
2016-09-21,0.0032198769739089834,HYG,HAR-RV
2016-09-22,0.002867682257999316,HYG,HAR-RV
2016-09-23,0.004394005239778691,HYG,HAR-RV
2016-09-26,0.003561050854682111,HYG,HAR-RV
2016-09-27,0.003346665777149323,HYG,HAR-RV
2016-09-28,0.004055730430478201,HYG,HAR-RV
2016-09-29,0.004015134603936061,HYG,HAR-RV
2016-09-30,0.004392539893187668,HYG,HAR-RV
2016-10-03,0.004058556326673208,HYG,HAR-RV
2016-10-04,0.004368234704311762,HYG,HAR-RV
2016-10-05,0.0035833236845994876,HYG,HAR-RV
2016-10-06,0.003632140348259663,HYG,HAR-RV
2016-10-07,0.003423665598297378,HYG,HAR-RV
2016-10-10,0.0028997078441143362,HYG,HAR-RV
2016-10-11,0.0029821615395543588,HYG,HAR-RV
2016-10-12,0.0032571584744933075,HYG,HAR-RV
2016-10-13,0.0038548772597363805,HYG,HAR-RV
2016-10-14,0.002995429832935556,HYG,HAR-RV
2016-10-17,0.0034102399006623223,HYG,HAR-RV
2016-10-18,0.0033929731617440666,HYG,HAR-RV
2016-10-19,0.0031810218303876697,HYG,HAR-RV
2016-10-20,0.0033616498451487457,HYG,HAR-RV
2016-10-21,0.0034042142424102824,HYG,HAR-RV
2016-10-24,0.002814777217822398,HYG,HAR-RV
2016-10-25,0.0026598959336694822,HYG,HAR-RV
2016-10-26,0.0026413361792928538,HYG,HAR-RV
2016-10-27,0.002424343748672021,HYG,HAR-RV
2016-10-28,0.003050993507350259,HYG,HAR-RV
2016-10-31,0.003233324734275146,HYG,HAR-RV
2016-11-01,0.0037685072925569838,HYG,HAR-RV
2016-11-02,0.003674128531142365,HYG,HAR-RV
2016-11-03,0.004071969078700598,HYG,HAR-RV
2016-11-04,0.004104874875876795,HYG,HAR-RV
2016-11-07,0.003113564738760491,HYG,HAR-RV
2016-11-08,0.0029972893998496024,HYG,HAR-RV
2016-11-09,0.005461991447309493,HYG,HAR-RV
2016-11-10,0.0037803851716319762,HYG,HAR-RV
2016-11-11,0.004697011716114117,HYG,HAR-RV
2016-11-14,0.006321343972781102,HYG,HAR-RV
2016-11-15,0.006293836939861874,HYG,HAR-RV
2016-11-16,0.0056553453526848605,HYG,HAR-RV
2016-11-17,0.007273361158637831,HYG,HAR-RV
2016-11-18,0.005651934384627858,HYG,HAR-RV
2016-11-21,0.0045189759259537535,HYG,HAR-RV
2016-11-22,0.003704703652479859,HYG,HAR-RV
2016-11-23,0.005221993191339604,HYG,HAR-RV
2016-11-25,0.004849761309909918,HYG,HAR-RV
2016-11-28,0.004167511259595776,HYG,HAR-RV
2016-11-29,0.003667344223331796,HYG,HAR-RV
2016-11-30,0.0034689432922100387,HYG,HAR-RV
2016-12-01,0.0032701318910017896,HYG,HAR-RV
2016-12-02,0.002853149004603697,HYG,HAR-RV
2016-12-05,0.0038480640979823375,HYG,HAR-RV
2016-12-06,0.004199528199031317,HYG,HAR-RV
2016-12-07,0.003686269037083674,HYG,HAR-RV
2016-12-08,0.004393386720872071,HYG,HAR-RV
2016-12-09,0.004590472295711644,HYG,HAR-RV
2016-12-12,0.0032184814706691764,HYG,HAR-RV
2016-12-13,0.003021670527262586,HYG,HAR-RV
2016-12-14,0.003063156600270723,HYG,HAR-RV
2016-12-15,0.003201214448667327,HYG,HAR-RV
2016-12-16,0.0043865533855522625,HYG,HAR-RV
2016-12-19,0.002829010897071809,HYG,HAR-RV
2016-12-20,0.002911845179225183,HYG,HAR-RV
2016-12-21,0.003298404481188997,HYG,HAR-RV
2016-12-22,0.0030099123163833223,HYG,HAR-RV
2016-12-23,0.0028389054651365244,HYG,HAR-RV
2016-12-27,0.002967679091421439,HYG,HAR-RV
2016-12-28,0.0028895677566339152,HYG,HAR-RV
2016-12-29,0.002603452202705719,HYG,HAR-RV
2016-12-30,0.002689719787928006,HYG,HAR-RV
2017-01-03,0.002649883691647508,HYG,HAR-RV
2017-01-04,0.0023727719432413428,HYG,HAR-RV
2017-01-05,0.003326952852708813,HYG,HAR-RV
2017-01-06,0.0037415543919430195,HYG,HAR-RV
2017-01-09,0.0028848990378731597,HYG,HAR-RV
2017-01-10,0.002513576158798851,HYG,HAR-RV
2017-01-11,0.0024551630951847986,HYG,HAR-RV
2017-01-12,0.002340976320542895,HYG,HAR-RV
2017-01-13,0.002098247650232857,HYG,HAR-RV
2017-01-17,0.001978282100020786,HYG,HAR-RV
2017-01-18,0.001922990429088349,HYG,HAR-RV
2017-01-19,0.002085831166311587,HYG,HAR-RV
2017-01-20,0.0021379116283965108,HYG,HAR-RV
2017-01-23,0.0028335416564893054,HYG,HAR-RV
2017-01-24,0.002465230190034715,HYG,HAR-RV
2017-01-25,0.0018737787812340562,HYG,HAR-RV
2017-01-26,0.0021034887943428343,HYG,HAR-RV
2017-01-27,0.0029746682765896984,HYG,HAR-RV
2017-01-30,0.0021362358670897136,HYG,HAR-RV
2017-01-31,0.002185485999327104,HYG,HAR-RV
2017-02-01,0.0024916302362507203,HYG,HAR-RV
2017-02-02,0.002279040487195144,HYG,HAR-RV
2017-02-03,0.002799084438872244,HYG,HAR-RV
2017-02-06,0.0021500507700450235,HYG,HAR-RV
2017-02-07,0.0023833127255205545,HYG,HAR-RV
2017-02-08,0.0020855760254415018,HYG,HAR-RV
2017-02-09,0.002340316306002446,HYG,HAR-RV
2017-02-10,0.0019397261370096204,HYG,HAR-RV
2017-02-13,0.002175704081872008,HYG,HAR-RV
2017-02-14,0.0019633937480822887,HYG,HAR-RV
2017-02-15,0.0021827027068581873,HYG,HAR-RV
2017-02-16,0.0018889148401069215,HYG,HAR-RV
2017-02-17,0.0017515403156787904,HYG,HAR-RV
2017-02-21,0.001807915915146114,HYG,HAR-RV
2017-02-22,0.0019140726088268348,HYG,HAR-RV
2017-02-23,0.0025093383366444257,HYG,HAR-RV
2017-02-24,0.0018309633912704218,HYG,HAR-RV
2017-02-27,0.0019512419374392883,HYG,HAR-RV
2017-02-28,0.0019128601558430496,HYG,HAR-RV
2017-03-01,0.0019789758105553546,HYG,HAR-RV
2017-03-02,0.0017580279523072462,HYG,HAR-RV
2017-03-03,0.0026104059922996093,HYG,HAR-RV
2017-03-06,0.00259428338496468,HYG,HAR-RV
2017-03-07,0.0020046294572918216,HYG,HAR-RV
2017-03-08,0.0027738148889741585,HYG,HAR-RV
2017-03-09,0.003926173328802135,HYG,HAR-RV
2017-03-10,0.004120553637960998,HYG,HAR-RV
2017-03-13,0.0031480359826396966,HYG,HAR-RV
2017-03-14,0.0025608468619247263,HYG,HAR-RV
2017-03-15,0.0025363607547270045,HYG,HAR-RV
2017-03-16,0.0029749398748827234,HYG,HAR-RV
2017-03-17,0.005723549770416754,HYG,HAR-RV
2017-03-20,0.0033297679083191677,HYG,HAR-RV
2017-03-21,0.002756175458191239,HYG,HAR-RV
2017-03-22,0.003242919588416008,HYG,HAR-RV
2017-03-23,0.004602176545786949,HYG,HAR-RV
2017-03-24,0.0028955912780536867,HYG,HAR-RV
2017-03-27,0.0023003052102319697,HYG,HAR-RV
2017-03-28,0.003136004523792531,HYG,HAR-RV
2017-03-29,0.0025886922742225566,HYG,HAR-RV
2017-03-30,0.003426537943552355,HYG,HAR-RV
2017-03-31,0.002712587977007085,HYG,HAR-RV
2017-04-03,0.003491085612729876,HYG,HAR-RV
2017-04-04,0.002377316019283841,HYG,HAR-RV
2017-04-05,0.0023774525054590322,HYG,HAR-RV
2017-04-06,0.0020224825419718814,HYG,HAR-RV
2017-04-07,0.002036984436060829,HYG,HAR-RV
2017-04-10,0.001869075128257717,HYG,HAR-RV
2017-04-11,0.0017068299413569217,HYG,HAR-RV
2017-04-12,0.0019722761281831523,HYG,HAR-RV
2017-04-13,0.002180048053466945,HYG,HAR-RV
2017-04-17,0.0018766029168674158,HYG,HAR-RV
2017-04-18,0.0022525254609710114,HYG,HAR-RV
2017-04-19,0.0025990029194722427,HYG,HAR-RV
2017-04-20,0.0018818394299893152,HYG,HAR-RV
2017-04-21,0.001987435161166101,HYG,HAR-RV
2017-04-24,0.0027009902112328033,HYG,HAR-RV
2017-04-25,0.002035662497161385,HYG,HAR-RV
2017-04-26,0.0030508350337165127,HYG,HAR-RV
2017-04-27,0.002459135291140954,HYG,HAR-RV
2017-04-28,0.002228188769907503,HYG,HAR-RV
2017-05-01,0.0020086130314316956,HYG,HAR-RV
2017-05-02,0.001878795342831431,HYG,HAR-RV
2017-05-03,0.0016683217034594356,HYG,HAR-RV
2017-05-04,0.001521149258490105,HYG,HAR-RV
2017-05-05,0.0016910264359200839,HYG,HAR-RV
2017-05-08,0.002999181488626186,HYG,HAR-RV
2017-05-09,0.002217832476193687,HYG,HAR-RV
2017-05-10,0.002104383889981636,HYG,HAR-RV
2017-05-11,0.002036552707471966,HYG,HAR-RV
2017-05-12,0.003035744527645827,HYG,HAR-RV
2017-05-15,0.0017520634383784363,HYG,HAR-RV
2017-05-16,0.0017352313315694993,HYG,HAR-RV
2017-05-17,0.0022442207887637946,HYG,HAR-RV
2017-05-18,0.0021505652425530034,HYG,HAR-RV
2017-05-19,0.002766056101404107,HYG,HAR-RV
2017-05-22,0.0021170213116869035,HYG,HAR-RV
2017-05-23,0.002374983162127814,HYG,HAR-RV
2017-05-24,0.0026535916900004186,HYG,HAR-RV
2017-05-25,0.0019336664013595009,HYG,HAR-RV
2017-05-26,0.00200865099886376,HYG,HAR-RV
2017-05-30,0.0019017122795622543,HYG,HAR-RV
2017-05-31,0.0018446592479354836,HYG,HAR-RV
2017-06-01,0.0017457126483299296,HYG,HAR-RV
2017-06-02,0.001633467782897987,HYG,HAR-RV
2017-06-05,0.0018368082934409765,HYG,HAR-RV
2017-06-06,0.0017166794715896615,HYG,HAR-RV
2017-06-07,0.0017294852255613378,HYG,HAR-RV
2017-06-08,0.001833921438274784,HYG,HAR-RV
2017-06-09,0.0019868425502148584,HYG,HAR-RV
2017-06-12,0.001700884072910049,HYG,HAR-RV
2017-06-13,0.0017142763750184443,HYG,HAR-RV
2017-06-14,0.0018258538255693266,HYG,HAR-RV
2017-06-15,0.0018347394319223366,HYG,HAR-RV
2017-06-16,0.001576583256717146,HYG,HAR-RV
2017-06-19,0.002106546625911471,HYG,HAR-RV
2017-06-20,0.0020175259429365683,HYG,HAR-RV
2017-06-21,0.002213403315717131,HYG,HAR-RV
2017-06-22,0.0024526022984035487,HYG,HAR-RV
2017-06-23,0.0031183036152669995,HYG,HAR-RV
2017-06-26,0.002813243855401125,HYG,HAR-RV
2017-06-27,0.0030966781231514997,HYG,HAR-RV
2017-06-28,0.0027627064584708765,HYG,HAR-RV
2017-06-29,0.002895267345526645,HYG,HAR-RV
2017-06-30,0.0028386952799923375,HYG,HAR-RV
2017-07-03,0.002691525633012181,HYG,HAR-RV
2017-07-05,0.0025359666859301427,HYG,HAR-RV
2017-07-06,0.002268263525838576,HYG,HAR-RV
2017-07-07,0.0021107351325805684,HYG,HAR-RV
2017-07-10,0.0021452923861197846,HYG,HAR-RV
2017-07-11,0.0018618786582121588,HYG,HAR-RV
2017-07-12,0.0017746026718378617,HYG,HAR-RV
2017-07-13,0.0017861919988737545,HYG,HAR-RV
2017-07-14,0.0027381730797181583,HYG,HAR-RV
2017-07-17,0.002135931193366669,HYG,HAR-RV
2017-07-18,0.0024512262945352026,HYG,HAR-RV
2017-07-19,0.0021767146173618615,HYG,HAR-RV
2017-07-20,0.0021419424124073045,HYG,HAR-RV
2017-07-21,0.0018501175322432027,HYG,HAR-RV
2017-07-24,0.0017248721435621165,HYG,HAR-RV
2017-07-25,0.0015547777420295557,HYG,HAR-RV
2017-07-26,0.0015659634970620758,HYG,HAR-RV
2017-07-27,0.0015316239036995887,HYG,HAR-RV
2017-07-28,0.001587570322803477,HYG,HAR-RV
2017-07-31,0.0015216652256145483,HYG,HAR-RV
2017-08-01,0.0013837670659277393,HYG,HAR-RV
2017-08-02,0.0012815929770105968,HYG,HAR-RV
2017-08-03,0.0014078739918943468,HYG,HAR-RV
2017-08-04,0.0012233725527041636,HYG,HAR-RV
2017-08-07,0.0014804816541441018,HYG,HAR-RV
2017-08-08,0.0013064348691687777,HYG,HAR-RV
2017-08-09,0.001398021907319753,HYG,HAR-RV
2017-08-10,0.002090412075396575,HYG,HAR-RV
2017-08-11,0.002406959039313512,HYG,HAR-RV
2017-08-14,0.003026580953088724,HYG,HAR-RV
2017-08-15,0.002681045258777111,HYG,HAR-RV
2017-08-16,0.0034070730315089964,HYG,HAR-RV
2017-08-17,0.0024186158709184925,HYG,HAR-RV
2017-08-18,0.002198168038024737,HYG,HAR-RV
2017-08-21,0.0028066072991686708,HYG,HAR-RV
2017-08-22,0.002280417813362041,HYG,HAR-RV
2017-08-23,0.001872045239981088,HYG,HAR-RV
2017-08-24,0.0025596795722494115,HYG,HAR-RV
2017-08-25,0.0020619810874000135,HYG,HAR-RV
2017-08-28,0.0018818564840251144,HYG,HAR-RV
2017-08-29,0.0019355529037695558,HYG,HAR-RV
2017-08-30,0.0016379663609991557,HYG,HAR-RV
2017-08-31,0.0015553340330197905,HYG,HAR-RV
2017-09-01,0.0019688438779828124,HYG,HAR-RV
2017-09-05,0.002065461977984516,HYG,HAR-RV
2017-09-06,0.0017899708920816625,HYG,HAR-RV
2017-09-07,0.002129262403884644,HYG,HAR-RV
2017-09-08,0.001871045823997101,HYG,HAR-RV
2017-09-11,0.0015870218291196465,HYG,HAR-RV
2017-09-12,0.0019912948730645467,HYG,HAR-RV
2017-09-13,0.0021943454008939134,HYG,HAR-RV
2017-09-14,0.0018405988310309651,HYG,HAR-RV
2017-09-15,0.0016883197364424244,HYG,HAR-RV
2017-09-18,0.0019229638473249064,HYG,HAR-RV
2017-09-19,0.0016552780574727568,HYG,HAR-RV
2017-09-20,0.0013590536649159273,HYG,HAR-RV
2017-09-21,0.0014071083313072533,HYG,HAR-RV
2017-09-22,0.0012707877295509153,HYG,HAR-RV
2017-09-25,0.0014122241923607286,HYG,HAR-RV
2017-09-26,0.0013843061257572697,HYG,HAR-RV
2017-09-27,0.0013199808260228112,HYG,HAR-RV
2017-09-28,0.00140626259194442,HYG,HAR-RV
2017-09-29,0.0013186709674900057,HYG,HAR-RV
2017-10-02,0.0011530819140338072,HYG,HAR-RV
2017-10-03,0.001353975026459251,HYG,HAR-RV
2017-10-04,0.0012390351875873618,HYG,HAR-RV
2017-10-05,0.0014407055445130295,HYG,HAR-RV
2017-10-06,0.0014056139724462798,HYG,HAR-RV
2017-10-09,0.0015022070377705928,HYG,HAR-RV
2017-10-10,0.0015312048621175544,HYG,HAR-RV
2017-10-11,0.0012410812606930114,HYG,HAR-RV
2017-10-12,0.0012952682431023332,HYG,HAR-RV
2017-10-13,0.001335654143861778,HYG,HAR-RV
2017-10-16,0.0013427247256057682,HYG,HAR-RV
2017-10-17,0.00129254399864028,HYG,HAR-RV
2017-10-18,0.0013016726971365683,HYG,HAR-RV
2017-10-19,0.0014071408351873332,HYG,HAR-RV
2017-10-20,0.0013011208468464426,HYG,HAR-RV
2017-10-23,0.0011906378667051398,HYG,HAR-RV
2017-10-24,0.0013673318383752627,HYG,HAR-RV
2017-10-25,0.001406787165436676,HYG,HAR-RV
2017-10-26,0.0012221911691322703,HYG,HAR-RV
2017-10-27,0.0015321744680329421,HYG,HAR-RV
2017-10-30,0.001440114705517235,HYG,HAR-RV
2017-10-31,0.0016107481222587118,HYG,HAR-RV
2017-11-01,0.0014088622305153207,HYG,HAR-RV
2017-11-02,0.0014969332220840536,HYG,HAR-RV
2017-11-03,0.001405928486674056,HYG,HAR-RV
2017-11-06,0.001363365901592765,HYG,HAR-RV
2017-11-07,0.0011866879937488823,HYG,HAR-RV
2017-11-08,0.0011367741057722047,HYG,HAR-RV
2017-11-09,0.0014702297452413716,HYG,HAR-RV
2017-11-10,0.00187538810241315,HYG,HAR-RV
2017-11-13,0.0022331348627843816,HYG,HAR-RV
2017-11-14,0.0022902485585846416,HYG,HAR-RV
2017-11-15,0.0022610545356533205,HYG,HAR-RV
2017-11-16,0.002510816299771974,HYG,HAR-RV
2017-11-17,0.002080059588828577,HYG,HAR-RV
2017-11-20,0.002502035638935354,HYG,HAR-RV
2017-11-21,0.002314755560058261,HYG,HAR-RV
2017-11-22,0.002265944689607657,HYG,HAR-RV
2017-11-24,0.002063212362763668,HYG,HAR-RV
2017-11-27,0.0021840717345414065,HYG,HAR-RV
2017-11-28,0.0013751018134092424,HYG,HAR-RV
2017-11-29,0.00162766134856582,HYG,HAR-RV
2017-11-30,0.0018622520859063185,HYG,HAR-RV
2017-12-01,0.001746088861250405,HYG,HAR-RV
2017-12-04,0.0015853625307953028,HYG,HAR-RV
2017-12-05,0.0015396368861607186,HYG,HAR-RV
2017-12-06,0.001290757109530703,HYG,HAR-RV
2017-12-07,0.0010545331879835598,HYG,HAR-RV
2017-12-08,0.0010013492084691897,HYG,HAR-RV
2017-12-11,0.0010306718929391522,HYG,HAR-RV
2017-12-12,0.001117651043993945,HYG,HAR-RV
2017-12-13,0.001163077410758536,HYG,HAR-RV
2017-12-14,0.0011936111507363668,HYG,HAR-RV
2017-12-15,0.0011874996978021401,HYG,HAR-RV
2017-12-18,0.0012901647412817063,HYG,HAR-RV
2017-12-19,0.0012609331980807973,HYG,HAR-RV
2017-12-20,0.001335964273016917,HYG,HAR-RV
2017-12-21,0.0015763566153934236,HYG,HAR-RV
2017-12-22,0.001598732405069614,HYG,HAR-RV
2017-12-26,0.001482132978259389,HYG,HAR-RV
2017-12-27,0.0015848279861556092,HYG,HAR-RV
2017-12-28,0.0016118303622825905,HYG,HAR-RV
2017-12-29,0.001448329790661807,HYG,HAR-RV
2018-01-02,0.001422910636459045,HYG,HAR-RV
2018-01-03,0.0014790798020036617,HYG,HAR-RV
2018-01-04,0.0015323563357966907,HYG,HAR-RV
2018-01-05,0.001816423767420429,HYG,HAR-RV
2018-01-08,0.0019318324643916884,HYG,HAR-RV
2018-01-09,0.001948980329994812,HYG,HAR-RV
2018-01-10,0.0018915639564022046,HYG,HAR-RV
2018-01-11,0.002088734439502929,HYG,HAR-RV
2018-01-12,0.0018103472378745013,HYG,HAR-RV
2018-01-16,0.0019487673144550038,HYG,HAR-RV
2018-01-17,0.0020334221023447343,HYG,HAR-RV
2018-01-18,0.0019900818367437306,HYG,HAR-RV
2018-01-19,0.0016967516466921857,HYG,HAR-RV
2018-01-22,0.0015863904819545535,HYG,HAR-RV
2018-01-23,0.0013536681763992421,HYG,HAR-RV
2018-01-24,0.0012946200981601992,HYG,HAR-RV
2018-01-25,0.0015379794717901734,HYG,HAR-RV
2018-01-26,0.0016476952354953322,HYG,HAR-RV
2018-01-29,0.0016121881676798811,HYG,HAR-RV
2018-01-30,0.0015889235361725262,HYG,HAR-RV
2018-01-31,0.001842072955931457,HYG,HAR-RV
2018-02-01,0.0018654171724400875,HYG,HAR-RV
2018-02-02,0.0018518706595912105,HYG,HAR-RV
2018-02-05,0.001969251434224506,HYG,HAR-RV
2018-02-06,0.002430096693709914,HYG,HAR-RV
2018-02-07,0.002739413057527368,HYG,HAR-RV
2018-02-08,0.0030732214083569287,HYG,HAR-RV
2018-02-09,0.0036288499142273145,HYG,HAR-RV
2018-02-12,0.004214993659421423,HYG,HAR-RV
2018-02-13,0.003937885522079464,HYG,HAR-RV
2018-02-14,0.0037818975714545774,HYG,HAR-RV
2018-02-15,0.0036174184932036262,HYG,HAR-RV
2018-02-16,0.0037767955438665407,HYG,HAR-RV
2018-02-20,0.002978630051273438,HYG,HAR-RV
2018-02-21,0.0034627736645616676,HYG,HAR-RV
2018-02-22,0.003130712305058176,HYG,HAR-RV
2018-02-23,0.00306381940736865,HYG,HAR-RV
2018-02-26,0.0034556591652648953,HYG,HAR-RV
2018-02-27,0.002547554480645303,HYG,HAR-RV
2018-02-28,0.0025910298374816456,HYG,HAR-RV
2018-03-01,0.002195914650062525,HYG,HAR-RV
2018-03-02,0.0022244916520331964,HYG,HAR-RV
2018-03-05,0.002971459133893487,HYG,HAR-RV
2018-03-06,0.002746717032662091,HYG,HAR-RV
2018-03-07,0.002938747233545115,HYG,HAR-RV
2018-03-08,0.002630420037876327,HYG,HAR-RV
2018-03-09,0.002628962254364353,HYG,HAR-RV
2018-03-12,0.0020248023184330183,HYG,HAR-RV
2018-03-13,0.0015063595440137083,HYG,HAR-RV
2018-03-14,0.0019890650629692135,HYG,HAR-RV
2018-03-15,0.002074118378260691,HYG,HAR-RV
2018-03-16,0.0019964293732624193,HYG,HAR-RV
2018-03-19,0.002000249614506766,HYG,HAR-RV
2018-03-20,0.0017201875141763328,HYG,HAR-RV
2018-03-21,0.001897217054823841,HYG,HAR-RV
2018-03-22,0.0018978066321357415,HYG,HAR-RV
2018-03-23,0.0019628141151225914,HYG,HAR-RV
2018-03-26,0.002247298119425824,HYG,HAR-RV
2018-03-27,0.00265252334009798,HYG,HAR-RV
2018-03-28,0.0025904767545213,HYG,HAR-RV
2018-03-29,0.002974799426718737,HYG,HAR-RV
2018-04-02,0.003064823963137746,HYG,HAR-RV
2018-04-03,0.0023955692536728654,HYG,HAR-RV
2018-04-04,0.0025383591295857137,HYG,HAR-RV
2018-04-05,0.002101193162094827,HYG,HAR-RV
2018-04-06,0.0023529049359177307,HYG,HAR-RV
2018-04-09,0.0025534652885947293,HYG,HAR-RV
2018-04-10,0.0022406150784912648,HYG,HAR-RV
2018-04-11,0.0020750668382386274,HYG,HAR-RV
2018-04-12,0.002200009343081887,HYG,HAR-RV
2018-04-13,0.0022595948723457054,HYG,HAR-RV
2018-04-16,0.0023274155236647845,HYG,HAR-RV
2018-04-17,0.0023879921743604456,HYG,HAR-RV
2018-04-18,0.0019285319781809848,HYG,HAR-RV
2018-04-19,0.0015431043545475784,HYG,HAR-RV
2018-04-20,0.0016132206449149813,HYG,HAR-RV
2018-04-23,0.0013596329621575194,HYG,HAR-RV
2018-04-24,0.0017158924645974056,HYG,HAR-RV
2018-04-25,0.001867629376693837,HYG,HAR-RV
2018-04-26,0.0021537580541399572,HYG,HAR-RV
2018-04-27,0.002211362339154162,HYG,HAR-RV
2018-04-30,0.0019330521395249122,HYG,HAR-RV
2018-05-01,0.0019393808075241713,HYG,HAR-RV
2018-05-02,0.0016002395862485573,HYG,HAR-RV
2018-05-03,0.0014079731383016788,HYG,HAR-RV
2018-05-04,0.001478058797279737,HYG,HAR-RV
2018-05-07,0.0009880267053770388,HYG,HAR-RV
2018-05-08,0.0009698879489886255,HYG,HAR-RV
2018-05-09,0.000995730209642001,HYG,HAR-RV
2018-05-10,0.0010746174048670166,HYG,HAR-RV
2018-05-11,0.0012744735445936242,HYG,HAR-RV
2018-05-14,0.0015695444111329827,HYG,HAR-RV
2018-05-15,0.0017387530923115462,HYG,HAR-RV
2018-05-16,0.0016621297903283852,HYG,HAR-RV
2018-05-17,0.0017386962414164078,HYG,HAR-RV
2018-05-18,0.001995711767288082,HYG,HAR-RV
2018-05-21,0.0016989784950373569,HYG,HAR-RV
2018-05-22,0.0017425001848295734,HYG,HAR-RV
2018-05-23,0.0018711687775698172,HYG,HAR-RV
2018-05-24,0.0013187420714650827,HYG,HAR-RV
2018-05-25,0.0012337315548117157,HYG,HAR-RV
2018-05-29,0.0012581805137706398,HYG,HAR-RV
2018-05-30,0.0012699602745366,HYG,HAR-RV
2018-05-31,0.0014797252843284528,HYG,HAR-RV
2018-06-01,0.001893600995215849,HYG,HAR-RV
2018-06-04,0.00209418523087337,HYG,HAR-RV
2018-06-05,0.0022347985526105342,HYG,HAR-RV
2018-06-06,0.002304062121796095,HYG,HAR-RV
2018-06-07,0.0019546706681444342,HYG,HAR-RV
2018-06-08,0.0017522610491605814,HYG,HAR-RV
2018-06-11,0.0018480579779567177,HYG,HAR-RV
2018-06-12,0.0015598842851824643,HYG,HAR-RV
2018-06-13,0.0014250486691977878,HYG,HAR-RV
2018-06-14,0.0014401816329919512,HYG,HAR-RV
2018-06-15,0.0011888146468449936,HYG,HAR-RV
2018-06-18,0.0013624606220128904,HYG,HAR-RV
2018-06-19,0.0015378000715231275,HYG,HAR-RV
2018-06-20,0.0013249321416967258,HYG,HAR-RV
2018-06-21,0.001311261332742262,HYG,HAR-RV
2018-06-22,0.0014442264299041809,HYG,HAR-RV
2018-06-25,0.0012422912181814494,HYG,HAR-RV
2018-06-26,0.0013434516206276665,HYG,HAR-RV
2018-06-27,0.0014692718259053336,HYG,HAR-RV
2018-06-28,0.0014883598128737428,HYG,HAR-RV
2018-06-29,0.0014807926357047836,HYG,HAR-RV
2018-07-02,0.001525652623805967,HYG,HAR-RV
2018-07-03,0.0018714623917649186,HYG,HAR-RV
2018-07-05,0.0017812908034542854,HYG,HAR-RV
2018-07-06,0.0018694960668287992,HYG,HAR-RV
2018-07-09,0.0018039608692127422,HYG,HAR-RV
2018-07-10,0.001856032314401598,HYG,HAR-RV
2018-07-11,0.0018034426110911568,HYG,HAR-RV
2018-07-12,0.0018130406373211775,HYG,HAR-RV
2018-07-13,0.0018681075588296784,HYG,HAR-RV
2018-07-16,0.0015829658785334998,HYG,HAR-RV
2018-07-17,0.0015516301636405287,HYG,HAR-RV
2018-07-18,0.0013668765188115486,HYG,HAR-RV
2018-07-19,0.001410674129263157,HYG,HAR-RV
2018-07-20,0.0012352395407899184,HYG,HAR-RV
2018-07-23,0.0008291083000395185,HYG,HAR-RV
2018-07-24,0.0008810792580930252,HYG,HAR-RV
2018-07-25,0.000853162224397995,HYG,HAR-RV
2018-07-26,0.0009672056638316094,HYG,HAR-RV
2018-07-27,0.001192844484970924,HYG,HAR-RV
2018-07-30,0.0012955854289092529,HYG,HAR-RV
2018-07-31,0.0012533352193608066,HYG,HAR-RV
2018-08-01,0.0012489270949748756,HYG,HAR-RV
2018-08-02,0.0010718661553978314,HYG,HAR-RV
2018-08-03,0.001035181636557999,HYG,HAR-RV
2018-08-06,0.001132413387322347,HYG,HAR-RV
2018-08-07,0.0011920392468302136,HYG,HAR-RV
2018-08-08,0.0013170624760437347,HYG,HAR-RV
2018-08-09,0.0011888305257995138,HYG,HAR-RV
2018-08-10,0.00112059866493631,HYG,HAR-RV
2018-08-13,0.0011340187348231373,HYG,HAR-RV
2018-08-14,0.0011739018894792285,HYG,HAR-RV
2018-08-15,0.0011043629962932957,HYG,HAR-RV
2018-08-16,0.001209028328527525,HYG,HAR-RV
2018-08-17,0.0014000417749276263,HYG,HAR-RV
2018-08-20,0.00154191956348554,HYG,HAR-RV
2018-08-21,0.001458257815441627,HYG,HAR-RV
2018-08-22,0.0014958496551936433,HYG,HAR-RV
2018-08-23,0.0013399531203223119,HYG,HAR-RV
2018-08-24,0.0012377443441980603,HYG,HAR-RV
2018-08-27,0.0010802368411131603,HYG,HAR-RV
2018-08-28,0.000995704489160408,HYG,HAR-RV
2018-08-29,0.0011312012483239461,HYG,HAR-RV
2018-08-30,0.000946985513623592,HYG,HAR-RV
2018-08-31,0.0009736751451713925,HYG,HAR-RV
2018-09-04,0.0010510839107923788,HYG,HAR-RV
2018-09-05,0.0009409671406848239,HYG,HAR-RV
2018-09-06,0.0011301509295028101,HYG,HAR-RV
2018-09-07,0.0013259171994056494,HYG,HAR-RV
2018-09-10,0.0013911744849527269,HYG,HAR-RV
2018-09-11,0.0014152172020013654,HYG,HAR-RV
2018-09-12,0.001421490327540993,HYG,HAR-RV
2018-09-13,0.0013270849336310545,HYG,HAR-RV
2018-09-14,0.001310909160360162,HYG,HAR-RV
2018-09-17,0.0015251947400305404,HYG,HAR-RV
2018-09-18,0.0015946082457629867,HYG,HAR-RV
2018-09-19,0.0014065372439539773,HYG,HAR-RV
2018-09-20,0.0014596747680954232,HYG,HAR-RV
2018-09-21,0.0012071471652200945,HYG,HAR-RV
2018-09-24,0.0011778944293893718,HYG,HAR-RV
2018-09-25,0.0011935057530325774,HYG,HAR-RV
2018-09-26,0.0011127442370750383,HYG,HAR-RV
2018-09-27,0.0011843572024867462,HYG,HAR-RV
2018-09-28,0.0010287157110775963,HYG,HAR-RV
2018-10-01,0.0010296297862301014,HYG,HAR-RV
2018-10-02,0.0012408597667005299,HYG,HAR-RV
2018-10-03,0.0013897135871984538,HYG,HAR-RV
2018-10-04,0.0016313045992545606,HYG,HAR-RV
2018-10-05,0.0017081496711162634,HYG,HAR-RV
2018-10-08,0.0019323642723966603,HYG,HAR-RV
2018-10-09,0.0024544811634390623,HYG,HAR-RV
2018-10-10,0.0025484816546089742,HYG,HAR-RV
2018-10-11,0.002855871631924064,HYG,HAR-RV
2018-10-12,0.0026439056380884265,HYG,HAR-RV
2018-10-15,0.0033678051008934535,HYG,HAR-RV
2018-10-16,0.002596925111948481,HYG,HAR-RV
2018-10-17,0.003257995723769815,HYG,HAR-RV
2018-10-18,0.002969045543352971,HYG,HAR-RV
2018-10-19,0.0023156052041958834,HYG,HAR-RV
2018-10-22,0.0025952342929984077,HYG,HAR-RV
2018-10-23,0.002310230759311473,HYG,HAR-RV
2018-10-24,0.0022752345600214577,HYG,HAR-RV
2018-10-25,0.0018071834715434453,HYG,HAR-RV
2018-10-26,0.0017028372602866282,HYG,HAR-RV
2018-10-29,0.0017698942804939741,HYG,HAR-RV
2018-10-30,0.002063067340326725,HYG,HAR-RV
2018-10-31,0.002747615483207055,HYG,HAR-RV
2018-11-01,0.002751020231741615,HYG,HAR-RV
2018-11-02,0.002322260396889959,HYG,HAR-RV
2018-11-05,0.001908011316945733,HYG,HAR-RV
2018-11-06,0.001953574806682274,HYG,HAR-RV
2018-11-07,0.0019001991503160096,HYG,HAR-RV
2018-11-08,0.0016491915288468799,HYG,HAR-RV
2018-11-09,0.00211265576989944,HYG,HAR-RV
2018-11-12,0.002367738639977864,HYG,HAR-RV
2018-11-13,0.002758385284077524,HYG,HAR-RV
2018-11-14,0.0035520117412847258,HYG,HAR-RV
2018-11-15,0.003992292574080861,HYG,HAR-RV
2018-11-16,0.0032772440823081376,HYG,HAR-RV
2018-11-19,0.0031409783955039577,HYG,HAR-RV
2018-11-20,0.002388606058260326,HYG,HAR-RV
2018-11-21,0.0019213317810464884,HYG,HAR-RV
2018-11-23,0.0021852842423672357,HYG,HAR-RV
2018-11-26,0.002515637545937522,HYG,HAR-RV
2018-11-27,0.0032905329517010115,HYG,HAR-RV
2018-11-28,0.0035328379336634136,HYG,HAR-RV
2018-11-29,0.003776294441066332,HYG,HAR-RV
2018-11-30,0.0033307048656068374,HYG,HAR-RV
2018-12-03,0.003818779386956309,HYG,HAR-RV
2018-12-04,0.003114038103893825,HYG,HAR-RV
2018-12-06,0.0028779047675143088,HYG,HAR-RV
2018-12-07,0.003792675602582573,HYG,HAR-RV
2018-12-10,0.0034738550916579786,HYG,HAR-RV
2018-12-11,0.0038266248770427035,HYG,HAR-RV
2018-12-12,0.003699046298018608,HYG,HAR-RV
2018-12-13,0.002882153899058549,HYG,HAR-RV
2018-12-14,0.002333196295728805,HYG,HAR-RV
2018-12-17,0.0022849120807892655,HYG,HAR-RV
2018-12-18,0.0024620594353464394,HYG,HAR-RV
2018-12-19,0.002979572372692571,HYG,HAR-RV
2018-12-20,0.0036014147731940876,HYG,HAR-RV
2018-12-21,0.0038953088124258294,HYG,HAR-RV
2018-12-24,0.004847985686424889,HYG,HAR-RV
2018-12-26,0.005418570492064371,HYG,HAR-RV
2018-12-27,0.005993013938988904,HYG,HAR-RV
2018-12-28,0.006436861729629501,HYG,HAR-RV
2018-12-31,0.0065163320745324944,HYG,HAR-RV
2019-01-02,0.005175845290675772,HYG,HAR-RV
2019-01-03,0.004574630637277734,HYG,HAR-RV
2019-01-04,0.0037732229722448572,HYG,HAR-RV
2019-01-07,0.003760909761636866,HYG,HAR-RV
2019-01-08,0.005863240192069158,HYG,HAR-RV
2019-01-09,0.005536158165060837,HYG,HAR-RV
2019-01-10,0.004956201584317464,HYG,HAR-RV
2019-01-11,0.004361172843278263,HYG,HAR-RV
2019-01-14,0.004297867067095914,HYG,HAR-RV
2019-01-15,0.004866586788525026,HYG,HAR-RV
2019-01-16,0.005104125398188373,HYG,HAR-RV
2019-01-17,0.00505148987074264,HYG,HAR-RV
2019-01-18,0.004641652719727976,HYG,HAR-RV
2019-01-22,0.00466111817071097,HYG,HAR-RV
2019-01-23,0.004643174828611176,HYG,HAR-RV
2019-01-24,0.005063898546226072,HYG,HAR-RV
2019-01-25,0.004089602170193569,HYG,HAR-RV
2019-01-28,0.0036722802067781575,HYG,HAR-RV
2019-01-29,0.0037583536968717034,HYG,HAR-RV
2019-01-30,0.0034131996780502054,HYG,HAR-RV
2019-01-31,0.0029221126690495433,HYG,HAR-RV
2019-02-01,0.003993480537437672,HYG,HAR-RV
2019-02-04,0.0032682250142431362,HYG,HAR-RV
2019-02-05,0.003051731814146121,HYG,HAR-RV
2019-02-06,0.0033546968841505842,HYG,HAR-RV
2019-02-07,0.003543717166492195,HYG,HAR-RV
2019-02-08,0.002824213072730708,HYG,HAR-RV
2019-02-11,0.0029218133902558655,HYG,HAR-RV
2019-02-12,0.0022492043373141665,HYG,HAR-RV
2019-02-13,0.0023552976925510965,HYG,HAR-RV
2019-02-14,0.0029398033382176986,HYG,HAR-RV
2019-02-15,0.0023977990752791327,HYG,HAR-RV
2019-02-19,0.0022163271627645615,HYG,HAR-RV
2019-02-20,0.00250932041108521,HYG,HAR-RV
2019-02-21,0.002105839759302026,HYG,HAR-RV
2019-02-22,0.0021818918831674893,HYG,HAR-RV
2019-02-25,0.0021418413290840324,HYG,HAR-RV
2019-02-26,0.0020428837169038684,HYG,HAR-RV
2019-02-27,0.001901347901335263,HYG,HAR-RV
2019-02-28,0.0019401173236806217,HYG,HAR-RV
2019-03-01,0.0017250155021942932,HYG,HAR-RV
2019-03-04,0.0017414000108531913,HYG,HAR-RV
2019-03-05,0.002127588675717725,HYG,HAR-RV
2019-03-06,0.0016730243102688978,HYG,HAR-RV
2019-03-07,0.0014746054492831596,HYG,HAR-RV
2019-03-08,0.0016463000906554413,HYG,HAR-RV
2019-03-11,0.0014399501376128852,HYG,HAR-RV
2019-03-12,0.0015522488000818875,HYG,HAR-RV
2019-03-13,0.001839933112413283,HYG,HAR-RV
2019-03-14,0.0015151511462137184,HYG,HAR-RV
2019-03-15,0.0017170336251271416,HYG,HAR-RV
2019-03-18,0.0014166563440722764,HYG,HAR-RV
2019-03-19,0.00132914340140083,HYG,HAR-RV
2019-03-20,0.001292767953965303,HYG,HAR-RV
2019-03-21,0.001401152707103414,HYG,HAR-RV
2019-03-22,0.0019315552641311056,HYG,HAR-RV
2019-03-25,0.0013605287699671943,HYG,HAR-RV
2019-03-26,0.0018514794633048318,HYG,HAR-RV
2019-03-27,0.0013908694037185092,HYG,HAR-RV
2019-03-28,0.001627393495600282,HYG,HAR-RV
2019-03-29,0.0014980568356850795,HYG,HAR-RV
2019-04-01,0.0016617943661964534,HYG,HAR-RV
2019-04-02,0.0018534769792652823,HYG,HAR-RV
2019-04-03,0.0015236954355847766,HYG,HAR-RV
2019-04-04,0.0015350097365186264,HYG,HAR-RV
2019-04-05,0.0014946122496200022,HYG,HAR-RV
2019-04-08,0.0017200491356884344,HYG,HAR-RV
2019-04-09,0.0017933971084887444,HYG,HAR-RV
2019-04-10,0.0015951352504747795,HYG,HAR-RV
2019-04-11,0.001578726346603282,HYG,HAR-RV
2019-04-12,0.001989329541953534,HYG,HAR-RV
2019-04-15,0.0015888270333434366,HYG,HAR-RV
2019-04-16,0.0015269180243800637,HYG,HAR-RV
2019-04-17,0.0014039487121028957,HYG,HAR-RV
2019-04-18,0.00139293506061654,HYG,HAR-RV
2019-04-22,0.0017996739600812175,HYG,HAR-RV
2019-04-23,0.0015588158337535261,HYG,HAR-RV
2019-04-24,0.0016460179198422259,HYG,HAR-RV
2019-04-25,0.0019112180605700955,HYG,HAR-RV
2019-04-26,0.00150454834616206,HYG,HAR-RV
2019-04-29,0.001457779512792069,HYG,HAR-RV
2019-04-30,0.001647728687745242,HYG,HAR-RV
2019-05-01,0.0013894476602863757,HYG,HAR-RV
2019-05-02,0.0014091337617561333,HYG,HAR-RV
2019-05-03,0.0017736989083328243,HYG,HAR-RV
2019-05-06,0.0014474711818151386,HYG,HAR-RV
2019-05-07,0.0017612388181001898,HYG,HAR-RV
2019-05-08,0.001524705421838294,HYG,HAR-RV
2019-05-09,0.00214231481924241,HYG,HAR-RV
2019-05-10,0.0015364748551068186,HYG,HAR-RV
2019-05-13,0.0016837948081594694,HYG,HAR-RV
2019-05-14,0.001951891037174153,HYG,HAR-RV
2019-05-15,0.002590354235102581,HYG,HAR-RV
2019-05-16,0.001918278550247249,HYG,HAR-RV
2019-05-17,0.0017465681482523791,HYG,HAR-RV
2019-05-20,0.0020092748227090273,HYG,HAR-RV
2019-05-21,0.0017576489950726043,HYG,HAR-RV
2019-05-22,0.002089025486606484,HYG,HAR-RV
2019-05-23,0.0024068668384684844,HYG,HAR-RV
2019-05-24,0.0021301994589381025,HYG,HAR-RV
2019-05-28,0.0025811818902019205,HYG,HAR-RV
2019-05-29,0.0021359848903222847,HYG,HAR-RV
2019-05-30,0.0021012757025643965,HYG,HAR-RV
2019-05-31,0.0023214451348364308,HYG,HAR-RV
2019-06-03,0.00229079739129955,HYG,HAR-RV
2019-06-04,0.0030273675964552723,HYG,HAR-RV
2019-06-05,0.0024263324346029034,HYG,HAR-RV
2019-06-06,0.0032443027873274143,HYG,HAR-RV
2019-06-07,0.002542096632497001,HYG,HAR-RV
2019-06-10,0.0025854943257650597,HYG,HAR-RV
2019-06-11,0.0026400430516657076,HYG,HAR-RV
2019-06-12,0.002576342262069302,HYG,HAR-RV
2019-06-13,0.002853821758471235,HYG,HAR-RV
2019-06-14,0.002921783416651728,HYG,HAR-RV
2019-06-17,0.0026362459298735264,HYG,HAR-RV
2019-06-18,0.0024828492372566406,HYG,HAR-RV
2019-06-19,0.0026273907417930223,HYG,HAR-RV
2019-06-20,0.0031276142348103755,HYG,HAR-RV
2019-06-21,0.0029997129993133967,HYG,HAR-RV
2019-06-24,0.003085202977575687,HYG,HAR-RV
2019-06-25,0.002755065256215633,HYG,HAR-RV
2019-06-26,0.0025043359276854123,HYG,HAR-RV
2019-06-27,0.0029852976248906137,HYG,HAR-RV
2019-06-28,0.0027618217435032527,HYG,HAR-RV
2019-07-01,0.0031308510782129023,HYG,HAR-RV
2019-07-02,0.0028769813714364352,HYG,HAR-RV
2019-07-03,0.002790201252424236,HYG,HAR-RV
2019-07-05,0.002890048671728901,HYG,HAR-RV
2019-07-08,0.003019478410304905,HYG,HAR-RV
2019-07-09,0.002758031995564133,HYG,HAR-RV
2019-07-10,0.0024649801839824207,HYG,HAR-RV
2019-07-11,0.002318487695967477,HYG,HAR-RV
2019-07-12,0.0024684973133271087,HYG,HAR-RV
2019-07-15,0.0024706328278597894,HYG,HAR-RV
2019-07-16,0.0025308911632470244,HYG,HAR-RV
2019-07-17,0.0024197041206603874,HYG,HAR-RV
2019-07-18,0.002510061790979718,HYG,HAR-RV
2019-07-19,0.002487584076035195,HYG,HAR-RV
2019-07-22,0.002412548006320313,HYG,HAR-RV
2019-07-23,0.0023674193130318157,HYG,HAR-RV
2019-07-24,0.002385500455828139,HYG,HAR-RV
2019-07-25,0.0021102820877356744,HYG,HAR-RV
2019-07-26,0.0019517201773059972,HYG,HAR-RV
2019-07-29,0.0020218406077190825,HYG,HAR-RV
2019-07-30,0.0020226026982484557,HYG,HAR-RV
2019-07-31,0.0020511130482868513,HYG,HAR-RV
2019-08-01,0.0019139433231526403,HYG,HAR-RV
2019-08-02,0.0020571857100921717,HYG,HAR-RV
2019-08-05,0.0019650677339194626,HYG,HAR-RV
2019-08-06,0.002135229349155124,HYG,HAR-RV
2019-08-07,0.0031942944681556023,HYG,HAR-RV
2019-08-08,0.002414348001030804,HYG,HAR-RV
2019-08-09,0.0016908484824591655,HYG,HAR-RV
2019-08-12,0.0020795043455915105,HYG,HAR-RV
2019-08-13,0.001800165179750162,HYG,HAR-RV
2019-08-14,0.002376075408433765,HYG,HAR-RV
2019-08-15,0.002700191068943975,HYG,HAR-RV
2019-08-16,0.003209912367106194,HYG,HAR-RV
2019-08-19,0.0025269579858207608,HYG,HAR-RV
2019-08-20,0.0025894992258092913,HYG,HAR-RV
2019-08-21,0.002597422694148276,HYG,HAR-RV
2019-08-22,0.00247081188800561,HYG,HAR-RV
2019-08-23,0.003090684394760239,HYG,HAR-RV
2019-08-26,0.002853707132938782,HYG,HAR-RV
2019-08-27,0.003272670369749461,HYG,HAR-RV
2019-08-28,0.0033208421895723687,HYG,HAR-RV
2019-08-29,0.0027514481185905455,HYG,HAR-RV
2019-08-30,0.00306377785858793,HYG,HAR-RV
2019-09-03,0.002923208179792591,HYG,HAR-RV
2019-09-04,0.003016773190196059,HYG,HAR-RV
2019-09-05,0.003379249391602385,HYG,HAR-RV
2019-09-06,0.003256899386602661,HYG,HAR-RV
2019-09-09,0.0031999544527794095,HYG,HAR-RV
2019-09-10,0.0026793010443075596,HYG,HAR-RV
2019-09-11,0.0026989728192399337,HYG,HAR-RV
2019-09-12,0.0025938482769209273,HYG,HAR-RV
2019-09-13,0.0025244384633187986,HYG,HAR-RV
2019-09-16,0.0026179832924137334,HYG,HAR-RV
2019-09-17,0.0026934482126676584,HYG,HAR-RV
2019-09-18,0.002662989948573285,HYG,HAR-RV
2019-09-19,0.0021379350795345123,HYG,HAR-RV
2019-09-20,0.0020145049059134452,HYG,HAR-RV
2019-09-23,0.002024929237536055,HYG,HAR-RV
2019-09-24,0.0020748975322029467,HYG,HAR-RV
2019-09-25,0.0019475328304044879,HYG,HAR-RV
2019-09-26,0.002010529496553082,HYG,HAR-RV
2019-09-27,0.0018244354421373882,HYG,HAR-RV
2019-09-30,0.0016358942284494002,HYG,HAR-RV
2019-10-01,0.0017325520422190686,HYG,HAR-RV
2019-10-02,0.0016770638715163909,HYG,HAR-RV
2019-10-03,0.0019229888153404645,HYG,HAR-RV
2019-10-04,0.0024473198403762173,HYG,HAR-RV
2019-10-07,0.001569270042788503,HYG,HAR-RV
2019-10-08,0.0019246417988960725,HYG,HAR-RV
2019-10-09,0.0015180156938721116,HYG,HAR-RV
2019-10-10,0.0020101576857740368,HYG,HAR-RV
2019-10-11,0.002041026668499315,HYG,HAR-RV
2019-10-14,0.0017907468731093229,HYG,HAR-RV
2019-10-15,0.002256468308027009,HYG,HAR-RV
2019-10-16,0.0017897733758683275,HYG,HAR-RV
2019-10-17,0.002045253367312796,HYG,HAR-RV
2019-10-18,0.0018380297013781911,HYG,HAR-RV
2019-10-21,0.0019205460542380591,HYG,HAR-RV
2019-10-22,0.0018322417315504657,HYG,HAR-RV
2019-10-23,0.0018153666313328357,HYG,HAR-RV
2019-10-24,0.0017925991032684244,HYG,HAR-RV
2019-10-25,0.0018834488634719398,HYG,HAR-RV
2019-10-28,0.001900560639899687,HYG,HAR-RV
2019-10-29,0.001811339684347569,HYG,HAR-RV
2019-10-30,0.0017020283626144072,HYG,HAR-RV
2019-10-31,0.0019384869441176514,HYG,HAR-RV
2019-11-01,0.001854747070926463,HYG,HAR-RV
2019-11-04,0.002213198237562569,HYG,HAR-RV
2019-11-05,0.0021975876124291282,HYG,HAR-RV
2019-11-06,0.0018249084532598546,HYG,HAR-RV
2019-11-07,0.0016141494510156602,HYG,HAR-RV
2019-11-08,0.001642365347936123,HYG,HAR-RV
2019-11-11,0.0015072277498083286,HYG,HAR-RV
2019-11-12,0.0015880782286470463,HYG,HAR-RV
2019-11-13,0.0015356310344763334,HYG,HAR-RV
2019-11-14,0.0013760276904334697,HYG,HAR-RV
2019-11-15,0.0014979921273451857,HYG,HAR-RV
2019-11-18,0.0013954877202504838,HYG,HAR-RV
2019-11-19,0.0018164932201761128,HYG,HAR-RV
2019-11-20,0.0015380193063271536,HYG,HAR-RV
2019-11-21,0.0018765257142821599,HYG,HAR-RV
2019-11-22,0.001653808203396476,HYG,HAR-RV
2019-11-25,0.001431177958751282,HYG,HAR-RV
2019-11-26,0.0019766650763655314,HYG,HAR-RV
2019-11-27,0.0017758464932030502,HYG,HAR-RV
2019-11-29,0.001684749106791291,HYG,HAR-RV
2019-12-02,0.0017688232984290658,HYG,HAR-RV
2019-12-03,0.0018198835443127156,HYG,HAR-RV
2019-12-04,0.001697977266364354,HYG,HAR-RV
2019-12-05,0.0017886058482229838,HYG,HAR-RV
2019-12-06,0.0018543895299438973,HYG,HAR-RV
2019-12-09,0.0018256059546443897,HYG,HAR-RV
2019-12-10,0.0017957535945280672,HYG,HAR-RV
2019-12-11,0.0017462721852866217,HYG,HAR-RV
2019-12-12,0.0018380611208483658,HYG,HAR-RV
2019-12-13,0.0018261281273058594,HYG,HAR-RV
2019-12-16,0.0018575713119883793,HYG,HAR-RV
2019-12-17,0.0018347913290108482,HYG,HAR-RV
2019-12-18,0.0019127190537408852,HYG,HAR-RV
2019-12-19,0.0019837222306667494,HYG,HAR-RV
2019-12-20,0.0019366634550118268,HYG,HAR-RV
2019-12-23,0.001850290356750639,HYG,HAR-RV
2019-12-24,0.0018527356213276984,HYG,HAR-RV
2019-12-26,0.0017634565396511068,HYG,HAR-RV
2019-12-27,0.0017201683317220131,HYG,HAR-RV
2019-12-30,0.001656561805169575,HYG,HAR-RV
2019-12-31,0.0015977741310788161,HYG,HAR-RV
2020-01-02,0.0015535795416765225,HYG,HAR-RV
2020-01-03,0.0016010265297944442,HYG,HAR-RV
2020-01-06,0.0018166848608592153,HYG,HAR-RV
2020-01-07,0.001711144396167312,HYG,HAR-RV
2020-01-08,0.0017228890051860378,HYG,HAR-RV
2020-01-09,0.0016875312058470349,HYG,HAR-RV
2020-01-10,0.00169167699841692,HYG,HAR-RV
2020-01-13,0.0016927725327666812,HYG,HAR-RV
2020-01-14,0.0015825680174538811,HYG,HAR-RV
2020-01-15,0.0014916672268399445,HYG,HAR-RV
2020-01-16,0.0014194224650669585,HYG,HAR-RV
2020-01-17,0.0013577208438867367,HYG,HAR-RV
2020-01-21,0.001267453640994144,HYG,HAR-RV
2020-01-22,0.0013098879882070017,HYG,HAR-RV
2020-01-23,0.001436429727930657,HYG,HAR-RV
2020-01-24,0.0015055381843796798,HYG,HAR-RV
2020-01-27,0.0017358368276435884,HYG,HAR-RV
2020-01-28,0.0020735077788852667,HYG,HAR-RV
2020-01-29,0.002838024594261231,HYG,HAR-RV
2020-01-30,0.0031356847056049487,HYG,HAR-RV
2020-01-31,0.0022449752635901434,HYG,HAR-RV
2020-02-03,0.0023354459971075235,HYG,HAR-RV
2020-02-04,0.0025507266598547304,HYG,HAR-RV
2020-02-05,0.002067018385312781,HYG,HAR-RV
2020-02-06,0.0024388936044633653,HYG,HAR-RV
2020-02-07,0.0024195723505305304,HYG,HAR-RV
2020-02-10,0.0021384968529527372,HYG,HAR-RV
2020-02-11,0.002096203947901086,HYG,HAR-RV
2020-02-12,0.002120898496849591,HYG,HAR-RV
2020-02-13,0.0018777013919587132,HYG,HAR-RV
2020-02-14,0.0019748852182753397,HYG,HAR-RV
2020-02-18,0.0017619462575468282,HYG,HAR-RV
2020-02-19,0.0016812605360592174,HYG,HAR-RV
2020-02-20,0.0018591861912556603,HYG,HAR-RV
2020-02-21,0.0017047760106883095,HYG,HAR-RV
2020-02-24,0.0017682379456376868,HYG,HAR-RV
2020-02-25,0.0018692973193604194,HYG,HAR-RV
2020-02-26,0.0036054574353378563,HYG,HAR-RV
2020-02-27,0.003129536481924995,HYG,HAR-RV
2020-02-28,0.002786724469053931,HYG,HAR-RV
2020-03-02,0.004384534258789385,HYG,HAR-RV
2020-03-03,0.00423056826095808,HYG,HAR-RV
2020-03-04,0.0042485015815942745,HYG,HAR-RV
2020-03-05,0.004482205382452996,HYG,HAR-RV
2020-03-06,0.007013038334855287,HYG,HAR-RV
2020-03-09,0.007490624725108428,HYG,HAR-RV
2020-03-10,0.013023679905891785,HYG,HAR-RV
2020-03-11,0.019589101790275322,HYG,HAR-RV
2020-03-12,0.023007246665485672,HYG,HAR-RV
2020-03-13,0.029535375589702238,HYG,HAR-RV
2020-03-16,0.03466249434204893,HYG,HAR-RV
2020-03-17,0.046599651946733156,HYG,HAR-RV
2020-03-18,0.03336878536447361,HYG,HAR-RV
2020-03-19,0.048111921234226314,HYG,HAR-RV
2020-03-20,0.03730342832107174,HYG,HAR-RV
2020-03-23,0.03314598272162794,HYG,HAR-RV
2020-03-24,0.02436826637913858,HYG,HAR-RV
2020-03-25,0.021617347953820136,HYG,HAR-RV
2020-03-26,0.024758299973620244,HYG,HAR-RV
2020-03-27,0.029403202270091244,HYG,HAR-RV
2020-03-30,0.02292480979840543,HYG,HAR-RV
2020-03-31,0.0238419384899807,HYG,HAR-RV
2020-04-01,0.017511268138516802,HYG,HAR-RV
2020-04-02,0.012137827822453737,HYG,HAR-RV
2020-04-03,0.007647863096410086,HYG,HAR-RV
2020-04-06,0.0065858184729651525,HYG,HAR-RV
2020-04-07,0.011954536144465174,HYG,HAR-RV
2020-04-08,0.012677773802344505,HYG,HAR-RV
2020-04-09,0.01653864073880297,HYG,HAR-RV
2020-04-13,0.01829564615640768,HYG,HAR-RV
2020-04-14,0.023048673162894884,HYG,HAR-RV
2020-04-15,0.025458553471559155,HYG,HAR-RV
2020-04-16,0.0211025053560429,HYG,HAR-RV
2020-04-17,0.02089904629255188,HYG,HAR-RV
2020-04-20,0.015838446613659903,HYG,HAR-RV
2020-04-21,0.006934612856699491,HYG,HAR-RV
2020-04-22,0.008256601802487485,HYG,HAR-RV
2020-04-23,0.010383475149771029,HYG,HAR-RV
2020-04-24,0.009455730525541684,HYG,HAR-RV
2020-04-27,0.009049312153056112,HYG,HAR-RV
2020-04-28,0.009844046673925171,HYG,HAR-RV
2020-04-29,0.007749240473145498,HYG,HAR-RV
2020-04-30,0.005551894890124158,HYG,HAR-RV
2020-05-01,0.0072709300974533285,HYG,HAR-RV
2020-05-04,0.007216484065469678,HYG,HAR-RV
2020-05-05,0.008689770442017988,HYG,HAR-RV
2020-05-06,0.007932548104839392,HYG,HAR-RV
2020-05-07,0.008908662374716766,HYG,HAR-RV
2020-05-08,0.00690161159058793,HYG,HAR-RV
2020-05-11,0.006950627574132374,HYG,HAR-RV
2020-05-12,0.005764794751132452,HYG,HAR-RV
2020-05-13,0.006122647351318092,HYG,HAR-RV
2020-05-14,0.004836469823474382,HYG,HAR-RV
2020-05-15,0.004816220377355924,HYG,HAR-RV
2020-05-18,0.0048925488760198236,HYG,HAR-RV
2020-05-19,0.0036499737447413076,HYG,HAR-RV
2020-05-20,0.005814555044430769,HYG,HAR-RV
2020-05-21,0.005793399636151352,HYG,HAR-RV
2020-05-22,0.006619473880685542,HYG,HAR-RV
2020-05-26,0.006076788915698507,HYG,HAR-RV
2020-05-27,0.006263993556565614,HYG,HAR-RV
2020-05-28,0.004609710794587228,HYG,HAR-RV
2020-05-29,0.004738779623371535,HYG,HAR-RV
2020-06-01,0.003182960710720807,HYG,HAR-RV
2020-06-02,0.0038197334953836235,HYG,HAR-RV
2020-06-03,0.004655861579325146,HYG,HAR-RV
2020-06-04,0.005044426337800699,HYG,HAR-RV
2020-06-05,0.00544022099769184,HYG,HAR-RV
2020-06-08,0.005815395263945002,HYG,HAR-RV
2020-06-09,0.006663696970591366,HYG,HAR-RV
2020-06-10,0.00565977197402745,HYG,HAR-RV
2020-06-11,0.005295700741056977,HYG,HAR-RV
2020-06-12,0.0049185937772618805,HYG,HAR-RV
2020-06-15,0.008455120101719506,HYG,HAR-RV
2020-06-16,0.008726303368155157,HYG,HAR-RV
2020-06-17,0.010081529161156424,HYG,HAR-RV
2020-06-18,0.009459058120615873,HYG,HAR-RV
2020-06-19,0.009850969095985249,HYG,HAR-RV
2020-06-22,0.005732317281670599,HYG,HAR-RV
2020-06-23,0.004708634927040896,HYG,HAR-RV
2020-06-24,0.0032589687413099844,HYG,HAR-RV
2020-06-25,0.002903585986760031,HYG,HAR-RV
2020-06-26,0.003803869423008615,HYG,HAR-RV
2020-06-29,0.003823558016173739,HYG,HAR-RV
2020-06-30,0.004817722449022641,HYG,HAR-RV
2020-07-01,0.005630481928746045,HYG,HAR-RV
2020-07-02,0.006832218663757235,HYG,HAR-RV
2020-07-06,0.005666275446692419,HYG,HAR-RV
2020-07-07,0.006745544641613641,HYG,HAR-RV
2020-07-08,0.006392470363224233,HYG,HAR-RV
2020-07-09,0.006543294116934783,HYG,HAR-RV
2020-07-10,0.0055174899001282345,HYG,HAR-RV
2020-07-13,0.005368826462817003,HYG,HAR-RV
2020-07-14,0.004732419420612138,HYG,HAR-RV
2020-07-15,0.004462195884032215,HYG,HAR-RV
2020-07-16,0.004727385496761377,HYG,HAR-RV
2020-07-17,0.0051833944379564185,HYG,HAR-RV
2020-07-20,0.0049772191250209985,HYG,HAR-RV
2020-07-21,0.004896107777847621,HYG,HAR-RV
2020-07-22,0.0049679568916328925,HYG,HAR-RV
2020-07-23,0.00435925476006332,HYG,HAR-RV
2020-07-24,0.0037581213210429554,HYG,HAR-RV
2020-07-27,0.0036974590464673974,HYG,HAR-RV
2020-07-28,0.003415474738995373,HYG,HAR-RV
2020-07-29,0.002831263554086755,HYG,HAR-RV
2020-07-30,0.0025415092441803218,HYG,HAR-RV
2020-07-31,0.003098328952391342,HYG,HAR-RV
2020-08-03,0.0033125822163954824,HYG,HAR-RV
2020-08-04,0.0034342590416816467,HYG,HAR-RV
2020-08-05,0.0030709407605652326,HYG,HAR-RV
2020-08-06,0.0027057864564922623,HYG,HAR-RV
2020-08-07,0.0021058808803234366,HYG,HAR-RV
2020-08-10,0.002131440902516688,HYG,HAR-RV
2020-08-11,0.002227047069397394,HYG,HAR-RV
2020-08-12,0.002311772469020154,HYG,HAR-RV
2020-08-13,0.0036604191215708756,HYG,HAR-RV
2020-08-14,0.0034324251733705334,HYG,HAR-RV
2020-08-17,0.0034917243801649888,HYG,HAR-RV
2020-08-18,0.0034044403057583873,HYG,HAR-RV
2020-08-19,0.004255501509152939,HYG,HAR-RV
2020-08-20,0.003076042602895783,HYG,HAR-RV
2020-08-21,0.003488859360480632,HYG,HAR-RV
2020-08-24,0.0035600124538603447,HYG,HAR-RV
2020-08-25,0.003321034464664015,HYG,HAR-RV
2020-08-26,0.0030843421584350163,HYG,HAR-RV
2020-08-27,0.003016534459344094,HYG,HAR-RV
2020-08-28,0.0025815354251188267,HYG,HAR-RV
2020-08-31,0.0022768280994221813,HYG,HAR-RV
2020-09-01,0.0023555366155900525,HYG,HAR-RV
2020-09-02,0.001879136203282128,HYG,HAR-RV
2020-09-03,0.0025523632795792545,HYG,HAR-RV
2020-09-04,0.002778051294044736,HYG,HAR-RV
2020-09-08,0.0035035168018102665,HYG,HAR-RV
2020-09-09,0.003838812575265667,HYG,HAR-RV
2020-09-10,0.004522409619719567,HYG,HAR-RV
2020-09-11,0.0048942359606351715,HYG,HAR-RV
2020-09-14,0.0054774333522575845,HYG,HAR-RV
2020-09-15,0.004786546859630898,HYG,HAR-RV
2020-09-16,0.00452790342575461,HYG,HAR-RV
2020-09-17,0.004055331238584457,HYG,HAR-RV
2020-09-18,0.0028214762984892392,HYG,HAR-RV
2020-09-21,0.0022418493548199614,HYG,HAR-RV
2020-09-22,0.0023612061523665853,HYG,HAR-RV
2020-09-23,0.003475402824202647,HYG,HAR-RV
2020-09-24,0.0036378104803065584,HYG,HAR-RV
2020-09-25,0.005215665794128186,HYG,HAR-RV
2020-09-28,0.00515391061774501,HYG,HAR-RV
2020-09-29,0.005054880285414,HYG,HAR-RV
2020-09-30,0.004781831428771302,HYG,HAR-RV
2020-10-01,0.004376301828775073,HYG,HAR-RV
2020-10-02,0.003396680633453641,HYG,HAR-RV
2020-10-05,0.0038329773740269865,HYG,HAR-RV
2020-10-06,0.003587762578009997,HYG,HAR-RV
2020-10-07,0.003715797137372552,HYG,HAR-RV
2020-10-08,0.0039788809978018235,HYG,HAR-RV
2020-10-09,0.0038921436594796265,HYG,HAR-RV
2020-10-12,0.0037095411451889093,HYG,HAR-RV
2020-10-13,0.004071031381674028,HYG,HAR-RV
2020-10-14,0.0036733026325196016,HYG,HAR-RV
2020-10-15,0.004029320616639048,HYG,HAR-RV
2020-10-16,0.0038504920853341274,HYG,HAR-RV
2020-10-19,0.0036055799064127914,HYG,HAR-RV
2020-10-20,0.003429125570026912,HYG,HAR-RV
2020-10-21,0.0031872601480623227,HYG,HAR-RV
2020-10-22,0.0030426316253830184,HYG,HAR-RV
2020-10-23,0.0026670292854090566,HYG,HAR-RV
2020-10-26,0.0028151074859359276,HYG,HAR-RV
2020-10-27,0.002853206246030597,HYG,HAR-RV
2020-10-28,0.00363707837674189,HYG,HAR-RV
2020-10-29,0.0032552439891855613,HYG,HAR-RV
2020-10-30,0.004489166304470617,HYG,HAR-RV
2020-11-02,0.004719550106697566,HYG,HAR-RV
2020-11-03,0.004858210944494928,HYG,HAR-RV
2020-11-04,0.0038550977694634236,HYG,HAR-RV
2020-11-05,0.005123559774919218,HYG,HAR-RV
2020-11-06,0.005272521712229044,HYG,HAR-RV
2020-11-09,0.0054212994544735335,HYG,HAR-RV
2020-11-10,0.005653215152295615,HYG,HAR-RV
2020-11-11,0.00641742604642413,HYG,HAR-RV
2020-11-12,0.005316387811731602,HYG,HAR-RV
2020-11-13,0.003926676343086392,HYG,HAR-RV
2020-11-16,0.004382401879457071,HYG,HAR-RV
2020-11-17,0.004408870748019265,HYG,HAR-RV
2020-11-18,0.004072623907646305,HYG,HAR-RV
2020-11-19,0.003953002558201015,HYG,HAR-RV
2020-11-20,0.00418403314761127,HYG,HAR-RV
2020-11-23,0.0036297676298768723,HYG,HAR-RV
2020-11-24,0.0033965308644974073,HYG,HAR-RV
2020-11-25,0.0027638470958482784,HYG,HAR-RV
2020-11-27,0.0031654091926683605,HYG,HAR-RV
2020-11-30,0.002957274118699303,HYG,HAR-RV
2020-12-01,0.0026450478282267495,HYG,HAR-RV
2020-12-02,0.0025212395843163147,HYG,HAR-RV
2020-12-03,0.002683040509366628,HYG,HAR-RV
2020-12-04,0.002641048383043944,HYG,HAR-RV
2020-12-07,0.0026991866982381697,HYG,HAR-RV
2020-12-08,0.0030426630668475728,HYG,HAR-RV
2020-12-09,0.002979185587825938,HYG,HAR-RV
2020-12-10,0.0027006781787314096,HYG,HAR-RV
2020-12-11,0.002497278221601595,HYG,HAR-RV
2020-12-14,0.0026902436310011265,HYG,HAR-RV
2020-12-15,0.0022005773027883877,HYG,HAR-RV
2020-12-16,0.0021841436525882694,HYG,HAR-RV
2020-12-17,0.0025031109723028006,HYG,HAR-RV
2020-12-18,0.0025116106647112783,HYG,HAR-RV
2020-12-21,0.0024323018641930027,HYG,HAR-RV
2020-12-22,0.0024001610140596892,HYG,HAR-RV
2020-12-23,0.002865535612488483,HYG,HAR-RV
2020-12-24,0.0025815868061873962,HYG,HAR-RV
2020-12-28,0.003045601547389486,HYG,HAR-RV
2020-12-29,0.0031842860396506098,HYG,HAR-RV
2020-12-30,0.003256420407175511,HYG,HAR-RV
2020-12-31,0.0029100195300541323,HYG,HAR-RV
2021-01-04,0.0029943257116908017,HYG,HAR-RV
2021-01-05,0.0024093224951083083,HYG,HAR-RV
2021-01-06,0.0023948801206907662,HYG,HAR-RV
2021-01-07,0.0022803464032919688,HYG,HAR-RV
2021-01-08,0.00236869505360453,HYG,HAR-RV
2021-01-11,0.002492433662470152,HYG,HAR-RV
2021-01-12,0.0026443440309383715,HYG,HAR-RV
2021-01-13,0.003123609969700003,HYG,HAR-RV
2021-01-14,0.0033485628643535065,HYG,HAR-RV
2021-01-15,0.003484852587509919,HYG,HAR-RV
2021-01-19,0.003103250205583524,HYG,HAR-RV
2021-01-20,0.0031038513133614678,HYG,HAR-RV
2021-01-21,0.002680586069643534,HYG,HAR-RV
2021-01-22,0.0027151028930781826,HYG,HAR-RV
2021-01-25,0.002323912502407998,HYG,HAR-RV
2021-01-26,0.0025827009938281897,HYG,HAR-RV
2021-01-27,0.002319507233527814,HYG,HAR-RV
2021-01-28,0.002101095658424577,HYG,HAR-RV
2021-01-29,0.0022527513120048914,HYG,HAR-RV
2021-02-01,0.002651445734599578,HYG,HAR-RV
2021-02-02,0.0027274295033540377,HYG,HAR-RV
2021-02-03,0.0031629274360893004,HYG,HAR-RV
2021-02-04,0.0032815120421024455,HYG,HAR-RV
2021-02-05,0.0027814016405903847,HYG,HAR-RV
2021-02-08,0.0026092010080509334,HYG,HAR-RV
2021-02-09,0.0024303829281951813,HYG,HAR-RV
2021-02-10,0.0022988010556534003,HYG,HAR-RV
2021-02-11,0.002202765654734453,HYG,HAR-RV
2021-02-12,0.0021592844945930592,HYG,HAR-RV
2021-02-16,0.0018769071821117516,HYG,HAR-RV
2021-02-17,0.0019311258648672621,HYG,HAR-RV
2021-02-18,0.0018726895129234124,HYG,HAR-RV
2021-02-19,0.0018342175008414343,HYG,HAR-RV
2021-02-22,0.0019111983292283206,HYG,HAR-RV
2021-02-23,0.0018857922516110764,HYG,HAR-RV
2021-02-24,0.0022166093029782298,HYG,HAR-RV
2021-02-25,0.0023681494328088378,HYG,HAR-RV
2021-02-26,0.0021865738711693452,HYG,HAR-RV
2021-03-01,0.0022694437821343116,HYG,HAR-RV
2021-03-02,0.0017899756156691054,HYG,HAR-RV
2021-03-03,0.0019299712724837382,HYG,HAR-RV
2021-03-04,0.0011858001255139678,HYG,HAR-RV
2021-03-05,0.0013250530751884315,HYG,HAR-RV
2021-03-08,0.002022132511364334,HYG,HAR-RV
2021-03-09,0.0019087302471774083,HYG,HAR-RV
2021-03-10,0.0031333992200896312,HYG,HAR-RV
2021-03-11,0.002820779161618362,HYG,HAR-RV
2021-03-12,0.0029065205340986773,HYG,HAR-RV
2021-03-15,0.0029192530674532194,HYG,HAR-RV
2021-03-16,0.0029863539282966546,HYG,HAR-RV
2021-03-17,0.003300174551922477,HYG,HAR-RV
2021-03-18,0.0030552916016604514,HYG,HAR-RV
2021-03-19,0.0031315779374508513,HYG,HAR-RV
2021-03-22,0.0023338505194793508,HYG,HAR-RV
2021-03-23,0.003104387842107712,HYG,HAR-RV
2021-03-24,0.003385518771546318,HYG,HAR-RV
2021-03-25,0.003774496637930021,HYG,HAR-RV
2021-03-26,0.0037622903848225113,HYG,HAR-RV
2021-03-29,0.003240855850046874,HYG,HAR-RV
2021-03-30,0.002839002386522989,HYG,HAR-RV
2021-03-31,0.002936812476160181,HYG,HAR-RV
2021-04-01,0.0026892357917795593,HYG,HAR-RV
2021-04-05,0.002624960608251415,HYG,HAR-RV
2021-04-06,0.0029351677750308032,HYG,HAR-RV
2021-04-07,0.002894472715537481,HYG,HAR-RV
2021-04-08,0.0027669288803232103,HYG,HAR-RV
2021-04-09,0.00272396578444211,HYG,HAR-RV
2021-04-12,0.002323932213154014,HYG,HAR-RV
2021-04-13,0.0021814146018691895,HYG,HAR-RV
2021-04-14,0.002105500120543801,HYG,HAR-RV
2021-04-15,0.0019947913730454726,HYG,HAR-RV
2021-04-16,0.001981476855443845,HYG,HAR-RV
2021-04-19,0.0019299100142244601,HYG,HAR-RV
2021-04-20,0.0021557709792316693,HYG,HAR-RV
2021-04-21,0.002242271222763874,HYG,HAR-RV
2021-04-22,0.0021388647582014607,HYG,HAR-RV
2021-04-23,0.0021949462972522906,HYG,HAR-RV
2021-04-26,0.0021186888178013038,HYG,HAR-RV
2021-04-27,0.0021139739796580135,HYG,HAR-RV
2021-04-28,0.002098748368113765,HYG,HAR-RV
2021-04-29,0.00203787196444761,HYG,HAR-RV
2021-04-30,0.0019393359435907202,HYG,HAR-RV
2021-05-03,0.001959300604525097,HYG,HAR-RV
2021-05-04,0.0018191620966435266,HYG,HAR-RV
2021-05-05,0.0017019488000414745,HYG,HAR-RV
2021-05-06,0.0016435339266493937,HYG,HAR-RV
2021-05-07,0.0015825579296797573,HYG,HAR-RV
2021-05-10,0.0015686604543204271,HYG,HAR-RV
2021-05-11,0.0015705345608499335,HYG,HAR-RV
2021-05-12,0.0018023911737374886,HYG,HAR-RV
2021-05-13,0.001885460736559886,HYG,HAR-RV
2021-05-14,0.0019422670198251284,HYG,HAR-RV
2021-05-17,0.002181706050918744,HYG,HAR-RV
2021-05-18,0.002342203369036052,HYG,HAR-RV
2021-05-19,0.0024698075942166716,HYG,HAR-RV
2021-05-20,0.002532864928699324,HYG,HAR-RV
2021-05-21,0.002356790628907451,HYG,HAR-RV
2021-05-24,0.0022505495350918234,HYG,HAR-RV
2021-05-25,0.002436798929686959,HYG,HAR-RV
2021-05-26,0.0023180247134190835,HYG,HAR-RV
2021-05-27,0.00216039848268193,HYG,HAR-RV
2021-05-28,0.001979218367881348,HYG,HAR-RV
2021-06-01,0.001680388281928668,HYG,HAR-RV
2021-06-02,0.0015677365965773536,HYG,HAR-RV
2021-06-03,0.0016363634428431108,HYG,HAR-RV
2021-06-04,0.0018570685468662397,HYG,HAR-RV
2021-06-07,0.001990286824734777,HYG,HAR-RV
2021-06-08,0.002093126369383072,HYG,HAR-RV
2021-06-09,0.002149630949361114,HYG,HAR-RV
2021-06-10,0.001932255621749309,HYG,HAR-RV
2021-06-11,0.0019012849018767524,HYG,HAR-RV
2021-06-14,0.0018387391175732038,HYG,HAR-RV
2021-06-15,0.001788759086687363,HYG,HAR-RV
2021-06-16,0.001736320224534955,HYG,HAR-RV
2021-06-17,0.0017186240593128174,HYG,HAR-RV
2021-06-18,0.0016803074696048646,HYG,HAR-RV
2021-06-21,0.0016210230352126512,HYG,HAR-RV
2021-06-22,0.0016345834459245065,HYG,HAR-RV
2021-06-23,0.0015609414896574953,HYG,HAR-RV
2021-06-24,0.0016490618319852316,HYG,HAR-RV
2021-06-25,0.0015990477388389682,HYG,HAR-RV
2021-06-28,0.0016329479387443143,HYG,HAR-RV
2021-06-29,0.001915985628025937,HYG,HAR-RV
2021-06-30,0.0018049951399471656,HYG,HAR-RV
2021-07-01,0.0017201344990464206,HYG,HAR-RV
2021-07-02,0.0017207840714712388,HYG,HAR-RV
2021-07-06,0.00140098015736194,HYG,HAR-RV
2021-07-07,0.0014762156334627394,HYG,HAR-RV
2021-07-08,0.0015904249201892564,HYG,HAR-RV
2021-07-09,0.0015208344683578442,HYG,HAR-RV
2021-07-12,0.0015397464959633893,HYG,HAR-RV
2021-07-13,0.0015698158441423947,HYG,HAR-RV
2021-07-14,0.0015785400404031724,HYG,HAR-RV
2021-07-15,0.0016084467449732909,HYG,HAR-RV
2021-07-16,0.001838969977699523,HYG,HAR-RV
2021-07-19,0.0017423547284160037,HYG,HAR-RV
2021-07-20,0.0017406895359063934,HYG,HAR-RV
2021-07-21,0.0021346814840542874,HYG,HAR-RV
2021-07-22,0.002450942770608486,HYG,HAR-RV
2021-07-23,0.002667106586748698,HYG,HAR-RV
2021-07-26,0.0026797469330902507,HYG,HAR-RV
2021-07-27,0.0026576852890703175,HYG,HAR-RV
2021-07-28,0.0022241374160980464,HYG,HAR-RV
2021-07-29,0.0018902611972330344,HYG,HAR-RV
2021-07-30,0.001782011196646473,HYG,HAR-RV
2021-08-02,0.0018841952661493428,HYG,HAR-RV
2021-08-03,0.0018462495657261798,HYG,HAR-RV
2021-08-04,0.0019121893641263097,HYG,HAR-RV
2021-08-05,0.0019152142339730685,HYG,HAR-RV
2021-08-06,0.0019875051257489036,HYG,HAR-RV
2021-08-09,0.0019857231401892265,HYG,HAR-RV
2021-08-10,0.002010455653266847,HYG,HAR-RV
2021-08-11,0.001943481123507113,HYG,HAR-RV
2021-08-12,0.0020422901607814684,HYG,HAR-RV
2021-08-13,0.0020781011706592976,HYG,HAR-RV
2021-08-16,0.002010797654315744,HYG,HAR-RV
2021-08-17,0.0020827703177761624,HYG,HAR-RV
2021-08-18,0.002033433254066593,HYG,HAR-RV
2021-08-19,0.0018976808008729128,HYG,HAR-RV
2021-08-20,0.001881393769929328,HYG,HAR-RV
2021-08-23,0.0018789197707303653,HYG,HAR-RV
2021-08-24,0.0016752663182676869,HYG,HAR-RV
2021-08-25,0.0019433497716914853,HYG,HAR-RV
2021-08-26,0.001986043044130892,HYG,HAR-RV
2021-08-27,0.0018520382203436982,HYG,HAR-RV
2021-08-30,0.0019286176618808176,HYG,HAR-RV
2021-08-31,0.0018178612253836558,HYG,HAR-RV
2021-09-01,0.0017063523820200562,HYG,HAR-RV
2021-09-02,0.0016364873875430504,HYG,HAR-RV
2021-09-03,0.0015548673160822083,HYG,HAR-RV
2021-09-07,0.0015982359453694272,HYG,HAR-RV
2021-09-08,0.0013747767760093463,HYG,HAR-RV
2021-09-09,0.001411426633599564,HYG,HAR-RV
2021-09-10,0.0015629291030887303,HYG,HAR-RV
2021-09-13,0.0015721524510494283,HYG,HAR-RV
2021-09-14,0.0015791144770129835,HYG,HAR-RV
2021-09-15,0.0017737816844816128,HYG,HAR-RV
2021-09-16,0.0016322284842722277,HYG,HAR-RV
2021-09-17,0.0015992880480382625,HYG,HAR-RV
2021-09-20,0.0015975458092498112,HYG,HAR-RV
2021-09-21,0.0015412518668377875,HYG,HAR-RV
2021-09-22,0.0015406105000847345,HYG,HAR-RV
2021-09-23,0.0017671314190868608,HYG,HAR-RV
2021-09-24,0.0017795875822628996,HYG,HAR-RV
2021-09-27,0.0018233673605682202,HYG,HAR-RV
2021-09-28,0.001787719241957657,HYG,HAR-RV
2021-09-29,0.0015611399601351856,HYG,HAR-RV
2021-09-30,0.00188891691896606,HYG,HAR-RV
2021-10-01,0.001852632387860666,HYG,HAR-RV
2021-10-04,0.001928346375990214,HYG,HAR-RV
2021-10-05,0.0020356552432977365,HYG,HAR-RV
2021-10-06,0.0021779911470108694,HYG,HAR-RV
2021-10-07,0.0019159960742196776,HYG,HAR-RV
2021-10-08,0.0017815091254186994,HYG,HAR-RV
2021-10-11,0.0017097954686565303,HYG,HAR-RV
2021-10-12,0.001700804075802841,HYG,HAR-RV
2021-10-13,0.0016164727690387507,HYG,HAR-RV
2021-10-14,0.0018013790220309349,HYG,HAR-RV
2021-10-15,0.0019989004493710214,HYG,HAR-RV
2021-10-18,0.0024041017008057403,HYG,HAR-RV
2021-10-19,0.0023040149196284472,HYG,HAR-RV
2021-10-20,0.002069257836358192,HYG,HAR-RV
2021-10-21,0.0019526639393062802,HYG,HAR-RV
2021-10-22,0.001783149269345291,HYG,HAR-RV
2021-10-25,0.0016079092073760521,HYG,HAR-RV
2021-10-26,0.001645585959419078,HYG,HAR-RV
2021-10-27,0.001729848702110195,HYG,HAR-RV
2021-10-28,0.001653203887174302,HYG,HAR-RV
2021-10-29,0.001713696630406106,HYG,HAR-RV
2021-11-01,0.0017551194711418491,HYG,HAR-RV
2021-11-02,0.0017627963649435522,HYG,HAR-RV
2021-11-03,0.0016888003122914705,HYG,HAR-RV
2021-11-04,0.001877201674415549,HYG,HAR-RV
2021-11-05,0.0019522488060042368,HYG,HAR-RV
2021-11-08,0.002002084591600552,HYG,HAR-RV
2021-11-09,0.002123210855918818,HYG,HAR-RV
2021-11-10,0.002034928026219015,HYG,HAR-RV
2021-11-11,0.0019361848587665289,HYG,HAR-RV
2021-11-12,0.002320425603801034,HYG,HAR-RV
2021-11-15,0.002144379066574178,HYG,HAR-RV
2021-11-16,0.0018483945438513226,HYG,HAR-RV
2021-11-17,0.0018535695804947087,HYG,HAR-RV
2021-11-18,0.0017986217928341855,HYG,HAR-RV
2021-11-19,0.0014947006080848696,HYG,HAR-RV
2021-11-22,0.0014154220409706886,HYG,HAR-RV
2021-11-23,0.0014640922742213773,HYG,HAR-RV
2021-11-24,0.0017802078679199445,HYG,HAR-RV
2021-11-26,0.0017215336909268493,HYG,HAR-RV
2021-11-29,0.0016659664092272882,HYG,HAR-RV
2021-11-30,0.0025392650189870773,HYG,HAR-RV
2021-12-01,0.0028898509738635803,HYG,HAR-RV
2021-12-02,0.0026940164108858328,HYG,HAR-RV
2021-12-03,0.0025497756221964747,HYG,HAR-RV
2021-12-06,0.0031532355578009733,HYG,HAR-RV
2021-12-07,0.0025842282181865006,HYG,HAR-RV
2021-12-08,0.002517056241728548,HYG,HAR-RV
2021-12-09,0.0025570936890147683,HYG,HAR-RV
2021-12-10,0.0026000217861036515,HYG,HAR-RV
2021-12-13,0.002351623910904555,HYG,HAR-RV
2021-12-14,0.0025161937054360194,HYG,HAR-RV
2021-12-15,0.002142610318050742,HYG,HAR-RV
2021-12-16,0.0018836640070213021,HYG,HAR-RV
2021-12-17,0.0021593651317412723,HYG,HAR-RV
2021-12-20,0.001843902857541185,HYG,HAR-RV
2021-12-21,0.0017310195057572235,HYG,HAR-RV
2021-12-22,0.0019499143322572745,HYG,HAR-RV
2021-12-23,0.0022660289755446154,HYG,HAR-RV
2021-12-27,0.002176458138957812,HYG,HAR-RV
2021-12-28,0.0023046189788961335,HYG,HAR-RV
2021-12-29,0.0022655059950426907,HYG,HAR-RV
2021-12-30,0.00214845888209761,HYG,HAR-RV
2021-12-31,0.0018408132632549046,HYG,HAR-RV
2022-01-03,0.0016325307115761982,HYG,HAR-RV
2022-01-04,0.0013973307456096402,HYG,HAR-RV
2022-01-05,0.0013786865386498273,HYG,HAR-RV
2022-01-06,0.001658333642071934,HYG,HAR-RV
2022-01-07,0.0021093976455748265,HYG,HAR-RV
2022-01-10,0.0020444925805455038,HYG,HAR-RV
2022-01-11,0.002217803320667849,HYG,HAR-RV
2022-01-12,0.002282478519095982,HYG,HAR-RV
2022-01-13,0.0023969630155200976,HYG,HAR-RV
2022-01-14,0.0019758722780923517,HYG,HAR-RV
2022-01-18,0.0022086948945990313,HYG,HAR-RV
2022-01-19,0.0021508019090144036,HYG,HAR-RV
2022-01-20,0.002357879029135258,HYG,HAR-RV
2022-01-21,0.0021699519353770074,HYG,HAR-RV
2022-01-24,0.0021563095752347417,HYG,HAR-RV
2022-01-25,0.0018790195991993859,HYG,HAR-RV
2022-01-26,0.001879142200442265,HYG,HAR-RV
2022-01-27,0.0017647495220247033,HYG,HAR-RV
2022-01-28,0.0019456139284254742,HYG,HAR-RV
2022-01-31,0.0021273545007052335,HYG,HAR-RV
2022-02-01,0.002165433111136388,HYG,HAR-RV
2022-02-02,0.002055087506249449,HYG,HAR-RV
2022-02-03,0.002132855291734595,HYG,HAR-RV
2022-02-04,0.002085002303660619,HYG,HAR-RV
2022-02-07,0.002699769836001014,HYG,HAR-RV
2022-02-08,0.002345711776093048,HYG,HAR-RV
2022-02-09,0.0020179260123294692,HYG,HAR-RV
2022-02-10,0.002173901441074677,HYG,HAR-RV
2022-02-11,0.002875711691170539,HYG,HAR-RV
2022-02-14,0.0037974934242213402,HYG,HAR-RV
2022-02-15,0.0028856464985208777,HYG,HAR-RV
2022-02-16,0.0026989413953073353,HYG,HAR-RV
2022-02-17,0.0029202021192072216,HYG,HAR-RV
2022-02-18,0.0033222110524772893,HYG,HAR-RV
2022-02-22,0.0027109745910174903,HYG,HAR-RV
2022-02-23,0.0024747257213367864,HYG,HAR-RV
2022-02-24,0.0024929414025745052,HYG,HAR-RV
2022-02-25,0.002785632137799158,HYG,HAR-RV
2022-02-28,0.0033846314081225656,HYG,HAR-RV
2022-03-01,0.0031136207502087797,HYG,HAR-RV
2022-03-02,0.0028073302552848287,HYG,HAR-RV
2022-03-03,0.0029600055990265783,HYG,HAR-RV
2022-03-04,0.0029857381040039317,HYG,HAR-RV
2022-03-07,0.0030681228193782193,HYG,HAR-RV
2022-03-08,0.0037969820774568417,HYG,HAR-RV
2022-03-09,0.004364279606238744,HYG,HAR-RV
2022-03-10,0.004130355682109909,HYG,HAR-RV
2022-03-11,0.005017461169049661,HYG,HAR-RV
2022-03-14,0.005662498180079678,HYG,HAR-RV
2022-03-15,0.006495130106175074,HYG,HAR-RV
2022-03-16,0.007271792552384292,HYG,HAR-RV
2022-03-17,0.007952527932635345,HYG,HAR-RV
2022-03-18,0.008770375109416948,HYG,HAR-RV
2022-03-21,0.007863457312901117,HYG,HAR-RV
2022-03-22,0.008010798226868076,HYG,HAR-RV
2022-03-23,0.008086884819460027,HYG,HAR-RV
2022-03-24,0.00737858573883801,HYG,HAR-RV
2022-03-25,0.005931390043341648,HYG,HAR-RV
2022-03-28,0.005679252322487369,HYG,HAR-RV
2022-03-29,0.0063821223601766295,HYG,HAR-RV
2022-03-30,0.006690571475121014,HYG,HAR-RV
2022-03-31,0.007071876277536403,HYG,HAR-RV
2022-04-01,0.006558655492003481,HYG,HAR-RV
2022-04-04,0.006120372825034424,HYG,HAR-RV
2022-04-05,0.005505343632652973,HYG,HAR-RV
2022-04-06,0.006826009528660887,HYG,HAR-RV
2022-04-07,0.007557356300053826,HYG,HAR-RV
2022-04-08,0.006981936189567228,HYG,HAR-RV
2022-04-11,0.00632051076289105,HYG,HAR-RV
2022-04-12,0.007014159370762589,HYG,HAR-RV
2022-04-13,0.007017090207780891,HYG,HAR-RV
2022-04-14,0.006660921908729196,HYG,HAR-RV
2022-04-18,0.006279908851786982,HYG,HAR-RV
2022-04-19,0.006478976703870334,HYG,HAR-RV
2022-04-20,0.0052892255589893945,HYG,HAR-RV
2022-04-21,0.0045937983083366605,HYG,HAR-RV
2022-04-22,0.004616561610306586,HYG,HAR-RV
2022-04-25,0.004971165918809545,HYG,HAR-RV
2022-04-26,0.005018187869050407,HYG,HAR-RV
2022-04-27,0.0057792866536879785,HYG,HAR-RV
2022-04-28,0.005867429598516136,HYG,HAR-RV
2022-04-29,0.005801723801766155,HYG,HAR-RV
2022-05-02,0.005918225710815456,HYG,HAR-RV
2022-05-03,0.006589447241997504,HYG,HAR-RV
2022-05-04,0.005259385164527784,HYG,HAR-RV
2022-05-05,0.005685845208060478,HYG,HAR-RV
2022-05-06,0.006959638660637706,HYG,HAR-RV
2022-05-09,0.008304104758003167,HYG,HAR-RV
2022-05-10,0.006957593290648954,HYG,HAR-RV
2022-05-11,0.007774615265549429,HYG,HAR-RV
2022-05-12,0.007455494002977542,HYG,HAR-RV
2022-05-13,0.006921663845131086,HYG,HAR-RV
2022-05-16,0.005522997986830434,HYG,HAR-RV
2022-05-17,0.005145007206099807,HYG,HAR-RV
2022-05-18,0.004584688705609587,HYG,HAR-RV
2022-05-19,0.004483023009151377,HYG,HAR-RV
2022-05-20,0.005820280369284164,HYG,HAR-RV
2022-05-23,0.005634162138564174,HYG,HAR-RV
2022-05-24,0.004751525926416979,HYG,HAR-RV
2022-05-25,0.005185117876977976,HYG,HAR-RV
2022-05-26,0.005775781447441692,HYG,HAR-RV
2022-05-27,0.007867178255732235,HYG,HAR-RV
2022-05-31,0.008049525535270337,HYG,HAR-RV
2022-06-01,0.007456617896570006,HYG,HAR-RV
2022-06-02,0.007353600917622811,HYG,HAR-RV
2022-06-03,0.005942082655432843,HYG,HAR-RV
2022-06-06,0.006186673521510937,HYG,HAR-RV
2022-06-07,0.006905118778494228,HYG,HAR-RV
2022-06-08,0.006728853406465805,HYG,HAR-RV
2022-06-09,0.005251004170284084,HYG,HAR-RV
2022-06-10,0.006582023676334073,HYG,HAR-RV
2022-06-13,0.006564591496302191,HYG,HAR-RV
2022-06-14,0.01080609143176289,HYG,HAR-RV
2022-06-15,0.014449100678700807,HYG,HAR-RV
2022-06-16,0.010098757150275707,HYG,HAR-RV
2022-06-17,0.01377931052364175,HYG,HAR-RV
2022-06-21,0.012307530425075732,HYG,HAR-RV
2022-06-22,0.008199729752442235,HYG,HAR-RV
2022-06-23,0.0069561959719053506,HYG,HAR-RV
2022-06-24,0.006701329040638159,HYG,HAR-RV
2022-06-27,0.00875607488019675,HYG,HAR-RV
2022-06-28,0.008530835787820736,HYG,HAR-RV
2022-06-29,0.008556113637112256,HYG,HAR-RV
2022-06-30,0.00924703088921364,HYG,HAR-RV
2022-07-01,0.006158436099722148,HYG,HAR-RV
2022-07-05,0.005799451719671736,HYG,HAR-RV
2022-07-06,0.007906644340652321,HYG,HAR-RV
2022-07-07,0.0054973120695273135,HYG,HAR-RV
2022-07-08,0.006648080825195699,HYG,HAR-RV
2022-07-11,0.009477894076258889,HYG,HAR-RV
2022-07-12,0.00594566004345183,HYG,HAR-RV
2022-07-13,0.006906595098971651,HYG,HAR-RV
2022-07-14,0.00636743193168071,HYG,HAR-RV
2022-07-15,0.005371207041213652,HYG,HAR-RV
2022-07-18,0.005173909945370059,HYG,HAR-RV
2022-07-19,0.007408464466742646,HYG,HAR-RV
2022-07-20,0.006948069304628995,HYG,HAR-RV
2022-07-21,0.007676199070829797,HYG,HAR-RV
2022-07-22,0.005466421021808599,HYG,HAR-RV
2022-07-25,0.007358633944717086,HYG,HAR-RV
2022-07-26,0.004748969878157545,HYG,HAR-RV
2022-07-27,0.004482143287422553,HYG,HAR-RV
2022-07-28,0.006041303563783367,HYG,HAR-RV
2022-07-29,0.007151680705982816,HYG,HAR-RV
2022-08-01,0.007004993945951015,HYG,HAR-RV
2022-08-02,0.005064953799510858,HYG,HAR-RV
2022-08-03,0.0044110695410177,HYG,HAR-RV
2022-08-04,0.005557937346068494,HYG,HAR-RV
2022-08-05,0.00645372718392059,HYG,HAR-RV
2022-08-08,0.005035145250762042,HYG,HAR-RV
2022-08-09,0.005594477243382391,HYG,HAR-RV
2022-08-10,0.004295973356314432,HYG,HAR-RV
2022-08-11,0.006060261641015041,HYG,HAR-RV
2022-08-12,0.007990902707941009,HYG,HAR-RV
2022-08-15,0.005998529164183291,HYG,HAR-RV
2022-08-16,0.006891679797624895,HYG,HAR-RV
2022-08-17,0.005277218453838335,HYG,HAR-RV
2022-08-18,0.005772582626727442,HYG,HAR-RV
2022-08-19,0.006938662710235893,HYG,HAR-RV
2022-08-22,0.00478521032297773,HYG,HAR-RV
2022-08-23,0.006801781362424351,HYG,HAR-RV
2022-08-24,0.007058686354393163,HYG,HAR-RV
2022-08-25,0.005165209870377825,HYG,HAR-RV
2022-08-26,0.0049113698255578726,HYG,HAR-RV
2022-08-29,0.006819415671670938,HYG,HAR-RV
2022-08-30,0.008414244132314286,HYG,HAR-RV
2022-08-31,0.005611503954832927,HYG,HAR-RV
2022-09-01,0.0065468164859110375,HYG,HAR-RV
2022-09-02,0.006208661685493421,HYG,HAR-RV
2022-09-06,0.00546437547086207,HYG,HAR-RV
2022-09-07,0.004757747241334512,HYG,HAR-RV
2022-09-08,0.005319093917509756,HYG,HAR-RV
2022-09-09,0.007875680191170697,HYG,HAR-RV
2022-09-12,0.005945222875673853,HYG,HAR-RV
2022-09-13,0.005749241489220357,HYG,HAR-RV
2022-09-14,0.005425159067579825,HYG,HAR-RV
2022-09-15,0.009130996201568075,HYG,HAR-RV
2022-09-16,0.005555152428171396,HYG,HAR-RV
2022-09-19,0.006409384842528711,HYG,HAR-RV
2022-09-20,0.005893928606480784,HYG,HAR-RV
2022-09-21,0.005846014072723758,HYG,HAR-RV
2022-09-22,0.006849128444705745,HYG,HAR-RV
2022-09-23,0.005654005819201141,HYG,HAR-RV
2022-09-26,0.005995815821898788,HYG,HAR-RV
2022-09-27,0.007400455980886401,HYG,HAR-RV
2022-09-28,0.007503823546289434,HYG,HAR-RV
2022-09-29,0.006022180479897669,HYG,HAR-RV
2022-09-30,0.008248516528590164,HYG,HAR-RV
2022-10-03,0.007277343871264462,HYG,HAR-RV
2022-10-04,0.006608182614094436,HYG,HAR-RV
2022-10-05,0.00809113543455452,HYG,HAR-RV
2022-10-06,0.009676463759303592,HYG,HAR-RV
2022-10-07,0.007303920646194966,HYG,HAR-RV
2022-10-10,0.007244822662517093,HYG,HAR-RV
2022-10-11,0.008492119303729125,HYG,HAR-RV
2022-10-12,0.00860515189091503,HYG,HAR-RV
2022-10-13,0.0071008279046611555,HYG,HAR-RV
2022-10-14,0.00672565279236406,HYG,HAR-RV
2022-10-17,0.0062565036249869165,HYG,HAR-RV
2022-10-18,0.0064275159268164924,HYG,HAR-RV
2022-10-19,0.007749664236965263,HYG,HAR-RV
2022-10-20,0.00722814654585646,HYG,HAR-RV
2022-10-21,0.007742716943470791,HYG,HAR-RV
2022-10-24,0.007156150723798391,HYG,HAR-RV
2022-10-25,0.007788525624114646,HYG,HAR-RV
2022-10-26,0.006467821495758861,HYG,HAR-RV
2022-10-27,0.007498598827260913,HYG,HAR-RV
2022-10-28,0.006397516794937677,HYG,HAR-RV
2022-10-31,0.00710177316100344,HYG,HAR-RV
2022-11-01,0.006982768978034128,HYG,HAR-RV
2022-11-02,0.008146915118571359,HYG,HAR-RV
2022-11-03,0.0070112837370778,HYG,HAR-RV
2022-11-04,0.007368374946733153,HYG,HAR-RV
2022-11-07,0.006776109636878811,HYG,HAR-RV
2022-11-08,0.006736603559976611,HYG,HAR-RV
2022-11-09,0.005632131241431664,HYG,HAR-RV
2022-11-10,0.005547460456512412,HYG,HAR-RV
2022-11-11,0.007451299103381149,HYG,HAR-RV
2022-11-14,0.010281424599767702,HYG,HAR-RV
2022-11-15,0.006628368120745106,HYG,HAR-RV
2022-11-16,0.007261280033983357,HYG,HAR-RV
2022-11-17,0.007351268991230244,HYG,HAR-RV
2022-11-18,0.006221794122450537,HYG,HAR-RV
2022-11-21,0.006741483990751572,HYG,HAR-RV
2022-11-22,0.0061911794146700455,HYG,HAR-RV
2022-11-23,0.0059148787207909705,HYG,HAR-RV
2022-11-25,0.006869703301458216,HYG,HAR-RV
2022-11-28,0.006623893978693117,HYG,HAR-RV
2022-11-29,0.0060580812657079096,HYG,HAR-RV
2022-11-30,0.007302472241589657,HYG,HAR-RV
2022-12-01,0.00642911162328956,HYG,HAR-RV
2022-12-02,0.007804102298164313,HYG,HAR-RV
2022-12-05,0.006173420532651284,HYG,HAR-RV
2022-12-06,0.005769606710656121,HYG,HAR-RV
2022-12-07,0.006863706309548861,HYG,HAR-RV
2022-12-08,0.006060417869577945,HYG,HAR-RV
2022-12-09,0.006330715748493161,HYG,HAR-RV
2022-12-12,0.005711401879700878,HYG,HAR-RV
2022-12-13,0.0055775218204741385,HYG,HAR-RV
2022-12-14,0.006063745699810647,HYG,HAR-RV
2022-12-15,0.006587042773983146,HYG,HAR-RV
2022-12-16,0.0059897978188041875,HYG,HAR-RV
2022-12-19,0.005716720357178043,HYG,HAR-RV
2022-12-20,0.005871448094885478,HYG,HAR-RV
2022-12-21,0.005899467840384442,HYG,HAR-RV
2022-12-22,0.005693150473166039,HYG,HAR-RV
2022-12-23,0.006499177794326544,HYG,HAR-RV
2022-12-27,0.006242337000164733,HYG,HAR-RV
2022-12-28,0.005820845690281356,HYG,HAR-RV
2022-12-29,0.006876747436880053,HYG,HAR-RV
2022-12-30,0.007359590401937425,HYG,HAR-RV
2023-01-03,0.007148028045802341,HYG,HAR-RV
2023-01-04,0.005592080734380429,HYG,HAR-RV
2023-01-05,0.005775176182274671,HYG,HAR-RV
2023-01-06,0.007003149532653463,HYG,HAR-RV
2023-01-09,0.006045531634940229,HYG,HAR-RV
2023-01-10,0.0074509690452451436,HYG,HAR-RV
2023-01-11,0.006223508537590233,HYG,HAR-RV
2023-01-12,0.005906251158754519,HYG,HAR-RV
2023-01-13,0.00659474311122384,HYG,HAR-RV
2023-01-17,0.006440247249592857,HYG,HAR-RV
2023-01-18,0.005901145197419091,HYG,HAR-RV
2023-01-19,0.00627619950165598,HYG,HAR-RV
2023-01-20,0.006062551467910707,HYG,HAR-RV
2023-01-23,0.0066048514377294795,HYG,HAR-RV
2023-01-24,0.006158272432912085,HYG,HAR-RV
2023-01-25,0.005995206157498498,HYG,HAR-RV
2023-01-26,0.005939911406392035,HYG,HAR-RV
2023-01-27,0.005911345684603296,HYG,HAR-RV
2023-01-30,0.0062515843248408046,HYG,HAR-RV
2023-01-31,0.006375503367983524,HYG,HAR-RV
2023-02-01,0.006923084946919622,HYG,HAR-RV
2023-02-02,0.0075304974536854075,HYG,HAR-RV
2023-02-03,0.007943630462267618,HYG,HAR-RV
2023-02-06,0.007393862119631556,HYG,HAR-RV
2023-02-07,0.007912014829242038,HYG,HAR-RV
2023-02-08,0.0074025302657047265,HYG,HAR-RV
2023-02-09,0.006908599806252601,HYG,HAR-RV
2023-02-10,0.0071024417964177305,HYG,HAR-RV
2023-02-13,0.007241223658135242,HYG,HAR-RV
2023-02-14,0.0071924472166150335,HYG,HAR-RV
2023-02-15,0.006340400626926907,HYG,HAR-RV
2023-02-16,0.00598919645150485,HYG,HAR-RV
2023-02-17,0.006240952438934036,HYG,HAR-RV
2023-02-21,0.006919398101888543,HYG,HAR-RV
2023-02-22,0.006554155493978054,HYG,HAR-RV
2023-02-23,0.007918620831316002,HYG,HAR-RV
2023-02-24,0.006783383579721698,HYG,HAR-RV
2023-02-27,0.007070944965050336,HYG,HAR-RV
2023-02-28,0.006550501935257679,HYG,HAR-RV
2023-03-01,0.00650327860542445,HYG,HAR-RV
2023-03-02,0.005897622063352185,HYG,HAR-RV
2023-03-03,0.006024404986282041,HYG,HAR-RV
2023-03-06,0.005956907762059821,HYG,HAR-RV
2023-03-07,0.00698730923381926,HYG,HAR-RV
2023-03-08,0.0058168791094483875,HYG,HAR-RV
2023-03-09,0.006628645714251886,HYG,HAR-RV
2023-03-10,0.006413838501171854,HYG,HAR-RV
2023-03-13,0.006470128811326856,HYG,HAR-RV
2023-03-14,0.005834927668173294,HYG,HAR-RV
2023-03-15,0.006468301388083724,HYG,HAR-RV
2023-03-16,0.006640879373407276,HYG,HAR-RV
2023-03-17,0.00620634934217487,HYG,HAR-RV
2023-03-20,0.006575575963354716,HYG,HAR-RV
2023-03-21,0.006481418001477864,HYG,HAR-RV
2023-03-22,0.006164464568125958,HYG,HAR-RV
2023-03-23,0.00696176906674018,HYG,HAR-RV
2023-03-24,0.005939234213693639,HYG,HAR-RV
2023-03-27,0.0062614208317147415,HYG,HAR-RV
2023-03-28,0.006030666590478987,HYG,HAR-RV
2023-03-29,0.00603081075185131,HYG,HAR-RV
2023-03-30,0.00596915841749452,HYG,HAR-RV
2023-03-31,0.007148033333559359,HYG,HAR-RV
2023-04-03,0.006561193544550634,HYG,HAR-RV
2023-04-04,0.006985469694184992,HYG,HAR-RV
2023-04-05,0.005828304942794744,HYG,HAR-RV
2023-04-06,0.006048627985963001,HYG,HAR-RV
2023-04-10,0.006291405474569861,HYG,HAR-RV
2023-04-11,0.006086042813448237,HYG,HAR-RV
2023-04-12,0.005662202801789577,HYG,HAR-RV
2023-04-13,0.005713390123080753,HYG,HAR-RV
2023-04-14,0.005528663385683712,HYG,HAR-RV
2023-04-17,0.006167978104905768,HYG,HAR-RV
2023-04-18,0.00563865816200723,HYG,HAR-RV
2023-04-19,0.005691469116296705,HYG,HAR-RV
2023-04-20,0.005411179854526638,HYG,HAR-RV
2023-04-21,0.0056648671122668985,HYG,HAR-RV
2023-04-24,0.005302206539639978,HYG,HAR-RV
2023-04-25,0.0054410735315584425,HYG,HAR-RV
2023-04-26,0.0053311069787744915,HYG,HAR-RV
2023-04-27,0.005104017573791684,HYG,HAR-RV
2023-04-28,0.005246334479662432,HYG,HAR-RV
2023-05-01,0.005208250501613256,HYG,HAR-RV
2023-05-02,0.005308900921865499,HYG,HAR-RV
2023-05-03,0.005200660131975543,HYG,HAR-RV
2023-05-04,0.004751802261238582,HYG,HAR-RV
2023-05-05,0.0045166146844037225,HYG,HAR-RV
2023-05-08,0.004753845070984171,HYG,HAR-RV
2023-05-09,0.004940942417628923,HYG,HAR-RV
2023-05-10,0.004598720743634507,HYG,HAR-RV
2023-05-11,0.004605759297683123,HYG,HAR-RV
2023-05-12,0.004852379487349916,HYG,HAR-RV
2023-05-15,0.004456215307658783,HYG,HAR-RV
2023-05-16,0.004454355922885062,HYG,HAR-RV
2023-05-17,0.004299118125536358,HYG,HAR-RV
2023-05-18,0.004665450782394864,HYG,HAR-RV
2023-05-19,0.004444077493394507,HYG,HAR-RV
2023-05-22,0.004235267178147212,HYG,HAR-RV
2023-05-23,0.004139901181220835,HYG,HAR-RV
2023-05-24,0.004268778639460378,HYG,HAR-RV
2023-05-25,0.00439451040686438,HYG,HAR-RV
2023-05-26,0.0043990245303306,HYG,HAR-RV
2023-05-30,0.004377641547153968,HYG,HAR-RV
2023-05-31,0.004392060371895703,HYG,HAR-RV
2023-06-01,0.004289275079591655,HYG,HAR-RV
2023-06-02,0.004318456361903786,HYG,HAR-RV
2023-06-05,0.004370334380303018,HYG,HAR-RV
2023-06-06,0.0043117203800979815,HYG,HAR-RV
2023-06-07,0.004355007586271025,HYG,HAR-RV
2023-06-08,0.004286593568986804,HYG,HAR-RV
2023-06-09,0.00441993617327849,HYG,HAR-RV
2023-06-12,0.004458710253975385,HYG,HAR-RV
2023-06-13,0.004197337014541957,HYG,HAR-RV
2023-06-14,0.004009976493709908,HYG,HAR-RV
2023-06-15,0.003952981913918262,HYG,HAR-RV
2023-06-16,0.0039007253134229784,HYG,HAR-RV
2023-06-20,0.004073351872194424,HYG,HAR-RV
2023-06-21,0.003879493098379135,HYG,HAR-RV
2023-06-22,0.003847659339186622,HYG,HAR-RV
2023-06-23,0.0038762012932044444,HYG,HAR-RV
2023-06-26,0.003914953628450963,HYG,HAR-RV
2023-06-27,0.003764914552082439,HYG,HAR-RV
2023-06-28,0.0035841236369586046,HYG,HAR-RV
2023-06-29,0.0035382124901801562,HYG,HAR-RV
2023-06-30,0.0037113475194825636,HYG,HAR-RV
2023-07-03,0.0036079667393924633,HYG,HAR-RV
2023-07-05,0.003613088562146304,HYG,HAR-RV
2023-07-06,0.003547510691468245,HYG,HAR-RV
2023-07-07,0.0035343799049884377,HYG,HAR-RV
2023-07-10,0.003574711540157576,HYG,HAR-RV
2023-07-11,0.003565378826869185,HYG,HAR-RV
2023-07-12,0.003707864159681484,HYG,HAR-RV
2023-07-13,0.003763588360727787,HYG,HAR-RV
2023-07-14,0.0038845874353105794,HYG,HAR-RV
2023-07-17,0.00407021714094606,HYG,HAR-RV
2023-07-18,0.004269686804143797,HYG,HAR-RV
2023-07-19,0.004223592442699172,HYG,HAR-RV
2023-07-20,0.004200092266784027,HYG,HAR-RV
2023-07-21,0.004035637306941349,HYG,HAR-RV
2023-07-24,0.004119905196389875,HYG,HAR-RV
2023-07-25,0.00402746141670339,HYG,HAR-RV
2023-07-26,0.003953109140459917,HYG,HAR-RV
2023-07-27,0.0038624086320823434,HYG,HAR-RV
2023-07-28,0.004028076833932803,HYG,HAR-RV
2023-07-31,0.004293947121391121,HYG,HAR-RV
2023-08-01,0.004354360154920457,HYG,HAR-RV
2023-08-02,0.0042092044876968025,HYG,HAR-RV
2023-08-03,0.004342943208624203,HYG,HAR-RV
2023-08-04,0.004330924532921913,HYG,HAR-RV
2023-08-07,0.004350676099760245,HYG,HAR-RV
2023-08-08,0.004430276612847546,HYG,HAR-RV
2023-08-09,0.004228243350483813,HYG,HAR-RV
2023-08-10,0.004183115606956583,HYG,HAR-RV
2023-08-11,0.003934123660025421,HYG,HAR-RV
2023-08-14,0.003736923068297644,HYG,HAR-RV
2023-08-15,0.0034269021292458626,HYG,HAR-RV
2023-08-16,0.0031298128690741066,HYG,HAR-RV
2023-08-17,0.0032126250163167576,HYG,HAR-RV
2023-08-18,0.003281096043211239,HYG,HAR-RV
2023-08-21,0.003392139893529895,HYG,HAR-RV
2023-08-22,0.003152758299706163,HYG,HAR-RV
2023-08-23,0.0029668293789972453,HYG,HAR-RV
2023-08-24,0.0029756796870500993,HYG,HAR-RV
2023-08-25,0.003717708517268452,HYG,HAR-RV
2023-08-28,0.003664998224335688,HYG,HAR-RV
2023-08-29,0.003640566088260652,HYG,HAR-RV
2023-08-30,0.003570848818587255,HYG,HAR-RV
2023-08-31,0.003729333669374513,HYG,HAR-RV
2023-09-01,0.0031715580818958552,HYG,HAR-RV
2023-09-05,0.0030160047208579403,HYG,HAR-RV
2023-09-06,0.003192865592069544,HYG,HAR-RV
2023-09-07,0.0035789561983748993,HYG,HAR-RV
2023-09-08,0.003166205845641798,HYG,HAR-RV
2023-09-11,0.0032757282949059194,HYG,HAR-RV
2023-09-12,0.003011756597765633,HYG,HAR-RV
2023-09-13,0.003111239951363212,HYG,HAR-RV
2023-09-14,0.003153941642719031,HYG,HAR-RV
2023-09-15,0.0032132018185873227,HYG,HAR-RV
2023-09-18,0.003166755235199245,HYG,HAR-RV
2023-09-19,0.0032956272614152035,HYG,HAR-RV
2023-09-20,0.0030303290918326075,HYG,HAR-RV
2023-09-21,0.003141615692037319,HYG,HAR-RV
2023-09-22,0.0030443005836778784,HYG,HAR-RV
2023-09-25,0.0036072679774578733,HYG,HAR-RV
2023-09-26,0.0032502145174936508,HYG,HAR-RV
2023-09-27,0.0030659832326282127,HYG,HAR-RV
2023-09-28,0.00320107972634007,HYG,HAR-RV
2023-09-29,0.002927992086638761,HYG,HAR-RV
2023-10-02,0.0032051754829908654,HYG,HAR-RV
2023-10-03,0.0029710488161668446,HYG,HAR-RV
2023-10-04,0.003531816092841404,HYG,HAR-RV
2023-10-05,0.004132284641509594,HYG,HAR-RV
2023-10-06,0.0037794839123404724,HYG,HAR-RV
2023-10-09,0.003272381640851603,HYG,HAR-RV
2023-10-10,0.0034042118794657635,HYG,HAR-RV
2023-10-11,0.0038243873474039227,HYG,HAR-RV
2023-10-12,0.003247585556439264,HYG,HAR-RV
2023-10-13,0.0033288501301771754,HYG,HAR-RV
2023-10-16,0.003515937046485055,HYG,HAR-RV
2023-10-17,0.0033533840506191556,HYG,HAR-RV
2023-10-18,0.0031919841262591517,HYG,HAR-RV
2023-10-19,0.0033702563165349843,HYG,HAR-RV
2023-10-20,0.003563964257762419,HYG,HAR-RV
2023-10-23,0.0034708287458920344,HYG,HAR-RV
2023-10-24,0.003520696512477577,HYG,HAR-RV
2023-10-25,0.0036300646301956094,HYG,HAR-RV
2023-10-26,0.0037281204203240452,HYG,HAR-RV
2023-10-27,0.003809759499062144,HYG,HAR-RV
2023-10-30,0.0037625647647604446,HYG,HAR-RV
2023-10-31,0.003639783331989957,HYG,HAR-RV
2023-11-01,0.003389724863315605,HYG,HAR-RV
2023-11-02,0.003433704239052239,HYG,HAR-RV
2023-11-03,0.004104985536322745,HYG,HAR-RV
2023-11-06,0.004742330187678205,HYG,HAR-RV
2023-11-07,0.004848172290448532,HYG,HAR-RV
2023-11-08,0.004172704453376453,HYG,HAR-RV
2023-11-09,0.003441455829583685,HYG,HAR-RV
2023-11-10,0.003419626289129736,HYG,HAR-RV
2023-11-13,0.004180833520335218,HYG,HAR-RV
2023-11-14,0.003985143162286628,HYG,HAR-RV
2023-11-15,0.00350122485665962,HYG,HAR-RV
2023-11-16,0.0046848399899544636,HYG,HAR-RV
2023-11-17,0.004066808290761037,HYG,HAR-RV
2023-11-20,0.0037461357440213804,HYG,HAR-RV
2023-11-21,0.003764919434492873,HYG,HAR-RV
2023-11-22,0.0035470169611405864,HYG,HAR-RV
2023-11-24,0.003418589658372579,HYG,HAR-RV
2023-11-27,0.0033776126258676163,HYG,HAR-RV
2023-11-28,0.0031879357086088194,HYG,HAR-RV
2023-11-29,0.00320842242484365,HYG,HAR-RV
2023-11-30,0.0035766670113799902,HYG,HAR-RV
2023-12-01,0.0037389793524245656,HYG,HAR-RV
2023-12-04,0.003504229244480927,HYG,HAR-RV
2023-12-05,0.004180557464025564,HYG,HAR-RV
2023-12-06,0.003599054468494854,HYG,HAR-RV
2023-12-07,0.003198663488611993,HYG,HAR-RV
2023-12-08,0.0029771978465816225,HYG,HAR-RV
2023-12-11,0.0031643343912432804,HYG,HAR-RV
2023-12-12,0.003205462412468805,HYG,HAR-RV
2023-12-13,0.0030039582066491042,HYG,HAR-RV
2023-12-14,0.0033497461324453557,HYG,HAR-RV
2023-12-15,0.005239779568134071,HYG,HAR-RV
2023-12-18,0.0036045141756843495,HYG,HAR-RV
2023-12-19,0.0031521248256946776,HYG,HAR-RV
2023-12-20,0.00281992979837075,HYG,HAR-RV
2023-12-21,0.003048284852248789,HYG,HAR-RV
2023-12-22,0.0029909348822165604,HYG,HAR-RV
2023-12-26,0.003719084343482569,HYG,HAR-RV
2023-12-27,0.003247573584154131,HYG,HAR-RV
2023-12-28,0.0033408900156096746,HYG,HAR-RV
2023-12-29,0.0036756329666092465,HYG,HAR-RV
2024-01-02,0.0034636496559273637,HYG,HAR-RV
2024-01-03,0.0035292517737612354,HYG,HAR-RV
2024-01-04,0.003358198518107024,HYG,HAR-RV
2024-01-05,0.0032499252650981824,HYG,HAR-RV
2024-01-08,0.0032749964697177314,HYG,HAR-RV
2024-01-09,0.00300035533773177,HYG,HAR-RV
2024-01-10,0.00355442156457774,HYG,HAR-RV
2024-01-11,0.0031897108102034236,HYG,HAR-RV
2024-01-12,0.0032651349361421684,HYG,HAR-RV
2024-01-16,0.003477567701356033,HYG,HAR-RV
2024-01-17,0.0032554639331303045,HYG,HAR-RV
2024-01-18,0.003883540493643167,HYG,HAR-RV
2024-01-19,0.003270541219023426,HYG,HAR-RV
2024-01-22,0.0029449471536162615,HYG,HAR-RV
2024-01-23,0.002967743316190566,HYG,HAR-RV
2024-01-24,0.002890049475914493,HYG,HAR-RV
2024-01-25,0.003132884442116321,HYG,HAR-RV
2024-01-26,0.003397280020931025,HYG,HAR-RV
2024-01-29,0.00379163132539944,HYG,HAR-RV
2024-01-30,0.003207624272781406,HYG,HAR-RV
2024-01-31,0.0032309039552433534,HYG,HAR-RV
2024-02-01,0.0030650438804175548,HYG,HAR-RV
2024-02-02,0.0031465598856945743,HYG,HAR-RV
2024-02-05,0.0035853658750101118,HYG,HAR-RV
2024-02-06,0.0032980781064442114,HYG,HAR-RV
2024-02-07,0.0032130281594189517,HYG,HAR-RV
2024-02-08,0.0029402518869626236,HYG,HAR-RV
2024-02-09,0.002728959309101371,HYG,HAR-RV
2024-02-12,0.0027893950502568647,HYG,HAR-RV
2024-02-13,0.003169541718041139,HYG,HAR-RV
2024-02-14,0.003376047758224269,HYG,HAR-RV
2024-02-15,0.0040023254101557194,HYG,HAR-RV
2024-02-16,0.0033143503901702388,HYG,HAR-RV
2024-02-20,0.0030669687201286644,HYG,HAR-RV
2024-02-21,0.002964155736380971,HYG,HAR-RV
2024-02-22,0.002783050984712602,HYG,HAR-RV
2024-02-23,0.0031466083526893607,HYG,HAR-RV
2024-02-26,0.0035701058940639514,HYG,HAR-RV
2024-02-27,0.003064387521482763,HYG,HAR-RV
2024-02-28,0.003468119042045653,HYG,HAR-RV
2024-02-29,0.003112407460413891,HYG,HAR-RV
2024-03-01,0.0029993029603381134,HYG,HAR-RV
2024-03-04,0.0034665226709066988,HYG,HAR-RV
2024-03-05,0.003553672116558599,HYG,HAR-RV
2024-03-06,0.003102588519781845,HYG,HAR-RV
2024-03-07,0.0033385892501961853,HYG,HAR-RV
2024-03-08,0.0035663636219187833,HYG,HAR-RV
2024-03-11,0.0033205553524262503,HYG,HAR-RV
2024-03-12,0.003252151921998114,HYG,HAR-RV
2024-03-13,0.0031351397275566446,HYG,HAR-RV
2024-03-14,0.0032419965828840375,HYG,HAR-RV
2024-03-15,0.0032594392901594544,HYG,HAR-RV
2024-03-18,0.0038492154693499482,HYG,HAR-RV
2024-03-19,0.00301286585188566,HYG,HAR-RV
2024-03-20,0.003305983701652643,HYG,HAR-RV
2024-03-21,0.003465524628074798,HYG,HAR-RV
2024-03-22,0.0031063659077404234,HYG,HAR-RV
2024-03-25,0.0026652601437840576,HYG,HAR-RV
2024-03-26,0.0026813330083893627,HYG,HAR-RV
2024-03-27,0.002728826605018768,HYG,HAR-RV
2024-03-28,0.0028914261880841154,HYG,HAR-RV
2024-04-01,0.0035614365158107347,HYG,HAR-RV
2024-04-02,0.002950003910145711,HYG,HAR-RV
2024-04-03,0.0031523050221408484,HYG,HAR-RV
2024-04-04,0.002643980346413168,HYG,HAR-RV
2024-04-05,0.0023989938709126028,HYG,HAR-RV
2024-04-08,0.0025489145841127,HYG,HAR-RV
2024-04-09,0.0026330338813331626,HYG,HAR-RV
2024-04-10,0.002973392524579723,HYG,HAR-RV
2024-04-11,0.0030327915905012126,HYG,HAR-RV
2024-04-12,0.0039372274971661795,HYG,HAR-RV
2024-04-15,0.0024178035602956454,HYG,HAR-RV
2024-04-16,0.002437080237625401,HYG,HAR-RV
2024-04-17,0.0032880041255014094,HYG,HAR-RV
2024-04-18,0.0027093212829654182,HYG,HAR-RV
2024-04-19,0.002712815038090486,HYG,HAR-RV
2024-04-22,0.0025983307486645295,HYG,HAR-RV
2024-04-23,0.0027335578942785685,HYG,HAR-RV
2024-04-24,0.0034882967903548364,HYG,HAR-RV
2024-04-25,0.0031694116279860273,HYG,HAR-RV
2024-04-26,0.002794928873444967,HYG,HAR-RV
2024-04-29,0.002691047955882667,HYG,HAR-RV
2024-04-30,0.0028559429377304412,HYG,HAR-RV
2024-05-01,0.002962949297576927,HYG,HAR-RV
2024-05-02,0.0037535356183853934,HYG,HAR-RV
2024-05-03,0.003177901421894911,HYG,HAR-RV
2024-05-06,0.0032465670792579835,HYG,HAR-RV
2024-05-07,0.002772051056680761,HYG,HAR-RV
2024-05-08,0.002145484627429891,HYG,HAR-RV
2024-05-09,0.0023001191825572647,HYG,HAR-RV
2024-05-10,0.002949709696253462,HYG,HAR-RV
2024-05-13,0.0027818877163068405,HYG,HAR-RV
2024-05-14,0.0031183748759366484,HYG,HAR-RV
2024-05-15,0.0028593712909098456,HYG,HAR-RV
2024-05-16,0.0031041296251348763,HYG,HAR-RV
2024-05-17,0.0038866311328428216,HYG,HAR-RV
2024-05-20,0.002974244246215515,HYG,HAR-RV
2024-05-21,0.0025234188097069394,HYG,HAR-RV
2024-05-22,0.0025799959469857765,HYG,HAR-RV
2024-05-23,0.0026692061673288373,HYG,HAR-RV
2024-05-24,0.0031665599111265303,HYG,HAR-RV
2024-05-28,0.003398226131877448,HYG,HAR-RV
2024-05-29,0.0032276317576093727,HYG,HAR-RV
2024-05-30,0.003196954387689073,HYG,HAR-RV
2024-05-31,0.0028449777791651728,HYG,HAR-RV
2024-06-03,0.003021418410584512,HYG,HAR-RV
2024-06-04,0.0028573871534196497,HYG,HAR-RV
2024-06-05,0.0026900169871621115,HYG,HAR-RV
2024-06-06,0.0022239211967764526,HYG,HAR-RV
2024-06-07,0.002832555566750096,HYG,HAR-RV
2024-06-10,0.002574571638624818,HYG,HAR-RV
2024-06-11,0.002841786132430484,HYG,HAR-RV
2024-06-12,0.0025381098082434645,HYG,HAR-RV
2024-06-13,0.002619710488594735,HYG,HAR-RV
2024-06-14,0.003187928698581894,HYG,HAR-RV
2024-06-17,0.0024288839603780104,HYG,HAR-RV
2024-06-18,0.0031880737746185694,HYG,HAR-RV
2024-06-20,0.0024188589593446106,HYG,HAR-RV
2024-06-21,0.0028392421333455547,HYG,HAR-RV
2024-06-24,0.00250308003604286,HYG,HAR-RV
2024-06-25,0.0025512138103777966,HYG,HAR-RV
2024-06-26,0.0026915422003845457,HYG,HAR-RV
2024-06-27,0.0026775338051087593,HYG,HAR-RV
2024-06-28,0.002883219100269583,HYG,HAR-RV
2024-07-01,0.002587677210155107,HYG,HAR-RV
2024-07-02,0.0027472627195477563,HYG,HAR-RV
2024-07-03,0.002284522293988219,HYG,HAR-RV
2024-07-05,0.0027441416799078924,HYG,HAR-RV
2024-07-08,0.002875357549984304,HYG,HAR-RV
2024-07-09,0.002587710865050635,HYG,HAR-RV
2024-07-10,0.002098538875337369,HYG,HAR-RV
2024-07-11,0.0021740872887854,HYG,HAR-RV
2024-07-12,0.002455962079166203,HYG,HAR-RV
2024-07-15,0.002721103643578344,HYG,HAR-RV
2024-07-16,0.0025210372032426084,HYG,HAR-RV
2024-07-17,0.002035640326602698,HYG,HAR-RV
2024-07-18,0.0025724919842393273,HYG,HAR-RV
2024-07-19,0.0021372590776806066,HYG,HAR-RV
2024-07-22,0.002356215815281405,HYG,HAR-RV
2024-07-23,0.002259236025529752,HYG,HAR-RV
2024-07-24,0.002561493757100312,HYG,HAR-RV
2024-07-25,0.002099336943337476,HYG,HAR-RV
2024-07-26,0.0025656896933602177,HYG,HAR-RV
2024-07-29,0.0021193504647727835,HYG,HAR-RV
2024-07-30,0.0025452916286230233,HYG,HAR-RV
2024-07-31,0.002257531801302358,HYG,HAR-RV
2024-08-01,0.0021575068297582643,HYG,HAR-RV
2024-08-02,0.002707035232317634,HYG,HAR-RV
2024-08-05,0.0023981458672225706,HYG,HAR-RV
2024-08-06,0.002632556158063454,HYG,HAR-RV
2024-08-07,0.002924842052646901,HYG,HAR-RV
2024-08-08,0.002264441515649112,HYG,HAR-RV
2024-08-09,0.0021119807130393214,HYG,HAR-RV
2024-08-12,0.0024420121989346404,HYG,HAR-RV
2024-08-13,0.001834274393766677,HYG,HAR-RV
2024-08-14,0.00223839800341894,HYG,HAR-RV
2024-08-15,0.0029624386516043178,HYG,HAR-RV
2024-08-16,0.0024837888805280405,HYG,HAR-RV
2024-08-19,0.002468714954234843,HYG,HAR-RV
2024-08-20,0.0027365070907603797,HYG,HAR-RV
2024-08-21,0.0023706161397030944,HYG,HAR-RV
2024-08-22,0.002443460461178478,HYG,HAR-RV
2024-08-23,0.0026432366536091666,HYG,HAR-RV
2024-08-26,0.0024709670779200885,HYG,HAR-RV
2024-08-27,0.003173062923895855,HYG,HAR-RV
2024-08-28,0.0025410487583062743,HYG,HAR-RV
2024-08-29,0.0021766332481087,HYG,HAR-RV
2024-08-30,0.0022528052542234167,HYG,HAR-RV
2024-09-03,0.002351647580910462,HYG,HAR-RV
2024-09-04,0.0024695065971003095,HYG,HAR-RV
2024-09-05,0.0030794882881851264,HYG,HAR-RV
2024-09-06,0.00288279727306104,HYG,HAR-RV
2024-09-09,0.0025230428532655516,HYG,HAR-RV
2024-09-10,0.001970982915054274,HYG,HAR-RV
2024-09-11,0.0020477830319706744,HYG,HAR-RV
2024-09-12,0.0020044844508764507,HYG,HAR-RV
2024-09-13,0.002131750738433988,HYG,HAR-RV
2024-09-16,0.002293147473308809,HYG,HAR-RV
2024-09-17,0.002419131459311203,HYG,HAR-RV
2024-09-18,0.002356915933150432,HYG,HAR-RV
2024-09-19,0.0019578268612810822,HYG,HAR-RV
2024-09-20,0.0020834982477539363,HYG,HAR-RV
2024-09-23,0.0024483571015087003,HYG,HAR-RV
2024-09-24,0.002195429823223536,HYG,HAR-RV
2024-09-25,0.00234811244054329,HYG,HAR-RV
2024-09-26,0.0019445763188474015,HYG,HAR-RV
2024-09-27,0.002004294549756,HYG,HAR-RV
2024-09-30,0.0022000070158191285,HYG,HAR-RV
2024-10-01,0.0023091849293356602,HYG,HAR-RV
2024-10-02,0.0020214585920791234,HYG,HAR-RV
2024-10-03,0.0019107147455535809,HYG,HAR-RV
2024-10-04,0.001991875805727482,HYG,HAR-RV
2024-10-07,0.002260224694293173,HYG,HAR-RV
2024-10-08,0.0022024061911339716,HYG,HAR-RV
2024-10-09,0.0022832287372415794,HYG,HAR-RV
2024-10-10,0.00199222336590841,HYG,HAR-RV
2024-10-11,0.001710127523486124,HYG,HAR-RV
2024-10-14,0.0018283306589627095,HYG,HAR-RV
2024-10-15,0.0019268744255361283,HYG,HAR-RV
2024-10-16,0.001963167022519197,HYG,HAR-RV
2024-10-17,0.0019996618670990777,HYG,HAR-RV
2024-10-18,0.002064257083869115,HYG,HAR-RV
2024-10-21,0.0019986590459505024,HYG,HAR-RV
2024-10-22,0.0021645977379422974,HYG,HAR-RV
2024-10-23,0.002126295696951202,HYG,HAR-RV
2024-10-24,0.0017315849117944583,HYG,HAR-RV
2024-10-25,0.0018335459775705712,HYG,HAR-RV
2024-10-28,0.0017478950291231906,HYG,HAR-RV
2024-10-29,0.0016644251216225473,HYG,HAR-RV
2024-10-30,0.0019718649699218306,HYG,HAR-RV
2024-10-31,0.0017091678388192557,HYG,HAR-RV
2024-11-01,0.002068083978148674,HYG,HAR-RV
2024-11-04,0.002230864180111712,HYG,HAR-RV
2024-11-05,0.0019590251353037128,HYG,HAR-RV
2024-11-06,0.002254557512447338,HYG,HAR-RV
2024-11-07,0.0021456780704382987,HYG,HAR-RV
2024-11-08,0.001983029523928864,HYG,HAR-RV
2024-11-11,0.002194416112385431,HYG,HAR-RV
2024-11-12,0.001838717722740598,HYG,HAR-RV
2024-11-13,0.00197434519844962,HYG,HAR-RV
2024-11-14,0.0021503625681959593,HYG,HAR-RV
2024-11-15,0.0019722717906416574,HYG,HAR-RV
2024-11-18,0.002194363406813164,HYG,HAR-RV
2024-11-19,0.002085167634720509,HYG,HAR-RV
2024-11-20,0.0021584645006878247,HYG,HAR-RV
2024-11-21,0.002141966435291156,HYG,HAR-RV
2024-11-22,0.0019555455359432186,HYG,HAR-RV
2024-11-25,0.0019519016348724526,HYG,HAR-RV
2024-11-26,0.0019020386547212243,HYG,HAR-RV
2024-11-27,0.00211935555215278,HYG,HAR-RV
2024-11-29,0.002023251006853313,HYG,HAR-RV
2024-12-02,0.002055978703984593,HYG,HAR-RV
2024-12-03,0.0019811693004417644,HYG,HAR-RV
2024-12-04,0.0018082163971747081,HYG,HAR-RV
2024-12-05,0.0018104899070601694,HYG,HAR-RV
2024-12-06,0.002032833978318163,HYG,HAR-RV
2024-12-09,0.0019038968149667664,HYG,HAR-RV
2024-12-10,0.001941804211117879,HYG,HAR-RV
2024-12-11,0.0018600588129063984,HYG,HAR-RV
2024-12-12,0.00164825215439656,HYG,HAR-RV
2024-12-13,0.0016979590601630564,HYG,HAR-RV
2024-12-16,0.001973938570529367,HYG,HAR-RV
2024-12-17,0.0019343736291160896,HYG,HAR-RV
2024-12-18,0.0018520983670330224,HYG,HAR-RV
2024-12-19,0.001987530071184622,HYG,HAR-RV
2024-12-20,0.0025646006583968585,HYG,HAR-RV
2024-12-23,0.0020885902576900342,HYG,HAR-RV
2024-12-24,0.0025599124426763063,HYG,HAR-RV
2024-12-26,0.002382900075825746,HYG,HAR-RV
2024-12-27,0.002457542001546754,HYG,HAR-RV
2024-12-30,0.0023347557264130794,HYG,HAR-RV
2024-12-31,0.0024118046760527303,HYG,HAR-RV
2025-01-02,0.002154808539840356,HYG,HAR-RV
2025-01-03,0.002033118830525787,HYG,HAR-RV
2025-01-06,0.0021530170383888916,HYG,HAR-RV
2025-01-07,0.002086608435856258,HYG,HAR-RV
2025-01-08,0.0020981220813817664,HYG,HAR-RV
2025-01-10,0.0021899240280268896,HYG,HAR-RV
2025-01-13,0.0021505948109225206,HYG,HAR-RV
2025-01-14,0.00232154881139327,HYG,HAR-RV
2025-01-15,0.0020809257191715786,HYG,HAR-RV
2025-01-16,0.002168215143468972,HYG,HAR-RV
2025-01-17,0.0021913981801001425,HYG,HAR-RV
2025-01-21,0.0022484605766673023,HYG,HAR-RV
2025-01-22,0.00215570234708753,HYG,HAR-RV
2025-01-23,0.0021967243010293743,HYG,HAR-RV
2025-01-24,0.0021486283528763667,HYG,HAR-RV
2025-01-27,0.0019992973675985294,HYG,HAR-RV
2025-01-28,0.001965510410621586,HYG,HAR-RV
2025-01-29,0.0019812398961259457,HYG,HAR-RV
2025-01-30,0.0019218034235653225,HYG,HAR-RV
2025-01-31,0.001911303871984272,HYG,HAR-RV
2025-02-03,0.0019186591464851635,HYG,HAR-RV
2025-02-04,0.001961063430212261,HYG,HAR-RV
2025-02-05,0.001988369941413823,HYG,HAR-RV
2025-02-06,0.0020767514272773393,HYG,HAR-RV
2025-02-07,0.0021283048544566228,HYG,HAR-RV
2025-02-10,0.002119255498687932,HYG,HAR-RV
2025-02-11,0.0021584637072067352,HYG,HAR-RV
2025-02-12,0.0021589782207492515,HYG,HAR-RV
2025-02-13,0.0021066047866509013,HYG,HAR-RV
2025-02-14,0.002101122348834338,HYG,HAR-RV
2025-02-18,0.0021897907194873443,HYG,HAR-RV
2025-02-19,0.002103531075010739,HYG,HAR-RV
2025-02-20,0.0020441828406223563,HYG,HAR-RV
2025-02-21,0.002024309670203405,HYG,HAR-RV
2025-02-24,0.0020049967237597993,HYG,HAR-RV
2025-02-25,0.0019647335948620222,HYG,HAR-RV
2025-02-26,0.0019707663555821233,HYG,HAR-RV
2025-02-27,0.0020207045529990956,HYG,HAR-RV
2025-02-28,0.001993615717201601,HYG,HAR-RV
2025-03-03,0.0020368356397489373,HYG,HAR-RV
2025-03-04,0.0020584056745376663,HYG,HAR-RV
2025-03-05,0.0020673708036331043,HYG,HAR-RV
2025-03-06,0.001978906983529547,HYG,HAR-RV
2025-03-07,0.0019878848071335116,HYG,HAR-RV
2025-03-10,0.002053576799349494,HYG,HAR-RV
2025-03-11,0.002031065527151506,HYG,HAR-RV
2025-03-12,0.0020974831655090074,HYG,HAR-RV
2025-03-13,0.0021591122124814703,HYG,HAR-RV
2025-03-14,0.0022469077169694346,HYG,HAR-RV
2025-03-17,0.002373819010734606,HYG,HAR-RV
2025-03-18,0.0024682151903268213,HYG,HAR-RV
2025-03-19,0.0023477934228648316,HYG,HAR-RV
2025-03-20,0.0023704661282397906,HYG,HAR-RV
2025-03-21,0.0025795818548569566,HYG,HAR-RV
2025-03-24,0.002393488777675017,HYG,HAR-RV
2025-03-25,0.002229247159404423,HYG,HAR-RV
2025-03-26,0.002213345565037431,HYG,HAR-RV
2025-03-27,0.002221891679501024,HYG,HAR-RV
2025-03-28,0.0020148515210787112,HYG,HAR-RV
2025-03-31,0.002078107603084572,HYG,HAR-RV
2025-04-01,0.0020744055395751897,HYG,HAR-RV
2025-04-02,0.0019692375339349427,HYG,HAR-RV
2025-04-03,0.0019866230327756623,HYG,HAR-RV
2025-04-04,0.0020075557650231332,HYG,HAR-RV
2025-04-07,0.0038714131904823415,HYG,HAR-RV
2025-04-08,0.005310468510732514,HYG,HAR-RV
2025-04-09,0.004593647304463572,HYG,HAR-RV
2025-04-10,0.009145901577032201,HYG,HAR-RV
2025-04-11,0.015147665461792678,HYG,HAR-RV
2025-04-14,0.012079857801338318,HYG,HAR-RV
2025-04-15,0.008260364109927093,HYG,HAR-RV
2025-04-16,0.0070826258576619635,HYG,HAR-RV
2025-04-17,0.005271257742408437,HYG,HAR-RV
2025-04-21,0.003547507288689879,HYG,HAR-RV
2025-04-22,0.004892856573726517,HYG,HAR-RV
2025-04-23,0.004861907308797001,HYG,HAR-RV
2025-04-24,0.004549560978332255,HYG,HAR-RV
2025-04-25,0.005581123898589388,HYG,HAR-RV
2025-04-28,0.00610217566170851,HYG,HAR-RV
2025-04-29,0.003680633622925102,HYG,HAR-RV
2025-04-30,0.0031754199328102913,HYG,HAR-RV
2025-05-01,0.003787277832940261,HYG,HAR-RV
2025-05-02,0.0040554304506752285,HYG,HAR-RV
2025-05-05,0.0027924038464347397,HYG,HAR-RV
2025-05-06,0.002979265959156838,HYG,HAR-RV
2025-05-07,0.0022455153176696918,HYG,HAR-RV
2025-05-08,0.0020751407302646296,HYG,HAR-RV
2025-05-09,0.0016788333756013571,HYG,HAR-RV
2025-05-12,0.001427029687656422,HYG,HAR-RV
2025-05-13,0.0017532973207752037,HYG,HAR-RV
2025-05-14,0.004069257846762819,HYG,HAR-RV
2025-05-15,0.002453115545347716,HYG,HAR-RV
2025-05-16,0.003016583335122039,HYG,HAR-RV
2025-05-19,0.00271961346868826,HYG,HAR-RV
2025-05-20,0.0025566182423598484,HYG,HAR-RV
2025-05-21,0.0018486631912443194,HYG,HAR-RV
2025-05-22,0.0017987392630918913,HYG,HAR-RV
2025-05-23,0.003298760557954881,HYG,HAR-RV
2025-05-27,0.002300904057377106,HYG,HAR-RV
2025-05-28,0.001886663880540447,HYG,HAR-RV
2025-05-29,0.003354588459434913,HYG,HAR-RV
2025-05-30,0.002282465771352657,HYG,HAR-RV
2025-06-02,0.0021457670692276954,HYG,HAR-RV
2025-06-03,0.0019404259916291945,HYG,HAR-RV
2025-06-04,0.001760292799600715,HYG,HAR-RV
2025-06-05,0.0018619056622118091,HYG,HAR-RV
2025-06-06,0.0019281374920729398,HYG,HAR-RV
2025-06-09,0.0020238289462271514,HYG,HAR-RV
2025-06-10,0.001562983906397005,HYG,HAR-RV
2025-06-11,0.0016608403008718307,HYG,HAR-RV
2025-06-12,0.002064821417197215,HYG,HAR-RV
2025-06-13,0.0015298790115854657,HYG,HAR-RV
2025-06-16,0.001624882433230083,HYG,HAR-RV
2025-06-17,0.002180616810572622,HYG,HAR-RV
2025-06-18,0.0020591054399944683,HYG,HAR-RV
2025-06-20,0.0017954336685450508,HYG,HAR-RV
2025-06-23,0.0019659820895288962,HYG,HAR-RV
2025-06-24,0.0024229405447798455,HYG,HAR-RV
2025-06-25,0.0021149173432636155,HYG,HAR-RV
2025-06-26,0.0023039725247691245,HYG,HAR-RV
2025-06-27,0.0017311277972681305,HYG,HAR-RV
2025-06-30,0.0023617550552664495,HYG,HAR-RV
2025-07-01,0.0016974858755320582,HYG,HAR-RV
2025-07-02,0.002537579605703168,HYG,HAR-RV
2025-07-03,0.0018903586287860289,HYG,HAR-RV
2025-07-07,0.0021117454055644726,HYG,HAR-RV
2025-07-08,0.0017220296794557316,HYG,HAR-RV
2025-07-09,0.0024473070081505966,HYG,HAR-RV
2025-07-10,0.0018893311042617745,HYG,HAR-RV
2025-07-11,0.0022609503462653665,HYG,HAR-RV
2025-07-14,0.0018428730454263958,HYG,HAR-RV
2025-07-15,0.0019423803284792456,HYG,HAR-RV
2025-07-16,0.0016884393991737315,HYG,HAR-RV
2025-07-17,0.0022535780473247093,HYG,HAR-RV
2025-07-18,0.0021754007780093497,HYG,HAR-RV
2025-07-21,0.0018305630971830445,HYG,HAR-RV
2025-07-22,0.0019025690913443871,HYG,HAR-RV
2025-07-23,0.0019437769404663575,HYG,HAR-RV
2025-07-24,0.001943202596904765,HYG,HAR-RV
2025-07-25,0.0015336846354210066,HYG,HAR-RV
2025-07-28,0.0016994689675196273,HYG,HAR-RV
2025-07-29,0.001486670539280151,HYG,HAR-RV
2025-07-30,0.0014040689128542818,HYG,HAR-RV
2025-07-31,0.001363545667383817,HYG,HAR-RV
2025-08-01,0.0017868780072027386,HYG,HAR-RV
2025-08-04,0.001409858498118422,HYG,HAR-RV
2025-08-05,0.0012759186953632618,HYG,HAR-RV
2025-08-06,0.0021271248026712153,HYG,HAR-RV
2025-08-07,0.001519502692625634,HYG,HAR-RV
2025-08-08,0.0015265714089809158,HYG,HAR-RV
2025-08-11,0.001544265786985381,HYG,HAR-RV
2025-08-12,0.0013435352197408673,HYG,HAR-RV
2025-08-13,0.001104922589318291,HYG,HAR-RV
2025-08-14,0.0016937426810778628,HYG,HAR-RV
