Date,pred,var_pred,asset,model
2007-01-05,0.0,7.138620249762399e-06,IEF,GARCH11-t
2007-01-08,0.0,7.361147768560762e-06,IEF,GARCH11-t
2007-01-09,0.0,7.084240476914216e-06,IEF,GARCH11-t
2007-01-10,0.0,7.02911181012041e-06,IEF,GARCH11-t
2007-01-11,0.0,7.392205949439279e-06,IEF,GARCH11-t
2007-01-12,0.0,7.185854697395967e-06,IEF,GARCH11-t
2007-01-16,0.0,7.170810407086631e-06,IEF,GARCH11-t
2007-01-17,0.0,6.988162303709152e-06,IEF,GARCH11-t
2007-01-18,0.0,6.936672945915221e-06,IEF,GARCH11-t
2007-01-19,0.0,6.902777204794139e-06,IEF,GARCH11-t
2007-01-22,0.0,6.90838355902915e-06,IEF,GARCH11-t
2007-01-23,0.0,6.903557051492405e-06,IEF,GARCH11-t
2007-01-24,0.0,6.980985985172426e-06,IEF,GARCH11-t
2007-01-25,0.0,6.994376743800766e-06,IEF,GARCH11-t
2007-01-26,0.0,7.165520007484435e-06,IEF,GARCH11-t
2007-01-29,0.0,6.722520816716432e-06,IEF,GARCH11-t
2007-01-30,0.0,6.663643932743045e-06,IEF,GARCH11-t
2007-01-31,0.0,6.785746237857076e-06,IEF,GARCH11-t
2007-02-01,0.0,6.9354092873284955e-06,IEF,GARCH11-t
2007-02-02,0.0,6.973327089507783e-06,IEF,GARCH11-t
2007-02-05,0.0,6.8746290353671775e-06,IEF,GARCH11-t
2007-02-06,0.0,6.785068364898878e-06,IEF,GARCH11-t
2007-02-07,0.0,6.9486064303818396e-06,IEF,GARCH11-t
2007-02-08,0.0,6.978852782917664e-06,IEF,GARCH11-t
2007-02-09,0.0,6.803649256938277e-06,IEF,GARCH11-t
2007-02-12,0.0,6.909829947012719e-06,IEF,GARCH11-t
2007-02-13,0.0,6.971698053274067e-06,IEF,GARCH11-t
2007-02-14,0.0,6.800242730726521e-06,IEF,GARCH11-t
2007-02-15,0.0,7.398495117816981e-06,IEF,GARCH11-t
2007-02-16,0.0,7.243235188205333e-06,IEF,GARCH11-t
2007-02-20,0.0,7.138954714875928e-06,IEF,GARCH11-t
2007-02-21,0.0,6.888749717717286e-06,IEF,GARCH11-t
2007-02-22,0.0,6.8733208775104485e-06,IEF,GARCH11-t
2007-02-23,0.0,6.938633421841031e-06,IEF,GARCH11-t
2007-02-26,0.0,7.064186810620689e-06,IEF,GARCH11-t
2007-02-27,0.0,7.226116878911778e-06,IEF,GARCH11-t
2007-02-28,0.0,8.006763047783425e-06,IEF,GARCH11-t
2007-03-01,0.0,7.69336693017118e-06,IEF,GARCH11-t
2007-03-02,0.0,7.3817999185026295e-06,IEF,GARCH11-t
2007-03-05,0.0,7.416524762983161e-06,IEF,GARCH11-t
2007-03-06,0.0,7.204335952654873e-06,IEF,GARCH11-t
2007-03-07,0.0,7.145608141742671e-06,IEF,GARCH11-t
2007-03-08,0.0,7.113064498939402e-06,IEF,GARCH11-t
2007-03-09,0.0,7.077223664352447e-06,IEF,GARCH11-t
2007-03-12,0.0,7.500067834684765e-06,IEF,GARCH11-t
2007-03-13,0.0,7.5999698455220415e-06,IEF,GARCH11-t
2007-03-14,0.0,7.750469966637037e-06,IEF,GARCH11-t
2007-03-15,0.0,7.65863730893864e-06,IEF,GARCH11-t
2007-03-16,0.0,7.012175513910759e-06,IEF,GARCH11-t
2007-03-19,0.0,7.1675515457305105e-06,IEF,GARCH11-t
2007-03-20,0.0,7.0123071125627985e-06,IEF,GARCH11-t
2007-03-21,0.0,7.033254865680971e-06,IEF,GARCH11-t
2007-03-22,0.0,6.997217745467537e-06,IEF,GARCH11-t
2007-03-23,0.0,7.0663302963348755e-06,IEF,GARCH11-t
2007-03-26,0.0,7.040476522994885e-06,IEF,GARCH11-t
2007-03-27,0.0,6.965903757397993e-06,IEF,GARCH11-t
2007-03-28,0.0,6.84780305290851e-06,IEF,GARCH11-t
2007-03-29,0.0,6.834956155707659e-06,IEF,GARCH11-t
2007-03-30,0.0,6.755709216723076e-06,IEF,GARCH11-t
2007-04-02,0.0,6.767538349811757e-06,IEF,GARCH11-t
2007-04-03,0.0,6.599011935924293e-06,IEF,GARCH11-t
2007-04-04,0.0,6.731543423769905e-06,IEF,GARCH11-t
2007-04-05,0.0,6.750869835157842e-06,IEF,GARCH11-t
2007-04-09,0.0,6.822650832689172e-06,IEF,GARCH11-t
2007-04-10,0.0,7.054401340156084e-06,IEF,GARCH11-t
2007-04-11,0.0,6.953946565333552e-06,IEF,GARCH11-t
2007-04-12,0.0,6.808633807895131e-06,IEF,GARCH11-t
2007-04-13,0.0,6.584157569790383e-06,IEF,GARCH11-t
2007-04-16,0.0,6.741889991704961e-06,IEF,GARCH11-t
2007-04-17,0.0,6.529956775259376e-06,IEF,GARCH11-t
2007-04-18,0.0,6.8498460765408355e-06,IEF,GARCH11-t
2007-04-19,0.0,6.76383069493838e-06,IEF,GARCH11-t
2007-04-20,0.0,6.578083742928553e-06,IEF,GARCH11-t
2007-04-23,0.0,6.5947126570760706e-06,IEF,GARCH11-t
2007-04-24,0.0,6.54720837567962e-06,IEF,GARCH11-t
2007-04-25,0.0,6.6265846553515705e-06,IEF,GARCH11-t
2007-04-26,0.0,6.447237605830347e-06,IEF,GARCH11-t
2007-04-27,0.0,6.440357033928661e-06,IEF,GARCH11-t
2007-04-30,0.0,6.1824602194637585e-06,IEF,GARCH11-t
2007-05-01,0.0,7.04010978458305e-06,IEF,GARCH11-t
2007-05-02,0.0,6.458685002866287e-06,IEF,GARCH11-t
2007-05-03,0.0,6.173541599076832e-06,IEF,GARCH11-t
2007-05-04,0.0,6.071607905881283e-06,IEF,GARCH11-t
2007-05-07,0.0,6.292402578312183e-06,IEF,GARCH11-t
2007-05-08,0.0,6.120587619243407e-06,IEF,GARCH11-t
2007-05-09,0.0,5.980536590121198e-06,IEF,GARCH11-t
2007-05-10,0.0,6.4952353615872995e-06,IEF,GARCH11-t
2007-05-11,0.0,6.52204002946123e-06,IEF,GARCH11-t
2007-05-14,0.0,6.409213843267897e-06,IEF,GARCH11-t
2007-05-15,0.0,6.342128170148753e-06,IEF,GARCH11-t
2007-05-16,0.0,6.248813811385155e-06,IEF,GARCH11-t
2007-05-17,0.0,6.333881709668e-06,IEF,GARCH11-t
2007-05-18,0.0,6.357946605555614e-06,IEF,GARCH11-t
2007-05-21,0.0,6.448638943639657e-06,IEF,GARCH11-t
2007-05-22,0.0,6.007757042702357e-06,IEF,GARCH11-t
2007-05-23,0.0,6.238867557341996e-06,IEF,GARCH11-t
2007-05-24,0.0,6.162425498059641e-06,IEF,GARCH11-t
2007-05-25,0.0,6.025992167726072e-06,IEF,GARCH11-t
2007-05-29,0.0,5.914930975408309e-06,IEF,GARCH11-t
2007-05-30,0.0,6.0065680009821425e-06,IEF,GARCH11-t
2007-05-31,0.0,5.933071903813335e-06,IEF,GARCH11-t
2007-06-01,0.0,5.859249027472781e-06,IEF,GARCH11-t
2007-06-04,0.0,6.260719858990897e-06,IEF,GARCH11-t
2007-06-05,0.0,6.327272107919168e-06,IEF,GARCH11-t
2007-06-06,0.0,6.409412500155233e-06,IEF,GARCH11-t
2007-06-07,0.0,6.016590144036301e-06,IEF,GARCH11-t
2007-06-08,0.0,1.111527161122478e-05,IEF,GARCH11-t
2007-06-11,0.0,6.954137681740334e-06,IEF,GARCH11-t
2007-06-12,0.0,6.761934117988481e-06,IEF,GARCH11-t
2007-06-13,0.0,9.328741029531505e-06,IEF,GARCH11-t
2007-06-14,0.0,9.165541456366786e-06,IEF,GARCH11-t
2007-06-15,0.0,7.042275098711202e-06,IEF,GARCH11-t
2007-06-18,0.0,8.089815904210218e-06,IEF,GARCH11-t
2007-06-19,0.0,7.250702195261363e-06,IEF,GARCH11-t
2007-06-20,0.0,7.964076051342856e-06,IEF,GARCH11-t
2007-06-21,0.0,7.75110720537474e-06,IEF,GARCH11-t
2007-06-22,0.0,7.1511290906289485e-06,IEF,GARCH11-t
2007-06-25,0.0,7.157883115020161e-06,IEF,GARCH11-t
2007-06-26,0.0,7.216471886265082e-06,IEF,GARCH11-t
2007-06-27,0.0,6.734892365714053e-06,IEF,GARCH11-t
2007-06-28,0.0,6.419855935814609e-06,IEF,GARCH11-t
2007-06-29,0.0,6.212108056821221e-06,IEF,GARCH11-t
2007-07-02,0.0,7.410155710444173e-06,IEF,GARCH11-t
2007-07-03,0.0,6.979284591779906e-06,IEF,GARCH11-t
2007-07-05,0.0,7.00271508857446e-06,IEF,GARCH11-t
2007-07-06,0.0,8.254737101302835e-06,IEF,GARCH11-t
2007-07-09,0.0,7.690537537331493e-06,IEF,GARCH11-t
2007-07-10,0.0,7.724867034132467e-06,IEF,GARCH11-t
2007-07-11,0.0,9.539404547963069e-06,IEF,GARCH11-t
2007-07-12,0.0,9.62976338972189e-06,IEF,GARCH11-t
2007-07-13,0.0,8.370746381442885e-06,IEF,GARCH11-t
2007-07-16,0.0,7.835773118572612e-06,IEF,GARCH11-t
2007-07-17,0.0,8.051079101002966e-06,IEF,GARCH11-t
2007-07-18,0.0,7.72385836307936e-06,IEF,GARCH11-t
2007-07-19,0.0,8.241058379348276e-06,IEF,GARCH11-t
2007-07-20,0.0,7.144049113478761e-06,IEF,GARCH11-t
2007-07-23,0.0,8.905850769660762e-06,IEF,GARCH11-t
2007-07-24,0.0,8.390919756121448e-06,IEF,GARCH11-t
2007-07-25,0.0,8.320596540361015e-06,IEF,GARCH11-t
2007-07-26,0.0,8.142684625471766e-06,IEF,GARCH11-t
2007-07-27,0.0,1.0238072892158605e-05,IEF,GARCH11-t
2007-07-30,0.0,9.80393087453916e-06,IEF,GARCH11-t
2007-07-31,0.0,9.410757322460712e-06,IEF,GARCH11-t
2007-08-01,0.0,9.599880746858018e-06,IEF,GARCH11-t
2007-08-02,0.0,9.539228851577828e-06,IEF,GARCH11-t
2007-08-03,0.0,9.147205144444286e-06,IEF,GARCH11-t
2007-08-06,0.0,1.0257252466389884e-05,IEF,GARCH11-t
2007-08-07,0.0,1.0317892920233998e-05,IEF,GARCH11-t
2007-08-08,0.0,9.659834998830653e-06,IEF,GARCH11-t
2007-08-09,0.0,1.1158683682406257e-05,IEF,GARCH11-t
2007-08-10,0.0,1.3081146410267142e-05,IEF,GARCH11-t
2007-08-13,0.0,1.181357489767781e-05,IEF,GARCH11-t
2007-08-14,0.0,1.0998015675694597e-05,IEF,GARCH11-t
2007-08-15,0.0,1.0346629793295074e-05,IEF,GARCH11-t
2007-08-16,0.0,9.751353540820414e-06,IEF,GARCH11-t
2007-08-17,0.0,1.028371991361939e-05,IEF,GARCH11-t
2007-08-20,0.0,9.428580849241701e-06,IEF,GARCH11-t
2007-08-21,0.0,8.960055709561886e-06,IEF,GARCH11-t
2007-08-22,0.0,1.0756609475476965e-05,IEF,GARCH11-t
2007-08-23,0.0,9.206726547668063e-06,IEF,GARCH11-t
2007-08-24,0.0,8.779405165997027e-06,IEF,GARCH11-t
2007-08-27,0.0,8.665050901488246e-06,IEF,GARCH11-t
2007-08-28,0.0,8.412289840573653e-06,IEF,GARCH11-t
2007-08-29,0.0,9.249876660686145e-06,IEF,GARCH11-t
2007-08-30,0.0,9.44573148013228e-06,IEF,GARCH11-t
2007-08-31,0.0,1.0105770804982558e-05,IEF,GARCH11-t
2007-09-04,0.0,9.668507186154887e-06,IEF,GARCH11-t
2007-09-05,0.0,9.096082963510386e-06,IEF,GARCH11-t
2007-09-06,0.0,1.056931525256731e-05,IEF,GARCH11-t
2007-09-07,0.0,1.0190282156819257e-05,IEF,GARCH11-t
2007-09-10,0.0,1.663589615977021e-05,IEF,GARCH11-t
2007-09-11,0.0,1.59011269588631e-05,IEF,GARCH11-t
2007-09-12,0.0,1.5191682712878495e-05,IEF,GARCH11-t
2007-09-13,0.0,1.4613657564182884e-05,IEF,GARCH11-t
2007-09-14,0.0,1.5550686131847006e-05,IEF,GARCH11-t
2007-09-17,0.0,1.545468920812031e-05,IEF,GARCH11-t
2007-09-18,0.0,1.388737205989038e-05,IEF,GARCH11-t
2007-09-19,0.0,1.3925037502952217e-05,IEF,GARCH11-t
2007-09-20,0.0,1.3476294761406468e-05,IEF,GARCH11-t
2007-09-21,0.0,1.890199972443643e-05,IEF,GARCH11-t
2007-09-24,0.0,1.906671531301301e-05,IEF,GARCH11-t
2007-09-25,0.0,1.7951522851137824e-05,IEF,GARCH11-t
2007-09-26,0.0,1.686972896063003e-05,IEF,GARCH11-t
2007-09-27,0.0,1.5866264443296057e-05,IEF,GARCH11-t
2007-09-28,0.0,1.546316144921452e-05,IEF,GARCH11-t
2007-10-01,0.0,1.4570315484753616e-05,IEF,GARCH11-t
2007-10-02,0.0,1.380551984908801e-05,IEF,GARCH11-t
2007-10-03,0.0,1.3257006222912314e-05,IEF,GARCH11-t
2007-10-04,0.0,1.2535059556133103e-05,IEF,GARCH11-t
2007-10-05,0.0,1.2004352887801473e-05,IEF,GARCH11-t
2007-10-08,0.0,1.5332789418693095e-05,IEF,GARCH11-t
2007-10-09,0.0,1.5096249861578089e-05,IEF,GARCH11-t
2007-10-10,0.0,1.4691677055329572e-05,IEF,GARCH11-t
2007-10-11,0.0,1.3895256253965032e-05,IEF,GARCH11-t
2007-10-12,0.0,1.3068074583439479e-05,IEF,GARCH11-t
2007-10-15,0.0,1.3629212801699457e-05,IEF,GARCH11-t
2007-10-16,0.0,1.292006003268088e-05,IEF,GARCH11-t
2007-10-17,0.0,1.1955895876581578e-05,IEF,GARCH11-t
2007-10-18,0.0,1.3826640538790524e-05,IEF,GARCH11-t
2007-10-19,0.0,1.4217203945598188e-05,IEF,GARCH11-t
2007-10-22,0.0,1.6503000414978627e-05,IEF,GARCH11-t
2007-10-23,0.0,1.6097701174544132e-05,IEF,GARCH11-t
2007-10-24,0.0,1.453878965078398e-05,IEF,GARCH11-t
2007-10-25,0.0,1.5016930818534223e-05,IEF,GARCH11-t
2007-10-26,0.0,1.4717774039886838e-05,IEF,GARCH11-t
2007-10-29,0.0,1.4193703385761324e-05,IEF,GARCH11-t
2007-10-30,0.0,1.2951972071355483e-05,IEF,GARCH11-t
2007-10-31,0.0,1.2284972410148822e-05,IEF,GARCH11-t
2007-11-01,0.0,1.3931125352093071e-05,IEF,GARCH11-t
2007-11-02,0.0,1.6645930903989067e-05,IEF,GARCH11-t
2007-11-05,0.0,1.6417230137507367e-05,IEF,GARCH11-t
2007-11-06,0.0,1.5063750062154142e-05,IEF,GARCH11-t
2007-11-07,0.0,1.5002584092219515e-05,IEF,GARCH11-t
2007-11-08,0.0,1.4177342229717728e-05,IEF,GARCH11-t
2007-11-09,0.0,1.3622389420085011e-05,IEF,GARCH11-t
2007-11-12,0.0,1.4674986838190627e-05,IEF,GARCH11-t
2007-11-13,0.0,1.4002130557039417e-05,IEF,GARCH11-t
2007-11-14,0.0,1.5202090576207067e-05,IEF,GARCH11-t
2007-11-15,0.0,1.3766642012524466e-05,IEF,GARCH11-t
2007-11-16,0.0,1.4596815578873412e-05,IEF,GARCH11-t
2007-11-19,0.0,1.4795507456041143e-05,IEF,GARCH11-t
2007-11-20,0.0,1.6314726355921814e-05,IEF,GARCH11-t
2007-11-21,0.0,1.5089968404898768e-05,IEF,GARCH11-t
2007-11-23,0.0,1.737472706105493e-05,IEF,GARCH11-t
2007-11-26,0.0,1.682240478821767e-05,IEF,GARCH11-t
2007-11-27,0.0,2.653217099796811e-05,IEF,GARCH11-t
2007-11-28,0.0,2.9040860453858724e-05,IEF,GARCH11-t
2007-11-29,0.0,2.713286646171725e-05,IEF,GARCH11-t
2007-11-30,0.0,2.7076999985751546e-05,IEF,GARCH11-t
2007-12-03,0.0,2.5511188126023823e-05,IEF,GARCH11-t
2007-12-04,0.0,2.4724759872879757e-05,IEF,GARCH11-t
2007-12-05,0.0,2.3264627910870576e-05,IEF,GARCH11-t
2007-12-06,0.0,2.2595992091171113e-05,IEF,GARCH11-t
2007-12-07,0.0,2.2672722431167652e-05,IEF,GARCH11-t
2007-12-10,0.0,2.345540582364677e-05,IEF,GARCH11-t
2007-12-11,0.0,2.2340208747199637e-05,IEF,GARCH11-t
2007-12-12,0.0,3.0443149026462747e-05,IEF,GARCH11-t
2007-12-13,0.0,3.2156412302873844e-05,IEF,GARCH11-t
2007-12-14,0.0,3.363437648564461e-05,IEF,GARCH11-t
2007-12-17,0.0,3.1331122017064396e-05,IEF,GARCH11-t
2007-12-18,0.0,3.057646729579459e-05,IEF,GARCH11-t
2007-12-19,0.0,2.9473663231761937e-05,IEF,GARCH11-t
2007-12-20,0.0,3.17936458250067e-05,IEF,GARCH11-t
2007-12-21,0.0,3.0268432110122178e-05,IEF,GARCH11-t
2007-12-24,0.0,3.109391580804921e-05,IEF,GARCH11-t
2007-12-26,0.0,2.9225575247062975e-05,IEF,GARCH11-t
2007-12-27,0.0,2.815722577110302e-05,IEF,GARCH11-t
2007-12-28,0.0,2.9309040426502894e-05,IEF,GARCH11-t
2007-12-31,0.0,3.0069074149291673e-05,IEF,GARCH11-t
2008-01-02,0.0,3.0046084624304492e-05,IEF,GARCH11-t
2008-01-03,0.0,3.133986878613182e-05,IEF,GARCH11-t
2008-01-04,0.0,2.9689758665428623e-05,IEF,GARCH11-t
2008-01-07,0.0,2.749322762166458e-05,IEF,GARCH11-t
2008-01-08,0.0,2.6103963054113013e-05,IEF,GARCH11-t
2008-01-09,0.0,2.4525523274159168e-05,IEF,GARCH11-t
2008-01-10,0.0,2.4406249029683945e-05,IEF,GARCH11-t
2008-01-11,0.0,2.217295397802932e-05,IEF,GARCH11-t
2008-01-14,0.0,2.320886413333799e-05,IEF,GARCH11-t
2008-01-15,0.0,2.165851177557252e-05,IEF,GARCH11-t
2008-01-16,0.0,2.337087366329455e-05,IEF,GARCH11-t
2008-01-17,0.0,2.1672986450044186e-05,IEF,GARCH11-t
2008-01-18,0.0,2.365480260139703e-05,IEF,GARCH11-t
2008-01-22,0.0,2.329984513926067e-05,IEF,GARCH11-t
2008-01-23,0.0,2.7472389509790796e-05,IEF,GARCH11-t
2008-01-24,0.0,2.6901278467972645e-05,IEF,GARCH11-t
2008-01-25,0.0,3.0181765799968795e-05,IEF,GARCH11-t
2008-01-28,0.0,3.3320260599574526e-05,IEF,GARCH11-t
2008-01-29,0.0,3.150591118380962e-05,IEF,GARCH11-t
2008-01-30,0.0,2.9806348391196635e-05,IEF,GARCH11-t
2008-01-31,0.0,2.932065630694577e-05,IEF,GARCH11-t
2008-02-01,0.0,2.818702978436673e-05,IEF,GARCH11-t
2008-02-04,0.0,2.835891327532575e-05,IEF,GARCH11-t
2008-02-05,0.0,2.676772278706464e-05,IEF,GARCH11-t
2008-02-06,0.0,2.773704964854282e-05,IEF,GARCH11-t
2008-02-07,0.0,2.6277356929505082e-05,IEF,GARCH11-t
2008-02-08,0.0,3.128768728043009e-05,IEF,GARCH11-t
2008-02-11,0.0,3.3044298984294995e-05,IEF,GARCH11-t
2008-02-12,0.0,3.1319013825526494e-05,IEF,GARCH11-t
2008-02-13,0.0,3.175567231583357e-05,IEF,GARCH11-t
2008-02-14,0.0,2.8884735328584318e-05,IEF,GARCH11-t
2008-02-15,0.0,2.871994120131146e-05,IEF,GARCH11-t
2008-02-19,0.0,2.8099394978863516e-05,IEF,GARCH11-t
2008-02-20,0.0,3.363142716618805e-05,IEF,GARCH11-t
2008-02-21,0.0,2.754651221676017e-05,IEF,GARCH11-t
2008-02-22,0.0,3.064229570226461e-05,IEF,GARCH11-t
2008-02-25,0.0,3.108091058805338e-05,IEF,GARCH11-t
2008-02-26,0.0,2.980982332756483e-05,IEF,GARCH11-t
2008-02-27,0.0,2.8388588978299122e-05,IEF,GARCH11-t
2008-02-28,0.0,3.333038656182452e-05,IEF,GARCH11-t
2008-02-29,0.0,3.2359638315088706e-05,IEF,GARCH11-t
2008-03-03,0.0,3.624002296337186e-05,IEF,GARCH11-t
2008-03-04,0.0,3.4396104455201854e-05,IEF,GARCH11-t
2008-03-05,0.0,3.3621523417482556e-05,IEF,GARCH11-t
2008-03-06,0.0,3.211156763716217e-05,IEF,GARCH11-t
2008-03-07,0.0,3.351728408237189e-05,IEF,GARCH11-t
2008-03-10,0.0,3.23980470186722e-05,IEF,GARCH11-t
2008-03-11,0.0,3.286359380910639e-05,IEF,GARCH11-t
2008-03-12,0.0,3.702910189061779e-05,IEF,GARCH11-t
2008-03-13,0.0,4.152567326470223e-05,IEF,GARCH11-t
2008-03-14,0.0,4.043994170500051e-05,IEF,GARCH11-t
2008-03-17,0.0,4.422662320142238e-05,IEF,GARCH11-t
2008-03-18,0.0,4.157208650024925e-05,IEF,GARCH11-t
2008-03-19,0.0,3.709333838651342e-05,IEF,GARCH11-t
2008-03-20,0.0,4.4690691336139256e-05,IEF,GARCH11-t
2008-03-24,0.0,4.084604093505624e-05,IEF,GARCH11-t
2008-03-25,0.0,5.426624143004031e-05,IEF,GARCH11-t
2008-03-26,0.0,5.230914625385717e-05,IEF,GARCH11-t
2008-03-27,0.0,4.3212418200545766e-05,IEF,GARCH11-t
2008-03-28,0.0,4.5786990944147694e-05,IEF,GARCH11-t
2008-03-31,0.0,4.382373725189849e-05,IEF,GARCH11-t
2008-04-01,0.0,4.135852850267148e-05,IEF,GARCH11-t
2008-04-02,0.0,4.240667780465208e-05,IEF,GARCH11-t
2008-04-03,0.0,4.1123968032554546e-05,IEF,GARCH11-t
2008-04-04,0.0,4.4678427917950316e-05,IEF,GARCH11-t
2008-04-07,0.0,3.918845797771569e-05,IEF,GARCH11-t
2008-04-08,0.0,3.913693557934296e-05,IEF,GARCH11-t
2008-04-09,0.0,3.6836958143163156e-05,IEF,GARCH11-t
2008-04-10,0.0,3.652911088898582e-05,IEF,GARCH11-t
2008-04-11,0.0,3.523901959640491e-05,IEF,GARCH11-t
2008-04-14,0.0,3.418025358812541e-05,IEF,GARCH11-t
2008-04-15,0.0,3.7537550179920174e-05,IEF,GARCH11-t
2008-04-16,0.0,3.1812192023801116e-05,IEF,GARCH11-t
2008-04-17,0.0,3.238212558140488e-05,IEF,GARCH11-t
2008-04-18,0.0,3.086059469481481e-05,IEF,GARCH11-t
2008-04-21,0.0,2.9222516218298047e-05,IEF,GARCH11-t
2008-04-22,0.0,2.7646701236433926e-05,IEF,GARCH11-t
2008-04-23,0.0,2.6208363266069688e-05,IEF,GARCH11-t
2008-04-24,0.0,2.489147748115512e-05,IEF,GARCH11-t
2008-04-25,0.0,3.3135726897367175e-05,IEF,GARCH11-t
2008-04-28,0.0,2.5463699539575202e-05,IEF,GARCH11-t
2008-04-29,0.0,2.432204742697919e-05,IEF,GARCH11-t
2008-04-30,0.0,2.531643917728936e-05,IEF,GARCH11-t
2008-05-01,0.0,2.2591161986648458e-05,IEF,GARCH11-t
2008-05-02,0.0,2.538514267970822e-05,IEF,GARCH11-t
2008-05-05,0.0,2.5935302857769755e-05,IEF,GARCH11-t
2008-05-06,0.0,2.2749372844219635e-05,IEF,GARCH11-t
2008-05-07,0.0,2.7620685161410036e-05,IEF,GARCH11-t
2008-05-08,0.0,2.188463900012033e-05,IEF,GARCH11-t
2008-05-09,0.0,2.293615294313234e-05,IEF,GARCH11-t
2008-05-12,0.0,2.384919334228031e-05,IEF,GARCH11-t
2008-05-13,0.0,2.096341308182779e-05,IEF,GARCH11-t
2008-05-14,0.0,2.3551277266054617e-05,IEF,GARCH11-t
2008-05-15,0.0,2.2396627878931594e-05,IEF,GARCH11-t
2008-05-16,0.0,2.2889728896023194e-05,IEF,GARCH11-t
2008-05-19,0.0,3.9250932885026015e-05,IEF,GARCH11-t
2008-05-20,0.0,2.112382881228185e-05,IEF,GARCH11-t
2008-05-21,0.0,2.0605994811902963e-05,IEF,GARCH11-t
2008-05-22,0.0,1.9931128535555825e-05,IEF,GARCH11-t
2008-05-23,0.0,2.1222109277212765e-05,IEF,GARCH11-t
2008-05-27,0.0,2.1225270570784047e-05,IEF,GARCH11-t
2008-05-28,0.0,2.1445836204630447e-05,IEF,GARCH11-t
2008-05-29,0.0,2.332788346081118e-05,IEF,GARCH11-t
2008-05-30,0.0,2.3324425713700412e-05,IEF,GARCH11-t
2008-06-02,0.0,2.2759762813637516e-05,IEF,GARCH11-t
2008-06-03,0.0,2.6026152385691913e-05,IEF,GARCH11-t
2008-06-04,0.0,2.5932932250705308e-05,IEF,GARCH11-t
2008-06-05,0.0,2.3223140252193923e-05,IEF,GARCH11-t
2008-06-06,0.0,2.351965866303964e-05,IEF,GARCH11-t
2008-06-09,0.0,2.6118589695148655e-05,IEF,GARCH11-t
2008-06-10,0.0,2.743560863797245e-05,IEF,GARCH11-t
2008-06-11,0.0,2.784155718608882e-05,IEF,GARCH11-t
2008-06-12,0.0,2.6402764644366402e-05,IEF,GARCH11-t
2008-06-13,0.0,4.0234630946878147e-05,IEF,GARCH11-t
2008-06-16,0.0,2.77578115647561e-05,IEF,GARCH11-t
2008-06-17,0.0,2.6308571252029085e-05,IEF,GARCH11-t
2008-06-18,0.0,2.5560165177561163e-05,IEF,GARCH11-t
2008-06-19,0.0,2.5768928874208546e-05,IEF,GARCH11-t
2008-06-20,0.0,3.427563131068295e-05,IEF,GARCH11-t
2008-06-23,0.0,2.5956256098277754e-05,IEF,GARCH11-t
2008-06-24,0.0,2.465817342270998e-05,IEF,GARCH11-t
2008-06-25,0.0,2.4873535269167474e-05,IEF,GARCH11-t
2008-06-26,0.0,2.3651731558563545e-05,IEF,GARCH11-t
2008-06-27,0.0,2.4126615319936922e-05,IEF,GARCH11-t
2008-06-30,0.0,2.4187642075041814e-05,IEF,GARCH11-t
2008-07-01,0.0,2.301079445853179e-05,IEF,GARCH11-t
2008-07-02,0.0,2.229596908024787e-05,IEF,GARCH11-t
2008-07-03,0.0,2.406552635200424e-05,IEF,GARCH11-t
2008-07-07,0.0,2.0524508284529773e-05,IEF,GARCH11-t
2008-07-08,0.0,2.0712675759006513e-05,IEF,GARCH11-t
2008-07-09,0.0,2.008554717448746e-05,IEF,GARCH11-t
2008-07-10,0.0,2.0296521408631237e-05,IEF,GARCH11-t
2008-07-11,0.0,2.159953487231633e-05,IEF,GARCH11-t
2008-07-14,0.0,2.3046067614153045e-05,IEF,GARCH11-t
2008-07-15,0.0,2.340212822432052e-05,IEF,GARCH11-t
2008-07-16,0.0,2.293806161994481e-05,IEF,GARCH11-t
2008-07-17,0.0,2.622861772093795e-05,IEF,GARCH11-t
2008-07-18,0.0,2.6228364413562162e-05,IEF,GARCH11-t
2008-07-21,0.0,2.5322011955595133e-05,IEF,GARCH11-t
2008-07-22,0.0,2.5873258151964938e-05,IEF,GARCH11-t
2008-07-23,0.0,2.3755638470214593e-05,IEF,GARCH11-t
2008-07-24,0.0,2.2748805102089458e-05,IEF,GARCH11-t
2008-07-25,0.0,2.5455485786003105e-05,IEF,GARCH11-t
2008-07-28,0.0,3.0600736409881044e-05,IEF,GARCH11-t
2008-07-29,0.0,2.640570902168141e-05,IEF,GARCH11-t
2008-07-30,0.0,2.623692526795756e-05,IEF,GARCH11-t
2008-07-31,0.0,2.5989847077184463e-05,IEF,GARCH11-t
2008-08-01,0.0,2.6526570866949066e-05,IEF,GARCH11-t
2008-08-04,0.0,2.6273794285909574e-05,IEF,GARCH11-t
2008-08-05,0.0,2.5921908648948423e-05,IEF,GARCH11-t
2008-08-06,0.0,2.597151246803254e-05,IEF,GARCH11-t
2008-08-07,0.0,2.573263538578697e-05,IEF,GARCH11-t
2008-08-08,0.0,2.6467724779860852e-05,IEF,GARCH11-t
2008-08-11,0.0,2.613381301765954e-05,IEF,GARCH11-t
2008-08-12,0.0,2.8531023545149698e-05,IEF,GARCH11-t
2008-08-13,0.0,2.6537054803653833e-05,IEF,GARCH11-t
2008-08-14,0.0,2.6244270394036813e-05,IEF,GARCH11-t
2008-08-15,0.0,2.6114658481734475e-05,IEF,GARCH11-t
2008-08-18,0.0,2.564197182604568e-05,IEF,GARCH11-t
2008-08-19,0.0,2.572281756390454e-05,IEF,GARCH11-t
2008-08-20,0.0,2.456005926269589e-05,IEF,GARCH11-t
2008-08-21,0.0,2.429857699624387e-05,IEF,GARCH11-t
2008-08-22,0.0,2.2581403752160976e-05,IEF,GARCH11-t
2008-08-25,0.0,2.313854616706367e-05,IEF,GARCH11-t
2008-08-26,0.0,2.574568277943444e-05,IEF,GARCH11-t
2008-08-27,0.0,2.3458454698541377e-05,IEF,GARCH11-t
2008-08-28,0.0,2.2186507672589755e-05,IEF,GARCH11-t
2008-08-29,0.0,2.354645130607662e-05,IEF,GARCH11-t
2008-09-02,0.0,2.1325010459088212e-05,IEF,GARCH11-t
2008-09-03,0.0,2.2127391272454954e-05,IEF,GARCH11-t
2008-09-04,0.0,2.321710669473665e-05,IEF,GARCH11-t
2008-09-05,0.0,2.4790940818427435e-05,IEF,GARCH11-t
2008-09-08,0.0,2.035204258026493e-05,IEF,GARCH11-t
2008-09-09,0.0,1.9789627411149835e-05,IEF,GARCH11-t
2008-09-10,0.0,1.9962882906836322e-05,IEF,GARCH11-t
2008-09-11,0.0,1.7618311463728682e-05,IEF,GARCH11-t
2008-09-12,0.0,1.707488242212876e-05,IEF,GARCH11-t
2008-09-15,0.0,1.995853489587458e-05,IEF,GARCH11-t
2008-09-16,0.0,3.289428340899842e-05,IEF,GARCH11-t
2008-09-17,0.0,3.6550234079269674e-05,IEF,GARCH11-t
2008-09-18,0.0,3.7090750608263295e-05,IEF,GARCH11-t
2008-09-19,0.0,4.918109505855122e-05,IEF,GARCH11-t
2008-09-22,0.0,7.075405434403385e-05,IEF,GARCH11-t
2008-09-23,0.0,6.374875591641055e-05,IEF,GARCH11-t
2008-09-24,0.0,5.335819738500536e-05,IEF,GARCH11-t
2008-09-25,0.0,4.9122746105063645e-05,IEF,GARCH11-t
2008-09-26,0.0,4.2788080613944574e-05,IEF,GARCH11-t
2008-09-29,0.0,3.965722201208432e-05,IEF,GARCH11-t
2008-09-30,0.0,5.030095027782158e-05,IEF,GARCH11-t
2008-10-01,0.0,6.0732919872961765e-05,IEF,GARCH11-t
2008-10-02,0.0,5.7233657277160595e-05,IEF,GARCH11-t
2008-10-03,0.0,5.1485952925700444e-05,IEF,GARCH11-t
2008-10-06,0.0,4.766702644349831e-05,IEF,GARCH11-t
2008-10-07,0.0,4.96241905459316e-05,IEF,GARCH11-t
2008-10-08,0.0,4.497233453351358e-05,IEF,GARCH11-t
2008-10-09,0.0,5.327658970242226e-05,IEF,GARCH11-t
2008-10-10,0.0,5.634378445557455e-05,IEF,GARCH11-t
2008-10-13,0.0,6.274851921492876e-05,IEF,GARCH11-t
2008-10-14,0.0,5.9191848708347005e-05,IEF,GARCH11-t
2008-10-15,0.0,5.3946691269784634e-05,IEF,GARCH11-t
2008-10-16,0.0,5.380607640271357e-05,IEF,GARCH11-t
2008-10-17,0.0,4.716708752863006e-05,IEF,GARCH11-t
2008-10-20,0.0,4.554102865266872e-05,IEF,GARCH11-t
2008-10-21,0.0,4.1713690411146295e-05,IEF,GARCH11-t
2008-10-22,0.0,4.5607978916748246e-05,IEF,GARCH11-t
2008-10-23,0.0,4.713279023860419e-05,IEF,GARCH11-t
2008-10-24,0.0,4.250393725482015e-05,IEF,GARCH11-t
2008-10-27,0.0,3.9669219400819726e-05,IEF,GARCH11-t
2008-10-28,0.0,3.577773590661231e-05,IEF,GARCH11-t
2008-10-29,0.0,3.82120683802206e-05,IEF,GARCH11-t
2008-10-30,0.0,3.5012598049523454e-05,IEF,GARCH11-t
2008-10-31,0.0,3.685402197530964e-05,IEF,GARCH11-t
2008-11-03,0.0,3.4066528612886444e-05,IEF,GARCH11-t
2008-11-04,0.0,3.222349938087657e-05,IEF,GARCH11-t
2008-11-05,0.0,4.307187049484718e-05,IEF,GARCH11-t
2008-11-06,0.0,3.925909846200483e-05,IEF,GARCH11-t
2008-11-07,0.0,3.6771081314441756e-05,IEF,GARCH11-t
2008-11-10,0.0,3.5212161458902306e-05,IEF,GARCH11-t
2008-11-11,0.0,3.244345788472165e-05,IEF,GARCH11-t
2008-11-12,0.0,3.213039116723672e-05,IEF,GARCH11-t
2008-11-13,0.0,3.3095437648012205e-05,IEF,GARCH11-t
2008-11-14,0.0,3.4257248277470056e-05,IEF,GARCH11-t
2008-11-17,0.0,3.797335267356499e-05,IEF,GARCH11-t
2008-11-18,0.0,3.625333449945561e-05,IEF,GARCH11-t
2008-11-19,0.0,3.786014123023271e-05,IEF,GARCH11-t
2008-11-20,0.0,4.144472267173742e-05,IEF,GARCH11-t
2008-11-21,0.0,8.27163074496799e-05,IEF,GARCH11-t
2008-11-24,0.0,7.597464032259939e-05,IEF,GARCH11-t
2008-11-25,0.0,7.122015519676515e-05,IEF,GARCH11-t
2008-11-26,0.0,0.00010066320007658469,IEF,GARCH11-t
2008-11-28,0.0,8.88683445666769e-05,IEF,GARCH11-t
2008-12-01,0.0,7.534537868390451e-05,IEF,GARCH11-t
2008-12-02,0.0,8.573312477619746e-05,IEF,GARCH11-t
2008-12-03,0.0,7.223800327572037e-05,IEF,GARCH11-t
2008-12-04,0.0,6.1895504400672e-05,IEF,GARCH11-t
2008-12-05,0.0,5.725908892834195e-05,IEF,GARCH11-t
2008-12-08,0.0,6.098986662754195e-05,IEF,GARCH11-t
2008-12-09,0.0,5.474770505377989e-05,IEF,GARCH11-t
2008-12-10,0.0,5.526181009744952e-05,IEF,GARCH11-t
2008-12-11,0.0,4.789590031039641e-05,IEF,GARCH11-t
2008-12-12,0.0,4.932303186592235e-05,IEF,GARCH11-t
2008-12-15,0.0,4.1472635277013895e-05,IEF,GARCH11-t
2008-12-16,0.0,3.6099228875897734e-05,IEF,GARCH11-t
2008-12-17,0.0,5.84603068259102e-05,IEF,GARCH11-t
2008-12-18,0.0,5.9306966939408104e-05,IEF,GARCH11-t
2008-12-19,0.0,5.3448084400106045e-05,IEF,GARCH11-t
2008-12-22,0.0,4.93307399982404e-05,IEF,GARCH11-t
2008-12-23,0.0,4.6372763571538656e-05,IEF,GARCH11-t
2008-12-24,0.0,3.948440950524729e-05,IEF,GARCH11-t
2008-12-26,0.0,3.610802465853503e-05,IEF,GARCH11-t
2008-12-29,0.0,3.473934823973256e-05,IEF,GARCH11-t
2008-12-30,0.0,3.275390747858273e-05,IEF,GARCH11-t
2008-12-31,0.0,2.9772636085219875e-05,IEF,GARCH11-t
2009-01-02,0.0,4.05562619438561e-05,IEF,GARCH11-t
2009-01-05,0.0,5.697026060088521e-05,IEF,GARCH11-t
2009-01-06,0.0,5.074297180224634e-05,IEF,GARCH11-t
2009-01-07,0.0,4.5505443380220057e-05,IEF,GARCH11-t
2009-01-08,0.0,3.944390371035077e-05,IEF,GARCH11-t
2009-01-09,0.0,3.806896067839598e-05,IEF,GARCH11-t
2009-01-12,0.0,3.769211144355436e-05,IEF,GARCH11-t
2009-01-13,0.0,3.666214182136438e-05,IEF,GARCH11-t
2009-01-14,0.0,3.37582106814571e-05,IEF,GARCH11-t
2009-01-15,0.0,3.382061379141543e-05,IEF,GARCH11-t
2009-01-16,0.0,3.089280935231361e-05,IEF,GARCH11-t
2009-01-20,0.0,3.663911145478992e-05,IEF,GARCH11-t
2009-01-21,0.0,3.342918151128301e-05,IEF,GARCH11-t
2009-01-22,0.0,3.849562208608792e-05,IEF,GARCH11-t
2009-01-23,0.0,3.8298468460304956e-05,IEF,GARCH11-t
2009-01-26,0.0,3.589586005185933e-05,IEF,GARCH11-t
2009-01-27,0.0,3.292444863362731e-05,IEF,GARCH11-t
2009-01-28,0.0,3.5078131635394044e-05,IEF,GARCH11-t
2009-01-29,0.0,3.5374884095908635e-05,IEF,GARCH11-t
2009-01-30,0.0,4.742216420923766e-05,IEF,GARCH11-t
2009-02-02,0.0,4.2660378097714306e-05,IEF,GARCH11-t
2009-02-03,0.0,4.3557289343939884e-05,IEF,GARCH11-t
2009-02-04,0.0,4.6618202868910845e-05,IEF,GARCH11-t
2009-02-05,0.0,4.327147454490317e-05,IEF,GARCH11-t
2009-02-06,0.0,4.06313973988007e-05,IEF,GARCH11-t
2009-02-09,0.0,4.2784800412644024e-05,IEF,GARCH11-t
2009-02-10,0.0,3.750705051826951e-05,IEF,GARCH11-t
2009-02-11,0.0,4.904966273990978e-05,IEF,GARCH11-t
2009-02-12,0.0,5.052206384307985e-05,IEF,GARCH11-t
2009-02-13,0.0,4.399278586394891e-05,IEF,GARCH11-t
2009-02-17,0.0,4.510202962297139e-05,IEF,GARCH11-t
2009-02-18,0.0,6.746617472171578e-05,IEF,GARCH11-t
2009-02-19,0.0,6.552504274542674e-05,IEF,GARCH11-t
2009-02-20,0.0,5.9814918817660275e-05,IEF,GARCH11-t
2009-02-23,0.0,5.533371906176403e-05,IEF,GARCH11-t
2009-02-24,0.0,4.6693129558051335e-05,IEF,GARCH11-t
2009-02-25,0.0,4.603801926119036e-05,IEF,GARCH11-t
2009-02-26,0.0,4.64449629435339e-05,IEF,GARCH11-t
2009-02-27,0.0,4.1582018889856316e-05,IEF,GARCH11-t
2009-03-02,0.0,3.849110141622752e-05,IEF,GARCH11-t
2009-03-03,0.0,4.456171085526882e-05,IEF,GARCH11-t
2009-03-04,0.0,4.015764885243876e-05,IEF,GARCH11-t
2009-03-05,0.0,4.012549781141084e-05,IEF,GARCH11-t
2009-03-06,0.0,4.8457950857343316e-05,IEF,GARCH11-t
2009-03-09,0.0,4.47487464018557e-05,IEF,GARCH11-t
2009-03-10,0.0,3.990984993092529e-05,IEF,GARCH11-t
2009-03-11,0.0,4.168821305180977e-05,IEF,GARCH11-t
2009-03-12,0.0,4.2181086605001106e-05,IEF,GARCH11-t
2009-03-13,0.0,3.908299331786431e-05,IEF,GARCH11-t
2009-03-16,0.0,3.578191733008957e-05,IEF,GARCH11-t
2009-03-17,0.0,3.7717282975972195e-05,IEF,GARCH11-t
2009-03-18,0.0,3.312065544827133e-05,IEF,GARCH11-t
2009-03-19,0.0,9.275855900667612e-05,IEF,GARCH11-t
2009-03-20,0.0,8.909769991821708e-05,IEF,GARCH11-t
2009-03-23,0.0,7.922094654498358e-05,IEF,GARCH11-t
2009-03-24,0.0,5.1682933667421443e-05,IEF,GARCH11-t
2009-03-25,0.0,5.096936208068103e-05,IEF,GARCH11-t
2009-03-26,0.0,5.074178629201902e-05,IEF,GARCH11-t
2009-03-27,0.0,5.435806845476595e-05,IEF,GARCH11-t
2009-03-30,0.0,4.945107972593156e-05,IEF,GARCH11-t
2009-03-31,0.0,4.903360805760555e-05,IEF,GARCH11-t
2009-04-01,0.0,4.8241272307371585e-05,IEF,GARCH11-t
2009-04-02,0.0,4.7680249516603265e-05,IEF,GARCH11-t
2009-04-03,0.0,4.763132118332541e-05,IEF,GARCH11-t
2009-04-06,0.0,5.302183391574862e-05,IEF,GARCH11-t
2009-04-07,0.0,4.791486912806699e-05,IEF,GARCH11-t
2009-04-08,0.0,4.74042877337829e-05,IEF,GARCH11-t
2009-04-09,0.0,5.1969816045587424e-05,IEF,GARCH11-t
2009-04-13,0.0,4.687359872088559e-05,IEF,GARCH11-t
2009-04-14,0.0,4.6703897701224245e-05,IEF,GARCH11-t
2009-04-15,0.0,4.646623778818885e-05,IEF,GARCH11-t
2009-04-16,0.0,4.587829468378361e-05,IEF,GARCH11-t
2009-04-17,0.0,5.09018215508556e-05,IEF,GARCH11-t
2009-04-20,0.0,4.5723364160058536e-05,IEF,GARCH11-t
2009-04-21,0.0,4.580887376582252e-05,IEF,GARCH11-t
2009-04-22,0.0,4.5479757487449396e-05,IEF,GARCH11-t
2009-04-23,0.0,4.504361065122e-05,IEF,GARCH11-t
2009-04-24,0.0,4.454619863536209e-05,IEF,GARCH11-t
2009-04-27,0.0,4.4093667852318085e-05,IEF,GARCH11-t
2009-04-28,0.0,4.877865600024449e-05,IEF,GARCH11-t
2009-04-29,0.0,4.366185777996693e-05,IEF,GARCH11-t
2009-04-30,0.0,4.3570026441901286e-05,IEF,GARCH11-t
2009-05-01,0.0,4.3130491977693e-05,IEF,GARCH11-t
2009-05-04,0.0,4.282421227027828e-05,IEF,GARCH11-t
2009-05-05,0.0,4.223169414842396e-05,IEF,GARCH11-t
2009-05-06,0.0,3.753959394448601e-05,IEF,GARCH11-t
2009-05-07,0.0,2.8823012962253817e-05,IEF,GARCH11-t
2009-05-08,0.0,3.920328582590301e-05,IEF,GARCH11-t
2009-05-11,0.0,4.135329990491275e-05,IEF,GARCH11-t
2009-05-12,0.0,4.206945257486306e-05,IEF,GARCH11-t
2009-05-13,0.0,3.885921931525168e-05,IEF,GARCH11-t
2009-05-14,0.0,4.135387245619568e-05,IEF,GARCH11-t
2009-05-15,0.0,4.359169173533116e-05,IEF,GARCH11-t
2009-05-18,0.0,4.4152522376844844e-05,IEF,GARCH11-t
2009-05-19,0.0,4.0656430632547e-05,IEF,GARCH11-t
2009-05-20,0.0,3.5916149221411066e-05,IEF,GARCH11-t
2009-05-21,0.0,4.004866030830376e-05,IEF,GARCH11-t
2009-05-22,0.0,3.657248186708082e-05,IEF,GARCH11-t
2009-05-26,0.0,3.7330365580815434e-05,IEF,GARCH11-t
2009-05-27,0.0,4.131225070111466e-05,IEF,GARCH11-t
2009-05-28,0.0,4.2514500142829393e-05,IEF,GARCH11-t
2009-05-29,0.0,4.230582845327389e-05,IEF,GARCH11-t
2009-06-01,0.0,4.3440616309236295e-05,IEF,GARCH11-t
2009-06-02,0.0,4.641201390823857e-05,IEF,GARCH11-t
2009-06-03,0.0,4.59680167050088e-05,IEF,GARCH11-t
2009-06-04,0.0,4.588406789953962e-05,IEF,GARCH11-t
2009-06-05,0.0,4.709239323902029e-05,IEF,GARCH11-t
2009-06-08,0.0,4.7778854474568184e-05,IEF,GARCH11-t
2009-06-09,0.0,4.7387107908494374e-05,IEF,GARCH11-t
2009-06-10,0.0,4.697258798299222e-05,IEF,GARCH11-t
2009-06-11,0.0,4.6832682839366303e-05,IEF,GARCH11-t
2009-06-12,0.0,4.6917391357335405e-05,IEF,GARCH11-t
2009-06-15,0.0,4.6569797190108814e-05,IEF,GARCH11-t
2009-06-16,0.0,4.6320634959419343e-05,IEF,GARCH11-t
2009-06-17,0.0,4.623333388759722e-05,IEF,GARCH11-t
2009-06-18,0.0,4.581832279261157e-05,IEF,GARCH11-t
2009-06-19,0.0,4.7165415084099565e-05,IEF,GARCH11-t
2009-06-22,0.0,5.173645295597922e-05,IEF,GARCH11-t
2009-06-23,0.0,4.6674493581321716e-05,IEF,GARCH11-t
2009-06-24,0.0,5.1972656119329084e-05,IEF,GARCH11-t
2009-06-25,0.0,4.5965572472195636e-05,IEF,GARCH11-t
2009-06-26,0.0,4.746367935360953e-05,IEF,GARCH11-t
2009-06-29,0.0,5.2105487377894766e-05,IEF,GARCH11-t
2009-06-30,0.0,4.642489137142926e-05,IEF,GARCH11-t
2009-07-01,0.0,5.072642886213369e-05,IEF,GARCH11-t
2009-07-02,0.0,4.558204718526646e-05,IEF,GARCH11-t
2009-07-06,0.0,4.155155958161426e-05,IEF,GARCH11-t
2009-07-07,0.0,3.946632768570054e-05,IEF,GARCH11-t
2009-07-08,0.0,3.9137491219858424e-05,IEF,GARCH11-t
2009-07-09,0.0,4.455182442677215e-05,IEF,GARCH11-t
2009-07-10,0.0,4.489659135963599e-05,IEF,GARCH11-t
2009-07-13,0.0,4.592798727968071e-05,IEF,GARCH11-t
2009-07-14,0.0,4.3743259982090893e-05,IEF,GARCH11-t
2009-07-15,0.0,4.964075784449153e-05,IEF,GARCH11-t
2009-07-16,0.0,5.247888880055768e-05,IEF,GARCH11-t
2009-07-17,0.0,4.932925496750981e-05,IEF,GARCH11-t
2009-07-20,0.0,4.883195966071553e-05,IEF,GARCH11-t
2009-07-21,0.0,5.056528348625311e-05,IEF,GARCH11-t
2009-07-22,0.0,5.006756153082868e-05,IEF,GARCH11-t
2009-07-23,0.0,4.9491026039170756e-05,IEF,GARCH11-t
2009-07-24,0.0,5.059356799573412e-05,IEF,GARCH11-t
2009-07-27,0.0,5.073061961361781e-05,IEF,GARCH11-t
2009-07-28,0.0,4.832902797469949e-05,IEF,GARCH11-t
2009-07-29,0.0,4.7446918153009594e-05,IEF,GARCH11-t
2009-07-30,0.0,4.624851357480593e-05,IEF,GARCH11-t
2009-07-31,0.0,5.193704970134768e-05,IEF,GARCH11-t
2009-08-03,0.0,4.969081667690125e-05,IEF,GARCH11-t
2009-08-04,0.0,5.067079823527261e-05,IEF,GARCH11-t
2009-08-05,0.0,5.031611555566257e-05,IEF,GARCH11-t
2009-08-06,0.0,5.024551202158646e-05,IEF,GARCH11-t
2009-08-07,0.0,5.0394825782075104e-05,IEF,GARCH11-t
2009-08-10,0.0,5.006230966246278e-05,IEF,GARCH11-t
2009-08-11,0.0,5.018017648883356e-05,IEF,GARCH11-t
2009-08-12,0.0,4.949558620222085e-05,IEF,GARCH11-t
2009-08-13,0.0,5.02425538077423e-05,IEF,GARCH11-t
2009-08-14,0.0,4.7934230445059227e-05,IEF,GARCH11-t
2009-08-17,0.0,5.035213942103691e-05,IEF,GARCH11-t
2009-08-18,0.0,4.785387691554996e-05,IEF,GARCH11-t
2009-08-19,0.0,5.0103914142087146e-05,IEF,GARCH11-t
2009-08-20,0.0,4.78363207666867e-05,IEF,GARCH11-t
2009-08-21,0.0,5.1014996659547816e-05,IEF,GARCH11-t
2009-08-24,0.0,4.993487324078507e-05,IEF,GARCH11-t
2009-08-25,0.0,4.8325868049844985e-05,IEF,GARCH11-t
2009-08-26,0.0,4.554153423629655e-05,IEF,GARCH11-t
2009-08-27,0.0,4.724222646152056e-05,IEF,GARCH11-t
2009-08-28,0.0,4.569185987827729e-05,IEF,GARCH11-t
2009-08-31,0.0,4.704764408896435e-05,IEF,GARCH11-t
2009-09-01,0.0,4.696474166362806e-05,IEF,GARCH11-t
2009-09-02,0.0,4.547694422076489e-05,IEF,GARCH11-t
2009-09-03,0.0,4.758030175222434e-05,IEF,GARCH11-t
2009-09-04,0.0,4.610350227854081e-05,IEF,GARCH11-t
2009-09-08,0.0,4.524542965872411e-05,IEF,GARCH11-t
2009-09-09,0.0,4.699901011223055e-05,IEF,GARCH11-t
2009-09-10,0.0,4.6638440506997886e-05,IEF,GARCH11-t
2009-09-11,0.0,4.679619353848838e-05,IEF,GARCH11-t
2009-09-14,0.0,4.705160717082856e-05,IEF,GARCH11-t
2009-09-15,0.0,4.612296927553434e-05,IEF,GARCH11-t
2009-09-16,0.0,4.290537638922992e-05,IEF,GARCH11-t
2009-09-17,0.0,4.551210789512214e-05,IEF,GARCH11-t
2009-09-18,0.0,4.536520759025161e-05,IEF,GARCH11-t
2009-09-21,0.0,4.515807327186039e-05,IEF,GARCH11-t
2009-09-22,0.0,4.213474777703619e-05,IEF,GARCH11-t
2009-09-23,0.0,4.305721489410708e-05,IEF,GARCH11-t
2009-09-24,0.0,4.405168925152643e-05,IEF,GARCH11-t
2009-09-25,0.0,4.389663665669304e-05,IEF,GARCH11-t
2009-09-28,0.0,4.34471177322378e-05,IEF,GARCH11-t
2009-09-29,0.0,4.333796781906625e-05,IEF,GARCH11-t
2009-09-30,0.0,3.903342610814711e-05,IEF,GARCH11-t
2009-10-01,0.0,3.56924194748752e-05,IEF,GARCH11-t
2009-10-02,0.0,3.9354102115837944e-05,IEF,GARCH11-t
2009-10-05,0.0,3.829715087159251e-05,IEF,GARCH11-t
2009-10-06,0.0,3.584397132909166e-05,IEF,GARCH11-t
2009-10-07,0.0,3.772169113519879e-05,IEF,GARCH11-t
2009-10-08,0.0,3.799192645921764e-05,IEF,GARCH11-t
2009-10-09,0.0,3.747386727014041e-05,IEF,GARCH11-t
2009-10-12,0.0,4.4132915943282893e-05,IEF,GARCH11-t
2009-10-13,0.0,3.870442043235876e-05,IEF,GARCH11-t
2009-10-14,0.0,3.507977688843233e-05,IEF,GARCH11-t
2009-10-15,0.0,4.331735330845071e-05,IEF,GARCH11-t
2009-10-16,0.0,3.980368897354434e-05,IEF,GARCH11-t
2009-10-19,0.0,3.599677112096978e-05,IEF,GARCH11-t
2009-10-20,0.0,3.696201553574247e-05,IEF,GARCH11-t
2009-10-21,0.0,3.678065219035503e-05,IEF,GARCH11-t
2009-10-22,0.0,3.6312203321244986e-05,IEF,GARCH11-t
2009-10-23,0.0,3.603340184262106e-05,IEF,GARCH11-t
2009-10-26,0.0,3.610630125053673e-05,IEF,GARCH11-t
2009-10-27,0.0,3.624262225509022e-05,IEF,GARCH11-t
2009-10-28,0.0,3.693743462786887e-05,IEF,GARCH11-t
2009-10-29,0.0,3.663366965957359e-05,IEF,GARCH11-t
2009-10-30,0.0,3.4188562184891506e-05,IEF,GARCH11-t
2009-11-02,0.0,3.6974049710379614e-05,IEF,GARCH11-t
2009-11-03,0.0,3.506609134321661e-05,IEF,GARCH11-t
2009-11-04,0.0,3.661545133362749e-05,IEF,GARCH11-t
2009-11-05,0.0,3.351713570866862e-05,IEF,GARCH11-t
2009-11-06,0.0,3.578470404539921e-05,IEF,GARCH11-t
2009-11-09,0.0,3.230037353212425e-05,IEF,GARCH11-t
2009-11-10,0.0,3.538971300804929e-05,IEF,GARCH11-t
2009-11-11,0.0,3.517836083226057e-05,IEF,GARCH11-t
2009-11-12,0.0,3.503498245256818e-05,IEF,GARCH11-t
2009-11-13,0.0,2.2277631938587657e-05,IEF,GARCH11-t
2009-11-16,0.0,2.1527692672541198e-05,IEF,GARCH11-t
2009-11-17,0.0,2.279758324348008e-05,IEF,GARCH11-t
2009-11-18,0.0,2.1709247600829212e-05,IEF,GARCH11-t
2009-11-19,0.0,2.127137018466988e-05,IEF,GARCH11-t
2009-11-20,0.0,2.079804975064346e-05,IEF,GARCH11-t
2009-11-23,0.0,1.9960515671035358e-05,IEF,GARCH11-t
2009-11-24,0.0,1.8904521140685785e-05,IEF,GARCH11-t
2009-11-25,0.0,1.9594858770258277e-05,IEF,GARCH11-t
2009-11-27,0.0,2.319286223721033e-05,IEF,GARCH11-t
2009-11-30,0.0,1.9760960983687148e-05,IEF,GARCH11-t
2009-12-01,0.0,1.904111193716977e-05,IEF,GARCH11-t
2009-12-02,0.0,2.1496387177452106e-05,IEF,GARCH11-t
2009-12-03,0.0,2.0608009404531783e-05,IEF,GARCH11-t
2009-12-04,0.0,2.1028728041237332e-05,IEF,GARCH11-t
2009-12-07,0.0,2.8742804660414136e-05,IEF,GARCH11-t
2009-12-08,0.0,2.19299400605098e-05,IEF,GARCH11-t
2009-12-09,0.0,2.152196269609025e-05,IEF,GARCH11-t
2009-12-10,0.0,2.202624410153465e-05,IEF,GARCH11-t
2009-12-11,0.0,2.0568285202192812e-05,IEF,GARCH11-t
2009-12-14,0.0,1.5882997009468177e-05,IEF,GARCH11-t
2009-12-15,0.0,2.1304564088604204e-05,IEF,GARCH11-t
2009-12-16,0.0,2.0821504809412272e-05,IEF,GARCH11-t
2009-12-17,0.0,1.8654749091313086e-05,IEF,GARCH11-t
2009-12-18,0.0,2.290043235721456e-05,IEF,GARCH11-t
2009-12-21,0.0,2.341085917075332e-05,IEF,GARCH11-t
2009-12-22,0.0,2.7305945460131914e-05,IEF,GARCH11-t
2009-12-23,0.0,2.711858477986351e-05,IEF,GARCH11-t
2009-12-24,0.0,2.4553590193869163e-05,IEF,GARCH11-t
2009-12-28,0.0,2.5498482845280376e-05,IEF,GARCH11-t
2009-12-29,0.0,2.3734852827306055e-05,IEF,GARCH11-t
2009-12-30,0.0,2.409770091399533e-05,IEF,GARCH11-t
2009-12-31,0.0,2.349005799787753e-05,IEF,GARCH11-t
2010-01-04,0.0,2.3428936614483044e-05,IEF,GARCH11-t
2010-01-05,0.0,2.2308761387125982e-05,IEF,GARCH11-t
2010-01-06,0.0,2.266058923331186e-05,IEF,GARCH11-t
2010-01-07,0.0,2.2600690455413195e-05,IEF,GARCH11-t
2010-01-08,0.0,2.0970918897317382e-05,IEF,GARCH11-t
2010-01-11,0.0,1.9981181765661398e-05,IEF,GARCH11-t
2010-01-12,0.0,2.1259198016535793e-05,IEF,GARCH11-t
2010-01-13,0.0,2.162840342304628e-05,IEF,GARCH11-t
2010-01-14,0.0,2.4137786574665372e-05,IEF,GARCH11-t
2010-01-15,0.0,2.2194874433909858e-05,IEF,GARCH11-t
2010-01-19,0.0,2.3987617046022414e-05,IEF,GARCH11-t
2010-01-20,0.0,2.1015415908123047e-05,IEF,GARCH11-t
2010-01-21,0.0,2.1191040473020776e-05,IEF,GARCH11-t
2010-01-22,0.0,1.9859953445855522e-05,IEF,GARCH11-t
2010-01-25,0.0,2.0262358410967084e-05,IEF,GARCH11-t
2010-01-26,0.0,2.028516891343637e-05,IEF,GARCH11-t
2010-01-27,0.0,1.9753501226827145e-05,IEF,GARCH11-t
2010-01-28,0.0,1.9070267220682135e-05,IEF,GARCH11-t
2010-01-29,0.0,1.8370052623675693e-05,IEF,GARCH11-t
2010-02-01,0.0,1.861354312969108e-05,IEF,GARCH11-t
2010-02-02,0.0,1.8307303751196328e-05,IEF,GARCH11-t
2010-02-03,0.0,1.7754705726533984e-05,IEF,GARCH11-t
2010-02-04,0.0,1.6046567720018215e-05,IEF,GARCH11-t
2010-02-05,0.0,2.090017406862582e-05,IEF,GARCH11-t
2010-02-08,0.0,2.0694276502705347e-05,IEF,GARCH11-t
2010-02-09,0.0,1.994001282575921e-05,IEF,GARCH11-t
2010-02-10,0.0,2.0690703305309363e-05,IEF,GARCH11-t
2010-02-11,0.0,1.9991176014825777e-05,IEF,GARCH11-t
2010-02-12,0.0,1.9151076786331573e-05,IEF,GARCH11-t
2010-02-16,0.0,1.8896708804359292e-05,IEF,GARCH11-t
2010-02-17,0.0,1.8320070537732682e-05,IEF,GARCH11-t
2010-02-18,0.0,1.9134030779563136e-05,IEF,GARCH11-t
2010-02-19,0.0,1.8756127276165442e-05,IEF,GARCH11-t
2010-02-22,0.0,1.9149946294384475e-05,IEF,GARCH11-t
2010-02-23,0.0,1.7285022527359557e-05,IEF,GARCH11-t
2010-02-24,0.0,1.912205167898933e-05,IEF,GARCH11-t
2010-02-25,0.0,1.8954752239030277e-05,IEF,GARCH11-t
2010-02-26,0.0,2.0054643704110564e-05,IEF,GARCH11-t
2010-03-01,0.0,1.832031492480371e-05,IEF,GARCH11-t
2010-03-02,0.0,1.7600249240783076e-05,IEF,GARCH11-t
2010-03-03,0.0,1.6879905271420816e-05,IEF,GARCH11-t
2010-03-04,0.0,1.6343475913619426e-05,IEF,GARCH11-t
2010-03-05,0.0,1.5043852469454557e-05,IEF,GARCH11-t
2010-03-08,0.0,1.628731995261911e-05,IEF,GARCH11-t
2010-03-09,0.0,1.618168297411128e-05,IEF,GARCH11-t
2010-03-10,0.0,1.5966150783619917e-05,IEF,GARCH11-t
2010-03-11,0.0,1.4412805328595253e-05,IEF,GARCH11-t
2010-03-12,0.0,1.4991830054741188e-05,IEF,GARCH11-t
2010-03-15,0.0,1.4633630191051034e-05,IEF,GARCH11-t
2010-03-16,0.0,9.913058915746979e-06,IEF,GARCH11-t
2010-03-17,0.0,1.0789655781054625e-05,IEF,GARCH11-t
2010-03-18,0.0,1.0216038086235905e-05,IEF,GARCH11-t
2010-03-19,0.0,9.522336178038135e-06,IEF,GARCH11-t
2010-03-22,0.0,9.035175184117793e-06,IEF,GARCH11-t
2010-03-23,0.0,8.916030498113284e-06,IEF,GARCH11-t
2010-03-24,0.0,8.33695082826773e-06,IEF,GARCH11-t
2010-03-25,0.0,1.718221800436302e-05,IEF,GARCH11-t
2010-03-26,0.0,1.7129696105908604e-05,IEF,GARCH11-t
2010-03-29,0.0,1.6697226735464255e-05,IEF,GARCH11-t
2010-03-30,0.0,1.554772721105039e-05,IEF,GARCH11-t
2010-03-31,0.0,1.5520474811453254e-05,IEF,GARCH11-t
2010-04-01,0.0,1.4955076429286114e-05,IEF,GARCH11-t
2010-04-05,0.0,1.4840917298495482e-05,IEF,GARCH11-t
2010-04-06,0.0,1.7992625504269108e-05,IEF,GARCH11-t
2010-04-07,0.0,1.7901851613810995e-05,IEF,GARCH11-t
2010-04-08,0.0,1.9087440604613536e-05,IEF,GARCH11-t
2010-04-09,0.0,1.829398072097255e-05,IEF,GARCH11-t
2010-04-12,0.0,1.7535209905500148e-05,IEF,GARCH11-t
2010-04-13,0.0,1.712161549795401e-05,IEF,GARCH11-t
2010-04-14,0.0,1.654947467497915e-05,IEF,GARCH11-t
2010-04-15,0.0,1.5303489373999378e-05,IEF,GARCH11-t
2010-04-16,0.0,1.569367890137304e-05,IEF,GARCH11-t
2010-04-19,0.0,1.6908929266354836e-05,IEF,GARCH11-t
2010-04-20,0.0,1.64364088963192e-05,IEF,GARCH11-t
2010-04-21,0.0,1.4796974200637698e-05,IEF,GARCH11-t
2010-04-22,0.0,1.5528184930883237e-05,IEF,GARCH11-t
2010-04-23,0.0,1.4280421865739118e-05,IEF,GARCH11-t
2010-04-26,0.0,1.5049558960959496e-05,IEF,GARCH11-t
2010-04-27,0.0,1.4472081198649909e-05,IEF,GARCH11-t
2010-04-28,0.0,1.8357488735166667e-05,IEF,GARCH11-t
2010-04-29,0.0,1.884884281781584e-05,IEF,GARCH11-t
2010-04-30,0.0,1.811288150521523e-05,IEF,GARCH11-t
2010-05-03,0.0,1.920514060616303e-05,IEF,GARCH11-t
2010-05-04,0.0,1.8676683989352104e-05,IEF,GARCH11-t
2010-05-05,0.0,2.0166047492168465e-05,IEF,GARCH11-t
2010-05-06,0.0,1.9989780431679643e-05,IEF,GARCH11-t
2010-05-07,0.0,2.5155053410640574e-05,IEF,GARCH11-t
2010-05-10,0.0,2.4180947547211618e-05,IEF,GARCH11-t
2010-05-11,0.0,2.595905450177203e-05,IEF,GARCH11-t
2010-05-12,0.0,2.4605878518560737e-05,IEF,GARCH11-t
2010-05-13,0.0,2.3153640517550233e-05,IEF,GARCH11-t
2010-05-14,0.0,2.287466223042392e-05,IEF,GARCH11-t
2010-05-17,0.0,2.3874225659177503e-05,IEF,GARCH11-t
2010-05-18,0.0,2.292350189393617e-05,IEF,GARCH11-t
2010-05-19,0.0,2.4472083105825907e-05,IEF,GARCH11-t
2010-05-20,0.0,2.328112979233255e-05,IEF,GARCH11-t
2010-05-21,0.0,2.6921783879324114e-05,IEF,GARCH11-t
2010-05-24,0.0,2.5407148591609848e-05,IEF,GARCH11-t
2010-05-25,0.0,2.4072525952784562e-05,IEF,GARCH11-t
2010-05-26,0.0,2.3414668275754202e-05,IEF,GARCH11-t
2010-05-27,0.0,2.2316683936117848e-05,IEF,GARCH11-t
2010-05-28,0.0,2.586276948291938e-05,IEF,GARCH11-t
2010-06-01,0.0,2.371641040250644e-05,IEF,GARCH11-t
2010-06-02,0.0,2.389080953936155e-05,IEF,GARCH11-t
2010-06-03,0.0,2.4320711036424107e-05,IEF,GARCH11-t
2010-06-04,0.0,2.3122271652440797e-05,IEF,GARCH11-t
2010-06-07,0.0,2.5444418544803002e-05,IEF,GARCH11-t
2010-06-08,0.0,3.0458767370340166e-05,IEF,GARCH11-t
2010-06-09,0.0,2.6951943862788414e-05,IEF,GARCH11-t
2010-06-10,0.0,2.6724893498500268e-05,IEF,GARCH11-t
2010-06-11,0.0,3.0201067732151177e-05,IEF,GARCH11-t
2010-06-14,0.0,2.873666087549088e-05,IEF,GARCH11-t
2010-06-15,0.0,2.8978625741414585e-05,IEF,GARCH11-t
2010-06-16,0.0,2.775784505128889e-05,IEF,GARCH11-t
2010-06-17,0.0,2.6396332992497772e-05,IEF,GARCH11-t
2010-06-18,0.0,2.6359256744958094e-05,IEF,GARCH11-t
2010-06-21,0.0,2.1920008749492775e-05,IEF,GARCH11-t
2010-06-22,0.0,2.41076507513398e-05,IEF,GARCH11-t
2010-06-23,0.0,2.1354999560789427e-05,IEF,GARCH11-t
2010-06-24,0.0,2.3969812204976473e-05,IEF,GARCH11-t
2010-06-25,0.0,2.283546093399736e-05,IEF,GARCH11-t
2010-06-28,0.0,2.2086563808410425e-05,IEF,GARCH11-t
2010-06-29,0.0,2.268472259599923e-05,IEF,GARCH11-t
2010-06-30,0.0,2.2948783447767528e-05,IEF,GARCH11-t
2010-07-01,0.0,2.1968298236732345e-05,IEF,GARCH11-t
2010-07-02,0.0,1.8735499848014517e-05,IEF,GARCH11-t
2010-07-06,0.0,1.8056579188482668e-05,IEF,GARCH11-t
2010-07-07,0.0,1.8908680667037378e-05,IEF,GARCH11-t
2010-07-08,0.0,1.7777038408464244e-05,IEF,GARCH11-t
2010-07-09,0.0,1.7147265909542768e-05,IEF,GARCH11-t
2010-07-12,0.0,1.6876051706804886e-05,IEF,GARCH11-t
2010-07-13,0.0,1.6408160604240806e-05,IEF,GARCH11-t
2010-07-14,0.0,1.7213797741744373e-05,IEF,GARCH11-t
2010-07-15,0.0,1.7819813985241786e-05,IEF,GARCH11-t
2010-07-16,0.0,1.8094391125863085e-05,IEF,GARCH11-t
2010-07-19,0.0,1.896976151825806e-05,IEF,GARCH11-t
2010-07-20,0.0,1.8302449105756258e-05,IEF,GARCH11-t
2010-07-21,0.0,1.734837208439166e-05,IEF,GARCH11-t
2010-07-22,0.0,1.8706924946561017e-05,IEF,GARCH11-t
2010-07-23,0.0,1.8990002228179595e-05,IEF,GARCH11-t
2010-07-26,0.0,1.851308076606792e-05,IEF,GARCH11-t
2010-07-27,0.0,1.8271319242752383e-05,IEF,GARCH11-t
2010-07-28,0.0,1.7710543302577886e-05,IEF,GARCH11-t
2010-07-29,0.0,1.827703212421552e-05,IEF,GARCH11-t
2010-07-30,0.0,1.7795891836917675e-05,IEF,GARCH11-t
2010-08-02,0.0,1.7859830717947193e-05,IEF,GARCH11-t
2010-08-03,0.0,1.7653660511464112e-05,IEF,GARCH11-t
2010-08-04,0.0,1.8006375218508733e-05,IEF,GARCH11-t
2010-08-05,0.0,1.79666368620047e-05,IEF,GARCH11-t
2010-08-06,0.0,1.737661729341706e-05,IEF,GARCH11-t
2010-08-09,0.0,1.8539643634581765e-05,IEF,GARCH11-t
2010-08-10,0.0,1.7707870349604516e-05,IEF,GARCH11-t
2010-08-11,0.0,1.8374085831387303e-05,IEF,GARCH11-t
2010-08-12,0.0,1.8738035495105996e-05,IEF,GARCH11-t
2010-08-13,0.0,1.8072866630422623e-05,IEF,GARCH11-t
2010-08-16,0.0,1.7683820399733472e-05,IEF,GARCH11-t
2010-08-17,0.0,1.8012157162017104e-05,IEF,GARCH11-t
2010-08-18,0.0,1.8237146654137166e-05,IEF,GARCH11-t
2010-08-19,0.0,1.895259052046171e-05,IEF,GARCH11-t
2010-08-20,0.0,1.8925912378755706e-05,IEF,GARCH11-t
2010-08-23,0.0,1.8679390622792052e-05,IEF,GARCH11-t
2010-08-24,0.0,1.822725826124489e-05,IEF,GARCH11-t
2010-08-25,0.0,1.7781409493754618e-05,IEF,GARCH11-t
2010-08-26,0.0,1.781504387680817e-05,IEF,GARCH11-t
2010-08-27,0.0,1.9126601152277876e-05,IEF,GARCH11-t
2010-08-30,0.0,2.1182180435778103e-05,IEF,GARCH11-t
2010-08-31,0.0,2.614174258299571e-05,IEF,GARCH11-t
2010-09-01,0.0,2.29044691101277e-05,IEF,GARCH11-t
2010-09-02,0.0,2.5849209583819235e-05,IEF,GARCH11-t
2010-09-03,0.0,2.426243883514252e-05,IEF,GARCH11-t
2010-09-07,0.0,2.448904015861061e-05,IEF,GARCH11-t
2010-09-08,0.0,2.5832389546415764e-05,IEF,GARCH11-t
2010-09-09,0.0,2.4196684573503228e-05,IEF,GARCH11-t
2010-09-10,0.0,2.7373030066702305e-05,IEF,GARCH11-t
2010-09-13,0.0,2.4265223564765312e-05,IEF,GARCH11-t
2010-09-14,0.0,2.5090801694795963e-05,IEF,GARCH11-t
2010-09-15,0.0,2.3398040694624633e-05,IEF,GARCH11-t
2010-09-16,0.0,2.2062927760272978e-05,IEF,GARCH11-t
2010-09-17,0.0,2.3423863414423656e-05,IEF,GARCH11-t
2010-09-20,0.0,2.1913309092193492e-05,IEF,GARCH11-t
2010-09-21,0.0,2.1901331700836227e-05,IEF,GARCH11-t
2010-09-22,0.0,2.288784060540163e-05,IEF,GARCH11-t
2010-09-23,0.0,2.2759921661000717e-05,IEF,GARCH11-t
2010-09-24,0.0,2.0209259339332618e-05,IEF,GARCH11-t
2010-09-27,0.0,2.0345381431885313e-05,IEF,GARCH11-t
2010-09-28,0.0,2.22669369783773e-05,IEF,GARCH11-t
2010-09-29,0.0,2.2960785236584506e-05,IEF,GARCH11-t
2010-09-30,0.0,2.0418912871305474e-05,IEF,GARCH11-t
2010-10-01,0.0,1.9346400530689413e-05,IEF,GARCH11-t
2010-10-04,0.0,2.0281390438596392e-05,IEF,GARCH11-t
2010-10-05,0.0,1.8042540824453964e-05,IEF,GARCH11-t
2010-10-06,0.0,1.936126482133173e-05,IEF,GARCH11-t
2010-10-07,0.0,1.9289289441504257e-05,IEF,GARCH11-t
2010-10-08,0.0,1.814341797896427e-05,IEF,GARCH11-t
2010-10-11,0.0,1.7984664981949296e-05,IEF,GARCH11-t
2010-10-12,0.0,1.6106608834449603e-05,IEF,GARCH11-t
2010-10-13,0.0,1.5963490307524693e-05,IEF,GARCH11-t
2010-10-14,0.0,1.5448339689982697e-05,IEF,GARCH11-t
2010-10-15,0.0,1.655030352193193e-05,IEF,GARCH11-t
2010-10-18,0.0,1.6965171982845707e-05,IEF,GARCH11-t
2010-10-19,0.0,1.732498677828852e-05,IEF,GARCH11-t
2010-10-20,0.0,1.718433100338489e-05,IEF,GARCH11-t
2010-10-21,0.0,1.6513775909566302e-05,IEF,GARCH11-t
2010-10-22,0.0,1.7368370119972062e-05,IEF,GARCH11-t
2010-10-25,0.0,1.771841631170303e-05,IEF,GARCH11-t
2010-10-26,0.0,1.5970253233887806e-05,IEF,GARCH11-t
2010-10-27,0.0,1.8377986306120483e-05,IEF,GARCH11-t
2010-10-28,0.0,1.8475252965706994e-05,IEF,GARCH11-t
2010-10-29,0.0,1.9294981749909607e-05,IEF,GARCH11-t
2010-11-01,0.0,1.889466007243588e-05,IEF,GARCH11-t
2010-11-02,0.0,1.837560824008245e-05,IEF,GARCH11-t
2010-11-03,0.0,1.8988211923909474e-05,IEF,GARCH11-t
2010-11-04,0.0,1.8192399652109476e-05,IEF,GARCH11-t
2010-11-05,0.0,2.01330753535564e-05,IEF,GARCH11-t
2010-11-08,0.0,1.9951714427814907e-05,IEF,GARCH11-t
2010-11-09,0.0,1.9173940662768396e-05,IEF,GARCH11-t
2010-11-10,0.0,2.3021260109612216e-05,IEF,GARCH11-t
2010-11-11,0.0,2.0966775355995058e-05,IEF,GARCH11-t
2010-11-12,0.0,1.9753561836583603e-05,IEF,GARCH11-t
2010-11-15,0.0,2.2329027808770107e-05,IEF,GARCH11-t
2010-11-16,0.0,2.9701172853436133e-05,IEF,GARCH11-t
2010-11-17,0.0,3.1156070055903635e-05,IEF,GARCH11-t
2010-11-18,0.0,2.794871581629732e-05,IEF,GARCH11-t
2010-11-19,0.0,2.6026391067880344e-05,IEF,GARCH11-t
2010-11-22,0.0,2.4332987429317813e-05,IEF,GARCH11-t
2010-11-23,0.0,2.465906737099247e-05,IEF,GARCH11-t
2010-11-24,0.0,2.2765854820521076e-05,IEF,GARCH11-t
2010-11-26,0.0,2.7406685481148713e-05,IEF,GARCH11-t
2010-11-29,0.0,2.6291271894521078e-05,IEF,GARCH11-t
2010-11-30,0.0,2.6275469673702086e-05,IEF,GARCH11-t
2010-12-01,0.0,2.4111895321925214e-05,IEF,GARCH11-t
2010-12-02,0.0,3.2809005132772764e-05,IEF,GARCH11-t
2010-12-03,0.0,2.9344326052433207e-05,IEF,GARCH11-t
2010-12-06,0.0,2.6341994441496886e-05,IEF,GARCH11-t
2010-12-07,0.0,2.637889218340868e-05,IEF,GARCH11-t
2010-12-08,0.0,4.3234891167625886e-05,IEF,GARCH11-t
2010-12-09,0.0,4.438845143846919e-05,IEF,GARCH11-t
2010-12-10,0.0,4.194960817073445e-05,IEF,GARCH11-t
2010-12-13,0.0,4.315457758162303e-05,IEF,GARCH11-t
2010-12-14,0.0,4.2855942450358425e-05,IEF,GARCH11-t
2010-12-15,0.0,4.712533520558915e-05,IEF,GARCH11-t
2010-12-16,0.0,4.5199344564518125e-05,IEF,GARCH11-t
2010-12-17,0.0,4.187668500593797e-05,IEF,GARCH11-t
2010-12-20,0.0,4.306872632900603e-05,IEF,GARCH11-t
2010-12-21,0.0,4.048479645614916e-05,IEF,GARCH11-t
2010-12-22,0.0,3.821891577018088e-05,IEF,GARCH11-t
2010-12-23,0.0,3.636176246165883e-05,IEF,GARCH11-t
2010-12-27,0.0,3.674115061537656e-05,IEF,GARCH11-t
2010-12-28,0.0,3.364737535712677e-05,IEF,GARCH11-t
2010-12-29,0.0,3.7434295796679584e-05,IEF,GARCH11-t
2010-12-30,0.0,4.4821134597660305e-05,IEF,GARCH11-t
2010-12-31,0.0,3.941257027888837e-05,IEF,GARCH11-t
2011-01-03,0.0,3.838269853874899e-05,IEF,GARCH11-t
2011-01-04,0.0,3.664515251360001e-05,IEF,GARCH11-t
2011-01-05,0.0,3.480669987572677e-05,IEF,GARCH11-t
2011-01-06,0.0,3.881608777711101e-05,IEF,GARCH11-t
2011-01-07,0.0,3.793508421741244e-05,IEF,GARCH11-t
2011-01-10,0.0,4.131556157922692e-05,IEF,GARCH11-t
2011-01-11,0.0,3.6410921166879434e-05,IEF,GARCH11-t
2011-01-12,0.0,3.707366623947227e-05,IEF,GARCH11-t
2011-01-13,0.0,3.3496351513628175e-05,IEF,GARCH11-t
2011-01-14,0.0,3.390701087198505e-05,IEF,GARCH11-t
2011-01-18,0.0,3.6513609870852056e-05,IEF,GARCH11-t
2011-01-19,0.0,3.089342175888335e-05,IEF,GARCH11-t
2011-01-20,0.0,2.95290924692882e-05,IEF,GARCH11-t
2011-01-21,0.0,3.5212099816030246e-05,IEF,GARCH11-t
2011-01-24,0.0,2.9909353261426023e-05,IEF,GARCH11-t
2011-01-25,0.0,2.829160579663393e-05,IEF,GARCH11-t
2011-01-26,0.0,3.311546345161654e-05,IEF,GARCH11-t
2011-01-27,0.0,2.8476897103187543e-05,IEF,GARCH11-t
2011-01-28,0.0,2.768361994816326e-05,IEF,GARCH11-t
2011-01-31,0.0,3.350668850722343e-05,IEF,GARCH11-t
2011-02-01,0.0,2.6641055885183154e-05,IEF,GARCH11-t
2011-02-02,0.0,2.9167137309506424e-05,IEF,GARCH11-t
2011-02-03,0.0,2.527195292520552e-05,IEF,GARCH11-t
2011-02-04,0.0,2.9246431756273214e-05,IEF,GARCH11-t
2011-02-07,0.0,2.6227175270512362e-05,IEF,GARCH11-t
2011-02-08,0.0,2.4886212810792634e-05,IEF,GARCH11-t
2011-02-09,0.0,2.641746167504602e-05,IEF,GARCH11-t
2011-02-10,0.0,3.139806283110953e-05,IEF,GARCH11-t
2011-02-11,0.0,3.098862754435089e-05,IEF,GARCH11-t
2011-02-14,0.0,2.628005552154716e-05,IEF,GARCH11-t
2011-02-15,0.0,3.0269096925154254e-05,IEF,GARCH11-t
2011-02-16,0.0,3.019734156247093e-05,IEF,GARCH11-t
2011-02-17,0.0,2.463159854224228e-05,IEF,GARCH11-t
2011-02-18,0.0,2.2579319167306552e-05,IEF,GARCH11-t
2011-02-22,0.0,2.0646813480729117e-05,IEF,GARCH11-t
2011-02-23,0.0,2.870816079257966e-05,IEF,GARCH11-t
2011-02-24,0.0,2.5561913408357195e-05,IEF,GARCH11-t
2011-02-25,0.0,2.53364615771299e-05,IEF,GARCH11-t
2011-02-28,0.0,2.2974247477901074e-05,IEF,GARCH11-t
2011-03-01,0.0,2.2893478570049386e-05,IEF,GARCH11-t
2011-03-02,0.0,2.1440362824676026e-05,IEF,GARCH11-t
2011-03-03,0.0,2.3052269423984745e-05,IEF,GARCH11-t
2011-03-04,0.0,2.32871157809648e-05,IEF,GARCH11-t
2011-03-07,0.0,2.4731352051051896e-05,IEF,GARCH11-t
2011-03-08,0.0,2.5586994826742318e-05,IEF,GARCH11-t
2011-03-09,0.0,2.407137981296504e-05,IEF,GARCH11-t
2011-03-10,0.0,2.4069237770590746e-05,IEF,GARCH11-t
2011-03-11,0.0,2.8475894751818942e-05,IEF,GARCH11-t
2011-03-14,0.0,2.5214131596819128e-05,IEF,GARCH11-t
2011-03-15,0.0,2.449269187304351e-05,IEF,GARCH11-t
2011-03-16,0.0,2.40163206371944e-05,IEF,GARCH11-t
2011-03-17,0.0,2.615067602112376e-05,IEF,GARCH11-t
2011-03-18,0.0,2.719057601797954e-05,IEF,GARCH11-t
2011-03-21,0.0,2.4551275729121968e-05,IEF,GARCH11-t
2011-03-22,0.0,2.642451443870484e-05,IEF,GARCH11-t
2011-03-23,0.0,2.3769068774630202e-05,IEF,GARCH11-t
2011-03-24,0.0,2.3071901433079792e-05,IEF,GARCH11-t
2011-03-25,0.0,2.3015839597748655e-05,IEF,GARCH11-t
2011-03-28,0.0,2.2806193486762946e-05,IEF,GARCH11-t
2011-03-29,0.0,2.394311635148735e-05,IEF,GARCH11-t
2011-03-30,0.0,2.1706240722034162e-05,IEF,GARCH11-t
2011-03-31,0.0,2.1900999708808575e-05,IEF,GARCH11-t
2011-04-01,0.0,2.2773849007541727e-05,IEF,GARCH11-t
2011-04-04,0.0,2.0439646101488163e-05,IEF,GARCH11-t
2011-04-05,0.0,1.9139804151908027e-05,IEF,GARCH11-t
2011-04-06,0.0,2.2627688531508062e-05,IEF,GARCH11-t
2011-04-07,0.0,2.0798207911753572e-05,IEF,GARCH11-t
2011-04-08,0.0,2.0574263725894157e-05,IEF,GARCH11-t
2011-04-11,0.0,1.9499431165853154e-05,IEF,GARCH11-t
2011-04-12,0.0,1.9974287123535694e-05,IEF,GARCH11-t
2011-04-13,0.0,2.120520317233377e-05,IEF,GARCH11-t
2011-04-14,0.0,2.1315358161546602e-05,IEF,GARCH11-t
2011-04-15,0.0,2.1635566966479484e-05,IEF,GARCH11-t
2011-04-18,0.0,2.1548080309451605e-05,IEF,GARCH11-t
2011-04-19,0.0,2.0541668118488562e-05,IEF,GARCH11-t
2011-04-20,0.0,2.003282335629475e-05,IEF,GARCH11-t
2011-04-21,0.0,1.8223374747638067e-05,IEF,GARCH11-t
2011-04-25,0.0,1.8646313218850407e-05,IEF,GARCH11-t
2011-04-26,0.0,1.7396738238039656e-05,IEF,GARCH11-t
2011-04-27,0.0,1.7515999568701126e-05,IEF,GARCH11-t
2011-04-28,0.0,1.718605561049371e-05,IEF,GARCH11-t
2011-04-29,0.0,1.723106593210696e-05,IEF,GARCH11-t
2011-05-02,0.0,1.6693970234107954e-05,IEF,GARCH11-t
2011-05-03,0.0,1.6033072583972348e-05,IEF,GARCH11-t
2011-05-04,0.0,1.5710037997284298e-05,IEF,GARCH11-t
2011-05-05,0.0,1.539290994257077e-05,IEF,GARCH11-t
2011-05-06,0.0,1.5956144067170494e-05,IEF,GARCH11-t
2011-05-09,0.0,1.5484767973710988e-05,IEF,GARCH11-t
2011-05-10,0.0,1.4793577461625262e-05,IEF,GARCH11-t
2011-05-11,0.0,1.5436128902968936e-05,IEF,GARCH11-t
2011-05-12,0.0,1.5488079291580895e-05,IEF,GARCH11-t
2011-05-13,0.0,1.6353473034209124e-05,IEF,GARCH11-t
2011-05-16,0.0,1.6920462695017856e-05,IEF,GARCH11-t
2011-05-17,0.0,1.4695539450412653e-05,IEF,GARCH11-t
2011-05-18,0.0,1.5628059149667095e-05,IEF,GARCH11-t
2011-05-19,0.0,1.58750737262045e-05,IEF,GARCH11-t
2011-05-20,0.0,1.5253742101887751e-05,IEF,GARCH11-t
2011-05-23,0.0,1.5008467645286254e-05,IEF,GARCH11-t
2011-05-24,0.0,1.3754810760927643e-05,IEF,GARCH11-t
2011-05-25,0.0,1.243805259396963e-05,IEF,GARCH11-t
2011-05-26,0.0,1.0323059679695174e-05,IEF,GARCH11-t
2011-05-27,0.0,1.538954986240882e-05,IEF,GARCH11-t
2011-05-31,0.0,1.4320108420415051e-05,IEF,GARCH11-t
2011-06-01,0.0,1.0836683329993903e-05,IEF,GARCH11-t
2011-06-02,0.0,1.7627040233412202e-05,IEF,GARCH11-t
2011-06-03,0.0,1.860547322343334e-05,IEF,GARCH11-t
2011-06-06,0.0,1.9011826363573786e-05,IEF,GARCH11-t
2011-06-07,0.0,1.775339447607174e-05,IEF,GARCH11-t
2011-06-08,0.0,1.6114028576538676e-05,IEF,GARCH11-t
2011-06-09,0.0,1.722052174641878e-05,IEF,GARCH11-t
2011-06-10,0.0,1.577134419857069e-05,IEF,GARCH11-t
2011-06-13,0.0,1.579677834786729e-05,IEF,GARCH11-t
2011-06-14,0.0,1.519507876630719e-05,IEF,GARCH11-t
2011-06-15,0.0,1.7821287677191077e-05,IEF,GARCH11-t
2011-06-16,0.0,2.2932324935263646e-05,IEF,GARCH11-t
2011-06-17,0.0,2.2159167056959577e-05,IEF,GARCH11-t
2011-06-20,0.0,2.1092847268150557e-05,IEF,GARCH11-t
2011-06-21,0.0,2.0199863076256745e-05,IEF,GARCH11-t
2011-06-22,0.0,1.9299860760429238e-05,IEF,GARCH11-t
2011-06-23,0.0,2.0578477471507297e-05,IEF,GARCH11-t
2011-06-24,0.0,1.989830931165017e-05,IEF,GARCH11-t
2011-06-27,0.0,2.0049799916500318e-05,IEF,GARCH11-t
2011-06-28,0.0,1.8850323265757293e-05,IEF,GARCH11-t
2011-06-29,0.0,2.2351999610851758e-05,IEF,GARCH11-t
2011-06-30,0.0,2.309787123602567e-05,IEF,GARCH11-t
2011-07-01,0.0,2.2552458065947444e-05,IEF,GARCH11-t
2011-07-05,0.0,2.175914423865291e-05,IEF,GARCH11-t
2011-07-06,0.0,2.2708682967751408e-05,IEF,GARCH11-t
2011-07-07,0.0,2.279761839127292e-05,IEF,GARCH11-t
2011-07-08,0.0,2.1442169802238953e-05,IEF,GARCH11-t
2011-07-11,0.0,2.856960270533767e-05,IEF,GARCH11-t
2011-07-12,0.0,2.775355960475162e-05,IEF,GARCH11-t
2011-07-13,0.0,2.6372665501072227e-05,IEF,GARCH11-t
2011-07-14,0.0,2.6408548681755265e-05,IEF,GARCH11-t
2011-07-15,0.0,2.670370172736003e-05,IEF,GARCH11-t
2011-07-18,0.0,2.5016083156439138e-05,IEF,GARCH11-t
2011-07-19,0.0,2.3756789104536835e-05,IEF,GARCH11-t
2011-07-20,0.0,2.369021134626664e-05,IEF,GARCH11-t
2011-07-21,0.0,2.3811063949372883e-05,IEF,GARCH11-t
2011-07-22,0.0,2.3728238032211614e-05,IEF,GARCH11-t
2011-07-25,0.0,2.372173923798926e-05,IEF,GARCH11-t
2011-07-26,0.0,2.264686219681522e-05,IEF,GARCH11-t
2011-07-27,0.0,2.2437329403158554e-05,IEF,GARCH11-t
2011-07-28,0.0,2.1464837004192562e-05,IEF,GARCH11-t
2011-07-29,0.0,2.0631788000254505e-05,IEF,GARCH11-t
2011-08-01,0.0,2.7922931237271237e-05,IEF,GARCH11-t
2011-08-02,0.0,2.685219359770633e-05,IEF,GARCH11-t
2011-08-03,0.0,2.9215788118784553e-05,IEF,GARCH11-t
2011-08-04,0.0,2.7677712479173955e-05,IEF,GARCH11-t
2011-08-05,0.0,3.503978777689808e-05,IEF,GARCH11-t
2011-08-08,0.0,3.9972905478735614e-05,IEF,GARCH11-t
2011-08-09,0.0,7.291021667624276e-05,IEF,GARCH11-t
2011-08-10,0.0,6.423474524389166e-05,IEF,GARCH11-t
2011-08-11,0.0,7.777032275144804e-05,IEF,GARCH11-t
2011-08-12,0.0,9.103265976682264e-05,IEF,GARCH11-t
2011-08-15,0.0,8.550697473429651e-05,IEF,GARCH11-t
2011-08-16,0.0,7.715957751220494e-05,IEF,GARCH11-t
2011-08-17,0.0,7.850024429343921e-05,IEF,GARCH11-t
2011-08-18,0.0,6.756196738085423e-05,IEF,GARCH11-t
2011-08-19,0.0,6.273282088278367e-05,IEF,GARCH11-t
2011-08-22,0.0,5.392955422473001e-05,IEF,GARCH11-t
2011-08-23,0.0,5.006667886639708e-05,IEF,GARCH11-t
2011-08-24,0.0,4.6231314750164054e-05,IEF,GARCH11-t
2011-08-25,0.0,5.2935555998502075e-05,IEF,GARCH11-t
2011-08-26,0.0,5.092494363813145e-05,IEF,GARCH11-t
2011-08-29,0.0,4.57242520061119e-05,IEF,GARCH11-t
2011-08-30,0.0,4.567115104584432e-05,IEF,GARCH11-t
2011-08-31,0.0,4.551678186932413e-05,IEF,GARCH11-t
2011-09-01,0.0,4.187409667997044e-05,IEF,GARCH11-t
2011-09-02,0.0,4.373582746528253e-05,IEF,GARCH11-t
2011-09-06,0.0,4.7413848382457244e-05,IEF,GARCH11-t
2011-09-07,0.0,4.6739622218209086e-05,IEF,GARCH11-t
2011-09-08,0.0,4.078683519563755e-05,IEF,GARCH11-t
2011-09-09,0.0,3.984288778759916e-05,IEF,GARCH11-t
2011-09-12,0.0,3.708988090231088e-05,IEF,GARCH11-t
2011-09-13,0.0,3.4118374301030364e-05,IEF,GARCH11-t
2011-09-14,0.0,3.285960162394036e-05,IEF,GARCH11-t
2011-09-15,0.0,2.8256282917497232e-05,IEF,GARCH11-t
2011-09-16,0.0,3.105690167691005e-05,IEF,GARCH11-t
2011-09-19,0.0,2.82589169435686e-05,IEF,GARCH11-t
2011-09-20,0.0,3.209110628405221e-05,IEF,GARCH11-t
2011-09-21,0.0,2.973847250600947e-05,IEF,GARCH11-t
2011-09-22,0.0,2.785170617672819e-05,IEF,GARCH11-t
2011-09-23,0.0,3.368278077713442e-05,IEF,GARCH11-t
2011-09-26,0.0,4.168405305984098e-05,IEF,GARCH11-t
2011-09-27,0.0,3.5463003376013555e-05,IEF,GARCH11-t
2011-09-28,0.0,3.620988839619136e-05,IEF,GARCH11-t
2011-09-29,0.0,3.2088569971121836e-05,IEF,GARCH11-t
2011-09-30,0.0,3.2741135977975926e-05,IEF,GARCH11-t
2011-10-03,0.0,2.9910648178018718e-05,IEF,GARCH11-t
2011-10-04,0.0,3.5435856663201235e-05,IEF,GARCH11-t
2011-10-05,0.0,3.439351213925733e-05,IEF,GARCH11-t
2011-10-06,0.0,3.258238589981336e-05,IEF,GARCH11-t
2011-10-07,0.0,3.860712427964964e-05,IEF,GARCH11-t
2011-10-10,0.0,3.33638286327753e-05,IEF,GARCH11-t
2011-10-11,0.0,4.0546075085585306e-05,IEF,GARCH11-t
2011-10-12,0.0,3.7951644401452395e-05,IEF,GARCH11-t
2011-10-13,0.0,3.7058731801432044e-05,IEF,GARCH11-t
2011-10-14,0.0,3.311490000329902e-05,IEF,GARCH11-t
2011-10-17,0.0,3.273221876312112e-05,IEF,GARCH11-t
2011-10-18,0.0,3.558529295400816e-05,IEF,GARCH11-t
2011-10-19,0.0,3.371044161283931e-05,IEF,GARCH11-t
2011-10-20,0.0,2.8842479044955125e-05,IEF,GARCH11-t
2011-10-21,0.0,2.7036065069040644e-05,IEF,GARCH11-t
2011-10-24,0.0,2.53486747236979e-05,IEF,GARCH11-t
2011-10-25,0.0,2.3088452049934814e-05,IEF,GARCH11-t
2011-10-26,0.0,3.0475462191881544e-05,IEF,GARCH11-t
2011-10-27,0.0,2.946876506986583e-05,IEF,GARCH11-t
2011-10-28,0.0,3.819472184250758e-05,IEF,GARCH11-t
2011-10-31,0.0,3.7304342211901544e-05,IEF,GARCH11-t
2011-11-01,0.0,4.996223788595532e-05,IEF,GARCH11-t
2011-11-02,0.0,5.7600773113013343e-05,IEF,GARCH11-t
2011-11-03,0.0,5.191573339822361e-05,IEF,GARCH11-t
2011-11-04,0.0,5.2142347173159724e-05,IEF,GARCH11-t
2011-11-07,0.0,4.731987634497456e-05,IEF,GARCH11-t
2011-11-08,0.0,4.0955936263326874e-05,IEF,GARCH11-t
2011-11-09,0.0,3.9681367933921e-05,IEF,GARCH11-t
2011-11-10,0.0,4.088716239707206e-05,IEF,GARCH11-t
2011-11-11,0.0,4.1441350392346985e-05,IEF,GARCH11-t
2011-11-14,0.0,4.136729022780325e-05,IEF,GARCH11-t
2011-11-15,0.0,4.218924861040446e-05,IEF,GARCH11-t
2011-11-16,0.0,3.833231255818345e-05,IEF,GARCH11-t
2011-11-17,0.0,3.4213909591791446e-05,IEF,GARCH11-t
2011-11-18,0.0,3.3424336522748006e-05,IEF,GARCH11-t
2011-11-21,0.0,2.8262108264816886e-05,IEF,GARCH11-t
2011-11-22,0.0,2.893974336021398e-05,IEF,GARCH11-t
2011-11-23,0.0,2.5185162259146888e-05,IEF,GARCH11-t
2011-11-25,0.0,2.3386168629774575e-05,IEF,GARCH11-t
2011-11-28,0.0,2.5624844484527016e-05,IEF,GARCH11-t
2011-11-29,0.0,2.3102401230551896e-05,IEF,GARCH11-t
2011-11-30,0.0,2.095458593638481e-05,IEF,GARCH11-t
2011-12-01,0.0,2.2466620694339955e-05,IEF,GARCH11-t
2011-12-02,0.0,2.0562065775635915e-05,IEF,GARCH11-t
2011-12-05,0.0,2.2488040016052333e-05,IEF,GARCH11-t
2011-12-06,0.0,2.0041130657933617e-05,IEF,GARCH11-t
2011-12-07,0.0,1.771514205957318e-05,IEF,GARCH11-t
2011-12-08,0.0,2.0787780766622913e-05,IEF,GARCH11-t
2011-12-09,0.0,2.3205646102243307e-05,IEF,GARCH11-t
2011-12-12,0.0,2.5682211036098958e-05,IEF,GARCH11-t
2011-12-13,0.0,2.310929434196478e-05,IEF,GARCH11-t
2011-12-14,0.0,2.55572378426751e-05,IEF,GARCH11-t
2011-12-15,0.0,2.330052249637681e-05,IEF,GARCH11-t
2011-12-16,0.0,2.1658935092667196e-05,IEF,GARCH11-t
2011-12-19,0.0,2.34991268273686e-05,IEF,GARCH11-t
2011-12-20,0.0,2.314442572124163e-05,IEF,GARCH11-t
2011-12-21,0.0,3.0822113304315526e-05,IEF,GARCH11-t
2011-12-22,0.0,2.6432233637309674e-05,IEF,GARCH11-t
2011-12-23,0.0,2.4018666765428588e-05,IEF,GARCH11-t
2011-12-27,0.0,2.4981149532613786e-05,IEF,GARCH11-t
2011-12-28,0.0,2.2199602561066647e-05,IEF,GARCH11-t
2011-12-29,0.0,2.281273553100605e-05,IEF,GARCH11-t
2011-12-30,0.0,2.4093813056161085e-05,IEF,GARCH11-t
2012-01-03,0.0,2.220763286455586e-05,IEF,GARCH11-t
2012-01-04,0.0,2.479018540992817e-05,IEF,GARCH11-t
2012-01-05,0.0,2.3632804228480957e-05,IEF,GARCH11-t
2012-01-06,0.0,2.063602278872148e-05,IEF,GARCH11-t
2012-01-09,0.0,2.2814393184620853e-05,IEF,GARCH11-t
2012-01-10,0.0,2.0775195517153977e-05,IEF,GARCH11-t
2012-01-11,0.0,1.8462625622030822e-05,IEF,GARCH11-t
2012-01-12,0.0,1.9435657608776396e-05,IEF,GARCH11-t
2012-01-13,0.0,2.0473605331653477e-05,IEF,GARCH11-t
2012-01-17,0.0,2.1448913612031235e-05,IEF,GARCH11-t
2012-01-18,0.0,1.9650678728407722e-05,IEF,GARCH11-t
2012-01-19,0.0,1.7914064735760092e-05,IEF,GARCH11-t
2012-01-20,0.0,2.1956438160782672e-05,IEF,GARCH11-t
2012-01-23,0.0,1.902432340717641e-05,IEF,GARCH11-t
2012-01-24,0.0,2.080466360431711e-05,IEF,GARCH11-t
2012-01-25,0.0,1.7987834174779e-05,IEF,GARCH11-t
2012-01-26,0.0,2.053860386134721e-05,IEF,GARCH11-t
2012-01-27,0.0,2.3331011522935042e-05,IEF,GARCH11-t
2012-01-30,0.0,1.848701578137739e-05,IEF,GARCH11-t
2012-01-31,0.0,2.1840385325163444e-05,IEF,GARCH11-t
2012-02-01,0.0,1.8031626995902904e-05,IEF,GARCH11-t
2012-02-02,0.0,2.0302738719923648e-05,IEF,GARCH11-t
2012-02-03,0.0,1.6572606091203908e-05,IEF,GARCH11-t
2012-02-06,0.0,2.420361672454607e-05,IEF,GARCH11-t
2012-02-07,0.0,2.3367090014700946e-05,IEF,GARCH11-t
2012-02-08,0.0,2.5250037707839588e-05,IEF,GARCH11-t
2012-02-09,0.0,2.5202580846467627e-05,IEF,GARCH11-t
2012-02-10,0.0,2.2716551950800393e-05,IEF,GARCH11-t
2012-02-13,0.0,2.418262470282655e-05,IEF,GARCH11-t
2012-02-14,0.0,1.973589417374094e-05,IEF,GARCH11-t
2012-02-15,0.0,1.8187155560321576e-05,IEF,GARCH11-t
2012-02-16,0.0,1.9120824583538e-05,IEF,GARCH11-t
2012-02-17,0.0,1.9751216060573e-05,IEF,GARCH11-t
2012-02-21,0.0,1.7848912080883414e-05,IEF,GARCH11-t
2012-02-22,0.0,1.4717453081511667e-05,IEF,GARCH11-t
2012-02-23,0.0,1.9515626315112324e-05,IEF,GARCH11-t
2012-02-24,0.0,1.815743719064726e-05,IEF,GARCH11-t
2012-02-27,0.0,1.2775778077416532e-05,IEF,GARCH11-t
2012-02-28,0.0,1.4332061632516906e-05,IEF,GARCH11-t
2012-02-29,0.0,1.1852397749868162e-05,IEF,GARCH11-t
2012-03-01,0.0,1.2542652321740555e-05,IEF,GARCH11-t
2012-03-02,0.0,1.259306399437045e-05,IEF,GARCH11-t
2012-03-05,0.0,1.4883880058295745e-05,IEF,GARCH11-t
2012-03-06,0.0,1.3789935774989875e-05,IEF,GARCH11-t
2012-03-07,0.0,1.3249172456824704e-05,IEF,GARCH11-t
2012-03-08,0.0,1.3764221493454985e-05,IEF,GARCH11-t
2012-03-09,0.0,1.3365805866630264e-05,IEF,GARCH11-t
2012-03-12,0.0,1.1417170920276792e-05,IEF,GARCH11-t
2012-03-13,0.0,1.0551126414902361e-05,IEF,GARCH11-t
2012-03-14,0.0,1.5936524691427792e-05,IEF,GARCH11-t
2012-03-15,0.0,3.25848568641836e-05,IEF,GARCH11-t
2012-03-16,0.0,2.5759867066842846e-05,IEF,GARCH11-t
2012-03-19,0.0,2.6020675005278975e-05,IEF,GARCH11-t
2012-03-20,0.0,2.7673985160118973e-05,IEF,GARCH11-t
2012-03-21,0.0,2.5235332739477235e-05,IEF,GARCH11-t
2012-03-22,0.0,2.587433179949616e-05,IEF,GARCH11-t
2012-03-23,0.0,2.1353518037194058e-05,IEF,GARCH11-t
2012-03-26,0.0,2.3107013763158162e-05,IEF,GARCH11-t
2012-03-27,0.0,2.1345987564119135e-05,IEF,GARCH11-t
2012-03-28,0.0,2.2258865917944305e-05,IEF,GARCH11-t
2012-03-29,0.0,2.0433385204785454e-05,IEF,GARCH11-t
2012-03-30,0.0,1.927364443227931e-05,IEF,GARCH11-t
2012-04-02,0.0,2.2784893778877776e-05,IEF,GARCH11-t
2012-04-03,0.0,1.9133360346268576e-05,IEF,GARCH11-t
2012-04-04,0.0,2.612525935301803e-05,IEF,GARCH11-t
2012-04-05,0.0,2.3536514392382184e-05,IEF,GARCH11-t
2012-04-09,0.0,2.647387911126055e-05,IEF,GARCH11-t
2012-04-10,0.0,3.219225924358277e-05,IEF,GARCH11-t
2012-04-11,0.0,3.14124042549933e-05,IEF,GARCH11-t
2012-04-12,0.0,2.9571585782712158e-05,IEF,GARCH11-t
2012-04-13,0.0,2.6759717777843827e-05,IEF,GARCH11-t
2012-04-16,0.0,2.967890946340768e-05,IEF,GARCH11-t
2012-04-17,0.0,2.5218151865062536e-05,IEF,GARCH11-t
2012-04-18,0.0,2.2838570467866353e-05,IEF,GARCH11-t
2012-04-19,0.0,2.31374439188023e-05,IEF,GARCH11-t
2012-04-20,0.0,2.006683143093084e-05,IEF,GARCH11-t
2012-04-23,0.0,1.9509638350340085e-05,IEF,GARCH11-t
2012-04-24,0.0,1.6473288345415666e-05,IEF,GARCH11-t
2012-04-25,0.0,1.5088793574399211e-05,IEF,GARCH11-t
2012-04-26,0.0,1.5451670484263147e-05,IEF,GARCH11-t
2012-04-27,0.0,1.6696074923734837e-05,IEF,GARCH11-t
2012-04-30,0.0,1.5663267816361338e-05,IEF,GARCH11-t
2012-05-01,0.0,1.5920171513963534e-05,IEF,GARCH11-t
2012-05-02,0.0,1.3010802333979351e-05,IEF,GARCH11-t
2012-05-03,0.0,1.3912520941278513e-05,IEF,GARCH11-t
2012-05-04,0.0,1.2188094568498463e-05,IEF,GARCH11-t
2012-05-07,0.0,1.5605259437186277e-05,IEF,GARCH11-t
2012-05-08,0.0,1.2946015403668464e-05,IEF,GARCH11-t
2012-05-09,0.0,1.2885032009259463e-05,IEF,GARCH11-t
2012-05-10,0.0,1.1485718768518114e-05,IEF,GARCH11-t
2012-05-11,0.0,1.056748313645983e-05,IEF,GARCH11-t
2012-05-14,0.0,1.2007319502037273e-05,IEF,GARCH11-t
2012-05-15,0.0,1.4762032794096056e-05,IEF,GARCH11-t
2012-05-16,0.0,1.5092901680415068e-05,IEF,GARCH11-t
2012-05-17,0.0,1.1557155531098735e-05,IEF,GARCH11-t
2012-05-18,0.0,1.3280310092721891e-05,IEF,GARCH11-t
2012-05-21,0.0,1.1756137848306014e-05,IEF,GARCH11-t
2012-05-22,0.0,1.3716900021303228e-05,IEF,GARCH11-t
2012-05-23,0.0,1.0665507474247705e-05,IEF,GARCH11-t
2012-05-24,0.0,1.0406867901944098e-05,IEF,GARCH11-t
2012-05-25,0.0,1.0234375919917283e-05,IEF,GARCH11-t
2012-05-29,0.0,1.0329841273467399e-05,IEF,GARCH11-t
2012-05-30,0.0,9.319653054459498e-06,IEF,GARCH11-t
2012-05-31,0.0,2.4963084974166576e-05,IEF,GARCH11-t
2012-06-01,0.0,2.625831336192221e-05,IEF,GARCH11-t
2012-06-04,0.0,3.7027169162096396e-05,IEF,GARCH11-t
2012-06-05,0.0,3.236302326369204e-05,IEF,GARCH11-t
2012-06-06,0.0,3.030814490263538e-05,IEF,GARCH11-t
2012-06-07,0.0,3.047077892519964e-05,IEF,GARCH11-t
2012-06-08,0.0,2.5988813165461367e-05,IEF,GARCH11-t
2012-06-11,0.0,2.195255313138598e-05,IEF,GARCH11-t
2012-06-12,0.0,2.025536647737057e-05,IEF,GARCH11-t
2012-06-13,0.0,2.1644117009023003e-05,IEF,GARCH11-t
2012-06-14,0.0,2.4740548203157142e-05,IEF,GARCH11-t
2012-06-15,0.0,2.0747062633777596e-05,IEF,GARCH11-t
2012-06-18,0.0,2.1288070098390512e-05,IEF,GARCH11-t
2012-06-19,0.0,1.8881889188932098e-05,IEF,GARCH11-t
2012-06-20,0.0,1.798249679208771e-05,IEF,GARCH11-t
2012-06-21,0.0,1.6189253127670145e-05,IEF,GARCH11-t
2012-06-22,0.0,1.5741574915748885e-05,IEF,GARCH11-t
2012-06-25,0.0,1.7690381720002106e-05,IEF,GARCH11-t
2012-06-26,0.0,1.914986007283154e-05,IEF,GARCH11-t
2012-06-27,0.0,1.7310307490689556e-05,IEF,GARCH11-t
2012-06-28,0.0,1.5631061100266885e-05,IEF,GARCH11-t
2012-06-29,0.0,1.526248940787733e-05,IEF,GARCH11-t
2012-07-02,0.0,1.8683089572974144e-05,IEF,GARCH11-t
2012-07-03,0.0,1.9454157965339875e-05,IEF,GARCH11-t
2012-07-05,0.0,1.7082892447389383e-05,IEF,GARCH11-t
2012-07-06,0.0,1.5844055180565344e-05,IEF,GARCH11-t
2012-07-09,0.0,1.634016020274198e-05,IEF,GARCH11-t
2012-07-10,0.0,1.634961978826362e-05,IEF,GARCH11-t
2012-07-11,0.0,1.3337940548699797e-05,IEF,GARCH11-t
2012-07-12,0.0,1.2911180181233077e-05,IEF,GARCH11-t
2012-07-13,0.0,1.2237074265174822e-05,IEF,GARCH11-t
2012-07-16,0.0,1.149298048403685e-05,IEF,GARCH11-t
2012-07-17,0.0,1.1327424060011639e-05,IEF,GARCH11-t
2012-07-18,0.0,1.1778008462179652e-05,IEF,GARCH11-t
2012-07-19,0.0,1.0913893395263601e-05,IEF,GARCH11-t
2012-07-20,0.0,1.0383227292449502e-05,IEF,GARCH11-t
2012-07-23,0.0,1.055656246687588e-05,IEF,GARCH11-t
2012-07-24,0.0,1.1788273043574475e-05,IEF,GARCH11-t
2012-07-25,0.0,1.1425563233151573e-05,IEF,GARCH11-t
2012-07-26,0.0,1.0424059023690365e-05,IEF,GARCH11-t
2012-07-27,0.0,1.1627231715034662e-05,IEF,GARCH11-t
2012-07-30,0.0,2.0119902078815632e-05,IEF,GARCH11-t
2012-07-31,0.0,1.7108817557840972e-05,IEF,GARCH11-t
2012-08-01,0.0,1.6048777502440383e-05,IEF,GARCH11-t
2012-08-02,0.0,1.6139774900338008e-05,IEF,GARCH11-t
2012-08-03,0.0,1.5010309010457969e-05,IEF,GARCH11-t
2012-08-06,0.0,1.7733400731357756e-05,IEF,GARCH11-t
2012-08-07,0.0,1.5019980816403012e-05,IEF,GARCH11-t
2012-08-08,0.0,1.6343316284080146e-05,IEF,GARCH11-t
2012-08-09,0.0,1.5985922988864283e-05,IEF,GARCH11-t
2012-08-10,0.0,1.3090178837309175e-05,IEF,GARCH11-t
2012-08-13,0.0,1.461985412695382e-05,IEF,GARCH11-t
2012-08-14,0.0,1.1642651425263691e-05,IEF,GARCH11-t
2012-08-15,0.0,1.460994210628237e-05,IEF,GARCH11-t
2012-08-16,0.0,1.77170891840103e-05,IEF,GARCH11-t
2012-08-17,0.0,1.586694874245827e-05,IEF,GARCH11-t
2012-08-20,0.0,1.4735993629795597e-05,IEF,GARCH11-t
2012-08-21,0.0,1.3753414844254948e-05,IEF,GARCH11-t
2012-08-22,0.0,1.1579371952628464e-05,IEF,GARCH11-t
2012-08-23,0.0,1.8924595799695215e-05,IEF,GARCH11-t
2012-08-24,0.0,1.676177487297544e-05,IEF,GARCH11-t
2012-08-27,0.0,1.4734002772678862e-05,IEF,GARCH11-t
2012-08-28,0.0,1.4946425360723668e-05,IEF,GARCH11-t
2012-08-29,0.0,1.3629624114046311e-05,IEF,GARCH11-t
2012-08-30,0.0,1.2724279959732692e-05,IEF,GARCH11-t
2012-08-31,0.0,1.0831549099637841e-05,IEF,GARCH11-t
2012-09-04,0.0,1.5843397880445046e-05,IEF,GARCH11-t
2012-09-05,0.0,1.5075381378700444e-05,IEF,GARCH11-t
2012-09-06,0.0,1.3728758551426904e-05,IEF,GARCH11-t
2012-09-07,0.0,1.7302014246757492e-05,IEF,GARCH11-t
2012-09-10,0.0,1.6037065544226448e-05,IEF,GARCH11-t
2012-09-11,0.0,1.3955940938227693e-05,IEF,GARCH11-t
2012-09-12,0.0,1.3762963266717916e-05,IEF,GARCH11-t
2012-09-13,0.0,1.5266579947476296e-05,IEF,GARCH11-t
2012-09-14,0.0,1.4864624798811679e-05,IEF,GARCH11-t
2012-09-17,0.0,2.1713196477312366e-05,IEF,GARCH11-t
2012-09-18,0.0,2.0374547474512537e-05,IEF,GARCH11-t
2012-09-19,0.0,1.8074815672990167e-05,IEF,GARCH11-t
2012-09-20,0.0,1.7255724943685885e-05,IEF,GARCH11-t
2012-09-21,0.0,1.5596704297121648e-05,IEF,GARCH11-t
2012-09-24,0.0,1.456411570904729e-05,IEF,GARCH11-t
2012-09-25,0.0,1.4362939993250307e-05,IEF,GARCH11-t
2012-09-26,0.0,1.4436914513532985e-05,IEF,GARCH11-t
2012-09-27,0.0,1.4841160722653625e-05,IEF,GARCH11-t
2012-09-28,0.0,1.4199540483781702e-05,IEF,GARCH11-t
2012-10-01,0.0,1.2865380996551873e-05,IEF,GARCH11-t
2012-10-02,0.0,1.228505407773868e-05,IEF,GARCH11-t
2012-10-03,0.0,1.1408697711883692e-05,IEF,GARCH11-t
2012-10-04,0.0,1.0853118447355318e-05,IEF,GARCH11-t
2012-10-05,0.0,1.191705977817343e-05,IEF,GARCH11-t
2012-10-08,0.0,1.351076456461838e-05,IEF,GARCH11-t
2012-10-09,0.0,1.3234788152535858e-05,IEF,GARCH11-t
2012-10-10,0.0,1.2434597937547182e-05,IEF,GARCH11-t
2012-10-11,0.0,1.2119735777851104e-05,IEF,GARCH11-t
2012-10-12,0.0,1.1360305473499846e-05,IEF,GARCH11-t
2012-10-15,0.0,1.0486390264182855e-05,IEF,GARCH11-t
2012-10-16,0.0,1.0165183529262651e-05,IEF,GARCH11-t
2012-10-17,0.0,1.1769290779920969e-05,IEF,GARCH11-t
2012-10-18,0.0,1.512619750865819e-05,IEF,GARCH11-t
2012-10-19,0.0,1.2083446832399953e-05,IEF,GARCH11-t
2012-10-22,0.0,1.4228043152686048e-05,IEF,GARCH11-t
2012-10-23,0.0,1.4409392670446567e-05,IEF,GARCH11-t
2012-10-24,0.0,1.5434034679713035e-05,IEF,GARCH11-t
2012-10-25,0.0,1.4348293360537941e-05,IEF,GARCH11-t
2012-10-26,0.0,1.4569556401168847e-05,IEF,GARCH11-t
2012-10-31,0.0,1.5677430685236145e-05,IEF,GARCH11-t
2012-11-01,0.0,1.5629041143834774e-05,IEF,GARCH11-t
2012-11-02,0.0,1.439107505110004e-05,IEF,GARCH11-t
2012-11-05,0.0,1.4430316935694336e-05,IEF,GARCH11-t
2012-11-06,0.0,1.3920006054077079e-05,IEF,GARCH11-t
2012-11-07,0.0,1.3350870487864634e-05,IEF,GARCH11-t
2012-11-08,0.0,1.620069775126872e-05,IEF,GARCH11-t
2012-11-09,0.0,1.567709370951921e-05,IEF,GARCH11-t
2012-11-12,0.0,1.5256374878230164e-05,IEF,GARCH11-t
2012-11-13,0.0,1.3911529187031968e-05,IEF,GARCH11-t
2012-11-14,0.0,1.3414322572578978e-05,IEF,GARCH11-t
2012-11-15,0.0,1.2963578836336263e-05,IEF,GARCH11-t
2012-11-16,0.0,1.2342389620050124e-05,IEF,GARCH11-t
2012-11-19,0.0,1.1545018558521678e-05,IEF,GARCH11-t
2012-11-20,0.0,1.2191902041272126e-05,IEF,GARCH11-t
2012-11-21,0.0,1.3299280209145776e-05,IEF,GARCH11-t
2012-11-23,0.0,1.2040742137059732e-05,IEF,GARCH11-t
2012-11-26,0.0,1.2378423263757369e-05,IEF,GARCH11-t
2012-11-27,0.0,1.1471246724125243e-05,IEF,GARCH11-t
2012-11-28,0.0,1.256570492623745e-05,IEF,GARCH11-t
2012-11-29,0.0,1.0968176340048018e-05,IEF,GARCH11-t
2012-11-30,0.0,1.1895485396019684e-05,IEF,GARCH11-t
2012-12-03,0.0,9.535622980191494e-06,IEF,GARCH11-t
2012-12-04,0.0,1.0899005926685644e-05,IEF,GARCH11-t
2012-12-05,0.0,9.387559213246058e-06,IEF,GARCH11-t
2012-12-06,0.0,1.0373820376416417e-05,IEF,GARCH11-t
2012-12-07,0.0,1.0010186770182904e-05,IEF,GARCH11-t
2012-12-10,0.0,1.0084311416261441e-05,IEF,GARCH11-t
2012-12-11,0.0,8.753763013785813e-06,IEF,GARCH11-t
2012-12-12,0.0,8.742679470622435e-06,IEF,GARCH11-t
2012-12-13,0.0,1.032959839438107e-05,IEF,GARCH11-t
2012-12-14,0.0,1.1008685556858136e-05,IEF,GARCH11-t
2012-12-17,0.0,1.120359295848764e-05,IEF,GARCH11-t
2012-12-18,0.0,1.1520371610367556e-05,IEF,GARCH11-t
2012-12-19,0.0,1.2662855781464863e-05,IEF,GARCH11-t
2012-12-20,0.0,1.2026999566972373e-05,IEF,GARCH11-t
2012-12-21,0.0,1.0656378143705031e-05,IEF,GARCH11-t
2012-12-24,0.0,1.0726345869831226e-05,IEF,GARCH11-t
2012-12-26,0.0,1.0107594705303964e-05,IEF,GARCH11-t
2012-12-27,0.0,1.0340465966428853e-05,IEF,GARCH11-t
2012-12-28,0.0,9.886919985410406e-06,IEF,GARCH11-t
2012-12-31,0.0,1.0783577681847074e-05,IEF,GARCH11-t
2013-01-02,0.0,1.1820118575952917e-05,IEF,GARCH11-t
2013-01-03,0.0,1.369584351487833e-05,IEF,GARCH11-t
2013-01-04,0.0,1.6096891536682403e-05,IEF,GARCH11-t
2013-01-07,0.0,1.2299751825666963e-05,IEF,GARCH11-t
2013-01-08,0.0,1.1590561246511738e-05,IEF,GARCH11-t
2013-01-09,0.0,1.0892883444715064e-05,IEF,GARCH11-t
2013-01-10,0.0,1.0080297172846354e-05,IEF,GARCH11-t
2013-01-11,0.0,1.1041291349589355e-05,IEF,GARCH11-t
2013-01-14,0.0,1.138577987607619e-05,IEF,GARCH11-t
2013-01-15,0.0,1.09252201344104e-05,IEF,GARCH11-t
2013-01-16,0.0,9.757588792203339e-06,IEF,GARCH11-t
2013-01-17,0.0,9.910477136479979e-06,IEF,GARCH11-t
2013-01-18,0.0,1.2117919784551406e-05,IEF,GARCH11-t
2013-01-22,0.0,1.0919246421078943e-05,IEF,GARCH11-t
2013-01-23,0.0,1.0366172519778394e-05,IEF,GARCH11-t
2013-01-24,0.0,1.0092887389383494e-05,IEF,GARCH11-t
2013-01-25,0.0,9.472773652312305e-06,IEF,GARCH11-t
2013-01-28,0.0,1.3770591871630003e-05,IEF,GARCH11-t
2013-01-29,0.0,1.191320888850451e-05,IEF,GARCH11-t
2013-01-30,0.0,1.11446513513612e-05,IEF,GARCH11-t
2013-01-31,0.0,1.0177041943216096e-05,IEF,GARCH11-t
2013-02-01,0.0,9.92521399471666e-06,IEF,GARCH11-t
2013-02-04,0.0,1.05234844513258e-05,IEF,GARCH11-t
2013-02-05,0.0,1.2783347089097619e-05,IEF,GARCH11-t
2013-02-06,0.0,1.2729197437239537e-05,IEF,GARCH11-t
2013-02-07,0.0,1.2768189864673466e-05,IEF,GARCH11-t
2013-02-08,0.0,1.0712133990467591e-05,IEF,GARCH11-t
2013-02-11,0.0,9.951811264160469e-06,IEF,GARCH11-t
2013-02-12,0.0,9.403240613954492e-06,IEF,GARCH11-t
2013-02-13,0.0,9.064840404760297e-06,IEF,GARCH11-t
2013-02-14,0.0,1.0266532200293563e-05,IEF,GARCH11-t
2013-02-15,0.0,1.1991722200684805e-05,IEF,GARCH11-t
2013-02-19,0.0,1.0120230340115415e-05,IEF,GARCH11-t
2013-02-20,0.0,9.878666761291539e-06,IEF,GARCH11-t
2013-02-21,0.0,9.564823401362408e-06,IEF,GARCH11-t
2013-02-22,0.0,9.713611433944675e-06,IEF,GARCH11-t
2013-02-25,0.0,8.910734038663672e-06,IEF,GARCH11-t
2013-02-26,0.0,1.5341872941026133e-05,IEF,GARCH11-t
2013-02-27,0.0,1.2818831393835766e-05,IEF,GARCH11-t
2013-02-28,0.0,1.1492014971891542e-05,IEF,GARCH11-t
2013-03-01,0.0,1.060856587577527e-05,IEF,GARCH11-t
2013-03-04,0.0,1.0238114319566572e-05,IEF,GARCH11-t
2013-03-05,0.0,1.0392486084069281e-05,IEF,GARCH11-t
2013-03-06,0.0,9.639084098612694e-06,IEF,GARCH11-t
2013-03-07,0.0,1.043237460221533e-05,IEF,GARCH11-t
2013-03-08,0.0,1.0326945639047255e-05,IEF,GARCH11-t
2013-03-11,0.0,1.1364009972669034e-05,IEF,GARCH11-t
2013-03-12,0.0,1.0806007225385964e-05,IEF,GARCH11-t
2013-03-13,0.0,1.070020602800211e-05,IEF,GARCH11-t
2013-03-14,0.0,1.0274168046757367e-05,IEF,GARCH11-t
2013-03-15,0.0,9.879619912102186e-06,IEF,GARCH11-t
2013-03-18,0.0,1.0043573532902145e-05,IEF,GARCH11-t
2013-03-19,0.0,1.0438526007761735e-05,IEF,GARCH11-t
2013-03-20,0.0,1.0152856067685202e-05,IEF,GARCH11-t
2013-03-21,0.0,1.0837933675411923e-05,IEF,GARCH11-t
2013-03-22,0.0,1.071921256785596e-05,IEF,GARCH11-t
2013-03-25,0.0,9.961469912978965e-06,IEF,GARCH11-t
2013-03-26,0.0,8.911679599703152e-06,IEF,GARCH11-t
2013-03-27,0.0,9.086402589377912e-06,IEF,GARCH11-t
2013-03-28,0.0,1.0326439902875668e-05,IEF,GARCH11-t
2013-04-01,0.0,9.479262099142437e-06,IEF,GARCH11-t
2013-04-02,0.0,9.798799725667772e-06,IEF,GARCH11-t
2013-04-03,0.0,9.442962978511794e-06,IEF,GARCH11-t
2013-04-04,0.0,1.0389871331309718e-05,IEF,GARCH11-t
2013-04-05,0.0,1.0770389827237348e-05,IEF,GARCH11-t
2013-04-08,0.0,1.0156706168793013e-05,IEF,GARCH11-t
2013-04-09,0.0,1.0481471602253584e-05,IEF,GARCH11-t
2013-04-10,0.0,9.734795385912314e-06,IEF,GARCH11-t
2013-04-11,0.0,1.040942837495726e-05,IEF,GARCH11-t
2013-04-12,0.0,9.174798375474727e-06,IEF,GARCH11-t
2013-04-15,0.0,1.226362428585618e-05,IEF,GARCH11-t
2013-04-16,0.0,1.0894614065183255e-05,IEF,GARCH11-t
2013-04-17,0.0,9.853951146757262e-06,IEF,GARCH11-t
2013-04-18,0.0,9.590966423329297e-06,IEF,GARCH11-t
2013-04-19,0.0,1.0012527433916192e-05,IEF,GARCH11-t
2013-04-22,0.0,9.604932614839218e-06,IEF,GARCH11-t
2013-04-23,0.0,9.119653619065134e-06,IEF,GARCH11-t
2013-04-24,0.0,8.206136749536898e-06,IEF,GARCH11-t
2013-04-25,0.0,8.440360687357755e-06,IEF,GARCH11-t
2013-04-26,0.0,8.25681111218089e-06,IEF,GARCH11-t
2013-04-29,0.0,9.478223468835287e-06,IEF,GARCH11-t
2013-04-30,0.0,8.680121717328997e-06,IEF,GARCH11-t
2013-05-01,0.0,8.316190046387496e-06,IEF,GARCH11-t
2013-05-02,0.0,9.726691868693189e-06,IEF,GARCH11-t
2013-05-03,0.0,8.582487391914197e-06,IEF,GARCH11-t
2013-05-06,0.0,1.4314982537626374e-05,IEF,GARCH11-t
2013-05-07,0.0,1.0320348833085128e-05,IEF,GARCH11-t
2013-05-08,0.0,9.350257175365244e-06,IEF,GARCH11-t
2013-05-09,0.0,9.926571558482566e-06,IEF,GARCH11-t
2013-05-10,0.0,9.330085009522417e-06,IEF,GARCH11-t
2013-05-13,0.0,9.642309817009277e-06,IEF,GARCH11-t
2013-05-14,0.0,9.592733146602976e-06,IEF,GARCH11-t
2013-05-15,0.0,9.235595099981694e-06,IEF,GARCH11-t
2013-05-16,0.0,9.676126543706337e-06,IEF,GARCH11-t
2013-05-17,0.0,9.822739989538316e-06,IEF,GARCH11-t
2013-05-20,0.0,1.0101072984085422e-05,IEF,GARCH11-t
2013-05-21,0.0,1.000924030526985e-05,IEF,GARCH11-t
2013-05-22,0.0,9.963984677033285e-06,IEF,GARCH11-t
2013-05-23,0.0,1.0671569875065879e-05,IEF,GARCH11-t
2013-05-24,0.0,1.0905273811189715e-05,IEF,GARCH11-t
2013-05-28,0.0,1.0736111338029106e-05,IEF,GARCH11-t
2013-05-29,0.0,1.2473495219622963e-05,IEF,GARCH11-t
2013-05-30,0.0,1.2407408983735941e-05,IEF,GARCH11-t
2013-05-31,0.0,1.1571073892008064e-05,IEF,GARCH11-t
2013-06-03,0.0,1.1978707694104334e-05,IEF,GARCH11-t
2013-06-04,0.0,1.1465547693523786e-05,IEF,GARCH11-t
2013-06-05,0.0,1.1305167486098513e-05,IEF,GARCH11-t
2013-06-06,0.0,1.1178977095928368e-05,IEF,GARCH11-t
2013-06-07,0.0,1.087362912620342e-05,IEF,GARCH11-t
2013-06-10,0.0,1.15088740884003e-05,IEF,GARCH11-t
2013-06-11,0.0,1.0953694311032604e-05,IEF,GARCH11-t
2013-06-12,0.0,1.0811061719248124e-05,IEF,GARCH11-t
2013-06-13,0.0,1.1131837895397995e-05,IEF,GARCH11-t
2013-06-14,0.0,1.1965675992606364e-05,IEF,GARCH11-t
2013-06-17,0.0,1.142397494608076e-05,IEF,GARCH11-t
2013-06-18,0.0,1.1277745728568043e-05,IEF,GARCH11-t
2013-06-19,0.0,1.095350113519367e-05,IEF,GARCH11-t
2013-06-20,0.0,1.3943431216624356e-05,IEF,GARCH11-t
2013-06-21,0.0,1.5592521314984185e-05,IEF,GARCH11-t
2013-06-24,0.0,2.788436571568844e-05,IEF,GARCH11-t
2013-06-25,0.0,2.6466427350972207e-05,IEF,GARCH11-t
2013-06-26,0.0,2.6072425432698436e-05,IEF,GARCH11-t
2013-06-27,0.0,2.5096000599758468e-05,IEF,GARCH11-t
2013-06-28,0.0,2.4184087976079933e-05,IEF,GARCH11-t
2013-07-01,0.0,2.412199605762607e-05,IEF,GARCH11-t
2013-07-02,0.0,2.26162415950509e-05,IEF,GARCH11-t
2013-07-03,0.0,2.0153281917385807e-05,IEF,GARCH11-t
2013-07-05,0.0,1.420166391150702e-05,IEF,GARCH11-t
2013-07-08,0.0,3.2725619777280356e-05,IEF,GARCH11-t
2013-07-09,0.0,3.242798543589948e-05,IEF,GARCH11-t
2013-07-10,0.0,3.1933706634647945e-05,IEF,GARCH11-t
2013-07-11,0.0,2.9292725614038107e-05,IEF,GARCH11-t
2013-07-12,0.0,3.255507309273317e-05,IEF,GARCH11-t
2013-07-15,0.0,2.909706144505852e-05,IEF,GARCH11-t
2013-07-16,0.0,2.918710870893478e-05,IEF,GARCH11-t
2013-07-17,0.0,2.7409368581767176e-05,IEF,GARCH11-t
2013-07-18,0.0,2.6735419284202627e-05,IEF,GARCH11-t
2013-07-19,0.0,2.6241260202974484e-05,IEF,GARCH11-t
2013-07-22,0.0,2.7006498538139412e-05,IEF,GARCH11-t
2013-07-23,0.0,2.461532644975057e-05,IEF,GARCH11-t
2013-07-24,0.0,2.3222953364744177e-05,IEF,GARCH11-t
2013-07-25,0.0,2.4170584990458307e-05,IEF,GARCH11-t
2013-07-26,0.0,2.285182044754416e-05,IEF,GARCH11-t
2013-07-29,0.0,2.2933987353587374e-05,IEF,GARCH11-t
2013-07-30,0.0,2.0807911320346178e-05,IEF,GARCH11-t
2013-07-31,0.0,2.0242257902892903e-05,IEF,GARCH11-t
2013-08-01,0.0,1.8223796149107657e-05,IEF,GARCH11-t
2013-08-02,0.0,2.1215681712828365e-05,IEF,GARCH11-t
2013-08-05,0.0,2.367229119195862e-05,IEF,GARCH11-t
2013-08-06,0.0,2.2766282207683405e-05,IEF,GARCH11-t
2013-08-07,0.0,2.14534049978847e-05,IEF,GARCH11-t
2013-08-08,0.0,2.0867987385049958e-05,IEF,GARCH11-t
2013-08-09,0.0,2.198759444511277e-05,IEF,GARCH11-t
2013-08-12,0.0,1.8664726812835953e-05,IEF,GARCH11-t
2013-08-13,0.0,1.7820400553042736e-05,IEF,GARCH11-t
2013-08-14,0.0,2.1044306501604286e-05,IEF,GARCH11-t
2013-08-15,0.0,2.0356990553180614e-05,IEF,GARCH11-t
2013-08-16,0.0,2.033670458191881e-05,IEF,GARCH11-t
2013-08-19,0.0,1.9934325410225763e-05,IEF,GARCH11-t
2013-08-20,0.0,1.9732412974984108e-05,IEF,GARCH11-t
2013-08-21,0.0,2.011075414924858e-05,IEF,GARCH11-t
2013-08-22,0.0,2.1009890337254272e-05,IEF,GARCH11-t
2013-08-23,0.0,2.0625000909476416e-05,IEF,GARCH11-t
2013-08-26,0.0,2.1619316969219857e-05,IEF,GARCH11-t
2013-08-27,0.0,1.9321207251223812e-05,IEF,GARCH11-t
2013-08-28,0.0,1.9883922997792775e-05,IEF,GARCH11-t
2013-08-29,0.0,1.9619521335574713e-05,IEF,GARCH11-t
2013-08-30,0.0,1.8925649503660076e-05,IEF,GARCH11-t
2013-09-03,0.0,1.9828648924506775e-05,IEF,GARCH11-t
2013-09-04,0.0,1.8898885317714732e-05,IEF,GARCH11-t
2013-09-05,0.0,1.8464592935254896e-05,IEF,GARCH11-t
2013-09-06,0.0,2.0094349807601e-05,IEF,GARCH11-t
2013-09-09,0.0,2.0739106050865483e-05,IEF,GARCH11-t
2013-09-10,0.0,2.173408677328791e-05,IEF,GARCH11-t
2013-09-11,0.0,1.973368562158173e-05,IEF,GARCH11-t
2013-09-12,0.0,1.993658684873806e-05,IEF,GARCH11-t
2013-09-13,0.0,1.9004086668625496e-05,IEF,GARCH11-t
2013-09-16,0.0,1.8300349922029145e-05,IEF,GARCH11-t
2013-09-17,0.0,1.9799338236983758e-05,IEF,GARCH11-t
2013-09-18,0.0,1.8615195139944094e-05,IEF,GARCH11-t
2013-09-19,0.0,2.2805356253141827e-05,IEF,GARCH11-t
2013-09-20,0.0,2.3531503483482613e-05,IEF,GARCH11-t
2013-09-23,0.0,2.1260182112040047e-05,IEF,GARCH11-t
2013-09-24,0.0,2.135391614309623e-05,IEF,GARCH11-t
2013-09-25,0.0,2.0295022138520978e-05,IEF,GARCH11-t
2013-09-26,0.0,1.954860214711187e-05,IEF,GARCH11-t
2013-09-27,0.0,1.971746390372997e-05,IEF,GARCH11-t
2013-09-30,0.0,1.9087523424449236e-05,IEF,GARCH11-t
2013-10-01,0.0,1.6942675133828896e-05,IEF,GARCH11-t
2013-10-02,0.0,1.976230395648926e-05,IEF,GARCH11-t
2013-10-03,0.0,1.5980857272461416e-05,IEF,GARCH11-t
2013-10-04,0.0,1.6788472948022124e-05,IEF,GARCH11-t
2013-10-07,0.0,1.573064125834714e-05,IEF,GARCH11-t
2013-10-08,0.0,1.5679968219704322e-05,IEF,GARCH11-t
2013-10-09,0.0,1.533416104756306e-05,IEF,GARCH11-t
2013-10-10,0.0,1.3303919580629073e-05,IEF,GARCH11-t
2013-10-11,0.0,1.2831741713483556e-05,IEF,GARCH11-t
2013-10-14,0.0,1.1826263211835194e-05,IEF,GARCH11-t
2013-10-15,0.0,1.185624907582929e-05,IEF,GARCH11-t
2013-10-16,0.0,1.1316714749580398e-05,IEF,GARCH11-t
2013-10-17,0.0,1.2005684817143452e-05,IEF,GARCH11-t
2013-10-18,0.0,1.3253976587714081e-05,IEF,GARCH11-t
2013-10-21,0.0,1.2461040783610197e-05,IEF,GARCH11-t
2013-10-22,0.0,1.185916793223113e-05,IEF,GARCH11-t
2013-10-23,0.0,1.4207002648446752e-05,IEF,GARCH11-t
2013-10-24,0.0,1.4259318243115566e-05,IEF,GARCH11-t
2013-10-25,0.0,1.2792998459203285e-05,IEF,GARCH11-t
2013-10-28,0.0,1.2597643546735336e-05,IEF,GARCH11-t
2013-10-29,0.0,1.1788149154665711e-05,IEF,GARCH11-t
2013-10-30,0.0,1.1241800975371994e-05,IEF,GARCH11-t
2013-10-31,0.0,1.35264247879156e-05,IEF,GARCH11-t
2013-11-01,0.0,1.3299915411869229e-05,IEF,GARCH11-t
2013-11-04,0.0,1.395359372086858e-05,IEF,GARCH11-t
2013-11-05,0.0,1.3242016173926906e-05,IEF,GARCH11-t
2013-11-06,0.0,1.2871580224386196e-05,IEF,GARCH11-t
2013-11-07,0.0,1.238229689105856e-05,IEF,GARCH11-t
2013-11-08,0.0,1.3253790691534487e-05,IEF,GARCH11-t
2013-11-11,0.0,1.7584268361088827e-05,IEF,GARCH11-t
2013-11-12,0.0,1.6656083842003443e-05,IEF,GARCH11-t
2013-11-13,0.0,1.5820443202950337e-05,IEF,GARCH11-t
2013-11-14,0.0,1.671706752679259e-05,IEF,GARCH11-t
2013-11-15,0.0,1.7105217487488898e-05,IEF,GARCH11-t
2013-11-18,0.0,1.5434897864283046e-05,IEF,GARCH11-t
2013-11-19,0.0,1.6747641995392995e-05,IEF,GARCH11-t
2013-11-20,0.0,1.5212286911533957e-05,IEF,GARCH11-t
2013-11-21,0.0,1.5977196143916023e-05,IEF,GARCH11-t
2013-11-22,0.0,1.5136642519633126e-05,IEF,GARCH11-t
2013-11-25,0.0,1.5349724195868114e-05,IEF,GARCH11-t
2013-11-26,0.0,1.5582833631139265e-05,IEF,GARCH11-t
2013-11-27,0.0,1.481942589255861e-05,IEF,GARCH11-t
2013-11-29,0.0,1.4667869702658097e-05,IEF,GARCH11-t
2013-12-02,0.0,1.482406629551443e-05,IEF,GARCH11-t
2013-12-03,0.0,1.4952993574265836e-05,IEF,GARCH11-t
2013-12-04,0.0,1.404330098962681e-05,IEF,GARCH11-t
2013-12-05,0.0,1.4297260940880144e-05,IEF,GARCH11-t
2013-12-06,0.0,1.2736385930942216e-05,IEF,GARCH11-t
2013-12-09,0.0,1.218556720189498e-05,IEF,GARCH11-t
2013-12-10,0.0,1.1696307515399192e-05,IEF,GARCH11-t
2013-12-11,0.0,1.206102628244566e-05,IEF,GARCH11-t
2013-12-12,0.0,1.2276137940245918e-05,IEF,GARCH11-t
2013-12-13,0.0,1.369505410984543e-05,IEF,GARCH11-t
2013-12-16,0.0,1.3552906129094064e-05,IEF,GARCH11-t
2013-12-17,0.0,1.1485404375644297e-05,IEF,GARCH11-t
2013-12-18,0.0,1.1649078125311196e-05,IEF,GARCH11-t
2013-12-19,0.0,1.1404494821669832e-05,IEF,GARCH11-t
2013-12-20,0.0,1.1798873127380593e-05,IEF,GARCH11-t
2013-12-23,0.0,1.176122741512994e-05,IEF,GARCH11-t
2013-12-24,0.0,1.2552377176486208e-05,IEF,GARCH11-t
2013-12-26,0.0,1.2613687873699828e-05,IEF,GARCH11-t
2013-12-27,0.0,1.2206590834871936e-05,IEF,GARCH11-t
2013-12-30,0.0,1.1736273007373233e-05,IEF,GARCH11-t
2013-12-31,0.0,1.12571941484919e-05,IEF,GARCH11-t
2014-01-02,0.0,1.2967194807872471e-05,IEF,GARCH11-t
2014-01-03,0.0,1.2320893636763828e-05,IEF,GARCH11-t
2014-01-06,0.0,1.1198140267743936e-05,IEF,GARCH11-t
2014-01-07,0.0,1.1116254227113609e-05,IEF,GARCH11-t
2014-01-08,0.0,1.0768357380327733e-05,IEF,GARCH11-t
2014-01-09,0.0,1.2307259297058982e-05,IEF,GARCH11-t
2014-01-10,0.0,1.2421678878010106e-05,IEF,GARCH11-t
2014-01-13,0.0,1.4886338844082171e-05,IEF,GARCH11-t
2014-01-14,0.0,1.493811425359425e-05,IEF,GARCH11-t
2014-01-15,0.0,1.4177253325613043e-05,IEF,GARCH11-t
2014-01-16,0.0,1.4250343178241564e-05,IEF,GARCH11-t
2014-01-17,0.0,1.4228339367015856e-05,IEF,GARCH11-t
2014-01-21,0.0,1.400415857823088e-05,IEF,GARCH11-t
2014-01-22,0.0,1.340502126073556e-05,IEF,GARCH11-t
2014-01-23,0.0,1.3612502805766708e-05,IEF,GARCH11-t
2014-01-24,0.0,1.4385527998906748e-05,IEF,GARCH11-t
2014-01-27,0.0,1.439564853659416e-05,IEF,GARCH11-t
2014-01-28,0.0,1.4686380233888544e-05,IEF,GARCH11-t
2014-01-29,0.0,1.3798876950766465e-05,IEF,GARCH11-t
2014-01-30,0.0,1.4571321098683304e-05,IEF,GARCH11-t
2014-01-31,0.0,1.4460011419962192e-05,IEF,GARCH11-t
2014-02-03,0.0,1.3955270844225851e-05,IEF,GARCH11-t
2014-02-04,0.0,1.4208431966119306e-05,IEF,GARCH11-t
2014-02-05,0.0,1.469283771859261e-05,IEF,GARCH11-t
2014-02-06,0.0,1.4694147275559925e-05,IEF,GARCH11-t
2014-02-07,0.0,1.4583543309586884e-05,IEF,GARCH11-t
2014-02-10,0.0,1.4577643004456298e-05,IEF,GARCH11-t
2014-02-11,0.0,1.4356034551990071e-05,IEF,GARCH11-t
2014-02-12,0.0,1.4468949155400658e-05,IEF,GARCH11-t
2014-02-13,0.0,1.4170694791245563e-05,IEF,GARCH11-t
2014-02-14,0.0,1.4056841187234647e-05,IEF,GARCH11-t
2014-02-18,0.0,1.510576632136628e-05,IEF,GARCH11-t
2014-02-19,0.0,1.4241896206350991e-05,IEF,GARCH11-t
2014-02-20,0.0,1.4183226740144299e-05,IEF,GARCH11-t
2014-02-21,0.0,1.2714360807577428e-05,IEF,GARCH11-t
2014-02-24,0.0,1.1142729166115987e-05,IEF,GARCH11-t
2014-02-25,0.0,1.072217244701894e-05,IEF,GARCH11-t
2014-02-26,0.0,1.0818929830401206e-05,IEF,GARCH11-t
2014-02-27,0.0,1.0805256541476843e-05,IEF,GARCH11-t
2014-02-28,0.0,1.0427279710086834e-05,IEF,GARCH11-t
2014-03-03,0.0,1.2371406914177291e-05,IEF,GARCH11-t
2014-03-04,0.0,1.0894947238653896e-05,IEF,GARCH11-t
2014-03-05,0.0,1.3478472565584678e-05,IEF,GARCH11-t
2014-03-06,0.0,1.2907373724281011e-05,IEF,GARCH11-t
2014-03-07,0.0,1.4295197376067948e-05,IEF,GARCH11-t
2014-03-10,0.0,1.3591296863144758e-05,IEF,GARCH11-t
2014-03-11,0.0,1.2985964378669402e-05,IEF,GARCH11-t
2014-03-12,0.0,1.2439610696465703e-05,IEF,GARCH11-t
2014-03-13,0.0,1.2665171837754578e-05,IEF,GARCH11-t
2014-03-14,0.0,1.385575740198269e-05,IEF,GARCH11-t
2014-03-17,0.0,1.3202848390267486e-05,IEF,GARCH11-t
2014-03-18,0.0,1.3403331610610858e-05,IEF,GARCH11-t
2014-03-19,0.0,1.4253640368637598e-05,IEF,GARCH11-t
2014-03-20,0.0,1.6251234556464865e-05,IEF,GARCH11-t
2014-03-21,0.0,1.5292666104144063e-05,IEF,GARCH11-t
2014-03-24,0.0,1.561657257382321e-05,IEF,GARCH11-t
2014-03-25,0.0,1.4626609354902476e-05,IEF,GARCH11-t
2014-03-26,0.0,1.485627510914319e-05,IEF,GARCH11-t
2014-03-27,0.0,1.5018964320884552e-05,IEF,GARCH11-t
2014-03-28,0.0,1.4679766790473262e-05,IEF,GARCH11-t
2014-03-31,0.0,1.4878595191584788e-05,IEF,GARCH11-t
2014-04-01,0.0,1.4735695642460555e-05,IEF,GARCH11-t
2014-04-02,0.0,1.465927997028748e-05,IEF,GARCH11-t
2014-04-03,0.0,1.4733709723841223e-05,IEF,GARCH11-t
2014-04-04,0.0,1.385976651130801e-05,IEF,GARCH11-t
2014-04-07,0.0,1.565058259150588e-05,IEF,GARCH11-t
2014-04-08,0.0,1.5749801109650687e-05,IEF,GARCH11-t
2014-04-09,0.0,1.4004168698236173e-05,IEF,GARCH11-t
2014-04-10,0.0,1.5065882607277034e-05,IEF,GARCH11-t
2014-04-11,0.0,1.4415629401446082e-05,IEF,GARCH11-t
2014-04-14,0.0,1.545731040217337e-05,IEF,GARCH11-t
2014-04-15,0.0,1.5372698407124157e-05,IEF,GARCH11-t
2014-04-16,0.0,1.527010832886826e-05,IEF,GARCH11-t
2014-04-17,0.0,1.4689473113883763e-05,IEF,GARCH11-t
2014-04-21,0.0,1.3526628835629126e-05,IEF,GARCH11-t
2014-04-22,0.0,1.4404980977059164e-05,IEF,GARCH11-t
2014-04-23,0.0,1.429615895876028e-05,IEF,GARCH11-t
2014-04-24,0.0,1.4270745989843956e-05,IEF,GARCH11-t
2014-04-25,0.0,1.4165873288022636e-05,IEF,GARCH11-t
2014-04-28,0.0,1.2843442672897904e-05,IEF,GARCH11-t
2014-04-29,0.0,1.3977382285282438e-05,IEF,GARCH11-t
2014-04-30,0.0,1.3889570719904376e-05,IEF,GARCH11-t
2014-05-01,0.0,1.388318331080975e-05,IEF,GARCH11-t
2014-05-02,0.0,1.3865498917681396e-05,IEF,GARCH11-t
2014-05-05,0.0,1.3799174130737115e-05,IEF,GARCH11-t
2014-05-06,0.0,1.3515853856917526e-05,IEF,GARCH11-t
2014-05-07,0.0,1.1653208094004768e-05,IEF,GARCH11-t
2014-05-08,0.0,1.0937986382603343e-05,IEF,GARCH11-t
2014-05-09,0.0,1.3282976764035083e-05,IEF,GARCH11-t
2014-05-12,0.0,1.072323570729489e-05,IEF,GARCH11-t
2014-05-13,0.0,8.148317790604028e-06,IEF,GARCH11-t
2014-05-14,0.0,1.3235721779109914e-05,IEF,GARCH11-t
2014-05-15,0.0,1.3374115731341065e-05,IEF,GARCH11-t
2014-05-16,0.0,1.3432352226943534e-05,IEF,GARCH11-t
2014-05-19,0.0,1.3342727369427439e-05,IEF,GARCH11-t
2014-05-20,0.0,1.3199477445363224e-05,IEF,GARCH11-t
2014-05-21,0.0,1.3221484012565598e-05,IEF,GARCH11-t
2014-05-22,0.0,1.3150595355080274e-05,IEF,GARCH11-t
2014-05-23,0.0,1.2914020523054695e-05,IEF,GARCH11-t
2014-05-27,0.0,1.2884402665556247e-05,IEF,GARCH11-t
2014-05-28,0.0,7.952604201221145e-06,IEF,GARCH11-t
2014-05-29,0.0,1.2738812228406781e-05,IEF,GARCH11-t
2014-05-30,0.0,1.0651868929393769e-05,IEF,GARCH11-t
2014-06-02,0.0,1.255905942169841e-05,IEF,GARCH11-t
2014-06-03,0.0,1.2726896958594018e-05,IEF,GARCH11-t
2014-06-04,0.0,1.2961438881755145e-05,IEF,GARCH11-t
2014-06-05,0.0,1.2864588427813952e-05,IEF,GARCH11-t
2014-06-06,0.0,1.2744295593742583e-05,IEF,GARCH11-t
2014-06-09,0.0,8.902019560260987e-06,IEF,GARCH11-t
2014-06-10,0.0,1.244991477273496e-05,IEF,GARCH11-t
2014-06-11,0.0,8.43196059259449e-06,IEF,GARCH11-t
2014-06-12,0.0,8.682093500193183e-06,IEF,GARCH11-t
2014-06-13,0.0,8.515651500798746e-06,IEF,GARCH11-t
2014-06-16,0.0,8.902221365213005e-06,IEF,GARCH11-t
2014-06-17,0.0,7.921810573916877e-06,IEF,GARCH11-t
2014-06-18,0.0,9.147019663418862e-06,IEF,GARCH11-t
2014-06-19,0.0,9.737384589024511e-06,IEF,GARCH11-t
2014-06-20,0.0,1.2018062782783803e-05,IEF,GARCH11-t
2014-06-23,0.0,1.1897712192750627e-05,IEF,GARCH11-t
2014-06-24,0.0,1.1520994946572541e-05,IEF,GARCH11-t
2014-06-25,0.0,1.1637584634093077e-05,IEF,GARCH11-t
2014-06-26,0.0,1.1565131585863925e-05,IEF,GARCH11-t
2014-06-27,0.0,1.1529691346002821e-05,IEF,GARCH11-t
2014-06-30,0.0,1.1374340807882703e-05,IEF,GARCH11-t
2014-07-01,0.0,1.130257298494387e-05,IEF,GARCH11-t
2014-07-02,0.0,1.1364345980470478e-05,IEF,GARCH11-t
2014-07-03,0.0,9.137058071809076e-06,IEF,GARCH11-t
2014-07-07,0.0,8.974129232054634e-06,IEF,GARCH11-t
2014-07-08,0.0,1.0694345475932843e-05,IEF,GARCH11-t
2014-07-09,0.0,1.0790554132636697e-05,IEF,GARCH11-t
2014-07-10,0.0,9.474058848640707e-06,IEF,GARCH11-t
2014-07-11,0.0,1.064962380970935e-05,IEF,GARCH11-t
2014-07-14,0.0,1.03418015150088e-05,IEF,GARCH11-t
2014-07-15,0.0,9.37119926542338e-06,IEF,GARCH11-t
2014-07-16,0.0,1.0236633507624912e-05,IEF,GARCH11-t
2014-07-17,0.0,1.0190440197575598e-05,IEF,GARCH11-t
2014-07-18,0.0,9.420917133649646e-06,IEF,GARCH11-t
2014-07-21,0.0,9.372489736232664e-06,IEF,GARCH11-t
2014-07-22,0.0,1.0249723959913119e-05,IEF,GARCH11-t
2014-07-23,0.0,1.0194407650282323e-05,IEF,GARCH11-t
2014-07-24,0.0,1.0117590958716558e-05,IEF,GARCH11-t
2014-07-25,0.0,1.0132039440934346e-05,IEF,GARCH11-t
2014-07-28,0.0,1.0240593537932934e-05,IEF,GARCH11-t
2014-07-29,0.0,8.965479345660458e-06,IEF,GARCH11-t
2014-07-30,0.0,1.0116895769443971e-05,IEF,GARCH11-t
2014-07-31,0.0,1.0672559193796708e-05,IEF,GARCH11-t
2014-08-01,0.0,1.0587301143025302e-05,IEF,GARCH11-t
2014-08-04,0.0,1.0729713343780748e-05,IEF,GARCH11-t
2014-08-05,0.0,1.0450852831963466e-05,IEF,GARCH11-t
2014-08-06,0.0,9.428695407167606e-06,IEF,GARCH11-t
2014-08-07,0.0,1.0263413733422864e-05,IEF,GARCH11-t
2014-08-08,0.0,1.0403269746898799e-05,IEF,GARCH11-t
2014-08-11,0.0,9.188266939023565e-06,IEF,GARCH11-t
2014-08-12,0.0,8.983739646054277e-06,IEF,GARCH11-t
2014-08-13,0.0,1.017237569741817e-05,IEF,GARCH11-t
2014-08-14,0.0,1.0007268168854574e-05,IEF,GARCH11-t
2014-08-15,0.0,9.975733373408642e-06,IEF,GARCH11-t
2014-08-18,0.0,1.0017206999026782e-05,IEF,GARCH11-t
2014-08-19,0.0,1.00204927954691e-05,IEF,GARCH11-t
2014-08-20,0.0,8.890283522399329e-06,IEF,GARCH11-t
2014-08-21,0.0,9.856008606220698e-06,IEF,GARCH11-t
2014-08-22,0.0,8.929334037255966e-06,IEF,GARCH11-t
2014-08-25,0.0,9.645848594693846e-06,IEF,GARCH11-t
2014-08-26,0.0,9.492151580618435e-06,IEF,GARCH11-t
2014-08-27,0.0,9.407179683944017e-06,IEF,GARCH11-t
2014-08-28,0.0,9.345883795759546e-06,IEF,GARCH11-t
2014-08-29,0.0,9.251395091403465e-06,IEF,GARCH11-t
2014-09-02,0.0,9.17788301743654e-06,IEF,GARCH11-t
2014-09-03,0.0,9.618947131370101e-06,IEF,GARCH11-t
2014-09-04,0.0,9.47940607789867e-06,IEF,GARCH11-t
2014-09-05,0.0,1.0156645247950877e-05,IEF,GARCH11-t
2014-09-08,0.0,9.29709323743602e-06,IEF,GARCH11-t
2014-09-09,0.0,9.136273731787874e-06,IEF,GARCH11-t
2014-09-10,0.0,8.530589546192358e-06,IEF,GARCH11-t
2014-09-11,0.0,9.067215460160525e-06,IEF,GARCH11-t
2014-09-12,0.0,8.945680896346718e-06,IEF,GARCH11-t
2014-09-15,0.0,8.526573286577172e-06,IEF,GARCH11-t
2014-09-16,0.0,8.381432836304807e-06,IEF,GARCH11-t
2014-09-17,0.0,8.935429807910454e-06,IEF,GARCH11-t
2014-09-18,0.0,9.700364124087282e-06,IEF,GARCH11-t
2014-09-19,0.0,8.899558487217736e-06,IEF,GARCH11-t
2014-09-22,0.0,8.99899363781029e-06,IEF,GARCH11-t
2014-09-23,0.0,8.994179951772956e-06,IEF,GARCH11-t
2014-09-24,0.0,8.943699386120136e-06,IEF,GARCH11-t
2014-09-25,0.0,8.943634602973131e-06,IEF,GARCH11-t
2014-09-26,0.0,9.173260488614955e-06,IEF,GARCH11-t
2014-09-29,0.0,9.137301881657126e-06,IEF,GARCH11-t
2014-09-30,0.0,9.191946755918398e-06,IEF,GARCH11-t
2014-10-01,0.0,9.112704181467767e-06,IEF,GARCH11-t
2014-10-02,0.0,1.0379719402167229e-05,IEF,GARCH11-t
2014-10-03,0.0,9.945719641775145e-06,IEF,GARCH11-t
2014-10-06,0.0,9.346004223991674e-06,IEF,GARCH11-t
2014-10-07,0.0,9.235338864843955e-06,IEF,GARCH11-t
2014-10-08,0.0,9.613993185732229e-06,IEF,GARCH11-t
2014-10-09,0.0,9.676403976680108e-06,IEF,GARCH11-t
2014-10-10,0.0,9.610114822450325e-06,IEF,GARCH11-t
2014-10-13,0.0,9.546678700262808e-06,IEF,GARCH11-t
2014-10-14,0.0,9.939068639573169e-06,IEF,GARCH11-t
2014-10-15,0.0,9.858553768553268e-06,IEF,GARCH11-t
2014-10-16,0.0,1.0162348624089048e-05,IEF,GARCH11-t
2014-10-17,0.0,9.785547864216684e-06,IEF,GARCH11-t
2014-10-20,0.0,1.000604691703688e-05,IEF,GARCH11-t
2014-10-21,0.0,9.927978697917774e-06,IEF,GARCH11-t
2014-10-22,0.0,9.920439812707602e-06,IEF,GARCH11-t
2014-10-23,0.0,9.69323842997599e-06,IEF,GARCH11-t
2014-10-24,0.0,9.65420344013024e-06,IEF,GARCH11-t
2014-10-27,0.0,9.583233106282062e-06,IEF,GARCH11-t
2014-10-28,0.0,9.615025562728285e-06,IEF,GARCH11-t
2014-10-29,0.0,9.245091253681136e-06,IEF,GARCH11-t
2014-10-30,0.0,9.637343888291684e-06,IEF,GARCH11-t
2014-10-31,0.0,9.539442834539957e-06,IEF,GARCH11-t
2014-11-03,0.0,9.544557267736004e-06,IEF,GARCH11-t
2014-11-04,0.0,9.308073951383447e-06,IEF,GARCH11-t
2014-11-05,0.0,9.278215804556322e-06,IEF,GARCH11-t
2014-11-06,0.0,9.14597510480379e-06,IEF,GARCH11-t
2014-11-07,0.0,9.171912207946445e-06,IEF,GARCH11-t
2014-11-10,0.0,9.659018173249311e-06,IEF,GARCH11-t
2014-11-11,0.0,9.33026015100888e-06,IEF,GARCH11-t
2014-11-12,0.0,9.225227453892303e-06,IEF,GARCH11-t
2014-11-13,0.0,9.096584003030184e-06,IEF,GARCH11-t
2014-11-14,0.0,9.009732432258493e-06,IEF,GARCH11-t
2014-11-17,0.0,8.922031560925247e-06,IEF,GARCH11-t
2014-11-18,0.0,8.864606836217905e-06,IEF,GARCH11-t
2014-11-19,0.0,8.77111502625171e-06,IEF,GARCH11-t
2014-11-20,0.0,9.57047440655318e-06,IEF,GARCH11-t
2014-11-21,0.0,8.630774488314058e-06,IEF,GARCH11-t
2014-11-24,0.0,8.623721507462544e-06,IEF,GARCH11-t
2014-11-25,0.0,8.555491636826678e-06,IEF,GARCH11-t
2014-11-26,0.0,9.015441893230306e-06,IEF,GARCH11-t
2014-11-28,0.0,8.418425400355614e-06,IEF,GARCH11-t
2014-12-01,0.0,8.519968371820127e-06,IEF,GARCH11-t
2014-12-02,0.0,8.519012316501849e-06,IEF,GARCH11-t
2014-12-03,0.0,8.737033109600666e-06,IEF,GARCH11-t
2014-12-04,0.0,8.558393420562216e-06,IEF,GARCH11-t
2014-12-05,0.0,8.581278670686971e-06,IEF,GARCH11-t
2014-12-08,0.0,8.884001174801086e-06,IEF,GARCH11-t
2014-12-09,0.0,8.934586177121361e-06,IEF,GARCH11-t
2014-12-10,0.0,9.016859306875554e-06,IEF,GARCH11-t
2014-12-11,0.0,9.141716174147478e-06,IEF,GARCH11-t
2014-12-12,0.0,9.046839217325892e-06,IEF,GARCH11-t
2014-12-15,0.0,9.777809586694617e-06,IEF,GARCH11-t
2014-12-16,0.0,9.617197379399611e-06,IEF,GARCH11-t
2014-12-17,0.0,1.0047568814629249e-05,IEF,GARCH11-t
2014-12-18,0.0,1.0356993235965957e-05,IEF,GARCH11-t
2014-12-19,0.0,1.4072879388040912e-05,IEF,GARCH11-t
2014-12-22,0.0,1.4036380461723447e-05,IEF,GARCH11-t
2014-12-23,0.0,1.0651101473754463e-05,IEF,GARCH11-t
2014-12-24,0.0,1.5682151605086134e-05,IEF,GARCH11-t
2014-12-26,0.0,1.4303159448504769e-05,IEF,GARCH11-t
2014-12-29,0.0,1.3659162987490021e-05,IEF,GARCH11-t
2014-12-30,0.0,1.2851716035653958e-05,IEF,GARCH11-t
2014-12-31,0.0,1.1992086464300393e-05,IEF,GARCH11-t
2015-01-02,0.0,1.2052117603957808e-05,IEF,GARCH11-t
2015-01-05,0.0,1.1854421192383141e-05,IEF,GARCH11-t
2015-01-06,0.0,1.2931525276754795e-05,IEF,GARCH11-t
2015-01-07,0.0,1.4535170641077724e-05,IEF,GARCH11-t
2015-01-08,0.0,1.3485517440648323e-05,IEF,GARCH11-t
2015-01-09,0.0,1.2731574313894294e-05,IEF,GARCH11-t
2015-01-12,0.0,1.3106854479491385e-05,IEF,GARCH11-t
2015-01-13,0.0,1.2808000781403866e-05,IEF,GARCH11-t
2015-01-14,0.0,1.1898204523175516e-05,IEF,GARCH11-t
2015-01-15,0.0,1.3623673897561169e-05,IEF,GARCH11-t
2015-01-16,0.0,1.5138711724232521e-05,IEF,GARCH11-t
2015-01-20,0.0,1.9505764464388043e-05,IEF,GARCH11-t
2015-01-21,0.0,1.8609128253234595e-05,IEF,GARCH11-t
2015-01-22,0.0,1.8674859320054947e-05,IEF,GARCH11-t
2015-01-23,0.0,1.4675855023456876e-05,IEF,GARCH11-t
2015-01-26,0.0,1.8962994482732335e-05,IEF,GARCH11-t
2015-01-27,0.0,1.8093910728014553e-05,IEF,GARCH11-t
2015-01-28,0.0,1.4980920522744509e-05,IEF,GARCH11-t
2015-01-29,0.0,1.9132893755602017e-05,IEF,GARCH11-t
2015-01-30,0.0,1.8625014876058243e-05,IEF,GARCH11-t
2015-02-02,0.0,2.142069244711473e-05,IEF,GARCH11-t
2015-02-03,0.0,2.0200572575801472e-05,IEF,GARCH11-t
2015-02-04,0.0,2.2638562956636432e-05,IEF,GARCH11-t
2015-02-05,0.0,2.1400737911466165e-05,IEF,GARCH11-t
2015-02-06,0.0,2.0791128110832596e-05,IEF,GARCH11-t
2015-02-09,0.0,3.3721727649451806e-05,IEF,GARCH11-t
2015-02-10,0.0,2.7136548924173513e-05,IEF,GARCH11-t
2015-02-11,0.0,2.3267893616332356e-05,IEF,GARCH11-t
2015-02-12,0.0,2.185218144416515e-05,IEF,GARCH11-t
2015-02-13,0.0,2.054981295265419e-05,IEF,GARCH11-t
2015-02-17,0.0,2.185657252853751e-05,IEF,GARCH11-t
2015-02-18,0.0,2.2743907756960633e-05,IEF,GARCH11-t
2015-02-19,0.0,2.1208520877143037e-05,IEF,GARCH11-t
2015-02-20,0.0,2.2354346135136666e-05,IEF,GARCH11-t
2015-02-23,0.0,2.005037123853585e-05,IEF,GARCH11-t
2015-02-24,0.0,1.907027232521605e-05,IEF,GARCH11-t
2015-02-25,0.0,2.1177171217560797e-05,IEF,GARCH11-t
2015-02-26,0.0,1.971430576848872e-05,IEF,GARCH11-t
2015-02-27,0.0,1.9752943198828936e-05,IEF,GARCH11-t
2015-03-02,0.0,1.9245137769333664e-05,IEF,GARCH11-t
2015-03-03,0.0,2.0989321084925814e-05,IEF,GARCH11-t
2015-03-04,0.0,1.997273014985755e-05,IEF,GARCH11-t
2015-03-05,0.0,1.8776571957221423e-05,IEF,GARCH11-t
2015-03-06,0.0,2.027093276062009e-05,IEF,GARCH11-t
2015-03-09,0.0,2.2091642554340128e-05,IEF,GARCH11-t
2015-03-10,0.0,2.186477488965844e-05,IEF,GARCH11-t
2015-03-11,0.0,2.2241326727203655e-05,IEF,GARCH11-t
2015-03-12,0.0,2.0395151909468878e-05,IEF,GARCH11-t
2015-03-13,0.0,2.0987790623561436e-05,IEF,GARCH11-t
2015-03-16,0.0,1.9255238085900273e-05,IEF,GARCH11-t
2015-03-17,0.0,1.779218774717103e-05,IEF,GARCH11-t
2015-03-18,0.0,1.69862339194032e-05,IEF,GARCH11-t
2015-03-19,0.0,2.2692132619855418e-05,IEF,GARCH11-t
2015-03-20,0.0,2.2393080782855466e-05,IEF,GARCH11-t
2015-03-23,0.0,2.302328422657148e-05,IEF,GARCH11-t
2015-03-24,0.0,2.321083297324192e-05,IEF,GARCH11-t
2015-03-25,0.0,1.9980575537973432e-05,IEF,GARCH11-t
2015-03-26,0.0,1.9787807617850297e-05,IEF,GARCH11-t
2015-03-27,0.0,2.17462866711806e-05,IEF,GARCH11-t
2015-03-30,0.0,1.986700643391263e-05,IEF,GARCH11-t
2015-03-31,0.0,1.9534128251054318e-05,IEF,GARCH11-t
2015-04-01,0.0,1.7996037612550175e-05,IEF,GARCH11-t
2015-04-02,0.0,1.8134238354777287e-05,IEF,GARCH11-t
2015-04-06,0.0,1.7512124148933326e-05,IEF,GARCH11-t
2015-04-07,0.0,1.6622063941843666e-05,IEF,GARCH11-t
2015-04-08,0.0,1.6720385102782036e-05,IEF,GARCH11-t
2015-04-09,0.0,1.580667694555455e-05,IEF,GARCH11-t
2015-04-10,0.0,1.493590662551284e-05,IEF,GARCH11-t
2015-04-13,0.0,1.4937014108223986e-05,IEF,GARCH11-t
2015-04-14,0.0,1.3593852432618782e-05,IEF,GARCH11-t
2015-04-15,0.0,1.3330661727102883e-05,IEF,GARCH11-t
2015-04-16,0.0,1.4549003374693893e-05,IEF,GARCH11-t
2015-04-17,0.0,1.2047004552497356e-05,IEF,GARCH11-t
2015-04-20,0.0,1.1657891262249228e-05,IEF,GARCH11-t
2015-04-21,0.0,1.1226150987431961e-05,IEF,GARCH11-t
2015-04-22,0.0,1.091529184111366e-05,IEF,GARCH11-t
2015-04-23,0.0,1.3159994474420893e-05,IEF,GARCH11-t
2015-04-24,0.0,1.1999332016378319e-05,IEF,GARCH11-t
2015-04-27,0.0,1.2036409722542697e-05,IEF,GARCH11-t
2015-04-28,0.0,1.2549761386811347e-05,IEF,GARCH11-t
2015-04-29,0.0,1.2097210177463522e-05,IEF,GARCH11-t
2015-04-30,0.0,1.2205887873688395e-05,IEF,GARCH11-t
2015-05-01,0.0,1.160036861852132e-05,IEF,GARCH11-t
2015-05-04,0.0,1.256811276402444e-05,IEF,GARCH11-t
2015-05-05,0.0,1.2157489140688071e-05,IEF,GARCH11-t
2015-05-06,0.0,1.1706386770315886e-05,IEF,GARCH11-t
2015-05-07,0.0,1.2367642142289705e-05,IEF,GARCH11-t
2015-05-08,0.0,1.2677589541833514e-05,IEF,GARCH11-t
2015-05-11,0.0,1.2804067811783566e-05,IEF,GARCH11-t
2015-05-12,0.0,1.716551803490054e-05,IEF,GARCH11-t
2015-05-13,0.0,1.7275851917751946e-05,IEF,GARCH11-t
2015-05-14,0.0,1.5452533058677677e-05,IEF,GARCH11-t
2015-05-15,0.0,1.5203876090453195e-05,IEF,GARCH11-t
2015-05-18,0.0,1.700093712219111e-05,IEF,GARCH11-t
2015-05-19,0.0,1.841518250076028e-05,IEF,GARCH11-t
2015-05-20,0.0,2.0680659509375268e-05,IEF,GARCH11-t
2015-05-21,0.0,1.7620771942995952e-05,IEF,GARCH11-t
2015-05-22,0.0,1.8459359381075928e-05,IEF,GARCH11-t
2015-05-26,0.0,1.9837240209883678e-05,IEF,GARCH11-t
2015-05-27,0.0,1.8695787343388806e-05,IEF,GARCH11-t
2015-05-28,0.0,1.987682525558312e-05,IEF,GARCH11-t
2015-05-29,0.0,1.6730597409777508e-05,IEF,GARCH11-t
2015-06-01,0.0,1.584865023974775e-05,IEF,GARCH11-t
2015-06-02,0.0,1.6013060320431952e-05,IEF,GARCH11-t
2015-06-03,0.0,1.7640969596186072e-05,IEF,GARCH11-t
2015-06-04,0.0,2.040588949732162e-05,IEF,GARCH11-t
2015-06-05,0.0,2.0467719088341663e-05,IEF,GARCH11-t
2015-06-08,0.0,2.2007330852123284e-05,IEF,GARCH11-t
2015-06-09,0.0,2.0859630367289205e-05,IEF,GARCH11-t
2015-06-10,0.0,2.0227904417623673e-05,IEF,GARCH11-t
2015-06-11,0.0,2.1478527419867074e-05,IEF,GARCH11-t
2015-06-12,0.0,2.1917068005939673e-05,IEF,GARCH11-t
2015-06-15,0.0,2.3136604294418714e-05,IEF,GARCH11-t
2015-06-16,0.0,2.112142160534479e-05,IEF,GARCH11-t
2015-06-17,0.0,2.0813423023546004e-05,IEF,GARCH11-t
2015-06-18,0.0,1.8388516953064697e-05,IEF,GARCH11-t
2015-06-19,0.0,1.7392885839681257e-05,IEF,GARCH11-t
2015-06-22,0.0,2.03283865013874e-05,IEF,GARCH11-t
2015-06-23,0.0,2.0591977397837795e-05,IEF,GARCH11-t
2015-06-24,0.0,1.9926319598420074e-05,IEF,GARCH11-t
2015-06-25,0.0,2.199096799206835e-05,IEF,GARCH11-t
2015-06-26,0.0,1.8524798308087523e-05,IEF,GARCH11-t
2015-06-29,0.0,2.0069852482985824e-05,IEF,GARCH11-t
2015-06-30,0.0,2.4514753120185687e-05,IEF,GARCH11-t
2015-07-01,0.0,2.66879240128482e-05,IEF,GARCH11-t
2015-07-02,0.0,2.355670296625517e-05,IEF,GARCH11-t
2015-07-06,0.0,2.479976617184952e-05,IEF,GARCH11-t
2015-07-07,0.0,2.7422879235970877e-05,IEF,GARCH11-t
2015-07-08,0.0,2.3072552167169022e-05,IEF,GARCH11-t
2015-07-09,0.0,2.5433990890989675e-05,IEF,GARCH11-t
2015-07-10,0.0,2.37953978786904e-05,IEF,GARCH11-t
2015-07-13,0.0,2.7203640355777217e-05,IEF,GARCH11-t
2015-07-14,0.0,2.385872285434166e-05,IEF,GARCH11-t
2015-07-15,0.0,2.3016032340747825e-05,IEF,GARCH11-t
2015-07-16,0.0,2.247173026690775e-05,IEF,GARCH11-t
2015-07-17,0.0,2.1228648498395033e-05,IEF,GARCH11-t
2015-07-20,0.0,2.002989228421818e-05,IEF,GARCH11-t
2015-07-21,0.0,2.1015019264531442e-05,IEF,GARCH11-t
2015-07-22,0.0,2.0223490672620166e-05,IEF,GARCH11-t
2015-07-23,0.0,1.7624130092543698e-05,IEF,GARCH11-t
2015-07-24,0.0,1.756287086340484e-05,IEF,GARCH11-t
2015-07-27,0.0,1.6684591024931366e-05,IEF,GARCH11-t
2015-07-28,0.0,1.6380516912907673e-05,IEF,GARCH11-t
2015-07-29,0.0,1.5964497723539983e-05,IEF,GARCH11-t
2015-07-30,0.0,1.5270755261904142e-05,IEF,GARCH11-t
2015-07-31,0.0,1.605180561571183e-05,IEF,GARCH11-t
2015-08-03,0.0,1.5581229768107873e-05,IEF,GARCH11-t
2015-08-04,0.0,1.5247153780241965e-05,IEF,GARCH11-t
2015-08-05,0.0,1.8018327086216946e-05,IEF,GARCH11-t
2015-08-06,0.0,1.5845820578540282e-05,IEF,GARCH11-t
2015-08-07,0.0,1.5684041742151945e-05,IEF,GARCH11-t
2015-08-10,0.0,1.56863633564563e-05,IEF,GARCH11-t
2015-08-11,0.0,1.8147493657353223e-05,IEF,GARCH11-t
2015-08-12,0.0,1.881325760323857e-05,IEF,GARCH11-t
2015-08-13,0.0,1.8666865322705353e-05,IEF,GARCH11-t
2015-08-14,0.0,1.5875795597090307e-05,IEF,GARCH11-t
2015-08-17,0.0,1.5142667815855136e-05,IEF,GARCH11-t
2015-08-18,0.0,1.4555426404779877e-05,IEF,GARCH11-t
2015-08-19,0.0,1.537466911865744e-05,IEF,GARCH11-t
2015-08-20,0.0,1.6781287042617527e-05,IEF,GARCH11-t
2015-08-21,0.0,1.4857555702781348e-05,IEF,GARCH11-t
2015-08-24,0.0,1.7638703727878264e-05,IEF,GARCH11-t
2015-08-25,0.0,1.438571588291903e-05,IEF,GARCH11-t
2015-08-26,0.0,1.7797221522970627e-05,IEF,GARCH11-t
2015-08-27,0.0,1.9170690091380088e-05,IEF,GARCH11-t
2015-08-28,0.0,1.5651786552244892e-05,IEF,GARCH11-t
2015-08-31,0.0,1.714412291059713e-05,IEF,GARCH11-t
2015-09-01,0.0,1.4329088506221842e-05,IEF,GARCH11-t
2015-09-02,0.0,1.4641427888048953e-05,IEF,GARCH11-t
2015-09-03,0.0,1.4326364698161254e-05,IEF,GARCH11-t
2015-09-04,0.0,1.3947406193433505e-05,IEF,GARCH11-t
2015-09-08,0.0,1.3792285162654575e-05,IEF,GARCH11-t
2015-09-09,0.0,1.6617942981248676e-05,IEF,GARCH11-t
2015-09-10,0.0,1.349656764048802e-05,IEF,GARCH11-t
2015-09-11,0.0,1.313956695516166e-05,IEF,GARCH11-t
2015-09-14,0.0,1.2906653749840571e-05,IEF,GARCH11-t
2015-09-15,0.0,1.2367059101647704e-05,IEF,GARCH11-t
2015-09-16,0.0,1.5027052235371729e-05,IEF,GARCH11-t
2015-09-17,0.0,1.6417549938408335e-05,IEF,GARCH11-t
2015-09-18,0.0,1.7154246421136784e-05,IEF,GARCH11-t
2015-09-21,0.0,1.9949715742208857e-05,IEF,GARCH11-t
2015-09-22,0.0,1.9218076481661212e-05,IEF,GARCH11-t
2015-09-23,0.0,1.9512475231565562e-05,IEF,GARCH11-t
2015-09-24,0.0,1.9376607057290658e-05,IEF,GARCH11-t
2015-09-25,0.0,1.8983845047591206e-05,IEF,GARCH11-t
2015-09-28,0.0,1.634001475045902e-05,IEF,GARCH11-t
2015-09-29,0.0,1.9578453752625278e-05,IEF,GARCH11-t
2015-09-30,0.0,1.6931514937416943e-05,IEF,GARCH11-t
2015-10-01,0.0,1.6485697524221307e-05,IEF,GARCH11-t
2015-10-02,0.0,1.5269737765591392e-05,IEF,GARCH11-t
2015-10-05,0.0,1.5718413947094725e-05,IEF,GARCH11-t
2015-10-06,0.0,1.9261880248805237e-05,IEF,GARCH11-t
2015-10-07,0.0,1.5939305154064514e-05,IEF,GARCH11-t
2015-10-08,0.0,1.545262850792713e-05,IEF,GARCH11-t
2015-10-09,0.0,1.770732363231976e-05,IEF,GARCH11-t
2015-10-12,0.0,1.4351879756369478e-05,IEF,GARCH11-t
2015-10-13,0.0,1.5123353742966759e-05,IEF,GARCH11-t
2015-10-14,0.0,1.3606157264124322e-05,IEF,GARCH11-t
2015-10-15,0.0,1.4511283183850132e-05,IEF,GARCH11-t
2015-10-16,0.0,1.6476336660110454e-05,IEF,GARCH11-t
2015-10-19,0.0,1.3760985523071305e-05,IEF,GARCH11-t
2015-10-20,0.0,1.3140628980671225e-05,IEF,GARCH11-t
2015-10-21,0.0,1.4848236577945423e-05,IEF,GARCH11-t
2015-10-22,0.0,1.3176107642830785e-05,IEF,GARCH11-t
2015-10-23,0.0,1.2648765684224054e-05,IEF,GARCH11-t
2015-10-26,0.0,1.3723496426950315e-05,IEF,GARCH11-t
2015-10-27,0.0,1.665073026829632e-05,IEF,GARCH11-t
2015-10-28,0.0,1.3172617371050016e-05,IEF,GARCH11-t
2015-10-29,0.0,1.584300096993623e-05,IEF,GARCH11-t
2015-10-30,0.0,1.6589364183943984e-05,IEF,GARCH11-t
2015-11-02,0.0,1.652979189548718e-05,IEF,GARCH11-t
2015-11-03,0.0,1.6220132188260403e-05,IEF,GARCH11-t
2015-11-04,0.0,1.5894372806510286e-05,IEF,GARCH11-t
2015-11-05,0.0,1.5312549229045583e-05,IEF,GARCH11-t
2015-11-06,0.0,1.4784647617448837e-05,IEF,GARCH11-t
2015-11-09,0.0,1.6730105305184793e-05,IEF,GARCH11-t
2015-11-10,0.0,1.602753104007011e-05,IEF,GARCH11-t
2015-11-11,0.0,1.5719576479708716e-05,IEF,GARCH11-t
2015-11-12,0.0,1.5575414003357647e-05,IEF,GARCH11-t
2015-11-13,0.0,1.4457069046854618e-05,IEF,GARCH11-t
2015-11-16,0.0,1.6066666360000448e-05,IEF,GARCH11-t
2015-11-17,0.0,1.4387387826629597e-05,IEF,GARCH11-t
2015-11-18,0.0,1.3836610655266704e-05,IEF,GARCH11-t
2015-11-19,0.0,1.3630910518650819e-05,IEF,GARCH11-t
2015-11-20,0.0,1.3559236666515175e-05,IEF,GARCH11-t
2015-11-23,0.0,1.2504213407016868e-05,IEF,GARCH11-t
2015-11-24,0.0,1.0461354480521019e-05,IEF,GARCH11-t
2015-11-25,0.0,1.0121239952309473e-05,IEF,GARCH11-t
2015-11-27,0.0,1.0391181030499565e-05,IEF,GARCH11-t
2015-11-30,0.0,1.1087755978577653e-05,IEF,GARCH11-t
2015-12-01,0.0,7.982917329323582e-06,IEF,GARCH11-t
2015-12-02,0.0,1.0296873997465505e-05,IEF,GARCH11-t
2015-12-03,0.0,1.023087144415229e-05,IEF,GARCH11-t
2015-12-04,0.0,1.629882189540239e-05,IEF,GARCH11-t
2015-12-07,0.0,1.5773378667335463e-05,IEF,GARCH11-t
2015-12-08,0.0,1.6220557850782007e-05,IEF,GARCH11-t
2015-12-09,0.0,1.555404790839383e-05,IEF,GARCH11-t
2015-12-10,0.0,1.5308467994163692e-05,IEF,GARCH11-t
2015-12-11,0.0,1.5808701105903695e-05,IEF,GARCH11-t
2015-12-14,0.0,1.648421595278817e-05,IEF,GARCH11-t
2015-12-15,0.0,1.686354845996441e-05,IEF,GARCH11-t
2015-12-16,0.0,1.6760184523411232e-05,IEF,GARCH11-t
2015-12-17,0.0,1.621744499815575e-05,IEF,GARCH11-t
2015-12-18,0.0,1.6388797342787715e-05,IEF,GARCH11-t
2015-12-21,0.0,1.650913421949855e-05,IEF,GARCH11-t
2015-12-22,0.0,1.610940913571134e-05,IEF,GARCH11-t
2015-12-23,0.0,1.629048967530879e-05,IEF,GARCH11-t
2015-12-24,0.0,1.611662461984838e-05,IEF,GARCH11-t
2015-12-28,0.0,1.5935674372287195e-05,IEF,GARCH11-t
2015-12-29,0.0,1.5798214534432303e-05,IEF,GARCH11-t
2015-12-30,0.0,1.5992813351265223e-05,IEF,GARCH11-t
2015-12-31,0.0,1.5857545079391807e-05,IEF,GARCH11-t
2016-01-04,0.0,1.5740847638163315e-05,IEF,GARCH11-t
2016-01-05,0.0,1.5774370063492418e-05,IEF,GARCH11-t
2016-01-06,0.0,1.4797557701970157e-05,IEF,GARCH11-t
2016-01-07,0.0,1.5762821383263898e-05,IEF,GARCH11-t
2016-01-08,0.0,1.5690383124903887e-05,IEF,GARCH11-t
2016-01-11,0.0,1.465491598796617e-05,IEF,GARCH11-t
2016-01-12,0.0,1.5534180463045644e-05,IEF,GARCH11-t
2016-01-13,0.0,1.463256691418445e-05,IEF,GARCH11-t
2016-01-14,0.0,1.5692586196479336e-05,IEF,GARCH11-t
2016-01-15,0.0,1.5560248770324876e-05,IEF,GARCH11-t
2016-01-19,0.0,1.4696361854781497e-05,IEF,GARCH11-t
2016-01-20,0.0,1.4574956742138843e-05,IEF,GARCH11-t
2016-01-21,0.0,1.5423757983338762e-05,IEF,GARCH11-t
2016-01-22,0.0,1.531284663897813e-05,IEF,GARCH11-t
2016-01-25,0.0,1.52321003004737e-05,IEF,GARCH11-t
2016-01-26,0.0,1.436551057821055e-05,IEF,GARCH11-t
2016-01-27,0.0,1.4026889389940743e-05,IEF,GARCH11-t
2016-01-28,0.0,1.4884760820992826e-05,IEF,GARCH11-t
2016-01-29,0.0,1.4631620024654034e-05,IEF,GARCH11-t
2016-02-01,0.0,1.4843258306430458e-05,IEF,GARCH11-t
2016-02-02,0.0,1.41052373803243e-05,IEF,GARCH11-t
2016-02-03,0.0,1.5096708514791535e-05,IEF,GARCH11-t
2016-02-04,0.0,1.430758034589775e-05,IEF,GARCH11-t
2016-02-05,0.0,1.4203926392857151e-05,IEF,GARCH11-t
2016-02-08,0.0,1.4592477252709513e-05,IEF,GARCH11-t
2016-02-09,0.0,1.677876034164403e-05,IEF,GARCH11-t
2016-02-10,0.0,1.4701755974384375e-05,IEF,GARCH11-t
2016-02-11,0.0,1.4668427552313131e-05,IEF,GARCH11-t
2016-02-12,0.0,1.4806629040463996e-05,IEF,GARCH11-t
2016-02-16,0.0,1.528386388680827e-05,IEF,GARCH11-t
2016-02-17,0.0,1.770763533962081e-05,IEF,GARCH11-t
2016-02-18,0.0,1.5155476131718823e-05,IEF,GARCH11-t
2016-02-19,0.0,1.5225448130489052e-05,IEF,GARCH11-t
2016-02-22,0.0,1.5066621918164272e-05,IEF,GARCH11-t
2016-02-23,0.0,1.5879139945465903e-05,IEF,GARCH11-t
2016-02-24,0.0,1.472984822802257e-05,IEF,GARCH11-t
2016-02-25,0.0,1.4553520441141071e-05,IEF,GARCH11-t
2016-02-26,0.0,1.4957037912110425e-05,IEF,GARCH11-t
2016-02-29,0.0,1.501766225822744e-05,IEF,GARCH11-t
2016-03-01,0.0,1.4423203085223426e-05,IEF,GARCH11-t
2016-03-02,0.0,1.583408048275198e-05,IEF,GARCH11-t
2016-03-03,0.0,1.5935642807835476e-05,IEF,GARCH11-t
2016-03-04,0.0,1.5723298577978566e-05,IEF,GARCH11-t
2016-03-07,0.0,1.2297656908605218e-05,IEF,GARCH11-t
2016-03-08,0.0,1.5134113652155383e-05,IEF,GARCH11-t
2016-03-09,0.0,1.5675262135437893e-05,IEF,GARCH11-t
2016-03-10,0.0,1.5974035993198947e-05,IEF,GARCH11-t
2016-03-11,0.0,1.578685389011137e-05,IEF,GARCH11-t
2016-03-14,0.0,1.4354662927111782e-05,IEF,GARCH11-t
2016-03-15,0.0,1.4265165647045224e-05,IEF,GARCH11-t
2016-03-16,0.0,1.4914845810654459e-05,IEF,GARCH11-t
2016-03-17,0.0,1.5228696814157828e-05,IEF,GARCH11-t
2016-03-18,0.0,1.364380267573546e-05,IEF,GARCH11-t
2016-03-21,0.0,1.515942919380976e-05,IEF,GARCH11-t
2016-03-22,0.0,1.2898325890588682e-05,IEF,GARCH11-t
2016-03-23,0.0,1.2652135192854499e-05,IEF,GARCH11-t
2016-03-24,0.0,1.329602843275046e-05,IEF,GARCH11-t
2016-03-28,0.0,1.2769462053803953e-05,IEF,GARCH11-t
2016-03-29,0.0,1.2339489329944437e-05,IEF,GARCH11-t
2016-03-30,0.0,1.5128667282109012e-05,IEF,GARCH11-t
2016-03-31,0.0,1.5548451875324835e-05,IEF,GARCH11-t
2016-04-01,0.0,1.434618084675816e-05,IEF,GARCH11-t
2016-04-04,0.0,1.471748607391069e-05,IEF,GARCH11-t
2016-04-05,0.0,1.38995775056194e-05,IEF,GARCH11-t
2016-04-06,0.0,1.5196989384979265e-05,IEF,GARCH11-t
2016-04-07,0.0,1.511459842512826e-05,IEF,GARCH11-t
2016-04-08,0.0,1.5188656667270644e-05,IEF,GARCH11-t
2016-04-11,0.0,1.3698791507267079e-05,IEF,GARCH11-t
2016-04-12,0.0,1.4121237688462722e-05,IEF,GARCH11-t
2016-04-13,0.0,1.464102826230631e-05,IEF,GARCH11-t
2016-04-14,0.0,1.3515337354260545e-05,IEF,GARCH11-t
2016-04-15,0.0,1.3472163929939304e-05,IEF,GARCH11-t
2016-04-18,0.0,1.3330667774898187e-05,IEF,GARCH11-t
2016-04-19,0.0,1.336440937717006e-05,IEF,GARCH11-t
2016-04-20,0.0,1.3281974135578599e-05,IEF,GARCH11-t
2016-04-21,0.0,1.3493120808666264e-05,IEF,GARCH11-t
2016-04-22,0.0,1.3327272768502692e-05,IEF,GARCH11-t
2016-04-25,0.0,1.2744607293415446e-05,IEF,GARCH11-t
2016-04-26,0.0,1.3089270332815042e-05,IEF,GARCH11-t
2016-04-27,0.0,1.3037787806566812e-05,IEF,GARCH11-t
2016-04-28,0.0,1.3261860974999314e-05,IEF,GARCH11-t
2016-04-29,0.0,1.3270913816818863e-05,IEF,GARCH11-t
2016-05-02,0.0,1.2220754825732616e-05,IEF,GARCH11-t
2016-05-03,0.0,1.3090544536505571e-05,IEF,GARCH11-t
2016-05-04,0.0,1.3419977769204901e-05,IEF,GARCH11-t
2016-05-05,0.0,1.3344494404349462e-05,IEF,GARCH11-t
2016-05-06,0.0,1.3266341192796614e-05,IEF,GARCH11-t
2016-05-09,0.0,1.3182096105568264e-05,IEF,GARCH11-t
2016-05-10,0.0,1.3083615730037213e-05,IEF,GARCH11-t
2016-05-11,0.0,1.2719800541968673e-05,IEF,GARCH11-t
2016-05-12,0.0,1.264868506164988e-05,IEF,GARCH11-t
2016-05-13,0.0,1.263989944218601e-05,IEF,GARCH11-t
2016-05-16,0.0,1.2694666828884812e-05,IEF,GARCH11-t
2016-05-17,0.0,1.1609292083907142e-05,IEF,GARCH11-t
2016-05-18,0.0,1.2427225064712669e-05,IEF,GARCH11-t
2016-05-19,0.0,1.2338433911649332e-05,IEF,GARCH11-t
2016-05-20,0.0,1.299431512069889e-05,IEF,GARCH11-t
2016-05-23,0.0,1.2795092441386689e-05,IEF,GARCH11-t
2016-05-24,0.0,1.2679821349397417e-05,IEF,GARCH11-t
2016-05-25,0.0,1.1626488553472455e-05,IEF,GARCH11-t
2016-05-26,0.0,1.2407847138472555e-05,IEF,GARCH11-t
2016-05-27,0.0,1.2428802611662609e-05,IEF,GARCH11-t
2016-05-31,0.0,1.2376138620913527e-05,IEF,GARCH11-t
2016-06-01,0.0,1.2245286915382612e-05,IEF,GARCH11-t
2016-06-02,0.0,1.2022236258570744e-05,IEF,GARCH11-t
2016-06-03,0.0,1.18563050107062e-05,IEF,GARCH11-t
2016-06-06,0.0,1.2781558097181735e-05,IEF,GARCH11-t
2016-06-07,0.0,1.1975005889977035e-05,IEF,GARCH11-t
2016-06-08,0.0,1.252140698567326e-05,IEF,GARCH11-t
2016-06-09,0.0,1.2400444813512041e-05,IEF,GARCH11-t
2016-06-10,0.0,1.228351162907763e-05,IEF,GARCH11-t
2016-06-13,0.0,1.1530897077044606e-05,IEF,GARCH11-t
2016-06-14,0.0,1.1345160406512404e-05,IEF,GARCH11-t
2016-06-15,0.0,1.1072209940157811e-05,IEF,GARCH11-t
2016-06-16,0.0,1.2609173977215044e-05,IEF,GARCH11-t
2016-06-17,0.0,1.2510731342576953e-05,IEF,GARCH11-t
2016-06-20,0.0,1.2583292235595646e-05,IEF,GARCH11-t
2016-06-21,0.0,1.2647897608431555e-05,IEF,GARCH11-t
2016-06-22,0.0,1.2362266804360561e-05,IEF,GARCH11-t
2016-06-23,0.0,1.229015919621209e-05,IEF,GARCH11-t
2016-06-24,0.0,1.2431624286070225e-05,IEF,GARCH11-t
2016-06-27,0.0,1.4272504793556535e-05,IEF,GARCH11-t
2016-06-28,0.0,1.5551493243074576e-05,IEF,GARCH11-t
2016-06-29,0.0,1.56234467056571e-05,IEF,GARCH11-t
2016-06-30,0.0,1.4994253460806172e-05,IEF,GARCH11-t
2016-07-01,0.0,1.3239487622423097e-05,IEF,GARCH11-t
2016-07-05,0.0,1.2814652951551216e-05,IEF,GARCH11-t
2016-07-06,0.0,1.3707774520958564e-05,IEF,GARCH11-t
2016-07-07,0.0,1.2623371807371018e-05,IEF,GARCH11-t
2016-07-08,0.0,1.2181867979212705e-05,IEF,GARCH11-t
2016-07-11,0.0,1.234745106554932e-05,IEF,GARCH11-t
2016-07-12,0.0,1.3325023957238552e-05,IEF,GARCH11-t
2016-07-13,0.0,1.3612765189990753e-05,IEF,GARCH11-t
2016-07-14,0.0,1.2867639917180498e-05,IEF,GARCH11-t
2016-07-15,0.0,1.3159051133843698e-05,IEF,GARCH11-t
2016-07-18,0.0,1.2923084720707327e-05,IEF,GARCH11-t
2016-07-19,0.0,1.2573767394956904e-05,IEF,GARCH11-t
2016-07-20,0.0,1.2578780863816479e-05,IEF,GARCH11-t
2016-07-21,0.0,1.2884448302055191e-05,IEF,GARCH11-t
2016-07-22,0.0,1.283642814090648e-05,IEF,GARCH11-t
2016-07-25,0.0,1.2283465452150056e-05,IEF,GARCH11-t
2016-07-26,0.0,1.2791415201720241e-05,IEF,GARCH11-t
2016-07-27,0.0,1.241769619064703e-05,IEF,GARCH11-t
2016-07-28,0.0,1.3127675235979765e-05,IEF,GARCH11-t
2016-07-29,0.0,1.2198390643754584e-05,IEF,GARCH11-t
2016-08-01,0.0,1.2856656820171277e-05,IEF,GARCH11-t
2016-08-02,0.0,1.2602176715086055e-05,IEF,GARCH11-t
2016-08-03,0.0,1.269547183394409e-05,IEF,GARCH11-t
2016-08-04,0.0,1.2008820510440235e-05,IEF,GARCH11-t
2016-08-05,0.0,1.2201416381781399e-05,IEF,GARCH11-t
2016-08-08,0.0,1.368147734690924e-05,IEF,GARCH11-t
2016-08-09,0.0,1.2678851604475374e-05,IEF,GARCH11-t
2016-08-10,0.0,1.2642847114196354e-05,IEF,GARCH11-t
2016-08-11,0.0,1.2272026093471185e-05,IEF,GARCH11-t
2016-08-12,0.0,1.28629540548926e-05,IEF,GARCH11-t
2016-08-15,0.0,1.2845841886646724e-05,IEF,GARCH11-t
2016-08-16,0.0,1.2369316257355713e-05,IEF,GARCH11-t
2016-08-17,0.0,1.231849307586551e-05,IEF,GARCH11-t
2016-08-18,0.0,1.2169536002587897e-05,IEF,GARCH11-t
2016-08-19,0.0,1.2220448797221693e-05,IEF,GARCH11-t
2016-08-22,0.0,1.2360885443551377e-05,IEF,GARCH11-t
2016-08-23,0.0,1.2085117722674301e-05,IEF,GARCH11-t
2016-08-24,0.0,1.1518777412009957e-05,IEF,GARCH11-t
2016-08-25,0.0,1.1274042643960533e-05,IEF,GARCH11-t
2016-08-26,0.0,1.1662847693400596e-05,IEF,GARCH11-t
2016-08-29,0.0,1.1899706339125152e-05,IEF,GARCH11-t
2016-08-30,0.0,1.2355486849948283e-05,IEF,GARCH11-t
2016-08-31,0.0,1.1674871215185662e-05,IEF,GARCH11-t
2016-09-01,0.0,1.1372704440050368e-05,IEF,GARCH11-t
2016-09-02,0.0,1.1680789024453726e-05,IEF,GARCH11-t
2016-09-06,0.0,1.1499329028763353e-05,IEF,GARCH11-t
2016-09-07,0.0,1.2374301232233768e-05,IEF,GARCH11-t
2016-09-08,0.0,1.1567782896168262e-05,IEF,GARCH11-t
2016-09-09,0.0,1.258162020566314e-05,IEF,GARCH11-t
2016-09-12,0.0,1.2130292687041545e-05,IEF,GARCH11-t
2016-09-13,0.0,1.1725060881374712e-05,IEF,GARCH11-t
2016-09-14,0.0,1.2296123322916209e-05,IEF,GARCH11-t
2016-09-15,0.0,1.2008211986869886e-05,IEF,GARCH11-t
2016-09-16,0.0,1.1319087442555293e-05,IEF,GARCH11-t
2016-09-19,0.0,1.1155876286029921e-05,IEF,GARCH11-t
2016-09-20,0.0,1.1357767342282253e-05,IEF,GARCH11-t
2016-09-21,0.0,1.0790012761677938e-05,IEF,GARCH11-t
2016-09-22,0.0,1.1012109631670897e-05,IEF,GARCH11-t
2016-09-23,0.0,1.1055646395206973e-05,IEF,GARCH11-t
2016-09-26,0.0,1.0932057407043865e-05,IEF,GARCH11-t
2016-09-27,0.0,1.1034168315913927e-05,IEF,GARCH11-t
2016-09-28,0.0,1.1009295711200124e-05,IEF,GARCH11-t
2016-09-29,0.0,1.1034583512668041e-05,IEF,GARCH11-t
2016-09-30,0.0,1.0463594943209508e-05,IEF,GARCH11-t
2016-10-03,0.0,1.0740746246665755e-05,IEF,GARCH11-t
2016-10-04,0.0,1.0982658396878735e-05,IEF,GARCH11-t
2016-10-05,0.0,1.1736670810055267e-05,IEF,GARCH11-t
2016-10-06,0.0,1.1102143135082655e-05,IEF,GARCH11-t
2016-10-07,0.0,1.0958625191029815e-05,IEF,GARCH11-t
2016-10-10,0.0,1.0630038812011884e-05,IEF,GARCH11-t
2016-10-11,0.0,1.0796188889213877e-05,IEF,GARCH11-t
2016-10-12,0.0,1.0479565760127968e-05,IEF,GARCH11-t
2016-10-13,0.0,1.034834755015296e-05,IEF,GARCH11-t
2016-10-14,0.0,1.0415858720461371e-05,IEF,GARCH11-t
2016-10-17,0.0,1.073713773651687e-05,IEF,GARCH11-t
2016-10-18,0.0,1.0662034671145763e-05,IEF,GARCH11-t
2016-10-19,0.0,1.0596684159493398e-05,IEF,GARCH11-t
2016-10-20,0.0,1.0321955974386423e-05,IEF,GARCH11-t
2016-10-21,0.0,1.0232991458772093e-05,IEF,GARCH11-t
2016-10-24,0.0,1.0209204217772325e-05,IEF,GARCH11-t
2016-10-25,0.0,1.01104936739628e-05,IEF,GARCH11-t
2016-10-26,0.0,9.960099379162525e-06,IEF,GARCH11-t
2016-10-27,0.0,1.02186969644647e-05,IEF,GARCH11-t
2016-10-28,0.0,1.0613198369207011e-05,IEF,GARCH11-t
2016-10-31,0.0,1.0084735401579683e-05,IEF,GARCH11-t
2016-11-01,0.0,9.928804010909798e-06,IEF,GARCH11-t
2016-11-02,0.0,9.80053098648982e-06,IEF,GARCH11-t
2016-11-03,0.0,1.018181759602188e-05,IEF,GARCH11-t
2016-11-04,0.0,9.963690172171109e-06,IEF,GARCH11-t
2016-11-07,0.0,9.917848179385698e-06,IEF,GARCH11-t
2016-11-08,0.0,1.0842909128042239e-05,IEF,GARCH11-t
2016-11-09,0.0,1.069523988589429e-05,IEF,GARCH11-t
2016-11-10,0.0,2.846443943073092e-05,IEF,GARCH11-t
2016-11-11,0.0,1.5761312263660337e-05,IEF,GARCH11-t
2016-11-14,0.0,1.556340705593607e-05,IEF,GARCH11-t
2016-11-15,0.0,1.5338708633875552e-05,IEF,GARCH11-t
2016-11-16,0.0,1.1623179384814263e-05,IEF,GARCH11-t
2016-11-17,0.0,1.083849060042801e-05,IEF,GARCH11-t
2016-11-18,0.0,1.2261669656268949e-05,IEF,GARCH11-t
2016-11-21,0.0,1.2864610761623687e-05,IEF,GARCH11-t
2016-11-22,0.0,1.092193266178636e-05,IEF,GARCH11-t
2016-11-23,0.0,1.0932754350878823e-05,IEF,GARCH11-t
2016-11-25,0.0,1.1851977958200299e-05,IEF,GARCH11-t
2016-11-28,0.0,1.1011287427213105e-05,IEF,GARCH11-t
2016-11-29,0.0,1.2521713667808158e-05,IEF,GARCH11-t
2016-11-30,0.0,1.1170491378310894e-05,IEF,GARCH11-t
2016-12-01,0.0,1.3513888951996433e-05,IEF,GARCH11-t
2016-12-02,0.0,1.3556076380105481e-05,IEF,GARCH11-t
2016-12-05,0.0,1.363565931782414e-05,IEF,GARCH11-t
2016-12-06,0.0,1.1424063454646801e-05,IEF,GARCH11-t
2016-12-07,0.0,1.0969014731247504e-05,IEF,GARCH11-t
2016-12-08,0.0,1.1122543259002163e-05,IEF,GARCH11-t
2016-12-09,0.0,1.1924783153495687e-05,IEF,GARCH11-t
2016-12-12,0.0,1.3156130748938647e-05,IEF,GARCH11-t
2016-12-13,0.0,1.1141385852207997e-05,IEF,GARCH11-t
2016-12-14,0.0,1.0667700327924282e-05,IEF,GARCH11-t
2016-12-15,0.0,1.3873743781897716e-05,IEF,GARCH11-t
2016-12-16,0.0,1.2387868142614373e-05,IEF,GARCH11-t
2016-12-19,0.0,1.1482708180388039e-05,IEF,GARCH11-t
2016-12-20,0.0,1.2495751857558213e-05,IEF,GARCH11-t
2016-12-21,0.0,1.1339312474523298e-05,IEF,GARCH11-t
2016-12-22,0.0,1.1031286120153378e-05,IEF,GARCH11-t
2016-12-23,0.0,1.0923712540540409e-05,IEF,GARCH11-t
2016-12-27,0.0,1.0825299731524603e-05,IEF,GARCH11-t
2016-12-28,0.0,1.0831474235620936e-05,IEF,GARCH11-t
2016-12-29,0.0,1.1432189783339277e-05,IEF,GARCH11-t
2016-12-30,0.0,1.1183776405647698e-05,IEF,GARCH11-t
2017-01-03,0.0,1.1084699262325173e-05,IEF,GARCH11-t
2017-01-04,0.0,1.1072847413638977e-05,IEF,GARCH11-t
2017-01-05,0.0,1.0769629791789469e-05,IEF,GARCH11-t
2017-01-06,0.0,1.271759385956668e-05,IEF,GARCH11-t
2017-01-09,0.0,1.2607939319927338e-05,IEF,GARCH11-t
2017-01-10,0.0,1.224495421429615e-05,IEF,GARCH11-t
2017-01-11,0.0,1.1322562698943309e-05,IEF,GARCH11-t
2017-01-12,0.0,1.0909105218762377e-05,IEF,GARCH11-t
2017-01-13,0.0,1.0651148267547928e-05,IEF,GARCH11-t
2017-01-17,0.0,1.1143908232922258e-05,IEF,GARCH11-t
2017-01-18,0.0,1.2517134518919831e-05,IEF,GARCH11-t
2017-01-19,0.0,1.4412718436895995e-05,IEF,GARCH11-t
2017-01-20,0.0,1.3639829993201768e-05,IEF,GARCH11-t
2017-01-23,0.0,1.0638195527129309e-05,IEF,GARCH11-t
2017-01-24,0.0,1.2844789589422238e-05,IEF,GARCH11-t
2017-01-25,0.0,1.2246695757281765e-05,IEF,GARCH11-t
2017-01-26,0.0,1.2601093449502036e-05,IEF,GARCH11-t
2017-01-27,0.0,1.0974731071804662e-05,IEF,GARCH11-t
2017-01-30,0.0,1.0840016870322723e-05,IEF,GARCH11-t
2017-01-31,0.0,1.0823301700606505e-05,IEF,GARCH11-t
2017-02-01,0.0,1.1178187283788406e-05,IEF,GARCH11-t
2017-02-02,0.0,1.054344679473649e-05,IEF,GARCH11-t
2017-02-03,0.0,1.0019455968809917e-05,IEF,GARCH11-t
2017-02-06,0.0,1.0763388497605592e-05,IEF,GARCH11-t
2017-02-07,0.0,1.2513316217015226e-05,IEF,GARCH11-t
2017-02-08,0.0,1.0792728231547118e-05,IEF,GARCH11-t
2017-02-09,0.0,1.1743043230199896e-05,IEF,GARCH11-t
2017-02-10,0.0,1.4860293141666675e-05,IEF,GARCH11-t
2017-02-13,0.0,1.0461146113920607e-05,IEF,GARCH11-t
2017-02-14,0.0,1.0373613275106212e-05,IEF,GARCH11-t
2017-02-15,0.0,1.112671244655753e-05,IEF,GARCH11-t
2017-02-16,0.0,1.0467159655794929e-05,IEF,GARCH11-t
2017-02-17,0.0,1.1432716275256111e-05,IEF,GARCH11-t
2017-02-21,0.0,1.0994653025853041e-05,IEF,GARCH11-t
2017-02-22,0.0,1.0357385566094237e-05,IEF,GARCH11-t
2017-02-23,0.0,9.935532036537208e-06,IEF,GARCH11-t
2017-02-24,0.0,1.0746399532079006e-05,IEF,GARCH11-t
2017-02-27,0.0,1.1994515917054867e-05,IEF,GARCH11-t
2017-02-28,0.0,1.1741141119717367e-05,IEF,GARCH11-t
2017-03-01,0.0,1.038127522592241e-05,IEF,GARCH11-t
2017-03-02,0.0,1.4663278963449717e-05,IEF,GARCH11-t
2017-03-03,0.0,1.1077968579795591e-05,IEF,GARCH11-t
2017-03-06,0.0,1.0678684090998047e-05,IEF,GARCH11-t
2017-03-07,0.0,9.887086015546826e-06,IEF,GARCH11-t
2017-03-08,0.0,9.781605353977191e-06,IEF,GARCH11-t
2017-03-09,0.0,1.059069612983575e-05,IEF,GARCH11-t
2017-03-10,0.0,1.0931495283532261e-05,IEF,GARCH11-t
2017-03-13,0.0,1.0212687948443685e-05,IEF,GARCH11-t
2017-03-14,0.0,1.0253274858718405e-05,IEF,GARCH11-t
2017-03-15,0.0,9.759527405676822e-06,IEF,GARCH11-t
2017-03-16,0.0,1.731409781612247e-05,IEF,GARCH11-t
2017-03-17,0.0,1.3324712733156024e-05,IEF,GARCH11-t
2017-03-20,0.0,1.172303231287289e-05,IEF,GARCH11-t
2017-03-21,0.0,1.064285583604135e-05,IEF,GARCH11-t
2017-03-22,0.0,1.1166047120947028e-05,IEF,GARCH11-t
2017-03-23,0.0,1.0704210862898963e-05,IEF,GARCH11-t
2017-03-24,0.0,9.922138273105e-06,IEF,GARCH11-t
2017-03-27,0.0,9.637551372363995e-06,IEF,GARCH11-t
2017-03-28,0.0,1.026987498354388e-05,IEF,GARCH11-t
2017-03-29,0.0,1.190645589627257e-05,IEF,GARCH11-t
2017-03-30,0.0,1.070260023260582e-05,IEF,GARCH11-t
2017-03-31,0.0,1.0662387883563644e-05,IEF,GARCH11-t
2017-04-03,0.0,1.0254039426966309e-05,IEF,GARCH11-t
2017-04-04,0.0,1.2544692419984887e-05,IEF,GARCH11-t
2017-04-05,0.0,1.0657974627635731e-05,IEF,GARCH11-t
2017-04-06,0.0,1.0221355345925176e-05,IEF,GARCH11-t
2017-04-07,0.0,9.649082447432015e-06,IEF,GARCH11-t
2017-04-10,0.0,1.0348818422266057e-05,IEF,GARCH11-t
2017-04-11,0.0,1.0038092758778792e-05,IEF,GARCH11-t
2017-04-12,0.0,1.1739745870800118e-05,IEF,GARCH11-t
2017-04-13,0.0,1.1268924454810056e-05,IEF,GARCH11-t
2017-04-17,0.0,1.1017257049948799e-05,IEF,GARCH11-t
2017-04-18,0.0,1.0246013296594345e-05,IEF,GARCH11-t
2017-04-19,0.0,1.304280303311485e-05,IEF,GARCH11-t
2017-04-20,0.0,1.156928123343735e-05,IEF,GARCH11-t
2017-04-21,0.0,1.0374097620832468e-05,IEF,GARCH11-t
2017-04-24,0.0,9.928001378717816e-06,IEF,GARCH11-t
2017-04-25,0.0,1.0024246822111275e-05,IEF,GARCH11-t
2017-04-26,0.0,1.2842855014435971e-05,IEF,GARCH11-t
2017-04-27,0.0,1.1333384107998968e-05,IEF,GARCH11-t
2017-04-28,0.0,1.015868624802103e-05,IEF,GARCH11-t
2017-05-01,0.0,1.0302989257533418e-05,IEF,GARCH11-t
2017-05-02,0.0,9.985033910726518e-06,IEF,GARCH11-t
2017-05-03,0.0,1.0017499691356322e-05,IEF,GARCH11-t
2017-05-04,0.0,9.93436610464846e-06,IEF,GARCH11-t
2017-05-05,0.0,1.0700840266291668e-05,IEF,GARCH11-t
2017-05-08,0.0,9.534834631976446e-06,IEF,GARCH11-t
2017-05-09,0.0,9.94709525369896e-06,IEF,GARCH11-t
2017-05-10,0.0,9.629771297441516e-06,IEF,GARCH11-t
2017-05-11,0.0,9.391577052818095e-06,IEF,GARCH11-t
2017-05-12,0.0,9.333233421346568e-06,IEF,GARCH11-t
2017-05-15,0.0,1.259826631022259e-05,IEF,GARCH11-t
2017-05-16,0.0,1.0322513156136118e-05,IEF,GARCH11-t
2017-05-17,0.0,9.98683006004958e-06,IEF,GARCH11-t
2017-05-18,0.0,1.764267483569734e-05,IEF,GARCH11-t
2017-05-19,0.0,1.1813432031808823e-05,IEF,GARCH11-t
2017-05-22,0.0,1.0230906953514059e-05,IEF,GARCH11-t
2017-05-23,0.0,1.0471566279271533e-05,IEF,GARCH11-t
2017-05-24,0.0,1.0097594506836011e-05,IEF,GARCH11-t
2017-05-25,0.0,9.982080651937125e-06,IEF,GARCH11-t
2017-05-26,0.0,9.541299620828491e-06,IEF,GARCH11-t
2017-05-30,0.0,9.345638297388885e-06,IEF,GARCH11-t
2017-05-31,0.0,1.0383184434340327e-05,IEF,GARCH11-t
2017-06-01,0.0,9.474021710700106e-06,IEF,GARCH11-t
2017-06-02,0.0,9.358581013416717e-06,IEF,GARCH11-t
2017-06-05,0.0,1.1065103480279845e-05,IEF,GARCH11-t
2017-06-06,0.0,9.999430747773205e-06,IEF,GARCH11-t
2017-06-07,0.0,1.1608580195694858e-05,IEF,GARCH11-t
2017-06-08,0.0,9.85966277056703e-06,IEF,GARCH11-t
2017-06-09,0.0,9.563832496444319e-06,IEF,GARCH11-t
2017-06-12,0.0,9.275537300313745e-06,IEF,GARCH11-t
2017-06-13,0.0,9.038322224566952e-06,IEF,GARCH11-t
2017-06-14,0.0,9.719430781476601e-06,IEF,GARCH11-t
2017-06-15,0.0,1.040834379857271e-05,IEF,GARCH11-t
2017-06-16,0.0,1.0349763636612995e-05,IEF,GARCH11-t
2017-06-19,0.0,8.96006653728825e-06,IEF,GARCH11-t
2017-06-20,0.0,1.0293706199051649e-05,IEF,GARCH11-t
2017-06-21,0.0,1.0253418396397101e-05,IEF,GARCH11-t
2017-06-22,0.0,1.0175682586789595e-05,IEF,GARCH11-t
2017-06-23,0.0,1.0120222393507447e-05,IEF,GARCH11-t
2017-06-26,0.0,9.326634870858244e-06,IEF,GARCH11-t
2017-06-27,0.0,8.335172490334535e-06,IEF,GARCH11-t
2017-06-28,0.0,9.774286526801385e-06,IEF,GARCH11-t
2017-06-29,0.0,9.352779716099884e-06,IEF,GARCH11-t
2017-06-30,0.0,9.580565845801687e-06,IEF,GARCH11-t
2017-07-03,0.0,9.218470759106909e-06,IEF,GARCH11-t
2017-07-05,0.0,8.095516708410223e-06,IEF,GARCH11-t
2017-07-06,0.0,9.431928781470737e-06,IEF,GARCH11-t
2017-07-07,0.0,9.357128052077509e-06,IEF,GARCH11-t
2017-07-10,0.0,9.483743380037847e-06,IEF,GARCH11-t
2017-07-11,0.0,8.838482047018187e-06,IEF,GARCH11-t
2017-07-12,0.0,8.946418837382283e-06,IEF,GARCH11-t
2017-07-13,0.0,8.956480011494146e-06,IEF,GARCH11-t
2017-07-14,0.0,8.781761672395543e-06,IEF,GARCH11-t
2017-07-17,0.0,8.636775183513459e-06,IEF,GARCH11-t
2017-07-18,0.0,8.191858116419161e-06,IEF,GARCH11-t
2017-07-19,0.0,9.109090186961017e-06,IEF,GARCH11-t
2017-07-20,0.0,8.478347711290139e-06,IEF,GARCH11-t
2017-07-21,0.0,8.77883245902533e-06,IEF,GARCH11-t
2017-07-24,0.0,8.591694562857452e-06,IEF,GARCH11-t
2017-07-25,0.0,8.488465803761716e-06,IEF,GARCH11-t
2017-07-26,0.0,1.023037797576501e-05,IEF,GARCH11-t
2017-07-27,0.0,9.654627209428698e-06,IEF,GARCH11-t
2017-07-28,0.0,9.419262646863448e-06,IEF,GARCH11-t
2017-07-31,0.0,6.496569423894118e-06,IEF,GARCH11-t
2017-08-01,0.0,8.66906391934165e-06,IEF,GARCH11-t
2017-08-02,0.0,8.9991979263039e-06,IEF,GARCH11-t
2017-08-03,0.0,8.442049092896865e-06,IEF,GARCH11-t
2017-08-04,0.0,6.3810652449785995e-06,IEF,GARCH11-t
2017-08-07,0.0,9.17622065134934e-06,IEF,GARCH11-t
2017-08-08,0.0,8.623549419417487e-06,IEF,GARCH11-t
2017-08-09,0.0,8.82445108846175e-06,IEF,GARCH11-t
2017-08-10,0.0,8.603332176313806e-06,IEF,GARCH11-t
2017-08-11,0.0,9.404527643500771e-06,IEF,GARCH11-t
2017-08-14,0.0,8.46320304546743e-06,IEF,GARCH11-t
2017-08-15,0.0,8.655033878513148e-06,IEF,GARCH11-t
2017-08-16,0.0,8.468699766118092e-06,IEF,GARCH11-t
2017-08-17,0.0,6.064737845259829e-06,IEF,GARCH11-t
2017-08-18,0.0,9.231185518060458e-06,IEF,GARCH11-t
2017-08-21,0.0,8.57464204788344e-06,IEF,GARCH11-t
2017-08-22,0.0,8.73750254365834e-06,IEF,GARCH11-t
2017-08-23,0.0,8.380608104455767e-06,IEF,GARCH11-t
2017-08-24,0.0,8.742845949932302e-06,IEF,GARCH11-t
2017-08-25,0.0,8.663538540707307e-06,IEF,GARCH11-t
2017-08-28,0.0,5.818100104584968e-06,IEF,GARCH11-t
2017-08-29,0.0,8.779015574494838e-06,IEF,GARCH11-t
2017-08-30,0.0,8.774857887097659e-06,IEF,GARCH11-t
2017-08-31,0.0,7.988817770457664e-06,IEF,GARCH11-t
2017-09-01,0.0,5.4483684842251725e-06,IEF,GARCH11-t
2017-09-05,0.0,9.067550661278575e-06,IEF,GARCH11-t
2017-09-06,0.0,1.1604605096109553e-05,IEF,GARCH11-t
2017-09-07,0.0,9.911290244075167e-06,IEF,GARCH11-t
2017-09-08,0.0,1.0433436805268002e-05,IEF,GARCH11-t
2017-09-11,0.0,8.859095052162374e-06,IEF,GARCH11-t
2017-09-12,0.0,1.0848712637768304e-05,IEF,GARCH11-t
2017-09-13,0.0,1.0327787864763855e-05,IEF,GARCH11-t
2017-09-14,0.0,9.862772248017781e-06,IEF,GARCH11-t
2017-09-15,0.0,8.775654023725666e-06,IEF,GARCH11-t
2017-09-18,0.0,8.988534978026842e-06,IEF,GARCH11-t
2017-09-19,0.0,9.650075474156402e-06,IEF,GARCH11-t
2017-09-20,0.0,9.457644313717808e-06,IEF,GARCH11-t
2017-09-21,0.0,8.664374605943291e-06,IEF,GARCH11-t
2017-09-22,0.0,8.705374881839285e-06,IEF,GARCH11-t
2017-09-25,0.0,6.682362136477764e-06,IEF,GARCH11-t
2017-09-26,0.0,8.995424554572489e-06,IEF,GARCH11-t
2017-09-27,0.0,8.540222853124637e-06,IEF,GARCH11-t
2017-09-28,0.0,9.215096132667635e-06,IEF,GARCH11-t
2017-09-29,0.0,8.828294768340993e-06,IEF,GARCH11-t
2017-10-02,0.0,9.033026720241525e-06,IEF,GARCH11-t
2017-10-03,0.0,8.037365575752246e-06,IEF,GARCH11-t
2017-10-04,0.0,8.255903132395722e-06,IEF,GARCH11-t
2017-10-05,0.0,8.361714621838931e-06,IEF,GARCH11-t
2017-10-06,0.0,8.072504941064272e-06,IEF,GARCH11-t
2017-10-09,0.0,7.52491312739415e-06,IEF,GARCH11-t
2017-10-10,0.0,7.341949640154319e-06,IEF,GARCH11-t
2017-10-11,0.0,6.9019377637522066e-06,IEF,GARCH11-t
2017-10-12,0.0,7.85266824815252e-06,IEF,GARCH11-t
2017-10-13,0.0,7.808299570785913e-06,IEF,GARCH11-t
2017-10-16,0.0,7.88659712857152e-06,IEF,GARCH11-t
2017-10-17,0.0,7.841262352668666e-06,IEF,GARCH11-t
2017-10-18,0.0,7.775343327191518e-06,IEF,GARCH11-t
2017-10-19,0.0,7.273981045770512e-06,IEF,GARCH11-t
2017-10-20,0.0,7.751861976548794e-06,IEF,GARCH11-t
2017-10-23,0.0,7.914113440650197e-06,IEF,GARCH11-t
2017-10-24,0.0,7.866311915681727e-06,IEF,GARCH11-t
2017-10-25,0.0,6.885949373796477e-06,IEF,GARCH11-t
2017-10-26,0.0,7.899305250104802e-06,IEF,GARCH11-t
2017-10-27,0.0,7.854321814390143e-06,IEF,GARCH11-t
2017-10-30,0.0,7.8999021236239e-06,IEF,GARCH11-t
2017-10-31,0.0,8.007286281940641e-06,IEF,GARCH11-t
2017-11-01,0.0,7.953930615521466e-06,IEF,GARCH11-t
2017-11-02,0.0,7.903111024839052e-06,IEF,GARCH11-t
2017-11-03,0.0,7.847215045080013e-06,IEF,GARCH11-t
2017-11-06,0.0,5.841802866480415e-06,IEF,GARCH11-t
2017-11-07,0.0,5.285022177033506e-06,IEF,GARCH11-t
2017-11-08,0.0,5.451603303418844e-06,IEF,GARCH11-t
2017-11-09,0.0,4.8707046668874944e-06,IEF,GARCH11-t
2017-11-10,0.0,6.9309346354695895e-06,IEF,GARCH11-t
2017-11-13,0.0,7.113856643786859e-06,IEF,GARCH11-t
2017-11-14,0.0,7.052031915805349e-06,IEF,GARCH11-t
2017-11-15,0.0,6.9353432867637535e-06,IEF,GARCH11-t
2017-11-16,0.0,7.046538143814349e-06,IEF,GARCH11-t
2017-11-17,0.0,7.072733006843288e-06,IEF,GARCH11-t
2017-11-20,0.0,6.988937601735828e-06,IEF,GARCH11-t
2017-11-21,0.0,6.916218488478709e-06,IEF,GARCH11-t
2017-11-22,0.0,6.146481545700845e-06,IEF,GARCH11-t
2017-11-24,0.0,6.166507391399891e-06,IEF,GARCH11-t
2017-11-27,0.0,6.863130287850991e-06,IEF,GARCH11-t
2017-11-28,0.0,6.816414170935265e-06,IEF,GARCH11-t
2017-11-29,0.0,6.712697211833371e-06,IEF,GARCH11-t
2017-11-30,0.0,6.792061383575894e-06,IEF,GARCH11-t
2017-12-01,0.0,6.054189638886409e-06,IEF,GARCH11-t
2017-12-04,0.0,6.8273017356764565e-06,IEF,GARCH11-t
2017-12-05,0.0,6.7233533142288265e-06,IEF,GARCH11-t
2017-12-06,0.0,5.987150019791148e-06,IEF,GARCH11-t
2017-12-07,0.0,6.682548833694735e-06,IEF,GARCH11-t
2017-12-08,0.0,6.643694223465233e-06,IEF,GARCH11-t
2017-12-11,0.0,6.5629592034974345e-06,IEF,GARCH11-t
2017-12-12,0.0,6.449452497687314e-06,IEF,GARCH11-t
2017-12-13,0.0,6.4117907209108e-06,IEF,GARCH11-t
2017-12-14,0.0,6.573627537368953e-06,IEF,GARCH11-t
2017-12-15,0.0,6.339811957131574e-06,IEF,GARCH11-t
2017-12-18,0.0,6.2715979655544055e-06,IEF,GARCH11-t
2017-12-19,0.0,5.816015130542508e-06,IEF,GARCH11-t
2017-12-20,0.0,6.44340643736739e-06,IEF,GARCH11-t
2017-12-21,0.0,6.489936188801733e-06,IEF,GARCH11-t
2017-12-22,0.0,6.43681624405969e-06,IEF,GARCH11-t
2017-12-26,0.0,5.796397821296521e-06,IEF,GARCH11-t
2017-12-27,0.0,6.337392931740354e-06,IEF,GARCH11-t
2017-12-28,0.0,6.514862605752283e-06,IEF,GARCH11-t
2017-12-29,0.0,6.446460865122967e-06,IEF,GARCH11-t
2018-01-02,0.0,6.403348317258415e-06,IEF,GARCH11-t
2018-01-03,0.0,6.469234454032794e-06,IEF,GARCH11-t
2018-01-04,0.0,6.430642470803873e-06,IEF,GARCH11-t
2018-01-05,0.0,6.3794677905898025e-06,IEF,GARCH11-t
2018-01-08,0.0,6.237907383492359e-06,IEF,GARCH11-t
2018-01-09,0.0,6.1370983164584205e-06,IEF,GARCH11-t
2018-01-10,0.0,5.7290594220175915e-06,IEF,GARCH11-t
2018-01-11,0.0,6.287667058263986e-06,IEF,GARCH11-t
2018-01-12,0.0,6.2393264085804494e-06,IEF,GARCH11-t
2018-01-16,0.0,6.194997288715279e-06,IEF,GARCH11-t
2018-01-17,0.0,6.137406216692153e-06,IEF,GARCH11-t
2018-01-18,0.0,6.084874431957889e-06,IEF,GARCH11-t
2018-01-19,0.0,5.470881982443021e-06,IEF,GARCH11-t
2018-01-22,0.0,5.504385962945888e-06,IEF,GARCH11-t
2018-01-23,0.0,5.980924098858979e-06,IEF,GARCH11-t
2018-01-24,0.0,5.965750552712158e-06,IEF,GARCH11-t
2018-01-25,0.0,5.925465605585008e-06,IEF,GARCH11-t
2018-01-26,0.0,5.873279283053776e-06,IEF,GARCH11-t
2018-01-29,0.0,5.932938373474367e-06,IEF,GARCH11-t
2018-01-30,0.0,5.9591147707523425e-06,IEF,GARCH11-t
2018-01-31,0.0,5.977401981663392e-06,IEF,GARCH11-t
2018-02-01,0.0,5.897162908788937e-06,IEF,GARCH11-t
2018-02-02,0.0,5.6868604875364e-06,IEF,GARCH11-t
2018-02-05,0.0,6.2961390288671435e-06,IEF,GARCH11-t
2018-02-06,0.0,7.084107386243715e-06,IEF,GARCH11-t
2018-02-07,0.0,7.1899259692401364e-06,IEF,GARCH11-t
2018-02-08,0.0,7.2104625275856334e-06,IEF,GARCH11-t
2018-02-09,0.0,7.096639108179777e-06,IEF,GARCH11-t
2018-02-12,0.0,6.963337519462108e-06,IEF,GARCH11-t
2018-02-13,0.0,6.887448145030261e-06,IEF,GARCH11-t
2018-02-14,0.0,6.842647858065469e-06,IEF,GARCH11-t
2018-02-15,0.0,6.8361499378147685e-06,IEF,GARCH11-t
2018-02-16,0.0,7.112256929144817e-06,IEF,GARCH11-t
2018-02-20,0.0,6.6806544400505e-06,IEF,GARCH11-t
2018-02-21,0.0,6.498764734840349e-06,IEF,GARCH11-t
2018-02-22,0.0,7.0118569095908775e-06,IEF,GARCH11-t
2018-02-23,0.0,6.952635563990466e-06,IEF,GARCH11-t
2018-02-26,0.0,7.0443554214780915e-06,IEF,GARCH11-t
2018-02-27,0.0,6.927771550464993e-06,IEF,GARCH11-t
2018-02-28,0.0,6.501553381210554e-06,IEF,GARCH11-t
2018-03-01,0.0,6.788706620083059e-06,IEF,GARCH11-t
2018-03-02,0.0,6.964131348603437e-06,IEF,GARCH11-t
2018-03-05,0.0,7.0385930827452034e-06,IEF,GARCH11-t
2018-03-06,0.0,6.976735418890345e-06,IEF,GARCH11-t
2018-03-07,0.0,6.488279407196608e-06,IEF,GARCH11-t
2018-03-08,0.0,6.493824867840069e-06,IEF,GARCH11-t
2018-03-09,0.0,6.535909182718509e-06,IEF,GARCH11-t
2018-03-12,0.0,6.503414596702021e-06,IEF,GARCH11-t
2018-03-13,0.0,6.367245229718807e-06,IEF,GARCH11-t
2018-03-14,0.0,6.31283222953959e-06,IEF,GARCH11-t
2018-03-15,0.0,6.435493600941493e-06,IEF,GARCH11-t
2018-03-16,0.0,6.3136082735489305e-06,IEF,GARCH11-t
2018-03-19,0.0,6.072153393510283e-06,IEF,GARCH11-t
2018-03-20,0.0,6.159853675362935e-06,IEF,GARCH11-t
2018-03-21,0.0,6.0702361589802255e-06,IEF,GARCH11-t
2018-03-22,0.0,6.1408635931088805e-06,IEF,GARCH11-t
2018-03-23,0.0,6.379009457010783e-06,IEF,GARCH11-t
2018-03-26,0.0,6.042465204794902e-06,IEF,GARCH11-t
2018-03-27,0.0,6.093654906675809e-06,IEF,GARCH11-t
2018-03-28,0.0,6.453795411143248e-06,IEF,GARCH11-t
2018-03-29,0.0,6.156857021130567e-06,IEF,GARCH11-t
2018-04-02,0.0,6.278824618691425e-06,IEF,GARCH11-t
2018-04-03,0.0,6.063390795805378e-06,IEF,GARCH11-t
2018-04-04,0.0,6.2522791363719025e-06,IEF,GARCH11-t
2018-04-05,0.0,6.0883213882629824e-06,IEF,GARCH11-t
2018-04-06,0.0,6.136070471854974e-06,IEF,GARCH11-t
2018-04-09,0.0,6.306060494289124e-06,IEF,GARCH11-t
2018-04-10,0.0,6.248169894736507e-06,IEF,GARCH11-t
2018-04-11,0.0,6.19014879888663e-06,IEF,GARCH11-t
2018-04-12,0.0,6.1286338153974605e-06,IEF,GARCH11-t
2018-04-13,0.0,6.217752211281866e-06,IEF,GARCH11-t
2018-04-16,0.0,6.114211251154093e-06,IEF,GARCH11-t
2018-04-17,0.0,6.0339320321083695e-06,IEF,GARCH11-t
2018-04-18,0.0,5.947365764598842e-06,IEF,GARCH11-t
2018-04-19,0.0,6.079911478582777e-06,IEF,GARCH11-t
2018-04-20,0.0,5.985666222705764e-06,IEF,GARCH11-t
2018-04-23,0.0,6.053445365718005e-06,IEF,GARCH11-t
2018-04-24,0.0,6.125264702211827e-06,IEF,GARCH11-t
2018-04-25,0.0,5.973375131141012e-06,IEF,GARCH11-t
2018-04-26,0.0,6.044571752941669e-06,IEF,GARCH11-t
2018-04-27,0.0,5.9449205626015275e-06,IEF,GARCH11-t
2018-04-30,0.0,6.080202814971095e-06,IEF,GARCH11-t
2018-05-01,0.0,5.892672167075831e-06,IEF,GARCH11-t
2018-05-02,0.0,6.457946032353458e-06,IEF,GARCH11-t
2018-05-03,0.0,5.9290372625594765e-06,IEF,GARCH11-t
2018-05-04,0.0,5.9947750163553445e-06,IEF,GARCH11-t
2018-05-07,0.0,5.8969670716329e-06,IEF,GARCH11-t
2018-05-08,0.0,5.92990529270382e-06,IEF,GARCH11-t
2018-05-09,0.0,5.668088426160992e-06,IEF,GARCH11-t
2018-05-10,0.0,5.699176830236692e-06,IEF,GARCH11-t
2018-05-11,0.0,5.720836148172985e-06,IEF,GARCH11-t
2018-05-14,0.0,5.6818429145414844e-06,IEF,GARCH11-t
2018-05-15,0.0,5.803865648452845e-06,IEF,GARCH11-t
2018-05-16,0.0,6.105729251697011e-06,IEF,GARCH11-t
2018-05-17,0.0,6.077861576296673e-06,IEF,GARCH11-t
2018-05-18,0.0,5.704215112842381e-06,IEF,GARCH11-t
2018-05-21,0.0,6.1252999295968725e-06,IEF,GARCH11-t
2018-05-22,0.0,5.792828333213417e-06,IEF,GARCH11-t
2018-05-23,0.0,5.91215839391419e-06,IEF,GARCH11-t
2018-05-24,0.0,6.1437175384059406e-06,IEF,GARCH11-t
2018-05-25,0.0,6.181748743652642e-06,IEF,GARCH11-t
2018-05-29,0.0,6.047913595198233e-06,IEF,GARCH11-t
2018-05-30,0.0,9.663183718221778e-06,IEF,GARCH11-t
2018-05-31,0.0,1.0447592944086763e-05,IEF,GARCH11-t
2018-06-01,0.0,7.945766338969075e-06,IEF,GARCH11-t
2018-06-04,0.0,8.528493408380441e-06,IEF,GARCH11-t
2018-06-05,0.0,8.217329745563026e-06,IEF,GARCH11-t
2018-06-06,0.0,7.694473328781092e-06,IEF,GARCH11-t
2018-06-07,0.0,7.740553701247728e-06,IEF,GARCH11-t
2018-06-08,0.0,7.948912722153844e-06,IEF,GARCH11-t
2018-06-11,0.0,7.250497392446251e-06,IEF,GARCH11-t
2018-06-12,0.0,7.1581201500899114e-06,IEF,GARCH11-t
2018-06-13,0.0,6.34740271415987e-06,IEF,GARCH11-t
2018-06-14,0.0,6.126887640244175e-06,IEF,GARCH11-t
2018-06-15,0.0,6.419027215750433e-06,IEF,GARCH11-t
2018-06-18,0.0,6.244819277512934e-06,IEF,GARCH11-t
2018-06-19,0.0,5.958896506373948e-06,IEF,GARCH11-t
2018-06-20,0.0,6.208331703850944e-06,IEF,GARCH11-t
2018-06-21,0.0,6.548120812392922e-06,IEF,GARCH11-t
2018-06-22,0.0,6.561267573607348e-06,IEF,GARCH11-t
2018-06-25,0.0,6.197176302676393e-06,IEF,GARCH11-t
2018-06-26,0.0,6.126129216746849e-06,IEF,GARCH11-t
2018-06-27,0.0,5.812851492336589e-06,IEF,GARCH11-t
2018-06-28,0.0,6.36972314525558e-06,IEF,GARCH11-t
2018-06-29,0.0,6.108532739096712e-06,IEF,GARCH11-t
2018-07-02,0.0,6.011533445213174e-06,IEF,GARCH11-t
2018-07-03,0.0,5.922881032375235e-06,IEF,GARCH11-t
2018-07-05,0.0,6.04298531521579e-06,IEF,GARCH11-t
2018-07-06,0.0,5.7688426471184135e-06,IEF,GARCH11-t
2018-07-09,0.0,5.737495589793086e-06,IEF,GARCH11-t
2018-07-10,0.0,5.889386231088547e-06,IEF,GARCH11-t
2018-07-11,0.0,5.804345402305555e-06,IEF,GARCH11-t
2018-07-12,0.0,5.800049863331312e-06,IEF,GARCH11-t
2018-07-13,0.0,5.68995921928163e-06,IEF,GARCH11-t
2018-07-16,0.0,5.7600512238178195e-06,IEF,GARCH11-t
2018-07-17,0.0,5.786017406370045e-06,IEF,GARCH11-t
2018-07-18,0.0,5.673477851866723e-06,IEF,GARCH11-t
2018-07-19,0.0,5.59210882052288e-06,IEF,GARCH11-t
2018-07-20,0.0,5.9074583523934674e-06,IEF,GARCH11-t
2018-07-23,0.0,6.394471663679819e-06,IEF,GARCH11-t
2018-07-24,0.0,7.448952050283328e-06,IEF,GARCH11-t
2018-07-25,0.0,6.841990230758712e-06,IEF,GARCH11-t
2018-07-26,0.0,6.295922901149776e-06,IEF,GARCH11-t
2018-07-27,0.0,5.8514291713813355e-06,IEF,GARCH11-t
2018-07-30,0.0,5.7040651379237845e-06,IEF,GARCH11-t
2018-07-31,0.0,5.508019695637367e-06,IEF,GARCH11-t
2018-08-01,0.0,5.524077918114246e-06,IEF,GARCH11-t
2018-08-02,0.0,5.62102804517851e-06,IEF,GARCH11-t
2018-08-03,0.0,5.476109805480146e-06,IEF,GARCH11-t
2018-08-06,0.0,5.853201869052761e-06,IEF,GARCH11-t
2018-08-07,0.0,5.5082225039739024e-06,IEF,GARCH11-t
2018-08-08,0.0,5.530500700893395e-06,IEF,GARCH11-t
2018-08-09,0.0,5.384171098566191e-06,IEF,GARCH11-t
2018-08-10,0.0,5.707704052473194e-06,IEF,GARCH11-t
2018-08-13,0.0,6.792012723417464e-06,IEF,GARCH11-t
2018-08-14,0.0,6.188309717487388e-06,IEF,GARCH11-t
2018-08-15,0.0,5.783278256041967e-06,IEF,GARCH11-t
2018-08-16,0.0,5.9466311266542665e-06,IEF,GARCH11-t
2018-08-17,0.0,5.559092148560255e-06,IEF,GARCH11-t
2018-08-20,0.0,5.353224940165955e-06,IEF,GARCH11-t
2018-08-21,0.0,6.122646049617161e-06,IEF,GARCH11-t
2018-08-22,0.0,5.596569704668057e-06,IEF,GARCH11-t
2018-08-23,0.0,5.667759018042836e-06,IEF,GARCH11-t
2018-08-24,0.0,5.391637821435819e-06,IEF,GARCH11-t
2018-08-27,0.0,5.1209957725878325e-06,IEF,GARCH11-t
2018-08-28,0.0,5.336903689390806e-06,IEF,GARCH11-t
2018-08-29,0.0,5.290094583295457e-06,IEF,GARCH11-t
2018-08-30,0.0,5.107825870040482e-06,IEF,GARCH11-t
2018-08-31,0.0,5.139447423018e-06,IEF,GARCH11-t
2018-09-04,0.0,4.806525677625323e-06,IEF,GARCH11-t
2018-09-05,0.0,5.402441202402086e-06,IEF,GARCH11-t
2018-09-06,0.0,4.999112170029834e-06,IEF,GARCH11-t
2018-09-07,0.0,5.159372328823681e-06,IEF,GARCH11-t
2018-09-10,0.0,6.345612305444399e-06,IEF,GARCH11-t
2018-09-11,0.0,6.140956827178235e-06,IEF,GARCH11-t
2018-09-12,0.0,6.265692317472314e-06,IEF,GARCH11-t
2018-09-13,0.0,6.0581644659782875e-06,IEF,GARCH11-t
2018-09-14,0.0,5.487682652125842e-06,IEF,GARCH11-t
2018-09-17,0.0,5.429538641316996e-06,IEF,GARCH11-t
2018-09-18,0.0,5.198159226938867e-06,IEF,GARCH11-t
2018-09-19,0.0,6.404911080670812e-06,IEF,GARCH11-t
2018-09-20,0.0,5.995241156069953e-06,IEF,GARCH11-t
2018-09-21,0.0,5.453182317128617e-06,IEF,GARCH11-t
2018-09-24,0.0,5.1792183212848176e-06,IEF,GARCH11-t
2018-09-25,0.0,4.952149756359866e-06,IEF,GARCH11-t
2018-09-26,0.0,5.090877679246155e-06,IEF,GARCH11-t
2018-09-27,0.0,6.1303703254183365e-06,IEF,GARCH11-t
2018-09-28,0.0,5.151556929556865e-06,IEF,GARCH11-t
2018-10-01,0.0,4.938288214777874e-06,IEF,GARCH11-t
2018-10-02,0.0,5.15311551588193e-06,IEF,GARCH11-t
2018-10-03,0.0,5.29885879663453e-06,IEF,GARCH11-t
2018-10-04,0.0,9.991432783876526e-06,IEF,GARCH11-t
2018-10-05,0.0,8.370253560549032e-06,IEF,GARCH11-t
2018-10-08,0.0,7.383531931890571e-06,IEF,GARCH11-t
2018-10-09,0.0,5.890358404782248e-06,IEF,GARCH11-t
2018-10-10,0.0,5.892434026976742e-06,IEF,GARCH11-t
2018-10-11,0.0,5.5063291291419545e-06,IEF,GARCH11-t
2018-10-12,0.0,6.88364592041889e-06,IEF,GARCH11-t
2018-10-15,0.0,6.1945718929039375e-06,IEF,GARCH11-t
2018-10-16,0.0,5.667513247568672e-06,IEF,GARCH11-t
2018-10-17,0.0,5.578872241570183e-06,IEF,GARCH11-t
2018-10-18,0.0,6.018488613567088e-06,IEF,GARCH11-t
2018-10-19,0.0,5.812472827269293e-06,IEF,GARCH11-t
2018-10-22,0.0,5.533986604616602e-06,IEF,GARCH11-t
2018-10-23,0.0,5.317682212731631e-06,IEF,GARCH11-t
2018-10-24,0.0,6.382796257150585e-06,IEF,GARCH11-t
2018-10-25,0.0,8.367042780487489e-06,IEF,GARCH11-t
2018-10-26,0.0,7.0277072560344545e-06,IEF,GARCH11-t
2018-10-29,0.0,7.90559052055558e-06,IEF,GARCH11-t
2018-10-30,0.0,6.491932738591777e-06,IEF,GARCH11-t
2018-10-31,0.0,6.275439342897847e-06,IEF,GARCH11-t
2018-11-01,0.0,6.1818651357830204e-06,IEF,GARCH11-t
2018-11-02,0.0,5.7561320860307324e-06,IEF,GARCH11-t
2018-11-05,0.0,8.238171756501121e-06,IEF,GARCH11-t
2018-11-06,0.0,6.73276957142876e-06,IEF,GARCH11-t
2018-11-07,0.0,6.377368933193292e-06,IEF,GARCH11-t
2018-11-08,0.0,5.715992604875003e-06,IEF,GARCH11-t
2018-11-09,0.0,5.732434291147193e-06,IEF,GARCH11-t
2018-11-12,0.0,6.6795985714548495e-06,IEF,GARCH11-t
2018-11-13,0.0,6.5667739949259636e-06,IEF,GARCH11-t
2018-11-14,0.0,5.743697120209864e-06,IEF,GARCH11-t
2018-11-15,0.0,6.060546558070334e-06,IEF,GARCH11-t
2018-11-16,0.0,5.702620116704944e-06,IEF,GARCH11-t
2018-11-19,0.0,6.3208520113996035e-06,IEF,GARCH11-t
2018-11-20,0.0,6.0072997563467164e-06,IEF,GARCH11-t
2018-11-21,0.0,5.714112584394623e-06,IEF,GARCH11-t
2018-11-23,0.0,5.572497508839243e-06,IEF,GARCH11-t
2018-11-26,0.0,5.304945428209838e-06,IEF,GARCH11-t
2018-11-27,0.0,5.373152073855863e-06,IEF,GARCH11-t
2018-11-28,0.0,5.335402246252754e-06,IEF,GARCH11-t
2018-11-29,0.0,5.279939217808254e-06,IEF,GARCH11-t
2018-11-30,0.0,5.832859448203542e-06,IEF,GARCH11-t
2018-12-03,0.0,5.8387014286620115e-06,IEF,GARCH11-t
2018-12-04,0.0,6.12111176113858e-06,IEF,GARCH11-t
2018-12-06,0.0,7.1804365251820775e-06,IEF,GARCH11-t
2018-12-07,0.0,6.805279074358643e-06,IEF,GARCH11-t
2018-12-10,0.0,6.796269120615528e-06,IEF,GARCH11-t
2018-12-11,0.0,5.98756142230907e-06,IEF,GARCH11-t
2018-12-12,0.0,6.149576270822687e-06,IEF,GARCH11-t
2018-12-13,0.0,6.2598329663083845e-06,IEF,GARCH11-t
2018-12-14,0.0,5.852884012228933e-06,IEF,GARCH11-t
2018-12-17,0.0,5.792051811172505e-06,IEF,GARCH11-t
2018-12-18,0.0,6.43836681627492e-06,IEF,GARCH11-t
2018-12-19,0.0,6.337394592988527e-06,IEF,GARCH11-t
2018-12-20,0.0,6.938784823536094e-06,IEF,GARCH11-t
2018-12-21,0.0,6.080063254061311e-06,IEF,GARCH11-t
2018-12-24,0.0,5.764740929668294e-06,IEF,GARCH11-t
2018-12-26,0.0,6.062196717191268e-06,IEF,GARCH11-t
2018-12-27,0.0,7.65807775324226e-06,IEF,GARCH11-t
2018-12-28,0.0,6.353003182783196e-06,IEF,GARCH11-t
2018-12-31,0.0,8.964489514884515e-06,IEF,GARCH11-t
2019-01-02,0.0,8.210192611986986e-06,IEF,GARCH11-t
2019-01-03,0.0,6.9553097933891265e-06,IEF,GARCH11-t
2019-01-04,0.0,1.237077669275243e-05,IEF,GARCH11-t
2019-01-07,0.0,2.1871191951982136e-05,IEF,GARCH11-t
2019-01-08,0.0,1.2444454734001611e-05,IEF,GARCH11-t
2019-01-09,0.0,1.0185656350510048e-05,IEF,GARCH11-t
2019-01-10,0.0,5.904486590078841e-06,IEF,GARCH11-t
2019-01-11,0.0,5.266133871284318e-06,IEF,GARCH11-t
2019-01-14,0.0,7.12224898481799e-06,IEF,GARCH11-t
2019-01-15,0.0,5.7360220318758005e-06,IEF,GARCH11-t
2019-01-16,0.0,5.372307524587196e-06,IEF,GARCH11-t
2019-01-17,0.0,5.472250225830421e-06,IEF,GARCH11-t
2019-01-18,0.0,5.813054354240027e-06,IEF,GARCH11-t
2019-01-22,0.0,6.956115636580246e-06,IEF,GARCH11-t
2019-01-23,0.0,7.960565331740471e-06,IEF,GARCH11-t
2019-01-24,0.0,6.1658360821115565e-06,IEF,GARCH11-t
2019-01-25,0.0,7.214274510684334e-06,IEF,GARCH11-t
2019-01-28,0.0,6.759542117038778e-06,IEF,GARCH11-t
2019-01-29,0.0,5.639908547659187e-06,IEF,GARCH11-t
2019-01-30,0.0,6.905095521060093e-06,IEF,GARCH11-t
2019-01-31,0.0,6.620995922250204e-06,IEF,GARCH11-t
2019-02-01,0.0,8.596069452347518e-06,IEF,GARCH11-t
2019-02-04,0.0,1.1984465183837288e-05,IEF,GARCH11-t
2019-02-05,0.0,7.403485838223234e-06,IEF,GARCH11-t
2019-02-06,0.0,6.680953323811506e-06,IEF,GARCH11-t
2019-02-07,0.0,5.887886787339654e-06,IEF,GARCH11-t
2019-02-08,0.0,7.149657927555961e-06,IEF,GARCH11-t
2019-02-11,0.0,5.903493773570884e-06,IEF,GARCH11-t
2019-02-12,0.0,5.878911984944951e-06,IEF,GARCH11-t
2019-02-13,0.0,5.650284988400572e-06,IEF,GARCH11-t
2019-02-14,0.0,6.0264753592053164e-06,IEF,GARCH11-t
2019-02-15,0.0,9.294167744512694e-06,IEF,GARCH11-t
2019-02-19,0.0,6.2201213980819495e-06,IEF,GARCH11-t
2019-02-20,0.0,5.98808279951136e-06,IEF,GARCH11-t
2019-02-21,0.0,5.313914746157609e-06,IEF,GARCH11-t
2019-02-22,0.0,7.016009641304712e-06,IEF,GARCH11-t
2019-02-25,0.0,7.252494069986088e-06,IEF,GARCH11-t
2019-02-26,0.0,6.010689689584003e-06,IEF,GARCH11-t
2019-02-27,0.0,7.268004616320029e-06,IEF,GARCH11-t
2019-02-28,0.0,7.875970417282238e-06,IEF,GARCH11-t
2019-03-01,0.0,7.0126114877157634e-06,IEF,GARCH11-t
2019-03-04,0.0,7.5916479762853e-06,IEF,GARCH11-t
2019-03-05,0.0,7.279182234309363e-06,IEF,GARCH11-t
2019-03-06,0.0,5.848727705686238e-06,IEF,GARCH11-t
2019-03-07,0.0,6.509892925695086e-06,IEF,GARCH11-t
2019-03-08,0.0,7.545315567869258e-06,IEF,GARCH11-t
2019-03-11,0.0,6.184458158946241e-06,IEF,GARCH11-t
2019-03-12,0.0,5.4274949795669325e-06,IEF,GARCH11-t
2019-03-13,0.0,6.3313332032740805e-06,IEF,GARCH11-t
2019-03-14,0.0,5.733010166858272e-06,IEF,GARCH11-t
2019-03-15,0.0,5.3355432026899725e-06,IEF,GARCH11-t
2019-03-18,0.0,7.231913216156955e-06,IEF,GARCH11-t
2019-03-19,0.0,5.827021675153589e-06,IEF,GARCH11-t
2019-03-20,0.0,5.257821739585373e-06,IEF,GARCH11-t
2019-03-21,0.0,1.4989290569761276e-05,IEF,GARCH11-t
2019-03-22,0.0,8.304920490688328e-06,IEF,GARCH11-t
2019-03-25,0.0,1.2893622586796706e-05,IEF,GARCH11-t
2019-03-26,0.0,1.032928667247566e-05,IEF,GARCH11-t
2019-03-27,0.0,7.75644528732093e-06,IEF,GARCH11-t
2019-03-28,0.0,7.929296071492425e-06,IEF,GARCH11-t
2019-03-29,0.0,6.493168038294481e-06,IEF,GARCH11-t
2019-04-01,0.0,6.369652275679912e-06,IEF,GARCH11-t
2019-04-02,0.0,1.0724748791169204e-05,IEF,GARCH11-t
2019-04-03,0.0,8.891220606809372e-06,IEF,GARCH11-t
2019-04-04,0.0,8.389987692954895e-06,IEF,GARCH11-t
2019-04-05,0.0,7.348140979840057e-06,IEF,GARCH11-t
2019-04-08,0.0,6.47468010395123e-06,IEF,GARCH11-t
2019-04-09,0.0,6.19916021534097e-06,IEF,GARCH11-t
2019-04-10,0.0,6.1373909875507e-06,IEF,GARCH11-t
2019-04-11,0.0,6.335997186064227e-06,IEF,GARCH11-t
2019-04-12,0.0,6.4861840136778984e-06,IEF,GARCH11-t
2019-04-15,0.0,8.285238177849621e-06,IEF,GARCH11-t
2019-04-16,0.0,7.116029731148806e-06,IEF,GARCH11-t
2019-04-17,0.0,7.611713983127092e-06,IEF,GARCH11-t
2019-04-18,0.0,6.671553645385813e-06,IEF,GARCH11-t
2019-04-22,0.0,6.6683468161396475e-06,IEF,GARCH11-t
2019-04-23,0.0,6.3001833964832405e-06,IEF,GARCH11-t
2019-04-24,0.0,6.185860025154024e-06,IEF,GARCH11-t
2019-04-25,0.0,7.281023832020584e-06,IEF,GARCH11-t
2019-04-26,0.0,6.630211716267118e-06,IEF,GARCH11-t
2019-04-29,0.0,6.795948227949962e-06,IEF,GARCH11-t
2019-04-30,0.0,6.680504607625689e-06,IEF,GARCH11-t
2019-05-01,0.0,6.573863308700543e-06,IEF,GARCH11-t
2019-05-02,0.0,6.010667534729116e-06,IEF,GARCH11-t
2019-05-03,0.0,6.750542892816736e-06,IEF,GARCH11-t
2019-05-06,0.0,6.2205146063583684e-06,IEF,GARCH11-t
2019-05-07,0.0,6.502920718990771e-06,IEF,GARCH11-t
2019-05-08,0.0,7.20829710456225e-06,IEF,GARCH11-t
2019-05-09,0.0,6.820434165226539e-06,IEF,GARCH11-t
2019-05-10,0.0,7.056842005580743e-06,IEF,GARCH11-t
2019-05-13,0.0,6.38694357950359e-06,IEF,GARCH11-t
2019-05-14,0.0,8.019083170376386e-06,IEF,GARCH11-t
2019-05-15,0.0,7.334912293688844e-06,IEF,GARCH11-t
2019-05-16,0.0,7.405731398585607e-06,IEF,GARCH11-t
2019-05-17,0.0,7.1404014342906765e-06,IEF,GARCH11-t
2019-05-20,0.0,6.4596057506004895e-06,IEF,GARCH11-t
2019-05-21,0.0,6.551476142638626e-06,IEF,GARCH11-t
2019-05-22,0.0,6.30644897644353e-06,IEF,GARCH11-t
2019-05-23,0.0,6.36206117694813e-06,IEF,GARCH11-t
2019-05-24,0.0,8.206343607091535e-06,IEF,GARCH11-t
2019-05-28,0.0,7.647784690088026e-06,IEF,GARCH11-t
2019-05-29,0.0,8.920216778441564e-06,IEF,GARCH11-t
2019-05-30,0.0,7.479969916300761e-06,IEF,GARCH11-t
2019-05-31,0.0,7.610012765113319e-06,IEF,GARCH11-t
2019-06-03,0.0,1.0511213081535357e-05,IEF,GARCH11-t
2019-06-04,0.0,1.0333108782523551e-05,IEF,GARCH11-t
2019-06-05,0.0,9.936248834491895e-06,IEF,GARCH11-t
2019-06-06,0.0,6.961610926225817e-06,IEF,GARCH11-t
2019-06-07,0.0,7.5420586552829274e-06,IEF,GARCH11-t
2019-06-10,0.0,7.606062767262376e-06,IEF,GARCH11-t
2019-06-11,0.0,7.777520928840281e-06,IEF,GARCH11-t
2019-06-12,0.0,9.294623442567185e-06,IEF,GARCH11-t
2019-06-13,0.0,7.664850032816172e-06,IEF,GARCH11-t
2019-06-14,0.0,8.459695103230129e-06,IEF,GARCH11-t
2019-06-17,0.0,7.561094110477554e-06,IEF,GARCH11-t
2019-06-18,0.0,7.446356216396732e-06,IEF,GARCH11-t
2019-06-19,0.0,7.405330212467481e-06,IEF,GARCH11-t
2019-06-20,0.0,8.104301087972234e-06,IEF,GARCH11-t
2019-06-21,0.0,7.34588444103771e-06,IEF,GARCH11-t
2019-06-24,0.0,9.06660277803758e-06,IEF,GARCH11-t
2019-06-25,0.0,7.495801572351979e-06,IEF,GARCH11-t
2019-06-26,0.0,8.468082140082804e-06,IEF,GARCH11-t
2019-06-27,0.0,7.562692634123277e-06,IEF,GARCH11-t
2019-06-28,0.0,7.589568721765174e-06,IEF,GARCH11-t
2019-07-01,0.0,7.466610986628024e-06,IEF,GARCH11-t
2019-07-02,0.0,7.3997790087241115e-06,IEF,GARCH11-t
2019-07-03,0.0,7.475206236393465e-06,IEF,GARCH11-t
2019-07-05,0.0,8.471428421996627e-06,IEF,GARCH11-t
2019-07-08,0.0,7.849603379244811e-06,IEF,GARCH11-t
2019-07-09,0.0,8.860193315930971e-06,IEF,GARCH11-t
2019-07-10,0.0,7.684344094042992e-06,IEF,GARCH11-t
2019-07-11,0.0,8.511636087215681e-06,IEF,GARCH11-t
2019-07-12,0.0,8.76826352036373e-06,IEF,GARCH11-t
2019-07-15,0.0,8.724436543684073e-06,IEF,GARCH11-t
2019-07-16,0.0,7.691510469676959e-06,IEF,GARCH11-t
2019-07-17,0.0,7.659815615645025e-06,IEF,GARCH11-t
2019-07-18,0.0,7.843430121448947e-06,IEF,GARCH11-t
2019-07-19,0.0,9.135350151399039e-06,IEF,GARCH11-t
2019-07-22,0.0,7.783680375509895e-06,IEF,GARCH11-t
2019-07-23,0.0,8.743706770141143e-06,IEF,GARCH11-t
2019-07-24,0.0,7.598165409283181e-06,IEF,GARCH11-t
2019-07-25,0.0,7.4791004999339185e-06,IEF,GARCH11-t
2019-07-26,0.0,7.435999821169369e-06,IEF,GARCH11-t
2019-07-29,0.0,7.356798371413315e-06,IEF,GARCH11-t
2019-07-30,0.0,7.2882115008144024e-06,IEF,GARCH11-t
2019-07-31,0.0,7.210244156842132e-06,IEF,GARCH11-t
2019-08-01,0.0,7.216381427303414e-06,IEF,GARCH11-t
2019-08-02,0.0,1.0075956990649043e-05,IEF,GARCH11-t
2019-08-05,0.0,8.679928897096875e-06,IEF,GARCH11-t
2019-08-06,0.0,1.09419437766919e-05,IEF,GARCH11-t
2019-08-07,0.0,1.1018009317134158e-05,IEF,GARCH11-t
2019-08-08,0.0,9.273701366974492e-06,IEF,GARCH11-t
2019-08-09,0.0,9.144333027288612e-06,IEF,GARCH11-t
2019-08-12,0.0,9.056760457864973e-06,IEF,GARCH11-t
2019-08-13,0.0,9.428532513488532e-06,IEF,GARCH11-t
2019-08-14,0.0,9.417946563254165e-06,IEF,GARCH11-t
2019-08-15,0.0,9.856018798804137e-06,IEF,GARCH11-t
2019-08-16,0.0,1.0231660910453617e-05,IEF,GARCH11-t
2019-08-19,0.0,1.1288153387398372e-05,IEF,GARCH11-t
2019-08-20,0.0,1.0315844112681177e-05,IEF,GARCH11-t
2019-08-21,0.0,1.04226163600435e-05,IEF,GARCH11-t
2019-08-22,0.0,1.1346406252450677e-05,IEF,GARCH11-t
2019-08-23,0.0,1.026267364467218e-05,IEF,GARCH11-t
2019-08-26,0.0,1.068563887329527e-05,IEF,GARCH11-t
2019-08-27,0.0,1.1699149500018487e-05,IEF,GARCH11-t
2019-08-28,0.0,1.0644880604261847e-05,IEF,GARCH11-t
2019-08-29,0.0,1.0490602817912266e-05,IEF,GARCH11-t
2019-08-30,0.0,1.0385961263631068e-05,IEF,GARCH11-t
2019-09-03,0.0,1.0251465667733648e-05,IEF,GARCH11-t
2019-09-04,0.0,1.0172079068255358e-05,IEF,GARCH11-t
2019-09-05,0.0,7.885058925624423e-06,IEF,GARCH11-t
2019-09-06,0.0,1.1891785982161808e-05,IEF,GARCH11-t
2019-09-09,0.0,1.0625444651456972e-05,IEF,GARCH11-t
2019-09-10,0.0,1.0961765181081145e-05,IEF,GARCH11-t
2019-09-11,0.0,1.143725913062813e-05,IEF,GARCH11-t
2019-09-12,0.0,1.1292329481603816e-05,IEF,GARCH11-t
2019-09-13,0.0,1.1168542421644451e-05,IEF,GARCH11-t
2019-09-16,0.0,1.208357083955075e-05,IEF,GARCH11-t
2019-09-17,0.0,1.2151498942758589e-05,IEF,GARCH11-t
2019-09-18,0.0,1.2965833167950857e-05,IEF,GARCH11-t
2019-09-19,0.0,1.1892551262863871e-05,IEF,GARCH11-t
2019-09-20,0.0,1.1687001938007733e-05,IEF,GARCH11-t
2019-09-23,0.0,1.1937367400854066e-05,IEF,GARCH11-t
2019-09-24,0.0,1.1800670854974543e-05,IEF,GARCH11-t
2019-09-25,0.0,1.2886115992463276e-05,IEF,GARCH11-t
2019-09-26,0.0,1.2340264554847612e-05,IEF,GARCH11-t
2019-09-27,0.0,1.2226583426518405e-05,IEF,GARCH11-t
2019-09-30,0.0,1.4191043922524914e-05,IEF,GARCH11-t
2019-10-01,0.0,1.1905515354407824e-05,IEF,GARCH11-t
2019-10-02,0.0,1.1845271638199917e-05,IEF,GARCH11-t
2019-10-03,0.0,1.182528838340089e-05,IEF,GARCH11-t
2019-10-04,0.0,1.1997564728117255e-05,IEF,GARCH11-t
2019-10-07,0.0,1.1739655047837886e-05,IEF,GARCH11-t
2019-10-08,0.0,1.1710142387580035e-05,IEF,GARCH11-t
2019-10-09,0.0,1.1599484602567823e-05,IEF,GARCH11-t
2019-10-10,0.0,1.1533118051689983e-05,IEF,GARCH11-t
2019-10-11,0.0,1.2875574225957655e-05,IEF,GARCH11-t
2019-10-14,0.0,1.3875893452810688e-05,IEF,GARCH11-t
2019-10-15,0.0,1.2206195987696725e-05,IEF,GARCH11-t
2019-10-16,0.0,1.2336362612936829e-05,IEF,GARCH11-t
2019-10-17,0.0,1.2221967841968463e-05,IEF,GARCH11-t
2019-10-18,0.0,1.2064857337955788e-05,IEF,GARCH11-t
2019-10-21,0.0,1.1898559848330562e-05,IEF,GARCH11-t
2019-10-22,0.0,1.1910555491307293e-05,IEF,GARCH11-t
2019-10-23,0.0,1.182616548040458e-05,IEF,GARCH11-t
2019-10-24,0.0,1.1681419608054919e-05,IEF,GARCH11-t
2019-10-25,0.0,1.2742309823683486e-05,IEF,GARCH11-t
2019-10-28,0.0,1.136558006420493e-05,IEF,GARCH11-t
2019-10-29,0.0,1.2657684575142212e-05,IEF,GARCH11-t
2019-10-30,0.0,1.1217217487991285e-05,IEF,GARCH11-t
2019-10-31,0.0,1.1382327582222877e-05,IEF,GARCH11-t
2019-11-01,0.0,1.1741894608501199e-05,IEF,GARCH11-t
2019-11-04,0.0,1.3255434717294639e-05,IEF,GARCH11-t
2019-11-05,0.0,1.1815363278961161e-05,IEF,GARCH11-t
2019-11-06,0.0,1.3414299371415569e-05,IEF,GARCH11-t
2019-11-07,0.0,1.1913338440425857e-05,IEF,GARCH11-t
2019-11-08,0.0,1.5747600893278007e-05,IEF,GARCH11-t
2019-11-11,0.0,1.2443216065755303e-05,IEF,GARCH11-t
2019-11-12,0.0,1.2296916396271243e-05,IEF,GARCH11-t
2019-11-13,0.0,1.3446602431000635e-05,IEF,GARCH11-t
2019-11-14,0.0,1.3435604624243504e-05,IEF,GARCH11-t
2019-11-15,0.0,1.3337440775060004e-05,IEF,GARCH11-t
2019-11-18,0.0,1.2052637076961773e-05,IEF,GARCH11-t
2019-11-19,0.0,1.1944212328618859e-05,IEF,GARCH11-t
2019-11-20,0.0,1.1823305523235948e-05,IEF,GARCH11-t
2019-11-21,0.0,1.1850108552242568e-05,IEF,GARCH11-t
2019-11-22,0.0,1.1791937112194746e-05,IEF,GARCH11-t
2019-11-25,0.0,1.1657200173112226e-05,IEF,GARCH11-t
2019-11-26,0.0,1.152781691380093e-05,IEF,GARCH11-t
2019-11-27,0.0,1.144362814318701e-05,IEF,GARCH11-t
2019-11-29,0.0,1.125855406844748e-05,IEF,GARCH11-t
2019-12-02,0.0,1.12873889184263e-05,IEF,GARCH11-t
2019-12-03,0.0,1.1273057042506974e-05,IEF,GARCH11-t
2019-12-04,0.0,1.218143200725462e-05,IEF,GARCH11-t
2019-12-05,0.0,1.3162342621112739e-05,IEF,GARCH11-t
2019-12-06,0.0,1.3057798315322374e-05,IEF,GARCH11-t
2019-12-09,0.0,1.2052612713226602e-05,IEF,GARCH11-t
2019-12-10,0.0,1.3046851284158574e-05,IEF,GARCH11-t
2019-12-11,0.0,1.2391507086166555e-05,IEF,GARCH11-t
2019-12-12,0.0,1.1857823064772792e-05,IEF,GARCH11-t
2019-12-13,0.0,1.2503615198120725e-05,IEF,GARCH11-t
2019-12-16,0.0,1.33203837644925e-05,IEF,GARCH11-t
2019-12-17,0.0,1.4514370796641698e-05,IEF,GARCH11-t
2019-12-18,0.0,1.1622598616302555e-05,IEF,GARCH11-t
2019-12-19,0.0,1.1234793160948188e-05,IEF,GARCH11-t
2019-12-20,0.0,1.0378210436682375e-05,IEF,GARCH11-t
2019-12-23,0.0,9.999391224953465e-06,IEF,GARCH11-t
2019-12-24,0.0,9.844732675111154e-06,IEF,GARCH11-t
2019-12-26,0.0,1.04065221130941e-05,IEF,GARCH11-t
2019-12-27,0.0,1.0174902134774962e-05,IEF,GARCH11-t
2019-12-30,0.0,9.700075751072416e-06,IEF,GARCH11-t
2019-12-31,0.0,9.41019027378223e-06,IEF,GARCH11-t
2020-01-02,0.0,1.1081233787587218e-05,IEF,GARCH11-t
2020-01-03,0.0,1.2530010271135788e-05,IEF,GARCH11-t
2020-01-06,0.0,1.2700712116171346e-05,IEF,GARCH11-t
2020-01-07,0.0,1.1751256991911108e-05,IEF,GARCH11-t
2020-01-08,0.0,1.162730543000531e-05,IEF,GARCH11-t
2020-01-09,0.0,1.1553737197588176e-05,IEF,GARCH11-t
2020-01-10,0.0,1.1435435479299697e-05,IEF,GARCH11-t
2020-01-13,0.0,1.137342315080712e-05,IEF,GARCH11-t
2020-01-14,0.0,1.1248765100301817e-05,IEF,GARCH11-t
2020-01-15,0.0,1.1182311230927058e-05,IEF,GARCH11-t
2020-01-16,0.0,1.2306136678830682e-05,IEF,GARCH11-t
2020-01-17,0.0,1.1933814228543768e-05,IEF,GARCH11-t
2020-01-21,0.0,1.1742530635538531e-05,IEF,GARCH11-t
2020-01-22,0.0,1.1042305600716906e-05,IEF,GARCH11-t
2020-01-23,0.0,1.0902837711693802e-05,IEF,GARCH11-t
2020-01-24,0.0,1.0877076837718267e-05,IEF,GARCH11-t
2020-01-27,0.0,1.090762354631787e-05,IEF,GARCH11-t
2020-01-28,0.0,1.2231565948686319e-05,IEF,GARCH11-t
2020-01-29,0.0,1.1391817663854713e-05,IEF,GARCH11-t
2020-01-30,0.0,1.1543628211326466e-05,IEF,GARCH11-t
2020-01-31,0.0,1.1423732990358655e-05,IEF,GARCH11-t
2020-02-03,0.0,1.157045152064136e-05,IEF,GARCH11-t
2020-02-04,0.0,1.1384071483974025e-05,IEF,GARCH11-t
2020-02-05,0.0,1.1683673347428587e-05,IEF,GARCH11-t
2020-02-06,0.0,1.179205173126813e-05,IEF,GARCH11-t
2020-02-07,0.0,1.1673017002133039e-05,IEF,GARCH11-t
2020-02-10,0.0,1.4027513398763145e-05,IEF,GARCH11-t
2020-02-11,0.0,1.1732467393273458e-05,IEF,GARCH11-t
2020-02-12,0.0,1.1677048792140323e-05,IEF,GARCH11-t
2020-02-13,0.0,1.2937182310397862e-05,IEF,GARCH11-t
2020-02-14,0.0,1.1512358401649144e-05,IEF,GARCH11-t
2020-02-18,0.0,1.1416576439106712e-05,IEF,GARCH11-t
2020-02-19,0.0,1.1333520619789875e-05,IEF,GARCH11-t
2020-02-20,0.0,1.121612792766057e-05,IEF,GARCH11-t
2020-02-21,0.0,1.1216142755481095e-05,IEF,GARCH11-t
2020-02-24,0.0,1.129249314374563e-05,IEF,GARCH11-t
2020-02-25,0.0,1.1922697830025392e-05,IEF,GARCH11-t
2020-02-26,0.0,1.1891431663922194e-05,IEF,GARCH11-t
2020-02-27,0.0,1.1750309740922387e-05,IEF,GARCH11-t
2020-02-28,0.0,1.189563493433536e-05,IEF,GARCH11-t
2020-03-02,0.0,1.3328246923331025e-05,IEF,GARCH11-t
2020-03-03,0.0,1.3150601093757249e-05,IEF,GARCH11-t
2020-03-04,0.0,2.8746846316064178e-05,IEF,GARCH11-t
2020-03-05,0.0,1.4537225315645812e-05,IEF,GARCH11-t
2020-03-06,0.0,2.5584006289725045e-05,IEF,GARCH11-t
2020-03-09,0.0,3.461262238399857e-05,IEF,GARCH11-t
2020-03-10,0.0,3.831117257460743e-05,IEF,GARCH11-t
2020-03-11,0.0,9.38219920988924e-05,IEF,GARCH11-t
2020-03-12,0.0,7.17571272263768e-05,IEF,GARCH11-t
2020-03-13,0.0,4.054929459507586e-05,IEF,GARCH11-t
2020-03-16,0.0,3.3545934872319686e-05,IEF,GARCH11-t
2020-03-17,0.0,0.00016922692334822272,IEF,GARCH11-t
2020-03-18,0.0,0.0002573375097830919,IEF,GARCH11-t
2020-03-19,0.0,0.0002215463307188773,IEF,GARCH11-t
2020-03-20,0.0,0.00015933348220679327,IEF,GARCH11-t
2020-03-23,0.0,0.00024110247285308138,IEF,GARCH11-t
2020-03-24,0.0,0.00018263921567713957,IEF,GARCH11-t
2020-03-25,0.0,0.00015106318740494462,IEF,GARCH11-t
2020-03-26,0.0,0.00010825194117521427,IEF,GARCH11-t
2020-03-27,0.0,7.938139714423707e-05,IEF,GARCH11-t
2020-03-30,0.0,6.898162101176467e-05,IEF,GARCH11-t
2020-03-31,0.0,5.181985962296426e-05,IEF,GARCH11-t
2020-04-01,0.0,3.933380286011651e-05,IEF,GARCH11-t
2020-04-02,0.0,2.6291863523759696e-05,IEF,GARCH11-t
2020-04-03,0.0,1.9873112585258808e-05,IEF,GARCH11-t
2020-04-06,0.0,1.321146136835096e-05,IEF,GARCH11-t
2020-04-07,0.0,2.096409840987001e-05,IEF,GARCH11-t
2020-04-08,0.0,2.112656663623176e-05,IEF,GARCH11-t
2020-04-09,0.0,1.7554990446607347e-05,IEF,GARCH11-t
2020-04-13,0.0,1.567284100979832e-05,IEF,GARCH11-t
2020-04-14,0.0,1.4355542768747174e-05,IEF,GARCH11-t
2020-04-15,0.0,1.2832603190410489e-05,IEF,GARCH11-t
2020-04-16,0.0,2.7365342375494952e-05,IEF,GARCH11-t
2020-04-17,0.0,2.1850223430002543e-05,IEF,GARCH11-t
2020-04-20,0.0,1.685160960633767e-05,IEF,GARCH11-t
2020-04-21,0.0,1.4809794835209882e-05,IEF,GARCH11-t
2020-04-22,0.0,1.6125396268812457e-05,IEF,GARCH11-t
2020-04-23,0.0,1.571215428143873e-05,IEF,GARCH11-t
2020-04-24,0.0,1.3551319301142651e-05,IEF,GARCH11-t
2020-04-27,0.0,1.0287492010243167e-05,IEF,GARCH11-t
2020-04-28,0.0,1.540687296878349e-05,IEF,GARCH11-t
2020-04-29,0.0,1.7906726497466015e-05,IEF,GARCH11-t
2020-04-30,0.0,1.5071715741727488e-05,IEF,GARCH11-t
2020-05-01,0.0,1.4183280944136683e-05,IEF,GARCH11-t
2020-05-04,0.0,1.2796119985823663e-05,IEF,GARCH11-t
2020-05-05,0.0,9.481104073141474e-06,IEF,GARCH11-t
2020-05-06,0.0,9.46353523861007e-06,IEF,GARCH11-t
2020-05-07,0.0,1.2665067001146847e-05,IEF,GARCH11-t
2020-05-08,0.0,1.8810902056717257e-05,IEF,GARCH11-t
2020-05-11,0.0,1.7835320990421734e-05,IEF,GARCH11-t
2020-05-12,0.0,1.656849519140052e-05,IEF,GARCH11-t
2020-05-13,0.0,1.6258210048961523e-05,IEF,GARCH11-t
2020-05-14,0.0,1.4730686441722145e-05,IEF,GARCH11-t
2020-05-15,0.0,1.2081954716291687e-05,IEF,GARCH11-t
2020-05-18,0.0,1.1884682645009432e-05,IEF,GARCH11-t
2020-05-19,0.0,1.8480218093566626e-05,IEF,GARCH11-t
2020-05-20,0.0,1.583159019486888e-05,IEF,GARCH11-t
2020-05-21,0.0,1.4444664204743724e-05,IEF,GARCH11-t
2020-05-22,0.0,1.2701815055444973e-05,IEF,GARCH11-t
2020-05-26,0.0,1.2072664713012593e-05,IEF,GARCH11-t
2020-05-27,0.0,1.1375459566246637e-05,IEF,GARCH11-t
2020-05-28,0.0,1.010927959179811e-05,IEF,GARCH11-t
2020-05-29,0.0,1.05341695099614e-05,IEF,GARCH11-t
2020-06-01,0.0,1.1916919551033641e-05,IEF,GARCH11-t
2020-06-02,0.0,1.0808194184412045e-05,IEF,GARCH11-t
2020-06-03,0.0,1.0555132922018053e-05,IEF,GARCH11-t
2020-06-04,0.0,1.6942404097928755e-05,IEF,GARCH11-t
2020-06-05,0.0,1.7524668622151955e-05,IEF,GARCH11-t
2020-06-08,0.0,1.811300248210116e-05,IEF,GARCH11-t
2020-06-09,0.0,1.536644273719886e-05,IEF,GARCH11-t
2020-06-10,0.0,1.662135701004753e-05,IEF,GARCH11-t
2020-06-11,0.0,2.3816055355438373e-05,IEF,GARCH11-t
2020-06-12,0.0,2.0977664175446943e-05,IEF,GARCH11-t
2020-06-15,0.0,1.9401040559265357e-05,IEF,GARCH11-t
2020-06-16,0.0,1.4605633059257115e-05,IEF,GARCH11-t
2020-06-17,0.0,1.2688836132126428e-05,IEF,GARCH11-t
2020-06-18,0.0,1.2065773730483812e-05,IEF,GARCH11-t
2020-06-19,0.0,1.280483772419266e-05,IEF,GARCH11-t
2020-06-22,0.0,1.1488040239958754e-05,IEF,GARCH11-t
2020-06-23,0.0,9.621048551674467e-06,IEF,GARCH11-t
2020-06-24,0.0,9.987872566815945e-06,IEF,GARCH11-t
2020-06-25,0.0,1.0204239513984795e-05,IEF,GARCH11-t
2020-06-26,0.0,9.620984618511154e-06,IEF,GARCH11-t
2020-06-29,0.0,1.0688971153901065e-05,IEF,GARCH11-t
2020-06-30,0.0,1.016400046835425e-05,IEF,GARCH11-t
2020-07-01,0.0,1.0255234745585672e-05,IEF,GARCH11-t
2020-07-02,0.0,1.0141375970996067e-05,IEF,GARCH11-t
2020-07-06,0.0,8.777441244552399e-06,IEF,GARCH11-t
2020-07-07,0.0,9.790342554344602e-06,IEF,GARCH11-t
2020-07-08,0.0,1.0260119375730606e-05,IEF,GARCH11-t
2020-07-09,0.0,1.0931829668248045e-05,IEF,GARCH11-t
2020-07-10,0.0,1.2184145730413606e-05,IEF,GARCH11-t
2020-07-13,0.0,1.1752281110587025e-05,IEF,GARCH11-t
2020-07-14,0.0,1.0922226558419665e-05,IEF,GARCH11-t
2020-07-15,0.0,6.892446529472331e-06,IEF,GARCH11-t
2020-07-16,0.0,9.558758863028305e-06,IEF,GARCH11-t
2020-07-17,0.0,9.236801357954294e-06,IEF,GARCH11-t
2020-07-20,0.0,8.926410968942981e-06,IEF,GARCH11-t
2020-07-21,0.0,7.419085466833414e-06,IEF,GARCH11-t
2020-07-22,0.0,8.829895727986984e-06,IEF,GARCH11-t
2020-07-23,0.0,8.652274416487883e-06,IEF,GARCH11-t
2020-07-24,0.0,3.0464955882332103e-06,IEF,GARCH11-t
2020-07-27,0.0,2.790515362048421e-06,IEF,GARCH11-t
2020-07-28,0.0,3.0942430467532694e-06,IEF,GARCH11-t
2020-07-29,0.0,5.465323009241642e-06,IEF,GARCH11-t
2020-07-30,0.0,4.905710418746939e-06,IEF,GARCH11-t
2020-07-31,0.0,3.8123820103370673e-06,IEF,GARCH11-t
2020-08-03,0.0,4.203151617977728e-06,IEF,GARCH11-t
2020-08-04,0.0,3.7263597585575852e-06,IEF,GARCH11-t
2020-08-05,0.0,7.058572046135145e-06,IEF,GARCH11-t
2020-08-06,0.0,7.6121569590878856e-06,IEF,GARCH11-t
2020-08-07,0.0,7.4776795117460915e-06,IEF,GARCH11-t
2020-08-10,0.0,6.055115867453501e-06,IEF,GARCH11-t
2020-08-11,0.0,6.507595182969144e-06,IEF,GARCH11-t
2020-08-12,0.0,7.621035240379412e-06,IEF,GARCH11-t
2020-08-13,0.0,9.284139515097937e-06,IEF,GARCH11-t
2020-08-14,0.0,8.699913030796576e-06,IEF,GARCH11-t
2020-08-17,0.0,6.753559343409097e-06,IEF,GARCH11-t
2020-08-18,0.0,6.5696077321393965e-06,IEF,GARCH11-t
2020-08-19,0.0,6.55867602295031e-06,IEF,GARCH11-t
2020-08-20,0.0,6.000058166393959e-06,IEF,GARCH11-t
2020-08-21,0.0,7.157624898170357e-06,IEF,GARCH11-t
2020-08-24,0.0,6.163188940595528e-06,IEF,GARCH11-t
2020-08-25,0.0,5.377092313094947e-06,IEF,GARCH11-t
2020-08-26,0.0,6.426908198706378e-06,IEF,GARCH11-t
2020-08-27,0.0,5.168554051378412e-06,IEF,GARCH11-t
2020-08-28,0.0,6.6507893017049304e-06,IEF,GARCH11-t
2020-08-31,0.0,6.723453869561423e-06,IEF,GARCH11-t
2020-09-01,0.0,6.200477988573931e-06,IEF,GARCH11-t
2020-09-02,0.0,6.850108248862051e-06,IEF,GARCH11-t
2020-09-03,0.0,6.490125720440618e-06,IEF,GARCH11-t
2020-09-04,0.0,6.345864588444598e-06,IEF,GARCH11-t
2020-09-08,0.0,1.24566021290817e-05,IEF,GARCH11-t
2020-09-09,0.0,1.0192234352989344e-05,IEF,GARCH11-t
2020-09-10,0.0,8.72404211900157e-06,IEF,GARCH11-t
2020-09-11,0.0,8.04941763289737e-06,IEF,GARCH11-t
2020-09-14,0.0,6.154076046921865e-06,IEF,GARCH11-t
2020-09-15,0.0,6.040688988679785e-06,IEF,GARCH11-t
2020-09-16,0.0,5.549324276587706e-06,IEF,GARCH11-t
2020-09-17,0.0,4.8087729506798294e-06,IEF,GARCH11-t
2020-09-18,0.0,4.005702499105522e-06,IEF,GARCH11-t
2020-09-21,0.0,3.6224958155804003e-06,IEF,GARCH11-t
2020-09-22,0.0,3.964586858840518e-06,IEF,GARCH11-t
2020-09-23,0.0,3.489015870290729e-06,IEF,GARCH11-t
2020-09-24,0.0,3.208703554844376e-06,IEF,GARCH11-t
2020-09-25,0.0,2.9296239511059973e-06,IEF,GARCH11-t
2020-09-28,0.0,2.85258190288194e-06,IEF,GARCH11-t
2020-09-29,0.0,2.6638676081093276e-06,IEF,GARCH11-t
2020-09-30,0.0,2.620429204012669e-06,IEF,GARCH11-t
2020-10-01,0.0,3.9415353536447175e-06,IEF,GARCH11-t
2020-10-02,0.0,3.5447593763134686e-06,IEF,GARCH11-t
2020-10-05,0.0,3.401197416776069e-06,IEF,GARCH11-t
2020-10-06,0.0,1.5689015204692372e-05,IEF,GARCH11-t
2020-10-07,0.0,1.0360362703575549e-05,IEF,GARCH11-t
2020-10-08,0.0,1.1200322441672596e-05,IEF,GARCH11-t
2020-10-09,0.0,9.078561406608029e-06,IEF,GARCH11-t
2020-10-12,0.0,6.832653230528402e-06,IEF,GARCH11-t
2020-10-13,0.0,5.722394094538674e-06,IEF,GARCH11-t
2020-10-14,0.0,6.560345430464462e-06,IEF,GARCH11-t
2020-10-15,0.0,4.6970766055215945e-06,IEF,GARCH11-t
2020-10-16,0.0,4.9295395665978525e-06,IEF,GARCH11-t
2020-10-19,0.0,4.328860450779135e-06,IEF,GARCH11-t
2020-10-20,0.0,4.421662110528428e-06,IEF,GARCH11-t
2020-10-21,0.0,4.792025201452226e-06,IEF,GARCH11-t
2020-10-22,0.0,4.468748796506454e-06,IEF,GARCH11-t
2020-10-23,0.0,6.346222097645093e-06,IEF,GARCH11-t
2020-10-26,0.0,5.774614289860144e-06,IEF,GARCH11-t
2020-10-27,0.0,6.4271670502884306e-06,IEF,GARCH11-t
2020-10-28,0.0,6.364936897347958e-06,IEF,GARCH11-t
2020-10-29,0.0,5.461773225045512e-06,IEF,GARCH11-t
2020-10-30,0.0,8.19638744834619e-06,IEF,GARCH11-t
2020-11-02,0.0,8.910138674654272e-06,IEF,GARCH11-t
2020-11-03,0.0,8.085061366492259e-06,IEF,GARCH11-t
2020-11-04,0.0,7.634340906302579e-06,IEF,GARCH11-t
2020-11-05,0.0,2.3736361436691843e-05,IEF,GARCH11-t
2020-11-06,0.0,1.6639739451961937e-05,IEF,GARCH11-t
2020-11-09,0.0,1.573003030222644e-05,IEF,GARCH11-t
2020-11-10,0.0,2.3755598876808657e-05,IEF,GARCH11-t
2020-11-11,0.0,2.2053774384821502e-05,IEF,GARCH11-t
2020-11-12,0.0,1.675192640438053e-05,IEF,GARCH11-t
2020-11-13,0.0,2.058303565009865e-05,IEF,GARCH11-t
2020-11-16,0.0,1.6579105336944183e-05,IEF,GARCH11-t
2020-11-17,0.0,1.3051775858181255e-05,IEF,GARCH11-t
2020-11-18,0.0,1.2396066089470342e-05,IEF,GARCH11-t
2020-11-19,0.0,9.943626353291093e-06,IEF,GARCH11-t
2020-11-20,0.0,8.561899942771442e-06,IEF,GARCH11-t
2020-11-23,0.0,7.712307544227044e-06,IEF,GARCH11-t
2020-11-24,0.0,7.2129321948237875e-06,IEF,GARCH11-t
2020-11-25,0.0,6.47827225128989e-06,IEF,GARCH11-t
2020-11-27,0.0,5.496437365994633e-06,IEF,GARCH11-t
2020-11-30,0.0,6.501348386825725e-06,IEF,GARCH11-t
2020-12-01,0.0,5.581455502498513e-06,IEF,GARCH11-t
2020-12-02,0.0,1.0472173220068122e-05,IEF,GARCH11-t
2020-12-03,0.0,9.249494955891896e-06,IEF,GARCH11-t
2020-12-04,0.0,9.062252012594186e-06,IEF,GARCH11-t
2020-12-07,0.0,1.021184811344961e-05,IEF,GARCH11-t
2020-12-08,0.0,1.0650656038191566e-05,IEF,GARCH11-t
2020-12-09,0.0,8.115955639834348e-06,IEF,GARCH11-t
2020-12-10,0.0,7.708557864016766e-06,IEF,GARCH11-t
2020-12-11,0.0,7.442580419973346e-06,IEF,GARCH11-t
2020-12-14,0.0,7.0312883102350255e-06,IEF,GARCH11-t
2020-12-15,0.0,5.032368926716186e-06,IEF,GARCH11-t
2020-12-16,0.0,4.301836599036862e-06,IEF,GARCH11-t
2020-12-17,0.0,4.623272366913942e-06,IEF,GARCH11-t
2020-12-18,0.0,4.117043381424109e-06,IEF,GARCH11-t
2020-12-21,0.0,3.758320506830296e-06,IEF,GARCH11-t
2020-12-22,0.0,3.4539512961723867e-06,IEF,GARCH11-t
2020-12-23,0.0,3.639989170731646e-06,IEF,GARCH11-t
2020-12-24,0.0,4.119184974679449e-06,IEF,GARCH11-t
2020-12-28,0.0,4.158159663484026e-06,IEF,GARCH11-t
2020-12-29,0.0,3.546916053484023e-06,IEF,GARCH11-t
2020-12-30,0.0,3.1794481301966064e-06,IEF,GARCH11-t
2020-12-31,0.0,2.9719435709621635e-06,IEF,GARCH11-t
2021-01-04,0.0,2.8059345141270343e-06,IEF,GARCH11-t
2021-01-05,0.0,2.4368691618960636e-06,IEF,GARCH11-t
2021-01-06,0.0,3.514673990985034e-06,IEF,GARCH11-t
2021-01-07,0.0,1.280817852403492e-05,IEF,GARCH11-t
2021-01-08,0.0,1.0733928079762061e-05,IEF,GARCH11-t
2021-01-11,0.0,1.2157025386579444e-05,IEF,GARCH11-t
2021-01-12,0.0,9.29797496727184e-06,IEF,GARCH11-t
2021-01-13,0.0,7.577523828847737e-06,IEF,GARCH11-t
2021-01-14,0.0,8.688552939804978e-06,IEF,GARCH11-t
2021-01-15,0.0,8.17456053860782e-06,IEF,GARCH11-t
2021-01-19,0.0,8.348528732225136e-06,IEF,GARCH11-t
2021-01-20,0.0,6.987421491512018e-06,IEF,GARCH11-t
2021-01-21,0.0,5.8861569870335616e-06,IEF,GARCH11-t
2021-01-22,0.0,5.4083539019496435e-06,IEF,GARCH11-t
2021-01-25,0.0,5.083555284396445e-06,IEF,GARCH11-t
2021-01-26,0.0,8.140406630059975e-06,IEF,GARCH11-t
2021-01-27,0.0,6.366221355846619e-06,IEF,GARCH11-t
2021-01-28,0.0,5.639874628214666e-06,IEF,GARCH11-t
2021-01-29,0.0,6.151401596551936e-06,IEF,GARCH11-t
2021-02-01,0.0,5.035696264155365e-06,IEF,GARCH11-t
2021-02-02,0.0,5.244372938247109e-06,IEF,GARCH11-t
2021-02-03,0.0,5.576801218223118e-06,IEF,GARCH11-t
2021-02-04,0.0,6.09135447041892e-06,IEF,GARCH11-t
2021-02-05,0.0,5.1631814035341055e-06,IEF,GARCH11-t
2021-02-08,0.0,5.321068464692254e-06,IEF,GARCH11-t
2021-02-09,0.0,4.572713435453338e-06,IEF,GARCH11-t
2021-02-10,0.0,4.0748621397463e-06,IEF,GARCH11-t
2021-02-11,0.0,4.861290739069498e-06,IEF,GARCH11-t
2021-02-12,0.0,4.298110547873705e-06,IEF,GARCH11-t
2021-02-16,0.0,5.933224058931538e-06,IEF,GARCH11-t
2021-02-17,0.0,1.5528745955588475e-05,IEF,GARCH11-t
2021-02-18,0.0,1.2601816360283042e-05,IEF,GARCH11-t
2021-02-19,0.0,9.576492577175989e-06,IEF,GARCH11-t
2021-02-22,0.0,1.1616165874199742e-05,IEF,GARCH11-t
2021-02-23,0.0,9.985351093518555e-06,IEF,GARCH11-t
2021-02-24,0.0,7.424540210460845e-06,IEF,GARCH11-t
2021-02-25,0.0,7.22755955186261e-06,IEF,GARCH11-t
2021-02-26,0.0,4.1559767314303946e-05,IEF,GARCH11-t
2021-03-01,0.0,4.76413274579767e-05,IEF,GARCH11-t
2021-03-02,0.0,3.926489824640171e-05,IEF,GARCH11-t
2021-03-03,0.0,3.172301231710235e-05,IEF,GARCH11-t
2021-03-04,0.0,2.9471219862134578e-05,IEF,GARCH11-t
2021-03-05,0.0,2.9422123390330848e-05,IEF,GARCH11-t
2021-03-08,0.0,2.2194330023725668e-05,IEF,GARCH11-t
2021-03-09,0.0,2.068666656368761e-05,IEF,GARCH11-t
2021-03-10,0.0,2.0131201624991138e-05,IEF,GARCH11-t
2021-03-11,0.0,1.7015803319610348e-05,IEF,GARCH11-t
2021-03-12,0.0,1.1597154692039835e-05,IEF,GARCH11-t
2021-03-15,0.0,2.1174286785832567e-05,IEF,GARCH11-t
2021-03-16,0.0,1.6957640572350328e-05,IEF,GARCH11-t
2021-03-17,0.0,1.0455398918425225e-05,IEF,GARCH11-t
2021-03-18,0.0,1.002466604499986e-05,IEF,GARCH11-t
2021-03-19,0.0,1.4477520154962595e-05,IEF,GARCH11-t
2021-03-22,0.0,1.2264371629547644e-05,IEF,GARCH11-t
2021-03-23,0.0,1.112944950527781e-05,IEF,GARCH11-t
2021-03-24,0.0,1.1974925156290167e-05,IEF,GARCH11-t
2021-03-25,0.0,1.0489844051682479e-05,IEF,GARCH11-t
2021-03-26,0.0,9.375732402960419e-06,IEF,GARCH11-t
2021-03-29,0.0,9.435476562703617e-06,IEF,GARCH11-t
2021-03-30,0.0,9.457514461640185e-06,IEF,GARCH11-t
2021-03-31,0.0,8.428940881778341e-06,IEF,GARCH11-t
2021-04-01,0.0,7.306772882198895e-06,IEF,GARCH11-t
2021-04-05,0.0,8.763061519665891e-06,IEF,GARCH11-t
2021-04-06,0.0,8.758210556598071e-06,IEF,GARCH11-t
2021-04-07,0.0,9.982860213497884e-06,IEF,GARCH11-t
2021-04-08,0.0,8.7561456931912e-06,IEF,GARCH11-t
2021-04-09,0.0,9.130427897244617e-06,IEF,GARCH11-t
2021-04-12,0.0,8.676480523824205e-06,IEF,GARCH11-t
2021-04-13,0.0,7.869113726449479e-06,IEF,GARCH11-t
2021-04-14,0.0,8.583976122934375e-06,IEF,GARCH11-t
2021-04-15,0.0,8.006540579933248e-06,IEF,GARCH11-t
2021-04-16,0.0,1.275261643724234e-05,IEF,GARCH11-t
2021-04-19,0.0,1.0500010708788566e-05,IEF,GARCH11-t
2021-04-20,0.0,9.285339108154002e-06,IEF,GARCH11-t
2021-04-21,0.0,9.100608400394488e-06,IEF,GARCH11-t
2021-04-22,0.0,8.077972629806303e-06,IEF,GARCH11-t
2021-04-23,0.0,7.282811459825867e-06,IEF,GARCH11-t
2021-04-26,0.0,6.342210187707703e-06,IEF,GARCH11-t
2021-04-27,0.0,5.937678490939343e-06,IEF,GARCH11-t
2021-04-28,0.0,7.478404840408154e-06,IEF,GARCH11-t
2021-04-29,0.0,6.8012511946238035e-06,IEF,GARCH11-t
2021-04-30,0.0,6.521795358601962e-06,IEF,GARCH11-t
2021-05-03,0.0,6.0531792818090304e-06,IEF,GARCH11-t
2021-05-04,0.0,5.618868244000873e-06,IEF,GARCH11-t
2021-05-05,0.0,5.3468492146355324e-06,IEF,GARCH11-t
2021-05-06,0.0,5.449934022248842e-06,IEF,GARCH11-t
2021-05-07,0.0,4.8205125625731545e-06,IEF,GARCH11-t
2021-05-10,0.0,4.2535912154917e-06,IEF,GARCH11-t
2021-05-11,0.0,4.976992532813205e-06,IEF,GARCH11-t
2021-05-12,0.0,4.9935379665042425e-06,IEF,GARCH11-t
2021-05-13,0.0,6.957062520578672e-06,IEF,GARCH11-t
2021-05-14,0.0,7.557837947908033e-06,IEF,GARCH11-t
2021-05-17,0.0,7.111308446662236e-06,IEF,GARCH11-t
2021-05-18,0.0,6.671787671661362e-06,IEF,GARCH11-t
2021-05-19,0.0,6.013958368812635e-06,IEF,GARCH11-t
2021-05-20,0.0,6.441856038363967e-06,IEF,GARCH11-t
2021-05-21,0.0,7.626279123849371e-06,IEF,GARCH11-t
2021-05-24,0.0,6.856765474813821e-06,IEF,GARCH11-t
2021-05-25,0.0,6.044563503936622e-06,IEF,GARCH11-t
2021-05-26,0.0,7.154102958451358e-06,IEF,GARCH11-t
2021-05-27,0.0,6.598596359742397e-06,IEF,GARCH11-t
2021-05-28,0.0,6.334124829017219e-06,IEF,GARCH11-t
2021-06-01,0.0,5.794361377532046e-06,IEF,GARCH11-t
2021-06-02,0.0,5.3811950903248244e-06,IEF,GARCH11-t
2021-06-03,0.0,5.173876612930759e-06,IEF,GARCH11-t
2021-06-04,0.0,5.467634525006946e-06,IEF,GARCH11-t
2021-06-07,0.0,8.1633605930445e-06,IEF,GARCH11-t
2021-06-08,0.0,7.280170484926753e-06,IEF,GARCH11-t
2021-06-09,0.0,7.390263866507354e-06,IEF,GARCH11-t
2021-06-10,0.0,7.481231886305684e-06,IEF,GARCH11-t
2021-06-11,0.0,8.354277908673232e-06,IEF,GARCH11-t
2021-06-14,0.0,7.299733556521571e-06,IEF,GARCH11-t
2021-06-15,0.0,7.645961653593625e-06,IEF,GARCH11-t
2021-06-16,0.0,6.733883626577086e-06,IEF,GARCH11-t
2021-06-17,0.0,1.1512775031273741e-05,IEF,GARCH11-t
2021-06-18,0.0,1.0752195084744137e-05,IEF,GARCH11-t
2021-06-21,0.0,1.3667860766643462e-05,IEF,GARCH11-t
2021-06-22,0.0,1.2408654368146636e-05,IEF,GARCH11-t
2021-06-23,0.0,1.055657084103973e-05,IEF,GARCH11-t
2021-06-24,0.0,9.596619288802766e-06,IEF,GARCH11-t
2021-06-25,0.0,8.420345274485983e-06,IEF,GARCH11-t
2021-06-28,0.0,8.173432516593839e-06,IEF,GARCH11-t
2021-06-29,0.0,8.071844830931083e-06,IEF,GARCH11-t
2021-06-30,0.0,7.231554186810592e-06,IEF,GARCH11-t
2021-07-01,0.0,6.775020809339229e-06,IEF,GARCH11-t
2021-07-02,0.0,6.215694778546865e-06,IEF,GARCH11-t
2021-07-06,0.0,7.143135197808897e-06,IEF,GARCH11-t
2021-07-07,0.0,9.499816978039698e-06,IEF,GARCH11-t
2021-07-08,0.0,8.982458896106835e-06,IEF,GARCH11-t
2021-07-09,0.0,8.754769330415115e-06,IEF,GARCH11-t
2021-07-12,0.0,1.0240369871350978e-05,IEF,GARCH11-t
2021-07-13,0.0,8.980505135816292e-06,IEF,GARCH11-t
2021-07-14,0.0,9.600822459412137e-06,IEF,GARCH11-t
2021-07-15,0.0,1.0847639639859724e-05,IEF,GARCH11-t
2021-07-16,0.0,1.1426176310278775e-05,IEF,GARCH11-t
2021-07-19,0.0,8.70756762086946e-06,IEF,GARCH11-t
2021-07-20,0.0,1.6022690825207897e-05,IEF,GARCH11-t
2021-07-21,0.0,1.1098941088469834e-05,IEF,GARCH11-t
2021-07-22,0.0,1.5933750997131136e-05,IEF,GARCH11-t
2021-07-23,0.0,1.3521055352478418e-05,IEF,GARCH11-t
2021-07-26,0.0,1.0567126435042426e-05,IEF,GARCH11-t
2021-07-27,0.0,9.835428584452802e-06,IEF,GARCH11-t
2021-07-28,0.0,1.1274745668331967e-05,IEF,GARCH11-t
2021-07-29,0.0,1.0267996018206028e-05,IEF,GARCH11-t
2021-07-30,0.0,9.378016458307249e-06,IEF,GARCH11-t
2021-08-02,0.0,9.455798355138078e-06,IEF,GARCH11-t
2021-08-03,0.0,9.68287364067525e-06,IEF,GARCH11-t
2021-08-04,0.0,9.080040526174184e-06,IEF,GARCH11-t
2021-08-05,0.0,8.537277421833977e-06,IEF,GARCH11-t
2021-08-06,0.0,8.769174469420882e-06,IEF,GARCH11-t
2021-08-09,0.0,1.0112652350216522e-05,IEF,GARCH11-t
2021-08-10,0.0,9.68080185068218e-06,IEF,GARCH11-t
2021-08-11,0.0,9.26920560417335e-06,IEF,GARCH11-t
2021-08-12,0.0,8.770215699105762e-06,IEF,GARCH11-t
2021-08-13,0.0,8.340333574026497e-06,IEF,GARCH11-t
2021-08-16,0.0,9.65720851575063e-06,IEF,GARCH11-t
2021-08-17,0.0,9.327729292553731e-06,IEF,GARCH11-t
2021-08-18,0.0,8.798326744097529e-06,IEF,GARCH11-t
2021-08-19,0.0,8.346636996029338e-06,IEF,GARCH11-t
2021-08-20,0.0,8.208889413715449e-06,IEF,GARCH11-t
2021-08-23,0.0,7.864156192871579e-06,IEF,GARCH11-t
2021-08-24,0.0,7.545969385235118e-06,IEF,GARCH11-t
2021-08-25,0.0,7.369904566477388e-06,IEF,GARCH11-t
2021-08-26,0.0,8.170418810410554e-06,IEF,GARCH11-t
2021-08-27,0.0,7.809725387885486e-06,IEF,GARCH11-t
2021-08-30,0.0,8.025934121342732e-06,IEF,GARCH11-t
2021-08-31,0.0,7.554125154640889e-06,IEF,GARCH11-t
2021-09-01,0.0,7.746584866105315e-06,IEF,GARCH11-t
2021-09-02,0.0,7.43172904819642e-06,IEF,GARCH11-t
2021-09-03,0.0,6.759421146919492e-06,IEF,GARCH11-t
2021-09-07,0.0,6.73289302069939e-06,IEF,GARCH11-t
2021-09-08,0.0,7.81882012605635e-06,IEF,GARCH11-t
2021-09-09,0.0,7.886657044512185e-06,IEF,GARCH11-t
2021-09-10,0.0,7.940273900330053e-06,IEF,GARCH11-t
2021-09-13,0.0,8.16626135227196e-06,IEF,GARCH11-t
2021-09-14,0.0,7.874843504786509e-06,IEF,GARCH11-t
2021-09-15,0.0,8.552649665650363e-06,IEF,GARCH11-t
2021-09-16,0.0,8.07492010834244e-06,IEF,GARCH11-t
2021-09-17,0.0,8.311692609905081e-06,IEF,GARCH11-t
2021-09-20,0.0,8.467056850792673e-06,IEF,GARCH11-t
2021-09-21,0.0,9.606322697991427e-06,IEF,GARCH11-t
2021-09-22,0.0,9.133901937285235e-06,IEF,GARCH11-t
2021-09-23,0.0,8.577841004863368e-06,IEF,GARCH11-t
2021-09-24,0.0,1.333807992008197e-05,IEF,GARCH11-t
2021-09-27,0.0,1.2796093311661294e-05,IEF,GARCH11-t
2021-09-28,0.0,1.2242733568294007e-05,IEF,GARCH11-t
2021-09-29,0.0,1.2125587792976439e-05,IEF,GARCH11-t
2021-09-30,0.0,1.1037526796611112e-05,IEF,GARCH11-t
2021-10-01,0.0,1.030912586200949e-05,IEF,GARCH11-t
2021-10-04,0.0,1.0762853232148647e-05,IEF,GARCH11-t
2021-10-05,0.0,9.985399264496851e-06,IEF,GARCH11-t
2021-10-06,0.0,9.955163396993734e-06,IEF,GARCH11-t
2021-10-07,0.0,9.308991967657988e-06,IEF,GARCH11-t
2021-10-08,0.0,9.775048344204024e-06,IEF,GARCH11-t
2021-10-11,0.0,9.203110978723818e-06,IEF,GARCH11-t
2021-10-12,0.0,9.2543670445764e-06,IEF,GARCH11-t
2021-10-13,0.0,9.80969946969097e-06,IEF,GARCH11-t
2021-10-14,0.0,9.617376364777366e-06,IEF,GARCH11-t
2021-10-15,0.0,9.516405841684552e-06,IEF,GARCH11-t
2021-10-18,0.0,1.0172582501754412e-05,IEF,GARCH11-t
2021-10-19,0.0,9.727144122297816e-06,IEF,GARCH11-t
2021-10-20,0.0,9.993082321106726e-06,IEF,GARCH11-t
2021-10-21,0.0,9.40102375236539e-06,IEF,GARCH11-t
2021-10-22,0.0,9.309601749882069e-06,IEF,GARCH11-t
2021-10-25,0.0,9.231788965100462e-06,IEF,GARCH11-t
2021-10-26,0.0,8.731088193063942e-06,IEF,GARCH11-t
2021-10-27,0.0,8.430653783814276e-06,IEF,GARCH11-t
2021-10-28,0.0,9.817997777220881e-06,IEF,GARCH11-t
2021-10-29,0.0,9.582692196226396e-06,IEF,GARCH11-t
2021-11-01,0.0,9.080526537641913e-06,IEF,GARCH11-t
2021-11-02,0.0,8.643548396445674e-06,IEF,GARCH11-t
2021-11-03,0.0,8.601499759348733e-06,IEF,GARCH11-t
2021-11-04,0.0,8.766722372986508e-06,IEF,GARCH11-t
2021-11-05,0.0,9.66993966155644e-06,IEF,GARCH11-t
2021-11-08,0.0,1.0860655315713726e-05,IEF,GARCH11-t
2021-11-09,0.0,1.1072815505265156e-05,IEF,GARCH11-t
2021-11-10,0.0,1.1860853011900157e-05,IEF,GARCH11-t
2021-11-11,0.0,1.693959118810155e-05,IEF,GARCH11-t
2021-11-12,0.0,1.5920607788334232e-05,IEF,GARCH11-t
2021-11-15,0.0,1.3776495901246406e-05,IEF,GARCH11-t
2021-11-16,0.0,1.3868384680252154e-05,IEF,GARCH11-t
2021-11-17,0.0,1.2174736097849054e-05,IEF,GARCH11-t
2021-11-18,0.0,1.2678660894872092e-05,IEF,GARCH11-t
2021-11-19,0.0,1.1435901927233253e-05,IEF,GARCH11-t
2021-11-22,0.0,1.0939194157885028e-05,IEF,GARCH11-t
2021-11-23,0.0,1.3468974549420428e-05,IEF,GARCH11-t
2021-11-24,0.0,1.3452199216705082e-05,IEF,GARCH11-t
2021-11-26,0.0,1.3272912525764806e-05,IEF,GARCH11-t
2021-11-29,0.0,2.0245638976030284e-05,IEF,GARCH11-t
2021-11-30,0.0,2.182652858326059e-05,IEF,GARCH11-t
2021-12-01,0.0,2.5584081290957626e-05,IEF,GARCH11-t
2021-12-02,0.0,2.1101537084592922e-05,IEF,GARCH11-t
2021-12-03,0.0,1.8091544249027763e-05,IEF,GARCH11-t
2021-12-06,0.0,1.876488607945227e-05,IEF,GARCH11-t
2021-12-07,0.0,1.6700060925735593e-05,IEF,GARCH11-t
2021-12-08,0.0,1.560262013512172e-05,IEF,GARCH11-t
2021-12-09,0.0,1.4891906998779213e-05,IEF,GARCH11-t
2021-12-10,0.0,1.5083665689701209e-05,IEF,GARCH11-t
2021-12-13,0.0,1.3932458035289284e-05,IEF,GARCH11-t
2021-12-14,0.0,1.400583517493412e-05,IEF,GARCH11-t
2021-12-15,0.0,1.4376136276656368e-05,IEF,GARCH11-t
2021-12-16,0.0,1.3243620318262687e-05,IEF,GARCH11-t
2021-12-17,0.0,1.3468523150648106e-05,IEF,GARCH11-t
2021-12-20,0.0,1.1042850563762833e-05,IEF,GARCH11-t
2021-12-21,0.0,1.0895852433843547e-05,IEF,GARCH11-t
2021-12-22,0.0,1.1287252450031168e-05,IEF,GARCH11-t
2021-12-23,0.0,1.0679547612639883e-05,IEF,GARCH11-t
2021-12-27,0.0,1.0164294736047468e-05,IEF,GARCH11-t
2021-12-28,0.0,9.794934436338018e-06,IEF,GARCH11-t
2021-12-29,0.0,9.056784743930163e-06,IEF,GARCH11-t
2021-12-30,0.0,1.073962850832494e-05,IEF,GARCH11-t
2021-12-31,0.0,1.089910916474867e-05,IEF,GARCH11-t
2022-01-03,0.0,1.0545667397726888e-05,IEF,GARCH11-t
2022-01-04,0.0,1.439184778541272e-05,IEF,GARCH11-t
2022-01-05,0.0,1.3578492973200528e-05,IEF,GARCH11-t
2022-01-06,0.0,1.3328150387643274e-05,IEF,GARCH11-t
2022-01-07,0.0,1.3318206745539888e-05,IEF,GARCH11-t
2022-01-10,0.0,1.2754692919654628e-05,IEF,GARCH11-t
2022-01-11,0.0,1.2145683714758344e-05,IEF,GARCH11-t
2022-01-12,0.0,1.156721923216294e-05,IEF,GARCH11-t
2022-01-13,0.0,1.1129407253705576e-05,IEF,GARCH11-t
2022-01-14,0.0,1.1231020371505716e-05,IEF,GARCH11-t
2022-01-18,0.0,1.2981949310202418e-05,IEF,GARCH11-t
2022-01-19,0.0,1.5361279178985964e-05,IEF,GARCH11-t
2022-01-20,0.0,1.4398571623709055e-05,IEF,GARCH11-t
2022-01-21,0.0,1.3738181814474522e-05,IEF,GARCH11-t
2022-01-24,0.0,1.4492577201256254e-05,IEF,GARCH11-t
2022-01-25,0.0,1.3508699652330653e-05,IEF,GARCH11-t
2022-01-26,0.0,1.3069743931427413e-05,IEF,GARCH11-t
2022-01-27,0.0,1.4838722755817132e-05,IEF,GARCH11-t
2022-01-28,0.0,1.4704640685269608e-05,IEF,GARCH11-t
2022-01-31,0.0,1.4035048961919851e-05,IEF,GARCH11-t
2022-02-01,0.0,1.3351653231460392e-05,IEF,GARCH11-t
2022-02-02,0.0,1.271218777997854e-05,IEF,GARCH11-t
2022-02-03,0.0,1.2411465347129964e-05,IEF,GARCH11-t
2022-02-04,0.0,1.2635435371152246e-05,IEF,GARCH11-t
2022-02-07,0.0,1.4630399205531593e-05,IEF,GARCH11-t
2022-02-08,0.0,1.377443518611586e-05,IEF,GARCH11-t
2022-02-09,0.0,1.3524623737439754e-05,IEF,GARCH11-t
2022-02-10,0.0,1.2815953925059971e-05,IEF,GARCH11-t
2022-02-11,0.0,1.7691146929565483e-05,IEF,GARCH11-t
2022-02-14,0.0,2.2130687501019625e-05,IEF,GARCH11-t
2022-02-15,0.0,2.3627717960424005e-05,IEF,GARCH11-t
2022-02-16,0.0,2.23474655367826e-05,IEF,GARCH11-t
2022-02-17,0.0,1.861382476092353e-05,IEF,GARCH11-t
2022-02-18,0.0,1.8326914402136817e-05,IEF,GARCH11-t
2022-02-22,0.0,1.7668170417380343e-05,IEF,GARCH11-t
2022-02-23,0.0,1.6338670848187827e-05,IEF,GARCH11-t
2022-02-24,0.0,1.664384800353784e-05,IEF,GARCH11-t
2022-02-25,0.0,1.882660398132515e-05,IEF,GARCH11-t
2022-02-28,0.0,1.767441556336681e-05,IEF,GARCH11-t
2022-03-01,0.0,2.4144251951848563e-05,IEF,GARCH11-t
2022-03-02,0.0,2.6643880206143546e-05,IEF,GARCH11-t
2022-03-03,0.0,4.064496826147694e-05,IEF,GARCH11-t
2022-03-04,0.0,4.8019770199650194e-05,IEF,GARCH11-t
2022-03-07,0.0,3.927596551548998e-05,IEF,GARCH11-t
2022-03-08,0.0,3.66701926528175e-05,IEF,GARCH11-t
2022-03-09,0.0,3.6530937638104005e-05,IEF,GARCH11-t
2022-03-10,0.0,3.6950675652676653e-05,IEF,GARCH11-t
2022-03-11,0.0,4.273852347315158e-05,IEF,GARCH11-t
2022-03-14,0.0,3.558289651732527e-05,IEF,GARCH11-t
2022-03-15,0.0,3.913020489411167e-05,IEF,GARCH11-t
2022-03-16,0.0,3.670291939717159e-05,IEF,GARCH11-t
2022-03-17,0.0,3.856150429633871e-05,IEF,GARCH11-t
2022-03-18,0.0,3.3722854256576515e-05,IEF,GARCH11-t
2022-03-21,0.0,3.24707238744884e-05,IEF,GARCH11-t
2022-03-22,0.0,3.791545970586742e-05,IEF,GARCH11-t
2022-03-23,0.0,3.708999492708331e-05,IEF,GARCH11-t
2022-03-24,0.0,3.710111530726685e-05,IEF,GARCH11-t
2022-03-25,0.0,4.072743077540337e-05,IEF,GARCH11-t
2022-03-28,0.0,4.260051389261588e-05,IEF,GARCH11-t
2022-03-29,0.0,3.740998384465425e-05,IEF,GARCH11-t
2022-03-30,0.0,3.63796490159398e-05,IEF,GARCH11-t
2022-03-31,0.0,3.53692250066711e-05,IEF,GARCH11-t
2022-04-01,0.0,3.298170043176317e-05,IEF,GARCH11-t
2022-04-04,0.0,3.3172844102980344e-05,IEF,GARCH11-t
2022-04-05,0.0,3.117549050193524e-05,IEF,GARCH11-t
2022-04-06,0.0,3.835268617061665e-05,IEF,GARCH11-t
2022-04-07,0.0,3.80296579696221e-05,IEF,GARCH11-t
2022-04-08,0.0,4.406906353824058e-05,IEF,GARCH11-t
2022-04-11,0.0,3.330626182271851e-05,IEF,GARCH11-t
2022-04-12,0.0,3.1805555711525825e-05,IEF,GARCH11-t
2022-04-13,0.0,3.110303895929336e-05,IEF,GARCH11-t
2022-04-14,0.0,2.9471503087129738e-05,IEF,GARCH11-t
2022-04-18,0.0,3.1925062002598575e-05,IEF,GARCH11-t
2022-04-19,0.0,3.0466601127184572e-05,IEF,GARCH11-t
2022-04-20,0.0,3.1958814354900166e-05,IEF,GARCH11-t
2022-04-21,0.0,3.218691412417363e-05,IEF,GARCH11-t
2022-04-22,0.0,3.185374088768318e-05,IEF,GARCH11-t
2022-04-25,0.0,2.999084938699831e-05,IEF,GARCH11-t
2022-04-26,0.0,3.1434484961577214e-05,IEF,GARCH11-t
2022-04-27,0.0,3.208526355487726e-05,IEF,GARCH11-t
2022-04-28,0.0,3.062251866846548e-05,IEF,GARCH11-t
2022-04-29,0.0,2.8947365638336698e-05,IEF,GARCH11-t
2022-05-02,0.0,2.87402205371652e-05,IEF,GARCH11-t
2022-05-03,0.0,3.421844221892931e-05,IEF,GARCH11-t
2022-05-04,0.0,2.829392072844201e-05,IEF,GARCH11-t
2022-05-05,0.0,2.8807899032119435e-05,IEF,GARCH11-t
2022-05-06,0.0,3.2360555279659014e-05,IEF,GARCH11-t
2022-05-09,0.0,3.215061751059007e-05,IEF,GARCH11-t
2022-05-10,0.0,3.3073699131665165e-05,IEF,GARCH11-t
2022-05-11,0.0,3.171190384277011e-05,IEF,GARCH11-t
2022-05-12,0.0,3.1786773882217535e-05,IEF,GARCH11-t
2022-05-13,0.0,3.298495256086749e-05,IEF,GARCH11-t
2022-05-16,0.0,3.0155318507086426e-05,IEF,GARCH11-t
2022-05-17,0.0,3.1240533265418835e-05,IEF,GARCH11-t
2022-05-18,0.0,3.06226061753259e-05,IEF,GARCH11-t
2022-05-19,0.0,3.282661212389551e-05,IEF,GARCH11-t
2022-05-20,0.0,3.3008508853825056e-05,IEF,GARCH11-t
2022-05-23,0.0,2.9670166069658407e-05,IEF,GARCH11-t
2022-05-24,0.0,2.9888686658097728e-05,IEF,GARCH11-t
2022-05-25,0.0,3.1956536224122604e-05,IEF,GARCH11-t
2022-05-26,0.0,3.782474537484824e-05,IEF,GARCH11-t
2022-05-27,0.0,2.863140787260813e-05,IEF,GARCH11-t
2022-05-31,0.0,2.7143246693007765e-05,IEF,GARCH11-t
2022-06-01,0.0,3.1285541928714675e-05,IEF,GARCH11-t
2022-06-02,0.0,3.214673060291012e-05,IEF,GARCH11-t
2022-06-03,0.0,2.9486816384402217e-05,IEF,GARCH11-t
2022-06-06,0.0,2.800377408232043e-05,IEF,GARCH11-t
2022-06-07,0.0,3.059045201036443e-05,IEF,GARCH11-t
2022-06-08,0.0,2.855132581866083e-05,IEF,GARCH11-t
2022-06-09,0.0,2.7675491543090422e-05,IEF,GARCH11-t
2022-06-10,0.0,2.7789053513858852e-05,IEF,GARCH11-t
2022-06-13,0.0,2.9766653343019604e-05,IEF,GARCH11-t
2022-06-14,0.0,4.454186700156313e-05,IEF,GARCH11-t
2022-06-15,0.0,4.852839485090383e-05,IEF,GARCH11-t
2022-06-16,0.0,5.324402506720449e-05,IEF,GARCH11-t
2022-06-17,0.0,6.402158713539909e-05,IEF,GARCH11-t
2022-06-21,0.0,4.80652742598543e-05,IEF,GARCH11-t
2022-06-22,0.0,4.790564890411046e-05,IEF,GARCH11-t
2022-06-23,0.0,5.6652280161273696e-05,IEF,GARCH11-t
2022-06-24,0.0,5.606409716736661e-05,IEF,GARCH11-t
2022-06-27,0.0,4.791325584222932e-05,IEF,GARCH11-t
2022-06-28,0.0,4.6676414545218436e-05,IEF,GARCH11-t
2022-06-29,0.0,4.568955036108046e-05,IEF,GARCH11-t
2022-06-30,0.0,4.663497687041919e-05,IEF,GARCH11-t
2022-07-01,0.0,4.525253018715336e-05,IEF,GARCH11-t
2022-07-05,0.0,6.044637206866506e-05,IEF,GARCH11-t
2022-07-06,0.0,4.6416378691627045e-05,IEF,GARCH11-t
2022-07-07,0.0,5.137039437881631e-05,IEF,GARCH11-t
2022-07-08,0.0,5.159969657128886e-05,IEF,GARCH11-t
2022-07-11,0.0,4.569557616703674e-05,IEF,GARCH11-t
2022-07-12,0.0,4.721699123191826e-05,IEF,GARCH11-t
2022-07-13,0.0,4.4412880006259426e-05,IEF,GARCH11-t
2022-07-14,0.0,4.397861867703165e-05,IEF,GARCH11-t
2022-07-15,0.0,4.136178202100853e-05,IEF,GARCH11-t
2022-07-18,0.0,3.992622496403702e-05,IEF,GARCH11-t
2022-07-19,0.0,3.762963181385755e-05,IEF,GARCH11-t
2022-07-20,0.0,6.938142556305737e-05,IEF,GARCH11-t
2022-07-21,0.0,3.549976205006034e-05,IEF,GARCH11-t
2022-07-22,0.0,3.894803620639612e-05,IEF,GARCH11-t
2022-07-25,0.0,4.337170105827885e-05,IEF,GARCH11-t
2022-07-26,0.0,4.151594997786725e-05,IEF,GARCH11-t
2022-07-27,0.0,3.9245886056850966e-05,IEF,GARCH11-t
2022-07-28,0.0,3.713776003283824e-05,IEF,GARCH11-t
2022-07-29,0.0,4.3732959613062495e-05,IEF,GARCH11-t
2022-08-01,0.0,3.867102846100018e-05,IEF,GARCH11-t
2022-08-02,0.0,3.7396806039057107e-05,IEF,GARCH11-t
2022-08-03,0.0,4.521294834182586e-05,IEF,GARCH11-t
2022-08-04,0.0,4.488823341334211e-05,IEF,GARCH11-t
2022-08-05,0.0,4.229812008369023e-05,IEF,GARCH11-t
2022-08-08,0.0,5.196875332681329e-05,IEF,GARCH11-t
2022-08-09,0.0,4.948590227870536e-05,IEF,GARCH11-t
2022-08-10,0.0,5.708863766707012e-05,IEF,GARCH11-t
2022-08-11,0.0,4.434607111466457e-05,IEF,GARCH11-t
2022-08-12,0.0,4.577457261121507e-05,IEF,GARCH11-t
2022-08-15,0.0,4.238448432756182e-05,IEF,GARCH11-t
2022-08-16,0.0,4.187622707614148e-05,IEF,GARCH11-t
2022-08-17,0.0,3.8288901664909515e-05,IEF,GARCH11-t
2022-08-18,0.0,4.350254700996977e-05,IEF,GARCH11-t
2022-08-19,0.0,3.660515862375603e-05,IEF,GARCH11-t
2022-08-22,0.0,3.844482065804064e-05,IEF,GARCH11-t
2022-08-23,0.0,3.8888270444203156e-05,IEF,GARCH11-t
2022-08-24,0.0,3.561832575521214e-05,IEF,GARCH11-t
2022-08-25,0.0,3.428072026283745e-05,IEF,GARCH11-t
2022-08-26,0.0,3.4541663565455466e-05,IEF,GARCH11-t
2022-08-29,0.0,3.278846196626124e-05,IEF,GARCH11-t
2022-08-30,0.0,3.273908412628723e-05,IEF,GARCH11-t
2022-08-31,0.0,3.104329031977326e-05,IEF,GARCH11-t
2022-09-01,0.0,3.0343390683009104e-05,IEF,GARCH11-t
2022-09-02,0.0,3.20730034755345e-05,IEF,GARCH11-t
2022-09-06,0.0,3.404861091454536e-05,IEF,GARCH11-t
2022-09-07,0.0,3.679930679570088e-05,IEF,GARCH11-t
2022-09-08,0.0,3.6991590709842435e-05,IEF,GARCH11-t
2022-09-09,0.0,3.571120403827687e-05,IEF,GARCH11-t
2022-09-12,0.0,3.381907911627228e-05,IEF,GARCH11-t
2022-09-13,0.0,3.235317170884865e-05,IEF,GARCH11-t
2022-09-14,0.0,3.2332320990978624e-05,IEF,GARCH11-t
2022-09-15,0.0,3.0683763837805585e-05,IEF,GARCH11-t
2022-09-16,0.0,2.975511191881631e-05,IEF,GARCH11-t
2022-09-19,0.0,3.019090101449587e-05,IEF,GARCH11-t
2022-09-20,0.0,4.341449296458104e-05,IEF,GARCH11-t
2022-09-21,0.0,2.8000122812022707e-05,IEF,GARCH11-t
2022-09-22,0.0,2.7467381995638148e-05,IEF,GARCH11-t
2022-09-23,0.0,3.795940903502524e-05,IEF,GARCH11-t
2022-09-26,0.0,3.59241512804262e-05,IEF,GARCH11-t
2022-09-27,0.0,4.840778485377486e-05,IEF,GARCH11-t
2022-09-28,0.0,4.8062893208488e-05,IEF,GARCH11-t
2022-09-29,0.0,7.070933050704158e-05,IEF,GARCH11-t
2022-09-30,0.0,6.75647399682654e-05,IEF,GARCH11-t
2022-10-03,0.0,6.387457949273167e-05,IEF,GARCH11-t
2022-10-04,0.0,6.719797812541735e-05,IEF,GARCH11-t
2022-10-05,0.0,6.341490944712942e-05,IEF,GARCH11-t
2022-10-06,0.0,6.430080318651767e-05,IEF,GARCH11-t
2022-10-07,0.0,5.740233446716403e-05,IEF,GARCH11-t
2022-10-10,0.0,5.966237918989604e-05,IEF,GARCH11-t
2022-10-11,0.0,5.7974607559198085e-05,IEF,GARCH11-t
2022-10-12,0.0,6.005166121977146e-05,IEF,GARCH11-t
2022-10-13,0.0,5.234576734836768e-05,IEF,GARCH11-t
2022-10-14,0.0,5.030032142897423e-05,IEF,GARCH11-t
2022-10-17,0.0,4.909759064550213e-05,IEF,GARCH11-t
2022-10-18,0.0,4.05809933327121e-05,IEF,GARCH11-t
2022-10-19,0.0,4.6973308326462397e-05,IEF,GARCH11-t
2022-10-20,0.0,4.103628611798964e-05,IEF,GARCH11-t
2022-10-21,0.0,4.758826825378345e-05,IEF,GARCH11-t
2022-10-24,0.0,4.0782285186621785e-05,IEF,GARCH11-t
2022-10-25,0.0,4.029312006908726e-05,IEF,GARCH11-t
2022-10-26,0.0,4.7601757283418455e-05,IEF,GARCH11-t
2022-10-27,0.0,4.875648479228257e-05,IEF,GARCH11-t
2022-10-28,0.0,4.1608206004093245e-05,IEF,GARCH11-t
2022-10-31,0.0,4.730960061424976e-05,IEF,GARCH11-t
2022-11-01,0.0,4.661126312686197e-05,IEF,GARCH11-t
2022-11-02,0.0,4.559400406831869e-05,IEF,GARCH11-t
2022-11-03,0.0,4.025110808353993e-05,IEF,GARCH11-t
2022-11-04,0.0,3.453352119387362e-05,IEF,GARCH11-t
2022-11-07,0.0,3.175553419399753e-05,IEF,GARCH11-t
2022-11-08,0.0,3.3784076056644104e-05,IEF,GARCH11-t
2022-11-09,0.0,3.320371712191644e-05,IEF,GARCH11-t
2022-11-10,0.0,3.210091701551166e-05,IEF,GARCH11-t
2022-11-11,0.0,4.452562477744228e-05,IEF,GARCH11-t
2022-11-14,0.0,4.399751783595486e-05,IEF,GARCH11-t
2022-11-15,0.0,4.351889973606302e-05,IEF,GARCH11-t
2022-11-16,0.0,4.8561333162655746e-05,IEF,GARCH11-t
2022-11-17,0.0,4.3795719146506095e-05,IEF,GARCH11-t
2022-11-18,0.0,4.854511094670873e-05,IEF,GARCH11-t
2022-11-21,0.0,4.780982774546677e-05,IEF,GARCH11-t
2022-11-22,0.0,4.292851898288379e-05,IEF,GARCH11-t
2022-11-23,0.0,4.269941484839397e-05,IEF,GARCH11-t
2022-11-25,0.0,4.252624239655183e-05,IEF,GARCH11-t
2022-11-28,0.0,4.2016432333557205e-05,IEF,GARCH11-t
2022-11-29,0.0,4.731374804602887e-05,IEF,GARCH11-t
2022-11-30,0.0,4.086242273840106e-05,IEF,GARCH11-t
2022-12-01,0.0,4.13314575339139e-05,IEF,GARCH11-t
2022-12-02,0.0,4.235476233545504e-05,IEF,GARCH11-t
2022-12-05,0.0,4.1913325426835216e-05,IEF,GARCH11-t
2022-12-06,0.0,4.266542528146219e-05,IEF,GARCH11-t
2022-12-07,0.0,4.8183528841301035e-05,IEF,GARCH11-t
2022-12-08,0.0,4.3027264907162334e-05,IEF,GARCH11-t
2022-12-09,0.0,4.2915420796860266e-05,IEF,GARCH11-t
2022-12-12,0.0,4.311218674196052e-05,IEF,GARCH11-t
2022-12-13,0.0,4.264998731776667e-05,IEF,GARCH11-t
2022-12-14,0.0,4.3133049707804606e-05,IEF,GARCH11-t
2022-12-15,0.0,4.273690508316391e-05,IEF,GARCH11-t
2022-12-16,0.0,4.230842602195978e-05,IEF,GARCH11-t
2022-12-19,0.0,4.190943838405817e-05,IEF,GARCH11-t
2022-12-20,0.0,4.228936116502167e-05,IEF,GARCH11-t
2022-12-21,0.0,4.2506369729448096e-05,IEF,GARCH11-t
2022-12-22,0.0,5.062274876494603e-05,IEF,GARCH11-t
2022-12-23,0.0,4.1586400705808816e-05,IEF,GARCH11-t
2022-12-27,0.0,4.140718197948503e-05,IEF,GARCH11-t
2022-12-28,0.0,4.187936004034744e-05,IEF,GARCH11-t
2022-12-29,0.0,4.152233790414333e-05,IEF,GARCH11-t
2022-12-30,0.0,4.783258300910945e-05,IEF,GARCH11-t
2023-01-03,0.0,4.111380841030121e-05,IEF,GARCH11-t
2023-01-04,0.0,4.1473685137267125e-05,IEF,GARCH11-t
2023-01-05,0.0,4.966506763068408e-05,IEF,GARCH11-t
2023-01-06,0.0,4.1173373741651844e-05,IEF,GARCH11-t
2023-01-09,0.0,4.2469481172255004e-05,IEF,GARCH11-t
2023-01-10,0.0,4.304375206726161e-05,IEF,GARCH11-t
2023-01-11,0.0,4.486046131252766e-05,IEF,GARCH11-t
2023-01-12,0.0,4.4412774830148916e-05,IEF,GARCH11-t
2023-01-13,0.0,4.292069259392699e-05,IEF,GARCH11-t
2023-01-17,0.0,4.284912577183139e-05,IEF,GARCH11-t
2023-01-18,0.0,4.5170250117030714e-05,IEF,GARCH11-t
2023-01-19,0.0,4.509523035622682e-05,IEF,GARCH11-t
2023-01-20,0.0,4.369046407236218e-05,IEF,GARCH11-t
2023-01-23,0.0,4.677070123293472e-05,IEF,GARCH11-t
2023-01-24,0.0,4.339845710570578e-05,IEF,GARCH11-t
2023-01-25,0.0,4.327659964564119e-05,IEF,GARCH11-t
2023-01-26,0.0,4.401545924894325e-05,IEF,GARCH11-t
2023-01-27,0.0,4.2686962837954905e-05,IEF,GARCH11-t
2023-01-30,0.0,4.457850053637928e-05,IEF,GARCH11-t
2023-01-31,0.0,4.3889438886256317e-05,IEF,GARCH11-t
2023-02-01,0.0,4.414724489181775e-05,IEF,GARCH11-t
2023-02-02,0.0,4.557541180321597e-05,IEF,GARCH11-t
2023-02-03,0.0,4.429067168412249e-05,IEF,GARCH11-t
2023-02-06,0.0,4.339053805600523e-05,IEF,GARCH11-t
2023-02-07,0.0,4.442717193206917e-05,IEF,GARCH11-t
2023-02-08,0.0,4.37086848138258e-05,IEF,GARCH11-t
2023-02-09,0.0,4.34814384761405e-05,IEF,GARCH11-t
2023-02-10,0.0,4.3865115627345536e-05,IEF,GARCH11-t
2023-02-13,0.0,4.648939009511709e-05,IEF,GARCH11-t
2023-02-14,0.0,4.2330792291839716e-05,IEF,GARCH11-t
2023-02-15,0.0,4.257051361435309e-05,IEF,GARCH11-t
2023-02-16,0.0,4.1719841753723864e-05,IEF,GARCH11-t
2023-02-17,0.0,4.1675631897786514e-05,IEF,GARCH11-t
2023-02-21,0.0,4.143727231230904e-05,IEF,GARCH11-t
2023-02-22,0.0,4.4038972132873855e-05,IEF,GARCH11-t
2023-02-23,0.0,4.296075460510522e-05,IEF,GARCH11-t
2023-02-24,0.0,4.284037157952061e-05,IEF,GARCH11-t
2023-02-27,0.0,4.440096849353926e-05,IEF,GARCH11-t
2023-02-28,0.0,3.751072929102367e-05,IEF,GARCH11-t
2023-03-01,0.0,4.233136492011475e-05,IEF,GARCH11-t
2023-03-02,0.0,4.362328209935492e-05,IEF,GARCH11-t
2023-03-03,0.0,4.21800273225199e-05,IEF,GARCH11-t
2023-03-06,0.0,4.222907550491718e-05,IEF,GARCH11-t
2023-03-07,0.0,4.1854768445286444e-05,IEF,GARCH11-t
2023-03-08,0.0,4.267299455333197e-05,IEF,GARCH11-t
2023-03-09,0.0,4.226340560036648e-05,IEF,GARCH11-t
2023-03-10,0.0,4.1340903239306e-05,IEF,GARCH11-t
2023-03-13,0.0,4.401665261980251e-05,IEF,GARCH11-t
2023-03-14,0.0,4.4179947082277374e-05,IEF,GARCH11-t
2023-03-15,0.0,4.8777043932122484e-05,IEF,GARCH11-t
2023-03-16,0.0,5.916272070621834e-05,IEF,GARCH11-t
2023-03-17,0.0,5.603184543239653e-05,IEF,GARCH11-t
2023-03-20,0.0,5.760523680261052e-05,IEF,GARCH11-t
2023-03-21,0.0,5.146069908150875e-05,IEF,GARCH11-t
2023-03-22,0.0,5.0640496947645045e-05,IEF,GARCH11-t
2023-03-23,0.0,5.979922241853619e-05,IEF,GARCH11-t
2023-03-24,0.0,5.213420316989729e-05,IEF,GARCH11-t
2023-03-27,0.0,4.6361870682928546e-05,IEF,GARCH11-t
2023-03-28,0.0,5.5918986278320626e-05,IEF,GARCH11-t
2023-03-29,0.0,4.9729942539286905e-05,IEF,GARCH11-t
2023-03-30,0.0,4.432308229280425e-05,IEF,GARCH11-t
2023-03-31,0.0,4.1928692887773845e-05,IEF,GARCH11-t
2023-04-03,0.0,4.224346604907742e-05,IEF,GARCH11-t
2023-04-04,0.0,4.180183780065676e-05,IEF,GARCH11-t
2023-04-05,0.0,4.5140416910576854e-05,IEF,GARCH11-t
2023-04-06,0.0,4.178002343713957e-05,IEF,GARCH11-t
2023-04-10,0.0,4.154865061342044e-05,IEF,GARCH11-t
2023-04-11,0.0,4.77329458800039e-05,IEF,GARCH11-t
2023-04-12,0.0,4.517694876258971e-05,IEF,GARCH11-t
2023-04-13,0.0,4.100621874305082e-05,IEF,GARCH11-t
2023-04-14,0.0,4.252328537733836e-05,IEF,GARCH11-t
2023-04-17,0.0,4.269832367131255e-05,IEF,GARCH11-t
2023-04-18,0.0,4.1894825950413534e-05,IEF,GARCH11-t
2023-04-19,0.0,4.003697157841784e-05,IEF,GARCH11-t
2023-04-20,0.0,3.883450436524349e-05,IEF,GARCH11-t
2023-04-21,0.0,4.2126467788089395e-05,IEF,GARCH11-t
2023-04-24,0.0,4.0360197984770776e-05,IEF,GARCH11-t
2023-04-25,0.0,4.201270430628609e-05,IEF,GARCH11-t
2023-04-26,0.0,4.53931250389243e-05,IEF,GARCH11-t
2023-04-27,0.0,4.4792943544785334e-05,IEF,GARCH11-t
2023-04-28,0.0,4.356843252098268e-05,IEF,GARCH11-t
2023-05-01,0.0,4.464402792157201e-05,IEF,GARCH11-t
2023-05-02,0.0,5.165218111129977e-05,IEF,GARCH11-t
2023-05-03,0.0,6.207447421205682e-05,IEF,GARCH11-t
2023-05-04,0.0,5.945462863618345e-05,IEF,GARCH11-t
2023-05-05,0.0,5.155902658538733e-05,IEF,GARCH11-t
2023-05-08,0.0,4.513511261608543e-05,IEF,GARCH11-t
2023-05-09,0.0,4.4725074743036606e-05,IEF,GARCH11-t
2023-05-10,0.0,4.411672086933611e-05,IEF,GARCH11-t
2023-05-11,0.0,4.3856738324698215e-05,IEF,GARCH11-t
2023-05-12,0.0,4.213219762206065e-05,IEF,GARCH11-t
2023-05-15,0.0,4.277867230254199e-05,IEF,GARCH11-t
2023-05-16,0.0,4.2891460051092483e-05,IEF,GARCH11-t
2023-05-17,0.0,3.972705158373055e-05,IEF,GARCH11-t
2023-05-18,0.0,4.0429134569690517e-05,IEF,GARCH11-t
2023-05-19,0.0,4.0974624338407014e-05,IEF,GARCH11-t
2023-05-22,0.0,4.008357420819273e-05,IEF,GARCH11-t
2023-05-23,0.0,3.964165135637423e-05,IEF,GARCH11-t
2023-05-24,0.0,3.6142874816786835e-05,IEF,GARCH11-t
2023-05-25,0.0,3.680522004631628e-05,IEF,GARCH11-t
2023-05-26,0.0,3.95688200205932e-05,IEF,GARCH11-t
2023-05-30,0.0,3.789689405301266e-05,IEF,GARCH11-t
2023-05-31,0.0,4.224427089015792e-05,IEF,GARCH11-t
2023-06-01,0.0,4.044821140364639e-05,IEF,GARCH11-t
2023-06-02,0.0,3.8575644939952534e-05,IEF,GARCH11-t
2023-06-05,0.0,4.298558353020987e-05,IEF,GARCH11-t
2023-06-06,0.0,3.955087094453367e-05,IEF,GARCH11-t
2023-06-07,0.0,3.733805146033584e-05,IEF,GARCH11-t
2023-06-08,0.0,4.051980098020128e-05,IEF,GARCH11-t
2023-06-09,0.0,4.202743292621144e-05,IEF,GARCH11-t
2023-06-12,0.0,3.972482673946036e-05,IEF,GARCH11-t
2023-06-13,0.0,3.7344401936811315e-05,IEF,GARCH11-t
2023-06-14,0.0,3.995288069850513e-05,IEF,GARCH11-t
2023-06-15,0.0,3.795024566269765e-05,IEF,GARCH11-t
2023-06-16,0.0,4.359324720000945e-05,IEF,GARCH11-t
2023-06-20,0.0,4.2033933955375123e-05,IEF,GARCH11-t
2023-06-21,0.0,3.818159869857712e-05,IEF,GARCH11-t
2023-06-22,0.0,3.5556842304575416e-05,IEF,GARCH11-t
2023-06-23,0.0,3.709681580023064e-05,IEF,GARCH11-t
2023-06-26,0.0,3.8329975445631995e-05,IEF,GARCH11-t
2023-06-27,0.0,3.579426305651007e-05,IEF,GARCH11-t
2023-06-28,0.0,3.534717699666979e-05,IEF,GARCH11-t
2023-06-29,0.0,3.53647480360253e-05,IEF,GARCH11-t
2023-06-30,0.0,4.320727908588862e-05,IEF,GARCH11-t
2023-07-03,0.0,3.923250293179084e-05,IEF,GARCH11-t
2023-07-05,0.0,3.838132831739576e-05,IEF,GARCH11-t
2023-07-06,0.0,3.803588778720158e-05,IEF,GARCH11-t
2023-07-07,0.0,4.127184791687017e-05,IEF,GARCH11-t
2023-07-10,0.0,3.812730503072575e-05,IEF,GARCH11-t
2023-07-11,0.0,3.8099271863533946e-05,IEF,GARCH11-t
2023-07-12,0.0,3.624106343943715e-05,IEF,GARCH11-t
2023-07-13,0.0,4.226401227632234e-05,IEF,GARCH11-t
2023-07-14,0.0,4.39515556929577e-05,IEF,GARCH11-t
2023-07-17,0.0,4.349129168386019e-05,IEF,GARCH11-t
2023-07-18,0.0,3.970208784599242e-05,IEF,GARCH11-t
2023-07-19,0.0,3.745590071481393e-05,IEF,GARCH11-t
2023-07-20,0.0,3.570632833396347e-05,IEF,GARCH11-t
2023-07-21,0.0,4.0768421400643885e-05,IEF,GARCH11-t
2023-07-24,0.0,3.668417870591311e-05,IEF,GARCH11-t
2023-07-25,0.0,3.536932373803733e-05,IEF,GARCH11-t
2023-07-26,0.0,3.406946214365245e-05,IEF,GARCH11-t
2023-07-27,0.0,3.38866903842906e-05,IEF,GARCH11-t
2023-07-28,0.0,4.25328390106317e-05,IEF,GARCH11-t
2023-07-31,0.0,3.9426630038149546e-05,IEF,GARCH11-t
2023-08-01,0.0,3.688934524829915e-05,IEF,GARCH11-t
2023-08-02,0.0,3.73482048503743e-05,IEF,GARCH11-t
2023-08-03,0.0,3.526020965745038e-05,IEF,GARCH11-t
2023-08-04,0.0,3.7885947324516216e-05,IEF,GARCH11-t
2023-08-07,0.0,4.305152507844791e-05,IEF,GARCH11-t
2023-08-08,0.0,4.0109135561134236e-05,IEF,GARCH11-t
2023-08-09,0.0,3.8829639210127595e-05,IEF,GARCH11-t
2023-08-10,0.0,3.6041186887932094e-05,IEF,GARCH11-t
2023-08-11,0.0,3.8919707753779924e-05,IEF,GARCH11-t
2023-08-14,0.0,4.00637137095164e-05,IEF,GARCH11-t
2023-08-15,0.0,3.594482287314035e-05,IEF,GARCH11-t
2023-08-16,0.0,3.550882194854289e-05,IEF,GARCH11-t
2023-08-17,0.0,3.423719892567809e-05,IEF,GARCH11-t
2023-08-18,0.0,3.2890579599581985e-05,IEF,GARCH11-t
2023-08-21,0.0,3.255899388902255e-05,IEF,GARCH11-t
2023-08-22,0.0,3.469863298509583e-05,IEF,GARCH11-t
2023-08-23,0.0,3.3064530031920366e-05,IEF,GARCH11-t
2023-08-24,0.0,4.1483767982944094e-05,IEF,GARCH11-t
2023-08-25,0.0,3.9198721855090174e-05,IEF,GARCH11-t
2023-08-28,0.0,3.625030338574465e-05,IEF,GARCH11-t
2023-08-29,0.0,3.4885313898709985e-05,IEF,GARCH11-t
2023-08-30,0.0,3.747408246033753e-05,IEF,GARCH11-t
2023-08-31,0.0,3.508266353157105e-05,IEF,GARCH11-t
2023-09-01,0.0,3.365535292272288e-05,IEF,GARCH11-t
2023-09-05,0.0,3.544345710854224e-05,IEF,GARCH11-t
2023-09-06,0.0,3.6667385490004934e-05,IEF,GARCH11-t
2023-09-07,0.0,3.4858283045438776e-05,IEF,GARCH11-t
2023-09-08,0.0,3.3979087059989515e-05,IEF,GARCH11-t
2023-09-11,0.0,3.2414619289867744e-05,IEF,GARCH11-t
2023-09-12,0.0,3.155026865042639e-05,IEF,GARCH11-t
2023-09-13,0.0,3.089603457805984e-05,IEF,GARCH11-t
2023-09-14,0.0,3.3858888137503625e-05,IEF,GARCH11-t
2023-09-15,0.0,3.014651142663371e-05,IEF,GARCH11-t
2023-09-18,0.0,3.3497294878419406e-05,IEF,GARCH11-t
2023-09-19,0.0,2.8249553345466473e-05,IEF,GARCH11-t
2023-09-20,0.0,2.9174145915161138e-05,IEF,GARCH11-t
2023-09-21,0.0,2.8700090584692114e-05,IEF,GARCH11-t
2023-09-22,0.0,3.1117728548296216e-05,IEF,GARCH11-t
2023-09-25,0.0,3.1107101909467e-05,IEF,GARCH11-t
2023-09-26,0.0,3.2597665382321086e-05,IEF,GARCH11-t
2023-09-27,0.0,3.153670171205252e-05,IEF,GARCH11-t
2023-09-28,0.0,3.094543824267099e-05,IEF,GARCH11-t
2023-09-29,0.0,3.406811867788694e-05,IEF,GARCH11-t
2023-10-02,0.0,3.044663152293967e-05,IEF,GARCH11-t
2023-10-03,0.0,3.276240565293899e-05,IEF,GARCH11-t
2023-10-04,0.0,3.552890760957654e-05,IEF,GARCH11-t
2023-10-05,0.0,3.564684502226289e-05,IEF,GARCH11-t
2023-10-06,0.0,3.373337958956214e-05,IEF,GARCH11-t
2023-10-09,0.0,3.417104448887044e-05,IEF,GARCH11-t
2023-10-10,0.0,4.186877035595993e-05,IEF,GARCH11-t
2023-10-11,0.0,3.8119140353064496e-05,IEF,GARCH11-t
2023-10-12,0.0,3.8855518241119635e-05,IEF,GARCH11-t
2023-10-13,0.0,4.046043351999592e-05,IEF,GARCH11-t
2023-10-16,0.0,4.131061771351178e-05,IEF,GARCH11-t
2023-10-17,0.0,4.0072533157244155e-05,IEF,GARCH11-t
2023-10-18,0.0,4.125240552837719e-05,IEF,GARCH11-t
2023-10-19,0.0,3.918873683897965e-05,IEF,GARCH11-t
2023-10-20,0.0,3.776528741222111e-05,IEF,GARCH11-t
2023-10-23,0.0,3.7071765227249525e-05,IEF,GARCH11-t
2023-10-24,0.0,3.5920909509403834e-05,IEF,GARCH11-t
2023-10-25,0.0,3.3862766082962795e-05,IEF,GARCH11-t
2023-10-26,0.0,3.9307155260487275e-05,IEF,GARCH11-t
2023-10-27,0.0,3.9627391111890614e-05,IEF,GARCH11-t
2023-10-30,0.0,3.6139422939408485e-05,IEF,GARCH11-t
2023-10-31,0.0,3.444188928185771e-05,IEF,GARCH11-t
2023-11-01,0.0,3.271633836069145e-05,IEF,GARCH11-t
2023-11-02,0.0,3.813006089600597e-05,IEF,GARCH11-t
2023-11-03,0.0,3.722697151467971e-05,IEF,GARCH11-t
2023-11-06,0.0,3.9378998303289496e-05,IEF,GARCH11-t
2023-11-07,0.0,3.7164278429600934e-05,IEF,GARCH11-t
2023-11-08,0.0,3.670315159984478e-05,IEF,GARCH11-t
2023-11-09,0.0,3.5561706903581326e-05,IEF,GARCH11-t
2023-11-10,0.0,4.244773987165804e-05,IEF,GARCH11-t
2023-11-13,0.0,3.7935639193008136e-05,IEF,GARCH11-t
2023-11-14,0.0,3.324155929227095e-05,IEF,GARCH11-t
2023-11-15,0.0,4.672241578319386e-05,IEF,GARCH11-t
2023-11-16,0.0,5.011908617595939e-05,IEF,GARCH11-t
2023-11-17,0.0,4.559242898420572e-05,IEF,GARCH11-t
2023-11-20,0.0,4.0965785124550536e-05,IEF,GARCH11-t
2023-11-21,0.0,3.7065539390472e-05,IEF,GARCH11-t
2023-11-22,0.0,3.617923395320629e-05,IEF,GARCH11-t
2023-11-24,0.0,3.665091166937066e-05,IEF,GARCH11-t
2023-11-27,0.0,3.5826750311533186e-05,IEF,GARCH11-t
2023-11-28,0.0,3.450237032280885e-05,IEF,GARCH11-t
2023-11-29,0.0,3.3442071173929464e-05,IEF,GARCH11-t
2023-11-30,0.0,3.406249828372255e-05,IEF,GARCH11-t
2023-12-01,0.0,3.275060091670688e-05,IEF,GARCH11-t
2023-12-04,0.0,3.920530098521351e-05,IEF,GARCH11-t
2023-12-05,0.0,3.859577430362913e-05,IEF,GARCH11-t
2023-12-06,0.0,3.6116361336867434e-05,IEF,GARCH11-t
2023-12-07,0.0,3.499836178064769e-05,IEF,GARCH11-t
2023-12-08,0.0,3.232583986194783e-05,IEF,GARCH11-t
2023-12-11,0.0,3.581775876543094e-05,IEF,GARCH11-t
2023-12-12,0.0,3.445991540209234e-05,IEF,GARCH11-t
2023-12-13,0.0,3.09220773441891e-05,IEF,GARCH11-t
2023-12-14,0.0,4.114815798545021e-05,IEF,GARCH11-t
2023-12-15,0.0,4.3014519092710966e-05,IEF,GARCH11-t
2023-12-18,0.0,3.9159868931412076e-05,IEF,GARCH11-t
2023-12-19,0.0,3.705197960910784e-05,IEF,GARCH11-t
2023-12-20,0.0,3.518675867225157e-05,IEF,GARCH11-t
2023-12-21,0.0,3.393002270247625e-05,IEF,GARCH11-t
2023-12-22,0.0,3.223274626763835e-05,IEF,GARCH11-t
2023-12-26,0.0,3.060541375399854e-05,IEF,GARCH11-t
2023-12-27,0.0,3.108239556726555e-05,IEF,GARCH11-t
2023-12-28,0.0,3.218923686998e-05,IEF,GARCH11-t
2023-12-29,0.0,3.134083939868982e-05,IEF,GARCH11-t
2024-01-02,0.0,3.0220766125242546e-05,IEF,GARCH11-t
2024-01-03,0.0,3.2882306271924585e-05,IEF,GARCH11-t
2024-01-04,0.0,2.867566194812047e-05,IEF,GARCH11-t
2024-01-05,0.0,3.2135505418367724e-05,IEF,GARCH11-t
2024-01-08,0.0,2.955005802087011e-05,IEF,GARCH11-t
2024-01-09,0.0,2.8954110825892304e-05,IEF,GARCH11-t
2024-01-10,0.0,2.7707840982059078e-05,IEF,GARCH11-t
2024-01-11,0.0,2.8596270964486446e-05,IEF,GARCH11-t
2024-01-12,0.0,2.776935131413805e-05,IEF,GARCH11-t
2024-01-16,0.0,2.857164946528207e-05,IEF,GARCH11-t
2024-01-17,0.0,3.225546590871099e-05,IEF,GARCH11-t
2024-01-18,0.0,2.8727154617696228e-05,IEF,GARCH11-t
2024-01-19,0.0,2.9878958253124834e-05,IEF,GARCH11-t
2024-01-22,0.0,2.7656913395634946e-05,IEF,GARCH11-t
2024-01-23,0.0,2.5642724737015266e-05,IEF,GARCH11-t
2024-01-24,0.0,2.786725539921133e-05,IEF,GARCH11-t
2024-01-25,0.0,2.5229297478201427e-05,IEF,GARCH11-t
2024-01-26,0.0,2.587584260971175e-05,IEF,GARCH11-t
2024-01-29,0.0,2.6330843548375103e-05,IEF,GARCH11-t
2024-01-30,0.0,2.837787164443524e-05,IEF,GARCH11-t
2024-01-31,0.0,2.709029925052873e-05,IEF,GARCH11-t
2024-02-01,0.0,3.0225039062238866e-05,IEF,GARCH11-t
2024-02-02,0.0,2.975336667136306e-05,IEF,GARCH11-t
2024-02-05,0.0,4.2359368750313005e-05,IEF,GARCH11-t
2024-02-06,0.0,4.594115126043027e-05,IEF,GARCH11-t
2024-02-07,0.0,4.2098450597839405e-05,IEF,GARCH11-t
2024-02-08,0.0,3.8793386728715653e-05,IEF,GARCH11-t
2024-02-09,0.0,3.4720989392346025e-05,IEF,GARCH11-t
2024-02-12,0.0,3.166959867864667e-05,IEF,GARCH11-t
2024-02-13,0.0,2.9632612156647164e-05,IEF,GARCH11-t
2024-02-14,0.0,3.899463917405618e-05,IEF,GARCH11-t
2024-02-15,0.0,3.508425881807296e-05,IEF,GARCH11-t
2024-02-16,0.0,3.302779227363197e-05,IEF,GARCH11-t
2024-02-20,0.0,3.248159514278269e-05,IEF,GARCH11-t
2024-02-21,0.0,3.153349879736583e-05,IEF,GARCH11-t
2024-02-22,0.0,3.135446941763674e-05,IEF,GARCH11-t
2024-02-23,0.0,2.729705046943682e-05,IEF,GARCH11-t
2024-02-26,0.0,2.9621884160009367e-05,IEF,GARCH11-t
2024-02-27,0.0,2.8418743756507782e-05,IEF,GARCH11-t
2024-02-28,0.0,2.6647984332682066e-05,IEF,GARCH11-t
2024-02-29,0.0,2.607339291571179e-05,IEF,GARCH11-t
2024-03-01,0.0,2.6579581952283757e-05,IEF,GARCH11-t
2024-03-04,0.0,2.6805172839471168e-05,IEF,GARCH11-t
2024-03-05,0.0,2.6273950989656642e-05,IEF,GARCH11-t
2024-03-06,0.0,2.741531463711504e-05,IEF,GARCH11-t
2024-03-07,0.0,2.6862060564883557e-05,IEF,GARCH11-t
2024-03-08,0.0,2.6241001348066852e-05,IEF,GARCH11-t
2024-03-11,0.0,2.2992306179246398e-05,IEF,GARCH11-t
2024-03-12,0.0,2.499712296773879e-05,IEF,GARCH11-t
2024-03-13,0.0,2.4501314296782063e-05,IEF,GARCH11-t
2024-03-14,0.0,2.382173568891026e-05,IEF,GARCH11-t
2024-03-15,0.0,2.6136493334247167e-05,IEF,GARCH11-t
2024-03-18,0.0,2.497073858509652e-05,IEF,GARCH11-t
2024-03-19,0.0,2.4248721949456017e-05,IEF,GARCH11-t
2024-03-20,0.0,2.3352742122337354e-05,IEF,GARCH11-t
2024-03-21,0.0,2.3076945333889064e-05,IEF,GARCH11-t
2024-03-22,0.0,2.2738426828547233e-05,IEF,GARCH11-t
2024-03-25,0.0,2.262404957404658e-05,IEF,GARCH11-t
2024-03-26,0.0,2.2315084362486983e-05,IEF,GARCH11-t
2024-03-27,0.0,2.094513543438398e-05,IEF,GARCH11-t
2024-03-28,0.0,2.299451016031311e-05,IEF,GARCH11-t
2024-04-01,0.0,2.3861892814714176e-05,IEF,GARCH11-t
2024-04-02,0.0,2.6493400715327136e-05,IEF,GARCH11-t
2024-04-03,0.0,2.4307556720726366e-05,IEF,GARCH11-t
2024-04-04,0.0,2.3417849439967817e-05,IEF,GARCH11-t
2024-04-05,0.0,2.2201328834777994e-05,IEF,GARCH11-t
2024-04-08,0.0,2.4686211611386465e-05,IEF,GARCH11-t
2024-04-09,0.0,2.4990585981040756e-05,IEF,GARCH11-t
2024-04-10,0.0,2.376805088678063e-05,IEF,GARCH11-t
2024-04-11,0.0,3.2258382669297164e-05,IEF,GARCH11-t
2024-04-12,0.0,2.9959822182915265e-05,IEF,GARCH11-t
2024-04-15,0.0,2.9872397631376245e-05,IEF,GARCH11-t
2024-04-16,0.0,2.8955731126322824e-05,IEF,GARCH11-t
2024-04-17,0.0,2.9874017277814022e-05,IEF,GARCH11-t
2024-04-18,0.0,2.786223588002538e-05,IEF,GARCH11-t
2024-04-19,0.0,2.9217270975997593e-05,IEF,GARCH11-t
2024-04-22,0.0,2.6972229832311486e-05,IEF,GARCH11-t
2024-04-23,0.0,2.6819583730292278e-05,IEF,GARCH11-t
2024-04-24,0.0,2.473790855582245e-05,IEF,GARCH11-t
2024-04-25,0.0,2.4975435005645628e-05,IEF,GARCH11-t
2024-04-26,0.0,2.4484124731923288e-05,IEF,GARCH11-t
2024-04-29,0.0,2.352912751453307e-05,IEF,GARCH11-t
2024-04-30,0.0,2.388885405144719e-05,IEF,GARCH11-t
2024-05-01,0.0,2.454740096504847e-05,IEF,GARCH11-t
2024-05-02,0.0,2.3873306226973053e-05,IEF,GARCH11-t
2024-05-03,0.0,2.3708145491418644e-05,IEF,GARCH11-t
2024-05-06,0.0,2.428497363660246e-05,IEF,GARCH11-t
2024-05-07,0.0,2.3387952968894574e-05,IEF,GARCH11-t
2024-05-08,0.0,2.3737722047715075e-05,IEF,GARCH11-t
2024-05-09,0.0,2.2633474939814143e-05,IEF,GARCH11-t
2024-05-10,0.0,2.19168446394553e-05,IEF,GARCH11-t
2024-05-13,0.0,2.2026655894333473e-05,IEF,GARCH11-t
2024-05-14,0.0,2.211963025719505e-05,IEF,GARCH11-t
2024-05-15,0.0,2.1060794112737e-05,IEF,GARCH11-t
2024-05-16,0.0,2.3091530780582416e-05,IEF,GARCH11-t
2024-05-17,0.0,2.252363365886237e-05,IEF,GARCH11-t
2024-05-20,0.0,2.2151675021661948e-05,IEF,GARCH11-t
2024-05-21,0.0,2.1290939686114177e-05,IEF,GARCH11-t
2024-05-22,0.0,2.108986939296214e-05,IEF,GARCH11-t
2024-05-23,0.0,2.148039563519939e-05,IEF,GARCH11-t
2024-05-24,0.0,2.14647675651758e-05,IEF,GARCH11-t
2024-05-28,0.0,2.1107360276042123e-05,IEF,GARCH11-t
2024-05-29,0.0,1.9296688109308387e-05,IEF,GARCH11-t
2024-05-30,0.0,2.2317599449362348e-05,IEF,GARCH11-t
2024-05-31,0.0,2.2192244583585996e-05,IEF,GARCH11-t
2024-06-03,0.0,2.2067172971739837e-05,IEF,GARCH11-t
2024-06-04,0.0,2.344539859307058e-05,IEF,GARCH11-t
2024-06-05,0.0,2.4105071339231343e-05,IEF,GARCH11-t
2024-06-06,0.0,2.166975102331677e-05,IEF,GARCH11-t
2024-06-07,0.0,2.1897160645849464e-05,IEF,GARCH11-t
2024-06-10,0.0,2.6414891539719527e-05,IEF,GARCH11-t
2024-06-11,0.0,2.7177204169160075e-05,IEF,GARCH11-t
2024-06-12,0.0,2.718719249039744e-05,IEF,GARCH11-t
2024-06-13,0.0,2.611072419160672e-05,IEF,GARCH11-t
2024-06-14,0.0,2.611156649202145e-05,IEF,GARCH11-t
2024-06-17,0.0,2.5808922750874646e-05,IEF,GARCH11-t
2024-06-18,0.0,2.5147777367764145e-05,IEF,GARCH11-t
2024-06-20,0.0,2.5027094632555796e-05,IEF,GARCH11-t
2024-06-21,0.0,2.44160005038686e-05,IEF,GARCH11-t
2024-06-24,0.0,2.3604983963513427e-05,IEF,GARCH11-t
2024-06-25,0.0,2.3679131773635543e-05,IEF,GARCH11-t
2024-06-26,0.0,2.3017323005051583e-05,IEF,GARCH11-t
2024-06-27,0.0,2.211316106611803e-05,IEF,GARCH11-t
2024-06-28,0.0,2.2575089975860035e-05,IEF,GARCH11-t
2024-07-01,0.0,2.294889794591568e-05,IEF,GARCH11-t
2024-07-02,0.0,2.3597130344264056e-05,IEF,GARCH11-t
2024-07-03,0.0,2.401726219085664e-05,IEF,GARCH11-t
2024-07-05,0.0,2.5999618242503043e-05,IEF,GARCH11-t
2024-07-08,0.0,2.507239928361125e-05,IEF,GARCH11-t
2024-07-09,0.0,2.500151421916447e-05,IEF,GARCH11-t
2024-07-10,0.0,2.3004126487204105e-05,IEF,GARCH11-t
2024-07-11,0.0,2.3635550564577557e-05,IEF,GARCH11-t
2024-07-12,0.0,2.3558196454043948e-05,IEF,GARCH11-t
2024-07-15,0.0,2.3288462084401485e-05,IEF,GARCH11-t
2024-07-16,0.0,2.1959920872431045e-05,IEF,GARCH11-t
2024-07-17,0.0,2.210319007443717e-05,IEF,GARCH11-t
2024-07-18,0.0,2.1391306158171378e-05,IEF,GARCH11-t
2024-07-19,0.0,2.154081217161447e-05,IEF,GARCH11-t
2024-07-22,0.0,2.141055416905088e-05,IEF,GARCH11-t
2024-07-23,0.0,2.079737316326483e-05,IEF,GARCH11-t
2024-07-24,0.0,1.9942943042032566e-05,IEF,GARCH11-t
2024-07-25,0.0,1.7910029886194258e-05,IEF,GARCH11-t
2024-07-26,0.0,2.1503481163609604e-05,IEF,GARCH11-t
2024-07-29,0.0,1.9866809592480375e-05,IEF,GARCH11-t
2024-07-30,0.0,1.8998518111871128e-05,IEF,GARCH11-t
2024-07-31,0.0,1.9087655763330138e-05,IEF,GARCH11-t
2024-08-01,0.0,2.0389589231991708e-05,IEF,GARCH11-t
2024-08-02,0.0,2.189231657207355e-05,IEF,GARCH11-t
2024-08-05,0.0,3.6370321243814406e-05,IEF,GARCH11-t
2024-08-06,0.0,3.107143097257167e-05,IEF,GARCH11-t
2024-08-07,0.0,3.58870045209522e-05,IEF,GARCH11-t
2024-08-08,0.0,3.3454139589077366e-05,IEF,GARCH11-t
2024-08-09,0.0,3.0647681324959246e-05,IEF,GARCH11-t
2024-08-12,0.0,2.8399620096375314e-05,IEF,GARCH11-t
2024-08-13,0.0,2.664444170797446e-05,IEF,GARCH11-t
2024-08-14,0.0,2.6783110057035833e-05,IEF,GARCH11-t
2024-08-15,0.0,2.557917916077988e-05,IEF,GARCH11-t
2024-08-16,0.0,2.6596381301071864e-05,IEF,GARCH11-t
2024-08-19,0.0,2.411139917024257e-05,IEF,GARCH11-t
2024-08-20,0.0,2.2878301202996786e-05,IEF,GARCH11-t
2024-08-21,0.0,2.331010987745684e-05,IEF,GARCH11-t
2024-08-22,0.0,2.1278391318394296e-05,IEF,GARCH11-t
2024-08-23,0.0,2.15893516098691e-05,IEF,GARCH11-t
2024-08-26,0.0,2.163510560147203e-05,IEF,GARCH11-t
2024-08-27,0.0,2.0457282039019405e-05,IEF,GARCH11-t
2024-08-28,0.0,1.9452213593895808e-05,IEF,GARCH11-t
2024-08-29,0.0,1.8319336510886476e-05,IEF,GARCH11-t
2024-08-30,0.0,1.7955521649160547e-05,IEF,GARCH11-t
2024-09-03,0.0,1.7419983492539284e-05,IEF,GARCH11-t
2024-09-04,0.0,2.1127409186694764e-05,IEF,GARCH11-t
2024-09-05,0.0,2.313255769665365e-05,IEF,GARCH11-t
2024-09-06,0.0,2.141734124978021e-05,IEF,GARCH11-t
2024-09-09,0.0,2.032947128404502e-05,IEF,GARCH11-t
2024-09-10,0.0,1.8987695443772068e-05,IEF,GARCH11-t
2024-09-11,0.0,2.0606647461111217e-05,IEF,GARCH11-t
2024-09-12,0.0,1.8454157065271433e-05,IEF,GARCH11-t
2024-09-13,0.0,1.8717149842343368e-05,IEF,GARCH11-t
2024-09-16,0.0,2.1644014754642828e-05,IEF,GARCH11-t
2024-09-17,0.0,2.1549912844791e-05,IEF,GARCH11-t
2024-09-18,0.0,2.140100700060919e-05,IEF,GARCH11-t
2024-09-19,0.0,2.1477563163920016e-05,IEF,GARCH11-t
2024-09-20,0.0,2.1288607502617388e-05,IEF,GARCH11-t
2024-09-23,0.0,2.1131476483674546e-05,IEF,GARCH11-t
2024-09-24,0.0,2.0834880062194056e-05,IEF,GARCH11-t
2024-09-25,0.0,2.066233757270801e-05,IEF,GARCH11-t
2024-09-26,0.0,2.0582396277090776e-05,IEF,GARCH11-t
2024-09-27,0.0,2.044447617197705e-05,IEF,GARCH11-t
2024-09-30,0.0,2.0450375901865766e-05,IEF,GARCH11-t
2024-10-01,0.0,2.038555863722339e-05,IEF,GARCH11-t
2024-10-02,0.0,2.041402124027994e-05,IEF,GARCH11-t
2024-10-03,0.0,2.020156628429313e-05,IEF,GARCH11-t
2024-10-04,0.0,2.0211750093695967e-05,IEF,GARCH11-t
2024-10-07,0.0,2.1153572323763016e-05,IEF,GARCH11-t
2024-10-08,0.0,2.1147229026330967e-05,IEF,GARCH11-t
2024-10-09,0.0,2.0900923488859212e-05,IEF,GARCH11-t
2024-10-10,0.0,1.7632122944043167e-05,IEF,GARCH11-t
2024-10-11,0.0,2.032138285284862e-05,IEF,GARCH11-t
2024-10-14,0.0,2.008934460508806e-05,IEF,GARCH11-t
2024-10-15,0.0,1.9730980362728768e-05,IEF,GARCH11-t
2024-10-16,0.0,1.9807068180298855e-05,IEF,GARCH11-t
2024-10-17,0.0,1.9595169591618677e-05,IEF,GARCH11-t
2024-10-18,0.0,1.699207079395499e-05,IEF,GARCH11-t
2024-10-21,0.0,1.666298843719073e-05,IEF,GARCH11-t
2024-10-22,0.0,1.7279260673260272e-05,IEF,GARCH11-t
2024-10-23,0.0,1.9653234045896128e-05,IEF,GARCH11-t
2024-10-24,0.0,1.6708317740096844e-05,IEF,GARCH11-t
2024-10-25,0.0,1.941199970792625e-05,IEF,GARCH11-t
2024-10-28,0.0,1.9118737105943437e-05,IEF,GARCH11-t
2024-10-29,0.0,1.8888383274954393e-05,IEF,GARCH11-t
2024-10-30,0.0,1.5768857110433e-05,IEF,GARCH11-t
2024-10-31,0.0,1.860332392783964e-05,IEF,GARCH11-t
2024-11-01,0.0,1.648445164944299e-05,IEF,GARCH11-t
2024-11-04,0.0,1.8426358806132788e-05,IEF,GARCH11-t
2024-11-05,0.0,1.8546092408448435e-05,IEF,GARCH11-t
2024-11-06,0.0,1.8251365815824486e-05,IEF,GARCH11-t
2024-11-07,0.0,1.974752273041258e-05,IEF,GARCH11-t
2024-11-08,0.0,2.1450163727028076e-05,IEF,GARCH11-t
2024-11-11,0.0,2.1182643333592888e-05,IEF,GARCH11-t
2024-11-12,0.0,1.9775361032134865e-05,IEF,GARCH11-t
2024-11-13,0.0,2.099325345782832e-05,IEF,GARCH11-t
2024-11-14,0.0,2.008235943082892e-05,IEF,GARCH11-t
2024-11-15,0.0,1.7643123359421e-05,IEF,GARCH11-t
2024-11-18,0.0,1.7092273546619457e-05,IEF,GARCH11-t
2024-11-19,0.0,1.6918397689504506e-05,IEF,GARCH11-t
2024-11-20,0.0,1.69563101217484e-05,IEF,GARCH11-t
2024-11-21,0.0,1.726660420312701e-05,IEF,GARCH11-t
2024-11-22,0.0,1.592089733539073e-05,IEF,GARCH11-t
2024-11-25,0.0,1.4924241592909664e-05,IEF,GARCH11-t
2024-11-26,0.0,2.283322273612125e-05,IEF,GARCH11-t
2024-11-27,0.0,2.0692775756271e-05,IEF,GARCH11-t
2024-11-29,0.0,2.014688621941275e-05,IEF,GARCH11-t
2024-12-02,0.0,1.978427326914514e-05,IEF,GARCH11-t
2024-12-03,0.0,1.860161887384118e-05,IEF,GARCH11-t
2024-12-04,0.0,1.7679863925847105e-05,IEF,GARCH11-t
2024-12-05,0.0,1.8086067581041697e-05,IEF,GARCH11-t
2024-12-06,0.0,1.7120988480290437e-05,IEF,GARCH11-t
2024-12-09,0.0,1.7361664137117214e-05,IEF,GARCH11-t
2024-12-10,0.0,1.754955772478174e-05,IEF,GARCH11-t
2024-12-11,0.0,1.7076987690216673e-05,IEF,GARCH11-t
2024-12-12,0.0,1.716218172832231e-05,IEF,GARCH11-t
2024-12-13,0.0,1.752332372826305e-05,IEF,GARCH11-t
2024-12-16,0.0,1.7881268605795464e-05,IEF,GARCH11-t
2024-12-17,0.0,1.6173421599629562e-05,IEF,GARCH11-t
2024-12-18,0.0,1.5620536738163483e-05,IEF,GARCH11-t
2024-12-19,0.0,1.9669389213831646e-05,IEF,GARCH11-t
2024-12-20,0.0,1.9706132379713037e-05,IEF,GARCH11-t
2024-12-23,0.0,1.8278360932816956e-05,IEF,GARCH11-t
2024-12-24,0.0,1.827999023738833e-05,IEF,GARCH11-t
2024-12-26,0.0,1.7441651282208283e-05,IEF,GARCH11-t
2024-12-27,0.0,1.6033596600085605e-05,IEF,GARCH11-t
2024-12-30,0.0,1.6024375435650204e-05,IEF,GARCH11-t
2024-12-31,0.0,1.8294889287279034e-05,IEF,GARCH11-t
2025-01-02,0.0,1.7060072035327935e-05,IEF,GARCH11-t
2025-01-03,0.0,1.592898008655335e-05,IEF,GARCH11-t
2025-01-06,0.0,1.5575469375591833e-05,IEF,GARCH11-t
2025-01-07,0.0,1.5202355912172599e-05,IEF,GARCH11-t
2025-01-08,0.0,1.6634374904452694e-05,IEF,GARCH11-t
2025-01-10,0.0,1.605429551896471e-05,IEF,GARCH11-t
2025-01-13,0.0,1.9649749005163313e-05,IEF,GARCH11-t
2025-01-14,0.0,1.7644933367049708e-05,IEF,GARCH11-t
2025-01-15,0.0,1.6731196634208136e-05,IEF,GARCH11-t
2025-01-16,0.0,2.227439525626635e-05,IEF,GARCH11-t
2025-01-17,0.0,1.915747010820076e-05,IEF,GARCH11-t
2025-01-21,0.0,1.756151571097344e-05,IEF,GARCH11-t
2025-01-22,0.0,1.7468747909546343e-05,IEF,GARCH11-t
2025-01-23,0.0,1.7136848480190858e-05,IEF,GARCH11-t
2025-01-24,0.0,1.7691754488185775e-05,IEF,GARCH11-t
2025-01-27,0.0,1.7570064534542223e-05,IEF,GARCH11-t
2025-01-28,0.0,1.796627305627893e-05,IEF,GARCH11-t
2025-01-29,0.0,1.7725177074584278e-05,IEF,GARCH11-t
2025-01-30,0.0,1.757783055089159e-05,IEF,GARCH11-t
2025-01-31,0.0,1.648347769257878e-05,IEF,GARCH11-t
2025-02-03,0.0,1.6072163780168418e-05,IEF,GARCH11-t
2025-02-04,0.0,1.6910635495328e-05,IEF,GARCH11-t
2025-02-05,0.0,1.7023162433486566e-05,IEF,GARCH11-t
2025-02-06,0.0,1.6777116320789757e-05,IEF,GARCH11-t
2025-02-07,0.0,1.6290020322986317e-05,IEF,GARCH11-t
2025-02-10,0.0,1.6340282517393454e-05,IEF,GARCH11-t
2025-02-11,0.0,1.6116731688941125e-05,IEF,GARCH11-t
2025-02-12,0.0,1.6031466265498623e-05,IEF,GARCH11-t
2025-02-13,0.0,1.6675736486105224e-05,IEF,GARCH11-t
2025-02-14,0.0,1.7244498433637933e-05,IEF,GARCH11-t
2025-02-18,0.0,1.6886848906681706e-05,IEF,GARCH11-t
2025-02-19,0.0,1.719010855549761e-05,IEF,GARCH11-t
2025-02-20,0.0,1.6811021770151937e-05,IEF,GARCH11-t
2025-02-21,0.0,1.6381889199923912e-05,IEF,GARCH11-t
2025-02-24,0.0,1.6995912311519664e-05,IEF,GARCH11-t
2025-02-25,0.0,1.64377274051611e-05,IEF,GARCH11-t
2025-02-26,0.0,1.7223688935866967e-05,IEF,GARCH11-t
2025-02-27,0.0,1.7110203729394585e-05,IEF,GARCH11-t
2025-02-28,0.0,1.6639067875083817e-05,IEF,GARCH11-t
2025-03-03,0.0,1.687053593061728e-05,IEF,GARCH11-t
2025-03-04,0.0,1.679631409544037e-05,IEF,GARCH11-t
2025-03-05,0.0,1.6735477384208568e-05,IEF,GARCH11-t
2025-03-06,0.0,1.6931469022780135e-05,IEF,GARCH11-t
2025-03-07,0.0,1.6887644079866812e-05,IEF,GARCH11-t
2025-03-10,0.0,1.6815066822570058e-05,IEF,GARCH11-t
2025-03-11,0.0,1.6992873490985037e-05,IEF,GARCH11-t
2025-03-12,0.0,1.693805792435505e-05,IEF,GARCH11-t
2025-03-13,0.0,1.7130219629366547e-05,IEF,GARCH11-t
2025-03-14,0.0,1.7153204867680342e-05,IEF,GARCH11-t
2025-03-17,0.0,1.7041184663294843e-05,IEF,GARCH11-t
2025-03-18,0.0,1.6750262918249015e-05,IEF,GARCH11-t
2025-03-19,0.0,1.661791769810981e-05,IEF,GARCH11-t
2025-03-20,0.0,1.676601657510293e-05,IEF,GARCH11-t
2025-03-21,0.0,1.643864618809583e-05,IEF,GARCH11-t
2025-03-24,0.0,1.6126800770805975e-05,IEF,GARCH11-t
2025-03-25,0.0,1.6831078482459876e-05,IEF,GARCH11-t
2025-03-26,0.0,1.6790109059676404e-05,IEF,GARCH11-t
2025-03-27,0.0,1.665511138125304e-05,IEF,GARCH11-t
2025-03-28,0.0,1.6121503778799706e-05,IEF,GARCH11-t
2025-03-31,0.0,1.688888230291566e-05,IEF,GARCH11-t
2025-04-01,0.0,1.6793625434910442e-05,IEF,GARCH11-t
2025-04-02,0.0,1.680527863915971e-05,IEF,GARCH11-t
2025-04-03,0.0,1.5149786058566694e-05,IEF,GARCH11-t
2025-04-04,0.0,1.7643815415822253e-05,IEF,GARCH11-t
2025-04-07,0.0,1.75113020711428e-05,IEF,GARCH11-t
2025-04-08,0.0,1.916368158103357e-05,IEF,GARCH11-t
2025-04-09,0.0,2.0817368574579437e-05,IEF,GARCH11-t
2025-04-10,0.0,1.8278009012340916e-05,IEF,GARCH11-t
2025-04-11,0.0,2.0723792892567112e-05,IEF,GARCH11-t
2025-04-14,0.0,1.9863483732737612e-05,IEF,GARCH11-t
2025-04-15,0.0,2.1263628711688054e-05,IEF,GARCH11-t
2025-04-16,0.0,1.953818687260255e-05,IEF,GARCH11-t
2025-04-17,0.0,1.9238121604364248e-05,IEF,GARCH11-t
2025-04-21,0.0,1.821563053041653e-05,IEF,GARCH11-t
2025-04-22,0.0,1.8645844996128355e-05,IEF,GARCH11-t
2025-04-23,0.0,1.746892870806976e-05,IEF,GARCH11-t
2025-04-24,0.0,1.6469873043142257e-05,IEF,GARCH11-t
2025-04-25,0.0,1.717884993347021e-05,IEF,GARCH11-t
2025-04-28,0.0,1.7842620494915014e-05,IEF,GARCH11-t
2025-04-29,0.0,1.7447265676892328e-05,IEF,GARCH11-t
2025-04-30,0.0,1.7114510169041167e-05,IEF,GARCH11-t
2025-05-01,0.0,1.6254500683456396e-05,IEF,GARCH11-t
2025-05-02,0.0,1.6694445476673202e-05,IEF,GARCH11-t
2025-05-05,0.0,1.8340712698302024e-05,IEF,GARCH11-t
2025-05-06,0.0,1.724425906519435e-05,IEF,GARCH11-t
2025-05-07,0.0,1.682749589920511e-05,IEF,GARCH11-t
2025-05-08,0.0,1.6744221067345664e-05,IEF,GARCH11-t
2025-05-09,0.0,1.879738463234488e-05,IEF,GARCH11-t
2025-05-12,0.0,1.7551685596806288e-05,IEF,GARCH11-t
2025-05-13,0.0,1.91664550863774e-05,IEF,GARCH11-t
2025-05-14,0.0,1.7963404726385422e-05,IEF,GARCH11-t
2025-05-15,0.0,1.734928538886465e-05,IEF,GARCH11-t
2025-05-16,0.0,1.94381024741124e-05,IEF,GARCH11-t
2025-05-19,0.0,1.7434635838785516e-05,IEF,GARCH11-t
2025-05-20,0.0,1.6541023291323724e-05,IEF,GARCH11-t
2025-05-21,0.0,1.6061673464340153e-05,IEF,GARCH11-t
2025-05-22,0.0,1.790903344140955e-05,IEF,GARCH11-t
2025-05-23,0.0,1.7981560600943508e-05,IEF,GARCH11-t
2025-05-27,0.0,1.7917056328112542e-05,IEF,GARCH11-t
2025-05-28,0.0,1.761635577295011e-05,IEF,GARCH11-t
2025-05-29,0.0,1.74825540889916e-05,IEF,GARCH11-t
2025-05-30,0.0,1.754777399877577e-05,IEF,GARCH11-t
2025-06-02,0.0,1.7390156912313442e-05,IEF,GARCH11-t
2025-06-03,0.0,1.7306230942415077e-05,IEF,GARCH11-t
2025-06-04,0.0,1.707794652486879e-05,IEF,GARCH11-t
2025-06-05,0.0,1.7860804772903593e-05,IEF,GARCH11-t
2025-06-06,0.0,1.7629697854128705e-05,IEF,GARCH11-t
2025-06-09,0.0,1.7309701707816273e-05,IEF,GARCH11-t
2025-06-10,0.0,1.7593786941202522e-05,IEF,GARCH11-t
2025-06-11,0.0,1.751805387022814e-05,IEF,GARCH11-t
2025-06-12,0.0,1.7588801193457283e-05,IEF,GARCH11-t
2025-06-13,0.0,1.7357531995072666e-05,IEF,GARCH11-t
2025-06-16,0.0,1.7422613911031064e-05,IEF,GARCH11-t
2025-06-17,0.0,1.684647873359203e-05,IEF,GARCH11-t
2025-06-18,0.0,1.6987081607456187e-05,IEF,GARCH11-t
2025-06-20,0.0,1.7070946181489472e-05,IEF,GARCH11-t
2025-06-23,0.0,1.650673822394564e-05,IEF,GARCH11-t
2025-06-24,0.0,1.6299428381583645e-05,IEF,GARCH11-t
2025-06-25,0.0,1.6406873683251083e-05,IEF,GARCH11-t
2025-06-26,0.0,1.64655068713814e-05,IEF,GARCH11-t
2025-06-27,0.0,1.6547667171242744e-05,IEF,GARCH11-t
2025-06-30,0.0,1.68155069198815e-05,IEF,GARCH11-t
2025-07-01,0.0,1.6547801474831885e-05,IEF,GARCH11-t
2025-07-02,0.0,1.595360413388853e-05,IEF,GARCH11-t
2025-07-03,0.0,1.6510559793167407e-05,IEF,GARCH11-t
2025-07-07,0.0,1.611648049302718e-05,IEF,GARCH11-t
2025-07-08,0.0,1.6242851483293773e-05,IEF,GARCH11-t
2025-07-09,0.0,1.631038745330727e-05,IEF,GARCH11-t
2025-07-10,0.0,1.6144966230661053e-05,IEF,GARCH11-t
2025-07-11,0.0,1.6051169832702202e-05,IEF,GARCH11-t
2025-07-14,0.0,1.650211039007074e-05,IEF,GARCH11-t
2025-07-15,0.0,1.6372235272606846e-05,IEF,GARCH11-t
2025-07-16,0.0,1.6144289706063003e-05,IEF,GARCH11-t
2025-07-17,0.0,1.5995109449699495e-05,IEF,GARCH11-t
2025-07-18,0.0,1.5694807280619417e-05,IEF,GARCH11-t
2025-07-21,0.0,1.5663658635133492e-05,IEF,GARCH11-t
2025-07-22,0.0,1.592912015360784e-05,IEF,GARCH11-t
2025-07-23,0.0,1.572648738846303e-05,IEF,GARCH11-t
2025-07-24,0.0,1.5751996926158618e-05,IEF,GARCH11-t
2025-07-25,0.0,1.5681431464199957e-05,IEF,GARCH11-t
2025-07-28,0.0,1.5664167059739907e-05,IEF,GARCH11-t
2025-07-29,0.0,1.534279648234115e-05,IEF,GARCH11-t
2025-07-30,0.0,1.611099347871268e-05,IEF,GARCH11-t
2025-07-31,0.0,1.6074758963204772e-05,IEF,GARCH11-t
2025-08-01,0.0,1.545051287637307e-05,IEF,GARCH11-t
2025-08-04,0.0,1.7615037515606496e-05,IEF,GARCH11-t
2025-08-05,0.0,1.7002111067259445e-05,IEF,GARCH11-t
2025-08-06,0.0,1.6514902415748994e-05,IEF,GARCH11-t
2025-08-07,0.0,1.577344474170205e-05,IEF,GARCH11-t
2025-08-08,0.0,1.591549946773805e-05,IEF,GARCH11-t
2025-08-11,0.0,1.594350620257502e-05,IEF,GARCH11-t
2025-08-12,0.0,1.5172348561529728e-05,IEF,GARCH11-t
2025-08-13,0.0,1.5013664669582297e-05,IEF,GARCH11-t
2025-08-14,0.0,1.4948957168074325e-05,IEF,GARCH11-t
