Date,pred,asset,model
2007-01-05,0.00033991295789477093,IWM,"ARIMA(1,0,1)"
2007-01-08,-0.001371347617739047,IWM,"ARIMA(1,0,1)"
2007-01-09,0.001881436015675612,IWM,"ARIMA(1,0,1)"
2007-01-10,-0.00016467780215294347,IWM,"ARIMA(1,0,1)"
2007-01-11,0.001749018029029137,IWM,"ARIMA(1,0,1)"
2007-01-12,-0.00031060519258497844,IWM,"ARIMA(1,0,1)"
2007-01-16,0.002047464143507245,IWM,"ARIMA(1,0,1)"
2007-01-17,-0.0017191084724803487,IWM,"ARIMA(1,0,1)"
2007-01-18,0.002182198411772004,IWM,"ARIMA(1,0,1)"
2007-01-19,-2.678576653789396e-05,IWM,"ARIMA(1,0,1)"
2007-01-22,0.0011155787781251545,IWM,"ARIMA(1,0,1)"
2007-01-23,-0.0029035769433099936,IWM,"ARIMA(1,0,1)"
2007-01-24,0.0043340261182248764,IWM,"ARIMA(1,0,1)"
2007-01-25,-0.002460787044823117,IWM,"ARIMA(1,0,1)"
2007-01-26,0.0022077976687822085,IWM,"ARIMA(1,0,1)"
2007-01-29,-0.0010831362255309478,IWM,"ARIMA(1,0,1)"
2007-01-30,0.0026035909810269496,IWM,"ARIMA(1,0,1)"
2007-01-31,-0.0013608182082984048,IWM,"ARIMA(1,0,1)"
2007-02-01,0.0004464676213817289,IWM,"ARIMA(1,0,1)"
2007-02-02,0.0015133795866767057,IWM,"ARIMA(1,0,1)"
2007-02-05,0.0014086910662008656,IWM,"ARIMA(1,0,1)"
2007-02-06,0.0004666365129448502,IWM,"ARIMA(1,0,1)"
2007-02-07,0.0017235249346030544,IWM,"ARIMA(1,0,1)"
2007-02-08,0.00010160086653827611,IWM,"ARIMA(1,0,1)"
2007-02-09,0.0005831610420052734,IWM,"ARIMA(1,0,1)"
2007-02-12,-0.00036636140476278855,IWM,"ARIMA(1,0,1)"
2007-02-13,0.0010119938564409738,IWM,"ARIMA(1,0,1)"
2007-02-14,0.0006370830965914947,IWM,"ARIMA(1,0,1)"
2007-02-15,0.0005084244457100205,IWM,"ARIMA(1,0,1)"
2007-02-16,0.0006544708887853633,IWM,"ARIMA(1,0,1)"
2007-02-20,0.0007370755657969063,IWM,"ARIMA(1,0,1)"
2007-02-21,0.0011451656058212823,IWM,"ARIMA(1,0,1)"
2007-02-22,1.770783919809041e-05,IWM,"ARIMA(1,0,1)"
2007-02-23,0.001290838970915255,IWM,"ARIMA(1,0,1)"
2007-02-26,-0.0006793206085964543,IWM,"ARIMA(1,0,1)"
2007-02-27,0.0015483537862093508,IWM,"ARIMA(1,0,1)"
2007-02-28,-0.006092365234919875,IWM,"ARIMA(1,0,1)"
2007-03-01,0.001503388695662375,IWM,"ARIMA(1,0,1)"
2007-03-02,-0.00023562483831267322,IWM,"ARIMA(1,0,1)"
2007-03-05,0.0006864234699294206,IWM,"ARIMA(1,0,1)"
2007-03-06,-0.0023886789268721034,IWM,"ARIMA(1,0,1)"
2007-03-07,0.004431566094955377,IWM,"ARIMA(1,0,1)"
2007-03-08,-0.002239301779739026,IWM,"ARIMA(1,0,1)"
2007-03-09,0.0014663928137201958,IWM,"ARIMA(1,0,1)"
2007-03-12,0.000580081644037347,IWM,"ARIMA(1,0,1)"
2007-03-13,0.0009529535284519237,IWM,"ARIMA(1,0,1)"
2007-03-14,-0.0028024370161820007,IWM,"ARIMA(1,0,1)"
2007-03-15,0.002813784241637281,IWM,"ARIMA(1,0,1)"
2007-03-16,-0.0003879170860004948,IWM,"ARIMA(1,0,1)"
2007-03-19,-0.00010885525953114236,IWM,"ARIMA(1,0,1)"
2007-03-20,0.0016125029127317199,IWM,"ARIMA(1,0,1)"
2007-03-21,0.0002825632783750577,IWM,"ARIMA(1,0,1)"
2007-03-22,0.00200947994488949,IWM,"ARIMA(1,0,1)"
2007-03-23,-0.0006268156890188814,IWM,"ARIMA(1,0,1)"
2007-03-26,0.0010371382408146709,IWM,"ARIMA(1,0,1)"
2007-03-27,-0.0002825209310015702,IWM,"ARIMA(1,0,1)"
2007-03-28,0.00010751165964895506,IWM,"ARIMA(1,0,1)"
2007-03-29,-0.00039429647415335187,IWM,"ARIMA(1,0,1)"
2007-03-30,0.000633360165546958,IWM,"ARIMA(1,0,1)"
2007-04-02,0.00020137442596726367,IWM,"ARIMA(1,0,1)"
2007-04-03,0.0005071431752181094,IWM,"ARIMA(1,0,1)"
2007-04-04,0.0012900464719883971,IWM,"ARIMA(1,0,1)"
2007-04-05,-0.00031421849085844277,IWM,"ARIMA(1,0,1)"
2007-04-09,0.0005234708180525049,IWM,"ARIMA(1,0,1)"
2007-04-10,0.0002595003431423643,IWM,"ARIMA(1,0,1)"
2007-04-11,0.0005953215949156772,IWM,"ARIMA(1,0,1)"
2007-04-12,-0.0006357404830870856,IWM,"ARIMA(1,0,1)"
2007-04-13,0.001629210678216553,IWM,"ARIMA(1,0,1)"
2007-04-16,0.000632155250401122,IWM,"ARIMA(1,0,1)"
2007-04-17,0.002045556454002363,IWM,"ARIMA(1,0,1)"
2007-04-18,-0.0006423763558922675,IWM,"ARIMA(1,0,1)"
2007-04-19,0.00034126132141862477,IWM,"ARIMA(1,0,1)"
2007-04-20,-0.0002864980549144033,IWM,"ARIMA(1,0,1)"
2007-04-23,0.0019089853094305066,IWM,"ARIMA(1,0,1)"
2007-04-24,-0.0007141569423831714,IWM,"ARIMA(1,0,1)"
2007-04-25,0.0007649928527983705,IWM,"ARIMA(1,0,1)"
2007-04-26,0.0004045969737125347,IWM,"ARIMA(1,0,1)"
2007-04-27,0.0009514951615624339,IWM,"ARIMA(1,0,1)"
2007-04-30,-0.00039602065068293805,IWM,"ARIMA(1,0,1)"
2007-05-01,-0.0019582578474191922,IWM,"ARIMA(1,0,1)"
2007-05-02,0.001905668749272959,IWM,"ARIMA(1,0,1)"
2007-05-03,0.0011357192408900207,IWM,"ARIMA(1,0,1)"
2007-05-04,0.00013048645181443366,IWM,"ARIMA(1,0,1)"
2007-05-07,0.0013335777561132886,IWM,"ARIMA(1,0,1)"
2007-05-08,-0.0006644944176849336,IWM,"ARIMA(1,0,1)"
2007-05-09,0.0002889910619418365,IWM,"ARIMA(1,0,1)"
2007-05-10,0.0008016471853031718,IWM,"ARIMA(1,0,1)"
2007-05-11,-0.0018053027959865926,IWM,"ARIMA(1,0,1)"
2007-05-14,0.0025692184367323042,IWM,"ARIMA(1,0,1)"
2007-05-15,-0.0018819118939088623,IWM,"ARIMA(1,0,1)"
2007-05-16,-0.00011340247848282565,IWM,"ARIMA(1,0,1)"
2007-05-17,0.000856916316534365,IWM,"ARIMA(1,0,1)"
2007-05-18,0.00011568946327029965,IWM,"ARIMA(1,0,1)"
2007-05-21,0.002343562540051802,IWM,"ARIMA(1,0,1)"
2007-05-22,0.0013228352463538345,IWM,"ARIMA(1,0,1)"
2007-05-23,0.0007762118339356241,IWM,"ARIMA(1,0,1)"
2007-05-24,0.0003818962503083565,IWM,"ARIMA(1,0,1)"
2007-05-25,-0.0005174930715483633,IWM,"ARIMA(1,0,1)"
2007-05-29,0.0008699526723128098,IWM,"ARIMA(1,0,1)"
2007-05-30,0.000973057571322993,IWM,"ARIMA(1,0,1)"
2007-05-31,0.0008126767761908735,IWM,"ARIMA(1,0,1)"
2007-06-01,0.000950621751749228,IWM,"ARIMA(1,0,1)"
2007-06-04,0.001081417895835013,IWM,"ARIMA(1,0,1)"
2007-06-05,0.0004521561448830884,IWM,"ARIMA(1,0,1)"
2007-06-06,0.00019185761514974563,IWM,"ARIMA(1,0,1)"
2007-06-07,-0.00039498922206343296,IWM,"ARIMA(1,0,1)"
2007-06-08,-0.0012223089839338867,IWM,"ARIMA(1,0,1)"
2007-06-11,0.0011261879769627683,IWM,"ARIMA(1,0,1)"
2007-06-12,-0.0007519533289431765,IWM,"ARIMA(1,0,1)"
2007-06-13,0.00035142743027090785,IWM,"ARIMA(1,0,1)"
2007-06-14,0.000870279399339179,IWM,"ARIMA(1,0,1)"
2007-06-15,0.001053491333883502,IWM,"ARIMA(1,0,1)"
2007-06-18,0.0010861176956348832,IWM,"ARIMA(1,0,1)"
2007-06-19,-0.00020166491180894264,IWM,"ARIMA(1,0,1)"
2007-06-20,0.0008857586322655377,IWM,"ARIMA(1,0,1)"
2007-06-21,0.0006171139245941444,IWM,"ARIMA(1,0,1)"
2007-06-22,0.0009785234673920218,IWM,"ARIMA(1,0,1)"
2007-06-25,0.0007686134713966516,IWM,"ARIMA(1,0,1)"
2007-06-26,0.00072801281335224,IWM,"ARIMA(1,0,1)"
2007-06-27,0.0006027870051736172,IWM,"ARIMA(1,0,1)"
2007-06-28,0.0008068023432253784,IWM,"ARIMA(1,0,1)"
2007-06-29,0.0008390124609453319,IWM,"ARIMA(1,0,1)"
2007-07-02,0.0008674253065380222,IWM,"ARIMA(1,0,1)"
2007-07-03,0.0006531618363854329,IWM,"ARIMA(1,0,1)"
2007-07-05,0.000684027138451021,IWM,"ARIMA(1,0,1)"
2007-07-06,0.000642074861446838,IWM,"ARIMA(1,0,1)"
2007-07-09,0.0007941459660457556,IWM,"ARIMA(1,0,1)"
2007-07-10,0.0007119333029759703,IWM,"ARIMA(1,0,1)"
2007-07-11,0.0006071834423165242,IWM,"ARIMA(1,0,1)"
2007-07-12,0.0006096523203681402,IWM,"ARIMA(1,0,1)"
2007-07-13,0.0004456238084003146,IWM,"ARIMA(1,0,1)"
2007-07-16,0.0007998893268010108,IWM,"ARIMA(1,0,1)"
2007-07-17,0.0010726251652184557,IWM,"ARIMA(1,0,1)"
2007-07-18,0.0009446714608162013,IWM,"ARIMA(1,0,1)"
2007-07-19,0.0009680099811917397,IWM,"ARIMA(1,0,1)"
2007-07-20,0.0008556866136784915,IWM,"ARIMA(1,0,1)"
2007-07-23,0.0034174473982771744,IWM,"ARIMA(1,0,1)"
2007-07-24,0.000881726967687749,IWM,"ARIMA(1,0,1)"
2007-07-25,0.0008715481224257571,IWM,"ARIMA(1,0,1)"
2007-07-26,0.0006707513643008042,IWM,"ARIMA(1,0,1)"
2007-07-27,9.247548910466872e-06,IWM,"ARIMA(1,0,1)"
2007-07-30,0.0015312792601396906,IWM,"ARIMA(1,0,1)"
2007-07-31,0.0011694081190814038,IWM,"ARIMA(1,0,1)"
2007-08-01,-0.00019182518160574126,IWM,"ARIMA(1,0,1)"
2007-08-02,0.0009182382939641806,IWM,"ARIMA(1,0,1)"
2007-08-03,0.0003700929375775701,IWM,"ARIMA(1,0,1)"
2007-08-06,-0.00014733669439496853,IWM,"ARIMA(1,0,1)"
2007-08-07,0.0003729798776175977,IWM,"ARIMA(1,0,1)"
2007-08-08,0.0002014061546732485,IWM,"ARIMA(1,0,1)"
2007-08-09,0.0010596972715464698,IWM,"ARIMA(1,0,1)"
2007-08-10,0.0007448872261133326,IWM,"ARIMA(1,0,1)"
2007-08-13,0.0005691466305129535,IWM,"ARIMA(1,0,1)"
2007-08-14,0.0006414794370471889,IWM,"ARIMA(1,0,1)"
2007-08-15,0.0008767677878312983,IWM,"ARIMA(1,0,1)"
2007-08-16,0.0006006219522506537,IWM,"ARIMA(1,0,1)"
2007-08-17,-2.264500210056626e-05,IWM,"ARIMA(1,0,1)"
2007-08-20,0.0003184570280851912,IWM,"ARIMA(1,0,1)"
2007-08-21,0.0004590611269025042,IWM,"ARIMA(1,0,1)"
2007-08-22,0.0004454705915952886,IWM,"ARIMA(1,0,1)"
2007-08-23,0.0005150001059844168,IWM,"ARIMA(1,0,1)"
2007-08-24,0.0005979522679978931,IWM,"ARIMA(1,0,1)"
2007-08-27,0.00038778443664408576,IWM,"ARIMA(1,0,1)"
2007-08-28,0.0008878587286270312,IWM,"ARIMA(1,0,1)"
2007-08-29,0.00038002496696508604,IWM,"ARIMA(1,0,1)"
2007-08-30,-0.0004570036580432656,IWM,"ARIMA(1,0,1)"
2007-08-31,0.000620898325539016,IWM,"ARIMA(1,0,1)"
2007-09-04,1.8591419173383814e-05,IWM,"ARIMA(1,0,1)"
2007-09-05,-2.355580157810557e-05,IWM,"ARIMA(1,0,1)"
2007-09-06,0.0008534007061662642,IWM,"ARIMA(1,0,1)"
2007-09-07,0.0004400755358968121,IWM,"ARIMA(1,0,1)"
2007-09-10,0.0012458211252778814,IWM,"ARIMA(1,0,1)"
2007-09-11,0.0009132886957476519,IWM,"ARIMA(1,0,1)"
2007-09-12,-0.00037743260816809333,IWM,"ARIMA(1,0,1)"
2007-09-13,0.0006816218956633638,IWM,"ARIMA(1,0,1)"
2007-09-14,0.0002546397522395451,IWM,"ARIMA(1,0,1)"
2007-09-17,4.719010644323418e-05,IWM,"ARIMA(1,0,1)"
2007-09-18,0.0009044614098964259,IWM,"ARIMA(1,0,1)"
2007-09-19,-0.0023664794866075094,IWM,"ARIMA(1,0,1)"
2007-09-20,-0.00016213442324059045,IWM,"ARIMA(1,0,1)"
2007-09-21,0.0010093546536103287,IWM,"ARIMA(1,0,1)"
2007-09-24,0.00039546021154274907,IWM,"ARIMA(1,0,1)"
2007-09-25,-0.00046479226593192774,IWM,"ARIMA(1,0,1)"
2007-09-26,0.0007400947667466209,IWM,"ARIMA(1,0,1)"
2007-09-27,7.084062154873183e-05,IWM,"ARIMA(1,0,1)"
2007-09-28,0.0001976092798618382,IWM,"ARIMA(1,0,1)"
2007-10-01,0.0010748827098078213,IWM,"ARIMA(1,0,1)"
2007-10-02,-0.0009968227745742676,IWM,"ARIMA(1,0,1)"
2007-10-03,0.00027758950108340124,IWM,"ARIMA(1,0,1)"
2007-10-04,0.0008495491854722801,IWM,"ARIMA(1,0,1)"
2007-10-05,0.0005566451305602755,IWM,"ARIMA(1,0,1)"
2007-10-08,-0.0006684107820660882,IWM,"ARIMA(1,0,1)"
2007-10-09,0.0010263156521379928,IWM,"ARIMA(1,0,1)"
2007-10-10,6.464565916519064e-05,IWM,"ARIMA(1,0,1)"
2007-10-11,0.0005908516461532192,IWM,"ARIMA(1,0,1)"
2007-10-12,0.0013815774260296737,IWM,"ARIMA(1,0,1)"
2007-10-15,6.376878827990523e-05,IWM,"ARIMA(1,0,1)"
2007-10-16,0.0013430436526853866,IWM,"ARIMA(1,0,1)"
2007-10-17,0.0012586725999233844,IWM,"ARIMA(1,0,1)"
2007-10-18,9.798542850048206e-05,IWM,"ARIMA(1,0,1)"
2007-10-19,0.0005403858725537504,IWM,"ARIMA(1,0,1)"
2007-10-22,0.002715699345520159,IWM,"ARIMA(1,0,1)"
2007-10-23,-0.0014790853457108215,IWM,"ARIMA(1,0,1)"
2007-10-24,-0.0003722870021159201,IWM,"ARIMA(1,0,1)"
2007-10-25,0.0008774122227369209,IWM,"ARIMA(1,0,1)"
2007-10-26,0.0005283914008090106,IWM,"ARIMA(1,0,1)"
2007-10-29,-0.001072151881004611,IWM,"ARIMA(1,0,1)"
2007-10-30,0.0003956157340170695,IWM,"ARIMA(1,0,1)"
2007-10-31,0.001025784530441319,IWM,"ARIMA(1,0,1)"
2007-11-01,-0.0008018944673901639,IWM,"ARIMA(1,0,1)"
2007-11-02,0.004399045263770162,IWM,"ARIMA(1,0,1)"
2007-11-05,0.0001074096268920426,IWM,"ARIMA(1,0,1)"
2007-11-06,0.001828228548751947,IWM,"ARIMA(1,0,1)"
2007-11-07,-0.0015604293187183064,IWM,"ARIMA(1,0,1)"
2007-11-08,0.004081198426082776,IWM,"ARIMA(1,0,1)"
2007-11-09,0.0007567590088453958,IWM,"ARIMA(1,0,1)"
2007-11-12,0.0019113572003066535,IWM,"ARIMA(1,0,1)"
2007-11-13,0.0017859068054762609,IWM,"ARIMA(1,0,1)"
2007-11-14,-0.004008572734290693,IWM,"ARIMA(1,0,1)"
2007-11-15,-0.00010801958409482333,IWM,"ARIMA(1,0,1)"
2007-11-16,0.002073864656701179,IWM,"ARIMA(1,0,1)"
2007-11-19,0.0019257803774722932,IWM,"ARIMA(1,0,1)"
2007-11-20,0.0036343948634828182,IWM,"ARIMA(1,0,1)"
2007-11-21,-4.377416507146139e-05,IWM,"ARIMA(1,0,1)"
2007-11-23,0.0029521220132246585,IWM,"ARIMA(1,0,1)"
2007-11-26,-0.0026447260486483493,IWM,"ARIMA(1,0,1)"
2007-11-27,0.003575794202034262,IWM,"ARIMA(1,0,1)"
2007-11-28,-0.0014881280945538524,IWM,"ARIMA(1,0,1)"
2007-11-29,-0.006652634176954106,IWM,"ARIMA(1,0,1)"
2007-11-30,-9.476817919691855e-05,IWM,"ARIMA(1,0,1)"
2007-12-03,-0.0010336379650122012,IWM,"ARIMA(1,0,1)"
2007-12-04,0.0017127818806926965,IWM,"ARIMA(1,0,1)"
2007-12-05,0.0020629403759448335,IWM,"ARIMA(1,0,1)"
2007-12-06,-0.00299143154220681,IWM,"ARIMA(1,0,1)"
2007-12-07,-0.004525283843494599,IWM,"ARIMA(1,0,1)"
2007-12-10,-0.001665047638714678,IWM,"ARIMA(1,0,1)"
2007-12-11,-0.0015335005932122872,IWM,"ARIMA(1,0,1)"
2007-12-12,0.005337012087138404,IWM,"ARIMA(1,0,1)"
2007-12-13,0.0003255399861718289,IWM,"ARIMA(1,0,1)"
2007-12-14,0.0009292143733024338,IWM,"ARIMA(1,0,1)"
2007-12-17,0.003385259180087673,IWM,"ARIMA(1,0,1)"
2007-12-18,0.0030454218686918537,IWM,"ARIMA(1,0,1)"
2007-12-19,-0.002081511444534641,IWM,"ARIMA(1,0,1)"
2007-12-20,-0.0017159930926170296,IWM,"ARIMA(1,0,1)"
2007-12-21,-0.002782822009622126,IWM,"ARIMA(1,0,1)"
2007-12-24,-0.0037274751040019347,IWM,"ARIMA(1,0,1)"
2007-12-26,-0.0016749472261896213,IWM,"ARIMA(1,0,1)"
2007-12-27,-0.0008132139790161438,IWM,"ARIMA(1,0,1)"
2007-12-28,0.0031348325244124806,IWM,"ARIMA(1,0,1)"
2007-12-31,0.0020945658100539554,IWM,"ARIMA(1,0,1)"
2008-01-02,0.0014814512394044912,IWM,"ARIMA(1,0,1)"
2008-01-03,0.001431388248453331,IWM,"ARIMA(1,0,1)"
2008-01-04,0.0014626330150235224,IWM,"ARIMA(1,0,1)"
2008-01-07,0.0033325154798201882,IWM,"ARIMA(1,0,1)"
2008-01-08,-0.00013803050331062978,IWM,"ARIMA(1,0,1)"
2008-01-09,0.0032387658350684304,IWM,"ARIMA(1,0,1)"
2008-01-10,-0.0014917093901028447,IWM,"ARIMA(1,0,1)"
2008-01-11,-0.0020264035730515437,IWM,"ARIMA(1,0,1)"
2008-01-14,0.0020993464764294117,IWM,"ARIMA(1,0,1)"
2008-01-15,-0.0013619962343527996,IWM,"ARIMA(1,0,1)"
2008-01-16,0.001924617645216909,IWM,"ARIMA(1,0,1)"
2008-01-17,-0.0005041513570922063,IWM,"ARIMA(1,0,1)"
2008-01-18,0.002665316255387412,IWM,"ARIMA(1,0,1)"
2008-01-22,0.0006174094822007526,IWM,"ARIMA(1,0,1)"
2008-01-23,0.00023135863631372413,IWM,"ARIMA(1,0,1)"
2008-01-24,-0.004769108207946431,IWM,"ARIMA(1,0,1)"
2008-01-25,-0.000416443681363691,IWM,"ARIMA(1,0,1)"
2008-01-28,0.0003867028242547434,IWM,"ARIMA(1,0,1)"
2008-01-29,-0.003157997562559601,IWM,"ARIMA(1,0,1)"
2008-01-30,-0.0009222025633824335,IWM,"ARIMA(1,0,1)"
2008-01-31,0.001044503563088407,IWM,"ARIMA(1,0,1)"
2008-02-01,-0.0037289924932457437,IWM,"ARIMA(1,0,1)"
2008-02-04,-0.0034233279503625147,IWM,"ARIMA(1,0,1)"
2008-02-05,0.000734131819632539,IWM,"ARIMA(1,0,1)"
2008-02-06,0.0027115945831912933,IWM,"ARIMA(1,0,1)"
2008-02-07,0.0012562977183087428,IWM,"ARIMA(1,0,1)"
2008-02-08,-0.0021026972222221527,IWM,"ARIMA(1,0,1)"
2008-02-11,-0.0001295713429717829,IWM,"ARIMA(1,0,1)"
2008-02-12,-0.0005730807441162711,IWM,"ARIMA(1,0,1)"
2008-02-13,-0.0014962700520144406,IWM,"ARIMA(1,0,1)"
2008-02-14,-0.0032236561663289984,IWM,"ARIMA(1,0,1)"
2008-02-15,0.001793571778468415,IWM,"ARIMA(1,0,1)"
2008-02-19,0.0003799784126201619,IWM,"ARIMA(1,0,1)"
2008-02-20,-0.0019159280304764242,IWM,"ARIMA(1,0,1)"
2008-02-21,-0.0009789917286263847,IWM,"ARIMA(1,0,1)"
2008-02-22,0.001607320912574144,IWM,"ARIMA(1,0,1)"
2008-02-25,-0.00018427320251209438,IWM,"ARIMA(1,0,1)"
2008-02-26,-0.0028370714358832566,IWM,"ARIMA(1,0,1)"
2008-02-27,-0.002478829824466085,IWM,"ARIMA(1,0,1)"
2008-02-28,-0.0008547004324607888,IWM,"ARIMA(1,0,1)"
2008-02-29,0.0012391216605519301,IWM,"ARIMA(1,0,1)"
2008-03-03,0.0021620834034655114,IWM,"ARIMA(1,0,1)"
2008-03-04,0.0016507131829668568,IWM,"ARIMA(1,0,1)"
2008-03-05,0.0007009544614616222,IWM,"ARIMA(1,0,1)"
2008-03-06,-0.0011225229073941196,IWM,"ARIMA(1,0,1)"
2008-03-07,0.00305582280111652,IWM,"ARIMA(1,0,1)"
2008-03-10,0.00044765315842814593,IWM,"ARIMA(1,0,1)"
2008-03-11,0.0018352752214951776,IWM,"ARIMA(1,0,1)"
2008-03-12,-0.004940397183602095,IWM,"ARIMA(1,0,1)"
2008-03-13,-0.00025690559307321866,IWM,"ARIMA(1,0,1)"
2008-03-14,-0.002939153454194617,IWM,"ARIMA(1,0,1)"
2008-03-17,0.0024766093639325888,IWM,"ARIMA(1,0,1)"
2008-03-18,0.001929323261135272,IWM,"ARIMA(1,0,1)"
2008-03-19,-0.006283574758554959,IWM,"ARIMA(1,0,1)"
2008-03-20,0.0016346022707077123,IWM,"ARIMA(1,0,1)"
2008-03-24,-0.003093385895121455,IWM,"ARIMA(1,0,1)"
2008-03-25,-0.007153734389051239,IWM,"ARIMA(1,0,1)"
2008-03-26,-0.0025951367034723533,IWM,"ARIMA(1,0,1)"
2008-03-27,7.824391652526657e-05,IWM,"ARIMA(1,0,1)"
2008-03-28,0.0009272016341979182,IWM,"ARIMA(1,0,1)"
2008-03-31,0.001511822986594968,IWM,"ARIMA(1,0,1)"
2008-04-01,-0.0002889820056883574,IWM,"ARIMA(1,0,1)"
2008-04-02,-0.005771534188813558,IWM,"ARIMA(1,0,1)"
2008-04-03,-0.002540204295318014,IWM,"ARIMA(1,0,1)"
2008-04-04,-0.0016033042080033624,IWM,"ARIMA(1,0,1)"
2008-04-07,-0.000834191809682185,IWM,"ARIMA(1,0,1)"
2008-04-08,-0.00040060767153701413,IWM,"ARIMA(1,0,1)"
2008-04-09,-0.0003798466075568701,IWM,"ARIMA(1,0,1)"
2008-04-10,0.0018545878759483308,IWM,"ARIMA(1,0,1)"
2008-04-11,-0.0013615249245118575,IWM,"ARIMA(1,0,1)"
2008-04-14,0.003048446217750009,IWM,"ARIMA(1,0,1)"
2008-04-15,0.0006546052517326391,IWM,"ARIMA(1,0,1)"
2008-04-16,-0.0013654839935431172,IWM,"ARIMA(1,0,1)"
2008-04-17,-0.00547029251516618,IWM,"ARIMA(1,0,1)"
2008-04-18,-0.0015749263017810359,IWM,"ARIMA(1,0,1)"
2008-04-21,-0.0023075141833414385,IWM,"ARIMA(1,0,1)"
2008-04-22,-0.001109767351809425,IWM,"ARIMA(1,0,1)"
2008-04-23,0.0018424674650235934,IWM,"ARIMA(1,0,1)"
2008-04-24,-0.0003372637789923343,IWM,"ARIMA(1,0,1)"
2008-04-25,-0.0019715548272384986,IWM,"ARIMA(1,0,1)"
2008-04-28,-0.002364976621544446,IWM,"ARIMA(1,0,1)"
2008-04-29,-0.001999796937991434,IWM,"ARIMA(1,0,1)"
2008-04-30,0.00039353706025058003,IWM,"ARIMA(1,0,1)"
2008-05-01,0.0003646964106018203,IWM,"ARIMA(1,0,1)"
2008-05-02,-0.002786668298262495,IWM,"ARIMA(1,0,1)"
2008-05-05,-0.001040535378949541,IWM,"ARIMA(1,0,1)"
2008-05-06,-0.00018371261635876735,IWM,"ARIMA(1,0,1)"
2008-05-07,-0.0016201994299133867,IWM,"ARIMA(1,0,1)"
2008-05-08,0.0017063033933605097,IWM,"ARIMA(1,0,1)"
2008-05-09,-0.0002377742481939876,IWM,"ARIMA(1,0,1)"
2008-05-12,-6.310664998487219e-05,IWM,"ARIMA(1,0,1)"
2008-05-13,-0.0035681031213440953,IWM,"ARIMA(1,0,1)"
2008-05-14,-0.0021697748639811147,IWM,"ARIMA(1,0,1)"
2008-05-15,-0.0007739654770780058,IWM,"ARIMA(1,0,1)"
2008-05-16,-0.0008346410591006538,IWM,"ARIMA(1,0,1)"
2008-05-19,-0.001309123684009207,IWM,"ARIMA(1,0,1)"
2008-05-20,-0.0007541681469876417,IWM,"ARIMA(1,0,1)"
2008-05-21,-6.50516673945204e-05,IWM,"ARIMA(1,0,1)"
2008-05-22,0.0015928018845988872,IWM,"ARIMA(1,0,1)"
2008-05-23,-0.0010009808336035942,IWM,"ARIMA(1,0,1)"
2008-05-27,0.0012782747372840722,IWM,"ARIMA(1,0,1)"
2008-05-28,-0.0023768211973131965,IWM,"ARIMA(1,0,1)"
2008-05-29,-0.0017577679470128947,IWM,"ARIMA(1,0,1)"
2008-05-30,-0.0023784962730937415,IWM,"ARIMA(1,0,1)"
2008-06-02,-0.0015264973126856603,IWM,"ARIMA(1,0,1)"
2008-06-03,0.0005356014958862804,IWM,"ARIMA(1,0,1)"
2008-06-04,4.39473013862698e-06,IWM,"ARIMA(1,0,1)"
2008-06-05,-0.0013691969154484408,IWM,"ARIMA(1,0,1)"
2008-06-06,-0.0043696826070295375,IWM,"ARIMA(1,0,1)"
2008-06-09,0.003381864204824025,IWM,"ARIMA(1,0,1)"
2008-06-10,0.0009931510608019052,IWM,"ARIMA(1,0,1)"
2008-06-11,0.0010231099871177989,IWM,"ARIMA(1,0,1)"
2008-06-12,0.0024708889354774994,IWM,"ARIMA(1,0,1)"
2008-06-13,-0.0001739800091922158,IWM,"ARIMA(1,0,1)"
2008-06-16,-0.0032125935476969734,IWM,"ARIMA(1,0,1)"
2008-06-17,-0.002294285439284934,IWM,"ARIMA(1,0,1)"
2008-06-18,-0.0009540106038200241,IWM,"ARIMA(1,0,1)"
2008-06-19,0.0004813787883109009,IWM,"ARIMA(1,0,1)"
2008-06-20,-0.0014563302016845768,IWM,"ARIMA(1,0,1)"
2008-06-23,0.0016012922769959486,IWM,"ARIMA(1,0,1)"
2008-06-24,0.0016861152657522969,IWM,"ARIMA(1,0,1)"
2008-06-25,0.0023853325206011087,IWM,"ARIMA(1,0,1)"
2008-06-26,-0.001492007786634038,IWM,"ARIMA(1,0,1)"
2008-06-27,0.002901111782182872,IWM,"ARIMA(1,0,1)"
2008-06-30,-0.00012221294867121148,IWM,"ARIMA(1,0,1)"
2008-07-01,0.0007831955863054555,IWM,"ARIMA(1,0,1)"
2008-07-02,-0.0006636661830420057,IWM,"ARIMA(1,0,1)"
2008-07-03,0.0033981894725886885,IWM,"ARIMA(1,0,1)"
2008-07-07,0.0004865326967983252,IWM,"ARIMA(1,0,1)"
2008-07-08,0.0008977405733840201,IWM,"ARIMA(1,0,1)"
2008-07-09,-0.006149135165237064,IWM,"ARIMA(1,0,1)"
2008-07-10,0.0028188531703220087,IWM,"ARIMA(1,0,1)"
2008-07-11,-0.0023158620469083836,IWM,"ARIMA(1,0,1)"
2008-07-14,-0.0021005480173862012,IWM,"ARIMA(1,0,1)"
2008-07-15,0.0015661737684318478,IWM,"ARIMA(1,0,1)"
2008-07-16,-8.817952043664926e-05,IWM,"ARIMA(1,0,1)"
2008-07-17,-0.0069229750430812725,IWM,"ARIMA(1,0,1)"
2008-07-18,-0.00226177323822081,IWM,"ARIMA(1,0,1)"
2008-07-21,-0.00233264355817953,IWM,"ARIMA(1,0,1)"
2008-07-22,-0.003089150776603887,IWM,"ARIMA(1,0,1)"
2008-07-23,-0.005271449922640992,IWM,"ARIMA(1,0,1)"
2008-07-24,-0.002786891019407899,IWM,"ARIMA(1,0,1)"
2008-07-25,0.003147550780020985,IWM,"ARIMA(1,0,1)"
2008-07-28,-0.0008541022240226288,IWM,"ARIMA(1,0,1)"
2008-07-29,0.0024041881397486972,IWM,"ARIMA(1,0,1)"
2008-07-30,-0.004059746420438382,IWM,"ARIMA(1,0,1)"
2008-07-31,-0.0021166935396309794,IWM,"ARIMA(1,0,1)"
2008-08-01,-8.371495884535246e-05,IWM,"ARIMA(1,0,1)"
2008-08-04,-0.0005075641271073323,IWM,"ARIMA(1,0,1)"
2008-08-05,0.001360620361074432,IWM,"ARIMA(1,0,1)"
2008-08-06,-0.0029029178808381885,IWM,"ARIMA(1,0,1)"
2008-08-07,-0.0016557950817359943,IWM,"ARIMA(1,0,1)"
2008-08-08,0.0018761285385255656,IWM,"ARIMA(1,0,1)"
2008-08-11,-0.004436667795661614,IWM,"ARIMA(1,0,1)"
2008-08-12,-0.00509781896203477,IWM,"ARIMA(1,0,1)"
2008-08-13,0.00024033236103980965,IWM,"ARIMA(1,0,1)"
2008-08-14,-0.0005971843913431151,IWM,"ARIMA(1,0,1)"
2008-08-15,-0.001739273397082316,IWM,"ARIMA(1,0,1)"
2008-08-18,9.474638412342934e-05,IWM,"ARIMA(1,0,1)"
2008-08-19,0.002100963513135085,IWM,"ARIMA(1,0,1)"
2008-08-20,0.0029420328178486155,IWM,"ARIMA(1,0,1)"
2008-08-21,7.201836428851453e-05,IWM,"ARIMA(1,0,1)"
2008-08-22,0.001565984587629998,IWM,"ARIMA(1,0,1)"
2008-08-25,-0.0035792344552000948,IWM,"ARIMA(1,0,1)"
2008-08-26,0.003118252321139433,IWM,"ARIMA(1,0,1)"
2008-08-27,-0.0001831185316516756,IWM,"ARIMA(1,0,1)"
2008-08-28,-0.0021637134288231426,IWM,"ARIMA(1,0,1)"
2008-08-29,-0.003862164350649387,IWM,"ARIMA(1,0,1)"
2008-09-02,0.0006473343766356598,IWM,"ARIMA(1,0,1)"
2008-09-03,-8.43730398145669e-05,IWM,"ARIMA(1,0,1)"
2008-09-04,-0.0009400813004365452,IWM,"ARIMA(1,0,1)"
2008-09-05,0.004896416565899734,IWM,"ARIMA(1,0,1)"
2008-09-08,0.0008057278628549688,IWM,"ARIMA(1,0,1)"
2008-09-09,-0.001957301310223631,IWM,"ARIMA(1,0,1)"
2008-09-10,0.003318243245814109,IWM,"ARIMA(1,0,1)"
2008-09-11,-0.0013357815225528142,IWM,"ARIMA(1,0,1)"
2008-09-12,-0.0015515952487854313,IWM,"ARIMA(1,0,1)"
2008-09-15,-0.0012835536848940785,IWM,"ARIMA(1,0,1)"
2008-09-16,0.007250348192145412,IWM,"ARIMA(1,0,1)"
2008-09-17,-0.004356368109446107,IWM,"ARIMA(1,0,1)"
2008-09-18,0.008684418414163468,IWM,"ARIMA(1,0,1)"
2008-09-19,-0.014666221038546347,IWM,"ARIMA(1,0,1)"
2008-09-22,-0.01020874990687683,IWM,"ARIMA(1,0,1)"
2008-09-23,0.005734122003366494,IWM,"ARIMA(1,0,1)"
2008-09-24,0.00396664539455762,IWM,"ARIMA(1,0,1)"
2008-09-25,0.003340915556546084,IWM,"ARIMA(1,0,1)"
2008-09-26,-0.0005826196387409396,IWM,"ARIMA(1,0,1)"
2008-09-29,-0.0016029464460339165,IWM,"ARIMA(1,0,1)"
2008-09-30,0.016145096141180152,IWM,"ARIMA(1,0,1)"
2008-10-01,-0.006186121392507352,IWM,"ARIMA(1,0,1)"
2008-10-02,0.0010734105161970123,IWM,"ARIMA(1,0,1)"
2008-10-03,0.012163315653944493,IWM,"ARIMA(1,0,1)"
2008-10-06,0.0058300646023546066,IWM,"ARIMA(1,0,1)"
2008-10-07,0.009424968377771336,IWM,"ARIMA(1,0,1)"
2008-10-08,0.009662257399858558,IWM,"ARIMA(1,0,1)"
2008-10-09,0.001198375706516674,IWM,"ARIMA(1,0,1)"
2008-10-10,0.007451697281683005,IWM,"ARIMA(1,0,1)"
2008-10-13,-0.010587297011306816,IWM,"ARIMA(1,0,1)"
2008-10-14,-0.01059344105650885,IWM,"ARIMA(1,0,1)"
2008-10-15,0.0006426291677016688,IWM,"ARIMA(1,0,1)"
2008-10-16,0.007607723475628973,IWM,"ARIMA(1,0,1)"
2008-10-17,-0.00701271842723011,IWM,"ARIMA(1,0,1)"
2008-10-20,0.0008243034628732243,IWM,"ARIMA(1,0,1)"
2008-10-21,-0.008496375176608627,IWM,"ARIMA(1,0,1)"
2008-10-22,0.0008887489422092776,IWM,"ARIMA(1,0,1)"
2008-10-23,0.006686410966867503,IWM,"ARIMA(1,0,1)"
2008-10-24,0.004904296413415516,IWM,"ARIMA(1,0,1)"
2008-10-27,0.00457808953502126,IWM,"ARIMA(1,0,1)"
2008-10-28,0.0042531163160380945,IWM,"ARIMA(1,0,1)"
2008-10-29,-0.010147368146983898,IWM,"ARIMA(1,0,1)"
2008-10-30,-0.0056115700883541935,IWM,"ARIMA(1,0,1)"
2008-10-31,-0.009623012748189046,IWM,"ARIMA(1,0,1)"
2008-11-03,-0.007102721389619531,IWM,"ARIMA(1,0,1)"
2008-11-04,-0.0026348110752312222,IWM,"ARIMA(1,0,1)"
2008-11-05,-0.002703729333106468,IWM,"ARIMA(1,0,1)"
2008-11-06,0.003170058469713596,IWM,"ARIMA(1,0,1)"
2008-11-07,0.002333468009213209,IWM,"ARIMA(1,0,1)"
2008-11-10,-0.002543884141718336,IWM,"ARIMA(1,0,1)"
2008-11-11,-2.7033416058754598e-05,IWM,"ARIMA(1,0,1)"
2008-11-12,0.00019413947496800207,IWM,"ARIMA(1,0,1)"
2008-11-13,0.0024900204037450495,IWM,"ARIMA(1,0,1)"
2008-11-14,-0.008913902616630267,IWM,"ARIMA(1,0,1)"
2008-11-17,0.008271969283513425,IWM,"ARIMA(1,0,1)"
2008-11-18,-0.0002109627946292672,IWM,"ARIMA(1,0,1)"
2008-11-19,-0.0014374834418152576,IWM,"ARIMA(1,0,1)"
2008-11-20,0.008599999844095905,IWM,"ARIMA(1,0,1)"
2008-11-21,0.0037959473221606662,IWM,"ARIMA(1,0,1)"
2008-11-24,-0.007773641799422245,IWM,"ARIMA(1,0,1)"
2008-11-25,-0.009076749964577264,IWM,"ARIMA(1,0,1)"
2008-11-26,-0.006354253439187227,IWM,"ARIMA(1,0,1)"
2008-11-28,-0.006199017580588997,IWM,"ARIMA(1,0,1)"
2008-12-01,-0.0029500673531337295,IWM,"ARIMA(1,0,1)"
2008-12-02,0.0025592725819959714,IWM,"ARIMA(1,0,1)"
2008-12-03,-0.0029704528699706673,IWM,"ARIMA(1,0,1)"
2008-12-04,-0.005558856331768746,IWM,"ARIMA(1,0,1)"
2008-12-05,-0.0016250451599461005,IWM,"ARIMA(1,0,1)"
2008-12-08,-0.006550437472935707,IWM,"ARIMA(1,0,1)"
2008-12-09,-0.009005230942769773,IWM,"ARIMA(1,0,1)"
2008-12-10,-0.004020229645612159,IWM,"ARIMA(1,0,1)"
2008-12-11,-0.005417705606041569,IWM,"ARIMA(1,0,1)"
2008-12-12,0.00323695202699309,IWM,"ARIMA(1,0,1)"
2008-12-15,-0.00390097457086058,IWM,"ARIMA(1,0,1)"
2008-12-16,0.001261783365901506,IWM,"ARIMA(1,0,1)"
2008-12-17,-0.009242398347653016,IWM,"ARIMA(1,0,1)"
2008-12-18,-0.004883381445341348,IWM,"ARIMA(1,0,1)"
2008-12-19,-0.0020066253697545167,IWM,"ARIMA(1,0,1)"
2008-12-22,-0.0027248154406693164,IWM,"ARIMA(1,0,1)"
2008-12-23,-0.0008729857548573266,IWM,"ARIMA(1,0,1)"
2008-12-24,0.00012152388800360826,IWM,"ARIMA(1,0,1)"
2008-12-26,-0.0015215176680865787,IWM,"ARIMA(1,0,1)"
2008-12-29,-0.003580487253950931,IWM,"ARIMA(1,0,1)"
2008-12-30,-0.001139772678130288,IWM,"ARIMA(1,0,1)"
2008-12-31,-0.005037878730731672,IWM,"ARIMA(1,0,1)"
2009-01-02,-0.0065931247602361315,IWM,"ARIMA(1,0,1)"
2009-01-05,-0.006960883377706556,IWM,"ARIMA(1,0,1)"
2009-01-06,-0.005154783273057788,IWM,"ARIMA(1,0,1)"
2009-01-07,-0.005533498018380979,IWM,"ARIMA(1,0,1)"
2009-01-08,-0.0005092142198098017,IWM,"ARIMA(1,0,1)"
2009-01-09,-0.0013556014748947627,IWM,"ARIMA(1,0,1)"
2009-01-12,0.003248692003673712,IWM,"ARIMA(1,0,1)"
2009-01-13,0.003102547054356655,IWM,"ARIMA(1,0,1)"
2009-01-14,-0.0022029978974127777,IWM,"ARIMA(1,0,1)"
2009-01-15,0.003700456469966971,IWM,"ARIMA(1,0,1)"
2009-01-16,0.00011437431841143089,IWM,"ARIMA(1,0,1)"
2009-01-20,-0.0019330496390088112,IWM,"ARIMA(1,0,1)"
2009-01-21,0.0064040259912150465,IWM,"ARIMA(1,0,1)"
2009-01-22,-0.004428868656146416,IWM,"ARIMA(1,0,1)"
2009-01-23,0.0014646436076473273,IWM,"ARIMA(1,0,1)"
2009-01-26,-0.0021453243991271884,IWM,"ARIMA(1,0,1)"
2009-01-27,-0.0036039112889387904,IWM,"ARIMA(1,0,1)"
2009-01-28,-0.004256217034030456,IWM,"ARIMA(1,0,1)"
2009-01-29,-0.007965087735081451,IWM,"ARIMA(1,0,1)"
2009-01-30,0.0030336925411203084,IWM,"ARIMA(1,0,1)"
2009-02-02,0.0017924470044734958,IWM,"ARIMA(1,0,1)"
2009-02-03,-0.0015916274887587828,IWM,"ARIMA(1,0,1)"
2009-02-04,-0.0032513609775034298,IWM,"ARIMA(1,0,1)"
2009-02-05,-0.001102385448640894,IWM,"ARIMA(1,0,1)"
2009-02-06,-0.003479485673799459,IWM,"ARIMA(1,0,1)"
2009-02-09,-0.007245615467103863,IWM,"ARIMA(1,0,1)"
2009-02-10,-0.002077035258054863,IWM,"ARIMA(1,0,1)"
2009-02-11,0.005118331952606589,IWM,"ARIMA(1,0,1)"
2009-02-12,-0.001304018427032263,IWM,"ARIMA(1,0,1)"
2009-02-13,-0.0022241592956459624,IWM,"ARIMA(1,0,1)"
2009-02-17,-0.000750190437635018,IWM,"ARIMA(1,0,1)"
2009-02-18,0.004062328754775276,IWM,"ARIMA(1,0,1)"
2009-02-19,0.0010266922402661872,IWM,"ARIMA(1,0,1)"
2009-02-20,0.00024042180826992863,IWM,"ARIMA(1,0,1)"
2009-02-23,0.0011634796733897153,IWM,"ARIMA(1,0,1)"
2009-02-24,0.003410662175004668,IWM,"ARIMA(1,0,1)"
2009-02-25,-0.005797525129471519,IWM,"ARIMA(1,0,1)"
2009-02-26,-0.0004941223371008113,IWM,"ARIMA(1,0,1)"
2009-02-27,0.0005429932720006614,IWM,"ARIMA(1,0,1)"
2009-03-02,-0.00076474536145899,IWM,"ARIMA(1,0,1)"
2009-03-03,0.006131770409396036,IWM,"ARIMA(1,0,1)"
2009-03-04,0.0017251128237876674,IWM,"ARIMA(1,0,1)"
2009-03-05,-0.0043925775634500175,IWM,"ARIMA(1,0,1)"
2009-03-06,0.004751283264596526,IWM,"ARIMA(1,0,1)"
2009-03-09,-0.0021505093826358485,IWM,"ARIMA(1,0,1)"
2009-03-10,0.0005262947973283662,IWM,"ARIMA(1,0,1)"
2009-03-11,-0.011603524009701004,IWM,"ARIMA(1,0,1)"
2009-03-12,-0.004771498209943289,IWM,"ARIMA(1,0,1)"
2009-03-13,-0.010946158327479373,IWM,"ARIMA(1,0,1)"
2009-03-16,-0.0041145328498722765,IWM,"ARIMA(1,0,1)"
2009-03-17,-9.756098388536772e-05,IWM,"ARIMA(1,0,1)"
2009-03-18,-0.008151088290040756,IWM,"ARIMA(1,0,1)"
2009-03-19,-0.006577096169717232,IWM,"ARIMA(1,0,1)"
2009-03-20,-0.0010784449636115727,IWM,"ARIMA(1,0,1)"
2009-03-23,0.0022111147094483427,IWM,"ARIMA(1,0,1)"
2009-03-24,-0.012992045012126092,IWM,"ARIMA(1,0,1)"
2009-03-25,0.002530673587807652,IWM,"ARIMA(1,0,1)"
2009-03-26,-0.006010713605875393,IWM,"ARIMA(1,0,1)"
2009-03-27,-0.0076603507615862106,IWM,"ARIMA(1,0,1)"
2009-03-30,0.0026504199918398865,IWM,"ARIMA(1,0,1)"
2009-03-31,0.0024685064462004434,IWM,"ARIMA(1,0,1)"
2009-04-01,-0.0033467075620788747,IWM,"ARIMA(1,0,1)"
2009-04-02,-0.004907266519584101,IWM,"ARIMA(1,0,1)"
2009-04-03,-0.009320341348675584,IWM,"ARIMA(1,0,1)"
2009-04-06,-0.004681628393120056,IWM,"ARIMA(1,0,1)"
2009-04-07,-6.59311920466431e-05,IWM,"ARIMA(1,0,1)"
2009-04-08,0.003129331028066224,IWM,"ARIMA(1,0,1)"
2009-04-09,-0.004015468023147513,IWM,"ARIMA(1,0,1)"
2009-04-13,-0.00969810300588596,IWM,"ARIMA(1,0,1)"
2009-04-14,-0.00341360215854325,IWM,"ARIMA(1,0,1)"
2009-04-15,0.002014355212860625,IWM,"ARIMA(1,0,1)"
2009-04-16,-0.0031185330658948796,IWM,"ARIMA(1,0,1)"
2009-04-17,-0.006065642155489348,IWM,"ARIMA(1,0,1)"
2009-04-20,-0.004007779232782759,IWM,"ARIMA(1,0,1)"
2009-04-21,0.005002322719117306,IWM,"ARIMA(1,0,1)"
2009-04-22,-0.005066245313285337,IWM,"ARIMA(1,0,1)"
2009-04-23,-0.0026174491851168914,IWM,"ARIMA(1,0,1)"
2009-04-24,-0.0017425953375968617,IWM,"ARIMA(1,0,1)"
2009-04-27,-0.004466893151703203,IWM,"ARIMA(1,0,1)"
2009-04-28,-0.00075800553929833,IWM,"ARIMA(1,0,1)"
2009-04-29,-0.0019511782788892156,IWM,"ARIMA(1,0,1)"
2009-04-30,-0.007119567665685883,IWM,"ARIMA(1,0,1)"
2009-05-01,-0.0017651042441266425,IWM,"ARIMA(1,0,1)"
2009-05-04,-0.0026038433771159017,IWM,"ARIMA(1,0,1)"
2009-05-05,-0.006981922793537551,IWM,"ARIMA(1,0,1)"
2009-05-06,-0.002179887934401063,IWM,"ARIMA(1,0,1)"
2009-05-07,-0.0021634450883206997,IWM,"ARIMA(1,0,1)"
2009-05-08,0.0016038349315869868,IWM,"ARIMA(1,0,1)"
2009-05-11,-0.005733237185265342,IWM,"ARIMA(1,0,1)"
2009-05-12,-0.00010095773060898113,IWM,"ARIMA(1,0,1)"
2009-05-13,0.000608359966339571,IWM,"ARIMA(1,0,1)"
2009-05-14,0.005338886329063487,IWM,"ARIMA(1,0,1)"
2009-05-15,-0.00220303986931532,IWM,"ARIMA(1,0,1)"
2009-05-18,-0.001486647459840253,IWM,"ARIMA(1,0,1)"
2009-05-19,-0.006556018825944131,IWM,"ARIMA(1,0,1)"
2009-05-20,-0.002721722521498113,IWM,"ARIMA(1,0,1)"
2009-05-21,-0.0007872372101478308,IWM,"ARIMA(1,0,1)"
2009-05-22,0.0002834062045805237,IWM,"ARIMA(1,0,1)"
2009-05-26,0.00010921038826784864,IWM,"ARIMA(1,0,1)"
2009-05-27,-0.007951401243114479,IWM,"ARIMA(1,0,1)"
2009-05-28,-0.0005955304357232675,IWM,"ARIMA(1,0,1)"
2009-05-29,-0.0017173434594626477,IWM,"ARIMA(1,0,1)"
2009-06-01,-0.0048065425786438624,IWM,"ARIMA(1,0,1)"
2009-06-02,-0.007959731843442005,IWM,"ARIMA(1,0,1)"
2009-06-03,-0.004820081475414314,IWM,"ARIMA(1,0,1)"
2009-06-04,-0.0014367428689511974,IWM,"ARIMA(1,0,1)"
2009-06-05,-0.0035079193678403944,IWM,"ARIMA(1,0,1)"
2009-06-08,-0.0021013999589415385,IWM,"ARIMA(1,0,1)"
2009-06-09,0.00011705819529157519,IWM,"ARIMA(1,0,1)"
2009-06-10,-0.0018216809108241912,IWM,"ARIMA(1,0,1)"
2009-06-11,-0.000968297260601981,IWM,"ARIMA(1,0,1)"
2009-06-12,-0.001336376683735762,IWM,"ARIMA(1,0,1)"
2009-06-15,-0.001821362085295952,IWM,"ARIMA(1,0,1)"
2009-06-16,0.0022735590215238835,IWM,"ARIMA(1,0,1)"
2009-06-17,0.0013671363317443604,IWM,"ARIMA(1,0,1)"
2009-06-18,-0.001893287041653936,IWM,"ARIMA(1,0,1)"
2009-06-19,-0.0022568132641372207,IWM,"ARIMA(1,0,1)"
2009-06-22,-0.002551237531264296,IWM,"ARIMA(1,0,1)"
2009-06-23,0.003166671546932344,IWM,"ARIMA(1,0,1)"
2009-06-24,0.0006383067056715032,IWM,"ARIMA(1,0,1)"
2009-06-25,-0.0025007462180485097,IWM,"ARIMA(1,0,1)"
2009-06-26,-0.005522192816719412,IWM,"ARIMA(1,0,1)"
2009-06-29,-0.0030224242482568605,IWM,"ARIMA(1,0,1)"
2009-06-30,-0.0018279244482559635,IWM,"ARIMA(1,0,1)"
2009-07-01,-0.0010727078880437583,IWM,"ARIMA(1,0,1)"
2009-07-02,-0.003313462794043609,IWM,"ARIMA(1,0,1)"
2009-07-06,0.003056583647487413,IWM,"ARIMA(1,0,1)"
2009-07-07,0.001112654719567451,IWM,"ARIMA(1,0,1)"
2009-07-08,0.0022726492024117443,IWM,"ARIMA(1,0,1)"
2009-07-09,0.0003675734929403788,IWM,"ARIMA(1,0,1)"
2009-07-10,-0.0006073635735924426,IWM,"ARIMA(1,0,1)"
2009-07-13,-0.001820009612812,IWM,"ARIMA(1,0,1)"
2009-07-14,-0.004629431543236381,IWM,"ARIMA(1,0,1)"
2009-07-15,-0.002939759873932326,IWM,"ARIMA(1,0,1)"
2009-07-16,-0.006408949175097714,IWM,"ARIMA(1,0,1)"
2009-07-17,-0.004149796536135005,IWM,"ARIMA(1,0,1)"
2009-07-20,-0.0015269156310541538,IWM,"ARIMA(1,0,1)"
2009-07-21,-0.002715807955866908,IWM,"ARIMA(1,0,1)"
2009-07-22,-0.0014805482961960496,IWM,"ARIMA(1,0,1)"
2009-07-23,-0.0023903072535223406,IWM,"ARIMA(1,0,1)"
2009-07-24,-0.005445034708567075,IWM,"ARIMA(1,0,1)"
2009-07-27,-0.0027353757337853207,IWM,"ARIMA(1,0,1)"
2009-07-28,-0.0021152047757457826,IWM,"ARIMA(1,0,1)"
2009-07-29,-0.0013289834808250058,IWM,"ARIMA(1,0,1)"
2009-07-30,-0.0005780722482642107,IWM,"ARIMA(1,0,1)"
2009-07-31,-0.003122391335587856,IWM,"ARIMA(1,0,1)"
2009-08-03,-0.0010491585156909994,IWM,"ARIMA(1,0,1)"
2009-08-04,-0.003164272473009923,IWM,"ARIMA(1,0,1)"
2009-08-05,-0.0026673447043816566,IWM,"ARIMA(1,0,1)"
2009-08-06,-0.00020400181722587333,IWM,"ARIMA(1,0,1)"
2009-08-07,0.0008187349690811772,IWM,"ARIMA(1,0,1)"
2009-08-10,-0.0036015302683843177,IWM,"ARIMA(1,0,1)"
2009-08-11,-0.0019046059091879404,IWM,"ARIMA(1,0,1)"
2009-08-12,0.0007559975142643863,IWM,"ARIMA(1,0,1)"
2009-08-13,-0.002608286668267603,IWM,"ARIMA(1,0,1)"
2009-08-14,-0.002522700874260036,IWM,"ARIMA(1,0,1)"
2009-08-17,0.0012411491729482143,IWM,"ARIMA(1,0,1)"
2009-08-18,0.0027767808531805912,IWM,"ARIMA(1,0,1)"
2009-08-19,-0.0018787266914317897,IWM,"ARIMA(1,0,1)"
2009-08-20,-0.002832720034495452,IWM,"ARIMA(1,0,1)"
2009-08-21,-0.0028948278251030826,IWM,"ARIMA(1,0,1)"
2009-08-24,-0.0042367763260841166,IWM,"ARIMA(1,0,1)"
2009-08-25,-0.001834541051730055,IWM,"ARIMA(1,0,1)"
2009-08-26,-0.0016272133190319937,IWM,"ARIMA(1,0,1)"
2009-08-27,-0.0013655737493409798,IWM,"ARIMA(1,0,1)"
2009-08-28,-0.0008988857647993964,IWM,"ARIMA(1,0,1)"
2009-08-31,-0.00028000478104207524,IWM,"ARIMA(1,0,1)"
2009-09-01,0.0008952450511126105,IWM,"ARIMA(1,0,1)"
2009-09-02,0.0020297508425316906,IWM,"ARIMA(1,0,1)"
2009-09-03,0.00017763637413182524,IWM,"ARIMA(1,0,1)"
2009-09-04,-0.0020267484250159153,IWM,"ARIMA(1,0,1)"
2009-09-08,-0.0029042803308598217,IWM,"ARIMA(1,0,1)"
2009-09-09,-0.0027674235708196474,IWM,"ARIMA(1,0,1)"
2009-09-10,-0.0032287305463615363,IWM,"ARIMA(1,0,1)"
2009-09-11,-0.002799462230280877,IWM,"ARIMA(1,0,1)"
2009-09-14,-0.0013242450196177757,IWM,"ARIMA(1,0,1)"
2009-09-15,-0.0020812195546411573,IWM,"ARIMA(1,0,1)"
2009-09-16,-0.0017590536879930883,IWM,"ARIMA(1,0,1)"
2009-09-17,-0.0025421795887324477,IWM,"ARIMA(1,0,1)"
2009-09-18,-0.0002094972315686369,IWM,"ARIMA(1,0,1)"
2009-09-21,-0.001098233124041028,IWM,"ARIMA(1,0,1)"
2009-09-22,-0.0005928769561724061,IWM,"ARIMA(1,0,1)"
2009-09-23,-0.0012298735909115552,IWM,"ARIMA(1,0,1)"
2009-09-24,0.0002787242097933238,IWM,"ARIMA(1,0,1)"
2009-09-25,0.0013765264940814666,IWM,"ARIMA(1,0,1)"
2009-09-28,0.00042556946888706057,IWM,"ARIMA(1,0,1)"
2009-09-29,-0.002707415656249355,IWM,"ARIMA(1,0,1)"
2009-09-30,0.00017748693695861578,IWM,"ARIMA(1,0,1)"
2009-10-01,0.0005913427386051127,IWM,"ARIMA(1,0,1)"
2009-10-02,0.0024050848948805885,IWM,"ARIMA(1,0,1)"
2009-10-05,0.0011216919273731205,IWM,"ARIMA(1,0,1)"
2009-10-06,-4.136845576364925e-05,IWM,"ARIMA(1,0,1)"
2009-10-07,-0.002193708561299052,IWM,"ARIMA(1,0,1)"
2009-10-08,-0.0009176551160133674,IWM,"ARIMA(1,0,1)"
2009-10-09,-0.0013771461826215465,IWM,"ARIMA(1,0,1)"
2009-10-12,-0.0007403086175650482,IWM,"ARIMA(1,0,1)"
2009-10-13,0.0007847437105374417,IWM,"ARIMA(1,0,1)"
2009-10-14,0.0009042288360711036,IWM,"ARIMA(1,0,1)"
2009-10-15,-0.0018571040107713088,IWM,"ARIMA(1,0,1)"
2009-10-16,0.0006455147025672264,IWM,"ARIMA(1,0,1)"
2009-10-19,0.0016608346461651903,IWM,"ARIMA(1,0,1)"
2009-10-20,3.415904518175414e-06,IWM,"ARIMA(1,0,1)"
2009-10-21,0.0018124788420748493,IWM,"ARIMA(1,0,1)"
2009-10-22,0.002324019289691694,IWM,"ARIMA(1,0,1)"
2009-10-23,-9.155856773061712e-05,IWM,"ARIMA(1,0,1)"
2009-10-26,0.003322112151839877,IWM,"ARIMA(1,0,1)"
2009-10-27,0.002588175301740975,IWM,"ARIMA(1,0,1)"
2009-10-28,0.003035839425452651,IWM,"ARIMA(1,0,1)"
2009-10-29,0.005285058194735534,IWM,"ARIMA(1,0,1)"
2009-10-30,-0.0006969419905230818,IWM,"ARIMA(1,0,1)"
2009-11-02,0.003843488788533611,IWM,"ARIMA(1,0,1)"
2009-11-03,0.0013913060650199123,IWM,"ARIMA(1,0,1)"
2009-11-04,-0.0016778892928122327,IWM,"ARIMA(1,0,1)"
2009-11-05,0.001936204219685223,IWM,"ARIMA(1,0,1)"
2009-11-06,-0.003754777710695078,IWM,"ARIMA(1,0,1)"
2009-11-09,-9.93421046443935e-07,IWM,"ARIMA(1,0,1)"
2009-11-10,-0.002203427565291061,IWM,"ARIMA(1,0,1)"
2009-11-11,0.0010044797750692067,IWM,"ARIMA(1,0,1)"
2009-11-12,1.0056490964324141e-05,IWM,"ARIMA(1,0,1)"
2009-11-13,0.0032932285104465353,IWM,"ARIMA(1,0,1)"
2009-11-16,0.0004876151638728767,IWM,"ARIMA(1,0,1)"
2009-11-17,-0.001702177912650007,IWM,"ARIMA(1,0,1)"
2009-11-18,-0.0002391507496251697,IWM,"ARIMA(1,0,1)"
2009-11-19,0.0009446129000194803,IWM,"ARIMA(1,0,1)"
2009-11-20,0.005928245265921042,IWM,"ARIMA(1,0,1)"
2009-11-23,0.002705466809826867,IWM,"ARIMA(1,0,1)"
2009-11-24,-0.0007391214665026186,IWM,"ARIMA(1,0,1)"
2009-11-25,0.001635299007081613,IWM,"ARIMA(1,0,1)"
2009-11-27,0.001546998442263014,IWM,"ARIMA(1,0,1)"
2009-11-30,0.006561046550395137,IWM,"ARIMA(1,0,1)"
2009-12-01,0.000375449019499475,IWM,"ARIMA(1,0,1)"
2009-12-02,-0.0007506577216630913,IWM,"ARIMA(1,0,1)"
2009-12-03,-0.0005688865807121771,IWM,"ARIMA(1,0,1)"
2009-12-04,0.0030309826206982434,IWM,"ARIMA(1,0,1)"
2009-12-07,-0.0021351501398036194,IWM,"ARIMA(1,0,1)"
2009-12-08,0.0008621421360133605,IWM,"ARIMA(1,0,1)"
2009-12-09,0.0021822816770997434,IWM,"ARIMA(1,0,1)"
2009-12-10,0.001817022855906245,IWM,"ARIMA(1,0,1)"
2009-12-11,0.0018144278326692764,IWM,"ARIMA(1,0,1)"
2009-12-14,0.00022514171763549984,IWM,"ARIMA(1,0,1)"
2009-12-15,-0.0006274956825356277,IWM,"ARIMA(1,0,1)"
2009-12-16,0.001420055692023057,IWM,"ARIMA(1,0,1)"
2009-12-17,0.0004436734637728362,IWM,"ARIMA(1,0,1)"
2009-12-18,0.002178772596115734,IWM,"ARIMA(1,0,1)"
2009-12-21,0.00026654610472320373,IWM,"ARIMA(1,0,1)"
2009-12-22,-0.00043337403943916834,IWM,"ARIMA(1,0,1)"
2009-12-23,8.402097649215338e-06,IWM,"ARIMA(1,0,1)"
2009-12-24,-0.00015902123871898628,IWM,"ARIMA(1,0,1)"
2009-12-28,0.0007498637140638062,IWM,"ARIMA(1,0,1)"
2009-12-29,0.0014231818233915682,IWM,"ARIMA(1,0,1)"
2009-12-30,0.001441745193183336,IWM,"ARIMA(1,0,1)"
2009-12-31,0.0013613847831315461,IWM,"ARIMA(1,0,1)"
2010-01-04,0.0025173650259460167,IWM,"ARIMA(1,0,1)"
2010-01-05,-0.0015178101053713309,IWM,"ARIMA(1,0,1)"
2010-01-06,0.001071282621897336,IWM,"ARIMA(1,0,1)"
2010-01-07,0.0011386461808770812,IWM,"ARIMA(1,0,1)"
2010-01-08,0.00036747663971593847,IWM,"ARIMA(1,0,1)"
2010-01-11,0.00043121446747014644,IWM,"ARIMA(1,0,1)"
2010-01-12,0.0017379730989447542,IWM,"ARIMA(1,0,1)"
2010-01-13,0.0029637880235634587,IWM,"ARIMA(1,0,1)"
2010-01-14,0.0002755123495399338,IWM,"ARIMA(1,0,1)"
2010-01-15,0.0009493120680653167,IWM,"ARIMA(1,0,1)"
2010-01-19,0.003146455357107815,IWM,"ARIMA(1,0,1)"
2010-01-20,-0.00017642340373423288,IWM,"ARIMA(1,0,1)"
2010-01-21,0.0028101812938013974,IWM,"ARIMA(1,0,1)"
2010-01-22,0.003215567869755748,IWM,"ARIMA(1,0,1)"
2010-01-25,0.0035041241379704445,IWM,"ARIMA(1,0,1)"
2010-01-26,0.0021898211243360235,IWM,"ARIMA(1,0,1)"
2010-01-27,0.002364989085757745,IWM,"ARIMA(1,0,1)"
2010-01-28,0.0008212020684958063,IWM,"ARIMA(1,0,1)"
2010-01-29,0.0022408866125002026,IWM,"ARIMA(1,0,1)"
2010-02-01,0.002445561915288181,IWM,"ARIMA(1,0,1)"
2010-02-02,0.0009046532966904416,IWM,"ARIMA(1,0,1)"
2010-02-03,0.0005482768534522781,IWM,"ARIMA(1,0,1)"
2010-02-04,0.0015781564760044928,IWM,"ARIMA(1,0,1)"
2010-02-05,0.0036158264968040883,IWM,"ARIMA(1,0,1)"
2010-02-08,0.0013680513310803863,IWM,"ARIMA(1,0,1)"
2010-02-09,0.001850773939872082,IWM,"ARIMA(1,0,1)"
2010-02-10,0.00036912249831454083,IWM,"ARIMA(1,0,1)"
2010-02-11,0.000936772421891953,IWM,"ARIMA(1,0,1)"
2010-02-12,6.579798205549946e-05,IWM,"ARIMA(1,0,1)"
2010-02-16,0.0004919532110635684,IWM,"ARIMA(1,0,1)"
2010-02-17,7.854862475754724e-06,IWM,"ARIMA(1,0,1)"
2010-02-18,0.00037896461564563395,IWM,"ARIMA(1,0,1)"
2010-02-19,0.000820845882575123,IWM,"ARIMA(1,0,1)"
2010-02-22,0.0014214045848115501,IWM,"ARIMA(1,0,1)"
2010-02-23,0.0015926484365713703,IWM,"ARIMA(1,0,1)"
2010-02-24,0.0028118664887439642,IWM,"ARIMA(1,0,1)"
2010-02-25,0.0016962331305450384,IWM,"ARIMA(1,0,1)"
2010-02-26,0.0018980380246860665,IWM,"ARIMA(1,0,1)"
2010-03-01,0.0024511637417885647,IWM,"ARIMA(1,0,1)"
2010-03-02,0.0003528999005319878,IWM,"ARIMA(1,0,1)"
2010-03-03,0.0007469079216229732,IWM,"ARIMA(1,0,1)"
2010-03-04,0.001127771380297017,IWM,"ARIMA(1,0,1)"
2010-03-05,0.0014744622042671361,IWM,"ARIMA(1,0,1)"
2010-03-08,0.0006154179392153371,IWM,"ARIMA(1,0,1)"
2010-03-09,0.001798601905129158,IWM,"ARIMA(1,0,1)"
2010-03-10,0.0023069763372604917,IWM,"ARIMA(1,0,1)"
2010-03-11,0.001538208350957194,IWM,"ARIMA(1,0,1)"
2010-03-12,0.0018709878630610542,IWM,"ARIMA(1,0,1)"
2010-03-15,0.0021050333858105355,IWM,"ARIMA(1,0,1)"
2010-03-16,0.002565807063306314,IWM,"ARIMA(1,0,1)"
2010-03-17,0.0017770861650459242,IWM,"ARIMA(1,0,1)"
2010-03-18,0.0013951856127513802,IWM,"ARIMA(1,0,1)"
2010-03-19,0.001899281423318971,IWM,"ARIMA(1,0,1)"
2010-03-22,0.0016157346045934386,IWM,"ARIMA(1,0,1)"
2010-03-23,0.001956862575999206,IWM,"ARIMA(1,0,1)"
2010-03-24,0.0008925651513750101,IWM,"ARIMA(1,0,1)"
2010-03-25,0.0022976982040833174,IWM,"ARIMA(1,0,1)"
2010-03-26,0.0027039227448269207,IWM,"ARIMA(1,0,1)"
2010-03-29,0.002332006307365169,IWM,"ARIMA(1,0,1)"
2010-03-30,0.002142898663351185,IWM,"ARIMA(1,0,1)"
2010-03-31,0.002016778509249766,IWM,"ARIMA(1,0,1)"
2010-04-01,0.0023316486484957766,IWM,"ARIMA(1,0,1)"
2010-04-05,0.0019144642940608538,IWM,"ARIMA(1,0,1)"
2010-04-06,0.000640294749308755,IWM,"ARIMA(1,0,1)"
2010-04-07,0.0008823295368929796,IWM,"ARIMA(1,0,1)"
2010-04-08,0.0018263946017201109,IWM,"ARIMA(1,0,1)"
2010-04-09,0.0018661140826155235,IWM,"ARIMA(1,0,1)"
2010-04-12,0.001764656256392948,IWM,"ARIMA(1,0,1)"
2010-04-13,0.0011182060893363938,IWM,"ARIMA(1,0,1)"
2010-04-14,0.0013937638817884074,IWM,"ARIMA(1,0,1)"
2010-04-15,0.0005301007278219942,IWM,"ARIMA(1,0,1)"
2010-04-16,0.0015137196655734839,IWM,"ARIMA(1,0,1)"
2010-04-19,0.0016231577254581797,IWM,"ARIMA(1,0,1)"
2010-04-20,0.0018588547236606222,IWM,"ARIMA(1,0,1)"
2010-04-21,0.001889541911426039,IWM,"ARIMA(1,0,1)"
2010-04-22,0.0017817090316370756,IWM,"ARIMA(1,0,1)"
2010-04-23,0.0018244041263015432,IWM,"ARIMA(1,0,1)"
2010-04-26,0.001875967752921064,IWM,"ARIMA(1,0,1)"
2010-04-27,0.0017877421391531696,IWM,"ARIMA(1,0,1)"
2010-04-28,0.001738307323901428,IWM,"ARIMA(1,0,1)"
2010-04-29,0.0017382244598981907,IWM,"ARIMA(1,0,1)"
2010-04-30,0.0020207175263448882,IWM,"ARIMA(1,0,1)"
2010-05-03,0.0015932856455429286,IWM,"ARIMA(1,0,1)"
2010-05-04,0.0016571721179996944,IWM,"ARIMA(1,0,1)"
2010-05-05,0.0013883934086234742,IWM,"ARIMA(1,0,1)"
2010-05-06,0.0013496087726211847,IWM,"ARIMA(1,0,1)"
2010-05-07,0.0011869580106208361,IWM,"ARIMA(1,0,1)"
2010-05-10,-0.0004978678122658882,IWM,"ARIMA(1,0,1)"
2010-05-11,0.002357052227746596,IWM,"ARIMA(1,0,1)"
2010-05-12,0.0014359939092061355,IWM,"ARIMA(1,0,1)"
2010-05-13,0.0025999950945039423,IWM,"ARIMA(1,0,1)"
2010-05-14,0.0011486467434910718,IWM,"ARIMA(1,0,1)"
2010-05-17,0.0014781520584328362,IWM,"ARIMA(1,0,1)"
2010-05-18,0.00159286714695721,IWM,"ARIMA(1,0,1)"
2010-05-19,0.0008572505414891278,IWM,"ARIMA(1,0,1)"
2010-05-20,0.0009804214738401294,IWM,"ARIMA(1,0,1)"
2010-05-21,-0.0017881428882698565,IWM,"ARIMA(1,0,1)"
2010-05-24,0.0016398339416420454,IWM,"ARIMA(1,0,1)"
2010-05-25,0.0007699569687334474,IWM,"ARIMA(1,0,1)"
2010-05-26,0.0009110566922271847,IWM,"ARIMA(1,0,1)"
2010-05-27,0.0011524572118716298,IWM,"ARIMA(1,0,1)"
2010-05-28,0.002494335919163675,IWM,"ARIMA(1,0,1)"
2010-06-01,0.0004236678039059715,IWM,"ARIMA(1,0,1)"
2010-06-02,0.0006196826436195637,IWM,"ARIMA(1,0,1)"
2010-06-03,0.001415700826330951,IWM,"ARIMA(1,0,1)"
2010-06-04,0.0012609542645500892,IWM,"ARIMA(1,0,1)"
2010-06-07,0.0002775854308077855,IWM,"ARIMA(1,0,1)"
2010-06-08,0.00023354381970861382,IWM,"ARIMA(1,0,1)"
2010-06-09,0.0007664168210582468,IWM,"ARIMA(1,0,1)"
2010-06-10,0.0006584974151188281,IWM,"ARIMA(1,0,1)"
2010-06-11,0.0019394400182074748,IWM,"ARIMA(1,0,1)"
2010-06-14,0.0012085456917532008,IWM,"ARIMA(1,0,1)"
2010-06-15,0.0010910458504147244,IWM,"ARIMA(1,0,1)"
2010-06-16,0.0019357762300115692,IWM,"ARIMA(1,0,1)"
2010-06-17,0.0008007887261795253,IWM,"ARIMA(1,0,1)"
2010-06-18,0.001202445497714382,IWM,"ARIMA(1,0,1)"
2010-06-21,0.0010879559374028073,IWM,"ARIMA(1,0,1)"
2010-06-22,0.0006717727158063848,IWM,"ARIMA(1,0,1)"
2010-06-23,0.000447426617845676,IWM,"ARIMA(1,0,1)"
2010-06-24,0.0011119031362000573,IWM,"ARIMA(1,0,1)"
2010-06-25,0.00043611495395200043,IWM,"ARIMA(1,0,1)"
2010-06-28,0.0014468617287333534,IWM,"ARIMA(1,0,1)"
2010-06-29,0.0007965677200937735,IWM,"ARIMA(1,0,1)"
2010-06-30,-0.0006276006773664637,IWM,"ARIMA(1,0,1)"
2010-07-01,0.0005033942419757089,IWM,"ARIMA(1,0,1)"
2010-07-02,0.00033202501665650604,IWM,"ARIMA(1,0,1)"
2010-07-06,0.0003322251895403011,IWM,"ARIMA(1,0,1)"
2010-07-07,0.00028696219776433657,IWM,"ARIMA(1,0,1)"
2010-07-08,0.003108147210236079,IWM,"ARIMA(1,0,1)"
2010-07-09,0.0005365441655421645,IWM,"ARIMA(1,0,1)"
2010-07-12,0.0017559586367139619,IWM,"ARIMA(1,0,1)"
2010-07-13,-5.128709855623664e-05,IWM,"ARIMA(1,0,1)"
2010-07-14,0.0031289513446010296,IWM,"ARIMA(1,0,1)"
2010-07-15,0.00036485212847785697,IWM,"ARIMA(1,0,1)"
2010-07-16,0.0011291683632029042,IWM,"ARIMA(1,0,1)"
2010-07-19,-0.00042752593780387427,IWM,"ARIMA(1,0,1)"
2010-07-20,0.0010339170321629885,IWM,"ARIMA(1,0,1)"
2010-07-21,0.0011202600044127754,IWM,"ARIMA(1,0,1)"
2010-07-22,0.0002713026966355911,IWM,"ARIMA(1,0,1)"
2010-07-23,0.0010052709466038636,IWM,"ARIMA(1,0,1)"
2010-07-26,0.0010420657765323092,IWM,"ARIMA(1,0,1)"
2010-07-27,0.0013305889688505603,IWM,"ARIMA(1,0,1)"
2010-07-28,0.0005359304228700566,IWM,"ARIMA(1,0,1)"
2010-07-29,0.00022007619576231514,IWM,"ARIMA(1,0,1)"
2010-07-30,0.0007334127457810655,IWM,"ARIMA(1,0,1)"
2010-08-02,0.0006527059435446905,IWM,"ARIMA(1,0,1)"
2010-08-03,0.0012627139381905495,IWM,"ARIMA(1,0,1)"
2010-08-04,0.0003737417357525876,IWM,"ARIMA(1,0,1)"
2010-08-05,0.0009199383337740439,IWM,"ARIMA(1,0,1)"
2010-08-06,0.0002749103340022662,IWM,"ARIMA(1,0,1)"
2010-08-09,0.00040350378219682385,IWM,"ARIMA(1,0,1)"
2010-08-10,0.0008548457065618324,IWM,"ARIMA(1,0,1)"
2010-08-11,1.054665764132893e-05,IWM,"ARIMA(1,0,1)"
2010-08-12,-0.0013477273125467285,IWM,"ARIMA(1,0,1)"
2010-08-13,0.00021504767186633297,IWM,"ARIMA(1,0,1)"
2010-08-16,-0.0002654134348520031,IWM,"ARIMA(1,0,1)"
2010-08-17,0.0006313798586496719,IWM,"ARIMA(1,0,1)"
2010-08-18,0.0012277401357018486,IWM,"ARIMA(1,0,1)"
2010-08-19,0.000567359092133066,IWM,"ARIMA(1,0,1)"
2010-08-20,-0.0006526988762860846,IWM,"ARIMA(1,0,1)"
2010-08-23,0.0004126770831911703,IWM,"ARIMA(1,0,1)"
2010-08-24,-0.00030082239863351505,IWM,"ARIMA(1,0,1)"
2010-08-25,-0.0002775995760530099,IWM,"ARIMA(1,0,1)"
2010-08-26,0.0007213081907686197,IWM,"ARIMA(1,0,1)"
2010-08-27,-0.00011709501442992793,IWM,"ARIMA(1,0,1)"
2010-08-30,0.0008649684973097298,IWM,"ARIMA(1,0,1)"
2010-08-31,-3.611135070498444e-05,IWM,"ARIMA(1,0,1)"
2010-09-01,0.0005606801715168986,IWM,"ARIMA(1,0,1)"
2010-09-02,0.000864344592761062,IWM,"ARIMA(1,0,1)"
2010-09-03,0.0006963300832715502,IWM,"ARIMA(1,0,1)"
2010-09-07,0.0008087674243982693,IWM,"ARIMA(1,0,1)"
2010-09-08,0.00021356603662773968,IWM,"ARIMA(1,0,1)"
2010-09-09,0.0004650782952811398,IWM,"ARIMA(1,0,1)"
2010-09-10,0.000361125297281309,IWM,"ARIMA(1,0,1)"
2010-09-13,0.0003231403365047965,IWM,"ARIMA(1,0,1)"
2010-09-14,0.00041494399437546747,IWM,"ARIMA(1,0,1)"
2010-09-15,0.00035825425357157846,IWM,"ARIMA(1,0,1)"
2010-09-16,0.0003479173884929303,IWM,"ARIMA(1,0,1)"
2010-09-17,0.00024316531406534181,IWM,"ARIMA(1,0,1)"
2010-09-20,0.00026668636491503024,IWM,"ARIMA(1,0,1)"
2010-09-21,0.0003592872584971998,IWM,"ARIMA(1,0,1)"
2010-09-22,0.0003470234489127375,IWM,"ARIMA(1,0,1)"
2010-09-23,0.00027339085796875,IWM,"ARIMA(1,0,1)"
2010-09-24,0.00026260265598677626,IWM,"ARIMA(1,0,1)"
2010-09-27,0.0004706633575479013,IWM,"ARIMA(1,0,1)"
2010-09-28,0.00048452197248909074,IWM,"ARIMA(1,0,1)"
2010-09-29,0.000429082034194667,IWM,"ARIMA(1,0,1)"
2010-09-30,0.0004575984273741715,IWM,"ARIMA(1,0,1)"
2010-10-01,0.0004972069129594286,IWM,"ARIMA(1,0,1)"
2010-10-04,0.00019579073828429367,IWM,"ARIMA(1,0,1)"
2010-10-05,0.00086030722835064,IWM,"ARIMA(1,0,1)"
2010-10-06,3.193653176838517e-05,IWM,"ARIMA(1,0,1)"
2010-10-07,0.000488773385501417,IWM,"ARIMA(1,0,1)"
2010-10-08,0.0006105960555878593,IWM,"ARIMA(1,0,1)"
2010-10-11,0.00023697388363420478,IWM,"ARIMA(1,0,1)"
2010-10-12,0.00041683982232623175,IWM,"ARIMA(1,0,1)"
2010-10-13,0.00044667070299181984,IWM,"ARIMA(1,0,1)"
2010-10-14,0.00020189964110947417,IWM,"ARIMA(1,0,1)"
2010-10-15,0.0005248318099072755,IWM,"ARIMA(1,0,1)"
2010-10-18,0.0006005009570727111,IWM,"ARIMA(1,0,1)"
2010-10-19,0.00040309816653819606,IWM,"ARIMA(1,0,1)"
2010-10-20,0.0010355423048193973,IWM,"ARIMA(1,0,1)"
2010-10-21,0.0003459777515828754,IWM,"ARIMA(1,0,1)"
2010-10-22,0.0007764511774681779,IWM,"ARIMA(1,0,1)"
2010-10-25,0.0004042938438415447,IWM,"ARIMA(1,0,1)"
2010-10-26,0.00042774063874923733,IWM,"ARIMA(1,0,1)"
2010-10-27,0.0007010093010217607,IWM,"ARIMA(1,0,1)"
2010-10-28,0.00018659042658972225,IWM,"ARIMA(1,0,1)"
2010-10-29,0.0010895248613319922,IWM,"ARIMA(1,0,1)"
2010-11-01,0.0007644919409038239,IWM,"ARIMA(1,0,1)"
2010-11-02,0.001084622139152263,IWM,"ARIMA(1,0,1)"
2010-11-03,0.00047337681787302523,IWM,"ARIMA(1,0,1)"
2010-11-04,0.0008726536923448526,IWM,"ARIMA(1,0,1)"
2010-11-05,0.0010989011479425488,IWM,"ARIMA(1,0,1)"
2010-11-08,0.0009428161745098731,IWM,"ARIMA(1,0,1)"
2010-11-09,0.0009946454341315648,IWM,"ARIMA(1,0,1)"
2010-11-10,0.0008620698340373555,IWM,"ARIMA(1,0,1)"
2010-11-11,0.0009282141075563714,IWM,"ARIMA(1,0,1)"
2010-11-12,0.0008860349594717272,IWM,"ARIMA(1,0,1)"
2010-11-15,0.0008952270490459868,IWM,"ARIMA(1,0,1)"
2010-11-16,0.0008570155956023578,IWM,"ARIMA(1,0,1)"
2010-11-17,0.0006760322765399484,IWM,"ARIMA(1,0,1)"
2010-11-18,0.0006857051423837376,IWM,"ARIMA(1,0,1)"
2010-11-19,0.000770481798282735,IWM,"ARIMA(1,0,1)"
2010-11-22,0.0008830323954028651,IWM,"ARIMA(1,0,1)"
2010-11-23,0.0009068709307664458,IWM,"ARIMA(1,0,1)"
2010-11-24,0.0008013386718131181,IWM,"ARIMA(1,0,1)"
2010-11-26,0.0006557159277216446,IWM,"ARIMA(1,0,1)"
2010-11-29,0.0009966637738248636,IWM,"ARIMA(1,0,1)"
2010-11-30,0.000998005694437207,IWM,"ARIMA(1,0,1)"
2010-12-01,0.0006366782991173023,IWM,"ARIMA(1,0,1)"
2010-12-02,0.0003138350293456077,IWM,"ARIMA(1,0,1)"
2010-12-03,0.0009594253036151972,IWM,"ARIMA(1,0,1)"
2010-12-06,0.0010350673666067684,IWM,"ARIMA(1,0,1)"
2010-12-07,0.0009634926648408741,IWM,"ARIMA(1,0,1)"
2010-12-08,0.0009811721892043828,IWM,"ARIMA(1,0,1)"
2010-12-09,0.0010188136513809274,IWM,"ARIMA(1,0,1)"
2010-12-10,0.0010144580177033837,IWM,"ARIMA(1,0,1)"
2010-12-13,0.0010071596852443956,IWM,"ARIMA(1,0,1)"
2010-12-14,0.0010563712999199428,IWM,"ARIMA(1,0,1)"
2010-12-15,0.0009922243743373238,IWM,"ARIMA(1,0,1)"
2010-12-16,0.000980352100641504,IWM,"ARIMA(1,0,1)"
2010-12-17,0.0009276042967581539,IWM,"ARIMA(1,0,1)"
2010-12-20,0.0008972979073725719,IWM,"ARIMA(1,0,1)"
2010-12-21,0.001027124722512136,IWM,"ARIMA(1,0,1)"
2010-12-22,0.0010173575731542198,IWM,"ARIMA(1,0,1)"
2010-12-23,0.000980139631436123,IWM,"ARIMA(1,0,1)"
2010-12-27,0.0009457164105578768,IWM,"ARIMA(1,0,1)"
2010-12-28,0.0009217879492905744,IWM,"ARIMA(1,0,1)"
2010-12-29,0.0009548300121243413,IWM,"ARIMA(1,0,1)"
2010-12-30,0.0009274442734111532,IWM,"ARIMA(1,0,1)"
2010-12-31,0.0009224759284040919,IWM,"ARIMA(1,0,1)"
2011-01-03,0.0009395037302044221,IWM,"ARIMA(1,0,1)"
2011-01-04,0.0009144248127470034,IWM,"ARIMA(1,0,1)"
2011-01-05,0.0008858060224163257,IWM,"ARIMA(1,0,1)"
2011-01-06,0.0006826479471614496,IWM,"ARIMA(1,0,1)"
2011-01-07,-0.0003317526916919425,IWM,"ARIMA(1,0,1)"
2011-01-10,0.0006682156264158584,IWM,"ARIMA(1,0,1)"
2011-01-11,0.0015356772832780612,IWM,"ARIMA(1,0,1)"
2011-01-12,0.0008821677157695815,IWM,"ARIMA(1,0,1)"
2011-01-13,0.0009089473401437233,IWM,"ARIMA(1,0,1)"
2011-01-14,0.0008910368118964699,IWM,"ARIMA(1,0,1)"
2011-01-18,0.0009790737066035047,IWM,"ARIMA(1,0,1)"
2011-01-19,0.000908911780641324,IWM,"ARIMA(1,0,1)"
2011-01-20,0.001236631152810059,IWM,"ARIMA(1,0,1)"
2011-01-21,0.0010108375086502685,IWM,"ARIMA(1,0,1)"
2011-01-24,0.0009713271541128266,IWM,"ARIMA(1,0,1)"
2011-01-25,0.0009554179073276173,IWM,"ARIMA(1,0,1)"
2011-01-26,0.0010055850860440658,IWM,"ARIMA(1,0,1)"
2011-01-27,0.0006206295310251936,IWM,"ARIMA(1,0,1)"
2011-01-28,0.001092397742777709,IWM,"ARIMA(1,0,1)"
2011-01-31,0.00105164096005262,IWM,"ARIMA(1,0,1)"
2011-02-01,0.0008212564654200697,IWM,"ARIMA(1,0,1)"
2011-02-02,0.0010796391902758668,IWM,"ARIMA(1,0,1)"
2011-02-03,0.0010909928735711855,IWM,"ARIMA(1,0,1)"
2011-02-04,0.0012399378751618872,IWM,"ARIMA(1,0,1)"
2011-02-07,0.0012244487367467094,IWM,"ARIMA(1,0,1)"
2011-02-08,0.0012395135844908323,IWM,"ARIMA(1,0,1)"
2011-02-09,0.001237485028162888,IWM,"ARIMA(1,0,1)"
2011-02-10,0.0013028420202571256,IWM,"ARIMA(1,0,1)"
2011-02-11,0.0011801413486368338,IWM,"ARIMA(1,0,1)"
2011-02-14,0.0011124365557017004,IWM,"ARIMA(1,0,1)"
2011-02-15,0.0011780350280132612,IWM,"ARIMA(1,0,1)"
2011-02-16,0.0012172876960988266,IWM,"ARIMA(1,0,1)"
2011-02-17,0.0010283910929371448,IWM,"ARIMA(1,0,1)"
2011-02-18,0.0010687084502216241,IWM,"ARIMA(1,0,1)"
2011-02-22,0.0011428097094473913,IWM,"ARIMA(1,0,1)"
2011-02-23,0.001395742901626006,IWM,"ARIMA(1,0,1)"
2011-02-24,0.0009830865415292856,IWM,"ARIMA(1,0,1)"
2011-02-25,0.0010070627612540713,IWM,"ARIMA(1,0,1)"
2011-02-28,0.0011156240919555109,IWM,"ARIMA(1,0,1)"
2011-03-01,0.0010274556120123384,IWM,"ARIMA(1,0,1)"
2011-03-02,0.0009169502891035992,IWM,"ARIMA(1,0,1)"
2011-03-03,0.0009109977712093588,IWM,"ARIMA(1,0,1)"
2011-03-04,0.0009897981366075593,IWM,"ARIMA(1,0,1)"
2011-03-07,0.0009247206791660106,IWM,"ARIMA(1,0,1)"
2011-03-08,0.0008195322982322734,IWM,"ARIMA(1,0,1)"
2011-03-09,0.0007145784994284571,IWM,"ARIMA(1,0,1)"
2011-03-10,0.0008739300516970864,IWM,"ARIMA(1,0,1)"
2011-03-11,0.0023774151119950854,IWM,"ARIMA(1,0,1)"
2011-03-14,0.0020442240537802236,IWM,"ARIMA(1,0,1)"
2011-03-15,0.0010382695402297096,IWM,"ARIMA(1,0,1)"
2011-03-16,0.0023858782648815296,IWM,"ARIMA(1,0,1)"
2011-03-17,0.0026365765067213115,IWM,"ARIMA(1,0,1)"
2011-03-18,0.0022521550947024256,IWM,"ARIMA(1,0,1)"
2011-03-21,0.00152465804441777,IWM,"ARIMA(1,0,1)"
2011-03-22,0.00022211430907830856,IWM,"ARIMA(1,0,1)"
2011-03-23,0.0006790081419936632,IWM,"ARIMA(1,0,1)"
2011-03-24,0.0004280594838276027,IWM,"ARIMA(1,0,1)"
2011-03-25,0.00022179020701375372,IWM,"ARIMA(1,0,1)"
2011-03-28,-4.065573891346721e-05,IWM,"ARIMA(1,0,1)"
2011-03-29,0.0002715774284217503,IWM,"ARIMA(1,0,1)"
2011-03-30,-0.00011004243665263807,IWM,"ARIMA(1,0,1)"
2011-03-31,-0.0004386292082967185,IWM,"ARIMA(1,0,1)"
2011-04-01,-0.00046002686661295467,IWM,"ARIMA(1,0,1)"
2011-04-04,-0.0005013882244102508,IWM,"ARIMA(1,0,1)"
2011-04-05,-0.00042116745763550064,IWM,"ARIMA(1,0,1)"
2011-04-06,-0.0004661958948316545,IWM,"ARIMA(1,0,1)"
2011-04-07,0.0006843621506818073,IWM,"ARIMA(1,0,1)"
2011-04-08,0.0006519872201024238,IWM,"ARIMA(1,0,1)"
2011-04-11,0.0004214703202712461,IWM,"ARIMA(1,0,1)"
2011-04-12,0.0008084334368828907,IWM,"ARIMA(1,0,1)"
2011-04-13,0.0010665591779103571,IWM,"ARIMA(1,0,1)"
2011-04-14,0.0006948291803993597,IWM,"ARIMA(1,0,1)"
2011-04-15,0.0006946126640254985,IWM,"ARIMA(1,0,1)"
2011-04-18,0.0006826629858471776,IWM,"ARIMA(1,0,1)"
2011-04-19,0.0005648016598249876,IWM,"ARIMA(1,0,1)"
2011-04-20,0.0005386170661247615,IWM,"ARIMA(1,0,1)"
2011-04-21,0.00018182417002837986,IWM,"ARIMA(1,0,1)"
2011-04-25,0.0004963118132828814,IWM,"ARIMA(1,0,1)"
2011-04-26,0.0005182421893583891,IWM,"ARIMA(1,0,1)"
2011-04-27,0.0007047711241814758,IWM,"ARIMA(1,0,1)"
2011-04-28,0.0007213955450576442,IWM,"ARIMA(1,0,1)"
2011-04-29,0.0006443128518613204,IWM,"ARIMA(1,0,1)"
2011-05-02,0.0008623810746799601,IWM,"ARIMA(1,0,1)"
2011-05-03,0.00044586052076450397,IWM,"ARIMA(1,0,1)"
2011-05-04,0.001016985150455146,IWM,"ARIMA(1,0,1)"
2011-05-05,0.0021222224185976557,IWM,"ARIMA(1,0,1)"
2011-05-06,0.0009072506885315548,IWM,"ARIMA(1,0,1)"
2011-05-09,0.0011021326328473483,IWM,"ARIMA(1,0,1)"
2011-05-10,0.0010961735591326902,IWM,"ARIMA(1,0,1)"
2011-05-11,0.0011816891810936556,IWM,"ARIMA(1,0,1)"
2011-05-12,0.00024062907719942894,IWM,"ARIMA(1,0,1)"
2011-05-13,0.0009341192720823523,IWM,"ARIMA(1,0,1)"
2011-05-16,0.0006410874229580393,IWM,"ARIMA(1,0,1)"
2011-05-17,0.0016959358505520225,IWM,"ARIMA(1,0,1)"
2011-05-18,0.0006922584923167365,IWM,"ARIMA(1,0,1)"
2011-05-19,0.0011659117759529433,IWM,"ARIMA(1,0,1)"
2011-05-20,0.0011032737496110342,IWM,"ARIMA(1,0,1)"
2011-05-23,0.0008376149721606224,IWM,"ARIMA(1,0,1)"
2011-05-24,0.0005678280721985339,IWM,"ARIMA(1,0,1)"
2011-05-25,0.0008483303939226231,IWM,"ARIMA(1,0,1)"
2011-05-26,0.0013455815341406002,IWM,"ARIMA(1,0,1)"
2011-05-27,0.001502098964733925,IWM,"ARIMA(1,0,1)"
2011-05-31,0.0011729610172699187,IWM,"ARIMA(1,0,1)"
2011-06-01,0.0012233925422434019,IWM,"ARIMA(1,0,1)"
2011-06-02,0.00038409278896272257,IWM,"ARIMA(1,0,1)"
2011-06-03,0.0020038791011296885,IWM,"ARIMA(1,0,1)"
2011-06-06,0.0006751421466529024,IWM,"ARIMA(1,0,1)"
2011-06-07,0.00047691542028933226,IWM,"ARIMA(1,0,1)"
2011-06-08,0.0009797018787104169,IWM,"ARIMA(1,0,1)"
2011-06-09,0.0007819644619377337,IWM,"ARIMA(1,0,1)"
2011-06-10,0.0008901866845075708,IWM,"ARIMA(1,0,1)"
2011-06-13,0.0007707154981387366,IWM,"ARIMA(1,0,1)"
2011-06-14,0.0007393521979165233,IWM,"ARIMA(1,0,1)"
2011-06-15,0.001468866196979439,IWM,"ARIMA(1,0,1)"
2011-06-16,0.0006816735072543033,IWM,"ARIMA(1,0,1)"
2011-06-17,0.0006767641441957911,IWM,"ARIMA(1,0,1)"
2011-06-20,0.0006729693713767331,IWM,"ARIMA(1,0,1)"
2011-06-21,0.0007508347050695823,IWM,"ARIMA(1,0,1)"
2011-06-22,0.0009303784081669774,IWM,"ARIMA(1,0,1)"
2011-06-23,0.0009265092510966421,IWM,"ARIMA(1,0,1)"
2011-06-24,0.000976935610230687,IWM,"ARIMA(1,0,1)"
2011-06-27,0.0008896043940315804,IWM,"ARIMA(1,0,1)"
2011-06-28,0.0009425666284510095,IWM,"ARIMA(1,0,1)"
2011-06-29,0.0011569785163770797,IWM,"ARIMA(1,0,1)"
2011-06-30,0.0011475108289865999,IWM,"ARIMA(1,0,1)"
2011-07-01,0.0011452413236013486,IWM,"ARIMA(1,0,1)"
2011-07-05,0.0010394135479909945,IWM,"ARIMA(1,0,1)"
2011-07-06,0.0014462500880226535,IWM,"ARIMA(1,0,1)"
2011-07-07,0.0012590460993391576,IWM,"ARIMA(1,0,1)"
2011-07-08,0.0013287580928481339,IWM,"ARIMA(1,0,1)"
2011-07-11,0.001243705671876862,IWM,"ARIMA(1,0,1)"
2011-07-12,0.001424266643858648,IWM,"ARIMA(1,0,1)"
2011-07-13,0.001363783485233106,IWM,"ARIMA(1,0,1)"
2011-07-14,0.0013563280331495024,IWM,"ARIMA(1,0,1)"
2011-07-15,0.0017729039932237718,IWM,"ARIMA(1,0,1)"
2011-07-18,0.001252784368999368,IWM,"ARIMA(1,0,1)"
2011-07-19,0.0011718242829847443,IWM,"ARIMA(1,0,1)"
2011-07-20,0.0006517627605521507,IWM,"ARIMA(1,0,1)"
2011-07-21,0.0012594828908732436,IWM,"ARIMA(1,0,1)"
2011-07-22,0.0008912650904746905,IWM,"ARIMA(1,0,1)"
2011-07-25,0.0016170711133091918,IWM,"ARIMA(1,0,1)"
2011-07-26,0.002008089360491627,IWM,"ARIMA(1,0,1)"
2011-07-27,0.0013009768886460588,IWM,"ARIMA(1,0,1)"
2011-07-28,0.002030188184025315,IWM,"ARIMA(1,0,1)"
2011-07-29,0.0008626401967602784,IWM,"ARIMA(1,0,1)"
2011-08-01,0.0009243711197889578,IWM,"ARIMA(1,0,1)"
2011-08-02,0.002385002168822584,IWM,"ARIMA(1,0,1)"
2011-08-03,0.002498166694163383,IWM,"ARIMA(1,0,1)"
2011-08-04,0.0016503431008659752,IWM,"ARIMA(1,0,1)"
2011-08-05,0.0026710099943289597,IWM,"ARIMA(1,0,1)"
2011-08-08,0.0002587374178844237,IWM,"ARIMA(1,0,1)"
2011-08-09,-0.0035238637312813613,IWM,"ARIMA(1,0,1)"
2011-08-10,-0.012115131437617823,IWM,"ARIMA(1,0,1)"
2011-08-11,0.026248480744258697,IWM,"ARIMA(1,0,1)"
2011-08-12,-0.03603349502286635,IWM,"ARIMA(1,0,1)"
2011-08-15,0.013619947949340207,IWM,"ARIMA(1,0,1)"
2011-08-16,-0.017182717499555068,IWM,"ARIMA(1,0,1)"
2011-08-17,0.013898774368934587,IWM,"ARIMA(1,0,1)"
2011-08-18,-0.011983919847130174,IWM,"ARIMA(1,0,1)"
2011-08-19,0.02543159376652356,IWM,"ARIMA(1,0,1)"
2011-08-22,-0.01503386074144476,IWM,"ARIMA(1,0,1)"
2011-08-23,0.00703949301497548,IWM,"ARIMA(1,0,1)"
2011-08-24,-0.013182375826293103,IWM,"ARIMA(1,0,1)"
2011-08-25,0.007936536712432437,IWM,"ARIMA(1,0,1)"
2011-08-26,-0.00030030521081580487,IWM,"ARIMA(1,0,1)"
2011-08-29,-0.002717946990750948,IWM,"ARIMA(1,0,1)"
2011-08-30,-0.004097692408172536,IWM,"ARIMA(1,0,1)"
2011-08-31,0.00370585605204998,IWM,"ARIMA(1,0,1)"
2011-09-01,-0.0011072335506574485,IWM,"ARIMA(1,0,1)"
2011-09-02,0.0048452500740318784,IWM,"ARIMA(1,0,1)"
2011-09-06,0.002059898155921111,IWM,"ARIMA(1,0,1)"
2011-09-07,-0.0005228683742784983,IWM,"ARIMA(1,0,1)"
2011-09-08,-0.0034408921844660705,IWM,"ARIMA(1,0,1)"
2011-09-09,0.005774672411859935,IWM,"ARIMA(1,0,1)"
2011-09-12,-0.00010157162019605581,IWM,"ARIMA(1,0,1)"
2011-09-13,-0.00046334703798672533,IWM,"ARIMA(1,0,1)"
2011-09-14,-0.0010640314647954753,IWM,"ARIMA(1,0,1)"
2011-09-15,-0.0006288408800758794,IWM,"ARIMA(1,0,1)"
2011-09-16,-0.00040164959376868224,IWM,"ARIMA(1,0,1)"
2011-09-19,0.0009107609798802308,IWM,"ARIMA(1,0,1)"
2011-09-20,0.0019431509678779421,IWM,"ARIMA(1,0,1)"
2011-09-21,0.0006729508070277564,IWM,"ARIMA(1,0,1)"
2011-09-22,0.004061075422625171,IWM,"ARIMA(1,0,1)"
2011-09-23,0.00017053954537145,IWM,"ARIMA(1,0,1)"
2011-09-26,-0.001255288955871728,IWM,"ARIMA(1,0,1)"
2011-09-27,-0.0009957024812911946,IWM,"ARIMA(1,0,1)"
2011-09-28,-0.001340477314183376,IWM,"ARIMA(1,0,1)"
2011-09-29,0.005213148707059565,IWM,"ARIMA(1,0,1)"
2011-09-30,-0.006200051379893448,IWM,"ARIMA(1,0,1)"
2011-10-03,0.008477565345401436,IWM,"ARIMA(1,0,1)"
2011-10-04,-0.0011328945344710349,IWM,"ARIMA(1,0,1)"
2011-10-05,-0.005845964323696533,IWM,"ARIMA(1,0,1)"
2011-10-06,0.0026133099999434417,IWM,"ARIMA(1,0,1)"
2011-10-07,-0.004409662602947489,IWM,"ARIMA(1,0,1)"
2011-10-10,0.00591995367360209,IWM,"ARIMA(1,0,1)"
2011-10-11,-0.009909624726012728,IWM,"ARIMA(1,0,1)"
2011-10-12,0.006560540223621608,IWM,"ARIMA(1,0,1)"
2011-10-13,-0.0067037347290288185,IWM,"ARIMA(1,0,1)"
2011-10-14,0.005243212683947918,IWM,"ARIMA(1,0,1)"
2011-10-17,-0.006180455262666198,IWM,"ARIMA(1,0,1)"
2011-10-18,0.008439046236850588,IWM,"ARIMA(1,0,1)"
2011-10-19,-0.009681281036902792,IWM,"ARIMA(1,0,1)"
2011-10-20,0.010126330445570078,IWM,"ARIMA(1,0,1)"
2011-10-21,-0.008127237840206709,IWM,"ARIMA(1,0,1)"
2011-10-24,0.0037795885657946455,IWM,"ARIMA(1,0,1)"
2011-10-25,-0.006431706188546259,IWM,"ARIMA(1,0,1)"
2011-10-26,0.00871787923180978,IWM,"ARIMA(1,0,1)"
2011-10-27,-0.008744561317452377,IWM,"ARIMA(1,0,1)"
2011-10-28,0.0014299426263872656,IWM,"ARIMA(1,0,1)"
2011-10-31,0.0002075684954345008,IWM,"ARIMA(1,0,1)"
2011-11-01,0.0034046162988530084,IWM,"ARIMA(1,0,1)"
2011-11-02,0.0031687477802960808,IWM,"ARIMA(1,0,1)"
2011-11-03,-0.001988493372844596,IWM,"ARIMA(1,0,1)"
2011-11-04,-0.002147588241929429,IWM,"ARIMA(1,0,1)"
2011-11-07,0.00044505469321163654,IWM,"ARIMA(1,0,1)"
2011-11-08,0.0002989361069170235,IWM,"ARIMA(1,0,1)"
2011-11-09,-0.001078189652713433,IWM,"ARIMA(1,0,1)"
2011-11-10,0.004586542829047214,IWM,"ARIMA(1,0,1)"
2011-11-11,-0.00047711472709724797,IWM,"ARIMA(1,0,1)"
2011-11-14,0.0012555752435761628,IWM,"ARIMA(1,0,1)"
2011-11-15,-0.00016178410538436385,IWM,"ARIMA(1,0,1)"
2011-11-16,-0.0011469629612897562,IWM,"ARIMA(1,0,1)"
2011-11-17,0.0029327624171265132,IWM,"ARIMA(1,0,1)"
2011-11-18,-0.0007573252260000819,IWM,"ARIMA(1,0,1)"
2011-11-21,0.0008075496662919365,IWM,"ARIMA(1,0,1)"
2011-11-22,0.0018122667875649133,IWM,"ARIMA(1,0,1)"
2011-11-23,-0.0001596116101470797,IWM,"ARIMA(1,0,1)"
2011-11-25,0.0026722259315330723,IWM,"ARIMA(1,0,1)"
2011-11-28,0.00088714217628635,IWM,"ARIMA(1,0,1)"
2011-11-29,-0.0027790455269203506,IWM,"ARIMA(1,0,1)"
2011-11-30,0.0017188795803208463,IWM,"ARIMA(1,0,1)"
2011-12-01,-0.00754337564281071,IWM,"ARIMA(1,0,1)"
2011-12-02,0.006569283448642966,IWM,"ARIMA(1,0,1)"
2011-12-05,-0.0056479703681975805,IWM,"ARIMA(1,0,1)"
2011-12-06,0.002645905548074307,IWM,"ARIMA(1,0,1)"
2011-12-07,-0.002230579829192033,IWM,"ARIMA(1,0,1)"
2011-12-08,0.0018527511632376453,IWM,"ARIMA(1,0,1)"
2011-12-09,0.0013198079257930905,IWM,"ARIMA(1,0,1)"
2011-12-12,-0.0043182120825567645,IWM,"ARIMA(1,0,1)"
2011-12-13,0.004568539690967007,IWM,"ARIMA(1,0,1)"
2011-12-14,-0.0006593230239968121,IWM,"ARIMA(1,0,1)"
2011-12-15,0.0020316596591181436,IWM,"ARIMA(1,0,1)"
2011-12-16,-0.00031396767339594833,IWM,"ARIMA(1,0,1)"
2011-12-19,-0.0003392762929052891,IWM,"ARIMA(1,0,1)"
2011-12-20,0.0002650226034451666,IWM,"ARIMA(1,0,1)"
2011-12-21,-0.004274114557611096,IWM,"ARIMA(1,0,1)"
2011-12-22,0.0029494995199648515,IWM,"ARIMA(1,0,1)"
2011-12-23,-0.0029892616084870242,IWM,"ARIMA(1,0,1)"
2011-12-27,0.0015808262091580355,IWM,"ARIMA(1,0,1)"
2011-12-28,-0.0017963757737074835,IWM,"ARIMA(1,0,1)"
2011-12-29,0.002771307785301134,IWM,"ARIMA(1,0,1)"
2011-12-30,-0.0034983429823025277,IWM,"ARIMA(1,0,1)"
2012-01-03,0.0028483777194756948,IWM,"ARIMA(1,0,1)"
2012-01-04,-0.004118064848105845,IWM,"ARIMA(1,0,1)"
2012-01-05,0.003378143838783671,IWM,"ARIMA(1,0,1)"
2012-01-06,-0.0034531417450116837,IWM,"ARIMA(1,0,1)"
2012-01-09,0.0025823683405925375,IWM,"ARIMA(1,0,1)"
2012-01-10,-0.0027438337866113444,IWM,"ARIMA(1,0,1)"
2012-01-11,0.0004933306897140756,IWM,"ARIMA(1,0,1)"
2012-01-12,-0.0009193703261817906,IWM,"ARIMA(1,0,1)"
2012-01-13,0.0015865043994502,IWM,"ARIMA(1,0,1)"
2012-01-17,-0.001136761889394651,IWM,"ARIMA(1,0,1)"
2012-01-18,-0.0003311582120359295,IWM,"ARIMA(1,0,1)"
2012-01-19,-0.0016721976882017194,IWM,"ARIMA(1,0,1)"
2012-01-20,0.0006576768334410006,IWM,"ARIMA(1,0,1)"
2012-01-23,-0.00045057252819099045,IWM,"ARIMA(1,0,1)"
2012-01-24,0.0006343471710367093,IWM,"ARIMA(1,0,1)"
2012-01-25,-0.0008634885864715847,IWM,"ARIMA(1,0,1)"
2012-01-26,4.624798319303856e-05,IWM,"ARIMA(1,0,1)"
2012-01-27,0.00023373489168552282,IWM,"ARIMA(1,0,1)"
2012-01-30,-0.0007208226074551577,IWM,"ARIMA(1,0,1)"
2012-01-31,0.0015345030655464361,IWM,"ARIMA(1,0,1)"
2012-02-01,-0.0008631964591837625,IWM,"ARIMA(1,0,1)"
2012-02-02,0.00017002116098517578,IWM,"ARIMA(1,0,1)"
2012-02-03,0.0006200633959162861,IWM,"ARIMA(1,0,1)"
2012-02-06,-0.0022585943135278405,IWM,"ARIMA(1,0,1)"
2012-02-07,0.002413361031181828,IWM,"ARIMA(1,0,1)"
2012-02-08,-0.0014835324794643368,IWM,"ARIMA(1,0,1)"
2012-02-09,0.001168617913176185,IWM,"ARIMA(1,0,1)"
2012-02-10,-0.00017063451722721805,IWM,"ARIMA(1,0,1)"
2012-02-13,0.0016393947095630433,IWM,"ARIMA(1,0,1)"
2012-02-14,-0.0024258765531274128,IWM,"ARIMA(1,0,1)"
2012-02-15,0.0023742164509097637,IWM,"ARIMA(1,0,1)"
2012-02-16,-0.0009516485745073462,IWM,"ARIMA(1,0,1)"
2012-02-17,-0.0010500712883746155,IWM,"ARIMA(1,0,1)"
2012-02-21,0.0008856533869753973,IWM,"ARIMA(1,0,1)"
2012-02-22,1.501647139997961e-05,IWM,"ARIMA(1,0,1)"
2012-02-23,-0.00016485429232346077,IWM,"ARIMA(1,0,1)"
2012-02-24,-0.0018912972200910677,IWM,"ARIMA(1,0,1)"
2012-02-27,0.001960272655621422,IWM,"ARIMA(1,0,1)"
2012-02-28,-0.00112204518040811,IWM,"ARIMA(1,0,1)"
2012-02-29,0.0012268765306917206,IWM,"ARIMA(1,0,1)"
2012-03-01,0.0006283267703702824,IWM,"ARIMA(1,0,1)"
2012-03-02,-0.00010148858571464316,IWM,"ARIMA(1,0,1)"
2012-03-05,-0.00034301139952873594,IWM,"ARIMA(1,0,1)"
2012-03-06,-0.001967526238928148,IWM,"ARIMA(1,0,1)"
2012-03-07,0.003509983248719759,IWM,"ARIMA(1,0,1)"
2012-03-08,-0.0038320625959791677,IWM,"ARIMA(1,0,1)"
2012-03-09,0.0013605086236673342,IWM,"ARIMA(1,0,1)"
2012-03-12,-0.0023350605531297585,IWM,"ARIMA(1,0,1)"
2012-03-13,0.0021761051736655245,IWM,"ARIMA(1,0,1)"
2012-03-14,-0.0034459092254036953,IWM,"ARIMA(1,0,1)"
2012-03-15,0.003894954175986317,IWM,"ARIMA(1,0,1)"
2012-03-16,-0.003348651844950831,IWM,"ARIMA(1,0,1)"
2012-03-19,0.0031112383458948437,IWM,"ARIMA(1,0,1)"
2012-03-20,-0.002788302332456954,IWM,"ARIMA(1,0,1)"
2012-03-21,0.003417748283220633,IWM,"ARIMA(1,0,1)"
2012-03-22,-0.0022547410028768934,IWM,"ARIMA(1,0,1)"
2012-03-23,0.0029966615616239104,IWM,"ARIMA(1,0,1)"
2012-03-26,-0.0031411202624436214,IWM,"ARIMA(1,0,1)"
2012-03-27,0.00030293518309964287,IWM,"ARIMA(1,0,1)"
2012-03-28,0.0008430467391172856,IWM,"ARIMA(1,0,1)"
2012-03-29,0.0002200358682704351,IWM,"ARIMA(1,0,1)"
2012-03-30,0.00023578936108957155,IWM,"ARIMA(1,0,1)"
2012-04-02,0.0001842174912660984,IWM,"ARIMA(1,0,1)"
2012-04-03,-0.001470104164185807,IWM,"ARIMA(1,0,1)"
2012-04-04,0.0018354200673539865,IWM,"ARIMA(1,0,1)"
2012-04-05,0.00027867022577253447,IWM,"ARIMA(1,0,1)"
2012-04-09,5.9626543889143726e-05,IWM,"ARIMA(1,0,1)"
2012-04-10,0.0014923904896001956,IWM,"ARIMA(1,0,1)"
2012-04-11,0.0011000961679028451,IWM,"ARIMA(1,0,1)"
2012-04-12,-0.0026755838783235797,IWM,"ARIMA(1,0,1)"
2012-04-13,0.0003314309294894373,IWM,"ARIMA(1,0,1)"
2012-04-16,0.0010705657464775713,IWM,"ARIMA(1,0,1)"
2012-04-17,0.00044944155101548695,IWM,"ARIMA(1,0,1)"
2012-04-18,0.00020098026531782545,IWM,"ARIMA(1,0,1)"
2012-04-19,0.0013183923542985814,IWM,"ARIMA(1,0,1)"
2012-04-20,-0.0004864502251670181,IWM,"ARIMA(1,0,1)"
2012-04-23,-0.00043966843367848596,IWM,"ARIMA(1,0,1)"
2012-04-24,0.001518949903439006,IWM,"ARIMA(1,0,1)"
2012-04-25,-0.0023074303203154084,IWM,"ARIMA(1,0,1)"
2012-04-26,-0.0002437926683105998,IWM,"ARIMA(1,0,1)"
2012-04-27,-0.0011335841616123222,IWM,"ARIMA(1,0,1)"
2012-04-30,-0.0002250759498526769,IWM,"ARIMA(1,0,1)"
2012-05-01,0.0010733200764787652,IWM,"ARIMA(1,0,1)"
2012-05-02,-0.0011844977182227765,IWM,"ARIMA(1,0,1)"
2012-05-03,0.00042584020907298785,IWM,"ARIMA(1,0,1)"
2012-05-04,0.0010854029724171837,IWM,"ARIMA(1,0,1)"
2012-05-07,0.0010502283875498536,IWM,"ARIMA(1,0,1)"
2012-05-08,-0.0013216924635668491,IWM,"ARIMA(1,0,1)"
2012-05-09,0.0007544531947504591,IWM,"ARIMA(1,0,1)"
2012-05-10,-0.0003836166903171575,IWM,"ARIMA(1,0,1)"
2012-05-11,-0.0005238398899663297,IWM,"ARIMA(1,0,1)"
2012-05-14,0.00027775978275667635,IWM,"ARIMA(1,0,1)"
2012-05-15,0.0008047311506244614,IWM,"ARIMA(1,0,1)"
2012-05-16,-0.0007709234326880933,IWM,"ARIMA(1,0,1)"
2012-05-17,0.001014818675715454,IWM,"ARIMA(1,0,1)"
2012-05-18,0.0006765359204558779,IWM,"ARIMA(1,0,1)"
2012-05-21,-0.0005552329596385823,IWM,"ARIMA(1,0,1)"
2012-05-22,-0.002487595262730647,IWM,"ARIMA(1,0,1)"
2012-05-23,0.0027733444980979627,IWM,"ARIMA(1,0,1)"
2012-05-24,-0.0034444806886150484,IWM,"ARIMA(1,0,1)"
2012-05-25,0.0022861747625902724,IWM,"ARIMA(1,0,1)"
2012-05-29,-0.002258542531366881,IWM,"ARIMA(1,0,1)"
2012-05-30,0.00014299450889133477,IWM,"ARIMA(1,0,1)"
2012-05-31,0.0022619664961876515,IWM,"ARIMA(1,0,1)"
2012-06-01,-0.0018632028050603868,IWM,"ARIMA(1,0,1)"
2012-06-04,0.0042348883258920555,IWM,"ARIMA(1,0,1)"
2012-06-05,-0.004066700578233017,IWM,"ARIMA(1,0,1)"
2012-06-06,0.001656342979276506,IWM,"ARIMA(1,0,1)"
2012-06-07,-0.003514928638983256,IWM,"ARIMA(1,0,1)"
2012-06-08,0.003200195640974533,IWM,"ARIMA(1,0,1)"
2012-06-11,-0.003987039463143035,IWM,"ARIMA(1,0,1)"
2012-06-12,0.005435350185244759,IWM,"ARIMA(1,0,1)"
2012-06-13,-0.005615340934646615,IWM,"ARIMA(1,0,1)"
2012-06-14,0.005329300148196509,IWM,"ARIMA(1,0,1)"
2012-06-15,-0.005496634276856083,IWM,"ARIMA(1,0,1)"
2012-06-18,0.002519097678612491,IWM,"ARIMA(1,0,1)"
2012-06-19,-0.0020012225208754677,IWM,"ARIMA(1,0,1)"
2012-06-20,-0.0005012479657160543,IWM,"ARIMA(1,0,1)"
2012-06-21,0.0004966434363110856,IWM,"ARIMA(1,0,1)"
2012-06-22,0.0022417773280043744,IWM,"ARIMA(1,0,1)"
2012-06-25,-0.003131052177257195,IWM,"ARIMA(1,0,1)"
2012-06-26,0.0039119770854089166,IWM,"ARIMA(1,0,1)"
2012-06-27,-0.0037572808340444485,IWM,"ARIMA(1,0,1)"
2012-06-28,0.000610267473070464,IWM,"ARIMA(1,0,1)"
2012-06-29,-0.0033438034350956767,IWM,"ARIMA(1,0,1)"
2012-07-02,-0.0030642146386090827,IWM,"ARIMA(1,0,1)"
2012-07-03,0.000329774457285158,IWM,"ARIMA(1,0,1)"
2012-07-05,-0.0021716331734944684,IWM,"ARIMA(1,0,1)"
2012-07-06,0.0016110201096983334,IWM,"ARIMA(1,0,1)"
2012-07-09,-0.00020324636381501872,IWM,"ARIMA(1,0,1)"
2012-07-10,0.0002492726919888513,IWM,"ARIMA(1,0,1)"
2012-07-11,0.0008078882248706575,IWM,"ARIMA(1,0,1)"
2012-07-12,-0.0004506950171736671,IWM,"ARIMA(1,0,1)"
2012-07-13,0.00043861783998934195,IWM,"ARIMA(1,0,1)"
2012-07-16,-0.0018896619173103602,IWM,"ARIMA(1,0,1)"
2012-07-17,0.0016961316549982518,IWM,"ARIMA(1,0,1)"
2012-07-18,-0.0017501103136973557,IWM,"ARIMA(1,0,1)"
2012-07-19,0.0005945494930845568,IWM,"ARIMA(1,0,1)"
2012-07-20,-0.00029411271346612723,IWM,"ARIMA(1,0,1)"
2012-07-23,0.001281000146813902,IWM,"ARIMA(1,0,1)"
2012-07-24,0.0001682809708620158,IWM,"ARIMA(1,0,1)"
2012-07-25,0.0013796921768723886,IWM,"ARIMA(1,0,1)"
2012-07-26,-0.0012381252465926032,IWM,"ARIMA(1,0,1)"
2012-07-27,-0.00021087033416123768,IWM,"ARIMA(1,0,1)"
2012-07-30,0.00015728508046056818,IWM,"ARIMA(1,0,1)"
2012-07-31,0.002214162197625802,IWM,"ARIMA(1,0,1)"
2012-08-01,-0.000955447758499759,IWM,"ARIMA(1,0,1)"
2012-08-02,0.0024818560176051462,IWM,"ARIMA(1,0,1)"
2012-08-03,-0.0016660521499403584,IWM,"ARIMA(1,0,1)"
2012-08-06,-0.002756609729159913,IWM,"ARIMA(1,0,1)"
2012-08-07,0.0008439373496747484,IWM,"ARIMA(1,0,1)"
2012-08-08,-8.040735939870123e-05,IWM,"ARIMA(1,0,1)"
2012-08-09,0.0007595796464974898,IWM,"ARIMA(1,0,1)"
2012-08-10,-0.0005523300577198196,IWM,"ARIMA(1,0,1)"
2012-08-13,0.0008141366014380448,IWM,"ARIMA(1,0,1)"
2012-08-14,0.00010084968219141541,IWM,"ARIMA(1,0,1)"
2012-08-15,0.0006006990232360155,IWM,"ARIMA(1,0,1)"
2012-08-16,-0.00036060563006184087,IWM,"ARIMA(1,0,1)"
2012-08-17,-0.0012687971831763583,IWM,"ARIMA(1,0,1)"
2012-08-20,-0.001276116073023831,IWM,"ARIMA(1,0,1)"
2012-08-21,-0.0007095789810941647,IWM,"ARIMA(1,0,1)"
2012-08-22,-0.00042750158090540033,IWM,"ARIMA(1,0,1)"
2012-08-23,0.0011307452735814082,IWM,"ARIMA(1,0,1)"
2012-08-24,0.001172686597231671,IWM,"ARIMA(1,0,1)"
2012-08-27,0.0005986013292278074,IWM,"ARIMA(1,0,1)"
2012-08-28,0.0017380688487931067,IWM,"ARIMA(1,0,1)"
2012-08-29,0.00011871811136174608,IWM,"ARIMA(1,0,1)"
2012-08-30,0.00010414377077437023,IWM,"ARIMA(1,0,1)"
2012-08-31,0.0009359400628604872,IWM,"ARIMA(1,0,1)"
2012-09-04,0.0006868653882565992,IWM,"ARIMA(1,0,1)"
2012-09-05,-0.0003553361874241057,IWM,"ARIMA(1,0,1)"
2012-09-06,-0.00016383871823233648,IWM,"ARIMA(1,0,1)"
2012-09-07,-0.001693674563020984,IWM,"ARIMA(1,0,1)"
2012-09-10,-0.001988175205341124,IWM,"ARIMA(1,0,1)"
2012-09-11,0.0010477523725281879,IWM,"ARIMA(1,0,1)"
2012-09-12,0.0007860884867543734,IWM,"ARIMA(1,0,1)"
2012-09-13,0.0003838753069284426,IWM,"ARIMA(1,0,1)"
2012-09-14,-0.0004971630499115284,IWM,"ARIMA(1,0,1)"
2012-09-17,-0.00043097906872936113,IWM,"ARIMA(1,0,1)"
2012-09-18,0.0007388853737168065,IWM,"ARIMA(1,0,1)"
2012-09-19,-0.0006555330385686289,IWM,"ARIMA(1,0,1)"
2012-09-20,0.0017147376335770498,IWM,"ARIMA(1,0,1)"
2012-09-21,0.002120929653536067,IWM,"ARIMA(1,0,1)"
2012-09-24,0.001178916798002408,IWM,"ARIMA(1,0,1)"
2012-09-25,0.001629992914245414,IWM,"ARIMA(1,0,1)"
2012-09-26,0.0033291618001017706,IWM,"ARIMA(1,0,1)"
2012-09-27,0.0029584928455427925,IWM,"ARIMA(1,0,1)"
2012-09-28,0.0011542735542976936,IWM,"ARIMA(1,0,1)"
2012-10-01,0.0026584522724113035,IWM,"ARIMA(1,0,1)"
2012-10-02,0.0006555940884480204,IWM,"ARIMA(1,0,1)"
2012-10-03,0.0012483992250320352,IWM,"ARIMA(1,0,1)"
2012-10-04,0.0014693909149217557,IWM,"ARIMA(1,0,1)"
2012-10-05,0.00047281309435180067,IWM,"ARIMA(1,0,1)"
2012-10-08,0.0013550168020379976,IWM,"ARIMA(1,0,1)"
2012-10-09,0.0017305508093835658,IWM,"ARIMA(1,0,1)"
2012-10-10,0.002865962084420727,IWM,"ARIMA(1,0,1)"
2012-10-11,0.001666542474000447,IWM,"ARIMA(1,0,1)"
2012-10-12,0.0008441865428185749,IWM,"ARIMA(1,0,1)"
2012-10-15,0.0028181766834197894,IWM,"ARIMA(1,0,1)"
2012-10-16,0.00152144039460018,IWM,"ARIMA(1,0,1)"
2012-10-17,0.0013007228726312175,IWM,"ARIMA(1,0,1)"
2012-10-18,0.00045342111069619133,IWM,"ARIMA(1,0,1)"
2012-10-19,0.0006977509348445393,IWM,"ARIMA(1,0,1)"
2012-10-22,0.002723926137247256,IWM,"ARIMA(1,0,1)"
2012-10-23,0.0013307494091839248,IWM,"ARIMA(1,0,1)"
2012-10-24,0.0009500337918373254,IWM,"ARIMA(1,0,1)"
2012-10-25,0.0010566901144690886,IWM,"ARIMA(1,0,1)"
2012-10-26,0.00030999067944944344,IWM,"ARIMA(1,0,1)"
2012-10-31,0.0006127262648570387,IWM,"ARIMA(1,0,1)"
2012-11-01,-1.7218760102666786e-05,IWM,"ARIMA(1,0,1)"
2012-11-02,0.00019714377652146062,IWM,"ARIMA(1,0,1)"
2012-11-05,0.0019827298728231314,IWM,"ARIMA(1,0,1)"
2012-11-06,-0.0005644763184724848,IWM,"ARIMA(1,0,1)"
2012-11-07,0.00040509017635512726,IWM,"ARIMA(1,0,1)"
2012-11-08,0.0019407955026874107,IWM,"ARIMA(1,0,1)"
2012-11-09,0.0009423393024202509,IWM,"ARIMA(1,0,1)"
2012-11-12,0.00024740259512962584,IWM,"ARIMA(1,0,1)"
2012-11-13,0.0006279571168376389,IWM,"ARIMA(1,0,1)"
2012-11-14,0.0005088602338653902,IWM,"ARIMA(1,0,1)"
2012-11-15,0.0007077636102205356,IWM,"ARIMA(1,0,1)"
2012-11-16,9.813462986696766e-05,IWM,"ARIMA(1,0,1)"
2012-11-19,7.371453840135912e-05,IWM,"ARIMA(1,0,1)"
2012-11-20,-0.00019720839709854793,IWM,"ARIMA(1,0,1)"
2012-11-21,0.0005433833017660849,IWM,"ARIMA(1,0,1)"
2012-11-23,-0.0002756807320016511,IWM,"ARIMA(1,0,1)"
2012-11-26,0.000639650887337258,IWM,"ARIMA(1,0,1)"
2012-11-27,0.0006448647546894708,IWM,"ARIMA(1,0,1)"
2012-11-28,0.0009848736192341187,IWM,"ARIMA(1,0,1)"
2012-11-29,0.000569519337995843,IWM,"ARIMA(1,0,1)"
2012-11-30,0.00042601248951108913,IWM,"ARIMA(1,0,1)"
2012-12-03,0.0009009444350372831,IWM,"ARIMA(1,0,1)"
2012-12-04,0.00044974530521492797,IWM,"ARIMA(1,0,1)"
2012-12-05,0.0005355475245286035,IWM,"ARIMA(1,0,1)"
2012-12-06,0.0005295654008345186,IWM,"ARIMA(1,0,1)"
2012-12-07,0.0003780466497475603,IWM,"ARIMA(1,0,1)"
2012-12-10,0.0004324255106767959,IWM,"ARIMA(1,0,1)"
2012-12-11,0.0003457638035532858,IWM,"ARIMA(1,0,1)"
2012-12-12,0.0006267988923144863,IWM,"ARIMA(1,0,1)"
2012-12-13,0.00048769493460706274,IWM,"ARIMA(1,0,1)"
2012-12-14,0.0005195516660793304,IWM,"ARIMA(1,0,1)"
2012-12-17,0.0006005029334506545,IWM,"ARIMA(1,0,1)"
2012-12-18,0.0007046537128792713,IWM,"ARIMA(1,0,1)"
2012-12-19,0.0007218277607433239,IWM,"ARIMA(1,0,1)"
2012-12-20,0.00068106802866704,IWM,"ARIMA(1,0,1)"
2012-12-21,0.0009471439120921723,IWM,"ARIMA(1,0,1)"
2012-12-24,0.00044220741547781276,IWM,"ARIMA(1,0,1)"
2012-12-26,0.0004627422986311062,IWM,"ARIMA(1,0,1)"
2012-12-27,0.0002959585006217099,IWM,"ARIMA(1,0,1)"
2012-12-28,0.0005345052705648487,IWM,"ARIMA(1,0,1)"
2012-12-31,0.00013783289853184138,IWM,"ARIMA(1,0,1)"
2013-01-02,0.0015482378748408908,IWM,"ARIMA(1,0,1)"
2013-01-03,0.0023030084292890605,IWM,"ARIMA(1,0,1)"
2013-01-04,0.0003923306022049326,IWM,"ARIMA(1,0,1)"
2013-01-07,0.0011137902969550945,IWM,"ARIMA(1,0,1)"
2013-01-08,0.0003913608025407407,IWM,"ARIMA(1,0,1)"
2013-01-09,0.0005837554914917052,IWM,"ARIMA(1,0,1)"
2013-01-10,0.0009344904139930649,IWM,"ARIMA(1,0,1)"
2013-01-11,0.0007643108489770799,IWM,"ARIMA(1,0,1)"
2013-01-14,0.0004920369209864907,IWM,"ARIMA(1,0,1)"
2013-01-15,0.0006071097280393687,IWM,"ARIMA(1,0,1)"
2013-01-16,0.0008254890843581385,IWM,"ARIMA(1,0,1)"
2013-01-17,0.0004154553321359059,IWM,"ARIMA(1,0,1)"
2013-01-18,0.001160570274379174,IWM,"ARIMA(1,0,1)"
2013-01-22,0.0007138399339405522,IWM,"ARIMA(1,0,1)"
2013-01-23,0.0009675782967620663,IWM,"ARIMA(1,0,1)"
2013-01-24,0.0004332392999472976,IWM,"ARIMA(1,0,1)"
2013-01-25,0.0007502905779842805,IWM,"ARIMA(1,0,1)"
2013-01-28,0.0009724906543737818,IWM,"ARIMA(1,0,1)"
2013-01-29,0.0005766715749457175,IWM,"ARIMA(1,0,1)"
2013-01-30,0.0005884242910169466,IWM,"ARIMA(1,0,1)"
2013-01-31,-0.0002074572997814763,IWM,"ARIMA(1,0,1)"
2013-02-01,0.000887934668251022,IWM,"ARIMA(1,0,1)"
2013-02-04,0.0008689314666195434,IWM,"ARIMA(1,0,1)"
2013-02-05,-0.00014065846329338065,IWM,"ARIMA(1,0,1)"
2013-02-06,0.0008789725346351487,IWM,"ARIMA(1,0,1)"
2013-02-07,0.0005809130003420035,IWM,"ARIMA(1,0,1)"
2013-02-08,0.0002461003015396779,IWM,"ARIMA(1,0,1)"
2013-02-11,0.0007330185622056297,IWM,"ARIMA(1,0,1)"
2013-02-12,0.000378597248681169,IWM,"ARIMA(1,0,1)"
2013-02-13,0.0006848294852509996,IWM,"ARIMA(1,0,1)"
2013-02-14,0.000732992854246744,IWM,"ARIMA(1,0,1)"
2013-02-15,0.0006364583985280124,IWM,"ARIMA(1,0,1)"
2013-02-19,0.0005114687098771348,IWM,"ARIMA(1,0,1)"
2013-02-20,0.001058060897727284,IWM,"ARIMA(1,0,1)"
2013-02-21,-0.00047275825202931646,IWM,"ARIMA(1,0,1)"
2013-02-22,-0.00026691038103370424,IWM,"ARIMA(1,0,1)"
2013-02-25,0.0011581599172377367,IWM,"ARIMA(1,0,1)"
2013-02-26,-0.000628668343140776,IWM,"ARIMA(1,0,1)"
2013-02-27,0.0005476520505061991,IWM,"ARIMA(1,0,1)"
2013-02-28,0.0008221717210411845,IWM,"ARIMA(1,0,1)"
2013-03-01,0.0004780530414045872,IWM,"ARIMA(1,0,1)"
2013-03-04,0.0006743415777305687,IWM,"ARIMA(1,0,1)"
2013-03-05,0.0006192618921221631,IWM,"ARIMA(1,0,1)"
2013-03-06,0.0011237282990005518,IWM,"ARIMA(1,0,1)"
2013-03-07,0.0005665626952072151,IWM,"ARIMA(1,0,1)"
2013-03-08,0.0008774572697036548,IWM,"ARIMA(1,0,1)"
2013-03-11,0.0011259859318562603,IWM,"ARIMA(1,0,1)"
2013-03-12,0.0005541188524406256,IWM,"ARIMA(1,0,1)"
2013-03-13,0.0006152211716547482,IWM,"ARIMA(1,0,1)"
2013-03-14,0.0008576848966580755,IWM,"ARIMA(1,0,1)"
2013-03-15,0.001197960280911603,IWM,"ARIMA(1,0,1)"
2013-03-18,0.0002905397914489708,IWM,"ARIMA(1,0,1)"
2013-03-19,0.00035871958352258037,IWM,"ARIMA(1,0,1)"
2013-03-20,0.0003419068718908128,IWM,"ARIMA(1,0,1)"
2013-03-21,0.0013258834527861267,IWM,"ARIMA(1,0,1)"
2013-03-22,-0.0005083894767490497,IWM,"ARIMA(1,0,1)"
2013-03-25,0.0013708348083448078,IWM,"ARIMA(1,0,1)"
2013-03-26,0.00031096388676824427,IWM,"ARIMA(1,0,1)"
2013-03-27,0.0009652272059107829,IWM,"ARIMA(1,0,1)"
2013-03-28,0.0004819508934480317,IWM,"ARIMA(1,0,1)"
2013-04-01,0.0006498252125452233,IWM,"ARIMA(1,0,1)"
2013-04-02,-0.0004924677718660011,IWM,"ARIMA(1,0,1)"
2013-04-03,0.0005184212105767992,IWM,"ARIMA(1,0,1)"
2013-04-04,-0.0008103625710786226,IWM,"ARIMA(1,0,1)"
2013-04-05,0.0013235542189428114,IWM,"ARIMA(1,0,1)"
2013-04-08,1.9850052236474716e-05,IWM,"ARIMA(1,0,1)"
2013-04-09,0.0011729191828619666,IWM,"ARIMA(1,0,1)"
2013-04-10,0.0002897679035073086,IWM,"ARIMA(1,0,1)"
2013-04-11,0.0015486490229686433,IWM,"ARIMA(1,0,1)"
2013-04-12,0.0007404785152795341,IWM,"ARIMA(1,0,1)"
2013-04-15,0.0005422213257458472,IWM,"ARIMA(1,0,1)"
2013-04-16,-0.0018548775612417855,IWM,"ARIMA(1,0,1)"
2013-04-17,0.000561357089909241,IWM,"ARIMA(1,0,1)"
2013-04-18,0.00020433729640145288,IWM,"ARIMA(1,0,1)"
2013-04-19,0.0006151353051636886,IWM,"ARIMA(1,0,1)"
2013-04-22,0.0005712975532601736,IWM,"ARIMA(1,0,1)"
2013-04-23,0.0008472155934267872,IWM,"ARIMA(1,0,1)"
2013-04-24,0.001190639121205241,IWM,"ARIMA(1,0,1)"
2013-04-25,0.000726166383487073,IWM,"ARIMA(1,0,1)"
2013-04-26,0.0009273032926838095,IWM,"ARIMA(1,0,1)"
2013-04-29,0.000390394892971495,IWM,"ARIMA(1,0,1)"
2013-04-30,0.0009996104863094738,IWM,"ARIMA(1,0,1)"
2013-05-01,0.0006474240764614408,IWM,"ARIMA(1,0,1)"
2013-05-02,-9.568799602595063e-05,IWM,"ARIMA(1,0,1)"
2013-05-03,0.0006149199921670807,IWM,"ARIMA(1,0,1)"
2013-05-06,0.000625159445786211,IWM,"ARIMA(1,0,1)"
2013-05-07,0.0006882690713629771,IWM,"ARIMA(1,0,1)"
2013-05-08,0.00077575292016458,IWM,"ARIMA(1,0,1)"
2013-05-09,0.0008645968697758862,IWM,"ARIMA(1,0,1)"
2013-05-10,0.0008405885385957921,IWM,"ARIMA(1,0,1)"
2013-05-13,0.0008732503586482827,IWM,"ARIMA(1,0,1)"
2013-05-14,0.0008929518646051206,IWM,"ARIMA(1,0,1)"
2013-05-15,0.0009281445947071094,IWM,"ARIMA(1,0,1)"
2013-05-16,0.0009462337551751978,IWM,"ARIMA(1,0,1)"
2013-05-17,0.000989277422549993,IWM,"ARIMA(1,0,1)"
2013-05-20,0.001039628698765534,IWM,"ARIMA(1,0,1)"
2013-05-21,0.0010747169385805695,IWM,"ARIMA(1,0,1)"
2013-05-22,0.0011676831205609422,IWM,"ARIMA(1,0,1)"
2013-05-23,0.0011467274279040702,IWM,"ARIMA(1,0,1)"
2013-05-24,0.001059565820799195,IWM,"ARIMA(1,0,1)"
2013-05-28,0.0010811802549424085,IWM,"ARIMA(1,0,1)"
2013-05-29,0.0011080382752772697,IWM,"ARIMA(1,0,1)"
2013-05-30,0.0010627539469945661,IWM,"ARIMA(1,0,1)"
2013-05-31,0.0010904298306067186,IWM,"ARIMA(1,0,1)"
2013-06-03,0.0009896823424763294,IWM,"ARIMA(1,0,1)"
2013-06-04,0.0011041187725865822,IWM,"ARIMA(1,0,1)"
2013-06-05,0.0010930870344619248,IWM,"ARIMA(1,0,1)"
2013-06-06,0.0011381514497005544,IWM,"ARIMA(1,0,1)"
2013-06-07,0.0011887770707762193,IWM,"ARIMA(1,0,1)"
2013-06-10,0.001167465181468905,IWM,"ARIMA(1,0,1)"
2013-06-11,0.0010958415441919846,IWM,"ARIMA(1,0,1)"
2013-06-12,0.0010778180112478771,IWM,"ARIMA(1,0,1)"
2013-06-13,0.0009054224799470022,IWM,"ARIMA(1,0,1)"
2013-06-14,0.0016758884877318893,IWM,"ARIMA(1,0,1)"
2013-06-17,0.000944967024278434,IWM,"ARIMA(1,0,1)"
2013-06-18,0.0011947015450691116,IWM,"ARIMA(1,0,1)"
2013-06-19,0.0012867154004407792,IWM,"ARIMA(1,0,1)"
2013-06-20,0.0008894072396483633,IWM,"ARIMA(1,0,1)"
2013-06-21,0.00017695767841071199,IWM,"ARIMA(1,0,1)"
2013-06-24,0.0008249552815508619,IWM,"ARIMA(1,0,1)"
2013-06-25,-0.00011952422052078997,IWM,"ARIMA(1,0,1)"
2013-06-26,0.0013703995387114047,IWM,"ARIMA(1,0,1)"
2013-06-27,0.0011050127452300884,IWM,"ARIMA(1,0,1)"
2013-06-28,0.0016662501798476543,IWM,"ARIMA(1,0,1)"
2013-07-01,0.00048368671651611976,IWM,"ARIMA(1,0,1)"
2013-07-02,0.001360264558024594,IWM,"ARIMA(1,0,1)"
2013-07-03,0.0010476793429399565,IWM,"ARIMA(1,0,1)"
2013-07-05,0.0017830920719756516,IWM,"ARIMA(1,0,1)"
2013-07-08,0.00026629542213829844,IWM,"ARIMA(1,0,1)"
2013-07-09,0.001058717624448151,IWM,"ARIMA(1,0,1)"
2013-07-10,0.0011099568198030488,IWM,"ARIMA(1,0,1)"
2013-07-11,0.0011738579942048384,IWM,"ARIMA(1,0,1)"
2013-07-12,0.0013689403134637826,IWM,"ARIMA(1,0,1)"
2013-07-15,0.0013091998891648384,IWM,"ARIMA(1,0,1)"
2013-07-16,0.0013665669031652397,IWM,"ARIMA(1,0,1)"
2013-07-17,0.00114663370930328,IWM,"ARIMA(1,0,1)"
2013-07-18,0.001211882290690974,IWM,"ARIMA(1,0,1)"
2013-07-19,0.0012990056379817575,IWM,"ARIMA(1,0,1)"
2013-07-22,0.0012166503981269647,IWM,"ARIMA(1,0,1)"
2013-07-23,0.0011367139507661255,IWM,"ARIMA(1,0,1)"
2013-07-24,0.0011366792345874545,IWM,"ARIMA(1,0,1)"
2013-07-25,0.0011543430904089498,IWM,"ARIMA(1,0,1)"
2013-07-26,0.001254517775386022,IWM,"ARIMA(1,0,1)"
2013-07-29,0.0008078798397989063,IWM,"ARIMA(1,0,1)"
2013-07-30,0.0013960283080335781,IWM,"ARIMA(1,0,1)"
2013-07-31,0.00130793979034337,IWM,"ARIMA(1,0,1)"
2013-08-01,0.0011452320673655707,IWM,"ARIMA(1,0,1)"
2013-08-02,0.0008820502004180046,IWM,"ARIMA(1,0,1)"
2013-08-05,0.0013045171121183058,IWM,"ARIMA(1,0,1)"
2013-08-06,0.001257033650325758,IWM,"ARIMA(1,0,1)"
2013-08-07,0.0016597392006752372,IWM,"ARIMA(1,0,1)"
2013-08-08,0.0014389319903712178,IWM,"ARIMA(1,0,1)"
2013-08-09,0.001121482566372093,IWM,"ARIMA(1,0,1)"
2013-08-12,0.0011780259540036147,IWM,"ARIMA(1,0,1)"
2013-08-13,0.0010297298648251425,IWM,"ARIMA(1,0,1)"
2013-08-14,0.0011847520642482106,IWM,"ARIMA(1,0,1)"
2013-08-15,0.001273610806699768,IWM,"ARIMA(1,0,1)"
2013-08-16,0.001601728256805262,IWM,"ARIMA(1,0,1)"
2013-08-19,0.0012359469053105073,IWM,"ARIMA(1,0,1)"
2013-08-20,0.001202769443246141,IWM,"ARIMA(1,0,1)"
2013-08-21,0.0005968784925303808,IWM,"ARIMA(1,0,1)"
2013-08-22,0.0011903158176054499,IWM,"ARIMA(1,0,1)"
2013-08-23,0.0003991221282825387,IWM,"ARIMA(1,0,1)"
2013-08-26,0.0010703436480345825,IWM,"ARIMA(1,0,1)"
2013-08-27,0.0010557059437066427,IWM,"ARIMA(1,0,1)"
2013-08-28,0.0018815278436021443,IWM,"ARIMA(1,0,1)"
2013-08-29,0.0006934358129218037,IWM,"ARIMA(1,0,1)"
2013-08-30,0.0006624305318108253,IWM,"ARIMA(1,0,1)"
2013-09-03,0.0016024634150944913,IWM,"ARIMA(1,0,1)"
2013-09-04,0.0005314844322182087,IWM,"ARIMA(1,0,1)"
2013-09-05,0.0006484915347578207,IWM,"ARIMA(1,0,1)"
2013-09-06,0.0008913385813973199,IWM,"ARIMA(1,0,1)"
2013-09-09,0.0008486706378935496,IWM,"ARIMA(1,0,1)"
2013-09-10,0.000338840781066983,IWM,"ARIMA(1,0,1)"
2013-09-11,0.0005966205259640887,IWM,"ARIMA(1,0,1)"
2013-09-12,0.0009667486008527487,IWM,"ARIMA(1,0,1)"
2013-09-13,0.0012980041553074014,IWM,"ARIMA(1,0,1)"
2013-09-16,0.0007757425383448035,IWM,"ARIMA(1,0,1)"
2013-09-17,0.0008680011473568199,IWM,"ARIMA(1,0,1)"
2013-09-18,0.0004928724486551702,IWM,"ARIMA(1,0,1)"
2013-09-19,0.0005303521057858874,IWM,"ARIMA(1,0,1)"
2013-09-20,0.0010112932100138868,IWM,"ARIMA(1,0,1)"
2013-09-23,0.001154591229029211,IWM,"ARIMA(1,0,1)"
2013-09-24,0.0010067091473317546,IWM,"ARIMA(1,0,1)"
2013-09-25,0.0008720973559714103,IWM,"ARIMA(1,0,1)"
2013-09-26,0.00109841800455196,IWM,"ARIMA(1,0,1)"
2013-09-27,0.0007521069355309493,IWM,"ARIMA(1,0,1)"
2013-09-30,0.0013007396513936322,IWM,"ARIMA(1,0,1)"
2013-10-01,0.0011018991820033472,IWM,"ARIMA(1,0,1)"
2013-10-02,0.000552326618470902,IWM,"ARIMA(1,0,1)"
2013-10-03,0.0013049012561249722,IWM,"ARIMA(1,0,1)"
2013-10-04,0.0015805147836412973,IWM,"ARIMA(1,0,1)"
2013-10-07,0.0008611180394728466,IWM,"ARIMA(1,0,1)"
2013-10-08,0.0016732792537766002,IWM,"ARIMA(1,0,1)"
2013-10-09,0.0017789842295928807,IWM,"ARIMA(1,0,1)"
2013-10-10,0.001178090935770646,IWM,"ARIMA(1,0,1)"
2013-10-11,5.077988563270924e-05,IWM,"ARIMA(1,0,1)"
2013-10-14,0.0004503341051439317,IWM,"ARIMA(1,0,1)"
2013-10-15,0.0006888387880238087,IWM,"ARIMA(1,0,1)"
2013-10-16,0.0010720403665918999,IWM,"ARIMA(1,0,1)"
2013-10-17,0.0007581066122090325,IWM,"ARIMA(1,0,1)"
2013-10-18,0.0007387381547860844,IWM,"ARIMA(1,0,1)"
2013-10-21,0.0006552001637833654,IWM,"ARIMA(1,0,1)"
2013-10-22,0.0010213278658291827,IWM,"ARIMA(1,0,1)"
2013-10-23,0.0009892701072583008,IWM,"ARIMA(1,0,1)"
2013-10-24,0.0013288357350566221,IWM,"ARIMA(1,0,1)"
2013-10-25,0.0011577273600232299,IWM,"ARIMA(1,0,1)"
2013-10-28,0.001243430359697875,IWM,"ARIMA(1,0,1)"
2013-10-29,0.0013503343206421393,IWM,"ARIMA(1,0,1)"
2013-10-30,0.0012639542151390544,IWM,"ARIMA(1,0,1)"
2013-10-31,0.0018187040882790468,IWM,"ARIMA(1,0,1)"
2013-11-01,0.0017023806588575038,IWM,"ARIMA(1,0,1)"
2013-11-04,0.001618749004655713,IWM,"ARIMA(1,0,1)"
2013-11-05,0.0013701388120383948,IWM,"ARIMA(1,0,1)"
2013-11-06,0.0013374663239427629,IWM,"ARIMA(1,0,1)"
2013-11-07,0.0014458433017532283,IWM,"ARIMA(1,0,1)"
2013-11-08,0.0018994829470887075,IWM,"ARIMA(1,0,1)"
2013-11-11,0.0007665229855539223,IWM,"ARIMA(1,0,1)"
2013-11-12,0.0011431940762915802,IWM,"ARIMA(1,0,1)"
2013-11-13,0.001300756982162436,IWM,"ARIMA(1,0,1)"
2013-11-14,0.0008752463001358731,IWM,"ARIMA(1,0,1)"
2013-11-15,0.0015936384441393337,IWM,"ARIMA(1,0,1)"
2013-11-18,0.0013618657341357204,IWM,"ARIMA(1,0,1)"
2013-11-19,0.002085017443471708,IWM,"ARIMA(1,0,1)"
2013-11-20,0.0020099295957296,IWM,"ARIMA(1,0,1)"
2013-11-21,0.0015663957151776501,IWM,"ARIMA(1,0,1)"
2013-11-22,0.00023724635053244832,IWM,"ARIMA(1,0,1)"
2013-11-25,0.0007892872204124572,IWM,"ARIMA(1,0,1)"
2013-11-26,0.0011947375218147973,IWM,"ARIMA(1,0,1)"
2013-11-27,0.0009397555741839129,IWM,"ARIMA(1,0,1)"
2013-11-29,0.0009966755625426778,IWM,"ARIMA(1,0,1)"
2013-12-02,0.0013336667590414285,IWM,"ARIMA(1,0,1)"
2013-12-03,0.002128055570801272,IWM,"ARIMA(1,0,1)"
2013-12-04,0.001932034564112543,IWM,"ARIMA(1,0,1)"
2013-12-05,0.0016716448505863365,IWM,"ARIMA(1,0,1)"
2013-12-06,0.0014097185748838845,IWM,"ARIMA(1,0,1)"
2013-12-09,0.0009126550643809028,IWM,"ARIMA(1,0,1)"
2013-12-10,0.0013338157904273019,IWM,"ARIMA(1,0,1)"
2013-12-11,0.001963411180068428,IWM,"ARIMA(1,0,1)"
2013-12-12,0.0023155783858798224,IWM,"ARIMA(1,0,1)"
2013-12-13,0.0012522086560966177,IWM,"ARIMA(1,0,1)"
2013-12-16,0.0010957542958492878,IWM,"ARIMA(1,0,1)"
2013-12-17,0.0005778905207581094,IWM,"ARIMA(1,0,1)"
2013-12-18,0.0012984803240278636,IWM,"ARIMA(1,0,1)"
2013-12-19,0.00037628189713708056,IWM,"ARIMA(1,0,1)"
2013-12-20,0.0018659406754392045,IWM,"ARIMA(1,0,1)"
2013-12-23,-0.0002463153252013259,IWM,"ARIMA(1,0,1)"
2013-12-24,0.0006808846268461335,IWM,"ARIMA(1,0,1)"
2013-12-26,0.001203406435868826,IWM,"ARIMA(1,0,1)"
2013-12-27,0.001437165450203911,IWM,"ARIMA(1,0,1)"
2013-12-30,0.0014872830712482472,IWM,"ARIMA(1,0,1)"
2013-12-31,0.0015076577552826176,IWM,"ARIMA(1,0,1)"
2014-01-02,0.0011657826089614433,IWM,"ARIMA(1,0,1)"
2014-01-03,0.00223676929386117,IWM,"ARIMA(1,0,1)"
2014-01-06,0.0006231310518604069,IWM,"ARIMA(1,0,1)"
2014-01-07,0.0021276892268104943,IWM,"ARIMA(1,0,1)"
2014-01-08,0.00017791714336927163,IWM,"ARIMA(1,0,1)"
2014-01-09,0.0014096921561520296,IWM,"ARIMA(1,0,1)"
2014-01-10,0.0011600857353692908,IWM,"ARIMA(1,0,1)"
2014-01-13,0.0007414528112132271,IWM,"ARIMA(1,0,1)"
2014-01-14,0.002668011607326848,IWM,"ARIMA(1,0,1)"
2014-01-15,-0.0004015682301028241,IWM,"ARIMA(1,0,1)"
2014-01-16,0.0008127600680572218,IWM,"ARIMA(1,0,1)"
2014-01-17,0.001245416836325297,IWM,"ARIMA(1,0,1)"
2014-01-21,0.0015902810662373028,IWM,"ARIMA(1,0,1)"
2014-01-22,0.0005944624934433875,IWM,"ARIMA(1,0,1)"
2014-01-23,0.000814366047412085,IWM,"ARIMA(1,0,1)"
2014-01-24,0.001960677281459101,IWM,"ARIMA(1,0,1)"
2014-01-27,0.0034504659428622932,IWM,"ARIMA(1,0,1)"
2014-01-28,0.001465949736116926,IWM,"ARIMA(1,0,1)"
2014-01-29,0.00023722171410359497,IWM,"ARIMA(1,0,1)"
2014-01-30,0.00241129240062284,IWM,"ARIMA(1,0,1)"
2014-01-31,-0.0008462185412453046,IWM,"ARIMA(1,0,1)"
2014-02-03,0.002609351956324336,IWM,"ARIMA(1,0,1)"
2014-02-04,0.0030812051598688916,IWM,"ARIMA(1,0,1)"
2014-02-05,-4.101553279203536e-05,IWM,"ARIMA(1,0,1)"
2014-02-06,0.0018636884134846446,IWM,"ARIMA(1,0,1)"
2014-02-07,-0.00017716109203450557,IWM,"ARIMA(1,0,1)"
2014-02-10,0.00028850911998300405,IWM,"ARIMA(1,0,1)"
2014-02-11,0.0008813693114744898,IWM,"ARIMA(1,0,1)"
2014-02-12,0.00025732347610797873,IWM,"ARIMA(1,0,1)"
2014-02-13,0.0008878700163713471,IWM,"ARIMA(1,0,1)"
2014-02-14,3.179736183129558e-05,IWM,"ARIMA(1,0,1)"
2014-02-18,0.0012432505222397753,IWM,"ARIMA(1,0,1)"
2014-02-19,-8.903874301754836e-05,IWM,"ARIMA(1,0,1)"
2014-02-20,0.0023701243766914466,IWM,"ARIMA(1,0,1)"
2014-02-21,-0.0006209225755480937,IWM,"ARIMA(1,0,1)"
2014-02-24,0.0022166232564660984,IWM,"ARIMA(1,0,1)"
2014-02-25,9.09313901149714e-06,IWM,"ARIMA(1,0,1)"
2014-02-26,0.0020590239171008103,IWM,"ARIMA(1,0,1)"
2014-02-27,2.0449324595228375e-05,IWM,"ARIMA(1,0,1)"
2014-02-28,0.0018886046090022216,IWM,"ARIMA(1,0,1)"
2014-03-03,-6.247557501908745e-05,IWM,"ARIMA(1,0,1)"
2014-03-04,0.0026241178097076052,IWM,"ARIMA(1,0,1)"
2014-03-05,-0.0009295613111855092,IWM,"ARIMA(1,0,1)"
2014-03-06,0.0027325543806466955,IWM,"ARIMA(1,0,1)"
2014-03-07,0.0002113460186429439,IWM,"ARIMA(1,0,1)"
2014-03-10,0.0018020533400820756,IWM,"ARIMA(1,0,1)"
2014-03-11,0.0007867015541245654,IWM,"ARIMA(1,0,1)"
2014-03-12,0.002105581529812935,IWM,"ARIMA(1,0,1)"
2014-03-13,5.167183847539544e-05,IWM,"ARIMA(1,0,1)"
2014-03-14,0.0029138906699473148,IWM,"ARIMA(1,0,1)"
2014-03-17,-0.0008260533672768891,IWM,"ARIMA(1,0,1)"
2014-03-18,0.0018757303734883075,IWM,"ARIMA(1,0,1)"
2014-03-19,-0.001342648959373774,IWM,"ARIMA(1,0,1)"
2014-03-20,0.00340868760663042,IWM,"ARIMA(1,0,1)"
2014-03-21,-0.0011577521916861545,IWM,"ARIMA(1,0,1)"
2014-03-24,0.0035155894296460223,IWM,"ARIMA(1,0,1)"
2014-03-25,-0.0005880337279440292,IWM,"ARIMA(1,0,1)"
2014-03-26,0.0026568001226487037,IWM,"ARIMA(1,0,1)"
2014-03-27,0.000560230933217553,IWM,"ARIMA(1,0,1)"
2014-03-28,0.001442960227579231,IWM,"ARIMA(1,0,1)"
2014-03-31,0.0012524522295834731,IWM,"ARIMA(1,0,1)"
2014-04-01,-0.0005834000081268919,IWM,"ARIMA(1,0,1)"
2014-04-02,0.0001389181100223952,IWM,"ARIMA(1,0,1)"
2014-04-03,0.0008512399961994998,IWM,"ARIMA(1,0,1)"
2014-04-04,0.0020035607546368527,IWM,"ARIMA(1,0,1)"
2014-04-07,0.002180197853293956,IWM,"ARIMA(1,0,1)"
2014-04-08,0.0008391063827234574,IWM,"ARIMA(1,0,1)"
2014-04-09,0.0006715074236362613,IWM,"ARIMA(1,0,1)"
2014-04-10,0.0004293682021394492,IWM,"ARIMA(1,0,1)"
2014-04-11,0.0021286689144414768,IWM,"ARIMA(1,0,1)"
2014-04-14,0.0013025305193940322,IWM,"ARIMA(1,0,1)"
2014-04-15,0.0008675172100722357,IWM,"ARIMA(1,0,1)"
2014-04-16,0.0008153864422263175,IWM,"ARIMA(1,0,1)"
2014-04-17,0.0009276934401360271,IWM,"ARIMA(1,0,1)"
2014-04-21,0.0009695034005580619,IWM,"ARIMA(1,0,1)"
2014-04-22,0.0009425364772957244,IWM,"ARIMA(1,0,1)"
2014-04-23,0.0009717916345141793,IWM,"ARIMA(1,0,1)"
2014-04-24,0.0008848098322138116,IWM,"ARIMA(1,0,1)"
2014-04-25,0.000856683251820877,IWM,"ARIMA(1,0,1)"
2014-04-28,0.000756496683429568,IWM,"ARIMA(1,0,1)"
2014-04-29,0.0007546039634085536,IWM,"ARIMA(1,0,1)"
2014-04-30,0.0007360979988537765,IWM,"ARIMA(1,0,1)"
2014-05-01,0.0007400036048247743,IWM,"ARIMA(1,0,1)"
2014-05-02,0.0008369361643944284,IWM,"ARIMA(1,0,1)"
2014-05-05,0.0007758427772116878,IWM,"ARIMA(1,0,1)"
2014-05-06,0.0007104712940216853,IWM,"ARIMA(1,0,1)"
2014-05-07,0.0004782731165872007,IWM,"ARIMA(1,0,1)"
2014-05-08,0.0005901379626664583,IWM,"ARIMA(1,0,1)"
2014-05-09,0.0005391733604806709,IWM,"ARIMA(1,0,1)"
2014-05-12,0.0005865981424167583,IWM,"ARIMA(1,0,1)"
2014-05-13,0.0006474000344025301,IWM,"ARIMA(1,0,1)"
2014-05-14,0.0006102161480718646,IWM,"ARIMA(1,0,1)"
2014-05-15,0.0004980313476677179,IWM,"ARIMA(1,0,1)"
2014-05-16,0.00046077059728290526,IWM,"ARIMA(1,0,1)"
2014-05-19,0.0004954475469845886,IWM,"ARIMA(1,0,1)"
2014-05-20,0.0004938886192620756,IWM,"ARIMA(1,0,1)"
2014-05-21,0.0004260574253416541,IWM,"ARIMA(1,0,1)"
2014-05-22,0.0004458892753979086,IWM,"ARIMA(1,0,1)"
2014-05-23,0.0005449592153704944,IWM,"ARIMA(1,0,1)"
2014-05-27,0.0005832912471519585,IWM,"ARIMA(1,0,1)"
2014-05-28,0.0006406594814709979,IWM,"ARIMA(1,0,1)"
2014-05-29,0.0005680449272723457,IWM,"ARIMA(1,0,1)"
2014-05-30,0.000618735539914793,IWM,"ARIMA(1,0,1)"
2014-06-02,0.000575049413462805,IWM,"ARIMA(1,0,1)"
2014-06-03,0.0005975096547367121,IWM,"ARIMA(1,0,1)"
2014-06-04,0.0005501776205002439,IWM,"ARIMA(1,0,1)"
2014-06-05,0.0007251449809216499,IWM,"ARIMA(1,0,1)"
2014-06-06,0.0016339343059459548,IWM,"ARIMA(1,0,1)"
2014-06-09,0.0003049071324445412,IWM,"ARIMA(1,0,1)"
2014-06-10,0.0016324879278707767,IWM,"ARIMA(1,0,1)"
2014-06-11,0.0002855675560458692,IWM,"ARIMA(1,0,1)"
2014-06-12,0.00046825982881276284,IWM,"ARIMA(1,0,1)"
2014-06-13,0.00021371320798656117,IWM,"ARIMA(1,0,1)"
2014-06-16,0.0005065241714596789,IWM,"ARIMA(1,0,1)"
2014-06-17,0.0008919740375117486,IWM,"ARIMA(1,0,1)"
2014-06-18,0.0011272783200217441,IWM,"ARIMA(1,0,1)"
2014-06-19,0.0011833017957340612,IWM,"ARIMA(1,0,1)"
2014-06-20,0.0007280536324249722,IWM,"ARIMA(1,0,1)"
2014-06-23,0.0009378227460837794,IWM,"ARIMA(1,0,1)"
2014-06-24,0.0008033080355198004,IWM,"ARIMA(1,0,1)"
2014-06-25,0.00011108276497552192,IWM,"ARIMA(1,0,1)"
2014-06-26,0.0008749755135394844,IWM,"ARIMA(1,0,1)"
2014-06-27,0.0007612131096390309,IWM,"ARIMA(1,0,1)"
2014-06-30,0.0008738435909875456,IWM,"ARIMA(1,0,1)"
2014-07-01,0.0010308827249767949,IWM,"ARIMA(1,0,1)"
2014-07-02,0.0009884220136820556,IWM,"ARIMA(1,0,1)"
2014-07-03,0.0008237680967415668,IWM,"ARIMA(1,0,1)"
2014-07-07,0.0008940876805152604,IWM,"ARIMA(1,0,1)"
2014-07-08,8.74600049106456e-05,IWM,"ARIMA(1,0,1)"
2014-07-09,0.0007086207160567922,IWM,"ARIMA(1,0,1)"
2014-07-10,0.000948862868005362,IWM,"ARIMA(1,0,1)"
2014-07-11,0.0004907984786343023,IWM,"ARIMA(1,0,1)"
2014-07-14,0.00061540269671247,IWM,"ARIMA(1,0,1)"
2014-07-15,0.000520779741071617,IWM,"ARIMA(1,0,1)"
2014-07-16,0.0005433899112853632,IWM,"ARIMA(1,0,1)"
2014-07-17,0.000458068679504816,IWM,"ARIMA(1,0,1)"
2014-07-18,4.450710665821926e-05,IWM,"ARIMA(1,0,1)"
2014-07-21,0.0007617806262395219,IWM,"ARIMA(1,0,1)"
2014-07-22,0.0010290025318661518,IWM,"ARIMA(1,0,1)"
2014-07-23,0.000616630095782575,IWM,"ARIMA(1,0,1)"
2014-07-24,0.0003146675127961692,IWM,"ARIMA(1,0,1)"
2014-07-25,0.0005173604315654353,IWM,"ARIMA(1,0,1)"
2014-07-28,0.0007077161327657393,IWM,"ARIMA(1,0,1)"
2014-07-29,0.0006622154907979656,IWM,"ARIMA(1,0,1)"
2014-07-30,0.0005265200536012065,IWM,"ARIMA(1,0,1)"
2014-07-31,0.0004374629863838544,IWM,"ARIMA(1,0,1)"
2014-08-01,0.0011799403251902055,IWM,"ARIMA(1,0,1)"
2014-08-04,0.0007443584498609174,IWM,"ARIMA(1,0,1)"
2014-08-05,0.002034560719913224,IWM,"ARIMA(1,0,1)"
2014-08-06,0.0007567394536766337,IWM,"ARIMA(1,0,1)"
2014-08-07,0.00048416545218750033,IWM,"ARIMA(1,0,1)"
2014-08-08,0.0006429298581207752,IWM,"ARIMA(1,0,1)"
2014-08-11,0.00044908081360672635,IWM,"ARIMA(1,0,1)"
2014-08-12,0.0010369587025470016,IWM,"ARIMA(1,0,1)"
2014-08-13,0.00031109328712617605,IWM,"ARIMA(1,0,1)"
2014-08-14,0.0006138434474253139,IWM,"ARIMA(1,0,1)"
2014-08-15,0.0008165481776088207,IWM,"ARIMA(1,0,1)"
2014-08-18,0.0014714710580456718,IWM,"ARIMA(1,0,1)"
2014-08-19,-0.00011456853719157421,IWM,"ARIMA(1,0,1)"
2014-08-20,0.0005055216999781243,IWM,"ARIMA(1,0,1)"
2014-08-21,0.0005034466663235892,IWM,"ARIMA(1,0,1)"
2014-08-22,0.0005190558602441598,IWM,"ARIMA(1,0,1)"
2014-08-25,0.0005005796507035994,IWM,"ARIMA(1,0,1)"
2014-08-26,0.0007375764983397676,IWM,"ARIMA(1,0,1)"
2014-08-27,0.001115288677868859,IWM,"ARIMA(1,0,1)"
2014-08-28,0.0008008916660060718,IWM,"ARIMA(1,0,1)"
2014-08-29,0.0002200380049676234,IWM,"ARIMA(1,0,1)"
2014-09-02,0.0007562984488057515,IWM,"ARIMA(1,0,1)"
2014-09-03,0.0010540513080368901,IWM,"ARIMA(1,0,1)"
2014-09-04,0.0005348413252756796,IWM,"ARIMA(1,0,1)"
2014-09-05,0.0004990117219586647,IWM,"ARIMA(1,0,1)"
2014-09-08,0.0005643263051667267,IWM,"ARIMA(1,0,1)"
2014-09-09,0.0005556419690147814,IWM,"ARIMA(1,0,1)"
2014-09-10,0.0011239738178065416,IWM,"ARIMA(1,0,1)"
2014-09-11,0.0005039187853112203,IWM,"ARIMA(1,0,1)"
2014-09-12,0.000367680210035461,IWM,"ARIMA(1,0,1)"
2014-09-15,0.0005255854769259925,IWM,"ARIMA(1,0,1)"
2014-09-16,0.0004332931345219002,IWM,"ARIMA(1,0,1)"
2014-09-17,0.0005104307157187527,IWM,"ARIMA(1,0,1)"
2014-09-18,0.0003868221698604472,IWM,"ARIMA(1,0,1)"
2014-09-19,0.0002482666870293071,IWM,"ARIMA(1,0,1)"
2014-09-22,0.0006370290612577193,IWM,"ARIMA(1,0,1)"
2014-09-23,0.00042500881197353403,IWM,"ARIMA(1,0,1)"
2014-09-24,-0.0008908385467908786,IWM,"ARIMA(1,0,1)"
2014-09-25,0.00025012077392605654,IWM,"ARIMA(1,0,1)"
2014-09-26,0.00029043255236302346,IWM,"ARIMA(1,0,1)"
2014-09-29,0.0006139742505502647,IWM,"ARIMA(1,0,1)"
2014-09-30,0.0005748818727619853,IWM,"ARIMA(1,0,1)"
2014-10-01,0.0005043199342569585,IWM,"ARIMA(1,0,1)"
2014-10-02,-5.56012561472154e-06,IWM,"ARIMA(1,0,1)"
2014-10-03,0.00012200630769164867,IWM,"ARIMA(1,0,1)"
2014-10-06,0.0004004951668408115,IWM,"ARIMA(1,0,1)"
2014-10-07,-0.0002319143451275678,IWM,"ARIMA(1,0,1)"
2014-10-08,0.0005248684054437496,IWM,"ARIMA(1,0,1)"
2014-10-09,0.0001417084816643344,IWM,"ARIMA(1,0,1)"
2014-10-10,0.0001382208933782787,IWM,"ARIMA(1,0,1)"
2014-10-13,-3.87141518630986e-06,IWM,"ARIMA(1,0,1)"
2014-10-14,-7.812664567678934e-05,IWM,"ARIMA(1,0,1)"
2014-10-15,-5.072653889966924e-05,IWM,"ARIMA(1,0,1)"
2014-10-16,0.00035995913327859115,IWM,"ARIMA(1,0,1)"
2014-10-17,0.0004024240525004222,IWM,"ARIMA(1,0,1)"
2014-10-20,-2.2454654007353958e-05,IWM,"ARIMA(1,0,1)"
2014-10-21,-2.1239041824650054e-05,IWM,"ARIMA(1,0,1)"
2014-10-22,-0.0006932978419673449,IWM,"ARIMA(1,0,1)"
2014-10-23,0.0005473453542240049,IWM,"ARIMA(1,0,1)"
2014-10-24,6.686648509807733e-05,IWM,"ARIMA(1,0,1)"
2014-10-27,5.2466680208248765e-05,IWM,"ARIMA(1,0,1)"
2014-10-28,3.4560275007650015e-05,IWM,"ARIMA(1,0,1)"
2014-10-29,-0.0007865113751692021,IWM,"ARIMA(1,0,1)"
2014-10-30,0.00014020173035939428,IWM,"ARIMA(1,0,1)"
2014-10-31,0.0002273218262562106,IWM,"ARIMA(1,0,1)"
2014-11-03,0.0006447350985686641,IWM,"ARIMA(1,0,1)"
2014-11-04,0.0004404878528269648,IWM,"ARIMA(1,0,1)"
2014-11-05,0.00021288185792685602,IWM,"ARIMA(1,0,1)"
2014-11-06,0.00028308369014190435,IWM,"ARIMA(1,0,1)"
2014-11-07,0.0004035282605636938,IWM,"ARIMA(1,0,1)"
2014-11-10,0.00041408084173493636,IWM,"ARIMA(1,0,1)"
2014-11-11,0.00044667990689285515,IWM,"ARIMA(1,0,1)"
2014-11-12,0.00035459017469058633,IWM,"ARIMA(1,0,1)"
2014-11-13,0.0004485200683809937,IWM,"ARIMA(1,0,1)"
2014-11-14,7.456390094141325e-05,IWM,"ARIMA(1,0,1)"
2014-11-17,0.00020041465139422298,IWM,"ARIMA(1,0,1)"
2014-11-18,4.969054057957993e-06,IWM,"ARIMA(1,0,1)"
2014-11-19,0.0003486887953743053,IWM,"ARIMA(1,0,1)"
2014-11-20,8.952561915058732e-05,IWM,"ARIMA(1,0,1)"
2014-11-21,0.0003203261725692556,IWM,"ARIMA(1,0,1)"
2014-11-24,0.00028886390058993394,IWM,"ARIMA(1,0,1)"
2014-11-25,0.0002606805769038032,IWM,"ARIMA(1,0,1)"
2014-11-26,0.0002587548726509015,IWM,"ARIMA(1,0,1)"
2014-11-28,0.00024252399630146708,IWM,"ARIMA(1,0,1)"
2014-12-01,0.00016100227250042757,IWM,"ARIMA(1,0,1)"
2014-12-02,-0.00013824831773784032,IWM,"ARIMA(1,0,1)"
2014-12-03,0.000183984778083673,IWM,"ARIMA(1,0,1)"
2014-12-04,0.00041146514275658424,IWM,"ARIMA(1,0,1)"
2014-12-05,0.00030759134065637037,IWM,"ARIMA(1,0,1)"
2014-12-08,-0.0012263485230340175,IWM,"ARIMA(1,0,1)"
2014-12-09,0.0001813745337748758,IWM,"ARIMA(1,0,1)"
2014-12-10,0.00024503806189856613,IWM,"ARIMA(1,0,1)"
2014-12-11,0.0003039830971917143,IWM,"ARIMA(1,0,1)"
2014-12-12,0.00038537694988324757,IWM,"ARIMA(1,0,1)"
2014-12-15,0.0008557601176999174,IWM,"ARIMA(1,0,1)"
2014-12-16,0.000330940450894436,IWM,"ARIMA(1,0,1)"
2014-12-17,0.00018083893406141004,IWM,"ARIMA(1,0,1)"
2014-12-18,0.00024148705468670636,IWM,"ARIMA(1,0,1)"
2014-12-19,0.00024556694972614675,IWM,"ARIMA(1,0,1)"
2014-12-22,0.00028485350951994794,IWM,"ARIMA(1,0,1)"
2014-12-23,0.00024568204784845165,IWM,"ARIMA(1,0,1)"
2014-12-24,0.00020580957687379515,IWM,"ARIMA(1,0,1)"
2014-12-26,0.00020194376699900167,IWM,"ARIMA(1,0,1)"
2014-12-29,0.0002275834800212267,IWM,"ARIMA(1,0,1)"
2014-12-30,0.00024665683205231663,IWM,"ARIMA(1,0,1)"
2014-12-31,0.00022575372279987006,IWM,"ARIMA(1,0,1)"
2015-01-02,0.00019118481387931638,IWM,"ARIMA(1,0,1)"
2015-01-05,0.00021299381345758685,IWM,"ARIMA(1,0,1)"
2015-01-06,0.00013942554407115425,IWM,"ARIMA(1,0,1)"
2015-01-07,-0.00044318242523632285,IWM,"ARIMA(1,0,1)"
2015-01-08,0.00011808119626569262,IWM,"ARIMA(1,0,1)"
2015-01-09,0.000317223160815298,IWM,"ARIMA(1,0,1)"
2015-01-12,0.00022592415791257423,IWM,"ARIMA(1,0,1)"
2015-01-13,2.427377210424049e-05,IWM,"ARIMA(1,0,1)"
2015-01-14,0.00011877072728992379,IWM,"ARIMA(1,0,1)"
2015-01-15,3.3657147890812288e-06,IWM,"ARIMA(1,0,1)"
2015-01-16,-0.0004125492008635873,IWM,"ARIMA(1,0,1)"
2015-01-20,2.9424181846115946e-05,IWM,"ARIMA(1,0,1)"
2015-01-21,5.803669799613015e-05,IWM,"ARIMA(1,0,1)"
2015-01-22,4.081062590181207e-06,IWM,"ARIMA(1,0,1)"
2015-01-23,-0.0001564060608414859,IWM,"ARIMA(1,0,1)"
2015-01-26,3.499235334538425e-06,IWM,"ARIMA(1,0,1)"
2015-01-27,0.0002466439177586274,IWM,"ARIMA(1,0,1)"
2015-01-28,0.00028596247737163935,IWM,"ARIMA(1,0,1)"
2015-01-29,2.0233867340144077e-05,IWM,"ARIMA(1,0,1)"
2015-01-30,0.00024112496178551462,IWM,"ARIMA(1,0,1)"
2015-02-02,0.00014112481926426479,IWM,"ARIMA(1,0,1)"
2015-02-03,0.00020682731929309414,IWM,"ARIMA(1,0,1)"
2015-02-04,0.00040330618721522203,IWM,"ARIMA(1,0,1)"
2015-02-05,0.0003602888994591777,IWM,"ARIMA(1,0,1)"
2015-02-06,0.00044101901147782896,IWM,"ARIMA(1,0,1)"
2015-02-09,0.0004055264619090627,IWM,"ARIMA(1,0,1)"
2015-02-10,0.0003292228441553229,IWM,"ARIMA(1,0,1)"
2015-02-11,0.0003441377283751128,IWM,"ARIMA(1,0,1)"
2015-02-12,0.00033722414071794935,IWM,"ARIMA(1,0,1)"
2015-02-13,0.00033458773172958823,IWM,"ARIMA(1,0,1)"
2015-02-17,-0.0004441645759998272,IWM,"ARIMA(1,0,1)"
2015-02-18,0.0003130769170806774,IWM,"ARIMA(1,0,1)"
2015-02-19,-0.00016480529795961577,IWM,"ARIMA(1,0,1)"
2015-02-20,-9.632212968501531e-05,IWM,"ARIMA(1,0,1)"
2015-02-23,-2.4183200868110064e-05,IWM,"ARIMA(1,0,1)"
2015-02-24,-6.226696099988216e-05,IWM,"ARIMA(1,0,1)"
2015-02-25,-9.086370971103511e-05,IWM,"ARIMA(1,0,1)"
2015-02-26,-4.0986370566295385e-05,IWM,"ARIMA(1,0,1)"
2015-02-27,-5.6178717010111105e-05,IWM,"ARIMA(1,0,1)"
2015-03-02,-0.00024358284841966322,IWM,"ARIMA(1,0,1)"
2015-03-03,0.0002443743305263158,IWM,"ARIMA(1,0,1)"
2015-03-04,0.00024217514584361991,IWM,"ARIMA(1,0,1)"
2015-03-05,0.0001314113757492717,IWM,"ARIMA(1,0,1)"
2015-03-06,0.00014567658712312062,IWM,"ARIMA(1,0,1)"
2015-03-09,9.59234310324512e-05,IWM,"ARIMA(1,0,1)"
2015-03-10,0.00011234567974759069,IWM,"ARIMA(1,0,1)"
2015-03-11,0.00034162793151066857,IWM,"ARIMA(1,0,1)"
2015-03-12,0.0001476989943933187,IWM,"ARIMA(1,0,1)"
2015-03-13,-0.0003432734675220189,IWM,"ARIMA(1,0,1)"
2015-03-16,0.00011714900954106467,IWM,"ARIMA(1,0,1)"
2015-03-17,4.675178857949805e-05,IWM,"ARIMA(1,0,1)"
2015-03-18,3.638397710899137e-05,IWM,"ARIMA(1,0,1)"
2015-03-19,-7.719839901874537e-05,IWM,"ARIMA(1,0,1)"
2015-03-20,-4.762166068896176e-05,IWM,"ARIMA(1,0,1)"
2015-03-23,-0.00016072436399440596,IWM,"ARIMA(1,0,1)"
2015-03-24,0.00028431538189799813,IWM,"ARIMA(1,0,1)"
2015-03-25,6.209180839988947e-06,IWM,"ARIMA(1,0,1)"
2015-03-26,0.00023404730828863944,IWM,"ARIMA(1,0,1)"
2015-03-27,0.000618134475586732,IWM,"ARIMA(1,0,1)"
2015-03-30,0.00047952249270098675,IWM,"ARIMA(1,0,1)"
2015-03-31,-9.80664574649765e-05,IWM,"ARIMA(1,0,1)"
2015-04-01,0.00021454739123650445,IWM,"ARIMA(1,0,1)"
2015-04-02,0.00017858822559119875,IWM,"ARIMA(1,0,1)"
2015-04-06,0.00019813332742382863,IWM,"ARIMA(1,0,1)"
2015-04-07,3.51231001475185e-05,IWM,"ARIMA(1,0,1)"
2015-04-08,0.0006605065763083823,IWM,"ARIMA(1,0,1)"
2015-04-09,0.00022204883149607298,IWM,"ARIMA(1,0,1)"
2015-04-10,0.0005032957282570499,IWM,"ARIMA(1,0,1)"
2015-04-13,0.00016748882446773733,IWM,"ARIMA(1,0,1)"
2015-04-14,0.0004347569088322901,IWM,"ARIMA(1,0,1)"
2015-04-15,0.000592634458389955,IWM,"ARIMA(1,0,1)"
2015-04-16,0.00016602841629343302,IWM,"ARIMA(1,0,1)"
2015-04-17,0.0004996077876583613,IWM,"ARIMA(1,0,1)"
2015-04-20,0.0015642457505934174,IWM,"ARIMA(1,0,1)"
2015-04-21,0.00021633241726265034,IWM,"ARIMA(1,0,1)"
2015-04-22,0.00046308918244619896,IWM,"ARIMA(1,0,1)"
2015-04-23,0.0003417455240748099,IWM,"ARIMA(1,0,1)"
2015-04-24,9.762100794920211e-05,IWM,"ARIMA(1,0,1)"
2015-04-27,0.0006583313155972028,IWM,"ARIMA(1,0,1)"
2015-04-28,0.0014891505736871495,IWM,"ARIMA(1,0,1)"
2015-04-29,0.0004378719593045998,IWM,"ARIMA(1,0,1)"
2015-04-30,0.0014062074670610576,IWM,"ARIMA(1,0,1)"
2015-05-01,0.0021698723283659033,IWM,"ARIMA(1,0,1)"
2015-05-04,0.0004165715514614043,IWM,"ARIMA(1,0,1)"
2015-05-05,0.0001761676971649908,IWM,"ARIMA(1,0,1)"
2015-05-06,0.0013691915295548957,IWM,"ARIMA(1,0,1)"
2015-05-07,0.0004230614469224396,IWM,"ARIMA(1,0,1)"
2015-05-08,0.0001478724847998717,IWM,"ARIMA(1,0,1)"
2015-05-11,-7.478478883486607e-05,IWM,"ARIMA(1,0,1)"
2015-05-12,0.00046310699569005137,IWM,"ARIMA(1,0,1)"
2015-05-13,0.0005691270945805398,IWM,"ARIMA(1,0,1)"
2015-05-14,0.0004816040925681127,IWM,"ARIMA(1,0,1)"
2015-05-15,-0.0003811154412027101,IWM,"ARIMA(1,0,1)"
2015-05-18,0.0006644133702759556,IWM,"ARIMA(1,0,1)"
2015-05-19,-0.00031293709389116936,IWM,"ARIMA(1,0,1)"
2015-05-20,0.0007168478310949397,IWM,"ARIMA(1,0,1)"
2015-05-21,0.00048551933794511814,IWM,"ARIMA(1,0,1)"
2015-05-22,0.0007187987148960174,IWM,"ARIMA(1,0,1)"
2015-05-26,0.0009774189119036555,IWM,"ARIMA(1,0,1)"
2015-05-27,0.0013815987407525872,IWM,"ARIMA(1,0,1)"
2015-05-28,-0.000635865796366745,IWM,"ARIMA(1,0,1)"
2015-05-29,0.0004994635361268043,IWM,"ARIMA(1,0,1)"
2015-06-01,0.0010424105121868998,IWM,"ARIMA(1,0,1)"
2015-06-02,0.00020962050269112846,IWM,"ARIMA(1,0,1)"
2015-06-03,0.00030278311924654573,IWM,"ARIMA(1,0,1)"
2015-06-04,-0.0005579768543237647,IWM,"ARIMA(1,0,1)"
2015-06-05,0.001532119619456734,IWM,"ARIMA(1,0,1)"
2015-06-08,-0.0003213068441833256,IWM,"ARIMA(1,0,1)"
2015-06-09,0.00090308727385869,IWM,"ARIMA(1,0,1)"
2015-06-10,0.0007706570420692272,IWM,"ARIMA(1,0,1)"
2015-06-11,-0.0011308223552262595,IWM,"ARIMA(1,0,1)"
2015-06-12,-3.050026978656552e-06,IWM,"ARIMA(1,0,1)"
2015-06-15,0.0007921030760342745,IWM,"ARIMA(1,0,1)"
2015-06-16,0.0008793940114075213,IWM,"ARIMA(1,0,1)"
2015-06-17,-0.0004342859594520314,IWM,"ARIMA(1,0,1)"
2015-06-18,0.0004975884930781683,IWM,"ARIMA(1,0,1)"
2015-06-19,-0.0013112082846010635,IWM,"ARIMA(1,0,1)"
2015-06-22,0.0003286711201610232,IWM,"ARIMA(1,0,1)"
2015-06-23,-0.00044931526691001887,IWM,"ARIMA(1,0,1)"
2015-06-24,0.00011970138822170641,IWM,"ARIMA(1,0,1)"
2015-06-25,0.0015214553538440774,IWM,"ARIMA(1,0,1)"
2015-06-26,0.0006003157225890874,IWM,"ARIMA(1,0,1)"
2015-06-29,0.0008055586914631627,IWM,"ARIMA(1,0,1)"
2015-06-30,0.0034953670261254548,IWM,"ARIMA(1,0,1)"
2015-07-01,-1.0234204884230564e-05,IWM,"ARIMA(1,0,1)"
2015-07-02,-0.00013423275799606573,IWM,"ARIMA(1,0,1)"
2015-07-06,0.0011921607674946835,IWM,"ARIMA(1,0,1)"
2015-07-07,0.00033081855687386037,IWM,"ARIMA(1,0,1)"
2015-07-08,0.0001721952031279267,IWM,"ARIMA(1,0,1)"
2015-07-09,0.002337715579057609,IWM,"ARIMA(1,0,1)"
2015-07-10,-2.149810608644611e-05,IWM,"ARIMA(1,0,1)"
2015-07-13,-0.0014506163901232207,IWM,"ARIMA(1,0,1)"
2015-07-14,-0.001206281815734615,IWM,"ARIMA(1,0,1)"
2015-07-15,-0.0005406593017944918,IWM,"ARIMA(1,0,1)"
2015-07-16,0.001005071533572237,IWM,"ARIMA(1,0,1)"
2015-07-17,-0.00011537569355403552,IWM,"ARIMA(1,0,1)"
2015-07-20,0.0009814909477920705,IWM,"ARIMA(1,0,1)"
2015-07-21,0.0011211463360002948,IWM,"ARIMA(1,0,1)"
2015-07-22,0.0010420365461284698,IWM,"ARIMA(1,0,1)"
2015-07-23,6.245490777342867e-05,IWM,"ARIMA(1,0,1)"
2015-07-24,0.0016738688736011734,IWM,"ARIMA(1,0,1)"
2015-07-27,0.0021102008263424623,IWM,"ARIMA(1,0,1)"
2015-07-28,0.001143851103647267,IWM,"ARIMA(1,0,1)"
2015-07-29,-0.00044066833244872276,IWM,"ARIMA(1,0,1)"
2015-07-30,4.130391777623036e-05,IWM,"ARIMA(1,0,1)"
2015-07-31,7.848593571908386e-05,IWM,"ARIMA(1,0,1)"
2015-08-03,-8.098971285947724e-05,IWM,"ARIMA(1,0,1)"
2015-08-04,0.0009762280029481786,IWM,"ARIMA(1,0,1)"
2015-08-05,0.0007196571606780445,IWM,"ARIMA(1,0,1)"
2015-08-06,0.00025220875851720984,IWM,"ARIMA(1,0,1)"
2015-08-07,0.0018274052927983618,IWM,"ARIMA(1,0,1)"
2015-08-10,0.0010403310459907822,IWM,"ARIMA(1,0,1)"
2015-08-11,-0.0006905508860606161,IWM,"ARIMA(1,0,1)"
2015-08-12,0.0011745128495424843,IWM,"ARIMA(1,0,1)"
2015-08-13,0.0005537767758422162,IWM,"ARIMA(1,0,1)"
2015-08-14,0.0006396984713017064,IWM,"ARIMA(1,0,1)"
2015-08-17,-0.00033799213787735245,IWM,"ARIMA(1,0,1)"
2015-08-18,-0.000725943121242398,IWM,"ARIMA(1,0,1)"
2015-08-19,0.0010122083195853288,IWM,"ARIMA(1,0,1)"
2015-08-20,0.0013092164785925332,IWM,"ARIMA(1,0,1)"
2015-08-21,0.0024132141438096243,IWM,"ARIMA(1,0,1)"
2015-08-24,0.0008521611119774435,IWM,"ARIMA(1,0,1)"
2015-08-25,0.0021316525627084106,IWM,"ARIMA(1,0,1)"
2015-08-26,0.003098539290508402,IWM,"ARIMA(1,0,1)"
2015-08-27,-0.0010220165846094257,IWM,"ARIMA(1,0,1)"
2015-08-28,-0.0002832145844567323,IWM,"ARIMA(1,0,1)"
2015-08-31,4.22812922681948e-05,IWM,"ARIMA(1,0,1)"
2015-09-01,-7.513838922453132e-05,IWM,"ARIMA(1,0,1)"
2015-09-02,0.00019298429808817323,IWM,"ARIMA(1,0,1)"
2015-09-03,-0.0005938196091701209,IWM,"ARIMA(1,0,1)"
2015-09-04,2.76696361044327e-07,IWM,"ARIMA(1,0,1)"
2015-09-08,0.0001464358696393577,IWM,"ARIMA(1,0,1)"
2015-09-09,-0.0008682493200023024,IWM,"ARIMA(1,0,1)"
2015-09-10,0.0005591109103226267,IWM,"ARIMA(1,0,1)"
2015-09-11,-0.000252754655730478,IWM,"ARIMA(1,0,1)"
2015-09-14,-0.00021838310491158587,IWM,"ARIMA(1,0,1)"
2015-09-15,0.00026619644603517647,IWM,"ARIMA(1,0,1)"
2015-09-16,-0.0004634237821137595,IWM,"ARIMA(1,0,1)"
2015-09-17,-0.0001920411309058036,IWM,"ARIMA(1,0,1)"
2015-09-18,2.4685516539544385e-05,IWM,"ARIMA(1,0,1)"
2015-09-21,0.0007017988595798922,IWM,"ARIMA(1,0,1)"
2015-09-22,0.00013916278326342807,IWM,"ARIMA(1,0,1)"
2015-09-23,0.0008543521511272008,IWM,"ARIMA(1,0,1)"
2015-09-24,0.000256218206465776,IWM,"ARIMA(1,0,1)"
2015-09-25,0.00014798753700129405,IWM,"ARIMA(1,0,1)"
2015-09-28,0.0005989847080569924,IWM,"ARIMA(1,0,1)"
2015-09-29,0.0008190794825584421,IWM,"ARIMA(1,0,1)"
2015-09-30,-2.5138951363730703e-05,IWM,"ARIMA(1,0,1)"
2015-10-01,0.00016487000043938744,IWM,"ARIMA(1,0,1)"
2015-10-02,0.0002603932479336503,IWM,"ARIMA(1,0,1)"
2015-10-05,-0.00034241796969351973,IWM,"ARIMA(1,0,1)"
2015-10-06,-3.119340107595901e-05,IWM,"ARIMA(1,0,1)"
2015-10-07,0.00018698528619417375,IWM,"ARIMA(1,0,1)"
2015-10-08,0.0003223623008533983,IWM,"ARIMA(1,0,1)"
2015-10-09,0.00028303341108785535,IWM,"ARIMA(1,0,1)"
2015-10-12,0.00039864708330283926,IWM,"ARIMA(1,0,1)"
2015-10-13,0.000441672154021687,IWM,"ARIMA(1,0,1)"
2015-10-14,0.0004034848111741392,IWM,"ARIMA(1,0,1)"
2015-10-15,0.0003179896001698091,IWM,"ARIMA(1,0,1)"
2015-10-16,0.0008120263848098426,IWM,"ARIMA(1,0,1)"
2015-10-19,0.0006406020252237596,IWM,"ARIMA(1,0,1)"
2015-10-20,0.0003156398926273105,IWM,"ARIMA(1,0,1)"
2015-10-21,0.00029104608214821796,IWM,"ARIMA(1,0,1)"
2015-10-22,0.00016467846547215696,IWM,"ARIMA(1,0,1)"
2015-10-23,0.00025696722812519645,IWM,"ARIMA(1,0,1)"
2015-10-26,0.0002264050794429448,IWM,"ARIMA(1,0,1)"
2015-10-27,0.00019249500819914882,IWM,"ARIMA(1,0,1)"
2015-10-28,0.00015070490213886818,IWM,"ARIMA(1,0,1)"
2015-10-29,0.0011222292543511786,IWM,"ARIMA(1,0,1)"
2015-10-30,0.0005935893203309851,IWM,"ARIMA(1,0,1)"
2015-11-02,2.02788854429695e-06,IWM,"ARIMA(1,0,1)"
2015-11-03,0.00041985966722893846,IWM,"ARIMA(1,0,1)"
2015-11-04,9.409551255572555e-05,IWM,"ARIMA(1,0,1)"
2015-11-05,0.0001370765623434989,IWM,"ARIMA(1,0,1)"
2015-11-06,0.0001694686212493938,IWM,"ARIMA(1,0,1)"
2015-11-09,0.0003413279762917365,IWM,"ARIMA(1,0,1)"
2015-11-10,0.000531924507955319,IWM,"ARIMA(1,0,1)"
2015-11-11,-0.00022529065450143895,IWM,"ARIMA(1,0,1)"
2015-11-12,0.00046946825659056836,IWM,"ARIMA(1,0,1)"
2015-11-13,-6.372197102841941e-05,IWM,"ARIMA(1,0,1)"
2015-11-16,-4.4494321017415996e-05,IWM,"ARIMA(1,0,1)"
2015-11-17,-0.00027630251171381626,IWM,"ARIMA(1,0,1)"
2015-11-18,1.410767222769812e-05,IWM,"ARIMA(1,0,1)"
2015-11-19,6.047660501686879e-05,IWM,"ARIMA(1,0,1)"
2015-11-20,8.407491047964794e-05,IWM,"ARIMA(1,0,1)"
2015-11-23,-0.0009598569873324026,IWM,"ARIMA(1,0,1)"
2015-11-24,8.250151878220361e-05,IWM,"ARIMA(1,0,1)"
2015-11-25,6.109827005248114e-05,IWM,"ARIMA(1,0,1)"
2015-11-27,8.945426075918942e-05,IWM,"ARIMA(1,0,1)"
2015-11-30,9.13926696573963e-05,IWM,"ARIMA(1,0,1)"
2015-12-01,0.00013305442739532523,IWM,"ARIMA(1,0,1)"
2015-12-02,9.634735527194231e-05,IWM,"ARIMA(1,0,1)"
2015-12-03,0.00041402501957576727,IWM,"ARIMA(1,0,1)"
2015-12-04,2.597019277791741e-05,IWM,"ARIMA(1,0,1)"
2015-12-07,8.517578410905752e-05,IWM,"ARIMA(1,0,1)"
2015-12-08,-4.5897857745569216e-06,IWM,"ARIMA(1,0,1)"
2015-12-09,2.2202973709203008e-05,IWM,"ARIMA(1,0,1)"
2015-12-10,-8.736920990881708e-05,IWM,"ARIMA(1,0,1)"
2015-12-11,1.0717354639342369e-05,IWM,"ARIMA(1,0,1)"
2015-12-14,-9.525107297747e-05,IWM,"ARIMA(1,0,1)"
2015-12-15,-7.5247668035903e-05,IWM,"ARIMA(1,0,1)"
2015-12-16,2.183722298157805e-05,IWM,"ARIMA(1,0,1)"
2015-12-17,8.757569716675145e-05,IWM,"ARIMA(1,0,1)"
2015-12-18,-7.444389889442876e-05,IWM,"ARIMA(1,0,1)"
2015-12-21,-0.00019388580909382363,IWM,"ARIMA(1,0,1)"
2015-12-22,-0.00017472045275032641,IWM,"ARIMA(1,0,1)"
2015-12-23,-0.00016414260339754077,IWM,"ARIMA(1,0,1)"
2015-12-24,-0.00011917033262735746,IWM,"ARIMA(1,0,1)"
2015-12-28,-0.00012333092105626617,IWM,"ARIMA(1,0,1)"
2015-12-29,-0.00016875065151985297,IWM,"ARIMA(1,0,1)"
2015-12-30,-0.0001429217196013199,IWM,"ARIMA(1,0,1)"
2015-12-31,-0.00015861052121288858,IWM,"ARIMA(1,0,1)"
2016-01-04,-0.00018442084155426792,IWM,"ARIMA(1,0,1)"
2016-01-05,-0.0002547733791759057,IWM,"ARIMA(1,0,1)"
2016-01-06,-0.0001924641686788294,IWM,"ARIMA(1,0,1)"
2016-01-07,-0.00018422736019898785,IWM,"ARIMA(1,0,1)"
2016-01-08,-0.00034017686461530907,IWM,"ARIMA(1,0,1)"
2016-01-11,-0.0008610070131788638,IWM,"ARIMA(1,0,1)"
2016-01-12,-0.00045576216136814955,IWM,"ARIMA(1,0,1)"
2016-01-13,-0.00042972090267443436,IWM,"ARIMA(1,0,1)"
2016-01-14,-0.0005623348043008693,IWM,"ARIMA(1,0,1)"
2016-01-15,-0.0004917519789971083,IWM,"ARIMA(1,0,1)"
2016-01-19,-0.0004892805610236656,IWM,"ARIMA(1,0,1)"
2016-01-20,-0.000607869654835638,IWM,"ARIMA(1,0,1)"
2016-01-21,-0.0005744988032882573,IWM,"ARIMA(1,0,1)"
2016-01-22,-0.0005711108298509783,IWM,"ARIMA(1,0,1)"
2016-01-25,-0.0005557340496879906,IWM,"ARIMA(1,0,1)"
2016-01-26,-0.0006411977940979681,IWM,"ARIMA(1,0,1)"
2016-01-27,-0.0006007230215879861,IWM,"ARIMA(1,0,1)"
2016-01-28,-0.00021923571644806344,IWM,"ARIMA(1,0,1)"
2016-01-29,-0.0005701829783422665,IWM,"ARIMA(1,0,1)"
2016-02-01,-0.0004963445736518676,IWM,"ARIMA(1,0,1)"
2016-02-02,-0.0004265283979194665,IWM,"ARIMA(1,0,1)"
2016-02-03,-0.0005488424840709835,IWM,"ARIMA(1,0,1)"
2016-02-04,-0.0006139643769097241,IWM,"ARIMA(1,0,1)"
2016-02-05,-0.0005814967794783968,IWM,"ARIMA(1,0,1)"
2016-02-08,-0.0007449957365432656,IWM,"ARIMA(1,0,1)"
2016-02-09,-0.0008068663287216644,IWM,"ARIMA(1,0,1)"
2016-02-10,-0.0008021202377372654,IWM,"ARIMA(1,0,1)"
2016-02-11,-0.0008256653442761418,IWM,"ARIMA(1,0,1)"
2016-02-12,-0.0008632796671440956,IWM,"ARIMA(1,0,1)"
2016-02-16,-0.0008329749355607635,IWM,"ARIMA(1,0,1)"
2016-02-17,-0.0007610198592571655,IWM,"ARIMA(1,0,1)"
2016-02-18,-0.0007139441457081497,IWM,"ARIMA(1,0,1)"
2016-02-19,-0.0007372560349072466,IWM,"ARIMA(1,0,1)"
2016-02-22,-0.000627804776696306,IWM,"ARIMA(1,0,1)"
2016-02-23,-0.0004750845566711836,IWM,"ARIMA(1,0,1)"
2016-02-24,-0.0008534116859465111,IWM,"ARIMA(1,0,1)"
2016-02-25,-0.0006896951147006292,IWM,"ARIMA(1,0,1)"
2016-02-26,-0.0006630780720141146,IWM,"ARIMA(1,0,1)"
2016-02-29,-0.0005326580927342256,IWM,"ARIMA(1,0,1)"
2016-03-01,-0.0007173774372957174,IWM,"ARIMA(1,0,1)"
2016-03-02,-0.0005890303554587365,IWM,"ARIMA(1,0,1)"
2016-03-03,-0.0005267825004876178,IWM,"ARIMA(1,0,1)"
2016-03-04,-0.00018813804896436985,IWM,"ARIMA(1,0,1)"
2016-03-07,-0.00029298757681940656,IWM,"ARIMA(1,0,1)"
2016-03-08,2.9958114905409908e-06,IWM,"ARIMA(1,0,1)"
2016-03-09,-0.0004846209304769575,IWM,"ARIMA(1,0,1)"
2016-03-10,-0.0002753336276274211,IWM,"ARIMA(1,0,1)"
2016-03-11,-0.0006797850048958559,IWM,"ARIMA(1,0,1)"
2016-03-14,-0.000117089675408011,IWM,"ARIMA(1,0,1)"
2016-03-15,-0.00033698977425182123,IWM,"ARIMA(1,0,1)"
2016-03-16,-0.0005369676515099036,IWM,"ARIMA(1,0,1)"
2016-03-17,-0.0005215370881234987,IWM,"ARIMA(1,0,1)"
2016-03-18,-0.0002513797256078665,IWM,"ARIMA(1,0,1)"
2016-03-21,-0.00046308621790460276,IWM,"ARIMA(1,0,1)"
2016-03-22,-0.0005074476367728626,IWM,"ARIMA(1,0,1)"
2016-03-23,-0.0005086324851912772,IWM,"ARIMA(1,0,1)"
2016-03-24,-0.0005816595241724147,IWM,"ARIMA(1,0,1)"
2016-03-28,-0.00047369885883573863,IWM,"ARIMA(1,0,1)"
2016-03-29,-0.00046272815264863096,IWM,"ARIMA(1,0,1)"
2016-03-30,5.098954822486219e-05,IWM,"ARIMA(1,0,1)"
2016-03-31,-0.00043391992645756605,IWM,"ARIMA(1,0,1)"
2016-04-01,-0.0004102796476229693,IWM,"ARIMA(1,0,1)"
2016-04-04,-0.00039366367989033445,IWM,"ARIMA(1,0,1)"
2016-04-05,-0.00043439437181969336,IWM,"ARIMA(1,0,1)"
2016-04-06,-0.0004971179225182536,IWM,"ARIMA(1,0,1)"
2016-04-07,-0.0004272433643930175,IWM,"ARIMA(1,0,1)"
2016-04-08,-0.0005151433185418731,IWM,"ARIMA(1,0,1)"
2016-04-11,-0.0004851638288751596,IWM,"ARIMA(1,0,1)"
2016-04-12,-0.0005166012339267591,IWM,"ARIMA(1,0,1)"
2016-04-13,-0.00047809538708397256,IWM,"ARIMA(1,0,1)"
2016-04-14,-0.0003910717012877872,IWM,"ARIMA(1,0,1)"
2016-04-15,-0.0004425387129761317,IWM,"ARIMA(1,0,1)"
2016-04-18,-0.00041160005777299654,IWM,"ARIMA(1,0,1)"
2016-04-19,-0.00031804606567104125,IWM,"ARIMA(1,0,1)"
2016-04-20,-0.0003312944632818286,IWM,"ARIMA(1,0,1)"
2016-04-21,-0.00034270651526614157,IWM,"ARIMA(1,0,1)"
2016-04-22,-0.0003691187630137585,IWM,"ARIMA(1,0,1)"
2016-04-25,0.00018693150563375843,IWM,"ARIMA(1,0,1)"
2016-04-26,-0.0007207208673412205,IWM,"ARIMA(1,0,1)"
2016-04-27,-8.377994306038529e-05,IWM,"ARIMA(1,0,1)"
2016-04-28,-0.00012117696934665841,IWM,"ARIMA(1,0,1)"
2016-04-29,-0.0004772656612836894,IWM,"ARIMA(1,0,1)"
2016-05-02,-0.0004938241022240801,IWM,"ARIMA(1,0,1)"
2016-05-03,-7.679837842539068e-05,IWM,"ARIMA(1,0,1)"
2016-05-04,-0.00031123161655313177,IWM,"ARIMA(1,0,1)"
2016-05-05,-0.0002943590775899519,IWM,"ARIMA(1,0,1)"
2016-05-06,-0.00032391678891478934,IWM,"ARIMA(1,0,1)"
2016-05-09,-0.001369182507311369,IWM,"ARIMA(1,0,1)"
2016-05-10,-0.0003688792531258758,IWM,"ARIMA(1,0,1)"
2016-05-11,-0.00029613734384530344,IWM,"ARIMA(1,0,1)"
2016-05-12,-0.00033737460975034395,IWM,"ARIMA(1,0,1)"
2016-05-13,-0.0005041371323742674,IWM,"ARIMA(1,0,1)"
2016-05-16,-0.0005933159937296887,IWM,"ARIMA(1,0,1)"
2016-05-17,-0.0001239218831152183,IWM,"ARIMA(1,0,1)"
2016-05-18,-0.0004811131403087195,IWM,"ARIMA(1,0,1)"
2016-05-19,-0.0004547017907005075,IWM,"ARIMA(1,0,1)"
2016-05-20,-0.0004938393039549405,IWM,"ARIMA(1,0,1)"
2016-05-23,-0.00042319202330556,IWM,"ARIMA(1,0,1)"
2016-05-24,-0.0004106753533364501,IWM,"ARIMA(1,0,1)"
2016-05-25,-0.0002915475759066082,IWM,"ARIMA(1,0,1)"
2016-05-26,-0.00031662960643214476,IWM,"ARIMA(1,0,1)"
2016-05-27,-0.0003177811718028897,IWM,"ARIMA(1,0,1)"
2016-05-31,-0.00025642434518117536,IWM,"ARIMA(1,0,1)"
2016-06-01,-0.0002541536992045289,IWM,"ARIMA(1,0,1)"
2016-06-02,-0.00016677141768397578,IWM,"ARIMA(1,0,1)"
2016-06-03,-0.00013749314305017027,IWM,"ARIMA(1,0,1)"
2016-06-06,-0.00031419140432549324,IWM,"ARIMA(1,0,1)"
2016-06-07,-6.509031025823467e-05,IWM,"ARIMA(1,0,1)"
2016-06-08,-0.00014314614606293402,IWM,"ARIMA(1,0,1)"
2016-06-09,-2.4784980730440555e-05,IWM,"ARIMA(1,0,1)"
2016-06-10,-0.00021619012983850863,IWM,"ARIMA(1,0,1)"
2016-06-13,-0.00028059354899231226,IWM,"ARIMA(1,0,1)"
2016-06-14,-0.0005196941643643369,IWM,"ARIMA(1,0,1)"
2016-06-15,-0.00036390286261160485,IWM,"ARIMA(1,0,1)"
2016-06-16,-0.00031626909682412786,IWM,"ARIMA(1,0,1)"
2016-06-17,-0.00032674392845243803,IWM,"ARIMA(1,0,1)"
2016-06-20,-0.0004001676378506758,IWM,"ARIMA(1,0,1)"
2016-06-21,-0.0003553709648848153,IWM,"ARIMA(1,0,1)"
2016-06-22,-0.0003904305357493682,IWM,"ARIMA(1,0,1)"
2016-06-23,-0.00041473703335849705,IWM,"ARIMA(1,0,1)"
2016-06-24,-0.00030590893215818427,IWM,"ARIMA(1,0,1)"
2016-06-27,-0.000457622553337206,IWM,"ARIMA(1,0,1)"
2016-06-28,-0.00039667789293112705,IWM,"ARIMA(1,0,1)"
2016-06-29,-0.00041758504594950337,IWM,"ARIMA(1,0,1)"
2016-06-30,0.00030579473725440577,IWM,"ARIMA(1,0,1)"
2016-07-01,0.00012464579884127958,IWM,"ARIMA(1,0,1)"
2016-07-05,-0.0003665448086146323,IWM,"ARIMA(1,0,1)"
2016-07-06,-0.0008324915857023734,IWM,"ARIMA(1,0,1)"
2016-07-07,0.0003229504993181213,IWM,"ARIMA(1,0,1)"
2016-07-08,-0.0005278356791005775,IWM,"ARIMA(1,0,1)"
2016-07-11,0.0008059211579670349,IWM,"ARIMA(1,0,1)"
2016-07-12,-0.0001887208969960221,IWM,"ARIMA(1,0,1)"
2016-07-13,0.0004226252266984153,IWM,"ARIMA(1,0,1)"
2016-07-14,-0.00047677182706513303,IWM,"ARIMA(1,0,1)"
2016-07-15,-2.4314940811436485e-05,IWM,"ARIMA(1,0,1)"
2016-07-18,-5.6247250418435654e-05,IWM,"ARIMA(1,0,1)"
2016-07-19,-7.492719806129891e-05,IWM,"ARIMA(1,0,1)"
2016-07-20,-0.0003653102889943781,IWM,"ARIMA(1,0,1)"
2016-07-21,0.00022937513528585078,IWM,"ARIMA(1,0,1)"
2016-07-22,-0.00036808223644258214,IWM,"ARIMA(1,0,1)"
2016-07-25,0.000279680479783472,IWM,"ARIMA(1,0,1)"
2016-07-26,-6.892946008532779e-05,IWM,"ARIMA(1,0,1)"
2016-07-27,0.0002411238453186607,IWM,"ARIMA(1,0,1)"
2016-07-28,0.00012649824443620655,IWM,"ARIMA(1,0,1)"
2016-07-29,-7.884015172233443e-05,IWM,"ARIMA(1,0,1)"
2016-08-01,9.821147396895582e-05,IWM,"ARIMA(1,0,1)"
2016-08-02,2.5448204216898435e-05,IWM,"ARIMA(1,0,1)"
2016-08-03,-0.0005462937624886224,IWM,"ARIMA(1,0,1)"
2016-08-04,0.0003136479431607688,IWM,"ARIMA(1,0,1)"
2016-08-05,2.5879793650025623e-05,IWM,"ARIMA(1,0,1)"
2016-08-08,0.0006308961599717218,IWM,"ARIMA(1,0,1)"
2016-08-09,0.00018216549917384942,IWM,"ARIMA(1,0,1)"
2016-08-10,0.0001351118962933104,IWM,"ARIMA(1,0,1)"
2016-08-11,-0.00015101286650138948,IWM,"ARIMA(1,0,1)"
2016-08-12,0.0002382515265191886,IWM,"ARIMA(1,0,1)"
2016-08-15,0.0001995184770846555,IWM,"ARIMA(1,0,1)"
2016-08-16,0.0004966228612110121,IWM,"ARIMA(1,0,1)"
2016-08-17,-3.351859632761912e-05,IWM,"ARIMA(1,0,1)"
2016-08-18,3.12857485098562e-05,IWM,"ARIMA(1,0,1)"
2016-08-19,0.00017412183198477167,IWM,"ARIMA(1,0,1)"
2016-08-22,0.0002857612658179583,IWM,"ARIMA(1,0,1)"
2016-08-23,0.0003370451368806147,IWM,"ARIMA(1,0,1)"
2016-08-24,0.00051807883978391,IWM,"ARIMA(1,0,1)"
2016-08-25,0.0005987001156236978,IWM,"ARIMA(1,0,1)"
2016-08-26,0.0002961163168532109,IWM,"ARIMA(1,0,1)"
2016-08-29,0.0003460685318332426,IWM,"ARIMA(1,0,1)"
2016-08-30,0.0003041264346103259,IWM,"ARIMA(1,0,1)"
2016-08-31,0.0003494785235938543,IWM,"ARIMA(1,0,1)"
2016-09-01,0.00044214044311252675,IWM,"ARIMA(1,0,1)"
2016-09-02,0.0003746377789541921,IWM,"ARIMA(1,0,1)"
2016-09-06,0.0004190149169886718,IWM,"ARIMA(1,0,1)"
2016-09-07,0.00045148725254688974,IWM,"ARIMA(1,0,1)"
2016-09-08,0.0003868101091054028,IWM,"ARIMA(1,0,1)"
2016-09-09,0.0004260482827398969,IWM,"ARIMA(1,0,1)"
2016-09-12,-0.00012472307849792342,IWM,"ARIMA(1,0,1)"
2016-09-13,0.0003186178588421342,IWM,"ARIMA(1,0,1)"
2016-09-14,0.0003336997993680389,IWM,"ARIMA(1,0,1)"
2016-09-15,7.946346480293472e-05,IWM,"ARIMA(1,0,1)"
2016-09-16,0.00022809168923090643,IWM,"ARIMA(1,0,1)"
2016-09-19,0.00020924183546645875,IWM,"ARIMA(1,0,1)"
2016-09-20,0.0002913509284486639,IWM,"ARIMA(1,0,1)"
2016-09-21,0.0002735862217255583,IWM,"ARIMA(1,0,1)"
2016-09-22,0.00017607603088287964,IWM,"ARIMA(1,0,1)"
2016-09-23,1.5351181739730235e-05,IWM,"ARIMA(1,0,1)"
2016-09-26,0.0006132034510263906,IWM,"ARIMA(1,0,1)"
2016-09-27,0.0006191438770916539,IWM,"ARIMA(1,0,1)"
2016-09-28,0.000511088007981845,IWM,"ARIMA(1,0,1)"
2016-09-29,0.00046613385141609223,IWM,"ARIMA(1,0,1)"
2016-09-30,0.0011119510394006107,IWM,"ARIMA(1,0,1)"
2016-10-03,0.00015510728858115206,IWM,"ARIMA(1,0,1)"
2016-10-04,0.0005694680099946111,IWM,"ARIMA(1,0,1)"
2016-10-05,0.0006098345570167778,IWM,"ARIMA(1,0,1)"
2016-10-06,0.00024646364513406394,IWM,"ARIMA(1,0,1)"
2016-10-07,0.000407708236028462,IWM,"ARIMA(1,0,1)"
2016-10-10,0.0006473852083918319,IWM,"ARIMA(1,0,1)"
2016-10-11,-0.00017714333614644574,IWM,"ARIMA(1,0,1)"
2016-10-12,0.0012280678252057033,IWM,"ARIMA(1,0,1)"
2016-10-13,0.000370251373538064,IWM,"ARIMA(1,0,1)"
2016-10-14,0.0007260262208106032,IWM,"ARIMA(1,0,1)"
2016-10-17,0.00040063636997562664,IWM,"ARIMA(1,0,1)"
2016-10-18,0.0002761231709216478,IWM,"ARIMA(1,0,1)"
2016-10-19,6.951925607008461e-06,IWM,"ARIMA(1,0,1)"
2016-10-20,0.00012680932470408455,IWM,"ARIMA(1,0,1)"
2016-10-21,0.0004614346167154958,IWM,"ARIMA(1,0,1)"
2016-10-24,0.0002829553419545083,IWM,"ARIMA(1,0,1)"
2016-10-25,5.301833413194905e-05,IWM,"ARIMA(1,0,1)"
2016-10-26,0.00048827384556951036,IWM,"ARIMA(1,0,1)"
2016-10-27,0.00048332892991003156,IWM,"ARIMA(1,0,1)"
2016-10-28,0.0002885106805460409,IWM,"ARIMA(1,0,1)"
2016-10-31,0.000123072968464474,IWM,"ARIMA(1,0,1)"
2016-11-01,9.161312088019636e-05,IWM,"ARIMA(1,0,1)"
2016-11-02,0.00036032984583012604,IWM,"ARIMA(1,0,1)"
2016-11-03,0.0001314028920108617,IWM,"ARIMA(1,0,1)"
2016-11-04,-1.9951016656646927e-05,IWM,"ARIMA(1,0,1)"
2016-11-07,-0.00013416701802664618,IWM,"ARIMA(1,0,1)"
2016-11-08,-0.0001505306795085889,IWM,"ARIMA(1,0,1)"
2016-11-09,0.00023370608896433078,IWM,"ARIMA(1,0,1)"
2016-11-10,-0.000259270170519429,IWM,"ARIMA(1,0,1)"
2016-11-11,0.00031659288093046175,IWM,"ARIMA(1,0,1)"
2016-11-14,0.0011266700559267972,IWM,"ARIMA(1,0,1)"
2016-11-15,0.0012038544289668476,IWM,"ARIMA(1,0,1)"
2016-11-16,0.0010754950384915811,IWM,"ARIMA(1,0,1)"
2016-11-17,0.0008641035834696467,IWM,"ARIMA(1,0,1)"
2016-11-18,0.001224433838919422,IWM,"ARIMA(1,0,1)"
2016-11-21,0.0008578725208440241,IWM,"ARIMA(1,0,1)"
2016-11-22,0.0011404880159608388,IWM,"ARIMA(1,0,1)"
2016-11-23,0.0016516649783921528,IWM,"ARIMA(1,0,1)"
2016-11-25,0.0014174024479230015,IWM,"ARIMA(1,0,1)"
2016-11-28,0.0011689667708218757,IWM,"ARIMA(1,0,1)"
2016-11-29,7.959967144639113e-05,IWM,"ARIMA(1,0,1)"
2016-11-30,0.0002137979230326842,IWM,"ARIMA(1,0,1)"
2016-12-01,6.71815485677176e-05,IWM,"ARIMA(1,0,1)"
2016-12-02,0.0001669948879948672,IWM,"ARIMA(1,0,1)"
2016-12-05,0.00020368772495082645,IWM,"ARIMA(1,0,1)"
2016-12-06,0.0013027459983797603,IWM,"ARIMA(1,0,1)"
2016-12-07,0.001204500837240228,IWM,"ARIMA(1,0,1)"
2016-12-08,0.0013043780738364694,IWM,"ARIMA(1,0,1)"
2016-12-09,0.001718233044597109,IWM,"ARIMA(1,0,1)"
2016-12-12,0.0014647323288735875,IWM,"ARIMA(1,0,1)"
2016-12-13,0.0008500817617704008,IWM,"ARIMA(1,0,1)"
2016-12-14,0.0007848414220554913,IWM,"ARIMA(1,0,1)"
2016-12-15,0.0003347789949142073,IWM,"ARIMA(1,0,1)"
2016-12-16,0.0006290080403842691,IWM,"ARIMA(1,0,1)"
2016-12-19,0.0006067158323308974,IWM,"ARIMA(1,0,1)"
2016-12-20,0.001149967699674485,IWM,"ARIMA(1,0,1)"
2016-12-21,0.001439862206390356,IWM,"ARIMA(1,0,1)"
2016-12-22,0.0007533644285222346,IWM,"ARIMA(1,0,1)"
2016-12-23,9.262846314056006e-05,IWM,"ARIMA(1,0,1)"
2016-12-27,0.0007100156812117125,IWM,"ARIMA(1,0,1)"
2016-12-28,0.0008679240379032835,IWM,"ARIMA(1,0,1)"
2016-12-29,8.858431998809045e-05,IWM,"ARIMA(1,0,1)"
2016-12-30,0.00043967777971327477,IWM,"ARIMA(1,0,1)"
2017-01-03,0.0006362867628112336,IWM,"ARIMA(1,0,1)"
2017-01-04,0.0008572389838176621,IWM,"ARIMA(1,0,1)"
2017-01-05,0.0015927034725080028,IWM,"ARIMA(1,0,1)"
2017-01-06,0.001159986800643172,IWM,"ARIMA(1,0,1)"
2017-01-09,0.0010805664775186009,IWM,"ARIMA(1,0,1)"
2017-01-10,0.0011638225318508562,IWM,"ARIMA(1,0,1)"
2017-01-11,0.0006714413970610809,IWM,"ARIMA(1,0,1)"
2017-01-12,0.001234866534431973,IWM,"ARIMA(1,0,1)"
2017-01-13,0.001240302675630763,IWM,"ARIMA(1,0,1)"
2017-01-17,0.0011979270593291925,IWM,"ARIMA(1,0,1)"
2017-01-18,0.001232403369272508,IWM,"ARIMA(1,0,1)"
2017-01-19,0.0013086430466042955,IWM,"ARIMA(1,0,1)"
2017-01-20,0.0017543069072370944,IWM,"ARIMA(1,0,1)"
2017-01-23,0.0011375092209708912,IWM,"ARIMA(1,0,1)"
2017-01-24,0.0009431570533307594,IWM,"ARIMA(1,0,1)"
2017-01-25,0.00179814859527224,IWM,"ARIMA(1,0,1)"
2017-01-26,0.0017655655207729599,IWM,"ARIMA(1,0,1)"
2017-01-27,0.001017571508874502,IWM,"ARIMA(1,0,1)"
2017-01-30,0.0010744723591769865,IWM,"ARIMA(1,0,1)"
2017-01-31,0.000379058581106512,IWM,"ARIMA(1,0,1)"
2017-02-01,0.0015137199876636455,IWM,"ARIMA(1,0,1)"
2017-02-02,0.0012036626374774648,IWM,"ARIMA(1,0,1)"
2017-02-03,0.0011569383236389587,IWM,"ARIMA(1,0,1)"
2017-02-06,0.0010452276991729684,IWM,"ARIMA(1,0,1)"
2017-02-07,0.0019815080840600904,IWM,"ARIMA(1,0,1)"
2017-02-08,0.0014002710152835132,IWM,"ARIMA(1,0,1)"
2017-02-09,0.00014417453353516847,IWM,"ARIMA(1,0,1)"
2017-02-10,0.000789699919771203,IWM,"ARIMA(1,0,1)"
2017-02-13,0.0011783152750636536,IWM,"ARIMA(1,0,1)"
2017-02-14,0.0014827408421757026,IWM,"ARIMA(1,0,1)"
2017-02-15,0.0014012961344226531,IWM,"ARIMA(1,0,1)"
2017-02-16,0.0013674624618774795,IWM,"ARIMA(1,0,1)"
2017-02-17,0.0013719378101042729,IWM,"ARIMA(1,0,1)"
2017-02-21,0.0013491805721160364,IWM,"ARIMA(1,0,1)"
2017-02-22,0.0013393201273709542,IWM,"ARIMA(1,0,1)"
2017-02-23,0.001356235524413138,IWM,"ARIMA(1,0,1)"
2017-02-24,0.0012944597184270832,IWM,"ARIMA(1,0,1)"
2017-02-27,0.001255465712516863,IWM,"ARIMA(1,0,1)"
2017-02-28,0.0012688941856749568,IWM,"ARIMA(1,0,1)"
2017-03-01,0.0012249184772547964,IWM,"ARIMA(1,0,1)"
2017-03-02,0.0012118118718080196,IWM,"ARIMA(1,0,1)"
2017-03-03,0.0011249035796446457,IWM,"ARIMA(1,0,1)"
2017-03-06,0.0010810939245026606,IWM,"ARIMA(1,0,1)"
2017-03-07,0.001031739400193895,IWM,"ARIMA(1,0,1)"
2017-03-08,0.0009627097874055677,IWM,"ARIMA(1,0,1)"
2017-03-09,0.0010345143724944496,IWM,"ARIMA(1,0,1)"
2017-03-10,0.0006448444668977029,IWM,"ARIMA(1,0,1)"
2017-03-13,0.0010487429357518318,IWM,"ARIMA(1,0,1)"
2017-03-14,0.000973819771416175,IWM,"ARIMA(1,0,1)"
2017-03-15,0.0006880698682495246,IWM,"ARIMA(1,0,1)"
2017-03-16,0.00017838272082238414,IWM,"ARIMA(1,0,1)"
2017-03-17,0.0019836323864978567,IWM,"ARIMA(1,0,1)"
2017-03-20,0.0011281658414750066,IWM,"ARIMA(1,0,1)"
2017-03-21,0.001664188249667841,IWM,"ARIMA(1,0,1)"
2017-03-22,0.001486649866704773,IWM,"ARIMA(1,0,1)"
2017-03-23,0.00039112702474111184,IWM,"ARIMA(1,0,1)"
2017-03-24,0.0009467058268541999,IWM,"ARIMA(1,0,1)"
2017-03-27,0.0009665814723516597,IWM,"ARIMA(1,0,1)"
2017-03-28,0.0009658227000344897,IWM,"ARIMA(1,0,1)"
2017-03-29,0.0009499359649272162,IWM,"ARIMA(1,0,1)"
2017-03-30,0.0009273217143762708,IWM,"ARIMA(1,0,1)"
2017-03-31,0.000749695190615965,IWM,"ARIMA(1,0,1)"
2017-04-03,0.0008504331393155809,IWM,"ARIMA(1,0,1)"
2017-04-04,0.001176522926223431,IWM,"ARIMA(1,0,1)"
2017-04-05,0.0010033582280534656,IWM,"ARIMA(1,0,1)"
2017-04-06,0.001028527870121755,IWM,"ARIMA(1,0,1)"
2017-04-07,0.0012570750636801127,IWM,"ARIMA(1,0,1)"
2017-04-10,0.0008113056729953204,IWM,"ARIMA(1,0,1)"
2017-04-11,0.0010759544586295695,IWM,"ARIMA(1,0,1)"
2017-04-12,0.0009723039945442577,IWM,"ARIMA(1,0,1)"
2017-04-13,0.0006432692582054763,IWM,"ARIMA(1,0,1)"
2017-04-17,0.0007409847747035593,IWM,"ARIMA(1,0,1)"
2017-04-18,0.000935561587989734,IWM,"ARIMA(1,0,1)"
2017-04-19,0.0006616974572749919,IWM,"ARIMA(1,0,1)"
2017-04-20,0.0008997613894468732,IWM,"ARIMA(1,0,1)"
2017-04-21,0.0006490548886285764,IWM,"ARIMA(1,0,1)"
2017-04-24,0.0006883014301136562,IWM,"ARIMA(1,0,1)"
2017-04-25,0.0010781116706630946,IWM,"ARIMA(1,0,1)"
2017-04-26,0.0009631741221227888,IWM,"ARIMA(1,0,1)"
2017-04-27,0.0009368625156600543,IWM,"ARIMA(1,0,1)"
2017-04-28,0.0008200660359695534,IWM,"ARIMA(1,0,1)"
2017-05-01,0.0005061168545173711,IWM,"ARIMA(1,0,1)"
2017-05-02,0.0011424932031465743,IWM,"ARIMA(1,0,1)"
2017-05-03,0.0006389260955119103,IWM,"ARIMA(1,0,1)"
2017-05-04,0.0009071053748923984,IWM,"ARIMA(1,0,1)"
2017-05-05,0.0009022730429704462,IWM,"ARIMA(1,0,1)"
2017-05-08,0.0010911481926440328,IWM,"ARIMA(1,0,1)"
2017-05-09,0.0010580379505354398,IWM,"ARIMA(1,0,1)"
2017-05-10,0.0009043884681275415,IWM,"ARIMA(1,0,1)"
2017-05-11,0.000976076127709526,IWM,"ARIMA(1,0,1)"
2017-05-12,0.000767253917770003,IWM,"ARIMA(1,0,1)"
2017-05-15,0.0008502843855737234,IWM,"ARIMA(1,0,1)"
2017-05-16,0.0012071426843497438,IWM,"ARIMA(1,0,1)"
2017-05-17,0.0008902657371883474,IWM,"ARIMA(1,0,1)"
2017-05-18,-0.00010048525093003639,IWM,"ARIMA(1,0,1)"
2017-05-19,0.0007293841197527416,IWM,"ARIMA(1,0,1)"
2017-05-22,0.0010437685849502294,IWM,"ARIMA(1,0,1)"
2017-05-23,0.0011109617125236895,IWM,"ARIMA(1,0,1)"
2017-05-24,0.0010613731963540808,IWM,"ARIMA(1,0,1)"
2017-05-25,0.000844776088869939,IWM,"ARIMA(1,0,1)"
2017-05-26,0.0008145183998132286,IWM,"ARIMA(1,0,1)"
2017-05-30,0.0007853202903210385,IWM,"ARIMA(1,0,1)"
2017-05-31,0.0004774261648857115,IWM,"ARIMA(1,0,1)"
2017-06-01,0.0006330063082695271,IWM,"ARIMA(1,0,1)"
2017-06-02,0.0014409068650803724,IWM,"ARIMA(1,0,1)"
2017-06-05,0.001045838300138401,IWM,"ARIMA(1,0,1)"
2017-06-06,0.0005125815885094092,IWM,"ARIMA(1,0,1)"
2017-06-07,0.0006569188232122258,IWM,"ARIMA(1,0,1)"
2017-06-08,0.0007183889655613506,IWM,"ARIMA(1,0,1)"
2017-06-09,0.0011061989009500557,IWM,"ARIMA(1,0,1)"
2017-06-12,0.0008964406575141152,IWM,"ARIMA(1,0,1)"
2017-06-13,0.0007716838621190498,IWM,"ARIMA(1,0,1)"
2017-06-14,0.0010181605114968106,IWM,"ARIMA(1,0,1)"
2017-06-15,0.0007166811815090411,IWM,"ARIMA(1,0,1)"
2017-06-16,0.0006893670466566503,IWM,"ARIMA(1,0,1)"
2017-06-19,0.0007566752968466512,IWM,"ARIMA(1,0,1)"
2017-06-20,0.0010956676636340156,IWM,"ARIMA(1,0,1)"
2017-06-21,0.0004933089411150358,IWM,"ARIMA(1,0,1)"
2017-06-22,0.0008602145375558141,IWM,"ARIMA(1,0,1)"
2017-06-23,0.0008493376512650575,IWM,"ARIMA(1,0,1)"
2017-06-26,0.0011746835840953746,IWM,"ARIMA(1,0,1)"
2017-06-27,0.0009922672457936181,IWM,"ARIMA(1,0,1)"
2017-06-28,0.0011074090850421005,IWM,"ARIMA(1,0,1)"
2017-06-29,0.0008596614376585022,IWM,"ARIMA(1,0,1)"
2017-06-30,0.0010524546822802078,IWM,"ARIMA(1,0,1)"
2017-07-03,0.0008984006418534318,IWM,"ARIMA(1,0,1)"
2017-07-05,0.000790206875707012,IWM,"ARIMA(1,0,1)"
2017-07-06,0.0009688333611711711,IWM,"ARIMA(1,0,1)"
2017-07-07,0.001255500213968916,IWM,"ARIMA(1,0,1)"
2017-07-10,0.0008827419378207895,IWM,"ARIMA(1,0,1)"
2017-07-11,0.0009305404457812117,IWM,"ARIMA(1,0,1)"
2017-07-12,0.000676883854028548,IWM,"ARIMA(1,0,1)"
2017-07-13,0.0004282461856878585,IWM,"ARIMA(1,0,1)"
2017-07-14,0.0006611169750182207,IWM,"ARIMA(1,0,1)"
2017-07-17,0.0006814392236596644,IWM,"ARIMA(1,0,1)"
2017-07-18,0.000661454605207138,IWM,"ARIMA(1,0,1)"
2017-07-19,0.000816310400760742,IWM,"ARIMA(1,0,1)"
2017-07-20,0.00047795164927607085,IWM,"ARIMA(1,0,1)"
2017-07-21,0.0006560938500039207,IWM,"ARIMA(1,0,1)"
2017-07-24,0.0008933721008892866,IWM,"ARIMA(1,0,1)"
2017-07-25,0.0007602146027840045,IWM,"ARIMA(1,0,1)"
2017-07-26,0.0004969792095391623,IWM,"ARIMA(1,0,1)"
2017-07-27,0.0008559218979366801,IWM,"ARIMA(1,0,1)"
2017-07-28,0.0007490906615507856,IWM,"ARIMA(1,0,1)"
2017-07-31,0.0009039212547824628,IWM,"ARIMA(1,0,1)"
2017-08-01,0.0008445480856838894,IWM,"ARIMA(1,0,1)"
2017-08-02,0.0007429587344488177,IWM,"ARIMA(1,0,1)"
2017-08-03,0.0011315614682202522,IWM,"ARIMA(1,0,1)"
2017-08-04,0.0011172636181005005,IWM,"ARIMA(1,0,1)"
2017-08-07,0.000956840772339212,IWM,"ARIMA(1,0,1)"
2017-08-08,0.0009483138160898699,IWM,"ARIMA(1,0,1)"
2017-08-09,0.0010313091111192076,IWM,"ARIMA(1,0,1)"
2017-08-10,0.0005531931298017645,IWM,"ARIMA(1,0,1)"
2017-08-11,0.000509245127126411,IWM,"ARIMA(1,0,1)"
2017-08-14,0.0004966303433812502,IWM,"ARIMA(1,0,1)"
2017-08-15,0.0005528052544742449,IWM,"ARIMA(1,0,1)"
2017-08-16,0.0004799700509660074,IWM,"ARIMA(1,0,1)"
2017-08-17,0.0005133858598388802,IWM,"ARIMA(1,0,1)"
2017-08-18,0.0012815051511937306,IWM,"ARIMA(1,0,1)"
2017-08-21,0.0012602585373414222,IWM,"ARIMA(1,0,1)"
2017-08-22,0.000919591874980217,IWM,"ARIMA(1,0,1)"
2017-08-23,0.0004935211123942732,IWM,"ARIMA(1,0,1)"
2017-08-24,0.0004903226746876214,IWM,"ARIMA(1,0,1)"
2017-08-25,0.0005197490240626222,IWM,"ARIMA(1,0,1)"
2017-08-28,0.0005618338686614419,IWM,"ARIMA(1,0,1)"
2017-08-29,0.000475833002535905,IWM,"ARIMA(1,0,1)"
2017-08-30,0.00045476641656512414,IWM,"ARIMA(1,0,1)"
2017-08-31,0.0003958830128473835,IWM,"ARIMA(1,0,1)"
2017-09-01,0.00043349906731824837,IWM,"ARIMA(1,0,1)"
2017-09-05,0.00047116968926629813,IWM,"ARIMA(1,0,1)"
2017-09-06,0.0004993548930939727,IWM,"ARIMA(1,0,1)"
2017-09-07,0.00048018839561532966,IWM,"ARIMA(1,0,1)"
2017-09-08,0.0004384901709171298,IWM,"ARIMA(1,0,1)"
2017-09-11,0.0004863028519373891,IWM,"ARIMA(1,0,1)"
2017-09-12,0.0006419129648266454,IWM,"ARIMA(1,0,1)"
2017-09-13,0.0006122846985215727,IWM,"ARIMA(1,0,1)"
2017-09-14,0.0007012696258786955,IWM,"ARIMA(1,0,1)"
2017-09-15,0.00555625643703248,IWM,"ARIMA(1,0,1)"
2017-09-18,0.0006640404763276136,IWM,"ARIMA(1,0,1)"
2017-09-19,0.0006984756134295594,IWM,"ARIMA(1,0,1)"
2017-09-20,0.0006722246398796983,IWM,"ARIMA(1,0,1)"
2017-09-21,0.0007018106843453325,IWM,"ARIMA(1,0,1)"
2017-09-22,0.0006404608292744906,IWM,"ARIMA(1,0,1)"
2017-09-25,0.0005990172833652342,IWM,"ARIMA(1,0,1)"
2017-09-26,0.0006344454287478545,IWM,"ARIMA(1,0,1)"
2017-09-27,0.0011145395403584267,IWM,"ARIMA(1,0,1)"
2017-09-28,0.0016979225525320996,IWM,"ARIMA(1,0,1)"
2017-09-29,0.0018528878181410758,IWM,"ARIMA(1,0,1)"
2017-10-02,0.0017972998316995565,IWM,"ARIMA(1,0,1)"
2017-10-03,0.0024567780650194076,IWM,"ARIMA(1,0,1)"
2017-10-04,0.0015155387548546491,IWM,"ARIMA(1,0,1)"
2017-10-05,0.0017497614940629748,IWM,"ARIMA(1,0,1)"
2017-10-06,0.0015558524497663508,IWM,"ARIMA(1,0,1)"
2017-10-09,0.0009152483535798799,IWM,"ARIMA(1,0,1)"
2017-10-10,0.0005780785012017664,IWM,"ARIMA(1,0,1)"
2017-10-11,0.000731456313669034,IWM,"ARIMA(1,0,1)"
2017-10-12,0.0007279339262087556,IWM,"ARIMA(1,0,1)"
2017-10-13,0.0006690212420512111,IWM,"ARIMA(1,0,1)"
2017-10-16,0.000588431056132536,IWM,"ARIMA(1,0,1)"
2017-10-17,0.0005827572162502213,IWM,"ARIMA(1,0,1)"
2017-10-18,0.00042134956277022463,IWM,"ARIMA(1,0,1)"
2017-10-19,0.0008042416832595852,IWM,"ARIMA(1,0,1)"
2017-10-20,0.0007043210755654872,IWM,"ARIMA(1,0,1)"
2017-10-23,0.0009807528496278044,IWM,"ARIMA(1,0,1)"
2017-10-24,0.00043303935952983263,IWM,"ARIMA(1,0,1)"
2017-10-25,0.0006390879371259771,IWM,"ARIMA(1,0,1)"
2017-10-26,0.0003979901978584181,IWM,"ARIMA(1,0,1)"
2017-10-27,0.0008086217150700908,IWM,"ARIMA(1,0,1)"
2017-10-30,0.0011025057716059436,IWM,"ARIMA(1,0,1)"
2017-10-31,0.0005626907710239015,IWM,"ARIMA(1,0,1)"
2017-11-01,0.0008838080241457705,IWM,"ARIMA(1,0,1)"
2017-11-02,0.000795831358944164,IWM,"ARIMA(1,0,1)"
2017-11-03,0.0010515568389147614,IWM,"ARIMA(1,0,1)"
2017-11-06,0.0007973627766866868,IWM,"ARIMA(1,0,1)"
2017-11-07,0.0010208946580549892,IWM,"ARIMA(1,0,1)"
2017-11-08,0.0010967933810908555,IWM,"ARIMA(1,0,1)"
2017-11-09,0.0013334074314692774,IWM,"ARIMA(1,0,1)"
2017-11-10,0.0010290022432840593,IWM,"ARIMA(1,0,1)"
2017-11-13,0.0010642481420401655,IWM,"ARIMA(1,0,1)"
2017-11-14,0.0007973397887534964,IWM,"ARIMA(1,0,1)"
2017-11-15,0.0008718923075355598,IWM,"ARIMA(1,0,1)"
2017-11-16,0.0009937108122865072,IWM,"ARIMA(1,0,1)"
2017-11-17,-0.0001114887335835359,IWM,"ARIMA(1,0,1)"
2017-11-20,-8.565207779936816e-05,IWM,"ARIMA(1,0,1)"
2017-11-21,-0.000336308150010688,IWM,"ARIMA(1,0,1)"
2017-11-22,-0.0005360686660270873,IWM,"ARIMA(1,0,1)"
2017-11-24,0.0002609652997588669,IWM,"ARIMA(1,0,1)"
2017-11-27,0.0003813105371033743,IWM,"ARIMA(1,0,1)"
2017-11-28,0.0006193923833968557,IWM,"ARIMA(1,0,1)"
2017-11-29,-0.0004116446287023307,IWM,"ARIMA(1,0,1)"
2017-11-30,-0.00013020652637662773,IWM,"ARIMA(1,0,1)"
2017-12-01,0.00032312211697624544,IWM,"ARIMA(1,0,1)"
2017-12-04,0.0008317070844056093,IWM,"ARIMA(1,0,1)"
2017-12-05,0.001052357051183867,IWM,"ARIMA(1,0,1)"
2017-12-06,0.0016659778522175614,IWM,"ARIMA(1,0,1)"
2017-12-07,0.0017722151380850162,IWM,"ARIMA(1,0,1)"
2017-12-08,0.00045025334071198533,IWM,"ARIMA(1,0,1)"
2017-12-11,0.0003879087722334034,IWM,"ARIMA(1,0,1)"
2017-12-12,0.0005457357721277574,IWM,"ARIMA(1,0,1)"
2017-12-13,0.0008209724693358368,IWM,"ARIMA(1,0,1)"
2017-12-14,0.00020832207244784903,IWM,"ARIMA(1,0,1)"
2017-12-15,0.0014145179818588144,IWM,"ARIMA(1,0,1)"
2017-12-18,-0.0004300854769176198,IWM,"ARIMA(1,0,1)"
2017-12-19,-0.001100001221981708,IWM,"ARIMA(1,0,1)"
2017-12-20,0.00040842587090248155,IWM,"ARIMA(1,0,1)"
2017-12-21,0.0002919266178937328,IWM,"ARIMA(1,0,1)"
2017-12-22,4.0960255028303963e-05,IWM,"ARIMA(1,0,1)"
2017-12-26,0.0005496011494700046,IWM,"ARIMA(1,0,1)"
2017-12-27,0.0005117370132101145,IWM,"ARIMA(1,0,1)"
2017-12-28,0.0006437404445619457,IWM,"ARIMA(1,0,1)"
2017-12-29,0.0002948353752290048,IWM,"ARIMA(1,0,1)"
2018-01-02,0.0013378314614273777,IWM,"ARIMA(1,0,1)"
2018-01-03,1.9339585750256078e-05,IWM,"ARIMA(1,0,1)"
2018-01-04,0.0002534544040405577,IWM,"ARIMA(1,0,1)"
2018-01-05,0.00013220432828027658,IWM,"ARIMA(1,0,1)"
2018-01-08,0.00028860139633683985,IWM,"ARIMA(1,0,1)"
2018-01-09,0.0003751788775886658,IWM,"ARIMA(1,0,1)"
2018-01-10,0.0007264223064013279,IWM,"ARIMA(1,0,1)"
2018-01-11,0.0006467469566762199,IWM,"ARIMA(1,0,1)"
2018-01-12,-0.0008501116196688417,IWM,"ARIMA(1,0,1)"
2018-01-16,-0.0002714996129362905,IWM,"ARIMA(1,0,1)"
2018-01-17,0.0012167260112281252,IWM,"ARIMA(1,0,1)"
2018-01-18,0.00023439807497981438,IWM,"ARIMA(1,0,1)"
2018-01-19,0.0011567081902950614,IWM,"ARIMA(1,0,1)"
2018-01-22,-0.00023775577952592068,IWM,"ARIMA(1,0,1)"
2018-01-23,-0.00017359413542886453,IWM,"ARIMA(1,0,1)"
2018-01-24,0.00015487857912025512,IWM,"ARIMA(1,0,1)"
2018-01-25,0.0010930132632865773,IWM,"ARIMA(1,0,1)"
2018-01-26,0.000851850408277439,IWM,"ARIMA(1,0,1)"
2018-01-29,0.00045484590383155696,IWM,"ARIMA(1,0,1)"
2018-01-30,0.0012995027959293354,IWM,"ARIMA(1,0,1)"
2018-01-31,0.001864208442582259,IWM,"ARIMA(1,0,1)"
2018-02-01,0.0015948735552529809,IWM,"ARIMA(1,0,1)"
2018-02-02,0.0008507748151336917,IWM,"ARIMA(1,0,1)"
2018-02-05,0.0022812495285149175,IWM,"ARIMA(1,0,1)"
2018-02-06,0.0009616502449935393,IWM,"ARIMA(1,0,1)"
2018-02-07,-0.00034008096148658017,IWM,"ARIMA(1,0,1)"
2018-02-08,0.00047617632977503993,IWM,"ARIMA(1,0,1)"
2018-02-09,0.00140278528193551,IWM,"ARIMA(1,0,1)"
2018-02-12,0.00019574340815001488,IWM,"ARIMA(1,0,1)"
2018-02-13,0.0002361855315820803,IWM,"ARIMA(1,0,1)"
2018-02-14,0.00027286344111410746,IWM,"ARIMA(1,0,1)"
2018-02-15,-0.0005171628967015993,IWM,"ARIMA(1,0,1)"
2018-02-16,0.0003732991462644673,IWM,"ARIMA(1,0,1)"
2018-02-20,0.0003293045619725671,IWM,"ARIMA(1,0,1)"
2018-02-21,0.0008367186626838542,IWM,"ARIMA(1,0,1)"
2018-02-22,6.637161002863e-05,IWM,"ARIMA(1,0,1)"
2018-02-23,0.0006907325393515889,IWM,"ARIMA(1,0,1)"
2018-02-26,-9.74599089888603e-05,IWM,"ARIMA(1,0,1)"
2018-02-27,0.0006015319761144534,IWM,"ARIMA(1,0,1)"
2018-02-28,0.0003936296694755061,IWM,"ARIMA(1,0,1)"
2018-03-01,-0.00045562044564451923,IWM,"ARIMA(1,0,1)"
2018-03-02,0.0003127769938054641,IWM,"ARIMA(1,0,1)"
2018-03-05,0.0005569800619035402,IWM,"ARIMA(1,0,1)"
2018-03-06,0.00044572825612014923,IWM,"ARIMA(1,0,1)"
2018-03-07,0.0007568386362305275,IWM,"ARIMA(1,0,1)"
2018-03-08,0.0006375255971530634,IWM,"ARIMA(1,0,1)"
2018-03-09,0.0005090370942806731,IWM,"ARIMA(1,0,1)"
2018-03-12,0.002056980980787099,IWM,"ARIMA(1,0,1)"
2018-03-13,-0.0006923586500207947,IWM,"ARIMA(1,0,1)"
2018-03-14,0.001851619384822568,IWM,"ARIMA(1,0,1)"
2018-03-15,-0.00014565524246231906,IWM,"ARIMA(1,0,1)"
2018-03-16,0.0022025365203347793,IWM,"ARIMA(1,0,1)"
2018-03-19,0.0002588923119464572,IWM,"ARIMA(1,0,1)"
2018-03-20,0.0009814588797638867,IWM,"ARIMA(1,0,1)"
2018-03-21,0.00014376884419597393,IWM,"ARIMA(1,0,1)"
2018-03-22,0.0006863929128071729,IWM,"ARIMA(1,0,1)"
2018-03-23,0.000593874772286689,IWM,"ARIMA(1,0,1)"
2018-03-26,0.00048545857975309425,IWM,"ARIMA(1,0,1)"
2018-03-27,0.0008473532793182992,IWM,"ARIMA(1,0,1)"
2018-03-28,0.0004828657555738274,IWM,"ARIMA(1,0,1)"
2018-03-29,0.00011173068936868024,IWM,"ARIMA(1,0,1)"
2018-04-02,0.0004482544018446475,IWM,"ARIMA(1,0,1)"
2018-04-03,0.0003507676385666294,IWM,"ARIMA(1,0,1)"
2018-04-04,-0.0007240121338623615,IWM,"ARIMA(1,0,1)"
2018-04-05,0.0006124612949704329,IWM,"ARIMA(1,0,1)"
2018-04-06,0.00014370945628389565,IWM,"ARIMA(1,0,1)"
2018-04-09,0.0014656837575264998,IWM,"ARIMA(1,0,1)"
2018-04-10,0.002267742373306551,IWM,"ARIMA(1,0,1)"
2018-04-11,0.00016503681340815477,IWM,"ARIMA(1,0,1)"
2018-04-12,0.0009788571320129052,IWM,"ARIMA(1,0,1)"
2018-04-13,0.0010769698614721964,IWM,"ARIMA(1,0,1)"
2018-04-16,2.193905127527169e-05,IWM,"ARIMA(1,0,1)"
2018-04-17,0.0017518434113217222,IWM,"ARIMA(1,0,1)"
2018-04-18,0.00047426277710285866,IWM,"ARIMA(1,0,1)"
2018-04-19,0.0005874832205832175,IWM,"ARIMA(1,0,1)"
2018-04-20,0.0008186714493663348,IWM,"ARIMA(1,0,1)"
2018-04-23,0.0005043681774669306,IWM,"ARIMA(1,0,1)"
2018-04-24,0.00042081644250910636,IWM,"ARIMA(1,0,1)"
2018-04-25,0.00029345597745724153,IWM,"ARIMA(1,0,1)"
2018-04-26,0.0004216977904317365,IWM,"ARIMA(1,0,1)"
2018-04-27,0.0007410336300933998,IWM,"ARIMA(1,0,1)"
2018-04-30,2.143698839850866e-06,IWM,"ARIMA(1,0,1)"
2018-05-01,3.4267207444178415e-05,IWM,"ARIMA(1,0,1)"
2018-05-02,0.0011238474493133538,IWM,"ARIMA(1,0,1)"
2018-05-03,0.00015362155771981434,IWM,"ARIMA(1,0,1)"
2018-05-04,0.00024959074576815193,IWM,"ARIMA(1,0,1)"
2018-05-07,0.0016569307264861157,IWM,"ARIMA(1,0,1)"
2018-05-08,0.00021424605307643558,IWM,"ARIMA(1,0,1)"
2018-05-09,0.0011788351630310104,IWM,"ARIMA(1,0,1)"
2018-05-10,0.0005820791669898645,IWM,"ARIMA(1,0,1)"
2018-05-11,0.0005162388636612663,IWM,"ARIMA(1,0,1)"
2018-05-14,0.00034602624454489826,IWM,"ARIMA(1,0,1)"
2018-05-15,0.00036844065621696254,IWM,"ARIMA(1,0,1)"
2018-05-16,0.0006559846120978159,IWM,"ARIMA(1,0,1)"
2018-05-17,0.0014102386073980902,IWM,"ARIMA(1,0,1)"
2018-05-18,0.0008227395087621149,IWM,"ARIMA(1,0,1)"
2018-05-21,0.000702591170161854,IWM,"ARIMA(1,0,1)"
2018-05-22,0.0007350057131432353,IWM,"ARIMA(1,0,1)"
2018-05-23,0.0008864833082292725,IWM,"ARIMA(1,0,1)"
2018-05-24,0.000543720424029077,IWM,"ARIMA(1,0,1)"
2018-05-25,0.0008379526132128529,IWM,"ARIMA(1,0,1)"
2018-05-29,0.0006173822248864908,IWM,"ARIMA(1,0,1)"
2018-05-30,0.0007731609432837,IWM,"ARIMA(1,0,1)"
2018-05-31,0.00027161258616385895,IWM,"ARIMA(1,0,1)"
2018-06-01,-0.0011609720783950159,IWM,"ARIMA(1,0,1)"
2018-06-04,-0.00016382629767533582,IWM,"ARIMA(1,0,1)"
2018-06-05,0.001236676976317372,IWM,"ARIMA(1,0,1)"
2018-06-06,3.324341479929416e-05,IWM,"ARIMA(1,0,1)"
2018-06-07,0.0013937578122510822,IWM,"ARIMA(1,0,1)"
2018-06-08,0.0006910064347337582,IWM,"ARIMA(1,0,1)"
2018-06-11,0.0006321298880759638,IWM,"ARIMA(1,0,1)"
2018-06-12,0.0007013466051859023,IWM,"ARIMA(1,0,1)"
2018-06-13,0.0005929650802181207,IWM,"ARIMA(1,0,1)"
2018-06-14,0.001024086609734604,IWM,"ARIMA(1,0,1)"
2018-06-15,0.0002848169886125677,IWM,"ARIMA(1,0,1)"
2018-06-18,0.0010855771978746226,IWM,"ARIMA(1,0,1)"
2018-06-19,0.00033744171306527876,IWM,"ARIMA(1,0,1)"
2018-06-20,0.0011185759396103523,IWM,"ARIMA(1,0,1)"
2018-06-21,0.00019937980531602162,IWM,"ARIMA(1,0,1)"
2018-06-22,0.0017143199912990085,IWM,"ARIMA(1,0,1)"
2018-06-25,0.0002118317250309178,IWM,"ARIMA(1,0,1)"
2018-06-26,0.0015922752791060015,IWM,"ARIMA(1,0,1)"
2018-06-27,-0.00027006326449528523,IWM,"ARIMA(1,0,1)"
2018-06-28,-0.000979284456363957,IWM,"ARIMA(1,0,1)"
2018-06-29,-0.0010185958224386102,IWM,"ARIMA(1,0,1)"
2018-07-02,0.002066108101939571,IWM,"ARIMA(1,0,1)"
2018-07-03,-0.0008295985975070758,IWM,"ARIMA(1,0,1)"
2018-07-05,0.0013392750211290937,IWM,"ARIMA(1,0,1)"
2018-07-06,-0.0010959999108690734,IWM,"ARIMA(1,0,1)"
2018-07-09,0.0007975820272123954,IWM,"ARIMA(1,0,1)"
2018-07-10,0.0007865226959880702,IWM,"ARIMA(1,0,1)"
2018-07-11,0.000785423138396193,IWM,"ARIMA(1,0,1)"
2018-07-12,0.0011092417941849855,IWM,"ARIMA(1,0,1)"
2018-07-13,0.0007287458204604037,IWM,"ARIMA(1,0,1)"
2018-07-16,0.0007139760727632781,IWM,"ARIMA(1,0,1)"
2018-07-17,0.0006911003571400658,IWM,"ARIMA(1,0,1)"
2018-07-18,0.0007020430853432385,IWM,"ARIMA(1,0,1)"
2018-07-19,0.000722733362227791,IWM,"ARIMA(1,0,1)"
2018-07-20,0.000710209667992503,IWM,"ARIMA(1,0,1)"
2018-07-23,0.0006932375770025805,IWM,"ARIMA(1,0,1)"
2018-07-24,0.000710734771502131,IWM,"ARIMA(1,0,1)"
2018-07-25,0.0006638778016033111,IWM,"ARIMA(1,0,1)"
2018-07-26,0.0006442967579585596,IWM,"ARIMA(1,0,1)"
2018-07-27,0.0006876698988396731,IWM,"ARIMA(1,0,1)"
2018-07-30,0.0006405653976054665,IWM,"ARIMA(1,0,1)"
2018-07-31,0.0006211365962643897,IWM,"ARIMA(1,0,1)"
2018-08-01,0.001186831564223798,IWM,"ARIMA(1,0,1)"
2018-08-02,0.0012403652333407747,IWM,"ARIMA(1,0,1)"
2018-08-03,-0.00034739987996948777,IWM,"ARIMA(1,0,1)"
2018-08-06,0.0013932258867954547,IWM,"ARIMA(1,0,1)"
2018-08-07,-0.00012050824665708307,IWM,"ARIMA(1,0,1)"
2018-08-08,0.0013740517423320312,IWM,"ARIMA(1,0,1)"
2018-08-09,0.0006444691644087178,IWM,"ARIMA(1,0,1)"
2018-08-10,0.00101927268609594,IWM,"ARIMA(1,0,1)"
2018-08-13,0.0010018041580111014,IWM,"ARIMA(1,0,1)"
2018-08-14,0.0012734840374767492,IWM,"ARIMA(1,0,1)"
2018-08-15,-1.8214143251734597e-05,IWM,"ARIMA(1,0,1)"
2018-08-16,0.0020465189566366386,IWM,"ARIMA(1,0,1)"
2018-08-17,-0.00038558532710302536,IWM,"ARIMA(1,0,1)"
2018-08-20,0.0017902337012245845,IWM,"ARIMA(1,0,1)"
2018-08-21,0.00017589964863599927,IWM,"ARIMA(1,0,1)"
2018-08-22,0.0013616121904709189,IWM,"ARIMA(1,0,1)"
2018-08-23,0.00030109151005879085,IWM,"ARIMA(1,0,1)"
2018-08-24,0.0015450605008779236,IWM,"ARIMA(1,0,1)"
2018-08-27,0.00023140277533909503,IWM,"ARIMA(1,0,1)"
2018-08-28,0.0014941775225805294,IWM,"ARIMA(1,0,1)"
2018-08-29,0.0004753269023985277,IWM,"ARIMA(1,0,1)"
2018-08-30,0.0010547725172286965,IWM,"ARIMA(1,0,1)"
2018-08-31,0.0008887877019958801,IWM,"ARIMA(1,0,1)"
2018-09-04,0.000792943871417783,IWM,"ARIMA(1,0,1)"
2018-09-05,0.001256343704641302,IWM,"ARIMA(1,0,1)"
2018-09-06,0.0008133437011855811,IWM,"ARIMA(1,0,1)"
2018-09-07,0.0011897634446009762,IWM,"ARIMA(1,0,1)"
2018-09-10,0.0007177030594585044,IWM,"ARIMA(1,0,1)"
2018-09-11,0.0011158091012181874,IWM,"ARIMA(1,0,1)"
2018-09-12,0.0005628609157144385,IWM,"ARIMA(1,0,1)"
2018-09-13,0.0011691385595164838,IWM,"ARIMA(1,0,1)"
2018-09-14,0.0004828523157704253,IWM,"ARIMA(1,0,1)"
2018-09-17,0.000816827307100695,IWM,"ARIMA(1,0,1)"
2018-09-18,0.0014200670450639692,IWM,"ARIMA(1,0,1)"
2018-09-19,-8.186874566355295e-06,IWM,"ARIMA(1,0,1)"
2018-09-20,0.0015031661825575188,IWM,"ARIMA(1,0,1)"
2018-09-21,0.0011345874263384717,IWM,"ARIMA(1,0,1)"
2018-09-24,0.0005030074018916286,IWM,"ARIMA(1,0,1)"
2018-09-25,0.0007693783932659149,IWM,"ARIMA(1,0,1)"
2018-09-26,0.0006733561336367401,IWM,"ARIMA(1,0,1)"
2018-09-27,0.0013570243471145902,IWM,"ARIMA(1,0,1)"
2018-09-28,0.0002758905330111563,IWM,"ARIMA(1,0,1)"
2018-10-01,0.0005006276686104466,IWM,"ARIMA(1,0,1)"
2018-10-02,0.0015814740228988445,IWM,"ARIMA(1,0,1)"
2018-10-03,0.00036703630775925433,IWM,"ARIMA(1,0,1)"
2018-10-04,0.0004839851818438123,IWM,"ARIMA(1,0,1)"
2018-10-05,0.001917060503753786,IWM,"ARIMA(1,0,1)"
2018-10-08,0.00045851844491632073,IWM,"ARIMA(1,0,1)"
2018-10-09,0.00019380891512336485,IWM,"ARIMA(1,0,1)"
2018-10-10,0.0003650882502015144,IWM,"ARIMA(1,0,1)"
2018-10-11,0.0017684038683720186,IWM,"ARIMA(1,0,1)"
2018-10-12,0.00014612908717065532,IWM,"ARIMA(1,0,1)"
2018-10-15,0.0001491560388478515,IWM,"ARIMA(1,0,1)"
2018-10-16,0.00017019787600348798,IWM,"ARIMA(1,0,1)"
2018-10-17,-0.0004797680123412302,IWM,"ARIMA(1,0,1)"
2018-10-18,0.00028581335898297556,IWM,"ARIMA(1,0,1)"
2018-10-19,0.00019185602532689506,IWM,"ARIMA(1,0,1)"
2018-10-22,0.000150906272372334,IWM,"ARIMA(1,0,1)"
2018-10-23,0.00012483828827688365,IWM,"ARIMA(1,0,1)"
2018-10-24,0.00011858496942389174,IWM,"ARIMA(1,0,1)"
2018-10-25,-4.0197308133577574e-05,IWM,"ARIMA(1,0,1)"
2018-10-26,6.297514498700471e-05,IWM,"ARIMA(1,0,1)"
2018-10-29,0.00045583961598022027,IWM,"ARIMA(1,0,1)"
2018-10-30,0.000167777128265995,IWM,"ARIMA(1,0,1)"
2018-10-31,-0.0007043982932575801,IWM,"ARIMA(1,0,1)"
2018-11-01,-1.2131376596447423e-05,IWM,"ARIMA(1,0,1)"
2018-11-02,0.00018261969709038842,IWM,"ARIMA(1,0,1)"
2018-11-05,0.0001847656685471829,IWM,"ARIMA(1,0,1)"
2018-11-06,0.00018442640478018294,IWM,"ARIMA(1,0,1)"
2018-11-07,0.00019948960449965117,IWM,"ARIMA(1,0,1)"
2018-11-08,0.00031793708004026534,IWM,"ARIMA(1,0,1)"
2018-11-09,0.0003019568480089917,IWM,"ARIMA(1,0,1)"
2018-11-12,0.00024180675733178806,IWM,"ARIMA(1,0,1)"
2018-11-13,0.00016536217318918753,IWM,"ARIMA(1,0,1)"
2018-11-14,0.00015166281125592027,IWM,"ARIMA(1,0,1)"
2018-11-15,0.00013340083556250028,IWM,"ARIMA(1,0,1)"
2018-11-16,0.00020533223591758722,IWM,"ARIMA(1,0,1)"
2018-11-19,0.00015666848549707917,IWM,"ARIMA(1,0,1)"
2018-11-20,5.7129650896750894e-05,IWM,"ARIMA(1,0,1)"
2018-11-21,-4.890827038165355e-05,IWM,"ARIMA(1,0,1)"
2018-11-23,-3.487026331046862e-05,IWM,"ARIMA(1,0,1)"
2018-11-26,-3.336626371161822e-05,IWM,"ARIMA(1,0,1)"
2018-11-27,1.6149039980599303e-05,IWM,"ARIMA(1,0,1)"
2018-11-28,-4.863977510785435e-06,IWM,"ARIMA(1,0,1)"
2018-11-29,3.055679486304007e-05,IWM,"ARIMA(1,0,1)"
2018-11-30,5.561552682086984e-05,IWM,"ARIMA(1,0,1)"
2018-12-03,-9.256578893627085e-05,IWM,"ARIMA(1,0,1)"
2018-12-04,7.641423173641554e-05,IWM,"ARIMA(1,0,1)"
2018-12-06,0.00026540807381428673,IWM,"ARIMA(1,0,1)"
2018-12-07,-5.255483970724863e-05,IWM,"ARIMA(1,0,1)"
2018-12-10,-0.00012074584323522253,IWM,"ARIMA(1,0,1)"
2018-12-11,-0.00016003536745641032,IWM,"ARIMA(1,0,1)"
2018-12-12,-0.00016755861436984,IWM,"ARIMA(1,0,1)"
2018-12-13,-0.00012599292211454765,IWM,"ARIMA(1,0,1)"
2018-12-14,0.00027447880181461,IWM,"ARIMA(1,0,1)"
2018-12-17,-0.00025696533660935536,IWM,"ARIMA(1,0,1)"
2018-12-18,-0.00030275509958280634,IWM,"ARIMA(1,0,1)"
2018-12-19,-0.0003615593930227881,IWM,"ARIMA(1,0,1)"
2018-12-20,-0.000499817592293712,IWM,"ARIMA(1,0,1)"
2018-12-21,-0.0005342627354447149,IWM,"ARIMA(1,0,1)"
2018-12-24,-0.0006464775764995098,IWM,"ARIMA(1,0,1)"
2018-12-26,-0.0013973617164772633,IWM,"ARIMA(1,0,1)"
2018-12-27,-0.0005479086374776576,IWM,"ARIMA(1,0,1)"
2018-12-28,-0.0005336273808173504,IWM,"ARIMA(1,0,1)"
2018-12-31,-0.0005185177389628965,IWM,"ARIMA(1,0,1)"
2019-01-02,-0.000503284348816348,IWM,"ARIMA(1,0,1)"
2019-01-03,-0.00044822838028469306,IWM,"ARIMA(1,0,1)"
2019-01-04,-0.0005570005682776084,IWM,"ARIMA(1,0,1)"
2019-01-07,-0.0004155862540609412,IWM,"ARIMA(1,0,1)"
2019-01-08,-0.00035694975116709615,IWM,"ARIMA(1,0,1)"
2019-01-09,-0.00020335607047109768,IWM,"ARIMA(1,0,1)"
2019-01-10,-6.697763704119878e-05,IWM,"ARIMA(1,0,1)"
2019-01-11,-0.00011121006370878086,IWM,"ARIMA(1,0,1)"
2019-01-14,-0.00024008635231745638,IWM,"ARIMA(1,0,1)"
2019-01-15,-0.0005983619956878433,IWM,"ARIMA(1,0,1)"
2019-01-16,-0.0003435546697232597,IWM,"ARIMA(1,0,1)"
2019-01-17,-3.941334257670498e-05,IWM,"ARIMA(1,0,1)"
2019-01-18,0.000506065222638983,IWM,"ARIMA(1,0,1)"
2019-01-22,0.00020355545940933562,IWM,"ARIMA(1,0,1)"
2019-01-23,0.00010717733476724281,IWM,"ARIMA(1,0,1)"
2019-01-24,-0.00027486248522085087,IWM,"ARIMA(1,0,1)"
2019-01-25,-0.00021173522353711965,IWM,"ARIMA(1,0,1)"
2019-01-28,0.0002530785827308642,IWM,"ARIMA(1,0,1)"
2019-01-29,-0.0003212613943098745,IWM,"ARIMA(1,0,1)"
2019-01-30,-0.0003789917519804238,IWM,"ARIMA(1,0,1)"
2019-01-31,0.00010468015109045436,IWM,"ARIMA(1,0,1)"
2019-02-01,0.00012045716630093743,IWM,"ARIMA(1,0,1)"
2019-02-04,-0.0001411335151677092,IWM,"ARIMA(1,0,1)"
2019-02-05,0.00032083967887902814,IWM,"ARIMA(1,0,1)"
2019-02-06,-1.5653131409898626e-05,IWM,"ARIMA(1,0,1)"
2019-02-07,0.00012440477805491246,IWM,"ARIMA(1,0,1)"
2019-02-08,4.443535379516476e-05,IWM,"ARIMA(1,0,1)"
2019-02-11,4.474061922251069e-05,IWM,"ARIMA(1,0,1)"
2019-02-12,0.0005057239666743552,IWM,"ARIMA(1,0,1)"
2019-02-13,0.00018957895770066994,IWM,"ARIMA(1,0,1)"
2019-02-14,0.00023596429094197317,IWM,"ARIMA(1,0,1)"
2019-02-15,0.00026335680496881374,IWM,"ARIMA(1,0,1)"
2019-02-19,0.000708865634707209,IWM,"ARIMA(1,0,1)"
2019-02-20,0.000221712239091955,IWM,"ARIMA(1,0,1)"
2019-02-21,0.0003035650579134695,IWM,"ARIMA(1,0,1)"
2019-02-22,2.228698581059217e-05,IWM,"ARIMA(1,0,1)"
2019-02-25,0.0004807208354139183,IWM,"ARIMA(1,0,1)"
2019-02-26,0.00019913740082642666,IWM,"ARIMA(1,0,1)"
2019-02-27,-0.00010197894060700364,IWM,"ARIMA(1,0,1)"
2019-02-28,0.00014973379219093577,IWM,"ARIMA(1,0,1)"
2019-03-01,0.00014745230135314175,IWM,"ARIMA(1,0,1)"
2019-03-04,0.0004698449753928669,IWM,"ARIMA(1,0,1)"
2019-03-05,0.00022172824565550397,IWM,"ARIMA(1,0,1)"
2019-03-06,0.00014325396178614823,IWM,"ARIMA(1,0,1)"
2019-03-07,-0.0003897902310499394,IWM,"ARIMA(1,0,1)"
2019-03-08,-5.17889417914732e-05,IWM,"ARIMA(1,0,1)"
2019-03-11,-8.401691099080791e-05,IWM,"ARIMA(1,0,1)"
2019-03-12,-9.517139778352306e-06,IWM,"ARIMA(1,0,1)"
2019-03-13,-7.03192193993475e-05,IWM,"ARIMA(1,0,1)"
2019-03-14,-6.16052792377458e-05,IWM,"ARIMA(1,0,1)"
2019-03-15,-0.00015727925683825045,IWM,"ARIMA(1,0,1)"
2019-03-18,-3.0003773413769752e-05,IWM,"ARIMA(1,0,1)"
2019-03-19,1.514556266208974e-05,IWM,"ARIMA(1,0,1)"
2019-03-20,-2.7779293670014196e-05,IWM,"ARIMA(1,0,1)"
2019-03-21,-2.220460239061199e-05,IWM,"ARIMA(1,0,1)"
2019-03-22,2.949025473084052e-05,IWM,"ARIMA(1,0,1)"
2019-03-25,-0.00044689623839796544,IWM,"ARIMA(1,0,1)"
2019-03-26,-0.0002834701680619708,IWM,"ARIMA(1,0,1)"
2019-03-27,9.368593840795638e-05,IWM,"ARIMA(1,0,1)"
2019-03-28,-7.577015061886201e-06,IWM,"ARIMA(1,0,1)"
2019-03-29,0.00022040822572361282,IWM,"ARIMA(1,0,1)"
2019-04-01,0.0003321408868107088,IWM,"ARIMA(1,0,1)"
2019-04-02,0.0005529173330838153,IWM,"ARIMA(1,0,1)"
2019-04-03,0.0005855321212850223,IWM,"ARIMA(1,0,1)"
2019-04-04,0.00039875086228991966,IWM,"ARIMA(1,0,1)"
2019-04-05,0.0006601468679079883,IWM,"ARIMA(1,0,1)"
2019-04-08,0.000921381601881002,IWM,"ARIMA(1,0,1)"
2019-04-09,0.0007364411060634054,IWM,"ARIMA(1,0,1)"
2019-04-10,-0.00019975341415335226,IWM,"ARIMA(1,0,1)"
2019-04-11,0.0004790748380905179,IWM,"ARIMA(1,0,1)"
2019-04-12,0.0003400606594463036,IWM,"ARIMA(1,0,1)"
2019-04-15,0.00034217204476981683,IWM,"ARIMA(1,0,1)"
2019-04-16,0.00016655499210393215,IWM,"ARIMA(1,0,1)"
2019-04-17,0.00020191742009944633,IWM,"ARIMA(1,0,1)"
2019-04-18,-0.00012781144404189226,IWM,"ARIMA(1,0,1)"
2019-04-22,-0.0001776693465511715,IWM,"ARIMA(1,0,1)"
2019-04-23,-0.00016766159553809659,IWM,"ARIMA(1,0,1)"
2019-04-24,0.0003185378468228089,IWM,"ARIMA(1,0,1)"
2019-04-25,0.0003350832740863102,IWM,"ARIMA(1,0,1)"
2019-04-26,5.47574795752849e-05,IWM,"ARIMA(1,0,1)"
2019-04-29,0.0003110544250068307,IWM,"ARIMA(1,0,1)"
2019-04-30,0.0003841518820462934,IWM,"ARIMA(1,0,1)"
2019-05-01,0.0002061595637906106,IWM,"ARIMA(1,0,1)"
2019-05-02,-5.787826321659932e-05,IWM,"ARIMA(1,0,1)"
2019-05-03,0.00010831848173469715,IWM,"ARIMA(1,0,1)"
2019-05-06,0.000633700278716698,IWM,"ARIMA(1,0,1)"
2019-05-07,0.0005286777903515676,IWM,"ARIMA(1,0,1)"
2019-05-08,-0.00014238562060117058,IWM,"ARIMA(1,0,1)"
2019-05-09,-0.00027929535942040076,IWM,"ARIMA(1,0,1)"
2019-05-10,-0.000297365083908229,IWM,"ARIMA(1,0,1)"
2019-05-13,-0.00012295471550039742,IWM,"ARIMA(1,0,1)"
2019-05-14,-0.0009577761318423577,IWM,"ARIMA(1,0,1)"
2019-05-15,-0.00014786710652491978,IWM,"ARIMA(1,0,1)"
2019-05-16,-9.024183240748474e-05,IWM,"ARIMA(1,0,1)"
2019-05-17,1.4847888577333277e-05,IWM,"ARIMA(1,0,1)"
2019-05-20,-0.0002492661638200438,IWM,"ARIMA(1,0,1)"
2019-05-21,-0.00032409229734334894,IWM,"ARIMA(1,0,1)"
2019-05-22,-6.787984940845432e-05,IWM,"ARIMA(1,0,1)"
2019-05-23,-0.00024296097352438049,IWM,"ARIMA(1,0,1)"
2019-05-24,-0.0005240365504846571,IWM,"ARIMA(1,0,1)"
2019-05-28,-0.000270976736515777,IWM,"ARIMA(1,0,1)"
2019-05-29,-0.00030125204652949234,IWM,"ARIMA(1,0,1)"
2019-05-30,-0.00048335955522106226,IWM,"ARIMA(1,0,1)"
2019-05-31,-0.000548019696986456,IWM,"ARIMA(1,0,1)"
2019-06-03,-0.0008483990458830694,IWM,"ARIMA(1,0,1)"
2019-06-04,-0.0005571809643198499,IWM,"ARIMA(1,0,1)"
2019-06-05,-0.0002998245767075161,IWM,"ARIMA(1,0,1)"
2019-06-06,-0.0003201086985759705,IWM,"ARIMA(1,0,1)"
2019-06-07,-0.0003549780403502052,IWM,"ARIMA(1,0,1)"
2019-06-10,-0.0003556659090830616,IWM,"ARIMA(1,0,1)"
2019-06-11,-0.0003108181855611399,IWM,"ARIMA(1,0,1)"
2019-06-12,-0.00033437935261633375,IWM,"ARIMA(1,0,1)"
2019-06-13,-0.0003358651771812868,IWM,"ARIMA(1,0,1)"
2019-06-14,-0.00031221795176096686,IWM,"ARIMA(1,0,1)"
2019-06-17,-0.00033145946244136416,IWM,"ARIMA(1,0,1)"
2019-06-18,-0.00032516422756407497,IWM,"ARIMA(1,0,1)"
2019-06-19,-0.00028021584302287514,IWM,"ARIMA(1,0,1)"
2019-06-20,-0.0002867571820353103,IWM,"ARIMA(1,0,1)"
2019-06-21,-0.00026625313848822093,IWM,"ARIMA(1,0,1)"
2019-06-24,-0.00045172388353578865,IWM,"ARIMA(1,0,1)"
2019-06-25,-0.00034475993265031373,IWM,"ARIMA(1,0,1)"
2019-06-26,-0.00035594020898598505,IWM,"ARIMA(1,0,1)"
2019-06-27,-0.0004858474453382604,IWM,"ARIMA(1,0,1)"
2019-06-28,0.00012109873409065609,IWM,"ARIMA(1,0,1)"
2019-07-01,0.0003610082948370776,IWM,"ARIMA(1,0,1)"
2019-07-02,0.0001563020956174127,IWM,"ARIMA(1,0,1)"
2019-07-03,-0.0003106120044380965,IWM,"ARIMA(1,0,1)"
2019-07-05,1.8759123067840533e-05,IWM,"ARIMA(1,0,1)"
2019-07-08,-0.00010611763683546598,IWM,"ARIMA(1,0,1)"
2019-07-09,-0.0004565426512192276,IWM,"ARIMA(1,0,1)"
2019-07-10,-0.00018020432582998143,IWM,"ARIMA(1,0,1)"
2019-07-11,-0.00025431540231265646,IWM,"ARIMA(1,0,1)"
2019-07-12,-0.0004059549457286334,IWM,"ARIMA(1,0,1)"
2019-07-15,-2.7298099996068156e-05,IWM,"ARIMA(1,0,1)"
2019-07-16,-0.00037841346921642637,IWM,"ARIMA(1,0,1)"
2019-07-17,-0.0002574702165472747,IWM,"ARIMA(1,0,1)"
2019-07-18,-0.00041051816693337626,IWM,"ARIMA(1,0,1)"
2019-07-19,-0.00019674807434565426,IWM,"ARIMA(1,0,1)"
2019-07-22,-0.00040168524075697787,IWM,"ARIMA(1,0,1)"
2019-07-23,-0.00036211357274053784,IWM,"ARIMA(1,0,1)"
2019-07-24,-0.00014138244285792374,IWM,"ARIMA(1,0,1)"
2019-07-25,0.00016855381914600105,IWM,"ARIMA(1,0,1)"
2019-07-26,-0.0005542814746361878,IWM,"ARIMA(1,0,1)"
2019-07-29,0.00011037106078746057,IWM,"ARIMA(1,0,1)"
2019-07-30,-0.0002526692543878011,IWM,"ARIMA(1,0,1)"
2019-07-31,-0.00013651984844009803,IWM,"ARIMA(1,0,1)"
2019-08-01,-0.00014326183006182957,IWM,"ARIMA(1,0,1)"
2019-08-02,-0.00024163188233105527,IWM,"ARIMA(1,0,1)"
2019-08-05,-0.0002834937717371016,IWM,"ARIMA(1,0,1)"
2019-08-06,-0.00028192839141240176,IWM,"ARIMA(1,0,1)"
2019-08-07,-0.00038344111078662975,IWM,"ARIMA(1,0,1)"
2019-08-08,-0.0004066791203091604,IWM,"ARIMA(1,0,1)"
2019-08-09,1.863651277140898e-05,IWM,"ARIMA(1,0,1)"
2019-08-12,-0.0004380581715830889,IWM,"ARIMA(1,0,1)"
2019-08-13,-0.0006671873155655933,IWM,"ARIMA(1,0,1)"
2019-08-14,-0.0003368645182388559,IWM,"ARIMA(1,0,1)"
2019-08-15,-0.000774752987729806,IWM,"ARIMA(1,0,1)"
2019-08-16,-0.0009730205705205009,IWM,"ARIMA(1,0,1)"
2019-08-19,-0.00039472259558191746,IWM,"ARIMA(1,0,1)"
2019-08-20,-0.00014363245667619608,IWM,"ARIMA(1,0,1)"
2019-08-21,-0.0005070080005694182,IWM,"ARIMA(1,0,1)"
2019-08-22,-0.0002929651531345551,IWM,"ARIMA(1,0,1)"
2019-08-23,-0.0003991102089344055,IWM,"ARIMA(1,0,1)"
2019-08-26,-0.000810197043281722,IWM,"ARIMA(1,0,1)"
2019-08-27,-0.000546105898504559,IWM,"ARIMA(1,0,1)"
2019-08-28,-0.0006269790730678589,IWM,"ARIMA(1,0,1)"
2019-08-29,-0.0006429823591977033,IWM,"ARIMA(1,0,1)"
2019-08-30,-0.0005214304570450649,IWM,"ARIMA(1,0,1)"
2019-09-03,-0.0005401396662308741,IWM,"ARIMA(1,0,1)"
2019-09-04,-0.0005954411519289094,IWM,"ARIMA(1,0,1)"
2019-09-05,-0.0005788438681313453,IWM,"ARIMA(1,0,1)"
2019-09-06,-0.00048799958925945663,IWM,"ARIMA(1,0,1)"
2019-09-09,-0.0004956111865644936,IWM,"ARIMA(1,0,1)"
2019-09-10,-0.00041591553898541727,IWM,"ARIMA(1,0,1)"
2019-09-11,-0.00036342963849622146,IWM,"ARIMA(1,0,1)"
2019-09-12,-7.123418386675623e-05,IWM,"ARIMA(1,0,1)"
2019-09-13,-0.00017349703481730631,IWM,"ARIMA(1,0,1)"
2019-09-16,-0.0002766140425534019,IWM,"ARIMA(1,0,1)"
2019-09-17,-0.0001747394371080674,IWM,"ARIMA(1,0,1)"
2019-09-18,-0.00026047761569251244,IWM,"ARIMA(1,0,1)"
2019-09-19,-0.0003380726114897895,IWM,"ARIMA(1,0,1)"
2019-09-20,-0.00035237557721564457,IWM,"ARIMA(1,0,1)"
2019-09-23,-0.0003181608263264401,IWM,"ARIMA(1,0,1)"
2019-09-24,-0.00034787503119089474,IWM,"ARIMA(1,0,1)"
2019-09-25,-0.0005914263661522545,IWM,"ARIMA(1,0,1)"
2019-09-26,-0.00021800997532914635,IWM,"ARIMA(1,0,1)"
2019-09-27,-0.00037517599175025207,IWM,"ARIMA(1,0,1)"
2019-09-30,-0.00037046599903971196,IWM,"ARIMA(1,0,1)"
2019-10-01,-0.00036598233652384996,IWM,"ARIMA(1,0,1)"
2019-10-02,-0.0004566715834152677,IWM,"ARIMA(1,0,1)"
2019-10-03,-0.0004355845188210922,IWM,"ARIMA(1,0,1)"
2019-10-04,-0.00037980425765895615,IWM,"ARIMA(1,0,1)"
2019-10-07,-0.00037488565829516267,IWM,"ARIMA(1,0,1)"
2019-10-08,7.302896358762426e-05,IWM,"ARIMA(1,0,1)"
2019-10-09,-0.00048298655093803003,IWM,"ARIMA(1,0,1)"
2019-10-10,-0.00032855891003230186,IWM,"ARIMA(1,0,1)"
2019-10-11,-0.00025664330806638076,IWM,"ARIMA(1,0,1)"
2019-10-14,-0.00011496020077875344,IWM,"ARIMA(1,0,1)"
2019-10-15,0.00024314592714161202,IWM,"ARIMA(1,0,1)"
2019-10-16,-0.0001020707230571603,IWM,"ARIMA(1,0,1)"
2019-10-17,5.221760903170901e-05,IWM,"ARIMA(1,0,1)"
2019-10-18,-8.847056262925621e-05,IWM,"ARIMA(1,0,1)"
2019-10-21,-0.0002502928757421438,IWM,"ARIMA(1,0,1)"
2019-10-22,-0.00017412680535025613,IWM,"ARIMA(1,0,1)"
2019-10-23,-7.323900539129701e-06,IWM,"ARIMA(1,0,1)"
2019-10-24,7.600863646268798e-05,IWM,"ARIMA(1,0,1)"
2019-10-25,0.00011751892004365973,IWM,"ARIMA(1,0,1)"
2019-10-28,0.00028777454730876946,IWM,"ARIMA(1,0,1)"
2019-10-29,0.0002701474577061489,IWM,"ARIMA(1,0,1)"
2019-10-30,0.00031229810422366477,IWM,"ARIMA(1,0,1)"
2019-10-31,0.00030064126992317256,IWM,"ARIMA(1,0,1)"
2019-11-01,0.00019817751835247887,IWM,"ARIMA(1,0,1)"
2019-11-04,0.00022169663612564794,IWM,"ARIMA(1,0,1)"
2019-11-05,0.00018709260021019446,IWM,"ARIMA(1,0,1)"
2019-11-06,0.00017712741869750257,IWM,"ARIMA(1,0,1)"
2019-11-07,0.00014102280657065868,IWM,"ARIMA(1,0,1)"
2019-11-08,0.00012082622452028969,IWM,"ARIMA(1,0,1)"
2019-11-11,4.2518726370448776e-05,IWM,"ARIMA(1,0,1)"
2019-11-12,0.00012750747654878439,IWM,"ARIMA(1,0,1)"
2019-11-13,0.00016354484769841418,IWM,"ARIMA(1,0,1)"
2019-11-14,0.0002949638174987813,IWM,"ARIMA(1,0,1)"
2019-11-15,0.0002506161964324274,IWM,"ARIMA(1,0,1)"
2019-11-18,0.00024549342651981513,IWM,"ARIMA(1,0,1)"
2019-11-19,0.00027981650211154695,IWM,"ARIMA(1,0,1)"
2019-11-20,0.00013964254504515185,IWM,"ARIMA(1,0,1)"
2019-11-21,0.00037748190425027106,IWM,"ARIMA(1,0,1)"
2019-11-22,0.00046587040415976177,IWM,"ARIMA(1,0,1)"
2019-11-25,0.00029961752303533305,IWM,"ARIMA(1,0,1)"
2019-11-26,0.0002668551023122814,IWM,"ARIMA(1,0,1)"
2019-11-27,0.0003520063077480139,IWM,"ARIMA(1,0,1)"
2019-11-29,0.0004128686807551286,IWM,"ARIMA(1,0,1)"
2019-12-02,0.00028895287861389516,IWM,"ARIMA(1,0,1)"
2019-12-03,0.0001859052414085521,IWM,"ARIMA(1,0,1)"
2019-12-04,0.00022606821188233213,IWM,"ARIMA(1,0,1)"
2019-12-05,0.0002216259131118983,IWM,"ARIMA(1,0,1)"
2019-12-06,0.0005240473156691945,IWM,"ARIMA(1,0,1)"
2019-12-09,0.0004871862623953068,IWM,"ARIMA(1,0,1)"
2019-12-10,0.0005285898919179104,IWM,"ARIMA(1,0,1)"
2019-12-11,0.0005416367720185452,IWM,"ARIMA(1,0,1)"
2019-12-12,0.0005454071320199586,IWM,"ARIMA(1,0,1)"
2019-12-13,0.0005417139102172061,IWM,"ARIMA(1,0,1)"
2019-12-16,0.0006834227699604091,IWM,"ARIMA(1,0,1)"
2019-12-17,0.0005367315382029086,IWM,"ARIMA(1,0,1)"
2019-12-18,0.0005447155110028288,IWM,"ARIMA(1,0,1)"
2019-12-19,0.0005095586363008468,IWM,"ARIMA(1,0,1)"
2019-12-20,-9.236820190191284e-05,IWM,"ARIMA(1,0,1)"
2019-12-23,0.0009201040819768948,IWM,"ARIMA(1,0,1)"
2019-12-24,0.0009594656421862699,IWM,"ARIMA(1,0,1)"
2019-12-26,0.001056731065805751,IWM,"ARIMA(1,0,1)"
2019-12-27,0.0009577207703040998,IWM,"ARIMA(1,0,1)"
2019-12-30,0.0012317306127874051,IWM,"ARIMA(1,0,1)"
2019-12-31,0.0011944380747248877,IWM,"ARIMA(1,0,1)"
2020-01-02,0.0010057013757502526,IWM,"ARIMA(1,0,1)"
2020-01-03,0.0009505558327981632,IWM,"ARIMA(1,0,1)"
2020-01-06,0.0009861912819075227,IWM,"ARIMA(1,0,1)"
2020-01-07,0.0010230584248622503,IWM,"ARIMA(1,0,1)"
2020-01-08,0.0010567860313647455,IWM,"ARIMA(1,0,1)"
2020-01-09,0.0007663908220486859,IWM,"ARIMA(1,0,1)"
2020-01-10,0.0006363548302193405,IWM,"ARIMA(1,0,1)"
2020-01-13,0.0008830437532510092,IWM,"ARIMA(1,0,1)"
2020-01-14,0.00040908681487983323,IWM,"ARIMA(1,0,1)"
2020-01-15,0.0003267446818406224,IWM,"ARIMA(1,0,1)"
2020-01-16,0.00011606615193964691,IWM,"ARIMA(1,0,1)"
2020-01-17,-0.00046728483649659627,IWM,"ARIMA(1,0,1)"
2020-01-21,0.00027150436530066623,IWM,"ARIMA(1,0,1)"
2020-01-22,0.0009355556322141572,IWM,"ARIMA(1,0,1)"
2020-01-23,0.0009339217158277044,IWM,"ARIMA(1,0,1)"
2020-01-24,0.0008647781658601359,IWM,"ARIMA(1,0,1)"
2020-01-27,0.0014785245899369699,IWM,"ARIMA(1,0,1)"
2020-01-28,0.0015053891044997181,IWM,"ARIMA(1,0,1)"
2020-01-29,0.0006202601378312717,IWM,"ARIMA(1,0,1)"
2020-01-30,0.0009259760835651158,IWM,"ARIMA(1,0,1)"
2020-01-31,0.0007631521714303682,IWM,"ARIMA(1,0,1)"
2020-02-03,0.001923319385956499,IWM,"ARIMA(1,0,1)"
2020-02-04,0.0005435998471823574,IWM,"ARIMA(1,0,1)"
2020-02-05,-0.00048561611732108353,IWM,"ARIMA(1,0,1)"
2020-02-06,-0.0007784715186094297,IWM,"ARIMA(1,0,1)"
2020-02-07,-0.000252390271037417,IWM,"ARIMA(1,0,1)"
2020-02-10,0.0006701784145395984,IWM,"ARIMA(1,0,1)"
2020-02-11,0.00029908171635252757,IWM,"ARIMA(1,0,1)"
2020-02-12,-0.00011516327186320702,IWM,"ARIMA(1,0,1)"
2020-02-13,-0.0004205463400137089,IWM,"ARIMA(1,0,1)"
2020-02-14,-0.00041350907512117404,IWM,"ARIMA(1,0,1)"
2020-02-18,-5.9607124665114915e-05,IWM,"ARIMA(1,0,1)"
2020-02-19,0.00016781452126814287,IWM,"ARIMA(1,0,1)"
2020-02-20,-0.00014374260660919217,IWM,"ARIMA(1,0,1)"
2020-02-21,-0.00019150880630715967,IWM,"ARIMA(1,0,1)"
2020-02-24,0.0006375125416998972,IWM,"ARIMA(1,0,1)"
2020-02-25,0.0019082832433407193,IWM,"ARIMA(1,0,1)"
2020-02-26,0.00017527466240819885,IWM,"ARIMA(1,0,1)"
2020-02-27,-0.00042222058169585994,IWM,"ARIMA(1,0,1)"
2020-02-28,-0.002089188582783556,IWM,"ARIMA(1,0,1)"
2020-03-02,-0.002781211009048805,IWM,"ARIMA(1,0,1)"
2020-03-03,-0.0005821315674334959,IWM,"ARIMA(1,0,1)"
2020-03-04,-0.00018168619405264927,IWM,"ARIMA(1,0,1)"
2020-03-05,-0.00040208994079078653,IWM,"ARIMA(1,0,1)"
2020-03-06,0.0024452706327185605,IWM,"ARIMA(1,0,1)"
2020-03-09,0.0003967807777378125,IWM,"ARIMA(1,0,1)"
2020-03-10,-0.001682385129927739,IWM,"ARIMA(1,0,1)"
2020-03-11,-0.01212835716269832,IWM,"ARIMA(1,0,1)"
2020-03-12,0.024503354570661377,IWM,"ARIMA(1,0,1)"
2020-03-13,-0.009017034828951232,IWM,"ARIMA(1,0,1)"
2020-03-16,-0.006209017189225602,IWM,"ARIMA(1,0,1)"
2020-03-17,0.03755781532637729,IWM,"ARIMA(1,0,1)"
2020-03-18,-0.024262026456211224,IWM,"ARIMA(1,0,1)"
2020-03-19,0.032625535395054264,IWM,"ARIMA(1,0,1)"
2020-03-20,-0.02621429918297112,IWM,"ARIMA(1,0,1)"
2020-03-23,0.013979184957638297,IWM,"ARIMA(1,0,1)"
2020-03-24,-0.002906881980967378,IWM,"ARIMA(1,0,1)"
2020-03-25,-0.02755004433702545,IWM,"ARIMA(1,0,1)"
2020-03-26,0.002566109445512978,IWM,"ARIMA(1,0,1)"
2020-03-27,-0.018711909459867136,IWM,"ARIMA(1,0,1)"
2020-03-30,0.01490645504005866,IWM,"ARIMA(1,0,1)"
2020-03-31,-0.012993329580184258,IWM,"ARIMA(1,0,1)"
2020-04-01,0.003931248957404621,IWM,"ARIMA(1,0,1)"
2020-04-02,0.01594103324475796,IWM,"ARIMA(1,0,1)"
2020-04-03,-0.009711123039405085,IWM,"ARIMA(1,0,1)"
2020-04-06,0.008564640545308033,IWM,"ARIMA(1,0,1)"
2020-04-07,-0.026272200621331936,IWM,"ARIMA(1,0,1)"
2020-04-08,0.005536631872855274,IWM,"ARIMA(1,0,1)"
2020-04-09,-0.016053426436777807,IWM,"ARIMA(1,0,1)"
2020-04-13,-0.008241577372298463,IWM,"ARIMA(1,0,1)"
2020-04-14,0.008385865668767648,IWM,"ARIMA(1,0,1)"
2020-04-15,-0.009557372764322723,IWM,"ARIMA(1,0,1)"
2020-04-16,0.012680609619995287,IWM,"ARIMA(1,0,1)"
2020-04-17,-0.003902683012857337,IWM,"ARIMA(1,0,1)"
2020-04-20,-0.011646655737047337,IWM,"ARIMA(1,0,1)"
2020-04-21,0.005294909264896834,IWM,"ARIMA(1,0,1)"
2020-04-22,0.0029828204825133866,IWM,"ARIMA(1,0,1)"
2020-04-23,-0.005748795496543772,IWM,"ARIMA(1,0,1)"
2020-04-24,-0.002350653262623203,IWM,"ARIMA(1,0,1)"
2020-04-27,-0.0051406917437952435,IWM,"ARIMA(1,0,1)"
2020-04-28,-0.009517196135576703,IWM,"ARIMA(1,0,1)"
2020-04-29,-0.0017797090516034307,IWM,"ARIMA(1,0,1)"
2020-04-30,-0.012128662769514605,IWM,"ARIMA(1,0,1)"
2020-05-01,0.012841567870535298,IWM,"ARIMA(1,0,1)"
2020-05-04,0.004446534594634211,IWM,"ARIMA(1,0,1)"
2020-05-05,-0.003895275738765403,IWM,"ARIMA(1,0,1)"
2020-05-06,-0.001956133280622981,IWM,"ARIMA(1,0,1)"
2020-05-07,0.001065608436508905,IWM,"ARIMA(1,0,1)"
2020-05-08,-0.004825049961704489,IWM,"ARIMA(1,0,1)"
2020-05-11,-0.008380031939133215,IWM,"ARIMA(1,0,1)"
2020-05-12,0.002952016757057092,IWM,"ARIMA(1,0,1)"
2020-05-13,0.006507623594859423,IWM,"ARIMA(1,0,1)"
2020-05-14,0.004281346975738114,IWM,"ARIMA(1,0,1)"
2020-05-15,-0.003458469802888332,IWM,"ARIMA(1,0,1)"
2020-05-18,-0.0036026630426693436,IWM,"ARIMA(1,0,1)"
2020-05-19,-0.012471581812248177,IWM,"ARIMA(1,0,1)"
2020-05-20,0.007775224002343763,IWM,"ARIMA(1,0,1)"
2020-05-21,-0.010187291819852244,IWM,"ARIMA(1,0,1)"
2020-05-22,0.0023621452841195356,IWM,"ARIMA(1,0,1)"
2020-05-26,-0.0024729596500567283,IWM,"ARIMA(1,0,1)"
2020-05-27,-0.005869343105331672,IWM,"ARIMA(1,0,1)"
2020-05-28,-0.004811883975338688,IWM,"ARIMA(1,0,1)"
2020-05-29,0.006606186409626978,IWM,"ARIMA(1,0,1)"
2020-06-01,-0.0013115624785703386,IWM,"ARIMA(1,0,1)"
2020-06-02,-0.0017922657131637573,IWM,"ARIMA(1,0,1)"
2020-06-03,-0.0013145690131282758,IWM,"ARIMA(1,0,1)"
2020-06-04,-0.0048205764159229315,IWM,"ARIMA(1,0,1)"
2020-06-05,0.0018255062621293848,IWM,"ARIMA(1,0,1)"
2020-06-08,-0.008798906820682982,IWM,"ARIMA(1,0,1)"
2020-06-09,-0.0008922619166812592,IWM,"ARIMA(1,0,1)"
2020-06-10,0.004321979600161572,IWM,"ARIMA(1,0,1)"
2020-06-11,0.004137303229053135,IWM,"ARIMA(1,0,1)"
2020-06-12,0.013742006304738283,IWM,"ARIMA(1,0,1)"
2020-06-15,-0.010348584482313064,IWM,"ARIMA(1,0,1)"
2020-06-16,-0.0013033704467521133,IWM,"ARIMA(1,0,1)"
2020-06-17,-0.004417496546493691,IWM,"ARIMA(1,0,1)"
2020-06-18,0.00476293584076222,IWM,"ARIMA(1,0,1)"
2020-06-19,-0.0021077908242216835,IWM,"ARIMA(1,0,1)"
2020-06-22,0.001266908569250203,IWM,"ARIMA(1,0,1)"
2020-06-23,-0.0028183762045855443,IWM,"ARIMA(1,0,1)"
2020-06-24,-0.00011545231689965744,IWM,"ARIMA(1,0,1)"
2020-06-25,0.006040338328480782,IWM,"ARIMA(1,0,1)"
2020-06-26,-0.005518317003811049,IWM,"ARIMA(1,0,1)"
2020-06-29,0.006891209562441064,IWM,"ARIMA(1,0,1)"
2020-06-30,-0.00967683904397096,IWM,"ARIMA(1,0,1)"
2020-07-01,4.9156655762443656e-05,IWM,"ARIMA(1,0,1)"
2020-07-02,0.0014298861937480862,IWM,"ARIMA(1,0,1)"
2020-07-06,-0.0018172932760373937,IWM,"ARIMA(1,0,1)"
2020-07-07,-0.0012587335537562112,IWM,"ARIMA(1,0,1)"
2020-07-08,0.0034953508703529975,IWM,"ARIMA(1,0,1)"
2020-07-09,-0.0032326175935443774,IWM,"ARIMA(1,0,1)"
2020-07-10,0.0046969471126328335,IWM,"ARIMA(1,0,1)"
2020-07-13,-0.005446677196034112,IWM,"ARIMA(1,0,1)"
2020-07-14,0.0036421796460938153,IWM,"ARIMA(1,0,1)"
2020-07-15,-0.005297540678264999,IWM,"ARIMA(1,0,1)"
2020-07-16,-0.0056857078836738476,IWM,"ARIMA(1,0,1)"
2020-07-17,0.0029491403291457175,IWM,"ARIMA(1,0,1)"
2020-07-20,-0.0018790910059579063,IWM,"ARIMA(1,0,1)"
2020-07-21,0.0012835928571699753,IWM,"ARIMA(1,0,1)"
2020-07-22,-0.003453439915437862,IWM,"ARIMA(1,0,1)"
2020-07-23,0.000936509571834644,IWM,"ARIMA(1,0,1)"
2020-07-24,-0.0007824743007086529,IWM,"ARIMA(1,0,1)"
2020-07-27,0.0029369578110956312,IWM,"ARIMA(1,0,1)"
2020-07-28,-0.0034138250334940423,IWM,"ARIMA(1,0,1)"
2020-07-29,0.0028897349996575205,IWM,"ARIMA(1,0,1)"
2020-07-30,-0.005701918272212871,IWM,"ARIMA(1,0,1)"
2020-07-31,0.0026104192529435074,IWM,"ARIMA(1,0,1)"
2020-08-03,0.000783870293452502,IWM,"ARIMA(1,0,1)"
2020-08-04,-0.0035991008239997704,IWM,"ARIMA(1,0,1)"
2020-08-05,1.4327945242496485e-05,IWM,"ARIMA(1,0,1)"
2020-08-06,-0.0037386143973176474,IWM,"ARIMA(1,0,1)"
2020-08-07,0.0016431257548064294,IWM,"ARIMA(1,0,1)"
2020-08-10,-0.0035285455074187833,IWM,"ARIMA(1,0,1)"
2020-08-11,-0.0004778732994279667,IWM,"ARIMA(1,0,1)"
2020-08-12,0.0017288285614648407,IWM,"ARIMA(1,0,1)"
2020-08-13,-0.0010382135663151565,IWM,"ARIMA(1,0,1)"
2020-08-14,0.0013006220230074098,IWM,"ARIMA(1,0,1)"
2020-08-17,0.00020659200336742073,IWM,"ARIMA(1,0,1)"
2020-08-18,-0.0006797615573601245,IWM,"ARIMA(1,0,1)"
2020-08-19,0.002551097779661886,IWM,"ARIMA(1,0,1)"
2020-08-20,-0.0005592645983145302,IWM,"ARIMA(1,0,1)"
2020-08-21,0.001348407756699047,IWM,"ARIMA(1,0,1)"
2020-08-24,0.0013257404030775743,IWM,"ARIMA(1,0,1)"
2020-08-25,-0.0021310042594201717,IWM,"ARIMA(1,0,1)"
2020-08-26,0.0010269830187379222,IWM,"ARIMA(1,0,1)"
2020-08-27,0.0014019303759635095,IWM,"ARIMA(1,0,1)"
2020-08-28,-0.0005344128547211334,IWM,"ARIMA(1,0,1)"
2020-08-31,-0.0011036878671172807,IWM,"ARIMA(1,0,1)"
2020-09-01,0.0029735709968224076,IWM,"ARIMA(1,0,1)"
2020-09-02,-0.002917486067207312,IWM,"ARIMA(1,0,1)"
2020-09-03,-6.869495335280062e-05,IWM,"ARIMA(1,0,1)"
2020-09-04,0.006447142167064596,IWM,"ARIMA(1,0,1)"
2020-09-08,-0.0007869001744023945,IWM,"ARIMA(1,0,1)"
2020-09-09,0.004268928231288777,IWM,"ARIMA(1,0,1)"
2020-09-10,-0.0046383443363181105,IWM,"ARIMA(1,0,1)"
2020-09-11,0.004222290778041454,IWM,"ARIMA(1,0,1)"
2020-09-14,-0.0003483915884175948,IWM,"ARIMA(1,0,1)"
2020-09-15,-0.0053740693015191555,IWM,"ARIMA(1,0,1)"
2020-09-16,0.0014036672711610911,IWM,"ARIMA(1,0,1)"
2020-09-17,-0.002470365020071031,IWM,"ARIMA(1,0,1)"
2020-09-18,0.002186770118183209,IWM,"ARIMA(1,0,1)"
2020-09-21,-0.00031477677038288006,IWM,"ARIMA(1,0,1)"
2020-09-22,0.007264437333336312,IWM,"ARIMA(1,0,1)"
2020-09-23,-0.004351702130031851,IWM,"ARIMA(1,0,1)"
2020-09-24,0.00759954842576418,IWM,"ARIMA(1,0,1)"
2020-09-25,-0.0030325713508966264,IWM,"ARIMA(1,0,1)"
2020-09-28,-0.002437633503204257,IWM,"ARIMA(1,0,1)"
2020-09-29,-0.004101477015340908,IWM,"ARIMA(1,0,1)"
2020-09-30,0.0024267122403589508,IWM,"ARIMA(1,0,1)"
2020-10-01,-0.0013795493582774401,IWM,"ARIMA(1,0,1)"
2020-10-02,-0.0024795001620536074,IWM,"ARIMA(1,0,1)"
2020-10-05,0.0002860694083985487,IWM,"ARIMA(1,0,1)"
2020-10-06,-0.00527235214887586,IWM,"ARIMA(1,0,1)"
2020-10-07,0.002905771091549215,IWM,"ARIMA(1,0,1)"
2020-10-08,-0.004896779780391356,IWM,"ARIMA(1,0,1)"
2020-10-09,0.00013447698986234527,IWM,"ARIMA(1,0,1)"
2020-10-12,-0.00042932644261097804,IWM,"ARIMA(1,0,1)"
2020-10-13,-0.0005582314256536095,IWM,"ARIMA(1,0,1)"
2020-10-14,0.002154663824121339,IWM,"ARIMA(1,0,1)"
2020-10-15,0.001732557765688068,IWM,"ARIMA(1,0,1)"
2020-10-16,-0.00219830458154779,IWM,"ARIMA(1,0,1)"
2020-10-19,0.0017531880581481468,IWM,"ARIMA(1,0,1)"
2020-10-20,0.002192929938383925,IWM,"ARIMA(1,0,1)"
2020-10-21,-0.0008716503230435046,IWM,"ARIMA(1,0,1)"
2020-10-22,0.002357201211451173,IWM,"ARIMA(1,0,1)"
2020-10-23,-0.003772150331939773,IWM,"ARIMA(1,0,1)"
2020-10-26,0.0006720975422090832,IWM,"ARIMA(1,0,1)"
2020-10-27,0.0044708317573984675,IWM,"ARIMA(1,0,1)"
2020-10-28,0.00031606302847410583,IWM,"ARIMA(1,0,1)"
2020-10-29,0.006140788386903855,IWM,"ARIMA(1,0,1)"
2020-10-30,-0.004600085370142062,IWM,"ARIMA(1,0,1)"
2020-11-02,0.004351325077849427,IWM,"ARIMA(1,0,1)"
2020-11-03,-0.004816373107620739,IWM,"ARIMA(1,0,1)"
2020-11-04,-0.00366035679212723,IWM,"ARIMA(1,0,1)"
2020-11-05,0.001231226363451348,IWM,"ARIMA(1,0,1)"
2020-11-06,-0.005679096882540981,IWM,"ARIMA(1,0,1)"
2020-11-09,0.00392061890069946,IWM,"ARIMA(1,0,1)"
2020-11-10,-0.008233123912063635,IWM,"ARIMA(1,0,1)"
2020-11-11,-0.00014324650844998614,IWM,"ARIMA(1,0,1)"
2020-11-12,0.0007351716597221294,IWM,"ARIMA(1,0,1)"
2020-11-13,0.003337923061627511,IWM,"ARIMA(1,0,1)"
2020-11-16,-0.004672960402885605,IWM,"ARIMA(1,0,1)"
2020-11-17,-0.0021747978932591754,IWM,"ARIMA(1,0,1)"
2020-11-18,0.0006879045706359862,IWM,"ARIMA(1,0,1)"
2020-11-19,0.0032312312369917814,IWM,"ARIMA(1,0,1)"
2020-11-20,-0.0019140551072070002,IWM,"ARIMA(1,0,1)"
2020-11-23,0.0013011331126691174,IWM,"ARIMA(1,0,1)"
2020-11-24,-0.0032339854714819667,IWM,"ARIMA(1,0,1)"
2020-11-25,-0.001541146848330869,IWM,"ARIMA(1,0,1)"
2020-11-27,0.0021066479630006,IWM,"ARIMA(1,0,1)"
2020-11-30,-0.0007351026159040676,IWM,"ARIMA(1,0,1)"
2020-12-01,0.004646556691536837,IWM,"ARIMA(1,0,1)"
2020-12-02,-0.0026427721575703143,IWM,"ARIMA(1,0,1)"
2020-12-03,0.0016777594947203238,IWM,"ARIMA(1,0,1)"
2020-12-04,-0.0007912990205232685,IWM,"ARIMA(1,0,1)"
2020-12-07,-0.0031815544845677237,IWM,"ARIMA(1,0,1)"
2020-12-08,0.0019789758101639715,IWM,"ARIMA(1,0,1)"
2020-12-09,-0.0021538399688126085,IWM,"ARIMA(1,0,1)"
2020-12-10,0.0032584150032169625,IWM,"ARIMA(1,0,1)"
2020-12-11,-0.0020032456565471277,IWM,"ARIMA(1,0,1)"
2020-12-14,0.0027326748665458117,IWM,"ARIMA(1,0,1)"
2020-12-15,-0.00019985970370532615,IWM,"ARIMA(1,0,1)"
2020-12-16,-0.003622916167923309,IWM,"ARIMA(1,0,1)"
2020-12-17,0.0031322769460142516,IWM,"ARIMA(1,0,1)"
2020-12-18,-0.0023187420273258945,IWM,"ARIMA(1,0,1)"
2020-12-21,0.0029101214388529317,IWM,"ARIMA(1,0,1)"
2020-12-22,0.0001264547925743021,IWM,"ARIMA(1,0,1)"
2020-12-23,-0.00112865384779699,IWM,"ARIMA(1,0,1)"
2020-12-24,-7.012730757999686e-05,IWM,"ARIMA(1,0,1)"
2020-12-28,0.0013336572397399933,IWM,"ARIMA(1,0,1)"
2020-12-29,0.0014247075327904436,IWM,"ARIMA(1,0,1)"
2020-12-30,0.00439199655413686,IWM,"ARIMA(1,0,1)"
2020-12-31,-0.002465363126218873,IWM,"ARIMA(1,0,1)"
2021-01-04,0.0023730892166909595,IWM,"ARIMA(1,0,1)"
2021-01-05,0.002772006106852417,IWM,"ARIMA(1,0,1)"
2021-01-06,-0.0028790669104026166,IWM,"ARIMA(1,0,1)"
2021-01-07,-0.005319452505191159,IWM,"ARIMA(1,0,1)"
2021-01-08,7.24597577555228e-05,IWM,"ARIMA(1,0,1)"
2021-01-11,0.001872181304888421,IWM,"ARIMA(1,0,1)"
2021-01-12,0.0009678210603416387,IWM,"ARIMA(1,0,1)"
2021-01-13,-0.002147294730207133,IWM,"ARIMA(1,0,1)"
2021-01-14,0.003664973620419413,IWM,"ARIMA(1,0,1)"
2021-01-15,-0.0035412507000941148,IWM,"ARIMA(1,0,1)"
2021-01-19,0.005653343758023036,IWM,"ARIMA(1,0,1)"
2021-01-20,-0.0030307675798614273,IWM,"ARIMA(1,0,1)"
2021-01-21,0.0018530768352446963,IWM,"ARIMA(1,0,1)"
2021-01-22,0.002551013830383821,IWM,"ARIMA(1,0,1)"
2021-01-25,-0.0015432169237533536,IWM,"ARIMA(1,0,1)"
2021-01-26,0.0024466885180635042,IWM,"ARIMA(1,0,1)"
2021-01-27,0.002158816005854561,IWM,"ARIMA(1,0,1)"
2021-01-28,0.004355339956100288,IWM,"ARIMA(1,0,1)"
2021-01-29,0.000585195060165844,IWM,"ARIMA(1,0,1)"
2021-02-01,0.004219249357370918,IWM,"ARIMA(1,0,1)"
2021-02-02,-0.004529798974313849,IWM,"ARIMA(1,0,1)"
2021-02-03,0.0007155771803302126,IWM,"ARIMA(1,0,1)"
2021-02-04,0.0008817120342529723,IWM,"ARIMA(1,0,1)"
2021-02-05,-0.002462810975139717,IWM,"ARIMA(1,0,1)"
2021-02-08,9.160552545983778e-05,IWM,"ARIMA(1,0,1)"
2021-02-09,-0.0028029416218518957,IWM,"ARIMA(1,0,1)"
2021-02-10,0.002204879217043186,IWM,"ARIMA(1,0,1)"
2021-02-11,0.002424239620621481,IWM,"ARIMA(1,0,1)"
2021-02-12,0.0012597224975533542,IWM,"ARIMA(1,0,1)"
2021-02-16,0.0009321314873419122,IWM,"ARIMA(1,0,1)"
2021-02-17,0.0027673100433352415,IWM,"ARIMA(1,0,1)"
2021-02-18,0.0023451870171181037,IWM,"ARIMA(1,0,1)"
2021-02-19,0.0038479213900100666,IWM,"ARIMA(1,0,1)"
2021-02-22,-0.003490111474135752,IWM,"ARIMA(1,0,1)"
2021-02-23,0.004421703612961941,IWM,"ARIMA(1,0,1)"
2021-02-24,0.00212562388240729,IWM,"ARIMA(1,0,1)"
2021-02-25,-0.00309898576274089,IWM,"ARIMA(1,0,1)"
2021-02-26,0.011121785866576354,IWM,"ARIMA(1,0,1)"
2021-03-01,-0.001317859337948447,IWM,"ARIMA(1,0,1)"
2021-03-02,-0.004089730804706242,IWM,"ARIMA(1,0,1)"
2021-03-03,0.007889475253483234,IWM,"ARIMA(1,0,1)"
2021-03-04,0.0020107873824484254,IWM,"ARIMA(1,0,1)"
2021-03-05,0.007104399327807328,IWM,"ARIMA(1,0,1)"
2021-03-08,-0.00408032970131572,IWM,"ARIMA(1,0,1)"
2021-03-09,0.0030543343241608797,IWM,"ARIMA(1,0,1)"
2021-03-10,-0.002138590995513059,IWM,"ARIMA(1,0,1)"
2021-03-11,0.000922728603553297,IWM,"ARIMA(1,0,1)"
2021-03-12,-0.0020881199464746238,IWM,"ARIMA(1,0,1)"
2021-03-15,0.006102107853174352,IWM,"ARIMA(1,0,1)"
2021-03-16,0.002429633926835942,IWM,"ARIMA(1,0,1)"
2021-03-17,-0.002851221536390454,IWM,"ARIMA(1,0,1)"
2021-03-18,0.008712346780893974,IWM,"ARIMA(1,0,1)"
2021-03-19,0.005683462731679169,IWM,"ARIMA(1,0,1)"
2021-03-22,0.0029511668331980694,IWM,"ARIMA(1,0,1)"
2021-03-23,0.00503113785106435,IWM,"ARIMA(1,0,1)"
2021-03-24,0.005658717685879156,IWM,"ARIMA(1,0,1)"
2021-03-25,0.0040926067583002285,IWM,"ARIMA(1,0,1)"
2021-03-26,0.0014488227012463195,IWM,"ARIMA(1,0,1)"
2021-03-29,0.0019461435465894697,IWM,"ARIMA(1,0,1)"
2021-03-30,0.0037386545447412843,IWM,"ARIMA(1,0,1)"
2021-03-31,0.0020549289668790466,IWM,"ARIMA(1,0,1)"
2021-04-01,0.002165295226350155,IWM,"ARIMA(1,0,1)"
2021-04-05,-0.0005819673763986758,IWM,"ARIMA(1,0,1)"
2021-04-06,0.0028685918807322477,IWM,"ARIMA(1,0,1)"
2021-04-07,0.0031549337304202134,IWM,"ARIMA(1,0,1)"
2021-04-08,0.0029773292530229814,IWM,"ARIMA(1,0,1)"
2021-04-09,0.0026479180380317253,IWM,"ARIMA(1,0,1)"
2021-04-12,0.002641705484442899,IWM,"ARIMA(1,0,1)"
2021-04-13,0.002502522834422344,IWM,"ARIMA(1,0,1)"
2021-04-14,0.0025369628469178104,IWM,"ARIMA(1,0,1)"
2021-04-15,0.002417492840571696,IWM,"ARIMA(1,0,1)"
2021-04-16,0.002577833995706714,IWM,"ARIMA(1,0,1)"
2021-04-19,0.002637010511070212,IWM,"ARIMA(1,0,1)"
2021-04-20,0.0024147811652018305,IWM,"ARIMA(1,0,1)"
2021-04-21,0.0023796645360828856,IWM,"ARIMA(1,0,1)"
2021-04-22,0.0025701055193964157,IWM,"ARIMA(1,0,1)"
2021-04-23,0.00250581118687076,IWM,"ARIMA(1,0,1)"
2021-04-26,0.002119730844261366,IWM,"ARIMA(1,0,1)"
2021-04-27,0.002514473641372264,IWM,"ARIMA(1,0,1)"
2021-04-28,0.0023797859111953728,IWM,"ARIMA(1,0,1)"
2021-04-29,0.002327120579938276,IWM,"ARIMA(1,0,1)"
2021-04-30,0.002111165740764738,IWM,"ARIMA(1,0,1)"
2021-05-03,0.0026147333139169477,IWM,"ARIMA(1,0,1)"
2021-05-04,0.0023326725317366387,IWM,"ARIMA(1,0,1)"
2021-05-05,0.0026814300610946778,IWM,"ARIMA(1,0,1)"
2021-05-06,0.002426679643622787,IWM,"ARIMA(1,0,1)"
2021-05-07,0.002341795675750599,IWM,"ARIMA(1,0,1)"
2021-05-10,0.00202203613268227,IWM,"ARIMA(1,0,1)"
2021-05-11,0.0028121311077986067,IWM,"ARIMA(1,0,1)"
2021-05-12,0.00223268883765311,IWM,"ARIMA(1,0,1)"
2021-05-13,0.003724044292566332,IWM,"ARIMA(1,0,1)"
2021-05-14,-9.336402881008916e-06,IWM,"ARIMA(1,0,1)"
2021-05-17,0.0012820759761028328,IWM,"ARIMA(1,0,1)"
2021-05-18,0.0023097747787655365,IWM,"ARIMA(1,0,1)"
2021-05-19,0.002483192641025071,IWM,"ARIMA(1,0,1)"
2021-05-20,0.0024377466972046583,IWM,"ARIMA(1,0,1)"
2021-05-21,0.00184129502806781,IWM,"ARIMA(1,0,1)"
2021-05-24,0.001978771693353118,IWM,"ARIMA(1,0,1)"
2021-05-25,0.0018394427149937764,IWM,"ARIMA(1,0,1)"
2021-05-26,0.0024198023240089937,IWM,"ARIMA(1,0,1)"
2021-05-27,0.001135898373252403,IWM,"ARIMA(1,0,1)"
2021-05-28,0.0015845436652951839,IWM,"ARIMA(1,0,1)"
2021-06-01,0.002066506409692005,IWM,"ARIMA(1,0,1)"
2021-06-02,0.0015775064688218856,IWM,"ARIMA(1,0,1)"
2021-06-03,0.0019661554598290588,IWM,"ARIMA(1,0,1)"
2021-06-04,0.0022725072382554505,IWM,"ARIMA(1,0,1)"
2021-06-07,0.0017350513108785254,IWM,"ARIMA(1,0,1)"
2021-06-08,0.0011224645650500429,IWM,"ARIMA(1,0,1)"
2021-06-09,0.0016053381530638595,IWM,"ARIMA(1,0,1)"
2021-06-10,0.002359683431864907,IWM,"ARIMA(1,0,1)"
2021-06-11,0.0017273157793631856,IWM,"ARIMA(1,0,1)"
2021-06-14,0.0012541813765971229,IWM,"ARIMA(1,0,1)"
2021-06-15,0.0029525637914473656,IWM,"ARIMA(1,0,1)"
2021-06-16,0.001932466597860616,IWM,"ARIMA(1,0,1)"
2021-06-17,0.00220816097833569,IWM,"ARIMA(1,0,1)"
2021-06-18,0.002839103296479009,IWM,"ARIMA(1,0,1)"
2021-06-21,0.0032979241902831146,IWM,"ARIMA(1,0,1)"
2021-06-22,-0.0005131854105434762,IWM,"ARIMA(1,0,1)"
2021-06-23,0.002872590642137399,IWM,"ARIMA(1,0,1)"
2021-06-24,0.00148568227829776,IWM,"ARIMA(1,0,1)"
2021-06-25,0.0011931687617858524,IWM,"ARIMA(1,0,1)"
2021-06-28,0.0023221810212490277,IWM,"ARIMA(1,0,1)"
2021-06-29,0.00256534229057096,IWM,"ARIMA(1,0,1)"
2021-06-30,0.002119063710573463,IWM,"ARIMA(1,0,1)"
2021-07-01,0.001930453240955696,IWM,"ARIMA(1,0,1)"
2021-07-02,0.0015842950373924475,IWM,"ARIMA(1,0,1)"
2021-07-06,0.002791255265048734,IWM,"ARIMA(1,0,1)"
2021-07-07,0.002294519899683865,IWM,"ARIMA(1,0,1)"
2021-07-08,0.002147448724894547,IWM,"ARIMA(1,0,1)"
2021-07-09,0.002177296040875026,IWM,"ARIMA(1,0,1)"
2021-07-12,0.001171280287040256,IWM,"ARIMA(1,0,1)"
2021-07-13,0.0017485147362045661,IWM,"ARIMA(1,0,1)"
2021-07-14,0.002358795618108268,IWM,"ARIMA(1,0,1)"
2021-07-15,0.0021403119711592114,IWM,"ARIMA(1,0,1)"
2021-07-16,0.0015688074723927083,IWM,"ARIMA(1,0,1)"
2021-07-19,0.0019160890393255963,IWM,"ARIMA(1,0,1)"
2021-07-20,0.001732772554382165,IWM,"ARIMA(1,0,1)"
2021-07-21,0.0005774624578273563,IWM,"ARIMA(1,0,1)"
2021-07-22,0.0017838176952000783,IWM,"ARIMA(1,0,1)"
2021-07-23,0.002019150485600826,IWM,"ARIMA(1,0,1)"
2021-07-26,0.001355731407842117,IWM,"ARIMA(1,0,1)"
2021-07-27,0.0016700651331573084,IWM,"ARIMA(1,0,1)"
2021-07-28,0.0018242633605123468,IWM,"ARIMA(1,0,1)"
2021-07-29,0.001280791050615421,IWM,"ARIMA(1,0,1)"
2021-07-30,0.0016347478740307948,IWM,"ARIMA(1,0,1)"
2021-08-02,0.0017852426732932521,IWM,"ARIMA(1,0,1)"
2021-08-03,0.0017641816560928806,IWM,"ARIMA(1,0,1)"
2021-08-04,0.0015094737559379653,IWM,"ARIMA(1,0,1)"
2021-08-05,0.0018017504252554682,IWM,"ARIMA(1,0,1)"
2021-08-06,0.0009797089660241109,IWM,"ARIMA(1,0,1)"
2021-08-09,0.0014756039929262079,IWM,"ARIMA(1,0,1)"
2021-08-10,0.0016215315665578625,IWM,"ARIMA(1,0,1)"
2021-08-11,0.0013810354341738903,IWM,"ARIMA(1,0,1)"
2021-08-12,0.0013575995273359936,IWM,"ARIMA(1,0,1)"
2021-08-13,0.001522755590420739,IWM,"ARIMA(1,0,1)"
2021-08-16,0.001649047534991143,IWM,"ARIMA(1,0,1)"
2021-08-17,0.0015873410521167351,IWM,"ARIMA(1,0,1)"
2021-08-18,0.00154201566252455,IWM,"ARIMA(1,0,1)"
2021-08-19,0.001441634687014076,IWM,"ARIMA(1,0,1)"
2021-08-20,0.0014073774431375026,IWM,"ARIMA(1,0,1)"
2021-08-23,0.0010158190010732312,IWM,"ARIMA(1,0,1)"
2021-08-24,0.0012714600960642055,IWM,"ARIMA(1,0,1)"
2021-08-25,0.0013856480968514925,IWM,"ARIMA(1,0,1)"
2021-08-26,0.0014430524089716242,IWM,"ARIMA(1,0,1)"
2021-08-27,0.0013436738765790644,IWM,"ARIMA(1,0,1)"
2021-08-30,0.0011609563135360225,IWM,"ARIMA(1,0,1)"
2021-08-31,0.001834344307446358,IWM,"ARIMA(1,0,1)"
2021-09-01,0.0005208326711093232,IWM,"ARIMA(1,0,1)"
2021-09-02,0.0017027815349305768,IWM,"ARIMA(1,0,1)"
2021-09-03,0.0014124727539012937,IWM,"ARIMA(1,0,1)"
2021-09-07,0.001704242612643316,IWM,"ARIMA(1,0,1)"
2021-09-08,0.0016951645161684251,IWM,"ARIMA(1,0,1)"
2021-09-09,0.00175961535000786,IWM,"ARIMA(1,0,1)"
2021-09-10,0.0013161950976887703,IWM,"ARIMA(1,0,1)"
2021-09-13,0.0018565745987508902,IWM,"ARIMA(1,0,1)"
2021-09-14,0.0015013135792956039,IWM,"ARIMA(1,0,1)"
2021-09-15,0.0016222679869594,IWM,"ARIMA(1,0,1)"
2021-09-16,0.0012513296977813085,IWM,"ARIMA(1,0,1)"
2021-09-17,0.0014968052891405612,IWM,"ARIMA(1,0,1)"
2021-09-20,0.0014941323779242952,IWM,"ARIMA(1,0,1)"
2021-09-21,0.0014201471235896317,IWM,"ARIMA(1,0,1)"
2021-09-22,0.001635894590395958,IWM,"ARIMA(1,0,1)"
2021-09-23,0.001554459593962344,IWM,"ARIMA(1,0,1)"
2021-09-24,0.0016785597976145964,IWM,"ARIMA(1,0,1)"
2021-09-27,0.0017615300842270885,IWM,"ARIMA(1,0,1)"
2021-09-28,0.0016615245935887838,IWM,"ARIMA(1,0,1)"
2021-09-29,0.0017791447196221556,IWM,"ARIMA(1,0,1)"
2021-09-30,0.0017726412370088652,IWM,"ARIMA(1,0,1)"
2021-10-01,0.0018604368165654006,IWM,"ARIMA(1,0,1)"
2021-10-04,0.0018689979939159969,IWM,"ARIMA(1,0,1)"
2021-10-05,0.001702476442391957,IWM,"ARIMA(1,0,1)"
2021-10-06,0.001350485443113879,IWM,"ARIMA(1,0,1)"
2021-10-07,0.00149667536047807,IWM,"ARIMA(1,0,1)"
2021-10-08,0.0010149189211602207,IWM,"ARIMA(1,0,1)"
2021-10-11,0.0027230872346051312,IWM,"ARIMA(1,0,1)"
2021-10-12,0.0014259187371499459,IWM,"ARIMA(1,0,1)"
2021-10-13,0.0017727201042964096,IWM,"ARIMA(1,0,1)"
2021-10-14,0.0011785725067310162,IWM,"ARIMA(1,0,1)"
2021-10-15,0.0010364050726889822,IWM,"ARIMA(1,0,1)"
2021-10-18,0.0014309823290294735,IWM,"ARIMA(1,0,1)"
2021-10-19,0.0013820595459808252,IWM,"ARIMA(1,0,1)"
2021-10-20,0.0013297148589391848,IWM,"ARIMA(1,0,1)"
2021-10-21,0.001272729759948519,IWM,"ARIMA(1,0,1)"
2021-10-22,0.0014252128127971433,IWM,"ARIMA(1,0,1)"
2021-10-25,0.0014202324270307734,IWM,"ARIMA(1,0,1)"
2021-10-26,0.0013881884451606766,IWM,"ARIMA(1,0,1)"
2021-10-27,0.0014777460712766882,IWM,"ARIMA(1,0,1)"
2021-10-28,0.0020929111824912125,IWM,"ARIMA(1,0,1)"
2021-10-29,0.0015739627801783982,IWM,"ARIMA(1,0,1)"
2021-11-01,0.0015758720109035793,IWM,"ARIMA(1,0,1)"
2021-11-02,0.0015665785331810203,IWM,"ARIMA(1,0,1)"
2021-11-03,0.0016181494675327097,IWM,"ARIMA(1,0,1)"
2021-11-04,0.0010264517916429815,IWM,"ARIMA(1,0,1)"
2021-11-05,0.0016662705678884822,IWM,"ARIMA(1,0,1)"
2021-11-08,0.001159897024639016,IWM,"ARIMA(1,0,1)"
2021-11-09,0.001593768262715039,IWM,"ARIMA(1,0,1)"
2021-11-10,0.0003916240025623786,IWM,"ARIMA(1,0,1)"
2021-11-11,0.0019128927454491475,IWM,"ARIMA(1,0,1)"
2021-11-12,0.0010825530566692066,IWM,"ARIMA(1,0,1)"
2021-11-15,0.0013946469563161275,IWM,"ARIMA(1,0,1)"
2021-11-16,0.0013093490340346586,IWM,"ARIMA(1,0,1)"
2021-11-17,0.0005466408461749055,IWM,"ARIMA(1,0,1)"
2021-11-18,0.0009363039297251663,IWM,"ARIMA(1,0,1)"
2021-11-19,0.0011521945401532527,IWM,"ARIMA(1,0,1)"
2021-11-22,0.0014458826814760888,IWM,"ARIMA(1,0,1)"
2021-11-23,0.0026319531807967537,IWM,"ARIMA(1,0,1)"
2021-11-24,0.002029551112108959,IWM,"ARIMA(1,0,1)"
2021-11-26,0.0022785622231382995,IWM,"ARIMA(1,0,1)"
2021-11-29,0.0036840896392694986,IWM,"ARIMA(1,0,1)"
2021-11-30,0.0036213540185111854,IWM,"ARIMA(1,0,1)"
2021-12-01,0.0015513962005991454,IWM,"ARIMA(1,0,1)"
2021-12-02,0.001314484579793248,IWM,"ARIMA(1,0,1)"
2021-12-03,0.0003276410822160553,IWM,"ARIMA(1,0,1)"
2021-12-06,0.001471338264595297,IWM,"ARIMA(1,0,1)"
2021-12-07,-0.00039184439708837414,IWM,"ARIMA(1,0,1)"
2021-12-08,-0.00044179022722956856,IWM,"ARIMA(1,0,1)"
2021-12-09,0.00022606659500968435,IWM,"ARIMA(1,0,1)"
2021-12-10,0.0013432773647188531,IWM,"ARIMA(1,0,1)"
2021-12-13,0.0010201330338751697,IWM,"ARIMA(1,0,1)"
2021-12-14,0.0012887189578104506,IWM,"ARIMA(1,0,1)"
2021-12-15,0.0011864845333828598,IWM,"ARIMA(1,0,1)"
2021-12-16,0.00025245975150903416,IWM,"ARIMA(1,0,1)"
2021-12-17,0.001167162966630846,IWM,"ARIMA(1,0,1)"
2021-12-20,0.00023759874220078238,IWM,"ARIMA(1,0,1)"
2021-12-21,0.0010521775245453495,IWM,"ARIMA(1,0,1)"
2021-12-22,-0.0010814476290545408,IWM,"ARIMA(1,0,1)"
2021-12-23,-0.0002481235534881072,IWM,"ARIMA(1,0,1)"
2021-12-27,2.643271729222779e-05,IWM,"ARIMA(1,0,1)"
2021-12-28,7.845118477029482e-05,IWM,"ARIMA(1,0,1)"
2021-12-29,0.0008042609374088738,IWM,"ARIMA(1,0,1)"
2021-12-30,0.0005486724943570531,IWM,"ARIMA(1,0,1)"
2021-12-31,0.0005756622193562877,IWM,"ARIMA(1,0,1)"
2022-01-03,0.0006628578254656842,IWM,"ARIMA(1,0,1)"
2022-01-04,5.012814330506419e-05,IWM,"ARIMA(1,0,1)"
2022-01-05,0.0008145780480449702,IWM,"ARIMA(1,0,1)"
2022-01-06,0.0028538189190831314,IWM,"ARIMA(1,0,1)"
2022-01-07,-0.00013118266667665467,IWM,"ARIMA(1,0,1)"
2022-01-10,0.001138314905199217,IWM,"ARIMA(1,0,1)"
2022-01-11,0.00043068449539370243,IWM,"ARIMA(1,0,1)"
2022-01-12,-0.0005128843247552992,IWM,"ARIMA(1,0,1)"
2022-01-13,0.0005580022139046276,IWM,"ARIMA(1,0,1)"
2022-01-14,0.0007209964140188198,IWM,"ARIMA(1,0,1)"
2022-01-18,8.854025002872171e-05,IWM,"ARIMA(1,0,1)"
2022-01-19,0.001811471892178393,IWM,"ARIMA(1,0,1)"
2022-01-20,0.0007047452828436603,IWM,"ARIMA(1,0,1)"
2022-01-21,0.0004885797792149677,IWM,"ARIMA(1,0,1)"
2022-01-24,0.00030077414801289845,IWM,"ARIMA(1,0,1)"
2022-01-25,-0.0014365336150006637,IWM,"ARIMA(1,0,1)"
2022-01-26,0.0005758564270225595,IWM,"ARIMA(1,0,1)"
2022-01-27,0.0003683739063432113,IWM,"ARIMA(1,0,1)"
2022-01-28,0.0006019823147289367,IWM,"ARIMA(1,0,1)"
2022-01-31,-0.0013103611465333442,IWM,"ARIMA(1,0,1)"
2022-02-01,-0.0016332272020735188,IWM,"ARIMA(1,0,1)"
2022-02-02,-0.0011306270640254836,IWM,"ARIMA(1,0,1)"
2022-02-03,-0.0007059702030061836,IWM,"ARIMA(1,0,1)"
2022-02-04,0.0005194444729636238,IWM,"ARIMA(1,0,1)"
2022-02-07,-0.00021458290906639752,IWM,"ARIMA(1,0,1)"
2022-02-08,0.003974595100620275,IWM,"ARIMA(1,0,1)"
2022-02-09,0.0033423662008976005,IWM,"ARIMA(1,0,1)"
2022-02-10,0.0025548570793208947,IWM,"ARIMA(1,0,1)"
2022-02-11,0.003156707846440515,IWM,"ARIMA(1,0,1)"
2022-02-14,0.0026082397225512103,IWM,"ARIMA(1,0,1)"
2022-02-15,7.704253881372463e-05,IWM,"ARIMA(1,0,1)"
2022-02-16,-0.0016575297056802825,IWM,"ARIMA(1,0,1)"
2022-02-17,-0.00035626260942306896,IWM,"ARIMA(1,0,1)"
2022-02-18,0.0006507463672200172,IWM,"ARIMA(1,0,1)"
2022-02-22,-9.299986845137317e-05,IWM,"ARIMA(1,0,1)"
2022-02-23,-1.0255922364519102e-05,IWM,"ARIMA(1,0,1)"
2022-02-24,-0.0006104884980739116,IWM,"ARIMA(1,0,1)"
2022-02-25,-0.0008352093607180179,IWM,"ARIMA(1,0,1)"
2022-02-28,-0.00026459767658198725,IWM,"ARIMA(1,0,1)"
2022-03-01,-0.000385983345685408,IWM,"ARIMA(1,0,1)"
2022-03-02,-0.0003843871455921783,IWM,"ARIMA(1,0,1)"
2022-03-03,-0.00024783690196425917,IWM,"ARIMA(1,0,1)"
2022-03-04,-0.00018264099249953763,IWM,"ARIMA(1,0,1)"
2022-03-07,-0.00032851096806888136,IWM,"ARIMA(1,0,1)"
2022-03-08,-0.00044716583821436697,IWM,"ARIMA(1,0,1)"
2022-03-09,-0.0005079975541221254,IWM,"ARIMA(1,0,1)"
2022-03-10,-0.00046624220176755233,IWM,"ARIMA(1,0,1)"
2022-03-11,-0.0005609110428189422,IWM,"ARIMA(1,0,1)"
2022-03-14,-0.0006465622501257443,IWM,"ARIMA(1,0,1)"
2022-03-15,-0.0007425710478390689,IWM,"ARIMA(1,0,1)"
2022-03-16,-0.0006130323361624968,IWM,"ARIMA(1,0,1)"
2022-03-17,-0.00049821632522544,IWM,"ARIMA(1,0,1)"
2022-03-18,-0.0003383123320289745,IWM,"ARIMA(1,0,1)"
2022-03-21,-0.0003265633959902675,IWM,"ARIMA(1,0,1)"
2022-03-22,-0.0003313850769765789,IWM,"ARIMA(1,0,1)"
2022-03-23,-0.0001449867846942739,IWM,"ARIMA(1,0,1)"
2022-03-24,-0.00012160802145751131,IWM,"ARIMA(1,0,1)"
2022-03-25,-0.0001692303476948528,IWM,"ARIMA(1,0,1)"
2022-03-28,-0.00023497755654997848,IWM,"ARIMA(1,0,1)"
2022-03-29,-0.0001197530717182852,IWM,"ARIMA(1,0,1)"
2022-03-30,-8.137619985086951e-05,IWM,"ARIMA(1,0,1)"
2022-03-31,-0.0002146735275717934,IWM,"ARIMA(1,0,1)"
2022-04-01,-0.00030677187550793677,IWM,"ARIMA(1,0,1)"
2022-04-04,-0.00028449256924810244,IWM,"ARIMA(1,0,1)"
2022-04-05,-0.00026633167137961723,IWM,"ARIMA(1,0,1)"
2022-04-06,-0.00029715237764741303,IWM,"ARIMA(1,0,1)"
2022-04-07,-0.0003871757877856376,IWM,"ARIMA(1,0,1)"
2022-04-08,-0.0004006473471093006,IWM,"ARIMA(1,0,1)"
2022-04-11,-0.00041381806569503707,IWM,"ARIMA(1,0,1)"
2022-04-12,-0.0004335008158501143,IWM,"ARIMA(1,0,1)"
2022-04-13,-0.0004594533710222835,IWM,"ARIMA(1,0,1)"
2022-04-14,-0.0004015903472093308,IWM,"ARIMA(1,0,1)"
2022-04-18,-0.0004466769326710207,IWM,"ARIMA(1,0,1)"
2022-04-19,-0.00042156958265734387,IWM,"ARIMA(1,0,1)"
2022-04-20,-0.0002611552565107605,IWM,"ARIMA(1,0,1)"
2022-04-21,-0.00034306802676381195,IWM,"ARIMA(1,0,1)"
2022-04-22,-0.0004165668867524124,IWM,"ARIMA(1,0,1)"
2022-04-25,-0.0010614716152035812,IWM,"ARIMA(1,0,1)"
2022-04-26,-0.000610367827836075,IWM,"ARIMA(1,0,1)"
2022-04-27,-0.0010142271342149013,IWM,"ARIMA(1,0,1)"
2022-04-28,-0.0007667098587949864,IWM,"ARIMA(1,0,1)"
2022-04-29,-0.0008347544011427847,IWM,"ARIMA(1,0,1)"
2022-05-02,0.0022365959151223747,IWM,"ARIMA(1,0,1)"
2022-05-03,-0.0007184279979838064,IWM,"ARIMA(1,0,1)"
2022-05-04,-0.000339267578642548,IWM,"ARIMA(1,0,1)"
2022-05-05,-0.0005171418714589631,IWM,"ARIMA(1,0,1)"
2022-05-06,0.0003181625881726961,IWM,"ARIMA(1,0,1)"
2022-05-09,-0.0008010072053519922,IWM,"ARIMA(1,0,1)"
2022-05-10,-0.0008697260750924756,IWM,"ARIMA(1,0,1)"
2022-05-11,-0.0008554348118527424,IWM,"ARIMA(1,0,1)"
2022-05-12,-0.001271657466834001,IWM,"ARIMA(1,0,1)"
2022-05-13,-0.0008502164235884147,IWM,"ARIMA(1,0,1)"
2022-05-16,-0.00051049410932503,IWM,"ARIMA(1,0,1)"
2022-05-17,-0.0008505958477613903,IWM,"ARIMA(1,0,1)"
2022-05-18,-0.0006985609113414523,IWM,"ARIMA(1,0,1)"
2022-05-19,-0.000807407166329509,IWM,"ARIMA(1,0,1)"
2022-05-20,-0.0008679059150704274,IWM,"ARIMA(1,0,1)"
2022-05-23,-0.0008207544272457453,IWM,"ARIMA(1,0,1)"
2022-05-24,-0.0010491563520703669,IWM,"ARIMA(1,0,1)"
2022-05-25,-0.0008507532651022178,IWM,"ARIMA(1,0,1)"
2022-05-26,-0.0013372284441088343,IWM,"ARIMA(1,0,1)"
2022-05-27,-0.0008002303005699015,IWM,"ARIMA(1,0,1)"
2022-05-31,-0.0006945542931551947,IWM,"ARIMA(1,0,1)"
2022-06-01,-0.0007898321033924511,IWM,"ARIMA(1,0,1)"
2022-06-02,-0.0008156914589170661,IWM,"ARIMA(1,0,1)"
2022-06-03,-0.0006878783258775064,IWM,"ARIMA(1,0,1)"
2022-06-06,-0.000598350559411785,IWM,"ARIMA(1,0,1)"
2022-06-07,-0.0007790955202871968,IWM,"ARIMA(1,0,1)"
2022-06-08,-0.0007538721380172715,IWM,"ARIMA(1,0,1)"
2022-06-09,-0.0004430687200672453,IWM,"ARIMA(1,0,1)"
2022-06-10,-0.0008423014391922471,IWM,"ARIMA(1,0,1)"
2022-06-13,-0.0009931724087739412,IWM,"ARIMA(1,0,1)"
2022-06-14,-0.0018625109559479698,IWM,"ARIMA(1,0,1)"
2022-06-15,-0.001237974271564083,IWM,"ARIMA(1,0,1)"
2022-06-16,-0.00086600126557277,IWM,"ARIMA(1,0,1)"
2022-06-17,-0.0012580987634603189,IWM,"ARIMA(1,0,1)"
2022-06-21,-0.0011332277120959238,IWM,"ARIMA(1,0,1)"
2022-06-22,-0.0011510682216342666,IWM,"ARIMA(1,0,1)"
2022-06-23,-0.0011766322353309964,IWM,"ARIMA(1,0,1)"
2022-06-24,-0.0011424198475397354,IWM,"ARIMA(1,0,1)"
2022-06-27,-0.0010752921070317403,IWM,"ARIMA(1,0,1)"
2022-06-28,-0.0010286486766064341,IWM,"ARIMA(1,0,1)"
2022-06-29,-0.001112108633500354,IWM,"ARIMA(1,0,1)"
2022-06-30,-0.0012223133906148359,IWM,"ARIMA(1,0,1)"
2022-07-01,-0.0012357464106569438,IWM,"ARIMA(1,0,1)"
2022-07-05,-0.0010146838922211114,IWM,"ARIMA(1,0,1)"
2022-07-06,-0.00108010462510376,IWM,"ARIMA(1,0,1)"
2022-07-07,-0.0011046484817764715,IWM,"ARIMA(1,0,1)"
2022-07-08,-0.0009206643018077824,IWM,"ARIMA(1,0,1)"
2022-07-11,-0.0008859518401845327,IWM,"ARIMA(1,0,1)"
2022-07-12,-0.0011808318319436813,IWM,"ARIMA(1,0,1)"
2022-07-13,-0.001065910222541629,IWM,"ARIMA(1,0,1)"
2022-07-14,-0.0009952000972432613,IWM,"ARIMA(1,0,1)"
2022-07-15,-0.000973229397512485,IWM,"ARIMA(1,0,1)"
2022-07-18,-0.0008692594934393552,IWM,"ARIMA(1,0,1)"
2022-07-19,-0.0008313098326702391,IWM,"ARIMA(1,0,1)"
2022-07-20,-0.0006338767510699256,IWM,"ARIMA(1,0,1)"
2022-07-21,-0.0006933751855517518,IWM,"ARIMA(1,0,1)"
2022-07-22,-0.0004710183716053201,IWM,"ARIMA(1,0,1)"
2022-07-25,-0.0007410144548064779,IWM,"ARIMA(1,0,1)"
2022-07-26,-0.0007832755587139249,IWM,"ARIMA(1,0,1)"
2022-07-27,-0.0008264230793894872,IWM,"ARIMA(1,0,1)"
2022-07-28,-0.0006406891125947687,IWM,"ARIMA(1,0,1)"
2022-07-29,-0.0006425767362359272,IWM,"ARIMA(1,0,1)"
2022-08-01,-0.0005596348033769338,IWM,"ARIMA(1,0,1)"
2022-08-02,-0.000620587351251816,IWM,"ARIMA(1,0,1)"
2022-08-03,-0.0006112731862900572,IWM,"ARIMA(1,0,1)"
2022-08-04,-0.000975178154943251,IWM,"ARIMA(1,0,1)"
2022-08-05,-0.0005489483808549635,IWM,"ARIMA(1,0,1)"
2022-08-08,-0.0005616552134317088,IWM,"ARIMA(1,0,1)"
2022-08-09,-0.0005483086653617489,IWM,"ARIMA(1,0,1)"
2022-08-10,-0.000576936704161323,IWM,"ARIMA(1,0,1)"
2022-08-11,-0.0002744357912373291,IWM,"ARIMA(1,0,1)"
2022-08-12,-0.0004780228984006791,IWM,"ARIMA(1,0,1)"
2022-08-15,-0.0001879125964800621,IWM,"ARIMA(1,0,1)"
2022-08-16,-0.00030313856375587857,IWM,"ARIMA(1,0,1)"
2022-08-17,-0.0003019209189788613,IWM,"ARIMA(1,0,1)"
2022-08-18,-0.00031832775126248205,IWM,"ARIMA(1,0,1)"
2022-08-19,-0.0002571432581971577,IWM,"ARIMA(1,0,1)"
2022-08-22,-0.000296796466029804,IWM,"ARIMA(1,0,1)"
2022-08-23,-0.00044899033550514116,IWM,"ARIMA(1,0,1)"
2022-08-24,-0.0005158630096056334,IWM,"ARIMA(1,0,1)"
2022-08-25,-0.0005242244980855434,IWM,"ARIMA(1,0,1)"
2022-08-26,-0.00047907936858490217,IWM,"ARIMA(1,0,1)"
2022-08-29,-0.0005672825858414936,IWM,"ARIMA(1,0,1)"
2022-08-30,-0.0007725644227459546,IWM,"ARIMA(1,0,1)"
2022-08-31,-0.0007537782943418174,IWM,"ARIMA(1,0,1)"
2022-09-01,-0.0007856375877242722,IWM,"ARIMA(1,0,1)"
2022-09-02,-0.0008554846447744538,IWM,"ARIMA(1,0,1)"
2022-09-06,-0.0009884758753837563,IWM,"ARIMA(1,0,1)"
2022-09-07,-0.0009350022789472863,IWM,"ARIMA(1,0,1)"
2022-09-08,-0.000823329743073893,IWM,"ARIMA(1,0,1)"
2022-09-09,-0.0006565467165610201,IWM,"ARIMA(1,0,1)"
2022-09-12,-0.00040158708508912624,IWM,"ARIMA(1,0,1)"
2022-09-13,-0.00036228281151675794,IWM,"ARIMA(1,0,1)"
2022-09-14,-0.0007596206142743972,IWM,"ARIMA(1,0,1)"
2022-09-15,-0.0006448411008464999,IWM,"ARIMA(1,0,1)"
2022-09-16,-0.0008229237455471314,IWM,"ARIMA(1,0,1)"
2022-09-19,-0.0008180089492889076,IWM,"ARIMA(1,0,1)"
2022-09-20,-0.0007899579250381007,IWM,"ARIMA(1,0,1)"
2022-09-21,-0.0008649955611102436,IWM,"ARIMA(1,0,1)"
2022-09-22,-0.0008154738812067401,IWM,"ARIMA(1,0,1)"
2022-09-23,-0.0009691573795004261,IWM,"ARIMA(1,0,1)"
2022-09-26,-0.0011550171991910512,IWM,"ARIMA(1,0,1)"
2022-09-27,-0.0014547433323301036,IWM,"ARIMA(1,0,1)"
2022-09-28,-0.0010252660032638188,IWM,"ARIMA(1,0,1)"
2022-09-29,-0.0002036825448798441,IWM,"ARIMA(1,0,1)"
2022-09-30,-0.0013955516659294295,IWM,"ARIMA(1,0,1)"
2022-10-03,-0.0010715824529944397,IWM,"ARIMA(1,0,1)"
2022-10-04,-0.0003544182336251043,IWM,"ARIMA(1,0,1)"
2022-10-05,0.0007552566952329884,IWM,"ARIMA(1,0,1)"
2022-10-06,-0.0011724796718670329,IWM,"ARIMA(1,0,1)"
2022-10-07,-0.0010672596486218126,IWM,"ARIMA(1,0,1)"
2022-10-10,-0.0022409275979182377,IWM,"ARIMA(1,0,1)"
2022-10-11,-0.0012819677849303887,IWM,"ARIMA(1,0,1)"
2022-10-12,-0.0009783634421595966,IWM,"ARIMA(1,0,1)"
2022-10-13,-0.0011332987048409992,IWM,"ARIMA(1,0,1)"
2022-10-14,2.7044966786523607e-05,IWM,"ARIMA(1,0,1)"
2022-10-17,-0.0018680366382817933,IWM,"ARIMA(1,0,1)"
2022-10-18,9.06000760940277e-05,IWM,"ARIMA(1,0,1)"
2022-10-19,-0.0008311687806565438,IWM,"ARIMA(1,0,1)"
2022-10-20,-0.0013101266618740317,IWM,"ARIMA(1,0,1)"
2022-10-21,-0.0013835452008615187,IWM,"ARIMA(1,0,1)"
2022-10-24,-0.0011477118326479415,IWM,"ARIMA(1,0,1)"
2022-10-25,-0.0011083386024464137,IWM,"ARIMA(1,0,1)"
2022-10-26,-0.00017619642298900482,IWM,"ARIMA(1,0,1)"
2022-10-27,-0.0007653920455497225,IWM,"ARIMA(1,0,1)"
2022-10-28,-0.0007858352436087798,IWM,"ARIMA(1,0,1)"
2022-10-31,-0.0001583659168790737,IWM,"ARIMA(1,0,1)"
2022-11-01,-0.0008930040726515225,IWM,"ARIMA(1,0,1)"
2022-11-02,-0.0008429148979668022,IWM,"ARIMA(1,0,1)"
2022-11-03,-0.001922005333530216,IWM,"ARIMA(1,0,1)"
2022-11-04,-0.0015343340718369308,IWM,"ARIMA(1,0,1)"
2022-11-07,-0.0010212098729692998,IWM,"ARIMA(1,0,1)"
2022-11-08,-0.0010135940941205233,IWM,"ARIMA(1,0,1)"
2022-11-09,-0.0010893843747451855,IWM,"ARIMA(1,0,1)"
2022-11-10,-0.0014181542251312518,IWM,"ARIMA(1,0,1)"
2022-11-11,-0.0004788726009847267,IWM,"ARIMA(1,0,1)"
2022-11-14,-0.0008130354228250739,IWM,"ARIMA(1,0,1)"
2022-11-15,-0.0025114551127674288,IWM,"ARIMA(1,0,1)"
2022-11-16,-0.0014303410583115283,IWM,"ARIMA(1,0,1)"
2022-11-17,-0.0025283586577531155,IWM,"ARIMA(1,0,1)"
2022-11-18,-0.0009230246386852518,IWM,"ARIMA(1,0,1)"
2022-11-21,-0.004213532489388828,IWM,"ARIMA(1,0,1)"
2022-11-22,-0.0008544310981493312,IWM,"ARIMA(1,0,1)"
2022-11-23,-0.0017224778998088533,IWM,"ARIMA(1,0,1)"
2022-11-25,-0.0013288942852913606,IWM,"ARIMA(1,0,1)"
2022-11-28,-0.0042732658081807194,IWM,"ARIMA(1,0,1)"
2022-11-29,-0.0007480583580876728,IWM,"ARIMA(1,0,1)"
2022-11-30,-0.0007450948481221417,IWM,"ARIMA(1,0,1)"
2022-12-01,-0.0024786830994624753,IWM,"ARIMA(1,0,1)"
2022-12-02,-0.004078788132857738,IWM,"ARIMA(1,0,1)"
2022-12-05,-0.0008825468988380835,IWM,"ARIMA(1,0,1)"
2022-12-06,-0.001459405125076128,IWM,"ARIMA(1,0,1)"
2022-12-07,0.00021039177396420087,IWM,"ARIMA(1,0,1)"
2022-12-08,-0.0029200796805793744,IWM,"ARIMA(1,0,1)"
2022-12-09,-0.0006372985251855858,IWM,"ARIMA(1,0,1)"
2022-12-12,-0.00016673554224061178,IWM,"ARIMA(1,0,1)"
2022-12-13,-0.000655532978306397,IWM,"ARIMA(1,0,1)"
2022-12-14,-0.0008736139956284477,IWM,"ARIMA(1,0,1)"
2022-12-15,-0.002900270602366654,IWM,"ARIMA(1,0,1)"
2022-12-16,-0.0004086211921095356,IWM,"ARIMA(1,0,1)"
2022-12-19,-0.0008690319160672467,IWM,"ARIMA(1,0,1)"
2022-12-20,-0.0012881018960607866,IWM,"ARIMA(1,0,1)"
2022-12-21,-0.0007114989948838431,IWM,"ARIMA(1,0,1)"
2022-12-22,-0.0006962813103334504,IWM,"ARIMA(1,0,1)"
2022-12-23,-0.0008743580989473635,IWM,"ARIMA(1,0,1)"
2022-12-27,-0.0009250095158003731,IWM,"ARIMA(1,0,1)"
2022-12-28,-0.0009322045403540606,IWM,"ARIMA(1,0,1)"
2022-12-29,-0.0009902245233382435,IWM,"ARIMA(1,0,1)"
2022-12-30,-0.001170228661766527,IWM,"ARIMA(1,0,1)"
2023-01-03,-0.0010203231208737278,IWM,"ARIMA(1,0,1)"
2023-01-04,-0.0009062173021030876,IWM,"ARIMA(1,0,1)"
2023-01-05,-0.001081592272415504,IWM,"ARIMA(1,0,1)"
2023-01-06,-0.0009332173552409667,IWM,"ARIMA(1,0,1)"
2023-01-09,-0.0025780167877115954,IWM,"ARIMA(1,0,1)"
2023-01-10,-0.002646434406568401,IWM,"ARIMA(1,0,1)"
2023-01-11,-0.0031298570534428437,IWM,"ARIMA(1,0,1)"
2023-01-12,-0.000743398233698952,IWM,"ARIMA(1,0,1)"
2023-01-13,-0.0004965288219122193,IWM,"ARIMA(1,0,1)"
2023-01-17,-0.00039243257928330943,IWM,"ARIMA(1,0,1)"
2023-01-18,-0.0004696961317648539,IWM,"ARIMA(1,0,1)"
2023-01-19,-0.000450828179920793,IWM,"ARIMA(1,0,1)"
2023-01-20,-0.003069786846363353,IWM,"ARIMA(1,0,1)"
2023-01-23,-0.000783072450996093,IWM,"ARIMA(1,0,1)"
2023-01-24,-0.0009051513721322886,IWM,"ARIMA(1,0,1)"
2023-01-25,-0.0035538574920641686,IWM,"ARIMA(1,0,1)"
2023-01-26,-0.0003661747450509873,IWM,"ARIMA(1,0,1)"
2023-01-27,-0.0004215768896408211,IWM,"ARIMA(1,0,1)"
2023-01-30,-0.00018862361577518183,IWM,"ARIMA(1,0,1)"
2023-01-31,0.00010955543631554709,IWM,"ARIMA(1,0,1)"
2023-02-01,-0.0008659014619282544,IWM,"ARIMA(1,0,1)"
2023-02-02,-0.00037125567390931206,IWM,"ARIMA(1,0,1)"
2023-02-03,-0.00044101955486056457,IWM,"ARIMA(1,0,1)"
2023-02-06,-0.00379703883549248,IWM,"ARIMA(1,0,1)"
2023-02-07,0.00012024766414802426,IWM,"ARIMA(1,0,1)"
2023-02-08,-4.31410286126428e-05,IWM,"ARIMA(1,0,1)"
2023-02-09,0.0002784812319761179,IWM,"ARIMA(1,0,1)"
2023-02-10,-4.975832488471728e-05,IWM,"ARIMA(1,0,1)"
2023-02-13,-0.00024209007591936957,IWM,"ARIMA(1,0,1)"
2023-02-14,-0.0002141421474996951,IWM,"ARIMA(1,0,1)"
2023-02-15,-9.160729262685958e-05,IWM,"ARIMA(1,0,1)"
2023-02-16,-0.00018865712836915575,IWM,"ARIMA(1,0,1)"
2023-02-17,-0.0002647321379172187,IWM,"ARIMA(1,0,1)"
2023-02-21,-0.0002241954791467626,IWM,"ARIMA(1,0,1)"
2023-02-22,-0.0002469010466651908,IWM,"ARIMA(1,0,1)"
2023-02-23,-0.00018181484680704878,IWM,"ARIMA(1,0,1)"
2023-02-24,8.903140329915142e-05,IWM,"ARIMA(1,0,1)"
2023-02-27,-6.215462316896286e-05,IWM,"ARIMA(1,0,1)"
2023-02-28,0.00011826863310079243,IWM,"ARIMA(1,0,1)"
2023-03-01,-0.00023543486310123975,IWM,"ARIMA(1,0,1)"
2023-03-02,-0.0001013188367001344,IWM,"ARIMA(1,0,1)"
2023-03-03,-0.00017386571983394445,IWM,"ARIMA(1,0,1)"
2023-03-06,-0.0004264326377777484,IWM,"ARIMA(1,0,1)"
2023-03-07,-0.00021851089301013163,IWM,"ARIMA(1,0,1)"
2023-03-08,0.00012060648331383407,IWM,"ARIMA(1,0,1)"
2023-03-09,-0.00012109001237386138,IWM,"ARIMA(1,0,1)"
2023-03-10,0.0006677720086869575,IWM,"ARIMA(1,0,1)"
2023-03-13,-0.0005989755878007175,IWM,"ARIMA(1,0,1)"
2023-03-14,-0.0010558095341037293,IWM,"ARIMA(1,0,1)"
2023-03-15,-0.0002920965028476483,IWM,"ARIMA(1,0,1)"
2023-03-16,-0.0005437252447304085,IWM,"ARIMA(1,0,1)"
2023-03-17,-0.000436809215524188,IWM,"ARIMA(1,0,1)"
2023-03-20,-0.0001533550315777055,IWM,"ARIMA(1,0,1)"
2023-03-21,-0.0011026507308141017,IWM,"ARIMA(1,0,1)"
2023-03-22,-0.0007590187772502832,IWM,"ARIMA(1,0,1)"
2023-03-23,-0.00014750830742999842,IWM,"ARIMA(1,0,1)"
2023-03-24,-0.000709034133303015,IWM,"ARIMA(1,0,1)"
2023-03-27,-0.0007443330853314364,IWM,"ARIMA(1,0,1)"
2023-03-28,-0.000776036366533359,IWM,"ARIMA(1,0,1)"
2023-03-29,-0.0006257822666976379,IWM,"ARIMA(1,0,1)"
2023-03-30,-0.0005476166609047472,IWM,"ARIMA(1,0,1)"
2023-03-31,-0.0006568241427152902,IWM,"ARIMA(1,0,1)"
2023-04-03,-0.000681634743200276,IWM,"ARIMA(1,0,1)"
2023-04-04,-0.00042524015300395837,IWM,"ARIMA(1,0,1)"
2023-04-05,-0.00041612585958810257,IWM,"ARIMA(1,0,1)"
2023-04-06,-0.0005745742379403623,IWM,"ARIMA(1,0,1)"
2023-04-10,-0.0005746814656657735,IWM,"ARIMA(1,0,1)"
2023-04-11,-0.000573767242607139,IWM,"ARIMA(1,0,1)"
2023-04-12,-0.0004900364782254028,IWM,"ARIMA(1,0,1)"
2023-04-13,-0.0003305973295895457,IWM,"ARIMA(1,0,1)"
2023-04-14,-0.0004725776342332276,IWM,"ARIMA(1,0,1)"
2023-04-17,-0.00019001767607969186,IWM,"ARIMA(1,0,1)"
2023-04-18,-2.592218862047769e-05,IWM,"ARIMA(1,0,1)"
2023-04-19,-0.0006264434667684023,IWM,"ARIMA(1,0,1)"
2023-04-20,-0.0003720544711201094,IWM,"ARIMA(1,0,1)"
2023-04-21,-0.000216803883200403,IWM,"ARIMA(1,0,1)"
2023-04-24,-0.000623188598629318,IWM,"ARIMA(1,0,1)"
2023-04-25,-0.0003015483702276762,IWM,"ARIMA(1,0,1)"
2023-04-26,-0.0004960956968451072,IWM,"ARIMA(1,0,1)"
2023-04-27,-0.00030962609389671134,IWM,"ARIMA(1,0,1)"
2023-04-28,-0.0004661220348548348,IWM,"ARIMA(1,0,1)"
2023-05-01,-0.0003206916391243962,IWM,"ARIMA(1,0,1)"
2023-05-02,-0.0002680492565427765,IWM,"ARIMA(1,0,1)"
2023-05-03,-0.0002337370892185079,IWM,"ARIMA(1,0,1)"
2023-05-04,-0.0002606136049584358,IWM,"ARIMA(1,0,1)"
2023-05-05,-0.00031343624208187684,IWM,"ARIMA(1,0,1)"
2023-05-08,-0.00037791197940104224,IWM,"ARIMA(1,0,1)"
2023-05-09,-0.0002670150676511088,IWM,"ARIMA(1,0,1)"
2023-05-10,-8.895658657757238e-05,IWM,"ARIMA(1,0,1)"
2023-05-11,-0.0001312657650958906,IWM,"ARIMA(1,0,1)"
2023-05-12,0.00014010580622993304,IWM,"ARIMA(1,0,1)"
2023-05-15,0.00019183053221402457,IWM,"ARIMA(1,0,1)"
2023-05-16,-0.0001341981438013586,IWM,"ARIMA(1,0,1)"
2023-05-17,0.0002258060145961794,IWM,"ARIMA(1,0,1)"
2023-05-18,-0.0004840946410100037,IWM,"ARIMA(1,0,1)"
2023-05-19,-5.7354450386946664e-05,IWM,"ARIMA(1,0,1)"
2023-05-22,3.9385385655818244e-05,IWM,"ARIMA(1,0,1)"
2023-05-23,0.0003580042134112204,IWM,"ARIMA(1,0,1)"
2023-05-24,7.20214808351479e-05,IWM,"ARIMA(1,0,1)"
2023-05-25,-0.0001528607015288099,IWM,"ARIMA(1,0,1)"
2023-05-26,-2.245083376608819e-05,IWM,"ARIMA(1,0,1)"
2023-05-30,0.00023732236358618892,IWM,"ARIMA(1,0,1)"
2023-05-31,-0.00047562398607561113,IWM,"ARIMA(1,0,1)"
2023-06-01,-0.00019862842671896958,IWM,"ARIMA(1,0,1)"
2023-06-02,-4.142835057706416e-05,IWM,"ARIMA(1,0,1)"
2023-06-05,7.134617681665919e-05,IWM,"ARIMA(1,0,1)"
2023-06-06,-0.00025637843745689355,IWM,"ARIMA(1,0,1)"
2023-06-07,-0.00026376376311446195,IWM,"ARIMA(1,0,1)"
2023-06-08,5.856778699564696e-05,IWM,"ARIMA(1,0,1)"
2023-06-09,-2.058456673179069e-05,IWM,"ARIMA(1,0,1)"
2023-06-12,9.08329320898657e-05,IWM,"ARIMA(1,0,1)"
2023-06-13,5.5334312431459064e-05,IWM,"ARIMA(1,0,1)"
2023-06-14,-0.00022994970821174377,IWM,"ARIMA(1,0,1)"
2023-06-15,0.00038425399131412875,IWM,"ARIMA(1,0,1)"
2023-06-16,0.00024137035330225667,IWM,"ARIMA(1,0,1)"
2023-06-20,0.0006987022110459132,IWM,"ARIMA(1,0,1)"
2023-06-21,0.0007155916093664936,IWM,"ARIMA(1,0,1)"
2023-06-22,0.0005188270222762306,IWM,"ARIMA(1,0,1)"
2023-06-23,0.0003799946986249203,IWM,"ARIMA(1,0,1)"
2023-06-26,0.001102247101812337,IWM,"ARIMA(1,0,1)"
2023-06-27,0.0008567754432964312,IWM,"ARIMA(1,0,1)"
2023-06-28,0.00015636088222766725,IWM,"ARIMA(1,0,1)"
2023-06-29,6.206587293147156e-05,IWM,"ARIMA(1,0,1)"
2023-06-30,-0.00026955180274349053,IWM,"ARIMA(1,0,1)"
2023-07-03,-0.00013030346884325986,IWM,"ARIMA(1,0,1)"
2023-07-05,0.00010709077203667895,IWM,"ARIMA(1,0,1)"
2023-07-06,0.00040302078661563393,IWM,"ARIMA(1,0,1)"
2023-07-07,0.0007841980326872588,IWM,"ARIMA(1,0,1)"
2023-07-10,0.0004337458987599261,IWM,"ARIMA(1,0,1)"
2023-07-11,-0.000245486712650638,IWM,"ARIMA(1,0,1)"
2023-07-12,-0.0008404504251771081,IWM,"ARIMA(1,0,1)"
2023-07-13,-0.001998464045404294,IWM,"ARIMA(1,0,1)"
2023-07-14,-0.0005069562346883136,IWM,"ARIMA(1,0,1)"
2023-07-17,0.000803963679820551,IWM,"ARIMA(1,0,1)"
2023-07-18,0.00031023554770718035,IWM,"ARIMA(1,0,1)"
2023-07-19,-0.0009512784609502632,IWM,"ARIMA(1,0,1)"
2023-07-20,-0.0006038280105955386,IWM,"ARIMA(1,0,1)"
2023-07-21,0.00024299262817619225,IWM,"ARIMA(1,0,1)"
2023-07-24,0.00015117867088308825,IWM,"ARIMA(1,0,1)"
2023-07-25,7.7203930461736e-05,IWM,"ARIMA(1,0,1)"
2023-07-26,0.0003757718650318238,IWM,"ARIMA(1,0,1)"
2023-07-27,0.0001443293332155023,IWM,"ARIMA(1,0,1)"
2023-07-28,0.0006330409179475744,IWM,"ARIMA(1,0,1)"
2023-07-31,3.5919426563841574e-05,IWM,"ARIMA(1,0,1)"
2023-08-01,-0.0002802301272971799,IWM,"ARIMA(1,0,1)"
2023-08-02,6.416351684586244e-05,IWM,"ARIMA(1,0,1)"
2023-08-03,0.0005755107057048741,IWM,"ARIMA(1,0,1)"
2023-08-04,0.0005469998111386168,IWM,"ARIMA(1,0,1)"
2023-08-07,0.00047371790807343753,IWM,"ARIMA(1,0,1)"
2023-08-08,0.0003527420848410722,IWM,"ARIMA(1,0,1)"
2023-08-09,0.00036888883745218306,IWM,"ARIMA(1,0,1)"
2023-08-10,0.0004863239641152407,IWM,"ARIMA(1,0,1)"
2023-08-11,0.0005767845916348781,IWM,"ARIMA(1,0,1)"
2023-08-14,0.00019830393744343138,IWM,"ARIMA(1,0,1)"
2023-08-15,0.0003075230069783064,IWM,"ARIMA(1,0,1)"
2023-08-16,0.0002886336859495437,IWM,"ARIMA(1,0,1)"
2023-08-17,0.0007940014483822731,IWM,"ARIMA(1,0,1)"
2023-08-18,0.0008099444391184577,IWM,"ARIMA(1,0,1)"
2023-08-21,0.00019097809256696016,IWM,"ARIMA(1,0,1)"
2023-08-22,0.00020676933274557625,IWM,"ARIMA(1,0,1)"
2023-08-23,0.0002177180270791217,IWM,"ARIMA(1,0,1)"
2023-08-24,-0.00046770651755949897,IWM,"ARIMA(1,0,1)"
2023-08-25,0.0004407437805683996,IWM,"ARIMA(1,0,1)"
2023-08-28,-9.926714706846767e-05,IWM,"ARIMA(1,0,1)"
2023-08-29,-0.00044056021485845513,IWM,"ARIMA(1,0,1)"
2023-08-30,-0.000596610746401292,IWM,"ARIMA(1,0,1)"
2023-08-31,-0.0007455276545274746,IWM,"ARIMA(1,0,1)"
2023-09-01,-9.098682321446674e-05,IWM,"ARIMA(1,0,1)"
2023-09-05,-0.0007327048289754088,IWM,"ARIMA(1,0,1)"
2023-09-06,0.0011260728185537364,IWM,"ARIMA(1,0,1)"
2023-09-07,0.0007518215872922582,IWM,"ARIMA(1,0,1)"
2023-09-08,0.0009423902747447751,IWM,"ARIMA(1,0,1)"
2023-09-11,0.0006924827403610139,IWM,"ARIMA(1,0,1)"
2023-09-12,0.0005033533800944145,IWM,"ARIMA(1,0,1)"
2023-09-13,0.00017584145503882662,IWM,"ARIMA(1,0,1)"
2023-09-14,0.0003885909186846489,IWM,"ARIMA(1,0,1)"
2023-09-15,-0.00022506848304635618,IWM,"ARIMA(1,0,1)"
2023-09-18,0.000441357746372317,IWM,"ARIMA(1,0,1)"
2023-09-19,0.0007861498274404422,IWM,"ARIMA(1,0,1)"
2023-09-20,0.0009113317682117594,IWM,"ARIMA(1,0,1)"
2023-09-21,0.0012074571447380548,IWM,"ARIMA(1,0,1)"
2023-09-22,0.0019357275316588603,IWM,"ARIMA(1,0,1)"
2023-09-25,0.002062231078121107,IWM,"ARIMA(1,0,1)"
2023-09-26,0.0012387321786551837,IWM,"ARIMA(1,0,1)"
2023-09-27,0.0018560886842938387,IWM,"ARIMA(1,0,1)"
2023-09-28,0.0004952749678023382,IWM,"ARIMA(1,0,1)"
2023-09-29,-0.00017561619355793153,IWM,"ARIMA(1,0,1)"
2023-10-02,0.0002596460934478443,IWM,"ARIMA(1,0,1)"
2023-10-03,0.0014446542969814443,IWM,"ARIMA(1,0,1)"
2023-10-04,0.0019956538918478864,IWM,"ARIMA(1,0,1)"
2023-10-05,0.0010758310566324396,IWM,"ARIMA(1,0,1)"
2023-10-06,0.00022333497268145147,IWM,"ARIMA(1,0,1)"
2023-10-09,-0.0005662574556010392,IWM,"ARIMA(1,0,1)"
2023-10-10,-0.0005824423349856416,IWM,"ARIMA(1,0,1)"
2023-10-11,-0.00089929353851157,IWM,"ARIMA(1,0,1)"
2023-10-12,-8.377013934140581e-05,IWM,"ARIMA(1,0,1)"
2023-10-13,0.0018851436101190104,IWM,"ARIMA(1,0,1)"
2023-10-16,0.0016047375517863156,IWM,"ARIMA(1,0,1)"
2023-10-17,-0.00017831732985083325,IWM,"ARIMA(1,0,1)"
2023-10-18,-0.0006714190932824058,IWM,"ARIMA(1,0,1)"
2023-10-19,0.0010631685582083487,IWM,"ARIMA(1,0,1)"
2023-10-20,0.0014046404990148112,IWM,"ARIMA(1,0,1)"
2023-10-23,0.0006792191537682937,IWM,"ARIMA(1,0,1)"
2023-10-24,0.0005054009120898635,IWM,"ARIMA(1,0,1)"
2023-10-25,-0.00011136369980596095,IWM,"ARIMA(1,0,1)"
2023-10-26,0.000448707509505427,IWM,"ARIMA(1,0,1)"
2023-10-27,0.0004523651291689448,IWM,"ARIMA(1,0,1)"
2023-10-30,0.0008487286610912466,IWM,"ARIMA(1,0,1)"
2023-10-31,0.00015091141606986388,IWM,"ARIMA(1,0,1)"
2023-11-01,-0.0007158475718656064,IWM,"ARIMA(1,0,1)"
2023-11-02,-0.0008117989020244129,IWM,"ARIMA(1,0,1)"
2023-11-03,-0.0014352325956019274,IWM,"ARIMA(1,0,1)"
2023-11-06,-0.0006467824573729629,IWM,"ARIMA(1,0,1)"
2023-11-07,3.3326033544979022e-06,IWM,"ARIMA(1,0,1)"
2023-11-08,7.470088799899908e-05,IWM,"ARIMA(1,0,1)"
2023-11-09,0.00037030454227746204,IWM,"ARIMA(1,0,1)"
2023-11-10,-0.0003274973888919724,IWM,"ARIMA(1,0,1)"
2023-11-13,0.000148152890326661,IWM,"ARIMA(1,0,1)"
2023-11-14,-0.000332186864521278,IWM,"ARIMA(1,0,1)"
2023-11-15,-0.000124609922520489,IWM,"ARIMA(1,0,1)"
2023-11-16,0.0005023576086493153,IWM,"ARIMA(1,0,1)"
2023-11-17,-0.00048810414518133424,IWM,"ARIMA(1,0,1)"
2023-11-20,4.822233264269742e-05,IWM,"ARIMA(1,0,1)"
2023-11-21,0.00011298833370870985,IWM,"ARIMA(1,0,1)"
2023-11-22,-0.0002251157557741139,IWM,"ARIMA(1,0,1)"
2023-11-24,-4.2615591222767776e-05,IWM,"ARIMA(1,0,1)"
2023-11-27,2.702042857651987e-05,IWM,"ARIMA(1,0,1)"
2023-11-28,-0.00012345721336656267,IWM,"ARIMA(1,0,1)"
2023-11-29,-0.00015046866193596298,IWM,"ARIMA(1,0,1)"
2023-11-30,5.8550932900122834e-05,IWM,"ARIMA(1,0,1)"
2023-12-01,5.4946463800751045e-05,IWM,"ARIMA(1,0,1)"
2023-12-04,0.0006166639212756517,IWM,"ARIMA(1,0,1)"
2023-12-05,1.7504421121857743e-05,IWM,"ARIMA(1,0,1)"
2023-12-06,-0.00020900945162121218,IWM,"ARIMA(1,0,1)"
2023-12-07,0.00015813575476375077,IWM,"ARIMA(1,0,1)"
2023-12-08,0.0008777618460378045,IWM,"ARIMA(1,0,1)"
2023-12-11,0.0003372059595219622,IWM,"ARIMA(1,0,1)"
2023-12-12,0.00020248966234437908,IWM,"ARIMA(1,0,1)"
2023-12-13,0.00021309042477666695,IWM,"ARIMA(1,0,1)"
2023-12-14,0.0017539034652517386,IWM,"ARIMA(1,0,1)"
2023-12-15,0.00066173817765896,IWM,"ARIMA(1,0,1)"
2023-12-18,-0.0003635936661676373,IWM,"ARIMA(1,0,1)"
2023-12-19,0.0001189779246041203,IWM,"ARIMA(1,0,1)"
2023-12-20,0.0009427082684116753,IWM,"ARIMA(1,0,1)"
2023-12-21,-0.0010082434998975607,IWM,"ARIMA(1,0,1)"
2023-12-22,0.0024094893981226042,IWM,"ARIMA(1,0,1)"
2023-12-26,-0.0008070554307022844,IWM,"ARIMA(1,0,1)"
2023-12-27,0.0018234547678286838,IWM,"ARIMA(1,0,1)"
2023-12-28,0.0003852088091930725,IWM,"ARIMA(1,0,1)"
2023-12-29,0.0010019798416577332,IWM,"ARIMA(1,0,1)"
2024-01-02,0.00014514328347615133,IWM,"ARIMA(1,0,1)"
2024-01-03,0.0006676233712136823,IWM,"ARIMA(1,0,1)"
2024-01-04,-0.0008852861577954674,IWM,"ARIMA(1,0,1)"
2024-01-05,0.0014496591215767535,IWM,"ARIMA(1,0,1)"
2024-01-08,-0.0003151931145988597,IWM,"ARIMA(1,0,1)"
2024-01-09,0.0019362683585973776,IWM,"ARIMA(1,0,1)"
2024-01-10,-0.0004165037031065477,IWM,"ARIMA(1,0,1)"
2024-01-11,0.0008543945200866424,IWM,"ARIMA(1,0,1)"
2024-01-12,-0.00023070237334515547,IWM,"ARIMA(1,0,1)"
2024-01-16,0.0003318159585294351,IWM,"ARIMA(1,0,1)"
2024-01-17,-0.00031007648350210863,IWM,"ARIMA(1,0,1)"
2024-01-18,0.00013104000975690266,IWM,"ARIMA(1,0,1)"
2024-01-19,0.00035370369156299136,IWM,"ARIMA(1,0,1)"
2024-01-22,0.0004437146252901353,IWM,"ARIMA(1,0,1)"
2024-01-23,0.0010143084183410435,IWM,"ARIMA(1,0,1)"
2024-01-24,-0.00013289555445314676,IWM,"ARIMA(1,0,1)"
2024-01-25,6.393068107149043e-05,IWM,"ARIMA(1,0,1)"
2024-01-26,0.0005544329902533487,IWM,"ARIMA(1,0,1)"
2024-01-29,7.198540818982956e-05,IWM,"ARIMA(1,0,1)"
2024-01-30,0.0011099934975836658,IWM,"ARIMA(1,0,1)"
2024-01-31,-0.00020962383411893216,IWM,"ARIMA(1,0,1)"
2024-02-01,-0.00021765207909701906,IWM,"ARIMA(1,0,1)"
2024-02-02,0.001078177380309959,IWM,"ARIMA(1,0,1)"
2024-02-05,-0.0002517845406422477,IWM,"ARIMA(1,0,1)"
2024-02-06,-0.00014659599629294334,IWM,"ARIMA(1,0,1)"
2024-02-07,0.0002143868558700488,IWM,"ARIMA(1,0,1)"
2024-02-08,-0.0003126458124559659,IWM,"ARIMA(1,0,1)"
2024-02-09,0.0003722471337332453,IWM,"ARIMA(1,0,1)"
2024-02-12,0.0002923396878566515,IWM,"ARIMA(1,0,1)"
2024-02-13,0.0008361676475890038,IWM,"ARIMA(1,0,1)"
2024-02-14,-0.00028983846246474483,IWM,"ARIMA(1,0,1)"
2024-02-15,-3.524788323705253e-05,IWM,"ARIMA(1,0,1)"
2024-02-16,0.0003592023254666429,IWM,"ARIMA(1,0,1)"
2024-02-20,0.00038361470886077537,IWM,"ARIMA(1,0,1)"
2024-02-21,-0.00041901885347703135,IWM,"ARIMA(1,0,1)"
2024-02-22,0.0003899073030401455,IWM,"ARIMA(1,0,1)"
2024-02-23,0.0005362047906842392,IWM,"ARIMA(1,0,1)"
2024-02-26,0.00029097978587203744,IWM,"ARIMA(1,0,1)"
2024-02-27,0.0005573940052286377,IWM,"ARIMA(1,0,1)"
2024-02-28,0.0007899969830167736,IWM,"ARIMA(1,0,1)"
2024-02-29,0.00025102581383756655,IWM,"ARIMA(1,0,1)"
2024-03-01,0.00042790555151078373,IWM,"ARIMA(1,0,1)"
2024-03-04,0.0006498830073900139,IWM,"ARIMA(1,0,1)"
2024-03-05,0.00040433731053343767,IWM,"ARIMA(1,0,1)"
2024-03-06,-6.776975756979999e-05,IWM,"ARIMA(1,0,1)"
2024-03-07,0.00043973224899857336,IWM,"ARIMA(1,0,1)"
2024-03-08,0.0005912929175649916,IWM,"ARIMA(1,0,1)"
2024-03-11,0.00046755607679629826,IWM,"ARIMA(1,0,1)"
2024-03-12,0.0007432739706199875,IWM,"ARIMA(1,0,1)"
2024-03-13,0.0010264275733032862,IWM,"ARIMA(1,0,1)"
2024-03-14,0.0007084177510553839,IWM,"ARIMA(1,0,1)"
2024-03-15,0.0005642761152570118,IWM,"ARIMA(1,0,1)"
2024-03-18,0.0007370833974950838,IWM,"ARIMA(1,0,1)"
2024-03-19,-0.0003553426176985395,IWM,"ARIMA(1,0,1)"
2024-03-20,0.0007776760620174543,IWM,"ARIMA(1,0,1)"
2024-03-21,0.0010272610248209094,IWM,"ARIMA(1,0,1)"
2024-03-22,0.0008748447884642181,IWM,"ARIMA(1,0,1)"
2024-03-25,6.271265053677054e-05,IWM,"ARIMA(1,0,1)"
2024-03-26,0.000873611809921717,IWM,"ARIMA(1,0,1)"
2024-03-27,0.0007028000451041035,IWM,"ARIMA(1,0,1)"
2024-03-28,0.0010965824441766091,IWM,"ARIMA(1,0,1)"
2024-04-01,0.0007913840194111788,IWM,"ARIMA(1,0,1)"
2024-04-02,0.0005627835700618025,IWM,"ARIMA(1,0,1)"
2024-04-03,0.0002831257370536352,IWM,"ARIMA(1,0,1)"
2024-04-04,0.001646916669501391,IWM,"ARIMA(1,0,1)"
2024-04-05,0.00045282275633144904,IWM,"ARIMA(1,0,1)"
2024-04-08,0.0006981624368935772,IWM,"ARIMA(1,0,1)"
2024-04-09,0.0007597795334367458,IWM,"ARIMA(1,0,1)"
2024-04-10,0.0007599720972768869,IWM,"ARIMA(1,0,1)"
2024-04-11,0.0003033241403850083,IWM,"ARIMA(1,0,1)"
2024-04-12,0.000646089783105407,IWM,"ARIMA(1,0,1)"
2024-04-15,0.000357579981815188,IWM,"ARIMA(1,0,1)"
2024-04-16,0.00023429171167038877,IWM,"ARIMA(1,0,1)"
2024-04-17,8.7145494925957e-05,IWM,"ARIMA(1,0,1)"
2024-04-18,-0.0002536706030502079,IWM,"ARIMA(1,0,1)"
2024-04-19,0.0005421339903872089,IWM,"ARIMA(1,0,1)"
2024-04-22,0.00036272481758355753,IWM,"ARIMA(1,0,1)"
2024-04-23,0.001090260002479389,IWM,"ARIMA(1,0,1)"
2024-04-24,0.0011000804438703045,IWM,"ARIMA(1,0,1)"
2024-04-25,0.0002734518581484541,IWM,"ARIMA(1,0,1)"
2024-04-26,0.0004869206498152495,IWM,"ARIMA(1,0,1)"
2024-04-29,0.0012031813620938566,IWM,"ARIMA(1,0,1)"
2024-04-30,0.000787820402992508,IWM,"ARIMA(1,0,1)"
2024-05-01,-0.0007749488503294718,IWM,"ARIMA(1,0,1)"
2024-05-02,0.0011847819567996527,IWM,"ARIMA(1,0,1)"
2024-05-03,0.0013217264552304719,IWM,"ARIMA(1,0,1)"
2024-05-06,0.0008262655871004148,IWM,"ARIMA(1,0,1)"
2024-05-07,0.0011710441976288777,IWM,"ARIMA(1,0,1)"
2024-05-08,0.0003571174645627627,IWM,"ARIMA(1,0,1)"
2024-05-09,0.00038524349001519136,IWM,"ARIMA(1,0,1)"
2024-05-10,0.0016159492507849466,IWM,"ARIMA(1,0,1)"
2024-05-13,-0.0004877312347339157,IWM,"ARIMA(1,0,1)"
2024-05-14,0.0014878764339400963,IWM,"ARIMA(1,0,1)"
2024-05-15,0.0008586707969933712,IWM,"ARIMA(1,0,1)"
2024-05-16,0.0013288951404120625,IWM,"ARIMA(1,0,1)"
2024-05-17,7.289504041464061e-05,IWM,"ARIMA(1,0,1)"
2024-05-20,0.001136900437765871,IWM,"ARIMA(1,0,1)"
2024-05-21,0.0005132357032019964,IWM,"ARIMA(1,0,1)"
2024-05-22,0.0007293730827389808,IWM,"ARIMA(1,0,1)"
2024-05-23,0.00013800531425128002,IWM,"ARIMA(1,0,1)"
2024-05-24,-8.984063897652782e-05,IWM,"ARIMA(1,0,1)"
2024-05-28,0.0016318035222478312,IWM,"ARIMA(1,0,1)"
2024-05-29,6.397752515486187e-05,IWM,"ARIMA(1,0,1)"
2024-05-30,0.00014162717000773106,IWM,"ARIMA(1,0,1)"
2024-05-31,0.0017814335889560265,IWM,"ARIMA(1,0,1)"
2024-06-03,0.0006855210539531385,IWM,"ARIMA(1,0,1)"
2024-06-04,0.00029434160660173384,IWM,"ARIMA(1,0,1)"
2024-06-05,-0.0006124767672940569,IWM,"ARIMA(1,0,1)"
2024-06-06,0.002659893625364792,IWM,"ARIMA(1,0,1)"
2024-06-07,-0.0011273340745323452,IWM,"ARIMA(1,0,1)"
2024-06-10,4.808122667990808e-05,IWM,"ARIMA(1,0,1)"
2024-06-11,0.0007754248664572638,IWM,"ARIMA(1,0,1)"
2024-06-12,-0.0002044835300362111,IWM,"ARIMA(1,0,1)"
2024-06-13,0.002057557540967492,IWM,"ARIMA(1,0,1)"
2024-06-14,-0.0013317988590754513,IWM,"ARIMA(1,0,1)"
2024-06-17,-0.00011688991658475228,IWM,"ARIMA(1,0,1)"
2024-06-18,0.0013231468974183346,IWM,"ARIMA(1,0,1)"
2024-06-20,-9.69035538888177e-05,IWM,"ARIMA(1,0,1)"
2024-06-21,0.00010516254797728828,IWM,"ARIMA(1,0,1)"
2024-06-24,0.0006438392006482632,IWM,"ARIMA(1,0,1)"
2024-06-25,0.0006573522832195951,IWM,"ARIMA(1,0,1)"
2024-06-26,4.970114114787147e-07,IWM,"ARIMA(1,0,1)"
2024-06-27,0.00039983731119056605,IWM,"ARIMA(1,0,1)"
2024-06-28,0.0013257843010743603,IWM,"ARIMA(1,0,1)"
2024-07-01,0.0003365780283274926,IWM,"ARIMA(1,0,1)"
2024-07-02,-0.0003300204620210398,IWM,"ARIMA(1,0,1)"
2024-07-03,0.0010360745017997974,IWM,"ARIMA(1,0,1)"
2024-07-05,-0.00013129070846788483,IWM,"ARIMA(1,0,1)"
2024-07-08,9.22019803340071e-05,IWM,"ARIMA(1,0,1)"
2024-07-09,0.0011362515934006546,IWM,"ARIMA(1,0,1)"
2024-07-10,-0.00039641160049018345,IWM,"ARIMA(1,0,1)"
2024-07-11,0.0015889164588620591,IWM,"ARIMA(1,0,1)"
2024-07-12,0.0027397752610351786,IWM,"ARIMA(1,0,1)"
2024-07-15,8.485943779436652e-05,IWM,"ARIMA(1,0,1)"
2024-07-16,0.0017901257071247663,IWM,"ARIMA(1,0,1)"
2024-07-17,0.0006230242187733286,IWM,"ARIMA(1,0,1)"
2024-07-18,0.00035229080933933785,IWM,"ARIMA(1,0,1)"
2024-07-19,0.0003942687396294452,IWM,"ARIMA(1,0,1)"
2024-07-22,0.0002191091248300271,IWM,"ARIMA(1,0,1)"
2024-07-23,0.001797318009653701,IWM,"ARIMA(1,0,1)"
2024-07-24,0.0003640837876916884,IWM,"ARIMA(1,0,1)"
2024-07-25,-0.001950263091226314,IWM,"ARIMA(1,0,1)"
2024-07-26,0.0023933284250894312,IWM,"ARIMA(1,0,1)"
2024-07-29,0.00030929605432556393,IWM,"ARIMA(1,0,1)"
2024-07-30,-2.5717073424158217e-05,IWM,"ARIMA(1,0,1)"
2024-07-31,0.0011700512584106235,IWM,"ARIMA(1,0,1)"
2024-08-01,0.00038929553176175746,IWM,"ARIMA(1,0,1)"
2024-08-02,-0.0015523646019080675,IWM,"ARIMA(1,0,1)"
2024-08-05,-0.0018261236374164493,IWM,"ARIMA(1,0,1)"
2024-08-06,-0.00023075146713997458,IWM,"ARIMA(1,0,1)"
2024-08-07,0.003629459712275071,IWM,"ARIMA(1,0,1)"
2024-08-08,-0.0003855302052653695,IWM,"ARIMA(1,0,1)"
2024-08-09,0.0049305343241276955,IWM,"ARIMA(1,0,1)"
2024-08-12,-0.0024672158930090877,IWM,"ARIMA(1,0,1)"
2024-08-13,0.0009641684206708762,IWM,"ARIMA(1,0,1)"
2024-08-14,-0.00018876698798757905,IWM,"ARIMA(1,0,1)"
2024-08-15,0.0006928962630373746,IWM,"ARIMA(1,0,1)"
2024-08-16,0.001258157912186998,IWM,"ARIMA(1,0,1)"
2024-08-19,-0.001377424219570982,IWM,"ARIMA(1,0,1)"
2024-08-20,0.001455848226278043,IWM,"ARIMA(1,0,1)"
2024-08-21,-0.0016448247783539486,IWM,"ARIMA(1,0,1)"
2024-08-22,0.0033297484340192997,IWM,"ARIMA(1,0,1)"
2024-08-23,-0.00203591744696335,IWM,"ARIMA(1,0,1)"
2024-08-26,0.0034550739412999203,IWM,"ARIMA(1,0,1)"
2024-08-27,-0.0016029572873885523,IWM,"ARIMA(1,0,1)"
2024-08-28,0.0018807127173851776,IWM,"ARIMA(1,0,1)"
2024-08-29,-0.00034035207087273307,IWM,"ARIMA(1,0,1)"
2024-08-30,0.0015444134040076703,IWM,"ARIMA(1,0,1)"
2024-09-03,0.00021589429955765072,IWM,"ARIMA(1,0,1)"
2024-09-04,-0.0007702855294080313,IWM,"ARIMA(1,0,1)"
2024-09-05,0.0011916740836136737,IWM,"ARIMA(1,0,1)"
2024-09-06,-0.0002814899705693301,IWM,"ARIMA(1,0,1)"
2024-09-09,-0.0003902149206011491,IWM,"ARIMA(1,0,1)"
2024-09-10,0.0011314420810954538,IWM,"ARIMA(1,0,1)"
2024-09-11,4.257298590264766e-05,IWM,"ARIMA(1,0,1)"
2024-09-12,0.0009768994859265922,IWM,"ARIMA(1,0,1)"
2024-09-13,0.0007496701754876293,IWM,"ARIMA(1,0,1)"
2024-09-16,0.002049799857368659,IWM,"ARIMA(1,0,1)"
2024-09-17,8.60651276865114e-05,IWM,"ARIMA(1,0,1)"
2024-09-18,0.0017578950692115868,IWM,"ARIMA(1,0,1)"
2024-09-19,-0.00019996440217465812,IWM,"ARIMA(1,0,1)"
2024-09-20,0.002842295443660842,IWM,"ARIMA(1,0,1)"
2024-09-23,-0.0010088541698049275,IWM,"ARIMA(1,0,1)"
2024-09-24,0.0020767553699953295,IWM,"ARIMA(1,0,1)"
2024-09-25,0.00017341810997307725,IWM,"ARIMA(1,0,1)"
2024-09-26,0.000884174804781538,IWM,"ARIMA(1,0,1)"
2024-09-27,0.001207402561784861,IWM,"ARIMA(1,0,1)"
2024-09-30,0.0010988927713986984,IWM,"ARIMA(1,0,1)"
2024-10-01,0.0006916498451714942,IWM,"ARIMA(1,0,1)"
2024-10-02,0.00022314768270612214,IWM,"ARIMA(1,0,1)"
2024-10-03,0.0013471256461154457,IWM,"ARIMA(1,0,1)"
2024-10-04,0.0003042489623696461,IWM,"ARIMA(1,0,1)"
2024-10-07,0.002080855852984727,IWM,"ARIMA(1,0,1)"
2024-10-08,-0.00011033113082758723,IWM,"ARIMA(1,0,1)"
2024-10-09,0.0017646416885399477,IWM,"ARIMA(1,0,1)"
2024-10-10,0.00038362967884956935,IWM,"ARIMA(1,0,1)"
2024-10-11,0.001212629243583872,IWM,"ARIMA(1,0,1)"
2024-10-14,0.001448716930877531,IWM,"ARIMA(1,0,1)"
2024-10-15,0.0008158455626749187,IWM,"ARIMA(1,0,1)"
2024-10-16,0.0011655811028280427,IWM,"ARIMA(1,0,1)"
2024-10-17,0.0015555127363049846,IWM,"ARIMA(1,0,1)"
2024-10-18,0.001063506047652426,IWM,"ARIMA(1,0,1)"
2024-10-21,0.001058291436614884,IWM,"ARIMA(1,0,1)"
2024-10-22,0.0005649790457852662,IWM,"ARIMA(1,0,1)"
2024-10-23,0.0016582994189169309,IWM,"ARIMA(1,0,1)"
2024-10-24,0.0006943746912663989,IWM,"ARIMA(1,0,1)"
2024-10-25,0.0010890125908193586,IWM,"ARIMA(1,0,1)"
2024-10-28,0.0006230554496522067,IWM,"ARIMA(1,0,1)"
2024-10-29,0.0013761175340381122,IWM,"ARIMA(1,0,1)"
2024-10-30,0.00018900167656457157,IWM,"ARIMA(1,0,1)"
2024-10-31,0.002194669616120859,IWM,"ARIMA(1,0,1)"
2024-11-01,0.0008928574401980745,IWM,"ARIMA(1,0,1)"
2024-11-04,0.0019238597279566069,IWM,"ARIMA(1,0,1)"
2024-11-05,0.000881376939494107,IWM,"ARIMA(1,0,1)"
2024-11-06,0.0015076480101169501,IWM,"ARIMA(1,0,1)"
2024-11-07,0.0013158646494230268,IWM,"ARIMA(1,0,1)"
2024-11-08,0.0007439940505395346,IWM,"ARIMA(1,0,1)"
2024-11-11,0.0015061197759001456,IWM,"ARIMA(1,0,1)"
2024-11-12,0.0018572392108894284,IWM,"ARIMA(1,0,1)"
2024-11-13,0.0009927743828040028,IWM,"ARIMA(1,0,1)"
2024-11-14,0.0010390880592909722,IWM,"ARIMA(1,0,1)"
2024-11-15,0.0006331866239267182,IWM,"ARIMA(1,0,1)"
2024-11-18,0.00042938334744518566,IWM,"ARIMA(1,0,1)"
2024-11-19,0.001142848030744981,IWM,"ARIMA(1,0,1)"
2024-11-20,0.0012529000451822509,IWM,"ARIMA(1,0,1)"
2024-11-21,0.0010504166161801657,IWM,"ARIMA(1,0,1)"
2024-11-22,0.001774236956781636,IWM,"ARIMA(1,0,1)"
2024-11-25,0.0020276994335527345,IWM,"ARIMA(1,0,1)"
2024-11-26,0.001820156121386402,IWM,"ARIMA(1,0,1)"
2024-11-27,0.0007652676811059915,IWM,"ARIMA(1,0,1)"
2024-11-29,0.0012643797414477827,IWM,"ARIMA(1,0,1)"
2024-12-02,0.0013717273913130326,IWM,"ARIMA(1,0,1)"
2024-12-03,0.0011374536932357803,IWM,"ARIMA(1,0,1)"
2024-12-04,0.0007192485185357985,IWM,"ARIMA(1,0,1)"
2024-12-05,0.0011770507434151272,IWM,"ARIMA(1,0,1)"
2024-12-06,0.0004772635126549297,IWM,"ARIMA(1,0,1)"
2024-12-09,0.0016832946462739034,IWM,"ARIMA(1,0,1)"
2024-12-10,0.0007665311892118109,IWM,"ARIMA(1,0,1)"
2024-12-11,0.0007559587869785749,IWM,"ARIMA(1,0,1)"
2024-12-12,0.0011510749685165167,IWM,"ARIMA(1,0,1)"
2024-12-13,0.00031892381610629196,IWM,"ARIMA(1,0,1)"
2024-12-16,0.0007844055186590465,IWM,"ARIMA(1,0,1)"
2024-12-17,0.0008659308597986209,IWM,"ARIMA(1,0,1)"
2024-12-18,0.00032259877295871017,IWM,"ARIMA(1,0,1)"
2024-12-19,0.0004749829272630481,IWM,"ARIMA(1,0,1)"
2024-12-20,0.0017044861444621676,IWM,"ARIMA(1,0,1)"
2024-12-23,0.0010772941859437317,IWM,"ARIMA(1,0,1)"
2024-12-24,-0.0006195859398343182,IWM,"ARIMA(1,0,1)"
2024-12-26,0.0015817399806506262,IWM,"ARIMA(1,0,1)"
2024-12-27,-0.0006110561416248592,IWM,"ARIMA(1,0,1)"
2024-12-30,-0.000483534359799147,IWM,"ARIMA(1,0,1)"
2024-12-31,0.00047285613692483764,IWM,"ARIMA(1,0,1)"
2025-01-02,0.0004798581429101451,IWM,"ARIMA(1,0,1)"
2025-01-03,0.00046174538891848217,IWM,"ARIMA(1,0,1)"
2025-01-06,0.0013223095434647613,IWM,"ARIMA(1,0,1)"
2025-01-07,0.0005961162480735437,IWM,"ARIMA(1,0,1)"
2025-01-08,0.00016344043825088344,IWM,"ARIMA(1,0,1)"
2025-01-10,0.00023996576485982746,IWM,"ARIMA(1,0,1)"
2025-01-13,-0.0008821143526913438,IWM,"ARIMA(1,0,1)"
2025-01-14,0.0005904944998450384,IWM,"ARIMA(1,0,1)"
2025-01-15,0.0011720785104654859,IWM,"ARIMA(1,0,1)"
2025-01-16,0.0017927212242878992,IWM,"ARIMA(1,0,1)"
2025-01-17,0.0007304089834370368,IWM,"ARIMA(1,0,1)"
2025-01-21,0.0009516924832910041,IWM,"ARIMA(1,0,1)"
2025-01-22,0.0019143765960021246,IWM,"ARIMA(1,0,1)"
2025-01-23,0.00030096775270611225,IWM,"ARIMA(1,0,1)"
2025-01-24,0.0008805196512179131,IWM,"ARIMA(1,0,1)"
2025-01-27,0.00046009494713161806,IWM,"ARIMA(1,0,1)"
2025-01-28,7.262126691196262e-05,IWM,"ARIMA(1,0,1)"
2025-01-29,0.000723010590164448,IWM,"ARIMA(1,0,1)"
2025-01-30,0.0003248594644444366,IWM,"ARIMA(1,0,1)"
2025-01-31,0.0014325124854216989,IWM,"ARIMA(1,0,1)"
2025-02-03,5.805855303386278e-05,IWM,"ARIMA(1,0,1)"
2025-02-04,0.0003364776776356214,IWM,"ARIMA(1,0,1)"
2025-02-05,0.0014631852844118184,IWM,"ARIMA(1,0,1)"
2025-02-06,0.0013073266988689576,IWM,"ARIMA(1,0,1)"
2025-02-07,0.00045733224513946663,IWM,"ARIMA(1,0,1)"
2025-02-10,-0.00024816430750829947,IWM,"ARIMA(1,0,1)"
2025-02-11,0.0009695273981824128,IWM,"ARIMA(1,0,1)"
2025-02-12,0.0001990350567423805,IWM,"ARIMA(1,0,1)"
2025-02-13,-3.203728811251513e-05,IWM,"ARIMA(1,0,1)"
2025-02-14,0.0015098108670879293,IWM,"ARIMA(1,0,1)"
2025-02-18,-0.00020528584872195744,IWM,"ARIMA(1,0,1)"
2025-02-19,0.001263613848926261,IWM,"ARIMA(1,0,1)"
2025-02-20,-0.00017632798287249703,IWM,"ARIMA(1,0,1)"
2025-02-21,-0.00016848275002091264,IWM,"ARIMA(1,0,1)"
2025-02-24,-0.0022317825523568337,IWM,"ARIMA(1,0,1)"
2025-02-25,0.0004219343788205996,IWM,"ARIMA(1,0,1)"
2025-02-26,-4.105561767258329e-05,IWM,"ARIMA(1,0,1)"
2025-02-27,0.0005389399814020579,IWM,"ARIMA(1,0,1)"
2025-02-28,-0.0014036371841308782,IWM,"ARIMA(1,0,1)"
2025-03-03,0.0015917433590355817,IWM,"ARIMA(1,0,1)"
2025-03-04,-0.0022610277079548706,IWM,"ARIMA(1,0,1)"
2025-03-05,-0.0009431420937255613,IWM,"ARIMA(1,0,1)"
2025-03-06,0.0011057305593190681,IWM,"ARIMA(1,0,1)"
2025-03-07,-0.0013297157843268443,IWM,"ARIMA(1,0,1)"
2025-03-10,0.0003141016758814978,IWM,"ARIMA(1,0,1)"
2025-03-11,-0.002129871801183113,IWM,"ARIMA(1,0,1)"
2025-03-12,-0.0007043696956437099,IWM,"ARIMA(1,0,1)"
2025-03-13,-9.106263945961402e-05,IWM,"ARIMA(1,0,1)"
2025-03-14,-0.00132051652333342,IWM,"ARIMA(1,0,1)"
2025-03-17,0.0013179927713429527,IWM,"ARIMA(1,0,1)"
2025-03-18,0.0013710916814517215,IWM,"ARIMA(1,0,1)"
2025-03-19,-0.000589811129770316,IWM,"ARIMA(1,0,1)"
2025-03-20,0.00116403223337641,IWM,"ARIMA(1,0,1)"
2025-03-21,1.3817346823461884e-05,IWM,"ARIMA(1,0,1)"
2025-03-24,-0.00037521511416196567,IWM,"ARIMA(1,0,1)"
2025-03-25,0.0014843912124060277,IWM,"ARIMA(1,0,1)"
2025-03-26,0.0002903544076715426,IWM,"ARIMA(1,0,1)"
2025-03-27,-0.0006466693822784472,IWM,"ARIMA(1,0,1)"
2025-03-28,-0.00040321031161049526,IWM,"ARIMA(1,0,1)"
2025-03-31,-0.0016751257518982105,IWM,"ARIMA(1,0,1)"
2025-04-01,-0.001254926254564355,IWM,"ARIMA(1,0,1)"
2025-04-02,-0.0010454125873752085,IWM,"ARIMA(1,0,1)"
2025-04-03,0.0008032127956841483,IWM,"ARIMA(1,0,1)"
2025-04-04,0.00010142583533180187,IWM,"ARIMA(1,0,1)"
2025-04-07,-0.004470487467342047,IWM,"ARIMA(1,0,1)"
2025-04-08,-0.001364148088509624,IWM,"ARIMA(1,0,1)"
2025-04-09,-0.0055604557574413915,IWM,"ARIMA(1,0,1)"
2025-04-10,0.004079222484261799,IWM,"ARIMA(1,0,1)"
2025-04-11,-0.0004628589785438089,IWM,"ARIMA(1,0,1)"
2025-04-14,0.0003209778806352571,IWM,"ARIMA(1,0,1)"
2025-04-15,-0.00027899901233903023,IWM,"ARIMA(1,0,1)"
2025-04-16,-0.00021401006727130216,IWM,"ARIMA(1,0,1)"
2025-04-17,-0.00018255247810203861,IWM,"ARIMA(1,0,1)"
2025-04-21,-0.0001358812724190643,IWM,"ARIMA(1,0,1)"
2025-04-22,0.0003926558118739873,IWM,"ARIMA(1,0,1)"
2025-04-23,-7.139100036785141e-05,IWM,"ARIMA(1,0,1)"
2025-04-24,-0.00042915566917250546,IWM,"ARIMA(1,0,1)"
2025-04-25,-0.0005344765002342082,IWM,"ARIMA(1,0,1)"
2025-04-28,3.535966747672982e-05,IWM,"ARIMA(1,0,1)"
2025-04-29,-0.00035004260649809394,IWM,"ARIMA(1,0,1)"
2025-04-30,0.00017291934776187293,IWM,"ARIMA(1,0,1)"
2025-05-01,-0.00011064528189962052,IWM,"ARIMA(1,0,1)"
2025-05-02,3.747408594158304e-05,IWM,"ARIMA(1,0,1)"
2025-05-05,0.00040535915976903957,IWM,"ARIMA(1,0,1)"
2025-05-06,0.00021013960635925613,IWM,"ARIMA(1,0,1)"
2025-05-07,-3.84613674786376e-05,IWM,"ARIMA(1,0,1)"
2025-05-08,-4.399991253236822e-05,IWM,"ARIMA(1,0,1)"
2025-05-09,5.079875092766167e-05,IWM,"ARIMA(1,0,1)"
2025-05-12,-1.9236194083108854e-05,IWM,"ARIMA(1,0,1)"
2025-05-13,0.0005054092712911669,IWM,"ARIMA(1,0,1)"
2025-05-14,0.0003820638515432761,IWM,"ARIMA(1,0,1)"
2025-05-15,-0.0002118258627910327,IWM,"ARIMA(1,0,1)"
2025-05-16,-0.00017359437354377892,IWM,"ARIMA(1,0,1)"
2025-05-19,8.734329136067812e-05,IWM,"ARIMA(1,0,1)"
2025-05-20,-0.00022846571198868352,IWM,"ARIMA(1,0,1)"
2025-05-21,-0.00013680906890857416,IWM,"ARIMA(1,0,1)"
2025-05-22,-0.0002105126057919001,IWM,"ARIMA(1,0,1)"
2025-05-23,-0.00016009123840612975,IWM,"ARIMA(1,0,1)"
2025-05-27,-0.00019392464212866206,IWM,"ARIMA(1,0,1)"
2025-05-28,0.00018849478917372267,IWM,"ARIMA(1,0,1)"
2025-05-29,8.895463183163297e-05,IWM,"ARIMA(1,0,1)"
2025-05-30,1.978595617401105e-05,IWM,"ARIMA(1,0,1)"
2025-06-02,5.4273575043849845e-05,IWM,"ARIMA(1,0,1)"
2025-06-03,7.192339292680247e-05,IWM,"ARIMA(1,0,1)"
2025-06-04,0.00012118897456438874,IWM,"ARIMA(1,0,1)"
2025-06-05,9.11022766644106e-05,IWM,"ARIMA(1,0,1)"
2025-06-06,0.00011465103396466216,IWM,"ARIMA(1,0,1)"
2025-06-09,0.00027328098332510915,IWM,"ARIMA(1,0,1)"
2025-06-10,0.00025788109924227326,IWM,"ARIMA(1,0,1)"
2025-06-11,0.0002928092973863141,IWM,"ARIMA(1,0,1)"
2025-06-12,0.00026429732090836464,IWM,"ARIMA(1,0,1)"
2025-06-13,0.0002093858472565892,IWM,"ARIMA(1,0,1)"
2025-06-16,-2.1177876870124326e-05,IWM,"ARIMA(1,0,1)"
2025-06-17,0.00019222821176832555,IWM,"ARIMA(1,0,1)"
2025-06-18,0.0003142571617306999,IWM,"ARIMA(1,0,1)"
2025-06-20,0.0002427452953989315,IWM,"ARIMA(1,0,1)"
2025-06-23,0.00021726283886941091,IWM,"ARIMA(1,0,1)"
2025-06-24,0.00017782977362258196,IWM,"ARIMA(1,0,1)"
2025-06-25,0.0003057881317275871,IWM,"ARIMA(1,0,1)"
2025-06-26,0.0004328897198388346,IWM,"ARIMA(1,0,1)"
2025-06-27,3.3462195819190235e-05,IWM,"ARIMA(1,0,1)"
2025-06-30,0.00028941757129688657,IWM,"ARIMA(1,0,1)"
2025-07-01,0.00031871041548478367,IWM,"ARIMA(1,0,1)"
2025-07-02,0.0002812792185513079,IWM,"ARIMA(1,0,1)"
2025-07-03,0.0003643863042783352,IWM,"ARIMA(1,0,1)"
2025-07-07,0.0004757405349313246,IWM,"ARIMA(1,0,1)"
2025-07-08,0.0006053802780089927,IWM,"ARIMA(1,0,1)"
2025-07-09,0.00032828054581785166,IWM,"ARIMA(1,0,1)"
2025-07-10,0.00046200021095204854,IWM,"ARIMA(1,0,1)"
2025-07-11,0.0004402181580266345,IWM,"ARIMA(1,0,1)"
2025-07-14,0.0005498265952957417,IWM,"ARIMA(1,0,1)"
2025-07-15,0.00020339469419822112,IWM,"ARIMA(1,0,1)"
2025-07-16,0.0012099166952710123,IWM,"ARIMA(1,0,1)"
2025-07-17,-0.0006893606742965639,IWM,"ARIMA(1,0,1)"
2025-07-18,-7.542674225733735e-05,IWM,"ARIMA(1,0,1)"
2025-07-21,0.00043858249562950485,IWM,"ARIMA(1,0,1)"
2025-07-22,9.187110931814852e-05,IWM,"ARIMA(1,0,1)"
2025-07-23,-0.00027832825944493856,IWM,"ARIMA(1,0,1)"
2025-07-24,-0.00050618472386338,IWM,"ARIMA(1,0,1)"
2025-07-25,0.0012503980878540025,IWM,"ARIMA(1,0,1)"
2025-07-28,-0.00041195009447108396,IWM,"ARIMA(1,0,1)"
2025-07-29,0.0003764952957395443,IWM,"ARIMA(1,0,1)"
2025-07-30,0.00042556203534011234,IWM,"ARIMA(1,0,1)"
2025-07-31,0.00019526830307745185,IWM,"ARIMA(1,0,1)"
2025-08-01,0.0005126141853661144,IWM,"ARIMA(1,0,1)"
2025-08-04,0.0009359978806276971,IWM,"ARIMA(1,0,1)"
2025-08-05,-0.0017938104564274532,IWM,"ARIMA(1,0,1)"
2025-08-06,0.0006624874291581756,IWM,"ARIMA(1,0,1)"
2025-08-07,0.00024583237331040134,IWM,"ARIMA(1,0,1)"
2025-08-08,0.0006156162153291985,IWM,"ARIMA(1,0,1)"
2025-08-11,0.00013660605762221435,IWM,"ARIMA(1,0,1)"
2025-08-12,0.0005061875710925374,IWM,"ARIMA(1,0,1)"
2025-08-13,-0.001954449571978485,IWM,"ARIMA(1,0,1)"
2025-08-14,-0.00015750580853294497,IWM,"ARIMA(1,0,1)"
