Date,pred,asset,model
2007-01-05,0.00016122707171782757,LQD,"ARIMA(1,0,1)"
2007-01-08,0.0001579502851127416,LQD,"ARIMA(1,0,1)"
2007-01-09,0.00015419635397349168,LQD,"ARIMA(1,0,1)"
2007-01-10,0.00016215408093066218,LQD,"ARIMA(1,0,1)"
2007-01-11,0.00015747469505614632,LQD,"ARIMA(1,0,1)"
2007-01-12,0.00015466546766783172,LQD,"ARIMA(1,0,1)"
2007-01-16,0.0001562146300047345,LQD,"ARIMA(1,0,1)"
2007-01-17,0.00014593030683484113,LQD,"ARIMA(1,0,1)"
2007-01-18,0.0001847005573594518,LQD,"ARIMA(1,0,1)"
2007-01-19,0.00011842523795050727,LQD,"ARIMA(1,0,1)"
2007-01-22,0.000139951439814407,LQD,"ARIMA(1,0,1)"
2007-01-23,0.00013799136203160485,LQD,"ARIMA(1,0,1)"
2007-01-24,0.00024241054233890914,LQD,"ARIMA(1,0,1)"
2007-01-25,6.096197229123402e-05,LQD,"ARIMA(1,0,1)"
2007-01-26,0.0002733103384067289,LQD,"ARIMA(1,0,1)"
2007-01-29,1.9708730047005306e-05,LQD,"ARIMA(1,0,1)"
2007-01-30,0.00014462960372898227,LQD,"ARIMA(1,0,1)"
2007-01-31,-5.366916015922882e-05,LQD,"ARIMA(1,0,1)"
2007-02-01,0.0001723403544547929,LQD,"ARIMA(1,0,1)"
2007-02-02,0.00015561125592811445,LQD,"ARIMA(1,0,1)"
2007-02-05,0.00018378531327064855,LQD,"ARIMA(1,0,1)"
2007-02-06,0.00019082088582349783,LQD,"ARIMA(1,0,1)"
2007-02-07,0.00019632402271686284,LQD,"ARIMA(1,0,1)"
2007-02-08,0.00019546142322069635,LQD,"ARIMA(1,0,1)"
2007-02-09,0.0002091980670240526,LQD,"ARIMA(1,0,1)"
2007-02-12,0.00019203273317955813,LQD,"ARIMA(1,0,1)"
2007-02-13,0.000186007153073749,LQD,"ARIMA(1,0,1)"
2007-02-14,0.00019021696622398783,LQD,"ARIMA(1,0,1)"
2007-02-15,0.00020917368090059388,LQD,"ARIMA(1,0,1)"
2007-02-16,0.0002206526632343789,LQD,"ARIMA(1,0,1)"
2007-02-20,0.0002243011120523109,LQD,"ARIMA(1,0,1)"
2007-02-21,0.00022501160915474144,LQD,"ARIMA(1,0,1)"
2007-02-22,0.00020847169517817623,LQD,"ARIMA(1,0,1)"
2007-02-23,0.00020488358542390396,LQD,"ARIMA(1,0,1)"
2007-02-26,0.00020012503961526658,LQD,"ARIMA(1,0,1)"
2007-02-27,0.00022763493127277013,LQD,"ARIMA(1,0,1)"
2007-02-28,0.0002430010959618467,LQD,"ARIMA(1,0,1)"
2007-03-01,0.00023688469815066342,LQD,"ARIMA(1,0,1)"
2007-03-02,0.00023468625067339297,LQD,"ARIMA(1,0,1)"
2007-03-05,0.00019831030956540054,LQD,"ARIMA(1,0,1)"
2007-03-06,0.0002732433010704902,LQD,"ARIMA(1,0,1)"
2007-03-07,0.0002654759881497317,LQD,"ARIMA(1,0,1)"
2007-03-08,0.0002900278702736011,LQD,"ARIMA(1,0,1)"
2007-03-09,0.00029771281067311425,LQD,"ARIMA(1,0,1)"
2007-03-12,0.0002851598087470461,LQD,"ARIMA(1,0,1)"
2007-03-13,0.0002935581576475467,LQD,"ARIMA(1,0,1)"
2007-03-14,0.0002862946158320424,LQD,"ARIMA(1,0,1)"
2007-03-15,0.00028785460053487106,LQD,"ARIMA(1,0,1)"
2007-03-16,0.0002478052162997738,LQD,"ARIMA(1,0,1)"
2007-03-19,0.00028512943053678376,LQD,"ARIMA(1,0,1)"
2007-03-20,0.00022351844769803806,LQD,"ARIMA(1,0,1)"
2007-03-21,0.00023720862723569994,LQD,"ARIMA(1,0,1)"
2007-03-22,0.0002468984364599532,LQD,"ARIMA(1,0,1)"
2007-03-23,0.0002592677930388656,LQD,"ARIMA(1,0,1)"
2007-03-26,0.00023741069384111024,LQD,"ARIMA(1,0,1)"
2007-03-27,0.00025045268737566937,LQD,"ARIMA(1,0,1)"
2007-03-28,0.00024171450549678364,LQD,"ARIMA(1,0,1)"
2007-03-29,0.0002462196777436134,LQD,"ARIMA(1,0,1)"
2007-03-30,0.00028402633776061857,LQD,"ARIMA(1,0,1)"
2007-04-02,0.0002793782163082732,LQD,"ARIMA(1,0,1)"
2007-04-03,0.00027680131220080055,LQD,"ARIMA(1,0,1)"
2007-04-04,0.0002935604714272931,LQD,"ARIMA(1,0,1)"
2007-04-05,0.00027270592199191016,LQD,"ARIMA(1,0,1)"
2007-04-09,0.00030411935329612894,LQD,"ARIMA(1,0,1)"
2007-04-10,0.00032421065021166415,LQD,"ARIMA(1,0,1)"
2007-04-11,0.00025537000075840505,LQD,"ARIMA(1,0,1)"
2007-04-12,0.0003146453397242521,LQD,"ARIMA(1,0,1)"
2007-04-13,0.00028611916006207545,LQD,"ARIMA(1,0,1)"
2007-04-16,0.0003340464940936357,LQD,"ARIMA(1,0,1)"
2007-04-17,0.00029499456211540167,LQD,"ARIMA(1,0,1)"
2007-04-18,0.00020170562378254606,LQD,"ARIMA(1,0,1)"
2007-04-19,0.0002605914144810214,LQD,"ARIMA(1,0,1)"
2007-04-20,0.0002599745861688895,LQD,"ARIMA(1,0,1)"
2007-04-23,0.00028877031418960325,LQD,"ARIMA(1,0,1)"
2007-04-24,0.00025564512621984044,LQD,"ARIMA(1,0,1)"
2007-04-25,0.00024304397256069005,LQD,"ARIMA(1,0,1)"
2007-04-26,0.00028853688534060914,LQD,"ARIMA(1,0,1)"
2007-04-27,0.00035677638358880547,LQD,"ARIMA(1,0,1)"
2007-04-30,0.0003358259381921895,LQD,"ARIMA(1,0,1)"
2007-05-01,0.00029505274649227464,LQD,"ARIMA(1,0,1)"
2007-05-02,0.0003006547115878741,LQD,"ARIMA(1,0,1)"
2007-05-03,0.00033401998572259086,LQD,"ARIMA(1,0,1)"
2007-05-04,0.0003397542740377067,LQD,"ARIMA(1,0,1)"
2007-05-07,0.00031729711954861105,LQD,"ARIMA(1,0,1)"
2007-05-08,0.00031800302827265074,LQD,"ARIMA(1,0,1)"
2007-05-09,0.0003293811925811293,LQD,"ARIMA(1,0,1)"
2007-05-10,0.00034185343066904907,LQD,"ARIMA(1,0,1)"
2007-05-11,0.0003367875082877704,LQD,"ARIMA(1,0,1)"
2007-05-14,0.0003492802313194627,LQD,"ARIMA(1,0,1)"
2007-05-15,0.00035398658093809183,LQD,"ARIMA(1,0,1)"
2007-05-16,0.0003405438616033533,LQD,"ARIMA(1,0,1)"
2007-05-17,0.0003118756909124003,LQD,"ARIMA(1,0,1)"
2007-05-18,0.0002793221179784129,LQD,"ARIMA(1,0,1)"
2007-05-21,0.00024449784278286817,LQD,"ARIMA(1,0,1)"
2007-05-22,0.00028417704593232005,LQD,"ARIMA(1,0,1)"
2007-05-23,0.00023216067467225272,LQD,"ARIMA(1,0,1)"
2007-05-24,0.0002421912893246144,LQD,"ARIMA(1,0,1)"
2007-05-25,0.00028101334686364733,LQD,"ARIMA(1,0,1)"
2007-05-29,0.00025040542324543814,LQD,"ARIMA(1,0,1)"
2007-05-30,0.00023504206661396012,LQD,"ARIMA(1,0,1)"
2007-05-31,0.0002679856636904403,LQD,"ARIMA(1,0,1)"
2007-06-01,0.0002599926044992325,LQD,"ARIMA(1,0,1)"
2007-06-04,0.00016404739954190277,LQD,"ARIMA(1,0,1)"
2007-06-05,0.0003180693094558016,LQD,"ARIMA(1,0,1)"
2007-06-06,8.81403774205048e-05,LQD,"ARIMA(1,0,1)"
2007-06-07,0.00034289851711295257,LQD,"ARIMA(1,0,1)"
2007-06-08,-0.00012006847899286653,LQD,"ARIMA(1,0,1)"
2007-06-11,0.00026764820304441624,LQD,"ARIMA(1,0,1)"
2007-06-12,5.873948637355521e-05,LQD,"ARIMA(1,0,1)"
2007-06-13,0.00014837972832368248,LQD,"ARIMA(1,0,1)"
2007-06-14,0.00017682236537405556,LQD,"ARIMA(1,0,1)"
2007-06-15,0.00017080554207580476,LQD,"ARIMA(1,0,1)"
2007-06-18,0.00024548086797571015,LQD,"ARIMA(1,0,1)"
2007-06-19,0.00018240183487086935,LQD,"ARIMA(1,0,1)"
2007-06-20,0.0002861567555674406,LQD,"ARIMA(1,0,1)"
2007-06-21,0.0002375945668494197,LQD,"ARIMA(1,0,1)"
2007-06-22,0.0002652977532464157,LQD,"ARIMA(1,0,1)"
2007-06-25,0.00021341217408814324,LQD,"ARIMA(1,0,1)"
2007-06-26,0.00023063654798476655,LQD,"ARIMA(1,0,1)"
2007-06-27,0.0002544193420311977,LQD,"ARIMA(1,0,1)"
2007-06-28,0.00025906757005198763,LQD,"ARIMA(1,0,1)"
2007-06-29,0.00029521739432353483,LQD,"ARIMA(1,0,1)"
2007-07-02,0.00016162596467171272,LQD,"ARIMA(1,0,1)"
2007-07-03,0.00040380680052093187,LQD,"ARIMA(1,0,1)"
2007-07-05,0.00024048908102612204,LQD,"ARIMA(1,0,1)"
2007-07-06,0.0002173654741486577,LQD,"ARIMA(1,0,1)"
2007-07-09,0.00016017856550224686,LQD,"ARIMA(1,0,1)"
2007-07-10,0.00019317560298822095,LQD,"ARIMA(1,0,1)"
2007-07-11,9.90127443344758e-05,LQD,"ARIMA(1,0,1)"
2007-07-12,0.00035521672933263947,LQD,"ARIMA(1,0,1)"
2007-07-13,0.00019060569957852724,LQD,"ARIMA(1,0,1)"
2007-07-16,0.0002365587045507975,LQD,"ARIMA(1,0,1)"
2007-07-17,0.0006752023855960826,LQD,"ARIMA(1,0,1)"
2007-07-18,0.0003731714251929124,LQD,"ARIMA(1,0,1)"
2007-07-19,0.00012203723146842258,LQD,"ARIMA(1,0,1)"
2007-07-20,0.00023713153697834204,LQD,"ARIMA(1,0,1)"
2007-07-23,0.00012563342574663025,LQD,"ARIMA(1,0,1)"
2007-07-24,0.00018705003661406204,LQD,"ARIMA(1,0,1)"
2007-07-25,0.000240481453409643,LQD,"ARIMA(1,0,1)"
2007-07-26,0.0002056390402739396,LQD,"ARIMA(1,0,1)"
2007-07-27,0.0002783840496633018,LQD,"ARIMA(1,0,1)"
2007-07-30,0.0003602899057000943,LQD,"ARIMA(1,0,1)"
2007-07-31,0.00031427138763848514,LQD,"ARIMA(1,0,1)"
2007-08-01,0.0002930528022437938,LQD,"ARIMA(1,0,1)"
2007-08-02,0.00020288724446059772,LQD,"ARIMA(1,0,1)"
2007-08-03,0.0001645796965716863,LQD,"ARIMA(1,0,1)"
2007-08-06,-1.1282991374555654e-05,LQD,"ARIMA(1,0,1)"
2007-08-07,0.00020794752862476667,LQD,"ARIMA(1,0,1)"
2007-08-08,4.927022442317508e-05,LQD,"ARIMA(1,0,1)"
2007-08-09,7.055045087282904e-05,LQD,"ARIMA(1,0,1)"
2007-08-10,0.00016892202813037453,LQD,"ARIMA(1,0,1)"
2007-08-13,0.0003862399423996748,LQD,"ARIMA(1,0,1)"
2007-08-14,6.971948145620386e-05,LQD,"ARIMA(1,0,1)"
2007-08-15,-0.0002070051860536699,LQD,"ARIMA(1,0,1)"
2007-08-16,0.0001042263908755797,LQD,"ARIMA(1,0,1)"
2007-08-17,0.00012016840390561996,LQD,"ARIMA(1,0,1)"
2007-08-20,0.0002777942792076619,LQD,"ARIMA(1,0,1)"
2007-08-21,0.000176924422640234,LQD,"ARIMA(1,0,1)"
2007-08-22,0.00030370225273124065,LQD,"ARIMA(1,0,1)"
2007-08-23,0.0001457998729834733,LQD,"ARIMA(1,0,1)"
2007-08-24,0.00021473144832686293,LQD,"ARIMA(1,0,1)"
2007-08-27,0.00016937706954644338,LQD,"ARIMA(1,0,1)"
2007-08-28,0.00014440514661787505,LQD,"ARIMA(1,0,1)"
2007-08-29,0.00017101560968236845,LQD,"ARIMA(1,0,1)"
2007-08-30,0.00021255663168376487,LQD,"ARIMA(1,0,1)"
2007-08-31,-3.75804547940217e-05,LQD,"ARIMA(1,0,1)"
2007-09-04,-0.0001006249859090591,LQD,"ARIMA(1,0,1)"
2007-09-05,-5.885325897138889e-05,LQD,"ARIMA(1,0,1)"
2007-09-06,-0.000462469897545479,LQD,"ARIMA(1,0,1)"
2007-09-07,-9.386222061188244e-05,LQD,"ARIMA(1,0,1)"
2007-09-10,-0.00044023351260451715,LQD,"ARIMA(1,0,1)"
2007-09-11,-0.0005478742609279531,LQD,"ARIMA(1,0,1)"
2007-09-12,0.00017874500643696482,LQD,"ARIMA(1,0,1)"
2007-09-13,0.00019167417213504956,LQD,"ARIMA(1,0,1)"
2007-09-14,-6.175611478262164e-05,LQD,"ARIMA(1,0,1)"
2007-09-17,-0.0004467405540715297,LQD,"ARIMA(1,0,1)"
2007-09-18,0.00013039322079921653,LQD,"ARIMA(1,0,1)"
2007-09-19,7.723028179681675e-05,LQD,"ARIMA(1,0,1)"
2007-09-20,-0.00014508311504135186,LQD,"ARIMA(1,0,1)"
2007-09-21,0.00014955577785817327,LQD,"ARIMA(1,0,1)"
2007-09-24,5.958929372849002e-05,LQD,"ARIMA(1,0,1)"
2007-09-25,-9.194859947832121e-05,LQD,"ARIMA(1,0,1)"
2007-09-26,-0.0006889741942296299,LQD,"ARIMA(1,0,1)"
2007-09-27,-0.0007288705120266669,LQD,"ARIMA(1,0,1)"
2007-09-28,-6.860908915810681e-05,LQD,"ARIMA(1,0,1)"
2007-10-01,-3.298553586849145e-05,LQD,"ARIMA(1,0,1)"
2007-10-02,7.409496255676202e-05,LQD,"ARIMA(1,0,1)"
2007-10-03,2.1705724986100907e-05,LQD,"ARIMA(1,0,1)"
2007-10-04,-0.00011689427255779102,LQD,"ARIMA(1,0,1)"
2007-10-05,-0.00011138569027647921,LQD,"ARIMA(1,0,1)"
2007-10-08,-0.00023001809584253526,LQD,"ARIMA(1,0,1)"
2007-10-09,0.00016007207571714182,LQD,"ARIMA(1,0,1)"
2007-10-10,0.00016498044162016837,LQD,"ARIMA(1,0,1)"
2007-10-11,0.00017605757515594034,LQD,"ARIMA(1,0,1)"
2007-10-12,0.0002018710270861538,LQD,"ARIMA(1,0,1)"
2007-10-15,0.00018899372124424617,LQD,"ARIMA(1,0,1)"
2007-10-16,-0.0001447452837863488,LQD,"ARIMA(1,0,1)"
2007-10-17,-0.00011844627463005039,LQD,"ARIMA(1,0,1)"
2007-10-18,0.0002222962327051098,LQD,"ARIMA(1,0,1)"
2007-10-19,0.00021524938660639982,LQD,"ARIMA(1,0,1)"
2007-10-22,0.00023239059843350315,LQD,"ARIMA(1,0,1)"
2007-10-23,-3.8004223870377135e-05,LQD,"ARIMA(1,0,1)"
2007-10-24,-8.332778891948989e-05,LQD,"ARIMA(1,0,1)"
2007-10-25,6.519346020388722e-05,LQD,"ARIMA(1,0,1)"
2007-10-26,4.096167046529537e-05,LQD,"ARIMA(1,0,1)"
2007-10-29,7.17204965720899e-05,LQD,"ARIMA(1,0,1)"
2007-10-30,-2.9631446136450904e-05,LQD,"ARIMA(1,0,1)"
2007-10-31,-3.159910325689096e-05,LQD,"ARIMA(1,0,1)"
2007-11-01,0.0003967391638256089,LQD,"ARIMA(1,0,1)"
2007-11-02,-0.0005088324051518139,LQD,"ARIMA(1,0,1)"
2007-11-05,0.0008327285429226143,LQD,"ARIMA(1,0,1)"
2007-11-06,0.00018607376872945634,LQD,"ARIMA(1,0,1)"
2007-11-07,0.001430560682186792,LQD,"ARIMA(1,0,1)"
2007-11-08,0.0010923851065772624,LQD,"ARIMA(1,0,1)"
2007-11-09,0.000493388206240326,LQD,"ARIMA(1,0,1)"
2007-11-12,-0.0004046163161685978,LQD,"ARIMA(1,0,1)"
2007-11-13,-0.00011490403987650386,LQD,"ARIMA(1,0,1)"
2007-11-14,0.000954953576167163,LQD,"ARIMA(1,0,1)"
2007-11-15,0.0016012176952706304,LQD,"ARIMA(1,0,1)"
2007-11-16,0.0005814736937039444,LQD,"ARIMA(1,0,1)"
2007-11-19,0.0005044270099350753,LQD,"ARIMA(1,0,1)"
2007-11-20,-0.0012941569706473085,LQD,"ARIMA(1,0,1)"
2007-11-21,0.0006844762414014352,LQD,"ARIMA(1,0,1)"
2007-11-23,-0.0010769371143113779,LQD,"ARIMA(1,0,1)"
2007-11-26,0.000621073385632936,LQD,"ARIMA(1,0,1)"
2007-11-27,-0.003592256122068516,LQD,"ARIMA(1,0,1)"
2007-11-28,0.0016652486406248767,LQD,"ARIMA(1,0,1)"
2007-11-29,0.0021164749618386614,LQD,"ARIMA(1,0,1)"
2007-11-30,0.00022188597053210738,LQD,"ARIMA(1,0,1)"
2007-12-03,-0.001077467508451692,LQD,"ARIMA(1,0,1)"
2007-12-04,-0.0007049918043761032,LQD,"ARIMA(1,0,1)"
2007-12-05,-0.0004595774973109318,LQD,"ARIMA(1,0,1)"
2007-12-06,0.0007927241874826946,LQD,"ARIMA(1,0,1)"
2007-12-07,0.002436866387650413,LQD,"ARIMA(1,0,1)"
2007-12-10,0.0033355185789508022,LQD,"ARIMA(1,0,1)"
2007-12-11,0.0017741408199897215,LQD,"ARIMA(1,0,1)"
2007-12-12,-1.638979881197972e-05,LQD,"ARIMA(1,0,1)"
2007-12-13,0.0006766774401479388,LQD,"ARIMA(1,0,1)"
2007-12-14,0.0014424311618782706,LQD,"ARIMA(1,0,1)"
2007-12-17,0.00040371757771097096,LQD,"ARIMA(1,0,1)"
2007-12-18,0.0006268828778809433,LQD,"ARIMA(1,0,1)"
2007-12-19,0.00047004395808089133,LQD,"ARIMA(1,0,1)"
2007-12-20,-0.00048171530180582704,LQD,"ARIMA(1,0,1)"
2007-12-21,8.99923339109017e-05,LQD,"ARIMA(1,0,1)"
2007-12-24,0.0003201477001110783,LQD,"ARIMA(1,0,1)"
2007-12-26,0.0007862787993144619,LQD,"ARIMA(1,0,1)"
2007-12-27,0.0006749590648800228,LQD,"ARIMA(1,0,1)"
2007-12-28,0.00022421087680004565,LQD,"ARIMA(1,0,1)"
2007-12-31,-0.00016332548791127472,LQD,"ARIMA(1,0,1)"
2008-01-02,5.3563333041138465e-05,LQD,"ARIMA(1,0,1)"
2008-01-03,-0.0010770864530308094,LQD,"ARIMA(1,0,1)"
2008-01-04,-0.0008675072800810091,LQD,"ARIMA(1,0,1)"
2008-01-07,-0.002343298740591435,LQD,"ARIMA(1,0,1)"
2008-01-08,-0.0010758995895234413,LQD,"ARIMA(1,0,1)"
2008-01-09,-0.0007176834392323801,LQD,"ARIMA(1,0,1)"
2008-01-10,-9.047410939545653e-05,LQD,"ARIMA(1,0,1)"
2008-01-11,0.0006596202331082063,LQD,"ARIMA(1,0,1)"
2008-01-14,-0.0008950380887942373,LQD,"ARIMA(1,0,1)"
2008-01-15,0.0003605308448954114,LQD,"ARIMA(1,0,1)"
2008-01-16,-0.0006541480541105559,LQD,"ARIMA(1,0,1)"
2008-01-17,3.8421187771099576e-05,LQD,"ARIMA(1,0,1)"
2008-01-18,-0.0007613959407202062,LQD,"ARIMA(1,0,1)"
2008-01-22,7.578434935985768e-05,LQD,"ARIMA(1,0,1)"
2008-01-23,-0.00024342818328670218,LQD,"ARIMA(1,0,1)"
2008-01-24,-0.0002563533665805008,LQD,"ARIMA(1,0,1)"
2008-01-25,0.0017439971632186105,LQD,"ARIMA(1,0,1)"
2008-01-28,-0.0012756983001550645,LQD,"ARIMA(1,0,1)"
2008-01-29,-0.00043286347216092946,LQD,"ARIMA(1,0,1)"
2008-01-30,0.00029490600867056296,LQD,"ARIMA(1,0,1)"
2008-01-31,0.0003551497737042335,LQD,"ARIMA(1,0,1)"
2008-02-01,-0.0004091748852264295,LQD,"ARIMA(1,0,1)"
2008-02-04,-0.0010543431165561015,LQD,"ARIMA(1,0,1)"
2008-02-05,0.00011467825503308948,LQD,"ARIMA(1,0,1)"
2008-02-06,-0.0005533220491404617,LQD,"ARIMA(1,0,1)"
2008-02-07,0.0011439325579817921,LQD,"ARIMA(1,0,1)"
2008-02-08,0.003264490289216232,LQD,"ARIMA(1,0,1)"
2008-02-11,0.0013887392739254623,LQD,"ARIMA(1,0,1)"
2008-02-12,0.0005114065273548506,LQD,"ARIMA(1,0,1)"
2008-02-13,0.0007970368650655162,LQD,"ARIMA(1,0,1)"
2008-02-14,0.0031225789784795196,LQD,"ARIMA(1,0,1)"
2008-02-15,0.0019926412869366874,LQD,"ARIMA(1,0,1)"
2008-02-19,0.0019487053790850305,LQD,"ARIMA(1,0,1)"
2008-02-20,0.0031626568899601796,LQD,"ARIMA(1,0,1)"
2008-02-21,0.001791109814176087,LQD,"ARIMA(1,0,1)"
2008-02-22,0.0005001206992137606,LQD,"ARIMA(1,0,1)"
2008-02-25,0.0012559027827828237,LQD,"ARIMA(1,0,1)"
2008-02-26,0.0029733933630511035,LQD,"ARIMA(1,0,1)"
2008-02-27,0.0007128986533236811,LQD,"ARIMA(1,0,1)"
2008-02-28,0.0007910299635958157,LQD,"ARIMA(1,0,1)"
2008-02-29,-0.0009624184759331222,LQD,"ARIMA(1,0,1)"
2008-03-03,-0.0016074471473510132,LQD,"ARIMA(1,0,1)"
2008-03-04,-0.0010481614615210691,LQD,"ARIMA(1,0,1)"
2008-03-05,-3.9019406737435386e-05,LQD,"ARIMA(1,0,1)"
2008-03-06,0.0020612031053879897,LQD,"ARIMA(1,0,1)"
2008-03-07,0.0009539748590005976,LQD,"ARIMA(1,0,1)"
2008-03-10,0.0013225494642291815,LQD,"ARIMA(1,0,1)"
2008-03-11,0.0009991965678407232,LQD,"ARIMA(1,0,1)"
2008-03-12,0.002762171370647511,LQD,"ARIMA(1,0,1)"
2008-03-13,-9.65883107319356e-05,LQD,"ARIMA(1,0,1)"
2008-03-14,0.002067269901031185,LQD,"ARIMA(1,0,1)"
2008-03-17,0.0012890255491911906,LQD,"ARIMA(1,0,1)"
2008-03-18,-0.0010283578294405593,LQD,"ARIMA(1,0,1)"
2008-03-19,-0.0001385445899837177,LQD,"ARIMA(1,0,1)"
2008-03-20,-0.0010986623632053272,LQD,"ARIMA(1,0,1)"
2008-03-24,-0.001763842821388356,LQD,"ARIMA(1,0,1)"
2008-03-25,-0.00042490711714267395,LQD,"ARIMA(1,0,1)"
2008-03-26,-0.0011470746527927947,LQD,"ARIMA(1,0,1)"
2008-03-27,-0.0007884426134274983,LQD,"ARIMA(1,0,1)"
2008-03-28,0.0010879809565010915,LQD,"ARIMA(1,0,1)"
2008-03-31,-0.0006347495288111047,LQD,"ARIMA(1,0,1)"
2008-04-01,-0.0008842705842630715,LQD,"ARIMA(1,0,1)"
2008-04-02,2.5640286609854887e-06,LQD,"ARIMA(1,0,1)"
2008-04-03,-0.0003152186982240795,LQD,"ARIMA(1,0,1)"
2008-04-04,-0.00018608197294492238,LQD,"ARIMA(1,0,1)"
2008-04-07,-0.0028640404626200104,LQD,"ARIMA(1,0,1)"
2008-04-08,-0.001578233151393575,LQD,"ARIMA(1,0,1)"
2008-04-09,2.950863205414733e-05,LQD,"ARIMA(1,0,1)"
2008-04-10,0.0007496002535103627,LQD,"ARIMA(1,0,1)"
2008-04-11,0.0003378761419485921,LQD,"ARIMA(1,0,1)"
2008-04-14,9.270834404084564e-05,LQD,"ARIMA(1,0,1)"
2008-04-15,0.001602699770189773,LQD,"ARIMA(1,0,1)"
2008-04-16,0.0014972854850209428,LQD,"ARIMA(1,0,1)"
2008-04-17,0.0021284552799540678,LQD,"ARIMA(1,0,1)"
2008-04-18,0.0006747564525034671,LQD,"ARIMA(1,0,1)"
2008-04-21,-0.0004534388970541889,LQD,"ARIMA(1,0,1)"
2008-04-22,0.0005353147003960623,LQD,"ARIMA(1,0,1)"
2008-04-23,0.0008753242383495609,LQD,"ARIMA(1,0,1)"
2008-04-24,-0.0001202088892329117,LQD,"ARIMA(1,0,1)"
2008-04-25,0.0002964212889838945,LQD,"ARIMA(1,0,1)"
2008-04-28,0.00013491451798954322,LQD,"ARIMA(1,0,1)"
2008-04-29,-0.0009296394769685743,LQD,"ARIMA(1,0,1)"
2008-04-30,-0.0011590347232592721,LQD,"ARIMA(1,0,1)"
2008-05-01,-0.0017225672941197884,LQD,"ARIMA(1,0,1)"
2008-05-02,-0.001961675616784194,LQD,"ARIMA(1,0,1)"
2008-05-05,0.00024739729943455756,LQD,"ARIMA(1,0,1)"
2008-05-06,-5.8080901388796435e-05,LQD,"ARIMA(1,0,1)"
2008-05-07,0.0014835738718075695,LQD,"ARIMA(1,0,1)"
2008-05-08,0.0002672212947361762,LQD,"ARIMA(1,0,1)"
2008-05-09,-0.0006973400863880593,LQD,"ARIMA(1,0,1)"
2008-05-12,-0.0002634430302332635,LQD,"ARIMA(1,0,1)"
2008-05-13,0.00017807564348455292,LQD,"ARIMA(1,0,1)"
2008-05-14,0.0014155389661436955,LQD,"ARIMA(1,0,1)"
2008-05-15,0.0007706089908544812,LQD,"ARIMA(1,0,1)"
2008-05-16,-0.0008599895945217627,LQD,"ARIMA(1,0,1)"
2008-05-19,-9.920744083873314e-05,LQD,"ARIMA(1,0,1)"
2008-05-20,2.207417251202625e-05,LQD,"ARIMA(1,0,1)"
2008-05-21,4.7957114531898913e-05,LQD,"ARIMA(1,0,1)"
2008-05-22,0.0011015925124876413,LQD,"ARIMA(1,0,1)"
2008-05-23,0.0030472911323560455,LQD,"ARIMA(1,0,1)"
2008-05-27,0.0010204554658506605,LQD,"ARIMA(1,0,1)"
2008-05-28,0.0017510949940386274,LQD,"ARIMA(1,0,1)"
2008-05-29,0.002364148499201854,LQD,"ARIMA(1,0,1)"
2008-05-30,0.002159931855817649,LQD,"ARIMA(1,0,1)"
2008-06-02,0.0005514266431736418,LQD,"ARIMA(1,0,1)"
2008-06-03,-0.0001644201851334233,LQD,"ARIMA(1,0,1)"
2008-06-04,-0.0007022538185474931,LQD,"ARIMA(1,0,1)"
2008-06-05,0.0002916933413299467,LQD,"ARIMA(1,0,1)"
2008-06-06,0.0014196032926199025,LQD,"ARIMA(1,0,1)"
2008-06-09,0.00022332797695731165,LQD,"ARIMA(1,0,1)"
2008-06-10,0.0003620996771318029,LQD,"ARIMA(1,0,1)"
2008-06-11,0.0015677511457003637,LQD,"ARIMA(1,0,1)"
2008-06-12,0.0013428404707931255,LQD,"ARIMA(1,0,1)"
2008-06-13,0.0025792670619813243,LQD,"ARIMA(1,0,1)"
2008-06-16,0.0028291317098955333,LQD,"ARIMA(1,0,1)"
2008-06-17,0.0013466612052242728,LQD,"ARIMA(1,0,1)"
2008-06-18,0.0005850253188312525,LQD,"ARIMA(1,0,1)"
2008-06-19,-0.0004694464158926054,LQD,"ARIMA(1,0,1)"
2008-06-20,0.0007002671526800141,LQD,"ARIMA(1,0,1)"
2008-06-23,0.00046299538347339655,LQD,"ARIMA(1,0,1)"
2008-06-24,0.000453995013627383,LQD,"ARIMA(1,0,1)"
2008-06-25,0.0004884528371462956,LQD,"ARIMA(1,0,1)"
2008-06-26,0.00025967802484874584,LQD,"ARIMA(1,0,1)"
2008-06-27,0.00010799006993903862,LQD,"ARIMA(1,0,1)"
2008-06-30,0.00028949936129314956,LQD,"ARIMA(1,0,1)"
2008-07-01,0.0008000189036467543,LQD,"ARIMA(1,0,1)"
2008-07-02,0.000769203008775675,LQD,"ARIMA(1,0,1)"
2008-07-03,0.0007111986909263159,LQD,"ARIMA(1,0,1)"
2008-07-07,0.000779292291106657,LQD,"ARIMA(1,0,1)"
2008-07-08,-0.0002730058617325742,LQD,"ARIMA(1,0,1)"
2008-07-09,-0.0009851799370489038,LQD,"ARIMA(1,0,1)"
2008-07-10,-0.0008001348531246578,LQD,"ARIMA(1,0,1)"
2008-07-11,0.0005084716232374638,LQD,"ARIMA(1,0,1)"
2008-07-14,0.0017059250481451119,LQD,"ARIMA(1,0,1)"
2008-07-15,0.001218552012736141,LQD,"ARIMA(1,0,1)"
2008-07-16,0.0009655762495880541,LQD,"ARIMA(1,0,1)"
2008-07-17,0.0020057747434777404,LQD,"ARIMA(1,0,1)"
2008-07-18,0.0020727177394731667,LQD,"ARIMA(1,0,1)"
2008-07-21,0.0017715415606657258,LQD,"ARIMA(1,0,1)"
2008-07-22,0.0011416794109929973,LQD,"ARIMA(1,0,1)"
2008-07-23,5.408944419427395e-05,LQD,"ARIMA(1,0,1)"
2008-07-24,0.0005849584386777729,LQD,"ARIMA(1,0,1)"
2008-07-25,-0.0011737096182251302,LQD,"ARIMA(1,0,1)"
2008-07-28,0.00011962710553057805,LQD,"ARIMA(1,0,1)"
2008-07-29,-0.0008114807263411854,LQD,"ARIMA(1,0,1)"
2008-07-30,1.135305369006487e-05,LQD,"ARIMA(1,0,1)"
2008-07-31,-0.0007352515650174761,LQD,"ARIMA(1,0,1)"
2008-08-01,-0.001390636879163148,LQD,"ARIMA(1,0,1)"
2008-08-04,-0.000214552912313144,LQD,"ARIMA(1,0,1)"
2008-08-05,-0.00011786224448846195,LQD,"ARIMA(1,0,1)"
2008-08-06,0.0007336803354706646,LQD,"ARIMA(1,0,1)"
2008-08-07,0.00023835459516315677,LQD,"ARIMA(1,0,1)"
2008-08-08,-0.0011519957530373866,LQD,"ARIMA(1,0,1)"
2008-08-11,-0.0008146931934713464,LQD,"ARIMA(1,0,1)"
2008-08-12,0.00029048813409497594,LQD,"ARIMA(1,0,1)"
2008-08-13,-0.0007085780945026073,LQD,"ARIMA(1,0,1)"
2008-08-14,0.000638505768786226,LQD,"ARIMA(1,0,1)"
2008-08-15,-0.00012982243563482024,LQD,"ARIMA(1,0,1)"
2008-08-18,-0.00031468821586377963,LQD,"ARIMA(1,0,1)"
2008-08-19,-8.106525590316149e-05,LQD,"ARIMA(1,0,1)"
2008-08-20,0.0003263750222947525,LQD,"ARIMA(1,0,1)"
2008-08-21,0.00019414690504717029,LQD,"ARIMA(1,0,1)"
2008-08-22,0.001196455174130786,LQD,"ARIMA(1,0,1)"
2008-08-25,0.00046630784078955604,LQD,"ARIMA(1,0,1)"
2008-08-26,-0.0007877819186718147,LQD,"ARIMA(1,0,1)"
2008-08-27,-0.0004988269521162114,LQD,"ARIMA(1,0,1)"
2008-08-28,2.079761507013638e-05,LQD,"ARIMA(1,0,1)"
2008-08-29,0.00011440674954483389,LQD,"ARIMA(1,0,1)"
2008-09-02,0.00041890228550195397,LQD,"ARIMA(1,0,1)"
2008-09-03,-0.00040286784533609995,LQD,"ARIMA(1,0,1)"
2008-09-04,-0.0005006156093349149,LQD,"ARIMA(1,0,1)"
2008-09-05,-0.0003244439047791609,LQD,"ARIMA(1,0,1)"
2008-09-08,5.276409433887166e-05,LQD,"ARIMA(1,0,1)"
2008-09-09,-0.00022228223209301483,LQD,"ARIMA(1,0,1)"
2008-09-10,-0.0006673713233981895,LQD,"ARIMA(1,0,1)"
2008-09-11,-0.0002026282060838355,LQD,"ARIMA(1,0,1)"
2008-09-12,0.0012422071641389567,LQD,"ARIMA(1,0,1)"
2008-09-15,0.0019112262632233943,LQD,"ARIMA(1,0,1)"
2008-09-16,0.002067923510629099,LQD,"ARIMA(1,0,1)"
2008-09-17,0.0028816414851284573,LQD,"ARIMA(1,0,1)"
2008-09-18,-0.022453684025598906,LQD,"ARIMA(1,0,1)"
2008-09-19,0.0035735218774750393,LQD,"ARIMA(1,0,1)"
2008-09-22,0.0051274829994241294,LQD,"ARIMA(1,0,1)"
2008-09-23,-0.00018329391754396229,LQD,"ARIMA(1,0,1)"
2008-09-24,-0.00238766443726983,LQD,"ARIMA(1,0,1)"
2008-09-25,-0.0003437532488853405,LQD,"ARIMA(1,0,1)"
2008-09-26,0.0006567480408024822,LQD,"ARIMA(1,0,1)"
2008-09-29,-0.006619092816110797,LQD,"ARIMA(1,0,1)"
2008-09-30,-0.03314984441355808,LQD,"ARIMA(1,0,1)"
2008-10-01,-0.004401106287048428,LQD,"ARIMA(1,0,1)"
2008-10-02,-0.0038962882978476917,LQD,"ARIMA(1,0,1)"
2008-10-03,0.0003952070784953412,LQD,"ARIMA(1,0,1)"
2008-10-06,-0.00048656222425098145,LQD,"ARIMA(1,0,1)"
2008-10-07,0.001638382244752988,LQD,"ARIMA(1,0,1)"
2008-10-08,-0.0026974822713330842,LQD,"ARIMA(1,0,1)"
2008-10-09,-0.0006751107417034305,LQD,"ARIMA(1,0,1)"
2008-10-10,0.004544154709882795,LQD,"ARIMA(1,0,1)"
2008-10-13,0.01134540584847651,LQD,"ARIMA(1,0,1)"
2008-10-14,-6.029956602795843e-06,LQD,"ARIMA(1,0,1)"
2008-10-15,0.0018806611904944545,LQD,"ARIMA(1,0,1)"
2008-10-16,0.000836266490534084,LQD,"ARIMA(1,0,1)"
2008-10-17,-0.0009774756137408594,LQD,"ARIMA(1,0,1)"
2008-10-20,0.00046056941562568055,LQD,"ARIMA(1,0,1)"
2008-10-21,-0.007271297165018722,LQD,"ARIMA(1,0,1)"
2008-10-22,-0.007171753873648332,LQD,"ARIMA(1,0,1)"
2008-10-23,-0.002579605966725015,LQD,"ARIMA(1,0,1)"
2008-10-24,-0.0031449579049659102,LQD,"ARIMA(1,0,1)"
2008-10-27,-0.003147360546266768,LQD,"ARIMA(1,0,1)"
2008-10-28,-0.00127246513597663,LQD,"ARIMA(1,0,1)"
2008-10-29,0.00032999937723680785,LQD,"ARIMA(1,0,1)"
2008-10-30,-0.0032647299840955395,LQD,"ARIMA(1,0,1)"
2008-10-31,-0.0011676932329435811,LQD,"ARIMA(1,0,1)"
2008-11-03,-0.00034064941501924894,LQD,"ARIMA(1,0,1)"
2008-11-04,-0.0022491475656083552,LQD,"ARIMA(1,0,1)"
2008-11-05,-0.0032969382287179917,LQD,"ARIMA(1,0,1)"
2008-11-06,-0.006544081778849146,LQD,"ARIMA(1,0,1)"
2008-11-07,-0.005903279382128389,LQD,"ARIMA(1,0,1)"
2008-11-10,-0.0027819169869399097,LQD,"ARIMA(1,0,1)"
2008-11-11,-0.0020399649840001145,LQD,"ARIMA(1,0,1)"
2008-11-12,-0.0023084720196060527,LQD,"ARIMA(1,0,1)"
2008-11-13,-0.001587482826143766,LQD,"ARIMA(1,0,1)"
2008-11-14,6.736744538038582e-05,LQD,"ARIMA(1,0,1)"
2008-11-17,-0.0001312894116963454,LQD,"ARIMA(1,0,1)"
2008-11-18,-0.0018102068852573173,LQD,"ARIMA(1,0,1)"
2008-11-19,-0.0017068004717508546,LQD,"ARIMA(1,0,1)"
2008-11-20,-0.0016481029859959958,LQD,"ARIMA(1,0,1)"
2008-11-21,0.0009906161299866449,LQD,"ARIMA(1,0,1)"
2008-11-24,-0.00203910504127766,LQD,"ARIMA(1,0,1)"
2008-11-25,-0.0006883690418435353,LQD,"ARIMA(1,0,1)"
2008-11-26,-0.0016564104836017867,LQD,"ARIMA(1,0,1)"
2008-11-28,-0.0002222376873718061,LQD,"ARIMA(1,0,1)"
2008-12-01,0.00020031532689150785,LQD,"ARIMA(1,0,1)"
2008-12-02,-0.0033427821723506722,LQD,"ARIMA(1,0,1)"
2008-12-03,-0.003942380993812153,LQD,"ARIMA(1,0,1)"
2008-12-04,-0.004163940298123957,LQD,"ARIMA(1,0,1)"
2008-12-05,-0.003072820575755795,LQD,"ARIMA(1,0,1)"
2008-12-08,-0.0007361625787013449,LQD,"ARIMA(1,0,1)"
2008-12-09,-0.0027137665646041406,LQD,"ARIMA(1,0,1)"
2008-12-10,-0.0032377951059497875,LQD,"ARIMA(1,0,1)"
2008-12-11,-0.0026925107705755907,LQD,"ARIMA(1,0,1)"
2008-12-12,-0.002466049365801608,LQD,"ARIMA(1,0,1)"
2008-12-15,-0.0026975083222592422,LQD,"ARIMA(1,0,1)"
2008-12-16,-0.0016669239235218784,LQD,"ARIMA(1,0,1)"
2008-12-17,-0.0050975200781747205,LQD,"ARIMA(1,0,1)"
2008-12-18,-0.00571742741391467,LQD,"ARIMA(1,0,1)"
2008-12-19,-0.007135389744264233,LQD,"ARIMA(1,0,1)"
2008-12-22,-0.0018243495110732738,LQD,"ARIMA(1,0,1)"
2008-12-23,-0.0030915454748523664,LQD,"ARIMA(1,0,1)"
2008-12-24,-0.002259037427380399,LQD,"ARIMA(1,0,1)"
2008-12-26,-0.0017452812815938014,LQD,"ARIMA(1,0,1)"
2008-12-29,-0.001281408318476371,LQD,"ARIMA(1,0,1)"
2008-12-30,-0.0013101516249206205,LQD,"ARIMA(1,0,1)"
2008-12-31,-0.0022393913235048257,LQD,"ARIMA(1,0,1)"
2009-01-02,-0.0016072502932794562,LQD,"ARIMA(1,0,1)"
2009-01-05,0.0008363851336373004,LQD,"ARIMA(1,0,1)"
2009-01-06,-0.0006986805729905361,LQD,"ARIMA(1,0,1)"
2009-01-07,-0.0006777012059380503,LQD,"ARIMA(1,0,1)"
2009-01-08,0.0010944819675255436,LQD,"ARIMA(1,0,1)"
2009-01-09,-0.0006029958052639687,LQD,"ARIMA(1,0,1)"
2009-01-12,-0.0024582242626999926,LQD,"ARIMA(1,0,1)"
2009-01-13,-0.0004575251935502201,LQD,"ARIMA(1,0,1)"
2009-01-14,0.00016076258370023192,LQD,"ARIMA(1,0,1)"
2009-01-15,0.0008658383387436451,LQD,"ARIMA(1,0,1)"
2009-01-16,0.00015355446658794504,LQD,"ARIMA(1,0,1)"
2009-01-20,8.126193497741027e-05,LQD,"ARIMA(1,0,1)"
2009-01-21,0.0026585533730218163,LQD,"ARIMA(1,0,1)"
2009-01-22,0.002287329312243451,LQD,"ARIMA(1,0,1)"
2009-01-23,0.0018434355816886515,LQD,"ARIMA(1,0,1)"
2009-01-26,0.0020593761879439294,LQD,"ARIMA(1,0,1)"
2009-01-27,0.002464442844872388,LQD,"ARIMA(1,0,1)"
2009-01-28,-0.0018998613348752112,LQD,"ARIMA(1,0,1)"
2009-01-29,-0.002425144100785096,LQD,"ARIMA(1,0,1)"
2009-01-30,0.0006389401237718111,LQD,"ARIMA(1,0,1)"
2009-02-02,-0.000900711466388054,LQD,"ARIMA(1,0,1)"
2009-02-03,0.0002818895082502028,LQD,"ARIMA(1,0,1)"
2009-02-04,0.0006483474136533304,LQD,"ARIMA(1,0,1)"
2009-02-05,0.00022493782255075527,LQD,"ARIMA(1,0,1)"
2009-02-06,0.001575315612712192,LQD,"ARIMA(1,0,1)"
2009-02-09,-0.00022537689967459796,LQD,"ARIMA(1,0,1)"
2009-02-10,-0.0005127766450487974,LQD,"ARIMA(1,0,1)"
2009-02-11,-0.00114305576068885,LQD,"ARIMA(1,0,1)"
2009-02-12,-0.001264015449125039,LQD,"ARIMA(1,0,1)"
2009-02-13,-0.000814999320828596,LQD,"ARIMA(1,0,1)"
2009-02-17,0.0008968020141204925,LQD,"ARIMA(1,0,1)"
2009-02-18,-0.0004893439601637689,LQD,"ARIMA(1,0,1)"
2009-02-19,0.000588712185549038,LQD,"ARIMA(1,0,1)"
2009-02-20,0.0017510134423369312,LQD,"ARIMA(1,0,1)"
2009-02-23,0.0016064005919125331,LQD,"ARIMA(1,0,1)"
2009-02-24,0.0014092189247239292,LQD,"ARIMA(1,0,1)"
2009-02-25,0.001318034272367232,LQD,"ARIMA(1,0,1)"
2009-02-26,0.0029412210617427654,LQD,"ARIMA(1,0,1)"
2009-02-27,0.002558268891501114,LQD,"ARIMA(1,0,1)"
2009-03-02,0.002215571312437005,LQD,"ARIMA(1,0,1)"
2009-03-03,0.0009133774648811823,LQD,"ARIMA(1,0,1)"
2009-03-04,0.0011809708926005939,LQD,"ARIMA(1,0,1)"
2009-03-05,0.000513341964560147,LQD,"ARIMA(1,0,1)"
2009-03-06,0.0006476426394008629,LQD,"ARIMA(1,0,1)"
2009-03-09,-0.00013098322509307893,LQD,"ARIMA(1,0,1)"
2009-03-10,0.004236675468905931,LQD,"ARIMA(1,0,1)"
2009-03-11,-0.00024431944898294046,LQD,"ARIMA(1,0,1)"
2009-03-12,-0.0003315807331593051,LQD,"ARIMA(1,0,1)"
2009-03-13,-0.00022561768920576796,LQD,"ARIMA(1,0,1)"
2009-03-16,-0.0017657265781849483,LQD,"ARIMA(1,0,1)"
2009-03-17,-0.0012911998973239444,LQD,"ARIMA(1,0,1)"
2009-03-18,-0.00040320713252114466,LQD,"ARIMA(1,0,1)"
2009-03-19,-0.0038102105920985786,LQD,"ARIMA(1,0,1)"
2009-03-20,-0.0024725907793727306,LQD,"ARIMA(1,0,1)"
2009-03-23,0.00014166028204171883,LQD,"ARIMA(1,0,1)"
2009-03-24,-0.0005461467341015552,LQD,"ARIMA(1,0,1)"
2009-03-25,0.0012406733230931112,LQD,"ARIMA(1,0,1)"
2009-03-26,0.001253606486607937,LQD,"ARIMA(1,0,1)"
2009-03-27,-0.000296215360805281,LQD,"ARIMA(1,0,1)"
2009-03-30,-0.0008311173778464464,LQD,"ARIMA(1,0,1)"
2009-03-31,-0.0005022465696339954,LQD,"ARIMA(1,0,1)"
2009-04-01,-0.0017483448154420897,LQD,"ARIMA(1,0,1)"
2009-04-02,-0.0008745360478871642,LQD,"ARIMA(1,0,1)"
2009-04-03,-0.000689900139739518,LQD,"ARIMA(1,0,1)"
2009-04-06,0.00042701261488631016,LQD,"ARIMA(1,0,1)"
2009-04-07,0.00014155304355298044,LQD,"ARIMA(1,0,1)"
2009-04-08,-2.7597877813684778e-05,LQD,"ARIMA(1,0,1)"
2009-04-09,-0.0017923334437056726,LQD,"ARIMA(1,0,1)"
2009-04-13,-0.0022044717228266964,LQD,"ARIMA(1,0,1)"
2009-04-14,-0.002799042343581465,LQD,"ARIMA(1,0,1)"
2009-04-15,-0.0020467325880717513,LQD,"ARIMA(1,0,1)"
2009-04-16,-0.0022260025118454093,LQD,"ARIMA(1,0,1)"
2009-04-17,-0.0017841314644910654,LQD,"ARIMA(1,0,1)"
2009-04-20,-0.0009343013860775466,LQD,"ARIMA(1,0,1)"
2009-04-21,0.00024676898475243933,LQD,"ARIMA(1,0,1)"
2009-04-22,-0.00040267558278330546,LQD,"ARIMA(1,0,1)"
2009-04-23,0.00010391393463566433,LQD,"ARIMA(1,0,1)"
2009-04-24,0.0001032801195271664,LQD,"ARIMA(1,0,1)"
2009-04-27,-0.000351539746377308,LQD,"ARIMA(1,0,1)"
2009-04-28,-6.551781863314293e-05,LQD,"ARIMA(1,0,1)"
2009-04-29,0.0003550133140150956,LQD,"ARIMA(1,0,1)"
2009-04-30,-0.0006571728620194265,LQD,"ARIMA(1,0,1)"
2009-05-01,-0.00036836492360602384,LQD,"ARIMA(1,0,1)"
2009-05-04,-0.0007115222191860558,LQD,"ARIMA(1,0,1)"
2009-05-05,-0.0008377875847373877,LQD,"ARIMA(1,0,1)"
2009-05-06,-0.0010422668999323992,LQD,"ARIMA(1,0,1)"
2009-05-07,-0.0013019637130139157,LQD,"ARIMA(1,0,1)"
2009-05-08,0.0007009119411991052,LQD,"ARIMA(1,0,1)"
2009-05-11,-0.0007062377345124857,LQD,"ARIMA(1,0,1)"
2009-05-12,-0.000927391576181484,LQD,"ARIMA(1,0,1)"
2009-05-13,-0.0009978713572965107,LQD,"ARIMA(1,0,1)"
2009-05-14,-0.00029994654812000955,LQD,"ARIMA(1,0,1)"
2009-05-15,-0.0005771111114771667,LQD,"ARIMA(1,0,1)"
2009-05-18,-0.00036058453881183397,LQD,"ARIMA(1,0,1)"
2009-05-19,2.8748497398148348e-06,LQD,"ARIMA(1,0,1)"
2009-05-20,-0.0007115671247785248,LQD,"ARIMA(1,0,1)"
2009-05-21,-0.0013176311294860255,LQD,"ARIMA(1,0,1)"
2009-05-22,0.0008665134529153532,LQD,"ARIMA(1,0,1)"
2009-05-26,0.0006650103593800739,LQD,"ARIMA(1,0,1)"
2009-05-27,0.0003496125823459003,LQD,"ARIMA(1,0,1)"
2009-05-28,0.0012823778936042923,LQD,"ARIMA(1,0,1)"
2009-05-29,8.524743118696202e-05,LQD,"ARIMA(1,0,1)"
2009-06-01,-0.002247505407930841,LQD,"ARIMA(1,0,1)"
2009-06-02,-0.0011776174912645763,LQD,"ARIMA(1,0,1)"
2009-06-03,-0.0017859747998311424,LQD,"ARIMA(1,0,1)"
2009-06-04,-0.0017304221546963446,LQD,"ARIMA(1,0,1)"
2009-06-05,-0.00023391051973609418,LQD,"ARIMA(1,0,1)"
2009-06-08,0.0007235042404150075,LQD,"ARIMA(1,0,1)"
2009-06-09,0.0007448484823512843,LQD,"ARIMA(1,0,1)"
2009-06-10,-0.0008332869095948864,LQD,"ARIMA(1,0,1)"
2009-06-11,9.205549995715362e-05,LQD,"ARIMA(1,0,1)"
2009-06-12,-0.00044930186424666136,LQD,"ARIMA(1,0,1)"
2009-06-15,-0.0013176445779276252,LQD,"ARIMA(1,0,1)"
2009-06-16,-0.000666801267178736,LQD,"ARIMA(1,0,1)"
2009-06-17,-0.00020026612453632228,LQD,"ARIMA(1,0,1)"
2009-06-18,-0.00023342978468869667,LQD,"ARIMA(1,0,1)"
2009-06-19,0.0019053767147582396,LQD,"ARIMA(1,0,1)"
2009-06-22,-7.228236212869557e-05,LQD,"ARIMA(1,0,1)"
2009-06-23,-0.0005492991433759422,LQD,"ARIMA(1,0,1)"
2009-06-24,-0.0014812371256982227,LQD,"ARIMA(1,0,1)"
2009-06-25,-0.00046706488904053173,LQD,"ARIMA(1,0,1)"
2009-06-26,-0.0013788480767077528,LQD,"ARIMA(1,0,1)"
2009-06-29,-0.0007218949542262198,LQD,"ARIMA(1,0,1)"
2009-06-30,-0.00010605105238822727,LQD,"ARIMA(1,0,1)"
2009-07-01,0.00010402247083577042,LQD,"ARIMA(1,0,1)"
2009-07-02,0.0003794377531003872,LQD,"ARIMA(1,0,1)"
2009-07-06,0.0003009382984275994,LQD,"ARIMA(1,0,1)"
2009-07-07,-9.892771755960826e-05,LQD,"ARIMA(1,0,1)"
2009-07-08,0.0006667330831921729,LQD,"ARIMA(1,0,1)"
2009-07-09,-0.0009802275140917236,LQD,"ARIMA(1,0,1)"
2009-07-10,-0.0004440080206206809,LQD,"ARIMA(1,0,1)"
2009-07-13,-0.0007405613461184146,LQD,"ARIMA(1,0,1)"
2009-07-14,-0.00014032507289926918,LQD,"ARIMA(1,0,1)"
2009-07-15,0.0004187252118721125,LQD,"ARIMA(1,0,1)"
2009-07-16,0.0018414219694932903,LQD,"ARIMA(1,0,1)"
2009-07-17,7.297065537131169e-05,LQD,"ARIMA(1,0,1)"
2009-07-20,0.0007038465821670163,LQD,"ARIMA(1,0,1)"
2009-07-21,-0.00012204761293885664,LQD,"ARIMA(1,0,1)"
2009-07-22,-0.0021960957620505194,LQD,"ARIMA(1,0,1)"
2009-07-23,-0.0004561530535859836,LQD,"ARIMA(1,0,1)"
2009-07-24,0.00025833304780975477,LQD,"ARIMA(1,0,1)"
2009-07-27,-0.00021090720007127664,LQD,"ARIMA(1,0,1)"
2009-07-28,0.00043323363531153097,LQD,"ARIMA(1,0,1)"
2009-07-29,-0.00021963109787289693,LQD,"ARIMA(1,0,1)"
2009-07-30,-0.0009271212684246585,LQD,"ARIMA(1,0,1)"
2009-07-31,-0.0011919664941025278,LQD,"ARIMA(1,0,1)"
2009-08-03,-0.00247888133094245,LQD,"ARIMA(1,0,1)"
2009-08-04,0.0003187251771051831,LQD,"ARIMA(1,0,1)"
2009-08-05,0.0013329253157106763,LQD,"ARIMA(1,0,1)"
2009-08-06,0.0008001308322261398,LQD,"ARIMA(1,0,1)"
2009-08-07,0.001045855537302806,LQD,"ARIMA(1,0,1)"
2009-08-10,0.0007502868582226278,LQD,"ARIMA(1,0,1)"
2009-08-11,8.534482679178933e-05,LQD,"ARIMA(1,0,1)"
2009-08-12,-0.0005636759043810271,LQD,"ARIMA(1,0,1)"
2009-08-13,0.0013199661380305487,LQD,"ARIMA(1,0,1)"
2009-08-14,-0.0006571318238808245,LQD,"ARIMA(1,0,1)"
2009-08-17,-0.00015023420948300523,LQD,"ARIMA(1,0,1)"
2009-08-18,-0.00016197753554709826,LQD,"ARIMA(1,0,1)"
2009-08-19,0.0004917120003812003,LQD,"ARIMA(1,0,1)"
2009-08-20,-4.304838707795157e-05,LQD,"ARIMA(1,0,1)"
2009-08-21,-0.0005706338405587269,LQD,"ARIMA(1,0,1)"
2009-08-24,0.000623887189116613,LQD,"ARIMA(1,0,1)"
2009-08-25,-0.0002643266784217417,LQD,"ARIMA(1,0,1)"
2009-08-26,-0.0002280939643138259,LQD,"ARIMA(1,0,1)"
2009-08-27,-0.0009544677795106199,LQD,"ARIMA(1,0,1)"
2009-08-28,0.0004260186453607751,LQD,"ARIMA(1,0,1)"
2009-08-31,-0.00033662231895359364,LQD,"ARIMA(1,0,1)"
2009-09-01,-0.0007103932296260609,LQD,"ARIMA(1,0,1)"
2009-09-02,0.0006274169202168255,LQD,"ARIMA(1,0,1)"
2009-09-03,8.836405177773706e-05,LQD,"ARIMA(1,0,1)"
2009-09-04,3.6482463630436567e-06,LQD,"ARIMA(1,0,1)"
2009-09-08,0.0001253435334364165,LQD,"ARIMA(1,0,1)"
2009-09-09,0.0007026262245156999,LQD,"ARIMA(1,0,1)"
2009-09-10,0.0006413183339018532,LQD,"ARIMA(1,0,1)"
2009-09-11,-0.0005125379909699629,LQD,"ARIMA(1,0,1)"
2009-09-14,-0.0014967724326985883,LQD,"ARIMA(1,0,1)"
2009-09-15,0.0002611364973666103,LQD,"ARIMA(1,0,1)"
2009-09-16,0.0007299913955484958,LQD,"ARIMA(1,0,1)"
2009-09-17,0.0003254894994710921,LQD,"ARIMA(1,0,1)"
2009-09-18,-0.00043545499339891916,LQD,"ARIMA(1,0,1)"
2009-09-21,0.0022237769300390946,LQD,"ARIMA(1,0,1)"
2009-09-22,0.0009746373905800561,LQD,"ARIMA(1,0,1)"
2009-09-23,0.0004358099535240763,LQD,"ARIMA(1,0,1)"
2009-09-24,0.0007434354324504211,LQD,"ARIMA(1,0,1)"
2009-09-25,0.0006014923471292044,LQD,"ARIMA(1,0,1)"
2009-09-28,-0.00021692624125249855,LQD,"ARIMA(1,0,1)"
2009-09-29,2.9583132837699517e-05,LQD,"ARIMA(1,0,1)"
2009-09-30,0.002072971370044937,LQD,"ARIMA(1,0,1)"
2009-10-01,0.0013962202440057536,LQD,"ARIMA(1,0,1)"
2009-10-02,0.0029159296845930084,LQD,"ARIMA(1,0,1)"
2009-10-05,0.0024261028396170272,LQD,"ARIMA(1,0,1)"
2009-10-06,0.0005110582445863362,LQD,"ARIMA(1,0,1)"
2009-10-07,0.0013683437586114275,LQD,"ARIMA(1,0,1)"
2009-10-08,5.076705028770245e-05,LQD,"ARIMA(1,0,1)"
2009-10-09,0.001693793048823885,LQD,"ARIMA(1,0,1)"
2009-10-12,0.004084073879946828,LQD,"ARIMA(1,0,1)"
2009-10-13,0.0008517128632270848,LQD,"ARIMA(1,0,1)"
2009-10-14,0.0010746664021460683,LQD,"ARIMA(1,0,1)"
2009-10-15,0.0014496817111003268,LQD,"ARIMA(1,0,1)"
2009-10-16,0.0010935473085943502,LQD,"ARIMA(1,0,1)"
2009-10-19,0.0014278398015646599,LQD,"ARIMA(1,0,1)"
2009-10-20,0.0007515792024811426,LQD,"ARIMA(1,0,1)"
2009-10-21,0.0006423465300521398,LQD,"ARIMA(1,0,1)"
2009-10-22,0.0012811482110980396,LQD,"ARIMA(1,0,1)"
2009-10-23,0.0006176401124408548,LQD,"ARIMA(1,0,1)"
2009-10-26,0.0013882936807751262,LQD,"ARIMA(1,0,1)"
2009-10-27,0.0011141396405923497,LQD,"ARIMA(1,0,1)"
2009-10-28,0.0006083181135236756,LQD,"ARIMA(1,0,1)"
2009-10-29,0.0014286009508253231,LQD,"ARIMA(1,0,1)"
2009-10-30,0.0008970325236103938,LQD,"ARIMA(1,0,1)"
2009-11-02,0.0004752799746424578,LQD,"ARIMA(1,0,1)"
2009-11-03,0.0009147564382997642,LQD,"ARIMA(1,0,1)"
2009-11-04,0.0013737204170351136,LQD,"ARIMA(1,0,1)"
2009-11-05,0.0005861291556394437,LQD,"ARIMA(1,0,1)"
2009-11-06,0.0008315860426686875,LQD,"ARIMA(1,0,1)"
2009-11-09,0.0006632129425185923,LQD,"ARIMA(1,0,1)"
2009-11-10,0.0008549226586658505,LQD,"ARIMA(1,0,1)"
2009-11-11,0.0009600934598399751,LQD,"ARIMA(1,0,1)"
2009-11-12,0.0006102321736671074,LQD,"ARIMA(1,0,1)"
2009-11-13,0.0009087054908363917,LQD,"ARIMA(1,0,1)"
2009-11-16,0.0007123795600626627,LQD,"ARIMA(1,0,1)"
2009-11-17,0.0005586739126116808,LQD,"ARIMA(1,0,1)"
2009-11-18,0.000785417069737574,LQD,"ARIMA(1,0,1)"
2009-11-19,0.0011453661265461513,LQD,"ARIMA(1,0,1)"
2009-11-20,0.0008951218233780951,LQD,"ARIMA(1,0,1)"
2009-11-23,0.001254081926901586,LQD,"ARIMA(1,0,1)"
2009-11-24,0.0009599044025050903,LQD,"ARIMA(1,0,1)"
2009-11-25,0.0006781035834942474,LQD,"ARIMA(1,0,1)"
2009-11-27,0.0007135169990697895,LQD,"ARIMA(1,0,1)"
2009-11-30,0.0008960615959466844,LQD,"ARIMA(1,0,1)"
2009-12-01,0.0005947259958627075,LQD,"ARIMA(1,0,1)"
2009-12-02,0.0012568420456157423,LQD,"ARIMA(1,0,1)"
2009-12-03,0.0008636190890141307,LQD,"ARIMA(1,0,1)"
2009-12-04,0.0008635478205044635,LQD,"ARIMA(1,0,1)"
2009-12-07,0.0011436361599303374,LQD,"ARIMA(1,0,1)"
2009-12-08,0.000984064339797056,LQD,"ARIMA(1,0,1)"
2009-12-09,0.0005208077898838347,LQD,"ARIMA(1,0,1)"
2009-12-10,0.0011885231501918025,LQD,"ARIMA(1,0,1)"
2009-12-11,0.0007503486577671105,LQD,"ARIMA(1,0,1)"
2009-12-14,0.0011254767391463481,LQD,"ARIMA(1,0,1)"
2009-12-15,0.0001617472897751268,LQD,"ARIMA(1,0,1)"
2009-12-16,0.0009691895664467406,LQD,"ARIMA(1,0,1)"
2009-12-17,1.4610645978455918e-05,LQD,"ARIMA(1,0,1)"
2009-12-18,9.231883281705185e-05,LQD,"ARIMA(1,0,1)"
2009-12-21,0.0007239982815647042,LQD,"ARIMA(1,0,1)"
2009-12-22,0.001004886754426974,LQD,"ARIMA(1,0,1)"
2009-12-23,0.0008012685638426106,LQD,"ARIMA(1,0,1)"
2009-12-24,4.306686215467553e-05,LQD,"ARIMA(1,0,1)"
2009-12-28,0.0010055837353233265,LQD,"ARIMA(1,0,1)"
2009-12-29,0.0006012685919365036,LQD,"ARIMA(1,0,1)"
2009-12-30,2.4437196174669753e-05,LQD,"ARIMA(1,0,1)"
2009-12-31,0.0002906423400057656,LQD,"ARIMA(1,0,1)"
2010-01-04,0.0005111181398652962,LQD,"ARIMA(1,0,1)"
2010-01-05,-0.00017669265958859598,LQD,"ARIMA(1,0,1)"
2010-01-06,1.6517941314357263e-05,LQD,"ARIMA(1,0,1)"
2010-01-07,0.0007999730925720989,LQD,"ARIMA(1,0,1)"
2010-01-08,0.00025561163896124176,LQD,"ARIMA(1,0,1)"
2010-01-11,0.00020183082799914186,LQD,"ARIMA(1,0,1)"
2010-01-12,0.00026711309017505745,LQD,"ARIMA(1,0,1)"
2010-01-13,0.00019931961304629867,LQD,"ARIMA(1,0,1)"
2010-01-14,0.0008519783723920662,LQD,"ARIMA(1,0,1)"
2010-01-15,-3.6793169592097715e-05,LQD,"ARIMA(1,0,1)"
2010-01-19,0.0004907390131457415,LQD,"ARIMA(1,0,1)"
2010-01-20,0.00031990138733876034,LQD,"ARIMA(1,0,1)"
2010-01-21,0.0005756224643963367,LQD,"ARIMA(1,0,1)"
2010-01-22,0.00015624340604948676,LQD,"ARIMA(1,0,1)"
2010-01-25,0.0007408330879330302,LQD,"ARIMA(1,0,1)"
2010-01-26,0.0005371483438440353,LQD,"ARIMA(1,0,1)"
2010-01-27,0.0009215783155533746,LQD,"ARIMA(1,0,1)"
2010-01-28,0.0009432338105126418,LQD,"ARIMA(1,0,1)"
2010-01-29,0.0006493141473309208,LQD,"ARIMA(1,0,1)"
2010-02-01,-0.00026181307419060777,LQD,"ARIMA(1,0,1)"
2010-02-02,0.0010390283333498074,LQD,"ARIMA(1,0,1)"
2010-02-03,0.0001355395165212142,LQD,"ARIMA(1,0,1)"
2010-02-04,0.0006531846162689098,LQD,"ARIMA(1,0,1)"
2010-02-05,0.0005277896618695739,LQD,"ARIMA(1,0,1)"
2010-02-08,0.0009272718921129783,LQD,"ARIMA(1,0,1)"
2010-02-09,0.00040303555450264106,LQD,"ARIMA(1,0,1)"
2010-02-10,0.0007962356930694965,LQD,"ARIMA(1,0,1)"
2010-02-11,0.001392821347105689,LQD,"ARIMA(1,0,1)"
2010-02-12,0.00015926608019139156,LQD,"ARIMA(1,0,1)"
2010-02-16,0.00030041687643410885,LQD,"ARIMA(1,0,1)"
2010-02-17,1.4203537440080083e-05,LQD,"ARIMA(1,0,1)"
2010-02-18,0.0008867265408909137,LQD,"ARIMA(1,0,1)"
2010-02-19,0.0005949982518036626,LQD,"ARIMA(1,0,1)"
2010-02-22,5.0051049182011015e-05,LQD,"ARIMA(1,0,1)"
2010-02-23,0.00043909623834747824,LQD,"ARIMA(1,0,1)"
2010-02-24,0.00019352325530814065,LQD,"ARIMA(1,0,1)"
2010-02-25,-0.00018448681314104775,LQD,"ARIMA(1,0,1)"
2010-02-26,0.0007961573243961784,LQD,"ARIMA(1,0,1)"
2010-03-01,-0.00040214000541007543,LQD,"ARIMA(1,0,1)"
2010-03-02,0.0004071754118817626,LQD,"ARIMA(1,0,1)"
2010-03-03,0.0003806685460028016,LQD,"ARIMA(1,0,1)"
2010-03-04,0.0004186722782665877,LQD,"ARIMA(1,0,1)"
2010-03-05,0.0006888864527280189,LQD,"ARIMA(1,0,1)"
2010-03-08,0.0011014193236132679,LQD,"ARIMA(1,0,1)"
2010-03-09,0.0005444706121214575,LQD,"ARIMA(1,0,1)"
2010-03-10,0.0010531687048595045,LQD,"ARIMA(1,0,1)"
2010-03-11,0.0007827982122013564,LQD,"ARIMA(1,0,1)"
2010-03-12,0.000930713567785425,LQD,"ARIMA(1,0,1)"
2010-03-15,0.0006207422616598834,LQD,"ARIMA(1,0,1)"
2010-03-16,0.000832571134812926,LQD,"ARIMA(1,0,1)"
2010-03-17,0.000234348059995084,LQD,"ARIMA(1,0,1)"
2010-03-18,0.0003968823449021969,LQD,"ARIMA(1,0,1)"
2010-03-19,0.000981461551591788,LQD,"ARIMA(1,0,1)"
2010-03-22,0.000930273733668564,LQD,"ARIMA(1,0,1)"
2010-03-23,0.0006703965891449168,LQD,"ARIMA(1,0,1)"
2010-03-24,0.0008979694535355282,LQD,"ARIMA(1,0,1)"
2010-03-25,0.001902829262032223,LQD,"ARIMA(1,0,1)"
2010-03-26,0.0014952100930358567,LQD,"ARIMA(1,0,1)"
2010-03-29,0.0006162473579505764,LQD,"ARIMA(1,0,1)"
2010-03-30,0.0008775255370208028,LQD,"ARIMA(1,0,1)"
2010-03-31,0.000759603287126238,LQD,"ARIMA(1,0,1)"
2010-04-01,0.0007172123381138758,LQD,"ARIMA(1,0,1)"
2010-04-05,0.000506857816885314,LQD,"ARIMA(1,0,1)"
2010-04-06,0.0019619567047560607,LQD,"ARIMA(1,0,1)"
2010-04-07,0.0006604166794485479,LQD,"ARIMA(1,0,1)"
2010-04-08,7.860251347089806e-05,LQD,"ARIMA(1,0,1)"
2010-04-09,0.0009257339426884436,LQD,"ARIMA(1,0,1)"
2010-04-12,0.0007277035419145955,LQD,"ARIMA(1,0,1)"
2010-04-13,0.0002760301940876515,LQD,"ARIMA(1,0,1)"
2010-04-14,-6.110766215746322e-05,LQD,"ARIMA(1,0,1)"
2010-04-15,0.0006444607848429333,LQD,"ARIMA(1,0,1)"
2010-04-16,0.0004042736827079389,LQD,"ARIMA(1,0,1)"
2010-04-19,0.0002042348766346786,LQD,"ARIMA(1,0,1)"
2010-04-20,0.0010842238532038418,LQD,"ARIMA(1,0,1)"
2010-04-21,0.00046668509575128005,LQD,"ARIMA(1,0,1)"
2010-04-22,3.968280907572588e-05,LQD,"ARIMA(1,0,1)"
2010-04-23,0.0009598954765009638,LQD,"ARIMA(1,0,1)"
2010-04-26,0.0008770092205441029,LQD,"ARIMA(1,0,1)"
2010-04-27,0.000717444767627747,LQD,"ARIMA(1,0,1)"
2010-04-28,0.000646549501722503,LQD,"ARIMA(1,0,1)"
2010-04-29,0.00045056680155433463,LQD,"ARIMA(1,0,1)"
2010-04-30,0.00021733596047816367,LQD,"ARIMA(1,0,1)"
2010-05-03,-0.00012373276132537502,LQD,"ARIMA(1,0,1)"
2010-05-04,0.00042663467114082093,LQD,"ARIMA(1,0,1)"
2010-05-05,0.0004809042298931771,LQD,"ARIMA(1,0,1)"
2010-05-06,0.0013717316272279017,LQD,"ARIMA(1,0,1)"
2010-05-07,0.003282696358410304,LQD,"ARIMA(1,0,1)"
2010-05-10,0.0010146345538938914,LQD,"ARIMA(1,0,1)"
2010-05-11,-0.0001136574697967555,LQD,"ARIMA(1,0,1)"
2010-05-12,0.0002666413985185452,LQD,"ARIMA(1,0,1)"
2010-05-13,0.0005846763988488393,LQD,"ARIMA(1,0,1)"
2010-05-14,0.00023344170668466785,LQD,"ARIMA(1,0,1)"
2010-05-17,0.000569906429439215,LQD,"ARIMA(1,0,1)"
2010-05-18,0.00040031242073772103,LQD,"ARIMA(1,0,1)"
2010-05-19,0.00017493026259183896,LQD,"ARIMA(1,0,1)"
2010-05-20,0.00043829421919571246,LQD,"ARIMA(1,0,1)"
2010-05-21,0.000903040580533909,LQD,"ARIMA(1,0,1)"
2010-05-24,0.0010524476321164544,LQD,"ARIMA(1,0,1)"
2010-05-25,0.0004729141472499113,LQD,"ARIMA(1,0,1)"
2010-05-26,0.0013487665369673928,LQD,"ARIMA(1,0,1)"
2010-05-27,0.000857903563500745,LQD,"ARIMA(1,0,1)"
2010-05-28,0.0016571513847617053,LQD,"ARIMA(1,0,1)"
2010-06-01,0.0012901759053570209,LQD,"ARIMA(1,0,1)"
2010-06-02,0.0009936361412884206,LQD,"ARIMA(1,0,1)"
2010-06-03,0.00016176337243652372,LQD,"ARIMA(1,0,1)"
2010-06-04,0.0009758711659102246,LQD,"ARIMA(1,0,1)"
2010-06-07,-0.0003058755640423337,LQD,"ARIMA(1,0,1)"
2010-06-08,-0.00033050017123168775,LQD,"ARIMA(1,0,1)"
2010-06-09,0.000302017592238859,LQD,"ARIMA(1,0,1)"
2010-06-10,0.0004454834221241583,LQD,"ARIMA(1,0,1)"
2010-06-11,0.0012627330214391758,LQD,"ARIMA(1,0,1)"
2010-06-14,0.00024614970464530443,LQD,"ARIMA(1,0,1)"
2010-06-15,0.0007793012677024171,LQD,"ARIMA(1,0,1)"
2010-06-16,0.0008754840243369838,LQD,"ARIMA(1,0,1)"
2010-06-17,0.0005210987597294269,LQD,"ARIMA(1,0,1)"
2010-06-18,-0.000458795963073028,LQD,"ARIMA(1,0,1)"
2010-06-21,0.00026734012041909275,LQD,"ARIMA(1,0,1)"
2010-06-22,0.0001226250635508296,LQD,"ARIMA(1,0,1)"
2010-06-23,-0.000329379409606994,LQD,"ARIMA(1,0,1)"
2010-06-24,-0.00032046217119449324,LQD,"ARIMA(1,0,1)"
2010-06-25,0.0009253619656512637,LQD,"ARIMA(1,0,1)"
2010-06-28,0.00042672174507497743,LQD,"ARIMA(1,0,1)"
2010-06-29,-0.0003110226645144811,LQD,"ARIMA(1,0,1)"
2010-06-30,0.0003889667155941629,LQD,"ARIMA(1,0,1)"
2010-07-01,-6.571634512451009e-05,LQD,"ARIMA(1,0,1)"
2010-07-02,0.000257977704363273,LQD,"ARIMA(1,0,1)"
2010-07-06,0.0009368328205300377,LQD,"ARIMA(1,0,1)"
2010-07-07,0.00010000634554975594,LQD,"ARIMA(1,0,1)"
2010-07-08,0.0003875094455755746,LQD,"ARIMA(1,0,1)"
2010-07-09,0.0009081200395705238,LQD,"ARIMA(1,0,1)"
2010-07-12,0.0008544847584903916,LQD,"ARIMA(1,0,1)"
2010-07-13,0.00046665581778205985,LQD,"ARIMA(1,0,1)"
2010-07-14,0.0004673256246409726,LQD,"ARIMA(1,0,1)"
2010-07-15,-4.3695019051876675e-05,LQD,"ARIMA(1,0,1)"
2010-07-16,0.0002754603745114877,LQD,"ARIMA(1,0,1)"
2010-07-19,0.0002797744117080922,LQD,"ARIMA(1,0,1)"
2010-07-20,0.000563410734321877,LQD,"ARIMA(1,0,1)"
2010-07-21,0.0004490063327144873,LQD,"ARIMA(1,0,1)"
2010-07-22,-0.00015610698975814603,LQD,"ARIMA(1,0,1)"
2010-07-23,0.0005598592894860997,LQD,"ARIMA(1,0,1)"
2010-07-26,0.00042065451714213295,LQD,"ARIMA(1,0,1)"
2010-07-27,0.0004201403643927898,LQD,"ARIMA(1,0,1)"
2010-07-28,0.0010779736550941298,LQD,"ARIMA(1,0,1)"
2010-07-29,0.00021167269025594598,LQD,"ARIMA(1,0,1)"
2010-07-30,0.0003936942397492098,LQD,"ARIMA(1,0,1)"
2010-08-02,-0.00025071643865524467,LQD,"ARIMA(1,0,1)"
2010-08-03,0.0006363880370678064,LQD,"ARIMA(1,0,1)"
2010-08-04,0.00016964328094397298,LQD,"ARIMA(1,0,1)"
2010-08-05,0.0010211164362812263,LQD,"ARIMA(1,0,1)"
2010-08-06,0.00041093324267122366,LQD,"ARIMA(1,0,1)"
2010-08-09,-0.00047975334101808104,LQD,"ARIMA(1,0,1)"
2010-08-10,-0.00020024432646974298,LQD,"ARIMA(1,0,1)"
2010-08-11,0.0005095650272874235,LQD,"ARIMA(1,0,1)"
2010-08-12,0.0005855127000293496,LQD,"ARIMA(1,0,1)"
2010-08-13,0.001115697373013277,LQD,"ARIMA(1,0,1)"
2010-08-16,0.00015152711336196032,LQD,"ARIMA(1,0,1)"
2010-08-17,-0.0009479092520877771,LQD,"ARIMA(1,0,1)"
2010-08-18,0.0004181858083297327,LQD,"ARIMA(1,0,1)"
2010-08-19,0.00044091341643380955,LQD,"ARIMA(1,0,1)"
2010-08-20,0.0004144399401596251,LQD,"ARIMA(1,0,1)"
2010-08-23,0.0003143575155792249,LQD,"ARIMA(1,0,1)"
2010-08-24,0.00026710991215409387,LQD,"ARIMA(1,0,1)"
2010-08-25,0.00025946906680204547,LQD,"ARIMA(1,0,1)"
2010-08-26,0.0003119500128771157,LQD,"ARIMA(1,0,1)"
2010-08-27,0.0004160338842350112,LQD,"ARIMA(1,0,1)"
2010-08-30,0.0015622802123095609,LQD,"ARIMA(1,0,1)"
2010-08-31,7.536188769536635e-05,LQD,"ARIMA(1,0,1)"
2010-09-01,8.5048846947607e-06,LQD,"ARIMA(1,0,1)"
2010-09-02,0.001388095844052239,LQD,"ARIMA(1,0,1)"
2010-09-03,0.0008408836467726417,LQD,"ARIMA(1,0,1)"
2010-09-07,0.0016922306949425454,LQD,"ARIMA(1,0,1)"
2010-09-08,-0.00010344313086773103,LQD,"ARIMA(1,0,1)"
2010-09-09,0.0006186165259772336,LQD,"ARIMA(1,0,1)"
2010-09-10,0.0012392597876783144,LQD,"ARIMA(1,0,1)"
2010-09-13,0.0005569958727741943,LQD,"ARIMA(1,0,1)"
2010-09-14,0.00028611152937929596,LQD,"ARIMA(1,0,1)"
2010-09-15,-0.00020564089647252993,LQD,"ARIMA(1,0,1)"
2010-09-16,0.0005234872639386138,LQD,"ARIMA(1,0,1)"
2010-09-17,0.000867863639333745,LQD,"ARIMA(1,0,1)"
2010-09-20,0.00012808615700110354,LQD,"ARIMA(1,0,1)"
2010-09-21,0.00022490042329475633,LQD,"ARIMA(1,0,1)"
2010-09-22,-0.0005721188167827232,LQD,"ARIMA(1,0,1)"
2010-09-23,0.00023775808245693608,LQD,"ARIMA(1,0,1)"
2010-09-24,0.0003116307336195274,LQD,"ARIMA(1,0,1)"
2010-09-27,0.0007179412166899504,LQD,"ARIMA(1,0,1)"
2010-09-28,-0.0001493064729359257,LQD,"ARIMA(1,0,1)"
2010-09-29,3.1812810440973865e-06,LQD,"ARIMA(1,0,1)"
2010-09-30,0.00045438846935927835,LQD,"ARIMA(1,0,1)"
2010-10-01,6.460350080459077e-05,LQD,"ARIMA(1,0,1)"
2010-10-04,0.0011875398414882196,LQD,"ARIMA(1,0,1)"
2010-10-05,0.0005876216411065372,LQD,"ARIMA(1,0,1)"
2010-10-06,0.00025235037865535065,LQD,"ARIMA(1,0,1)"
2010-10-07,-0.0005783850780647964,LQD,"ARIMA(1,0,1)"
2010-10-08,0.00018866822185950062,LQD,"ARIMA(1,0,1)"
2010-10-11,0.0006388367859009872,LQD,"ARIMA(1,0,1)"
2010-10-12,0.0005250255115558102,LQD,"ARIMA(1,0,1)"
2010-10-13,0.0008464541854564156,LQD,"ARIMA(1,0,1)"
2010-10-14,0.0008202169360731202,LQD,"ARIMA(1,0,1)"
2010-10-15,0.002118495924502618,LQD,"ARIMA(1,0,1)"
2010-10-18,0.0020097527546541006,LQD,"ARIMA(1,0,1)"
2010-10-19,5.942147609792984e-05,LQD,"ARIMA(1,0,1)"
2010-10-20,0.00041336010176138706,LQD,"ARIMA(1,0,1)"
2010-10-21,0.00024298428692523814,LQD,"ARIMA(1,0,1)"
2010-10-22,0.0008336299863509885,LQD,"ARIMA(1,0,1)"
2010-10-25,0.00046979817602349103,LQD,"ARIMA(1,0,1)"
2010-10-26,0.00013308821738784537,LQD,"ARIMA(1,0,1)"
2010-10-27,0.001033077787053756,LQD,"ARIMA(1,0,1)"
2010-10-28,0.0010475316706357908,LQD,"ARIMA(1,0,1)"
2010-10-29,0.00039006977334626,LQD,"ARIMA(1,0,1)"
2010-11-01,0.00022519592853149022,LQD,"ARIMA(1,0,1)"
2010-11-02,0.0004098175871506746,LQD,"ARIMA(1,0,1)"
2010-11-03,-4.942645315448473e-05,LQD,"ARIMA(1,0,1)"
2010-11-04,0.0006334550105729237,LQD,"ARIMA(1,0,1)"
2010-11-05,-0.0006174228656363966,LQD,"ARIMA(1,0,1)"
2010-11-08,0.00036277002777129524,LQD,"ARIMA(1,0,1)"
2010-11-09,0.0003841706493598388,LQD,"ARIMA(1,0,1)"
2010-11-10,0.001471642451171293,LQD,"ARIMA(1,0,1)"
2010-11-11,0.0013682857065532978,LQD,"ARIMA(1,0,1)"
2010-11-12,0.001567291625101011,LQD,"ARIMA(1,0,1)"
2010-11-15,0.0017332860088607345,LQD,"ARIMA(1,0,1)"
2010-11-16,0.001563100744355324,LQD,"ARIMA(1,0,1)"
2010-11-17,0.000522174577486721,LQD,"ARIMA(1,0,1)"
2010-11-18,0.0004621050258586892,LQD,"ARIMA(1,0,1)"
2010-11-19,0.0003522720192012778,LQD,"ARIMA(1,0,1)"
2010-11-22,3.380254061359961e-05,LQD,"ARIMA(1,0,1)"
2010-11-23,-0.0002293312587483412,LQD,"ARIMA(1,0,1)"
2010-11-24,0.0001325702024942892,LQD,"ARIMA(1,0,1)"
2010-11-26,0.0009428641480690524,LQD,"ARIMA(1,0,1)"
2010-11-29,0.0005365002763969779,LQD,"ARIMA(1,0,1)"
2010-11-30,0.0003791510410599212,LQD,"ARIMA(1,0,1)"
2010-12-01,0.0004847462586816919,LQD,"ARIMA(1,0,1)"
2010-12-02,0.0006411141458126503,LQD,"ARIMA(1,0,1)"
2010-12-03,0.0006988628444957067,LQD,"ARIMA(1,0,1)"
2010-12-06,0.0007198583574012549,LQD,"ARIMA(1,0,1)"
2010-12-07,7.159000112208095e-05,LQD,"ARIMA(1,0,1)"
2010-12-08,0.001072720046053723,LQD,"ARIMA(1,0,1)"
2010-12-09,0.0011367458536712851,LQD,"ARIMA(1,0,1)"
2010-12-10,0.00045542143050988817,LQD,"ARIMA(1,0,1)"
2010-12-13,0.0006325951392834345,LQD,"ARIMA(1,0,1)"
2010-12-14,0.00018891388219764938,LQD,"ARIMA(1,0,1)"
2010-12-15,0.0006838917293471958,LQD,"ARIMA(1,0,1)"
2010-12-16,0.0007318149047929748,LQD,"ARIMA(1,0,1)"
2010-12-17,5.537915714709865e-05,LQD,"ARIMA(1,0,1)"
2010-12-20,-0.00032915462490800594,LQD,"ARIMA(1,0,1)"
2010-12-21,0.00018005943184304734,LQD,"ARIMA(1,0,1)"
2010-12-22,0.0001511415364862843,LQD,"ARIMA(1,0,1)"
2010-12-23,0.00034163343613673294,LQD,"ARIMA(1,0,1)"
2010-12-27,0.000309638149968631,LQD,"ARIMA(1,0,1)"
2010-12-28,0.00023818823634103996,LQD,"ARIMA(1,0,1)"
2010-12-29,0.0008391414101481978,LQD,"ARIMA(1,0,1)"
2010-12-30,2.8539204116021834e-05,LQD,"ARIMA(1,0,1)"
2010-12-31,0.00017809823431253437,LQD,"ARIMA(1,0,1)"
2011-01-03,9.952636979717705e-05,LQD,"ARIMA(1,0,1)"
2011-01-04,-5.1607878075953374e-05,LQD,"ARIMA(1,0,1)"
2011-01-05,8.095374318851874e-05,LQD,"ARIMA(1,0,1)"
2011-01-06,0.0008024381264527404,LQD,"ARIMA(1,0,1)"
2011-01-07,0.0004657105093192806,LQD,"ARIMA(1,0,1)"
2011-01-10,5.68379413964763e-06,LQD,"ARIMA(1,0,1)"
2011-01-11,7.429420131657309e-05,LQD,"ARIMA(1,0,1)"
2011-01-12,0.00025460950553077164,LQD,"ARIMA(1,0,1)"
2011-01-13,0.000374602376244565,LQD,"ARIMA(1,0,1)"
2011-01-14,5.849481941814881e-05,LQD,"ARIMA(1,0,1)"
2011-01-18,0.000585325393588527,LQD,"ARIMA(1,0,1)"
2011-01-19,0.0005020920412455851,LQD,"ARIMA(1,0,1)"
2011-01-20,0.00048448195976587174,LQD,"ARIMA(1,0,1)"
2011-01-21,0.0006997261964693367,LQD,"ARIMA(1,0,1)"
2011-01-24,0.0003985433190009966,LQD,"ARIMA(1,0,1)"
2011-01-25,0.0003416170534909766,LQD,"ARIMA(1,0,1)"
2011-01-26,-2.530505933456454e-05,LQD,"ARIMA(1,0,1)"
2011-01-27,0.0006269974511696665,LQD,"ARIMA(1,0,1)"
2011-01-28,0.00038591663677741203,LQD,"ARIMA(1,0,1)"
2011-01-31,0.00025605403117900043,LQD,"ARIMA(1,0,1)"
2011-02-01,0.0005321847604659405,LQD,"ARIMA(1,0,1)"
2011-02-02,0.0005129814064803558,LQD,"ARIMA(1,0,1)"
2011-02-03,0.0005509623244172195,LQD,"ARIMA(1,0,1)"
2011-02-04,0.0005816724231581258,LQD,"ARIMA(1,0,1)"
2011-02-07,0.0006722238269555266,LQD,"ARIMA(1,0,1)"
2011-02-08,0.0003957315367949863,LQD,"ARIMA(1,0,1)"
2011-02-09,0.0006126696680786892,LQD,"ARIMA(1,0,1)"
2011-02-10,4.701605526670385e-06,LQD,"ARIMA(1,0,1)"
2011-02-11,0.0006132778094590967,LQD,"ARIMA(1,0,1)"
2011-02-14,-1.5014254045822833e-05,LQD,"ARIMA(1,0,1)"
2011-02-15,0.0001411393576561691,LQD,"ARIMA(1,0,1)"
2011-02-16,8.213368878914944e-05,LQD,"ARIMA(1,0,1)"
2011-02-17,0.0003524766930631832,LQD,"ARIMA(1,0,1)"
2011-02-18,0.0001882414543966533,LQD,"ARIMA(1,0,1)"
2011-02-22,0.0001603046554951303,LQD,"ARIMA(1,0,1)"
2011-02-23,2.9057771328682975e-06,LQD,"ARIMA(1,0,1)"
2011-02-24,0.00027585466464454916,LQD,"ARIMA(1,0,1)"
2011-02-25,0.00021575303898994295,LQD,"ARIMA(1,0,1)"
2011-02-28,-0.00017024973957252603,LQD,"ARIMA(1,0,1)"
2011-03-01,-0.00016066490180893529,LQD,"ARIMA(1,0,1)"
2011-03-02,8.368990181257239e-05,LQD,"ARIMA(1,0,1)"
2011-03-03,0.000651800006222172,LQD,"ARIMA(1,0,1)"
2011-03-04,0.0008462748273787192,LQD,"ARIMA(1,0,1)"
2011-03-07,0.00034435367375099053,LQD,"ARIMA(1,0,1)"
2011-03-08,0.000546632315222358,LQD,"ARIMA(1,0,1)"
2011-03-09,0.0005599791164526783,LQD,"ARIMA(1,0,1)"
2011-03-10,-1.0274072898048279e-05,LQD,"ARIMA(1,0,1)"
2011-03-11,-0.00017381083597571762,LQD,"ARIMA(1,0,1)"
2011-03-14,0.00011028408461956016,LQD,"ARIMA(1,0,1)"
2011-03-15,0.00012860538404962642,LQD,"ARIMA(1,0,1)"
2011-03-16,0.0002147774206735568,LQD,"ARIMA(1,0,1)"
2011-03-17,-0.00026879826486694814,LQD,"ARIMA(1,0,1)"
2011-03-18,5.699240681402725e-05,LQD,"ARIMA(1,0,1)"
2011-03-21,0.0001244930716327816,LQD,"ARIMA(1,0,1)"
2011-03-22,0.0004981508451585651,LQD,"ARIMA(1,0,1)"
2011-03-23,0.0002773392210350858,LQD,"ARIMA(1,0,1)"
2011-03-24,0.0004040799346419532,LQD,"ARIMA(1,0,1)"
2011-03-25,0.0007336936228003678,LQD,"ARIMA(1,0,1)"
2011-03-28,0.0007167444072021091,LQD,"ARIMA(1,0,1)"
2011-03-29,0.0005432796408136446,LQD,"ARIMA(1,0,1)"
2011-03-30,0.000872021714980721,LQD,"ARIMA(1,0,1)"
2011-03-31,0.0003389855735124703,LQD,"ARIMA(1,0,1)"
2011-04-01,0.0006058946634583775,LQD,"ARIMA(1,0,1)"
2011-04-04,8.25209685794181e-05,LQD,"ARIMA(1,0,1)"
2011-04-05,7.002497518303016e-06,LQD,"ARIMA(1,0,1)"
2011-04-06,0.00010202816659993485,LQD,"ARIMA(1,0,1)"
2011-04-07,0.0005244431159963086,LQD,"ARIMA(1,0,1)"
2011-04-08,0.0005933072861213153,LQD,"ARIMA(1,0,1)"
2011-04-11,0.0005402546171610176,LQD,"ARIMA(1,0,1)"
2011-04-12,0.00044153617970859276,LQD,"ARIMA(1,0,1)"
2011-04-13,7.924783508662302e-05,LQD,"ARIMA(1,0,1)"
2011-04-14,2.3504359582725396e-05,LQD,"ARIMA(1,0,1)"
2011-04-15,0.00035714220708686845,LQD,"ARIMA(1,0,1)"
2011-04-18,-0.00012436589888740584,LQD,"ARIMA(1,0,1)"
2011-04-19,-6.719362056116285e-05,LQD,"ARIMA(1,0,1)"
2011-04-20,-0.00010030100111083556,LQD,"ARIMA(1,0,1)"
2011-04-21,5.2341052738807644e-05,LQD,"ARIMA(1,0,1)"
2011-04-25,9.804231602050014e-05,LQD,"ARIMA(1,0,1)"
2011-04-26,0.00010961472526268136,LQD,"ARIMA(1,0,1)"
2011-04-27,-0.0002289609996011513,LQD,"ARIMA(1,0,1)"
2011-04-28,0.00013607274772709253,LQD,"ARIMA(1,0,1)"
2011-04-29,-6.640958211578122e-05,LQD,"ARIMA(1,0,1)"
2011-05-02,-4.8876925859872545e-05,LQD,"ARIMA(1,0,1)"
2011-05-03,-0.00014820901944275313,LQD,"ARIMA(1,0,1)"
2011-05-04,0.00022710769078282509,LQD,"ARIMA(1,0,1)"
2011-05-05,0.00020788336673939917,LQD,"ARIMA(1,0,1)"
2011-05-06,2.968082461557751e-05,LQD,"ARIMA(1,0,1)"
2011-05-09,0.00036742961277528056,LQD,"ARIMA(1,0,1)"
2011-05-10,0.00029371294240602963,LQD,"ARIMA(1,0,1)"
2011-05-11,0.0008531545593293906,LQD,"ARIMA(1,0,1)"
2011-05-12,0.0003079675708328695,LQD,"ARIMA(1,0,1)"
2011-05-13,0.0006490268349925786,LQD,"ARIMA(1,0,1)"
2011-05-16,7.957327119542825e-05,LQD,"ARIMA(1,0,1)"
2011-05-17,1.0164352704992064e-05,LQD,"ARIMA(1,0,1)"
2011-05-18,0.00017768874289575027,LQD,"ARIMA(1,0,1)"
2011-05-19,0.0006538076724294526,LQD,"ARIMA(1,0,1)"
2011-05-20,0.00024580232244810597,LQD,"ARIMA(1,0,1)"
2011-05-23,0.000468236036737257,LQD,"ARIMA(1,0,1)"
2011-05-24,0.0004857716992661351,LQD,"ARIMA(1,0,1)"
2011-05-25,0.0002978075084820906,LQD,"ARIMA(1,0,1)"
2011-05-26,0.0006318632316990744,LQD,"ARIMA(1,0,1)"
2011-05-27,-3.198134747370518e-05,LQD,"ARIMA(1,0,1)"
2011-05-31,0.00021958888520386252,LQD,"ARIMA(1,0,1)"
2011-06-01,0.00040376059401014595,LQD,"ARIMA(1,0,1)"
2011-06-02,-0.00014965197888407308,LQD,"ARIMA(1,0,1)"
2011-06-03,0.0015412412126905813,LQD,"ARIMA(1,0,1)"
2011-06-06,0.00039083498602640777,LQD,"ARIMA(1,0,1)"
2011-06-07,0.0006304218874942825,LQD,"ARIMA(1,0,1)"
2011-06-08,-7.641834076586949e-06,LQD,"ARIMA(1,0,1)"
2011-06-09,0.0002591629001276191,LQD,"ARIMA(1,0,1)"
2011-06-10,0.0007656546453143303,LQD,"ARIMA(1,0,1)"
2011-06-13,0.0006429842777164784,LQD,"ARIMA(1,0,1)"
2011-06-14,0.00032086544259643865,LQD,"ARIMA(1,0,1)"
2011-06-15,0.0008054985209379015,LQD,"ARIMA(1,0,1)"
2011-06-16,-0.00026592386104914496,LQD,"ARIMA(1,0,1)"
2011-06-17,0.0005415759317958072,LQD,"ARIMA(1,0,1)"
2011-06-20,0.00038243732563837934,LQD,"ARIMA(1,0,1)"
2011-06-21,0.0003622835735498866,LQD,"ARIMA(1,0,1)"
2011-06-22,0.0004067897851310442,LQD,"ARIMA(1,0,1)"
2011-06-23,0.00015968203526701616,LQD,"ARIMA(1,0,1)"
2011-06-24,-3.13323092689772e-05,LQD,"ARIMA(1,0,1)"
2011-06-27,0.00022625455977771914,LQD,"ARIMA(1,0,1)"
2011-06-28,0.0007965133589787291,LQD,"ARIMA(1,0,1)"
2011-06-29,0.0013744615443747421,LQD,"ARIMA(1,0,1)"
2011-06-30,0.0007196637952952532,LQD,"ARIMA(1,0,1)"
2011-07-01,0.00017003706959147126,LQD,"ARIMA(1,0,1)"
2011-07-05,0.00026275711291314906,LQD,"ARIMA(1,0,1)"
2011-07-06,-0.00018424226450985503,LQD,"ARIMA(1,0,1)"
2011-07-07,-3.238423769330671e-05,LQD,"ARIMA(1,0,1)"
2011-07-08,0.0002324003116875575,LQD,"ARIMA(1,0,1)"
2011-07-11,-0.0004928458458210952,LQD,"ARIMA(1,0,1)"
2011-07-12,-0.0001343286974445467,LQD,"ARIMA(1,0,1)"
2011-07-13,0.0002062294256241078,LQD,"ARIMA(1,0,1)"
2011-07-14,1.8921629449559346e-05,LQD,"ARIMA(1,0,1)"
2011-07-15,0.0010649963480958444,LQD,"ARIMA(1,0,1)"
2011-07-18,6.717079197581709e-05,LQD,"ARIMA(1,0,1)"
2011-07-19,0.0007935744794833896,LQD,"ARIMA(1,0,1)"
2011-07-20,-0.0003635603231949984,LQD,"ARIMA(1,0,1)"
2011-07-21,0.0006212505138131053,LQD,"ARIMA(1,0,1)"
2011-07-22,0.00046858001365871957,LQD,"ARIMA(1,0,1)"
2011-07-25,-0.0002604589758887242,LQD,"ARIMA(1,0,1)"
2011-07-26,0.0009344444807321445,LQD,"ARIMA(1,0,1)"
2011-07-27,-0.0003560515249028668,LQD,"ARIMA(1,0,1)"
2011-07-28,0.0007211181409443913,LQD,"ARIMA(1,0,1)"
2011-07-29,-6.063931255729255e-05,LQD,"ARIMA(1,0,1)"
2011-08-01,-0.0009734055442729021,LQD,"ARIMA(1,0,1)"
2011-08-02,-0.0001000887278387936,LQD,"ARIMA(1,0,1)"
2011-08-03,-0.0006458743625315739,LQD,"ARIMA(1,0,1)"
2011-08-04,0.0006111479565580294,LQD,"ARIMA(1,0,1)"
2011-08-05,-0.0006527393510057256,LQD,"ARIMA(1,0,1)"
2011-08-08,0.0024810280586623854,LQD,"ARIMA(1,0,1)"
2011-08-09,0.0008709297145380714,LQD,"ARIMA(1,0,1)"
2011-08-10,-0.0007801734763325014,LQD,"ARIMA(1,0,1)"
2011-08-11,-0.0009551960627286922,LQD,"ARIMA(1,0,1)"
2011-08-12,0.003078674441519005,LQD,"ARIMA(1,0,1)"
2011-08-15,-0.0010182584723338135,LQD,"ARIMA(1,0,1)"
2011-08-16,-0.0004865495181543401,LQD,"ARIMA(1,0,1)"
2011-08-17,-0.0006799137801557981,LQD,"ARIMA(1,0,1)"
2011-08-18,-0.0005344891193702133,LQD,"ARIMA(1,0,1)"
2011-08-19,-0.00021454127954727593,LQD,"ARIMA(1,0,1)"
2011-08-22,0.00036949867142503623,LQD,"ARIMA(1,0,1)"
2011-08-23,0.001027184310951098,LQD,"ARIMA(1,0,1)"
2011-08-24,0.0025297347800796537,LQD,"ARIMA(1,0,1)"
2011-08-25,0.0020810301115015083,LQD,"ARIMA(1,0,1)"
2011-08-26,-0.00012910675352317767,LQD,"ARIMA(1,0,1)"
2011-08-29,3.4674596796762454e-05,LQD,"ARIMA(1,0,1)"
2011-08-30,-0.0003366772229290197,LQD,"ARIMA(1,0,1)"
2011-08-31,-0.0007249096018638772,LQD,"ARIMA(1,0,1)"
2011-09-01,-0.00033403548311824766,LQD,"ARIMA(1,0,1)"
2011-09-02,8.669119053356198e-06,LQD,"ARIMA(1,0,1)"
2011-09-06,-0.0005289092088779674,LQD,"ARIMA(1,0,1)"
2011-09-07,-0.0005127491950406983,LQD,"ARIMA(1,0,1)"
2011-09-08,8.661023817391504e-06,LQD,"ARIMA(1,0,1)"
2011-09-09,0.0003888637712839482,LQD,"ARIMA(1,0,1)"
2011-09-12,0.00019658921122910221,LQD,"ARIMA(1,0,1)"
2011-09-13,0.000995756852456043,LQD,"ARIMA(1,0,1)"
2011-09-14,0.0003023801841960832,LQD,"ARIMA(1,0,1)"
2011-09-15,0.00031644110310901627,LQD,"ARIMA(1,0,1)"
2011-09-16,0.0006720274316420175,LQD,"ARIMA(1,0,1)"
2011-09-19,0.0002681798246884241,LQD,"ARIMA(1,0,1)"
2011-09-20,-0.0003768907720434162,LQD,"ARIMA(1,0,1)"
2011-09-21,0.00012303723986163814,LQD,"ARIMA(1,0,1)"
2011-09-22,-2.0817425129713728e-05,LQD,"ARIMA(1,0,1)"
2011-09-23,1.3305055574744075e-05,LQD,"ARIMA(1,0,1)"
2011-09-26,0.0009361825945077319,LQD,"ARIMA(1,0,1)"
2011-09-27,0.00047875977700006394,LQD,"ARIMA(1,0,1)"
2011-09-28,0.000538765045171689,LQD,"ARIMA(1,0,1)"
2011-09-29,0.0005936181945655057,LQD,"ARIMA(1,0,1)"
2011-09-30,0.0002651716002942774,LQD,"ARIMA(1,0,1)"
2011-10-03,-0.0003270804941619683,LQD,"ARIMA(1,0,1)"
2011-10-04,-3.789074807486988e-05,LQD,"ARIMA(1,0,1)"
2011-10-05,0.0010629397780120501,LQD,"ARIMA(1,0,1)"
2011-10-06,-0.0002205419616168663,LQD,"ARIMA(1,0,1)"
2011-10-07,0.0005621824449231737,LQD,"ARIMA(1,0,1)"
2011-10-10,0.0002608079157004845,LQD,"ARIMA(1,0,1)"
2011-10-11,-7.949754218461444e-05,LQD,"ARIMA(1,0,1)"
2011-10-12,-0.00023541417788859552,LQD,"ARIMA(1,0,1)"
2011-10-13,-3.54754870529618e-05,LQD,"ARIMA(1,0,1)"
2011-10-14,8.211116448070586e-05,LQD,"ARIMA(1,0,1)"
2011-10-17,0.0002860730771633794,LQD,"ARIMA(1,0,1)"
2011-10-18,0.0002739234786780916,LQD,"ARIMA(1,0,1)"
2011-10-19,-0.00021294972094786606,LQD,"ARIMA(1,0,1)"
2011-10-20,-0.0001183946568258472,LQD,"ARIMA(1,0,1)"
2011-10-21,-3.418209019359018e-05,LQD,"ARIMA(1,0,1)"
2011-10-24,-0.0001452029393029515,LQD,"ARIMA(1,0,1)"
2011-10-25,-0.0002981880231949129,LQD,"ARIMA(1,0,1)"
2011-10-26,-0.0001926695510866381,LQD,"ARIMA(1,0,1)"
2011-10-27,0.00039881741084427124,LQD,"ARIMA(1,0,1)"
2011-10-28,0.0002800406900619112,LQD,"ARIMA(1,0,1)"
2011-10-31,-0.00011604199286589876,LQD,"ARIMA(1,0,1)"
2011-11-01,6.806038829218632e-05,LQD,"ARIMA(1,0,1)"
2011-11-02,-0.0001370202382340635,LQD,"ARIMA(1,0,1)"
2011-11-03,2.992441394497272e-05,LQD,"ARIMA(1,0,1)"
2011-11-04,0.00022352337402087395,LQD,"ARIMA(1,0,1)"
2011-11-07,0.00012894980243976248,LQD,"ARIMA(1,0,1)"
2011-11-08,0.0006350609953514981,LQD,"ARIMA(1,0,1)"
2011-11-09,0.0009102948485107932,LQD,"ARIMA(1,0,1)"
2011-11-10,0.0007754448008100796,LQD,"ARIMA(1,0,1)"
2011-11-11,0.0007592611389768054,LQD,"ARIMA(1,0,1)"
2011-11-14,0.00048451101068319106,LQD,"ARIMA(1,0,1)"
2011-11-15,0.0003685674387131377,LQD,"ARIMA(1,0,1)"
2011-11-16,0.00041693673586947106,LQD,"ARIMA(1,0,1)"
2011-11-17,0.0006173799648937806,LQD,"ARIMA(1,0,1)"
2011-11-18,0.0009742768641842467,LQD,"ARIMA(1,0,1)"
2011-11-21,5.354606573923577e-05,LQD,"ARIMA(1,0,1)"
2011-11-22,0.0005993470093545875,LQD,"ARIMA(1,0,1)"
2011-11-23,0.0004172966962765486,LQD,"ARIMA(1,0,1)"
2011-11-25,0.0006297531017981151,LQD,"ARIMA(1,0,1)"
2011-11-28,0.0004960272517959416,LQD,"ARIMA(1,0,1)"
2011-11-29,0.00016056188711175367,LQD,"ARIMA(1,0,1)"
2011-11-30,0.00038078643904703504,LQD,"ARIMA(1,0,1)"
2011-12-01,-0.00014236339219324688,LQD,"ARIMA(1,0,1)"
2011-12-02,9.298878453165677e-05,LQD,"ARIMA(1,0,1)"
2011-12-05,-0.00031647634261407133,LQD,"ARIMA(1,0,1)"
2011-12-06,-0.00011614624236829348,LQD,"ARIMA(1,0,1)"
2011-12-07,0.0006561291520718817,LQD,"ARIMA(1,0,1)"
2011-12-08,-5.6804805485240987e-05,LQD,"ARIMA(1,0,1)"
2011-12-09,0.0005581750119675688,LQD,"ARIMA(1,0,1)"
2011-12-12,0.0005962901162001794,LQD,"ARIMA(1,0,1)"
2011-12-13,0.00028300145586409914,LQD,"ARIMA(1,0,1)"
2011-12-14,0.00011556900903733917,LQD,"ARIMA(1,0,1)"
2011-12-15,0.00028926691585018794,LQD,"ARIMA(1,0,1)"
2011-12-16,0.00027129098369752436,LQD,"ARIMA(1,0,1)"
2011-12-19,-2.6373197099438224e-05,LQD,"ARIMA(1,0,1)"
2011-12-20,0.00013424034899706949,LQD,"ARIMA(1,0,1)"
2011-12-21,0.0004217133916863745,LQD,"ARIMA(1,0,1)"
2011-12-22,0.0006255451419227379,LQD,"ARIMA(1,0,1)"
2011-12-23,9.227925404099941e-05,LQD,"ARIMA(1,0,1)"
2011-12-27,0.0005276936988754071,LQD,"ARIMA(1,0,1)"
2011-12-28,0.00019116276505011984,LQD,"ARIMA(1,0,1)"
2011-12-29,0.00026396536059847763,LQD,"ARIMA(1,0,1)"
2011-12-30,0.00041201493305511417,LQD,"ARIMA(1,0,1)"
2012-01-03,0.0001262440421993172,LQD,"ARIMA(1,0,1)"
2012-01-04,0.000403182197365826,LQD,"ARIMA(1,0,1)"
2012-01-05,0.00031661655658099573,LQD,"ARIMA(1,0,1)"
2012-01-06,0.0006682439722074795,LQD,"ARIMA(1,0,1)"
2012-01-09,0.00011977092859397103,LQD,"ARIMA(1,0,1)"
2012-01-10,0.0004721746854118934,LQD,"ARIMA(1,0,1)"
2012-01-11,0.00016440080389659115,LQD,"ARIMA(1,0,1)"
2012-01-12,0.00038735526503472716,LQD,"ARIMA(1,0,1)"
2012-01-13,0.00022463015908928203,LQD,"ARIMA(1,0,1)"
2012-01-17,0.00013457443054072714,LQD,"ARIMA(1,0,1)"
2012-01-18,0.00021296570246629983,LQD,"ARIMA(1,0,1)"
2012-01-19,0.00054959092539941,LQD,"ARIMA(1,0,1)"
2012-01-20,0.00041788509063268213,LQD,"ARIMA(1,0,1)"
2012-01-23,0.0005833749933917397,LQD,"ARIMA(1,0,1)"
2012-01-24,0.0004892372201654723,LQD,"ARIMA(1,0,1)"
2012-01-25,0.00020933393479557046,LQD,"ARIMA(1,0,1)"
2012-01-26,0.00020774131342996834,LQD,"ARIMA(1,0,1)"
2012-01-27,6.737705631075172e-05,LQD,"ARIMA(1,0,1)"
2012-01-30,0.0003631678960865115,LQD,"ARIMA(1,0,1)"
2012-01-31,0.0005097417968098349,LQD,"ARIMA(1,0,1)"
2012-02-01,0.0003201404523636427,LQD,"ARIMA(1,0,1)"
2012-02-02,0.000274004325051563,LQD,"ARIMA(1,0,1)"
2012-02-03,0.00040290554353293064,LQD,"ARIMA(1,0,1)"
2012-02-06,0.0005934421773864213,LQD,"ARIMA(1,0,1)"
2012-02-07,0.00041547614958564586,LQD,"ARIMA(1,0,1)"
2012-02-08,0.0005901256152912094,LQD,"ARIMA(1,0,1)"
2012-02-09,0.0005171891846512823,LQD,"ARIMA(1,0,1)"
2012-02-10,0.0006148043274183078,LQD,"ARIMA(1,0,1)"
2012-02-13,0.00059242765294399,LQD,"ARIMA(1,0,1)"
2012-02-14,0.0004193718948526839,LQD,"ARIMA(1,0,1)"
2012-02-15,0.00045441081163942666,LQD,"ARIMA(1,0,1)"
2012-02-16,0.000525629287141302,LQD,"ARIMA(1,0,1)"
2012-02-17,0.000568018968037212,LQD,"ARIMA(1,0,1)"
2012-02-21,0.0005600437468425104,LQD,"ARIMA(1,0,1)"
2012-02-22,0.0005581468149329697,LQD,"ARIMA(1,0,1)"
2012-02-23,0.000295395130562111,LQD,"ARIMA(1,0,1)"
2012-02-24,0.0003795341300200093,LQD,"ARIMA(1,0,1)"
2012-02-27,0.00043662054000775355,LQD,"ARIMA(1,0,1)"
2012-02-28,0.00032465666530222595,LQD,"ARIMA(1,0,1)"
2012-02-29,0.00026212338203797305,LQD,"ARIMA(1,0,1)"
2012-03-01,0.00040152928111480653,LQD,"ARIMA(1,0,1)"
2012-03-02,0.0005543828332892418,LQD,"ARIMA(1,0,1)"
2012-03-05,0.0005366070861301441,LQD,"ARIMA(1,0,1)"
2012-03-06,0.0005639795154762612,LQD,"ARIMA(1,0,1)"
2012-03-07,0.0006002516454136737,LQD,"ARIMA(1,0,1)"
2012-03-08,0.0005509926300166012,LQD,"ARIMA(1,0,1)"
2012-03-09,0.0005001449057189242,LQD,"ARIMA(1,0,1)"
2012-03-12,0.0004950059742862398,LQD,"ARIMA(1,0,1)"
2012-03-13,0.0005466061168856328,LQD,"ARIMA(1,0,1)"
2012-03-14,0.0005711352909578426,LQD,"ARIMA(1,0,1)"
2012-03-15,0.0007287396921319246,LQD,"ARIMA(1,0,1)"
2012-03-16,0.0005948001935868171,LQD,"ARIMA(1,0,1)"
2012-03-19,0.0007366184625338655,LQD,"ARIMA(1,0,1)"
2012-03-20,0.0009180247651714269,LQD,"ARIMA(1,0,1)"
2012-03-21,0.000781819774585967,LQD,"ARIMA(1,0,1)"
2012-03-22,0.0007017882570064767,LQD,"ARIMA(1,0,1)"
2012-03-23,0.000506417224253994,LQD,"ARIMA(1,0,1)"
2012-03-26,0.00044410987535644427,LQD,"ARIMA(1,0,1)"
2012-03-27,0.0004530118772344587,LQD,"ARIMA(1,0,1)"
2012-03-28,0.0004268025742417165,LQD,"ARIMA(1,0,1)"
2012-03-29,0.0004399761872949738,LQD,"ARIMA(1,0,1)"
2012-03-30,0.00043249286912712376,LQD,"ARIMA(1,0,1)"
2012-04-02,0.000476585152455086,LQD,"ARIMA(1,0,1)"
2012-04-03,0.0004396892316404234,LQD,"ARIMA(1,0,1)"
2012-04-04,0.0005587438546729069,LQD,"ARIMA(1,0,1)"
2012-04-05,0.00048363168586278713,LQD,"ARIMA(1,0,1)"
2012-04-09,0.00044208886382451364,LQD,"ARIMA(1,0,1)"
2012-04-10,0.0003093544862924475,LQD,"ARIMA(1,0,1)"
2012-04-11,0.00039478991239000506,LQD,"ARIMA(1,0,1)"
2012-04-12,0.0004476011280009482,LQD,"ARIMA(1,0,1)"
2012-04-13,0.0004256920456566083,LQD,"ARIMA(1,0,1)"
2012-04-16,0.000348183485438031,LQD,"ARIMA(1,0,1)"
2012-04-17,0.0004115130783358841,LQD,"ARIMA(1,0,1)"
2012-04-18,0.0003945536817363394,LQD,"ARIMA(1,0,1)"
2012-04-19,0.0004186137886195241,LQD,"ARIMA(1,0,1)"
2012-04-20,0.0004061179614557053,LQD,"ARIMA(1,0,1)"
2012-04-23,0.00042099047329117155,LQD,"ARIMA(1,0,1)"
2012-04-24,0.00041708138386303275,LQD,"ARIMA(1,0,1)"
2012-04-25,0.0004415444393188407,LQD,"ARIMA(1,0,1)"
2012-04-26,0.00037889643215872264,LQD,"ARIMA(1,0,1)"
2012-04-27,0.0003686309290977382,LQD,"ARIMA(1,0,1)"
2012-04-30,0.00035708751805898435,LQD,"ARIMA(1,0,1)"
2012-05-01,0.0003856029443146385,LQD,"ARIMA(1,0,1)"
2012-05-02,0.0004108195917650445,LQD,"ARIMA(1,0,1)"
2012-05-03,0.0003361102560426261,LQD,"ARIMA(1,0,1)"
2012-05-04,0.00035381115368190096,LQD,"ARIMA(1,0,1)"
2012-05-07,0.0003394025701375796,LQD,"ARIMA(1,0,1)"
2012-05-08,0.0003360873187085119,LQD,"ARIMA(1,0,1)"
2012-05-09,0.0003234227653446106,LQD,"ARIMA(1,0,1)"
2012-05-10,0.0003908178237288447,LQD,"ARIMA(1,0,1)"
2012-05-11,0.00041519485483956184,LQD,"ARIMA(1,0,1)"
2012-05-14,0.00037153799494317116,LQD,"ARIMA(1,0,1)"
2012-05-15,0.0003711055484184506,LQD,"ARIMA(1,0,1)"
2012-05-16,0.0003903351279196225,LQD,"ARIMA(1,0,1)"
2012-05-17,0.0003751894023086064,LQD,"ARIMA(1,0,1)"
2012-05-18,0.0004929954368823274,LQD,"ARIMA(1,0,1)"
2012-05-21,0.0004303073332501472,LQD,"ARIMA(1,0,1)"
2012-05-22,0.00040394622891044027,LQD,"ARIMA(1,0,1)"
2012-05-23,0.0004092472627359357,LQD,"ARIMA(1,0,1)"
2012-05-24,0.00038628972547439437,LQD,"ARIMA(1,0,1)"
2012-05-25,0.0003789683956375914,LQD,"ARIMA(1,0,1)"
2012-05-29,0.00031638938391538845,LQD,"ARIMA(1,0,1)"
2012-05-30,0.0003284043971617356,LQD,"ARIMA(1,0,1)"
2012-05-31,0.00032173342730198095,LQD,"ARIMA(1,0,1)"
2012-06-01,0.00033947099981302607,LQD,"ARIMA(1,0,1)"
2012-06-04,0.0004007431766894646,LQD,"ARIMA(1,0,1)"
2012-06-05,0.00036191646213026303,LQD,"ARIMA(1,0,1)"
2012-06-06,0.0003602002236133421,LQD,"ARIMA(1,0,1)"
2012-06-07,0.000334783653359563,LQD,"ARIMA(1,0,1)"
2012-06-08,0.0003406653962300435,LQD,"ARIMA(1,0,1)"
2012-06-11,0.0003669767831353508,LQD,"ARIMA(1,0,1)"
2012-06-12,0.0003713007306531529,LQD,"ARIMA(1,0,1)"
2012-06-13,0.00035519892381281193,LQD,"ARIMA(1,0,1)"
2012-06-14,0.0003803020085715663,LQD,"ARIMA(1,0,1)"
2012-06-15,0.0003536552145293205,LQD,"ARIMA(1,0,1)"
2012-06-18,0.00037755134873626215,LQD,"ARIMA(1,0,1)"
2012-06-19,0.0003743420545055892,LQD,"ARIMA(1,0,1)"
2012-06-20,0.00036989465147820613,LQD,"ARIMA(1,0,1)"
2012-06-21,0.00037267836396969616,LQD,"ARIMA(1,0,1)"
2012-06-22,0.0003725765596588325,LQD,"ARIMA(1,0,1)"
2012-06-25,0.0003592513850766615,LQD,"ARIMA(1,0,1)"
2012-06-26,0.0003672910918564604,LQD,"ARIMA(1,0,1)"
2012-06-27,0.00038091859674327925,LQD,"ARIMA(1,0,1)"
2012-06-28,0.00041795577125027975,LQD,"ARIMA(1,0,1)"
2012-06-29,0.000431561485746812,LQD,"ARIMA(1,0,1)"
2012-07-02,0.00042478430280781706,LQD,"ARIMA(1,0,1)"
2012-07-03,0.0004488252503371753,LQD,"ARIMA(1,0,1)"
2012-07-05,0.0004376969150359085,LQD,"ARIMA(1,0,1)"
2012-07-06,0.0004391999231065204,LQD,"ARIMA(1,0,1)"
2012-07-09,0.0004484747879313602,LQD,"ARIMA(1,0,1)"
2012-07-10,0.0004266586625276704,LQD,"ARIMA(1,0,1)"
2012-07-11,0.0004124573187496009,LQD,"ARIMA(1,0,1)"
2012-07-12,0.00041266176604102823,LQD,"ARIMA(1,0,1)"
2012-07-13,0.00042328070285195887,LQD,"ARIMA(1,0,1)"
2012-07-16,0.000451801132315685,LQD,"ARIMA(1,0,1)"
2012-07-17,0.00045195298056256223,LQD,"ARIMA(1,0,1)"
2012-07-18,0.0004692674141705311,LQD,"ARIMA(1,0,1)"
2012-07-19,0.0004708053175596785,LQD,"ARIMA(1,0,1)"
2012-07-20,0.00048435600896458967,LQD,"ARIMA(1,0,1)"
2012-07-23,0.0004941242396890197,LQD,"ARIMA(1,0,1)"
2012-07-24,0.0004634680433741018,LQD,"ARIMA(1,0,1)"
2012-07-25,0.0004903323362599058,LQD,"ARIMA(1,0,1)"
2012-07-26,0.00048063079040775,LQD,"ARIMA(1,0,1)"
2012-07-27,0.000497591450907417,LQD,"ARIMA(1,0,1)"
2012-07-30,0.0004702760573760395,LQD,"ARIMA(1,0,1)"
2012-07-31,0.00044561671223152904,LQD,"ARIMA(1,0,1)"
2012-08-01,-0.0005209628892058209,LQD,"ARIMA(1,0,1)"
2012-08-02,0.0019353800693220505,LQD,"ARIMA(1,0,1)"
2012-08-03,0.0004228205953099506,LQD,"ARIMA(1,0,1)"
2012-08-06,0.00025369859935716905,LQD,"ARIMA(1,0,1)"
2012-08-07,0.00043671666183636704,LQD,"ARIMA(1,0,1)"
2012-08-08,8.571010571740647e-05,LQD,"ARIMA(1,0,1)"
2012-08-09,0.00015642425485051396,LQD,"ARIMA(1,0,1)"
2012-08-10,2.098622052942238e-05,LQD,"ARIMA(1,0,1)"
2012-08-13,0.0006305043088898239,LQD,"ARIMA(1,0,1)"
2012-08-14,0.00012042281794129794,LQD,"ARIMA(1,0,1)"
2012-08-15,-0.0004322527014978768,LQD,"ARIMA(1,0,1)"
2012-08-16,-0.0007657693534600954,LQD,"ARIMA(1,0,1)"
2012-08-17,-0.0006691555979871846,LQD,"ARIMA(1,0,1)"
2012-08-20,8.657388074579796e-05,LQD,"ARIMA(1,0,1)"
2012-08-21,0.0005067500263244364,LQD,"ARIMA(1,0,1)"
2012-08-22,0.00043499620629031246,LQD,"ARIMA(1,0,1)"
2012-08-23,0.0011770292604877215,LQD,"ARIMA(1,0,1)"
2012-08-24,0.0009107590094878338,LQD,"ARIMA(1,0,1)"
2012-08-27,0.000753751167153356,LQD,"ARIMA(1,0,1)"
2012-08-28,0.0007076478945984659,LQD,"ARIMA(1,0,1)"
2012-08-29,0.0007375680307708997,LQD,"ARIMA(1,0,1)"
2012-08-30,0.0002503113736482199,LQD,"ARIMA(1,0,1)"
2012-08-31,0.00033678196354954687,LQD,"ARIMA(1,0,1)"
2012-09-04,0.0010715956762284173,LQD,"ARIMA(1,0,1)"
2012-09-05,0.0004744302108580041,LQD,"ARIMA(1,0,1)"
2012-09-06,0.00042385590137088196,LQD,"ARIMA(1,0,1)"
2012-09-07,-9.356355720843522e-05,LQD,"ARIMA(1,0,1)"
2012-09-10,0.0003237113443078108,LQD,"ARIMA(1,0,1)"
2012-09-11,0.0002971442125803493,LQD,"ARIMA(1,0,1)"
2012-09-12,0.0004139623214357034,LQD,"ARIMA(1,0,1)"
2012-09-13,0.0001788231012484616,LQD,"ARIMA(1,0,1)"
2012-09-14,0.0007553495721573447,LQD,"ARIMA(1,0,1)"
2012-09-17,3.3482185606597734e-05,LQD,"ARIMA(1,0,1)"
2012-09-18,0.0005118334087162807,LQD,"ARIMA(1,0,1)"
2012-09-19,0.0006337506325396708,LQD,"ARIMA(1,0,1)"
2012-09-20,0.0006068245327408379,LQD,"ARIMA(1,0,1)"
2012-09-21,0.0003840722984463642,LQD,"ARIMA(1,0,1)"
2012-09-24,0.0004896242095960545,LQD,"ARIMA(1,0,1)"
2012-09-25,0.0005266973616064998,LQD,"ARIMA(1,0,1)"
2012-09-26,0.0005705732093558779,LQD,"ARIMA(1,0,1)"
2012-09-27,0.0006805727506346363,LQD,"ARIMA(1,0,1)"
2012-09-28,0.0004958557050734147,LQD,"ARIMA(1,0,1)"
2012-10-01,0.0006186518276635221,LQD,"ARIMA(1,0,1)"
2012-10-02,0.0007126235294864031,LQD,"ARIMA(1,0,1)"
2012-10-03,0.0005368257900247962,LQD,"ARIMA(1,0,1)"
2012-10-04,0.0005581730384981346,LQD,"ARIMA(1,0,1)"
2012-10-05,0.0003944757695496974,LQD,"ARIMA(1,0,1)"
2012-10-08,0.00029075154670300026,LQD,"ARIMA(1,0,1)"
2012-10-09,0.0006391164827597016,LQD,"ARIMA(1,0,1)"
2012-10-10,0.0006075453281569219,LQD,"ARIMA(1,0,1)"
2012-10-11,0.0006601550847299329,LQD,"ARIMA(1,0,1)"
2012-10-12,0.0008144605007634738,LQD,"ARIMA(1,0,1)"
2012-10-15,0.0006819739007770545,LQD,"ARIMA(1,0,1)"
2012-10-16,0.0008188720027232254,LQD,"ARIMA(1,0,1)"
2012-10-17,0.0005288990313262124,LQD,"ARIMA(1,0,1)"
2012-10-18,0.00030723358041324347,LQD,"ARIMA(1,0,1)"
2012-10-19,0.00024759295622665584,LQD,"ARIMA(1,0,1)"
2012-10-22,0.0005428212978230837,LQD,"ARIMA(1,0,1)"
2012-10-23,0.0002740705221057003,LQD,"ARIMA(1,0,1)"
2012-10-24,0.0005045867827992597,LQD,"ARIMA(1,0,1)"
2012-10-25,0.00021252322180091016,LQD,"ARIMA(1,0,1)"
2012-10-26,0.00012309636859468917,LQD,"ARIMA(1,0,1)"
2012-10-31,0.0006821115957528766,LQD,"ARIMA(1,0,1)"
2012-11-01,0.0006714709367812361,LQD,"ARIMA(1,0,1)"
2012-11-02,0.00017856661305179012,LQD,"ARIMA(1,0,1)"
2012-11-05,0.0001809686485690788,LQD,"ARIMA(1,0,1)"
2012-11-06,0.0003249772392136489,LQD,"ARIMA(1,0,1)"
2012-11-07,5.247318247418619e-05,LQD,"ARIMA(1,0,1)"
2012-11-08,0.0003686738489002606,LQD,"ARIMA(1,0,1)"
2012-11-09,0.00031930306111885396,LQD,"ARIMA(1,0,1)"
2012-11-12,0.00027620811897235655,LQD,"ARIMA(1,0,1)"
2012-11-13,0.0003716049024953961,LQD,"ARIMA(1,0,1)"
2012-11-14,0.000413751473191665,LQD,"ARIMA(1,0,1)"
2012-11-15,0.0004867290017553255,LQD,"ARIMA(1,0,1)"
2012-11-16,0.00037505349326090876,LQD,"ARIMA(1,0,1)"
2012-11-19,0.0004318313857346312,LQD,"ARIMA(1,0,1)"
2012-11-20,0.0005288832897425135,LQD,"ARIMA(1,0,1)"
2012-11-21,0.00039567579171558687,LQD,"ARIMA(1,0,1)"
2012-11-23,0.00048597164531098306,LQD,"ARIMA(1,0,1)"
2012-11-26,0.00048600128247809583,LQD,"ARIMA(1,0,1)"
2012-11-27,0.0005056981100861866,LQD,"ARIMA(1,0,1)"
2012-11-28,0.0005238289521812129,LQD,"ARIMA(1,0,1)"
2012-11-29,0.0005579327086658625,LQD,"ARIMA(1,0,1)"
2012-11-30,0.0005409413735331374,LQD,"ARIMA(1,0,1)"
2012-12-03,0.0005544438673004369,LQD,"ARIMA(1,0,1)"
2012-12-04,0.0005369133347449791,LQD,"ARIMA(1,0,1)"
2012-12-05,0.0005312149566057173,LQD,"ARIMA(1,0,1)"
2012-12-06,0.0005061539276095096,LQD,"ARIMA(1,0,1)"
2012-12-07,0.00047676323949367137,LQD,"ARIMA(1,0,1)"
2012-12-10,0.0004886995331583244,LQD,"ARIMA(1,0,1)"
2012-12-11,0.00046721956896234734,LQD,"ARIMA(1,0,1)"
2012-12-12,0.0004688407334059891,LQD,"ARIMA(1,0,1)"
2012-12-13,0.00048198067979275574,LQD,"ARIMA(1,0,1)"
2012-12-14,0.0004286354886946207,LQD,"ARIMA(1,0,1)"
2012-12-17,0.0004931935246533091,LQD,"ARIMA(1,0,1)"
2012-12-18,0.00041347994828144655,LQD,"ARIMA(1,0,1)"
2012-12-19,0.0004534920536921457,LQD,"ARIMA(1,0,1)"
2012-12-20,0.00041119189259897253,LQD,"ARIMA(1,0,1)"
2012-12-21,0.00041013052984011805,LQD,"ARIMA(1,0,1)"
2012-12-24,0.000465747987604181,LQD,"ARIMA(1,0,1)"
2012-12-26,0.00035587280272794024,LQD,"ARIMA(1,0,1)"
2012-12-27,0.0004605701724049515,LQD,"ARIMA(1,0,1)"
2012-12-28,0.0004791340052062538,LQD,"ARIMA(1,0,1)"
2012-12-31,0.00046124499275806253,LQD,"ARIMA(1,0,1)"
2013-01-02,0.0001966026086285886,LQD,"ARIMA(1,0,1)"
2013-01-03,0.0005886244170716761,LQD,"ARIMA(1,0,1)"
2013-01-04,0.00017421507459988706,LQD,"ARIMA(1,0,1)"
2013-01-07,0.0005124907310555115,LQD,"ARIMA(1,0,1)"
2013-01-08,0.0003743922725685594,LQD,"ARIMA(1,0,1)"
2013-01-09,0.0004074882561616291,LQD,"ARIMA(1,0,1)"
2013-01-10,0.0003547620872557507,LQD,"ARIMA(1,0,1)"
2013-01-11,0.0003990778914413814,LQD,"ARIMA(1,0,1)"
2013-01-14,0.0004283922498780798,LQD,"ARIMA(1,0,1)"
2013-01-15,0.00030778533735320525,LQD,"ARIMA(1,0,1)"
2013-01-16,0.00035583663794550843,LQD,"ARIMA(1,0,1)"
2013-01-17,0.00034544661992407975,LQD,"ARIMA(1,0,1)"
2013-01-18,0.0002735492009584214,LQD,"ARIMA(1,0,1)"
2013-01-22,0.00037380908352010285,LQD,"ARIMA(1,0,1)"
2013-01-23,0.0003305119002889286,LQD,"ARIMA(1,0,1)"
2013-01-24,0.0003810131549154179,LQD,"ARIMA(1,0,1)"
2013-01-25,0.0003375663656826285,LQD,"ARIMA(1,0,1)"
2013-01-28,0.00028406121523942394,LQD,"ARIMA(1,0,1)"
2013-01-29,0.00031526949552744554,LQD,"ARIMA(1,0,1)"
2013-01-30,0.00022066001104995237,LQD,"ARIMA(1,0,1)"
2013-01-31,0.00019455407853746163,LQD,"ARIMA(1,0,1)"
2013-02-01,0.0002793797159040218,LQD,"ARIMA(1,0,1)"
2013-02-04,0.0001961243939086359,LQD,"ARIMA(1,0,1)"
2013-02-05,0.00029503656994380855,LQD,"ARIMA(1,0,1)"
2013-02-06,0.00017087906505803058,LQD,"ARIMA(1,0,1)"
2013-02-07,0.00028038767654963174,LQD,"ARIMA(1,0,1)"
2013-02-08,0.00021110141066133986,LQD,"ARIMA(1,0,1)"
2013-02-11,0.0002678124305488201,LQD,"ARIMA(1,0,1)"
2013-02-12,0.00021342329304524935,LQD,"ARIMA(1,0,1)"
2013-02-13,0.00024139959587655236,LQD,"ARIMA(1,0,1)"
2013-02-14,0.00021018481432442533,LQD,"ARIMA(1,0,1)"
2013-02-15,0.00026324380984201216,LQD,"ARIMA(1,0,1)"
2013-02-19,0.00022115395905147482,LQD,"ARIMA(1,0,1)"
2013-02-20,0.00024003036353085152,LQD,"ARIMA(1,0,1)"
2013-02-21,0.0002594360936813286,LQD,"ARIMA(1,0,1)"
2013-02-22,0.00026691095176066017,LQD,"ARIMA(1,0,1)"
2013-02-25,0.0002722568453122366,LQD,"ARIMA(1,0,1)"
2013-02-26,0.00030826748463884884,LQD,"ARIMA(1,0,1)"
2013-02-27,0.0002753152357760407,LQD,"ARIMA(1,0,1)"
2013-02-28,0.0002484986437120588,LQD,"ARIMA(1,0,1)"
2013-03-01,0.0002469614797745296,LQD,"ARIMA(1,0,1)"
2013-03-04,0.00023170043392960296,LQD,"ARIMA(1,0,1)"
2013-03-05,0.00024146602435355928,LQD,"ARIMA(1,0,1)"
2013-03-06,0.0002339664220942046,LQD,"ARIMA(1,0,1)"
2013-03-07,0.00022650075738857992,LQD,"ARIMA(1,0,1)"
2013-03-08,0.00020698960837595875,LQD,"ARIMA(1,0,1)"
2013-03-11,0.00017807615335117984,LQD,"ARIMA(1,0,1)"
2013-03-12,0.00022753672491507848,LQD,"ARIMA(1,0,1)"
2013-03-13,0.0002249645955067367,LQD,"ARIMA(1,0,1)"
2013-03-14,0.000238455782917875,LQD,"ARIMA(1,0,1)"
2013-03-15,0.0002268084250337903,LQD,"ARIMA(1,0,1)"
2013-03-18,0.0002430992588372394,LQD,"ARIMA(1,0,1)"
2013-03-19,0.0003029672949623316,LQD,"ARIMA(1,0,1)"
2013-03-20,0.0003162365045344795,LQD,"ARIMA(1,0,1)"
2013-03-21,0.00029855782438595313,LQD,"ARIMA(1,0,1)"
2013-03-22,0.00030882847091905243,LQD,"ARIMA(1,0,1)"
2013-03-25,0.0003110544978953074,LQD,"ARIMA(1,0,1)"
2013-03-26,0.00029352752910466245,LQD,"ARIMA(1,0,1)"
2013-03-27,0.0003027575325898263,LQD,"ARIMA(1,0,1)"
2013-03-28,0.00031360395273420975,LQD,"ARIMA(1,0,1)"
2013-04-01,0.00030267245856834864,LQD,"ARIMA(1,0,1)"
2013-04-02,0.0002691520180504307,LQD,"ARIMA(1,0,1)"
2013-04-03,0.00027263242582625346,LQD,"ARIMA(1,0,1)"
2013-04-04,0.00028067614169094266,LQD,"ARIMA(1,0,1)"
2013-04-05,0.00031142529587582004,LQD,"ARIMA(1,0,1)"
2013-04-08,0.0003471624917662356,LQD,"ARIMA(1,0,1)"
2013-04-09,0.00037904183689604735,LQD,"ARIMA(1,0,1)"
2013-04-10,0.00037820663813038384,LQD,"ARIMA(1,0,1)"
2013-04-11,0.00028203074845890955,LQD,"ARIMA(1,0,1)"
2013-04-12,0.00031131647606171025,LQD,"ARIMA(1,0,1)"
2013-04-15,0.00042577086388423776,LQD,"ARIMA(1,0,1)"
2013-04-16,0.00036819218114333784,LQD,"ARIMA(1,0,1)"
2013-04-17,0.00029262089402333686,LQD,"ARIMA(1,0,1)"
2013-04-18,0.0003285379599354595,LQD,"ARIMA(1,0,1)"
2013-04-19,0.0003383882212543315,LQD,"ARIMA(1,0,1)"
2013-04-22,0.0003539968628760982,LQD,"ARIMA(1,0,1)"
2013-04-23,0.00033681844353351234,LQD,"ARIMA(1,0,1)"
2013-04-24,0.0003529946410232052,LQD,"ARIMA(1,0,1)"
2013-04-25,0.00034366482905457416,LQD,"ARIMA(1,0,1)"
2013-04-26,0.000311859394545862,LQD,"ARIMA(1,0,1)"
2013-04-29,0.0004051608918822345,LQD,"ARIMA(1,0,1)"
2013-04-30,0.0003682096829870521,LQD,"ARIMA(1,0,1)"
2013-05-01,0.0003134570717222691,LQD,"ARIMA(1,0,1)"
2013-05-02,0.0004356994953788939,LQD,"ARIMA(1,0,1)"
2013-05-03,0.0003914718482790263,LQD,"ARIMA(1,0,1)"
2013-05-06,0.00014402442193130866,LQD,"ARIMA(1,0,1)"
2013-05-07,0.00034998013252564097,LQD,"ARIMA(1,0,1)"
2013-05-08,0.00026277302309862837,LQD,"ARIMA(1,0,1)"
2013-05-09,0.0002942804679102863,LQD,"ARIMA(1,0,1)"
2013-05-10,0.00021427775541289106,LQD,"ARIMA(1,0,1)"
2013-05-13,4.777729346668215e-05,LQD,"ARIMA(1,0,1)"
2013-05-14,2.701281763912804e-05,LQD,"ARIMA(1,0,1)"
2013-05-15,-9.36009434702471e-05,LQD,"ARIMA(1,0,1)"
2013-05-16,0.0002476436551306884,LQD,"ARIMA(1,0,1)"
2013-05-17,0.0004644192017693127,LQD,"ARIMA(1,0,1)"
2013-05-20,0.00016800785570165528,LQD,"ARIMA(1,0,1)"
2013-05-21,0.00023310936412336116,LQD,"ARIMA(1,0,1)"
2013-05-22,0.00031504792460538216,LQD,"ARIMA(1,0,1)"
2013-05-23,0.0002695084871754097,LQD,"ARIMA(1,0,1)"
2013-05-24,0.0002692585652320726,LQD,"ARIMA(1,0,1)"
2013-05-28,0.00027545567823435504,LQD,"ARIMA(1,0,1)"
2013-05-29,0.00022903747482255706,LQD,"ARIMA(1,0,1)"
2013-05-30,0.00022508728459249192,LQD,"ARIMA(1,0,1)"
2013-05-31,0.00022127548830100783,LQD,"ARIMA(1,0,1)"
2013-06-03,0.00019455780264321295,LQD,"ARIMA(1,0,1)"
2013-06-04,0.00018053327535322414,LQD,"ARIMA(1,0,1)"
2013-06-05,0.00013725743622865327,LQD,"ARIMA(1,0,1)"
2013-06-06,0.00010816985976653677,LQD,"ARIMA(1,0,1)"
2013-06-07,0.0001580929144333416,LQD,"ARIMA(1,0,1)"
2013-06-10,0.00014718685368478153,LQD,"ARIMA(1,0,1)"
2013-06-11,0.00014694687434465789,LQD,"ARIMA(1,0,1)"
2013-06-12,0.00013081493767651885,LQD,"ARIMA(1,0,1)"
2013-06-13,0.0001025998407745461,LQD,"ARIMA(1,0,1)"
2013-06-14,0.0001454427927807979,LQD,"ARIMA(1,0,1)"
2013-06-17,0.00015505547091157972,LQD,"ARIMA(1,0,1)"
2013-06-18,0.00013494459016228752,LQD,"ARIMA(1,0,1)"
2013-06-19,0.00013497178454299188,LQD,"ARIMA(1,0,1)"
2013-06-20,5.8174585008010705e-05,LQD,"ARIMA(1,0,1)"
2013-06-21,-0.0022864782834274896,LQD,"ARIMA(1,0,1)"
2013-06-24,-0.0031765547116682797,LQD,"ARIMA(1,0,1)"
2013-06-25,-0.004129534355308236,LQD,"ARIMA(1,0,1)"
2013-06-26,-0.0013555160069489462,LQD,"ARIMA(1,0,1)"
2013-06-27,0.0010929109106923324,LQD,"ARIMA(1,0,1)"
2013-06-28,0.0021038115979295346,LQD,"ARIMA(1,0,1)"
2013-07-01,0.0005097830534940821,LQD,"ARIMA(1,0,1)"
2013-07-02,0.0006491812085045297,LQD,"ARIMA(1,0,1)"
2013-07-03,0.0007896288343358435,LQD,"ARIMA(1,0,1)"
2013-07-05,-0.0002608101534770294,LQD,"ARIMA(1,0,1)"
2013-07-08,-0.002533912487343504,LQD,"ARIMA(1,0,1)"
2013-07-09,0.0006919502042019554,LQD,"ARIMA(1,0,1)"
2013-07-10,0.0002497081686350374,LQD,"ARIMA(1,0,1)"
2013-07-11,-0.00042632884905396495,LQD,"ARIMA(1,0,1)"
2013-07-12,0.001354130868336238,LQD,"ARIMA(1,0,1)"
2013-07-15,0.00018764859559818164,LQD,"ARIMA(1,0,1)"
2013-07-16,0.0007097460126955177,LQD,"ARIMA(1,0,1)"
2013-07-17,0.00021955919013227736,LQD,"ARIMA(1,0,1)"
2013-07-18,0.0003358684931028161,LQD,"ARIMA(1,0,1)"
2013-07-19,0.00012619682439698627,LQD,"ARIMA(1,0,1)"
2013-07-22,0.00019224237383241453,LQD,"ARIMA(1,0,1)"
2013-07-23,-3.4544485913032264e-05,LQD,"ARIMA(1,0,1)"
2013-07-24,3.204254334551171e-05,LQD,"ARIMA(1,0,1)"
2013-07-25,-7.953813142396565e-05,LQD,"ARIMA(1,0,1)"
2013-07-26,-0.00017039013424980458,LQD,"ARIMA(1,0,1)"
2013-07-29,-6.913223854636887e-06,LQD,"ARIMA(1,0,1)"
2013-07-30,-0.0002097356264958228,LQD,"ARIMA(1,0,1)"
2013-07-31,-0.00012853376321833563,LQD,"ARIMA(1,0,1)"
2013-08-01,-8.900746729683664e-05,LQD,"ARIMA(1,0,1)"
2013-08-02,-0.00033010945895354306,LQD,"ARIMA(1,0,1)"
2013-08-05,-0.0001252985333681953,LQD,"ARIMA(1,0,1)"
2013-08-06,-0.00011707408386001925,LQD,"ARIMA(1,0,1)"
2013-08-07,-0.0001470121347502932,LQD,"ARIMA(1,0,1)"
2013-08-08,-9.896422310934146e-05,LQD,"ARIMA(1,0,1)"
2013-08-09,0.01646221502899166,LQD,"ARIMA(1,0,1)"
2013-08-12,-7.516429631883713e-05,LQD,"ARIMA(1,0,1)"
2013-08-13,-6.595575353982143e-05,LQD,"ARIMA(1,0,1)"
2013-08-14,-8.834159777745959e-05,LQD,"ARIMA(1,0,1)"
2013-08-15,0.013267696793513396,LQD,"ARIMA(1,0,1)"
2013-08-16,-0.00030062176103419605,LQD,"ARIMA(1,0,1)"
2013-08-19,-0.00013238204983155098,LQD,"ARIMA(1,0,1)"
2013-08-20,-0.00013544641614054526,LQD,"ARIMA(1,0,1)"
2013-08-21,-0.00030080613049676187,LQD,"ARIMA(1,0,1)"
2013-08-22,-0.00012871934992425305,LQD,"ARIMA(1,0,1)"
2013-08-23,-0.0006700076645774194,LQD,"ARIMA(1,0,1)"
2013-08-26,-0.0001008263372178283,LQD,"ARIMA(1,0,1)"
2013-08-27,-0.00011685229846367643,LQD,"ARIMA(1,0,1)"
2013-08-28,-0.00010135856452620942,LQD,"ARIMA(1,0,1)"
2013-08-29,-0.00010507798910073182,LQD,"ARIMA(1,0,1)"
2013-08-30,-0.00010566932679073733,LQD,"ARIMA(1,0,1)"
2013-09-03,-0.00011129790385295581,LQD,"ARIMA(1,0,1)"
2013-09-04,-1.560751971744611e-05,LQD,"ARIMA(1,0,1)"
2013-09-05,0.007369876515963919,LQD,"ARIMA(1,0,1)"
2013-09-06,0.014733456077502496,LQD,"ARIMA(1,0,1)"
2013-09-09,-4.095413947591395e-05,LQD,"ARIMA(1,0,1)"
2013-09-10,-0.00011307780112954183,LQD,"ARIMA(1,0,1)"
2013-09-11,-0.00017104639104612037,LQD,"ARIMA(1,0,1)"
2013-09-12,-0.00016174119175100607,LQD,"ARIMA(1,0,1)"
2013-09-13,-0.00016343896229504626,LQD,"ARIMA(1,0,1)"
2013-09-16,-0.00016400262755736052,LQD,"ARIMA(1,0,1)"
2013-09-17,-0.00015139826398459782,LQD,"ARIMA(1,0,1)"
2013-09-18,-0.00016217659640367462,LQD,"ARIMA(1,0,1)"
2013-09-19,-0.00011165482563409645,LQD,"ARIMA(1,0,1)"
2013-09-20,-0.0001192482542045888,LQD,"ARIMA(1,0,1)"
2013-09-23,-0.00012789488520096077,LQD,"ARIMA(1,0,1)"
2013-09-24,-0.00011116380191573272,LQD,"ARIMA(1,0,1)"
2013-09-25,-9.786219314585125e-05,LQD,"ARIMA(1,0,1)"
2013-09-26,-9.29812982629232e-05,LQD,"ARIMA(1,0,1)"
2013-09-27,-0.00010843639924520255,LQD,"ARIMA(1,0,1)"
2013-09-30,-0.00011945985220059901,LQD,"ARIMA(1,0,1)"
2013-10-01,-0.00013912644736639262,LQD,"ARIMA(1,0,1)"
2013-10-02,-0.0001411694932974286,LQD,"ARIMA(1,0,1)"
2013-10-03,-0.00013804832958041598,LQD,"ARIMA(1,0,1)"
2013-10-04,-0.00014668288218352342,LQD,"ARIMA(1,0,1)"
2013-10-07,-0.00015167151105121673,LQD,"ARIMA(1,0,1)"
2013-10-08,-0.00014727979766143384,LQD,"ARIMA(1,0,1)"
2013-10-09,-0.00014474314268989022,LQD,"ARIMA(1,0,1)"
2013-10-10,-0.0001470719931426966,LQD,"ARIMA(1,0,1)"
2013-10-11,-0.00015177213002513,LQD,"ARIMA(1,0,1)"
2013-10-14,-0.0001508641094878585,LQD,"ARIMA(1,0,1)"
2013-10-15,-0.00017021000143461248,LQD,"ARIMA(1,0,1)"
2013-10-16,-0.0001824072659664632,LQD,"ARIMA(1,0,1)"
2013-10-17,-0.0001576016894146922,LQD,"ARIMA(1,0,1)"
2013-10-18,-0.00014087970387960543,LQD,"ARIMA(1,0,1)"
2013-10-21,-0.00013300879111855743,LQD,"ARIMA(1,0,1)"
2013-10-22,-0.00013586607096101615,LQD,"ARIMA(1,0,1)"
2013-10-23,-0.00010404319666797884,LQD,"ARIMA(1,0,1)"
2013-10-24,-0.00011220614699069636,LQD,"ARIMA(1,0,1)"
2013-10-25,-0.00010788808467893378,LQD,"ARIMA(1,0,1)"
2013-10-28,-0.00011512880162604443,LQD,"ARIMA(1,0,1)"
2013-10-29,-9.945201030938434e-05,LQD,"ARIMA(1,0,1)"
2013-10-30,-8.258778545616413e-05,LQD,"ARIMA(1,0,1)"
2013-10-31,-0.00011102812978335933,LQD,"ARIMA(1,0,1)"
2013-11-01,-0.0001289496150620927,LQD,"ARIMA(1,0,1)"
2013-11-04,-0.00012179043471453281,LQD,"ARIMA(1,0,1)"
2013-11-05,-0.00011265952021749794,LQD,"ARIMA(1,0,1)"
2013-11-06,-0.00013218447657069172,LQD,"ARIMA(1,0,1)"
2013-11-07,-0.00010760545211687907,LQD,"ARIMA(1,0,1)"
2013-11-08,-0.00010786102110068048,LQD,"ARIMA(1,0,1)"
2013-11-11,-0.00014290254052156667,LQD,"ARIMA(1,0,1)"
2013-11-12,-0.00013978404570641503,LQD,"ARIMA(1,0,1)"
2013-11-13,-0.00013766900621075558,LQD,"ARIMA(1,0,1)"
2013-11-14,-0.0001301419062456861,LQD,"ARIMA(1,0,1)"
2013-11-15,-0.00011666927367535356,LQD,"ARIMA(1,0,1)"
2013-11-18,-0.00010884098583258899,LQD,"ARIMA(1,0,1)"
2013-11-19,-9.24839361509053e-05,LQD,"ARIMA(1,0,1)"
2013-11-20,-0.00011875323249570318,LQD,"ARIMA(1,0,1)"
2013-11-21,-0.0001242332229057356,LQD,"ARIMA(1,0,1)"
2013-11-22,-0.00011989230482809286,LQD,"ARIMA(1,0,1)"
2013-11-25,-0.00010870470756226902,LQD,"ARIMA(1,0,1)"
2013-11-26,-0.00010489527309507434,LQD,"ARIMA(1,0,1)"
2013-11-27,-0.00010267597503125886,LQD,"ARIMA(1,0,1)"
2013-11-29,-0.00010128542843577014,LQD,"ARIMA(1,0,1)"
2013-12-02,-0.00010650299958829758,LQD,"ARIMA(1,0,1)"
2013-12-03,-0.010609984334058893,LQD,"ARIMA(1,0,1)"
2013-12-04,-0.00011886216144531492,LQD,"ARIMA(1,0,1)"
2013-12-05,-0.0001349293315000446,LQD,"ARIMA(1,0,1)"
2013-12-06,-0.00015124544990976945,LQD,"ARIMA(1,0,1)"
2013-12-09,-0.00014208477518986944,LQD,"ARIMA(1,0,1)"
2013-12-10,-0.00012684563948715523,LQD,"ARIMA(1,0,1)"
2013-12-11,-0.0001143391801974454,LQD,"ARIMA(1,0,1)"
2013-12-12,-0.00011110390750233476,LQD,"ARIMA(1,0,1)"
2013-12-13,-0.00010626721711128783,LQD,"ARIMA(1,0,1)"
2013-12-16,-8.827306133706211e-05,LQD,"ARIMA(1,0,1)"
2013-12-17,-8.809159259986056e-05,LQD,"ARIMA(1,0,1)"
2013-12-18,-6.35912405154424e-05,LQD,"ARIMA(1,0,1)"
2013-12-19,-5.3911229555649404e-05,LQD,"ARIMA(1,0,1)"
2013-12-20,-7.333389126049829e-05,LQD,"ARIMA(1,0,1)"
2013-12-23,-6.143306261235793e-05,LQD,"ARIMA(1,0,1)"
2013-12-24,-7.442896126335498e-05,LQD,"ARIMA(1,0,1)"
2013-12-26,-7.231429357657395e-05,LQD,"ARIMA(1,0,1)"
2013-12-27,-8.094956354630131e-05,LQD,"ARIMA(1,0,1)"
2013-12-30,-9.787192176340218e-05,LQD,"ARIMA(1,0,1)"
2013-12-31,-9.487061670140594e-05,LQD,"ARIMA(1,0,1)"
2014-01-02,-8.299149035488854e-05,LQD,"ARIMA(1,0,1)"
2014-01-03,-8.449826672641685e-05,LQD,"ARIMA(1,0,1)"
2014-01-06,-5.581999161326806e-05,LQD,"ARIMA(1,0,1)"
2014-01-07,-4.592979847249834e-05,LQD,"ARIMA(1,0,1)"
2014-01-08,-5.497830620508821e-05,LQD,"ARIMA(1,0,1)"
2014-01-09,-7.652440257513988e-05,LQD,"ARIMA(1,0,1)"
2014-01-10,-6.615960372557793e-05,LQD,"ARIMA(1,0,1)"
2014-01-13,-7.263625020236282e-05,LQD,"ARIMA(1,0,1)"
2014-01-14,3.931775929471347e-05,LQD,"ARIMA(1,0,1)"
2014-01-15,0.0003799848027417253,LQD,"ARIMA(1,0,1)"
2014-01-16,0.0003928810674096414,LQD,"ARIMA(1,0,1)"
2014-01-17,0.00046992140456976353,LQD,"ARIMA(1,0,1)"
2014-01-21,0.0004784508786627121,LQD,"ARIMA(1,0,1)"
2014-01-22,0.0003096850213296135,LQD,"ARIMA(1,0,1)"
2014-01-23,-2.2227145042699005e-05,LQD,"ARIMA(1,0,1)"
2014-01-24,0.0004442248554349563,LQD,"ARIMA(1,0,1)"
2014-01-27,0.00034850936052702023,LQD,"ARIMA(1,0,1)"
2014-01-28,6.351087908190308e-05,LQD,"ARIMA(1,0,1)"
2014-01-29,-0.013348908307718078,LQD,"ARIMA(1,0,1)"
2014-01-30,8.456960607870718e-05,LQD,"ARIMA(1,0,1)"
2014-01-31,0.00010588585234119587,LQD,"ARIMA(1,0,1)"
2014-02-03,0.0001536679556132323,LQD,"ARIMA(1,0,1)"
2014-02-04,0.0004165820356203069,LQD,"ARIMA(1,0,1)"
2014-02-05,0.00015030511489463205,LQD,"ARIMA(1,0,1)"
2014-02-06,-0.00016673221418774976,LQD,"ARIMA(1,0,1)"
2014-02-07,-0.00017859908504854293,LQD,"ARIMA(1,0,1)"
2014-02-10,0.00016117248923120476,LQD,"ARIMA(1,0,1)"
2014-02-11,0.0001291129640915448,LQD,"ARIMA(1,0,1)"
2014-02-12,-8.72692605725331e-05,LQD,"ARIMA(1,0,1)"
2014-02-13,-0.00028911603925284144,LQD,"ARIMA(1,0,1)"
2014-02-14,0.0002281343038777059,LQD,"ARIMA(1,0,1)"
2014-02-18,0.0002763561666266867,LQD,"ARIMA(1,0,1)"
2014-02-19,0.0003199396142986488,LQD,"ARIMA(1,0,1)"
2014-02-20,7.284783851090596e-05,LQD,"ARIMA(1,0,1)"
2014-02-21,-6.686409214806595e-05,LQD,"ARIMA(1,0,1)"
2014-02-24,7.512266337520926e-05,LQD,"ARIMA(1,0,1)"
2014-02-25,8.85906953067231e-05,LQD,"ARIMA(1,0,1)"
2014-02-26,0.0003624541047808716,LQD,"ARIMA(1,0,1)"
2014-02-27,0.00044531067753431015,LQD,"ARIMA(1,0,1)"
2014-02-28,0.00035849049625620046,LQD,"ARIMA(1,0,1)"
2014-03-03,0.00010949086140196425,LQD,"ARIMA(1,0,1)"
2014-03-04,0.000298269044316917,LQD,"ARIMA(1,0,1)"
2014-03-05,-0.00027615462350623376,LQD,"ARIMA(1,0,1)"
2014-03-06,-0.00014397365254832024,LQD,"ARIMA(1,0,1)"
2014-03-07,-0.0002980725812114513,LQD,"ARIMA(1,0,1)"
2014-03-10,-0.00044479639446050876,LQD,"ARIMA(1,0,1)"
2014-03-11,-0.0003730912056983552,LQD,"ARIMA(1,0,1)"
2014-03-12,-0.00016084985637870305,LQD,"ARIMA(1,0,1)"
2014-03-13,0.00023783645963252698,LQD,"ARIMA(1,0,1)"
2014-03-14,0.0004514410742129684,LQD,"ARIMA(1,0,1)"
2014-03-17,0.00014483294722824296,LQD,"ARIMA(1,0,1)"
2014-03-18,-2.112870605986291e-05,LQD,"ARIMA(1,0,1)"
2014-03-19,0.00026641537902901807,LQD,"ARIMA(1,0,1)"
2014-03-20,-0.0004128831805288688,LQD,"ARIMA(1,0,1)"
2014-03-21,-0.00012481031220486807,LQD,"ARIMA(1,0,1)"
2014-03-24,0.00023144369767001227,LQD,"ARIMA(1,0,1)"
2014-03-25,0.00028183184151767224,LQD,"ARIMA(1,0,1)"
2014-03-26,0.000189840366951322,LQD,"ARIMA(1,0,1)"
2014-03-27,0.00034905733244116515,LQD,"ARIMA(1,0,1)"
2014-03-28,0.0002788259552393449,LQD,"ARIMA(1,0,1)"
2014-03-31,0.00011960874618651741,LQD,"ARIMA(1,0,1)"
2014-04-01,9.152298448650781e-05,LQD,"ARIMA(1,0,1)"
2014-04-02,-8.62648392072142e-05,LQD,"ARIMA(1,0,1)"
2014-04-03,-0.0001527885205148022,LQD,"ARIMA(1,0,1)"
2014-04-04,2.773614688221837e-05,LQD,"ARIMA(1,0,1)"
2014-04-07,0.0003010818661110084,LQD,"ARIMA(1,0,1)"
2014-04-08,0.0003501446446662991,LQD,"ARIMA(1,0,1)"
2014-04-09,0.0004251663095921049,LQD,"ARIMA(1,0,1)"
2014-04-10,0.0003735205855413243,LQD,"ARIMA(1,0,1)"
2014-04-11,0.0004049215501875999,LQD,"ARIMA(1,0,1)"
2014-04-14,0.00033541396990852715,LQD,"ARIMA(1,0,1)"
2014-04-15,0.0002900732173537294,LQD,"ARIMA(1,0,1)"
2014-04-16,0.00038569751692301514,LQD,"ARIMA(1,0,1)"
2014-04-17,0.00031203869756231254,LQD,"ARIMA(1,0,1)"
2014-04-21,-0.00026299954944126433,LQD,"ARIMA(1,0,1)"
2014-04-22,-5.5694203833232335e-05,LQD,"ARIMA(1,0,1)"
2014-04-23,-2.761536596945696e-06,LQD,"ARIMA(1,0,1)"
2014-04-24,0.00015942854551620738,LQD,"ARIMA(1,0,1)"
2014-04-25,0.0001195154539938993,LQD,"ARIMA(1,0,1)"
2014-04-28,7.476472941881999e-05,LQD,"ARIMA(1,0,1)"
2014-04-29,-4.9766360078308585e-05,LQD,"ARIMA(1,0,1)"
2014-04-30,-2.4686214986662696e-05,LQD,"ARIMA(1,0,1)"
2014-05-01,0.000207501026744143,LQD,"ARIMA(1,0,1)"
2014-05-02,0.0004750430913517125,LQD,"ARIMA(1,0,1)"
2014-05-05,0.0005041010045589655,LQD,"ARIMA(1,0,1)"
2014-05-06,0.0001571240220507955,LQD,"ARIMA(1,0,1)"
2014-05-07,0.00026874847195742103,LQD,"ARIMA(1,0,1)"
2014-05-08,0.00021040426074413237,LQD,"ARIMA(1,0,1)"
2014-05-09,0.00019001637383369495,LQD,"ARIMA(1,0,1)"
2014-05-12,6.873701039155723e-05,LQD,"ARIMA(1,0,1)"
2014-05-13,-8.391394344983583e-05,LQD,"ARIMA(1,0,1)"
2014-05-14,0.0002480696517319954,LQD,"ARIMA(1,0,1)"
2014-05-15,0.00016628750942592003,LQD,"ARIMA(1,0,1)"
2014-05-16,0.000590600799396187,LQD,"ARIMA(1,0,1)"
2014-05-19,0.0003684650317281874,LQD,"ARIMA(1,0,1)"
2014-05-20,0.00015156085416584306,LQD,"ARIMA(1,0,1)"
2014-05-21,9.878336704044289e-05,LQD,"ARIMA(1,0,1)"
2014-05-22,-9.415154808684909e-05,LQD,"ARIMA(1,0,1)"
2014-05-23,-1.0899698044781407e-05,LQD,"ARIMA(1,0,1)"
2014-05-27,0.00013882806316487857,LQD,"ARIMA(1,0,1)"
2014-05-28,0.000444112079432571,LQD,"ARIMA(1,0,1)"
2014-05-29,0.0007728450265187994,LQD,"ARIMA(1,0,1)"
2014-05-30,0.00014926825137250537,LQD,"ARIMA(1,0,1)"
2014-06-02,0.00015960537992510456,LQD,"ARIMA(1,0,1)"
2014-06-03,-0.0003054836480318602,LQD,"ARIMA(1,0,1)"
2014-06-04,-0.0005113099519964122,LQD,"ARIMA(1,0,1)"
2014-06-05,-0.00016250407797117056,LQD,"ARIMA(1,0,1)"
2014-06-06,0.0002532428268811438,LQD,"ARIMA(1,0,1)"
2014-06-09,0.0003930626131524366,LQD,"ARIMA(1,0,1)"
2014-06-10,6.723549426444617e-05,LQD,"ARIMA(1,0,1)"
2014-06-11,-6.36272623241197e-05,LQD,"ARIMA(1,0,1)"
2014-06-12,0.000177609860401256,LQD,"ARIMA(1,0,1)"
2014-06-13,0.0005460629762603557,LQD,"ARIMA(1,0,1)"
2014-06-16,0.0002707913887042335,LQD,"ARIMA(1,0,1)"
2014-06-17,0.0001868067616226196,LQD,"ARIMA(1,0,1)"
2014-06-18,4.349609950932799e-05,LQD,"ARIMA(1,0,1)"
2014-06-19,0.00022966745158480565,LQD,"ARIMA(1,0,1)"
2014-06-20,0.0002653264796956083,LQD,"ARIMA(1,0,1)"
2014-06-23,0.0003192460615274094,LQD,"ARIMA(1,0,1)"
2014-06-24,0.00038313102402001914,LQD,"ARIMA(1,0,1)"
2014-06-25,0.00021022241809994934,LQD,"ARIMA(1,0,1)"
2014-06-26,0.0003515444631881897,LQD,"ARIMA(1,0,1)"
2014-06-27,0.0002839462392827931,LQD,"ARIMA(1,0,1)"
2014-06-30,0.00034540809164792553,LQD,"ARIMA(1,0,1)"
2014-07-01,0.00039483519624217763,LQD,"ARIMA(1,0,1)"
2014-07-02,0.0005491570391622539,LQD,"ARIMA(1,0,1)"
2014-07-03,0.0003336449007597299,LQD,"ARIMA(1,0,1)"
2014-07-07,0.00030283789161001675,LQD,"ARIMA(1,0,1)"
2014-07-08,0.0002289478384497903,LQD,"ARIMA(1,0,1)"
2014-07-09,0.0003301685335260118,LQD,"ARIMA(1,0,1)"
2014-07-10,0.0003319786800670041,LQD,"ARIMA(1,0,1)"
2014-07-11,0.0003405588912799537,LQD,"ARIMA(1,0,1)"
2014-07-14,0.00037033539801777007,LQD,"ARIMA(1,0,1)"
2014-07-15,0.0002319721997122934,LQD,"ARIMA(1,0,1)"
2014-07-16,0.00025892061853205386,LQD,"ARIMA(1,0,1)"
2014-07-17,0.0003530908678652146,LQD,"ARIMA(1,0,1)"
2014-07-18,0.0003927172364972362,LQD,"ARIMA(1,0,1)"
2014-07-21,0.0002358498196605024,LQD,"ARIMA(1,0,1)"
2014-07-22,0.00029423222892787683,LQD,"ARIMA(1,0,1)"
2014-07-23,0.0002760742321947951,LQD,"ARIMA(1,0,1)"
2014-07-24,0.00030467028618724935,LQD,"ARIMA(1,0,1)"
2014-07-25,0.000178151987800716,LQD,"ARIMA(1,0,1)"
2014-07-28,0.00038992185381734706,LQD,"ARIMA(1,0,1)"
2014-07-29,0.00026119050772320827,LQD,"ARIMA(1,0,1)"
2014-07-30,0.0003164646695041756,LQD,"ARIMA(1,0,1)"
2014-07-31,0.00015118713918998614,LQD,"ARIMA(1,0,1)"
2014-08-01,0.0002836034817226483,LQD,"ARIMA(1,0,1)"
2014-08-04,0.0005361375120210435,LQD,"ARIMA(1,0,1)"
2014-08-05,0.00027570374163429285,LQD,"ARIMA(1,0,1)"
2014-08-06,0.0003670520117566201,LQD,"ARIMA(1,0,1)"
2014-08-07,0.0002411569205626326,LQD,"ARIMA(1,0,1)"
2014-08-08,0.0004109762618685944,LQD,"ARIMA(1,0,1)"
2014-08-11,0.0002758961383800205,LQD,"ARIMA(1,0,1)"
2014-08-12,0.00032366194817091124,LQD,"ARIMA(1,0,1)"
2014-08-13,0.0002956252546853159,LQD,"ARIMA(1,0,1)"
2014-08-14,0.0003502916127006365,LQD,"ARIMA(1,0,1)"
2014-08-15,0.00033918000684802347,LQD,"ARIMA(1,0,1)"
2014-08-18,0.0003988329500240669,LQD,"ARIMA(1,0,1)"
2014-08-19,0.0004183916614121762,LQD,"ARIMA(1,0,1)"
2014-08-20,0.00039458445136529943,LQD,"ARIMA(1,0,1)"
2014-08-21,0.00035530557668444053,LQD,"ARIMA(1,0,1)"
2014-08-22,0.00044903327925557585,LQD,"ARIMA(1,0,1)"
2014-08-25,0.00043070383533524027,LQD,"ARIMA(1,0,1)"
2014-08-26,0.0004123290297861739,LQD,"ARIMA(1,0,1)"
2014-08-27,0.0004062806367367045,LQD,"ARIMA(1,0,1)"
2014-08-28,0.0003989857531724216,LQD,"ARIMA(1,0,1)"
2014-08-29,0.0004079553615927636,LQD,"ARIMA(1,0,1)"
2014-09-02,0.00038935403430041224,LQD,"ARIMA(1,0,1)"
2014-09-03,0.0004548663787317097,LQD,"ARIMA(1,0,1)"
2014-09-04,0.0004333884798038148,LQD,"ARIMA(1,0,1)"
2014-09-05,0.0006260937213537595,LQD,"ARIMA(1,0,1)"
2014-09-08,0.00041902616042138995,LQD,"ARIMA(1,0,1)"
2014-09-09,0.00040538660289900853,LQD,"ARIMA(1,0,1)"
2014-09-10,0.00042627946766217857,LQD,"ARIMA(1,0,1)"
2014-09-11,0.0004022579932470474,LQD,"ARIMA(1,0,1)"
2014-09-12,0.00036927141357647917,LQD,"ARIMA(1,0,1)"
2014-09-15,0.0003201945781701367,LQD,"ARIMA(1,0,1)"
2014-09-16,0.0004380443917596167,LQD,"ARIMA(1,0,1)"
2014-09-17,6.0608906391720386e-05,LQD,"ARIMA(1,0,1)"
2014-09-18,0.00018839922090913512,LQD,"ARIMA(1,0,1)"
2014-09-19,0.00023365284831302718,LQD,"ARIMA(1,0,1)"
2014-09-22,0.000439072275661736,LQD,"ARIMA(1,0,1)"
2014-09-23,0.0003958908465178297,LQD,"ARIMA(1,0,1)"
2014-09-24,0.0003943214694350672,LQD,"ARIMA(1,0,1)"
2014-09-25,0.00024068690158292918,LQD,"ARIMA(1,0,1)"
2014-09-26,0.0003426373709568805,LQD,"ARIMA(1,0,1)"
2014-09-29,0.00026459115465332064,LQD,"ARIMA(1,0,1)"
2014-09-30,0.000252724336056341,LQD,"ARIMA(1,0,1)"
2014-10-01,0.00030621317533553657,LQD,"ARIMA(1,0,1)"
2014-10-02,0.0004890424051818365,LQD,"ARIMA(1,0,1)"
2014-10-03,0.0004191787037314224,LQD,"ARIMA(1,0,1)"
2014-10-06,0.00047483220706131635,LQD,"ARIMA(1,0,1)"
2014-10-07,0.00045192980208593554,LQD,"ARIMA(1,0,1)"
2014-10-08,-0.00022043803482901694,LQD,"ARIMA(1,0,1)"
2014-10-09,0.0006415320525166666,LQD,"ARIMA(1,0,1)"
2014-10-10,-5.231939830792424e-05,LQD,"ARIMA(1,0,1)"
2014-10-13,0.00046324359714837834,LQD,"ARIMA(1,0,1)"
2014-10-14,0.0004993165818844686,LQD,"ARIMA(1,0,1)"
2014-10-15,0.00039179920172825223,LQD,"ARIMA(1,0,1)"
2014-10-16,0.00037708880649703065,LQD,"ARIMA(1,0,1)"
2014-10-17,0.0003390948211594741,LQD,"ARIMA(1,0,1)"
2014-10-20,0.0003087141791060944,LQD,"ARIMA(1,0,1)"
2014-10-21,0.00031081752804039165,LQD,"ARIMA(1,0,1)"
2014-10-22,0.0003181849647321953,LQD,"ARIMA(1,0,1)"
2014-10-23,0.0002885078220479928,LQD,"ARIMA(1,0,1)"
2014-10-24,0.00028192870726585046,LQD,"ARIMA(1,0,1)"
2014-10-27,0.0002881651065027975,LQD,"ARIMA(1,0,1)"
2014-10-28,0.0002939298289752667,LQD,"ARIMA(1,0,1)"
2014-10-29,0.00027816048314116467,LQD,"ARIMA(1,0,1)"
2014-10-30,0.00026503831488864694,LQD,"ARIMA(1,0,1)"
2014-10-31,0.0002730115254177377,LQD,"ARIMA(1,0,1)"
2014-11-03,0.0002778663210199578,LQD,"ARIMA(1,0,1)"
2014-11-04,0.0002796284461960728,LQD,"ARIMA(1,0,1)"
2014-11-05,0.000284465437502286,LQD,"ARIMA(1,0,1)"
2014-11-06,0.00029419113502926583,LQD,"ARIMA(1,0,1)"
2014-11-07,0.00027764697969788406,LQD,"ARIMA(1,0,1)"
2014-11-10,0.00029472426225475557,LQD,"ARIMA(1,0,1)"
2014-11-11,0.0003148828914466972,LQD,"ARIMA(1,0,1)"
2014-11-12,0.00031979378962467426,LQD,"ARIMA(1,0,1)"
2014-11-13,0.00031777667225431133,LQD,"ARIMA(1,0,1)"
2014-11-14,0.00030439453122061176,LQD,"ARIMA(1,0,1)"
2014-11-17,0.00028770513001565983,LQD,"ARIMA(1,0,1)"
2014-11-18,0.00027834053097158383,LQD,"ARIMA(1,0,1)"
2014-11-19,0.00026385288276332074,LQD,"ARIMA(1,0,1)"
2014-11-20,0.0002557148316543836,LQD,"ARIMA(1,0,1)"
2014-11-21,0.0002881400608382198,LQD,"ARIMA(1,0,1)"
2014-11-24,0.0002975363461844918,LQD,"ARIMA(1,0,1)"
2014-11-25,0.00029359870238645065,LQD,"ARIMA(1,0,1)"
2014-11-26,0.00030063382008884944,LQD,"ARIMA(1,0,1)"
2014-11-28,0.0003063932547441937,LQD,"ARIMA(1,0,1)"
2014-12-01,0.00031662283979927636,LQD,"ARIMA(1,0,1)"
2014-12-02,0.00030554017317906194,LQD,"ARIMA(1,0,1)"
2014-12-03,0.0002978287738946159,LQD,"ARIMA(1,0,1)"
2014-12-04,0.0002916427599545112,LQD,"ARIMA(1,0,1)"
2014-12-05,0.000310823168871009,LQD,"ARIMA(1,0,1)"
2014-12-08,0.000302713246827053,LQD,"ARIMA(1,0,1)"
2014-12-09,0.0003135497574673105,LQD,"ARIMA(1,0,1)"
2014-12-10,0.00031103650412706176,LQD,"ARIMA(1,0,1)"
2014-12-11,0.00029661273583424746,LQD,"ARIMA(1,0,1)"
2014-12-12,0.00030373513583549174,LQD,"ARIMA(1,0,1)"
2014-12-15,0.0003161580665158652,LQD,"ARIMA(1,0,1)"
2014-12-16,0.00031388194541272197,LQD,"ARIMA(1,0,1)"
2014-12-17,0.0003078745085898232,LQD,"ARIMA(1,0,1)"
2014-12-18,0.00029678343787347636,LQD,"ARIMA(1,0,1)"
2014-12-19,0.0003005590566470666,LQD,"ARIMA(1,0,1)"
2014-12-22,0.00030647555019758797,LQD,"ARIMA(1,0,1)"
2014-12-23,0.00029992387577896954,LQD,"ARIMA(1,0,1)"
2014-12-24,0.00027739369023343493,LQD,"ARIMA(1,0,1)"
2014-12-26,0.00029181391526556606,LQD,"ARIMA(1,0,1)"
2014-12-29,0.0002934898868861721,LQD,"ARIMA(1,0,1)"
2014-12-30,0.00030515759334825114,LQD,"ARIMA(1,0,1)"
2014-12-31,0.0003003835297005377,LQD,"ARIMA(1,0,1)"
2015-01-02,0.0003126285752780762,LQD,"ARIMA(1,0,1)"
2015-01-05,0.0003164645507897302,LQD,"ARIMA(1,0,1)"
2015-01-06,0.0003268202742175626,LQD,"ARIMA(1,0,1)"
2015-01-07,0.00033459424661196594,LQD,"ARIMA(1,0,1)"
2015-01-08,0.0003429671439114387,LQD,"ARIMA(1,0,1)"
2015-01-09,0.00034608586277194323,LQD,"ARIMA(1,0,1)"
2015-01-12,0.00034831440405005786,LQD,"ARIMA(1,0,1)"
2015-01-13,0.0003363116611090675,LQD,"ARIMA(1,0,1)"
2015-01-14,0.00033198453093822867,LQD,"ARIMA(1,0,1)"
2015-01-15,0.0003490323450803715,LQD,"ARIMA(1,0,1)"
2015-01-16,0.0003693110694025258,LQD,"ARIMA(1,0,1)"
2015-01-20,0.0003389657049561931,LQD,"ARIMA(1,0,1)"
2015-01-21,0.0003286435115882551,LQD,"ARIMA(1,0,1)"
2015-01-22,0.00037086225848796054,LQD,"ARIMA(1,0,1)"
2015-01-23,0.00037392353196680824,LQD,"ARIMA(1,0,1)"
2015-01-26,0.00023850299416885816,LQD,"ARIMA(1,0,1)"
2015-01-27,0.00044772798674517426,LQD,"ARIMA(1,0,1)"
2015-01-28,0.0003225943343622336,LQD,"ARIMA(1,0,1)"
2015-01-29,0.00022022260726855956,LQD,"ARIMA(1,0,1)"
2015-01-30,0.0005002447876915152,LQD,"ARIMA(1,0,1)"
2015-02-02,-0.00025761473923802895,LQD,"ARIMA(1,0,1)"
2015-02-03,0.0003861804465567607,LQD,"ARIMA(1,0,1)"
2015-02-04,0.0007524232642509963,LQD,"ARIMA(1,0,1)"
2015-02-05,0.0002079867707998389,LQD,"ARIMA(1,0,1)"
2015-02-06,0.0006584291030166941,LQD,"ARIMA(1,0,1)"
2015-02-09,0.0006662544002374472,LQD,"ARIMA(1,0,1)"
2015-02-10,0.0002737017044009918,LQD,"ARIMA(1,0,1)"
2015-02-11,0.00040108724109297664,LQD,"ARIMA(1,0,1)"
2015-02-12,0.00029374182689024516,LQD,"ARIMA(1,0,1)"
2015-02-13,0.00024160266039285005,LQD,"ARIMA(1,0,1)"
2015-02-17,0.0004645462744220865,LQD,"ARIMA(1,0,1)"
2015-02-18,0.0004591936645471067,LQD,"ARIMA(1,0,1)"
2015-02-19,0.0001701219627707998,LQD,"ARIMA(1,0,1)"
2015-02-20,0.00028123417502402007,LQD,"ARIMA(1,0,1)"
2015-02-23,0.00024132004821639033,LQD,"ARIMA(1,0,1)"
2015-02-24,0.00015097998788748366,LQD,"ARIMA(1,0,1)"
2015-02-25,5.301133373441391e-05,LQD,"ARIMA(1,0,1)"
2015-02-26,0.00021793173804183182,LQD,"ARIMA(1,0,1)"
2015-02-27,0.0004673562601856536,LQD,"ARIMA(1,0,1)"
2015-03-02,0.00023853520800450376,LQD,"ARIMA(1,0,1)"
2015-03-03,0.0006393712014145563,LQD,"ARIMA(1,0,1)"
2015-03-04,0.00038869350273315726,LQD,"ARIMA(1,0,1)"
2015-03-05,0.000300854292097257,LQD,"ARIMA(1,0,1)"
2015-03-06,0.00020605656783939636,LQD,"ARIMA(1,0,1)"
2015-03-09,0.0008389014751061422,LQD,"ARIMA(1,0,1)"
2015-03-10,-0.00011992016327791542,LQD,"ARIMA(1,0,1)"
2015-03-11,0.0002036698463277589,LQD,"ARIMA(1,0,1)"
2015-03-12,-4.1337419023773484e-05,LQD,"ARIMA(1,0,1)"
2015-03-13,0.00045217523397703943,LQD,"ARIMA(1,0,1)"
2015-03-16,0.0004067879122816147,LQD,"ARIMA(1,0,1)"
2015-03-17,0.00017826178749760018,LQD,"ARIMA(1,0,1)"
2015-03-18,0.00020439797371671597,LQD,"ARIMA(1,0,1)"
2015-03-19,-0.00024511234684926396,LQD,"ARIMA(1,0,1)"
2015-03-20,0.0010415999054446692,LQD,"ARIMA(1,0,1)"
2015-03-23,-0.00019321895389257213,LQD,"ARIMA(1,0,1)"
2015-03-24,0.0002822660159827685,LQD,"ARIMA(1,0,1)"
2015-03-25,0.00022387286344204222,LQD,"ARIMA(1,0,1)"
2015-03-26,0.0006122896181779665,LQD,"ARIMA(1,0,1)"
2015-03-27,0.0005952006100796933,LQD,"ARIMA(1,0,1)"
2015-03-30,-0.00013830001172108867,LQD,"ARIMA(1,0,1)"
2015-03-31,0.00026588377307198264,LQD,"ARIMA(1,0,1)"
2015-04-01,0.00017029591138335214,LQD,"ARIMA(1,0,1)"
2015-04-02,0.00015443759161553423,LQD,"ARIMA(1,0,1)"
2015-04-06,0.0005192351264747452,LQD,"ARIMA(1,0,1)"
2015-04-07,0.0001723306200265329,LQD,"ARIMA(1,0,1)"
2015-04-08,4.927859524787485e-05,LQD,"ARIMA(1,0,1)"
2015-04-09,0.0003948557899428537,LQD,"ARIMA(1,0,1)"
2015-04-10,0.0007120651969228313,LQD,"ARIMA(1,0,1)"
2015-04-13,0.00011988422605671068,LQD,"ARIMA(1,0,1)"
2015-04-14,0.00032621095900713516,LQD,"ARIMA(1,0,1)"
2015-04-15,8.17244566766219e-05,LQD,"ARIMA(1,0,1)"
2015-04-16,0.00026786998267622,LQD,"ARIMA(1,0,1)"
2015-04-17,0.00032944170098193497,LQD,"ARIMA(1,0,1)"
2015-04-20,4.39953547858266e-05,LQD,"ARIMA(1,0,1)"
2015-04-21,0.0005503679338372586,LQD,"ARIMA(1,0,1)"
2015-04-22,0.0002745716316972438,LQD,"ARIMA(1,0,1)"
2015-04-23,0.000832498885910086,LQD,"ARIMA(1,0,1)"
2015-04-24,-0.00011153253054684492,LQD,"ARIMA(1,0,1)"
2015-04-27,0.0001609985232439693,LQD,"ARIMA(1,0,1)"
2015-04-28,0.00035704672092007133,LQD,"ARIMA(1,0,1)"
2015-04-29,0.0007882178995415766,LQD,"ARIMA(1,0,1)"
2015-04-30,0.0007181593508629953,LQD,"ARIMA(1,0,1)"
2015-05-01,6.9631067718981476e-06,LQD,"ARIMA(1,0,1)"
2015-05-04,0.0006378364156952897,LQD,"ARIMA(1,0,1)"
2015-05-05,0.00020127964894401293,LQD,"ARIMA(1,0,1)"
2015-05-06,0.00022178715591190937,LQD,"ARIMA(1,0,1)"
2015-05-07,0.00034238299913480773,LQD,"ARIMA(1,0,1)"
2015-05-08,-0.00020787285825415316,LQD,"ARIMA(1,0,1)"
2015-05-11,-5.015089312959998e-05,LQD,"ARIMA(1,0,1)"
2015-05-12,0.0010232682439702415,LQD,"ARIMA(1,0,1)"
2015-05-13,0.0001489099674521231,LQD,"ARIMA(1,0,1)"
2015-05-14,0.00017895881764656098,LQD,"ARIMA(1,0,1)"
2015-05-15,-0.00018202104572297018,LQD,"ARIMA(1,0,1)"
2015-05-18,-0.0003072773277404414,LQD,"ARIMA(1,0,1)"
2015-05-19,0.0008040657469928948,LQD,"ARIMA(1,0,1)"
2015-05-20,0.0004828652186672359,LQD,"ARIMA(1,0,1)"
2015-05-21,2.08781012025496e-05,LQD,"ARIMA(1,0,1)"
2015-05-22,-0.0002367781223367139,LQD,"ARIMA(1,0,1)"
2015-05-26,8.059063483969569e-05,LQD,"ARIMA(1,0,1)"
2015-05-27,-0.00020943300541593346,LQD,"ARIMA(1,0,1)"
2015-05-28,5.151913036003687e-06,LQD,"ARIMA(1,0,1)"
2015-05-29,0.0002128213137966019,LQD,"ARIMA(1,0,1)"
2015-06-01,8.504683018877161e-05,LQD,"ARIMA(1,0,1)"
2015-06-02,0.0005583984159137924,LQD,"ARIMA(1,0,1)"
2015-06-03,0.0004949267442812845,LQD,"ARIMA(1,0,1)"
2015-06-04,0.00045308851802940164,LQD,"ARIMA(1,0,1)"
2015-06-05,-0.00027414931654832234,LQD,"ARIMA(1,0,1)"
2015-06-08,0.0005072409492669714,LQD,"ARIMA(1,0,1)"
2015-06-09,7.133079510216082e-05,LQD,"ARIMA(1,0,1)"
2015-06-10,0.0003896371009188486,LQD,"ARIMA(1,0,1)"
2015-06-11,0.00017541616248661123,LQD,"ARIMA(1,0,1)"
2015-06-12,-0.0006722482815188066,LQD,"ARIMA(1,0,1)"
2015-06-15,0.00022134858912718877,LQD,"ARIMA(1,0,1)"
2015-06-16,5.251271783066783e-05,LQD,"ARIMA(1,0,1)"
2015-06-17,-0.0001279316590452034,LQD,"ARIMA(1,0,1)"
2015-06-18,6.803054528273682e-05,LQD,"ARIMA(1,0,1)"
2015-06-19,0.00016606573094612808,LQD,"ARIMA(1,0,1)"
2015-06-22,-0.00031862101071378684,LQD,"ARIMA(1,0,1)"
2015-06-23,0.0007335823905331345,LQD,"ARIMA(1,0,1)"
2015-06-24,0.0002587411092726405,LQD,"ARIMA(1,0,1)"
2015-06-25,-0.00020059386673614284,LQD,"ARIMA(1,0,1)"
2015-06-26,0.000130819520839425,LQD,"ARIMA(1,0,1)"
2015-06-29,0.0003772550819150353,LQD,"ARIMA(1,0,1)"
2015-06-30,-0.0008238481224686993,LQD,"ARIMA(1,0,1)"
2015-07-01,0.00011810267818323693,LQD,"ARIMA(1,0,1)"
2015-07-02,0.000361599846175376,LQD,"ARIMA(1,0,1)"
2015-07-06,-0.00034959617030497626,LQD,"ARIMA(1,0,1)"
2015-07-07,-0.00039375746917656414,LQD,"ARIMA(1,0,1)"
2015-07-08,-0.00037112064919281155,LQD,"ARIMA(1,0,1)"
2015-07-09,-0.0001055850401777872,LQD,"ARIMA(1,0,1)"
2015-07-10,0.000668814074039728,LQD,"ARIMA(1,0,1)"
2015-07-13,0.0006249277671773051,LQD,"ARIMA(1,0,1)"
2015-07-14,0.00021699213688640342,LQD,"ARIMA(1,0,1)"
2015-07-15,-4.940875998182615e-05,LQD,"ARIMA(1,0,1)"
2015-07-16,-0.00020380974978865892,LQD,"ARIMA(1,0,1)"
2015-07-17,-0.0001462838900439226,LQD,"ARIMA(1,0,1)"
2015-07-20,-8.196933978390322e-05,LQD,"ARIMA(1,0,1)"
2015-07-21,0.00016702589834420665,LQD,"ARIMA(1,0,1)"
2015-07-22,-0.00014317954778349866,LQD,"ARIMA(1,0,1)"
2015-07-23,-0.00011711916514300421,LQD,"ARIMA(1,0,1)"
2015-07-24,-0.00022156352023411868,LQD,"ARIMA(1,0,1)"
2015-07-27,2.1221616915179977e-05,LQD,"ARIMA(1,0,1)"
2015-07-28,3.6726353586760974e-06,LQD,"ARIMA(1,0,1)"
2015-07-29,7.19316882990815e-05,LQD,"ARIMA(1,0,1)"
2015-07-30,7.030502831245481e-05,LQD,"ARIMA(1,0,1)"
2015-07-31,-4.601490410441408e-06,LQD,"ARIMA(1,0,1)"
2015-08-03,-0.00031534792678551097,LQD,"ARIMA(1,0,1)"
2015-08-04,-0.0001347197030379564,LQD,"ARIMA(1,0,1)"
2015-08-05,0.0003477012778891259,LQD,"ARIMA(1,0,1)"
2015-08-06,0.000284953687434524,LQD,"ARIMA(1,0,1)"
2015-08-07,-6.244157568845704e-05,LQD,"ARIMA(1,0,1)"
2015-08-10,-0.00020521142841780303,LQD,"ARIMA(1,0,1)"
2015-08-11,0.00022726143066566497,LQD,"ARIMA(1,0,1)"
2015-08-12,-0.0002328206253618458,LQD,"ARIMA(1,0,1)"
2015-08-13,8.176379351415366e-05,LQD,"ARIMA(1,0,1)"
2015-08-14,0.0002480352179938457,LQD,"ARIMA(1,0,1)"
2015-08-17,-4.073404506397163e-05,LQD,"ARIMA(1,0,1)"
2015-08-18,-0.00023775266959347646,LQD,"ARIMA(1,0,1)"
2015-08-19,0.00023613755920165444,LQD,"ARIMA(1,0,1)"
2015-08-20,-0.00034196770095944683,LQD,"ARIMA(1,0,1)"
2015-08-21,-6.615264727225566e-05,LQD,"ARIMA(1,0,1)"
2015-08-24,-2.2383001702308012e-05,LQD,"ARIMA(1,0,1)"
2015-08-25,0.00020464085781545343,LQD,"ARIMA(1,0,1)"
2015-08-26,0.0003823547117660978,LQD,"ARIMA(1,0,1)"
2015-08-27,6.333155248393793e-05,LQD,"ARIMA(1,0,1)"
2015-08-28,-0.00010618267720796048,LQD,"ARIMA(1,0,1)"
2015-08-31,-0.00018875996134385995,LQD,"ARIMA(1,0,1)"
2015-09-01,8.549091164562281e-05,LQD,"ARIMA(1,0,1)"
2015-09-02,-0.000446494353076434,LQD,"ARIMA(1,0,1)"
2015-09-03,8.486479789265067e-06,LQD,"ARIMA(1,0,1)"
2015-09-04,-0.00036116353409847157,LQD,"ARIMA(1,0,1)"
2015-09-08,-0.0002160137535407094,LQD,"ARIMA(1,0,1)"
2015-09-09,0.000354236752225976,LQD,"ARIMA(1,0,1)"
2015-09-10,-6.514695030745049e-05,LQD,"ARIMA(1,0,1)"
2015-09-11,0.00019205196963850693,LQD,"ARIMA(1,0,1)"
2015-09-14,2.2509797360815853e-05,LQD,"ARIMA(1,0,1)"
2015-09-15,7.010509013731151e-05,LQD,"ARIMA(1,0,1)"
2015-09-16,0.000698971094912418,LQD,"ARIMA(1,0,1)"
2015-09-17,2.584344365911747e-05,LQD,"ARIMA(1,0,1)"
2015-09-18,-0.0006475648961943047,LQD,"ARIMA(1,0,1)"
2015-09-21,-0.0003496125799507917,LQD,"ARIMA(1,0,1)"
2015-09-22,0.00035260029507437813,LQD,"ARIMA(1,0,1)"
2015-09-23,-0.00022557916850788668,LQD,"ARIMA(1,0,1)"
2015-09-24,3.675167259337293e-05,LQD,"ARIMA(1,0,1)"
2015-09-25,5.12460639181677e-05,LQD,"ARIMA(1,0,1)"
2015-09-28,0.00030874992453963987,LQD,"ARIMA(1,0,1)"
2015-09-29,-2.2187359951846042e-05,LQD,"ARIMA(1,0,1)"
2015-09-30,-7.170169254777981e-05,LQD,"ARIMA(1,0,1)"
2015-10-01,3.350140546711317e-05,LQD,"ARIMA(1,0,1)"
2015-10-02,4.994284107267242e-05,LQD,"ARIMA(1,0,1)"
2015-10-05,-0.000356367014537803,LQD,"ARIMA(1,0,1)"
2015-10-06,0.00015897738327892266,LQD,"ARIMA(1,0,1)"
2015-10-07,-0.00011756647471157042,LQD,"ARIMA(1,0,1)"
2015-10-08,-0.0003495837059407586,LQD,"ARIMA(1,0,1)"
2015-10-09,0.00027956862326276985,LQD,"ARIMA(1,0,1)"
2015-10-12,5.8844224270628227e-05,LQD,"ARIMA(1,0,1)"
2015-10-13,-0.00037321575325223417,LQD,"ARIMA(1,0,1)"
2015-10-14,-1.4435281462955471e-05,LQD,"ARIMA(1,0,1)"
2015-10-15,-0.00039578109760507907,LQD,"ARIMA(1,0,1)"
2015-10-16,-4.7593781264984174e-05,LQD,"ARIMA(1,0,1)"
2015-10-19,-2.4846688544807286e-05,LQD,"ARIMA(1,0,1)"
2015-10-20,2.519215626535124e-05,LQD,"ARIMA(1,0,1)"
2015-10-21,0.00021185234930319165,LQD,"ARIMA(1,0,1)"
2015-10-22,-0.000437646152749584,LQD,"ARIMA(1,0,1)"
2015-10-23,-0.00028366246865391804,LQD,"ARIMA(1,0,1)"
2015-10-26,0.0003400330589135856,LQD,"ARIMA(1,0,1)"
2015-10-27,-5.730798169703775e-05,LQD,"ARIMA(1,0,1)"
2015-10-28,-3.910021786604491e-06,LQD,"ARIMA(1,0,1)"
2015-10-29,0.0004614123588320378,LQD,"ARIMA(1,0,1)"
2015-10-30,0.0008224824868350093,LQD,"ARIMA(1,0,1)"
2015-11-02,-1.3661335806669134e-05,LQD,"ARIMA(1,0,1)"
2015-11-03,0.00045413465119219286,LQD,"ARIMA(1,0,1)"
2015-11-04,0.00012324380428286902,LQD,"ARIMA(1,0,1)"
2015-11-05,0.00015350979021659872,LQD,"ARIMA(1,0,1)"
2015-11-06,4.058860884720532e-05,LQD,"ARIMA(1,0,1)"
2015-11-09,0.0006191882177567248,LQD,"ARIMA(1,0,1)"
2015-11-10,0.0002500443926923339,LQD,"ARIMA(1,0,1)"
2015-11-11,-0.0001547849381249771,LQD,"ARIMA(1,0,1)"
2015-11-12,-2.521984822682918e-05,LQD,"ARIMA(1,0,1)"
2015-11-13,2.7729999551462025e-05,LQD,"ARIMA(1,0,1)"
2015-11-16,-0.00023647943612236402,LQD,"ARIMA(1,0,1)"
2015-11-17,-5.3779936557207006e-05,LQD,"ARIMA(1,0,1)"
2015-11-18,-6.071284510379994e-05,LQD,"ARIMA(1,0,1)"
2015-11-19,-1.6241539733686688e-06,LQD,"ARIMA(1,0,1)"
2015-11-20,-0.00019901636309411437,LQD,"ARIMA(1,0,1)"
2015-11-23,-1.2644564724487072e-06,LQD,"ARIMA(1,0,1)"
2015-11-24,-1.7318216023126625e-05,LQD,"ARIMA(1,0,1)"
2015-11-25,-2.5817166086186064e-05,LQD,"ARIMA(1,0,1)"
2015-11-27,-9.457737315985536e-05,LQD,"ARIMA(1,0,1)"
2015-11-30,-5.370196734126078e-05,LQD,"ARIMA(1,0,1)"
2015-12-01,-6.68129197867997e-05,LQD,"ARIMA(1,0,1)"
2015-12-02,-0.0007324747818845828,LQD,"ARIMA(1,0,1)"
2015-12-03,0.0001116029169907511,LQD,"ARIMA(1,0,1)"
2015-12-04,0.001600100571965618,LQD,"ARIMA(1,0,1)"
2015-12-07,-0.00022932135267421098,LQD,"ARIMA(1,0,1)"
2015-12-08,-0.00020099599273191413,LQD,"ARIMA(1,0,1)"
2015-12-09,8.772243392442516e-05,LQD,"ARIMA(1,0,1)"
2015-12-10,4.901729516980478e-05,LQD,"ARIMA(1,0,1)"
2015-12-11,0.00025502530065240795,LQD,"ARIMA(1,0,1)"
2015-12-14,-0.00011629067597044367,LQD,"ARIMA(1,0,1)"
2015-12-15,0.0007587504421326245,LQD,"ARIMA(1,0,1)"
2015-12-16,0.00014919393427637376,LQD,"ARIMA(1,0,1)"
2015-12-17,2.7563948718831258e-05,LQD,"ARIMA(1,0,1)"
2015-12-18,-0.00014115905205439822,LQD,"ARIMA(1,0,1)"
2015-12-21,-6.693617774609871e-05,LQD,"ARIMA(1,0,1)"
2015-12-22,-0.00010862549052543567,LQD,"ARIMA(1,0,1)"
2015-12-23,5.70955279414655e-05,LQD,"ARIMA(1,0,1)"
2015-12-24,-8.302236761475123e-05,LQD,"ARIMA(1,0,1)"
2015-12-28,-0.00035374389885736344,LQD,"ARIMA(1,0,1)"
2015-12-29,2.2235217800042758e-05,LQD,"ARIMA(1,0,1)"
2015-12-30,0.0004599476022166426,LQD,"ARIMA(1,0,1)"
2015-12-31,6.202398112878526e-05,LQD,"ARIMA(1,0,1)"
2016-01-04,-0.0002012986778892916,LQD,"ARIMA(1,0,1)"
2016-01-05,-6.378756572138649e-05,LQD,"ARIMA(1,0,1)"
2016-01-06,-0.0001505366007100975,LQD,"ARIMA(1,0,1)"
2016-01-07,-0.0005390581828344872,LQD,"ARIMA(1,0,1)"
2016-01-08,-0.00029588774080630833,LQD,"ARIMA(1,0,1)"
2016-01-11,-0.00022173162041856767,LQD,"ARIMA(1,0,1)"
2016-01-12,0.00020595874322705955,LQD,"ARIMA(1,0,1)"
2016-01-13,-0.00027058112956086257,LQD,"ARIMA(1,0,1)"
2016-01-14,-0.0004665804804068023,LQD,"ARIMA(1,0,1)"
2016-01-15,0.00029933610112024535,LQD,"ARIMA(1,0,1)"
2016-01-19,0.00011175972507262093,LQD,"ARIMA(1,0,1)"
2016-01-20,0.00038177636920640065,LQD,"ARIMA(1,0,1)"
2016-01-21,-0.00014418543325234404,LQD,"ARIMA(1,0,1)"
2016-01-22,0.0001450525763239386,LQD,"ARIMA(1,0,1)"
2016-01-25,-0.0001320441520180028,LQD,"ARIMA(1,0,1)"
2016-01-26,-5.864180212714846e-05,LQD,"ARIMA(1,0,1)"
2016-01-27,-0.00044039998797787915,LQD,"ARIMA(1,0,1)"
2016-01-28,-2.1656311095709737e-05,LQD,"ARIMA(1,0,1)"
2016-01-29,-0.00027850345505451755,LQD,"ARIMA(1,0,1)"
2016-02-01,-0.0007671827090146285,LQD,"ARIMA(1,0,1)"
2016-02-02,-0.00013574687202016984,LQD,"ARIMA(1,0,1)"
2016-02-03,-0.00040256832862850024,LQD,"ARIMA(1,0,1)"
2016-02-04,-2.9836397903062946e-05,LQD,"ARIMA(1,0,1)"
2016-02-05,-0.00017971227174538523,LQD,"ARIMA(1,0,1)"
2016-02-08,-0.0001660919362544818,LQD,"ARIMA(1,0,1)"
2016-02-09,-0.0007896754020244032,LQD,"ARIMA(1,0,1)"
2016-02-10,-9.540332795828009e-05,LQD,"ARIMA(1,0,1)"
2016-02-11,-0.0002808459850160535,LQD,"ARIMA(1,0,1)"
2016-02-12,-0.0006548805086960766,LQD,"ARIMA(1,0,1)"
2016-02-16,0.0003082263290136635,LQD,"ARIMA(1,0,1)"
2016-02-17,0.000689494407295763,LQD,"ARIMA(1,0,1)"
2016-02-18,0.0003658745523980975,LQD,"ARIMA(1,0,1)"
2016-02-19,-0.0008384597285467743,LQD,"ARIMA(1,0,1)"
2016-02-22,-0.0005714988664389991,LQD,"ARIMA(1,0,1)"
2016-02-23,-0.0007087873754484864,LQD,"ARIMA(1,0,1)"
2016-02-24,-0.0007153042075587501,LQD,"ARIMA(1,0,1)"
2016-02-25,-0.0006762217628680713,LQD,"ARIMA(1,0,1)"
2016-02-26,-0.0011709220580503595,LQD,"ARIMA(1,0,1)"
2016-02-29,-0.0006390546884261488,LQD,"ARIMA(1,0,1)"
2016-03-01,-0.0006149931561546288,LQD,"ARIMA(1,0,1)"
2016-03-02,0.00034856207859269893,LQD,"ARIMA(1,0,1)"
2016-03-03,-9.40837967254241e-05,LQD,"ARIMA(1,0,1)"
2016-03-04,-0.0006185476008421641,LQD,"ARIMA(1,0,1)"
2016-03-07,-0.00035744572673783074,LQD,"ARIMA(1,0,1)"
2016-03-08,-0.0002932779989399389,LQD,"ARIMA(1,0,1)"
2016-03-09,-0.0007183952379038139,LQD,"ARIMA(1,0,1)"
2016-03-10,-0.00019875843932607045,LQD,"ARIMA(1,0,1)"
2016-03-11,-0.0006031793576062735,LQD,"ARIMA(1,0,1)"
2016-03-14,-0.0005345997899991744,LQD,"ARIMA(1,0,1)"
2016-03-15,-0.0005079211099177939,LQD,"ARIMA(1,0,1)"
2016-03-16,-0.0001099794501644198,LQD,"ARIMA(1,0,1)"
2016-03-17,-0.0004538359942219387,LQD,"ARIMA(1,0,1)"
2016-03-18,-0.0003936086048045059,LQD,"ARIMA(1,0,1)"
2016-03-21,-0.00027510964761000344,LQD,"ARIMA(1,0,1)"
2016-03-22,3.166018992909276e-05,LQD,"ARIMA(1,0,1)"
2016-03-23,0.00016206348253733122,LQD,"ARIMA(1,0,1)"
2016-03-24,-0.00038373621533084926,LQD,"ARIMA(1,0,1)"
2016-03-28,-3.889018638369224e-05,LQD,"ARIMA(1,0,1)"
2016-03-29,-2.4760141602137473e-05,LQD,"ARIMA(1,0,1)"
2016-03-30,-0.0003706245368885495,LQD,"ARIMA(1,0,1)"
2016-03-31,4.601982535516275e-05,LQD,"ARIMA(1,0,1)"
2016-04-01,-0.0003135031889033276,LQD,"ARIMA(1,0,1)"
2016-04-04,-0.0002947867912085966,LQD,"ARIMA(1,0,1)"
2016-04-05,-2.44303949576255e-05,LQD,"ARIMA(1,0,1)"
2016-04-06,-0.00021976155995460982,LQD,"ARIMA(1,0,1)"
2016-04-07,6.014782135946754e-05,LQD,"ARIMA(1,0,1)"
2016-04-08,-0.0001699181013087177,LQD,"ARIMA(1,0,1)"
2016-04-11,0.00021706631341106714,LQD,"ARIMA(1,0,1)"
2016-04-12,9.08934142947445e-05,LQD,"ARIMA(1,0,1)"
2016-04-13,0.00038964832033153493,LQD,"ARIMA(1,0,1)"
2016-04-14,-0.00018026863297837084,LQD,"ARIMA(1,0,1)"
2016-04-15,4.747733016968467e-05,LQD,"ARIMA(1,0,1)"
2016-04-18,-0.00031804129916116456,LQD,"ARIMA(1,0,1)"
2016-04-19,-0.00012891869618750115,LQD,"ARIMA(1,0,1)"
2016-04-20,-0.00011391298604245639,LQD,"ARIMA(1,0,1)"
2016-04-21,0.00026450743004440924,LQD,"ARIMA(1,0,1)"
2016-04-22,0.00016909647845836845,LQD,"ARIMA(1,0,1)"
2016-04-25,-2.5380035307893576e-07,LQD,"ARIMA(1,0,1)"
2016-04-26,0.00029434875166934774,LQD,"ARIMA(1,0,1)"
2016-04-27,0.000172180681053035,LQD,"ARIMA(1,0,1)"
2016-04-28,-0.0005322123584550766,LQD,"ARIMA(1,0,1)"
2016-04-29,-0.00017418025763276987,LQD,"ARIMA(1,0,1)"
2016-05-02,-0.00010170432500435125,LQD,"ARIMA(1,0,1)"
2016-05-03,0.00021939906131039006,LQD,"ARIMA(1,0,1)"
2016-05-04,2.4182114830172694e-05,LQD,"ARIMA(1,0,1)"
2016-05-05,0.0003619302381552027,LQD,"ARIMA(1,0,1)"
2016-05-06,6.224073960005031e-05,LQD,"ARIMA(1,0,1)"
2016-05-09,0.00040254330930099296,LQD,"ARIMA(1,0,1)"
2016-05-10,0.00040319391268575666,LQD,"ARIMA(1,0,1)"
2016-05-11,0.00011550836349434661,LQD,"ARIMA(1,0,1)"
2016-05-12,6.374388638239468e-05,LQD,"ARIMA(1,0,1)"
2016-05-13,0.0004166509591857141,LQD,"ARIMA(1,0,1)"
2016-05-16,6.0085593997738994e-05,LQD,"ARIMA(1,0,1)"
2016-05-17,0.000577015125909832,LQD,"ARIMA(1,0,1)"
2016-05-18,0.0003699501490351,LQD,"ARIMA(1,0,1)"
2016-05-19,0.0013448962606610994,LQD,"ARIMA(1,0,1)"
2016-05-20,0.0003473312880543359,LQD,"ARIMA(1,0,1)"
2016-05-23,0.00015032628497721004,LQD,"ARIMA(1,0,1)"
2016-05-24,0.00018115564608094643,LQD,"ARIMA(1,0,1)"
2016-05-25,0.00038919629912485094,LQD,"ARIMA(1,0,1)"
2016-05-26,2.825691671100655e-05,LQD,"ARIMA(1,0,1)"
2016-05-27,-0.00026691490111342556,LQD,"ARIMA(1,0,1)"
2016-05-31,8.67874056625564e-05,LQD,"ARIMA(1,0,1)"
2016-06-01,-4.9599208709548095e-05,LQD,"ARIMA(1,0,1)"
2016-06-02,3.296312191753144e-05,LQD,"ARIMA(1,0,1)"
2016-06-03,-8.266922335194458e-05,LQD,"ARIMA(1,0,1)"
2016-06-06,-0.0009717163616032413,LQD,"ARIMA(1,0,1)"
2016-06-07,0.00014592006992362685,LQD,"ARIMA(1,0,1)"
2016-06-08,9.791206034672333e-05,LQD,"ARIMA(1,0,1)"
2016-06-09,-0.0001745608186726257,LQD,"ARIMA(1,0,1)"
2016-06-10,1.2852986683732377e-05,LQD,"ARIMA(1,0,1)"
2016-06-13,6.493606016039511e-05,LQD,"ARIMA(1,0,1)"
2016-06-14,0.0004548459966486252,LQD,"ARIMA(1,0,1)"
2016-06-15,0.0006909900075371828,LQD,"ARIMA(1,0,1)"
2016-06-16,-2.4488680830447168e-05,LQD,"ARIMA(1,0,1)"
2016-06-17,5.0316697943391135e-05,LQD,"ARIMA(1,0,1)"
2016-06-20,0.0006307717462798289,LQD,"ARIMA(1,0,1)"
2016-06-21,0.0005828063664290212,LQD,"ARIMA(1,0,1)"
2016-06-22,0.0005860018519778793,LQD,"ARIMA(1,0,1)"
2016-06-23,0.0002449093490982635,LQD,"ARIMA(1,0,1)"
2016-06-24,0.00042420619881596364,LQD,"ARIMA(1,0,1)"
2016-06-27,-0.00010653771727436336,LQD,"ARIMA(1,0,1)"
2016-06-28,-0.0002237871646082394,LQD,"ARIMA(1,0,1)"
2016-06-29,-0.00040461131294690865,LQD,"ARIMA(1,0,1)"
2016-06-30,4.352150570575682e-05,LQD,"ARIMA(1,0,1)"
2016-07-01,-0.00011526319547504413,LQD,"ARIMA(1,0,1)"
2016-07-05,-0.0002594088293125364,LQD,"ARIMA(1,0,1)"
2016-07-06,-8.139723196545128e-06,LQD,"ARIMA(1,0,1)"
2016-07-07,0.00012650811809801797,LQD,"ARIMA(1,0,1)"
2016-07-08,0.00026081661145287214,LQD,"ARIMA(1,0,1)"
2016-07-11,-0.00019178719146793207,LQD,"ARIMA(1,0,1)"
2016-07-12,0.0006350989303063658,LQD,"ARIMA(1,0,1)"
2016-07-13,0.001158005713899803,LQD,"ARIMA(1,0,1)"
2016-07-14,0.0002072052151635968,LQD,"ARIMA(1,0,1)"
2016-07-15,0.000704724255238422,LQD,"ARIMA(1,0,1)"
2016-07-18,0.0009258783579979854,LQD,"ARIMA(1,0,1)"
2016-07-19,0.0005194282407148306,LQD,"ARIMA(1,0,1)"
2016-07-20,0.0002646594944918976,LQD,"ARIMA(1,0,1)"
2016-07-21,0.0004500774757643761,LQD,"ARIMA(1,0,1)"
2016-07-22,0.00031211891078436124,LQD,"ARIMA(1,0,1)"
2016-07-25,0.00047462117249442477,LQD,"ARIMA(1,0,1)"
2016-07-26,0.0005050600813203276,LQD,"ARIMA(1,0,1)"
2016-07-27,0.0005526740300954834,LQD,"ARIMA(1,0,1)"
2016-07-28,-2.109498981654257e-05,LQD,"ARIMA(1,0,1)"
2016-07-29,0.00048602796708081553,LQD,"ARIMA(1,0,1)"
2016-08-01,2.0033116464551466e-05,LQD,"ARIMA(1,0,1)"
2016-08-02,0.0011382472808933774,LQD,"ARIMA(1,0,1)"
2016-08-03,0.0011602317006006995,LQD,"ARIMA(1,0,1)"
2016-08-04,0.0003178691095950016,LQD,"ARIMA(1,0,1)"
2016-08-05,-6.1003743185638097e-05,LQD,"ARIMA(1,0,1)"
2016-08-08,0.000809896666214051,LQD,"ARIMA(1,0,1)"
2016-08-09,0.0003946776029620908,LQD,"ARIMA(1,0,1)"
2016-08-10,-0.0002539581555291293,LQD,"ARIMA(1,0,1)"
2016-08-11,2.467280266278026e-05,LQD,"ARIMA(1,0,1)"
2016-08-12,0.0007588011078357958,LQD,"ARIMA(1,0,1)"
2016-08-15,-1.1509268127211122e-05,LQD,"ARIMA(1,0,1)"
2016-08-16,0.0007187250173665166,LQD,"ARIMA(1,0,1)"
2016-08-17,0.0006661814114631614,LQD,"ARIMA(1,0,1)"
2016-08-18,0.00017261552287812224,LQD,"ARIMA(1,0,1)"
2016-08-19,0.00014208343276486197,LQD,"ARIMA(1,0,1)"
2016-08-22,0.0007592626184783852,LQD,"ARIMA(1,0,1)"
2016-08-23,6.283860631503405e-05,LQD,"ARIMA(1,0,1)"
2016-08-24,0.00026524431382489444,LQD,"ARIMA(1,0,1)"
2016-08-25,0.0005442041237225465,LQD,"ARIMA(1,0,1)"
2016-08-26,0.0006178509494643459,LQD,"ARIMA(1,0,1)"
2016-08-29,0.0008592504994739314,LQD,"ARIMA(1,0,1)"
2016-08-30,-0.00015448883648552206,LQD,"ARIMA(1,0,1)"
2016-08-31,0.0005410744750220578,LQD,"ARIMA(1,0,1)"
2016-09-01,0.0005227062786160599,LQD,"ARIMA(1,0,1)"
2016-09-02,0.00047347235232368976,LQD,"ARIMA(1,0,1)"
2016-09-06,0.0006470654842277737,LQD,"ARIMA(1,0,1)"
2016-09-07,5.737102280133972e-05,LQD,"ARIMA(1,0,1)"
2016-09-08,0.0005654598312008468,LQD,"ARIMA(1,0,1)"
2016-09-09,0.0012351880705182537,LQD,"ARIMA(1,0,1)"
2016-09-12,0.0010637198108792705,LQD,"ARIMA(1,0,1)"
2016-09-13,0.00037267916519140754,LQD,"ARIMA(1,0,1)"
2016-09-14,0.0006428287121873154,LQD,"ARIMA(1,0,1)"
2016-09-15,0.00029438240051056085,LQD,"ARIMA(1,0,1)"
2016-09-16,0.0003388616007032506,LQD,"ARIMA(1,0,1)"
2016-09-19,0.00025523409104712396,LQD,"ARIMA(1,0,1)"
2016-09-20,0.0003728251325664209,LQD,"ARIMA(1,0,1)"
2016-09-21,0.0002507961670194614,LQD,"ARIMA(1,0,1)"
2016-09-22,-2.0842733734409305e-05,LQD,"ARIMA(1,0,1)"
2016-09-23,0.0001821517570532542,LQD,"ARIMA(1,0,1)"
2016-09-26,0.0004809813630894476,LQD,"ARIMA(1,0,1)"
2016-09-27,0.0002577642277244129,LQD,"ARIMA(1,0,1)"
2016-09-28,0.00026634527434503565,LQD,"ARIMA(1,0,1)"
2016-09-29,0.00038779953216303616,LQD,"ARIMA(1,0,1)"
2016-09-30,0.00042154277585798583,LQD,"ARIMA(1,0,1)"
2016-10-03,0.00048234206286761977,LQD,"ARIMA(1,0,1)"
2016-10-04,0.00048399252724835845,LQD,"ARIMA(1,0,1)"
2016-10-05,0.0005200961104795252,LQD,"ARIMA(1,0,1)"
2016-10-06,0.0002776875160464854,LQD,"ARIMA(1,0,1)"
2016-10-07,0.00033850495550994666,LQD,"ARIMA(1,0,1)"
2016-10-10,0.00022903382749341771,LQD,"ARIMA(1,0,1)"
2016-10-11,0.0003894012134601221,LQD,"ARIMA(1,0,1)"
2016-10-12,0.00039839489325868956,LQD,"ARIMA(1,0,1)"
2016-10-13,0.00020425265320633004,LQD,"ARIMA(1,0,1)"
2016-10-14,0.00027179333371319054,LQD,"ARIMA(1,0,1)"
2016-10-17,0.0005337053247255119,LQD,"ARIMA(1,0,1)"
2016-10-18,3.503503967482353e-05,LQD,"ARIMA(1,0,1)"
2016-10-19,0.0003848195235053745,LQD,"ARIMA(1,0,1)"
2016-10-20,0.00024336921679815002,LQD,"ARIMA(1,0,1)"
2016-10-21,0.00035863425104733915,LQD,"ARIMA(1,0,1)"
2016-10-24,0.00023850860397640265,LQD,"ARIMA(1,0,1)"
2016-10-25,0.00045331116190791646,LQD,"ARIMA(1,0,1)"
2016-10-26,0.00022157209706346681,LQD,"ARIMA(1,0,1)"
2016-10-27,0.0004858097080024516,LQD,"ARIMA(1,0,1)"
2016-10-28,0.0003423776065996421,LQD,"ARIMA(1,0,1)"
2016-10-31,0.0004529311425430153,LQD,"ARIMA(1,0,1)"
2016-11-01,0.00017804728257227485,LQD,"ARIMA(1,0,1)"
2016-11-02,0.00045992362125736906,LQD,"ARIMA(1,0,1)"
2016-11-03,0.00017029823884923904,LQD,"ARIMA(1,0,1)"
2016-11-04,0.00048612369983854,LQD,"ARIMA(1,0,1)"
2016-11-07,0.00010716038721795559,LQD,"ARIMA(1,0,1)"
2016-11-08,0.00047963458972711225,LQD,"ARIMA(1,0,1)"
2016-11-09,0.00033183954429957325,LQD,"ARIMA(1,0,1)"
2016-11-10,0.0006955997613082051,LQD,"ARIMA(1,0,1)"
2016-11-11,0.00025619397442306935,LQD,"ARIMA(1,0,1)"
2016-11-14,0.0002401841977856041,LQD,"ARIMA(1,0,1)"
2016-11-15,0.00020808447628249297,LQD,"ARIMA(1,0,1)"
2016-11-16,0.00021996893236875373,LQD,"ARIMA(1,0,1)"
2016-11-17,0.0002215533359215104,LQD,"ARIMA(1,0,1)"
2016-11-18,0.00019483974189118475,LQD,"ARIMA(1,0,1)"
2016-11-21,0.000160764532867057,LQD,"ARIMA(1,0,1)"
2016-11-22,0.00016553715996086977,LQD,"ARIMA(1,0,1)"
2016-11-23,0.00017429702777061265,LQD,"ARIMA(1,0,1)"
2016-11-25,0.00015682118445219196,LQD,"ARIMA(1,0,1)"
2016-11-28,0.00015337478536211007,LQD,"ARIMA(1,0,1)"
2016-11-29,0.00016908562402730818,LQD,"ARIMA(1,0,1)"
2016-11-30,0.00017278305114954437,LQD,"ARIMA(1,0,1)"
2016-12-01,0.00012910403733837946,LQD,"ARIMA(1,0,1)"
2016-12-02,0.00017917581671683143,LQD,"ARIMA(1,0,1)"
2016-12-05,0.00019071922409437573,LQD,"ARIMA(1,0,1)"
2016-12-06,0.00017609835875833602,LQD,"ARIMA(1,0,1)"
2016-12-07,0.0001688796726877963,LQD,"ARIMA(1,0,1)"
2016-12-08,0.00018939425880061937,LQD,"ARIMA(1,0,1)"
2016-12-09,0.0001741403228216937,LQD,"ARIMA(1,0,1)"
2016-12-12,0.00016781249181405762,LQD,"ARIMA(1,0,1)"
2016-12-13,0.00015770678339419844,LQD,"ARIMA(1,0,1)"
2016-12-14,0.00019698338672812573,LQD,"ARIMA(1,0,1)"
2016-12-15,0.00017151806071921422,LQD,"ARIMA(1,0,1)"
2016-12-16,0.00017508121109276217,LQD,"ARIMA(1,0,1)"
2016-12-19,0.00016725327694517298,LQD,"ARIMA(1,0,1)"
2016-12-20,0.0001847095901848431,LQD,"ARIMA(1,0,1)"
2016-12-21,0.00018101301842494616,LQD,"ARIMA(1,0,1)"
2016-12-22,0.00020119848743272475,LQD,"ARIMA(1,0,1)"
2016-12-23,0.00019800311104865834,LQD,"ARIMA(1,0,1)"
2016-12-27,0.0002189817925416229,LQD,"ARIMA(1,0,1)"
2016-12-28,0.00016018215480869305,LQD,"ARIMA(1,0,1)"
2016-12-29,0.0002203101773375918,LQD,"ARIMA(1,0,1)"
2016-12-30,0.00031974431971194383,LQD,"ARIMA(1,0,1)"
2017-01-03,0.0002366845209982498,LQD,"ARIMA(1,0,1)"
2017-01-04,0.00024216401892567654,LQD,"ARIMA(1,0,1)"
2017-01-05,0.0002535402591961589,LQD,"ARIMA(1,0,1)"
2017-01-06,0.0002591533882295294,LQD,"ARIMA(1,0,1)"
2017-01-09,0.00021943087107837567,LQD,"ARIMA(1,0,1)"
2017-01-10,0.00023870104688751147,LQD,"ARIMA(1,0,1)"
2017-01-11,0.00024940962925271577,LQD,"ARIMA(1,0,1)"
2017-01-12,0.0002464315635536741,LQD,"ARIMA(1,0,1)"
2017-01-13,0.00023404300401605484,LQD,"ARIMA(1,0,1)"
2017-01-17,0.00024872253148361666,LQD,"ARIMA(1,0,1)"
2017-01-18,0.00027114528887765946,LQD,"ARIMA(1,0,1)"
2017-01-19,0.00025946518717111293,LQD,"ARIMA(1,0,1)"
2017-01-20,0.00024162674931896524,LQD,"ARIMA(1,0,1)"
2017-01-23,0.0002619894930481997,LQD,"ARIMA(1,0,1)"
2017-01-24,0.00027723997278982697,LQD,"ARIMA(1,0,1)"
2017-01-25,0.00026778014578109164,LQD,"ARIMA(1,0,1)"
2017-01-26,0.00024144726816386028,LQD,"ARIMA(1,0,1)"
2017-01-27,0.000256848368030791,LQD,"ARIMA(1,0,1)"
2017-01-30,0.0002572115990792679,LQD,"ARIMA(1,0,1)"
2017-01-31,0.00023265598584269634,LQD,"ARIMA(1,0,1)"
2017-02-01,0.0002510927470100533,LQD,"ARIMA(1,0,1)"
2017-02-02,0.000237120428458152,LQD,"ARIMA(1,0,1)"
2017-02-03,0.0002482480527114894,LQD,"ARIMA(1,0,1)"
2017-02-06,0.00025088204882511904,LQD,"ARIMA(1,0,1)"
2017-02-07,0.0002640663531795709,LQD,"ARIMA(1,0,1)"
2017-02-08,0.00024965679479806217,LQD,"ARIMA(1,0,1)"
2017-02-09,0.00027669616777474044,LQD,"ARIMA(1,0,1)"
2017-02-10,0.0002559548036718811,LQD,"ARIMA(1,0,1)"
2017-02-13,0.00024283221453431903,LQD,"ARIMA(1,0,1)"
2017-02-14,0.00026304590033491323,LQD,"ARIMA(1,0,1)"
2017-02-15,0.00020224353688654174,LQD,"ARIMA(1,0,1)"
2017-02-16,0.00025118462557279154,LQD,"ARIMA(1,0,1)"
2017-02-17,0.0002501274971971833,LQD,"ARIMA(1,0,1)"
2017-02-21,0.00026547957639459134,LQD,"ARIMA(1,0,1)"
2017-02-22,0.00025883893417848994,LQD,"ARIMA(1,0,1)"
2017-02-23,0.0002538716365105419,LQD,"ARIMA(1,0,1)"
2017-02-24,0.0002572738986966028,LQD,"ARIMA(1,0,1)"
2017-02-27,0.0002583929331110677,LQD,"ARIMA(1,0,1)"
2017-02-28,0.0002475143784481904,LQD,"ARIMA(1,0,1)"
2017-03-01,0.0002475014960927748,LQD,"ARIMA(1,0,1)"
2017-03-02,7.52380939137767e-05,LQD,"ARIMA(1,0,1)"
2017-03-03,0.00013910311389700412,LQD,"ARIMA(1,0,1)"
2017-03-06,0.00024460336348947585,LQD,"ARIMA(1,0,1)"
2017-03-07,0.00015031134244828932,LQD,"ARIMA(1,0,1)"
2017-03-08,1.248764371376143e-05,LQD,"ARIMA(1,0,1)"
2017-03-09,9.707828427954455e-05,LQD,"ARIMA(1,0,1)"
2017-03-10,-0.00016341914614400574,LQD,"ARIMA(1,0,1)"
2017-03-13,0.00026012683113073857,LQD,"ARIMA(1,0,1)"
2017-03-14,-5.365780044610395e-05,LQD,"ARIMA(1,0,1)"
2017-03-15,9.848253064392672e-05,LQD,"ARIMA(1,0,1)"
2017-03-16,0.00013500779606877452,LQD,"ARIMA(1,0,1)"
2017-03-17,0.00010783824937859219,LQD,"ARIMA(1,0,1)"
2017-03-20,0.000231184040669312,LQD,"ARIMA(1,0,1)"
2017-03-21,7.754456371880955e-05,LQD,"ARIMA(1,0,1)"
2017-03-22,0.0002045926959613535,LQD,"ARIMA(1,0,1)"
2017-03-23,0.00024833197450417686,LQD,"ARIMA(1,0,1)"
2017-03-24,9.652353417583589e-05,LQD,"ARIMA(1,0,1)"
2017-03-27,0.00015506646536012845,LQD,"ARIMA(1,0,1)"
2017-03-28,0.00020509619164299581,LQD,"ARIMA(1,0,1)"
2017-03-29,8.222177575773303e-06,LQD,"ARIMA(1,0,1)"
2017-03-30,0.00022303055861040363,LQD,"ARIMA(1,0,1)"
2017-03-31,3.065521071426033e-05,LQD,"ARIMA(1,0,1)"
2017-04-03,0.0001272551749739644,LQD,"ARIMA(1,0,1)"
2017-04-04,9.853578862061471e-05,LQD,"ARIMA(1,0,1)"
2017-04-05,7.707816316055939e-05,LQD,"ARIMA(1,0,1)"
2017-04-06,8.645221609425847e-05,LQD,"ARIMA(1,0,1)"
2017-04-07,8.070641868438348e-05,LQD,"ARIMA(1,0,1)"
2017-04-10,7.992388566265266e-05,LQD,"ARIMA(1,0,1)"
2017-04-11,8.484730496571233e-05,LQD,"ARIMA(1,0,1)"
2017-04-12,0.00011732559545007063,LQD,"ARIMA(1,0,1)"
2017-04-13,0.00012114653221451288,LQD,"ARIMA(1,0,1)"
2017-04-17,0.00012954400005282696,LQD,"ARIMA(1,0,1)"
2017-04-18,0.00010518570952399441,LQD,"ARIMA(1,0,1)"
2017-04-19,0.0001229303236061799,LQD,"ARIMA(1,0,1)"
2017-04-20,0.00010461886870656345,LQD,"ARIMA(1,0,1)"
2017-04-21,0.00010881320811575196,LQD,"ARIMA(1,0,1)"
2017-04-24,0.00011006343716900936,LQD,"ARIMA(1,0,1)"
2017-04-25,0.0001004171506177324,LQD,"ARIMA(1,0,1)"
2017-04-26,9.280108429027537e-05,LQD,"ARIMA(1,0,1)"
2017-04-27,0.00010515156466160664,LQD,"ARIMA(1,0,1)"
2017-04-28,8.280184174678883e-05,LQD,"ARIMA(1,0,1)"
2017-05-01,8.384051704256181e-05,LQD,"ARIMA(1,0,1)"
2017-05-02,6.881814933589401e-05,LQD,"ARIMA(1,0,1)"
2017-05-03,8.726944100396648e-05,LQD,"ARIMA(1,0,1)"
2017-05-04,7.76692452638202e-05,LQD,"ARIMA(1,0,1)"
2017-05-05,7.714130194502759e-05,LQD,"ARIMA(1,0,1)"
2017-05-08,6.998119750617872e-05,LQD,"ARIMA(1,0,1)"
2017-05-09,7.053606999805822e-05,LQD,"ARIMA(1,0,1)"
2017-05-10,7.523379606756345e-05,LQD,"ARIMA(1,0,1)"
2017-05-11,7.62103852734074e-05,LQD,"ARIMA(1,0,1)"
2017-05-12,7.39216227162284e-05,LQD,"ARIMA(1,0,1)"
2017-05-15,9.943758949117514e-05,LQD,"ARIMA(1,0,1)"
2017-05-16,9.187811049345986e-05,LQD,"ARIMA(1,0,1)"
2017-05-17,0.00011077436755060246,LQD,"ARIMA(1,0,1)"
2017-05-18,0.0001362796378363724,LQD,"ARIMA(1,0,1)"
2017-05-19,0.00017243442036152416,LQD,"ARIMA(1,0,1)"
2017-05-22,0.00016508087912707744,LQD,"ARIMA(1,0,1)"
2017-05-23,0.00015940978005519105,LQD,"ARIMA(1,0,1)"
2017-05-24,0.00014714299634792166,LQD,"ARIMA(1,0,1)"
2017-05-25,0.00016012719427993782,LQD,"ARIMA(1,0,1)"
2017-05-26,0.00015477202157947778,LQD,"ARIMA(1,0,1)"
2017-05-30,0.00014596376990455367,LQD,"ARIMA(1,0,1)"
2017-05-31,0.0001555724148430334,LQD,"ARIMA(1,0,1)"
2017-06-01,0.000153348403532937,LQD,"ARIMA(1,0,1)"
2017-06-02,0.0001515705288288718,LQD,"ARIMA(1,0,1)"
2017-06-05,0.0001619821707211506,LQD,"ARIMA(1,0,1)"
2017-06-06,0.00011800460566265302,LQD,"ARIMA(1,0,1)"
2017-06-07,0.0001425620846736095,LQD,"ARIMA(1,0,1)"
2017-06-08,0.00013179692908082608,LQD,"ARIMA(1,0,1)"
2017-06-09,0.00011157340206727225,LQD,"ARIMA(1,0,1)"
2017-06-12,0.00010244580095966505,LQD,"ARIMA(1,0,1)"
2017-06-13,9.884134340571517e-05,LQD,"ARIMA(1,0,1)"
2017-06-14,0.00010759700590179475,LQD,"ARIMA(1,0,1)"
2017-06-15,0.00014490440368272,LQD,"ARIMA(1,0,1)"
2017-06-16,0.0001181114162953339,LQD,"ARIMA(1,0,1)"
2017-06-19,0.00011615735536439682,LQD,"ARIMA(1,0,1)"
2017-06-20,0.00012266643484927557,LQD,"ARIMA(1,0,1)"
2017-06-21,0.00013763996975211382,LQD,"ARIMA(1,0,1)"
2017-06-22,0.00013981273700180925,LQD,"ARIMA(1,0,1)"
2017-06-23,0.0001364999033004196,LQD,"ARIMA(1,0,1)"
2017-06-26,0.00014240984668110527,LQD,"ARIMA(1,0,1)"
2017-06-27,0.00013153171330652398,LQD,"ARIMA(1,0,1)"
2017-06-28,9.696917763434515e-05,LQD,"ARIMA(1,0,1)"
2017-06-29,7.991628593507295e-05,LQD,"ARIMA(1,0,1)"
2017-06-30,6.781044152307945e-05,LQD,"ARIMA(1,0,1)"
2017-07-03,5.1359352269132946e-05,LQD,"ARIMA(1,0,1)"
2017-07-05,2.2094355682528456e-05,LQD,"ARIMA(1,0,1)"
2017-07-06,1.5378407487017108e-05,LQD,"ARIMA(1,0,1)"
2017-07-07,-2.285897161448251e-06,LQD,"ARIMA(1,0,1)"
2017-07-10,-5.913668859941412e-06,LQD,"ARIMA(1,0,1)"
2017-07-11,-2.235702111312183e-05,LQD,"ARIMA(1,0,1)"
2017-07-12,-9.25249881268279e-06,LQD,"ARIMA(1,0,1)"
2017-07-13,3.0231934069659062e-05,LQD,"ARIMA(1,0,1)"
2017-07-14,1.0938646959857e-05,LQD,"ARIMA(1,0,1)"
2017-07-17,2.748304027614565e-05,LQD,"ARIMA(1,0,1)"
2017-07-18,4.472530423851344e-05,LQD,"ARIMA(1,0,1)"
2017-07-19,6.179009728069788e-05,LQD,"ARIMA(1,0,1)"
2017-07-20,5.27755816753238e-05,LQD,"ARIMA(1,0,1)"
2017-07-21,5.8279094002169075e-05,LQD,"ARIMA(1,0,1)"
2017-07-24,6.453611747324864e-05,LQD,"ARIMA(1,0,1)"
2017-07-25,6.221513809083732e-05,LQD,"ARIMA(1,0,1)"
2017-07-26,3.9488367847888765e-05,LQD,"ARIMA(1,0,1)"
2017-07-27,5.6265439081783543e-05,LQD,"ARIMA(1,0,1)"
2017-07-28,3.066858939689549e-05,LQD,"ARIMA(1,0,1)"
2017-07-31,4.5288144568731075e-05,LQD,"ARIMA(1,0,1)"
2017-08-01,-7.516865860375668e-06,LQD,"ARIMA(1,0,1)"
2017-08-02,6.670040463949771e-05,LQD,"ARIMA(1,0,1)"
2017-08-03,8.662955673406251e-05,LQD,"ARIMA(1,0,1)"
2017-08-04,8.321312850252964e-05,LQD,"ARIMA(1,0,1)"
2017-08-07,5.1529570278028855e-05,LQD,"ARIMA(1,0,1)"
2017-08-08,6.901739424119295e-05,LQD,"ARIMA(1,0,1)"
2017-08-09,5.553980628948189e-05,LQD,"ARIMA(1,0,1)"
2017-08-10,8.211370521218789e-05,LQD,"ARIMA(1,0,1)"
2017-08-11,1.5195946197815225e-05,LQD,"ARIMA(1,0,1)"
2017-08-14,3.443316610173684e-05,LQD,"ARIMA(1,0,1)"
2017-08-15,3.38078135748601e-05,LQD,"ARIMA(1,0,1)"
2017-08-16,-0.0001051721368521228,LQD,"ARIMA(1,0,1)"
2017-08-17,3.77837286362872e-05,LQD,"ARIMA(1,0,1)"
2017-08-18,2.8166768478976263e-05,LQD,"ARIMA(1,0,1)"
2017-08-21,5.556227830481951e-05,LQD,"ARIMA(1,0,1)"
2017-08-22,2.6391408516707853e-05,LQD,"ARIMA(1,0,1)"
2017-08-23,1.6787694000340326e-05,LQD,"ARIMA(1,0,1)"
2017-08-24,-1.8337987016653614e-05,LQD,"ARIMA(1,0,1)"
2017-08-25,1.992239350302521e-05,LQD,"ARIMA(1,0,1)"
2017-08-28,2.070948177821349e-05,LQD,"ARIMA(1,0,1)"
2017-08-29,3.7766426906178936e-05,LQD,"ARIMA(1,0,1)"
2017-08-30,1.5630567515859493e-05,LQD,"ARIMA(1,0,1)"
2017-08-31,2.422326110446591e-05,LQD,"ARIMA(1,0,1)"
2017-09-01,3.914259625932329e-05,LQD,"ARIMA(1,0,1)"
2017-09-05,3.700333326454257e-05,LQD,"ARIMA(1,0,1)"
2017-09-06,-2.107392598739014e-05,LQD,"ARIMA(1,0,1)"
2017-09-07,0.0001197955784058364,LQD,"ARIMA(1,0,1)"
2017-09-08,-0.00016128827947526833,LQD,"ARIMA(1,0,1)"
2017-09-11,0.00029122102642337616,LQD,"ARIMA(1,0,1)"
2017-09-12,0.00026216912411019405,LQD,"ARIMA(1,0,1)"
2017-09-13,0.0001410964396454757,LQD,"ARIMA(1,0,1)"
2017-09-14,0.00015721513112349972,LQD,"ARIMA(1,0,1)"
2017-09-15,-3.629229586936236e-05,LQD,"ARIMA(1,0,1)"
2017-09-18,7.609920675193028e-05,LQD,"ARIMA(1,0,1)"
2017-09-19,0.0001627798003872005,LQD,"ARIMA(1,0,1)"
2017-09-20,5.970234434599215e-05,LQD,"ARIMA(1,0,1)"
2017-09-21,0.00018716543273633587,LQD,"ARIMA(1,0,1)"
2017-09-22,6.090343132100653e-05,LQD,"ARIMA(1,0,1)"
2017-09-25,-2.4409685301974235e-05,LQD,"ARIMA(1,0,1)"
2017-09-26,-0.0001508436202849027,LQD,"ARIMA(1,0,1)"
2017-09-27,0.00013336370486906638,LQD,"ARIMA(1,0,1)"
2017-09-28,0.00029119097635593196,LQD,"ARIMA(1,0,1)"
2017-09-29,-0.00010471973534997728,LQD,"ARIMA(1,0,1)"
2017-10-02,2.2197822546414727e-05,LQD,"ARIMA(1,0,1)"
2017-10-03,3.311821601804734e-06,LQD,"ARIMA(1,0,1)"
2017-10-04,-6.761321820745908e-05,LQD,"ARIMA(1,0,1)"
2017-10-05,0.00018961737361577964,LQD,"ARIMA(1,0,1)"
2017-10-06,0.00019880793043817741,LQD,"ARIMA(1,0,1)"
2017-10-09,0.00014467222326837947,LQD,"ARIMA(1,0,1)"
2017-10-10,2.139992122183138e-05,LQD,"ARIMA(1,0,1)"
2017-10-11,6.930751551333152e-05,LQD,"ARIMA(1,0,1)"
2017-10-12,0.0001559842204263126,LQD,"ARIMA(1,0,1)"
2017-10-13,7.972004044695666e-05,LQD,"ARIMA(1,0,1)"
2017-10-16,-0.00015586765775252873,LQD,"ARIMA(1,0,1)"
2017-10-17,0.00030277197414875143,LQD,"ARIMA(1,0,1)"
2017-10-18,7.05990296152906e-05,LQD,"ARIMA(1,0,1)"
2017-10-19,0.00021246266427848618,LQD,"ARIMA(1,0,1)"
2017-10-20,-5.149313184305208e-05,LQD,"ARIMA(1,0,1)"
2017-10-23,0.00033859016056047626,LQD,"ARIMA(1,0,1)"
2017-10-24,-5.620107744037997e-05,LQD,"ARIMA(1,0,1)"
2017-10-25,0.0003720771960632908,LQD,"ARIMA(1,0,1)"
2017-10-26,0.00023620636964124045,LQD,"ARIMA(1,0,1)"
2017-10-27,5.957379614054416e-05,LQD,"ARIMA(1,0,1)"
2017-10-30,-0.00012196963124978896,LQD,"ARIMA(1,0,1)"
2017-10-31,-4.341231315284984e-05,LQD,"ARIMA(1,0,1)"
2017-11-01,0.00032359191858963364,LQD,"ARIMA(1,0,1)"
2017-11-02,-4.235455585707205e-05,LQD,"ARIMA(1,0,1)"
2017-11-03,0.0002202680711021149,LQD,"ARIMA(1,0,1)"
2017-11-06,2.457309471499912e-05,LQD,"ARIMA(1,0,1)"
2017-11-07,0.0001455222200193025,LQD,"ARIMA(1,0,1)"
2017-11-08,0.0002489794191949651,LQD,"ARIMA(1,0,1)"
2017-11-09,0.000327826752489932,LQD,"ARIMA(1,0,1)"
2017-11-10,0.000556324062645586,LQD,"ARIMA(1,0,1)"
2017-11-13,0.0008109234476857177,LQD,"ARIMA(1,0,1)"
2017-11-14,2.537960579782102e-05,LQD,"ARIMA(1,0,1)"
2017-11-15,0.00027672068989555447,LQD,"ARIMA(1,0,1)"
2017-11-16,-0.0003812517438583056,LQD,"ARIMA(1,0,1)"
2017-11-17,0.0005811673428286696,LQD,"ARIMA(1,0,1)"
2017-11-20,-5.918342589277082e-05,LQD,"ARIMA(1,0,1)"
2017-11-21,0.00040516452432502476,LQD,"ARIMA(1,0,1)"
2017-11-22,-0.0002229505177267763,LQD,"ARIMA(1,0,1)"
2017-11-24,6.50797802923294e-05,LQD,"ARIMA(1,0,1)"
2017-11-27,0.0005857339940569959,LQD,"ARIMA(1,0,1)"
2017-11-28,0.0002375739421626801,LQD,"ARIMA(1,0,1)"
2017-11-29,0.00010820444200687385,LQD,"ARIMA(1,0,1)"
2017-11-30,0.0008634685006428562,LQD,"ARIMA(1,0,1)"
2017-12-01,0.0001441273307854076,LQD,"ARIMA(1,0,1)"
2017-12-04,-6.48163171732121e-05,LQD,"ARIMA(1,0,1)"
2017-12-05,0.0002562365641081846,LQD,"ARIMA(1,0,1)"
2017-12-06,8.233561773821453e-05,LQD,"ARIMA(1,0,1)"
2017-12-07,0.00017147085651323112,LQD,"ARIMA(1,0,1)"
2017-12-08,0.0006282626847222436,LQD,"ARIMA(1,0,1)"
2017-12-11,0.00030559561136056675,LQD,"ARIMA(1,0,1)"
2017-12-12,0.00021579926527303533,LQD,"ARIMA(1,0,1)"
2017-12-13,0.0004557508348799025,LQD,"ARIMA(1,0,1)"
2017-12-14,-0.00020921126060607952,LQD,"ARIMA(1,0,1)"
2017-12-15,0.0003484771413801916,LQD,"ARIMA(1,0,1)"
2017-12-18,0.00018416064547150768,LQD,"ARIMA(1,0,1)"
2017-12-19,0.0007987527058215596,LQD,"ARIMA(1,0,1)"
2017-12-20,0.0006758076878166837,LQD,"ARIMA(1,0,1)"
2017-12-21,0.0003916533833550688,LQD,"ARIMA(1,0,1)"
2017-12-22,-5.3531600247708633e-05,LQD,"ARIMA(1,0,1)"
2017-12-26,0.00039197317617720135,LQD,"ARIMA(1,0,1)"
2017-12-27,7.242042740147111e-05,LQD,"ARIMA(1,0,1)"
2017-12-28,-0.00017922101969543552,LQD,"ARIMA(1,0,1)"
2017-12-29,0.0006414214645958127,LQD,"ARIMA(1,0,1)"
2018-01-02,-3.65557502278137e-05,LQD,"ARIMA(1,0,1)"
2018-01-03,0.001340351250272682,LQD,"ARIMA(1,0,1)"
2018-01-04,-0.0005496074681016199,LQD,"ARIMA(1,0,1)"
2018-01-05,0.0007923607760719096,LQD,"ARIMA(1,0,1)"
2018-01-08,-7.890673852994473e-05,LQD,"ARIMA(1,0,1)"
2018-01-09,0.0004291872302422358,LQD,"ARIMA(1,0,1)"
2018-01-10,0.0004919760255724052,LQD,"ARIMA(1,0,1)"
2018-01-11,-1.003325618417983e-05,LQD,"ARIMA(1,0,1)"
2018-01-12,0.00012417751629137364,LQD,"ARIMA(1,0,1)"
2018-01-16,0.0002677659574859951,LQD,"ARIMA(1,0,1)"
2018-01-17,2.951510549859565e-05,LQD,"ARIMA(1,0,1)"
2018-01-18,0.0006088246821760502,LQD,"ARIMA(1,0,1)"
2018-01-19,0.00033320341925892674,LQD,"ARIMA(1,0,1)"
2018-01-22,0.00039986286317410605,LQD,"ARIMA(1,0,1)"
2018-01-23,0.0001479556902511688,LQD,"ARIMA(1,0,1)"
2018-01-24,-8.66275074800807e-05,LQD,"ARIMA(1,0,1)"
2018-01-25,0.0005111520138401899,LQD,"ARIMA(1,0,1)"
2018-01-26,-0.00038286269775347293,LQD,"ARIMA(1,0,1)"
2018-01-29,0.0008313931179854369,LQD,"ARIMA(1,0,1)"
2018-01-30,7.192107718727867e-06,LQD,"ARIMA(1,0,1)"
2018-01-31,0.0006850692006713912,LQD,"ARIMA(1,0,1)"
2018-02-01,-0.0003593363040150106,LQD,"ARIMA(1,0,1)"
2018-02-02,0.0009825920470571087,LQD,"ARIMA(1,0,1)"
2018-02-05,0.00013333912497491662,LQD,"ARIMA(1,0,1)"
2018-02-06,0.00017957216842587253,LQD,"ARIMA(1,0,1)"
2018-02-07,0.0003282550637104745,LQD,"ARIMA(1,0,1)"
2018-02-08,0.00023027851070242931,LQD,"ARIMA(1,0,1)"
2018-02-09,0.0003439589800021841,LQD,"ARIMA(1,0,1)"
2018-02-12,0.00018393150836430272,LQD,"ARIMA(1,0,1)"
2018-02-13,7.786912674054812e-05,LQD,"ARIMA(1,0,1)"
2018-02-14,0.00015481631123612309,LQD,"ARIMA(1,0,1)"
2018-02-15,0.0003093824323570995,LQD,"ARIMA(1,0,1)"
2018-02-16,-0.00029807225058678204,LQD,"ARIMA(1,0,1)"
2018-02-20,0.0001472134312574313,LQD,"ARIMA(1,0,1)"
2018-02-21,0.0003933646633364599,LQD,"ARIMA(1,0,1)"
2018-02-22,0.0002861123338224041,LQD,"ARIMA(1,0,1)"
2018-02-23,-0.00011958116407524679,LQD,"ARIMA(1,0,1)"
2018-02-26,6.127585190918554e-06,LQD,"ARIMA(1,0,1)"
2018-02-27,9.049879008720238e-05,LQD,"ARIMA(1,0,1)"
2018-02-28,0.00034944597486943077,LQD,"ARIMA(1,0,1)"
2018-03-01,-0.00025987711844835474,LQD,"ARIMA(1,0,1)"
2018-03-02,0.0004122574835968794,LQD,"ARIMA(1,0,1)"
2018-03-05,5.453323399177478e-05,LQD,"ARIMA(1,0,1)"
2018-03-06,9.673620260068866e-05,LQD,"ARIMA(1,0,1)"
2018-03-07,2.5810321559876977e-05,LQD,"ARIMA(1,0,1)"
2018-03-08,0.000186345841120076,LQD,"ARIMA(1,0,1)"
2018-03-09,-6.509422591936196e-05,LQD,"ARIMA(1,0,1)"
2018-03-12,0.000580858831944103,LQD,"ARIMA(1,0,1)"
2018-03-13,-0.0005197134985844298,LQD,"ARIMA(1,0,1)"
2018-03-14,0.00052023913269901,LQD,"ARIMA(1,0,1)"
2018-03-15,-0.0003055649810441356,LQD,"ARIMA(1,0,1)"
2018-03-16,0.0004664656590764772,LQD,"ARIMA(1,0,1)"
2018-03-19,-0.00037560171526961246,LQD,"ARIMA(1,0,1)"
2018-03-20,0.0008405903201318093,LQD,"ARIMA(1,0,1)"
2018-03-21,-0.00040140540783425104,LQD,"ARIMA(1,0,1)"
2018-03-22,0.0003108777650174822,LQD,"ARIMA(1,0,1)"
2018-03-23,-0.0003087462756330292,LQD,"ARIMA(1,0,1)"
2018-03-26,0.0008327656226246751,LQD,"ARIMA(1,0,1)"
2018-03-27,-0.0008121024806221434,LQD,"ARIMA(1,0,1)"
2018-03-28,0.0005728888330933461,LQD,"ARIMA(1,0,1)"
2018-03-29,9.328066866214844e-05,LQD,"ARIMA(1,0,1)"
2018-04-02,9.838351206721186e-05,LQD,"ARIMA(1,0,1)"
2018-04-03,0.0001063708493765815,LQD,"ARIMA(1,0,1)"
2018-04-04,9.18290030135911e-05,LQD,"ARIMA(1,0,1)"
2018-04-05,7.345046132249782e-05,LQD,"ARIMA(1,0,1)"
2018-04-06,8.59648963521685e-05,LQD,"ARIMA(1,0,1)"
2018-04-09,9.303114209580329e-05,LQD,"ARIMA(1,0,1)"
2018-04-10,9.151085503682639e-05,LQD,"ARIMA(1,0,1)"
2018-04-11,0.00010223715358641636,LQD,"ARIMA(1,0,1)"
2018-04-12,9.752358112357154e-05,LQD,"ARIMA(1,0,1)"
2018-04-13,6.830462264058147e-05,LQD,"ARIMA(1,0,1)"
2018-04-16,5.663632668666981e-05,LQD,"ARIMA(1,0,1)"
2018-04-17,5.029466956240235e-05,LQD,"ARIMA(1,0,1)"
2018-04-18,5.831471567628006e-05,LQD,"ARIMA(1,0,1)"
2018-04-19,1.4754100321092023e-05,LQD,"ARIMA(1,0,1)"
2018-04-20,1.1107060837413819e-05,LQD,"ARIMA(1,0,1)"
2018-04-23,8.241217812983913e-07,LQD,"ARIMA(1,0,1)"
2018-04-24,-8.807817529660399e-07,LQD,"ARIMA(1,0,1)"
2018-04-25,-7.5669556699407476e-06,LQD,"ARIMA(1,0,1)"
2018-04-26,-4.251888364369371e-06,LQD,"ARIMA(1,0,1)"
2018-04-27,-2.795435807190034e-06,LQD,"ARIMA(1,0,1)"
2018-04-30,2.3085293242098487e-06,LQD,"ARIMA(1,0,1)"
2018-05-01,-5.627502948752007e-06,LQD,"ARIMA(1,0,1)"
2018-05-02,-3.323054440030568e-06,LQD,"ARIMA(1,0,1)"
2018-05-03,-1.8169054191972465e-05,LQD,"ARIMA(1,0,1)"
2018-05-04,-1.5504209031926533e-05,LQD,"ARIMA(1,0,1)"
2018-05-07,-2.4041998345833933e-06,LQD,"ARIMA(1,0,1)"
2018-05-08,-8.26150193365881e-06,LQD,"ARIMA(1,0,1)"
2018-05-09,-2.437294084952028e-06,LQD,"ARIMA(1,0,1)"
2018-05-10,-3.789233629134899e-06,LQD,"ARIMA(1,0,1)"
2018-05-11,1.0951664163092991e-05,LQD,"ARIMA(1,0,1)"
2018-05-14,1.5166710904979575e-05,LQD,"ARIMA(1,0,1)"
2018-05-15,-1.1109217669401062e-05,LQD,"ARIMA(1,0,1)"
2018-05-16,-4.0986722721775686e-05,LQD,"ARIMA(1,0,1)"
2018-05-17,-5.1804883834817685e-05,LQD,"ARIMA(1,0,1)"
2018-05-18,-8.402793141371951e-05,LQD,"ARIMA(1,0,1)"
2018-05-21,-6.669365595996383e-05,LQD,"ARIMA(1,0,1)"
2018-05-22,-6.658659212873286e-05,LQD,"ARIMA(1,0,1)"
2018-05-23,-6.748321916145858e-05,LQD,"ARIMA(1,0,1)"
2018-05-24,-3.8415344706519226e-05,LQD,"ARIMA(1,0,1)"
2018-05-25,-3.3928194002344406e-05,LQD,"ARIMA(1,0,1)"
2018-05-29,-2.395584233274137e-05,LQD,"ARIMA(1,0,1)"
2018-05-30,-5.562639772755562e-06,LQD,"ARIMA(1,0,1)"
2018-05-31,-3.008848375981639e-05,LQD,"ARIMA(1,0,1)"
2018-06-01,-3.6431953768474325e-05,LQD,"ARIMA(1,0,1)"
2018-06-04,-4.490795711536504e-05,LQD,"ARIMA(1,0,1)"
2018-06-05,-7.276956682995841e-05,LQD,"ARIMA(1,0,1)"
2018-06-06,-5.826669261698032e-05,LQD,"ARIMA(1,0,1)"
2018-06-07,-8.495625659792497e-05,LQD,"ARIMA(1,0,1)"
2018-06-08,-6.749644440862205e-05,LQD,"ARIMA(1,0,1)"
2018-06-11,-6.622580640406784e-05,LQD,"ARIMA(1,0,1)"
2018-06-12,-6.619044640554254e-05,LQD,"ARIMA(1,0,1)"
2018-06-13,-6.716979086932537e-05,LQD,"ARIMA(1,0,1)"
2018-06-14,-7.472772915541822e-05,LQD,"ARIMA(1,0,1)"
2018-06-15,-8.34724757750193e-05,LQD,"ARIMA(1,0,1)"
2018-06-18,-8.073052289509363e-05,LQD,"ARIMA(1,0,1)"
2018-06-19,-8.814910986056727e-05,LQD,"ARIMA(1,0,1)"
2018-06-20,-8.088797271749698e-05,LQD,"ARIMA(1,0,1)"
2018-06-21,-0.00011152366209377887,LQD,"ARIMA(1,0,1)"
2018-06-22,-0.00011664412700987728,LQD,"ARIMA(1,0,1)"
2018-06-25,-0.0001149729099227813,LQD,"ARIMA(1,0,1)"
2018-06-26,-0.00012068857857946196,LQD,"ARIMA(1,0,1)"
2018-06-27,-0.00011474059318417542,LQD,"ARIMA(1,0,1)"
2018-06-28,-8.307899035303998e-05,LQD,"ARIMA(1,0,1)"
2018-06-29,-9.26385686818202e-05,LQD,"ARIMA(1,0,1)"
2018-07-02,-7.831431536879578e-05,LQD,"ARIMA(1,0,1)"
2018-07-03,-7.450760592207957e-05,LQD,"ARIMA(1,0,1)"
2018-07-05,-5.161426867158452e-05,LQD,"ARIMA(1,0,1)"
2018-07-06,-4.260983583382856e-05,LQD,"ARIMA(1,0,1)"
2018-07-09,-2.9823240087052976e-05,LQD,"ARIMA(1,0,1)"
2018-07-10,-2.3889656386886092e-05,LQD,"ARIMA(1,0,1)"
2018-07-11,-3.578782715517467e-05,LQD,"ARIMA(1,0,1)"
2018-07-12,-2.9152117625710395e-05,LQD,"ARIMA(1,0,1)"
2018-07-13,-3.7421876897420175e-05,LQD,"ARIMA(1,0,1)"
2018-07-16,-2.743920202280385e-05,LQD,"ARIMA(1,0,1)"
2018-07-17,-4.421682798319522e-05,LQD,"ARIMA(1,0,1)"
2018-07-18,-4.9533119734423455e-05,LQD,"ARIMA(1,0,1)"
2018-07-19,-6.570750220000599e-05,LQD,"ARIMA(1,0,1)"
2018-07-20,-5.945274137077422e-05,LQD,"ARIMA(1,0,1)"
2018-07-23,-7.505463881799299e-05,LQD,"ARIMA(1,0,1)"
2018-07-24,-9.999117661140585e-05,LQD,"ARIMA(1,0,1)"
2018-07-25,-8.298163042512065e-05,LQD,"ARIMA(1,0,1)"
2018-07-26,-5.141799189982087e-05,LQD,"ARIMA(1,0,1)"
2018-07-27,2.901662885859868e-05,LQD,"ARIMA(1,0,1)"
2018-07-30,-5.4158724802511614e-05,LQD,"ARIMA(1,0,1)"
2018-07-31,-0.00014881878518779233,LQD,"ARIMA(1,0,1)"
2018-08-01,0.00015542003125045787,LQD,"ARIMA(1,0,1)"
2018-08-02,-0.0003827016387316126,LQD,"ARIMA(1,0,1)"
2018-08-03,0.00014236359216713434,LQD,"ARIMA(1,0,1)"
2018-08-06,1.5125783994814992e-05,LQD,"ARIMA(1,0,1)"
2018-08-07,3.2882957988034015e-05,LQD,"ARIMA(1,0,1)"
2018-08-08,-0.00018301432571066363,LQD,"ARIMA(1,0,1)"
2018-08-09,-0.0001589361756604837,LQD,"ARIMA(1,0,1)"
2018-08-10,-4.142187976099261e-05,LQD,"ARIMA(1,0,1)"
2018-08-13,5.3064558577881715e-05,LQD,"ARIMA(1,0,1)"
2018-08-14,-2.190200838453403e-05,LQD,"ARIMA(1,0,1)"
2018-08-15,3.888999714061864e-05,LQD,"ARIMA(1,0,1)"
2018-08-16,0.00011556440404921351,LQD,"ARIMA(1,0,1)"
2018-08-17,7.516093396423701e-05,LQD,"ARIMA(1,0,1)"
2018-08-20,4.394077563787891e-05,LQD,"ARIMA(1,0,1)"
2018-08-21,0.00015501458387208732,LQD,"ARIMA(1,0,1)"
2018-08-22,-0.00015248974395891635,LQD,"ARIMA(1,0,1)"
2018-08-23,-4.5087887311231215e-05,LQD,"ARIMA(1,0,1)"
2018-08-24,-2.4587648015486276e-05,LQD,"ARIMA(1,0,1)"
2018-08-27,0.00011008257021642224,LQD,"ARIMA(1,0,1)"
2018-08-28,-0.0001057027700671302,LQD,"ARIMA(1,0,1)"
2018-08-29,-0.0003224013442810304,LQD,"ARIMA(1,0,1)"
2018-08-30,-0.0002119411167513751,LQD,"ARIMA(1,0,1)"
2018-08-31,1.1669519208191387e-05,LQD,"ARIMA(1,0,1)"
2018-09-04,-0.0002291071807419649,LQD,"ARIMA(1,0,1)"
2018-09-05,-0.00024348657859056083,LQD,"ARIMA(1,0,1)"
2018-09-06,-0.00012941188002957128,LQD,"ARIMA(1,0,1)"
2018-09-07,0.00028010643228078416,LQD,"ARIMA(1,0,1)"
2018-09-10,-0.0006003153525588712,LQD,"ARIMA(1,0,1)"
2018-09-11,0.0002826815955308666,LQD,"ARIMA(1,0,1)"
2018-09-12,-0.0002840145589988851,LQD,"ARIMA(1,0,1)"
2018-09-13,0.00011623336195653729,LQD,"ARIMA(1,0,1)"
2018-09-14,0.00015240447326214472,LQD,"ARIMA(1,0,1)"
2018-09-17,-0.00017150256139652855,LQD,"ARIMA(1,0,1)"
2018-09-18,-0.00011964634898402432,LQD,"ARIMA(1,0,1)"
2018-09-19,-0.00046291487291681374,LQD,"ARIMA(1,0,1)"
2018-09-20,-0.00022955160690011408,LQD,"ARIMA(1,0,1)"
2018-09-21,0.00017131232243164588,LQD,"ARIMA(1,0,1)"
2018-09-24,-4.675161898910253e-05,LQD,"ARIMA(1,0,1)"
2018-09-25,-0.00028718786500796993,LQD,"ARIMA(1,0,1)"
2018-09-26,-9.539361728040703e-05,LQD,"ARIMA(1,0,1)"
2018-09-27,0.00026116843005450025,LQD,"ARIMA(1,0,1)"
2018-09-28,5.444400393899423e-05,LQD,"ARIMA(1,0,1)"
2018-10-01,-0.00013913379337924327,LQD,"ARIMA(1,0,1)"
2018-10-02,-0.00021154253215557552,LQD,"ARIMA(1,0,1)"
2018-10-03,4.2779706380425295e-06,LQD,"ARIMA(1,0,1)"
2018-10-04,-0.0006448197724651664,LQD,"ARIMA(1,0,1)"
2018-10-05,-0.000517610261136953,LQD,"ARIMA(1,0,1)"
2018-10-08,-0.0005382483936506928,LQD,"ARIMA(1,0,1)"
2018-10-09,-0.00021668984664673617,LQD,"ARIMA(1,0,1)"
2018-10-10,0.00020621757467269625,LQD,"ARIMA(1,0,1)"
2018-10-11,-0.0004455071885633156,LQD,"ARIMA(1,0,1)"
2018-10-12,0.00031886699437633096,LQD,"ARIMA(1,0,1)"
2018-10-15,-0.00011497251392417069,LQD,"ARIMA(1,0,1)"
2018-10-16,-0.00032965962719409825,LQD,"ARIMA(1,0,1)"
2018-10-17,0.00015031084703107157,LQD,"ARIMA(1,0,1)"
2018-10-18,-0.0006412625006986471,LQD,"ARIMA(1,0,1)"
2018-10-19,-9.940550474754958e-05,LQD,"ARIMA(1,0,1)"
2018-10-22,-0.0002759443377544341,LQD,"ARIMA(1,0,1)"
2018-10-23,-0.0002545196152602054,LQD,"ARIMA(1,0,1)"
2018-10-24,-4.470435619615917e-08,LQD,"ARIMA(1,0,1)"
2018-10-25,4.685841375575019e-06,LQD,"ARIMA(1,0,1)"
2018-10-26,-0.00024236844902235225,LQD,"ARIMA(1,0,1)"
2018-10-29,4.390752420842364e-05,LQD,"ARIMA(1,0,1)"
2018-10-30,-0.00025218005506714373,LQD,"ARIMA(1,0,1)"
2018-10-31,-0.0003451033022358705,LQD,"ARIMA(1,0,1)"
2018-11-01,-0.0004083885561273823,LQD,"ARIMA(1,0,1)"
2018-11-02,0.00013475832055084104,LQD,"ARIMA(1,0,1)"
2018-11-05,-0.0005037192115649956,LQD,"ARIMA(1,0,1)"
2018-11-06,-2.6884157990047933e-05,LQD,"ARIMA(1,0,1)"
2018-11-07,-4.066932655067128e-05,LQD,"ARIMA(1,0,1)"
2018-11-08,2.783219930670161e-05,LQD,"ARIMA(1,0,1)"
2018-11-09,-0.0003348422916760723,LQD,"ARIMA(1,0,1)"
2018-11-12,-0.00011175067117324833,LQD,"ARIMA(1,0,1)"
2018-11-13,-0.0001271559935339635,LQD,"ARIMA(1,0,1)"
2018-11-14,-0.00021651271620060498,LQD,"ARIMA(1,0,1)"
2018-11-15,-0.0003188393311234776,LQD,"ARIMA(1,0,1)"
2018-11-16,-0.0002869467269480448,LQD,"ARIMA(1,0,1)"
2018-11-19,3.5614329808055217e-06,LQD,"ARIMA(1,0,1)"
2018-11-20,-0.00021984719022104032,LQD,"ARIMA(1,0,1)"
2018-11-21,-0.00032210530092391935,LQD,"ARIMA(1,0,1)"
2018-11-23,-3.451538626345608e-05,LQD,"ARIMA(1,0,1)"
2018-11-26,-0.00015306215132249035,LQD,"ARIMA(1,0,1)"
2018-11-27,-0.0001463131571481669,LQD,"ARIMA(1,0,1)"
2018-11-28,-0.0002574251174613022,LQD,"ARIMA(1,0,1)"
2018-11-29,-1.0827274454977526e-05,LQD,"ARIMA(1,0,1)"
2018-11-30,-0.00031964353601131095,LQD,"ARIMA(1,0,1)"
2018-12-03,-0.0002064795107623714,LQD,"ARIMA(1,0,1)"
2018-12-04,1.7264174402433673e-05,LQD,"ARIMA(1,0,1)"
2018-12-06,-0.0001383829596826089,LQD,"ARIMA(1,0,1)"
2018-12-07,-5.802220174156721e-06,LQD,"ARIMA(1,0,1)"
2018-12-10,-0.00015457603584863268,LQD,"ARIMA(1,0,1)"
2018-12-11,1.0893730305064461e-05,LQD,"ARIMA(1,0,1)"
2018-12-12,-4.5527245314197205e-05,LQD,"ARIMA(1,0,1)"
2018-12-13,-8.370469995648761e-05,LQD,"ARIMA(1,0,1)"
2018-12-14,1.9701683014585543e-05,LQD,"ARIMA(1,0,1)"
2018-12-17,-0.00021226027320278744,LQD,"ARIMA(1,0,1)"
2018-12-18,-9.95583158935709e-05,LQD,"ARIMA(1,0,1)"
2018-12-19,5.990672082354764e-06,LQD,"ARIMA(1,0,1)"
2018-12-20,-0.00017127667375243293,LQD,"ARIMA(1,0,1)"
2018-12-21,-0.0002805143423881498,LQD,"ARIMA(1,0,1)"
2018-12-24,-0.00014379536896062014,LQD,"ARIMA(1,0,1)"
2018-12-26,-0.0002447233329761156,LQD,"ARIMA(1,0,1)"
2018-12-27,-0.0001792088073750594,LQD,"ARIMA(1,0,1)"
2018-12-28,-0.00015025247641378797,LQD,"ARIMA(1,0,1)"
2018-12-31,0.00010561284899548111,LQD,"ARIMA(1,0,1)"
2019-01-02,-4.392405916730629e-05,LQD,"ARIMA(1,0,1)"
2019-01-03,8.230581597905626e-05,LQD,"ARIMA(1,0,1)"
2019-01-04,-0.00011701161649231628,LQD,"ARIMA(1,0,1)"
2019-01-07,-0.00016499683635345108,LQD,"ARIMA(1,0,1)"
2019-01-08,-9.843064025217481e-05,LQD,"ARIMA(1,0,1)"
2019-01-09,7.58606715224732e-05,LQD,"ARIMA(1,0,1)"
2019-01-10,0.00021214967456928521,LQD,"ARIMA(1,0,1)"
2019-01-11,-0.0003561072783284228,LQD,"ARIMA(1,0,1)"
2019-01-14,0.00010846637199645412,LQD,"ARIMA(1,0,1)"
2019-01-15,-0.0003213571100469084,LQD,"ARIMA(1,0,1)"
2019-01-16,-4.056946395361329e-05,LQD,"ARIMA(1,0,1)"
2019-01-17,7.421678773608415e-06,LQD,"ARIMA(1,0,1)"
2019-01-18,2.533055597827846e-05,LQD,"ARIMA(1,0,1)"
2019-01-22,5.083515424911926e-05,LQD,"ARIMA(1,0,1)"
2019-01-23,6.779980863651604e-05,LQD,"ARIMA(1,0,1)"
2019-01-24,0.0001430036586548932,LQD,"ARIMA(1,0,1)"
2019-01-25,0.00014948566877933073,LQD,"ARIMA(1,0,1)"
2019-01-28,2.6556613801064467e-05,LQD,"ARIMA(1,0,1)"
2019-01-29,-6.547396705119757e-05,LQD,"ARIMA(1,0,1)"
2019-01-30,0.0001512296690216684,LQD,"ARIMA(1,0,1)"
2019-01-31,0.00039801289756448367,LQD,"ARIMA(1,0,1)"
2019-02-01,0.0007362686597946399,LQD,"ARIMA(1,0,1)"
2019-02-04,-0.00026037406950758823,LQD,"ARIMA(1,0,1)"
2019-02-05,-4.023395388147558e-05,LQD,"ARIMA(1,0,1)"
2019-02-06,0.0004321081675149209,LQD,"ARIMA(1,0,1)"
2019-02-07,-0.00019664336007843574,LQD,"ARIMA(1,0,1)"
2019-02-08,0.00013839177031185895,LQD,"ARIMA(1,0,1)"
2019-02-11,0.00019869945544256017,LQD,"ARIMA(1,0,1)"
2019-02-12,-0.00010635406815666277,LQD,"ARIMA(1,0,1)"
2019-02-13,0.00026835195341048034,LQD,"ARIMA(1,0,1)"
2019-02-14,-0.0001525455661234191,LQD,"ARIMA(1,0,1)"
2019-02-15,0.00020924350889030329,LQD,"ARIMA(1,0,1)"
2019-02-19,0.00019297291342920057,LQD,"ARIMA(1,0,1)"
2019-02-20,0.00013477263277129656,LQD,"ARIMA(1,0,1)"
2019-02-21,4.13887849096683e-05,LQD,"ARIMA(1,0,1)"
2019-02-22,-7.410647007013536e-05,LQD,"ARIMA(1,0,1)"
2019-02-25,0.00026037778752899867,LQD,"ARIMA(1,0,1)"
2019-02-26,0.00019030689216531185,LQD,"ARIMA(1,0,1)"
2019-02-27,0.000214576857023687,LQD,"ARIMA(1,0,1)"
2019-02-28,-2.7859539069689934e-06,LQD,"ARIMA(1,0,1)"
2019-03-01,6.018949398070653e-07,LQD,"ARIMA(1,0,1)"
2019-03-04,-3.2026566186477606e-05,LQD,"ARIMA(1,0,1)"
2019-03-05,0.00017026269973357557,LQD,"ARIMA(1,0,1)"
2019-03-06,0.0001561596233164841,LQD,"ARIMA(1,0,1)"
2019-03-07,0.0001793383887558637,LQD,"ARIMA(1,0,1)"
2019-03-08,0.0003297615933242517,LQD,"ARIMA(1,0,1)"
2019-03-11,0.0002858684557142347,LQD,"ARIMA(1,0,1)"
2019-03-12,0.00025494381760548515,LQD,"ARIMA(1,0,1)"
2019-03-13,0.00037957700395258693,LQD,"ARIMA(1,0,1)"
2019-03-14,0.00014002511593431152,LQD,"ARIMA(1,0,1)"
2019-03-15,1.3404769514608808e-05,LQD,"ARIMA(1,0,1)"
2019-03-18,0.00029173782946097693,LQD,"ARIMA(1,0,1)"
2019-03-19,0.0001807403795645479,LQD,"ARIMA(1,0,1)"
2019-03-20,0.00016400559246901585,LQD,"ARIMA(1,0,1)"
2019-03-21,0.0005507249707667669,LQD,"ARIMA(1,0,1)"
2019-03-22,0.0005216345612168738,LQD,"ARIMA(1,0,1)"
2019-03-25,0.0008882116466554258,LQD,"ARIMA(1,0,1)"
2019-03-26,0.0008010716602241151,LQD,"ARIMA(1,0,1)"
2019-03-27,0.0005951757806220765,LQD,"ARIMA(1,0,1)"
2019-03-28,0.00045286202464879836,LQD,"ARIMA(1,0,1)"
2019-03-29,0.0005764264488737902,LQD,"ARIMA(1,0,1)"
2019-04-01,0.0006082379507344302,LQD,"ARIMA(1,0,1)"
2019-04-02,0.00010585242261650866,LQD,"ARIMA(1,0,1)"
2019-04-03,0.00023540524566874744,LQD,"ARIMA(1,0,1)"
2019-04-04,0.00019581384935326857,LQD,"ARIMA(1,0,1)"
2019-04-05,0.00022556414459255718,LQD,"ARIMA(1,0,1)"
2019-04-08,0.0003056247288480998,LQD,"ARIMA(1,0,1)"
2019-04-09,0.00021976348564967335,LQD,"ARIMA(1,0,1)"
2019-04-10,0.0003132838722359463,LQD,"ARIMA(1,0,1)"
2019-04-11,0.0006204671548678674,LQD,"ARIMA(1,0,1)"
2019-04-12,0.0005428452550745148,LQD,"ARIMA(1,0,1)"
2019-04-15,0.0005039628672897103,LQD,"ARIMA(1,0,1)"
2019-04-16,0.00023911598874845684,LQD,"ARIMA(1,0,1)"
2019-04-17,0.0001056713542227503,LQD,"ARIMA(1,0,1)"
2019-04-18,0.00011279693834210063,LQD,"ARIMA(1,0,1)"
2019-04-22,0.00021761451066337626,LQD,"ARIMA(1,0,1)"
2019-04-23,0.0003081693149259144,LQD,"ARIMA(1,0,1)"
2019-04-24,0.0005323223582152207,LQD,"ARIMA(1,0,1)"
2019-04-25,0.0002734353683573073,LQD,"ARIMA(1,0,1)"
2019-04-26,0.00028614287624259863,LQD,"ARIMA(1,0,1)"
2019-04-29,0.0003125324587211268,LQD,"ARIMA(1,0,1)"
2019-04-30,0.0002838044974037016,LQD,"ARIMA(1,0,1)"
2019-05-01,0.0003247367995168245,LQD,"ARIMA(1,0,1)"
2019-05-02,0.0002821830088270088,LQD,"ARIMA(1,0,1)"
2019-05-03,0.00027197573501258306,LQD,"ARIMA(1,0,1)"
2019-05-06,0.0002951671806397937,LQD,"ARIMA(1,0,1)"
2019-05-07,0.0002995496968464269,LQD,"ARIMA(1,0,1)"
2019-05-08,0.0002926326327636839,LQD,"ARIMA(1,0,1)"
2019-05-09,0.0002871810471959726,LQD,"ARIMA(1,0,1)"
2019-05-10,0.00028869621865352054,LQD,"ARIMA(1,0,1)"
2019-05-13,0.00029154155982527515,LQD,"ARIMA(1,0,1)"
2019-05-14,0.0002747944519046915,LQD,"ARIMA(1,0,1)"
2019-05-15,0.0002735684979813242,LQD,"ARIMA(1,0,1)"
2019-05-16,0.00013220813884457514,LQD,"ARIMA(1,0,1)"
2019-05-17,0.000317320423582538,LQD,"ARIMA(1,0,1)"
2019-05-20,0.0003198820104828373,LQD,"ARIMA(1,0,1)"
2019-05-21,0.0003191539390644869,LQD,"ARIMA(1,0,1)"
2019-05-22,7.926824953261388e-05,LQD,"ARIMA(1,0,1)"
2019-05-23,0.00030852673879604625,LQD,"ARIMA(1,0,1)"
2019-05-24,0.00021866874157561942,LQD,"ARIMA(1,0,1)"
2019-05-28,0.00020820817588736498,LQD,"ARIMA(1,0,1)"
2019-05-29,0.000270173163615021,LQD,"ARIMA(1,0,1)"
2019-05-30,0.0002944859000231358,LQD,"ARIMA(1,0,1)"
2019-05-31,0.0002962277050320726,LQD,"ARIMA(1,0,1)"
2019-06-03,0.0003233176150585649,LQD,"ARIMA(1,0,1)"
2019-06-04,0.00033485949745445687,LQD,"ARIMA(1,0,1)"
2019-06-05,0.00034317023901073667,LQD,"ARIMA(1,0,1)"
2019-06-06,0.0003500223171027542,LQD,"ARIMA(1,0,1)"
2019-06-07,0.0003541955054747532,LQD,"ARIMA(1,0,1)"
2019-06-10,0.0003901539786225012,LQD,"ARIMA(1,0,1)"
2019-06-11,0.00036034141544169203,LQD,"ARIMA(1,0,1)"
2019-06-12,0.00036866107973891366,LQD,"ARIMA(1,0,1)"
2019-06-13,0.0003788891360797245,LQD,"ARIMA(1,0,1)"
2019-06-14,0.0003891372333695464,LQD,"ARIMA(1,0,1)"
2019-06-17,0.00039447792965856786,LQD,"ARIMA(1,0,1)"
2019-06-18,0.00037840443346641656,LQD,"ARIMA(1,0,1)"
2019-06-19,0.00041015504729738643,LQD,"ARIMA(1,0,1)"
2019-06-20,0.0004394297880832885,LQD,"ARIMA(1,0,1)"
2019-06-21,0.0004591892360889953,LQD,"ARIMA(1,0,1)"
2019-06-24,0.0004692818129671241,LQD,"ARIMA(1,0,1)"
2019-06-25,0.0004830659310955995,LQD,"ARIMA(1,0,1)"
2019-06-26,0.0004663281560785883,LQD,"ARIMA(1,0,1)"
2019-06-27,0.00046212196098748215,LQD,"ARIMA(1,0,1)"
2019-06-28,0.0004711630149102637,LQD,"ARIMA(1,0,1)"
2019-07-01,0.0004682299140221258,LQD,"ARIMA(1,0,1)"
2019-07-02,0.00048141297230384173,LQD,"ARIMA(1,0,1)"
2019-07-03,0.000490179793103794,LQD,"ARIMA(1,0,1)"
2019-07-05,0.000500472711548607,LQD,"ARIMA(1,0,1)"
2019-07-08,0.0004486280587339,LQD,"ARIMA(1,0,1)"
2019-07-09,0.000430065473570355,LQD,"ARIMA(1,0,1)"
2019-07-10,0.0004168589541132017,LQD,"ARIMA(1,0,1)"
2019-07-11,0.00042244349326882254,LQD,"ARIMA(1,0,1)"
2019-07-12,0.0004040751005361278,LQD,"ARIMA(1,0,1)"
2019-07-15,0.00039965107114738144,LQD,"ARIMA(1,0,1)"
2019-07-16,0.0003975194608265207,LQD,"ARIMA(1,0,1)"
2019-07-17,0.0003865295454854606,LQD,"ARIMA(1,0,1)"
2019-07-18,0.00041483707297382255,LQD,"ARIMA(1,0,1)"
2019-07-19,0.00042550557570925226,LQD,"ARIMA(1,0,1)"
2019-07-22,0.0004192853361279899,LQD,"ARIMA(1,0,1)"
2019-07-23,0.00042560598251040085,LQD,"ARIMA(1,0,1)"
2019-07-24,0.0004398147641983409,LQD,"ARIMA(1,0,1)"
2019-07-25,0.00046777716709762144,LQD,"ARIMA(1,0,1)"
2019-07-26,0.000399723043972578,LQD,"ARIMA(1,0,1)"
2019-07-29,0.00042387963115344336,LQD,"ARIMA(1,0,1)"
2019-07-30,0.0004382980176433873,LQD,"ARIMA(1,0,1)"
2019-07-31,0.0004047928343076184,LQD,"ARIMA(1,0,1)"
2019-08-01,0.0004382455624471464,LQD,"ARIMA(1,0,1)"
2019-08-02,0.00046105107703700804,LQD,"ARIMA(1,0,1)"
2019-08-05,0.00047919437455558176,LQD,"ARIMA(1,0,1)"
2019-08-06,0.00047657134547491854,LQD,"ARIMA(1,0,1)"
2019-08-07,0.0004885547293756818,LQD,"ARIMA(1,0,1)"
2019-08-08,0.00048414705841501034,LQD,"ARIMA(1,0,1)"
2019-08-09,0.0005064758525092525,LQD,"ARIMA(1,0,1)"
2019-08-12,0.0004049613039638964,LQD,"ARIMA(1,0,1)"
2019-08-13,0.00040078996599112436,LQD,"ARIMA(1,0,1)"
2019-08-14,0.0004601071572735893,LQD,"ARIMA(1,0,1)"
2019-08-15,0.0004445253896047124,LQD,"ARIMA(1,0,1)"
2019-08-16,0.0003587058331969901,LQD,"ARIMA(1,0,1)"
2019-08-19,0.0004070051072157197,LQD,"ARIMA(1,0,1)"
2019-08-20,0.0005004373800233365,LQD,"ARIMA(1,0,1)"
2019-08-21,0.00035519855284261396,LQD,"ARIMA(1,0,1)"
2019-08-22,0.0003140440560636176,LQD,"ARIMA(1,0,1)"
2019-08-23,0.000531816966260531,LQD,"ARIMA(1,0,1)"
2019-08-26,-1.4433020028685635e-05,LQD,"ARIMA(1,0,1)"
2019-08-27,-0.00010093029852022064,LQD,"ARIMA(1,0,1)"
2019-08-28,0.00030666375864612887,LQD,"ARIMA(1,0,1)"
2019-08-29,0.00045434021472392084,LQD,"ARIMA(1,0,1)"
2019-08-30,0.0006283130166012352,LQD,"ARIMA(1,0,1)"
2019-09-03,0.0006472724120572949,LQD,"ARIMA(1,0,1)"
2019-09-04,0.0006792390959833074,LQD,"ARIMA(1,0,1)"
2019-09-05,0.0005719746706452233,LQD,"ARIMA(1,0,1)"
2019-09-06,0.0009098040478596963,LQD,"ARIMA(1,0,1)"
2019-09-09,0.0005502990609549724,LQD,"ARIMA(1,0,1)"
2019-09-10,0.000982409310779638,LQD,"ARIMA(1,0,1)"
2019-09-11,0.0005171354623128221,LQD,"ARIMA(1,0,1)"
2019-09-12,0.0005044715164547347,LQD,"ARIMA(1,0,1)"
2019-09-13,0.0005080936380365159,LQD,"ARIMA(1,0,1)"
2019-09-16,0.0004614217990691335,LQD,"ARIMA(1,0,1)"
2019-09-17,0.0004722593535908704,LQD,"ARIMA(1,0,1)"
2019-09-18,0.0004884532013064644,LQD,"ARIMA(1,0,1)"
2019-09-19,0.0004998738547632278,LQD,"ARIMA(1,0,1)"
2019-09-20,0.0005279521584672518,LQD,"ARIMA(1,0,1)"
2019-09-23,0.0005610021411263594,LQD,"ARIMA(1,0,1)"
2019-09-24,0.0005477167082555261,LQD,"ARIMA(1,0,1)"
2019-09-25,0.0005593751159809991,LQD,"ARIMA(1,0,1)"
2019-09-26,0.0004812370879015008,LQD,"ARIMA(1,0,1)"
2019-09-27,0.0006645229219153498,LQD,"ARIMA(1,0,1)"
2019-09-30,0.0007265192411633798,LQD,"ARIMA(1,0,1)"
2019-10-01,0.0004557546538383556,LQD,"ARIMA(1,0,1)"
2019-10-02,0.0004641061159027651,LQD,"ARIMA(1,0,1)"
2019-10-03,0.0005156194570686779,LQD,"ARIMA(1,0,1)"
2019-10-04,0.0003326314498936886,LQD,"ARIMA(1,0,1)"
2019-10-07,0.0002540062153682937,LQD,"ARIMA(1,0,1)"
2019-10-08,0.0007940754844642368,LQD,"ARIMA(1,0,1)"
2019-10-09,0.0007903268744303354,LQD,"ARIMA(1,0,1)"
2019-10-10,0.0007324955024151495,LQD,"ARIMA(1,0,1)"
2019-10-11,0.001062526111998634,LQD,"ARIMA(1,0,1)"
2019-10-14,0.001056107764744889,LQD,"ARIMA(1,0,1)"
2019-10-15,0.0010410127298269337,LQD,"ARIMA(1,0,1)"
2019-10-16,0.0007827975048765172,LQD,"ARIMA(1,0,1)"
2019-10-17,0.0005917804460034637,LQD,"ARIMA(1,0,1)"
2019-10-18,0.0005876027016278988,LQD,"ARIMA(1,0,1)"
2019-10-21,0.0006094338049676516,LQD,"ARIMA(1,0,1)"
2019-10-22,0.0012961752254746417,LQD,"ARIMA(1,0,1)"
2019-10-23,0.0013393234799947986,LQD,"ARIMA(1,0,1)"
2019-10-24,0.00122687007053875,LQD,"ARIMA(1,0,1)"
2019-10-25,0.0009665593061583998,LQD,"ARIMA(1,0,1)"
2019-10-28,0.0009853378557980197,LQD,"ARIMA(1,0,1)"
2019-10-29,0.001015152834081311,LQD,"ARIMA(1,0,1)"
2019-10-30,0.0005889163314114718,LQD,"ARIMA(1,0,1)"
2019-10-31,0.000846861863522709,LQD,"ARIMA(1,0,1)"
2019-11-01,0.0006405408345578927,LQD,"ARIMA(1,0,1)"
2019-11-04,0.0006544413402135971,LQD,"ARIMA(1,0,1)"
2019-11-05,0.0006278467636938753,LQD,"ARIMA(1,0,1)"
2019-11-06,0.0006204545690311747,LQD,"ARIMA(1,0,1)"
2019-11-07,0.0006343887400436202,LQD,"ARIMA(1,0,1)"
2019-11-08,0.0011226461382738482,LQD,"ARIMA(1,0,1)"
2019-11-11,0.000581369229525215,LQD,"ARIMA(1,0,1)"
2019-11-12,0.0005933095579892495,LQD,"ARIMA(1,0,1)"
2019-11-13,0.0005960893349080824,LQD,"ARIMA(1,0,1)"
2019-11-14,0.0006972795407098047,LQD,"ARIMA(1,0,1)"
2019-11-15,0.0012993419929617942,LQD,"ARIMA(1,0,1)"
2019-11-18,0.0010827795316758649,LQD,"ARIMA(1,0,1)"
2019-11-19,0.0013159601742276975,LQD,"ARIMA(1,0,1)"
2019-11-20,0.0007888072491991411,LQD,"ARIMA(1,0,1)"
2019-11-21,0.0011841322016664965,LQD,"ARIMA(1,0,1)"
2019-11-22,0.0012837633343622393,LQD,"ARIMA(1,0,1)"
2019-11-25,0.0007789071723765341,LQD,"ARIMA(1,0,1)"
2019-11-26,0.0006781698764157006,LQD,"ARIMA(1,0,1)"
2019-11-27,0.0006870263742724128,LQD,"ARIMA(1,0,1)"
2019-11-29,0.0006925881291315048,LQD,"ARIMA(1,0,1)"
2019-12-02,0.0006726453980159461,LQD,"ARIMA(1,0,1)"
2019-12-03,0.0006656562637280259,LQD,"ARIMA(1,0,1)"
2019-12-04,0.0005904318315484126,LQD,"ARIMA(1,0,1)"
2019-12-05,0.0006773143384638557,LQD,"ARIMA(1,0,1)"
2019-12-06,0.0007334457287442966,LQD,"ARIMA(1,0,1)"
2019-12-09,0.0007540639156989727,LQD,"ARIMA(1,0,1)"
2019-12-10,0.0007583282885395768,LQD,"ARIMA(1,0,1)"
2019-12-11,0.0007398119424633492,LQD,"ARIMA(1,0,1)"
2019-12-12,0.0005757404953833853,LQD,"ARIMA(1,0,1)"
2019-12-13,0.0008162847241219225,LQD,"ARIMA(1,0,1)"
2019-12-16,0.00036546529275895145,LQD,"ARIMA(1,0,1)"
2019-12-17,0.0007798059395288873,LQD,"ARIMA(1,0,1)"
2019-12-18,0.0007474983648559685,LQD,"ARIMA(1,0,1)"
2019-12-19,0.0007315608067172837,LQD,"ARIMA(1,0,1)"
2019-12-20,0.0006236149977274558,LQD,"ARIMA(1,0,1)"
2019-12-23,0.000702933281476557,LQD,"ARIMA(1,0,1)"
2019-12-24,0.0006612228552148561,LQD,"ARIMA(1,0,1)"
2019-12-26,0.000633170702505322,LQD,"ARIMA(1,0,1)"
2019-12-27,0.0005811287270944263,LQD,"ARIMA(1,0,1)"
2019-12-30,0.0006036982630531016,LQD,"ARIMA(1,0,1)"
2019-12-31,0.0005690243220158833,LQD,"ARIMA(1,0,1)"
2020-01-02,0.0009954058248954566,LQD,"ARIMA(1,0,1)"
2020-01-03,0.0005311050408562032,LQD,"ARIMA(1,0,1)"
2020-01-06,0.00041896440023169075,LQD,"ARIMA(1,0,1)"
2020-01-07,0.0009498527200932398,LQD,"ARIMA(1,0,1)"
2020-01-08,0.0008733689045791819,LQD,"ARIMA(1,0,1)"
2020-01-09,0.0007839913307351218,LQD,"ARIMA(1,0,1)"
2020-01-10,0.00033264296111261616,LQD,"ARIMA(1,0,1)"
2020-01-13,0.0004603212587655565,LQD,"ARIMA(1,0,1)"
2020-01-14,0.0008215880855806068,LQD,"ARIMA(1,0,1)"
2020-01-15,0.000597744320669552,LQD,"ARIMA(1,0,1)"
2020-01-16,0.0005196796508660569,LQD,"ARIMA(1,0,1)"
2020-01-17,0.0005683564575517722,LQD,"ARIMA(1,0,1)"
2020-01-21,0.0006758085706550197,LQD,"ARIMA(1,0,1)"
2020-01-22,0.00032043273979816636,LQD,"ARIMA(1,0,1)"
2020-01-23,0.000624265632691711,LQD,"ARIMA(1,0,1)"
2020-01-24,0.0005730323691489782,LQD,"ARIMA(1,0,1)"
2020-01-27,0.0005409093377230813,LQD,"ARIMA(1,0,1)"
2020-01-28,0.0005247119344508785,LQD,"ARIMA(1,0,1)"
2020-01-29,0.0007150411837364068,LQD,"ARIMA(1,0,1)"
2020-01-30,0.0004088779523053397,LQD,"ARIMA(1,0,1)"
2020-01-31,0.0006178562619987482,LQD,"ARIMA(1,0,1)"
2020-02-03,0.00043171224894776367,LQD,"ARIMA(1,0,1)"
2020-02-04,0.0007119839924246826,LQD,"ARIMA(1,0,1)"
2020-02-05,0.000845409252567523,LQD,"ARIMA(1,0,1)"
2020-02-06,0.0006737504804944495,LQD,"ARIMA(1,0,1)"
2020-02-07,0.0006662438437838314,LQD,"ARIMA(1,0,1)"
2020-02-10,0.0003586660982685679,LQD,"ARIMA(1,0,1)"
2020-02-11,0.000459341396195709,LQD,"ARIMA(1,0,1)"
2020-02-12,0.0007504805108060298,LQD,"ARIMA(1,0,1)"
2020-02-13,0.0006741497204312982,LQD,"ARIMA(1,0,1)"
2020-02-14,0.0006969962833218745,LQD,"ARIMA(1,0,1)"
2020-02-18,0.0004784378705465473,LQD,"ARIMA(1,0,1)"
2020-02-19,0.0005159692698395759,LQD,"ARIMA(1,0,1)"
2020-02-20,0.0007443035515912101,LQD,"ARIMA(1,0,1)"
2020-02-21,0.0004359499500701921,LQD,"ARIMA(1,0,1)"
2020-02-24,0.0005375839054290582,LQD,"ARIMA(1,0,1)"
2020-02-25,0.0006465446669889782,LQD,"ARIMA(1,0,1)"
2020-02-26,0.0006066866387441335,LQD,"ARIMA(1,0,1)"
2020-02-27,0.0009248658410173397,LQD,"ARIMA(1,0,1)"
2020-02-28,0.0009795648142294725,LQD,"ARIMA(1,0,1)"
2020-03-02,-0.0002549326326161648,LQD,"ARIMA(1,0,1)"
2020-03-03,0.0007936126940115661,LQD,"ARIMA(1,0,1)"
2020-03-04,-0.00037004231882416716,LQD,"ARIMA(1,0,1)"
2020-03-05,0.0007138611925148625,LQD,"ARIMA(1,0,1)"
2020-03-06,0.0007763798274038676,LQD,"ARIMA(1,0,1)"
2020-03-09,0.0001172816762220997,LQD,"ARIMA(1,0,1)"
2020-03-10,0.0045117422410088604,LQD,"ARIMA(1,0,1)"
2020-03-11,-0.001477643897307226,LQD,"ARIMA(1,0,1)"
2020-03-12,-0.013093860312472751,LQD,"ARIMA(1,0,1)"
2020-03-13,-0.03476067714732409,LQD,"ARIMA(1,0,1)"
2020-03-16,-0.0004049229003591003,LQD,"ARIMA(1,0,1)"
2020-03-17,0.0007286923969892552,LQD,"ARIMA(1,0,1)"
2020-03-18,0.0001127407878034416,LQD,"ARIMA(1,0,1)"
2020-03-19,-0.019669550248543905,LQD,"ARIMA(1,0,1)"
2020-03-20,-0.028218544570128443,LQD,"ARIMA(1,0,1)"
2020-03-23,0.003954782429660561,LQD,"ARIMA(1,0,1)"
2020-03-24,0.02212668727035218,LQD,"ARIMA(1,0,1)"
2020-03-25,0.0011946909574944143,LQD,"ARIMA(1,0,1)"
2020-03-26,0.017391993126850847,LQD,"ARIMA(1,0,1)"
2020-03-27,-0.000755288000279999,LQD,"ARIMA(1,0,1)"
2020-03-30,-0.00044745410307360295,LQD,"ARIMA(1,0,1)"
2020-03-31,0.004424329592573417,LQD,"ARIMA(1,0,1)"
2020-04-01,-0.0013285595056213395,LQD,"ARIMA(1,0,1)"
2020-04-02,-0.004719160824791943,LQD,"ARIMA(1,0,1)"
2020-04-03,0.0016076170165254288,LQD,"ARIMA(1,0,1)"
2020-04-06,-0.0017504406566761575,LQD,"ARIMA(1,0,1)"
2020-04-07,0.00685769829053095,LQD,"ARIMA(1,0,1)"
2020-04-08,0.0001615051377958871,LQD,"ARIMA(1,0,1)"
2020-04-09,0.006075638191052436,LQD,"ARIMA(1,0,1)"
2020-04-13,0.016239331748269175,LQD,"ARIMA(1,0,1)"
2020-04-14,-0.0039972841029307475,LQD,"ARIMA(1,0,1)"
2020-04-15,-0.0007678796089428814,LQD,"ARIMA(1,0,1)"
2020-04-16,0.002569698669883882,LQD,"ARIMA(1,0,1)"
2020-04-17,-0.001428740207769798,LQD,"ARIMA(1,0,1)"
2020-04-20,0.0015785688364666857,LQD,"ARIMA(1,0,1)"
2020-04-21,-0.0015251659853950837,LQD,"ARIMA(1,0,1)"
2020-04-22,-0.000566756885894434,LQD,"ARIMA(1,0,1)"
2020-04-23,0.0006195037908127779,LQD,"ARIMA(1,0,1)"
2020-04-24,0.001623752768813914,LQD,"ARIMA(1,0,1)"
2020-04-27,-9.644928406588808e-06,LQD,"ARIMA(1,0,1)"
2020-04-28,-0.002196058565236108,LQD,"ARIMA(1,0,1)"
2020-04-29,0.001425890880418875,LQD,"ARIMA(1,0,1)"
2020-04-30,0.002255650229717995,LQD,"ARIMA(1,0,1)"
2020-05-01,-0.0020053292337669,LQD,"ARIMA(1,0,1)"
2020-05-04,-0.0006389705141657618,LQD,"ARIMA(1,0,1)"
2020-05-05,0.0009080141136112403,LQD,"ARIMA(1,0,1)"
2020-05-06,-0.000172040720856158,LQD,"ARIMA(1,0,1)"
2020-05-07,-0.0031881142384436118,LQD,"ARIMA(1,0,1)"
2020-05-08,0.0015210721770128857,LQD,"ARIMA(1,0,1)"
2020-05-11,-0.0013317494567173557,LQD,"ARIMA(1,0,1)"
2020-05-12,-0.002283000168218565,LQD,"ARIMA(1,0,1)"
2020-05-13,0.003505839073385643,LQD,"ARIMA(1,0,1)"
2020-05-14,0.0005947456941279063,LQD,"ARIMA(1,0,1)"
2020-05-15,0.0027621448351668556,LQD,"ARIMA(1,0,1)"
2020-05-18,0.0011030339511309633,LQD,"ARIMA(1,0,1)"
2020-05-19,0.0019640905237483224,LQD,"ARIMA(1,0,1)"
2020-05-20,0.00039186166769421884,LQD,"ARIMA(1,0,1)"
2020-05-21,0.0036842344703718072,LQD,"ARIMA(1,0,1)"
2020-05-22,-0.00021032154823551836,LQD,"ARIMA(1,0,1)"
2020-05-26,0.0004083547725459386,LQD,"ARIMA(1,0,1)"
2020-05-27,-8.257094730804382e-05,LQD,"ARIMA(1,0,1)"
2020-05-28,0.0016407636623675735,LQD,"ARIMA(1,0,1)"
2020-05-29,0.00047514130258744457,LQD,"ARIMA(1,0,1)"
2020-06-01,0.0022932613164727694,LQD,"ARIMA(1,0,1)"
2020-06-02,2.2850635447893455e-05,LQD,"ARIMA(1,0,1)"
2020-06-03,0.001336402163917769,LQD,"ARIMA(1,0,1)"
2020-06-04,6.594397842673465e-05,LQD,"ARIMA(1,0,1)"
2020-06-05,-0.0005521468046756786,LQD,"ARIMA(1,0,1)"
2020-06-08,0.0019889812773194807,LQD,"ARIMA(1,0,1)"
2020-06-09,0.001181972419658315,LQD,"ARIMA(1,0,1)"
2020-06-10,-0.00037283273388179455,LQD,"ARIMA(1,0,1)"
2020-06-11,0.002402316371749592,LQD,"ARIMA(1,0,1)"
2020-06-12,-0.003424155614009109,LQD,"ARIMA(1,0,1)"
2020-06-15,0.0020578259914396163,LQD,"ARIMA(1,0,1)"
2020-06-16,0.00436911871289629,LQD,"ARIMA(1,0,1)"
2020-06-17,-0.0008482599067077131,LQD,"ARIMA(1,0,1)"
2020-06-18,-9.828136169054424e-05,LQD,"ARIMA(1,0,1)"
2020-06-19,0.0010347101039725713,LQD,"ARIMA(1,0,1)"
2020-06-22,0.00045471303939175227,LQD,"ARIMA(1,0,1)"
2020-06-23,2.443637969447559e-05,LQD,"ARIMA(1,0,1)"
2020-06-24,-0.00020721126544113983,LQD,"ARIMA(1,0,1)"
2020-06-25,-0.0004490288949940594,LQD,"ARIMA(1,0,1)"
2020-06-26,0.000711593103839782,LQD,"ARIMA(1,0,1)"
2020-06-29,0.0005277692461964285,LQD,"ARIMA(1,0,1)"
2020-06-30,0.0016457214788113052,LQD,"ARIMA(1,0,1)"
2020-07-01,0.0010041659467734726,LQD,"ARIMA(1,0,1)"
2020-07-02,0.0014056589788346934,LQD,"ARIMA(1,0,1)"
2020-07-06,0.0009151830233366529,LQD,"ARIMA(1,0,1)"
2020-07-07,0.0010474627021367345,LQD,"ARIMA(1,0,1)"
2020-07-08,0.0006725167020928378,LQD,"ARIMA(1,0,1)"
2020-07-09,-0.00015640299015309627,LQD,"ARIMA(1,0,1)"
2020-07-10,0.002077380616480427,LQD,"ARIMA(1,0,1)"
2020-07-13,-0.0003450411305025464,LQD,"ARIMA(1,0,1)"
2020-07-14,-0.00033349991978816893,LQD,"ARIMA(1,0,1)"
2020-07-15,0.002174951523411432,LQD,"ARIMA(1,0,1)"
2020-07-16,0.000782481229069534,LQD,"ARIMA(1,0,1)"
2020-07-17,0.0011656589256406973,LQD,"ARIMA(1,0,1)"
2020-07-20,0.001098766215649985,LQD,"ARIMA(1,0,1)"
2020-07-21,0.0011396126573653199,LQD,"ARIMA(1,0,1)"
2020-07-22,0.0006998069400855351,LQD,"ARIMA(1,0,1)"
2020-07-23,0.0013358913584126603,LQD,"ARIMA(1,0,1)"
2020-07-24,0.0005049168014796657,LQD,"ARIMA(1,0,1)"
2020-07-27,-0.0002778840746141619,LQD,"ARIMA(1,0,1)"
2020-07-28,-0.000442913919305561,LQD,"ARIMA(1,0,1)"
2020-07-29,0.0001751235943754615,LQD,"ARIMA(1,0,1)"
2020-07-30,0.0020413198429507047,LQD,"ARIMA(1,0,1)"
2020-07-31,-0.00010721818132545472,LQD,"ARIMA(1,0,1)"
2020-08-03,0.0008404053242961688,LQD,"ARIMA(1,0,1)"
2020-08-04,0.0007230635601577051,LQD,"ARIMA(1,0,1)"
2020-08-05,0.0014439648655033813,LQD,"ARIMA(1,0,1)"
2020-08-06,-0.0001634676257856743,LQD,"ARIMA(1,0,1)"
2020-08-07,0.0017046056317951157,LQD,"ARIMA(1,0,1)"
2020-08-10,-0.0006312747648786975,LQD,"ARIMA(1,0,1)"
2020-08-11,-0.00016340952038737836,LQD,"ARIMA(1,0,1)"
2020-08-12,-0.001496264869902399,LQD,"ARIMA(1,0,1)"
2020-08-13,-0.00020929579079902064,LQD,"ARIMA(1,0,1)"
2020-08-14,-0.0023697340952106814,LQD,"ARIMA(1,0,1)"
2020-08-17,-0.0007799614907904415,LQD,"ARIMA(1,0,1)"
2020-08-18,0.0009936284459016842,LQD,"ARIMA(1,0,1)"
2020-08-19,0.0010625050356922188,LQD,"ARIMA(1,0,1)"
2020-08-20,-0.0006315958915540692,LQD,"ARIMA(1,0,1)"
2020-08-21,0.001415950580053216,LQD,"ARIMA(1,0,1)"
2020-08-24,0.0006961474792399105,LQD,"ARIMA(1,0,1)"
2020-08-25,-0.0003213468502487599,LQD,"ARIMA(1,0,1)"
2020-08-26,-0.0009980616466680832,LQD,"ARIMA(1,0,1)"
2020-08-27,0.00048204272981461783,LQD,"ARIMA(1,0,1)"
2020-08-28,-0.002232812688569135,LQD,"ARIMA(1,0,1)"
2020-08-31,0.001396043744988949,LQD,"ARIMA(1,0,1)"
2020-09-01,0.0014354136928500729,LQD,"ARIMA(1,0,1)"
2020-09-02,0.0020291139719336247,LQD,"ARIMA(1,0,1)"
2020-09-03,0.001251398816729334,LQD,"ARIMA(1,0,1)"
2020-09-04,-0.0005003467131499612,LQD,"ARIMA(1,0,1)"
2020-09-08,-0.002967116787270625,LQD,"ARIMA(1,0,1)"
2020-09-09,0.000931150070219066,LQD,"ARIMA(1,0,1)"
2020-09-10,0.00040868671360389517,LQD,"ARIMA(1,0,1)"
2020-09-11,0.0005016396834999285,LQD,"ARIMA(1,0,1)"
2020-09-14,0.0004895369671589079,LQD,"ARIMA(1,0,1)"
2020-09-15,0.001071921852118938,LQD,"ARIMA(1,0,1)"
2020-09-16,0.0005667407384710028,LQD,"ARIMA(1,0,1)"
2020-09-17,0.00048604033047171204,LQD,"ARIMA(1,0,1)"
2020-09-18,0.00035402036022089643,LQD,"ARIMA(1,0,1)"
2020-09-21,-0.0002712169504674764,LQD,"ARIMA(1,0,1)"
2020-09-22,4.896131815137903e-05,LQD,"ARIMA(1,0,1)"
2020-09-23,0.00048478981222053335,LQD,"ARIMA(1,0,1)"
2020-09-24,-0.002021600171708495,LQD,"ARIMA(1,0,1)"
2020-09-25,-0.0002340974644707822,LQD,"ARIMA(1,0,1)"
2020-09-28,-1.4127354932205543e-05,LQD,"ARIMA(1,0,1)"
2020-09-29,0.0018439703271742906,LQD,"ARIMA(1,0,1)"
2020-09-30,-0.0003423925780503974,LQD,"ARIMA(1,0,1)"
2020-10-01,0.00026951626771977357,LQD,"ARIMA(1,0,1)"
2020-10-02,0.0011003593544785255,LQD,"ARIMA(1,0,1)"
2020-10-05,0.00018008323645386367,LQD,"ARIMA(1,0,1)"
2020-10-06,-0.0008054570453456134,LQD,"ARIMA(1,0,1)"
2020-10-07,0.00010695824081345188,LQD,"ARIMA(1,0,1)"
2020-10-08,0.0003408977904835123,LQD,"ARIMA(1,0,1)"
2020-10-09,0.0009771958797980206,LQD,"ARIMA(1,0,1)"
2020-10-12,0.0008765920303943604,LQD,"ARIMA(1,0,1)"
2020-10-13,0.0019856258874257986,LQD,"ARIMA(1,0,1)"
2020-10-14,-0.00023515136665809268,LQD,"ARIMA(1,0,1)"
2020-10-15,0.0006401885243660359,LQD,"ARIMA(1,0,1)"
2020-10-16,-8.443859927779768e-05,LQD,"ARIMA(1,0,1)"
2020-10-19,-0.00020979819786895898,LQD,"ARIMA(1,0,1)"
2020-10-20,-0.0002760327614325395,LQD,"ARIMA(1,0,1)"
2020-10-21,-0.0003138431877736087,LQD,"ARIMA(1,0,1)"
2020-10-22,-0.0001836704631870409,LQD,"ARIMA(1,0,1)"
2020-10-23,-0.0003930437265828763,LQD,"ARIMA(1,0,1)"
2020-10-26,0.001098147272663014,LQD,"ARIMA(1,0,1)"
2020-10-27,0.0007871915405239484,LQD,"ARIMA(1,0,1)"
2020-10-28,0.0014593218332951076,LQD,"ARIMA(1,0,1)"
2020-10-29,-0.0013979945758676427,LQD,"ARIMA(1,0,1)"
2020-10-30,-0.00035161719574866124,LQD,"ARIMA(1,0,1)"
2020-11-02,-0.0013135918714568592,LQD,"ARIMA(1,0,1)"
2020-11-03,0.001596993730981688,LQD,"ARIMA(1,0,1)"
2020-11-04,0.0003671404268964003,LQD,"ARIMA(1,0,1)"
2020-11-05,0.004875888159167477,LQD,"ARIMA(1,0,1)"
2020-11-06,0.0009265966626524587,LQD,"ARIMA(1,0,1)"
2020-11-09,-0.0007388868279556408,LQD,"ARIMA(1,0,1)"
2020-11-10,-0.0019373746139460788,LQD,"ARIMA(1,0,1)"
2020-11-11,-0.00025588675582071963,LQD,"ARIMA(1,0,1)"
2020-11-12,0.0009227614447288046,LQD,"ARIMA(1,0,1)"
2020-11-13,0.0014503939615189549,LQD,"ARIMA(1,0,1)"
2020-11-16,0.0005021514991842618,LQD,"ARIMA(1,0,1)"
2020-11-17,0.0012616808685916921,LQD,"ARIMA(1,0,1)"
2020-11-18,0.0011754847433395267,LQD,"ARIMA(1,0,1)"
2020-11-19,0.0008448241877215372,LQD,"ARIMA(1,0,1)"
2020-11-20,0.0019557425083355636,LQD,"ARIMA(1,0,1)"
2020-11-23,-0.00015737087696672178,LQD,"ARIMA(1,0,1)"
2020-11-24,0.0007425184506218431,LQD,"ARIMA(1,0,1)"
2020-11-25,-0.00046023462171068154,LQD,"ARIMA(1,0,1)"
2020-11-27,0.0005496215613269683,LQD,"ARIMA(1,0,1)"
2020-11-30,0.0013648245681156007,LQD,"ARIMA(1,0,1)"
2020-12-01,0.0012602892832824443,LQD,"ARIMA(1,0,1)"
2020-12-02,-0.0009857279170029916,LQD,"ARIMA(1,0,1)"
2020-12-03,-0.0006111155394092738,LQD,"ARIMA(1,0,1)"
2020-12-04,0.001624359851662205,LQD,"ARIMA(1,0,1)"
2020-12-07,-0.0015977141211581216,LQD,"ARIMA(1,0,1)"
2020-12-08,0.0007774797406200611,LQD,"ARIMA(1,0,1)"
2020-12-09,-0.0001396036149105857,LQD,"ARIMA(1,0,1)"
2020-12-10,-0.0008178056064836898,LQD,"ARIMA(1,0,1)"
2020-12-11,0.0019671574236722433,LQD,"ARIMA(1,0,1)"
2020-12-14,0.0004000465149599233,LQD,"ARIMA(1,0,1)"
2020-12-15,2.6794227973538608e-05,LQD,"ARIMA(1,0,1)"
2020-12-16,0.0009265837545238129,LQD,"ARIMA(1,0,1)"
2020-12-17,-5.06799937723805e-05,LQD,"ARIMA(1,0,1)"
2020-12-18,0.0007853458557937766,LQD,"ARIMA(1,0,1)"
2020-12-21,-7.657398735369265e-06,LQD,"ARIMA(1,0,1)"
2020-12-22,-0.00030178377349597974,LQD,"ARIMA(1,0,1)"
2020-12-23,0.0012236649135228725,LQD,"ARIMA(1,0,1)"
2020-12-24,0.00023313535331062656,LQD,"ARIMA(1,0,1)"
2020-12-28,0.0013607282715486387,LQD,"ARIMA(1,0,1)"
2020-12-29,0.00035487767217045387,LQD,"ARIMA(1,0,1)"
2020-12-30,0.0004058184818693726,LQD,"ARIMA(1,0,1)"
2020-12-31,0.0006892849182691505,LQD,"ARIMA(1,0,1)"
2021-01-04,0.0003119222889926985,LQD,"ARIMA(1,0,1)"
2021-01-05,-0.0013290219487210324,LQD,"ARIMA(1,0,1)"
2021-01-06,-0.0005444632219123643,LQD,"ARIMA(1,0,1)"
2021-01-07,-0.0022115396958542195,LQD,"ARIMA(1,0,1)"
2021-01-08,0.0004976025069569573,LQD,"ARIMA(1,0,1)"
2021-01-11,-2.0438877852714467e-05,LQD,"ARIMA(1,0,1)"
2021-01-12,-0.0010970541940513348,LQD,"ARIMA(1,0,1)"
2021-01-13,0.0010563986694999926,LQD,"ARIMA(1,0,1)"
2021-01-14,0.002574487085798927,LQD,"ARIMA(1,0,1)"
2021-01-15,-0.0014023025966587216,LQD,"ARIMA(1,0,1)"
2021-01-19,0.0009078298677918474,LQD,"ARIMA(1,0,1)"
2021-01-20,0.0007065164619352875,LQD,"ARIMA(1,0,1)"
2021-01-21,7.470530836438491e-05,LQD,"ARIMA(1,0,1)"
2021-01-22,-0.0010094132161519607,LQD,"ARIMA(1,0,1)"
2021-01-25,0.000122879614793623,LQD,"ARIMA(1,0,1)"
2021-01-26,0.0015527608811075283,LQD,"ARIMA(1,0,1)"
2021-01-27,1.7234578038118216e-05,LQD,"ARIMA(1,0,1)"
2021-01-28,-0.0003227084283664359,LQD,"ARIMA(1,0,1)"
2021-01-29,-0.00025107213067090565,LQD,"ARIMA(1,0,1)"
2021-02-01,-0.00024543909375560416,LQD,"ARIMA(1,0,1)"
2021-02-02,0.0008484522974719095,LQD,"ARIMA(1,0,1)"
2021-02-03,-0.0007376344788282669,LQD,"ARIMA(1,0,1)"
2021-02-04,-0.00045086928494429966,LQD,"ARIMA(1,0,1)"
2021-02-05,0.0007903403389937671,LQD,"ARIMA(1,0,1)"
2021-02-08,-0.0007287671215566057,LQD,"ARIMA(1,0,1)"
2021-02-09,0.0016234003064277626,LQD,"ARIMA(1,0,1)"
2021-02-10,-0.0004908523097263509,LQD,"ARIMA(1,0,1)"
2021-02-11,0.0009881134798256292,LQD,"ARIMA(1,0,1)"
2021-02-12,-0.000749631910079972,LQD,"ARIMA(1,0,1)"
2021-02-16,-0.0007383390556034714,LQD,"ARIMA(1,0,1)"
2021-02-17,-0.0019586374662443266,LQD,"ARIMA(1,0,1)"
2021-02-18,0.001935155088137444,LQD,"ARIMA(1,0,1)"
2021-02-19,-0.0006581579564225766,LQD,"ARIMA(1,0,1)"
2021-02-22,-0.0020328269110660717,LQD,"ARIMA(1,0,1)"
2021-02-23,-0.001594514915495901,LQD,"ARIMA(1,0,1)"
2021-02-24,0.0005253742988703224,LQD,"ARIMA(1,0,1)"
2021-02-25,0.0005109701709634733,LQD,"ARIMA(1,0,1)"
2021-02-26,-0.005015039472678997,LQD,"ARIMA(1,0,1)"
2021-03-01,0.004777272702177809,LQD,"ARIMA(1,0,1)"
2021-03-02,-0.00019463215967119378,LQD,"ARIMA(1,0,1)"
2021-03-03,-0.00022053357211330863,LQD,"ARIMA(1,0,1)"
2021-03-04,-0.002189534999020383,LQD,"ARIMA(1,0,1)"
2021-03-05,-0.0022584842557855337,LQD,"ARIMA(1,0,1)"
2021-03-08,-0.0001638655144810882,LQD,"ARIMA(1,0,1)"
2021-03-09,-0.003027872736524681,LQD,"ARIMA(1,0,1)"
2021-03-10,0.0029807387428571826,LQD,"ARIMA(1,0,1)"
2021-03-11,-0.00015814351432817653,LQD,"ARIMA(1,0,1)"
2021-03-12,0.00022374634195160243,LQD,"ARIMA(1,0,1)"
2021-03-15,-0.004020467006194447,LQD,"ARIMA(1,0,1)"
2021-03-16,0.002099697349421226,LQD,"ARIMA(1,0,1)"
2021-03-17,-0.0002565103729566018,LQD,"ARIMA(1,0,1)"
2021-03-18,0.0009181051345459547,LQD,"ARIMA(1,0,1)"
2021-03-19,0.00027223356667891666,LQD,"ARIMA(1,0,1)"
2021-03-22,-2.9549502294160934e-06,LQD,"ARIMA(1,0,1)"
2021-03-23,0.0015915995807766858,LQD,"ARIMA(1,0,1)"
2021-03-24,0.0008491371496103026,LQD,"ARIMA(1,0,1)"
2021-03-25,0.000515940869756942,LQD,"ARIMA(1,0,1)"
2021-03-26,0.00032646525420917597,LQD,"ARIMA(1,0,1)"
2021-03-29,0.00032016480716687393,LQD,"ARIMA(1,0,1)"
2021-03-30,0.0003187496360538601,LQD,"ARIMA(1,0,1)"
2021-03-31,0.0004274182046317013,LQD,"ARIMA(1,0,1)"
2021-04-01,0.0002736138599398597,LQD,"ARIMA(1,0,1)"
2021-04-05,0.00038949985186359314,LQD,"ARIMA(1,0,1)"
2021-04-06,0.00035881533956231117,LQD,"ARIMA(1,0,1)"
2021-04-07,0.00040485718969137963,LQD,"ARIMA(1,0,1)"
2021-04-08,0.0011968061081327965,LQD,"ARIMA(1,0,1)"
2021-04-09,0.00025762042679846237,LQD,"ARIMA(1,0,1)"
2021-04-12,0.0004482583245884088,LQD,"ARIMA(1,0,1)"
2021-04-13,7.948368605131264e-05,LQD,"ARIMA(1,0,1)"
2021-04-14,3.614325418461442e-05,LQD,"ARIMA(1,0,1)"
2021-04-15,0.00011846948311512474,LQD,"ARIMA(1,0,1)"
2021-04-16,2.9456340925545143e-05,LQD,"ARIMA(1,0,1)"
2021-04-19,0.00025749932015649215,LQD,"ARIMA(1,0,1)"
2021-04-20,0.00022437751640459863,LQD,"ARIMA(1,0,1)"
2021-04-21,0.00014395902257554024,LQD,"ARIMA(1,0,1)"
2021-04-22,9.615929146291428e-05,LQD,"ARIMA(1,0,1)"
2021-04-23,0.00010917990372984518,LQD,"ARIMA(1,0,1)"
2021-04-26,0.0001340050416007055,LQD,"ARIMA(1,0,1)"
2021-04-27,0.00017627052939288995,LQD,"ARIMA(1,0,1)"
2021-04-28,0.00019464250526860058,LQD,"ARIMA(1,0,1)"
2021-04-29,0.00015596864992854895,LQD,"ARIMA(1,0,1)"
2021-04-30,0.00012779874469267792,LQD,"ARIMA(1,0,1)"
2021-05-03,0.00015914322165211373,LQD,"ARIMA(1,0,1)"
2021-05-04,0.00018443276349422344,LQD,"ARIMA(1,0,1)"
2021-05-05,0.00018064427080418551,LQD,"ARIMA(1,0,1)"
2021-05-06,0.000191892574271,LQD,"ARIMA(1,0,1)"
2021-05-07,0.00024393545388803886,LQD,"ARIMA(1,0,1)"
2021-05-10,0.00023482380073764044,LQD,"ARIMA(1,0,1)"
2021-05-11,0.00023271283812966134,LQD,"ARIMA(1,0,1)"
2021-05-12,0.0002527363131516806,LQD,"ARIMA(1,0,1)"
2021-05-13,0.00019245421043930533,LQD,"ARIMA(1,0,1)"
2021-05-14,0.00019895351182411253,LQD,"ARIMA(1,0,1)"
2021-05-17,0.00014010321449134123,LQD,"ARIMA(1,0,1)"
2021-05-18,0.00016855275918203997,LQD,"ARIMA(1,0,1)"
2021-05-19,0.00013302365757343748,LQD,"ARIMA(1,0,1)"
2021-05-20,0.00012294592300463627,LQD,"ARIMA(1,0,1)"
2021-05-21,0.00010923310000088739,LQD,"ARIMA(1,0,1)"
2021-05-24,0.00011521591605418604,LQD,"ARIMA(1,0,1)"
2021-05-25,0.0001242966129837747,LQD,"ARIMA(1,0,1)"
2021-05-26,0.00014432157520002272,LQD,"ARIMA(1,0,1)"
2021-05-27,0.00012575878686561806,LQD,"ARIMA(1,0,1)"
2021-05-28,0.00011049922006634759,LQD,"ARIMA(1,0,1)"
2021-06-01,9.071481316075946e-05,LQD,"ARIMA(1,0,1)"
2021-06-02,9.035446002036435e-05,LQD,"ARIMA(1,0,1)"
2021-06-03,8.407985150588393e-05,LQD,"ARIMA(1,0,1)"
2021-06-04,7.096968312834475e-05,LQD,"ARIMA(1,0,1)"
2021-06-07,0.00011086012548589647,LQD,"ARIMA(1,0,1)"
2021-06-08,8.745325615967732e-05,LQD,"ARIMA(1,0,1)"
2021-06-09,8.928154696673915e-05,LQD,"ARIMA(1,0,1)"
2021-06-10,0.00010993568033111448,LQD,"ARIMA(1,0,1)"
2021-06-11,0.0001024491615133728,LQD,"ARIMA(1,0,1)"
2021-06-14,0.00015422005530359265,LQD,"ARIMA(1,0,1)"
2021-06-15,0.00012096680079283832,LQD,"ARIMA(1,0,1)"
2021-06-16,7.060509430269316e-05,LQD,"ARIMA(1,0,1)"
2021-06-17,7.022846198179519e-05,LQD,"ARIMA(1,0,1)"
2021-06-18,9.583183610337769e-05,LQD,"ARIMA(1,0,1)"
2021-06-21,0.00011063048416950286,LQD,"ARIMA(1,0,1)"
2021-06-22,8.573669752635415e-05,LQD,"ARIMA(1,0,1)"
2021-06-23,9.194906354285575e-05,LQD,"ARIMA(1,0,1)"
2021-06-24,9.457929853446108e-05,LQD,"ARIMA(1,0,1)"
2021-06-25,0.00011330604850997783,LQD,"ARIMA(1,0,1)"
2021-06-28,9.79774884601783e-05,LQD,"ARIMA(1,0,1)"
2021-06-29,0.00011103852358217907,LQD,"ARIMA(1,0,1)"
2021-06-30,9.827516019598398e-05,LQD,"ARIMA(1,0,1)"
2021-07-01,9.164794632509528e-05,LQD,"ARIMA(1,0,1)"
2021-07-02,7.387207298708828e-05,LQD,"ARIMA(1,0,1)"
2021-07-06,7.396980898430612e-05,LQD,"ARIMA(1,0,1)"
2021-07-07,7.824067472901116e-05,LQD,"ARIMA(1,0,1)"
2021-07-08,8.54219243266073e-05,LQD,"ARIMA(1,0,1)"
2021-07-09,9.474988509038785e-05,LQD,"ARIMA(1,0,1)"
2021-07-12,5.61506011405907e-05,LQD,"ARIMA(1,0,1)"
2021-07-13,6.140221064933869e-05,LQD,"ARIMA(1,0,1)"
2021-07-14,5.6748050649499575e-05,LQD,"ARIMA(1,0,1)"
2021-07-15,5.11779574189274e-05,LQD,"ARIMA(1,0,1)"
2021-07-16,5.1858038357639605e-05,LQD,"ARIMA(1,0,1)"
2021-07-19,3.630914463050213e-05,LQD,"ARIMA(1,0,1)"
2021-07-20,5.3484192520677824e-05,LQD,"ARIMA(1,0,1)"
2021-07-21,3.958921419327649e-05,LQD,"ARIMA(1,0,1)"
2021-07-22,1.7184321538360712e-05,LQD,"ARIMA(1,0,1)"
2021-07-23,2.2237903468479948e-05,LQD,"ARIMA(1,0,1)"
2021-07-26,1.756754436523473e-05,LQD,"ARIMA(1,0,1)"
2021-07-27,4.417773582905377e-05,LQD,"ARIMA(1,0,1)"
2021-07-28,4.674534883488173e-05,LQD,"ARIMA(1,0,1)"
2021-07-29,5.7765147094418575e-05,LQD,"ARIMA(1,0,1)"
2021-07-30,2.492168023105934e-05,LQD,"ARIMA(1,0,1)"
2021-08-02,1.2144178444265668e-05,LQD,"ARIMA(1,0,1)"
2021-08-03,3.83687263175068e-05,LQD,"ARIMA(1,0,1)"
2021-08-04,3.710918209455977e-05,LQD,"ARIMA(1,0,1)"
2021-08-05,2.4249829080521397e-05,LQD,"ARIMA(1,0,1)"
2021-08-06,1.1962899342580748e-05,LQD,"ARIMA(1,0,1)"
2021-08-09,-3.7636227015008093e-05,LQD,"ARIMA(1,0,1)"
2021-08-10,-4.334662739853214e-05,LQD,"ARIMA(1,0,1)"
2021-08-11,-4.363365942183542e-05,LQD,"ARIMA(1,0,1)"
2021-08-12,-1.2486952407675119e-05,LQD,"ARIMA(1,0,1)"
2021-08-13,2.7353451280324313e-06,LQD,"ARIMA(1,0,1)"
2021-08-16,6.54005039131704e-05,LQD,"ARIMA(1,0,1)"
2021-08-17,8.530597212411462e-05,LQD,"ARIMA(1,0,1)"
2021-08-18,7.010849504957039e-05,LQD,"ARIMA(1,0,1)"
2021-08-19,5.574128220180785e-05,LQD,"ARIMA(1,0,1)"
2021-08-20,7.523388217300937e-05,LQD,"ARIMA(1,0,1)"
2021-08-23,6.428142538598023e-05,LQD,"ARIMA(1,0,1)"
2021-08-24,5.974221178973525e-05,LQD,"ARIMA(1,0,1)"
2021-08-25,5.764735248317902e-05,LQD,"ARIMA(1,0,1)"
2021-08-26,6.464604276012505e-05,LQD,"ARIMA(1,0,1)"
2021-08-27,6.227536793381117e-05,LQD,"ARIMA(1,0,1)"
2021-08-30,0.00011573111056861701,LQD,"ARIMA(1,0,1)"
2021-08-31,0.00011037065087836398,LQD,"ARIMA(1,0,1)"
2021-09-01,8.381348957756664e-05,LQD,"ARIMA(1,0,1)"
2021-09-02,6.410497649883934e-05,LQD,"ARIMA(1,0,1)"
2021-09-03,5.5111300139346565e-05,LQD,"ARIMA(1,0,1)"
2021-09-07,4.943360639026628e-05,LQD,"ARIMA(1,0,1)"
2021-09-08,7.51190500365876e-05,LQD,"ARIMA(1,0,1)"
2021-09-09,8.484589668210994e-05,LQD,"ARIMA(1,0,1)"
2021-09-10,0.0001052234236543365,LQD,"ARIMA(1,0,1)"
2021-09-13,9.070354415386935e-05,LQD,"ARIMA(1,0,1)"
2021-09-14,9.537635751062389e-05,LQD,"ARIMA(1,0,1)"
2021-09-15,9.79951075442999e-05,LQD,"ARIMA(1,0,1)"
2021-09-16,8.932399870989691e-05,LQD,"ARIMA(1,0,1)"
2021-09-17,8.017557246066036e-05,LQD,"ARIMA(1,0,1)"
2021-09-20,7.175672519873006e-05,LQD,"ARIMA(1,0,1)"
2021-09-21,9.133517974570578e-05,LQD,"ARIMA(1,0,1)"
2021-09-22,9.483071940357565e-05,LQD,"ARIMA(1,0,1)"
2021-09-23,0.00010480869216512475,LQD,"ARIMA(1,0,1)"
2021-09-24,0.0001059294783500896,LQD,"ARIMA(1,0,1)"
2021-09-27,0.00010745275524643939,LQD,"ARIMA(1,0,1)"
2021-09-28,0.00010943404649019285,LQD,"ARIMA(1,0,1)"
2021-09-29,4.842658822402126e-05,LQD,"ARIMA(1,0,1)"
2021-09-30,5.3704150938894704e-05,LQD,"ARIMA(1,0,1)"
2021-10-01,4.1620262437430346e-05,LQD,"ARIMA(1,0,1)"
2021-10-04,5.9355430741213026e-05,LQD,"ARIMA(1,0,1)"
2021-10-05,5.223434464941721e-05,LQD,"ARIMA(1,0,1)"
2021-10-06,4.908983764041953e-05,LQD,"ARIMA(1,0,1)"
2021-10-07,5.279042168181702e-05,LQD,"ARIMA(1,0,1)"
2021-10-08,3.196082848850816e-05,LQD,"ARIMA(1,0,1)"
2021-10-11,3.7956451255174353e-06,LQD,"ARIMA(1,0,1)"
2021-10-12,-7.757339895134533e-06,LQD,"ARIMA(1,0,1)"
2021-10-13,-6.62925378776507e-06,LQD,"ARIMA(1,0,1)"
2021-10-14,1.3438968976274414e-05,LQD,"ARIMA(1,0,1)"
2021-10-15,2.6447408415699636e-05,LQD,"ARIMA(1,0,1)"
2021-10-18,1.971175451072825e-05,LQD,"ARIMA(1,0,1)"
2021-10-19,2.3751388691076775e-05,LQD,"ARIMA(1,0,1)"
2021-10-20,9.269432159795018e-06,LQD,"ARIMA(1,0,1)"
2021-10-21,8.04301159181442e-06,LQD,"ARIMA(1,0,1)"
2021-10-22,6.4290443626153275e-06,LQD,"ARIMA(1,0,1)"
2021-10-25,3.117188908086277e-05,LQD,"ARIMA(1,0,1)"
2021-10-26,2.2917388387733427e-05,LQD,"ARIMA(1,0,1)"
2021-10-27,3.0766170968499107e-05,LQD,"ARIMA(1,0,1)"
2021-10-28,3.9495484161909194e-05,LQD,"ARIMA(1,0,1)"
2021-10-29,5.352213291441313e-05,LQD,"ARIMA(1,0,1)"
2021-11-01,6.0798601087882555e-05,LQD,"ARIMA(1,0,1)"
2021-11-02,7.44185709377159e-05,LQD,"ARIMA(1,0,1)"
2021-11-03,7.408499054086541e-05,LQD,"ARIMA(1,0,1)"
2021-11-04,6.011404927317553e-05,LQD,"ARIMA(1,0,1)"
2021-11-05,2.2634686888252898e-05,LQD,"ARIMA(1,0,1)"
2021-11-08,3.6938315552962684e-05,LQD,"ARIMA(1,0,1)"
2021-11-09,4.030977663502103e-05,LQD,"ARIMA(1,0,1)"
2021-11-10,-0.0002006411270708598,LQD,"ARIMA(1,0,1)"
2021-11-11,0.000612577144739033,LQD,"ARIMA(1,0,1)"
2021-11-12,0.0003919818706499302,LQD,"ARIMA(1,0,1)"
2021-11-15,0.00024093465749003566,LQD,"ARIMA(1,0,1)"
2021-11-16,0.0003856367653039105,LQD,"ARIMA(1,0,1)"
2021-11-17,0.00019033112831123736,LQD,"ARIMA(1,0,1)"
2021-11-18,0.00015631098600384988,LQD,"ARIMA(1,0,1)"
2021-11-19,0.00012719203934516342,LQD,"ARIMA(1,0,1)"
2021-11-22,-0.0001286767866345598,LQD,"ARIMA(1,0,1)"
2021-11-23,4.614098622166967e-05,LQD,"ARIMA(1,0,1)"
2021-11-24,-0.00010807679168486938,LQD,"ARIMA(1,0,1)"
2021-11-26,-8.602256379584258e-05,LQD,"ARIMA(1,0,1)"
2021-11-29,-5.2603764375525546e-05,LQD,"ARIMA(1,0,1)"
2021-11-30,-6.402445656584363e-05,LQD,"ARIMA(1,0,1)"
2021-12-01,-6.929719055740445e-05,LQD,"ARIMA(1,0,1)"
2021-12-02,-5.3499144736656136e-05,LQD,"ARIMA(1,0,1)"
2021-12-03,-3.101218156040249e-05,LQD,"ARIMA(1,0,1)"
2021-12-06,-1.3690354422136445e-05,LQD,"ARIMA(1,0,1)"
2021-12-07,-1.2035716952775647e-05,LQD,"ARIMA(1,0,1)"
2021-12-08,-1.3835975582042043e-05,LQD,"ARIMA(1,0,1)"
2021-12-09,-3.5788209198003643e-05,LQD,"ARIMA(1,0,1)"
2021-12-10,-2.6406518870538733e-05,LQD,"ARIMA(1,0,1)"
2021-12-13,-3.7953815930512595e-05,LQD,"ARIMA(1,0,1)"
2021-12-14,-2.2849237480886567e-05,LQD,"ARIMA(1,0,1)"
2021-12-15,-3.784773877178561e-05,LQD,"ARIMA(1,0,1)"
2021-12-16,-4.1107623354936114e-05,LQD,"ARIMA(1,0,1)"
2021-12-17,-3.751544172878799e-05,LQD,"ARIMA(1,0,1)"
2021-12-20,-3.40418492115544e-05,LQD,"ARIMA(1,0,1)"
2021-12-21,-5.3663033314881274e-05,LQD,"ARIMA(1,0,1)"
2021-12-22,-3.2891240038928595e-05,LQD,"ARIMA(1,0,1)"
2021-12-23,-3.761704873832875e-05,LQD,"ARIMA(1,0,1)"
2021-12-27,-4.445772533462257e-05,LQD,"ARIMA(1,0,1)"
2021-12-28,-4.766560125344923e-05,LQD,"ARIMA(1,0,1)"
2021-12-29,-5.914117569160425e-05,LQD,"ARIMA(1,0,1)"
2021-12-30,-8.05059064554962e-05,LQD,"ARIMA(1,0,1)"
2021-12-31,-7.073107456639667e-05,LQD,"ARIMA(1,0,1)"
2022-01-03,-7.755581956885637e-05,LQD,"ARIMA(1,0,1)"
2022-01-04,-9.979284115783411e-05,LQD,"ARIMA(1,0,1)"
2022-01-05,-8.377995817655551e-05,LQD,"ARIMA(1,0,1)"
2022-01-06,-7.826951607402772e-05,LQD,"ARIMA(1,0,1)"
2022-01-07,-7.888113347026153e-05,LQD,"ARIMA(1,0,1)"
2022-01-10,-9.358108191388999e-05,LQD,"ARIMA(1,0,1)"
2022-01-11,-7.928561804889683e-05,LQD,"ARIMA(1,0,1)"
2022-01-12,-7.595182364021928e-05,LQD,"ARIMA(1,0,1)"
2022-01-13,-0.00010647892495659178,LQD,"ARIMA(1,0,1)"
2022-01-14,-7.901546872646937e-05,LQD,"ARIMA(1,0,1)"
2022-01-18,-0.00012033988556023403,LQD,"ARIMA(1,0,1)"
2022-01-19,-0.00016830395592301218,LQD,"ARIMA(1,0,1)"
2022-01-20,-0.0001607722801798881,LQD,"ARIMA(1,0,1)"
2022-01-21,-0.00014275115149456216,LQD,"ARIMA(1,0,1)"
2022-01-24,-0.00011361144590755276,LQD,"ARIMA(1,0,1)"
2022-01-25,-0.00014472615912175445,LQD,"ARIMA(1,0,1)"
2022-01-26,-0.0001555815365684948,LQD,"ARIMA(1,0,1)"
2022-01-27,-0.00017557364446705597,LQD,"ARIMA(1,0,1)"
2022-01-28,-0.00015908934775197658,LQD,"ARIMA(1,0,1)"
2022-01-31,-0.00014742762771780346,LQD,"ARIMA(1,0,1)"
2022-02-01,-0.00015338586722389385,LQD,"ARIMA(1,0,1)"
2022-02-02,-0.0001401761287797034,LQD,"ARIMA(1,0,1)"
2022-02-03,-0.00013038644720417036,LQD,"ARIMA(1,0,1)"
2022-02-04,-0.00016835562339265848,LQD,"ARIMA(1,0,1)"
2022-02-07,-0.00019719108182051265,LQD,"ARIMA(1,0,1)"
2022-02-08,-0.00020697206769695499,LQD,"ARIMA(1,0,1)"
2022-02-09,-0.0002159898962646818,LQD,"ARIMA(1,0,1)"
2022-02-10,-0.00021282352035982853,LQD,"ARIMA(1,0,1)"
2022-02-11,-0.00025558959333096083,LQD,"ARIMA(1,0,1)"
2022-02-14,0.0004141369879484744,LQD,"ARIMA(1,0,1)"
2022-02-15,0.0013840549406325426,LQD,"ARIMA(1,0,1)"
2022-02-16,-0.0007511336787284384,LQD,"ARIMA(1,0,1)"
2022-02-17,-0.0003863512917810033,LQD,"ARIMA(1,0,1)"
2022-02-18,-0.00023855578599368382,LQD,"ARIMA(1,0,1)"
2022-02-22,-0.00030429396107126876,LQD,"ARIMA(1,0,1)"
2022-02-23,-0.00017831897686062989,LQD,"ARIMA(1,0,1)"
2022-02-24,-0.0002320137456615907,LQD,"ARIMA(1,0,1)"
2022-02-25,-0.00014906638023052393,LQD,"ARIMA(1,0,1)"
2022-02-28,-0.00018518885320582834,LQD,"ARIMA(1,0,1)"
2022-03-01,-0.0001470290336598883,LQD,"ARIMA(1,0,1)"
2022-03-02,-0.0001286849927357848,LQD,"ARIMA(1,0,1)"
2022-03-03,-0.00015990007709964563,LQD,"ARIMA(1,0,1)"
2022-03-04,-0.00011311566646323925,LQD,"ARIMA(1,0,1)"
2022-03-07,-0.00010385590120009282,LQD,"ARIMA(1,0,1)"
2022-03-08,-0.00011529408455366634,LQD,"ARIMA(1,0,1)"
2022-03-09,-0.0001689885364868783,LQD,"ARIMA(1,0,1)"
2022-03-10,-0.00018041755511988164,LQD,"ARIMA(1,0,1)"
2022-03-11,-0.0002296375362889979,LQD,"ARIMA(1,0,1)"
2022-03-14,-0.00018287506190311242,LQD,"ARIMA(1,0,1)"
2022-03-15,-0.00025521863799991064,LQD,"ARIMA(1,0,1)"
2022-03-16,-0.00022135277130284792,LQD,"ARIMA(1,0,1)"
2022-03-17,-0.00019029119193395968,LQD,"ARIMA(1,0,1)"
2022-03-18,-0.00012768704223574997,LQD,"ARIMA(1,0,1)"
2022-03-21,-0.00012563995144448332,LQD,"ARIMA(1,0,1)"
2022-03-22,-0.00019524787667842325,LQD,"ARIMA(1,0,1)"
2022-03-23,-0.0002200409875365447,LQD,"ARIMA(1,0,1)"
2022-03-24,-0.0002204606176293645,LQD,"ARIMA(1,0,1)"
2022-03-25,-0.00021391698638425306,LQD,"ARIMA(1,0,1)"
2022-03-28,-0.00024243428357202294,LQD,"ARIMA(1,0,1)"
2022-03-29,-0.00021104437325379448,LQD,"ARIMA(1,0,1)"
2022-03-30,-0.0001910357302305027,LQD,"ARIMA(1,0,1)"
2022-03-31,-0.00019223128873934242,LQD,"ARIMA(1,0,1)"
2022-04-01,-0.00022523419325177558,LQD,"ARIMA(1,0,1)"
2022-04-04,-0.00019244266337377683,LQD,"ARIMA(1,0,1)"
2022-04-05,-0.00020369075087276958,LQD,"ARIMA(1,0,1)"
2022-04-06,-0.000271498488821481,LQD,"ARIMA(1,0,1)"
2022-04-07,-0.000304781033767145,LQD,"ARIMA(1,0,1)"
2022-04-08,-0.00031658226071867206,LQD,"ARIMA(1,0,1)"
2022-04-11,-0.0008494348017285044,LQD,"ARIMA(1,0,1)"
2022-04-12,-0.0009807160340621888,LQD,"ARIMA(1,0,1)"
2022-04-13,-0.00047460443678815024,LQD,"ARIMA(1,0,1)"
2022-04-14,-0.00022001911859964877,LQD,"ARIMA(1,0,1)"
2022-04-18,-0.0007247848556116,LQD,"ARIMA(1,0,1)"
2022-04-19,-0.0007958999613281205,LQD,"ARIMA(1,0,1)"
2022-04-20,-0.0008915343421288257,LQD,"ARIMA(1,0,1)"
2022-04-21,-0.0002861352556575376,LQD,"ARIMA(1,0,1)"
2022-04-22,-0.0010330985857069028,LQD,"ARIMA(1,0,1)"
2022-04-25,-0.0006062939586993531,LQD,"ARIMA(1,0,1)"
2022-04-26,-0.00026627249443658284,LQD,"ARIMA(1,0,1)"
2022-04-27,-0.0003813654950395798,LQD,"ARIMA(1,0,1)"
2022-04-28,-0.0006277137034942092,LQD,"ARIMA(1,0,1)"
2022-04-29,-0.0004511140794505999,LQD,"ARIMA(1,0,1)"
2022-05-02,-0.0005622177327498375,LQD,"ARIMA(1,0,1)"
2022-05-03,-0.0006528830163510053,LQD,"ARIMA(1,0,1)"
2022-05-04,-0.0004856018565718899,LQD,"ARIMA(1,0,1)"
2022-05-05,-0.00028009811359551526,LQD,"ARIMA(1,0,1)"
2022-05-06,-0.0004678974302252351,LQD,"ARIMA(1,0,1)"
2022-05-09,-0.0006780224360480166,LQD,"ARIMA(1,0,1)"
2022-05-10,-0.000545945472432631,LQD,"ARIMA(1,0,1)"
2022-05-11,-0.0005060710344301906,LQD,"ARIMA(1,0,1)"
2022-05-12,-0.0004377799513186224,LQD,"ARIMA(1,0,1)"
2022-05-13,-0.00048334471608085924,LQD,"ARIMA(1,0,1)"
2022-05-16,-0.0005780657899513681,LQD,"ARIMA(1,0,1)"
2022-05-17,-0.000528507898006533,LQD,"ARIMA(1,0,1)"
2022-05-18,-0.000569786657839362,LQD,"ARIMA(1,0,1)"
2022-05-19,-0.0005225363163726891,LQD,"ARIMA(1,0,1)"
2022-05-20,-0.0005405526878848515,LQD,"ARIMA(1,0,1)"
2022-05-23,-0.0005091316839603348,LQD,"ARIMA(1,0,1)"
2022-05-24,-0.000548318187697583,LQD,"ARIMA(1,0,1)"
2022-05-25,-0.0005987101355026262,LQD,"ARIMA(1,0,1)"
2022-05-26,-0.00024813670467658774,LQD,"ARIMA(1,0,1)"
2022-05-27,-0.00042569700993539035,LQD,"ARIMA(1,0,1)"
2022-05-31,-0.0003146211632476414,LQD,"ARIMA(1,0,1)"
2022-06-01,-0.0005830902459291812,LQD,"ARIMA(1,0,1)"
2022-06-02,-0.0006357501384701675,LQD,"ARIMA(1,0,1)"
2022-06-03,-0.0004545779631971045,LQD,"ARIMA(1,0,1)"
2022-06-06,-0.0005777911297466323,LQD,"ARIMA(1,0,1)"
2022-06-07,-0.0006850626178881516,LQD,"ARIMA(1,0,1)"
2022-06-08,-0.00046011585532527413,LQD,"ARIMA(1,0,1)"
2022-06-09,-0.0006248258265835838,LQD,"ARIMA(1,0,1)"
2022-06-10,-0.0007177285761493951,LQD,"ARIMA(1,0,1)"
2022-06-13,-0.0008773283511707037,LQD,"ARIMA(1,0,1)"
2022-06-14,-0.0018164124521558094,LQD,"ARIMA(1,0,1)"
2022-06-15,-0.00045162619154024385,LQD,"ARIMA(1,0,1)"
2022-06-16,0.00020525768355945386,LQD,"ARIMA(1,0,1)"
2022-06-17,-0.000866650101411269,LQD,"ARIMA(1,0,1)"
2022-06-21,-0.0004975324192285677,LQD,"ARIMA(1,0,1)"
2022-06-22,-0.0012956476287184914,LQD,"ARIMA(1,0,1)"
2022-06-23,-0.0003049877236973581,LQD,"ARIMA(1,0,1)"
2022-06-24,-0.0002993945000750232,LQD,"ARIMA(1,0,1)"
2022-06-27,-0.0006424090823346069,LQD,"ARIMA(1,0,1)"
2022-06-28,-0.001178086384174749,LQD,"ARIMA(1,0,1)"
2022-06-29,-0.0006597069758844602,LQD,"ARIMA(1,0,1)"
2022-06-30,-0.000355425082772197,LQD,"ARIMA(1,0,1)"
2022-07-01,-0.0005302559891670379,LQD,"ARIMA(1,0,1)"
2022-07-05,0.0001178756818421173,LQD,"ARIMA(1,0,1)"
2022-07-06,-0.0007231081081884035,LQD,"ARIMA(1,0,1)"
2022-07-07,-0.0009358611458209247,LQD,"ARIMA(1,0,1)"
2022-07-08,-0.0006438656951214992,LQD,"ARIMA(1,0,1)"
2022-07-11,-0.0007784693134841028,LQD,"ARIMA(1,0,1)"
2022-07-12,-0.0004706365377491169,LQD,"ARIMA(1,0,1)"
2022-07-13,-0.0005845737897151684,LQD,"ARIMA(1,0,1)"
2022-07-14,-0.00014946959422586497,LQD,"ARIMA(1,0,1)"
2022-07-15,-0.0010183455262961865,LQD,"ARIMA(1,0,1)"
2022-07-18,-0.0002227161431932115,LQD,"ARIMA(1,0,1)"
2022-07-19,-0.0009017997355439269,LQD,"ARIMA(1,0,1)"
2022-07-20,-0.0005974830421817064,LQD,"ARIMA(1,0,1)"
2022-07-21,-0.0006918562030163306,LQD,"ARIMA(1,0,1)"
2022-07-22,-0.00010684320994198005,LQD,"ARIMA(1,0,1)"
2022-07-25,-7.519994004101657e-05,LQD,"ARIMA(1,0,1)"
2022-07-26,-0.0008900415960869664,LQD,"ARIMA(1,0,1)"
2022-07-27,-0.0006639195097430744,LQD,"ARIMA(1,0,1)"
2022-07-28,-0.0003154360433590918,LQD,"ARIMA(1,0,1)"
2022-07-29,-0.00011754677720325819,LQD,"ARIMA(1,0,1)"
2022-08-01,-0.00037952694782401744,LQD,"ARIMA(1,0,1)"
2022-08-02,-0.00042581318718009915,LQD,"ARIMA(1,0,1)"
2022-08-03,-0.0011661561700987136,LQD,"ARIMA(1,0,1)"
2022-08-04,-0.0003665280622529029,LQD,"ARIMA(1,0,1)"
2022-08-05,-0.00045732420234629125,LQD,"ARIMA(1,0,1)"
2022-08-08,-0.0009421493721571085,LQD,"ARIMA(1,0,1)"
2022-08-09,-0.0005477794662888025,LQD,"ARIMA(1,0,1)"
2022-08-10,-0.0006385065074794401,LQD,"ARIMA(1,0,1)"
2022-08-11,-0.00046802722737117374,LQD,"ARIMA(1,0,1)"
2022-08-12,-0.000562199685029444,LQD,"ARIMA(1,0,1)"
2022-08-15,-0.0010003801103111607,LQD,"ARIMA(1,0,1)"
2022-08-16,-0.0010907414594911403,LQD,"ARIMA(1,0,1)"
2022-08-17,-0.0007434469752285251,LQD,"ARIMA(1,0,1)"
2022-08-18,-0.000991509923725872,LQD,"ARIMA(1,0,1)"
2022-08-19,-0.0010902615830965072,LQD,"ARIMA(1,0,1)"
2022-08-22,-0.0006618839859433279,LQD,"ARIMA(1,0,1)"
2022-08-23,-0.000617819916328511,LQD,"ARIMA(1,0,1)"
2022-08-24,-0.0006287617287296303,LQD,"ARIMA(1,0,1)"
2022-08-25,-0.0005467760170350287,LQD,"ARIMA(1,0,1)"
2022-08-26,-0.00064166429410557,LQD,"ARIMA(1,0,1)"
2022-08-29,-0.0006643495658851747,LQD,"ARIMA(1,0,1)"
2022-08-30,-0.0007157845361083099,LQD,"ARIMA(1,0,1)"
2022-08-31,-0.001060198126284674,LQD,"ARIMA(1,0,1)"
2022-09-01,-0.0007503081318550363,LQD,"ARIMA(1,0,1)"
2022-09-02,-0.00045479138168701366,LQD,"ARIMA(1,0,1)"
2022-09-06,-0.00057901290371985,LQD,"ARIMA(1,0,1)"
2022-09-07,-0.0003310225185662178,LQD,"ARIMA(1,0,1)"
2022-09-08,-0.0007489610210239344,LQD,"ARIMA(1,0,1)"
2022-09-09,-0.0007701815699260843,LQD,"ARIMA(1,0,1)"
2022-09-12,-0.0007891295787236504,LQD,"ARIMA(1,0,1)"
2022-09-13,-0.0007864955000409412,LQD,"ARIMA(1,0,1)"
2022-09-14,-0.0008248884136777698,LQD,"ARIMA(1,0,1)"
2022-09-15,-0.0008180811100361339,LQD,"ARIMA(1,0,1)"
2022-09-16,-0.0008325737204056971,LQD,"ARIMA(1,0,1)"
2022-09-19,-0.0008362685366498427,LQD,"ARIMA(1,0,1)"
2022-09-20,-0.0008202005884477346,LQD,"ARIMA(1,0,1)"
2022-09-21,-0.0008728781821129265,LQD,"ARIMA(1,0,1)"
2022-09-22,-0.0008577133402173449,LQD,"ARIMA(1,0,1)"
2022-09-23,-0.0009261259960882712,LQD,"ARIMA(1,0,1)"
2022-09-26,-0.0008012658462414078,LQD,"ARIMA(1,0,1)"
2022-09-27,-0.0009691856461178876,LQD,"ARIMA(1,0,1)"
2022-09-28,-0.0010256796874138058,LQD,"ARIMA(1,0,1)"
2022-09-29,-0.000187548246202888,LQD,"ARIMA(1,0,1)"
2022-09-30,-4.5731133206026856e-05,LQD,"ARIMA(1,0,1)"
2022-10-03,-0.00019956231925772206,LQD,"ARIMA(1,0,1)"
2022-10-04,-0.001946115839492061,LQD,"ARIMA(1,0,1)"
2022-10-05,-0.0015861918920099319,LQD,"ARIMA(1,0,1)"
2022-10-06,-0.0009340701199454478,LQD,"ARIMA(1,0,1)"
2022-10-07,-0.0008548921948143733,LQD,"ARIMA(1,0,1)"
2022-10-10,-0.0004352629604740351,LQD,"ARIMA(1,0,1)"
2022-10-11,-0.000327501348719308,LQD,"ARIMA(1,0,1)"
2022-10-12,-0.000538410678265861,LQD,"ARIMA(1,0,1)"
2022-10-13,-0.0007948906244231442,LQD,"ARIMA(1,0,1)"
2022-10-14,-0.001015735991837087,LQD,"ARIMA(1,0,1)"
2022-10-17,-0.0006262985448648496,LQD,"ARIMA(1,0,1)"
2022-10-18,-0.0010967758916421515,LQD,"ARIMA(1,0,1)"
2022-10-19,-0.0013734732610285057,LQD,"ARIMA(1,0,1)"
2022-10-20,-0.0004348256839275949,LQD,"ARIMA(1,0,1)"
2022-10-21,-0.0004653836588248718,LQD,"ARIMA(1,0,1)"
2022-10-24,-0.0009903797009690872,LQD,"ARIMA(1,0,1)"
2022-10-25,-0.0010423958153660568,LQD,"ARIMA(1,0,1)"
2022-10-26,-0.001771113649828426,LQD,"ARIMA(1,0,1)"
2022-10-27,-0.001545547899352848,LQD,"ARIMA(1,0,1)"
2022-10-28,-0.001466043240777961,LQD,"ARIMA(1,0,1)"
2022-10-31,-0.0012543258495189744,LQD,"ARIMA(1,0,1)"
2022-11-01,-0.000914630277488141,LQD,"ARIMA(1,0,1)"
2022-11-02,-0.001289081540721139,LQD,"ARIMA(1,0,1)"
2022-11-03,-0.0009505384026076637,LQD,"ARIMA(1,0,1)"
2022-11-04,-0.0008465042591833277,LQD,"ARIMA(1,0,1)"
2022-11-07,-0.0010945112020293334,LQD,"ARIMA(1,0,1)"
2022-11-08,-0.0009515462078051217,LQD,"ARIMA(1,0,1)"
2022-11-09,-0.0012510986836013398,LQD,"ARIMA(1,0,1)"
2022-11-10,-0.0010482600315136039,LQD,"ARIMA(1,0,1)"
2022-11-11,-0.00283931709431872,LQD,"ARIMA(1,0,1)"
2022-11-14,-0.0016955283341112386,LQD,"ARIMA(1,0,1)"
2022-11-15,-0.0010788486309345202,LQD,"ARIMA(1,0,1)"
2022-11-16,-0.0014648274522801076,LQD,"ARIMA(1,0,1)"
2022-11-17,-0.0010647106156029375,LQD,"ARIMA(1,0,1)"
2022-11-18,-0.0005813317436587017,LQD,"ARIMA(1,0,1)"
2022-11-21,-0.0008362287297918305,LQD,"ARIMA(1,0,1)"
2022-11-22,-0.0007722009521141818,LQD,"ARIMA(1,0,1)"
2022-11-23,-0.0011563142202556929,LQD,"ARIMA(1,0,1)"
2022-11-25,-0.001004372370376535,LQD,"ARIMA(1,0,1)"
2022-11-28,-0.0006979179138823584,LQD,"ARIMA(1,0,1)"
2022-11-29,-0.0004999705728059832,LQD,"ARIMA(1,0,1)"
2022-11-30,-0.0006247814015219985,LQD,"ARIMA(1,0,1)"
2022-12-01,-0.0012516062448544069,LQD,"ARIMA(1,0,1)"
2022-12-02,-0.0009984911578034307,LQD,"ARIMA(1,0,1)"
2022-12-05,-0.0007525212119950721,LQD,"ARIMA(1,0,1)"
2022-12-06,-0.0005511545760749799,LQD,"ARIMA(1,0,1)"
2022-12-07,-0.0007994620379755417,LQD,"ARIMA(1,0,1)"
2022-12-08,-0.0008718706564729811,LQD,"ARIMA(1,0,1)"
2022-12-09,-0.0005385835454234634,LQD,"ARIMA(1,0,1)"
2022-12-12,-0.0005441444030695373,LQD,"ARIMA(1,0,1)"
2022-12-13,-0.0006847768532174857,LQD,"ARIMA(1,0,1)"
2022-12-14,-0.0008427177521134155,LQD,"ARIMA(1,0,1)"
2022-12-15,-0.0006406067845025592,LQD,"ARIMA(1,0,1)"
2022-12-16,-0.0006660276509653991,LQD,"ARIMA(1,0,1)"
2022-12-19,-0.00059029496617552,LQD,"ARIMA(1,0,1)"
2022-12-20,-0.0005724280947323634,LQD,"ARIMA(1,0,1)"
2022-12-21,-0.0006714152341191134,LQD,"ARIMA(1,0,1)"
2022-12-22,-0.0008372753695113263,LQD,"ARIMA(1,0,1)"
2022-12-23,-0.0007144239038036563,LQD,"ARIMA(1,0,1)"
2022-12-27,-0.0007017244822360275,LQD,"ARIMA(1,0,1)"
2022-12-28,-0.0006727671472676086,LQD,"ARIMA(1,0,1)"
2022-12-29,-0.000795701544400411,LQD,"ARIMA(1,0,1)"
2022-12-30,-0.0008283593030316252,LQD,"ARIMA(1,0,1)"
2023-01-03,-0.0007207780408469422,LQD,"ARIMA(1,0,1)"
2023-01-04,-0.0008706877111290799,LQD,"ARIMA(1,0,1)"
2023-01-05,-0.0007532982236640617,LQD,"ARIMA(1,0,1)"
2023-01-06,-0.0006845559182571594,LQD,"ARIMA(1,0,1)"
2023-01-09,-0.0007627624319519321,LQD,"ARIMA(1,0,1)"
2023-01-10,-0.0005805835882141999,LQD,"ARIMA(1,0,1)"
2023-01-11,-0.0005717439973498735,LQD,"ARIMA(1,0,1)"
2023-01-12,-0.0005931952356087834,LQD,"ARIMA(1,0,1)"
2023-01-13,-0.00010073677781969963,LQD,"ARIMA(1,0,1)"
2023-01-17,-0.0005091914178239986,LQD,"ARIMA(1,0,1)"
2023-01-18,-0.0005483917704627606,LQD,"ARIMA(1,0,1)"
2023-01-19,-0.0004972089407820385,LQD,"ARIMA(1,0,1)"
2023-01-20,-0.00040813707282080276,LQD,"ARIMA(1,0,1)"
2023-01-23,-0.0004647451466880646,LQD,"ARIMA(1,0,1)"
2023-01-24,-0.0004710119541728424,LQD,"ARIMA(1,0,1)"
2023-01-25,-0.0004991676629135743,LQD,"ARIMA(1,0,1)"
2023-01-26,-0.00046044489462912015,LQD,"ARIMA(1,0,1)"
2023-01-27,-0.0004579498485895135,LQD,"ARIMA(1,0,1)"
2023-01-30,-0.0004331967490649556,LQD,"ARIMA(1,0,1)"
2023-01-31,-0.0004621648621733654,LQD,"ARIMA(1,0,1)"
2023-02-01,-0.00046497235316131017,LQD,"ARIMA(1,0,1)"
2023-02-02,-0.00038522779696032,LQD,"ARIMA(1,0,1)"
2023-02-03,-0.0004009028467738759,LQD,"ARIMA(1,0,1)"
2023-02-06,-0.00043355359619242105,LQD,"ARIMA(1,0,1)"
2023-02-07,-0.00045634308118365095,LQD,"ARIMA(1,0,1)"
2023-02-08,-0.0004326294919851582,LQD,"ARIMA(1,0,1)"
2023-02-09,-0.00039736892256404886,LQD,"ARIMA(1,0,1)"
2023-02-10,-0.0006147738832472081,LQD,"ARIMA(1,0,1)"
2023-02-13,-0.00044704898683288355,LQD,"ARIMA(1,0,1)"
2023-02-14,-0.0003193158548183915,LQD,"ARIMA(1,0,1)"
2023-02-15,-0.0005632004488271456,LQD,"ARIMA(1,0,1)"
2023-02-16,-0.00043506018419881134,LQD,"ARIMA(1,0,1)"
2023-02-17,-0.0006347584281607061,LQD,"ARIMA(1,0,1)"
2023-02-21,-0.0002191760030441975,LQD,"ARIMA(1,0,1)"
2023-02-22,-0.0008765442307265942,LQD,"ARIMA(1,0,1)"
2023-02-23,-0.00020878740758825426,LQD,"ARIMA(1,0,1)"
2023-02-24,-0.0005302289236314371,LQD,"ARIMA(1,0,1)"
2023-02-27,-0.00046726536832733615,LQD,"ARIMA(1,0,1)"
2023-02-28,-0.00043763141484080224,LQD,"ARIMA(1,0,1)"
2023-03-01,-0.0005029666300883301,LQD,"ARIMA(1,0,1)"
2023-03-02,-0.00064387181103907,LQD,"ARIMA(1,0,1)"
2023-03-03,-0.00045417124231772617,LQD,"ARIMA(1,0,1)"
2023-03-06,-0.0003156300337639763,LQD,"ARIMA(1,0,1)"
2023-03-07,-0.0005673772842665296,LQD,"ARIMA(1,0,1)"
2023-03-08,-0.00045538117618675,LQD,"ARIMA(1,0,1)"
2023-03-09,-0.00048733963835421914,LQD,"ARIMA(1,0,1)"
2023-03-10,-0.00041685772288793487,LQD,"ARIMA(1,0,1)"
2023-03-13,-0.000213500443446276,LQD,"ARIMA(1,0,1)"
2023-03-14,-0.000504612041217118,LQD,"ARIMA(1,0,1)"
2023-03-15,-0.0002961385244656103,LQD,"ARIMA(1,0,1)"
2023-03-16,-0.00017845888130059028,LQD,"ARIMA(1,0,1)"
2023-03-17,-0.00034698113750314917,LQD,"ARIMA(1,0,1)"
2023-03-20,-0.00017920385112668217,LQD,"ARIMA(1,0,1)"
2023-03-21,-0.0004376148956758204,LQD,"ARIMA(1,0,1)"
2023-03-22,-0.0002409323773433328,LQD,"ARIMA(1,0,1)"
2023-03-23,-0.000326480995542983,LQD,"ARIMA(1,0,1)"
2023-03-24,-0.00013398357551250637,LQD,"ARIMA(1,0,1)"
2023-03-27,-0.00032425070628905203,LQD,"ARIMA(1,0,1)"
2023-03-28,-0.0003499917241105279,LQD,"ARIMA(1,0,1)"
2023-03-29,-0.0002288435894463394,LQD,"ARIMA(1,0,1)"
2023-03-30,-0.00026608308387678656,LQD,"ARIMA(1,0,1)"
2023-03-31,-0.00027970677411116374,LQD,"ARIMA(1,0,1)"
2023-04-03,-0.00020558738798776347,LQD,"ARIMA(1,0,1)"
2023-04-04,-0.0002517010509041322,LQD,"ARIMA(1,0,1)"
2023-04-05,0.0004728788765491557,LQD,"ARIMA(1,0,1)"
2023-04-06,-0.00024379094482158194,LQD,"ARIMA(1,0,1)"
2023-04-10,-0.00019272965246167973,LQD,"ARIMA(1,0,1)"
2023-04-11,-0.0001757381694244852,LQD,"ARIMA(1,0,1)"
2023-04-12,-0.00015735477525254257,LQD,"ARIMA(1,0,1)"
2023-04-13,-0.00013347564580050168,LQD,"ARIMA(1,0,1)"
2023-04-14,-7.544614407904222e-05,LQD,"ARIMA(1,0,1)"
2023-04-17,-8.444142891948814e-05,LQD,"ARIMA(1,0,1)"
2023-04-18,-0.000133499835476536,LQD,"ARIMA(1,0,1)"
2023-04-19,-9.236572449226051e-05,LQD,"ARIMA(1,0,1)"
2023-04-20,-0.00012101272056014969,LQD,"ARIMA(1,0,1)"
2023-04-21,8.372007039797378e-06,LQD,"ARIMA(1,0,1)"
2023-04-24,-9.219096125081242e-05,LQD,"ARIMA(1,0,1)"
2023-04-25,2.6852613057149682e-05,LQD,"ARIMA(1,0,1)"
2023-04-26,-6.722354524212892e-07,LQD,"ARIMA(1,0,1)"
2023-04-27,-6.138839950793856e-05,LQD,"ARIMA(1,0,1)"
2023-04-28,-7.9629266739797e-05,LQD,"ARIMA(1,0,1)"
2023-05-01,0.0008463925124667413,LQD,"ARIMA(1,0,1)"
2023-05-02,2.912682891233091e-05,LQD,"ARIMA(1,0,1)"
2023-05-03,-0.0005387265902957194,LQD,"ARIMA(1,0,1)"
2023-05-04,0.00016040594810043388,LQD,"ARIMA(1,0,1)"
2023-05-05,-0.00020176907445359148,LQD,"ARIMA(1,0,1)"
2023-05-08,7.554127929685844e-05,LQD,"ARIMA(1,0,1)"
2023-05-09,7.06344026064224e-06,LQD,"ARIMA(1,0,1)"
2023-05-10,5.1799922679077886e-05,LQD,"ARIMA(1,0,1)"
2023-05-11,-0.00010439628892146873,LQD,"ARIMA(1,0,1)"
2023-05-12,6.32100233865912e-05,LQD,"ARIMA(1,0,1)"
2023-05-15,0.00011848765187462548,LQD,"ARIMA(1,0,1)"
2023-05-16,7.945408026112215e-06,LQD,"ARIMA(1,0,1)"
2023-05-17,2.8124978615239893e-05,LQD,"ARIMA(1,0,1)"
2023-05-18,-5.995706171364176e-05,LQD,"ARIMA(1,0,1)"
2023-05-19,6.369143700949827e-05,LQD,"ARIMA(1,0,1)"
2023-05-22,-8.050046434956282e-05,LQD,"ARIMA(1,0,1)"
2023-05-23,-2.8700592730907074e-05,LQD,"ARIMA(1,0,1)"
2023-05-24,-0.0001345060452867745,LQD,"ARIMA(1,0,1)"
2023-05-25,4.815616459924323e-05,LQD,"ARIMA(1,0,1)"
2023-05-26,-0.00011405849161508943,LQD,"ARIMA(1,0,1)"
2023-05-30,-0.0002404129677490357,LQD,"ARIMA(1,0,1)"
2023-05-31,-0.0002222557815754764,LQD,"ARIMA(1,0,1)"
2023-06-01,-0.00014252549050408929,LQD,"ARIMA(1,0,1)"
2023-06-02,-0.00013732822639899863,LQD,"ARIMA(1,0,1)"
2023-06-05,-4.513073547740139e-06,LQD,"ARIMA(1,0,1)"
2023-06-06,-8.549515805883988e-05,LQD,"ARIMA(1,0,1)"
2023-06-07,-9.721243929743559e-05,LQD,"ARIMA(1,0,1)"
2023-06-08,9.830304015547108e-05,LQD,"ARIMA(1,0,1)"
2023-06-09,-0.00036568437600769494,LQD,"ARIMA(1,0,1)"
2023-06-12,0.00011493483222510683,LQD,"ARIMA(1,0,1)"
2023-06-13,-0.00020443821550227698,LQD,"ARIMA(1,0,1)"
2023-06-14,0.0002587894759647782,LQD,"ARIMA(1,0,1)"
2023-06-15,-6.87989101010165e-05,LQD,"ARIMA(1,0,1)"
2023-06-16,-0.00032532397920374053,LQD,"ARIMA(1,0,1)"
2023-06-20,0.00025032762558186057,LQD,"ARIMA(1,0,1)"
2023-06-21,-9.71607526537628e-05,LQD,"ARIMA(1,0,1)"
2023-06-22,0.0002041624847846686,LQD,"ARIMA(1,0,1)"
2023-06-23,0.00038651889022598833,LQD,"ARIMA(1,0,1)"
2023-06-26,-0.00011575485557017634,LQD,"ARIMA(1,0,1)"
2023-06-27,4.876664155900255e-05,LQD,"ARIMA(1,0,1)"
2023-06-28,0.0001079732950301254,LQD,"ARIMA(1,0,1)"
2023-06-29,-0.00015064069272178717,LQD,"ARIMA(1,0,1)"
2023-06-30,0.0006043023867155992,LQD,"ARIMA(1,0,1)"
2023-07-03,-0.00045790229604516055,LQD,"ARIMA(1,0,1)"
2023-07-05,0.00033186023287841025,LQD,"ARIMA(1,0,1)"
2023-07-06,0.00044060053220286254,LQD,"ARIMA(1,0,1)"
2023-07-07,0.0005175813552117338,LQD,"ARIMA(1,0,1)"
2023-07-10,-7.736960046727715e-05,LQD,"ARIMA(1,0,1)"
2023-07-11,-0.0003334622497805889,LQD,"ARIMA(1,0,1)"
2023-07-12,-0.00023820129065779498,LQD,"ARIMA(1,0,1)"
2023-07-13,-0.0003954235889660238,LQD,"ARIMA(1,0,1)"
2023-07-14,-0.00015947640323705055,LQD,"ARIMA(1,0,1)"
2023-07-17,0.00039141095599903956,LQD,"ARIMA(1,0,1)"
2023-07-18,-0.0001857881921420842,LQD,"ARIMA(1,0,1)"
2023-07-19,-6.921352392682723e-06,LQD,"ARIMA(1,0,1)"
2023-07-20,-0.00016538127041759167,LQD,"ARIMA(1,0,1)"
2023-07-21,0.00046898801798699437,LQD,"ARIMA(1,0,1)"
2023-07-24,-0.0001859788695620742,LQD,"ARIMA(1,0,1)"
2023-07-25,0.00010339785719141897,LQD,"ARIMA(1,0,1)"
2023-07-26,-4.7405094631588736e-05,LQD,"ARIMA(1,0,1)"
2023-07-27,-0.0002622533319564543,LQD,"ARIMA(1,0,1)"
2023-07-28,0.0007401779106555445,LQD,"ARIMA(1,0,1)"
2023-07-31,-0.0006384837412823734,LQD,"ARIMA(1,0,1)"
2023-08-01,-0.00010117073761026609,LQD,"ARIMA(1,0,1)"
2023-08-02,0.0003917487019059128,LQD,"ARIMA(1,0,1)"
2023-08-03,-6.645915514538238e-05,LQD,"ARIMA(1,0,1)"
2023-08-04,0.00018425210166355595,LQD,"ARIMA(1,0,1)"
2023-08-07,-0.0007605002051519862,LQD,"ARIMA(1,0,1)"
2023-08-08,7.552251478127887e-05,LQD,"ARIMA(1,0,1)"
2023-08-09,-0.0003889737451079489,LQD,"ARIMA(1,0,1)"
2023-08-10,-3.233381084679447e-05,LQD,"ARIMA(1,0,1)"
2023-08-11,3.398152017252624e-06,LQD,"ARIMA(1,0,1)"
2023-08-14,-8.181715041050003e-05,LQD,"ARIMA(1,0,1)"
2023-08-15,-0.00020819525997033041,LQD,"ARIMA(1,0,1)"
2023-08-16,0.0002395018863240804,LQD,"ARIMA(1,0,1)"
2023-08-17,-0.0004824362428942464,LQD,"ARIMA(1,0,1)"
2023-08-18,1.6880227331493027e-05,LQD,"ARIMA(1,0,1)"
2023-08-21,-0.00038034280368811854,LQD,"ARIMA(1,0,1)"
2023-08-22,8.871415789855864e-05,LQD,"ARIMA(1,0,1)"
2023-08-23,-0.0004240272621804488,LQD,"ARIMA(1,0,1)"
2023-08-24,-0.0001595148255068777,LQD,"ARIMA(1,0,1)"
2023-08-25,7.337298733252302e-05,LQD,"ARIMA(1,0,1)"
2023-08-28,-0.0001593282251343565,LQD,"ARIMA(1,0,1)"
2023-08-29,-7.316226363863995e-05,LQD,"ARIMA(1,0,1)"
2023-08-30,-0.00022976276482736117,LQD,"ARIMA(1,0,1)"
2023-08-31,0.00021655058316144693,LQD,"ARIMA(1,0,1)"
2023-09-01,0.0006387934769826217,LQD,"ARIMA(1,0,1)"
2023-09-05,0.00027576554155095835,LQD,"ARIMA(1,0,1)"
2023-09-06,6.4713153084247415e-06,LQD,"ARIMA(1,0,1)"
2023-09-07,1.2762904018299822e-05,LQD,"ARIMA(1,0,1)"
2023-09-08,4.3470778683105886e-05,LQD,"ARIMA(1,0,1)"
2023-09-11,2.4580674572207655e-05,LQD,"ARIMA(1,0,1)"
2023-09-12,1.1182830176717188e-05,LQD,"ARIMA(1,0,1)"
2023-09-13,9.956106172254596e-06,LQD,"ARIMA(1,0,1)"
2023-09-14,3.822667291692018e-05,LQD,"ARIMA(1,0,1)"
2023-09-15,3.97895415818636e-05,LQD,"ARIMA(1,0,1)"
2023-09-18,2.455362304316235e-05,LQD,"ARIMA(1,0,1)"
2023-09-19,5.116380698776702e-05,LQD,"ARIMA(1,0,1)"
2023-09-20,2.702560764743351e-05,LQD,"ARIMA(1,0,1)"
2023-09-21,6.105533849759155e-05,LQD,"ARIMA(1,0,1)"
2023-09-22,-6.592895935601768e-05,LQD,"ARIMA(1,0,1)"
2023-09-25,-1.2051195677884903e-07,LQD,"ARIMA(1,0,1)"
2023-09-26,0.0005656284308756339,LQD,"ARIMA(1,0,1)"
2023-09-27,5.4316937841003844e-05,LQD,"ARIMA(1,0,1)"
2023-09-28,5.384042880071123e-05,LQD,"ARIMA(1,0,1)"
2023-09-29,0.0002351003942987574,LQD,"ARIMA(1,0,1)"
2023-10-02,7.013584408232767e-05,LQD,"ARIMA(1,0,1)"
2023-10-03,7.151506972576619e-05,LQD,"ARIMA(1,0,1)"
2023-10-04,-8.108150546818575e-05,LQD,"ARIMA(1,0,1)"
2023-10-05,5.903573771265231e-05,LQD,"ARIMA(1,0,1)"
2023-10-06,-1.3952214854047605e-05,LQD,"ARIMA(1,0,1)"
2023-10-09,1.2944712807376473e-05,LQD,"ARIMA(1,0,1)"
2023-10-10,-0.00011245568739673119,LQD,"ARIMA(1,0,1)"
2023-10-11,0.00016252826525474585,LQD,"ARIMA(1,0,1)"
2023-10-12,6.945751244214835e-05,LQD,"ARIMA(1,0,1)"
2023-10-13,0.0003751464788204204,LQD,"ARIMA(1,0,1)"
2023-10-16,2.1852982659405175e-05,LQD,"ARIMA(1,0,1)"
2023-10-17,0.00034491192851122563,LQD,"ARIMA(1,0,1)"
2023-10-18,0.0002569597786935324,LQD,"ARIMA(1,0,1)"
2023-10-19,0.000221620879640177,LQD,"ARIMA(1,0,1)"
2023-10-20,0.00010169168667828452,LQD,"ARIMA(1,0,1)"
2023-10-23,2.095005962174795e-05,LQD,"ARIMA(1,0,1)"
2023-10-24,9.719552702979538e-05,LQD,"ARIMA(1,0,1)"
2023-10-25,0.0001287832870314809,LQD,"ARIMA(1,0,1)"
2023-10-26,0.00033838240093407156,LQD,"ARIMA(1,0,1)"
2023-10-27,-8.388861816161701e-05,LQD,"ARIMA(1,0,1)"
2023-10-30,0.00015009886657710585,LQD,"ARIMA(1,0,1)"
2023-10-31,0.00013631393584828184,LQD,"ARIMA(1,0,1)"
2023-11-01,7.48860463828088e-05,LQD,"ARIMA(1,0,1)"
2023-11-02,-0.0002167014625792286,LQD,"ARIMA(1,0,1)"
2023-11-03,8.130007266235253e-05,LQD,"ARIMA(1,0,1)"
2023-11-06,0.00018273715179932426,LQD,"ARIMA(1,0,1)"
2023-11-07,0.0001857556515307816,LQD,"ARIMA(1,0,1)"
2023-11-08,0.00016162226580547568,LQD,"ARIMA(1,0,1)"
2023-11-09,0.0002418800776747801,LQD,"ARIMA(1,0,1)"
2023-11-10,0.00019371222799758098,LQD,"ARIMA(1,0,1)"
2023-11-13,0.00015547427067567988,LQD,"ARIMA(1,0,1)"
2023-11-14,7.440126793097106e-05,LQD,"ARIMA(1,0,1)"
2023-11-15,-0.00015073759748827141,LQD,"ARIMA(1,0,1)"
2023-11-16,7.319992780517405e-05,LQD,"ARIMA(1,0,1)"
2023-11-17,-0.00021850589925753407,LQD,"ARIMA(1,0,1)"
2023-11-20,-0.00010850791027921569,LQD,"ARIMA(1,0,1)"
2023-11-21,-4.0470396476955864e-05,LQD,"ARIMA(1,0,1)"
2023-11-22,9.92251412747939e-06,LQD,"ARIMA(1,0,1)"
2023-11-24,-6.898111511170719e-05,LQD,"ARIMA(1,0,1)"
2023-11-27,0.00016451791641649644,LQD,"ARIMA(1,0,1)"
2023-11-28,-0.00020624003537736613,LQD,"ARIMA(1,0,1)"
2023-11-29,-0.00012000141449944577,LQD,"ARIMA(1,0,1)"
2023-11-30,-0.000291629049653654,LQD,"ARIMA(1,0,1)"
2023-12-01,-3.0007961578988038e-05,LQD,"ARIMA(1,0,1)"
2023-12-04,-0.0004799418869516365,LQD,"ARIMA(1,0,1)"
2023-12-05,0.00011996881100184015,LQD,"ARIMA(1,0,1)"
2023-12-06,-0.0003993133300326218,LQD,"ARIMA(1,0,1)"
2023-12-07,-0.00014864380852466544,LQD,"ARIMA(1,0,1)"
2023-12-08,0.000122206294159594,LQD,"ARIMA(1,0,1)"
2023-12-11,0.0004091505300774443,LQD,"ARIMA(1,0,1)"
2023-12-12,8.07103656695248e-05,LQD,"ARIMA(1,0,1)"
2023-12-13,-0.00022339195574494272,LQD,"ARIMA(1,0,1)"
2023-12-14,-0.0006802317819100955,LQD,"ARIMA(1,0,1)"
2023-12-15,-2.686985047953641e-05,LQD,"ARIMA(1,0,1)"
2023-12-18,0.00030918660671700317,LQD,"ARIMA(1,0,1)"
2023-12-19,0.00040239417896148125,LQD,"ARIMA(1,0,1)"
2023-12-20,0.0001493864815366898,LQD,"ARIMA(1,0,1)"
2023-12-21,0.00014027720885203382,LQD,"ARIMA(1,0,1)"
2023-12-22,0.0003251743462091982,LQD,"ARIMA(1,0,1)"
2023-12-26,0.00035787884900183135,LQD,"ARIMA(1,0,1)"
2023-12-27,0.0001714774683449685,LQD,"ARIMA(1,0,1)"
2023-12-28,-0.00013327257356763933,LQD,"ARIMA(1,0,1)"
2023-12-29,0.0005375526821428272,LQD,"ARIMA(1,0,1)"
2024-01-02,0.0005447365932158105,LQD,"ARIMA(1,0,1)"
2024-01-03,0.0006252864573247079,LQD,"ARIMA(1,0,1)"
2024-01-04,0.00039096913363112447,LQD,"ARIMA(1,0,1)"
2024-01-05,0.0004934899660164941,LQD,"ARIMA(1,0,1)"
2024-01-08,0.0004230537410989971,LQD,"ARIMA(1,0,1)"
2024-01-09,-6.803223311168321e-05,LQD,"ARIMA(1,0,1)"
2024-01-10,9.79580315156675e-05,LQD,"ARIMA(1,0,1)"
2024-01-11,0.00022682308392179884,LQD,"ARIMA(1,0,1)"
2024-01-12,-7.427305664877543e-05,LQD,"ARIMA(1,0,1)"
2024-01-16,0.00014547962691764568,LQD,"ARIMA(1,0,1)"
2024-01-17,0.0006026274900452481,LQD,"ARIMA(1,0,1)"
2024-01-18,0.00011951152633489322,LQD,"ARIMA(1,0,1)"
2024-01-19,0.0002620913285626796,LQD,"ARIMA(1,0,1)"
2024-01-22,-7.922846690361102e-05,LQD,"ARIMA(1,0,1)"
2024-01-23,7.169650892151601e-05,LQD,"ARIMA(1,0,1)"
2024-01-24,0.00026743183454658597,LQD,"ARIMA(1,0,1)"
2024-01-25,8.573383392776803e-05,LQD,"ARIMA(1,0,1)"
2024-01-26,-0.00017160559690569313,LQD,"ARIMA(1,0,1)"
2024-01-29,0.00038577217717907387,LQD,"ARIMA(1,0,1)"
2024-01-30,-0.00024155878699895288,LQD,"ARIMA(1,0,1)"
2024-01-31,0.00031221449718891135,LQD,"ARIMA(1,0,1)"
2024-02-01,-2.947449114923208e-05,LQD,"ARIMA(1,0,1)"
2024-02-02,6.433713785740434e-05,LQD,"ARIMA(1,0,1)"
2024-02-05,0.000936214427182287,LQD,"ARIMA(1,0,1)"
2024-02-06,0.00027741899152091673,LQD,"ARIMA(1,0,1)"
2024-02-07,-0.00036962797607023427,LQD,"ARIMA(1,0,1)"
2024-02-08,0.0004878806907932198,LQD,"ARIMA(1,0,1)"
2024-02-09,0.00043697595583312276,LQD,"ARIMA(1,0,1)"
2024-02-12,0.0001449734664249238,LQD,"ARIMA(1,0,1)"
2024-02-13,0.00014885815464105482,LQD,"ARIMA(1,0,1)"
2024-02-14,0.0009115863237237037,LQD,"ARIMA(1,0,1)"
2024-02-15,-0.0004238112134811915,LQD,"ARIMA(1,0,1)"
2024-02-16,-1.3705236356489832e-05,LQD,"ARIMA(1,0,1)"
2024-02-20,0.00042504334217827796,LQD,"ARIMA(1,0,1)"
2024-02-21,8.938577935608578e-06,LQD,"ARIMA(1,0,1)"
2024-02-22,0.00041142460192781637,LQD,"ARIMA(1,0,1)"
2024-02-23,9.676031917996793e-05,LQD,"ARIMA(1,0,1)"
2024-02-26,0.00011994971678810256,LQD,"ARIMA(1,0,1)"
2024-02-27,0.0004617441414822914,LQD,"ARIMA(1,0,1)"
2024-02-28,0.0002573742615696768,LQD,"ARIMA(1,0,1)"
2024-02-29,0.0002360339069881619,LQD,"ARIMA(1,0,1)"
2024-03-01,0.00017281884395187506,LQD,"ARIMA(1,0,1)"
2024-03-04,-4.374083659161593e-05,LQD,"ARIMA(1,0,1)"
2024-03-05,0.0005896520772335469,LQD,"ARIMA(1,0,1)"
2024-03-06,-0.00029020922569103757,LQD,"ARIMA(1,0,1)"
2024-03-07,0.0004091050391060098,LQD,"ARIMA(1,0,1)"
2024-03-08,4.989491543718903e-05,LQD,"ARIMA(1,0,1)"
2024-03-11,0.00039485191754333064,LQD,"ARIMA(1,0,1)"
2024-03-12,0.00020747968330154647,LQD,"ARIMA(1,0,1)"
2024-03-13,0.0005673205581119454,LQD,"ARIMA(1,0,1)"
2024-03-14,-2.3877321836165738e-05,LQD,"ARIMA(1,0,1)"
2024-03-15,0.000803998881079557,LQD,"ARIMA(1,0,1)"
2024-03-18,-0.0003141198021286612,LQD,"ARIMA(1,0,1)"
2024-03-19,0.0006547018563000309,LQD,"ARIMA(1,0,1)"
2024-03-20,-0.000640662385916679,LQD,"ARIMA(1,0,1)"
2024-03-21,0.000626857675090912,LQD,"ARIMA(1,0,1)"
2024-03-22,-0.00021594358179313785,LQD,"ARIMA(1,0,1)"
2024-03-25,0.0002570085854099971,LQD,"ARIMA(1,0,1)"
2024-03-26,0.00018930554606263938,LQD,"ARIMA(1,0,1)"
2024-03-27,0.0002473448104386017,LQD,"ARIMA(1,0,1)"
2024-03-28,-0.00012948019355626364,LQD,"ARIMA(1,0,1)"
2024-04-01,0.00047845348109346015,LQD,"ARIMA(1,0,1)"
2024-04-02,0.0005962922320672604,LQD,"ARIMA(1,0,1)"
2024-04-03,-3.524437779817182e-05,LQD,"ARIMA(1,0,1)"
2024-04-04,0.00014833223659593072,LQD,"ARIMA(1,0,1)"
2024-04-05,-1.1950796123149439e-05,LQD,"ARIMA(1,0,1)"
2024-04-08,0.0003960045290516982,LQD,"ARIMA(1,0,1)"
2024-04-09,-0.00013250646385829206,LQD,"ARIMA(1,0,1)"
2024-04-10,-0.00020072358112299584,LQD,"ARIMA(1,0,1)"
2024-04-11,0.0012215412997664918,LQD,"ARIMA(1,0,1)"
2024-04-12,-0.000223623381505967,LQD,"ARIMA(1,0,1)"
2024-04-15,-7.446238325910271e-05,LQD,"ARIMA(1,0,1)"
2024-04-16,0.0008270240759486285,LQD,"ARIMA(1,0,1)"
2024-04-17,9.135080873416865e-06,LQD,"ARIMA(1,0,1)"
2024-04-18,-0.00034047069211913425,LQD,"ARIMA(1,0,1)"
2024-04-19,0.00019086075836594358,LQD,"ARIMA(1,0,1)"
2024-04-22,-4.771015032630384e-05,LQD,"ARIMA(1,0,1)"
2024-04-23,-0.00013676755513344885,LQD,"ARIMA(1,0,1)"
2024-04-24,-6.354277007843033e-05,LQD,"ARIMA(1,0,1)"
2024-04-25,0.0002896940839626324,LQD,"ARIMA(1,0,1)"
2024-04-26,0.00011860776276676591,LQD,"ARIMA(1,0,1)"
2024-04-29,-0.00020462716493250055,LQD,"ARIMA(1,0,1)"
2024-04-30,-9.337850500088415e-05,LQD,"ARIMA(1,0,1)"
2024-05-01,8.958672455360119e-05,LQD,"ARIMA(1,0,1)"
2024-05-02,-5.72160287879339e-05,LQD,"ARIMA(1,0,1)"
2024-05-03,-0.0001911542453984096,LQD,"ARIMA(1,0,1)"
2024-05-06,-0.0001904126246405482,LQD,"ARIMA(1,0,1)"
2024-05-07,-1.2462678566064223e-05,LQD,"ARIMA(1,0,1)"
2024-05-08,0.00010389973516394517,LQD,"ARIMA(1,0,1)"
2024-05-09,0.0002117084774155398,LQD,"ARIMA(1,0,1)"
2024-05-10,5.0207524347257754e-05,LQD,"ARIMA(1,0,1)"
2024-05-13,0.000257623358590848,LQD,"ARIMA(1,0,1)"
2024-05-14,9.351412867547766e-06,LQD,"ARIMA(1,0,1)"
2024-05-15,9.632038672275796e-06,LQD,"ARIMA(1,0,1)"
2024-05-16,-0.00013320531806106748,LQD,"ARIMA(1,0,1)"
2024-05-17,0.00031692191931016403,LQD,"ARIMA(1,0,1)"
2024-05-20,0.0002563796279442456,LQD,"ARIMA(1,0,1)"
2024-05-21,0.00019931607551104758,LQD,"ARIMA(1,0,1)"
2024-05-22,0.00013768924425101427,LQD,"ARIMA(1,0,1)"
2024-05-23,0.00026674243443876517,LQD,"ARIMA(1,0,1)"
2024-05-24,0.00032537402311845183,LQD,"ARIMA(1,0,1)"
2024-05-28,4.468510684928255e-05,LQD,"ARIMA(1,0,1)"
2024-05-29,0.0005170457410250901,LQD,"ARIMA(1,0,1)"
2024-05-30,0.00035104871684466616,LQD,"ARIMA(1,0,1)"
2024-05-31,-0.00015459123409066621,LQD,"ARIMA(1,0,1)"
2024-06-03,-6.149485522951388e-05,LQD,"ARIMA(1,0,1)"
2024-06-04,-9.698950837941787e-05,LQD,"ARIMA(1,0,1)"
2024-06-05,9.282083011093975e-05,LQD,"ARIMA(1,0,1)"
2024-06-06,0.00013950200286001507,LQD,"ARIMA(1,0,1)"
2024-06-07,0.00022821517952157416,LQD,"ARIMA(1,0,1)"
2024-06-10,0.000404479497023644,LQD,"ARIMA(1,0,1)"
2024-06-11,0.00024518796279710193,LQD,"ARIMA(1,0,1)"
2024-06-12,0.0001773659623121415,LQD,"ARIMA(1,0,1)"
2024-06-13,7.620446461308815e-05,LQD,"ARIMA(1,0,1)"
2024-06-14,0.00013665968524782733,LQD,"ARIMA(1,0,1)"
2024-06-17,0.00022736107329711925,LQD,"ARIMA(1,0,1)"
2024-06-18,0.00017432981654622672,LQD,"ARIMA(1,0,1)"
2024-06-20,0.00019965726974497725,LQD,"ARIMA(1,0,1)"
2024-06-21,0.00017977026859699303,LQD,"ARIMA(1,0,1)"
2024-06-24,0.00017552155398776182,LQD,"ARIMA(1,0,1)"
2024-06-25,0.00019265919896582605,LQD,"ARIMA(1,0,1)"
2024-06-26,0.00018860589192627259,LQD,"ARIMA(1,0,1)"
2024-06-27,0.00014913749614586588,LQD,"ARIMA(1,0,1)"
2024-06-28,0.0001723081607195777,LQD,"ARIMA(1,0,1)"
2024-07-01,0.00013239554906062517,LQD,"ARIMA(1,0,1)"
2024-07-02,0.0001391914405043188,LQD,"ARIMA(1,0,1)"
2024-07-03,0.0001351447247181397,LQD,"ARIMA(1,0,1)"
2024-07-05,0.00017571038853958436,LQD,"ARIMA(1,0,1)"
2024-07-08,0.00022353350805424856,LQD,"ARIMA(1,0,1)"
2024-07-09,0.0002675254772971904,LQD,"ARIMA(1,0,1)"
2024-07-10,0.0002610176557740054,LQD,"ARIMA(1,0,1)"
2024-07-11,0.0002502795714165397,LQD,"ARIMA(1,0,1)"
2024-07-12,0.00016702586175693437,LQD,"ARIMA(1,0,1)"
2024-07-15,0.0002352185360431366,LQD,"ARIMA(1,0,1)"
2024-07-16,0.00018325952381377877,LQD,"ARIMA(1,0,1)"
2024-07-17,0.00012236002632386977,LQD,"ARIMA(1,0,1)"
2024-07-18,0.00019680080064661057,LQD,"ARIMA(1,0,1)"
2024-07-19,0.00022914303842501885,LQD,"ARIMA(1,0,1)"
2024-07-22,0.00021038638355251458,LQD,"ARIMA(1,0,1)"
2024-07-23,0.00022930824849958162,LQD,"ARIMA(1,0,1)"
2024-07-24,0.00021263164496321052,LQD,"ARIMA(1,0,1)"
2024-07-25,0.00015815690264874038,LQD,"ARIMA(1,0,1)"
2024-07-26,0.00019035510839380556,LQD,"ARIMA(1,0,1)"
2024-07-29,0.0002312224819307482,LQD,"ARIMA(1,0,1)"
2024-07-30,0.00029718986361770784,LQD,"ARIMA(1,0,1)"
2024-07-31,0.000231788537466361,LQD,"ARIMA(1,0,1)"
2024-08-01,0.00021924488600765386,LQD,"ARIMA(1,0,1)"
2024-08-02,0.00031893168679137177,LQD,"ARIMA(1,0,1)"
2024-08-05,0.0005420748964507125,LQD,"ARIMA(1,0,1)"
2024-08-06,0.00017410548316660013,LQD,"ARIMA(1,0,1)"
2024-08-07,0.00024233042718722165,LQD,"ARIMA(1,0,1)"
2024-08-08,0.00020878618502936024,LQD,"ARIMA(1,0,1)"
2024-08-09,0.0003148834954284209,LQD,"ARIMA(1,0,1)"
2024-08-12,0.00040401748426887956,LQD,"ARIMA(1,0,1)"
2024-08-13,0.0003640008682684278,LQD,"ARIMA(1,0,1)"
2024-08-14,0.0005123061147731277,LQD,"ARIMA(1,0,1)"
2024-08-15,0.00046680667952686,LQD,"ARIMA(1,0,1)"
2024-08-16,0.0003358787168092071,LQD,"ARIMA(1,0,1)"
2024-08-19,0.0005027313893864241,LQD,"ARIMA(1,0,1)"
2024-08-20,0.000494403141428348,LQD,"ARIMA(1,0,1)"
2024-08-21,0.0005081263553595426,LQD,"ARIMA(1,0,1)"
2024-08-22,0.0005520360345991548,LQD,"ARIMA(1,0,1)"
2024-08-23,0.00032587074989518373,LQD,"ARIMA(1,0,1)"
2024-08-26,0.0005405866462313453,LQD,"ARIMA(1,0,1)"
2024-08-27,0.000408355278940214,LQD,"ARIMA(1,0,1)"
2024-08-28,0.0003968142450493818,LQD,"ARIMA(1,0,1)"
2024-08-29,0.0003490422445189396,LQD,"ARIMA(1,0,1)"
2024-08-30,0.0003236115514551004,LQD,"ARIMA(1,0,1)"
2024-09-03,0.00030586849241489417,LQD,"ARIMA(1,0,1)"
2024-09-04,0.0004058593569126245,LQD,"ARIMA(1,0,1)"
2024-09-05,0.0005428460136310815,LQD,"ARIMA(1,0,1)"
2024-09-06,0.0005747102312366913,LQD,"ARIMA(1,0,1)"
2024-09-09,0.00046197619118323776,LQD,"ARIMA(1,0,1)"
2024-09-10,0.0005023758751991875,LQD,"ARIMA(1,0,1)"
2024-09-11,0.0005231834249838382,LQD,"ARIMA(1,0,1)"
2024-09-12,0.00047842625254801495,LQD,"ARIMA(1,0,1)"
2024-09-13,0.0004513348048138373,LQD,"ARIMA(1,0,1)"
2024-09-16,0.0005417125505767325,LQD,"ARIMA(1,0,1)"
2024-09-17,0.0006011222093670797,LQD,"ARIMA(1,0,1)"
2024-09-18,0.0005024589198652407,LQD,"ARIMA(1,0,1)"
2024-09-19,0.00038017404762404473,LQD,"ARIMA(1,0,1)"
2024-09-20,0.0005336083216921927,LQD,"ARIMA(1,0,1)"
2024-09-23,0.0004610601579618649,LQD,"ARIMA(1,0,1)"
2024-09-24,0.0004683127159535346,LQD,"ARIMA(1,0,1)"
2024-09-25,0.0005900948542874599,LQD,"ARIMA(1,0,1)"
2024-09-26,0.0002995894253068625,LQD,"ARIMA(1,0,1)"
2024-09-27,0.0005986505899037405,LQD,"ARIMA(1,0,1)"
2024-09-30,0.0006921909532046488,LQD,"ARIMA(1,0,1)"
2024-10-01,0.0005253306905760237,LQD,"ARIMA(1,0,1)"
2024-10-02,0.0006868587139933299,LQD,"ARIMA(1,0,1)"
2024-10-03,0.0005431822339504169,LQD,"ARIMA(1,0,1)"
2024-10-04,0.00044478606090209437,LQD,"ARIMA(1,0,1)"
2024-10-07,0.0002802703636538927,LQD,"ARIMA(1,0,1)"
2024-10-08,0.00031195424543822614,LQD,"ARIMA(1,0,1)"
2024-10-09,0.000708405672441055,LQD,"ARIMA(1,0,1)"
2024-10-10,0.00034366027718344923,LQD,"ARIMA(1,0,1)"
2024-10-11,0.0005253269638331442,LQD,"ARIMA(1,0,1)"
2024-10-14,0.0004137249724178197,LQD,"ARIMA(1,0,1)"
2024-10-15,0.000527599840206578,LQD,"ARIMA(1,0,1)"
2024-10-16,0.0007803571177096481,LQD,"ARIMA(1,0,1)"
2024-10-17,0.0006300434358731758,LQD,"ARIMA(1,0,1)"
2024-10-18,0.0002210197912783029,LQD,"ARIMA(1,0,1)"
2024-10-21,0.0006233711809744613,LQD,"ARIMA(1,0,1)"
2024-10-22,0.00014759481681493494,LQD,"ARIMA(1,0,1)"
2024-10-23,0.0007110906506644247,LQD,"ARIMA(1,0,1)"
2024-10-24,0.0001930955028007031,LQD,"ARIMA(1,0,1)"
2024-10-25,0.0008313555533943654,LQD,"ARIMA(1,0,1)"
2024-10-28,0.0003304759846919226,LQD,"ARIMA(1,0,1)"
2024-10-29,0.0005319453365716797,LQD,"ARIMA(1,0,1)"
2024-10-30,0.0005880150871006648,LQD,"ARIMA(1,0,1)"
2024-10-31,0.000471245253790359,LQD,"ARIMA(1,0,1)"
2024-11-01,0.0004891777392076496,LQD,"ARIMA(1,0,1)"
2024-11-04,0.0002738845807424789,LQD,"ARIMA(1,0,1)"
2024-11-05,0.0008017178716915863,LQD,"ARIMA(1,0,1)"
2024-11-06,0.0005241536570788506,LQD,"ARIMA(1,0,1)"
2024-11-07,1.8946892041056844e-05,LQD,"ARIMA(1,0,1)"
2024-11-08,0.0007869448872711574,LQD,"ARIMA(1,0,1)"
2024-11-11,0.00030756901675102136,LQD,"ARIMA(1,0,1)"
2024-11-12,0.0004714870750371018,LQD,"ARIMA(1,0,1)"
2024-11-13,-0.00020346454630600688,LQD,"ARIMA(1,0,1)"
2024-11-14,0.0012850981118818548,LQD,"ARIMA(1,0,1)"
2024-11-15,0.00021046850006343804,LQD,"ARIMA(1,0,1)"
2024-11-18,0.0005135745348225077,LQD,"ARIMA(1,0,1)"
2024-11-19,0.0003734022882680629,LQD,"ARIMA(1,0,1)"
2024-11-20,0.00042880898986151576,LQD,"ARIMA(1,0,1)"
2024-11-21,5.023617999880698e-05,LQD,"ARIMA(1,0,1)"
2024-11-22,0.0003919246365189016,LQD,"ARIMA(1,0,1)"
2024-11-25,0.0003077993482982125,LQD,"ARIMA(1,0,1)"
2024-11-26,0.0012513034713741494,LQD,"ARIMA(1,0,1)"
2024-11-27,-0.000454947679872043,LQD,"ARIMA(1,0,1)"
2024-11-29,0.001413085966674259,LQD,"ARIMA(1,0,1)"
2024-12-02,-0.00026788334593944393,LQD,"ARIMA(1,0,1)"
2024-12-03,0.0018556896331193302,LQD,"ARIMA(1,0,1)"
2024-12-04,-0.00047343083566853773,LQD,"ARIMA(1,0,1)"
2024-12-05,0.0014818582992335303,LQD,"ARIMA(1,0,1)"
2024-12-06,-0.0007983101882978419,LQD,"ARIMA(1,0,1)"
2024-12-09,0.0014149221895891862,LQD,"ARIMA(1,0,1)"
2024-12-10,-0.0007850251070101918,LQD,"ARIMA(1,0,1)"
2024-12-11,0.0014120798530793174,LQD,"ARIMA(1,0,1)"
2024-12-12,-0.000989232818479787,LQD,"ARIMA(1,0,1)"
2024-12-13,0.00043372038438896615,LQD,"ARIMA(1,0,1)"
2024-12-16,-0.0026987057605644725,LQD,"ARIMA(1,0,1)"
2024-12-17,0.00031061221507362567,LQD,"ARIMA(1,0,1)"
2024-12-18,-7.456043516145058e-05,LQD,"ARIMA(1,0,1)"
2024-12-19,6.968401727448159e-05,LQD,"ARIMA(1,0,1)"
2024-12-20,4.2945052110282164e-05,LQD,"ARIMA(1,0,1)"
2024-12-23,6.539845094070688e-05,LQD,"ARIMA(1,0,1)"
2024-12-24,3.7927307946481735e-05,LQD,"ARIMA(1,0,1)"
2024-12-26,5.703304676087425e-05,LQD,"ARIMA(1,0,1)"
2024-12-27,5.264562511204448e-05,LQD,"ARIMA(1,0,1)"
2024-12-30,-7.684488092467136e-07,LQD,"ARIMA(1,0,1)"
2024-12-31,2.632580790999216e-05,LQD,"ARIMA(1,0,1)"
2025-01-02,3.132136608834453e-05,LQD,"ARIMA(1,0,1)"
2025-01-03,5.8327061221992e-05,LQD,"ARIMA(1,0,1)"
2025-01-06,5.805090553053737e-05,LQD,"ARIMA(1,0,1)"
2025-01-07,6.928919011579405e-05,LQD,"ARIMA(1,0,1)"
2025-01-08,6.639363190273062e-05,LQD,"ARIMA(1,0,1)"
2025-01-10,4.1998663302653654e-05,LQD,"ARIMA(1,0,1)"
2025-01-13,1.2427774516467945e-05,LQD,"ARIMA(1,0,1)"
2025-01-14,6.2214735980734545e-06,LQD,"ARIMA(1,0,1)"
2025-01-15,-1.3117548042359885e-05,LQD,"ARIMA(1,0,1)"
2025-01-16,2.5844297155988487e-05,LQD,"ARIMA(1,0,1)"
2025-01-17,7.399460492995104e-05,LQD,"ARIMA(1,0,1)"
2025-01-21,8.568216651996229e-05,LQD,"ARIMA(1,0,1)"
2025-01-22,0.00011616065802243026,LQD,"ARIMA(1,0,1)"
2025-01-23,9.865234368473055e-05,LQD,"ARIMA(1,0,1)"
2025-01-24,8.218001558507082e-05,LQD,"ARIMA(1,0,1)"
2025-01-27,0.00010449877703262049,LQD,"ARIMA(1,0,1)"
2025-01-28,0.00013949570216056017,LQD,"ARIMA(1,0,1)"
2025-01-29,0.00010806374920813626,LQD,"ARIMA(1,0,1)"
2025-01-30,0.00011383336852755368,LQD,"ARIMA(1,0,1)"
2025-01-31,0.00010737998463630454,LQD,"ARIMA(1,0,1)"
2025-02-03,8.150009645741245e-05,LQD,"ARIMA(1,0,1)"
2025-02-04,7.74733123952987e-05,LQD,"ARIMA(1,0,1)"
2025-02-05,5.512914295729996e-05,LQD,"ARIMA(1,0,1)"
2025-02-06,0.00011904329430168969,LQD,"ARIMA(1,0,1)"
2025-02-07,0.00014918176954371076,LQD,"ARIMA(1,0,1)"
2025-02-10,0.00011052241862488798,LQD,"ARIMA(1,0,1)"
2025-02-11,0.00012307380646665864,LQD,"ARIMA(1,0,1)"
2025-02-12,4.656509274936788e-05,LQD,"ARIMA(1,0,1)"
2025-02-13,0.00020839082636987943,LQD,"ARIMA(1,0,1)"
2025-02-14,0.00027329512729121436,LQD,"ARIMA(1,0,1)"
2025-02-18,0.00019836821408050176,LQD,"ARIMA(1,0,1)"
2025-02-19,0.00021065017750808608,LQD,"ARIMA(1,0,1)"
2025-02-20,0.0001294094515394652,LQD,"ARIMA(1,0,1)"
2025-02-21,0.0002493746138249489,LQD,"ARIMA(1,0,1)"
2025-02-24,-3.957973507454825e-05,LQD,"ARIMA(1,0,1)"
2025-02-25,0.0006365513394242187,LQD,"ARIMA(1,0,1)"
2025-02-26,0.0028175039050368387,LQD,"ARIMA(1,0,1)"
2025-02-27,0.00019934975014814112,LQD,"ARIMA(1,0,1)"
2025-02-28,0.0012446959401690555,LQD,"ARIMA(1,0,1)"
2025-03-03,0.00029065606919160126,LQD,"ARIMA(1,0,1)"
2025-03-04,0.00022419269795456747,LQD,"ARIMA(1,0,1)"
2025-03-05,0.00019320098499862475,LQD,"ARIMA(1,0,1)"
2025-03-06,0.0015826033002029366,LQD,"ARIMA(1,0,1)"
2025-03-07,0.00018900875760227007,LQD,"ARIMA(1,0,1)"
2025-03-10,0.00014574852763454206,LQD,"ARIMA(1,0,1)"
2025-03-11,0.00021363638609787704,LQD,"ARIMA(1,0,1)"
2025-03-12,-2.7407804634112855e-05,LQD,"ARIMA(1,0,1)"
2025-03-13,0.00023499507631652422,LQD,"ARIMA(1,0,1)"
2025-03-14,6.659001700548255e-05,LQD,"ARIMA(1,0,1)"
2025-03-17,0.0002013952348259004,LQD,"ARIMA(1,0,1)"
2025-03-18,0.00012917665765666022,LQD,"ARIMA(1,0,1)"
2025-03-19,0.0002615071535674768,LQD,"ARIMA(1,0,1)"
2025-03-20,0.00024432198693679876,LQD,"ARIMA(1,0,1)"
2025-03-21,0.0001702360423360587,LQD,"ARIMA(1,0,1)"
2025-03-24,0.00023558208830932437,LQD,"ARIMA(1,0,1)"
2025-03-25,-0.001938833937055959,LQD,"ARIMA(1,0,1)"
2025-03-26,0.0023846511813898222,LQD,"ARIMA(1,0,1)"
2025-03-27,-3.919630228416398e-06,LQD,"ARIMA(1,0,1)"
2025-03-28,0.0005123791797265782,LQD,"ARIMA(1,0,1)"
2025-03-31,-4.2015124396056915e-05,LQD,"ARIMA(1,0,1)"
2025-04-01,0.00022657532134905136,LQD,"ARIMA(1,0,1)"
2025-04-02,0.0001695504954374774,LQD,"ARIMA(1,0,1)"
2025-04-03,0.0002776949323680861,LQD,"ARIMA(1,0,1)"
2025-04-04,0.00019076631640425155,LQD,"ARIMA(1,0,1)"
2025-04-07,0.00023734307268711384,LQD,"ARIMA(1,0,1)"
2025-04-08,-0.00018682788597269018,LQD,"ARIMA(1,0,1)"
2025-04-09,0.00047140521061903886,LQD,"ARIMA(1,0,1)"
2025-04-10,0.001978747341247184,LQD,"ARIMA(1,0,1)"
2025-04-11,8.472114181484206e-05,LQD,"ARIMA(1,0,1)"
2025-04-14,0.0001402550265607662,LQD,"ARIMA(1,0,1)"
2025-04-15,0.00017379236366561694,LQD,"ARIMA(1,0,1)"
2025-04-16,0.0013100109892324437,LQD,"ARIMA(1,0,1)"
2025-04-17,-5.2163711019391756e-05,LQD,"ARIMA(1,0,1)"
2025-04-21,0.0011961358622236949,LQD,"ARIMA(1,0,1)"
2025-04-22,-0.0008698408166176763,LQD,"ARIMA(1,0,1)"
2025-04-23,0.0011659117474200503,LQD,"ARIMA(1,0,1)"
2025-04-24,-0.0002581040933603395,LQD,"ARIMA(1,0,1)"
2025-04-25,0.001059158649071029,LQD,"ARIMA(1,0,1)"
2025-04-28,-0.0001117360057701627,LQD,"ARIMA(1,0,1)"
2025-04-29,0.0009297122708507278,LQD,"ARIMA(1,0,1)"
2025-04-30,-0.00010944035723306294,LQD,"ARIMA(1,0,1)"
2025-05-01,0.00016814589392901254,LQD,"ARIMA(1,0,1)"
2025-05-02,0.00017324078290405237,LQD,"ARIMA(1,0,1)"
2025-05-05,0.00026068279275431763,LQD,"ARIMA(1,0,1)"
2025-05-06,0.0001534095107220666,LQD,"ARIMA(1,0,1)"
2025-05-07,0.00037972954998875726,LQD,"ARIMA(1,0,1)"
2025-05-08,0.00020866865540291547,LQD,"ARIMA(1,0,1)"
2025-05-09,-0.00020683527046304017,LQD,"ARIMA(1,0,1)"
2025-05-12,0.0004237051442615392,LQD,"ARIMA(1,0,1)"
2025-05-13,-5.5848614592212976e-05,LQD,"ARIMA(1,0,1)"
2025-05-14,0.00039787051443883825,LQD,"ARIMA(1,0,1)"
2025-05-15,-0.0003771770126758096,LQD,"ARIMA(1,0,1)"
2025-05-16,0.0010467329049195827,LQD,"ARIMA(1,0,1)"
2025-05-19,-0.0003922929570168611,LQD,"ARIMA(1,0,1)"
2025-05-20,0.0006736278920326229,LQD,"ARIMA(1,0,1)"
2025-05-21,-0.000392020699791607,LQD,"ARIMA(1,0,1)"
2025-05-22,-0.00025429506161461324,LQD,"ARIMA(1,0,1)"
2025-05-23,0.0006918625213983222,LQD,"ARIMA(1,0,1)"
2025-05-27,-0.0002570490960206804,LQD,"ARIMA(1,0,1)"
2025-05-28,0.000958239013367023,LQD,"ARIMA(1,0,1)"
2025-05-29,-0.00023236285579422323,LQD,"ARIMA(1,0,1)"
2025-05-30,0.0006133404422548107,LQD,"ARIMA(1,0,1)"
2025-06-02,4.9090928656805866e-05,LQD,"ARIMA(1,0,1)"
2025-06-03,0.0003322638109851053,LQD,"ARIMA(1,0,1)"
2025-06-04,0.00023993024199341943,LQD,"ARIMA(1,0,1)"
2025-06-05,0.00047418382185903513,LQD,"ARIMA(1,0,1)"
2025-06-06,-4.55644449291468e-05,LQD,"ARIMA(1,0,1)"
2025-06-09,5.985319529257097e-05,LQD,"ARIMA(1,0,1)"
2025-06-10,0.0002654925821938419,LQD,"ARIMA(1,0,1)"
2025-06-11,0.0001529391411479281,LQD,"ARIMA(1,0,1)"
2025-06-12,0.00029695912433772627,LQD,"ARIMA(1,0,1)"
2025-06-13,0.0003403607107646555,LQD,"ARIMA(1,0,1)"
2025-06-16,1.3836363795035527e-05,LQD,"ARIMA(1,0,1)"
2025-06-17,0.00024485254555502395,LQD,"ARIMA(1,0,1)"
2025-06-18,0.0001892117718452441,LQD,"ARIMA(1,0,1)"
2025-06-20,0.0001576152565026383,LQD,"ARIMA(1,0,1)"
2025-06-23,0.00019974637343660723,LQD,"ARIMA(1,0,1)"
2025-06-24,0.00023291329090433094,LQD,"ARIMA(1,0,1)"
2025-06-25,0.00031097789022134894,LQD,"ARIMA(1,0,1)"
2025-06-26,7.963657388413917e-05,LQD,"ARIMA(1,0,1)"
2025-06-27,0.0004107034237249698,LQD,"ARIMA(1,0,1)"
2025-06-30,-1.2906912773815409e-05,LQD,"ARIMA(1,0,1)"
2025-07-01,0.0004501863551772096,LQD,"ARIMA(1,0,1)"
2025-07-02,0.00014099136856577228,LQD,"ARIMA(1,0,1)"
2025-07-03,0.0003484138103598931,LQD,"ARIMA(1,0,1)"
2025-07-07,0.00017039330303421672,LQD,"ARIMA(1,0,1)"
2025-07-08,0.00016773630037734714,LQD,"ARIMA(1,0,1)"
2025-07-09,0.0001524173673353927,LQD,"ARIMA(1,0,1)"
2025-07-10,0.0003250291797516962,LQD,"ARIMA(1,0,1)"
2025-07-11,0.00011779853391050198,LQD,"ARIMA(1,0,1)"
2025-07-14,0.00011824797128404636,LQD,"ARIMA(1,0,1)"
2025-07-15,0.00020841495123448457,LQD,"ARIMA(1,0,1)"
2025-07-16,-2.10349863841462e-06,LQD,"ARIMA(1,0,1)"
2025-07-17,0.00025018659576204474,LQD,"ARIMA(1,0,1)"
2025-07-18,0.0001413326284792537,LQD,"ARIMA(1,0,1)"
2025-07-21,0.00019891495586914297,LQD,"ARIMA(1,0,1)"
2025-07-22,0.00020130286988897714,LQD,"ARIMA(1,0,1)"
2025-07-23,0.00020255238306448258,LQD,"ARIMA(1,0,1)"
2025-07-24,0.0001354102405058583,LQD,"ARIMA(1,0,1)"
2025-07-25,0.00017634138325271618,LQD,"ARIMA(1,0,1)"
2025-07-28,0.00028051588664257507,LQD,"ARIMA(1,0,1)"
2025-07-29,0.00012333561917674346,LQD,"ARIMA(1,0,1)"
2025-07-30,0.00038980257578571703,LQD,"ARIMA(1,0,1)"
2025-07-31,0.00010077707334719976,LQD,"ARIMA(1,0,1)"
2025-08-01,0.0002090121601729666,LQD,"ARIMA(1,0,1)"
2025-08-04,0.00023221055598756626,LQD,"ARIMA(1,0,1)"
2025-08-05,0.00018084518371186626,LQD,"ARIMA(1,0,1)"
2025-08-06,0.0001988686155409953,LQD,"ARIMA(1,0,1)"
2025-08-07,0.00014796672615965766,LQD,"ARIMA(1,0,1)"
2025-08-08,0.00015137056285688025,LQD,"ARIMA(1,0,1)"
2025-08-11,0.00015865993759239778,LQD,"ARIMA(1,0,1)"
2025-08-12,0.00019406561747742254,LQD,"ARIMA(1,0,1)"
2025-08-13,0.00019529818216945183,LQD,"ARIMA(1,0,1)"
2025-08-14,0.00015445483562478827,LQD,"ARIMA(1,0,1)"
