Date,pred,asset,model
2007-01-05,0.007686956440059886,QQQ,HAR-RV
2007-01-08,0.006405403794950392,QQQ,HAR-RV
2007-01-09,0.006744955875750381,QQQ,HAR-RV
2007-01-10,0.006604162954526522,QQQ,HAR-RV
2007-01-11,0.006106066210756898,QQQ,HAR-RV
2007-01-12,0.0052783870586728425,QQQ,HAR-RV
2007-01-16,0.006109096023324804,QQQ,HAR-RV
2007-01-17,0.006228112830962149,QQQ,HAR-RV
2007-01-18,0.006260348764239752,QQQ,HAR-RV
2007-01-19,0.005887741441471971,QQQ,HAR-RV
2007-01-22,0.0055666624158037924,QQQ,HAR-RV
2007-01-23,0.006669705336330826,QQQ,HAR-RV
2007-01-24,0.006050988416928384,QQQ,HAR-RV
2007-01-25,0.006058899272880728,QQQ,HAR-RV
2007-01-26,0.0053603136458754835,QQQ,HAR-RV
2007-01-29,0.006463032844968727,QQQ,HAR-RV
2007-01-30,0.0065226664065030655,QQQ,HAR-RV
2007-01-31,0.007088839129860881,QQQ,HAR-RV
2007-02-01,0.007156744053144361,QQQ,HAR-RV
2007-02-02,0.0074998073798889595,QQQ,HAR-RV
2007-02-05,0.008738374274483866,QQQ,HAR-RV
2007-02-06,0.008624415727277429,QQQ,HAR-RV
2007-02-07,0.008652861420829898,QQQ,HAR-RV
2007-02-08,0.007774725268932477,QQQ,HAR-RV
2007-02-09,0.007597587802228975,QQQ,HAR-RV
2007-02-12,0.008341748421771288,QQQ,HAR-RV
2007-02-13,0.007052507286478737,QQQ,HAR-RV
2007-02-14,0.006988479841189383,QQQ,HAR-RV
2007-02-15,0.006627825721213622,QQQ,HAR-RV
2007-02-16,0.005735109691713517,QQQ,HAR-RV
2007-02-20,0.00627812949422419,QQQ,HAR-RV
2007-02-21,0.0069172411316003705,QQQ,HAR-RV
2007-02-22,0.005828412559606838,QQQ,HAR-RV
2007-02-23,0.006194102470763612,QQQ,HAR-RV
2007-02-26,0.006717640456832261,QQQ,HAR-RV
2007-02-27,0.007097738202650154,QQQ,HAR-RV
2007-02-28,0.006785676674295764,QQQ,HAR-RV
2007-03-01,0.002786486707667341,QQQ,HAR-RV
2007-03-02,0.005221554140392943,QQQ,HAR-RV
2007-03-05,0.005756881539419234,QQQ,HAR-RV
2007-03-06,0.004975832032842066,QQQ,HAR-RV
2007-03-07,0.005958173899069753,QQQ,HAR-RV
2007-03-08,0.00682362767237033,QQQ,HAR-RV
2007-03-09,0.007849099209629787,QQQ,HAR-RV
2007-03-12,0.007647836146884189,QQQ,HAR-RV
2007-03-13,0.008779089769352237,QQQ,HAR-RV
2007-03-14,0.008418784122631688,QQQ,HAR-RV
2007-03-15,0.00813727001173929,QQQ,HAR-RV
2007-03-16,0.007836460491677948,QQQ,HAR-RV
2007-03-19,0.008772771359101397,QQQ,HAR-RV
2007-03-20,0.008884193656144138,QQQ,HAR-RV
2007-03-21,0.007770843860242033,QQQ,HAR-RV
2007-03-22,0.008813970023240605,QQQ,HAR-RV
2007-03-23,0.008193279481442155,QQQ,HAR-RV
2007-03-26,0.009037659247771453,QQQ,HAR-RV
2007-03-27,0.008897655088350243,QQQ,HAR-RV
2007-03-28,0.009114253552573446,QQQ,HAR-RV
2007-03-29,0.009032700107120609,QQQ,HAR-RV
2007-03-30,0.009138572000497025,QQQ,HAR-RV
2007-04-02,0.0086930613296518,QQQ,HAR-RV
2007-04-03,0.008640013932045436,QQQ,HAR-RV
2007-04-04,0.008712688406595843,QQQ,HAR-RV
2007-04-05,0.007507706627016955,QQQ,HAR-RV
2007-04-09,0.008289929910179974,QQQ,HAR-RV
2007-04-10,0.007787823557533332,QQQ,HAR-RV
2007-04-11,0.007907172094224887,QQQ,HAR-RV
2007-04-12,0.007544446812969979,QQQ,HAR-RV
2007-04-13,0.007317841347412176,QQQ,HAR-RV
2007-04-16,0.007366551599268879,QQQ,HAR-RV
2007-04-17,0.007553150736125098,QQQ,HAR-RV
2007-04-18,0.006481603092098053,QQQ,HAR-RV
2007-04-19,0.007129317907785768,QQQ,HAR-RV
2007-04-20,0.007316943474168929,QQQ,HAR-RV
2007-04-23,0.007257775559673121,QQQ,HAR-RV
2007-04-24,0.0067832222713320785,QQQ,HAR-RV
2007-04-25,0.00680228300861409,QQQ,HAR-RV
2007-04-26,0.006548624773741496,QQQ,HAR-RV
2007-04-27,0.0057235024621748575,QQQ,HAR-RV
2007-04-30,0.0063505453145974305,QQQ,HAR-RV
2007-05-01,0.0067747404025957775,QQQ,HAR-RV
2007-05-02,0.005246329808456889,QQQ,HAR-RV
2007-05-03,0.006409282723167807,QQQ,HAR-RV
2007-05-04,0.00607744321590958,QQQ,HAR-RV
2007-05-07,0.00664695400993813,QQQ,HAR-RV
2007-05-08,0.006252918543992214,QQQ,HAR-RV
2007-05-09,0.006752355654444395,QQQ,HAR-RV
2007-05-10,0.00638249465672931,QQQ,HAR-RV
2007-05-11,0.006945663693244722,QQQ,HAR-RV
2007-05-14,0.006343156845174496,QQQ,HAR-RV
2007-05-15,0.00588647951608973,QQQ,HAR-RV
2007-05-16,0.005701177080182177,QQQ,HAR-RV
2007-05-17,0.005707062519619709,QQQ,HAR-RV
2007-05-18,0.005273478703791267,QQQ,HAR-RV
2007-05-21,0.005994862211251411,QQQ,HAR-RV
2007-05-22,0.006220071410041999,QQQ,HAR-RV
2007-05-23,0.0063449338971007345,QQQ,HAR-RV
2007-05-24,0.0067196501583826835,QQQ,HAR-RV
2007-05-25,0.00700316650410231,QQQ,HAR-RV
2007-05-29,0.006432780548455039,QQQ,HAR-RV
2007-05-30,0.0066139352627719965,QQQ,HAR-RV
2007-05-31,0.006588891247656408,QQQ,HAR-RV
2007-06-01,0.006446677978778747,QQQ,HAR-RV
2007-06-04,0.006252414415300941,QQQ,HAR-RV
2007-06-05,0.006949249056010716,QQQ,HAR-RV
2007-06-06,0.006891788122288353,QQQ,HAR-RV
2007-06-07,0.007225463826081854,QQQ,HAR-RV
2007-06-08,0.007665787249391953,QQQ,HAR-RV
2007-06-11,0.007470838920346341,QQQ,HAR-RV
2007-06-12,0.0067071370914465545,QQQ,HAR-RV
2007-06-13,0.006368273601847323,QQQ,HAR-RV
2007-06-14,0.006002390315558805,QQQ,HAR-RV
2007-06-15,0.0060344328329478905,QQQ,HAR-RV
2007-06-18,0.006603771248105023,QQQ,HAR-RV
2007-06-19,0.006838397543389326,QQQ,HAR-RV
2007-06-20,0.006572719441202064,QQQ,HAR-RV
2007-06-21,0.00694593374081396,QQQ,HAR-RV
2007-06-22,0.0072151866184290946,QQQ,HAR-RV
2007-06-25,0.007074861705693142,QQQ,HAR-RV
2007-06-26,0.007090209505572464,QQQ,HAR-RV
2007-06-27,0.006803468458290258,QQQ,HAR-RV
2007-06-28,0.006494209406063724,QQQ,HAR-RV
2007-06-29,0.006215409028798638,QQQ,HAR-RV
2007-07-02,0.006509922390647747,QQQ,HAR-RV
2007-07-03,0.006936622891249574,QQQ,HAR-RV
2007-07-05,0.006849063244664183,QQQ,HAR-RV
2007-07-06,0.00673646871037681,QQQ,HAR-RV
2007-07-09,0.007080590649808728,QQQ,HAR-RV
2007-07-10,0.0067629878630163145,QQQ,HAR-RV
2007-07-11,0.006858816986053465,QQQ,HAR-RV
2007-07-12,0.0071164933196034,QQQ,HAR-RV
2007-07-13,0.007146388192538386,QQQ,HAR-RV
2007-07-16,0.006812271997213137,QQQ,HAR-RV
2007-07-17,0.006468683842407837,QQQ,HAR-RV
2007-07-18,0.0065229253979577,QQQ,HAR-RV
2007-07-19,0.006602425705871858,QQQ,HAR-RV
2007-07-20,0.007101569316076401,QQQ,HAR-RV
2007-07-23,0.007333352916647163,QQQ,HAR-RV
2007-07-24,0.0071698449969350205,QQQ,HAR-RV
2007-07-25,0.007576985327192519,QQQ,HAR-RV
2007-07-26,0.0067522785964888145,QQQ,HAR-RV
2007-07-27,0.007385315024973511,QQQ,HAR-RV
2007-07-30,0.006998787474772863,QQQ,HAR-RV
2007-07-31,0.00604089065808989,QQQ,HAR-RV
2007-08-01,0.006413235368659244,QQQ,HAR-RV
2007-08-02,0.005670105869931533,QQQ,HAR-RV
2007-08-03,0.005691679748732219,QQQ,HAR-RV
2007-08-06,0.006427125320747588,QQQ,HAR-RV
2007-08-07,0.0061114311405364215,QQQ,HAR-RV
2007-08-08,0.006317452283516351,QQQ,HAR-RV
2007-08-09,0.006186630365014664,QQQ,HAR-RV
2007-08-10,0.006553409765195311,QQQ,HAR-RV
2007-08-13,0.006526793023045756,QQQ,HAR-RV
2007-08-14,0.006375824341765657,QQQ,HAR-RV
2007-08-15,0.006930847176274668,QQQ,HAR-RV
2007-08-16,0.007627303753951218,QQQ,HAR-RV
2007-08-17,0.008038818896825655,QQQ,HAR-RV
2007-08-20,0.008659238050280753,QQQ,HAR-RV
2007-08-21,0.008393575669865637,QQQ,HAR-RV
2007-08-22,0.009262453940538849,QQQ,HAR-RV
2007-08-23,0.009081198128971341,QQQ,HAR-RV
2007-08-24,0.008110812386658188,QQQ,HAR-RV
2007-08-27,0.008880090205732574,QQQ,HAR-RV
2007-08-28,0.007851770442681259,QQQ,HAR-RV
2007-08-29,0.009825780285640715,QQQ,HAR-RV
2007-08-30,0.01091079361829165,QQQ,HAR-RV
2007-08-31,0.01099649928605783,QQQ,HAR-RV
2007-09-04,0.011983019829749909,QQQ,HAR-RV
2007-09-05,0.011937576935325626,QQQ,HAR-RV
2007-09-06,0.011979140443417491,QQQ,HAR-RV
2007-09-07,0.010933107127589652,QQQ,HAR-RV
2007-09-10,0.010728339814235424,QQQ,HAR-RV
2007-09-11,0.009818290273384071,QQQ,HAR-RV
2007-09-12,0.010841142351260382,QQQ,HAR-RV
2007-09-13,0.008880577151020875,QQQ,HAR-RV
2007-09-14,0.009154430845081166,QQQ,HAR-RV
2007-09-17,0.008618485676267423,QQQ,HAR-RV
2007-09-18,0.007639641103465496,QQQ,HAR-RV
2007-09-19,0.007968213177996189,QQQ,HAR-RV
2007-09-20,0.007113696318599787,QQQ,HAR-RV
2007-09-21,0.008935023657406595,QQQ,HAR-RV
2007-09-24,0.00877167051351611,QQQ,HAR-RV
2007-09-25,0.008656336653688,QQQ,HAR-RV
2007-09-26,0.00854096042077441,QQQ,HAR-RV
2007-09-27,0.007165256611977427,QQQ,HAR-RV
2007-09-28,0.007546974227358474,QQQ,HAR-RV
2007-10-01,0.0075869556101476315,QQQ,HAR-RV
2007-10-02,0.007317101040283207,QQQ,HAR-RV
2007-10-03,0.006799608944841717,QQQ,HAR-RV
2007-10-04,0.007147800349463167,QQQ,HAR-RV
2007-10-05,0.006600899140364313,QQQ,HAR-RV
2007-10-08,0.006823058030044673,QQQ,HAR-RV
2007-10-09,0.006338185226890619,QQQ,HAR-RV
2007-10-10,0.007350645243914879,QQQ,HAR-RV
2007-10-11,0.007650065509629723,QQQ,HAR-RV
2007-10-12,0.007614365372548499,QQQ,HAR-RV
2007-10-15,0.007398744873351775,QQQ,HAR-RV
2007-10-16,0.007238419281489051,QQQ,HAR-RV
2007-10-17,0.008134381540041884,QQQ,HAR-RV
2007-10-18,0.008525979902784513,QQQ,HAR-RV
2007-10-19,0.00852073676974838,QQQ,HAR-RV
2007-10-22,0.008539009769948104,QQQ,HAR-RV
2007-10-23,0.007226999363940755,QQQ,HAR-RV
2007-10-24,0.009219422515660774,QQQ,HAR-RV
2007-10-25,0.009667821745719472,QQQ,HAR-RV
2007-10-26,0.010726482399696211,QQQ,HAR-RV
2007-10-29,0.011432531728271628,QQQ,HAR-RV
2007-10-30,0.010129074054976754,QQQ,HAR-RV
2007-10-31,0.010483586592954848,QQQ,HAR-RV
2007-11-01,0.009062409187552873,QQQ,HAR-RV
2007-11-02,0.008568724646415176,QQQ,HAR-RV
2007-11-05,0.008695354133367294,QQQ,HAR-RV
2007-11-06,0.008960912888199633,QQQ,HAR-RV
2007-11-07,0.009368814043742532,QQQ,HAR-RV
2007-11-08,0.009907311782069557,QQQ,HAR-RV
2007-11-09,0.010602907031965089,QQQ,HAR-RV
2007-11-12,0.013034022436970457,QQQ,HAR-RV
2007-11-13,0.016821183658875853,QQQ,HAR-RV
2007-11-14,0.02147465892367192,QQQ,HAR-RV
2007-11-15,0.023290253098518253,QQQ,HAR-RV
2007-11-16,0.0197480794804061,QQQ,HAR-RV
2007-11-19,0.01652836387547938,QQQ,HAR-RV
2007-11-20,0.014510040253370214,QQQ,HAR-RV
2007-11-21,0.013061167501729434,QQQ,HAR-RV
2007-11-23,0.00985221232128246,QQQ,HAR-RV
2007-11-26,0.010194550464731443,QQQ,HAR-RV
2007-11-27,0.01083168366125942,QQQ,HAR-RV
2007-11-28,0.012328952596644118,QQQ,HAR-RV
2007-11-29,0.013963687764358806,QQQ,HAR-RV
2007-11-30,0.015655525435283403,QQQ,HAR-RV
2007-12-03,0.013457001288790842,QQQ,HAR-RV
2007-12-04,0.01336410543111298,QQQ,HAR-RV
2007-12-05,0.012385666445247738,QQQ,HAR-RV
2007-12-06,0.011248976727561841,QQQ,HAR-RV
2007-12-07,0.011863479616118392,QQQ,HAR-RV
2007-12-10,0.011644362959885949,QQQ,HAR-RV
2007-12-11,0.009742663219531985,QQQ,HAR-RV
2007-12-12,0.010137409869827498,QQQ,HAR-RV
2007-12-13,0.012345923401688188,QQQ,HAR-RV
2007-12-14,0.010467320422909588,QQQ,HAR-RV
2007-12-17,0.009494251554148835,QQQ,HAR-RV
2007-12-18,0.010152443187784767,QQQ,HAR-RV
2007-12-19,0.012341839504518476,QQQ,HAR-RV
2007-12-20,0.009638473871490466,QQQ,HAR-RV
2007-12-21,0.00894966616437227,QQQ,HAR-RV
2007-12-24,0.01135697191927097,QQQ,HAR-RV
2007-12-26,0.011984197992173304,QQQ,HAR-RV
2007-12-27,0.010092889659841618,QQQ,HAR-RV
2007-12-28,0.010001574991537166,QQQ,HAR-RV
2007-12-31,0.01096241781708946,QQQ,HAR-RV
2008-01-02,0.008954708120708891,QQQ,HAR-RV
2008-01-03,0.00908105015421226,QQQ,HAR-RV
2008-01-04,0.00993520680328945,QQQ,HAR-RV
2008-01-07,0.009407777844529001,QQQ,HAR-RV
2008-01-08,0.012553743091006538,QQQ,HAR-RV
2008-01-09,0.012364766625688386,QQQ,HAR-RV
2008-01-10,0.013820058608370284,QQQ,HAR-RV
2008-01-11,0.01372743719128745,QQQ,HAR-RV
2008-01-14,0.01371707589767739,QQQ,HAR-RV
2008-01-15,0.01257391535003255,QQQ,HAR-RV
2008-01-16,0.013482225782080668,QQQ,HAR-RV
2008-01-17,0.013890131124671443,QQQ,HAR-RV
2008-01-18,0.013223933468672403,QQQ,HAR-RV
2008-01-22,0.013834955211922323,QQQ,HAR-RV
2008-01-23,0.012630432570262291,QQQ,HAR-RV
2008-01-24,0.01307677161284744,QQQ,HAR-RV
2008-01-25,0.012124613055678433,QQQ,HAR-RV
2008-01-28,0.012683119197979171,QQQ,HAR-RV
2008-01-29,0.01312473557708123,QQQ,HAR-RV
2008-01-30,0.013368358950983563,QQQ,HAR-RV
2008-01-31,0.011428916058359048,QQQ,HAR-RV
2008-02-01,0.011192121608281674,QQQ,HAR-RV
2008-02-04,0.01148565605211677,QQQ,HAR-RV
2008-02-05,0.010853879383144527,QQQ,HAR-RV
2008-02-06,0.011794905064748312,QQQ,HAR-RV
2008-02-07,0.01420946420182323,QQQ,HAR-RV
2008-02-08,0.014148954462142892,QQQ,HAR-RV
2008-02-11,0.013270994835609454,QQQ,HAR-RV
2008-02-12,0.013152486034720277,QQQ,HAR-RV
2008-02-13,0.012682504584231282,QQQ,HAR-RV
2008-02-14,0.011762283187048132,QQQ,HAR-RV
2008-02-15,0.012435360606207356,QQQ,HAR-RV
2008-02-19,0.012702360223902438,QQQ,HAR-RV
2008-02-20,0.011256949550974393,QQQ,HAR-RV
2008-02-21,0.010519945626561339,QQQ,HAR-RV
2008-02-22,0.010452989828276544,QQQ,HAR-RV
2008-02-25,0.010264940903822824,QQQ,HAR-RV
2008-02-26,0.008879201628060721,QQQ,HAR-RV
2008-02-27,0.008911298273055972,QQQ,HAR-RV
2008-02-28,0.008706808082715907,QQQ,HAR-RV
2008-02-29,0.008503520027259943,QQQ,HAR-RV
2008-03-03,0.008455968711978231,QQQ,HAR-RV
2008-03-04,0.01061429695032208,QQQ,HAR-RV
2008-03-05,0.010072611920176154,QQQ,HAR-RV
2008-03-06,0.009879165946546462,QQQ,HAR-RV
2008-03-07,0.009854287777058494,QQQ,HAR-RV
2008-03-10,0.011220771883144968,QQQ,HAR-RV
2008-03-11,0.009283436619941528,QQQ,HAR-RV
2008-03-12,0.010480904903456982,QQQ,HAR-RV
2008-03-13,0.012493480937857529,QQQ,HAR-RV
2008-03-14,0.011253824810927394,QQQ,HAR-RV
2008-03-17,0.010952193431528088,QQQ,HAR-RV
2008-03-18,0.012225049162749649,QQQ,HAR-RV
2008-03-19,0.01270558122188673,QQQ,HAR-RV
2008-03-20,0.014900275646266775,QQQ,HAR-RV
2008-03-24,0.015617991297550805,QQQ,HAR-RV
2008-03-25,0.01728637752135696,QQQ,HAR-RV
2008-03-26,0.01844630296014597,QQQ,HAR-RV
2008-03-27,0.015402617616859366,QQQ,HAR-RV
2008-03-28,0.013516923092144913,QQQ,HAR-RV
2008-03-31,0.0144599691910908,QQQ,HAR-RV
2008-04-01,0.012597863053859525,QQQ,HAR-RV
2008-04-02,0.01215203416365801,QQQ,HAR-RV
2008-04-03,0.01505455993880851,QQQ,HAR-RV
2008-04-04,0.013279304210477821,QQQ,HAR-RV
2008-04-07,0.012107546869129831,QQQ,HAR-RV
2008-04-08,0.012027165307370883,QQQ,HAR-RV
2008-04-09,0.011585514355361221,QQQ,HAR-RV
2008-04-10,0.010048536178631946,QQQ,HAR-RV
2008-04-11,0.010840717436039595,QQQ,HAR-RV
2008-04-14,0.011939782979247594,QQQ,HAR-RV
2008-04-15,0.01308829119791531,QQQ,HAR-RV
2008-04-16,0.012150658434939092,QQQ,HAR-RV
2008-04-17,0.011962784367816786,QQQ,HAR-RV
2008-04-18,0.013327911354330934,QQQ,HAR-RV
2008-04-21,0.012409419494108035,QQQ,HAR-RV
2008-04-22,0.012410225680127477,QQQ,HAR-RV
2008-04-23,0.012412797278561039,QQQ,HAR-RV
2008-04-24,0.01298970739819911,QQQ,HAR-RV
2008-04-25,0.011916639704459102,QQQ,HAR-RV
2008-04-28,0.012202765156887544,QQQ,HAR-RV
2008-04-29,0.010748130201730464,QQQ,HAR-RV
2008-04-30,0.010284319354976895,QQQ,HAR-RV
2008-05-01,0.009994441558628771,QQQ,HAR-RV
2008-05-02,0.010186446203797703,QQQ,HAR-RV
2008-05-05,0.010854406543373404,QQQ,HAR-RV
2008-05-06,0.010983128709293704,QQQ,HAR-RV
2008-05-07,0.010967661761058834,QQQ,HAR-RV
2008-05-08,0.010919951010873116,QQQ,HAR-RV
2008-05-09,0.011461238651517273,QQQ,HAR-RV
2008-05-12,0.010392013573676903,QQQ,HAR-RV
2008-05-13,0.010551709964206993,QQQ,HAR-RV
2008-05-14,0.011091704594828484,QQQ,HAR-RV
2008-05-15,0.010888584906707044,QQQ,HAR-RV
2008-05-16,0.010225224671490481,QQQ,HAR-RV
2008-05-19,0.010535900138298433,QQQ,HAR-RV
2008-05-20,0.010550057604780784,QQQ,HAR-RV
2008-05-21,0.009884799035990854,QQQ,HAR-RV
2008-05-22,0.010083978909795687,QQQ,HAR-RV
2008-05-23,0.01080167094125005,QQQ,HAR-RV
2008-05-27,0.010505963192582506,QQQ,HAR-RV
2008-05-28,0.010590830510212793,QQQ,HAR-RV
2008-05-29,0.010834236488745572,QQQ,HAR-RV
2008-05-30,0.011082065922967715,QQQ,HAR-RV
2008-06-02,0.01029744433913226,QQQ,HAR-RV
2008-06-03,0.010558206551317218,QQQ,HAR-RV
2008-06-04,0.010853775315294509,QQQ,HAR-RV
2008-06-05,0.010441800842613216,QQQ,HAR-RV
2008-06-06,0.010837083394576676,QQQ,HAR-RV
2008-06-09,0.011287250432388804,QQQ,HAR-RV
2008-06-10,0.011962081869194768,QQQ,HAR-RV
2008-06-11,0.012197798385523165,QQQ,HAR-RV
2008-06-12,0.012374442028565654,QQQ,HAR-RV
2008-06-13,0.012233746668866254,QQQ,HAR-RV
2008-06-16,0.012601563396379236,QQQ,HAR-RV
2008-06-17,0.0112836668943072,QQQ,HAR-RV
2008-06-18,0.011979940958175297,QQQ,HAR-RV
2008-06-19,0.012242033325842094,QQQ,HAR-RV
2008-06-20,0.01141508016230703,QQQ,HAR-RV
2008-06-23,0.01186844074142413,QQQ,HAR-RV
2008-06-24,0.011647543284047079,QQQ,HAR-RV
2008-06-25,0.012436742581069955,QQQ,HAR-RV
2008-06-26,0.012526406271585707,QQQ,HAR-RV
2008-06-27,0.01241346011159134,QQQ,HAR-RV
2008-06-30,0.011920918248682041,QQQ,HAR-RV
2008-07-01,0.012931222230453706,QQQ,HAR-RV
2008-07-02,0.012537177843902778,QQQ,HAR-RV
2008-07-03,0.012800224928087864,QQQ,HAR-RV
2008-07-07,0.012447089026844493,QQQ,HAR-RV
2008-07-08,0.011897091154700293,QQQ,HAR-RV
2008-07-09,0.012079391235553835,QQQ,HAR-RV
2008-07-10,0.011822801212786005,QQQ,HAR-RV
2008-07-11,0.012235575221186462,QQQ,HAR-RV
2008-07-14,0.012433812521786856,QQQ,HAR-RV
2008-07-15,0.012759008548895327,QQQ,HAR-RV
2008-07-16,0.013030560620288373,QQQ,HAR-RV
2008-07-17,0.012640241335647295,QQQ,HAR-RV
2008-07-18,0.011277180042483079,QQQ,HAR-RV
2008-07-21,0.012111744361251967,QQQ,HAR-RV
2008-07-22,0.011379883048373677,QQQ,HAR-RV
2008-07-23,0.012202590322935695,QQQ,HAR-RV
2008-07-24,0.012502264137751904,QQQ,HAR-RV
2008-07-25,0.01141163788290742,QQQ,HAR-RV
2008-07-28,0.011682747384785915,QQQ,HAR-RV
2008-07-29,0.011374754723155614,QQQ,HAR-RV
2008-07-30,0.011572637922267547,QQQ,HAR-RV
2008-07-31,0.012327402985224615,QQQ,HAR-RV
2008-08-01,0.012688660840520942,QQQ,HAR-RV
2008-08-04,0.012334240112942959,QQQ,HAR-RV
2008-08-05,0.011875780066346797,QQQ,HAR-RV
2008-08-06,0.011846046575207344,QQQ,HAR-RV
2008-08-07,0.011336428404799929,QQQ,HAR-RV
2008-08-08,0.01241992565967271,QQQ,HAR-RV
2008-08-11,0.01295252975006658,QQQ,HAR-RV
2008-08-12,0.012724058789185238,QQQ,HAR-RV
2008-08-13,0.01298047862892518,QQQ,HAR-RV
2008-08-14,0.012324784508198116,QQQ,HAR-RV
2008-08-15,0.012007300702711,QQQ,HAR-RV
2008-08-18,0.011656283494514377,QQQ,HAR-RV
2008-08-19,0.011413329964440104,QQQ,HAR-RV
2008-08-20,0.011345016284285163,QQQ,HAR-RV
2008-08-21,0.011552703909751239,QQQ,HAR-RV
2008-08-22,0.011837298102966187,QQQ,HAR-RV
2008-08-25,0.011603838655459636,QQQ,HAR-RV
2008-08-26,0.011816693814674038,QQQ,HAR-RV
2008-08-27,0.01175763495466269,QQQ,HAR-RV
2008-08-28,0.012148057972972416,QQQ,HAR-RV
2008-08-29,0.012099926285908788,QQQ,HAR-RV
2008-09-02,0.012363453245477607,QQQ,HAR-RV
2008-09-03,0.012162551364966682,QQQ,HAR-RV
2008-09-04,0.012266726018833982,QQQ,HAR-RV
2008-09-05,0.012570122637197137,QQQ,HAR-RV
2008-09-08,0.012223110665534425,QQQ,HAR-RV
2008-09-09,0.013073024231410426,QQQ,HAR-RV
2008-09-10,0.013278214767048345,QQQ,HAR-RV
2008-09-11,0.012583536813873487,QQQ,HAR-RV
2008-09-12,0.013157029822899029,QQQ,HAR-RV
2008-09-15,0.012437185825685405,QQQ,HAR-RV
2008-09-16,0.013242501791529004,QQQ,HAR-RV
2008-09-17,0.012089765842238366,QQQ,HAR-RV
2008-09-18,0.013464168118220633,QQQ,HAR-RV
2008-09-19,0.012739295620791766,QQQ,HAR-RV
2008-09-22,0.014242836922808654,QQQ,HAR-RV
2008-09-23,0.01758920173891179,QQQ,HAR-RV
2008-09-24,0.01676691808758107,QQQ,HAR-RV
2008-09-25,0.016386678811731895,QQQ,HAR-RV
2008-09-26,0.014364341994070422,QQQ,HAR-RV
2008-09-29,0.013347900175048284,QQQ,HAR-RV
2008-09-30,0.014462689469428084,QQQ,HAR-RV
2008-10-01,0.016505730754059242,QQQ,HAR-RV
2008-10-02,0.017065810982324646,QQQ,HAR-RV
2008-10-03,0.019742679726017228,QQQ,HAR-RV
2008-10-06,0.020217315428586874,QQQ,HAR-RV
2008-10-07,0.023145204197499367,QQQ,HAR-RV
2008-10-08,0.02332796946900867,QQQ,HAR-RV
2008-10-09,0.02365276926585607,QQQ,HAR-RV
2008-10-10,0.026950471051681774,QQQ,HAR-RV
2008-10-13,0.02296504054661929,QQQ,HAR-RV
2008-10-14,0.03313786833316613,QQQ,HAR-RV
2008-10-15,0.030980966240794227,QQQ,HAR-RV
2008-10-16,0.046694225679668244,QQQ,HAR-RV
2008-10-17,0.05040259915178276,QQQ,HAR-RV
2008-10-20,0.04923513688489409,QQQ,HAR-RV
2008-10-21,0.045044104425356814,QQQ,HAR-RV
2008-10-22,0.04426562150628856,QQQ,HAR-RV
2008-10-23,0.04276185268103433,QQQ,HAR-RV
2008-10-24,0.037937092094406745,QQQ,HAR-RV
2008-10-27,0.03673817706046717,QQQ,HAR-RV
2008-10-28,0.035982492795203116,QQQ,HAR-RV
2008-10-29,0.04459028185180127,QQQ,HAR-RV
2008-10-30,0.037814018476676106,QQQ,HAR-RV
2008-10-31,0.043955931244989276,QQQ,HAR-RV
2008-11-03,0.03921878320247206,QQQ,HAR-RV
2008-11-04,0.03727488002711387,QQQ,HAR-RV
2008-11-05,0.03419402555832109,QQQ,HAR-RV
2008-11-06,0.033951608782232655,QQQ,HAR-RV
2008-11-07,0.03543346862379538,QQQ,HAR-RV
2008-11-10,0.03396116245818661,QQQ,HAR-RV
2008-11-11,0.034956098022869496,QQQ,HAR-RV
2008-11-12,0.03436962396282705,QQQ,HAR-RV
2008-11-13,0.03509221512977843,QQQ,HAR-RV
2008-11-14,0.03234362546983161,QQQ,HAR-RV
2008-11-17,0.03348470377322162,QQQ,HAR-RV
2008-11-18,0.031729754834502036,QQQ,HAR-RV
2008-11-19,0.030179389634661283,QQQ,HAR-RV
2008-11-20,0.03163692990935394,QQQ,HAR-RV
2008-11-21,0.03160674337495317,QQQ,HAR-RV
2008-11-24,0.031790052167806324,QQQ,HAR-RV
2008-11-25,0.03317540138996612,QQQ,HAR-RV
2008-11-26,0.03430262900501801,QQQ,HAR-RV
2008-11-28,0.03507471917630125,QQQ,HAR-RV
2008-12-01,0.03367263711075326,QQQ,HAR-RV
2008-12-02,0.03191566971213144,QQQ,HAR-RV
2008-12-03,0.031690394209089985,QQQ,HAR-RV
2008-12-04,0.03382152734396312,QQQ,HAR-RV
2008-12-05,0.03516066537023124,QQQ,HAR-RV
2008-12-08,0.036397824535202426,QQQ,HAR-RV
2008-12-09,0.0365632006279224,QQQ,HAR-RV
2008-12-10,0.03494371954443788,QQQ,HAR-RV
2008-12-11,0.03332150507033939,QQQ,HAR-RV
2008-12-12,0.03222313140754772,QQQ,HAR-RV
2008-12-15,0.03158671936486899,QQQ,HAR-RV
2008-12-16,0.030774763918323216,QQQ,HAR-RV
2008-12-17,0.03026762923994516,QQQ,HAR-RV
2008-12-18,0.028982941874312967,QQQ,HAR-RV
2008-12-19,0.02874752487631143,QQQ,HAR-RV
2008-12-22,0.027865795168140688,QQQ,HAR-RV
2008-12-23,0.027936665175392037,QQQ,HAR-RV
2008-12-24,0.026261188085573442,QQQ,HAR-RV
2008-12-26,0.023508790754085206,QQQ,HAR-RV
2008-12-29,0.02155101853183504,QQQ,HAR-RV
2008-12-30,0.018873774839752187,QQQ,HAR-RV
2008-12-31,0.018912029274076814,QQQ,HAR-RV
2009-01-02,0.01774697690043946,QQQ,HAR-RV
2009-01-05,0.018560178097822025,QQQ,HAR-RV
2009-01-06,0.017843247093210664,QQQ,HAR-RV
2009-01-07,0.018307581719786845,QQQ,HAR-RV
2009-01-08,0.017641740387877282,QQQ,HAR-RV
2009-01-09,0.017332113098070354,QQQ,HAR-RV
2009-01-12,0.01733026724894993,QQQ,HAR-RV
2009-01-13,0.015519419588815923,QQQ,HAR-RV
2009-01-14,0.016842998940788396,QQQ,HAR-RV
2009-01-15,0.01717163448476121,QQQ,HAR-RV
2009-01-16,0.01614426033944312,QQQ,HAR-RV
2009-01-20,0.01694121146180166,QQQ,HAR-RV
2009-01-21,0.016649268267679644,QQQ,HAR-RV
2009-01-22,0.016973307258182628,QQQ,HAR-RV
2009-01-23,0.019750624035450484,QQQ,HAR-RV
2009-01-26,0.019610005702223494,QQQ,HAR-RV
2009-01-27,0.019158536820284226,QQQ,HAR-RV
2009-01-28,0.018390273154764807,QQQ,HAR-RV
2009-01-29,0.017084779778829443,QQQ,HAR-RV
2009-01-30,0.017277885303036734,QQQ,HAR-RV
2009-02-02,0.01861295006763798,QQQ,HAR-RV
2009-02-03,0.01945469002690068,QQQ,HAR-RV
2009-02-04,0.019403719846022963,QQQ,HAR-RV
2009-02-05,0.01973732458863198,QQQ,HAR-RV
2009-02-06,0.017752118956637683,QQQ,HAR-RV
2009-02-09,0.017859286211989497,QQQ,HAR-RV
2009-02-10,0.01844386579835248,QQQ,HAR-RV
2009-02-11,0.01805065918665296,QQQ,HAR-RV
2009-02-12,0.018593285390091766,QQQ,HAR-RV
2009-02-13,0.018999618605786778,QQQ,HAR-RV
2009-02-17,0.018133970313243514,QQQ,HAR-RV
2009-02-18,0.018107929618989993,QQQ,HAR-RV
2009-02-19,0.01783302382865531,QQQ,HAR-RV
2009-02-20,0.01805970022542235,QQQ,HAR-RV
2009-02-23,0.017760513599727964,QQQ,HAR-RV
2009-02-24,0.016659172152760367,QQQ,HAR-RV
2009-02-25,0.0159539081572214,QQQ,HAR-RV
2009-02-26,0.016445503151255737,QQQ,HAR-RV
2009-02-27,0.017932005632519028,QQQ,HAR-RV
2009-03-02,0.01786735017043696,QQQ,HAR-RV
2009-03-03,0.019136174388463593,QQQ,HAR-RV
2009-03-04,0.017855597793603902,QQQ,HAR-RV
2009-03-05,0.01781465601644592,QQQ,HAR-RV
2009-03-06,0.01744027690959523,QQQ,HAR-RV
2009-03-09,0.017807599078927795,QQQ,HAR-RV
2009-03-10,0.018853914771836178,QQQ,HAR-RV
2009-03-11,0.01856859655661439,QQQ,HAR-RV
2009-03-12,0.019218980988196813,QQQ,HAR-RV
2009-03-13,0.021306121235631276,QQQ,HAR-RV
2009-03-16,0.021105651549811894,QQQ,HAR-RV
2009-03-17,0.021542898945456558,QQQ,HAR-RV
2009-03-18,0.021130844282841597,QQQ,HAR-RV
2009-03-19,0.019991403432906486,QQQ,HAR-RV
2009-03-20,0.021450678622186227,QQQ,HAR-RV
2009-03-23,0.019815243789514964,QQQ,HAR-RV
2009-03-24,0.020155479218108126,QQQ,HAR-RV
2009-03-25,0.02039598647786831,QQQ,HAR-RV
2009-03-26,0.02236149705209465,QQQ,HAR-RV
2009-03-27,0.022063749231451584,QQQ,HAR-RV
2009-03-30,0.021365986951666985,QQQ,HAR-RV
2009-03-31,0.022534704717135565,QQQ,HAR-RV
2009-04-01,0.021022247098153084,QQQ,HAR-RV
2009-04-02,0.02161636999095595,QQQ,HAR-RV
2009-04-03,0.021138223857813304,QQQ,HAR-RV
2009-04-06,0.021136802726278978,QQQ,HAR-RV
2009-04-07,0.02154336511662444,QQQ,HAR-RV
2009-04-08,0.0209989551213769,QQQ,HAR-RV
2009-04-09,0.020716670137066885,QQQ,HAR-RV
2009-04-13,0.02125163405628876,QQQ,HAR-RV
2009-04-14,0.01944491346985967,QQQ,HAR-RV
2009-04-15,0.020304966603520016,QQQ,HAR-RV
2009-04-16,0.019237075579635644,QQQ,HAR-RV
2009-04-17,0.01917908251255141,QQQ,HAR-RV
2009-04-20,0.018246030661223614,QQQ,HAR-RV
2009-04-21,0.01803012250331605,QQQ,HAR-RV
2009-04-22,0.017461554072034074,QQQ,HAR-RV
2009-04-23,0.019079685800478655,QQQ,HAR-RV
2009-04-24,0.01939897014123764,QQQ,HAR-RV
2009-04-27,0.017065708465872537,QQQ,HAR-RV
2009-04-28,0.017003333375272586,QQQ,HAR-RV
2009-04-29,0.016810889154435613,QQQ,HAR-RV
2009-04-30,0.015593686749273734,QQQ,HAR-RV
2009-05-01,0.015366762083652489,QQQ,HAR-RV
2009-05-04,0.015117935091887347,QQQ,HAR-RV
2009-05-05,0.014924827770526549,QQQ,HAR-RV
2009-05-06,0.014491436053971024,QQQ,HAR-RV
2009-05-07,0.01424659628993237,QQQ,HAR-RV
2009-05-08,0.013432921132519735,QQQ,HAR-RV
2009-05-11,0.012977072762771099,QQQ,HAR-RV
2009-05-12,0.01345695816725262,QQQ,HAR-RV
2009-05-13,0.0123669677493304,QQQ,HAR-RV
2009-05-14,0.011860437769893836,QQQ,HAR-RV
2009-05-15,0.012726311358719673,QQQ,HAR-RV
2009-05-18,0.013135437535667118,QQQ,HAR-RV
2009-05-19,0.013864225315280608,QQQ,HAR-RV
2009-05-20,0.013011192103342385,QQQ,HAR-RV
2009-05-21,0.013882706736320265,QQQ,HAR-RV
2009-05-22,0.012356775575407836,QQQ,HAR-RV
2009-05-26,0.011810870444521346,QQQ,HAR-RV
2009-05-27,0.013150590912406397,QQQ,HAR-RV
2009-05-28,0.011738554719536757,QQQ,HAR-RV
2009-05-29,0.013658690308673758,QQQ,HAR-RV
2009-06-01,0.013992587350914472,QQQ,HAR-RV
2009-06-02,0.013995450885374797,QQQ,HAR-RV
2009-06-03,0.014049792771494636,QQQ,HAR-RV
2009-06-04,0.014281893478759362,QQQ,HAR-RV
2009-06-05,0.014100976587362259,QQQ,HAR-RV
2009-06-08,0.013138376352216563,QQQ,HAR-RV
2009-06-09,0.013193933140708415,QQQ,HAR-RV
2009-06-10,0.012158971006371843,QQQ,HAR-RV
2009-06-11,0.011512136631480856,QQQ,HAR-RV
2009-06-12,0.011781863931468756,QQQ,HAR-RV
2009-06-15,0.011429607862456819,QQQ,HAR-RV
2009-06-16,0.011112634294709139,QQQ,HAR-RV
2009-06-17,0.0107042953766784,QQQ,HAR-RV
2009-06-18,0.011347590101337016,QQQ,HAR-RV
2009-06-19,0.011855972147321488,QQQ,HAR-RV
2009-06-22,0.011821081460673169,QQQ,HAR-RV
2009-06-23,0.011917933218866375,QQQ,HAR-RV
2009-06-24,0.011695165978518482,QQQ,HAR-RV
2009-06-25,0.012811070347461227,QQQ,HAR-RV
2009-06-26,0.012574560328032395,QQQ,HAR-RV
2009-06-29,0.012460229053236047,QQQ,HAR-RV
2009-06-30,0.013057043506719128,QQQ,HAR-RV
2009-07-01,0.011643756280443729,QQQ,HAR-RV
2009-07-02,0.011232094510351818,QQQ,HAR-RV
2009-07-06,0.010043957845522292,QQQ,HAR-RV
2009-07-07,0.009080760465208565,QQQ,HAR-RV
2009-07-08,0.010566161692120692,QQQ,HAR-RV
2009-07-09,0.01057231921545839,QQQ,HAR-RV
2009-07-10,0.01201721771314769,QQQ,HAR-RV
2009-07-13,0.012203519682613139,QQQ,HAR-RV
2009-07-14,0.011419034420769851,QQQ,HAR-RV
2009-07-15,0.011452398900683952,QQQ,HAR-RV
2009-07-16,0.011984645782642592,QQQ,HAR-RV
2009-07-17,0.011927016778556426,QQQ,HAR-RV
2009-07-20,0.013523376104529118,QQQ,HAR-RV
2009-07-21,0.013846130201948055,QQQ,HAR-RV
2009-07-22,0.013204054032669056,QQQ,HAR-RV
2009-07-23,0.013676489804068343,QQQ,HAR-RV
2009-07-24,0.012670361554828018,QQQ,HAR-RV
2009-07-27,0.011711790093389325,QQQ,HAR-RV
2009-07-28,0.013009192353587131,QQQ,HAR-RV
2009-07-29,0.012678555429254888,QQQ,HAR-RV
2009-07-30,0.01234374827705588,QQQ,HAR-RV
2009-07-31,0.012280057323993142,QQQ,HAR-RV
2009-08-03,0.011768199324393642,QQQ,HAR-RV
2009-08-04,0.011886771313174926,QQQ,HAR-RV
2009-08-05,0.011479334560247072,QQQ,HAR-RV
2009-08-06,0.011560294911288217,QQQ,HAR-RV
2009-08-07,0.011213996639566256,QQQ,HAR-RV
2009-08-10,0.010713833687651752,QQQ,HAR-RV
2009-08-11,0.011055441930306907,QQQ,HAR-RV
2009-08-12,0.011206283667427836,QQQ,HAR-RV
2009-08-13,0.011675540226343262,QQQ,HAR-RV
2009-08-14,0.01119508324152486,QQQ,HAR-RV
2009-08-17,0.011791253637431375,QQQ,HAR-RV
2009-08-18,0.010564356722776502,QQQ,HAR-RV
2009-08-19,0.010557665623520455,QQQ,HAR-RV
2009-08-20,0.011794203461102567,QQQ,HAR-RV
2009-08-21,0.011567762810230864,QQQ,HAR-RV
2009-08-24,0.011682351654695534,QQQ,HAR-RV
2009-08-25,0.011869920766323358,QQQ,HAR-RV
2009-08-26,0.011174994466276553,QQQ,HAR-RV
2009-08-27,0.010480689492386923,QQQ,HAR-RV
2009-08-28,0.009763789052597923,QQQ,HAR-RV
2009-08-31,0.009196785246879429,QQQ,HAR-RV
2009-09-01,0.008722970229071002,QQQ,HAR-RV
2009-09-02,0.00869542986372028,QQQ,HAR-RV
2009-09-03,0.008982612549813453,QQQ,HAR-RV
2009-09-04,0.009644608377398165,QQQ,HAR-RV
2009-09-08,0.009669181461218663,QQQ,HAR-RV
2009-09-09,0.009650372117264498,QQQ,HAR-RV
2009-09-10,0.010371746414224284,QQQ,HAR-RV
2009-09-11,0.010069095153536697,QQQ,HAR-RV
2009-09-14,0.010051480048993857,QQQ,HAR-RV
2009-09-15,0.010102999678656457,QQQ,HAR-RV
2009-09-16,0.009704888870604896,QQQ,HAR-RV
2009-09-17,0.01020876313472057,QQQ,HAR-RV
2009-09-18,0.008745395665082888,QQQ,HAR-RV
2009-09-21,0.008743251584784908,QQQ,HAR-RV
2009-09-22,0.008305784311622542,QQQ,HAR-RV
2009-09-23,0.007959084287859613,QQQ,HAR-RV
2009-09-24,0.007478468494172097,QQQ,HAR-RV
2009-09-25,0.0068938918317370795,QQQ,HAR-RV
2009-09-28,0.006846368211467665,QQQ,HAR-RV
2009-09-29,0.007736431466315004,QQQ,HAR-RV
2009-09-30,0.007849281516189443,QQQ,HAR-RV
2009-10-01,0.008322982799088755,QQQ,HAR-RV
2009-10-02,0.008517342638026892,QQQ,HAR-RV
2009-10-05,0.007191587960240688,QQQ,HAR-RV
2009-10-06,0.008713261594795959,QQQ,HAR-RV
2009-10-07,0.008762964556837989,QQQ,HAR-RV
2009-10-08,0.008798150715729144,QQQ,HAR-RV
2009-10-09,0.009904883196289982,QQQ,HAR-RV
2009-10-12,0.008181979143782854,QQQ,HAR-RV
2009-10-13,0.007917358028049458,QQQ,HAR-RV
2009-10-14,0.007875086510872303,QQQ,HAR-RV
2009-10-15,0.007571689911960251,QQQ,HAR-RV
2009-10-16,0.006492029627140782,QQQ,HAR-RV
2009-10-19,0.008153444971093299,QQQ,HAR-RV
2009-10-20,0.00700662516374303,QQQ,HAR-RV
2009-10-21,0.007396141778578279,QQQ,HAR-RV
2009-10-22,0.009098998331610281,QQQ,HAR-RV
2009-10-23,0.008227378587618267,QQQ,HAR-RV
2009-10-26,0.008286990882754265,QQQ,HAR-RV
2009-10-27,0.00774686276681006,QQQ,HAR-RV
2009-10-28,0.007609242607841947,QQQ,HAR-RV
2009-10-29,0.006567927612147378,QQQ,HAR-RV
2009-10-30,0.0077086144594906165,QQQ,HAR-RV
2009-11-02,0.00921656898198147,QQQ,HAR-RV
2009-11-03,0.009258565649298505,QQQ,HAR-RV
2009-11-04,0.011280500516943773,QQQ,HAR-RV
2009-11-05,0.01078130838689838,QQQ,HAR-RV
2009-11-06,0.010582269535204395,QQQ,HAR-RV
2009-11-09,0.008130264258878982,QQQ,HAR-RV
2009-11-10,0.009794577331527214,QQQ,HAR-RV
2009-11-11,0.008510657246507382,QQQ,HAR-RV
2009-11-12,0.010922405588756543,QQQ,HAR-RV
2009-11-13,0.010469069574916213,QQQ,HAR-RV
2009-11-16,0.010424451658327632,QQQ,HAR-RV
2009-11-17,0.009983907827946543,QQQ,HAR-RV
2009-11-18,0.009449200541551357,QQQ,HAR-RV
2009-11-19,0.010255019255625268,QQQ,HAR-RV
2009-11-20,0.009807641618233333,QQQ,HAR-RV
2009-11-23,0.009056205540880446,QQQ,HAR-RV
2009-11-24,0.010661284233254508,QQQ,HAR-RV
2009-11-25,0.009510584937909537,QQQ,HAR-RV
2009-11-27,0.011520201459781705,QQQ,HAR-RV
2009-11-30,0.011460051785968504,QQQ,HAR-RV
2009-12-01,0.009728033968554773,QQQ,HAR-RV
2009-12-02,0.010921152634930537,QQQ,HAR-RV
2009-12-03,0.009201329450233702,QQQ,HAR-RV
2009-12-04,0.009326334015214256,QQQ,HAR-RV
2009-12-07,0.008876138945371155,QQQ,HAR-RV
2009-12-08,0.008780483149644733,QQQ,HAR-RV
2009-12-09,0.008954999212952817,QQQ,HAR-RV
2009-12-10,0.007976735789305927,QQQ,HAR-RV
2009-12-11,0.007555281116615685,QQQ,HAR-RV
2009-12-14,0.007509300878706554,QQQ,HAR-RV
2009-12-15,0.007743035983816609,QQQ,HAR-RV
2009-12-16,0.007098591689279971,QQQ,HAR-RV
2009-12-17,0.007517267465900953,QQQ,HAR-RV
2009-12-18,0.00809193660855923,QQQ,HAR-RV
2009-12-21,0.006315799328150017,QQQ,HAR-RV
2009-12-22,0.006159238390438469,QQQ,HAR-RV
2009-12-23,0.007331454733471487,QQQ,HAR-RV
2009-12-24,0.008036147668067898,QQQ,HAR-RV
2009-12-28,0.007961449545606122,QQQ,HAR-RV
2009-12-29,0.007347279950493425,QQQ,HAR-RV
2009-12-30,0.007981826925338952,QQQ,HAR-RV
2009-12-31,0.007978644310245954,QQQ,HAR-RV
2010-01-04,0.007667847227833421,QQQ,HAR-RV
2010-01-05,0.0067123866207722035,QQQ,HAR-RV
2010-01-06,0.005802895171519983,QQQ,HAR-RV
2010-01-07,0.008807854085037724,QQQ,HAR-RV
2010-01-08,0.00750486400256138,QQQ,HAR-RV
2010-01-11,0.00839227233987307,QQQ,HAR-RV
2010-01-12,0.006906805392400144,QQQ,HAR-RV
2010-01-13,0.007348883481770373,QQQ,HAR-RV
2010-01-14,0.006139263729520925,QQQ,HAR-RV
2010-01-15,0.0067194151657625645,QQQ,HAR-RV
2010-01-19,0.008786856907782357,QQQ,HAR-RV
2010-01-20,0.007085035873206677,QQQ,HAR-RV
2010-01-21,0.007142305778476077,QQQ,HAR-RV
2010-01-22,0.008054944708442332,QQQ,HAR-RV
2010-01-25,0.00879691423528783,QQQ,HAR-RV
2010-01-26,0.006505852715863643,QQQ,HAR-RV
2010-01-27,0.010334326092974222,QQQ,HAR-RV
2010-01-28,0.010144982549048925,QQQ,HAR-RV
2010-01-29,0.00886481063518244,QQQ,HAR-RV
2010-02-01,0.007466363224724177,QQQ,HAR-RV
2010-02-02,0.008815095334263438,QQQ,HAR-RV
2010-02-03,0.009947125946615688,QQQ,HAR-RV
2010-02-04,0.010514548569018855,QQQ,HAR-RV
2010-02-05,0.011016480922276882,QQQ,HAR-RV
2010-02-08,0.008004033055443276,QQQ,HAR-RV
2010-02-09,0.011032199675853834,QQQ,HAR-RV
2010-02-10,0.010932773902914694,QQQ,HAR-RV
2010-02-11,0.010889884030600747,QQQ,HAR-RV
2010-02-12,0.011821231943363032,QQQ,HAR-RV
2010-02-16,0.010124673870150053,QQQ,HAR-RV
2010-02-17,0.011447283340244384,QQQ,HAR-RV
2010-02-18,0.010131688489859621,QQQ,HAR-RV
2010-02-19,0.01120125611360719,QQQ,HAR-RV
2010-02-22,0.010514870897904025,QQQ,HAR-RV
2010-02-23,0.01066417433755778,QQQ,HAR-RV
2010-02-24,0.010199949111639097,QQQ,HAR-RV
2010-02-25,0.008686607795301516,QQQ,HAR-RV
2010-02-26,0.008675874090589494,QQQ,HAR-RV
2010-03-01,0.009961425162932384,QQQ,HAR-RV
2010-03-02,0.0096307014546906,QQQ,HAR-RV
2010-03-03,0.00838193134766132,QQQ,HAR-RV
2010-03-04,0.009323455022651136,QQQ,HAR-RV
2010-03-05,0.009230523160065935,QQQ,HAR-RV
2010-03-08,0.0087689915133442,QQQ,HAR-RV
2010-03-09,0.007524218954519839,QQQ,HAR-RV
2010-03-10,0.00902996874588573,QQQ,HAR-RV
2010-03-11,0.008607855484370645,QQQ,HAR-RV
2010-03-12,0.008166675483277295,QQQ,HAR-RV
2010-03-15,0.008526277689900493,QQQ,HAR-RV
2010-03-16,0.0084394251668336,QQQ,HAR-RV
2010-03-17,0.00837214099205267,QQQ,HAR-RV
2010-03-18,0.007616663483595562,QQQ,HAR-RV
2010-03-19,0.008135074788688064,QQQ,HAR-RV
2010-03-22,0.008139415926917368,QQQ,HAR-RV
2010-03-23,0.007808471051707306,QQQ,HAR-RV
2010-03-24,0.007613026416584534,QQQ,HAR-RV
2010-03-25,0.008002318261896143,QQQ,HAR-RV
2010-03-26,0.007949314596068619,QQQ,HAR-RV
2010-03-29,0.00785314335433195,QQQ,HAR-RV
2010-03-30,0.007682871742340523,QQQ,HAR-RV
2010-03-31,0.007191745526626058,QQQ,HAR-RV
2010-04-01,0.007037352193876696,QQQ,HAR-RV
2010-04-05,0.006738791519300168,QQQ,HAR-RV
2010-04-06,0.006948684734507189,QQQ,HAR-RV
2010-04-07,0.006186099352276928,QQQ,HAR-RV
2010-04-08,0.006770830570300903,QQQ,HAR-RV
2010-04-09,0.006271530257752232,QQQ,HAR-RV
2010-04-12,0.006155828928165536,QQQ,HAR-RV
2010-04-13,0.005880526594823709,QQQ,HAR-RV
2010-04-14,0.005966301309463058,QQQ,HAR-RV
2010-04-15,0.005893726685304625,QQQ,HAR-RV
2010-04-16,0.005658605342853278,QQQ,HAR-RV
2010-04-19,0.00666724376469453,QQQ,HAR-RV
2010-04-20,0.006223220628036742,QQQ,HAR-RV
2010-04-21,0.006982403269823056,QQQ,HAR-RV
2010-04-22,0.006644355929823298,QQQ,HAR-RV
2010-04-23,0.006395314567493839,QQQ,HAR-RV
2010-04-26,0.006341351544133473,QQQ,HAR-RV
2010-04-27,0.0061164920907628186,QQQ,HAR-RV
2010-04-28,0.00652264888875562,QQQ,HAR-RV
2010-04-29,0.006106185222131825,QQQ,HAR-RV
2010-04-30,0.007303912226988627,QQQ,HAR-RV
2010-05-03,0.007192916463950526,QQQ,HAR-RV
2010-05-04,0.007763397480522636,QQQ,HAR-RV
2010-05-05,0.00923228830178151,QQQ,HAR-RV
2010-05-06,0.008989394076866993,QQQ,HAR-RV
2010-05-07,0.01187235198808326,QQQ,HAR-RV
2010-05-10,0.011986458175160947,QQQ,HAR-RV
2010-05-11,0.015552606541435641,QQQ,HAR-RV
2010-05-12,0.015435212186914304,QQQ,HAR-RV
2010-05-13,0.017053112796948728,QQQ,HAR-RV
2010-05-14,0.01697939236279085,QQQ,HAR-RV
2010-05-17,0.015520829398727561,QQQ,HAR-RV
2010-05-18,0.013920822663219867,QQQ,HAR-RV
2010-05-19,0.010686090904405582,QQQ,HAR-RV
2010-05-20,0.010838041422103765,QQQ,HAR-RV
2010-05-21,0.011454218211233772,QQQ,HAR-RV
2010-05-24,0.011004067856218703,QQQ,HAR-RV
2010-05-25,0.01215464846899285,QQQ,HAR-RV
2010-05-26,0.011901712225970217,QQQ,HAR-RV
2010-05-27,0.010896714230693716,QQQ,HAR-RV
2010-05-28,0.012085562783094498,QQQ,HAR-RV
2010-06-01,0.00927579147216274,QQQ,HAR-RV
2010-06-02,0.011921624193666323,QQQ,HAR-RV
2010-06-03,0.012672230446536622,QQQ,HAR-RV
2010-06-04,0.013274445369380865,QQQ,HAR-RV
2010-06-07,0.01548450629494582,QQQ,HAR-RV
2010-06-08,0.012846062491305679,QQQ,HAR-RV
2010-06-09,0.015406692981341473,QQQ,HAR-RV
2010-06-10,0.015805897866508368,QQQ,HAR-RV
2010-06-11,0.013790804847087572,QQQ,HAR-RV
2010-06-14,0.013282451056367243,QQQ,HAR-RV
2010-06-15,0.012165474151067265,QQQ,HAR-RV
2010-06-16,0.011499671598456818,QQQ,HAR-RV
2010-06-17,0.010988656759804956,QQQ,HAR-RV
2010-06-18,0.01302328262958798,QQQ,HAR-RV
2010-06-21,0.010090032011074761,QQQ,HAR-RV
2010-06-22,0.009289445293799586,QQQ,HAR-RV
2010-06-23,0.00914009296387622,QQQ,HAR-RV
2010-06-24,0.006782180707985327,QQQ,HAR-RV
2010-06-25,0.007414157987240288,QQQ,HAR-RV
2010-06-28,0.007361691036154907,QQQ,HAR-RV
2010-06-29,0.009150521155050174,QQQ,HAR-RV
2010-06-30,0.008669606565922033,QQQ,HAR-RV
2010-07-01,0.008089302093888105,QQQ,HAR-RV
2010-07-02,0.012026776001710756,QQQ,HAR-RV
2010-07-06,0.01188462112885818,QQQ,HAR-RV
2010-07-07,0.0118422876048958,QQQ,HAR-RV
2010-07-08,0.012028851878386749,QQQ,HAR-RV
2010-07-09,0.007890566841260382,QQQ,HAR-RV
2010-07-12,0.009710188077124884,QQQ,HAR-RV
2010-07-13,0.009994517937924437,QQQ,HAR-RV
2010-07-14,0.010700857196899874,QQQ,HAR-RV
2010-07-15,0.01049174935257074,QQQ,HAR-RV
2010-07-16,0.008434952532412759,QQQ,HAR-RV
2010-07-19,0.008546324613007188,QQQ,HAR-RV
2010-07-20,0.007086693374052395,QQQ,HAR-RV
2010-07-21,0.010259365163182618,QQQ,HAR-RV
2010-07-22,0.009815038722629756,QQQ,HAR-RV
2010-07-23,0.010735440334060646,QQQ,HAR-RV
2010-07-26,0.01212796878522556,QQQ,HAR-RV
2010-07-27,0.012183834209900659,QQQ,HAR-RV
2010-07-28,0.01184187631767914,QQQ,HAR-RV
2010-07-29,0.011482351188047206,QQQ,HAR-RV
2010-07-30,0.009944000743184224,QQQ,HAR-RV
2010-08-02,0.008018804686325135,QQQ,HAR-RV
2010-08-03,0.007964827117179114,QQQ,HAR-RV
2010-08-04,0.0068771289647239,QQQ,HAR-RV
2010-08-05,0.009357495377094713,QQQ,HAR-RV
2010-08-06,0.008721144967349527,QQQ,HAR-RV
2010-08-09,0.009158915769627142,QQQ,HAR-RV
2010-08-10,0.008992613711715761,QQQ,HAR-RV
2010-08-11,0.00690751866014879,QQQ,HAR-RV
2010-08-12,0.0073437433202500095,QQQ,HAR-RV
2010-08-13,0.006922096451326236,QQQ,HAR-RV
2010-08-16,0.010227288197454477,QQQ,HAR-RV
2010-08-17,0.010897941212036912,QQQ,HAR-RV
2010-08-18,0.011057500444910467,QQQ,HAR-RV
2010-08-19,0.009929276107503717,QQQ,HAR-RV
2010-08-20,0.008574494300889829,QQQ,HAR-RV
2010-08-23,0.00781948988143421,QQQ,HAR-RV
2010-08-24,0.00906453300941341,QQQ,HAR-RV
2010-08-25,0.008651164768146617,QQQ,HAR-RV
2010-08-26,0.008149804424166794,QQQ,HAR-RV
2010-08-27,0.01004595094888293,QQQ,HAR-RV
2010-08-30,0.009453269517434798,QQQ,HAR-RV
2010-08-31,0.010724914914769382,QQQ,HAR-RV
2010-09-01,0.01085337262606202,QQQ,HAR-RV
2010-09-02,0.01026396767856598,QQQ,HAR-RV
2010-09-03,0.009116454511022599,QQQ,HAR-RV
2010-09-07,0.011474755953180257,QQQ,HAR-RV
2010-09-08,0.011313605616297259,QQQ,HAR-RV
2010-09-09,0.012289981294763738,QQQ,HAR-RV
2010-09-10,0.012517128658828864,QQQ,HAR-RV
2010-09-13,0.010709880266388567,QQQ,HAR-RV
2010-09-14,0.009957259001405384,QQQ,HAR-RV
2010-09-15,0.008126739330449564,QQQ,HAR-RV
2010-09-16,0.009126660322108938,QQQ,HAR-RV
2010-09-17,0.00817474772453793,QQQ,HAR-RV
2010-09-20,0.008439921508137745,QQQ,HAR-RV
2010-09-21,0.008550348052580533,QQQ,HAR-RV
2010-09-22,0.007018555624045535,QQQ,HAR-RV
2010-09-23,0.008899411838973208,QQQ,HAR-RV
2010-09-24,0.008075970491905924,QQQ,HAR-RV
2010-09-27,0.008122223600117273,QQQ,HAR-RV
2010-09-28,0.007116178707449575,QQQ,HAR-RV
2010-09-29,0.007662052677891498,QQQ,HAR-RV
2010-09-30,0.008399488501822046,QQQ,HAR-RV
2010-10-01,0.007984112395622245,QQQ,HAR-RV
2010-10-04,0.007907412974521555,QQQ,HAR-RV
2010-10-05,0.0059938837927801586,QQQ,HAR-RV
2010-10-06,0.0050973325761188995,QQQ,HAR-RV
2010-10-07,0.0061298003798767025,QQQ,HAR-RV
2010-10-08,0.009558375687944468,QQQ,HAR-RV
2010-10-11,0.010136264561819004,QQQ,HAR-RV
2010-10-12,0.010200353168560205,QQQ,HAR-RV
2010-10-13,0.009866400822079196,QQQ,HAR-RV
2010-10-14,0.006782522270966821,QQQ,HAR-RV
2010-10-15,0.006442359119146065,QQQ,HAR-RV
2010-10-18,0.0073069828804877435,QQQ,HAR-RV
2010-10-19,0.006125954015928135,QQQ,HAR-RV
2010-10-20,0.009322311973913075,QQQ,HAR-RV
2010-10-21,0.008723532923199991,QQQ,HAR-RV
2010-10-22,0.008856645268079303,QQQ,HAR-RV
2010-10-25,0.009631997655586942,QQQ,HAR-RV
2010-10-26,0.007137161778839804,QQQ,HAR-RV
2010-10-27,0.007591664125354599,QQQ,HAR-RV
2010-10-28,0.0069267575803248225,QQQ,HAR-RV
2010-10-29,0.006317685866814311,QQQ,HAR-RV
2010-11-01,0.006440446452711391,QQQ,HAR-RV
2010-11-02,0.0058365586797032515,QQQ,HAR-RV
2010-11-03,0.005636784898678856,QQQ,HAR-RV
2010-11-04,0.005239311500203692,QQQ,HAR-RV
2010-11-05,0.006353781972452195,QQQ,HAR-RV
2010-11-08,0.006320021064520798,QQQ,HAR-RV
2010-11-09,0.007696557592378322,QQQ,HAR-RV
2010-11-10,0.007537843037335171,QQQ,HAR-RV
2010-11-11,0.0063090391238133335,QQQ,HAR-RV
2010-11-12,0.006440501297379035,QQQ,HAR-RV
2010-11-15,0.005680619520792348,QQQ,HAR-RV
2010-11-16,0.006262721622164419,QQQ,HAR-RV
2010-11-17,0.008449390409771546,QQQ,HAR-RV
2010-11-18,0.007736307696887477,QQQ,HAR-RV
2010-11-19,0.009663080962113367,QQQ,HAR-RV
2010-11-22,0.008701891113426074,QQQ,HAR-RV
2010-11-23,0.009201447496690185,QQQ,HAR-RV
2010-11-24,0.008663993602413246,QQQ,HAR-RV
2010-11-26,0.007591642015248312,QQQ,HAR-RV
2010-11-29,0.009173855759702735,QQQ,HAR-RV
2010-11-30,0.010072854818760715,QQQ,HAR-RV
2010-12-01,0.010985350701497502,QQQ,HAR-RV
2010-12-02,0.009786393860561664,QQQ,HAR-RV
2010-12-03,0.009201642199280768,QQQ,HAR-RV
2010-12-06,0.009640563667189298,QQQ,HAR-RV
2010-12-07,0.010210034229229102,QQQ,HAR-RV
2010-12-08,0.01036008036317063,QQQ,HAR-RV
2010-12-09,0.008831646576761918,QQQ,HAR-RV
2010-12-10,0.006204704675791502,QQQ,HAR-RV
2010-12-13,0.005430943004140218,QQQ,HAR-RV
2010-12-14,0.005141914516440009,QQQ,HAR-RV
2010-12-15,0.005897599863023589,QQQ,HAR-RV
2010-12-16,0.006215669851571978,QQQ,HAR-RV
2010-12-17,0.005889842488321477,QQQ,HAR-RV
2010-12-20,0.006240829001222349,QQQ,HAR-RV
2010-12-21,0.006303687409245631,QQQ,HAR-RV
2010-12-22,0.00592279671808774,QQQ,HAR-RV
2010-12-23,0.005599956734547202,QQQ,HAR-RV
2010-12-27,0.005868072641846935,QQQ,HAR-RV
2010-12-28,0.004678501814021647,QQQ,HAR-RV
2010-12-29,0.004832051035721338,QQQ,HAR-RV
2010-12-30,0.004644664750586286,QQQ,HAR-RV
2010-12-31,0.004012743366683493,QQQ,HAR-RV
2011-01-03,0.00427034567348525,QQQ,HAR-RV
2011-01-04,0.004376770974959098,QQQ,HAR-RV
2011-01-05,0.004484921956619842,QQQ,HAR-RV
2011-01-06,0.00652985363312908,QQQ,HAR-RV
2011-01-07,0.006166527551423183,QQQ,HAR-RV
2011-01-10,0.006977431795543751,QQQ,HAR-RV
2011-01-11,0.006892395419036272,QQQ,HAR-RV
2011-01-12,0.004897963753897682,QQQ,HAR-RV
2011-01-13,0.005347239491629714,QQQ,HAR-RV
2011-01-14,0.004317046675436625,QQQ,HAR-RV
2011-01-18,0.004916390203095596,QQQ,HAR-RV
2011-01-19,0.004748751061514442,QQQ,HAR-RV
2011-01-20,0.005362087652900072,QQQ,HAR-RV
2011-01-21,0.005414110660786701,QQQ,HAR-RV
2011-01-24,0.0061190439694051545,QQQ,HAR-RV
2011-01-25,0.007115465364420295,QQQ,HAR-RV
2011-01-26,0.007000599064307706,QQQ,HAR-RV
2011-01-27,0.00861171410397354,QQQ,HAR-RV
2011-01-28,0.007288057780556283,QQQ,HAR-RV
2011-01-31,0.0072839887895790574,QQQ,HAR-RV
2011-02-01,0.0067974434368971316,QQQ,HAR-RV
2011-02-02,0.00889673047499887,QQQ,HAR-RV
2011-02-03,0.00904064488659849,QQQ,HAR-RV
2011-02-04,0.01096429620746184,QQQ,HAR-RV
2011-02-07,0.010189655068991745,QQQ,HAR-RV
2011-02-08,0.007305417859405313,QQQ,HAR-RV
2011-02-09,0.007421441365673202,QQQ,HAR-RV
2011-02-10,0.00573953495650784,QQQ,HAR-RV
2011-02-11,0.006421280789223792,QQQ,HAR-RV
2011-02-14,0.006430327775812508,QQQ,HAR-RV
2011-02-15,0.005854526006845696,QQQ,HAR-RV
2011-02-16,0.006180418273167487,QQQ,HAR-RV
2011-02-17,0.005681902318536764,QQQ,HAR-RV
2011-02-18,0.005461120146801704,QQQ,HAR-RV
2011-02-22,0.006156484362488714,QQQ,HAR-RV
2011-02-23,0.005487498634304207,QQQ,HAR-RV
2011-02-24,0.005061957973509696,QQQ,HAR-RV
2011-02-25,0.008855040907841318,QQQ,HAR-RV
2011-02-28,0.009120811412962851,QQQ,HAR-RV
2011-03-01,0.009505254130505559,QQQ,HAR-RV
2011-03-02,0.011267819886780151,QQQ,HAR-RV
2011-03-03,0.007678654018207921,QQQ,HAR-RV
2011-03-04,0.00887668796577884,QQQ,HAR-RV
2011-03-07,0.008500906016219579,QQQ,HAR-RV
2011-03-08,0.009652279452230662,QQQ,HAR-RV
2011-03-09,0.009739927910792194,QQQ,HAR-RV
2011-03-10,0.009801535902134546,QQQ,HAR-RV
2011-03-11,0.009610255932204848,QQQ,HAR-RV
2011-03-14,0.007787439908547153,QQQ,HAR-RV
2011-03-15,0.009381897635664944,QQQ,HAR-RV
2011-03-16,0.00862988515780798,QQQ,HAR-RV
2011-03-17,0.008406432654144506,QQQ,HAR-RV
2011-03-18,0.009103996513714829,QQQ,HAR-RV
2011-03-21,0.010612160101757173,QQQ,HAR-RV
2011-03-22,0.011274267523945492,QQQ,HAR-RV
2011-03-23,0.010526660388745114,QQQ,HAR-RV
2011-03-24,0.011706663554339757,QQQ,HAR-RV
2011-03-25,0.00901214552099991,QQQ,HAR-RV
2011-03-28,0.008068231847250753,QQQ,HAR-RV
2011-03-29,0.010197230452896267,QQQ,HAR-RV
2011-03-30,0.008258544837543146,QQQ,HAR-RV
2011-03-31,0.008440198222841144,QQQ,HAR-RV
2011-04-01,0.009081391533714605,QQQ,HAR-RV
2011-04-04,0.007636770935163923,QQQ,HAR-RV
2011-04-05,0.007595574892802983,QQQ,HAR-RV
2011-04-06,0.0069996726699193025,QQQ,HAR-RV
2011-04-07,0.007228127155111624,QQQ,HAR-RV
2011-04-08,0.0065020129284975026,QQQ,HAR-RV
2011-04-11,0.006665177131841774,QQQ,HAR-RV
2011-04-12,0.006404802835620952,QQQ,HAR-RV
2011-04-13,0.006440764926260155,QQQ,HAR-RV
2011-04-14,0.0061450871772807635,QQQ,HAR-RV
2011-04-15,0.006338829199015584,QQQ,HAR-RV
2011-04-18,0.006824306080972136,QQQ,HAR-RV
2011-04-19,0.006277498760072918,QQQ,HAR-RV
2011-04-20,0.005913480697429198,QQQ,HAR-RV
2011-04-21,0.006122236360768803,QQQ,HAR-RV
2011-04-25,0.005086836795671725,QQQ,HAR-RV
2011-04-26,0.0070925343277411425,QQQ,HAR-RV
2011-04-27,0.007847914068977035,QQQ,HAR-RV
2011-04-28,0.007159084790103883,QQQ,HAR-RV
2011-04-29,0.007002497937425162,QQQ,HAR-RV
2011-05-02,0.006440847130850428,QQQ,HAR-RV
2011-05-03,0.005903469903262102,QQQ,HAR-RV
2011-05-04,0.006040743588811037,QQQ,HAR-RV
2011-05-05,0.005879907796686056,QQQ,HAR-RV
2011-05-06,0.005716930632125698,QQQ,HAR-RV
2011-05-09,0.005452907639137862,QQQ,HAR-RV
2011-05-10,0.006013910661392901,QQQ,HAR-RV
2011-05-11,0.006105658484138541,QQQ,HAR-RV
2011-05-12,0.005855447455455303,QQQ,HAR-RV
2011-05-13,0.006443211719726453,QQQ,HAR-RV
2011-05-16,0.006595892055802143,QQQ,HAR-RV
2011-05-17,0.006744073095164378,QQQ,HAR-RV
2011-05-18,0.00699575308481999,QQQ,HAR-RV
2011-05-19,0.007867674189156116,QQQ,HAR-RV
2011-05-20,0.007498774100576129,QQQ,HAR-RV
2011-05-23,0.007673970212958777,QQQ,HAR-RV
2011-05-24,0.007204114143036784,QQQ,HAR-RV
2011-05-25,0.0064333483626370595,QQQ,HAR-RV
2011-05-26,0.007122384999771781,QQQ,HAR-RV
2011-05-27,0.0072150701471354,QQQ,HAR-RV
2011-05-31,0.007317523811293027,QQQ,HAR-RV
2011-06-01,0.007302712075485593,QQQ,HAR-RV
2011-06-02,0.006556899781707283,QQQ,HAR-RV
2011-06-03,0.007116918481782342,QQQ,HAR-RV
2011-06-06,0.008742488248020258,QQQ,HAR-RV
2011-06-07,0.008314744492388818,QQQ,HAR-RV
2011-06-08,0.008943890252069243,QQQ,HAR-RV
2011-06-09,0.008544555331400168,QQQ,HAR-RV
2011-06-10,0.007185292388213729,QQQ,HAR-RV
2011-06-13,0.007625813024868489,QQQ,HAR-RV
2011-06-14,0.0065776392671533105,QQQ,HAR-RV
2011-06-15,0.007095160018298057,QQQ,HAR-RV
2011-06-16,0.006996229485374535,QQQ,HAR-RV
2011-06-17,0.0072479968737103155,QQQ,HAR-RV
2011-06-20,0.008343370849128335,QQQ,HAR-RV
2011-06-21,0.007505963961123124,QQQ,HAR-RV
2011-06-22,0.007777242497211313,QQQ,HAR-RV
2011-06-23,0.007102384545793702,QQQ,HAR-RV
2011-06-24,0.007554850128185939,QQQ,HAR-RV
2011-06-27,0.007820557992489456,QQQ,HAR-RV
2011-06-28,0.00829204212706098,QQQ,HAR-RV
2011-06-29,0.009363346440364307,QQQ,HAR-RV
2011-06-30,0.008880334789021305,QQQ,HAR-RV
2011-07-01,0.009510151179121578,QQQ,HAR-RV
2011-07-05,0.009232992096495998,QQQ,HAR-RV
2011-07-06,0.008892483861933403,QQQ,HAR-RV
2011-07-07,0.008832488548415333,QQQ,HAR-RV
2011-07-08,0.008191017272752918,QQQ,HAR-RV
2011-07-11,0.008017048941906035,QQQ,HAR-RV
2011-07-12,0.00809901433505158,QQQ,HAR-RV
2011-07-13,0.006855062811762496,QQQ,HAR-RV
2011-07-14,0.0080927444160323,QQQ,HAR-RV
2011-07-15,0.008653068930257265,QQQ,HAR-RV
2011-07-18,0.007801552686765407,QQQ,HAR-RV
2011-07-19,0.008516802648021647,QQQ,HAR-RV
2011-07-20,0.0082874809477307,QQQ,HAR-RV
2011-07-21,0.007861325426601356,QQQ,HAR-RV
2011-07-22,0.009639961907877062,QQQ,HAR-RV
2011-07-25,0.008962576889798164,QQQ,HAR-RV
2011-07-26,0.008194240208490255,QQQ,HAR-RV
2011-07-27,0.008612291972489182,QQQ,HAR-RV
2011-07-28,0.007375072762824748,QQQ,HAR-RV
2011-07-29,0.006239095608052021,QQQ,HAR-RV
2011-08-01,0.008595984815376155,QQQ,HAR-RV
2011-08-02,0.0075807828561474545,QQQ,HAR-RV
2011-08-03,0.007800386900578214,QQQ,HAR-RV
2011-08-04,0.007163820835790234,QQQ,HAR-RV
2011-08-05,0.008084009805950568,QQQ,HAR-RV
2011-08-08,0.007543827993544973,QQQ,HAR-RV
2011-08-09,0.016567480292157804,QQQ,HAR-RV
2011-08-10,0.022440302497247825,QQQ,HAR-RV
2011-08-11,0.030965449718990214,QQQ,HAR-RV
2011-08-12,0.03914836250087507,QQQ,HAR-RV
2011-08-15,0.032810752922221666,QQQ,HAR-RV
2011-08-16,0.030253285535162492,QQQ,HAR-RV
2011-08-17,0.022477710977730117,QQQ,HAR-RV
2011-08-18,0.016513658194879627,QQQ,HAR-RV
2011-08-19,0.01688228188326072,QQQ,HAR-RV
2011-08-22,0.01870783627768905,QQQ,HAR-RV
2011-08-23,0.01804296614717724,QQQ,HAR-RV
2011-08-24,0.019193696934233333,QQQ,HAR-RV
2011-08-25,0.0207894852705277,QQQ,HAR-RV
2011-08-26,0.021530075597053548,QQQ,HAR-RV
2011-08-29,0.019187142818435435,QQQ,HAR-RV
2011-08-30,0.020423515579179007,QQQ,HAR-RV
2011-08-31,0.021580440041150437,QQQ,HAR-RV
2011-09-01,0.01693780961940607,QQQ,HAR-RV
2011-09-02,0.015472488933821592,QQQ,HAR-RV
2011-09-06,0.015244387691103735,QQQ,HAR-RV
2011-09-07,0.013378827837329165,QQQ,HAR-RV
2011-09-08,0.012016090737753869,QQQ,HAR-RV
2011-09-09,0.012235049010850388,QQQ,HAR-RV
2011-09-12,0.013739912133682525,QQQ,HAR-RV
2011-09-13,0.013873891558555704,QQQ,HAR-RV
2011-09-14,0.012955269871856957,QQQ,HAR-RV
2011-09-15,0.014151568142868918,QQQ,HAR-RV
2011-09-16,0.012914224429526352,QQQ,HAR-RV
2011-09-19,0.013989305808738544,QQQ,HAR-RV
2011-09-20,0.012522576942444687,QQQ,HAR-RV
2011-09-21,0.01130329459399667,QQQ,HAR-RV
2011-09-22,0.009849270763653429,QQQ,HAR-RV
2011-09-23,0.010027880804208555,QQQ,HAR-RV
2011-09-26,0.011741231257276217,QQQ,HAR-RV
2011-09-27,0.012453332191082116,QQQ,HAR-RV
2011-09-28,0.01365526859116421,QQQ,HAR-RV
2011-09-29,0.014301647604545538,QQQ,HAR-RV
2011-09-30,0.013729471315802141,QQQ,HAR-RV
2011-10-03,0.011500337116483222,QQQ,HAR-RV
2011-10-04,0.013112022444805867,QQQ,HAR-RV
2011-10-05,0.015013838099353354,QQQ,HAR-RV
2011-10-06,0.016479653786439674,QQQ,HAR-RV
2011-10-07,0.017508293263760855,QQQ,HAR-RV
2011-10-10,0.01806493782932431,QQQ,HAR-RV
2011-10-11,0.016453795570876773,QQQ,HAR-RV
2011-10-12,0.01643560317045818,QQQ,HAR-RV
2011-10-13,0.015737591381150152,QQQ,HAR-RV
2011-10-14,0.013395930279294465,QQQ,HAR-RV
2011-10-17,0.012472261877706746,QQQ,HAR-RV
2011-10-18,0.013545900108404327,QQQ,HAR-RV
2011-10-19,0.011691252276223538,QQQ,HAR-RV
2011-10-20,0.012457006545729812,QQQ,HAR-RV
2011-10-21,0.013931468213964631,QQQ,HAR-RV
2011-10-24,0.013785244121120092,QQQ,HAR-RV
2011-10-25,0.013059862271008823,QQQ,HAR-RV
2011-10-26,0.013339118821735139,QQQ,HAR-RV
2011-10-27,0.014081385308675054,QQQ,HAR-RV
2011-10-28,0.012820906276349579,QQQ,HAR-RV
2011-10-31,0.014115907145008981,QQQ,HAR-RV
2011-11-01,0.014110127425642547,QQQ,HAR-RV
2011-11-02,0.013173472043649517,QQQ,HAR-RV
2011-11-03,0.013283985067756719,QQQ,HAR-RV
2011-11-04,0.015034637027283533,QQQ,HAR-RV
2011-11-07,0.013395416103755454,QQQ,HAR-RV
2011-11-08,0.014574152289824505,QQQ,HAR-RV
2011-11-09,0.013236147521882752,QQQ,HAR-RV
2011-11-10,0.011614345384690614,QQQ,HAR-RV
2011-11-11,0.0125359082040942,QQQ,HAR-RV
2011-11-14,0.013256043504838565,QQQ,HAR-RV
2011-11-15,0.013273271323722665,QQQ,HAR-RV
2011-11-16,0.014192779067219077,QQQ,HAR-RV
2011-11-17,0.013690473460862662,QQQ,HAR-RV
2011-11-18,0.011369067960443593,QQQ,HAR-RV
2011-11-21,0.013265903870583297,QQQ,HAR-RV
2011-11-22,0.013383256071802782,QQQ,HAR-RV
2011-11-23,0.013822117797194323,QQQ,HAR-RV
2011-11-25,0.01446692100308491,QQQ,HAR-RV
2011-11-28,0.013201360789922071,QQQ,HAR-RV
2011-11-29,0.013079052457596043,QQQ,HAR-RV
2011-11-30,0.013239715973614959,QQQ,HAR-RV
2011-12-01,0.015026435441831212,QQQ,HAR-RV
2011-12-02,0.015036479108462805,QQQ,HAR-RV
2011-12-05,0.016792796657885765,QQQ,HAR-RV
2011-12-06,0.016311060599643688,QQQ,HAR-RV
2011-12-07,0.013046519795257202,QQQ,HAR-RV
2011-12-08,0.013244571004392844,QQQ,HAR-RV
2011-12-09,0.010029367814723272,QQQ,HAR-RV
2011-12-12,0.00944545031198288,QQQ,HAR-RV
2011-12-13,0.010876523934826169,QQQ,HAR-RV
2011-12-14,0.011052631489437165,QQQ,HAR-RV
2011-12-15,0.012026096561044732,QQQ,HAR-RV
2011-12-16,0.012909537163266694,QQQ,HAR-RV
2011-12-19,0.012798322030287194,QQQ,HAR-RV
2011-12-20,0.011464707553603574,QQQ,HAR-RV
2011-12-21,0.01090751395776509,QQQ,HAR-RV
2011-12-22,0.010859314254343173,QQQ,HAR-RV
2011-12-23,0.012174906196431492,QQQ,HAR-RV
2011-12-27,0.013072057847094164,QQQ,HAR-RV
2011-12-28,0.0133199461333975,QQQ,HAR-RV
2011-12-29,0.012894548252719778,QQQ,HAR-RV
2011-12-30,0.010720022566046847,QQQ,HAR-RV
2012-01-03,0.010013039199018088,QQQ,HAR-RV
2012-01-04,0.009923799150870494,QQQ,HAR-RV
2012-01-05,0.00914943942711203,QQQ,HAR-RV
2012-01-06,0.010537123984574731,QQQ,HAR-RV
2012-01-09,0.009901538643612614,QQQ,HAR-RV
2012-01-10,0.009886605768228095,QQQ,HAR-RV
2012-01-11,0.00997807781111152,QQQ,HAR-RV
2012-01-12,0.008580625225227548,QQQ,HAR-RV
2012-01-13,0.00865527879035639,QQQ,HAR-RV
2012-01-17,0.007952749505247053,QQQ,HAR-RV
2012-01-18,0.007919040066307299,QQQ,HAR-RV
2012-01-19,0.008058685483229664,QQQ,HAR-RV
2012-01-20,0.008223208759427099,QQQ,HAR-RV
2012-01-23,0.00900999950952519,QQQ,HAR-RV
2012-01-24,0.009067526360281996,QQQ,HAR-RV
2012-01-25,0.008693298697706195,QQQ,HAR-RV
2012-01-26,0.007533767911396792,QQQ,HAR-RV
2012-01-27,0.0065533072194171324,QQQ,HAR-RV
2012-01-30,0.006915604845702107,QQQ,HAR-RV
2012-01-31,0.006976926634582022,QQQ,HAR-RV
2012-02-01,0.006975813988417279,QQQ,HAR-RV
2012-02-02,0.006789903431837544,QQQ,HAR-RV
2012-02-03,0.00581522712436479,QQQ,HAR-RV
2012-02-06,0.006289282552671747,QQQ,HAR-RV
2012-02-07,0.006380391335023162,QQQ,HAR-RV
2012-02-08,0.007180713279557384,QQQ,HAR-RV
2012-02-09,0.007064131250298172,QQQ,HAR-RV
2012-02-10,0.0066595896584570515,QQQ,HAR-RV
2012-02-13,0.006915171468790149,QQQ,HAR-RV
2012-02-14,0.006206666113631176,QQQ,HAR-RV
2012-02-15,0.0068949471785726465,QQQ,HAR-RV
2012-02-16,0.007490300820879435,QQQ,HAR-RV
2012-02-17,0.007372700446803718,QQQ,HAR-RV
2012-02-21,0.007586096373406275,QQQ,HAR-RV
2012-02-22,0.007810475618434431,QQQ,HAR-RV
2012-02-23,0.007095895881534744,QQQ,HAR-RV
2012-02-24,0.007233344539726336,QQQ,HAR-RV
2012-02-27,0.007135767648863687,QQQ,HAR-RV
2012-02-28,0.006349680670913766,QQQ,HAR-RV
2012-02-29,0.0062400272789349285,QQQ,HAR-RV
2012-03-01,0.006431995098558288,QQQ,HAR-RV
2012-03-02,0.00692183347659558,QQQ,HAR-RV
2012-03-05,0.006859560687826756,QQQ,HAR-RV
2012-03-06,0.007223702998641671,QQQ,HAR-RV
2012-03-07,0.007399292302377302,QQQ,HAR-RV
2012-03-08,0.007562662250566248,QQQ,HAR-RV
2012-03-09,0.00797055430801912,QQQ,HAR-RV
2012-03-12,0.008124481227784093,QQQ,HAR-RV
2012-03-13,0.008876893155319112,QQQ,HAR-RV
2012-03-14,0.008304839653657135,QQQ,HAR-RV
2012-03-15,0.007797206499352658,QQQ,HAR-RV
2012-03-16,0.008585021012899072,QQQ,HAR-RV
2012-03-19,0.00776718922723346,QQQ,HAR-RV
2012-03-20,0.0076020155320840905,QQQ,HAR-RV
2012-03-21,0.00748087108284538,QQQ,HAR-RV
2012-03-22,0.0061349395899551185,QQQ,HAR-RV
2012-03-23,0.005913735466567722,QQQ,HAR-RV
2012-03-26,0.005633468370808792,QQQ,HAR-RV
2012-03-27,0.005847596731386557,QQQ,HAR-RV
2012-03-28,0.005513901943201281,QQQ,HAR-RV
2012-03-29,0.006905452579459277,QQQ,HAR-RV
2012-03-30,0.007098622595463866,QQQ,HAR-RV
2012-04-02,0.007140190073373326,QQQ,HAR-RV
2012-04-03,0.007477498444534947,QQQ,HAR-RV
2012-04-04,0.00601775969992295,QQQ,HAR-RV
2012-04-05,0.006937844152531602,QQQ,HAR-RV
2012-04-09,0.006665654671601488,QQQ,HAR-RV
2012-04-10,0.007524693044124412,QQQ,HAR-RV
2012-04-11,0.008015074780500637,QQQ,HAR-RV
2012-04-12,0.007804575717803451,QQQ,HAR-RV
2012-04-13,0.009329125553430344,QQQ,HAR-RV
2012-04-16,0.008595930751211893,QQQ,HAR-RV
2012-04-17,0.009155236589279478,QQQ,HAR-RV
2012-04-18,0.010172625431531643,QQQ,HAR-RV
2012-04-19,0.0098729721275816,QQQ,HAR-RV
2012-04-20,0.01147236269871628,QQQ,HAR-RV
2012-04-23,0.010487742090048142,QQQ,HAR-RV
2012-04-24,0.010127790317556638,QQQ,HAR-RV
2012-04-25,0.009419602754541647,QQQ,HAR-RV
2012-04-26,0.008541759679833354,QQQ,HAR-RV
2012-04-27,0.009018585651443454,QQQ,HAR-RV
2012-04-30,0.010391471885096489,QQQ,HAR-RV
2012-05-01,0.010675202584685912,QQQ,HAR-RV
2012-05-02,0.010368232411124632,QQQ,HAR-RV
2012-05-03,0.01042331385842121,QQQ,HAR-RV
2012-05-04,0.008130332351096784,QQQ,HAR-RV
2012-05-07,0.008008359209063847,QQQ,HAR-RV
2012-05-08,0.008628486283689094,QQQ,HAR-RV
2012-05-09,0.0103418141934341,QQQ,HAR-RV
2012-05-10,0.010126516651077135,QQQ,HAR-RV
2012-05-11,0.010103936266209888,QQQ,HAR-RV
2012-05-14,0.009078649984202124,QQQ,HAR-RV
2012-05-15,0.00679865848658128,QQQ,HAR-RV
2012-05-16,0.006745093583668903,QQQ,HAR-RV
2012-05-17,0.007083687840812602,QQQ,HAR-RV
2012-05-18,0.007223330083960431,QQQ,HAR-RV
2012-05-21,0.007813122370130298,QQQ,HAR-RV
2012-05-22,0.009980473942727136,QQQ,HAR-RV
2012-05-23,0.010556737552533852,QQQ,HAR-RV
2012-05-24,0.012298127527979895,QQQ,HAR-RV
2012-05-25,0.011578141675074424,QQQ,HAR-RV
2012-05-29,0.00990394627437698,QQQ,HAR-RV
2012-05-30,0.00894998301260906,QQQ,HAR-RV
2012-05-31,0.0069770865048063,QQQ,HAR-RV
2012-06-01,0.007896956703372177,QQQ,HAR-RV
2012-06-04,0.008513566883778429,QQQ,HAR-RV
2012-06-05,0.008930487632247137,QQQ,HAR-RV
2012-06-06,0.010976995059527471,QQQ,HAR-RV
2012-06-07,0.010544672475630613,QQQ,HAR-RV
2012-06-08,0.0101749541237975,QQQ,HAR-RV
2012-06-11,0.011634914554909042,QQQ,HAR-RV
2012-06-12,0.00989548918596439,QQQ,HAR-RV
2012-06-13,0.01034650638477338,QQQ,HAR-RV
2012-06-14,0.011516133231059796,QQQ,HAR-RV
2012-06-15,0.010679333216553035,QQQ,HAR-RV
2012-06-18,0.010738539081610583,QQQ,HAR-RV
2012-06-19,0.01051259337007407,QQQ,HAR-RV
2012-06-20,0.010137119838911935,QQQ,HAR-RV
2012-06-21,0.009700028661847136,QQQ,HAR-RV
2012-06-22,0.009848851610479343,QQQ,HAR-RV
2012-06-25,0.009716718789352333,QQQ,HAR-RV
2012-06-26,0.010886226839634541,QQQ,HAR-RV
2012-06-27,0.011370968183615604,QQQ,HAR-RV
2012-06-28,0.011986992328165507,QQQ,HAR-RV
2012-06-29,0.012541541797798867,QQQ,HAR-RV
2012-07-02,0.010951245136605989,QQQ,HAR-RV
2012-07-03,0.01146658880653478,QQQ,HAR-RV
2012-07-05,0.012064970427148174,QQQ,HAR-RV
2012-07-06,0.011465023178540342,QQQ,HAR-RV
2012-07-09,0.010799567712679578,QQQ,HAR-RV
2012-07-10,0.010403109504259917,QQQ,HAR-RV
2012-07-11,0.010194628471403424,QQQ,HAR-RV
2012-07-12,0.010073906557266024,QQQ,HAR-RV
2012-07-13,0.010597277302472315,QQQ,HAR-RV
2012-07-16,0.009676817012502397,QQQ,HAR-RV
2012-07-17,0.008738648149135995,QQQ,HAR-RV
2012-07-18,0.010644418069517169,QQQ,HAR-RV
2012-07-19,0.010087399463890836,QQQ,HAR-RV
2012-07-20,0.008849150387306064,QQQ,HAR-RV
2012-07-23,0.009386523388525116,QQQ,HAR-RV
2012-07-24,0.009123495703188239,QQQ,HAR-RV
2012-07-25,0.009722815118282081,QQQ,HAR-RV
2012-07-26,0.009809616622389616,QQQ,HAR-RV
2012-07-27,0.009813484383270048,QQQ,HAR-RV
2012-07-30,0.008847566835938181,QQQ,HAR-RV
2012-07-31,0.007998334551518625,QQQ,HAR-RV
2012-08-01,0.010923418996302982,QQQ,HAR-RV
2012-08-02,0.010627011519469048,QQQ,HAR-RV
2012-08-03,0.009178093823658466,QQQ,HAR-RV
2012-08-06,0.009127643330269638,QQQ,HAR-RV
2012-08-07,0.007456471224622256,QQQ,HAR-RV
2012-08-08,0.009343064104516548,QQQ,HAR-RV
2012-08-09,0.008838588879360787,QQQ,HAR-RV
2012-08-10,0.009646889310265389,QQQ,HAR-RV
2012-08-13,0.009033207874619163,QQQ,HAR-RV
2012-08-14,0.009389752430852886,QQQ,HAR-RV
2012-08-15,0.00884374457274557,QQQ,HAR-RV
2012-08-16,0.008385133812082265,QQQ,HAR-RV
2012-08-17,0.00831901163568185,QQQ,HAR-RV
2012-08-20,0.00743166481846925,QQQ,HAR-RV
2012-08-21,0.007721308825172305,QQQ,HAR-RV
2012-08-22,0.007531276576321426,QQQ,HAR-RV
2012-08-23,0.006764167429619357,QQQ,HAR-RV
2012-08-24,0.006413318656564665,QQQ,HAR-RV
2012-08-27,0.005873983803156512,QQQ,HAR-RV
2012-08-28,0.006087585663473449,QQQ,HAR-RV
2012-08-29,0.006127872534915485,QQQ,HAR-RV
2012-08-30,0.005270504396674334,QQQ,HAR-RV
2012-08-31,0.005445580953644445,QQQ,HAR-RV
2012-09-04,0.004381108694825355,QQQ,HAR-RV
2012-09-05,0.005137297651835378,QQQ,HAR-RV
2012-09-06,0.005924461335591559,QQQ,HAR-RV
2012-09-07,0.005343205237222589,QQQ,HAR-RV
2012-09-10,0.002313321218988623,QQQ,HAR-RV
2012-09-11,0.005361698934615322,QQQ,HAR-RV
2012-09-12,0.003989028872922452,QQQ,HAR-RV
2012-09-13,0.005586523132316989,QQQ,HAR-RV
2012-09-14,0.005653684396465998,QQQ,HAR-RV
2012-09-17,0.0046622087863354405,QQQ,HAR-RV
2012-09-18,0.005529201544566436,QQQ,HAR-RV
2012-09-19,0.006984286166164927,QQQ,HAR-RV
2012-09-20,0.006351350700382978,QQQ,HAR-RV
2012-09-21,0.006043978881781296,QQQ,HAR-RV
2012-09-24,0.006341511006313171,QQQ,HAR-RV
2012-09-25,0.006463114995713683,QQQ,HAR-RV
2012-09-26,0.005680946817588237,QQQ,HAR-RV
2012-09-27,0.00473570606123703,QQQ,HAR-RV
2012-09-28,0.005513328915672967,QQQ,HAR-RV
2012-10-01,0.005214156528494041,QQQ,HAR-RV
2012-10-02,0.006018942724451665,QQQ,HAR-RV
2012-10-03,0.00679634558448502,QQQ,HAR-RV
2012-10-04,0.006581139823592085,QQQ,HAR-RV
2012-10-05,0.006226011720104899,QQQ,HAR-RV
2012-10-08,0.00681911765228399,QQQ,HAR-RV
2012-10-09,0.006884281814136953,QQQ,HAR-RV
2012-10-10,0.005982828134979658,QQQ,HAR-RV
2012-10-11,0.005780849557487676,QQQ,HAR-RV
2012-10-12,0.00637365340759934,QQQ,HAR-RV
2012-10-15,0.006476454227624821,QQQ,HAR-RV
2012-10-16,0.00666564109294431,QQQ,HAR-RV
2012-10-17,0.006114419943418102,QQQ,HAR-RV
2012-10-18,0.0057900602700781565,QQQ,HAR-RV
2012-10-19,0.006912025149486862,QQQ,HAR-RV
2012-10-22,0.006495948864293761,QQQ,HAR-RV
2012-10-23,0.006137113556675663,QQQ,HAR-RV
2012-10-24,0.0073205418712311895,QQQ,HAR-RV
2012-10-25,0.007431368994413936,QQQ,HAR-RV
2012-10-26,0.007295911092594018,QQQ,HAR-RV
2012-10-31,0.007156776401005942,QQQ,HAR-RV
2012-11-01,0.007488580877885776,QQQ,HAR-RV
2012-11-02,0.007358957523101643,QQQ,HAR-RV
2012-11-05,0.007434950163384496,QQQ,HAR-RV
2012-11-06,0.007396118463170044,QQQ,HAR-RV
2012-11-07,0.0072029072382281375,QQQ,HAR-RV
2012-11-08,0.007300184922621793,QQQ,HAR-RV
2012-11-09,0.007636339255837669,QQQ,HAR-RV
2012-11-12,0.007727030999570018,QQQ,HAR-RV
2012-11-13,0.007592663705031764,QQQ,HAR-RV
2012-11-14,0.007315271611601575,QQQ,HAR-RV
2012-11-15,0.007349319112592609,QQQ,HAR-RV
2012-11-16,0.007716120562529721,QQQ,HAR-RV
2012-11-19,0.007893939810636729,QQQ,HAR-RV
2012-11-20,0.00799463773308918,QQQ,HAR-RV
2012-11-21,0.007422753850109478,QQQ,HAR-RV
2012-11-23,0.007845701208196056,QQQ,HAR-RV
2012-11-26,0.007752723770714702,QQQ,HAR-RV
2012-11-27,0.007137313718050108,QQQ,HAR-RV
2012-11-28,0.007497128981613249,QQQ,HAR-RV
2012-11-29,0.0074807951768622975,QQQ,HAR-RV
2012-11-30,0.007376189475969503,QQQ,HAR-RV
2012-12-03,0.007554545997197567,QQQ,HAR-RV
2012-12-04,0.007511736974229234,QQQ,HAR-RV
2012-12-05,0.007364099665535608,QQQ,HAR-RV
2012-12-06,0.007233757156796054,QQQ,HAR-RV
2012-12-07,0.0070842546687226015,QQQ,HAR-RV
2012-12-10,0.007181287069645295,QQQ,HAR-RV
2012-12-11,0.007229983402007345,QQQ,HAR-RV
2012-12-12,0.007003800801602936,QQQ,HAR-RV
2012-12-13,0.006598743675677341,QQQ,HAR-RV
2012-12-14,0.006926572395053943,QQQ,HAR-RV
2012-12-17,0.0069348432503481515,QQQ,HAR-RV
2012-12-18,0.006926723379810961,QQQ,HAR-RV
2012-12-19,0.006882729531032319,QQQ,HAR-RV
2012-12-20,0.007026767601197302,QQQ,HAR-RV
2012-12-21,0.007189004764032203,QQQ,HAR-RV
2012-12-24,0.007003207170887154,QQQ,HAR-RV
2012-12-26,0.006828515919670887,QQQ,HAR-RV
2012-12-27,0.007234401754285778,QQQ,HAR-RV
2012-12-28,0.006975910754272473,QQQ,HAR-RV
2012-12-31,0.007258329932281711,QQQ,HAR-RV
2013-01-02,0.007094901389245327,QQQ,HAR-RV
2013-01-03,0.007467354742876514,QQQ,HAR-RV
2013-01-04,0.007335460110883997,QQQ,HAR-RV
2013-01-07,0.007185159202707569,QQQ,HAR-RV
2013-01-08,0.006772864378576542,QQQ,HAR-RV
2013-01-09,0.006871730090944592,QQQ,HAR-RV
2013-01-10,0.007430478373469291,QQQ,HAR-RV
2013-01-11,0.00844172384976726,QQQ,HAR-RV
2013-01-14,0.008320708298000624,QQQ,HAR-RV
2013-01-15,0.0080967125503481,QQQ,HAR-RV
2013-01-16,0.007892778666145694,QQQ,HAR-RV
2013-01-17,0.007827454960676909,QQQ,HAR-RV
2013-01-18,0.007677410374386141,QQQ,HAR-RV
2013-01-22,0.007583671411897299,QQQ,HAR-RV
2013-01-23,0.0072554862136639565,QQQ,HAR-RV
2013-01-24,0.007082181139774071,QQQ,HAR-RV
2013-01-25,0.007315152332937686,QQQ,HAR-RV
2013-01-28,0.007599168827556811,QQQ,HAR-RV
2013-01-29,0.007234042147392112,QQQ,HAR-RV
2013-01-30,0.007058125473425961,QQQ,HAR-RV
2013-01-31,0.006840356318477241,QQQ,HAR-RV
2013-02-01,0.006951529781393618,QQQ,HAR-RV
2013-02-04,0.007185578530962096,QQQ,HAR-RV
2013-02-05,0.00753155468472733,QQQ,HAR-RV
2013-02-06,0.007475452925033024,QQQ,HAR-RV
2013-02-07,0.006931021202380597,QQQ,HAR-RV
2013-02-08,0.005955417534203356,QQQ,HAR-RV
2013-02-11,0.006019118102170092,QQQ,HAR-RV
2013-02-12,0.006736606249465541,QQQ,HAR-RV
2013-02-13,0.0063996151285659365,QQQ,HAR-RV
2013-02-14,0.006948178907015039,QQQ,HAR-RV
2013-02-15,0.006877424506356655,QQQ,HAR-RV
2013-02-19,0.006592463478985178,QQQ,HAR-RV
2013-02-20,0.006957082897792672,QQQ,HAR-RV
2013-02-21,0.007286195933981556,QQQ,HAR-RV
2013-02-22,0.00785093346665041,QQQ,HAR-RV
2013-02-25,0.0074079693281288595,QQQ,HAR-RV
2013-02-26,0.007198433433651129,QQQ,HAR-RV
2013-02-27,0.007111882914674098,QQQ,HAR-RV
2013-02-28,0.006410985814509817,QQQ,HAR-RV
2013-03-01,0.007184598530572361,QQQ,HAR-RV
2013-03-04,0.006790134487423199,QQQ,HAR-RV
2013-03-05,0.007261474498533258,QQQ,HAR-RV
2013-03-06,0.007643267410123189,QQQ,HAR-RV
2013-03-07,0.008304150294999386,QQQ,HAR-RV
2013-03-08,0.007315513669548705,QQQ,HAR-RV
2013-03-11,0.007070326621265636,QQQ,HAR-RV
2013-03-12,0.006814114929250459,QQQ,HAR-RV
2013-03-13,0.006933008976164281,QQQ,HAR-RV
2013-03-14,0.0074099725878286424,QQQ,HAR-RV
2013-03-15,0.00700403531754084,QQQ,HAR-RV
2013-03-18,0.007158046198713753,QQQ,HAR-RV
2013-03-19,0.006943706522474891,QQQ,HAR-RV
2013-03-20,0.006845801575323921,QQQ,HAR-RV
2013-03-21,0.006909157455199218,QQQ,HAR-RV
2013-03-22,0.007366027586486578,QQQ,HAR-RV
2013-03-25,0.007571566550443421,QQQ,HAR-RV
2013-03-26,0.006835837379420331,QQQ,HAR-RV
2013-03-27,0.005884613719745928,QQQ,HAR-RV
2013-03-28,0.005731122746463135,QQQ,HAR-RV
2013-04-01,0.005180699337234062,QQQ,HAR-RV
2013-04-02,0.005788839336384351,QQQ,HAR-RV
2013-04-03,0.006451186450952639,QQQ,HAR-RV
2013-04-04,0.006521104833301655,QQQ,HAR-RV
2013-04-05,0.006506560904047037,QQQ,HAR-RV
2013-04-08,0.005426781971634185,QQQ,HAR-RV
2013-04-09,0.006065100378306685,QQQ,HAR-RV
2013-04-10,0.005774278112746483,QQQ,HAR-RV
2013-04-11,0.0062636555876456465,QQQ,HAR-RV
2013-04-12,0.007557661936917369,QQQ,HAR-RV
2013-04-15,0.005272698407401454,QQQ,HAR-RV
2013-04-16,0.005803401470368481,QQQ,HAR-RV
2013-04-17,0.007709665038819936,QQQ,HAR-RV
2013-04-18,0.00713182881237031,QQQ,HAR-RV
2013-04-19,0.008331359693943243,QQQ,HAR-RV
2013-04-22,0.007657558056335232,QQQ,HAR-RV
2013-04-23,0.0076420380784889734,QQQ,HAR-RV
2013-04-24,0.007275614234400525,QQQ,HAR-RV
2013-04-25,0.007245045381357598,QQQ,HAR-RV
2013-04-26,0.006541830237741083,QQQ,HAR-RV
2013-04-29,0.007266926176728293,QQQ,HAR-RV
2013-04-30,0.00723400994448654,QQQ,HAR-RV
2013-05-01,0.008039675311661283,QQQ,HAR-RV
2013-05-02,0.007875459223495434,QQQ,HAR-RV
2013-05-03,0.007558421621237749,QQQ,HAR-RV
2013-05-06,0.008364688574046458,QQQ,HAR-RV
2013-05-07,0.008124385765192841,QQQ,HAR-RV
2013-05-08,0.007220122027528163,QQQ,HAR-RV
2013-05-09,0.006597937843814943,QQQ,HAR-RV
2013-05-10,0.007148326327513647,QQQ,HAR-RV
2013-05-13,0.006769711440542017,QQQ,HAR-RV
2013-05-14,0.007328970724257496,QQQ,HAR-RV
2013-05-15,0.006610074300478388,QQQ,HAR-RV
2013-05-16,0.007084215659400946,QQQ,HAR-RV
2013-05-17,0.006422262080127935,QQQ,HAR-RV
2013-05-20,0.0061906901772097725,QQQ,HAR-RV
2013-05-21,0.007296132148690978,QQQ,HAR-RV
2013-05-22,0.0059203201927067305,QQQ,HAR-RV
2013-05-23,0.005822580747661505,QQQ,HAR-RV
2013-05-24,0.006962100617609102,QQQ,HAR-RV
2013-05-28,0.005750523244294998,QQQ,HAR-RV
2013-05-29,0.005662671378146675,QQQ,HAR-RV
2013-05-30,0.006563862451255719,QQQ,HAR-RV
2013-05-31,0.006203181121774086,QQQ,HAR-RV
2013-06-03,0.0064177964574022636,QQQ,HAR-RV
2013-06-04,0.007123021781824558,QQQ,HAR-RV
2013-06-05,0.005667258839009001,QQQ,HAR-RV
2013-06-06,0.00648582012506025,QQQ,HAR-RV
2013-06-07,0.007717580103902592,QQQ,HAR-RV
2013-06-10,0.006357935533822183,QQQ,HAR-RV
2013-06-11,0.0077886020681953135,QQQ,HAR-RV
2013-06-12,0.005440661099938354,QQQ,HAR-RV
2013-06-13,0.00721290575876991,QQQ,HAR-RV
2013-06-14,0.00762717661674202,QQQ,HAR-RV
2013-06-17,0.007681230512144625,QQQ,HAR-RV
2013-06-18,0.006605812186368985,QQQ,HAR-RV
2013-06-19,0.007080428316580153,QQQ,HAR-RV
2013-06-20,0.006804018361471501,QQQ,HAR-RV
2013-06-21,0.007538212781241553,QQQ,HAR-RV
2013-06-24,0.009524316012039069,QQQ,HAR-RV
2013-06-25,0.006016505892028118,QQQ,HAR-RV
2013-06-26,0.006809360986565638,QQQ,HAR-RV
2013-06-27,0.006279542302194395,QQQ,HAR-RV
2013-06-28,0.006217213040943487,QQQ,HAR-RV
2013-07-01,0.005032877122108086,QQQ,HAR-RV
2013-07-02,0.004694664204607627,QQQ,HAR-RV
2013-07-03,0.005519137492356187,QQQ,HAR-RV
2013-07-05,0.004652298846800243,QQQ,HAR-RV
2013-07-08,0.005286677625741677,QQQ,HAR-RV
2013-07-09,0.005595562489922889,QQQ,HAR-RV
2013-07-10,0.004719130220225678,QQQ,HAR-RV
2013-07-11,0.0055488866512211545,QQQ,HAR-RV
2013-07-12,0.0059245942134321765,QQQ,HAR-RV
2013-07-15,0.007972321202487,QQQ,HAR-RV
2013-07-16,0.005478065568747144,QQQ,HAR-RV
2013-07-17,0.005308371877626041,QQQ,HAR-RV
2013-07-18,0.005372246546367688,QQQ,HAR-RV
2013-07-19,0.00565509872778285,QQQ,HAR-RV
2013-07-22,0.005736743262457567,QQQ,HAR-RV
2013-07-23,0.00707041602560083,QQQ,HAR-RV
2013-07-24,0.005998528150337398,QQQ,HAR-RV
2013-07-25,0.00709758640501695,QQQ,HAR-RV
2013-07-26,0.006439868958247302,QQQ,HAR-RV
2013-07-29,0.0070180744015083925,QQQ,HAR-RV
2013-07-30,0.006844125103140371,QQQ,HAR-RV
2013-07-31,0.006399613276370519,QQQ,HAR-RV
2013-08-01,0.006976752093015473,QQQ,HAR-RV
2013-08-02,0.006530170398077694,QQQ,HAR-RV
2013-08-05,0.0077326434341228045,QQQ,HAR-RV
2013-08-06,0.006856109302519679,QQQ,HAR-RV
2013-08-07,0.006157874630662977,QQQ,HAR-RV
2013-08-08,0.0070930338639430225,QQQ,HAR-RV
2013-08-09,0.006134187569058586,QQQ,HAR-RV
2013-08-12,0.006752245337419746,QQQ,HAR-RV
2013-08-13,0.0064787508238212995,QQQ,HAR-RV
2013-08-14,0.006460564139741791,QQQ,HAR-RV
2013-08-15,0.0070900818966229675,QQQ,HAR-RV
2013-08-16,0.006774126624772436,QQQ,HAR-RV
2013-08-19,0.008964044285465761,QQQ,HAR-RV
2013-08-20,0.005797379261743971,QQQ,HAR-RV
2013-08-21,0.0061024696930698855,QQQ,HAR-RV
2013-08-22,0.006713732038863138,QQQ,HAR-RV
2013-08-23,0.006640108032878305,QQQ,HAR-RV
2013-08-26,0.007804197441753482,QQQ,HAR-RV
2013-08-27,0.0071111789790924375,QQQ,HAR-RV
2013-08-28,0.006282006130419203,QQQ,HAR-RV
2013-08-29,0.009178737456074983,QQQ,HAR-RV
2013-08-30,0.006556973181941634,QQQ,HAR-RV
2013-09-03,0.006968532703714036,QQQ,HAR-RV
2013-09-04,0.006853883977112894,QQQ,HAR-RV
2013-09-05,0.006968866897888326,QQQ,HAR-RV
2013-09-06,0.007380417363879526,QQQ,HAR-RV
2013-09-09,0.006078376808953274,QQQ,HAR-RV
2013-09-10,0.006076083749124751,QQQ,HAR-RV
2013-09-11,0.007350027631457251,QQQ,HAR-RV
2013-09-12,0.006371913062466502,QQQ,HAR-RV
2013-09-13,0.0058393817137926685,QQQ,HAR-RV
2013-09-16,0.005643140100851627,QQQ,HAR-RV
2013-09-17,0.005726682821033215,QQQ,HAR-RV
2013-09-18,0.005836483849746963,QQQ,HAR-RV
2013-09-19,0.006647065009681041,QQQ,HAR-RV
2013-09-20,0.007375249163111867,QQQ,HAR-RV
2013-09-23,0.00596776930609234,QQQ,HAR-RV
2013-09-24,0.006116510266352098,QQQ,HAR-RV
2013-09-25,0.005858352933645573,QQQ,HAR-RV
2013-09-26,0.005555713677938898,QQQ,HAR-RV
2013-09-27,0.00600123382058245,QQQ,HAR-RV
2013-09-30,0.006511061888781587,QQQ,HAR-RV
2013-10-01,0.005782156051762017,QQQ,HAR-RV
2013-10-02,0.006036858766672801,QQQ,HAR-RV
2013-10-03,0.007153685912846052,QQQ,HAR-RV
2013-10-04,0.0060287195210414115,QQQ,HAR-RV
2013-10-07,0.007426820798567591,QQQ,HAR-RV
2013-10-08,0.007329557923929623,QQQ,HAR-RV
2013-10-09,0.007545066484345716,QQQ,HAR-RV
2013-10-10,0.008542882214115269,QQQ,HAR-RV
2013-10-11,0.00749097853380133,QQQ,HAR-RV
2013-10-14,0.009121981262633399,QQQ,HAR-RV
2013-10-15,0.007796773547407912,QQQ,HAR-RV
2013-10-16,0.007329774541114414,QQQ,HAR-RV
2013-10-17,0.006404488144991678,QQQ,HAR-RV
2013-10-18,0.007199713832792199,QQQ,HAR-RV
2013-10-21,0.006021813417118632,QQQ,HAR-RV
2013-10-22,0.007369103132080198,QQQ,HAR-RV
2013-10-23,0.005723191186792189,QQQ,HAR-RV
2013-10-24,0.005464522858200778,QQQ,HAR-RV
2013-10-25,0.005645675775055905,QQQ,HAR-RV
2013-10-28,0.0053084626188273695,QQQ,HAR-RV
2013-10-29,0.0049853279605612325,QQQ,HAR-RV
2013-10-30,0.004302441017424082,QQQ,HAR-RV
2013-10-31,0.004449419202113147,QQQ,HAR-RV
2013-11-01,0.004154822493348497,QQQ,HAR-RV
2013-11-04,0.004409346923979737,QQQ,HAR-RV
2013-11-05,0.003650452923639932,QQQ,HAR-RV
2013-11-06,0.004098456923041194,QQQ,HAR-RV
2013-11-07,0.004169252844495711,QQQ,HAR-RV
2013-11-08,0.004573554728339259,QQQ,HAR-RV
2013-11-11,0.007840323954189139,QQQ,HAR-RV
2013-11-12,0.007413917345056754,QQQ,HAR-RV
2013-11-13,0.00638816603005557,QQQ,HAR-RV
2013-11-14,0.006692471161067413,QQQ,HAR-RV
2013-11-15,0.008337761402390488,QQQ,HAR-RV
2013-11-18,0.006444945641998207,QQQ,HAR-RV
2013-11-19,0.006093824482606392,QQQ,HAR-RV
2013-11-20,0.007239835993470879,QQQ,HAR-RV
2013-11-21,0.00678157936202861,QQQ,HAR-RV
2013-11-22,0.006339373198173253,QQQ,HAR-RV
2013-11-25,0.007341644883512032,QQQ,HAR-RV
2013-11-26,0.006888095660262659,QQQ,HAR-RV
2013-11-27,0.006190932496068046,QQQ,HAR-RV
2013-11-29,0.006686563259709519,QQQ,HAR-RV
2013-12-02,0.00682050560675884,QQQ,HAR-RV
2013-12-03,0.006389777557612799,QQQ,HAR-RV
2013-12-04,0.005938848786027886,QQQ,HAR-RV
2013-12-05,0.005705859862168114,QQQ,HAR-RV
2013-12-06,0.005373463255396511,QQQ,HAR-RV
2013-12-09,0.005031397793530068,QQQ,HAR-RV
2013-12-10,0.005210127937523181,QQQ,HAR-RV
2013-12-11,0.005022475822082554,QQQ,HAR-RV
2013-12-12,0.00542049132696722,QQQ,HAR-RV
2013-12-13,0.006713549874301231,QQQ,HAR-RV
2013-12-16,0.00635056797853456,QQQ,HAR-RV
2013-12-17,0.0058811852114116735,QQQ,HAR-RV
2013-12-18,0.006267855669307144,QQQ,HAR-RV
2013-12-19,0.0063268738598117845,QQQ,HAR-RV
2013-12-20,0.0062552149721119095,QQQ,HAR-RV
2013-12-23,0.0062012229073808624,QQQ,HAR-RV
2013-12-24,0.006901595620622097,QQQ,HAR-RV
2013-12-26,0.007008681961808207,QQQ,HAR-RV
2013-12-27,0.006874133378277302,QQQ,HAR-RV
2013-12-30,0.006371096122807391,QQQ,HAR-RV
2013-12-31,0.006291749339109033,QQQ,HAR-RV
2014-01-02,0.005684363518154812,QQQ,HAR-RV
2014-01-03,0.005363762192588637,QQQ,HAR-RV
2014-01-06,0.0058162635872313516,QQQ,HAR-RV
2014-01-07,0.006079385999260291,QQQ,HAR-RV
2014-01-08,0.00625885135478882,QQQ,HAR-RV
2014-01-09,0.006581000202310273,QQQ,HAR-RV
2014-01-10,0.006351470515057205,QQQ,HAR-RV
2014-01-13,0.005999197116663297,QQQ,HAR-RV
2014-01-14,0.005724940593536313,QQQ,HAR-RV
2014-01-15,0.006419664354979487,QQQ,HAR-RV
2014-01-16,0.00713789767044685,QQQ,HAR-RV
2014-01-17,0.007395286255143259,QQQ,HAR-RV
2014-01-21,0.007148533825630941,QQQ,HAR-RV
2014-01-22,0.0073827621174431335,QQQ,HAR-RV
2014-01-23,0.006522112296927903,QQQ,HAR-RV
2014-01-24,0.005359765333417467,QQQ,HAR-RV
2014-01-27,0.005027199793356363,QQQ,HAR-RV
2014-01-28,0.006379485268780796,QQQ,HAR-RV
2014-01-29,0.006722803060431224,QQQ,HAR-RV
2014-01-30,0.006274439803277909,QQQ,HAR-RV
2014-01-31,0.006809644193046825,QQQ,HAR-RV
2014-02-03,0.007491581330079079,QQQ,HAR-RV
2014-02-04,0.0065174579524388855,QQQ,HAR-RV
2014-02-05,0.006844996532214605,QQQ,HAR-RV
2014-02-06,0.00779128422047884,QQQ,HAR-RV
2014-02-07,0.007518097704533372,QQQ,HAR-RV
2014-02-10,0.006692381415564471,QQQ,HAR-RV
2014-02-11,0.007687611087579464,QQQ,HAR-RV
2014-02-12,0.006571254508501354,QQQ,HAR-RV
2014-02-13,0.006446901786422808,QQQ,HAR-RV
2014-02-14,0.006794554615335431,QQQ,HAR-RV
2014-02-18,0.006134330339240521,QQQ,HAR-RV
2014-02-19,0.005249700655645788,QQQ,HAR-RV
2014-02-20,0.005109082307119138,QQQ,HAR-RV
2014-02-21,0.004449341315291627,QQQ,HAR-RV
2014-02-24,0.004765057254328105,QQQ,HAR-RV
2014-02-25,0.0044927141195999255,QQQ,HAR-RV
2014-02-26,0.004454171562107705,QQQ,HAR-RV
2014-02-27,0.004258244340604649,QQQ,HAR-RV
2014-02-28,0.004140513443911432,QQQ,HAR-RV
2014-03-03,0.004001077124501727,QQQ,HAR-RV
2014-03-04,0.00434581721322825,QQQ,HAR-RV
2014-03-05,0.004407257345731452,QQQ,HAR-RV
2014-03-06,0.005341364035356036,QQQ,HAR-RV
2014-03-07,0.006018702154720485,QQQ,HAR-RV
2014-03-10,0.006048090805136687,QQQ,HAR-RV
2014-03-11,0.006169872313040836,QQQ,HAR-RV
2014-03-12,0.005725638924214347,QQQ,HAR-RV
2014-03-13,0.004973837327472953,QQQ,HAR-RV
2014-03-14,0.005436574371640924,QQQ,HAR-RV
2014-03-17,0.006082570155969157,QQQ,HAR-RV
2014-03-18,0.006578044761373806,QQQ,HAR-RV
2014-03-19,0.007021998909183373,QQQ,HAR-RV
2014-03-20,0.0072595538504782245,QQQ,HAR-RV
2014-03-21,0.007580043369453813,QQQ,HAR-RV
2014-03-24,0.00695893968856254,QQQ,HAR-RV
2014-03-25,0.006775616388228189,QQQ,HAR-RV
2014-03-26,0.006884560434500579,QQQ,HAR-RV
2014-03-27,0.006559150217858096,QQQ,HAR-RV
2014-03-28,0.006316839071176613,QQQ,HAR-RV
2014-03-31,0.006957301864728134,QQQ,HAR-RV
2014-04-01,0.0063463958348476636,QQQ,HAR-RV
2014-04-02,0.005812581528394385,QQQ,HAR-RV
2014-04-03,0.005669498307321189,QQQ,HAR-RV
2014-04-04,0.006189929833381961,QQQ,HAR-RV
2014-04-07,0.00622584057426786,QQQ,HAR-RV
2014-04-08,0.006581447393898547,QQQ,HAR-RV
2014-04-09,0.008109865157597328,QQQ,HAR-RV
2014-04-10,0.007539465004862385,QQQ,HAR-RV
2014-04-11,0.009282303976427353,QQQ,HAR-RV
2014-04-14,0.010768562536984116,QQQ,HAR-RV
2014-04-15,0.010041268906815526,QQQ,HAR-RV
2014-04-16,0.009667023138067415,QQQ,HAR-RV
2014-04-17,0.009610294413274179,QQQ,HAR-RV
2014-04-21,0.00814930049005014,QQQ,HAR-RV
2014-04-22,0.005896802035089166,QQQ,HAR-RV
2014-04-23,0.005119494322524123,QQQ,HAR-RV
2014-04-24,0.005217562838902101,QQQ,HAR-RV
2014-04-25,0.005869048601371462,QQQ,HAR-RV
2014-04-28,0.005926149955099337,QQQ,HAR-RV
2014-04-29,0.006807838354538872,QQQ,HAR-RV
2014-04-30,0.00715608566828497,QQQ,HAR-RV
2014-05-01,0.006787132882316349,QQQ,HAR-RV
2014-05-02,0.006286819258124998,QQQ,HAR-RV
2014-05-05,0.005554964247608255,QQQ,HAR-RV
2014-05-06,0.004527040668260143,QQQ,HAR-RV
2014-05-07,0.004853975778537382,QQQ,HAR-RV
2014-05-08,0.004978664441994983,QQQ,HAR-RV
2014-05-09,0.0054226349183218074,QQQ,HAR-RV
2014-05-12,0.00535058814155006,QQQ,HAR-RV
2014-05-13,0.005674226822900819,QQQ,HAR-RV
2014-05-14,0.0061070794883964705,QQQ,HAR-RV
2014-05-15,0.00589590471747569,QQQ,HAR-RV
2014-05-16,0.005979387720344936,QQQ,HAR-RV
2014-05-19,0.006464839433667036,QQQ,HAR-RV
2014-05-20,0.006704590906240784,QQQ,HAR-RV
2014-05-21,0.0059009273233536835,QQQ,HAR-RV
2014-05-22,0.006250572608584813,QQQ,HAR-RV
2014-05-23,0.006336304499359737,QQQ,HAR-RV
2014-05-27,0.006281741409992542,QQQ,HAR-RV
2014-05-28,0.006270554008348814,QQQ,HAR-RV
2014-05-29,0.00647109902126064,QQQ,HAR-RV
2014-05-30,0.006888133162040264,QQQ,HAR-RV
2014-06-02,0.006462272652954849,QQQ,HAR-RV
2014-06-03,0.006364325233178411,QQQ,HAR-RV
2014-06-04,0.005847468068463939,QQQ,HAR-RV
2014-06-05,0.004960142439815601,QQQ,HAR-RV
2014-06-06,0.005002241338610503,QQQ,HAR-RV
2014-06-09,0.005027275497001762,QQQ,HAR-RV
2014-06-10,0.0054563708934242915,QQQ,HAR-RV
2014-06-11,0.0054764471940581694,QQQ,HAR-RV
2014-06-12,0.005491318877337231,QQQ,HAR-RV
2014-06-13,0.005323645694029716,QQQ,HAR-RV
2014-06-16,0.005124667997068277,QQQ,HAR-RV
2014-06-17,0.005067585397087259,QQQ,HAR-RV
2014-06-18,0.0051318603861868215,QQQ,HAR-RV
2014-06-19,0.005026447858480832,QQQ,HAR-RV
2014-06-20,0.005252074620162712,QQQ,HAR-RV
2014-06-23,0.004670546658189492,QQQ,HAR-RV
2014-06-24,0.004452720615592702,QQQ,HAR-RV
2014-06-25,0.004375842143678705,QQQ,HAR-RV
2014-06-26,0.004435676450284543,QQQ,HAR-RV
2014-06-27,0.004268859330237059,QQQ,HAR-RV
2014-06-30,0.0044925220555545094,QQQ,HAR-RV
2014-07-01,0.004607870513317196,QQQ,HAR-RV
2014-07-02,0.004931079913945203,QQQ,HAR-RV
2014-07-03,0.005351200884042012,QQQ,HAR-RV
2014-07-07,0.0053746267713518986,QQQ,HAR-RV
2014-07-08,0.005640137714901528,QQQ,HAR-RV
2014-07-09,0.005794999708525301,QQQ,HAR-RV
2014-07-10,0.0063514751832919585,QQQ,HAR-RV
2014-07-11,0.006192103115629129,QQQ,HAR-RV
2014-07-14,0.006515335435416929,QQQ,HAR-RV
2014-07-15,0.0063667611048067,QQQ,HAR-RV
2014-07-16,0.006596763320049303,QQQ,HAR-RV
2014-07-17,0.005826020320575203,QQQ,HAR-RV
2014-07-18,0.0056206256485348,QQQ,HAR-RV
2014-07-21,0.0063802276941186545,QQQ,HAR-RV
2014-07-22,0.006957886448409605,QQQ,HAR-RV
2014-07-23,0.007019030218584196,QQQ,HAR-RV
2014-07-24,0.007058301814263242,QQQ,HAR-RV
2014-07-25,0.007175734012232861,QQQ,HAR-RV
2014-07-28,0.006294993682363836,QQQ,HAR-RV
2014-07-29,0.0051518171969892725,QQQ,HAR-RV
2014-07-30,0.005054442152878728,QQQ,HAR-RV
2014-07-31,0.004685571764751406,QQQ,HAR-RV
2014-08-01,0.004712122461368728,QQQ,HAR-RV
2014-08-04,0.0061256346003267705,QQQ,HAR-RV
2014-08-05,0.006051064983539992,QQQ,HAR-RV
2014-08-06,0.006557350043749981,QQQ,HAR-RV
2014-08-07,0.006964249384079097,QQQ,HAR-RV
2014-08-08,0.006582971592898302,QQQ,HAR-RV
2014-08-11,0.005473428754273073,QQQ,HAR-RV
2014-08-12,0.005791968111967159,QQQ,HAR-RV
2014-08-13,0.005703385079035204,QQQ,HAR-RV
2014-08-14,0.005240872624883583,QQQ,HAR-RV
2014-08-15,0.005942676626739376,QQQ,HAR-RV
2014-08-18,0.006045964915333258,QQQ,HAR-RV
2014-08-19,0.00585923477467149,QQQ,HAR-RV
2014-08-20,0.00599527076191518,QQQ,HAR-RV
2014-08-21,0.006313440794700759,QQQ,HAR-RV
2014-08-22,0.0055786844841772005,QQQ,HAR-RV
2014-08-25,0.00537950073009272,QQQ,HAR-RV
2014-08-26,0.005149614637557069,QQQ,HAR-RV
2014-08-27,0.004790419143600066,QQQ,HAR-RV
2014-08-28,0.004441395628786683,QQQ,HAR-RV
2014-08-29,0.004434187408940167,QQQ,HAR-RV
2014-09-02,0.004299626385267759,QQQ,HAR-RV
2014-09-03,0.004495827358456551,QQQ,HAR-RV
2014-09-04,0.0043947974661982655,QQQ,HAR-RV
2014-09-05,0.0047019185201705406,QQQ,HAR-RV
2014-09-08,0.004690163346831795,QQQ,HAR-RV
2014-09-09,0.004846974796996361,QQQ,HAR-RV
2014-09-10,0.00476237872007634,QQQ,HAR-RV
2014-09-11,0.0052623448920656145,QQQ,HAR-RV
2014-09-12,0.005330027372195805,QQQ,HAR-RV
2014-09-15,0.005009669179343312,QQQ,HAR-RV
2014-09-16,0.005284778393202882,QQQ,HAR-RV
2014-09-17,0.00591718111005339,QQQ,HAR-RV
2014-09-18,0.0058667508671256235,QQQ,HAR-RV
2014-09-19,0.0051899252927015554,QQQ,HAR-RV
2014-09-22,0.0057538332389621616,QQQ,HAR-RV
2014-09-23,0.005283145414841663,QQQ,HAR-RV
2014-09-24,0.0055952549200636035,QQQ,HAR-RV
2014-09-25,0.005090518324987773,QQQ,HAR-RV
2014-09-26,0.006120638776190497,QQQ,HAR-RV
2014-09-29,0.007656072824380579,QQQ,HAR-RV
2014-09-30,0.007417286394031523,QQQ,HAR-RV
2014-10-01,0.006330919653996697,QQQ,HAR-RV
2014-10-02,0.0065408094936176145,QQQ,HAR-RV
2014-10-03,0.0074028302436653995,QQQ,HAR-RV
2014-10-06,0.0059002510116346165,QQQ,HAR-RV
2014-10-07,0.006234200305226284,QQQ,HAR-RV
2014-10-08,0.006140495725246035,QQQ,HAR-RV
2014-10-09,0.0072125467584231474,QQQ,HAR-RV
2014-10-10,0.007744315741643023,QQQ,HAR-RV
2014-10-13,0.00906646191293151,QQQ,HAR-RV
2014-10-14,0.010962060609725313,QQQ,HAR-RV
2014-10-15,0.010412603083011798,QQQ,HAR-RV
2014-10-16,0.008360162544194825,QQQ,HAR-RV
2014-10-17,0.008308094944212946,QQQ,HAR-RV
2014-10-20,0.007956314378150376,QQQ,HAR-RV
2014-10-21,0.008294704063473877,QQQ,HAR-RV
2014-10-22,0.009074823131751245,QQQ,HAR-RV
2014-10-23,0.011235874255209067,QQQ,HAR-RV
2014-10-24,0.00921222393762849,QQQ,HAR-RV
2014-10-27,0.01055165251716209,QQQ,HAR-RV
2014-10-28,0.009323289314077684,QQQ,HAR-RV
2014-10-29,0.008116277813377586,QQQ,HAR-RV
2014-10-30,0.008907956430940587,QQQ,HAR-RV
2014-10-31,0.007748123556841072,QQQ,HAR-RV
2014-11-03,0.007399870594314881,QQQ,HAR-RV
2014-11-04,0.008283752345241115,QQQ,HAR-RV
2014-11-05,0.0075084155572097775,QQQ,HAR-RV
2014-11-06,0.006710678972996102,QQQ,HAR-RV
2014-11-07,0.006162833281410828,QQQ,HAR-RV
2014-11-10,0.006249417891211886,QQQ,HAR-RV
2014-11-11,0.005188647980258647,QQQ,HAR-RV
2014-11-12,0.0053120172121743445,QQQ,HAR-RV
2014-11-13,0.005083655400025119,QQQ,HAR-RV
2014-11-14,0.004992903630132952,QQQ,HAR-RV
2014-11-17,0.005266247406886696,QQQ,HAR-RV
2014-11-18,0.005236462504465712,QQQ,HAR-RV
2014-11-19,0.005231310602217278,QQQ,HAR-RV
2014-11-20,0.005833627236737972,QQQ,HAR-RV
2014-11-21,0.005649671389737387,QQQ,HAR-RV
2014-11-24,0.005567392403893863,QQQ,HAR-RV
2014-11-25,0.005295559871411242,QQQ,HAR-RV
2014-11-26,0.006054277776986281,QQQ,HAR-RV
2014-11-28,0.005200167793278599,QQQ,HAR-RV
2014-12-01,0.005721453758281422,QQQ,HAR-RV
2014-12-02,0.005584283105212159,QQQ,HAR-RV
2014-12-03,0.006672930107203623,QQQ,HAR-RV
2014-12-04,0.005850843251296634,QQQ,HAR-RV
2014-12-05,0.005536595963547578,QQQ,HAR-RV
2014-12-08,0.005017226004267108,QQQ,HAR-RV
2014-12-09,0.00476887697196717,QQQ,HAR-RV
2014-12-10,0.0051594016443640405,QQQ,HAR-RV
2014-12-11,0.004818004645240874,QQQ,HAR-RV
2014-12-12,0.0064850683789966414,QQQ,HAR-RV
2014-12-15,0.006060276577086654,QQQ,HAR-RV
2014-12-16,0.00727537286238533,QQQ,HAR-RV
2014-12-17,0.0075994482125213625,QQQ,HAR-RV
2014-12-18,0.009128819108269473,QQQ,HAR-RV
2014-12-19,0.009852992422452281,QQQ,HAR-RV
2014-12-22,0.011447604824652841,QQQ,HAR-RV
2014-12-23,0.009206536290748437,QQQ,HAR-RV
2014-12-24,0.008280244842588658,QQQ,HAR-RV
2014-12-26,0.007450230062422458,QQQ,HAR-RV
2014-12-29,0.006024509823281199,QQQ,HAR-RV
2014-12-30,0.005570057777822147,QQQ,HAR-RV
2014-12-31,0.004572485509438974,QQQ,HAR-RV
2015-01-02,0.005632054182960156,QQQ,HAR-RV
2015-01-05,0.006491504579369669,QQQ,HAR-RV
2015-01-06,0.0057095772292054744,QQQ,HAR-RV
2015-01-07,0.0078120049154835145,QQQ,HAR-RV
2015-01-08,0.008318387504255486,QQQ,HAR-RV
2015-01-09,0.008774606242931604,QQQ,HAR-RV
2015-01-12,0.010088191876163166,QQQ,HAR-RV
2015-01-13,0.008598278024396572,QQQ,HAR-RV
2015-01-14,0.008751374342475865,QQQ,HAR-RV
2015-01-15,0.006511952427804574,QQQ,HAR-RV
2015-01-16,0.006995424231912333,QQQ,HAR-RV
2015-01-20,0.00786831219318139,QQQ,HAR-RV
2015-01-21,0.007946444392760911,QQQ,HAR-RV
2015-01-22,0.007230913105122739,QQQ,HAR-RV
2015-01-23,0.007114968112127867,QQQ,HAR-RV
2015-01-26,0.009561387158441879,QQQ,HAR-RV
2015-01-27,0.006733531016296755,QQQ,HAR-RV
2015-01-28,0.006322328733822666,QQQ,HAR-RV
2015-01-29,0.010165813054373557,QQQ,HAR-RV
2015-01-30,0.007934265337821406,QQQ,HAR-RV
2015-02-02,0.007924689474253859,QQQ,HAR-RV
2015-02-03,0.008109410520932463,QQQ,HAR-RV
2015-02-04,0.008662276404368128,QQQ,HAR-RV
2015-02-05,0.007748797020658688,QQQ,HAR-RV
2015-02-06,0.006684782524254925,QQQ,HAR-RV
2015-02-09,0.007340561310271901,QQQ,HAR-RV
2015-02-10,0.006931830092998614,QQQ,HAR-RV
2015-02-11,0.0063832017776080455,QQQ,HAR-RV
2015-02-12,0.007730383621396634,QQQ,HAR-RV
2015-02-13,0.006909070348213798,QQQ,HAR-RV
2015-02-17,0.007735393643870076,QQQ,HAR-RV
2015-02-18,0.0076361038523404855,QQQ,HAR-RV
2015-02-19,0.0067980133373568875,QQQ,HAR-RV
2015-02-20,0.0059127880515962555,QQQ,HAR-RV
2015-02-23,0.006278765325924154,QQQ,HAR-RV
2015-02-24,0.006088776486840012,QQQ,HAR-RV
2015-02-25,0.005023930170247752,QQQ,HAR-RV
2015-02-26,0.0048794481795810364,QQQ,HAR-RV
2015-02-27,0.005119377554817051,QQQ,HAR-RV
2015-03-02,0.005369493202322908,QQQ,HAR-RV
2015-03-03,0.005072644765717706,QQQ,HAR-RV
2015-03-04,0.006063177434179406,QQQ,HAR-RV
2015-03-05,0.0058345859446462065,QQQ,HAR-RV
2015-03-06,0.0057158223105213315,QQQ,HAR-RV
2015-03-09,0.005310915417209829,QQQ,HAR-RV
2015-03-10,0.006678422320965723,QQQ,HAR-RV
2015-03-11,0.005546773229039678,QQQ,HAR-RV
2015-03-12,0.007513870094119624,QQQ,HAR-RV
2015-03-13,0.006606714066179898,QQQ,HAR-RV
2015-03-16,0.006903538668028839,QQQ,HAR-RV
2015-03-17,0.006487940937501348,QQQ,HAR-RV
2015-03-18,0.007509902260339979,QQQ,HAR-RV
2015-03-19,0.005875581432807693,QQQ,HAR-RV
2015-03-20,0.0066145898932679715,QQQ,HAR-RV
2015-03-23,0.005802661535457266,QQQ,HAR-RV
2015-03-24,0.006242072538729922,QQQ,HAR-RV
2015-03-25,0.005311859904053939,QQQ,HAR-RV
2015-03-26,0.005610679181255092,QQQ,HAR-RV
2015-03-27,0.007402030846216056,QQQ,HAR-RV
2015-03-30,0.0065646998045471965,QQQ,HAR-RV
2015-03-31,0.006510345623104618,QQQ,HAR-RV
2015-04-01,0.007489530161871555,QQQ,HAR-RV
2015-04-02,0.007885226997621987,QQQ,HAR-RV
2015-04-06,0.00655584947267259,QQQ,HAR-RV
2015-04-07,0.006159861645263956,QQQ,HAR-RV
2015-04-08,0.006731408728472818,QQQ,HAR-RV
2015-04-09,0.00594116165977809,QQQ,HAR-RV
2015-04-10,0.006032378940993792,QQQ,HAR-RV
2015-04-13,0.005938406986708911,QQQ,HAR-RV
2015-04-14,0.005991762647505928,QQQ,HAR-RV
2015-04-15,0.005542768663419364,QQQ,HAR-RV
2015-04-16,0.00560948227541932,QQQ,HAR-RV
2015-04-17,0.0056713085147113785,QQQ,HAR-RV
2015-04-20,0.005161679974094447,QQQ,HAR-RV
2015-04-21,0.0068284282805563265,QQQ,HAR-RV
2015-04-22,0.007416261447747828,QQQ,HAR-RV
2015-04-23,0.0068238129660778786,QQQ,HAR-RV
2015-04-24,0.006823476791258226,QQQ,HAR-RV
2015-04-27,0.006904805387212746,QQQ,HAR-RV
2015-04-28,0.007401782724820995,QQQ,HAR-RV
2015-04-29,0.005940744411936996,QQQ,HAR-RV
2015-04-30,0.005806347131519008,QQQ,HAR-RV
2015-05-01,0.00618901465003327,QQQ,HAR-RV
2015-05-04,0.00751528897915347,QQQ,HAR-RV
2015-05-05,0.007274706710858617,QQQ,HAR-RV
2015-05-06,0.0067016229630000096,QQQ,HAR-RV
2015-05-07,0.008248808554745551,QQQ,HAR-RV
2015-05-08,0.007850272290826295,QQQ,HAR-RV
2015-05-11,0.0073096256086245094,QQQ,HAR-RV
2015-05-12,0.007504099269621812,QQQ,HAR-RV
2015-05-13,0.007286861938704339,QQQ,HAR-RV
2015-05-14,0.006597146713268927,QQQ,HAR-RV
2015-05-15,0.006311307825531262,QQQ,HAR-RV
2015-05-18,0.0071771846851817625,QQQ,HAR-RV
2015-05-19,0.006052673306535951,QQQ,HAR-RV
2015-05-20,0.006169578387031241,QQQ,HAR-RV
2015-05-21,0.0058113158547449415,QQQ,HAR-RV
2015-05-22,0.005730961240966111,QQQ,HAR-RV
2015-05-26,0.0052989310643572814,QQQ,HAR-RV
2015-05-27,0.005324131191368383,QQQ,HAR-RV
2015-05-28,0.0062737895241744114,QQQ,HAR-RV
2015-05-29,0.0070827710627397785,QQQ,HAR-RV
2015-06-01,0.006688056960964819,QQQ,HAR-RV
2015-06-02,0.00683070522444955,QQQ,HAR-RV
2015-06-03,0.006803565798918707,QQQ,HAR-RV
2015-06-04,0.006368111144077001,QQQ,HAR-RV
2015-06-05,0.005784255244021733,QQQ,HAR-RV
2015-06-08,0.006202348528354136,QQQ,HAR-RV
2015-06-09,0.0057893569839305775,QQQ,HAR-RV
2015-06-10,0.006457778463524951,QQQ,HAR-RV
2015-06-11,0.006074988264211749,QQQ,HAR-RV
2015-06-12,0.006968730580550332,QQQ,HAR-RV
2015-06-15,0.006331033746531233,QQQ,HAR-RV
2015-06-16,0.006832736538028015,QQQ,HAR-RV
2015-06-17,0.006409818731030154,QQQ,HAR-RV
2015-06-18,0.006487985908929091,QQQ,HAR-RV
2015-06-19,0.0060008306864973845,QQQ,HAR-RV
2015-06-22,0.006920336742895947,QQQ,HAR-RV
2015-06-23,0.006560797626527813,QQQ,HAR-RV
2015-06-24,0.006750629170226562,QQQ,HAR-RV
2015-06-25,0.006395343423458744,QQQ,HAR-RV
2015-06-26,0.0066038586527599336,QQQ,HAR-RV
2015-06-29,0.0059487952396804,QQQ,HAR-RV
2015-06-30,0.00625979010902437,QQQ,HAR-RV
2015-07-01,0.00711204145137305,QQQ,HAR-RV
2015-07-02,0.007092578768546033,QQQ,HAR-RV
2015-07-06,0.007241842411693434,QQQ,HAR-RV
2015-07-07,0.006931666936494519,QQQ,HAR-RV
2015-07-08,0.0067712591188977805,QQQ,HAR-RV
2015-07-09,0.005871984849371886,QQQ,HAR-RV
2015-07-10,0.006647789001658158,QQQ,HAR-RV
2015-07-13,0.006246005029511287,QQQ,HAR-RV
2015-07-14,0.007168483832125545,QQQ,HAR-RV
2015-07-15,0.007890954216391922,QQQ,HAR-RV
2015-07-16,0.007761685450834133,QQQ,HAR-RV
2015-07-17,0.007057098328056194,QQQ,HAR-RV
2015-07-20,0.007940213123650485,QQQ,HAR-RV
2015-07-21,0.007873551774114891,QQQ,HAR-RV
2015-07-22,0.007032950160805543,QQQ,HAR-RV
2015-07-23,0.006806999091492016,QQQ,HAR-RV
2015-07-24,0.007367362071026838,QQQ,HAR-RV
2015-07-27,0.0068795896039175524,QQQ,HAR-RV
2015-07-28,0.006724277738055649,QQQ,HAR-RV
2015-07-29,0.006952814866615016,QQQ,HAR-RV
2015-07-30,0.00724069844685424,QQQ,HAR-RV
2015-07-31,0.006925974603055124,QQQ,HAR-RV
2015-08-03,0.006987101237446804,QQQ,HAR-RV
2015-08-04,0.006625363681441253,QQQ,HAR-RV
2015-08-05,0.006469275876166736,QQQ,HAR-RV
2015-08-06,0.006245553309534914,QQQ,HAR-RV
2015-08-07,0.0066092406403060805,QQQ,HAR-RV
2015-08-10,0.006907092984349722,QQQ,HAR-RV
2015-08-11,0.006854631145387606,QQQ,HAR-RV
2015-08-12,0.007203405185798609,QQQ,HAR-RV
2015-08-13,0.007530273677158656,QQQ,HAR-RV
2015-08-14,0.0072961708734015805,QQQ,HAR-RV
2015-08-17,0.0068422776762813,QQQ,HAR-RV
2015-08-18,0.0068816333779432885,QQQ,HAR-RV
2015-08-19,0.0069379746047528315,QQQ,HAR-RV
2015-08-20,0.006753745517890588,QQQ,HAR-RV
2015-08-21,0.007013107710618492,QQQ,HAR-RV
2015-08-24,0.010308385548263889,QQQ,HAR-RV
2015-08-25,0.01695419640653082,QQQ,HAR-RV
2015-08-26,0.014197509086878633,QQQ,HAR-RV
2015-08-27,0.014641796714703536,QQQ,HAR-RV
2015-08-28,0.02277229874044912,QQQ,HAR-RV
2015-08-31,0.01697454759069352,QQQ,HAR-RV
2015-09-01,0.011159018172485928,QQQ,HAR-RV
2015-09-02,0.011538921311767774,QQQ,HAR-RV
2015-09-03,0.01660378326078401,QQQ,HAR-RV
2015-09-04,0.013452133839115237,QQQ,HAR-RV
2015-09-08,0.009555627453254204,QQQ,HAR-RV
2015-09-09,0.012650807705120103,QQQ,HAR-RV
2015-09-10,0.014922011200110899,QQQ,HAR-RV
2015-09-11,0.011736550179391729,QQQ,HAR-RV
2015-09-14,0.009864916499125376,QQQ,HAR-RV
2015-09-15,0.009056995436547356,QQQ,HAR-RV
2015-09-16,0.008407694089120617,QQQ,HAR-RV
2015-09-17,0.0071674812722952955,QQQ,HAR-RV
2015-09-18,0.005615823556504455,QQQ,HAR-RV
2015-09-21,0.005179365022484874,QQQ,HAR-RV
2015-09-22,0.005780218322787443,QQQ,HAR-RV
2015-09-23,0.006296427942548558,QQQ,HAR-RV
2015-09-24,0.0066561785440366825,QQQ,HAR-RV
2015-09-25,0.005864079236315333,QQQ,HAR-RV
2015-09-28,0.0067066661271053575,QQQ,HAR-RV
2015-09-29,0.00685104278601245,QQQ,HAR-RV
2015-09-30,0.010145905132316968,QQQ,HAR-RV
2015-10-01,0.008518483860896183,QQQ,HAR-RV
2015-10-02,0.010963526448341098,QQQ,HAR-RV
2015-10-05,0.010736658989977861,QQQ,HAR-RV
2015-10-06,0.011986724287928118,QQQ,HAR-RV
2015-10-07,0.010442779528961691,QQQ,HAR-RV
2015-10-08,0.010154426975649618,QQQ,HAR-RV
2015-10-09,0.008600900629783052,QQQ,HAR-RV
2015-10-12,0.008464099900293915,QQQ,HAR-RV
2015-10-13,0.007282677926290474,QQQ,HAR-RV
2015-10-14,0.006186124861967062,QQQ,HAR-RV
2015-10-15,0.006420165062914995,QQQ,HAR-RV
2015-10-16,0.0060314483251852555,QQQ,HAR-RV
2015-10-19,0.007451069306985466,QQQ,HAR-RV
2015-10-20,0.007134965350828211,QQQ,HAR-RV
2015-10-21,0.0074601308086642264,QQQ,HAR-RV
2015-10-22,0.007323909602855681,QQQ,HAR-RV
2015-10-23,0.007829013883585123,QQQ,HAR-RV
2015-10-26,0.008888627854704944,QQQ,HAR-RV
2015-10-27,0.01087656365982204,QQQ,HAR-RV
2015-10-28,0.009408946514588788,QQQ,HAR-RV
2015-10-29,0.00919462191499824,QQQ,HAR-RV
2015-10-30,0.009533672899875022,QQQ,HAR-RV
2015-11-02,0.007744606231723954,QQQ,HAR-RV
2015-11-03,0.0061656919166149255,QQQ,HAR-RV
2015-11-04,0.007282841137761355,QQQ,HAR-RV
2015-11-05,0.007051467136375197,QQQ,HAR-RV
2015-11-06,0.00622055914537743,QQQ,HAR-RV
2015-11-09,0.006408919423642982,QQQ,HAR-RV
2015-11-10,0.005958991103359636,QQQ,HAR-RV
2015-11-11,0.006358383709066148,QQQ,HAR-RV
2015-11-12,0.005843754548215465,QQQ,HAR-RV
2015-11-13,0.005902730551057209,QQQ,HAR-RV
2015-11-16,0.006941437188610725,QQQ,HAR-RV
2015-11-17,0.008944761624255188,QQQ,HAR-RV
2015-11-18,0.00868205854207291,QQQ,HAR-RV
2015-11-19,0.008125480983032816,QQQ,HAR-RV
2015-11-20,0.010122906467415873,QQQ,HAR-RV
2015-11-23,0.009086074875101357,QQQ,HAR-RV
2015-11-24,0.00812306370619343,QQQ,HAR-RV
2015-11-25,0.007044867630282993,QQQ,HAR-RV
2015-11-27,0.006959723619028065,QQQ,HAR-RV
2015-11-30,0.005393245718022695,QQQ,HAR-RV
2015-12-01,0.005391847302024184,QQQ,HAR-RV
2015-12-02,0.0051382763932648024,QQQ,HAR-RV
2015-12-03,0.005866109199081371,QQQ,HAR-RV
2015-12-04,0.006275413364006429,QQQ,HAR-RV
2015-12-07,0.008087279621560792,QQQ,HAR-RV
2015-12-08,0.009846911703374333,QQQ,HAR-RV
2015-12-09,0.009329540408863234,QQQ,HAR-RV
2015-12-10,0.008540872229252355,QQQ,HAR-RV
2015-12-11,0.009754634855202483,QQQ,HAR-RV
2015-12-14,0.008616183093554957,QQQ,HAR-RV
2015-12-15,0.008904984783901095,QQQ,HAR-RV
2015-12-16,0.008913269585720722,QQQ,HAR-RV
2015-12-17,0.009454178369097056,QQQ,HAR-RV
2015-12-18,0.009540118635847836,QQQ,HAR-RV
2015-12-21,0.010480781329538814,QQQ,HAR-RV
2015-12-22,0.010320438100952322,QQQ,HAR-RV
2015-12-23,0.01045507240655194,QQQ,HAR-RV
2015-12-24,0.010230915227861292,QQQ,HAR-RV
2015-12-28,0.009528014116793201,QQQ,HAR-RV
2015-12-29,0.00791098464470756,QQQ,HAR-RV
2015-12-30,0.006516999239207143,QQQ,HAR-RV
2015-12-31,0.00764402362277377,QQQ,HAR-RV
2016-01-04,0.0075750729631879985,QQQ,HAR-RV
2016-01-05,0.008396862348348662,QQQ,HAR-RV
2016-01-06,0.010329987818982745,QQQ,HAR-RV
2016-01-07,0.009399394193584185,QQQ,HAR-RV
2016-01-08,0.009550228532506382,QQQ,HAR-RV
2016-01-11,0.012229318781989466,QQQ,HAR-RV
2016-01-12,0.010718310227441423,QQQ,HAR-RV
2016-01-13,0.009145743400886547,QQQ,HAR-RV
2016-01-14,0.010544167157896233,QQQ,HAR-RV
2016-01-15,0.014218545996960628,QQQ,HAR-RV
2016-01-19,0.012902650132264512,QQQ,HAR-RV
2016-01-20,0.01498853313513621,QQQ,HAR-RV
2016-01-21,0.012671546934897564,QQQ,HAR-RV
2016-01-22,0.011544422167170724,QQQ,HAR-RV
2016-01-25,0.00972038018559159,QQQ,HAR-RV
2016-01-26,0.012263648635172725,QQQ,HAR-RV
2016-01-27,0.010287043774074807,QQQ,HAR-RV
2016-01-28,0.010509333688607996,QQQ,HAR-RV
2016-01-29,0.013149197329693286,QQQ,HAR-RV
2016-02-01,0.013441619955070039,QQQ,HAR-RV
2016-02-02,0.013303165163408952,QQQ,HAR-RV
2016-02-03,0.01162562565652012,QQQ,HAR-RV
2016-02-04,0.013370574087997633,QQQ,HAR-RV
2016-02-05,0.010811136873248176,QQQ,HAR-RV
2016-02-08,0.010250449026969897,QQQ,HAR-RV
2016-02-09,0.013204123447602613,QQQ,HAR-RV
2016-02-10,0.012797335571989917,QQQ,HAR-RV
2016-02-11,0.010609627312035933,QQQ,HAR-RV
2016-02-12,0.010354240106502436,QQQ,HAR-RV
2016-02-16,0.010357241414865279,QQQ,HAR-RV
2016-02-17,0.010358274006333205,QQQ,HAR-RV
2016-02-18,0.011465337944564015,QQQ,HAR-RV
2016-02-19,0.01241421835065331,QQQ,HAR-RV
2016-02-22,0.01158356573231296,QQQ,HAR-RV
2016-02-23,0.0110863855033897,QQQ,HAR-RV
2016-02-24,0.012380690007982847,QQQ,HAR-RV
2016-02-25,0.01228771391340196,QQQ,HAR-RV
2016-02-26,0.010818471286727936,QQQ,HAR-RV
2016-02-29,0.010590255951811997,QQQ,HAR-RV
2016-03-01,0.009683804532972472,QQQ,HAR-RV
2016-03-02,0.010031304119699118,QQQ,HAR-RV
2016-03-03,0.012390901445422564,QQQ,HAR-RV
2016-03-04,0.009530329493360419,QQQ,HAR-RV
2016-03-07,0.00912411326831679,QQQ,HAR-RV
2016-03-08,0.008729197817611892,QQQ,HAR-RV
2016-03-09,0.00904932379835108,QQQ,HAR-RV
2016-03-10,0.008078436682899068,QQQ,HAR-RV
2016-03-11,0.00793220921985691,QQQ,HAR-RV
2016-03-14,0.007561872168332472,QQQ,HAR-RV
2016-03-15,0.009632038286548758,QQQ,HAR-RV
2016-03-16,0.008268935396897414,QQQ,HAR-RV
2016-03-17,0.0076864538727187395,QQQ,HAR-RV
2016-03-18,0.00827494036882972,QQQ,HAR-RV
2016-03-21,0.007450598962466631,QQQ,HAR-RV
2016-03-22,0.006434438363236519,QQQ,HAR-RV
2016-03-23,0.00665263742806935,QQQ,HAR-RV
2016-03-24,0.006745429284481272,QQQ,HAR-RV
2016-03-28,0.006986009338933808,QQQ,HAR-RV
2016-03-29,0.006281359257098769,QQQ,HAR-RV
2016-03-30,0.006414171938588879,QQQ,HAR-RV
2016-03-31,0.00804374704193445,QQQ,HAR-RV
2016-04-01,0.007368911306404446,QQQ,HAR-RV
2016-04-04,0.006763696044989834,QQQ,HAR-RV
2016-04-05,0.007703017072011242,QQQ,HAR-RV
2016-04-06,0.007466670848253898,QQQ,HAR-RV
2016-04-07,0.007686042416795918,QQQ,HAR-RV
2016-04-08,0.009014211860998305,QQQ,HAR-RV
2016-04-11,0.009637901514679728,QQQ,HAR-RV
2016-04-12,0.007963061132782017,QQQ,HAR-RV
2016-04-13,0.008201556474613235,QQQ,HAR-RV
2016-04-14,0.008517606032531214,QQQ,HAR-RV
2016-04-15,0.008586319620637902,QQQ,HAR-RV
2016-04-18,0.006740831389143989,QQQ,HAR-RV
2016-04-19,0.007080070538720026,QQQ,HAR-RV
2016-04-20,0.007401240075903028,QQQ,HAR-RV
2016-04-21,0.007342483083415985,QQQ,HAR-RV
2016-04-22,0.006252401826241535,QQQ,HAR-RV
2016-04-25,0.006207817532466527,QQQ,HAR-RV
2016-04-26,0.00793941223058708,QQQ,HAR-RV
2016-04-27,0.006553432038723604,QQQ,HAR-RV
2016-04-28,0.006887438090222884,QQQ,HAR-RV
2016-04-29,0.007655911830834403,QQQ,HAR-RV
2016-05-02,0.008619724700689845,QQQ,HAR-RV
2016-05-03,0.007618979172870709,QQQ,HAR-RV
2016-05-04,0.008508780540568186,QQQ,HAR-RV
2016-05-05,0.008771501739830982,QQQ,HAR-RV
2016-05-06,0.008414092596996721,QQQ,HAR-RV
2016-05-09,0.007238596973863209,QQQ,HAR-RV
2016-05-10,0.007415180747139264,QQQ,HAR-RV
2016-05-11,0.00688878662222587,QQQ,HAR-RV
2016-05-12,0.008069227126136645,QQQ,HAR-RV
2016-05-13,0.0078984295069899,QQQ,HAR-RV
2016-05-16,0.007720097032691305,QQQ,HAR-RV
2016-05-17,0.007605507460091797,QQQ,HAR-RV
2016-05-18,0.008887089748447386,QQQ,HAR-RV
2016-05-19,0.00890878558106238,QQQ,HAR-RV
2016-05-20,0.007844744242963131,QQQ,HAR-RV
2016-05-23,0.008090608411723347,QQQ,HAR-RV
2016-05-24,0.008990103955147903,QQQ,HAR-RV
2016-05-25,0.007766429403204583,QQQ,HAR-RV
2016-05-26,0.009503919515325716,QQQ,HAR-RV
2016-05-27,0.008734025387403973,QQQ,HAR-RV
2016-05-31,0.008266382680214781,QQQ,HAR-RV
2016-06-01,0.008048096881663636,QQQ,HAR-RV
2016-06-02,0.007744194102300491,QQQ,HAR-RV
2016-06-03,0.006410420110201709,QQQ,HAR-RV
2016-06-06,0.006228154401176772,QQQ,HAR-RV
2016-06-07,0.006345742318886055,QQQ,HAR-RV
2016-06-08,0.006176611987089011,QQQ,HAR-RV
2016-06-09,0.006001254820053211,QQQ,HAR-RV
2016-06-10,0.005902700506075389,QQQ,HAR-RV
2016-06-13,0.0059354295632869526,QQQ,HAR-RV
2016-06-14,0.007186447820082219,QQQ,HAR-RV
2016-06-15,0.007150730280118688,QQQ,HAR-RV
2016-06-16,0.006205300922262433,QQQ,HAR-RV
2016-06-17,0.00650418927584827,QQQ,HAR-RV
2016-06-20,0.006644834885104665,QQQ,HAR-RV
2016-06-21,0.007336389862922417,QQQ,HAR-RV
2016-06-22,0.006762347157583581,QQQ,HAR-RV
2016-06-23,0.006635564394078841,QQQ,HAR-RV
2016-06-24,0.006576621006496945,QQQ,HAR-RV
2016-06-27,0.008862007401058714,QQQ,HAR-RV
2016-06-28,0.014250991785225438,QQQ,HAR-RV
2016-06-29,0.01302051497491235,QQQ,HAR-RV
2016-06-30,0.014703623340488105,QQQ,HAR-RV
2016-07-01,0.015140098395997184,QQQ,HAR-RV
2016-07-05,0.01375235886618472,QQQ,HAR-RV
2016-07-06,0.010614487274284186,QQQ,HAR-RV
2016-07-07,0.00991620793620121,QQQ,HAR-RV
2016-07-08,0.009338915779013086,QQQ,HAR-RV
2016-07-11,0.007829097834908781,QQQ,HAR-RV
2016-07-12,0.009617966208015446,QQQ,HAR-RV
2016-07-13,0.008465492891863918,QQQ,HAR-RV
2016-07-14,0.008307833936795905,QQQ,HAR-RV
2016-07-15,0.007632310306235568,QQQ,HAR-RV
2016-07-18,0.008360126177063781,QQQ,HAR-RV
2016-07-19,0.006866046986983729,QQQ,HAR-RV
2016-07-20,0.007501063317815597,QQQ,HAR-RV
2016-07-21,0.006987024987828418,QQQ,HAR-RV
2016-07-22,0.008144129959224937,QQQ,HAR-RV
2016-07-25,0.007385719944610174,QQQ,HAR-RV
2016-07-26,0.007423107060380566,QQQ,HAR-RV
2016-07-27,0.0069072278987214655,QQQ,HAR-RV
2016-07-28,0.006983193643257692,QQQ,HAR-RV
2016-07-29,0.006488540827199729,QQQ,HAR-RV
2016-08-01,0.006123917070081107,QQQ,HAR-RV
2016-08-02,0.00589498595679968,QQQ,HAR-RV
2016-08-03,0.006484008868077572,QQQ,HAR-RV
2016-08-04,0.006842791633326504,QQQ,HAR-RV
2016-08-05,0.006260925458960615,QQQ,HAR-RV
2016-08-08,0.00633883221591037,QQQ,HAR-RV
2016-08-09,0.00718098381769843,QQQ,HAR-RV
2016-08-10,0.006153575229332952,QQQ,HAR-RV
2016-08-11,0.005831266999729478,QQQ,HAR-RV
2016-08-12,0.005692723739413775,QQQ,HAR-RV
2016-08-15,0.005837637126322079,QQQ,HAR-RV
2016-08-16,0.005055251314902717,QQQ,HAR-RV
2016-08-17,0.005376714015039732,QQQ,HAR-RV
2016-08-18,0.005661632979222234,QQQ,HAR-RV
2016-08-19,0.005030383051016374,QQQ,HAR-RV
2016-08-22,0.00466523920453743,QQQ,HAR-RV
2016-08-23,0.004222519916416036,QQQ,HAR-RV
2016-08-24,0.00405586901860489,QQQ,HAR-RV
2016-08-25,0.004065268402367735,QQQ,HAR-RV
2016-08-26,0.004827673920965503,QQQ,HAR-RV
2016-08-29,0.004300958099131681,QQQ,HAR-RV
2016-08-30,0.0042102021914388905,QQQ,HAR-RV
2016-08-31,0.0041091114596929455,QQQ,HAR-RV
2016-09-01,0.004396613656836316,QQQ,HAR-RV
2016-09-02,0.003844528774523631,QQQ,HAR-RV
2016-09-06,0.003960872816773708,QQQ,HAR-RV
2016-09-07,0.004138768102849916,QQQ,HAR-RV
2016-09-08,0.004656870528009749,QQQ,HAR-RV
2016-09-09,0.00373266268882141,QQQ,HAR-RV
2016-09-12,0.005055431879987023,QQQ,HAR-RV
2016-09-13,0.009206277364851008,QQQ,HAR-RV
2016-09-14,0.008777133507169192,QQQ,HAR-RV
2016-09-15,0.007642176645072553,QQQ,HAR-RV
2016-09-16,0.007478303618284146,QQQ,HAR-RV
2016-09-19,0.009196157501824122,QQQ,HAR-RV
2016-09-20,0.006083043120241971,QQQ,HAR-RV
2016-09-21,0.006242806128999568,QQQ,HAR-RV
2016-09-22,0.00567126277148385,QQQ,HAR-RV
2016-09-23,0.0070234881736272,QQQ,HAR-RV
2016-09-26,0.006679973816535255,QQQ,HAR-RV
2016-09-27,0.006756133628292863,QQQ,HAR-RV
2016-09-28,0.007226797956053799,QQQ,HAR-RV
2016-09-29,0.007842517994279746,QQQ,HAR-RV
2016-09-30,0.0064515434777238844,QQQ,HAR-RV
2016-10-03,0.007229308292852881,QQQ,HAR-RV
2016-10-04,0.007345959232088983,QQQ,HAR-RV
2016-10-05,0.0062688473662576,QQQ,HAR-RV
2016-10-06,0.005937979343959083,QQQ,HAR-RV
2016-10-07,0.006282426390256359,QQQ,HAR-RV
2016-10-10,0.005431684983680268,QQQ,HAR-RV
2016-10-11,0.005523744254616887,QQQ,HAR-RV
2016-10-12,0.0064470657659529956,QQQ,HAR-RV
2016-10-13,0.007781449358677672,QQQ,HAR-RV
2016-10-14,0.005516587340478742,QQQ,HAR-RV
2016-10-17,0.0058808026969452976,QQQ,HAR-RV
2016-10-18,0.005479814814984194,QQQ,HAR-RV
2016-10-19,0.005299186877988247,QQQ,HAR-RV
2016-10-20,0.0060616116205386185,QQQ,HAR-RV
2016-10-21,0.004654278042654841,QQQ,HAR-RV
2016-10-24,0.004714114336432082,QQQ,HAR-RV
2016-10-25,0.005204328299375097,QQQ,HAR-RV
2016-10-26,0.006804817811038113,QQQ,HAR-RV
2016-10-27,0.005338290510387949,QQQ,HAR-RV
2016-10-28,0.006107375604628566,QQQ,HAR-RV
2016-10-31,0.005844936391166126,QQQ,HAR-RV
2016-11-01,0.006204594953676005,QQQ,HAR-RV
2016-11-02,0.0048640663516980025,QQQ,HAR-RV
2016-11-03,0.005829875784399614,QQQ,HAR-RV
2016-11-04,0.006135847102122759,QQQ,HAR-RV
2016-11-07,0.006744530636954551,QQQ,HAR-RV
2016-11-08,0.005924851977856528,QQQ,HAR-RV
2016-11-09,0.009789665100229548,QQQ,HAR-RV
2016-11-10,0.0075524275936047144,QQQ,HAR-RV
2016-11-11,0.007235254310905933,QQQ,HAR-RV
2016-11-14,0.008951567956887672,QQQ,HAR-RV
2016-11-15,0.006829397604600124,QQQ,HAR-RV
2016-11-16,0.007502917745622336,QQQ,HAR-RV
2016-11-17,0.00834783356344156,QQQ,HAR-RV
2016-11-18,0.007500156325465612,QQQ,HAR-RV
2016-11-21,0.00725205279250454,QQQ,HAR-RV
2016-11-22,0.007069024988639296,QQQ,HAR-RV
2016-11-23,0.007986360892404117,QQQ,HAR-RV
2016-11-25,0.006687736185320637,QQQ,HAR-RV
2016-11-28,0.006504692647578068,QQQ,HAR-RV
2016-11-29,0.006174809178554515,QQQ,HAR-RV
2016-11-30,0.005889600796220584,QQQ,HAR-RV
2016-12-01,0.005599571180255633,QQQ,HAR-RV
2016-12-02,0.007305008490512687,QQQ,HAR-RV
2016-12-05,0.008730919126885953,QQQ,HAR-RV
2016-12-06,0.006717522059592513,QQQ,HAR-RV
2016-12-07,0.007663091909921286,QQQ,HAR-RV
2016-12-08,0.00697237307301544,QQQ,HAR-RV
2016-12-09,0.008244394041211734,QQQ,HAR-RV
2016-12-12,0.005840233600665091,QQQ,HAR-RV
2016-12-13,0.006807419469522642,QQQ,HAR-RV
2016-12-14,0.006334127166675037,QQQ,HAR-RV
2016-12-15,0.0075504459923269275,QQQ,HAR-RV
2016-12-16,0.0060387741533744575,QQQ,HAR-RV
2016-12-19,0.005977587060106435,QQQ,HAR-RV
2016-12-20,0.005679117012748355,QQQ,HAR-RV
2016-12-21,0.005668873525338425,QQQ,HAR-RV
2016-12-22,0.005043872375332234,QQQ,HAR-RV
2016-12-23,0.004647445108401042,QQQ,HAR-RV
2016-12-27,0.004852237933642974,QQQ,HAR-RV
2016-12-28,0.004556299814370015,QQQ,HAR-RV
2016-12-29,0.005002012620171116,QQQ,HAR-RV
2016-12-30,0.0056301098328467095,QQQ,HAR-RV
2017-01-03,0.0048861751387651205,QQQ,HAR-RV
2017-01-04,0.00637635282665271,QQQ,HAR-RV
2017-01-05,0.0067920281660002624,QQQ,HAR-RV
2017-01-06,0.006283558172659849,QQQ,HAR-RV
2017-01-09,0.006185987713347123,QQQ,HAR-RV
2017-01-10,0.006989754433836869,QQQ,HAR-RV
2017-01-11,0.005802002929023192,QQQ,HAR-RV
2017-01-12,0.005222235038625501,QQQ,HAR-RV
2017-01-13,0.005244429680621658,QQQ,HAR-RV
2017-01-17,0.005013526059443563,QQQ,HAR-RV
2017-01-18,0.0048139068113052874,QQQ,HAR-RV
2017-01-19,0.00471402643950501,QQQ,HAR-RV
2017-01-20,0.004660680784024079,QQQ,HAR-RV
2017-01-23,0.004450514727664683,QQQ,HAR-RV
2017-01-24,0.004652487422588138,QQQ,HAR-RV
2017-01-25,0.004436983754853446,QQQ,HAR-RV
2017-01-26,0.005262754305671631,QQQ,HAR-RV
2017-01-27,0.006058794718811511,QQQ,HAR-RV
2017-01-30,0.00537097420830201,QQQ,HAR-RV
2017-01-31,0.00525446212499078,QQQ,HAR-RV
2017-02-01,0.006406613670413679,QQQ,HAR-RV
2017-02-02,0.005393238419404562,QQQ,HAR-RV
2017-02-03,0.005699292808760959,QQQ,HAR-RV
2017-02-06,0.005037277191061298,QQQ,HAR-RV
2017-02-07,0.005395440045954984,QQQ,HAR-RV
2017-02-08,0.0047386320529136765,QQQ,HAR-RV
2017-02-09,0.005211054792104728,QQQ,HAR-RV
2017-02-10,0.004577729188856801,QQQ,HAR-RV
2017-02-13,0.0049689417251333355,QQQ,HAR-RV
2017-02-14,0.004999960398352238,QQQ,HAR-RV
2017-02-15,0.005538503623624075,QQQ,HAR-RV
2017-02-16,0.005158328839741901,QQQ,HAR-RV
2017-02-17,0.005718490658544546,QQQ,HAR-RV
2017-02-21,0.004700074607850095,QQQ,HAR-RV
2017-02-22,0.005331034035614756,QQQ,HAR-RV
2017-02-23,0.005289645573870603,QQQ,HAR-RV
2017-02-24,0.004434908282304976,QQQ,HAR-RV
2017-02-27,0.00468100972068097,QQQ,HAR-RV
2017-02-28,0.004493962195222024,QQQ,HAR-RV
2017-03-01,0.004229986520542446,QQQ,HAR-RV
2017-03-02,0.00446152582295192,QQQ,HAR-RV
2017-03-03,0.006377784274323805,QQQ,HAR-RV
2017-03-06,0.005436936645076168,QQQ,HAR-RV
2017-03-07,0.00481750599247322,QQQ,HAR-RV
2017-03-08,0.004920275128168968,QQQ,HAR-RV
2017-03-09,0.004713303498955328,QQQ,HAR-RV
2017-03-10,0.004103092868221499,QQQ,HAR-RV
2017-03-13,0.0036653666376358324,QQQ,HAR-RV
2017-03-14,0.004332476542349338,QQQ,HAR-RV
2017-03-15,0.0038766096610365684,QQQ,HAR-RV
2017-03-16,0.004093048837783069,QQQ,HAR-RV
2017-03-17,0.0049309639955118605,QQQ,HAR-RV
2017-03-20,0.003981538265672943,QQQ,HAR-RV
2017-03-21,0.0036531138376627113,QQQ,HAR-RV
2017-03-22,0.0039105683953681945,QQQ,HAR-RV
2017-03-23,0.007075514464905467,QQQ,HAR-RV
2017-03-24,0.005650619509325511,QQQ,HAR-RV
2017-03-27,0.004936933257374678,QQQ,HAR-RV
2017-03-28,0.004899326277702422,QQQ,HAR-RV
2017-03-29,0.004891805704292958,QQQ,HAR-RV
2017-03-30,0.005158096431717972,QQQ,HAR-RV
2017-03-31,0.00470455035590504,QQQ,HAR-RV
2017-04-03,0.004063862655482168,QQQ,HAR-RV
2017-04-04,0.0037794539233251168,QQQ,HAR-RV
2017-04-05,0.003688674019151495,QQQ,HAR-RV
2017-04-06,0.0035962864354748794,QQQ,HAR-RV
2017-04-07,0.003994768468647209,QQQ,HAR-RV
2017-04-10,0.003168790836184421,QQQ,HAR-RV
2017-04-11,0.003123229206788171,QQQ,HAR-RV
2017-04-12,0.0030980793963131083,QQQ,HAR-RV
2017-04-13,0.004031951672189742,QQQ,HAR-RV
2017-04-17,0.0039620189203123605,QQQ,HAR-RV
2017-04-18,0.004198417346915226,QQQ,HAR-RV
2017-04-19,0.0054649258487004995,QQQ,HAR-RV
2017-04-20,0.004209878683524144,QQQ,HAR-RV
2017-04-21,0.004085211974739672,QQQ,HAR-RV
2017-04-24,0.005615767152924077,QQQ,HAR-RV
2017-04-25,0.003870003253998249,QQQ,HAR-RV
2017-04-26,0.006538920577562732,QQQ,HAR-RV
2017-04-27,0.005813036942967925,QQQ,HAR-RV
2017-04-28,0.004620918605994731,QQQ,HAR-RV
2017-05-01,0.005383079574025965,QQQ,HAR-RV
2017-05-02,0.004720213984084281,QQQ,HAR-RV
2017-05-03,0.00582684225839566,QQQ,HAR-RV
2017-05-04,0.0041107363914980495,QQQ,HAR-RV
2017-05-05,0.004484536403994597,QQQ,HAR-RV
2017-05-08,0.003589055651897145,QQQ,HAR-RV
2017-05-09,0.004326099947342173,QQQ,HAR-RV
2017-05-10,0.003638607006983796,QQQ,HAR-RV
2017-05-11,0.003932316370406987,QQQ,HAR-RV
2017-05-12,0.0031793778837151286,QQQ,HAR-RV
2017-05-15,0.003254840473266675,QQQ,HAR-RV
2017-05-16,0.0034448901134822617,QQQ,HAR-RV
2017-05-17,0.003698860624213454,QQQ,HAR-RV
2017-05-18,0.004103177468315617,QQQ,HAR-RV
2017-05-19,0.00990380255534317,QQQ,HAR-RV
2017-05-22,0.006923318266746389,QQQ,HAR-RV
2017-05-23,0.006197321133466842,QQQ,HAR-RV
2017-05-24,0.007133896260038275,QQQ,HAR-RV
2017-05-25,0.005547874291460398,QQQ,HAR-RV
2017-05-26,0.004921602580829487,QQQ,HAR-RV
2017-05-30,0.0050716485843466325,QQQ,HAR-RV
2017-05-31,0.004496489108820136,QQQ,HAR-RV
2017-06-01,0.004110021914378696,QQQ,HAR-RV
2017-06-02,0.004025127946872348,QQQ,HAR-RV
2017-06-05,0.0041773124851440455,QQQ,HAR-RV
2017-06-06,0.00461343331384521,QQQ,HAR-RV
2017-06-07,0.004104476967936204,QQQ,HAR-RV
2017-06-08,0.004384921533667328,QQQ,HAR-RV
2017-06-09,0.004545717882848676,QQQ,HAR-RV
2017-06-12,0.004421904257756827,QQQ,HAR-RV
2017-06-13,0.005826413995777903,QQQ,HAR-RV
2017-06-14,0.005666469318374766,QQQ,HAR-RV
2017-06-15,0.005996205151806996,QQQ,HAR-RV
2017-06-16,0.005892149614867979,QQQ,HAR-RV
2017-06-19,0.006027698542277346,QQQ,HAR-RV
2017-06-20,0.004948889316186159,QQQ,HAR-RV
2017-06-21,0.006036657786578821,QQQ,HAR-RV
2017-06-22,0.005738481470929936,QQQ,HAR-RV
2017-06-23,0.006085806176574808,QQQ,HAR-RV
2017-06-26,0.005511965240402058,QQQ,HAR-RV
2017-06-27,0.005611867658539115,QQQ,HAR-RV
2017-06-28,0.005278882755382323,QQQ,HAR-RV
2017-06-29,0.006675497635196579,QQQ,HAR-RV
2017-06-30,0.0070538765668942405,QQQ,HAR-RV
2017-07-03,0.007754091247889581,QQQ,HAR-RV
2017-07-05,0.006788217467284821,QQQ,HAR-RV
2017-07-06,0.007757546128721516,QQQ,HAR-RV
2017-07-07,0.007418593915636407,QQQ,HAR-RV
2017-07-10,0.007461672379291853,QQQ,HAR-RV
2017-07-11,0.007404019523580035,QQQ,HAR-RV
2017-07-12,0.007277912615699415,QQQ,HAR-RV
2017-07-13,0.0070170432069321725,QQQ,HAR-RV
2017-07-14,0.0071743897301174385,QQQ,HAR-RV
2017-07-17,0.006453007999774604,QQQ,HAR-RV
2017-07-18,0.006421970188729639,QQQ,HAR-RV
2017-07-19,0.005838085657265564,QQQ,HAR-RV
2017-07-20,0.006281791217758527,QQQ,HAR-RV
2017-07-21,0.005873617854770603,QQQ,HAR-RV
2017-07-24,0.005358084793399657,QQQ,HAR-RV
2017-07-25,0.0049092474796703905,QQQ,HAR-RV
2017-07-26,0.005132113959563581,QQQ,HAR-RV
2017-07-27,0.004850232379902664,QQQ,HAR-RV
2017-07-28,0.004806102979335794,QQQ,HAR-RV
2017-07-31,0.0050697195242189585,QQQ,HAR-RV
2017-08-01,0.0047587552001939915,QQQ,HAR-RV
2017-08-02,0.004776809703703972,QQQ,HAR-RV
2017-08-03,0.00458972287882645,QQQ,HAR-RV
2017-08-04,0.004590332029745287,QQQ,HAR-RV
2017-08-07,0.004429409183427207,QQQ,HAR-RV
2017-08-08,0.004394598119932302,QQQ,HAR-RV
2017-08-09,0.004615231228653348,QQQ,HAR-RV
2017-08-10,0.004172611061063949,QQQ,HAR-RV
2017-08-11,0.004246001690639365,QQQ,HAR-RV
2017-08-14,0.004658346343377902,QQQ,HAR-RV
2017-08-15,0.005521007697838999,QQQ,HAR-RV
2017-08-16,0.0054092329446546765,QQQ,HAR-RV
2017-08-17,0.005643523018522906,QQQ,HAR-RV
2017-08-18,0.006346148010840932,QQQ,HAR-RV
2017-08-21,0.005334646452142276,QQQ,HAR-RV
2017-08-22,0.005904985755871034,QQQ,HAR-RV
2017-08-23,0.00526428217284098,QQQ,HAR-RV
2017-08-24,0.005416507687741251,QQQ,HAR-RV
2017-08-25,0.006201205089945934,QQQ,HAR-RV
2017-08-28,0.0051559683802921055,QQQ,HAR-RV
2017-08-29,0.005279943289723082,QQQ,HAR-RV
2017-08-30,0.005281592075023067,QQQ,HAR-RV
2017-08-31,0.004659403756066723,QQQ,HAR-RV
2017-09-01,0.00491861410775894,QQQ,HAR-RV
2017-09-05,0.005446436475858189,QQQ,HAR-RV
2017-09-06,0.005947691112472088,QQQ,HAR-RV
2017-09-07,0.005889238106132944,QQQ,HAR-RV
2017-09-08,0.006202881025715673,QQQ,HAR-RV
2017-09-11,0.005773375451682869,QQQ,HAR-RV
2017-09-12,0.005306372216355652,QQQ,HAR-RV
2017-09-13,0.005840611734389501,QQQ,HAR-RV
2017-09-14,0.0057194638885017714,QQQ,HAR-RV
2017-09-15,0.005636229918317335,QQQ,HAR-RV
2017-09-18,0.005461050975763573,QQQ,HAR-RV
2017-09-19,0.005330212983165949,QQQ,HAR-RV
2017-09-20,0.004901505013608329,QQQ,HAR-RV
2017-09-21,0.0046084305255863975,QQQ,HAR-RV
2017-09-22,0.004678277490396053,QQQ,HAR-RV
2017-09-25,0.00449433037342761,QQQ,HAR-RV
2017-09-26,0.004528873164212735,QQQ,HAR-RV
2017-09-27,0.004526457951768916,QQQ,HAR-RV
2017-09-28,0.005067418517340513,QQQ,HAR-RV
2017-09-29,0.005042062615297541,QQQ,HAR-RV
2017-10-02,0.005290318040468783,QQQ,HAR-RV
2017-10-03,0.00518583041046842,QQQ,HAR-RV
2017-10-04,0.004900722416114786,QQQ,HAR-RV
2017-10-05,0.004634684311680103,QQQ,HAR-RV
2017-10-06,0.004336585557137634,QQQ,HAR-RV
2017-10-09,0.004178920908208152,QQQ,HAR-RV
2017-10-10,0.004383529858096352,QQQ,HAR-RV
2017-10-11,0.004356470468444649,QQQ,HAR-RV
2017-10-12,0.0041762979061998615,QQQ,HAR-RV
2017-10-13,0.003969173165560066,QQQ,HAR-RV
2017-10-16,0.003712197352492084,QQQ,HAR-RV
2017-10-17,0.003782383889315281,QQQ,HAR-RV
2017-10-18,0.0038089817180404803,QQQ,HAR-RV
2017-10-19,0.0038484185301064693,QQQ,HAR-RV
2017-10-20,0.0037815349047751923,QQQ,HAR-RV
2017-10-23,0.0037985818435387272,QQQ,HAR-RV
2017-10-24,0.003799520552846958,QQQ,HAR-RV
2017-10-25,0.0037555355118992022,QQQ,HAR-RV
2017-10-26,0.003939047168239456,QQQ,HAR-RV
2017-10-27,0.0037910330114880853,QQQ,HAR-RV
2017-10-30,0.004055892757638092,QQQ,HAR-RV
2017-10-31,0.004088027156458476,QQQ,HAR-RV
2017-11-01,0.00550847822714584,QQQ,HAR-RV
2017-11-02,0.005219072712928723,QQQ,HAR-RV
2017-11-03,0.005125240698419058,QQQ,HAR-RV
2017-11-06,0.005151079705633874,QQQ,HAR-RV
2017-11-07,0.004098085407468035,QQQ,HAR-RV
2017-11-08,0.004326297828037527,QQQ,HAR-RV
2017-11-09,0.004298970661181434,QQQ,HAR-RV
2017-11-10,0.004348938859187723,QQQ,HAR-RV
2017-11-13,0.004452552547652787,QQQ,HAR-RV
2017-11-14,0.004199925888258987,QQQ,HAR-RV
2017-11-15,0.004084348469975012,QQQ,HAR-RV
2017-11-16,0.004129443663078545,QQQ,HAR-RV
2017-11-17,0.004202604186178191,QQQ,HAR-RV
2017-11-20,0.004359739959677507,QQQ,HAR-RV
2017-11-21,0.004833981109204922,QQQ,HAR-RV
2017-11-22,0.004939845919877978,QQQ,HAR-RV
2017-11-24,0.0048631609403611735,QQQ,HAR-RV
2017-11-27,0.005073870016412625,QQQ,HAR-RV
2017-11-28,0.004677624155601823,QQQ,HAR-RV
2017-11-29,0.004648898943305201,QQQ,HAR-RV
2017-11-30,0.004652501991422549,QQQ,HAR-RV
2017-12-01,0.004202359214554605,QQQ,HAR-RV
2017-12-04,0.004804530003697298,QQQ,HAR-RV
2017-12-05,0.005033852751581318,QQQ,HAR-RV
2017-12-06,0.005164809721168303,QQQ,HAR-RV
2017-12-07,0.005502369040170978,QQQ,HAR-RV
2017-12-08,0.004908239052933118,QQQ,HAR-RV
2017-12-11,0.004807904396423281,QQQ,HAR-RV
2017-12-12,0.0048579349119217356,QQQ,HAR-RV
2017-12-13,0.004630638606059672,QQQ,HAR-RV
2017-12-14,0.004864713289016037,QQQ,HAR-RV
2017-12-15,0.004767127852978954,QQQ,HAR-RV
2017-12-18,0.004822172360435794,QQQ,HAR-RV
2017-12-19,0.004730412152177299,QQQ,HAR-RV
2017-12-20,0.004946903377008936,QQQ,HAR-RV
2017-12-21,0.005012435651879024,QQQ,HAR-RV
2017-12-22,0.0050962499815170245,QQQ,HAR-RV
2017-12-26,0.005052456189162737,QQQ,HAR-RV
2017-12-27,0.004652551674939659,QQQ,HAR-RV
2017-12-28,0.004445562188142054,QQQ,HAR-RV
2017-12-29,0.004352230133516138,QQQ,HAR-RV
2018-01-02,0.004358863385993726,QQQ,HAR-RV
2018-01-03,0.004626777427554429,QQQ,HAR-RV
2018-01-04,0.004900399840333761,QQQ,HAR-RV
2018-01-05,0.005005829274829612,QQQ,HAR-RV
2018-01-08,0.005147642671884283,QQQ,HAR-RV
2018-01-09,0.0051565847658293276,QQQ,HAR-RV
2018-01-10,0.005118720161256157,QQQ,HAR-RV
2018-01-11,0.004831250873872813,QQQ,HAR-RV
2018-01-12,0.0047173013725654135,QQQ,HAR-RV
2018-01-16,0.004806693976036087,QQQ,HAR-RV
2018-01-17,0.004746016360201175,QQQ,HAR-RV
2018-01-18,0.004832527060619074,QQQ,HAR-RV
2018-01-19,0.004996258384258299,QQQ,HAR-RV
2018-01-22,0.0050598914368422225,QQQ,HAR-RV
2018-01-23,0.004905182486483884,QQQ,HAR-RV
2018-01-24,0.004935639067035533,QQQ,HAR-RV
2018-01-25,0.005062645565261634,QQQ,HAR-RV
2018-01-26,0.00509513662798228,QQQ,HAR-RV
2018-01-29,0.005268523690623513,QQQ,HAR-RV
2018-01-30,0.0053419621806627075,QQQ,HAR-RV
2018-01-31,0.005501092328963783,QQQ,HAR-RV
2018-02-01,0.0055353783869006605,QQQ,HAR-RV
2018-02-02,0.005676443373082302,QQQ,HAR-RV
2018-02-05,0.005943436950682822,QQQ,HAR-RV
2018-02-06,0.007303870187170926,QQQ,HAR-RV
2018-02-07,0.012898663978562987,QQQ,HAR-RV
2018-02-08,0.012473924584535716,QQQ,HAR-RV
2018-02-09,0.016926168200949276,QQQ,HAR-RV
2018-02-12,0.021620911551439963,QQQ,HAR-RV
2018-02-13,0.019828690624607643,QQQ,HAR-RV
2018-02-14,0.016026224460585485,QQQ,HAR-RV
2018-02-15,0.013854976862880673,QQQ,HAR-RV
2018-02-16,0.015467793087135433,QQQ,HAR-RV
2018-02-20,0.012535939534012119,QQQ,HAR-RV
2018-02-21,0.00957468761915127,QQQ,HAR-RV
2018-02-22,0.00708584988445327,QQQ,HAR-RV
2018-02-23,0.00602915150760956,QQQ,HAR-RV
2018-02-26,0.005740859623322002,QQQ,HAR-RV
2018-02-27,0.008111273572839141,QQQ,HAR-RV
2018-02-28,0.008866120557014346,QQQ,HAR-RV
2018-03-01,0.009490618421533762,QQQ,HAR-RV
2018-03-02,0.009800644051738285,QQQ,HAR-RV
2018-03-05,0.011801878230919736,QQQ,HAR-RV
2018-03-06,0.010359429603505303,QQQ,HAR-RV
2018-03-07,0.009928653793644339,QQQ,HAR-RV
2018-03-08,0.008219464241684567,QQQ,HAR-RV
2018-03-09,0.007498501530900554,QQQ,HAR-RV
2018-03-12,0.007182279828516777,QQQ,HAR-RV
2018-03-13,0.008811047122906788,QQQ,HAR-RV
2018-03-14,0.007542192386774463,QQQ,HAR-RV
2018-03-15,0.008536574448837394,QQQ,HAR-RV
2018-03-16,0.00732829410480321,QQQ,HAR-RV
2018-03-19,0.006809077489910086,QQQ,HAR-RV
2018-03-20,0.005796219264080044,QQQ,HAR-RV
2018-03-21,0.008228138042275412,QQQ,HAR-RV
2018-03-22,0.006169463858202817,QQQ,HAR-RV
2018-03-23,0.006725406541449446,QQQ,HAR-RV
2018-03-26,0.010763067410223131,QQQ,HAR-RV
2018-03-27,0.014061129788402129,QQQ,HAR-RV
2018-03-28,0.01819629767212664,QQQ,HAR-RV
2018-03-29,0.0194532124152115,QQQ,HAR-RV
2018-04-02,0.01675172164454823,QQQ,HAR-RV
2018-04-03,0.018250867651079267,QQQ,HAR-RV
2018-04-04,0.0196641792481317,QQQ,HAR-RV
2018-04-05,0.014874914349452862,QQQ,HAR-RV
2018-04-06,0.013788528649163747,QQQ,HAR-RV
2018-04-09,0.012362874124292851,QQQ,HAR-RV
2018-04-10,0.015279385509133901,QQQ,HAR-RV
2018-04-11,0.011582766969066158,QQQ,HAR-RV
2018-04-12,0.013890417504083173,QQQ,HAR-RV
2018-04-13,0.01128685410148185,QQQ,HAR-RV
2018-04-16,0.012265931394038115,QQQ,HAR-RV
2018-04-17,0.009562448874140362,QQQ,HAR-RV
2018-04-18,0.010456144672760771,QQQ,HAR-RV
2018-04-19,0.011214922458306131,QQQ,HAR-RV
2018-04-20,0.009251844573068007,QQQ,HAR-RV
2018-04-23,0.009775780498333508,QQQ,HAR-RV
2018-04-24,0.010982043669241846,QQQ,HAR-RV
2018-04-25,0.010029665272501782,QQQ,HAR-RV
2018-04-26,0.010565170276966481,QQQ,HAR-RV
2018-04-27,0.00985794665756054,QQQ,HAR-RV
2018-04-30,0.01134010721174905,QQQ,HAR-RV
2018-05-01,0.009000727093608836,QQQ,HAR-RV
2018-05-02,0.009656407955546176,QQQ,HAR-RV
2018-05-03,0.008500279613759676,QQQ,HAR-RV
2018-05-04,0.008744431368764818,QQQ,HAR-RV
2018-05-07,0.006413495430577239,QQQ,HAR-RV
2018-05-08,0.008786140928070757,QQQ,HAR-RV
2018-05-09,0.008694137509456936,QQQ,HAR-RV
2018-05-10,0.007219304925579298,QQQ,HAR-RV
2018-05-11,0.008053533249112167,QQQ,HAR-RV
2018-05-14,0.00905218515938983,QQQ,HAR-RV
2018-05-15,0.006752802634878859,QQQ,HAR-RV
2018-05-16,0.006053331747602688,QQQ,HAR-RV
2018-05-17,0.007451795188308153,QQQ,HAR-RV
2018-05-18,0.006791834696272757,QQQ,HAR-RV
2018-05-21,0.005898031844510112,QQQ,HAR-RV
2018-05-22,0.006415506709670136,QQQ,HAR-RV
2018-05-23,0.006847021392219224,QQQ,HAR-RV
2018-05-24,0.005583183033196654,QQQ,HAR-RV
2018-05-25,0.005926283772696353,QQQ,HAR-RV
2018-05-29,0.005178024892875307,QQQ,HAR-RV
2018-05-30,0.004689144353995195,QQQ,HAR-RV
2018-05-31,0.004487007867253026,QQQ,HAR-RV
2018-06-01,0.00523571434692572,QQQ,HAR-RV
2018-06-04,0.004298790034626234,QQQ,HAR-RV
2018-06-05,0.006309478028766121,QQQ,HAR-RV
2018-06-06,0.007185692310734668,QQQ,HAR-RV
2018-06-07,0.006963675192844718,QQQ,HAR-RV
2018-06-08,0.00679045289980013,QQQ,HAR-RV
2018-06-11,0.007675739930781809,QQQ,HAR-RV
2018-06-12,0.00570179493176473,QQQ,HAR-RV
2018-06-13,0.004976344882941148,QQQ,HAR-RV
2018-06-14,0.005209230895868717,QQQ,HAR-RV
2018-06-15,0.004513726546164009,QQQ,HAR-RV
2018-06-18,0.004920066296271412,QQQ,HAR-RV
2018-06-19,0.005154879796052393,QQQ,HAR-RV
2018-06-20,0.004829712753779952,QQQ,HAR-RV
2018-06-21,0.004632340394648486,QQQ,HAR-RV
2018-06-22,0.005538446997531659,QQQ,HAR-RV
2018-06-25,0.005415793883401547,QQQ,HAR-RV
2018-06-26,0.005310403060095707,QQQ,HAR-RV
2018-06-27,0.007995365867109454,QQQ,HAR-RV
2018-06-28,0.00818290964677321,QQQ,HAR-RV
2018-06-29,0.009016617541811055,QQQ,HAR-RV
2018-07-02,0.00896792093829987,QQQ,HAR-RV
2018-07-03,0.00895314994917625,QQQ,HAR-RV
2018-07-05,0.007209467597954798,QQQ,HAR-RV
2018-07-06,0.008097402223993312,QQQ,HAR-RV
2018-07-09,0.008014960384350501,QQQ,HAR-RV
2018-07-10,0.008904062871238481,QQQ,HAR-RV
2018-07-11,0.009493789326320664,QQQ,HAR-RV
2018-07-12,0.008528219584748472,QQQ,HAR-RV
2018-07-13,0.007998971838377332,QQQ,HAR-RV
2018-07-16,0.00866923569412413,QQQ,HAR-RV
2018-07-17,0.00686898135488165,QQQ,HAR-RV
2018-07-18,0.0062015626020192225,QQQ,HAR-RV
2018-07-19,0.006752141266708228,QQQ,HAR-RV
2018-07-20,0.006277962685100899,QQQ,HAR-RV
2018-07-23,0.005057218703278443,QQQ,HAR-RV
2018-07-24,0.004775791677095127,QQQ,HAR-RV
2018-07-25,0.004932211437592364,QQQ,HAR-RV
2018-07-26,0.004817527760692022,QQQ,HAR-RV
2018-07-27,0.006672913752475165,QQQ,HAR-RV
2018-07-30,0.007840713348789791,QQQ,HAR-RV
2018-07-31,0.009250833000057822,QQQ,HAR-RV
2018-08-01,0.010402978136007044,QQQ,HAR-RV
2018-08-02,0.010343784565710728,QQQ,HAR-RV
2018-08-03,0.009184533570054047,QQQ,HAR-RV
2018-08-06,0.009465526210174349,QQQ,HAR-RV
2018-08-07,0.007820199845640296,QQQ,HAR-RV
2018-08-08,0.007066654675993065,QQQ,HAR-RV
2018-08-09,0.006427562569296099,QQQ,HAR-RV
2018-08-10,0.00593160897743285,QQQ,HAR-RV
2018-08-13,0.004598788290398294,QQQ,HAR-RV
2018-08-14,0.005443565849665943,QQQ,HAR-RV
2018-08-15,0.004540780349033682,QQQ,HAR-RV
2018-08-16,0.0051719174948732065,QQQ,HAR-RV
2018-08-17,0.006663133498864281,QQQ,HAR-RV
2018-08-20,0.00647751981307697,QQQ,HAR-RV
2018-08-21,0.005523006536837254,QQQ,HAR-RV
2018-08-22,0.005485596491656523,QQQ,HAR-RV
2018-08-23,0.00540458078634155,QQQ,HAR-RV
2018-08-24,0.00447980123040752,QQQ,HAR-RV
2018-08-27,0.004209922811926609,QQQ,HAR-RV
2018-08-28,0.005576351515571275,QQQ,HAR-RV
2018-08-29,0.006528196385334632,QQQ,HAR-RV
2018-08-30,0.005732804333429732,QQQ,HAR-RV
2018-08-31,0.007060934707723837,QQQ,HAR-RV
2018-09-04,0.006472914718477959,QQQ,HAR-RV
2018-09-05,0.005655196918283022,QQQ,HAR-RV
2018-09-06,0.00520617031917676,QQQ,HAR-RV
2018-09-07,0.007017070792126356,QQQ,HAR-RV
2018-09-10,0.006529699867860289,QQQ,HAR-RV
2018-09-11,0.006421614747003567,QQQ,HAR-RV
2018-09-12,0.006628784463869066,QQQ,HAR-RV
2018-09-13,0.007259709095486256,QQQ,HAR-RV
2018-09-14,0.005989855586328374,QQQ,HAR-RV
2018-09-17,0.0066393495830600145,QQQ,HAR-RV
2018-09-18,0.006167616846113092,QQQ,HAR-RV
2018-09-19,0.007940179551812546,QQQ,HAR-RV
2018-09-20,0.007638962650856877,QQQ,HAR-RV
2018-09-21,0.007082814217153605,QQQ,HAR-RV
2018-09-24,0.00766381852475192,QQQ,HAR-RV
2018-09-25,0.007636295493932414,QQQ,HAR-RV
2018-09-26,0.006310033061915423,QQQ,HAR-RV
2018-09-27,0.005532776433141988,QQQ,HAR-RV
2018-09-28,0.005282915162021661,QQQ,HAR-RV
2018-10-01,0.005517050058851167,QQQ,HAR-RV
2018-10-02,0.004402691606939504,QQQ,HAR-RV
2018-10-03,0.004412820810333419,QQQ,HAR-RV
2018-10-04,0.00451746144535039,QQQ,HAR-RV
2018-10-05,0.00460009258785459,QQQ,HAR-RV
2018-10-08,0.007082338951154671,QQQ,HAR-RV
2018-10-09,0.007786962528887828,QQQ,HAR-RV
2018-10-10,0.007718465075495262,QQQ,HAR-RV
2018-10-11,0.008044908064916045,QQQ,HAR-RV
2018-10-12,0.014493544834414954,QQQ,HAR-RV
2018-10-15,0.012946620920615274,QQQ,HAR-RV
2018-10-16,0.015026648542793133,QQQ,HAR-RV
2018-10-17,0.015983866222570066,QQQ,HAR-RV
2018-10-18,0.018227898543616772,QQQ,HAR-RV
2018-10-19,0.013408984191349182,QQQ,HAR-RV
2018-10-22,0.01411930506394286,QQQ,HAR-RV
2018-10-23,0.011268765106059989,QQQ,HAR-RV
2018-10-24,0.01031864580369059,QQQ,HAR-RV
2018-10-25,0.00785884841344793,QQQ,HAR-RV
2018-10-26,0.014793241680391403,QQQ,HAR-RV
2018-10-29,0.015778241926964764,QQQ,HAR-RV
2018-10-30,0.01801632402173462,QQQ,HAR-RV
2018-10-31,0.01912919537407057,QQQ,HAR-RV
2018-11-01,0.020366770008184057,QQQ,HAR-RV
2018-11-02,0.01838224721954694,QQQ,HAR-RV
2018-11-05,0.015661229211025154,QQQ,HAR-RV
2018-11-06,0.014409042838767986,QQQ,HAR-RV
2018-11-07,0.011435311057271746,QQQ,HAR-RV
2018-11-08,0.011617554331827007,QQQ,HAR-RV
2018-11-09,0.013464773709854529,QQQ,HAR-RV
2018-11-12,0.011744889851511708,QQQ,HAR-RV
2018-11-13,0.01287942488101946,QQQ,HAR-RV
2018-11-14,0.01573844496744543,QQQ,HAR-RV
2018-11-15,0.01350361902487743,QQQ,HAR-RV
2018-11-16,0.011742753369575172,QQQ,HAR-RV
2018-11-19,0.012980852055872578,QQQ,HAR-RV
2018-11-20,0.011676861793815848,QQQ,HAR-RV
2018-11-21,0.01307002343315973,QQQ,HAR-RV
2018-11-23,0.014076126885108921,QQQ,HAR-RV
2018-11-26,0.013565155489762198,QQQ,HAR-RV
2018-11-27,0.012893478226144527,QQQ,HAR-RV
2018-11-28,0.014747789414498516,QQQ,HAR-RV
2018-11-29,0.011734773607293565,QQQ,HAR-RV
2018-11-30,0.012951446713159374,QQQ,HAR-RV
2018-12-03,0.012493697543958869,QQQ,HAR-RV
2018-12-04,0.012464346702969368,QQQ,HAR-RV
2018-12-06,0.012170170918162655,QQQ,HAR-RV
2018-12-07,0.015537760108284124,QQQ,HAR-RV
2018-12-10,0.013618091288463306,QQQ,HAR-RV
2018-12-11,0.01612517028260266,QQQ,HAR-RV
2018-12-12,0.016740435247088778,QQQ,HAR-RV
2018-12-13,0.015094228390795463,QQQ,HAR-RV
2018-12-14,0.012044172247343802,QQQ,HAR-RV
2018-12-17,0.01162066451106483,QQQ,HAR-RV
2018-12-18,0.010782859335476042,QQQ,HAR-RV
2018-12-19,0.011906165769945333,QQQ,HAR-RV
2018-12-20,0.012447312289986665,QQQ,HAR-RV
2018-12-21,0.01378843370533572,QQQ,HAR-RV
2018-12-24,0.01554268726695581,QQQ,HAR-RV
2018-12-26,0.016141313654029144,QQQ,HAR-RV
2018-12-27,0.01733981763485646,QQQ,HAR-RV
2018-12-28,0.02158400238249,QQQ,HAR-RV
2018-12-31,0.01941460100322196,QQQ,HAR-RV
2019-01-02,0.017376447811761862,QQQ,HAR-RV
2019-01-03,0.015574858492758881,QQQ,HAR-RV
2019-01-04,0.014023602464858894,QQQ,HAR-RV
2019-01-07,0.014518164912479613,QQQ,HAR-RV
2019-01-08,0.016928051737810788,QQQ,HAR-RV
2019-01-09,0.016893878537144164,QQQ,HAR-RV
2019-01-10,0.015731161571063332,QQQ,HAR-RV
2019-01-11,0.015527074345526956,QQQ,HAR-RV
2019-01-14,0.01333716160096403,QQQ,HAR-RV
2019-01-15,0.011814282580036188,QQQ,HAR-RV
2019-01-16,0.012400748420810622,QQQ,HAR-RV
2019-01-17,0.013148843759533386,QQQ,HAR-RV
2019-01-18,0.011766764369518908,QQQ,HAR-RV
2019-01-22,0.01207507584115653,QQQ,HAR-RV
2019-01-23,0.012391095588752487,QQQ,HAR-RV
2019-01-24,0.013427718801960899,QQQ,HAR-RV
2019-01-25,0.011282076252714187,QQQ,HAR-RV
2019-01-28,0.011582802789933705,QQQ,HAR-RV
2019-01-29,0.011594925348530166,QQQ,HAR-RV
2019-01-30,0.011528956463953122,QQQ,HAR-RV
2019-01-31,0.010038765352197436,QQQ,HAR-RV
2019-02-01,0.012153705035438177,QQQ,HAR-RV
2019-02-04,0.012279246098570198,QQQ,HAR-RV
2019-02-05,0.011474655281229004,QQQ,HAR-RV
2019-02-06,0.012023512125422662,QQQ,HAR-RV
2019-02-07,0.011322401911659247,QQQ,HAR-RV
2019-02-08,0.009447812643183586,QQQ,HAR-RV
2019-02-11,0.009845466208993906,QQQ,HAR-RV
2019-02-12,0.009058710494252083,QQQ,HAR-RV
2019-02-13,0.008531015241974915,QQQ,HAR-RV
2019-02-14,0.009527595167282845,QQQ,HAR-RV
2019-02-15,0.00884792722713854,QQQ,HAR-RV
2019-02-19,0.008040802094776622,QQQ,HAR-RV
2019-02-20,0.00792947990026117,QQQ,HAR-RV
2019-02-21,0.007867673132687717,QQQ,HAR-RV
2019-02-22,0.006821646465468824,QQQ,HAR-RV
2019-02-25,0.0069505091116503995,QQQ,HAR-RV
2019-02-26,0.00701284009376844,QQQ,HAR-RV
2019-02-27,0.006988966121194897,QQQ,HAR-RV
2019-02-28,0.006758549546276256,QQQ,HAR-RV
2019-03-01,0.006506909487242198,QQQ,HAR-RV
2019-03-04,0.006335410177581083,QQQ,HAR-RV
2019-03-05,0.006189861777624586,QQQ,HAR-RV
2019-03-06,0.00537933012066545,QQQ,HAR-RV
2019-03-07,0.005013721536990597,QQQ,HAR-RV
2019-03-08,0.005363436463574178,QQQ,HAR-RV
2019-03-11,0.005717888637800989,QQQ,HAR-RV
2019-03-12,0.005385176899433347,QQQ,HAR-RV
2019-03-13,0.006764354653495025,QQQ,HAR-RV
2019-03-14,0.0064080235934637925,QQQ,HAR-RV
2019-03-15,0.006544050294077765,QQQ,HAR-RV
2019-03-18,0.006182225823283948,QQQ,HAR-RV
2019-03-19,0.006388841678820135,QQQ,HAR-RV
2019-03-20,0.0056826184931628426,QQQ,HAR-RV
2019-03-21,0.005690965529930913,QQQ,HAR-RV
2019-03-22,0.005719318113630152,QQQ,HAR-RV
2019-03-25,0.006920227150893323,QQQ,HAR-RV
2019-03-26,0.007991547291883781,QQQ,HAR-RV
2019-03-27,0.0069850761435643815,QQQ,HAR-RV
2019-03-28,0.007064849496718826,QQQ,HAR-RV
2019-03-29,0.0071897176721850715,QQQ,HAR-RV
2019-04-01,0.0068103575325745395,QQQ,HAR-RV
2019-04-02,0.007179276872261098,QQQ,HAR-RV
2019-04-03,0.007954179495573312,QQQ,HAR-RV
2019-04-04,0.007306693838939971,QQQ,HAR-RV
2019-04-05,0.007482099987975075,QQQ,HAR-RV
2019-04-08,0.007087773922788825,QQQ,HAR-RV
2019-04-09,0.007370863335990023,QQQ,HAR-RV
2019-04-10,0.006747674172220991,QQQ,HAR-RV
2019-04-11,0.006846758750829603,QQQ,HAR-RV
2019-04-12,0.006538110871928847,QQQ,HAR-RV
2019-04-15,0.006308950205353676,QQQ,HAR-RV
2019-04-16,0.006260210507145614,QQQ,HAR-RV
2019-04-17,0.005895760869877642,QQQ,HAR-RV
2019-04-18,0.005958517300182601,QQQ,HAR-RV
2019-04-22,0.005937285761782152,QQQ,HAR-RV
2019-04-23,0.005703583099848737,QQQ,HAR-RV
2019-04-24,0.005863891203528691,QQQ,HAR-RV
2019-04-25,0.00656388601934796,QQQ,HAR-RV
2019-04-26,0.005438276107392072,QQQ,HAR-RV
2019-04-29,0.005562712030956701,QQQ,HAR-RV
2019-04-30,0.005224535293424808,QQQ,HAR-RV
2019-05-01,0.005173940455452247,QQQ,HAR-RV
2019-05-02,0.005679006480787366,QQQ,HAR-RV
2019-05-03,0.005164103531404741,QQQ,HAR-RV
2019-05-06,0.005090629125963204,QQQ,HAR-RV
2019-05-07,0.006427852953538827,QQQ,HAR-RV
2019-05-08,0.006022265684821882,QQQ,HAR-RV
2019-05-09,0.007503373887141223,QQQ,HAR-RV
2019-05-10,0.006417187478329502,QQQ,HAR-RV
2019-05-13,0.006637716102150049,QQQ,HAR-RV
2019-05-14,0.006425853747524505,QQQ,HAR-RV
2019-05-15,0.009609398743041862,QQQ,HAR-RV
2019-05-16,0.008399278854283116,QQQ,HAR-RV
2019-05-17,0.009077125713854915,QQQ,HAR-RV
2019-05-20,0.009239469825212121,QQQ,HAR-RV
2019-05-21,0.009802967499300385,QQQ,HAR-RV
2019-05-22,0.01000793906832383,QQQ,HAR-RV
2019-05-23,0.009826781935766575,QQQ,HAR-RV
2019-05-24,0.009386091499656392,QQQ,HAR-RV
2019-05-28,0.010017324252824552,QQQ,HAR-RV
2019-05-29,0.0089007600241146,QQQ,HAR-RV
2019-05-30,0.008738566927854779,QQQ,HAR-RV
2019-05-31,0.009102253307650032,QQQ,HAR-RV
2019-06-03,0.008974858754817823,QQQ,HAR-RV
2019-06-04,0.01003614062325758,QQQ,HAR-RV
2019-06-05,0.011544010906118443,QQQ,HAR-RV
2019-06-06,0.012832011511159947,QQQ,HAR-RV
2019-06-07,0.011072878389248733,QQQ,HAR-RV
2019-06-10,0.01133414876163135,QQQ,HAR-RV
2019-06-11,0.012184565895455506,QQQ,HAR-RV
2019-06-12,0.011640116263122785,QQQ,HAR-RV
2019-06-13,0.010284411284435913,QQQ,HAR-RV
2019-06-14,0.010652908129325272,QQQ,HAR-RV
2019-06-17,0.009888013509759475,QQQ,HAR-RV
2019-06-18,0.009308327765802213,QQQ,HAR-RV
2019-06-19,0.009239654532942088,QQQ,HAR-RV
2019-06-20,0.010151284240830415,QQQ,HAR-RV
2019-06-21,0.009240036214554555,QQQ,HAR-RV
2019-06-24,0.009485642599216464,QQQ,HAR-RV
2019-06-25,0.008622789823555601,QQQ,HAR-RV
2019-06-26,0.008341950126720446,QQQ,HAR-RV
2019-06-27,0.0094983741214663,QQQ,HAR-RV
2019-06-28,0.00876660805895371,QQQ,HAR-RV
2019-07-01,0.00852984348492901,QQQ,HAR-RV
2019-07-02,0.008248235611934997,QQQ,HAR-RV
2019-07-03,0.009451361846271884,QQQ,HAR-RV
2019-07-05,0.008291101546495946,QQQ,HAR-RV
2019-07-08,0.008188608241135332,QQQ,HAR-RV
2019-07-09,0.007221394286743057,QQQ,HAR-RV
2019-07-10,0.007652194947783901,QQQ,HAR-RV
2019-07-11,0.007315866276330085,QQQ,HAR-RV
2019-07-12,0.00750541930212308,QQQ,HAR-RV
2019-07-15,0.006574651752229837,QQQ,HAR-RV
2019-07-16,0.0070558531326095865,QQQ,HAR-RV
2019-07-17,0.006750134169923857,QQQ,HAR-RV
2019-07-18,0.006786159970554182,QQQ,HAR-RV
2019-07-19,0.006651810794017729,QQQ,HAR-RV
2019-07-22,0.0063967689368681505,QQQ,HAR-RV
2019-07-23,0.006658621738222812,QQQ,HAR-RV
2019-07-24,0.0069229820555952604,QQQ,HAR-RV
2019-07-25,0.006842494878041779,QQQ,HAR-RV
2019-07-26,0.007104089624276888,QQQ,HAR-RV
2019-07-29,0.007659901992721528,QQQ,HAR-RV
2019-07-30,0.007543157942327417,QQQ,HAR-RV
2019-07-31,0.0070692381723001085,QQQ,HAR-RV
2019-08-01,0.007091074137679038,QQQ,HAR-RV
2019-08-02,0.008091358934569994,QQQ,HAR-RV
2019-08-05,0.007412562589355022,QQQ,HAR-RV
2019-08-06,0.008560957758447365,QQQ,HAR-RV
2019-08-07,0.011383460605593067,QQQ,HAR-RV
2019-08-08,0.010306624742214431,QQQ,HAR-RV
2019-08-09,0.009794603419399294,QQQ,HAR-RV
2019-08-12,0.01153544607937261,QQQ,HAR-RV
2019-08-13,0.010689803082371677,QQQ,HAR-RV
2019-08-14,0.010430122909308455,QQQ,HAR-RV
2019-08-15,0.011767161555083503,QQQ,HAR-RV
2019-08-16,0.013379286014129991,QQQ,HAR-RV
2019-08-19,0.011038717701849443,QQQ,HAR-RV
2019-08-20,0.012324682549618169,QQQ,HAR-RV
2019-08-21,0.012721029604098103,QQQ,HAR-RV
2019-08-22,0.011804449252350423,QQQ,HAR-RV
2019-08-23,0.011189645656102129,QQQ,HAR-RV
2019-08-26,0.011073639114340221,QQQ,HAR-RV
2019-08-27,0.013563563044091419,QQQ,HAR-RV
2019-08-28,0.012707367814072553,QQQ,HAR-RV
2019-08-29,0.01164217024903589,QQQ,HAR-RV
2019-08-30,0.011609991007583146,QQQ,HAR-RV
2019-09-03,0.012707633709972712,QQQ,HAR-RV
2019-09-04,0.010995125933158783,QQQ,HAR-RV
2019-09-05,0.011414015703441069,QQQ,HAR-RV
2019-09-06,0.012001355543216134,QQQ,HAR-RV
2019-09-09,0.012113672044379364,QQQ,HAR-RV
2019-09-10,0.010542433899565301,QQQ,HAR-RV
2019-09-11,0.010466028069442055,QQQ,HAR-RV
2019-09-12,0.009839756844761141,QQQ,HAR-RV
2019-09-13,0.010107090439261291,QQQ,HAR-RV
2019-09-16,0.009328706600018069,QQQ,HAR-RV
2019-09-17,0.008893206946319204,QQQ,HAR-RV
2019-09-18,0.00851671409564883,QQQ,HAR-RV
2019-09-19,0.008455916563916404,QQQ,HAR-RV
2019-09-20,0.007520454587673195,QQQ,HAR-RV
2019-09-23,0.00725946247817124,QQQ,HAR-RV
2019-09-24,0.008250641439540563,QQQ,HAR-RV
2019-09-25,0.007106011712298561,QQQ,HAR-RV
2019-09-26,0.008524764911784728,QQQ,HAR-RV
2019-09-27,0.007867072839509503,QQQ,HAR-RV
2019-09-30,0.007324300355331606,QQQ,HAR-RV
2019-10-01,0.007925060840704167,QQQ,HAR-RV
2019-10-02,0.008130109420108632,QQQ,HAR-RV
2019-10-03,0.007802725900519461,QQQ,HAR-RV
2019-10-04,0.008693275801999582,QQQ,HAR-RV
2019-10-07,0.008592866524892422,QQQ,HAR-RV
2019-10-08,0.00875253442910778,QQQ,HAR-RV
2019-10-09,0.007907718486537839,QQQ,HAR-RV
2019-10-10,0.008923630434262902,QQQ,HAR-RV
2019-10-11,0.00863221284887664,QQQ,HAR-RV
2019-10-14,0.008601436990150344,QQQ,HAR-RV
2019-10-15,0.008840488757855527,QQQ,HAR-RV
2019-10-16,0.008048371433120085,QQQ,HAR-RV
2019-10-17,0.008832098366855737,QQQ,HAR-RV
2019-10-18,0.008045591508612804,QQQ,HAR-RV
2019-10-21,0.007897942955601422,QQQ,HAR-RV
2019-10-22,0.00833167050002162,QQQ,HAR-RV
2019-10-23,0.008612925621721782,QQQ,HAR-RV
2019-10-24,0.00835643985637813,QQQ,HAR-RV
2019-10-25,0.008043369998468585,QQQ,HAR-RV
2019-10-28,0.008607538643584451,QQQ,HAR-RV
2019-10-29,0.008420325032376934,QQQ,HAR-RV
2019-10-30,0.008626011142479309,QQQ,HAR-RV
2019-10-31,0.008400687679451641,QQQ,HAR-RV
2019-11-01,0.008107913892459538,QQQ,HAR-RV
2019-11-04,0.007266819026886423,QQQ,HAR-RV
2019-11-05,0.00788236599017976,QQQ,HAR-RV
2019-11-06,0.007395440462637419,QQQ,HAR-RV
2019-11-07,0.006306309734446699,QQQ,HAR-RV
2019-11-08,0.006339360664957941,QQQ,HAR-RV
2019-11-11,0.006326762622831503,QQQ,HAR-RV
2019-11-12,0.0060602756515732905,QQQ,HAR-RV
2019-11-13,0.005457076828852547,QQQ,HAR-RV
2019-11-14,0.005508311999920599,QQQ,HAR-RV
2019-11-15,0.005081032985523147,QQQ,HAR-RV
2019-11-18,0.00488056473510023,QQQ,HAR-RV
2019-11-19,0.005815688016066365,QQQ,HAR-RV
2019-11-20,0.004976684694210566,QQQ,HAR-RV
2019-11-21,0.005070757910379852,QQQ,HAR-RV
2019-11-22,0.005831111789807212,QQQ,HAR-RV
2019-11-25,0.005812509936989792,QQQ,HAR-RV
2019-11-26,0.005145951629390743,QQQ,HAR-RV
2019-11-27,0.006550394445132321,QQQ,HAR-RV
2019-11-29,0.005544759855731456,QQQ,HAR-RV
2019-12-02,0.0058714372858648944,QQQ,HAR-RV
2019-12-03,0.006046645144890925,QQQ,HAR-RV
2019-12-04,0.007415203191021626,QQQ,HAR-RV
2019-12-05,0.007052154222839835,QQQ,HAR-RV
2019-12-06,0.007180503112920532,QQQ,HAR-RV
2019-12-09,0.0068039314218443486,QQQ,HAR-RV
2019-12-10,0.007133378280207463,QQQ,HAR-RV
2019-12-11,0.006621719493636959,QQQ,HAR-RV
2019-12-12,0.006048445042539885,QQQ,HAR-RV
2019-12-13,0.0060413233245643185,QQQ,HAR-RV
2019-12-16,0.006435788335928363,QQQ,HAR-RV
2019-12-17,0.0058554334274986426,QQQ,HAR-RV
2019-12-18,0.0061747770094671755,QQQ,HAR-RV
2019-12-19,0.006487776493010551,QQQ,HAR-RV
2019-12-20,0.005892346093299548,QQQ,HAR-RV
2019-12-23,0.005643485567406884,QQQ,HAR-RV
2019-12-24,0.005756494857077015,QQQ,HAR-RV
2019-12-26,0.004983686475083561,QQQ,HAR-RV
2019-12-27,0.005072202622902745,QQQ,HAR-RV
2019-12-30,0.005634082480263829,QQQ,HAR-RV
2019-12-31,0.005387042700984294,QQQ,HAR-RV
2020-01-02,0.005337863616413846,QQQ,HAR-RV
2020-01-03,0.005591724842170785,QQQ,HAR-RV
2020-01-06,0.006748838089161612,QQQ,HAR-RV
2020-01-07,0.00709754139918653,QQQ,HAR-RV
2020-01-08,0.0077679389569655,QQQ,HAR-RV
2020-01-09,0.007271012411357427,QQQ,HAR-RV
2020-01-10,0.00764783967458009,QQQ,HAR-RV
2020-01-13,0.006677362557855158,QQQ,HAR-RV
2020-01-14,0.006180008447277461,QQQ,HAR-RV
2020-01-15,0.006407174912690559,QQQ,HAR-RV
2020-01-16,0.007047483371668853,QQQ,HAR-RV
2020-01-17,0.006449561577993239,QQQ,HAR-RV
2020-01-21,0.006233936497779467,QQQ,HAR-RV
2020-01-22,0.006614478030416631,QQQ,HAR-RV
2020-01-23,0.0055875704771959035,QQQ,HAR-RV
2020-01-24,0.005362563671912744,QQQ,HAR-RV
2020-01-27,0.00568265607484613,QQQ,HAR-RV
2020-01-28,0.005599653877635147,QQQ,HAR-RV
2020-01-29,0.0071528266685199965,QQQ,HAR-RV
2020-01-30,0.008504274418472336,QQQ,HAR-RV
2020-01-31,0.008425222053619485,QQQ,HAR-RV
2020-02-03,0.008596295686124297,QQQ,HAR-RV
2020-02-04,0.009235772051056072,QQQ,HAR-RV
2020-02-05,0.008864566627592975,QQQ,HAR-RV
2020-02-06,0.009454197353635108,QQQ,HAR-RV
2020-02-07,0.009593746070855403,QQQ,HAR-RV
2020-02-10,0.009951521645739543,QQQ,HAR-RV
2020-02-11,0.00895190897363675,QQQ,HAR-RV
2020-02-12,0.008734222316448867,QQQ,HAR-RV
2020-02-13,0.006659974280726065,QQQ,HAR-RV
2020-02-14,0.007234529006866608,QQQ,HAR-RV
2020-02-18,0.006528780359695407,QQQ,HAR-RV
2020-02-19,0.006352152064689225,QQQ,HAR-RV
2020-02-20,0.005245198526088757,QQQ,HAR-RV
2020-02-21,0.006033018440518029,QQQ,HAR-RV
2020-02-24,0.006249736892338628,QQQ,HAR-RV
2020-02-25,0.008747404554500023,QQQ,HAR-RV
2020-02-26,0.014404503114300832,QQQ,HAR-RV
2020-02-27,0.014755298980344419,QQQ,HAR-RV
2020-02-28,0.015725944702459468,QQQ,HAR-RV
2020-03-02,0.01776053917973772,QQQ,HAR-RV
2020-03-03,0.02316879531425303,QQQ,HAR-RV
2020-03-04,0.019528799550931977,QQQ,HAR-RV
2020-03-05,0.023999706783699958,QQQ,HAR-RV
2020-03-06,0.02972928374964776,QQQ,HAR-RV
2020-03-09,0.026199490544370894,QQQ,HAR-RV
2020-03-10,0.03652777265103632,QQQ,HAR-RV
2020-03-11,0.03492181590108352,QQQ,HAR-RV
2020-03-12,0.04250073223668281,QQQ,HAR-RV
2020-03-13,0.051413310798608156,QQQ,HAR-RV
2020-03-16,0.06562964547369264,QQQ,HAR-RV
2020-03-17,0.09464653659307613,QQQ,HAR-RV
2020-03-18,0.09675477110064182,QQQ,HAR-RV
2020-03-19,0.08940677782622988,QQQ,HAR-RV
2020-03-20,0.05588786418720554,QQQ,HAR-RV
2020-03-23,0.038499063470936914,QQQ,HAR-RV
2020-03-24,0.034012613237710675,QQQ,HAR-RV
2020-03-25,0.027345163912847005,QQQ,HAR-RV
2020-03-26,0.03207976792332678,QQQ,HAR-RV
2020-03-27,0.024639659023635914,QQQ,HAR-RV
2020-03-30,0.03711781443019199,QQQ,HAR-RV
2020-03-31,0.034211344391867106,QQQ,HAR-RV
2020-04-01,0.03504263824920449,QQQ,HAR-RV
2020-04-02,0.025458577414366156,QQQ,HAR-RV
2020-04-03,0.03359448177229024,QQQ,HAR-RV
2020-04-06,0.025052706310698752,QQQ,HAR-RV
2020-04-07,0.02609036783557963,QQQ,HAR-RV
2020-04-08,0.03283190517396037,QQQ,HAR-RV
2020-04-09,0.024949646208748854,QQQ,HAR-RV
2020-04-13,0.0223412604124502,QQQ,HAR-RV
2020-04-14,0.017205508589650035,QQQ,HAR-RV
2020-04-15,0.019094413449095855,QQQ,HAR-RV
2020-04-16,0.018083255966086075,QQQ,HAR-RV
2020-04-17,0.016586701389542557,QQQ,HAR-RV
2020-04-20,0.016480615115871157,QQQ,HAR-RV
2020-04-21,0.01663203482541736,QQQ,HAR-RV
2020-04-22,0.017281904633793213,QQQ,HAR-RV
2020-04-23,0.01931994670685243,QQQ,HAR-RV
2020-04-24,0.020614965634264164,QQQ,HAR-RV
2020-04-27,0.015896749872800948,QQQ,HAR-RV
2020-04-28,0.017824200131312383,QQQ,HAR-RV
2020-04-29,0.016611254581740297,QQQ,HAR-RV
2020-04-30,0.015228717119860461,QQQ,HAR-RV
2020-05-01,0.01700195514611128,QQQ,HAR-RV
2020-05-04,0.014140072548808752,QQQ,HAR-RV
2020-05-05,0.017926208331259644,QQQ,HAR-RV
2020-05-06,0.017219801516744352,QQQ,HAR-RV
2020-05-07,0.01598945076621375,QQQ,HAR-RV
2020-05-08,0.011548799675112773,QQQ,HAR-RV
2020-05-11,0.013783479197747405,QQQ,HAR-RV
2020-05-12,0.011706753858853149,QQQ,HAR-RV
2020-05-13,0.011068795105541769,QQQ,HAR-RV
2020-05-14,0.013349179487285007,QQQ,HAR-RV
2020-05-15,0.013691709777025792,QQQ,HAR-RV
2020-05-18,0.013285548599693922,QQQ,HAR-RV
2020-05-19,0.011987509960370424,QQQ,HAR-RV
2020-05-20,0.01409715484189296,QQQ,HAR-RV
2020-05-21,0.010465554851469277,QQQ,HAR-RV
2020-05-22,0.012610237890929951,QQQ,HAR-RV
2020-05-26,0.011902796435334222,QQQ,HAR-RV
2020-05-27,0.010916753348436637,QQQ,HAR-RV
2020-05-28,0.008611622399474089,QQQ,HAR-RV
2020-05-29,0.009194945852461675,QQQ,HAR-RV
2020-06-01,0.006283149889757285,QQQ,HAR-RV
2020-06-02,0.007687134955906173,QQQ,HAR-RV
2020-06-03,0.006806374645081366,QQQ,HAR-RV
2020-06-04,0.007643730892703709,QQQ,HAR-RV
2020-06-05,0.0073338485807667745,QQQ,HAR-RV
2020-06-08,0.00839801692362676,QQQ,HAR-RV
2020-06-09,0.009949224292078057,QQQ,HAR-RV
2020-06-10,0.009853091078369309,QQQ,HAR-RV
2020-06-11,0.009903380110932218,QQQ,HAR-RV
2020-06-12,0.011496801328198214,QQQ,HAR-RV
2020-06-15,0.019955572511258318,QQQ,HAR-RV
2020-06-16,0.01584246732083529,QQQ,HAR-RV
2020-06-17,0.016729617049179923,QQQ,HAR-RV
2020-06-18,0.01828061560421037,QQQ,HAR-RV
2020-06-19,0.015998051426254007,QQQ,HAR-RV
2020-06-22,0.009177013160322952,QQQ,HAR-RV
2020-06-23,0.007949270930017054,QQQ,HAR-RV
2020-06-24,0.008690683542058398,QQQ,HAR-RV
2020-06-25,0.007343947960519127,QQQ,HAR-RV
2020-06-26,0.010681446831436814,QQQ,HAR-RV
2020-06-29,0.010935898576741435,QQQ,HAR-RV
2020-06-30,0.015166631590659575,QQQ,HAR-RV
2020-07-01,0.014210636397153555,QQQ,HAR-RV
2020-07-02,0.01625126337671174,QQQ,HAR-RV
2020-07-06,0.014320911295703915,QQQ,HAR-RV
2020-07-07,0.013710746407966266,QQQ,HAR-RV
2020-07-08,0.014843738698979873,QQQ,HAR-RV
2020-07-09,0.013242062947265501,QQQ,HAR-RV
2020-07-10,0.012726581619488992,QQQ,HAR-RV
2020-07-13,0.011985740182838898,QQQ,HAR-RV
2020-07-14,0.011902407807159524,QQQ,HAR-RV
2020-07-15,0.012096515729718437,QQQ,HAR-RV
2020-07-16,0.011320056308637147,QQQ,HAR-RV
2020-07-17,0.0094062603045016,QQQ,HAR-RV
2020-07-20,0.009437486309100863,QQQ,HAR-RV
2020-07-21,0.00842188988118775,QQQ,HAR-RV
2020-07-22,0.011022874323210861,QQQ,HAR-RV
2020-07-23,0.010530840544588258,QQQ,HAR-RV
2020-07-24,0.010319976361497517,QQQ,HAR-RV
2020-07-27,0.014408800052870487,QQQ,HAR-RV
2020-07-28,0.01473391567314162,QQQ,HAR-RV
2020-07-29,0.013729318894289393,QQQ,HAR-RV
2020-07-30,0.013784372404217721,QQQ,HAR-RV
2020-07-31,0.01482714714031631,QQQ,HAR-RV
2020-08-03,0.011473255078264622,QQQ,HAR-RV
2020-08-04,0.013288195638443127,QQQ,HAR-RV
2020-08-05,0.012373615060350018,QQQ,HAR-RV
2020-08-06,0.010538979809931388,QQQ,HAR-RV
2020-08-07,0.009230409460801446,QQQ,HAR-RV
2020-08-10,0.01097719723266943,QQQ,HAR-RV
2020-08-11,0.009989566541919563,QQQ,HAR-RV
2020-08-12,0.008377479852694299,QQQ,HAR-RV
2020-08-13,0.011468295547616343,QQQ,HAR-RV
2020-08-14,0.014868057819407133,QQQ,HAR-RV
2020-08-17,0.012089405488736738,QQQ,HAR-RV
2020-08-18,0.01059431517144181,QQQ,HAR-RV
2020-08-19,0.012193436986047456,QQQ,HAR-RV
2020-08-20,0.010707919464464786,QQQ,HAR-RV
2020-08-21,0.008038821859190711,QQQ,HAR-RV
2020-08-24,0.009990782421163467,QQQ,HAR-RV
2020-08-25,0.01038434060991788,QQQ,HAR-RV
2020-08-26,0.009579913542773365,QQQ,HAR-RV
2020-08-27,0.009460151963271294,QQQ,HAR-RV
2020-08-28,0.01216185345975411,QQQ,HAR-RV
2020-08-31,0.00966748872643531,QQQ,HAR-RV
2020-09-01,0.009454958943399866,QQQ,HAR-RV
2020-09-02,0.009906785039192038,QQQ,HAR-RV
2020-09-03,0.011649667004189219,QQQ,HAR-RV
2020-09-04,0.009849662015413334,QQQ,HAR-RV
2020-09-08,0.01892352785052458,QQQ,HAR-RV
2020-09-09,0.01847453659976877,QQQ,HAR-RV
2020-09-10,0.02615026526344988,QQQ,HAR-RV
2020-09-11,0.026856459354709133,QQQ,HAR-RV
2020-09-14,0.027474324858186162,QQQ,HAR-RV
2020-09-15,0.020414522463671786,QQQ,HAR-RV
2020-09-16,0.021469877928300934,QQQ,HAR-RV
2020-09-17,0.016552047613961673,QQQ,HAR-RV
2020-09-18,0.014952424042130775,QQQ,HAR-RV
2020-09-21,0.014333214278208292,QQQ,HAR-RV
2020-09-22,0.01490600690946108,QQQ,HAR-RV
2020-09-23,0.012315248854835653,QQQ,HAR-RV
2020-09-24,0.013969782014294815,QQQ,HAR-RV
2020-09-25,0.016682292743909633,QQQ,HAR-RV
2020-09-28,0.013725586395037858,QQQ,HAR-RV
2020-09-29,0.01617834738209599,QQQ,HAR-RV
2020-09-30,0.018444112909807464,QQQ,HAR-RV
2020-10-01,0.015640067020381065,QQQ,HAR-RV
2020-10-02,0.01253781324178547,QQQ,HAR-RV
2020-10-05,0.014654874464549593,QQQ,HAR-RV
2020-10-06,0.016258910543182264,QQQ,HAR-RV
2020-10-07,0.01593319952879345,QQQ,HAR-RV
2020-10-08,0.017463989783837338,QQQ,HAR-RV
2020-10-09,0.018724556978923432,QQQ,HAR-RV
2020-10-12,0.016524806702318675,QQQ,HAR-RV
2020-10-13,0.015426048857065694,QQQ,HAR-RV
2020-10-14,0.01746056409873975,QQQ,HAR-RV
2020-10-15,0.013382094125951784,QQQ,HAR-RV
2020-10-16,0.01263501413638225,QQQ,HAR-RV
2020-10-19,0.012694768638945819,QQQ,HAR-RV
2020-10-20,0.011381881770575784,QQQ,HAR-RV
2020-10-21,0.010101074367819424,QQQ,HAR-RV
2020-10-22,0.009521839116834718,QQQ,HAR-RV
2020-10-23,0.008391760844514805,QQQ,HAR-RV
2020-10-26,0.007334767847633577,QQQ,HAR-RV
2020-10-27,0.00703433112169119,QQQ,HAR-RV
2020-10-28,0.007661109346462006,QQQ,HAR-RV
2020-10-29,0.008202577739180235,QQQ,HAR-RV
2020-10-30,0.015347422202345081,QQQ,HAR-RV
2020-11-02,0.016220416248206762,QQQ,HAR-RV
2020-11-03,0.01975561607853063,QQQ,HAR-RV
2020-11-04,0.01665705918802862,QQQ,HAR-RV
2020-11-05,0.018955708822724005,QQQ,HAR-RV
2020-11-06,0.021200075532556997,QQQ,HAR-RV
2020-11-09,0.021057120822411717,QQQ,HAR-RV
2020-11-10,0.01635828501069079,QQQ,HAR-RV
2020-11-11,0.019927393388890914,QQQ,HAR-RV
2020-11-12,0.0199450810444362,QQQ,HAR-RV
2020-11-13,0.01727130175244315,QQQ,HAR-RV
2020-11-16,0.013544737997070632,QQQ,HAR-RV
2020-11-17,0.0148248779545248,QQQ,HAR-RV
2020-11-18,0.013049686467252844,QQQ,HAR-RV
2020-11-19,0.010831587804126729,QQQ,HAR-RV
2020-11-20,0.0091891770144075,QQQ,HAR-RV
2020-11-23,0.0096373577478584,QQQ,HAR-RV
2020-11-24,0.009255370502861082,QQQ,HAR-RV
2020-11-25,0.00793204682605205,QQQ,HAR-RV
2020-11-27,0.010141199413632628,QQQ,HAR-RV
2020-11-30,0.00953652821954518,QQQ,HAR-RV
2020-12-01,0.009783761402809678,QQQ,HAR-RV
2020-12-02,0.008739172226742524,QQQ,HAR-RV
2020-12-03,0.010995256686313959,QQQ,HAR-RV
2020-12-04,0.008658596854500886,QQQ,HAR-RV
2020-12-07,0.008022645271557338,QQQ,HAR-RV
2020-12-08,0.007497102829541294,QQQ,HAR-RV
2020-12-09,0.008080051761681563,QQQ,HAR-RV
2020-12-10,0.006819240021087048,QQQ,HAR-RV
2020-12-11,0.010782935041640357,QQQ,HAR-RV
2020-12-14,0.010067863125250385,QQQ,HAR-RV
2020-12-15,0.009686976946330732,QQQ,HAR-RV
2020-12-16,0.010224416964666772,QQQ,HAR-RV
2020-12-17,0.011405030481906626,QQQ,HAR-RV
2020-12-18,0.008830305486399551,QQQ,HAR-RV
2020-12-21,0.009204483966806874,QQQ,HAR-RV
2020-12-22,0.009038330202444789,QQQ,HAR-RV
2020-12-23,0.008092904545987281,QQQ,HAR-RV
2020-12-24,0.0070291194755441894,QQQ,HAR-RV
2020-12-28,0.007158816952411458,QQQ,HAR-RV
2020-12-29,0.006932163568636777,QQQ,HAR-RV
2020-12-30,0.008070401819302726,QQQ,HAR-RV
2020-12-31,0.0073467622308418835,QQQ,HAR-RV
2021-01-04,0.006807840999696666,QQQ,HAR-RV
2021-01-05,0.006744160008480191,QQQ,HAR-RV
2021-01-06,0.00874787495945747,QQQ,HAR-RV
2021-01-07,0.008290518671386603,QQQ,HAR-RV
2021-01-08,0.010482920569093132,QQQ,HAR-RV
2021-01-11,0.014318016817850244,QQQ,HAR-RV
2021-01-12,0.015048042933842359,QQQ,HAR-RV
2021-01-13,0.015119890807127896,QQQ,HAR-RV
2021-01-14,0.013440358221925325,QQQ,HAR-RV
2021-01-15,0.01278342182770549,QQQ,HAR-RV
2021-01-19,0.010223825633392535,QQQ,HAR-RV
2021-01-20,0.009777681549205343,QQQ,HAR-RV
2021-01-21,0.010186161001466623,QQQ,HAR-RV
2021-01-22,0.013191523855443803,QQQ,HAR-RV
2021-01-25,0.012455876801325117,QQQ,HAR-RV
2021-01-26,0.011929829267447036,QQQ,HAR-RV
2021-01-27,0.0118742818261646,QQQ,HAR-RV
2021-01-28,0.009906694503659384,QQQ,HAR-RV
2021-01-29,0.012860013389652633,QQQ,HAR-RV
2021-02-01,0.0104801986911163,QQQ,HAR-RV
2021-02-02,0.014115826395435613,QQQ,HAR-RV
2021-02-03,0.016432161005200074,QQQ,HAR-RV
2021-02-04,0.01742245705965464,QQQ,HAR-RV
2021-02-05,0.012810368326851194,QQQ,HAR-RV
2021-02-08,0.01421129058372906,QQQ,HAR-RV
2021-02-09,0.011446034598865118,QQQ,HAR-RV
2021-02-10,0.009909906735742121,QQQ,HAR-RV
2021-02-11,0.008380414403056757,QQQ,HAR-RV
2021-02-12,0.009672976839793852,QQQ,HAR-RV
2021-02-16,0.010367766216823315,QQQ,HAR-RV
2021-02-17,0.0106965581310929,QQQ,HAR-RV
2021-02-18,0.00980525414235159,QQQ,HAR-RV
2021-02-19,0.009681868643346834,QQQ,HAR-RV
2021-02-22,0.008775090801037859,QQQ,HAR-RV
2021-02-23,0.008999661968527802,QQQ,HAR-RV
2021-02-24,0.007918603453402926,QQQ,HAR-RV
2021-02-25,0.010367826597978214,QQQ,HAR-RV
2021-02-26,0.010442311786158301,QQQ,HAR-RV
2021-03-01,0.009830191586886477,QQQ,HAR-RV
2021-03-02,0.013666570326984945,QQQ,HAR-RV
2021-03-03,0.011334218460490037,QQQ,HAR-RV
2021-03-04,0.014085483962477118,QQQ,HAR-RV
2021-03-05,0.014591043834612929,QQQ,HAR-RV
2021-03-08,0.014708425548411046,QQQ,HAR-RV
2021-03-09,0.015868561060193943,QQQ,HAR-RV
2021-03-10,0.015794182816646306,QQQ,HAR-RV
2021-03-11,0.016847130282781626,QQQ,HAR-RV
2021-03-12,0.016681890483528545,QQQ,HAR-RV
2021-03-15,0.01591947996083601,QQQ,HAR-RV
2021-03-16,0.0159313510401592,QQQ,HAR-RV
2021-03-17,0.014145524452906314,QQQ,HAR-RV
2021-03-18,0.011509459321681837,QQQ,HAR-RV
2021-03-19,0.011946281490907248,QQQ,HAR-RV
2021-03-22,0.010957067771226986,QQQ,HAR-RV
2021-03-23,0.011775255328113481,QQQ,HAR-RV
2021-03-24,0.011608056525380538,QQQ,HAR-RV
2021-03-25,0.012562291068681803,QQQ,HAR-RV
2021-03-26,0.01289652244349155,QQQ,HAR-RV
2021-03-29,0.011224637957203524,QQQ,HAR-RV
2021-03-30,0.010566117374560619,QQQ,HAR-RV
2021-03-31,0.010170490320358735,QQQ,HAR-RV
2021-04-01,0.009714592994282083,QQQ,HAR-RV
2021-04-05,0.009237683400615569,QQQ,HAR-RV
2021-04-06,0.010688010522983332,QQQ,HAR-RV
2021-04-07,0.01097651356214243,QQQ,HAR-RV
2021-04-08,0.011995163068480332,QQQ,HAR-RV
2021-04-09,0.011703410896861808,QQQ,HAR-RV
2021-04-12,0.010950152602733396,QQQ,HAR-RV
2021-04-13,0.010191980138223674,QQQ,HAR-RV
2021-04-14,0.008693938770379642,QQQ,HAR-RV
2021-04-15,0.009340226585594334,QQQ,HAR-RV
2021-04-16,0.010249810814317823,QQQ,HAR-RV
2021-04-19,0.01045408680492896,QQQ,HAR-RV
2021-04-20,0.010633464616946232,QQQ,HAR-RV
2021-04-21,0.010967716980239642,QQQ,HAR-RV
2021-04-22,0.01074454833417966,QQQ,HAR-RV
2021-04-23,0.010364466430057097,QQQ,HAR-RV
2021-04-26,0.010020034397053767,QQQ,HAR-RV
2021-04-27,0.011002144021159708,QQQ,HAR-RV
2021-04-28,0.011026329202496575,QQQ,HAR-RV
2021-04-29,0.010736856695820966,QQQ,HAR-RV
2021-04-30,0.010268141916004362,QQQ,HAR-RV
2021-05-03,0.009471577550381109,QQQ,HAR-RV
2021-05-04,0.008832163493838158,QQQ,HAR-RV
2021-05-05,0.008937081727639198,QQQ,HAR-RV
2021-05-06,0.009516716626070142,QQQ,HAR-RV
2021-05-07,0.010090549385838714,QQQ,HAR-RV
2021-05-10,0.010280467845929127,QQQ,HAR-RV
2021-05-11,0.010538779891649358,QQQ,HAR-RV
2021-05-12,0.011094647235685474,QQQ,HAR-RV
2021-05-13,0.010914028785427318,QQQ,HAR-RV
2021-05-14,0.011742361617010831,QQQ,HAR-RV
2021-05-17,0.012783594740828179,QQQ,HAR-RV
2021-05-18,0.013358625049427468,QQQ,HAR-RV
2021-05-19,0.012582440395263818,QQQ,HAR-RV
2021-05-20,0.012989226892314056,QQQ,HAR-RV
2021-05-21,0.010986554451985141,QQQ,HAR-RV
2021-05-24,0.010755788927213395,QQQ,HAR-RV
2021-05-25,0.010110709626876593,QQQ,HAR-RV
2021-05-26,0.010231425585746858,QQQ,HAR-RV
2021-05-27,0.010809585526236183,QQQ,HAR-RV
2021-05-28,0.010824236105021423,QQQ,HAR-RV
2021-06-01,0.009158631514213367,QQQ,HAR-RV
2021-06-02,0.00890144959564572,QQQ,HAR-RV
2021-06-03,0.007436037171007878,QQQ,HAR-RV
2021-06-04,0.00762927451846199,QQQ,HAR-RV
2021-06-07,0.007927085871678645,QQQ,HAR-RV
2021-06-08,0.008769802461283425,QQQ,HAR-RV
2021-06-09,0.009540449217670305,QQQ,HAR-RV
2021-06-10,0.009320822121323348,QQQ,HAR-RV
2021-06-11,0.00913241485307103,QQQ,HAR-RV
2021-06-14,0.00852524107877986,QQQ,HAR-RV
2021-06-15,0.007581627314199063,QQQ,HAR-RV
2021-06-16,0.007836287590587819,QQQ,HAR-RV
2021-06-17,0.008601891330308581,QQQ,HAR-RV
2021-06-18,0.00900933954935011,QQQ,HAR-RV
2021-06-21,0.008749840700979252,QQQ,HAR-RV
2021-06-22,0.009507426098038575,QQQ,HAR-RV
2021-06-23,0.0092148722761326,QQQ,HAR-RV
2021-06-24,0.009209325485959432,QQQ,HAR-RV
2021-06-25,0.009190735843108606,QQQ,HAR-RV
2021-06-28,0.008185935489273283,QQQ,HAR-RV
2021-06-29,0.007817362491461203,QQQ,HAR-RV
2021-06-30,0.007885906139050913,QQQ,HAR-RV
2021-07-01,0.007598243406664899,QQQ,HAR-RV
2021-07-02,0.00766791573684147,QQQ,HAR-RV
2021-07-06,0.007218908421839696,QQQ,HAR-RV
2021-07-07,0.0077557877335332195,QQQ,HAR-RV
2021-07-08,0.007193031843617178,QQQ,HAR-RV
2021-07-09,0.007052798472413728,QQQ,HAR-RV
2021-07-12,0.007343305453558125,QQQ,HAR-RV
2021-07-13,0.00784281522910877,QQQ,HAR-RV
2021-07-14,0.007056216691280976,QQQ,HAR-RV
2021-07-15,0.006662503908795296,QQQ,HAR-RV
2021-07-16,0.006602976138336909,QQQ,HAR-RV
2021-07-19,0.006449411379400521,QQQ,HAR-RV
2021-07-20,0.006634342446968836,QQQ,HAR-RV
2021-07-21,0.007182278414406895,QQQ,HAR-RV
2021-07-22,0.008204580093009254,QQQ,HAR-RV
2021-07-23,0.008987994018239995,QQQ,HAR-RV
2021-07-26,0.009049415175693689,QQQ,HAR-RV
2021-07-27,0.009050153289219712,QQQ,HAR-RV
2021-07-28,0.008819147081782263,QQQ,HAR-RV
2021-07-29,0.0082471421081191,QQQ,HAR-RV
2021-07-30,0.008158698804443941,QQQ,HAR-RV
2021-08-02,0.007667448542181156,QQQ,HAR-RV
2021-08-03,0.00671473649918977,QQQ,HAR-RV
2021-08-04,0.006866954959150917,QQQ,HAR-RV
2021-08-05,0.005756284870750517,QQQ,HAR-RV
2021-08-06,0.005678101042521852,QQQ,HAR-RV
2021-08-09,0.0059812823711667094,QQQ,HAR-RV
2021-08-10,0.006014340121900184,QQQ,HAR-RV
2021-08-11,0.006276974604356279,QQQ,HAR-RV
2021-08-12,0.005772604666293882,QQQ,HAR-RV
2021-08-13,0.006000181710631822,QQQ,HAR-RV
2021-08-16,0.005545665366122588,QQQ,HAR-RV
2021-08-17,0.0054153066119355395,QQQ,HAR-RV
2021-08-18,0.0055014461332635505,QQQ,HAR-RV
2021-08-19,0.005320403334200007,QQQ,HAR-RV
2021-08-20,0.006046767121410738,QQQ,HAR-RV
2021-08-23,0.006574163144465036,QQQ,HAR-RV
2021-08-24,0.007123932802883234,QQQ,HAR-RV
2021-08-25,0.00833364876440456,QQQ,HAR-RV
2021-08-26,0.00839775043990655,QQQ,HAR-RV
2021-08-27,0.007686299728836692,QQQ,HAR-RV
2021-08-30,0.007435308579735428,QQQ,HAR-RV
2021-08-31,0.0071582730727721595,QQQ,HAR-RV
2021-09-01,0.006669354251151343,QQQ,HAR-RV
2021-09-02,0.00723713494942286,QQQ,HAR-RV
2021-09-03,0.0073037212090540735,QQQ,HAR-RV
2021-09-07,0.006721452091533551,QQQ,HAR-RV
2021-09-08,0.005693461625718689,QQQ,HAR-RV
2021-09-09,0.004505327749859519,QQQ,HAR-RV
2021-09-10,0.004625218743777009,QQQ,HAR-RV
2021-09-13,0.005012765294038797,QQQ,HAR-RV
2021-09-14,0.005415240378015123,QQQ,HAR-RV
2021-09-15,0.00559501978362874,QQQ,HAR-RV
2021-09-16,0.0055965368184085085,QQQ,HAR-RV
2021-09-17,0.005627992051236335,QQQ,HAR-RV
2021-09-20,0.005946838606894089,QQQ,HAR-RV
2021-09-21,0.005793901282194023,QQQ,HAR-RV
2021-09-22,0.00731935774891689,QQQ,HAR-RV
2021-09-23,0.008647603907455137,QQQ,HAR-RV
2021-09-24,0.008141307585953902,QQQ,HAR-RV
2021-09-27,0.008977098437570831,QQQ,HAR-RV
2021-09-28,0.008449163370424366,QQQ,HAR-RV
2021-09-29,0.006612042742960195,QQQ,HAR-RV
2021-09-30,0.007447279025189535,QQQ,HAR-RV
2021-10-01,0.009802290276598366,QQQ,HAR-RV
2021-10-04,0.008818476221860055,QQQ,HAR-RV
2021-10-05,0.009349087202992021,QQQ,HAR-RV
2021-10-06,0.009073514505157402,QQQ,HAR-RV
2021-10-07,0.007921181750836179,QQQ,HAR-RV
2021-10-08,0.009599314204601384,QQQ,HAR-RV
2021-10-11,0.00979649924088692,QQQ,HAR-RV
2021-10-12,0.01010455664752825,QQQ,HAR-RV
2021-10-13,0.0081797752632736,QQQ,HAR-RV
2021-10-14,0.007578518125380501,QQQ,HAR-RV
2021-10-15,0.007330537612081517,QQQ,HAR-RV
2021-10-18,0.007185090977616894,QQQ,HAR-RV
2021-10-19,0.008824944652572615,QQQ,HAR-RV
2021-10-20,0.008679769055036106,QQQ,HAR-RV
2021-10-21,0.009376863205455555,QQQ,HAR-RV
2021-10-22,0.009267442884511742,QQQ,HAR-RV
2021-10-25,0.007457707423345281,QQQ,HAR-RV
2021-10-26,0.007367271864743821,QQQ,HAR-RV
2021-10-27,0.007182245100139054,QQQ,HAR-RV
2021-10-28,0.0074862863253423815,QQQ,HAR-RV
2021-10-29,0.0077426803436249254,QQQ,HAR-RV
2021-11-01,0.007119978572050236,QQQ,HAR-RV
2021-11-02,0.007464965223592024,QQQ,HAR-RV
2021-11-03,0.006951104638775502,QQQ,HAR-RV
2021-11-04,0.007018795227322188,QQQ,HAR-RV
2021-11-05,0.007090525188715412,QQQ,HAR-RV
2021-11-08,0.006981187731490451,QQQ,HAR-RV
2021-11-09,0.0077260268605005905,QQQ,HAR-RV
2021-11-10,0.007379265282853059,QQQ,HAR-RV
2021-11-11,0.0071616657988284515,QQQ,HAR-RV
2021-11-12,0.00675989562041703,QQQ,HAR-RV
2021-11-15,0.007068552116971971,QQQ,HAR-RV
2021-11-16,0.007193660183793717,QQQ,HAR-RV
2021-11-17,0.008107447410837599,QQQ,HAR-RV
2021-11-18,0.007316767431554466,QQQ,HAR-RV
2021-11-19,0.006550822985470993,QQQ,HAR-RV
2021-11-22,0.006218949527304191,QQQ,HAR-RV
2021-11-23,0.006359541887491142,QQQ,HAR-RV
2021-11-24,0.006868035881865143,QQQ,HAR-RV
2021-11-26,0.007392030053787011,QQQ,HAR-RV
2021-11-29,0.007909603992216569,QQQ,HAR-RV
2021-11-30,0.007263451904506842,QQQ,HAR-RV
2021-12-01,0.008940856482160852,QQQ,HAR-RV
2021-12-02,0.0100982253543508,QQQ,HAR-RV
2021-12-03,0.011211115557807527,QQQ,HAR-RV
2021-12-06,0.012922703380544921,QQQ,HAR-RV
2021-12-07,0.011435504318504864,QQQ,HAR-RV
2021-12-08,0.011341629125254224,QQQ,HAR-RV
2021-12-09,0.009816916943190562,QQQ,HAR-RV
2021-12-10,0.012398825269084406,QQQ,HAR-RV
2021-12-13,0.011866788858613121,QQQ,HAR-RV
2021-12-14,0.011777814677342178,QQQ,HAR-RV
2021-12-15,0.011986452700387146,QQQ,HAR-RV
2021-12-16,0.01027981917168695,QQQ,HAR-RV
2021-12-17,0.010822562940233028,QQQ,HAR-RV
2021-12-20,0.011715330749960942,QQQ,HAR-RV
2021-12-21,0.014656857328566426,QQQ,HAR-RV
2021-12-22,0.013427314575994184,QQQ,HAR-RV
2021-12-23,0.012871628932685283,QQQ,HAR-RV
2021-12-27,0.01307957766324858,QQQ,HAR-RV
2021-12-28,0.01140206013073374,QQQ,HAR-RV
2021-12-29,0.011258558437098672,QQQ,HAR-RV
2021-12-30,0.012218541502384236,QQQ,HAR-RV
2021-12-31,0.009740769061445739,QQQ,HAR-RV
2022-01-03,0.00786278703391911,QQQ,HAR-RV
2022-01-04,0.007147726410996843,QQQ,HAR-RV
2022-01-05,0.005752128468710451,QQQ,HAR-RV
2022-01-06,0.007065596604514858,QQQ,HAR-RV
2022-01-07,0.007911213988172289,QQQ,HAR-RV
2022-01-10,0.013126283516094614,QQQ,HAR-RV
2022-01-11,0.011617475363998075,QQQ,HAR-RV
2022-01-12,0.012337955819146457,QQQ,HAR-RV
2022-01-13,0.009936850175945425,QQQ,HAR-RV
2022-01-14,0.008725927023637125,QQQ,HAR-RV
2022-01-18,0.007796928432609141,QQQ,HAR-RV
2022-01-19,0.01097938187836228,QQQ,HAR-RV
2022-01-20,0.01028360087492194,QQQ,HAR-RV
2022-01-21,0.01241687685819842,QQQ,HAR-RV
2022-01-24,0.013554097034508286,QQQ,HAR-RV
2022-01-25,0.01080004708657545,QQQ,HAR-RV
2022-01-26,0.01547099158983642,QQQ,HAR-RV
2022-01-27,0.011130016502634668,QQQ,HAR-RV
2022-01-28,0.014042203282761876,QQQ,HAR-RV
2022-01-31,0.011887787235572891,QQQ,HAR-RV
2022-02-01,0.009371573111798839,QQQ,HAR-RV
2022-02-02,0.012320081822297997,QQQ,HAR-RV
2022-02-03,0.013965349136187766,QQQ,HAR-RV
2022-02-04,0.01475734615111912,QQQ,HAR-RV
2022-02-07,0.012586764641914563,QQQ,HAR-RV
2022-02-08,0.015299934615687285,QQQ,HAR-RV
2022-02-09,0.013749835854579302,QQQ,HAR-RV
2022-02-10,0.014197265763159404,QQQ,HAR-RV
2022-02-11,0.014461809259019754,QQQ,HAR-RV
2022-02-14,0.013571128802698234,QQQ,HAR-RV
2022-02-15,0.013391892376154572,QQQ,HAR-RV
2022-02-16,0.01816638137155222,QQQ,HAR-RV
2022-02-17,0.014902208020033428,QQQ,HAR-RV
2022-02-18,0.01782161492967805,QQQ,HAR-RV
2022-02-22,0.012994108669969296,QQQ,HAR-RV
2022-02-23,0.014675876044215157,QQQ,HAR-RV
2022-02-24,0.016022272551446372,QQQ,HAR-RV
2022-02-25,0.01451907182051049,QQQ,HAR-RV
2022-02-28,0.01681705310937422,QQQ,HAR-RV
2022-03-01,0.017734238639547244,QQQ,HAR-RV
2022-03-02,0.01881747697127616,QQQ,HAR-RV
2022-03-03,0.01724086349930753,QQQ,HAR-RV
2022-03-04,0.016103912657053125,QQQ,HAR-RV
2022-03-07,0.014766961482659597,QQQ,HAR-RV
2022-03-08,0.015895570071163455,QQQ,HAR-RV
2022-03-09,0.014756829384488617,QQQ,HAR-RV
2022-03-10,0.01952959956064291,QQQ,HAR-RV
2022-03-11,0.015139754960774094,QQQ,HAR-RV
2022-03-14,0.020191384082932605,QQQ,HAR-RV
2022-03-15,0.018905830473445434,QQQ,HAR-RV
2022-03-16,0.018286315842681863,QQQ,HAR-RV
2022-03-17,0.018808148659591403,QQQ,HAR-RV
2022-03-18,0.017650527452012132,QQQ,HAR-RV
2022-03-21,0.023042113759782802,QQQ,HAR-RV
2022-03-22,0.020426546991941803,QQQ,HAR-RV
2022-03-23,0.02267285456674991,QQQ,HAR-RV
2022-03-24,0.01825129098203499,QQQ,HAR-RV
2022-03-25,0.01809220762290492,QQQ,HAR-RV
2022-03-28,0.016939723971012545,QQQ,HAR-RV
2022-03-29,0.018857613302327218,QQQ,HAR-RV
2022-03-30,0.016298014521017343,QQQ,HAR-RV
2022-03-31,0.01570458941206734,QQQ,HAR-RV
2022-04-01,0.016667085798953103,QQQ,HAR-RV
2022-04-04,0.014905031166087844,QQQ,HAR-RV
2022-04-05,0.016980732984121123,QQQ,HAR-RV
2022-04-06,0.014005521840237244,QQQ,HAR-RV
2022-04-07,0.014556402665179548,QQQ,HAR-RV
2022-04-08,0.014826455665460357,QQQ,HAR-RV
2022-04-11,0.017505929721153224,QQQ,HAR-RV
2022-04-12,0.01584692107375866,QQQ,HAR-RV
2022-04-13,0.014531916560342318,QQQ,HAR-RV
2022-04-14,0.016273846832138977,QQQ,HAR-RV
2022-04-18,0.013413064226658146,QQQ,HAR-RV
2022-04-19,0.014051935054029505,QQQ,HAR-RV
2022-04-20,0.016321368477828276,QQQ,HAR-RV
2022-04-21,0.012310102709887735,QQQ,HAR-RV
2022-04-22,0.014502875594279556,QQQ,HAR-RV
2022-04-25,0.01409845404125895,QQQ,HAR-RV
2022-04-26,0.013525103784929686,QQQ,HAR-RV
2022-04-27,0.017688226218749128,QQQ,HAR-RV
2022-04-28,0.013658792511498215,QQQ,HAR-RV
2022-04-29,0.021690706465949568,QQQ,HAR-RV
2022-05-02,0.016226959456912264,QQQ,HAR-RV
2022-05-03,0.016730473523799014,QQQ,HAR-RV
2022-05-04,0.022645578197589857,QQQ,HAR-RV
2022-05-05,0.02249744478488494,QQQ,HAR-RV
2022-05-06,0.02072826297750984,QQQ,HAR-RV
2022-05-09,0.018871643986697526,QQQ,HAR-RV
2022-05-10,0.024365894270936887,QQQ,HAR-RV
2022-05-11,0.020477479156204494,QQQ,HAR-RV
2022-05-12,0.028954990722943295,QQQ,HAR-RV
2022-05-13,0.023743696452879798,QQQ,HAR-RV
2022-05-16,0.0254391498120623,QQQ,HAR-RV
2022-05-17,0.019807800184292713,QQQ,HAR-RV
2022-05-18,0.02332836311088645,QQQ,HAR-RV
2022-05-19,0.021930373459821025,QQQ,HAR-RV
2022-05-20,0.018174516222777645,QQQ,HAR-RV
2022-05-23,0.028865883279249487,QQQ,HAR-RV
2022-05-24,0.025553638702371602,QQQ,HAR-RV
2022-05-25,0.02268735258814577,QQQ,HAR-RV
2022-05-26,0.020772875339829643,QQQ,HAR-RV
2022-05-27,0.01975780716879278,QQQ,HAR-RV
2022-05-31,0.01894286039395372,QQQ,HAR-RV
2022-06-01,0.020476429131704905,QQQ,HAR-RV
2022-06-02,0.02435927130608418,QQQ,HAR-RV
2022-06-03,0.021202712017466117,QQQ,HAR-RV
2022-06-06,0.018582480435190916,QQQ,HAR-RV
2022-06-07,0.018984872997821693,QQQ,HAR-RV
2022-06-08,0.02019901129294873,QQQ,HAR-RV
2022-06-09,0.018212519330880937,QQQ,HAR-RV
2022-06-10,0.018544170806454856,QQQ,HAR-RV
2022-06-13,0.01460704557263367,QQQ,HAR-RV
2022-06-14,0.01570017102359744,QQQ,HAR-RV
2022-06-15,0.016372020689147854,QQQ,HAR-RV
2022-06-16,0.02374668434590562,QQQ,HAR-RV
2022-06-17,0.02123913157984264,QQQ,HAR-RV
2022-06-21,0.019863858634845615,QQQ,HAR-RV
2022-06-22,0.02316086541027239,QQQ,HAR-RV
2022-06-23,0.018215022745575633,QQQ,HAR-RV
2022-06-24,0.02217687212370364,QQQ,HAR-RV
2022-06-27,0.019693296721565293,QQQ,HAR-RV
2022-06-28,0.01607530082825795,QQQ,HAR-RV
2022-06-29,0.02043875223890482,QQQ,HAR-RV
2022-06-30,0.016396559648873727,QQQ,HAR-RV
2022-07-01,0.021535175195521002,QQQ,HAR-RV
2022-07-05,0.018377905115870046,QQQ,HAR-RV
2022-07-06,0.01764272211413748,QQQ,HAR-RV
2022-07-07,0.01639199149546942,QQQ,HAR-RV
2022-07-08,0.016213054847473717,QQQ,HAR-RV
2022-07-11,0.014394411578459262,QQQ,HAR-RV
2022-07-12,0.017637342875795853,QQQ,HAR-RV
2022-07-13,0.014880502624075441,QQQ,HAR-RV
2022-07-14,0.016562596509646116,QQQ,HAR-RV
2022-07-15,0.016907887347945384,QQQ,HAR-RV
2022-07-18,0.014460793627485783,QQQ,HAR-RV
2022-07-19,0.012190813686446346,QQQ,HAR-RV
2022-07-20,0.013425929348478687,QQQ,HAR-RV
2022-07-21,0.010908055558836248,QQQ,HAR-RV
2022-07-22,0.014184076954541065,QQQ,HAR-RV
2022-07-25,0.015345327619433469,QQQ,HAR-RV
2022-07-26,0.014411570926775606,QQQ,HAR-RV
2022-07-27,0.01681458886632153,QQQ,HAR-RV
2022-07-28,0.013411780723003135,QQQ,HAR-RV
2022-07-29,0.01133106889946934,QQQ,HAR-RV
2022-08-01,0.01730243583908491,QQQ,HAR-RV
2022-08-02,0.015196646636295073,QQQ,HAR-RV
2022-08-03,0.01789124136087818,QQQ,HAR-RV
2022-08-04,0.01627206048713713,QQQ,HAR-RV
2022-08-05,0.011101205839503046,QQQ,HAR-RV
2022-08-08,0.014810636688056,QQQ,HAR-RV
2022-08-09,0.013373019063008227,QQQ,HAR-RV
2022-08-10,0.014120295696138633,QQQ,HAR-RV
2022-08-11,0.013481058059570606,QQQ,HAR-RV
2022-08-12,0.01049883041242335,QQQ,HAR-RV
2022-08-15,0.014862180412498718,QQQ,HAR-RV
2022-08-16,0.013308757964186178,QQQ,HAR-RV
2022-08-17,0.01593991297368156,QQQ,HAR-RV
2022-08-18,0.0160045775704133,QQQ,HAR-RV
2022-08-19,0.012965139839024085,QQQ,HAR-RV
2022-08-22,0.013954227014523259,QQQ,HAR-RV
2022-08-23,0.010941435034864342,QQQ,HAR-RV
2022-08-24,0.011015783194430067,QQQ,HAR-RV
2022-08-25,0.015500093613631498,QQQ,HAR-RV
2022-08-26,0.01448664070006292,QQQ,HAR-RV
2022-08-29,0.01271651375216087,QQQ,HAR-RV
2022-08-30,0.009921846052691339,QQQ,HAR-RV
2022-08-31,0.014653833487224545,QQQ,HAR-RV
2022-09-01,0.014971264647079976,QQQ,HAR-RV
2022-09-02,0.015836324233405273,QQQ,HAR-RV
2022-09-06,0.015582272445350707,QQQ,HAR-RV
2022-09-07,0.011119879795537984,QQQ,HAR-RV
2022-09-08,0.012339370306924315,QQQ,HAR-RV
2022-09-09,0.010880663818098643,QQQ,HAR-RV
2022-09-12,0.013637011862616987,QQQ,HAR-RV
2022-09-13,0.01230143623900543,QQQ,HAR-RV
2022-09-14,0.013847016078803363,QQQ,HAR-RV
2022-09-15,0.0098047596369783,QQQ,HAR-RV
2022-09-16,0.01786541544202043,QQQ,HAR-RV
2022-09-19,0.01687928791853987,QQQ,HAR-RV
2022-09-20,0.017776902805840572,QQQ,HAR-RV
2022-09-21,0.017095650578500703,QQQ,HAR-RV
2022-09-22,0.01473517645246418,QQQ,HAR-RV
2022-09-23,0.01347758719905953,QQQ,HAR-RV
2022-09-26,0.013938334167456951,QQQ,HAR-RV
2022-09-27,0.014111312348843743,QQQ,HAR-RV
2022-09-28,0.016041791317326637,QQQ,HAR-RV
2022-09-29,0.01597289128448168,QQQ,HAR-RV
2022-09-30,0.012483658750006444,QQQ,HAR-RV
2022-10-03,0.012223326652469765,QQQ,HAR-RV
2022-10-04,0.014434091550111793,QQQ,HAR-RV
2022-10-05,0.01473746442316122,QQQ,HAR-RV
2022-10-06,0.015130964681730084,QQQ,HAR-RV
2022-10-07,0.018671469508167497,QQQ,HAR-RV
2022-10-10,0.0171343519483928,QQQ,HAR-RV
2022-10-11,0.013222909517155112,QQQ,HAR-RV
2022-10-12,0.01755189243813634,QQQ,HAR-RV
2022-10-13,0.016158192037234752,QQQ,HAR-RV
2022-10-14,0.018150962891072084,QQQ,HAR-RV
2022-10-17,0.014505825645907085,QQQ,HAR-RV
2022-10-18,0.013742075267672123,QQQ,HAR-RV
2022-10-19,0.01431855963542852,QQQ,HAR-RV
2022-10-20,0.01770932886308587,QQQ,HAR-RV
2022-10-21,0.018072294016264458,QQQ,HAR-RV
2022-10-24,0.01754964420776649,QQQ,HAR-RV
2022-10-25,0.015042835367318338,QQQ,HAR-RV
2022-10-26,0.01641348134235425,QQQ,HAR-RV
2022-10-27,0.015433740801294105,QQQ,HAR-RV
2022-10-28,0.01570781169373095,QQQ,HAR-RV
2022-10-31,0.016822547278726774,QQQ,HAR-RV
2022-11-01,0.015444126775190126,QQQ,HAR-RV
2022-11-02,0.017664690403276673,QQQ,HAR-RV
2022-11-03,0.017724246696118398,QQQ,HAR-RV
2022-11-04,0.014758055927887339,QQQ,HAR-RV
2022-11-07,0.01663113367128075,QQQ,HAR-RV
2022-11-08,0.017152160502980095,QQQ,HAR-RV
2022-11-09,0.01775766968153309,QQQ,HAR-RV
2022-11-10,0.017740327868393697,QQQ,HAR-RV
2022-11-11,0.016130029578090715,QQQ,HAR-RV
2022-11-14,0.012739188050294609,QQQ,HAR-RV
2022-11-15,0.018270933022174266,QQQ,HAR-RV
2022-11-16,0.018822783638038267,QQQ,HAR-RV
2022-11-17,0.01790496451407382,QQQ,HAR-RV
2022-11-18,0.017272467836795917,QQQ,HAR-RV
2022-11-21,0.01821396974379405,QQQ,HAR-RV
2022-11-22,0.01807037512511485,QQQ,HAR-RV
2022-11-23,0.017234563571503922,QQQ,HAR-RV
2022-11-25,0.016585163808654706,QQQ,HAR-RV
2022-11-28,0.016649581823579174,QQQ,HAR-RV
2022-11-29,0.01690857141915399,QQQ,HAR-RV
2022-11-30,0.01633031969708633,QQQ,HAR-RV
2022-12-01,0.017306868411259044,QQQ,HAR-RV
2022-12-02,0.013650601114900691,QQQ,HAR-RV
2022-12-05,0.018063110909241203,QQQ,HAR-RV
2022-12-06,0.017619247969461,QQQ,HAR-RV
2022-12-07,0.01619481886568529,QQQ,HAR-RV
2022-12-08,0.01585686877680039,QQQ,HAR-RV
2022-12-09,0.017234988367605012,QQQ,HAR-RV
2022-12-12,0.016481862502237796,QQQ,HAR-RV
2022-12-13,0.017097468500915185,QQQ,HAR-RV
2022-12-14,0.016183650831880513,QQQ,HAR-RV
2022-12-15,0.015727216780781476,QQQ,HAR-RV
2022-12-16,0.016189077614389598,QQQ,HAR-RV
2022-12-19,0.01403490781409566,QQQ,HAR-RV
2022-12-20,0.0164597203176865,QQQ,HAR-RV
2022-12-21,0.015556511179915576,QQQ,HAR-RV
2022-12-22,0.01679098306979268,QQQ,HAR-RV
2022-12-23,0.015758112272104302,QQQ,HAR-RV
2022-12-27,0.014935587758954063,QQQ,HAR-RV
2022-12-28,0.016843412704314584,QQQ,HAR-RV
2022-12-29,0.01555598058402121,QQQ,HAR-RV
2022-12-30,0.015721715710989674,QQQ,HAR-RV
2023-01-03,0.014791689819340658,QQQ,HAR-RV
2023-01-04,0.016741270039269594,QQQ,HAR-RV
2023-01-05,0.015241623701201926,QQQ,HAR-RV
2023-01-06,0.01541287493168231,QQQ,HAR-RV
2023-01-09,0.014839604547450676,QQQ,HAR-RV
2023-01-10,0.013838548448044342,QQQ,HAR-RV
2023-01-11,0.015528033191341831,QQQ,HAR-RV
2023-01-12,0.015401520574506333,QQQ,HAR-RV
2023-01-13,0.014582253855200645,QQQ,HAR-RV
2023-01-17,0.015496992200988106,QQQ,HAR-RV
2023-01-18,0.01486573790047613,QQQ,HAR-RV
2023-01-19,0.01502813123596295,QQQ,HAR-RV
2023-01-20,0.014187955160195796,QQQ,HAR-RV
2023-01-23,0.014211507273031405,QQQ,HAR-RV
2023-01-24,0.013644933935231031,QQQ,HAR-RV
2023-01-25,0.014014716079796713,QQQ,HAR-RV
2023-01-26,0.01519876187112915,QQQ,HAR-RV
2023-01-27,0.014987667607410712,QQQ,HAR-RV
2023-01-30,0.013680389685226287,QQQ,HAR-RV
2023-01-31,0.01447906566209196,QQQ,HAR-RV
2023-02-01,0.013800942283481419,QQQ,HAR-RV
2023-02-02,0.014422942140489219,QQQ,HAR-RV
2023-02-03,0.014442073174394894,QQQ,HAR-RV
2023-02-06,0.014254316809206389,QQQ,HAR-RV
2023-02-07,0.015642550872575725,QQQ,HAR-RV
2023-02-08,0.016009333726387923,QQQ,HAR-RV
2023-02-09,0.015536301140836152,QQQ,HAR-RV
2023-02-10,0.015381799394860061,QQQ,HAR-RV
2023-02-13,0.015541497439743063,QQQ,HAR-RV
2023-02-14,0.01549996211803491,QQQ,HAR-RV
2023-02-15,0.014979100543499478,QQQ,HAR-RV
2023-02-16,0.015345075494963039,QQQ,HAR-RV
2023-02-17,0.015327808887627381,QQQ,HAR-RV
2023-02-21,0.014900278569533135,QQQ,HAR-RV
2023-02-22,0.015557482614258256,QQQ,HAR-RV
2023-02-23,0.014726987823160127,QQQ,HAR-RV
2023-02-24,0.01564220392208244,QQQ,HAR-RV
2023-02-27,0.01502681393190455,QQQ,HAR-RV
2023-02-28,0.014707933667054317,QQQ,HAR-RV
2023-03-01,0.015245074570926165,QQQ,HAR-RV
2023-03-02,0.01493429735019922,QQQ,HAR-RV
2023-03-03,0.014578353602732168,QQQ,HAR-RV
2023-03-06,0.014566694290840305,QQQ,HAR-RV
2023-03-07,0.013805308408438846,QQQ,HAR-RV
2023-03-08,0.014457386664865027,QQQ,HAR-RV
2023-03-09,0.01344088821707047,QQQ,HAR-RV
2023-03-10,0.013710022900798157,QQQ,HAR-RV
2023-03-13,0.013259496274950162,QQQ,HAR-RV
2023-03-14,0.013140904709929424,QQQ,HAR-RV
2023-03-15,0.013651417097765961,QQQ,HAR-RV
2023-03-16,0.012981882214432371,QQQ,HAR-RV
2023-03-17,0.01425863812535393,QQQ,HAR-RV
2023-03-20,0.013132700326536352,QQQ,HAR-RV
2023-03-21,0.01409837950963236,QQQ,HAR-RV
2023-03-22,0.014034785880928083,QQQ,HAR-RV
2023-03-23,0.013119703841680286,QQQ,HAR-RV
2023-03-24,0.01331218980732316,QQQ,HAR-RV
2023-03-27,0.012859243829933394,QQQ,HAR-RV
2023-03-28,0.013192666197587025,QQQ,HAR-RV
2023-03-29,0.012917933930630317,QQQ,HAR-RV
2023-03-30,0.012660829446267004,QQQ,HAR-RV
2023-03-31,0.012316913790454305,QQQ,HAR-RV
2023-04-03,0.012973671945510672,QQQ,HAR-RV
2023-04-04,0.012632498269216521,QQQ,HAR-RV
2023-04-05,0.013063151262989497,QQQ,HAR-RV
2023-04-06,0.012772035951244282,QQQ,HAR-RV
2023-04-10,0.01262346803729673,QQQ,HAR-RV
2023-04-11,0.012649669517696558,QQQ,HAR-RV
2023-04-12,0.012794763046066322,QQQ,HAR-RV
2023-04-13,0.012486897280956873,QQQ,HAR-RV
2023-04-14,0.012080565081714723,QQQ,HAR-RV
2023-04-17,0.012061453089832804,QQQ,HAR-RV
2023-04-18,0.011632886529092999,QQQ,HAR-RV
2023-04-19,0.011379345116099678,QQQ,HAR-RV
2023-04-20,0.011176853665860033,QQQ,HAR-RV
2023-04-21,0.010721025763875455,QQQ,HAR-RV
2023-04-24,0.01020044731055696,QQQ,HAR-RV
2023-04-25,0.009634091703516156,QQQ,HAR-RV
2023-04-26,0.00972064629820152,QQQ,HAR-RV
2023-04-27,0.009437336627223146,QQQ,HAR-RV
2023-04-28,0.010318201998880389,QQQ,HAR-RV
2023-05-01,0.01058688999159296,QQQ,HAR-RV
2023-05-02,0.010483841499507356,QQQ,HAR-RV
2023-05-03,0.009964052285855111,QQQ,HAR-RV
2023-05-04,0.00983840354758909,QQQ,HAR-RV
2023-05-05,0.009638725188499609,QQQ,HAR-RV
2023-05-08,0.00966229503095143,QQQ,HAR-RV
2023-05-09,0.009398828222859062,QQQ,HAR-RV
2023-05-10,0.009448274356704008,QQQ,HAR-RV
2023-05-11,0.009493943711160219,QQQ,HAR-RV
2023-05-12,0.009682462381282744,QQQ,HAR-RV
2023-05-15,0.010246424134400762,QQQ,HAR-RV
2023-05-16,0.009562198048524843,QQQ,HAR-RV
2023-05-17,0.009085150056863589,QQQ,HAR-RV
2023-05-18,0.009660322616310684,QQQ,HAR-RV
2023-05-19,0.009682264600063772,QQQ,HAR-RV
2023-05-22,0.009844487352400611,QQQ,HAR-RV
2023-05-23,0.010132279206890322,QQQ,HAR-RV
2023-05-24,0.010049511197963153,QQQ,HAR-RV
2023-05-25,0.010111497329478008,QQQ,HAR-RV
2023-05-26,0.010510205184190671,QQQ,HAR-RV
2023-05-30,0.010792129979972665,QQQ,HAR-RV
2023-05-31,0.010796003177642476,QQQ,HAR-RV
2023-06-01,0.010022228822860982,QQQ,HAR-RV
2023-06-02,0.010102253163547063,QQQ,HAR-RV
2023-06-05,0.010244404843995322,QQQ,HAR-RV
2023-06-06,0.010236912976422785,QQQ,HAR-RV
2023-06-07,0.010335966031130593,QQQ,HAR-RV
2023-06-08,0.010393165748454029,QQQ,HAR-RV
2023-06-09,0.01035555816099794,QQQ,HAR-RV
2023-06-12,0.010427346974387047,QQQ,HAR-RV
2023-06-13,0.010320653717804855,QQQ,HAR-RV
2023-06-14,0.010136470301278594,QQQ,HAR-RV
2023-06-15,0.009942300772166488,QQQ,HAR-RV
2023-06-16,0.01038444865080108,QQQ,HAR-RV
2023-06-20,0.010620788665038558,QQQ,HAR-RV
2023-06-21,0.010582534246728234,QQQ,HAR-RV
2023-06-22,0.010594856738856845,QQQ,HAR-RV
2023-06-23,0.010439968166444283,QQQ,HAR-RV
2023-06-26,0.01061858948964465,QQQ,HAR-RV
2023-06-27,0.010875510164651154,QQQ,HAR-RV
2023-06-28,0.01069981409677864,QQQ,HAR-RV
2023-06-29,0.010625923484629603,QQQ,HAR-RV
2023-06-30,0.009896939779913964,QQQ,HAR-RV
2023-07-03,0.009564496629304236,QQQ,HAR-RV
2023-07-05,0.009885669598581432,QQQ,HAR-RV
2023-07-06,0.009765570040978153,QQQ,HAR-RV
2023-07-07,0.009776019835805295,QQQ,HAR-RV
2023-07-10,0.00973265512507171,QQQ,HAR-RV
2023-07-11,0.009619095107104,QQQ,HAR-RV
2023-07-12,0.009935988137207086,QQQ,HAR-RV
2023-07-13,0.009500354463586186,QQQ,HAR-RV
2023-07-14,0.009533350828721225,QQQ,HAR-RV
2023-07-17,0.009695659560561773,QQQ,HAR-RV
2023-07-18,0.008665663913582216,QQQ,HAR-RV
2023-07-19,0.008734356790084845,QQQ,HAR-RV
2023-07-20,0.0085170476300629,QQQ,HAR-RV
2023-07-21,0.008494407129869302,QQQ,HAR-RV
2023-07-24,0.009353926282452164,QQQ,HAR-RV
2023-07-25,0.00879821575385091,QQQ,HAR-RV
2023-07-26,0.008484940580426018,QQQ,HAR-RV
2023-07-27,0.008439882920423719,QQQ,HAR-RV
2023-07-28,0.007906414392604413,QQQ,HAR-RV
2023-07-31,0.008216164636333475,QQQ,HAR-RV
2023-08-01,0.007866271544092375,QQQ,HAR-RV
2023-08-02,0.0075049378497765076,QQQ,HAR-RV
2023-08-03,0.007946500236050513,QQQ,HAR-RV
2023-08-04,0.00768777478996406,QQQ,HAR-RV
2023-08-07,0.007594505018124753,QQQ,HAR-RV
2023-08-08,0.008180245684088712,QQQ,HAR-RV
2023-08-09,0.007983620386627616,QQQ,HAR-RV
2023-08-10,0.008066823736804712,QQQ,HAR-RV
2023-08-11,0.00871392254747492,QQQ,HAR-RV
2023-08-14,0.008472152272349317,QQQ,HAR-RV
2023-08-15,0.008093683168433273,QQQ,HAR-RV
2023-08-16,0.007942639645773106,QQQ,HAR-RV
2023-08-17,0.008281894773667899,QQQ,HAR-RV
2023-08-18,0.008391357643108844,QQQ,HAR-RV
2023-08-21,0.008180459703250247,QQQ,HAR-RV
2023-08-22,0.008290058487099364,QQQ,HAR-RV
2023-08-23,0.008059171706025483,QQQ,HAR-RV
2023-08-24,0.00811050629880045,QQQ,HAR-RV
2023-08-25,0.008825200776925465,QQQ,HAR-RV
2023-08-28,0.009223160075181742,QQQ,HAR-RV
2023-08-29,0.008973693784518313,QQQ,HAR-RV
2023-08-30,0.009462656289971545,QQQ,HAR-RV
2023-08-31,0.009223400772066294,QQQ,HAR-RV
2023-09-01,0.009488909038329057,QQQ,HAR-RV
2023-09-05,0.0097881287674197,QQQ,HAR-RV
2023-09-06,0.00911456814753928,QQQ,HAR-RV
2023-09-07,0.009124372056710104,QQQ,HAR-RV
2023-09-08,0.009371204043524248,QQQ,HAR-RV
2023-09-11,0.009264373601706845,QQQ,HAR-RV
2023-09-12,0.008989106803183275,QQQ,HAR-RV
2023-09-13,0.009035619737736623,QQQ,HAR-RV
2023-09-14,0.009181335047358994,QQQ,HAR-RV
2023-09-15,0.00902558954869058,QQQ,HAR-RV
2023-09-18,0.009054799159294536,QQQ,HAR-RV
2023-09-19,0.008844137625767221,QQQ,HAR-RV
2023-09-20,0.008754183198795507,QQQ,HAR-RV
2023-09-21,0.008659490348372077,QQQ,HAR-RV
2023-09-22,0.008873156281571482,QQQ,HAR-RV
2023-09-25,0.008745097170055446,QQQ,HAR-RV
2023-09-26,0.00909829099296832,QQQ,HAR-RV
2023-09-27,0.008689150670814277,QQQ,HAR-RV
2023-09-28,0.00818494137048439,QQQ,HAR-RV
2023-09-29,0.0083571489846941,QQQ,HAR-RV
2023-10-02,0.008320393516328649,QQQ,HAR-RV
2023-10-03,0.007812083264850877,QQQ,HAR-RV
2023-10-04,0.0077956027598644565,QQQ,HAR-RV
2023-10-05,0.008323379759683426,QQQ,HAR-RV
2023-10-06,0.008480249723816408,QQQ,HAR-RV
2023-10-09,0.008814471583827537,QQQ,HAR-RV
2023-10-10,0.008543586242355412,QQQ,HAR-RV
2023-10-11,0.008715450588414697,QQQ,HAR-RV
2023-10-12,0.008965304449069431,QQQ,HAR-RV
2023-10-13,0.008983679932471936,QQQ,HAR-RV
2023-10-16,0.009229575513556264,QQQ,HAR-RV
2023-10-17,0.0086305953808175,QQQ,HAR-RV
2023-10-18,0.00875577467846433,QQQ,HAR-RV
2023-10-19,0.009198500995001265,QQQ,HAR-RV
2023-10-20,0.008493709552680877,QQQ,HAR-RV
2023-10-23,0.009082128998218848,QQQ,HAR-RV
2023-10-24,0.008377614578780286,QQQ,HAR-RV
2023-10-25,0.009361946419286029,QQQ,HAR-RV
2023-10-26,0.008928887704329019,QQQ,HAR-RV
2023-10-27,0.007935724985256914,QQQ,HAR-RV
2023-10-30,0.008508959117348924,QQQ,HAR-RV
2023-10-31,0.010089286155080828,QQQ,HAR-RV
2023-11-01,0.009625208439588704,QQQ,HAR-RV
2023-11-02,0.010235037322313375,QQQ,HAR-RV
2023-11-03,0.009566321079984378,QQQ,HAR-RV
2023-11-06,0.009522097154896485,QQQ,HAR-RV
2023-11-07,0.009894295227443381,QQQ,HAR-RV
2023-11-08,0.01050553798905805,QQQ,HAR-RV
2023-11-09,0.009902961486352859,QQQ,HAR-RV
2023-11-10,0.010360294387522201,QQQ,HAR-RV
2023-11-13,0.010066957653661064,QQQ,HAR-RV
2023-11-14,0.009319741742867801,QQQ,HAR-RV
2023-11-15,0.010904321752563126,QQQ,HAR-RV
2023-11-16,0.009392388416494164,QQQ,HAR-RV
2023-11-17,0.010702630641066257,QQQ,HAR-RV
2023-11-20,0.010475768581859685,QQQ,HAR-RV
2023-11-21,0.010287171769901935,QQQ,HAR-RV
2023-11-22,0.009527655452343905,QQQ,HAR-RV
2023-11-24,0.009628968650967514,QQQ,HAR-RV
2023-11-27,0.009634334698931733,QQQ,HAR-RV
2023-11-28,0.009400292637776725,QQQ,HAR-RV
2023-11-29,0.008809804668626249,QQQ,HAR-RV
2023-11-30,0.008209669018052401,QQQ,HAR-RV
2023-12-01,0.00787949669178546,QQQ,HAR-RV
2023-12-04,0.007493067256260833,QQQ,HAR-RV
2023-12-05,0.007492406499023711,QQQ,HAR-RV
2023-12-06,0.007109606600731181,QQQ,HAR-RV
2023-12-07,0.007142581451445158,QQQ,HAR-RV
2023-12-08,0.0070988244045086185,QQQ,HAR-RV
2023-12-11,0.0070850197844216384,QQQ,HAR-RV
2023-12-12,0.007570901561220378,QQQ,HAR-RV
2023-12-13,0.007478390915829355,QQQ,HAR-RV
2023-12-14,0.007720286462172819,QQQ,HAR-RV
2023-12-15,0.007207283680858125,QQQ,HAR-RV
2023-12-18,0.007464622006105693,QQQ,HAR-RV
2023-12-19,0.006903008977914546,QQQ,HAR-RV
2023-12-20,0.0069593876293842245,QQQ,HAR-RV
2023-12-21,0.0072543170527654705,QQQ,HAR-RV
2023-12-22,0.006902773727640962,QQQ,HAR-RV
2023-12-26,0.007374375002712941,QQQ,HAR-RV
2023-12-27,0.007930727120369444,QQQ,HAR-RV
2023-12-28,0.00752247149866334,QQQ,HAR-RV
2023-12-29,0.007621373394755951,QQQ,HAR-RV
2024-01-02,0.0072269488332784805,QQQ,HAR-RV
2024-01-03,0.006992959722556544,QQQ,HAR-RV
2024-01-04,0.0068552673522590726,QQQ,HAR-RV
2024-01-05,0.007504317229380044,QQQ,HAR-RV
2024-01-08,0.0080485187751561,QQQ,HAR-RV
2024-01-09,0.008421150143647102,QQQ,HAR-RV
2024-01-10,0.006623607141081885,QQQ,HAR-RV
2024-01-11,0.008540645362265759,QQQ,HAR-RV
2024-01-12,0.007949473178043679,QQQ,HAR-RV
2024-01-16,0.008343047317648221,QQQ,HAR-RV
2024-01-17,0.008242688586582603,QQQ,HAR-RV
2024-01-18,0.008292706607267076,QQQ,HAR-RV
2024-01-19,0.00785568919562135,QQQ,HAR-RV
2024-01-22,0.007589057893861576,QQQ,HAR-RV
2024-01-23,0.007169798884591986,QQQ,HAR-RV
2024-01-24,0.008103270115646885,QQQ,HAR-RV
2024-01-25,0.007832162253010548,QQQ,HAR-RV
2024-01-26,0.0076073302967603895,QQQ,HAR-RV
2024-01-29,0.007915943934387328,QQQ,HAR-RV
2024-01-30,0.008021213969365412,QQQ,HAR-RV
2024-01-31,0.007617049494006701,QQQ,HAR-RV
2024-02-01,0.007905945708749508,QQQ,HAR-RV
2024-02-02,0.007361799710115656,QQQ,HAR-RV
2024-02-05,0.007588183976856084,QQQ,HAR-RV
2024-02-06,0.007035873504868623,QQQ,HAR-RV
2024-02-07,0.0074270985896785005,QQQ,HAR-RV
2024-02-08,0.007565652826452064,QQQ,HAR-RV
2024-02-09,0.007794283274376367,QQQ,HAR-RV
2024-02-12,0.008095242184616934,QQQ,HAR-RV
2024-02-13,0.008226827678755037,QQQ,HAR-RV
2024-02-14,0.008281124124837454,QQQ,HAR-RV
2024-02-15,0.007823465723084904,QQQ,HAR-RV
2024-02-16,0.007867128487634592,QQQ,HAR-RV
2024-02-20,0.007874074962093818,QQQ,HAR-RV
2024-02-21,0.00788385571686009,QQQ,HAR-RV
2024-02-22,0.007602577348854571,QQQ,HAR-RV
2024-02-23,0.008199009378690777,QQQ,HAR-RV
2024-02-26,0.007136454707148293,QQQ,HAR-RV
2024-02-27,0.0073855991994366404,QQQ,HAR-RV
2024-02-28,0.00778316444553301,QQQ,HAR-RV
2024-02-29,0.007957985130262704,QQQ,HAR-RV
2024-03-01,0.007889259536292001,QQQ,HAR-RV
2024-03-04,0.008970511830776776,QQQ,HAR-RV
2024-03-05,0.008324939369096427,QQQ,HAR-RV
2024-03-06,0.008215984469322118,QQQ,HAR-RV
2024-03-07,0.007299263575396403,QQQ,HAR-RV
2024-03-08,0.007379540079460786,QQQ,HAR-RV
2024-03-11,0.007119809739882071,QQQ,HAR-RV
2024-03-12,0.007154642219072677,QQQ,HAR-RV
2024-03-13,0.007359997570825309,QQQ,HAR-RV
2024-03-14,0.0073682715901354535,QQQ,HAR-RV
2024-03-15,0.007395080217888242,QQQ,HAR-RV
2024-03-18,0.008173066640680807,QQQ,HAR-RV
2024-03-19,0.008150065044393407,QQQ,HAR-RV
2024-03-20,0.007909571041678318,QQQ,HAR-RV
2024-03-21,0.0087583716364921,QQQ,HAR-RV
2024-03-22,0.00833070584688612,QQQ,HAR-RV
2024-03-25,0.008375046124775219,QQQ,HAR-RV
2024-03-26,0.008947540584894852,QQQ,HAR-RV
2024-03-27,0.008951792647538126,QQQ,HAR-RV
2024-03-28,0.0087539806197304,QQQ,HAR-RV
2024-04-01,0.009064411756940413,QQQ,HAR-RV
2024-04-02,0.008969184752649155,QQQ,HAR-RV
2024-04-03,0.008919379563245098,QQQ,HAR-RV
2024-04-04,0.008491273977305253,QQQ,HAR-RV
2024-04-05,0.008685809542255955,QQQ,HAR-RV
2024-04-08,0.008017747146401326,QQQ,HAR-RV
2024-04-09,0.007701218994299318,QQQ,HAR-RV
2024-04-10,0.007812356845008557,QQQ,HAR-RV
2024-04-11,0.00785576525725419,QQQ,HAR-RV
2024-04-12,0.0077059157603468565,QQQ,HAR-RV
2024-04-15,0.007875566214055486,QQQ,HAR-RV
2024-04-16,0.007917519525198424,QQQ,HAR-RV
2024-04-17,0.00724407214631037,QQQ,HAR-RV
2024-04-18,0.007502984739700745,QQQ,HAR-RV
2024-04-19,0.0073233629640932435,QQQ,HAR-RV
2024-04-22,0.007906387695456525,QQQ,HAR-RV
2024-04-23,0.0076315851180859765,QQQ,HAR-RV
2024-04-24,0.007942941330024624,QQQ,HAR-RV
2024-04-25,0.007548283903463589,QQQ,HAR-RV
2024-04-26,0.007665642270858558,QQQ,HAR-RV
2024-04-29,0.007876839763948438,QQQ,HAR-RV
2024-04-30,0.007476502506392986,QQQ,HAR-RV
2024-05-01,0.008121709502051273,QQQ,HAR-RV
2024-05-02,0.007292984903103645,QQQ,HAR-RV
2024-05-03,0.007835930295686131,QQQ,HAR-RV
2024-05-06,0.00778313977819478,QQQ,HAR-RV
2024-05-07,0.007530257815840342,QQQ,HAR-RV
2024-05-08,0.007668945693170644,QQQ,HAR-RV
2024-05-09,0.008122186444092327,QQQ,HAR-RV
2024-05-10,0.008034655993405505,QQQ,HAR-RV
2024-05-13,0.00784415216586906,QQQ,HAR-RV
2024-05-14,0.007759695615225677,QQQ,HAR-RV
2024-05-15,0.00781930263217935,QQQ,HAR-RV
2024-05-16,0.008051710275598275,QQQ,HAR-RV
2024-05-17,0.007661512509976486,QQQ,HAR-RV
2024-05-20,0.007931436363165952,QQQ,HAR-RV
2024-05-21,0.007982374378099219,QQQ,HAR-RV
2024-05-22,0.007779906613775519,QQQ,HAR-RV
2024-05-23,0.008014207514625978,QQQ,HAR-RV
2024-05-24,0.007986846225062308,QQQ,HAR-RV
2024-05-28,0.008116631167654823,QQQ,HAR-RV
2024-05-29,0.007887246804259979,QQQ,HAR-RV
2024-05-30,0.007974797569953809,QQQ,HAR-RV
2024-05-31,0.008091297745577155,QQQ,HAR-RV
2024-06-03,0.00799192402952574,QQQ,HAR-RV
2024-06-04,0.008352551351549853,QQQ,HAR-RV
2024-06-05,0.00814442353428471,QQQ,HAR-RV
2024-06-06,0.008558426565199324,QQQ,HAR-RV
2024-06-07,0.007802180715599244,QQQ,HAR-RV
2024-06-10,0.008427908136117995,QQQ,HAR-RV
2024-06-11,0.008265590619477936,QQQ,HAR-RV
2024-06-12,0.008068314882109896,QQQ,HAR-RV
2024-06-13,0.008072145170103214,QQQ,HAR-RV
2024-06-14,0.007672673012706777,QQQ,HAR-RV
2024-06-17,0.007953929267798575,QQQ,HAR-RV
2024-06-18,0.008114012954724678,QQQ,HAR-RV
2024-06-20,0.007749716343091611,QQQ,HAR-RV
2024-06-21,0.00799182320344088,QQQ,HAR-RV
2024-06-24,0.007740811890837423,QQQ,HAR-RV
2024-06-25,0.007918769493314428,QQQ,HAR-RV
2024-06-26,0.007771466886871403,QQQ,HAR-RV
2024-06-27,0.007690973216012286,QQQ,HAR-RV
2024-06-28,0.007887791222035397,QQQ,HAR-RV
2024-07-01,0.007808290111644137,QQQ,HAR-RV
2024-07-02,0.007827489858601305,QQQ,HAR-RV
2024-07-03,0.007647184529651642,QQQ,HAR-RV
2024-07-05,0.0076822972193285625,QQQ,HAR-RV
2024-07-08,0.007773330941386833,QQQ,HAR-RV
2024-07-09,0.007803794318259409,QQQ,HAR-RV
2024-07-10,0.00772849052631966,QQQ,HAR-RV
2024-07-11,0.007737886855908964,QQQ,HAR-RV
2024-07-12,0.007890770191824149,QQQ,HAR-RV
2024-07-15,0.007951260296381218,QQQ,HAR-RV
2024-07-16,0.007772679996072618,QQQ,HAR-RV
2024-07-17,0.00767899147347233,QQQ,HAR-RV
2024-07-18,0.008062750260412747,QQQ,HAR-RV
2024-07-19,0.007572993525467503,QQQ,HAR-RV
2024-07-22,0.007926379348250951,QQQ,HAR-RV
2024-07-23,0.007899456829607951,QQQ,HAR-RV
2024-07-24,0.007921829364095013,QQQ,HAR-RV
2024-07-25,0.008818190229702996,QQQ,HAR-RV
2024-07-26,0.007458660041654436,QQQ,HAR-RV
2024-07-29,0.00874086303498228,QQQ,HAR-RV
2024-07-30,0.008606240982266646,QQQ,HAR-RV
2024-07-31,0.00842104218824726,QQQ,HAR-RV
2024-08-01,0.008924293010850511,QQQ,HAR-RV
2024-08-02,0.008868041462022741,QQQ,HAR-RV
2024-08-05,0.010425657933993863,QQQ,HAR-RV
2024-08-06,0.012624612857430568,QQQ,HAR-RV
2024-08-07,0.01408820643612654,QQQ,HAR-RV
2024-08-08,0.01344802369802821,QQQ,HAR-RV
2024-08-09,0.013836003759689922,QQQ,HAR-RV
2024-08-12,0.013424537595825903,QQQ,HAR-RV
2024-08-13,0.011657785593708928,QQQ,HAR-RV
2024-08-14,0.010867523646501816,QQQ,HAR-RV
2024-08-15,0.010627093836529116,QQQ,HAR-RV
2024-08-16,0.011807470532411005,QQQ,HAR-RV
2024-08-19,0.009481555667889973,QQQ,HAR-RV
2024-08-20,0.010786728179373666,QQQ,HAR-RV
2024-08-21,0.010305075501376375,QQQ,HAR-RV
2024-08-22,0.008820637886398055,QQQ,HAR-RV
2024-08-23,0.009386509806658982,QQQ,HAR-RV
2024-08-26,0.008189800505862719,QQQ,HAR-RV
2024-08-27,0.009164119513910775,QQQ,HAR-RV
2024-08-28,0.008706224218074403,QQQ,HAR-RV
2024-08-29,0.009267634929142912,QQQ,HAR-RV
2024-08-30,0.009086348782151758,QQQ,HAR-RV
2024-09-03,0.008631284959033838,QQQ,HAR-RV
2024-09-04,0.008661145333003412,QQQ,HAR-RV
2024-09-05,0.008619100394787454,QQQ,HAR-RV
2024-09-06,0.010359324390381296,QQQ,HAR-RV
2024-09-09,0.009739482373854256,QQQ,HAR-RV
2024-09-10,0.009953872875491663,QQQ,HAR-RV
2024-09-11,0.011040894835300429,QQQ,HAR-RV
2024-09-12,0.00961866989702999,QQQ,HAR-RV
2024-09-13,0.010277216370811307,QQQ,HAR-RV
2024-09-16,0.011655872568877807,QQQ,HAR-RV
2024-09-17,0.010174738133332065,QQQ,HAR-RV
2024-09-18,0.009529770829109318,QQQ,HAR-RV
2024-09-19,0.008903791421859045,QQQ,HAR-RV
2024-09-20,0.007830861693196146,QQQ,HAR-RV
2024-09-23,0.0075130564683430325,QQQ,HAR-RV
2024-09-24,0.00872817740134339,QQQ,HAR-RV
2024-09-25,0.008503499925494654,QQQ,HAR-RV
2024-09-26,0.008479003825855721,QQQ,HAR-RV
2024-09-27,0.008448565745472692,QQQ,HAR-RV
2024-09-30,0.0068319224081988365,QQQ,HAR-RV
2024-10-01,0.007146324970355918,QQQ,HAR-RV
2024-10-02,0.007349928638994817,QQQ,HAR-RV
2024-10-03,0.007265574622850368,QQQ,HAR-RV
2024-10-04,0.007976351724833058,QQQ,HAR-RV
2024-10-07,0.007454261617454101,QQQ,HAR-RV
2024-10-08,0.007184223311477334,QQQ,HAR-RV
2024-10-09,0.007896722670515595,QQQ,HAR-RV
2024-10-10,0.007634663183243485,QQQ,HAR-RV
2024-10-11,0.008499849218111954,QQQ,HAR-RV
2024-10-14,0.008849260207303401,QQQ,HAR-RV
2024-10-15,0.007967885146827848,QQQ,HAR-RV
2024-10-16,0.007456158618360401,QQQ,HAR-RV
2024-10-17,0.0071263281364091074,QQQ,HAR-RV
2024-10-18,0.007169915280326968,QQQ,HAR-RV
2024-10-21,0.007153962219522347,QQQ,HAR-RV
2024-10-22,0.007124930330414124,QQQ,HAR-RV
2024-10-23,0.0067173304775358135,QQQ,HAR-RV
2024-10-24,0.00602134730504058,QQQ,HAR-RV
2024-10-25,0.006424181159278183,QQQ,HAR-RV
2024-10-28,0.007346723637848935,QQQ,HAR-RV
2024-10-29,0.007449306177577331,QQQ,HAR-RV
2024-10-30,0.00768032188433864,QQQ,HAR-RV
2024-10-31,0.007664076248937988,QQQ,HAR-RV
2024-11-01,0.007520838840550707,QQQ,HAR-RV
2024-11-04,0.007526866075297898,QQQ,HAR-RV
2024-11-05,0.008674681787861623,QQQ,HAR-RV
2024-11-06,0.00914519576856272,QQQ,HAR-RV
2024-11-07,0.008940963840273262,QQQ,HAR-RV
2024-11-08,0.009746038730481063,QQQ,HAR-RV
2024-11-11,0.009500100612543621,QQQ,HAR-RV
2024-11-12,0.00956294797240998,QQQ,HAR-RV
2024-11-13,0.009251296195769764,QQQ,HAR-RV
2024-11-14,0.008631091639772473,QQQ,HAR-RV
2024-11-15,0.0073270603720920775,QQQ,HAR-RV
2024-11-18,0.007060325628183739,QQQ,HAR-RV
2024-11-19,0.007903984295047935,QQQ,HAR-RV
2024-11-20,0.008484749657196195,QQQ,HAR-RV
2024-11-21,0.00864475715626098,QQQ,HAR-RV
2024-11-22,0.008668603939687904,QQQ,HAR-RV
2024-11-25,0.008482630917546865,QQQ,HAR-RV
2024-11-26,0.007396094707851111,QQQ,HAR-RV
2024-11-27,0.007106361655125497,QQQ,HAR-RV
2024-11-29,0.007025508756046501,QQQ,HAR-RV
2024-12-02,0.00727278835892731,QQQ,HAR-RV
2024-12-03,0.007505288299142973,QQQ,HAR-RV
2024-12-04,0.0079194296096997,QQQ,HAR-RV
2024-12-05,0.00804781190407287,QQQ,HAR-RV
2024-12-06,0.008143434944711538,QQQ,HAR-RV
2024-12-09,0.008057256185088063,QQQ,HAR-RV
2024-12-10,0.007986268138417579,QQQ,HAR-RV
2024-12-11,0.007722558594896093,QQQ,HAR-RV
2024-12-12,0.007876473991845715,QQQ,HAR-RV
2024-12-13,0.007971310513521625,QQQ,HAR-RV
2024-12-16,0.008456962463865849,QQQ,HAR-RV
2024-12-17,0.00840288798263715,QQQ,HAR-RV
2024-12-18,0.008513058039283457,QQQ,HAR-RV
2024-12-19,0.00924948122359562,QQQ,HAR-RV
2024-12-20,0.00863140385777068,QQQ,HAR-RV
2024-12-23,0.010481769287049233,QQQ,HAR-RV
2024-12-24,0.010375585269046021,QQQ,HAR-RV
2024-12-26,0.010079329401002072,QQQ,HAR-RV
2024-12-27,0.010319059509648815,QQQ,HAR-RV
2024-12-30,0.008821532713150365,QQQ,HAR-RV
2024-12-31,0.008572426707594985,QQQ,HAR-RV
2025-01-02,0.008889031196906113,QQQ,HAR-RV
2025-01-03,0.009090598760512415,QQQ,HAR-RV
2025-01-06,0.00883178474800868,QQQ,HAR-RV
2025-01-07,0.008890253491954919,QQQ,HAR-RV
2025-01-08,0.009216888668808942,QQQ,HAR-RV
2025-01-10,0.008980260757589552,QQQ,HAR-RV
2025-01-13,0.009920345552353221,QQQ,HAR-RV
2025-01-14,0.009532590453089396,QQQ,HAR-RV
2025-01-15,0.0095652871646821,QQQ,HAR-RV
2025-01-16,0.009188956252121185,QQQ,HAR-RV
2025-01-17,0.007567331158691934,QQQ,HAR-RV
2025-01-21,0.009549179993738518,QQQ,HAR-RV
2025-01-22,0.00872068895338719,QQQ,HAR-RV
2025-01-23,0.009953480027921426,QQQ,HAR-RV
2025-01-24,0.010057855989842043,QQQ,HAR-RV
2025-01-27,0.00932056904898968,QQQ,HAR-RV
2025-01-28,0.009122568635915384,QQQ,HAR-RV
2025-01-29,0.008118456197158768,QQQ,HAR-RV
2025-01-30,0.009996709352820843,QQQ,HAR-RV
2025-01-31,0.010247477955077501,QQQ,HAR-RV
2025-02-03,0.010120154002495142,QQQ,HAR-RV
2025-02-04,0.009964439102076532,QQQ,HAR-RV
2025-02-05,0.007949834460473777,QQQ,HAR-RV
2025-02-06,0.0074546156463808815,QQQ,HAR-RV
2025-02-07,0.008182966937131072,QQQ,HAR-RV
2025-02-10,0.008191334156897273,QQQ,HAR-RV
2025-02-11,0.008435850985956212,QQQ,HAR-RV
2025-02-12,0.008672588953674648,QQQ,HAR-RV
2025-02-13,0.008652606791100557,QQQ,HAR-RV
2025-02-14,0.00852288592735125,QQQ,HAR-RV
2025-02-18,0.008182548503000028,QQQ,HAR-RV
2025-02-19,0.008293383954524431,QQQ,HAR-RV
2025-02-20,0.0076151081880723665,QQQ,HAR-RV
2025-02-21,0.007503877720049054,QQQ,HAR-RV
2025-02-24,0.007589226365070185,QQQ,HAR-RV
2025-02-25,0.007141053862615772,QQQ,HAR-RV
2025-02-26,0.008241038584784166,QQQ,HAR-RV
2025-02-27,0.008883001556460794,QQQ,HAR-RV
2025-02-28,0.009905991862897099,QQQ,HAR-RV
2025-03-03,0.00973199384052895,QQQ,HAR-RV
2025-03-04,0.010443322089757383,QQQ,HAR-RV
2025-03-05,0.010562223519569031,QQQ,HAR-RV
2025-03-06,0.011298292570421158,QQQ,HAR-RV
2025-03-07,0.011805888647772399,QQQ,HAR-RV
2025-03-10,0.010495677728065735,QQQ,HAR-RV
2025-03-11,0.012117516012556125,QQQ,HAR-RV
2025-03-12,0.009904253817870022,QQQ,HAR-RV
2025-03-13,0.014164175564205366,QQQ,HAR-RV
2025-03-14,0.01312210431283139,QQQ,HAR-RV
2025-03-17,0.011571541326818275,QQQ,HAR-RV
2025-03-18,0.012327268032943574,QQQ,HAR-RV
2025-03-19,0.011462386706070762,QQQ,HAR-RV
2025-03-20,0.0116032992083039,QQQ,HAR-RV
2025-03-21,0.01212825819750565,QQQ,HAR-RV
2025-03-24,0.011655633155441927,QQQ,HAR-RV
2025-03-25,0.010130096598718726,QQQ,HAR-RV
2025-03-26,0.009234044453731731,QQQ,HAR-RV
2025-03-27,0.010323505434949835,QQQ,HAR-RV
2025-03-28,0.009049869255538944,QQQ,HAR-RV
2025-03-31,0.01135163577155418,QQQ,HAR-RV
2025-04-01,0.010438025023126636,QQQ,HAR-RV
2025-04-02,0.011916852768608127,QQQ,HAR-RV
2025-04-03,0.010944434276276048,QQQ,HAR-RV
2025-04-04,0.010689298229107174,QQQ,HAR-RV
2025-04-07,0.015428292828186158,QQQ,HAR-RV
2025-04-08,0.01633909311184751,QQQ,HAR-RV
2025-04-09,0.018454396065991557,QQQ,HAR-RV
2025-04-10,0.028278673790298137,QQQ,HAR-RV
2025-04-11,0.037965848694351455,QQQ,HAR-RV
2025-04-14,0.038787624723243326,QQQ,HAR-RV
2025-04-15,0.03041583990606849,QQQ,HAR-RV
2025-04-16,0.02624810879917159,QQQ,HAR-RV
2025-04-17,0.02545957180562136,QQQ,HAR-RV
2025-04-21,0.01669005191770961,QQQ,HAR-RV
2025-04-22,0.013930535217341708,QQQ,HAR-RV
2025-04-23,0.01557112449732685,QQQ,HAR-RV
2025-04-24,0.01795053670743411,QQQ,HAR-RV
2025-04-25,0.020517373600213322,QQQ,HAR-RV
2025-04-28,0.019698614383637267,QQQ,HAR-RV
2025-04-29,0.01935849358107398,QQQ,HAR-RV
2025-04-30,0.016249203078463507,QQQ,HAR-RV
2025-05-01,0.013581253836912194,QQQ,HAR-RV
2025-05-02,0.011477879560783028,QQQ,HAR-RV
2025-05-05,0.010788492059408862,QQQ,HAR-RV
2025-05-06,0.010676160558311923,QQQ,HAR-RV
2025-05-07,0.01089959746096131,QQQ,HAR-RV
2025-05-08,0.010710049631591622,QQQ,HAR-RV
2025-05-09,0.010655915850136356,QQQ,HAR-RV
2025-05-12,0.010199574522354959,QQQ,HAR-RV
2025-05-13,0.009704551312075023,QQQ,HAR-RV
2025-05-14,0.01272202188536738,QQQ,HAR-RV
2025-05-15,0.012723428097085168,QQQ,HAR-RV
2025-05-16,0.012622029617517589,QQQ,HAR-RV
2025-05-19,0.011664561905888372,QQQ,HAR-RV
2025-05-20,0.011951338339707726,QQQ,HAR-RV
2025-05-21,0.008452967452415909,QQQ,HAR-RV
2025-05-22,0.007641809614842175,QQQ,HAR-RV
2025-05-23,0.008468993078488862,QQQ,HAR-RV
2025-05-27,0.008116395685308869,QQQ,HAR-RV
2025-05-28,0.008743721279758084,QQQ,HAR-RV
2025-05-29,0.010890101197872676,QQQ,HAR-RV
2025-05-30,0.010476046546490717,QQQ,HAR-RV
2025-06-02,0.009412227674443763,QQQ,HAR-RV
2025-06-03,0.009363686912451855,QQQ,HAR-RV
2025-06-04,0.009428376046885845,QQQ,HAR-RV
2025-06-05,0.008100559991199883,QQQ,HAR-RV
2025-06-06,0.0077603745841185075,QQQ,HAR-RV
2025-06-09,0.008411364280684744,QQQ,HAR-RV
2025-06-10,0.009139055895864483,QQQ,HAR-RV
2025-06-11,0.008366877158302675,QQQ,HAR-RV
2025-06-12,0.008230492629795848,QQQ,HAR-RV
2025-06-13,0.008197188027428904,QQQ,HAR-RV
2025-06-16,0.007653190823511507,QQQ,HAR-RV
2025-06-17,0.008266014890955551,QQQ,HAR-RV
2025-06-18,0.009218347051208883,QQQ,HAR-RV
2025-06-20,0.009381007397933775,QQQ,HAR-RV
2025-06-23,0.008704025006459637,QQQ,HAR-RV
2025-06-24,0.008980076048891172,QQQ,HAR-RV
2025-06-25,0.009158124305231361,QQQ,HAR-RV
2025-06-26,0.009286333176910777,QQQ,HAR-RV
2025-06-27,0.008155114090347767,QQQ,HAR-RV
2025-06-30,0.009144932161100877,QQQ,HAR-RV
2025-07-01,0.008736292560320684,QQQ,HAR-RV
2025-07-02,0.008573925607840524,QQQ,HAR-RV
2025-07-03,0.008105067827287421,QQQ,HAR-RV
2025-07-07,0.008361705693832698,QQQ,HAR-RV
2025-07-08,0.00847265907742763,QQQ,HAR-RV
2025-07-09,0.00858604333702481,QQQ,HAR-RV
2025-07-10,0.007900557457580372,QQQ,HAR-RV
2025-07-11,0.007964785470839003,QQQ,HAR-RV
2025-07-14,0.007226041608952243,QQQ,HAR-RV
2025-07-15,0.0066491252755850935,QQQ,HAR-RV
2025-07-16,0.00631215264434137,QQQ,HAR-RV
2025-07-17,0.00612639099030778,QQQ,HAR-RV
2025-07-18,0.005676087442589293,QQQ,HAR-RV
2025-07-21,0.0064455070276855705,QQQ,HAR-RV
2025-07-22,0.005824396143975227,QQQ,HAR-RV
2025-07-23,0.006147943060318268,QQQ,HAR-RV
2025-07-24,0.006483275722343199,QQQ,HAR-RV
2025-07-25,0.00666032021792288,QQQ,HAR-RV
2025-07-28,0.005950539847763624,QQQ,HAR-RV
2025-07-29,0.005910827592347493,QQQ,HAR-RV
2025-07-30,0.005763476500959671,QQQ,HAR-RV
2025-07-31,0.005272638745218692,QQQ,HAR-RV
2025-08-01,0.005005826411025002,QQQ,HAR-RV
2025-08-04,0.005675426289814949,QQQ,HAR-RV
2025-08-05,0.00822235426773698,QQQ,HAR-RV
2025-08-06,0.009209381914698245,QQQ,HAR-RV
2025-08-07,0.008803208903073349,QQQ,HAR-RV
2025-08-08,0.010007704543724235,QQQ,HAR-RV
2025-08-11,0.009092130510910505,QQQ,HAR-RV
2025-08-12,0.008782058607101708,QQQ,HAR-RV
2025-08-13,0.007283802295848185,QQQ,HAR-RV
2025-08-14,0.008430168695878891,QQQ,HAR-RV
