Date,pred,asset,model
2007-01-05,0.0033417016879779527,SPY,HAR-RV
2007-01-08,0.003576558928131267,SPY,HAR-RV
2007-01-09,0.003849876034073698,SPY,HAR-RV
2007-01-10,0.003523946010218499,SPY,HAR-RV
2007-01-11,0.003451981093218191,SPY,HAR-RV
2007-01-12,0.00356199537815628,SPY,HAR-RV
2007-01-16,0.003545049889273808,SPY,HAR-RV
2007-01-17,0.003802953206237746,SPY,HAR-RV
2007-01-18,0.0037433120849929714,SPY,HAR-RV
2007-01-19,0.003702598030397157,SPY,HAR-RV
2007-01-22,0.0038498836343945956,SPY,HAR-RV
2007-01-23,0.003632021305850462,SPY,HAR-RV
2007-01-24,0.0039168588767594424,SPY,HAR-RV
2007-01-25,0.003943348115428903,SPY,HAR-RV
2007-01-26,0.004129821024051359,SPY,HAR-RV
2007-01-29,0.004301054297729958,SPY,HAR-RV
2007-01-30,0.003890278154437521,SPY,HAR-RV
2007-01-31,0.003798020218131532,SPY,HAR-RV
2007-02-01,0.003839834808405427,SPY,HAR-RV
2007-02-02,0.003964787577298038,SPY,HAR-RV
2007-02-05,0.004299967075056638,SPY,HAR-RV
2007-02-06,0.004013245094957315,SPY,HAR-RV
2007-02-07,0.003908056779130867,SPY,HAR-RV
2007-02-08,0.003988079056620389,SPY,HAR-RV
2007-02-09,0.003935779944361627,SPY,HAR-RV
2007-02-12,0.003996369743999083,SPY,HAR-RV
2007-02-13,0.0042608046287291555,SPY,HAR-RV
2007-02-14,0.004003171481155465,SPY,HAR-RV
2007-02-15,0.004102664671659099,SPY,HAR-RV
2007-02-16,0.0038117092181620144,SPY,HAR-RV
2007-02-20,0.0035478025265090413,SPY,HAR-RV
2007-02-21,0.0037547276484391733,SPY,HAR-RV
2007-02-22,0.003802896201039544,SPY,HAR-RV
2007-02-23,0.003951618847785252,SPY,HAR-RV
2007-02-26,0.004127052718070704,SPY,HAR-RV
2007-02-27,0.004176770099303531,SPY,HAR-RV
2007-02-28,0.004164260912216505,SPY,HAR-RV
2007-03-01,0.006107227634815291,SPY,HAR-RV
2007-03-02,0.003507480482289621,SPY,HAR-RV
2007-03-05,0.003864977082049017,SPY,HAR-RV
2007-03-06,0.0048812585938841245,SPY,HAR-RV
2007-03-07,0.006229786463987749,SPY,HAR-RV
2007-03-08,0.006258595818119795,SPY,HAR-RV
2007-03-09,0.005871338185157856,SPY,HAR-RV
2007-03-12,0.006179736645585984,SPY,HAR-RV
2007-03-13,0.005787422330083159,SPY,HAR-RV
2007-03-14,0.005974598028068268,SPY,HAR-RV
2007-03-15,0.007051305207182728,SPY,HAR-RV
2007-03-16,0.0066294843116048545,SPY,HAR-RV
2007-03-19,0.006319371711193329,SPY,HAR-RV
2007-03-20,0.006283010623149206,SPY,HAR-RV
2007-03-21,0.006772932543877717,SPY,HAR-RV
2007-03-22,0.006797222002282004,SPY,HAR-RV
2007-03-23,0.00736190257678079,SPY,HAR-RV
2007-03-26,0.006908702667230569,SPY,HAR-RV
2007-03-27,0.006781187721213938,SPY,HAR-RV
2007-03-28,0.006593724679556946,SPY,HAR-RV
2007-03-29,0.006594881545453467,SPY,HAR-RV
2007-03-30,0.006514304678648443,SPY,HAR-RV
2007-04-02,0.0053221399279324375,SPY,HAR-RV
2007-04-03,0.004981049428860805,SPY,HAR-RV
2007-04-04,0.0050843724409233276,SPY,HAR-RV
2007-04-05,0.0053694407152540535,SPY,HAR-RV
2007-04-09,0.004822065267532053,SPY,HAR-RV
2007-04-10,0.004579348105590102,SPY,HAR-RV
2007-04-11,0.004566939353273369,SPY,HAR-RV
2007-04-12,0.0044435888860031286,SPY,HAR-RV
2007-04-13,0.004376285555004626,SPY,HAR-RV
2007-04-16,0.004480493407690179,SPY,HAR-RV
2007-04-17,0.004279947074775278,SPY,HAR-RV
2007-04-18,0.004616502773630979,SPY,HAR-RV
2007-04-19,0.00442603031948248,SPY,HAR-RV
2007-04-20,0.004255985493920607,SPY,HAR-RV
2007-04-23,0.003926126410477585,SPY,HAR-RV
2007-04-24,0.004403667829261085,SPY,HAR-RV
2007-04-25,0.003802386165954295,SPY,HAR-RV
2007-04-26,0.003688603517499332,SPY,HAR-RV
2007-04-27,0.00417390654497171,SPY,HAR-RV
2007-04-30,0.003922717997654131,SPY,HAR-RV
2007-05-01,0.0038053922005213073,SPY,HAR-RV
2007-05-02,0.004055359399451932,SPY,HAR-RV
2007-05-03,0.003944149029160983,SPY,HAR-RV
2007-05-04,0.004162994153010205,SPY,HAR-RV
2007-05-07,0.0042374553229204,SPY,HAR-RV
2007-05-08,0.003993190031311258,SPY,HAR-RV
2007-05-09,0.003818143983541807,SPY,HAR-RV
2007-05-10,0.003838957657288018,SPY,HAR-RV
2007-05-11,0.0040085489847048504,SPY,HAR-RV
2007-05-14,0.004638296788357504,SPY,HAR-RV
2007-05-15,0.0045279071358112315,SPY,HAR-RV
2007-05-16,0.004150055059652132,SPY,HAR-RV
2007-05-17,0.004011983582969238,SPY,HAR-RV
2007-05-18,0.004211298252129894,SPY,HAR-RV
2007-05-21,0.004045639634885755,SPY,HAR-RV
2007-05-22,0.00436580483084539,SPY,HAR-RV
2007-05-23,0.004082138153669081,SPY,HAR-RV
2007-05-24,0.003930541228504955,SPY,HAR-RV
2007-05-25,0.003899292245107693,SPY,HAR-RV
2007-05-29,0.004332203452820024,SPY,HAR-RV
2007-05-30,0.004079388021649611,SPY,HAR-RV
2007-05-31,0.004124263025610558,SPY,HAR-RV
2007-06-01,0.004320955475306217,SPY,HAR-RV
2007-06-04,0.004064938200243735,SPY,HAR-RV
2007-06-05,0.0041820366369888515,SPY,HAR-RV
2007-06-06,0.0039029197388541033,SPY,HAR-RV
2007-06-07,0.004058048390093761,SPY,HAR-RV
2007-06-08,0.00464555653799204,SPY,HAR-RV
2007-06-11,0.005760141743787136,SPY,HAR-RV
2007-06-12,0.005364145029408833,SPY,HAR-RV
2007-06-13,0.004767153605013661,SPY,HAR-RV
2007-06-14,0.005943122105892632,SPY,HAR-RV
2007-06-15,0.0063662496812517825,SPY,HAR-RV
2007-06-18,0.0055750874466393655,SPY,HAR-RV
2007-06-19,0.00522512324607146,SPY,HAR-RV
2007-06-20,0.004701055489137439,SPY,HAR-RV
2007-06-21,0.00467523826083565,SPY,HAR-RV
2007-06-22,0.0052649525921440316,SPY,HAR-RV
2007-06-25,0.004673526926235004,SPY,HAR-RV
2007-06-26,0.005073035455325189,SPY,HAR-RV
2007-06-27,0.005176177338708812,SPY,HAR-RV
2007-06-28,0.006071385567573515,SPY,HAR-RV
2007-06-29,0.005986204475943707,SPY,HAR-RV
2007-07-02,0.005015983672298861,SPY,HAR-RV
2007-07-03,0.0047880702777470955,SPY,HAR-RV
2007-07-05,0.0053318982059871916,SPY,HAR-RV
2007-07-06,0.004729824595202755,SPY,HAR-RV
2007-07-09,0.004223286873401061,SPY,HAR-RV
2007-07-10,0.004515847076784563,SPY,HAR-RV
2007-07-11,0.0046282758678275,SPY,HAR-RV
2007-07-12,0.005414836266365382,SPY,HAR-RV
2007-07-13,0.0053502821525248795,SPY,HAR-RV
2007-07-16,0.006230421204380049,SPY,HAR-RV
2007-07-17,0.0054161379221227945,SPY,HAR-RV
2007-07-18,0.004904317138541471,SPY,HAR-RV
2007-07-19,0.004547190876788887,SPY,HAR-RV
2007-07-20,0.004478795782483325,SPY,HAR-RV
2007-07-23,0.004538794341053568,SPY,HAR-RV
2007-07-24,0.00508060628935725,SPY,HAR-RV
2007-07-25,0.004742997025434377,SPY,HAR-RV
2007-07-26,0.005808290033539294,SPY,HAR-RV
2007-07-27,0.005386889769053885,SPY,HAR-RV
2007-07-30,0.0076432423797013795,SPY,HAR-RV
2007-07-31,0.008421284414347113,SPY,HAR-RV
2007-08-01,0.008872443398278173,SPY,HAR-RV
2007-08-02,0.008166397867498428,SPY,HAR-RV
2007-08-03,0.007844311009981515,SPY,HAR-RV
2007-08-06,0.008225279982815888,SPY,HAR-RV
2007-08-07,0.010519335424153018,SPY,HAR-RV
2007-08-08,0.010233071435835135,SPY,HAR-RV
2007-08-09,0.010077896987515305,SPY,HAR-RV
2007-08-10,0.012410738519874912,SPY,HAR-RV
2007-08-13,0.01408881387582439,SPY,HAR-RV
2007-08-14,0.01084063541800874,SPY,HAR-RV
2007-08-15,0.010164581440418666,SPY,HAR-RV
2007-08-16,0.011520575506379513,SPY,HAR-RV
2007-08-17,0.011470836019191829,SPY,HAR-RV
2007-08-20,0.010682988526924155,SPY,HAR-RV
2007-08-21,0.011266881784523425,SPY,HAR-RV
2007-08-22,0.009560813487521701,SPY,HAR-RV
2007-08-23,0.008945637231394861,SPY,HAR-RV
2007-08-24,0.008650025961327737,SPY,HAR-RV
2007-08-27,0.007925292896043431,SPY,HAR-RV
2007-08-28,0.008262228733801271,SPY,HAR-RV
2007-08-29,0.009273003575445532,SPY,HAR-RV
2007-08-30,0.011519372678639905,SPY,HAR-RV
2007-08-31,0.011375505119555832,SPY,HAR-RV
2007-09-04,0.010462908444104139,SPY,HAR-RV
2007-09-05,0.010741381276160946,SPY,HAR-RV
2007-09-06,0.01078512472703997,SPY,HAR-RV
2007-09-07,0.009386199578946234,SPY,HAR-RV
2007-09-10,0.008043344869945988,SPY,HAR-RV
2007-09-11,0.009054001166824206,SPY,HAR-RV
2007-09-12,0.008014485673424648,SPY,HAR-RV
2007-09-13,0.007977220329812816,SPY,HAR-RV
2007-09-14,0.0072816085416767045,SPY,HAR-RV
2007-09-17,0.007635715904796537,SPY,HAR-RV
2007-09-18,0.006271989476065838,SPY,HAR-RV
2007-09-19,0.006868834816770987,SPY,HAR-RV
2007-09-20,0.008742960107198392,SPY,HAR-RV
2007-09-21,0.008167699344389056,SPY,HAR-RV
2007-09-24,0.00824791359581096,SPY,HAR-RV
2007-09-25,0.008160159138115831,SPY,HAR-RV
2007-09-26,0.007654434975391948,SPY,HAR-RV
2007-09-27,0.006329481756080465,SPY,HAR-RV
2007-09-28,0.006300423971813801,SPY,HAR-RV
2007-10-01,0.006139260444797453,SPY,HAR-RV
2007-10-02,0.005827791767695972,SPY,HAR-RV
2007-10-03,0.0063989343118802,SPY,HAR-RV
2007-10-04,0.005966908980869705,SPY,HAR-RV
2007-10-05,0.005665595091206434,SPY,HAR-RV
2007-10-08,0.005351977329720384,SPY,HAR-RV
2007-10-09,0.006183961062152997,SPY,HAR-RV
2007-10-10,0.005718957807183104,SPY,HAR-RV
2007-10-11,0.00617958336125902,SPY,HAR-RV
2007-10-12,0.00586693151609285,SPY,HAR-RV
2007-10-15,0.00605443621222408,SPY,HAR-RV
2007-10-16,0.005821396211223737,SPY,HAR-RV
2007-10-17,0.00611284401219296,SPY,HAR-RV
2007-10-18,0.006141233561375404,SPY,HAR-RV
2007-10-19,0.0059883451402452425,SPY,HAR-RV
2007-10-22,0.005683028089699131,SPY,HAR-RV
2007-10-23,0.007698966533911296,SPY,HAR-RV
2007-10-24,0.007095751417922989,SPY,HAR-RV
2007-10-25,0.007165263958064518,SPY,HAR-RV
2007-10-26,0.006880394505377502,SPY,HAR-RV
2007-10-29,0.006933322984668314,SPY,HAR-RV
2007-10-30,0.006336682072999492,SPY,HAR-RV
2007-10-31,0.006006920304495546,SPY,HAR-RV
2007-11-01,0.006100483921394256,SPY,HAR-RV
2007-11-02,0.006750845082646867,SPY,HAR-RV
2007-11-05,0.008375407244234762,SPY,HAR-RV
2007-11-06,0.007467410745767886,SPY,HAR-RV
2007-11-07,0.007964400397834956,SPY,HAR-RV
2007-11-08,0.008709137049020974,SPY,HAR-RV
2007-11-09,0.010124175024544456,SPY,HAR-RV
2007-11-12,0.00880967341018521,SPY,HAR-RV
2007-11-13,0.00983076653784399,SPY,HAR-RV
2007-11-14,0.01057858524276644,SPY,HAR-RV
2007-11-15,0.011450036036955224,SPY,HAR-RV
2007-11-16,0.010303940062616878,SPY,HAR-RV
2007-11-19,0.010541688413864166,SPY,HAR-RV
2007-11-20,0.010145577702647544,SPY,HAR-RV
2007-11-21,0.010037062051922415,SPY,HAR-RV
2007-11-23,0.008514665275253746,SPY,HAR-RV
2007-11-26,0.009651854972529869,SPY,HAR-RV
2007-11-27,0.01038192177265707,SPY,HAR-RV
2007-11-28,0.012035241686463746,SPY,HAR-RV
2007-11-29,0.012929023012440564,SPY,HAR-RV
2007-11-30,0.013554968490945368,SPY,HAR-RV
2007-12-03,0.013466482798516827,SPY,HAR-RV
2007-12-04,0.012348996519208209,SPY,HAR-RV
2007-12-05,0.01131310122586098,SPY,HAR-RV
2007-12-06,0.010946998400218035,SPY,HAR-RV
2007-12-07,0.010115159442153222,SPY,HAR-RV
2007-12-10,0.010799508369890493,SPY,HAR-RV
2007-12-11,0.010396772361906479,SPY,HAR-RV
2007-12-12,0.010291355165606296,SPY,HAR-RV
2007-12-13,0.01100309695671989,SPY,HAR-RV
2007-12-14,0.011033435985804798,SPY,HAR-RV
2007-12-17,0.01051852155130969,SPY,HAR-RV
2007-12-18,0.010581142852353733,SPY,HAR-RV
2007-12-19,0.011022257693096636,SPY,HAR-RV
2007-12-20,0.009642735575526367,SPY,HAR-RV
2007-12-21,0.00911397252677339,SPY,HAR-RV
2007-12-24,0.00915522772607023,SPY,HAR-RV
2007-12-26,0.008993174568435307,SPY,HAR-RV
2007-12-27,0.008437697974940626,SPY,HAR-RV
2007-12-28,0.008327813488717695,SPY,HAR-RV
2007-12-31,0.008483518441932349,SPY,HAR-RV
2008-01-02,0.008607149438288298,SPY,HAR-RV
2008-01-03,0.007548828195503333,SPY,HAR-RV
2008-01-04,0.007632875698897652,SPY,HAR-RV
2008-01-07,0.00807037330687015,SPY,HAR-RV
2008-01-08,0.007238212004450913,SPY,HAR-RV
2008-01-09,0.009111266050701086,SPY,HAR-RV
2008-01-10,0.008410442173898955,SPY,HAR-RV
2008-01-11,0.008989101300456494,SPY,HAR-RV
2008-01-14,0.009855371567912986,SPY,HAR-RV
2008-01-15,0.00845780237809125,SPY,HAR-RV
2008-01-16,0.008846409445789391,SPY,HAR-RV
2008-01-17,0.008181122970517582,SPY,HAR-RV
2008-01-18,0.009516637097529717,SPY,HAR-RV
2008-01-22,0.009588284655141286,SPY,HAR-RV
2008-01-23,0.01127445832355177,SPY,HAR-RV
2008-01-24,0.01184688771178131,SPY,HAR-RV
2008-01-25,0.01064602845105275,SPY,HAR-RV
2008-01-28,0.012694164461637358,SPY,HAR-RV
2008-01-29,0.010897614134389692,SPY,HAR-RV
2008-01-30,0.011330578160290317,SPY,HAR-RV
2008-01-31,0.012177514810907137,SPY,HAR-RV
2008-02-01,0.010282402960555836,SPY,HAR-RV
2008-02-04,0.010225753853388784,SPY,HAR-RV
2008-02-05,0.010783175682028,SPY,HAR-RV
2008-02-06,0.01112424037168082,SPY,HAR-RV
2008-02-07,0.011868019444265337,SPY,HAR-RV
2008-02-08,0.013704772710723364,SPY,HAR-RV
2008-02-11,0.012702180460983327,SPY,HAR-RV
2008-02-12,0.011603649511191149,SPY,HAR-RV
2008-02-13,0.010966232719677131,SPY,HAR-RV
2008-02-14,0.009054429877419171,SPY,HAR-RV
2008-02-15,0.009156871603089157,SPY,HAR-RV
2008-02-19,0.009242781040532014,SPY,HAR-RV
2008-02-20,0.009016269582662682,SPY,HAR-RV
2008-02-21,0.008371251870711595,SPY,HAR-RV
2008-02-22,0.0075872839837246315,SPY,HAR-RV
2008-02-25,0.006892628785202958,SPY,HAR-RV
2008-02-26,0.007004357874202541,SPY,HAR-RV
2008-02-27,0.007428087493034818,SPY,HAR-RV
2008-02-28,0.00835110882405006,SPY,HAR-RV
2008-02-29,0.008699590844624074,SPY,HAR-RV
2008-03-03,0.008031584955578588,SPY,HAR-RV
2008-03-04,0.008335771316758894,SPY,HAR-RV
2008-03-05,0.009349686801555603,SPY,HAR-RV
2008-03-06,0.008740337730457683,SPY,HAR-RV
2008-03-07,0.00894105221546992,SPY,HAR-RV
2008-03-10,0.008606001745810254,SPY,HAR-RV
2008-03-11,0.008425556741306977,SPY,HAR-RV
2008-03-12,0.009358924110235124,SPY,HAR-RV
2008-03-13,0.010438872811618139,SPY,HAR-RV
2008-03-14,0.012585868893339557,SPY,HAR-RV
2008-03-17,0.011754197430542202,SPY,HAR-RV
2008-03-18,0.011133204119800136,SPY,HAR-RV
2008-03-19,0.011908852594919339,SPY,HAR-RV
2008-03-20,0.010796033830730486,SPY,HAR-RV
2008-03-24,0.013611860253016443,SPY,HAR-RV
2008-03-25,0.015855506217080206,SPY,HAR-RV
2008-03-26,0.015494036512234901,SPY,HAR-RV
2008-03-27,0.015241151279907486,SPY,HAR-RV
2008-03-28,0.01221253261290208,SPY,HAR-RV
2008-03-31,0.010712816481663388,SPY,HAR-RV
2008-04-01,0.009563281175894242,SPY,HAR-RV
2008-04-02,0.00944096920956186,SPY,HAR-RV
2008-04-03,0.009942552594209552,SPY,HAR-RV
2008-04-04,0.010842729155831128,SPY,HAR-RV
2008-04-07,0.01039652065160863,SPY,HAR-RV
2008-04-08,0.009516090236124973,SPY,HAR-RV
2008-04-09,0.009057881017485838,SPY,HAR-RV
2008-04-10,0.0063235402374886155,SPY,HAR-RV
2008-04-11,0.00634007634044807,SPY,HAR-RV
2008-04-14,0.007030686895782676,SPY,HAR-RV
2008-04-15,0.007419833277498606,SPY,HAR-RV
2008-04-16,0.008482528288928521,SPY,HAR-RV
2008-04-17,0.008853280140224067,SPY,HAR-RV
2008-04-18,0.008665311897958682,SPY,HAR-RV
2008-04-21,0.010484420078257775,SPY,HAR-RV
2008-04-22,0.009163279826222018,SPY,HAR-RV
2008-04-23,0.009749638150273146,SPY,HAR-RV
2008-04-24,0.009602558501555709,SPY,HAR-RV
2008-04-25,0.007863889612063761,SPY,HAR-RV
2008-04-28,0.007975496379526333,SPY,HAR-RV
2008-04-29,0.007462718318310264,SPY,HAR-RV
2008-04-30,0.008105754946764904,SPY,HAR-RV
2008-05-01,0.007876565455126168,SPY,HAR-RV
2008-05-02,0.008353600841412828,SPY,HAR-RV
2008-05-05,0.008641571057028877,SPY,HAR-RV
2008-05-06,0.009343774195939165,SPY,HAR-RV
2008-05-07,0.009385242349417944,SPY,HAR-RV
2008-05-08,0.009464978924324465,SPY,HAR-RV
2008-05-09,0.00961227122698359,SPY,HAR-RV
2008-05-12,0.009351956807138701,SPY,HAR-RV
2008-05-13,0.009332560318749293,SPY,HAR-RV
2008-05-14,0.009019292849538752,SPY,HAR-RV
2008-05-15,0.009269509430344429,SPY,HAR-RV
2008-05-16,0.007960324713510755,SPY,HAR-RV
2008-05-19,0.007803028467077474,SPY,HAR-RV
2008-05-20,0.008757304390188812,SPY,HAR-RV
2008-05-21,0.007901171335589008,SPY,HAR-RV
2008-05-22,0.008252587744828392,SPY,HAR-RV
2008-05-23,0.008570102863263018,SPY,HAR-RV
2008-05-27,0.009117223973705537,SPY,HAR-RV
2008-05-28,0.008833856392848342,SPY,HAR-RV
2008-05-29,0.009788011754903018,SPY,HAR-RV
2008-05-30,0.009813191383082724,SPY,HAR-RV
2008-06-02,0.008681901788237436,SPY,HAR-RV
2008-06-03,0.00916814999725172,SPY,HAR-RV
2008-06-04,0.008201581063121816,SPY,HAR-RV
2008-06-05,0.008514117218274948,SPY,HAR-RV
2008-06-06,0.008917835102063683,SPY,HAR-RV
2008-06-09,0.008618771934193263,SPY,HAR-RV
2008-06-10,0.009553026364730273,SPY,HAR-RV
2008-06-11,0.011279634538272477,SPY,HAR-RV
2008-06-12,0.011103576977473351,SPY,HAR-RV
2008-06-13,0.011306401329062993,SPY,HAR-RV
2008-06-16,0.01123224800902981,SPY,HAR-RV
2008-06-17,0.00884391737844505,SPY,HAR-RV
2008-06-18,0.009846936082623041,SPY,HAR-RV
2008-06-19,0.009485401915586448,SPY,HAR-RV
2008-06-20,0.008558948796149931,SPY,HAR-RV
2008-06-23,0.009138990032751754,SPY,HAR-RV
2008-06-24,0.007931840624341819,SPY,HAR-RV
2008-06-25,0.009327406662049816,SPY,HAR-RV
2008-06-26,0.008967550507413474,SPY,HAR-RV
2008-06-27,0.008548301224894257,SPY,HAR-RV
2008-06-30,0.008054871171583496,SPY,HAR-RV
2008-07-01,0.009483342896161049,SPY,HAR-RV
2008-07-02,0.00987921046170435,SPY,HAR-RV
2008-07-03,0.009937329598413064,SPY,HAR-RV
2008-07-07,0.009222123601199422,SPY,HAR-RV
2008-07-08,0.009152721461467967,SPY,HAR-RV
2008-07-09,0.008482551257138041,SPY,HAR-RV
2008-07-10,0.008686024647886764,SPY,HAR-RV
2008-07-11,0.00956925117820604,SPY,HAR-RV
2008-07-14,0.01036026659476265,SPY,HAR-RV
2008-07-15,0.010199448369571974,SPY,HAR-RV
2008-07-16,0.01042545305187895,SPY,HAR-RV
2008-07-17,0.009770664593791816,SPY,HAR-RV
2008-07-18,0.009054440576008672,SPY,HAR-RV
2008-07-21,0.010806981732409638,SPY,HAR-RV
2008-07-22,0.01075071788384383,SPY,HAR-RV
2008-07-23,0.010742059878534202,SPY,HAR-RV
2008-07-24,0.009549672463466791,SPY,HAR-RV
2008-07-25,0.008990355780342999,SPY,HAR-RV
2008-07-28,0.008045758850024008,SPY,HAR-RV
2008-07-29,0.009684876303345748,SPY,HAR-RV
2008-07-30,0.009043448830893629,SPY,HAR-RV
2008-07-31,0.00924686706409801,SPY,HAR-RV
2008-08-01,0.01047101563697272,SPY,HAR-RV
2008-08-04,0.010295040620624689,SPY,HAR-RV
2008-08-05,0.011449237323417284,SPY,HAR-RV
2008-08-06,0.010908822976971324,SPY,HAR-RV
2008-08-07,0.009246750089864296,SPY,HAR-RV
2008-08-08,0.01084818011226194,SPY,HAR-RV
2008-08-11,0.009884479244119828,SPY,HAR-RV
2008-08-12,0.010504602925499916,SPY,HAR-RV
2008-08-13,0.011416422307782349,SPY,HAR-RV
2008-08-14,0.010233178632544346,SPY,HAR-RV
2008-08-15,0.010794896817891237,SPY,HAR-RV
2008-08-18,0.010015564187392387,SPY,HAR-RV
2008-08-19,0.009374993483189431,SPY,HAR-RV
2008-08-20,0.008725754104476914,SPY,HAR-RV
2008-08-21,0.00901651891166383,SPY,HAR-RV
2008-08-22,0.009522317772787654,SPY,HAR-RV
2008-08-25,0.00954268160449073,SPY,HAR-RV
2008-08-26,0.00892281330049559,SPY,HAR-RV
2008-08-27,0.008648619476622741,SPY,HAR-RV
2008-08-28,0.01012452011662952,SPY,HAR-RV
2008-08-29,0.009728419613564108,SPY,HAR-RV
2008-09-02,0.010245444654875435,SPY,HAR-RV
2008-09-03,0.010143378506018961,SPY,HAR-RV
2008-09-04,0.009667266903173346,SPY,HAR-RV
2008-09-05,0.010358219953889476,SPY,HAR-RV
2008-09-08,0.007822510028176303,SPY,HAR-RV
2008-09-09,0.011040809530996119,SPY,HAR-RV
2008-09-10,0.009522445646819571,SPY,HAR-RV
2008-09-11,0.009730267705493411,SPY,HAR-RV
2008-09-12,0.013513641649117863,SPY,HAR-RV
2008-09-15,0.010894478881158853,SPY,HAR-RV
2008-09-16,0.01308854964888738,SPY,HAR-RV
2008-09-17,0.008689116652345386,SPY,HAR-RV
2008-09-18,0.012856918979405718,SPY,HAR-RV
2008-09-19,0.014193111995805786,SPY,HAR-RV
2008-09-22,0.019889769446895755,SPY,HAR-RV
2008-09-23,0.022945488377596072,SPY,HAR-RV
2008-09-24,0.021741822669241496,SPY,HAR-RV
2008-09-25,0.020456296054199057,SPY,HAR-RV
2008-09-26,0.017699917461227944,SPY,HAR-RV
2008-09-29,0.01381918982042062,SPY,HAR-RV
2008-09-30,0.015508533500951665,SPY,HAR-RV
2008-10-01,0.017064071176664874,SPY,HAR-RV
2008-10-02,0.019786798471650546,SPY,HAR-RV
2008-10-03,0.023991092868451226,SPY,HAR-RV
2008-10-06,0.022075117676198318,SPY,HAR-RV
2008-10-07,0.028893768887073276,SPY,HAR-RV
2008-10-08,0.0245566725204485,SPY,HAR-RV
2008-10-09,0.026752767714584777,SPY,HAR-RV
2008-10-10,0.03544739006997702,SPY,HAR-RV
2008-10-13,0.033344464661592195,SPY,HAR-RV
2008-10-14,0.05485567385923819,SPY,HAR-RV
2008-10-15,0.03668559698307654,SPY,HAR-RV
2008-10-16,0.07811647019279441,SPY,HAR-RV
2008-10-17,0.057305514092261374,SPY,HAR-RV
2008-10-20,0.06534915315812756,SPY,HAR-RV
2008-10-21,0.06905401733502484,SPY,HAR-RV
2008-10-22,0.04428956700918455,SPY,HAR-RV
2008-10-23,0.05427370529057326,SPY,HAR-RV
2008-10-24,0.036811707591114046,SPY,HAR-RV
2008-10-27,0.04688035810998669,SPY,HAR-RV
2008-10-28,0.04176693312933326,SPY,HAR-RV
2008-10-29,0.053034257240249905,SPY,HAR-RV
2008-10-30,0.037334900667300004,SPY,HAR-RV
2008-10-31,0.061475973632276804,SPY,HAR-RV
2008-11-03,0.05137450681606301,SPY,HAR-RV
2008-11-04,0.04734131052287534,SPY,HAR-RV
2008-11-05,0.04095843563304831,SPY,HAR-RV
2008-11-06,0.02501791679930353,SPY,HAR-RV
2008-11-07,0.0315899787055475,SPY,HAR-RV
2008-11-10,0.03126632754001568,SPY,HAR-RV
2008-11-11,0.03882085147567493,SPY,HAR-RV
2008-11-12,0.04280099317979037,SPY,HAR-RV
2008-11-13,0.038708706268519966,SPY,HAR-RV
2008-11-14,0.03450781760529688,SPY,HAR-RV
2008-11-17,0.03343701590583222,SPY,HAR-RV
2008-11-18,0.03571923978169762,SPY,HAR-RV
2008-11-19,0.0425893871422299,SPY,HAR-RV
2008-11-20,0.041157785908448236,SPY,HAR-RV
2008-11-21,0.03495821355005382,SPY,HAR-RV
2008-11-24,0.03683703193602229,SPY,HAR-RV
2008-11-25,0.04223760051119078,SPY,HAR-RV
2008-11-26,0.04546033411543194,SPY,HAR-RV
2008-11-28,0.052814825844916966,SPY,HAR-RV
2008-12-01,0.043756362756497774,SPY,HAR-RV
2008-12-02,0.04067039178729792,SPY,HAR-RV
2008-12-03,0.032345127532530944,SPY,HAR-RV
2008-12-04,0.0394258045654145,SPY,HAR-RV
2008-12-05,0.04345372288529218,SPY,HAR-RV
2008-12-08,0.04235252567030688,SPY,HAR-RV
2008-12-09,0.042553261234881554,SPY,HAR-RV
2008-12-10,0.03524352028873864,SPY,HAR-RV
2008-12-11,0.03379210310853065,SPY,HAR-RV
2008-12-12,0.032545869982528806,SPY,HAR-RV
2008-12-15,0.0292094673476376,SPY,HAR-RV
2008-12-16,0.027927428895802478,SPY,HAR-RV
2008-12-17,0.025709982204077653,SPY,HAR-RV
2008-12-18,0.022903679234061246,SPY,HAR-RV
2008-12-19,0.028271747793131578,SPY,HAR-RV
2008-12-22,0.02559292075700421,SPY,HAR-RV
2008-12-23,0.026334347259024324,SPY,HAR-RV
2008-12-24,0.023577930570661796,SPY,HAR-RV
2008-12-26,0.017864901852461357,SPY,HAR-RV
2008-12-29,0.017076089522961968,SPY,HAR-RV
2008-12-30,0.01409206654222556,SPY,HAR-RV
2008-12-31,0.014470605272574646,SPY,HAR-RV
2009-01-02,0.012429039195318622,SPY,HAR-RV
2009-01-05,0.014609236439319441,SPY,HAR-RV
2009-01-06,0.014280142284887403,SPY,HAR-RV
2009-01-07,0.01768410298096848,SPY,HAR-RV
2009-01-08,0.017192074939355904,SPY,HAR-RV
2009-01-09,0.01429174773158954,SPY,HAR-RV
2009-01-12,0.016991532920292075,SPY,HAR-RV
2009-01-13,0.012778183273582296,SPY,HAR-RV
2009-01-14,0.01555421994057038,SPY,HAR-RV
2009-01-15,0.018788551527753872,SPY,HAR-RV
2009-01-16,0.013798442458175856,SPY,HAR-RV
2009-01-20,0.01867603372517609,SPY,HAR-RV
2009-01-21,0.01560518012417836,SPY,HAR-RV
2009-01-22,0.012358972848011147,SPY,HAR-RV
2009-01-23,0.020074993085437365,SPY,HAR-RV
2009-01-26,0.02193807042280982,SPY,HAR-RV
2009-01-27,0.0239333815498087,SPY,HAR-RV
2009-01-28,0.023128918470851682,SPY,HAR-RV
2009-01-29,0.017211632255291417,SPY,HAR-RV
2009-01-30,0.013429375798969703,SPY,HAR-RV
2009-02-02,0.016106654806470642,SPY,HAR-RV
2009-02-03,0.020046673167317272,SPY,HAR-RV
2009-02-04,0.021550535234043065,SPY,HAR-RV
2009-02-05,0.02043208125196667,SPY,HAR-RV
2009-02-06,0.017803393881312787,SPY,HAR-RV
2009-02-09,0.014560309136641986,SPY,HAR-RV
2009-02-10,0.013920009042721811,SPY,HAR-RV
2009-02-11,0.017158499581742606,SPY,HAR-RV
2009-02-12,0.015109131141066788,SPY,HAR-RV
2009-02-13,0.02093321572282606,SPY,HAR-RV
2009-02-17,0.01934880067142061,SPY,HAR-RV
2009-02-18,0.016217497476701752,SPY,HAR-RV
2009-02-19,0.016289366582829434,SPY,HAR-RV
2009-02-20,0.017421299966712562,SPY,HAR-RV
2009-02-23,0.016752399975297677,SPY,HAR-RV
2009-02-24,0.017325606101711154,SPY,HAR-RV
2009-02-25,0.016389468259689996,SPY,HAR-RV
2009-02-26,0.01578572628233154,SPY,HAR-RV
2009-02-27,0.021075912564728544,SPY,HAR-RV
2009-03-02,0.02056490418653056,SPY,HAR-RV
2009-03-03,0.021611553880143096,SPY,HAR-RV
2009-03-04,0.01930658787724125,SPY,HAR-RV
2009-03-05,0.02131720368448632,SPY,HAR-RV
2009-03-06,0.02092567787898273,SPY,HAR-RV
2009-03-09,0.02153414610374623,SPY,HAR-RV
2009-03-10,0.02523246694071645,SPY,HAR-RV
2009-03-11,0.019859501678853322,SPY,HAR-RV
2009-03-12,0.018744015955575625,SPY,HAR-RV
2009-03-13,0.025248251626864067,SPY,HAR-RV
2009-03-16,0.019878891286621802,SPY,HAR-RV
2009-03-17,0.02507797210311342,SPY,HAR-RV
2009-03-18,0.024835232126517837,SPY,HAR-RV
2009-03-19,0.017536531536801916,SPY,HAR-RV
2009-03-20,0.020943350440555366,SPY,HAR-RV
2009-03-23,0.018964102035900075,SPY,HAR-RV
2009-03-24,0.01973193715678855,SPY,HAR-RV
2009-03-25,0.0203946334052805,SPY,HAR-RV
2009-03-26,0.027596661879295742,SPY,HAR-RV
2009-03-27,0.027273545398721833,SPY,HAR-RV
2009-03-30,0.026171936558432012,SPY,HAR-RV
2009-03-31,0.02639672924386649,SPY,HAR-RV
2009-04-01,0.02005794027569539,SPY,HAR-RV
2009-04-02,0.022885404643419597,SPY,HAR-RV
2009-04-03,0.02176812221114309,SPY,HAR-RV
2009-04-06,0.021486607605943727,SPY,HAR-RV
2009-04-07,0.023314922663579818,SPY,HAR-RV
2009-04-08,0.019982402741780755,SPY,HAR-RV
2009-04-09,0.019409323672143618,SPY,HAR-RV
2009-04-13,0.020698642216265897,SPY,HAR-RV
2009-04-14,0.0166196346051968,SPY,HAR-RV
2009-04-15,0.02206729683963992,SPY,HAR-RV
2009-04-16,0.01976298844190426,SPY,HAR-RV
2009-04-17,0.01949293333457703,SPY,HAR-RV
2009-04-20,0.019424655200156085,SPY,HAR-RV
2009-04-21,0.016961712346718654,SPY,HAR-RV
2009-04-22,0.015883277995008972,SPY,HAR-RV
2009-04-23,0.02019967355802322,SPY,HAR-RV
2009-04-24,0.021555429838887228,SPY,HAR-RV
2009-04-27,0.019316562793127122,SPY,HAR-RV
2009-04-28,0.019276776388543946,SPY,HAR-RV
2009-04-29,0.016404657052605062,SPY,HAR-RV
2009-04-30,0.015453942772537418,SPY,HAR-RV
2009-05-01,0.014073987879040187,SPY,HAR-RV
2009-05-04,0.01580798983320546,SPY,HAR-RV
2009-05-05,0.014081629122666892,SPY,HAR-RV
2009-05-06,0.012113645131893933,SPY,HAR-RV
2009-05-07,0.016647837361211178,SPY,HAR-RV
2009-05-08,0.014000443356038497,SPY,HAR-RV
2009-05-11,0.016318404574990744,SPY,HAR-RV
2009-05-12,0.016765366121354194,SPY,HAR-RV
2009-05-13,0.015959032142144024,SPY,HAR-RV
2009-05-14,0.018137788041925205,SPY,HAR-RV
2009-05-15,0.015596676829610228,SPY,HAR-RV
2009-05-18,0.0177929757803767,SPY,HAR-RV
2009-05-19,0.016188726489079795,SPY,HAR-RV
2009-05-20,0.013927076560948456,SPY,HAR-RV
2009-05-21,0.01827946084577808,SPY,HAR-RV
2009-05-22,0.014591684343877746,SPY,HAR-RV
2009-05-26,0.013828750354549255,SPY,HAR-RV
2009-05-27,0.015392840278703671,SPY,HAR-RV
2009-05-28,0.011134221676668053,SPY,HAR-RV
2009-05-29,0.014426550329808073,SPY,HAR-RV
2009-06-01,0.016126120752972588,SPY,HAR-RV
2009-06-02,0.016194932376218933,SPY,HAR-RV
2009-06-03,0.017443810929551495,SPY,HAR-RV
2009-06-04,0.018773304813917275,SPY,HAR-RV
2009-06-05,0.016195396734763754,SPY,HAR-RV
2009-06-08,0.0156982195430575,SPY,HAR-RV
2009-06-09,0.015086966640388636,SPY,HAR-RV
2009-06-10,0.011884141830116959,SPY,HAR-RV
2009-06-11,0.011965376811374608,SPY,HAR-RV
2009-06-12,0.010816438634826408,SPY,HAR-RV
2009-06-15,0.009566355339755478,SPY,HAR-RV
2009-06-16,0.010224118853036613,SPY,HAR-RV
2009-06-17,0.008947427901111643,SPY,HAR-RV
2009-06-18,0.011637508074024229,SPY,HAR-RV
2009-06-19,0.013600692134910308,SPY,HAR-RV
2009-06-22,0.012440322231958827,SPY,HAR-RV
2009-06-23,0.013472780302383296,SPY,HAR-RV
2009-06-24,0.009790136883018769,SPY,HAR-RV
2009-06-25,0.01334287311497107,SPY,HAR-RV
2009-06-26,0.013043004818587072,SPY,HAR-RV
2009-06-29,0.012205819399855792,SPY,HAR-RV
2009-06-30,0.015058765117317411,SPY,HAR-RV
2009-07-01,0.01126425435958966,SPY,HAR-RV
2009-07-02,0.012183519240663928,SPY,HAR-RV
2009-07-06,0.01228741689952612,SPY,HAR-RV
2009-07-07,0.009006633680386717,SPY,HAR-RV
2009-07-08,0.01362307938728325,SPY,HAR-RV
2009-07-09,0.011383201724039685,SPY,HAR-RV
2009-07-10,0.01375004822486885,SPY,HAR-RV
2009-07-13,0.013135121960829794,SPY,HAR-RV
2009-07-14,0.010214879683096553,SPY,HAR-RV
2009-07-15,0.00954557585161779,SPY,HAR-RV
2009-07-16,0.011483758701062871,SPY,HAR-RV
2009-07-17,0.010977242603511676,SPY,HAR-RV
2009-07-20,0.015526566234648917,SPY,HAR-RV
2009-07-21,0.014734958123792611,SPY,HAR-RV
2009-07-22,0.013361605792721103,SPY,HAR-RV
2009-07-23,0.014244118199214988,SPY,HAR-RV
2009-07-24,0.011763713328182407,SPY,HAR-RV
2009-07-27,0.009841005199396995,SPY,HAR-RV
2009-07-28,0.0123571096616799,SPY,HAR-RV
2009-07-29,0.011544385869930323,SPY,HAR-RV
2009-07-30,0.01085018953069201,SPY,HAR-RV
2009-07-31,0.011526309851306059,SPY,HAR-RV
2009-08-03,0.008738590673103085,SPY,HAR-RV
2009-08-04,0.010144524176093747,SPY,HAR-RV
2009-08-05,0.00894303761858482,SPY,HAR-RV
2009-08-06,0.01072511618213498,SPY,HAR-RV
2009-08-07,0.010635287605911576,SPY,HAR-RV
2009-08-10,0.00922043975985608,SPY,HAR-RV
2009-08-11,0.009393753532034452,SPY,HAR-RV
2009-08-12,0.009752367241482792,SPY,HAR-RV
2009-08-13,0.009317485590067514,SPY,HAR-RV
2009-08-14,0.009998493449473933,SPY,HAR-RV
2009-08-17,0.01077722233143932,SPY,HAR-RV
2009-08-18,0.009652921029238096,SPY,HAR-RV
2009-08-19,0.00943148368003613,SPY,HAR-RV
2009-08-20,0.011699928891959773,SPY,HAR-RV
2009-08-21,0.01129308009311862,SPY,HAR-RV
2009-08-24,0.011526102546761632,SPY,HAR-RV
2009-08-25,0.011630834445531276,SPY,HAR-RV
2009-08-26,0.011923827883678236,SPY,HAR-RV
2009-08-27,0.010860593203242598,SPY,HAR-RV
2009-08-28,0.009593479234940009,SPY,HAR-RV
2009-08-31,0.008115099810575465,SPY,HAR-RV
2009-09-01,0.0061897013766021095,SPY,HAR-RV
2009-09-02,0.005744647767535031,SPY,HAR-RV
2009-09-03,0.006026701710280647,SPY,HAR-RV
2009-09-04,0.009663132953819986,SPY,HAR-RV
2009-09-08,0.009629678791995569,SPY,HAR-RV
2009-09-09,0.010318224383407515,SPY,HAR-RV
2009-09-10,0.01116603192841243,SPY,HAR-RV
2009-09-11,0.009664041554199771,SPY,HAR-RV
2009-09-14,0.009772148885192088,SPY,HAR-RV
2009-09-15,0.010156413143080254,SPY,HAR-RV
2009-09-16,0.008948183476606482,SPY,HAR-RV
2009-09-17,0.008907176231159449,SPY,HAR-RV
2009-09-18,0.007985081717545854,SPY,HAR-RV
2009-09-21,0.008277714029747958,SPY,HAR-RV
2009-09-22,0.008074469398157355,SPY,HAR-RV
2009-09-23,0.007781524850606963,SPY,HAR-RV
2009-09-24,0.007361647322278726,SPY,HAR-RV
2009-09-25,0.006833402342733372,SPY,HAR-RV
2009-09-28,0.00730535239111158,SPY,HAR-RV
2009-09-29,0.008474420030026228,SPY,HAR-RV
2009-09-30,0.008902941540409885,SPY,HAR-RV
2009-10-01,0.00894090546597086,SPY,HAR-RV
2009-10-02,0.00887926294724918,SPY,HAR-RV
2009-10-05,0.008674992110361048,SPY,HAR-RV
2009-10-06,0.009372275881341527,SPY,HAR-RV
2009-10-07,0.009108491564025135,SPY,HAR-RV
2009-10-08,0.01030231838790996,SPY,HAR-RV
2009-10-09,0.010927017254630463,SPY,HAR-RV
2009-10-12,0.008960027426761455,SPY,HAR-RV
2009-10-13,0.009078716947641077,SPY,HAR-RV
2009-10-14,0.00835109189768805,SPY,HAR-RV
2009-10-15,0.00797366361376387,SPY,HAR-RV
2009-10-16,0.007813645477127375,SPY,HAR-RV
2009-10-19,0.008840106261444571,SPY,HAR-RV
2009-10-20,0.008287825233077323,SPY,HAR-RV
2009-10-21,0.008869239825560255,SPY,HAR-RV
2009-10-22,0.009846847039104076,SPY,HAR-RV
2009-10-23,0.00909643909968861,SPY,HAR-RV
2009-10-26,0.009696476040033479,SPY,HAR-RV
2009-10-27,0.009613480508211697,SPY,HAR-RV
2009-10-28,0.00984723693016457,SPY,HAR-RV
2009-10-29,0.010830241695920574,SPY,HAR-RV
2009-10-30,0.009745837813056626,SPY,HAR-RV
2009-11-02,0.010269159942286181,SPY,HAR-RV
2009-11-03,0.010356157266020988,SPY,HAR-RV
2009-11-04,0.013091153806349917,SPY,HAR-RV
2009-11-05,0.0133588213411623,SPY,HAR-RV
2009-11-06,0.012502600642670687,SPY,HAR-RV
2009-11-09,0.010113843159070022,SPY,HAR-RV
2009-11-10,0.011236561107791811,SPY,HAR-RV
2009-11-11,0.009034129181690848,SPY,HAR-RV
2009-11-12,0.012128117000493256,SPY,HAR-RV
2009-11-13,0.011448231072914393,SPY,HAR-RV
2009-11-16,0.010506139169248975,SPY,HAR-RV
2009-11-17,0.011092489336083337,SPY,HAR-RV
2009-11-18,0.009611081398716538,SPY,HAR-RV
2009-11-19,0.01139689034436663,SPY,HAR-RV
2009-11-20,0.011217685652800131,SPY,HAR-RV
2009-11-23,0.009548274971786477,SPY,HAR-RV
2009-11-24,0.01104053814762147,SPY,HAR-RV
2009-11-25,0.0097582553629243,SPY,HAR-RV
2009-11-27,0.011333876015823604,SPY,HAR-RV
2009-11-30,0.010634715064080145,SPY,HAR-RV
2009-12-01,0.008986244376743079,SPY,HAR-RV
2009-12-02,0.01036165298682308,SPY,HAR-RV
2009-12-03,0.008400297837007202,SPY,HAR-RV
2009-12-04,0.008896143683836044,SPY,HAR-RV
2009-12-07,0.0075312012539965065,SPY,HAR-RV
2009-12-08,0.008241924028648175,SPY,HAR-RV
2009-12-09,0.008898929964389022,SPY,HAR-RV
2009-12-10,0.00695133663190974,SPY,HAR-RV
2009-12-11,0.008111281887329208,SPY,HAR-RV
2009-12-14,0.006940569724133799,SPY,HAR-RV
2009-12-15,0.007397578973511737,SPY,HAR-RV
2009-12-16,0.00696710724609317,SPY,HAR-RV
2009-12-17,0.006987251024600543,SPY,HAR-RV
2009-12-18,0.0074793263972380425,SPY,HAR-RV
2009-12-21,0.005088223434844467,SPY,HAR-RV
2009-12-22,0.006634174719977123,SPY,HAR-RV
2009-12-23,0.006109012102554883,SPY,HAR-RV
2009-12-24,0.007012749564165456,SPY,HAR-RV
2009-12-28,0.0072070333821912655,SPY,HAR-RV
2009-12-29,0.0062676608674497765,SPY,HAR-RV
2009-12-30,0.00687724782823386,SPY,HAR-RV
2009-12-31,0.006786363421261594,SPY,HAR-RV
2010-01-04,0.0062658678083566685,SPY,HAR-RV
2010-01-05,0.004423567362508098,SPY,HAR-RV
2010-01-06,0.0029310847439892075,SPY,HAR-RV
2010-01-07,0.00656802815673183,SPY,HAR-RV
2010-01-08,0.006541996244792237,SPY,HAR-RV
2010-01-11,0.005715671328809362,SPY,HAR-RV
2010-01-12,0.0058450378738061064,SPY,HAR-RV
2010-01-13,0.005641177198453703,SPY,HAR-RV
2010-01-14,0.004161261536653565,SPY,HAR-RV
2010-01-15,0.004702282358737741,SPY,HAR-RV
2010-01-19,0.005956140266468968,SPY,HAR-RV
2010-01-20,0.004446402497679332,SPY,HAR-RV
2010-01-21,0.004785739640138381,SPY,HAR-RV
2010-01-22,0.005913820854100897,SPY,HAR-RV
2010-01-25,0.004419478728279523,SPY,HAR-RV
2010-01-26,0.0049456819001476,SPY,HAR-RV
2010-01-27,0.008500143410721384,SPY,HAR-RV
2010-01-28,0.00838196106031008,SPY,HAR-RV
2010-01-29,0.007969110931351102,SPY,HAR-RV
2010-02-01,0.006816965558881961,SPY,HAR-RV
2010-02-02,0.007375706876713182,SPY,HAR-RV
2010-02-03,0.006965305649750246,SPY,HAR-RV
2010-02-04,0.008192336485454768,SPY,HAR-RV
2010-02-05,0.009772328899301642,SPY,HAR-RV
2010-02-08,0.004791926626164799,SPY,HAR-RV
2010-02-09,0.010809023071477606,SPY,HAR-RV
2010-02-10,0.009764026661043009,SPY,HAR-RV
2010-02-11,0.009156964124328936,SPY,HAR-RV
2010-02-12,0.011208524780745946,SPY,HAR-RV
2010-02-16,0.009876308027809371,SPY,HAR-RV
2010-02-17,0.011280076594621907,SPY,HAR-RV
2010-02-18,0.008811801151193876,SPY,HAR-RV
2010-02-19,0.010822313999631654,SPY,HAR-RV
2010-02-22,0.010056798723521606,SPY,HAR-RV
2010-02-23,0.010510871992066753,SPY,HAR-RV
2010-02-24,0.010593334696733384,SPY,HAR-RV
2010-02-25,0.007399728719838064,SPY,HAR-RV
2010-02-26,0.007799255270613132,SPY,HAR-RV
2010-03-01,0.00957374521044509,SPY,HAR-RV
2010-03-02,0.009581510196201853,SPY,HAR-RV
2010-03-03,0.00770043063742698,SPY,HAR-RV
2010-03-04,0.008975168189458467,SPY,HAR-RV
2010-03-05,0.00884346829233689,SPY,HAR-RV
2010-03-08,0.008026334991336691,SPY,HAR-RV
2010-03-09,0.005803955743490083,SPY,HAR-RV
2010-03-10,0.008490058266003082,SPY,HAR-RV
2010-03-11,0.0074705986484966055,SPY,HAR-RV
2010-03-12,0.006857844575468694,SPY,HAR-RV
2010-03-15,0.006766658728104523,SPY,HAR-RV
2010-03-16,0.006704606876265793,SPY,HAR-RV
2010-03-17,0.006635094207643978,SPY,HAR-RV
2010-03-18,0.005092773721587297,SPY,HAR-RV
2010-03-19,0.005936351859873044,SPY,HAR-RV
2010-03-22,0.006747771610143443,SPY,HAR-RV
2010-03-23,0.00584811031340534,SPY,HAR-RV
2010-03-24,0.005888586244524549,SPY,HAR-RV
2010-03-25,0.0055876558275377766,SPY,HAR-RV
2010-03-26,0.0059527555123645584,SPY,HAR-RV
2010-03-29,0.006161480622072109,SPY,HAR-RV
2010-03-30,0.006079860404410062,SPY,HAR-RV
2010-03-31,0.004762412317488331,SPY,HAR-RV
2010-04-01,0.005481195137990719,SPY,HAR-RV
2010-04-05,0.004930901070049192,SPY,HAR-RV
2010-04-06,0.004666158543316858,SPY,HAR-RV
2010-04-07,0.005019578030370014,SPY,HAR-RV
2010-04-08,0.00594230244553928,SPY,HAR-RV
2010-04-09,0.005526866968758635,SPY,HAR-RV
2010-04-12,0.006154186546759808,SPY,HAR-RV
2010-04-13,0.005433214192020514,SPY,HAR-RV
2010-04-14,0.006006894370336606,SPY,HAR-RV
2010-04-15,0.006095671042530169,SPY,HAR-RV
2010-04-16,0.004556327137757788,SPY,HAR-RV
2010-04-19,0.006707402302102422,SPY,HAR-RV
2010-04-20,0.004579756533063951,SPY,HAR-RV
2010-04-21,0.006691265256931903,SPY,HAR-RV
2010-04-22,0.006294484744595168,SPY,HAR-RV
2010-04-23,0.006905390886913723,SPY,HAR-RV
2010-04-26,0.006815546566313938,SPY,HAR-RV
2010-04-27,0.005859380244953239,SPY,HAR-RV
2010-04-28,0.0066173695949870315,SPY,HAR-RV
2010-04-29,0.004171357757446241,SPY,HAR-RV
2010-04-30,0.0075162760087046,SPY,HAR-RV
2010-05-03,0.007468293701807649,SPY,HAR-RV
2010-05-04,0.007529430982117912,SPY,HAR-RV
2010-05-05,0.009469685456877725,SPY,HAR-RV
2010-05-06,0.00758386055633721,SPY,HAR-RV
2010-05-07,0.011663833802573322,SPY,HAR-RV
2010-05-10,0.008481556792185686,SPY,HAR-RV
2010-05-11,0.013758717727660352,SPY,HAR-RV
2010-05-12,0.010483621105570773,SPY,HAR-RV
2010-05-13,0.017082968116772533,SPY,HAR-RV
2010-05-14,0.01554570090785128,SPY,HAR-RV
2010-05-17,0.013443043440688897,SPY,HAR-RV
2010-05-18,0.012089983864315996,SPY,HAR-RV
2010-05-19,0.011243373653314973,SPY,HAR-RV
2010-05-20,0.009291249079205678,SPY,HAR-RV
2010-05-21,0.011036988337086722,SPY,HAR-RV
2010-05-24,0.007365035027082222,SPY,HAR-RV
2010-05-25,0.012424852595295924,SPY,HAR-RV
2010-05-26,0.013265420298475966,SPY,HAR-RV
2010-05-27,0.013830230959164122,SPY,HAR-RV
2010-05-28,0.01406237354333259,SPY,HAR-RV
2010-06-01,0.008274735067815436,SPY,HAR-RV
2010-06-02,0.01259879457545698,SPY,HAR-RV
2010-06-03,0.012911316015528735,SPY,HAR-RV
2010-06-04,0.013321043155842469,SPY,HAR-RV
2010-06-07,0.018172165874253333,SPY,HAR-RV
2010-06-08,0.012227580970288286,SPY,HAR-RV
2010-06-09,0.016836839650373955,SPY,HAR-RV
2010-06-10,0.015778031722989937,SPY,HAR-RV
2010-06-11,0.01500525617434318,SPY,HAR-RV
2010-06-14,0.012117014032716672,SPY,HAR-RV
2010-06-15,0.013378607358170803,SPY,HAR-RV
2010-06-16,0.013030457968056542,SPY,HAR-RV
2010-06-17,0.00974342187137061,SPY,HAR-RV
2010-06-18,0.0133653182803539,SPY,HAR-RV
2010-06-21,0.009557076880730589,SPY,HAR-RV
2010-06-22,0.008876817515486728,SPY,HAR-RV
2010-06-23,0.008652171608113187,SPY,HAR-RV
2010-06-24,0.0048430495690520246,SPY,HAR-RV
2010-06-25,0.008221736775788621,SPY,HAR-RV
2010-06-28,0.007247068823045381,SPY,HAR-RV
2010-06-29,0.010271889441461651,SPY,HAR-RV
2010-06-30,0.010837086880754177,SPY,HAR-RV
2010-07-01,0.006599815693961012,SPY,HAR-RV
2010-07-02,0.011854949597177936,SPY,HAR-RV
2010-07-06,0.011226207078888217,SPY,HAR-RV
2010-07-07,0.010939556162136543,SPY,HAR-RV
2010-07-08,0.011357849118709842,SPY,HAR-RV
2010-07-09,0.006226841444108426,SPY,HAR-RV
2010-07-12,0.010553405731331136,SPY,HAR-RV
2010-07-13,0.011240185973692682,SPY,HAR-RV
2010-07-14,0.012001125015688192,SPY,HAR-RV
2010-07-15,0.009884907879980266,SPY,HAR-RV
2010-07-16,0.00912573935096611,SPY,HAR-RV
2010-07-19,0.008169746285625222,SPY,HAR-RV
2010-07-20,0.004932354148764218,SPY,HAR-RV
2010-07-21,0.010042607765552613,SPY,HAR-RV
2010-07-22,0.00871968997222949,SPY,HAR-RV
2010-07-23,0.009933763374696827,SPY,HAR-RV
2010-07-26,0.010928051818291897,SPY,HAR-RV
2010-07-27,0.011359337862836907,SPY,HAR-RV
2010-07-28,0.011555655589032753,SPY,HAR-RV
2010-07-29,0.012180240481416119,SPY,HAR-RV
2010-07-30,0.010190637409641164,SPY,HAR-RV
2010-08-02,0.00849399400572834,SPY,HAR-RV
2010-08-03,0.008112139266568638,SPY,HAR-RV
2010-08-04,0.004859487122423129,SPY,HAR-RV
2010-08-05,0.009233172824736067,SPY,HAR-RV
2010-08-06,0.00879136185370964,SPY,HAR-RV
2010-08-09,0.009426813661530458,SPY,HAR-RV
2010-08-10,0.00893928735902613,SPY,HAR-RV
2010-08-11,0.006537066227843337,SPY,HAR-RV
2010-08-12,0.006814781950684752,SPY,HAR-RV
2010-08-13,0.004872069066298347,SPY,HAR-RV
2010-08-16,0.009909370287309377,SPY,HAR-RV
2010-08-17,0.010369584703503746,SPY,HAR-RV
2010-08-18,0.010337968566389959,SPY,HAR-RV
2010-08-19,0.008522427346099842,SPY,HAR-RV
2010-08-20,0.0078704116487354,SPY,HAR-RV
2010-08-23,0.005865541341330353,SPY,HAR-RV
2010-08-24,0.008754533670351568,SPY,HAR-RV
2010-08-25,0.00877955900244582,SPY,HAR-RV
2010-08-26,0.0067522359594492706,SPY,HAR-RV
2010-08-27,0.009207012013369027,SPY,HAR-RV
2010-08-30,0.007551089379890598,SPY,HAR-RV
2010-08-31,0.007254897934321941,SPY,HAR-RV
2010-09-01,0.008601653995271524,SPY,HAR-RV
2010-09-02,0.01019429693567207,SPY,HAR-RV
2010-09-03,0.006768214153281224,SPY,HAR-RV
2010-09-07,0.011371548645436144,SPY,HAR-RV
2010-09-08,0.010501059869031697,SPY,HAR-RV
2010-09-09,0.010620099300953086,SPY,HAR-RV
2010-09-10,0.012268105605411235,SPY,HAR-RV
2010-09-13,0.010047353171821916,SPY,HAR-RV
2010-09-14,0.009528267464198912,SPY,HAR-RV
2010-09-15,0.007727108062714009,SPY,HAR-RV
2010-09-16,0.008643024962425139,SPY,HAR-RV
2010-09-17,0.007550343939886775,SPY,HAR-RV
2010-09-20,0.00768509033059871,SPY,HAR-RV
2010-09-21,0.007118223616041716,SPY,HAR-RV
2010-09-22,0.004570616785923576,SPY,HAR-RV
2010-09-23,0.0073112897516496335,SPY,HAR-RV
2010-09-24,0.006835004800796027,SPY,HAR-RV
2010-09-27,0.007201109030345602,SPY,HAR-RV
2010-09-28,0.0069647350468076295,SPY,HAR-RV
2010-09-29,0.009024045070456406,SPY,HAR-RV
2010-09-30,0.009361308237483755,SPY,HAR-RV
2010-10-01,0.00916187017305266,SPY,HAR-RV
2010-10-04,0.008143421431400576,SPY,HAR-RV
2010-10-05,0.0061021293622602665,SPY,HAR-RV
2010-10-06,0.0054294251067943085,SPY,HAR-RV
2010-10-07,0.004530314272099664,SPY,HAR-RV
2010-10-08,0.008837931810516522,SPY,HAR-RV
2010-10-11,0.008160947154482736,SPY,HAR-RV
2010-10-12,0.007273875255037003,SPY,HAR-RV
2010-10-13,0.007454184008547287,SPY,HAR-RV
2010-10-14,0.00501544231165222,SPY,HAR-RV
2010-10-15,0.004849303812189558,SPY,HAR-RV
2010-10-18,0.0059926574881341834,SPY,HAR-RV
2010-10-19,0.005967867346945092,SPY,HAR-RV
2010-10-20,0.00596984174390258,SPY,HAR-RV
2010-10-21,0.0055404936368342655,SPY,HAR-RV
2010-10-22,0.006403493106826743,SPY,HAR-RV
2010-10-25,0.007735497749775596,SPY,HAR-RV
2010-10-26,0.007690459675915239,SPY,HAR-RV
2010-10-27,0.007141217572838133,SPY,HAR-RV
2010-10-28,0.005920634544219686,SPY,HAR-RV
2010-10-29,0.004577414457309096,SPY,HAR-RV
2010-11-01,0.004756671905779704,SPY,HAR-RV
2010-11-02,0.004478699819419998,SPY,HAR-RV
2010-11-03,0.004299301832487352,SPY,HAR-RV
2010-11-04,0.003754075471722615,SPY,HAR-RV
2010-11-05,0.004779779136495101,SPY,HAR-RV
2010-11-08,0.0038771159782256433,SPY,HAR-RV
2010-11-09,0.0070531363194243505,SPY,HAR-RV
2010-11-10,0.00757286598513,SPY,HAR-RV
2010-11-11,0.006524933113220508,SPY,HAR-RV
2010-11-12,0.007120554587264632,SPY,HAR-RV
2010-11-15,0.0057253857725185035,SPY,HAR-RV
2010-11-16,0.005096037977865312,SPY,HAR-RV
2010-11-17,0.007017477582180476,SPY,HAR-RV
2010-11-18,0.005328469187177342,SPY,HAR-RV
2010-11-19,0.007885311319101104,SPY,HAR-RV
2010-11-22,0.00622469027192958,SPY,HAR-RV
2010-11-23,0.007480748058779205,SPY,HAR-RV
2010-11-24,0.007902768382158447,SPY,HAR-RV
2010-11-26,0.005368686314463168,SPY,HAR-RV
2010-11-29,0.007052590541445397,SPY,HAR-RV
2010-11-30,0.007475538658598153,SPY,HAR-RV
2010-12-01,0.009148022670602935,SPY,HAR-RV
2010-12-02,0.009335091325569114,SPY,HAR-RV
2010-12-03,0.00728550947919046,SPY,HAR-RV
2010-12-06,0.008882922740342938,SPY,HAR-RV
2010-12-07,0.009815516775045344,SPY,HAR-RV
2010-12-08,0.009823957773115252,SPY,HAR-RV
2010-12-09,0.009118891430125446,SPY,HAR-RV
2010-12-10,0.0066494786853150845,SPY,HAR-RV
2010-12-13,0.0056574105892176485,SPY,HAR-RV
2010-12-14,0.0055564952028677814,SPY,HAR-RV
2010-12-15,0.006355994145477956,SPY,HAR-RV
2010-12-16,0.006260744263437484,SPY,HAR-RV
2010-12-17,0.0055446481798544665,SPY,HAR-RV
2010-12-20,0.005508190851110926,SPY,HAR-RV
2010-12-21,0.0056853332220337255,SPY,HAR-RV
2010-12-22,0.005616806983091829,SPY,HAR-RV
2010-12-23,0.005241386058613032,SPY,HAR-RV
2010-12-27,0.005728713035620907,SPY,HAR-RV
2010-12-28,0.005522243465685462,SPY,HAR-RV
2010-12-29,0.005413595482983698,SPY,HAR-RV
2010-12-30,0.004793140389179513,SPY,HAR-RV
2010-12-31,0.0040581548481408705,SPY,HAR-RV
2011-01-03,0.003607320003580124,SPY,HAR-RV
2011-01-04,0.003773176510746148,SPY,HAR-RV
2011-01-05,0.002684734127700668,SPY,HAR-RV
2011-01-06,0.004401756650930692,SPY,HAR-RV
2011-01-07,0.003976435889803701,SPY,HAR-RV
2011-01-10,0.004665587404561968,SPY,HAR-RV
2011-01-11,0.004839690377801357,SPY,HAR-RV
2011-01-12,0.003856558129975589,SPY,HAR-RV
2011-01-13,0.0038169052904972285,SPY,HAR-RV
2011-01-14,0.003208613656580919,SPY,HAR-RV
2011-01-18,0.004677528557853909,SPY,HAR-RV
2011-01-19,0.004232155156588821,SPY,HAR-RV
2011-01-20,0.005403378478076089,SPY,HAR-RV
2011-01-21,0.004488095115587757,SPY,HAR-RV
2011-01-24,0.005322060464911269,SPY,HAR-RV
2011-01-25,0.005210508592835474,SPY,HAR-RV
2011-01-26,0.0042949082197661255,SPY,HAR-RV
2011-01-27,0.005148836516390685,SPY,HAR-RV
2011-01-28,0.0038350309431529834,SPY,HAR-RV
2011-01-31,0.004459765050428995,SPY,HAR-RV
2011-02-01,0.003421036903173894,SPY,HAR-RV
2011-02-02,0.0058580264121073835,SPY,HAR-RV
2011-02-03,0.006100983920585333,SPY,HAR-RV
2011-02-04,0.008574676170163626,SPY,HAR-RV
2011-02-07,0.008235171211173066,SPY,HAR-RV
2011-02-08,0.006651857738023265,SPY,HAR-RV
2011-02-09,0.005918760717763989,SPY,HAR-RV
2011-02-10,0.005155762104740905,SPY,HAR-RV
2011-02-11,0.005566556142564101,SPY,HAR-RV
2011-02-14,0.00571264176691721,SPY,HAR-RV
2011-02-15,0.005021020309173776,SPY,HAR-RV
2011-02-16,0.0051700468852669285,SPY,HAR-RV
2011-02-17,0.004920433581324043,SPY,HAR-RV
2011-02-18,0.004686301934712627,SPY,HAR-RV
2011-02-22,0.005590742184608946,SPY,HAR-RV
2011-02-23,0.00537587401580739,SPY,HAR-RV
2011-02-24,0.004081775861250218,SPY,HAR-RV
2011-02-25,0.007125843821668721,SPY,HAR-RV
2011-02-28,0.007575271267810692,SPY,HAR-RV
2011-03-01,0.00661967317012554,SPY,HAR-RV
2011-03-02,0.008011567161896464,SPY,HAR-RV
2011-03-03,0.005737563788105755,SPY,HAR-RV
2011-03-04,0.00808129084048616,SPY,HAR-RV
2011-03-07,0.006950289048738319,SPY,HAR-RV
2011-03-08,0.00843893271429751,SPY,HAR-RV
2011-03-09,0.008644018821414455,SPY,HAR-RV
2011-03-10,0.007698987990128108,SPY,HAR-RV
2011-03-11,0.00923611761626306,SPY,HAR-RV
2011-03-14,0.005959992322919536,SPY,HAR-RV
2011-03-15,0.008394797328901301,SPY,HAR-RV
2011-03-16,0.008394484857783944,SPY,HAR-RV
2011-03-17,0.007830879112915341,SPY,HAR-RV
2011-03-18,0.00853748138239745,SPY,HAR-RV
2011-03-21,0.009191984613475873,SPY,HAR-RV
2011-03-22,0.01081379132900624,SPY,HAR-RV
2011-03-23,0.009546865867784728,SPY,HAR-RV
2011-03-24,0.011014363452969272,SPY,HAR-RV
2011-03-25,0.009374176606126036,SPY,HAR-RV
2011-03-28,0.007433198099142164,SPY,HAR-RV
2011-03-29,0.00858386855584677,SPY,HAR-RV
2011-03-30,0.007358036043406931,SPY,HAR-RV
2011-03-31,0.006796576431553688,SPY,HAR-RV
2011-04-01,0.007224859349557956,SPY,HAR-RV
2011-04-04,0.007187642646691085,SPY,HAR-RV
2011-04-05,0.0068786531735366765,SPY,HAR-RV
2011-04-06,0.007019332299263109,SPY,HAR-RV
2011-04-07,0.00686047576405241,SPY,HAR-RV
2011-04-08,0.005842032411111456,SPY,HAR-RV
2011-04-11,0.005811462481847718,SPY,HAR-RV
2011-04-12,0.0056233122546783,SPY,HAR-RV
2011-04-13,0.005517051955213415,SPY,HAR-RV
2011-04-14,0.005094261654007287,SPY,HAR-RV
2011-04-15,0.0058765618438803464,SPY,HAR-RV
2011-04-18,0.005362909562640803,SPY,HAR-RV
2011-04-19,0.004650365488111513,SPY,HAR-RV
2011-04-20,0.004010157523787288,SPY,HAR-RV
2011-04-21,0.004890872418577713,SPY,HAR-RV
2011-04-25,0.00450474227806839,SPY,HAR-RV
2011-04-26,0.006146002410625991,SPY,HAR-RV
2011-04-27,0.006607568705186917,SPY,HAR-RV
2011-04-28,0.005274553928853911,SPY,HAR-RV
2011-04-29,0.005753263347897366,SPY,HAR-RV
2011-05-02,0.005660138224122476,SPY,HAR-RV
2011-05-03,0.005414065622332889,SPY,HAR-RV
2011-05-04,0.005551413783451371,SPY,HAR-RV
2011-05-05,0.005115188027004328,SPY,HAR-RV
2011-05-06,0.00478711873011948,SPY,HAR-RV
2011-05-09,0.004832227806800893,SPY,HAR-RV
2011-05-10,0.005738484145902813,SPY,HAR-RV
2011-05-11,0.00592777200564151,SPY,HAR-RV
2011-05-12,0.005753409855300633,SPY,HAR-RV
2011-05-13,0.005934616602873025,SPY,HAR-RV
2011-05-16,0.00625586935782989,SPY,HAR-RV
2011-05-17,0.006155954156030291,SPY,HAR-RV
2011-05-18,0.006434504597907578,SPY,HAR-RV
2011-05-19,0.006682207160598575,SPY,HAR-RV
2011-05-20,0.005680910385312231,SPY,HAR-RV
2011-05-23,0.0061285464960933785,SPY,HAR-RV
2011-05-24,0.005611297312722081,SPY,HAR-RV
2011-05-25,0.005478739517453796,SPY,HAR-RV
2011-05-26,0.006496277775956409,SPY,HAR-RV
2011-05-27,0.0059662314045446155,SPY,HAR-RV
2011-05-31,0.005934083875175274,SPY,HAR-RV
2011-06-01,0.005752711254794842,SPY,HAR-RV
2011-06-02,0.005330554982575002,SPY,HAR-RV
2011-06-03,0.005579620533112708,SPY,HAR-RV
2011-06-06,0.007215800158764522,SPY,HAR-RV
2011-06-07,0.006838845894051442,SPY,HAR-RV
2011-06-08,0.007052631511109,SPY,HAR-RV
2011-06-09,0.007471894835529277,SPY,HAR-RV
2011-06-10,0.00623036251539262,SPY,HAR-RV
2011-06-13,0.006365254881724481,SPY,HAR-RV
2011-06-14,0.0060533951911077,SPY,HAR-RV
2011-06-15,0.006468476823844723,SPY,HAR-RV
2011-06-16,0.006375942345079437,SPY,HAR-RV
2011-06-17,0.006735983154987287,SPY,HAR-RV
2011-06-20,0.00746958641375304,SPY,HAR-RV
2011-06-21,0.006721869296917295,SPY,HAR-RV
2011-06-22,0.006803122362507008,SPY,HAR-RV
2011-06-23,0.006197793674411704,SPY,HAR-RV
2011-06-24,0.0062405520641376794,SPY,HAR-RV
2011-06-27,0.00655775393603706,SPY,HAR-RV
2011-06-28,0.006385101535596799,SPY,HAR-RV
2011-06-29,0.007009968996510126,SPY,HAR-RV
2011-06-30,0.006606417046963487,SPY,HAR-RV
2011-07-01,0.007159236045758106,SPY,HAR-RV
2011-07-05,0.007605254473106074,SPY,HAR-RV
2011-07-06,0.007289865753468371,SPY,HAR-RV
2011-07-07,0.00781652414012397,SPY,HAR-RV
2011-07-08,0.007127763242326727,SPY,HAR-RV
2011-07-11,0.006530142921274109,SPY,HAR-RV
2011-07-12,0.006557040937143627,SPY,HAR-RV
2011-07-13,0.005878639140027188,SPY,HAR-RV
2011-07-14,0.007331518804602894,SPY,HAR-RV
2011-07-15,0.007640970699482952,SPY,HAR-RV
2011-07-18,0.00701552016627082,SPY,HAR-RV
2011-07-19,0.007045056972517506,SPY,HAR-RV
2011-07-20,0.006031879920362524,SPY,HAR-RV
2011-07-21,0.006299982072671143,SPY,HAR-RV
2011-07-22,0.0074920733733451275,SPY,HAR-RV
2011-07-25,0.006723194204677952,SPY,HAR-RV
2011-07-26,0.0074385788862050455,SPY,HAR-RV
2011-07-27,0.00680429861753761,SPY,HAR-RV
2011-07-28,0.006208025657249976,SPY,HAR-RV
2011-07-29,0.005809806388068716,SPY,HAR-RV
2011-08-01,0.006928717165948705,SPY,HAR-RV
2011-08-02,0.0066934418715532615,SPY,HAR-RV
2011-08-03,0.006941737285824394,SPY,HAR-RV
2011-08-04,0.006477787549661181,SPY,HAR-RV
2011-08-05,0.007713149060184107,SPY,HAR-RV
2011-08-08,0.005553185739685494,SPY,HAR-RV
2011-08-09,0.018829863964698816,SPY,HAR-RV
2011-08-10,0.022523274541733616,SPY,HAR-RV
2011-08-11,0.03465233380530894,SPY,HAR-RV
2011-08-12,0.044643115305566014,SPY,HAR-RV
2011-08-15,0.03558561998194799,SPY,HAR-RV
2011-08-16,0.03460383133696786,SPY,HAR-RV
2011-08-17,0.0246244713296355,SPY,HAR-RV
2011-08-18,0.01695365847913449,SPY,HAR-RV
2011-08-19,0.015921230704167545,SPY,HAR-RV
2011-08-22,0.015310761866647777,SPY,HAR-RV
2011-08-23,0.014992228774794416,SPY,HAR-RV
2011-08-24,0.015297049740944757,SPY,HAR-RV
2011-08-25,0.016700343031380845,SPY,HAR-RV
2011-08-26,0.01905070861572628,SPY,HAR-RV
2011-08-29,0.015466811836739862,SPY,HAR-RV
2011-08-30,0.016756489542586097,SPY,HAR-RV
2011-08-31,0.017902735828888277,SPY,HAR-RV
2011-09-01,0.014464343925549464,SPY,HAR-RV
2011-09-02,0.012672869914514953,SPY,HAR-RV
2011-09-06,0.012967433475269827,SPY,HAR-RV
2011-09-07,0.01304341516508441,SPY,HAR-RV
2011-09-08,0.01253567258000441,SPY,HAR-RV
2011-09-09,0.014184953099002523,SPY,HAR-RV
2011-09-12,0.016155206119229347,SPY,HAR-RV
2011-09-13,0.01630488698921295,SPY,HAR-RV
2011-09-14,0.01501420536712249,SPY,HAR-RV
2011-09-15,0.014682138148297498,SPY,HAR-RV
2011-09-16,0.012662641823330725,SPY,HAR-RV
2011-09-19,0.01305051070092776,SPY,HAR-RV
2011-09-20,0.01129789099976082,SPY,HAR-RV
2011-09-21,0.011268249607521751,SPY,HAR-RV
2011-09-22,0.011076648321828038,SPY,HAR-RV
2011-09-23,0.01131248600152862,SPY,HAR-RV
2011-09-26,0.013050438673884723,SPY,HAR-RV
2011-09-27,0.01512849868912548,SPY,HAR-RV
2011-09-28,0.015306206542124744,SPY,HAR-RV
2011-09-29,0.01769342632314535,SPY,HAR-RV
2011-09-30,0.015563767887874981,SPY,HAR-RV
2011-10-03,0.013597351767259527,SPY,HAR-RV
2011-10-04,0.01483800237931438,SPY,HAR-RV
2011-10-05,0.015662437583723578,SPY,HAR-RV
2011-10-06,0.01777438694321419,SPY,HAR-RV
2011-10-07,0.017686661586413955,SPY,HAR-RV
2011-10-10,0.018820843869335493,SPY,HAR-RV
2011-10-11,0.01762213685224347,SPY,HAR-RV
2011-10-12,0.01534744767880341,SPY,HAR-RV
2011-10-13,0.015788939507556325,SPY,HAR-RV
2011-10-14,0.013515646881939,SPY,HAR-RV
2011-10-17,0.012136208830429528,SPY,HAR-RV
2011-10-18,0.012153488693751924,SPY,HAR-RV
2011-10-19,0.010559231191169074,SPY,HAR-RV
2011-10-20,0.012936932477223648,SPY,HAR-RV
2011-10-21,0.013776383618280121,SPY,HAR-RV
2011-10-24,0.014786164114164006,SPY,HAR-RV
2011-10-25,0.013682668494027229,SPY,HAR-RV
2011-10-26,0.013212637027741031,SPY,HAR-RV
2011-10-27,0.012721351509471917,SPY,HAR-RV
2011-10-28,0.013453578798606326,SPY,HAR-RV
2011-10-31,0.014710201496349792,SPY,HAR-RV
2011-11-01,0.016113169700612343,SPY,HAR-RV
2011-11-02,0.015189968455709236,SPY,HAR-RV
2011-11-03,0.015878722698755274,SPY,HAR-RV
2011-11-04,0.01796710211771871,SPY,HAR-RV
2011-11-07,0.015507545391986254,SPY,HAR-RV
2011-11-08,0.017342952153321142,SPY,HAR-RV
2011-11-09,0.014884781428933645,SPY,HAR-RV
2011-11-10,0.0125962105639281,SPY,HAR-RV
2011-11-11,0.012310690351525832,SPY,HAR-RV
2011-11-14,0.014752787501911262,SPY,HAR-RV
2011-11-15,0.015231769996590322,SPY,HAR-RV
2011-11-16,0.016631991854788433,SPY,HAR-RV
2011-11-17,0.016066123805157123,SPY,HAR-RV
2011-11-18,0.01234411959912008,SPY,HAR-RV
2011-11-21,0.012921832542698648,SPY,HAR-RV
2011-11-22,0.01256808173720855,SPY,HAR-RV
2011-11-23,0.011654083021285207,SPY,HAR-RV
2011-11-25,0.013347470533700192,SPY,HAR-RV
2011-11-28,0.011703781381371747,SPY,HAR-RV
2011-11-29,0.012839788333549583,SPY,HAR-RV
2011-11-30,0.012244996880124058,SPY,HAR-RV
2011-12-01,0.014148085067459022,SPY,HAR-RV
2011-12-02,0.012239833473253938,SPY,HAR-RV
2011-12-05,0.016346614927057926,SPY,HAR-RV
2011-12-06,0.015586406517101185,SPY,HAR-RV
2011-12-07,0.011717853405653813,SPY,HAR-RV
2011-12-08,0.01281773887228164,SPY,HAR-RV
2011-12-09,0.008295192291171202,SPY,HAR-RV
2011-12-12,0.008245557253757451,SPY,HAR-RV
2011-12-13,0.010880093581507943,SPY,HAR-RV
2011-12-14,0.011215766906815729,SPY,HAR-RV
2011-12-15,0.012967358155443896,SPY,HAR-RV
2011-12-16,0.013294490741845345,SPY,HAR-RV
2011-12-19,0.012209014312889904,SPY,HAR-RV
2011-12-20,0.0108834815903158,SPY,HAR-RV
2011-12-21,0.009285734160994154,SPY,HAR-RV
2011-12-22,0.00881414824442355,SPY,HAR-RV
2011-12-23,0.011888887971747615,SPY,HAR-RV
2011-12-27,0.01127323854359634,SPY,HAR-RV
2011-12-28,0.01198884657196093,SPY,HAR-RV
2011-12-29,0.011771319518141891,SPY,HAR-RV
2011-12-30,0.008534408658617728,SPY,HAR-RV
2012-01-03,0.009459775374691356,SPY,HAR-RV
2012-01-04,0.009910680331470313,SPY,HAR-RV
2012-01-05,0.008618447133377238,SPY,HAR-RV
2012-01-06,0.010783521157739544,SPY,HAR-RV
2012-01-09,0.009522254461180844,SPY,HAR-RV
2012-01-10,0.008578981902595935,SPY,HAR-RV
2012-01-11,0.008422856188592969,SPY,HAR-RV
2012-01-12,0.006784894121488949,SPY,HAR-RV
2012-01-13,0.007490735104385698,SPY,HAR-RV
2012-01-17,0.006990783983262872,SPY,HAR-RV
2012-01-18,0.0066946310683154864,SPY,HAR-RV
2012-01-19,0.007019537302219636,SPY,HAR-RV
2012-01-20,0.006281659034717414,SPY,HAR-RV
2012-01-23,0.007472647691974881,SPY,HAR-RV
2012-01-24,0.007824539571162286,SPY,HAR-RV
2012-01-25,0.007584679606212378,SPY,HAR-RV
2012-01-26,0.007048059035244482,SPY,HAR-RV
2012-01-27,0.005845045729178232,SPY,HAR-RV
2012-01-30,0.006104090245681461,SPY,HAR-RV
2012-01-31,0.00627496003318264,SPY,HAR-RV
2012-02-01,0.005861909532717541,SPY,HAR-RV
2012-02-02,0.006016296822314115,SPY,HAR-RV
2012-02-03,0.004879420128236564,SPY,HAR-RV
2012-02-06,0.005517191833868076,SPY,HAR-RV
2012-02-07,0.005241361746714992,SPY,HAR-RV
2012-02-08,0.00659870370602685,SPY,HAR-RV
2012-02-09,0.006532915007255722,SPY,HAR-RV
2012-02-10,0.005843413113698509,SPY,HAR-RV
2012-02-13,0.0060063125109840075,SPY,HAR-RV
2012-02-14,0.004445911971348965,SPY,HAR-RV
2012-02-15,0.005194860951220625,SPY,HAR-RV
2012-02-16,0.005893141405113092,SPY,HAR-RV
2012-02-17,0.005637677006154357,SPY,HAR-RV
2012-02-21,0.0059566630215006095,SPY,HAR-RV
2012-02-22,0.006402808099262653,SPY,HAR-RV
2012-02-23,0.005843323281443267,SPY,HAR-RV
2012-02-24,0.0056857240839081205,SPY,HAR-RV
2012-02-27,0.005536506296632039,SPY,HAR-RV
2012-02-28,0.004893535185581931,SPY,HAR-RV
2012-02-29,0.004723674135298816,SPY,HAR-RV
2012-03-01,0.004812324331502836,SPY,HAR-RV
2012-03-02,0.0048394421361407725,SPY,HAR-RV
2012-03-05,0.0048130736123033055,SPY,HAR-RV
2012-03-06,0.005278759503983909,SPY,HAR-RV
2012-03-07,0.005431139261832093,SPY,HAR-RV
2012-03-08,0.005465016882289138,SPY,HAR-RV
2012-03-09,0.006746452205155103,SPY,HAR-RV
2012-03-12,0.006966907667618071,SPY,HAR-RV
2012-03-13,0.007779356572208231,SPY,HAR-RV
2012-03-14,0.008006116677013342,SPY,HAR-RV
2012-03-15,0.006137026399795499,SPY,HAR-RV
2012-03-16,0.007801438507726966,SPY,HAR-RV
2012-03-19,0.006599888531722397,SPY,HAR-RV
2012-03-20,0.0069363840461716345,SPY,HAR-RV
2012-03-21,0.006840417650153023,SPY,HAR-RV
2012-03-22,0.005300489319107873,SPY,HAR-RV
2012-03-23,0.005590665557323014,SPY,HAR-RV
2012-03-26,0.0050480794445377595,SPY,HAR-RV
2012-03-27,0.0058772862917292786,SPY,HAR-RV
2012-03-28,0.005546590530682977,SPY,HAR-RV
2012-03-29,0.007151678827588382,SPY,HAR-RV
2012-03-30,0.007278264472920829,SPY,HAR-RV
2012-04-02,0.0071627587346053635,SPY,HAR-RV
2012-04-03,0.006902726619331637,SPY,HAR-RV
2012-04-04,0.005758666945848373,SPY,HAR-RV
2012-04-05,0.006377575138356549,SPY,HAR-RV
2012-04-09,0.006116428538893437,SPY,HAR-RV
2012-04-10,0.007135634100678729,SPY,HAR-RV
2012-04-11,0.006429100833329914,SPY,HAR-RV
2012-04-12,0.006766492606510887,SPY,HAR-RV
2012-04-13,0.00855684531035198,SPY,HAR-RV
2012-04-16,0.008430039803760751,SPY,HAR-RV
2012-04-17,0.009597860594162492,SPY,HAR-RV
2012-04-18,0.010194248597595837,SPY,HAR-RV
2012-04-19,0.008060081236084548,SPY,HAR-RV
2012-04-20,0.00924178264766835,SPY,HAR-RV
2012-04-23,0.008099022483331362,SPY,HAR-RV
2012-04-24,0.007760682731731517,SPY,HAR-RV
2012-04-25,0.00770234749501552,SPY,HAR-RV
2012-04-26,0.007273984336312968,SPY,HAR-RV
2012-04-27,0.007075495429918877,SPY,HAR-RV
2012-04-30,0.007915083128777601,SPY,HAR-RV
2012-05-01,0.0085326284930679,SPY,HAR-RV
2012-05-02,0.0077154189729752905,SPY,HAR-RV
2012-05-03,0.007646123353638114,SPY,HAR-RV
2012-05-04,0.006992581784173257,SPY,HAR-RV
2012-05-07,0.006510019218617186,SPY,HAR-RV
2012-05-08,0.0069275654054841975,SPY,HAR-RV
2012-05-09,0.008757154754836778,SPY,HAR-RV
2012-05-10,0.008045596258584541,SPY,HAR-RV
2012-05-11,0.007972044800576294,SPY,HAR-RV
2012-05-14,0.007610849948847499,SPY,HAR-RV
2012-05-15,0.005979195650960197,SPY,HAR-RV
2012-05-16,0.0058874893435267245,SPY,HAR-RV
2012-05-17,0.006750601601275496,SPY,HAR-RV
2012-05-18,0.006956144695588664,SPY,HAR-RV
2012-05-21,0.006660525484133265,SPY,HAR-RV
2012-05-22,0.008359150884143287,SPY,HAR-RV
2012-05-23,0.00788066642484847,SPY,HAR-RV
2012-05-24,0.009611826336149838,SPY,HAR-RV
2012-05-25,0.009207421842424212,SPY,HAR-RV
2012-05-29,0.007583588762985634,SPY,HAR-RV
2012-05-30,0.006708838103253737,SPY,HAR-RV
2012-05-31,0.0051841449346537085,SPY,HAR-RV
2012-06-01,0.006290665238396404,SPY,HAR-RV
2012-06-04,0.008307718494520958,SPY,HAR-RV
2012-06-05,0.007614324758222166,SPY,HAR-RV
2012-06-06,0.011009302156631984,SPY,HAR-RV
2012-06-07,0.00959757594261929,SPY,HAR-RV
2012-06-08,0.008114723943560123,SPY,HAR-RV
2012-06-11,0.0112551600046764,SPY,HAR-RV
2012-06-12,0.008463081333646554,SPY,HAR-RV
2012-06-13,0.009137409071607221,SPY,HAR-RV
2012-06-14,0.00990855768924988,SPY,HAR-RV
2012-06-15,0.009123668649136909,SPY,HAR-RV
2012-06-18,0.00946034240213311,SPY,HAR-RV
2012-06-19,0.00982479031168731,SPY,HAR-RV
2012-06-20,0.009893232900889537,SPY,HAR-RV
2012-06-21,0.008463254044644757,SPY,HAR-RV
2012-06-22,0.009166940637638479,SPY,HAR-RV
2012-06-25,0.007278110626715016,SPY,HAR-RV
2012-06-26,0.009421907868059794,SPY,HAR-RV
2012-06-27,0.00987486831408033,SPY,HAR-RV
2012-06-28,0.011151154557171049,SPY,HAR-RV
2012-06-29,0.011379848734441794,SPY,HAR-RV
2012-07-02,0.010103156291503344,SPY,HAR-RV
2012-07-03,0.008657081443218704,SPY,HAR-RV
2012-07-05,0.010416262921106204,SPY,HAR-RV
2012-07-06,0.009660368386757535,SPY,HAR-RV
2012-07-09,0.00920425862937449,SPY,HAR-RV
2012-07-10,0.009142721503979599,SPY,HAR-RV
2012-07-11,0.009167434591962662,SPY,HAR-RV
2012-07-12,0.008523840187427308,SPY,HAR-RV
2012-07-13,0.01033201462618612,SPY,HAR-RV
2012-07-16,0.009115983035384766,SPY,HAR-RV
2012-07-17,0.0063030224115751075,SPY,HAR-RV
2012-07-18,0.009414374257530351,SPY,HAR-RV
2012-07-19,0.00810371438695265,SPY,HAR-RV
2012-07-20,0.007746306440475269,SPY,HAR-RV
2012-07-23,0.008949928552760016,SPY,HAR-RV
2012-07-24,0.0074149397344126355,SPY,HAR-RV
2012-07-25,0.007516242479256186,SPY,HAR-RV
2012-07-26,0.007221273893062761,SPY,HAR-RV
2012-07-27,0.00892785769109421,SPY,HAR-RV
2012-07-30,0.0053316526370812325,SPY,HAR-RV
2012-07-31,0.005436427884477714,SPY,HAR-RV
2012-08-01,0.009087312456431693,SPY,HAR-RV
2012-08-02,0.007545344834370581,SPY,HAR-RV
2012-08-03,0.007880465989266509,SPY,HAR-RV
2012-08-06,0.006793883733267153,SPY,HAR-RV
2012-08-07,0.004462657863799654,SPY,HAR-RV
2012-08-08,0.008308052405839516,SPY,HAR-RV
2012-08-09,0.0074183259577379965,SPY,HAR-RV
2012-08-10,0.008123042469295582,SPY,HAR-RV
2012-08-13,0.00794246791405537,SPY,HAR-RV
2012-08-14,0.00821890656464034,SPY,HAR-RV
2012-08-15,0.00807420061289077,SPY,HAR-RV
2012-08-16,0.00723468384529185,SPY,HAR-RV
2012-08-17,0.007052483931262803,SPY,HAR-RV
2012-08-20,0.005683531017434073,SPY,HAR-RV
2012-08-21,0.006430355702486711,SPY,HAR-RV
2012-08-22,0.006537245583452712,SPY,HAR-RV
2012-08-23,0.005436924693616658,SPY,HAR-RV
2012-08-24,0.0056266942295236716,SPY,HAR-RV
2012-08-27,0.0038535629437579455,SPY,HAR-RV
2012-08-28,0.004635947411999184,SPY,HAR-RV
2012-08-29,0.005029019817816345,SPY,HAR-RV
2012-08-30,0.003990147125399346,SPY,HAR-RV
2012-08-31,0.004232343436291854,SPY,HAR-RV
2012-09-04,0.002852015439250702,SPY,HAR-RV
2012-09-05,0.0036903992157815775,SPY,HAR-RV
2012-09-06,0.004283132610119138,SPY,HAR-RV
2012-09-07,0.0035516794564212062,SPY,HAR-RV
2012-09-10,-0.00025330335907019553,SPY,HAR-RV
2012-09-11,0.0032935209186215003,SPY,HAR-RV
2012-09-12,0.0030892554383007307,SPY,HAR-RV
2012-09-13,0.0036418210715665664,SPY,HAR-RV
2012-09-14,0.003799474684496357,SPY,HAR-RV
2012-09-17,0.0020609650698756826,SPY,HAR-RV
2012-09-18,0.004746819091305304,SPY,HAR-RV
2012-09-19,0.005064511001245256,SPY,HAR-RV
2012-09-20,0.005254700410630382,SPY,HAR-RV
2012-09-21,0.005275346978276445,SPY,HAR-RV
2012-09-24,0.0056060742923328,SPY,HAR-RV
2012-09-25,0.005421474040067438,SPY,HAR-RV
2012-09-26,0.005361330575191786,SPY,HAR-RV
2012-09-27,0.0034274776968150756,SPY,HAR-RV
2012-09-28,0.004400072437119947,SPY,HAR-RV
2012-10-01,0.004045927552815063,SPY,HAR-RV
2012-10-02,0.004968305447845408,SPY,HAR-RV
2012-10-03,0.005365883300184986,SPY,HAR-RV
2012-10-04,0.005721284796229433,SPY,HAR-RV
2012-10-05,0.005162547943742538,SPY,HAR-RV
2012-10-08,0.004811980525514781,SPY,HAR-RV
2012-10-09,0.00631833181147606,SPY,HAR-RV
2012-10-10,0.005050940981009038,SPY,HAR-RV
2012-10-11,0.003743097885560347,SPY,HAR-RV
2012-10-12,0.004479154370915768,SPY,HAR-RV
2012-10-15,0.005759557484153532,SPY,HAR-RV
2012-10-16,0.005096027060417237,SPY,HAR-RV
2012-10-17,0.0037605249032387445,SPY,HAR-RV
2012-10-18,0.0036410003847789376,SPY,HAR-RV
2012-10-19,0.004799638382686262,SPY,HAR-RV
2012-10-22,0.005397393661427708,SPY,HAR-RV
2012-10-23,0.002776997175141979,SPY,HAR-RV
2012-10-24,0.006427090677030943,SPY,HAR-RV
2012-10-25,0.004088461017599609,SPY,HAR-RV
2012-10-26,0.0062653840259736335,SPY,HAR-RV
2012-10-31,0.0058935243234855,SPY,HAR-RV
2012-11-01,0.0062138953337728745,SPY,HAR-RV
2012-11-02,0.005914938689654552,SPY,HAR-RV
2012-11-05,0.0049486737838738805,SPY,HAR-RV
2012-11-06,0.00520718145646344,SPY,HAR-RV
2012-11-07,0.006037782569490039,SPY,HAR-RV
2012-11-08,0.005484831059665691,SPY,HAR-RV
2012-11-09,0.0047104352258291685,SPY,HAR-RV
2012-11-12,0.006134681928271901,SPY,HAR-RV
2012-11-13,0.007250838552988203,SPY,HAR-RV
2012-11-14,0.006974052199783803,SPY,HAR-RV
2012-11-15,0.006567836239039772,SPY,HAR-RV
2012-11-16,0.005240823183725106,SPY,HAR-RV
2012-11-19,0.006606640539325097,SPY,HAR-RV
2012-11-20,0.006270516092302867,SPY,HAR-RV
2012-11-21,0.004458860329283507,SPY,HAR-RV
2012-11-23,0.007429487453522856,SPY,HAR-RV
2012-11-26,0.006795662376987465,SPY,HAR-RV
2012-11-27,0.0053480138349711395,SPY,HAR-RV
2012-11-28,0.007156420611085717,SPY,HAR-RV
2012-11-29,0.005922388213342355,SPY,HAR-RV
2012-11-30,0.005797705170940882,SPY,HAR-RV
2012-12-03,0.00645194627719862,SPY,HAR-RV
2012-12-04,0.006455681272326359,SPY,HAR-RV
2012-12-05,0.005902047775348987,SPY,HAR-RV
2012-12-06,0.0061461334875964994,SPY,HAR-RV
2012-12-07,0.005716739648439334,SPY,HAR-RV
2012-12-10,0.005440551151246569,SPY,HAR-RV
2012-12-11,0.005485970239118493,SPY,HAR-RV
2012-12-12,0.005478866138465724,SPY,HAR-RV
2012-12-13,0.004652267127040007,SPY,HAR-RV
2012-12-14,0.005601674241030428,SPY,HAR-RV
2012-12-17,0.004919350261133022,SPY,HAR-RV
2012-12-18,0.005357888646527319,SPY,HAR-RV
2012-12-19,0.004648927679904419,SPY,HAR-RV
2012-12-20,0.005097018477896851,SPY,HAR-RV
2012-12-21,0.005970450446104308,SPY,HAR-RV
2012-12-24,0.006045093719674766,SPY,HAR-RV
2012-12-26,0.0058247554083954356,SPY,HAR-RV
2012-12-27,0.006384032948511685,SPY,HAR-RV
2012-12-28,0.00576225635798806,SPY,HAR-RV
2012-12-31,0.0060195730774788795,SPY,HAR-RV
2013-01-02,0.005001620658797169,SPY,HAR-RV
2013-01-03,0.005067562219062132,SPY,HAR-RV
2013-01-04,0.005073226289195408,SPY,HAR-RV
2013-01-07,0.007407964041390885,SPY,HAR-RV
2013-01-08,0.007049690650586329,SPY,HAR-RV
2013-01-09,0.006950808400015492,SPY,HAR-RV
2013-01-10,0.006676329614012474,SPY,HAR-RV
2013-01-11,0.0063304569956921025,SPY,HAR-RV
2013-01-14,0.005953553966519889,SPY,HAR-RV
2013-01-15,0.006425813167344866,SPY,HAR-RV
2013-01-16,0.006157090106194083,SPY,HAR-RV
2013-01-17,0.005981285844097881,SPY,HAR-RV
2013-01-18,0.005871741216375098,SPY,HAR-RV
2013-01-22,0.005250480195102475,SPY,HAR-RV
2013-01-23,0.005587110345073315,SPY,HAR-RV
2013-01-24,0.0054077550498621094,SPY,HAR-RV
2013-01-25,0.00568504589610557,SPY,HAR-RV
2013-01-28,0.0057880460569334794,SPY,HAR-RV
2013-01-29,0.005252158640392278,SPY,HAR-RV
2013-01-30,0.0056025917913200985,SPY,HAR-RV
2013-01-31,0.005293139493472607,SPY,HAR-RV
2013-02-01,0.005380279652011823,SPY,HAR-RV
2013-02-04,0.005621013943860716,SPY,HAR-RV
2013-02-05,0.005187964063246284,SPY,HAR-RV
2013-02-06,0.00543467471005093,SPY,HAR-RV
2013-02-07,0.005686284725630535,SPY,HAR-RV
2013-02-08,0.006105646462351299,SPY,HAR-RV
2013-02-11,0.006021145737979285,SPY,HAR-RV
2013-02-12,0.005553408360251158,SPY,HAR-RV
2013-02-13,0.005328350199932224,SPY,HAR-RV
2013-02-14,0.004844160117338526,SPY,HAR-RV
2013-02-15,0.004830543096852732,SPY,HAR-RV
2013-02-19,0.0047820502450052595,SPY,HAR-RV
2013-02-20,0.004703671149737322,SPY,HAR-RV
2013-02-21,0.004832869920933343,SPY,HAR-RV
2013-02-22,0.005018182996755239,SPY,HAR-RV
2013-02-25,0.005569385331155285,SPY,HAR-RV
2013-02-26,0.00592583923570292,SPY,HAR-RV
2013-02-27,0.006297829525165275,SPY,HAR-RV
2013-02-28,0.007020730662307982,SPY,HAR-RV
2013-03-01,0.006705347651416078,SPY,HAR-RV
2013-03-04,0.006953960992455717,SPY,HAR-RV
2013-03-05,0.006659821801460207,SPY,HAR-RV
2013-03-06,0.006108591484456458,SPY,HAR-RV
2013-03-07,0.006066130325370067,SPY,HAR-RV
2013-03-08,0.005866421023769131,SPY,HAR-RV
2013-03-11,0.005781168086604835,SPY,HAR-RV
2013-03-12,0.005646967945081144,SPY,HAR-RV
2013-03-13,0.005567397254033143,SPY,HAR-RV
2013-03-14,0.0053586351997744,SPY,HAR-RV
2013-03-15,0.005373117957168986,SPY,HAR-RV
2013-03-18,0.005347210470778866,SPY,HAR-RV
2013-03-19,0.005378229306546888,SPY,HAR-RV
2013-03-20,0.005325832042331688,SPY,HAR-RV
2013-03-21,0.0054519283159257855,SPY,HAR-RV
2013-03-22,0.005565754199281259,SPY,HAR-RV
2013-03-25,0.0056627098017003625,SPY,HAR-RV
2013-03-26,0.005827514542219481,SPY,HAR-RV
2013-03-27,0.0058888979806404305,SPY,HAR-RV
2013-03-28,0.005899107282171939,SPY,HAR-RV
2013-04-01,0.005681693780176677,SPY,HAR-RV
2013-04-02,0.005392304751362952,SPY,HAR-RV
2013-04-03,0.005160290240194233,SPY,HAR-RV
2013-04-04,0.005233960184609771,SPY,HAR-RV
2013-04-05,0.005221629271297649,SPY,HAR-RV
2013-04-08,0.00549410304195036,SPY,HAR-RV
2013-04-09,0.005521564855856503,SPY,HAR-RV
2013-04-10,0.005577515981791695,SPY,HAR-RV
2013-04-11,0.005688948395613804,SPY,HAR-RV
2013-04-12,0.005533514064246375,SPY,HAR-RV
2013-04-15,0.005777415444266505,SPY,HAR-RV
2013-04-16,0.005885798677971193,SPY,HAR-RV
2013-04-17,0.006248474001344565,SPY,HAR-RV
2013-04-18,0.0071859881853110295,SPY,HAR-RV
2013-04-19,0.007359564535858167,SPY,HAR-RV
2013-04-22,0.007677347237712195,SPY,HAR-RV
2013-04-23,0.007815236212917551,SPY,HAR-RV
2013-04-24,0.006950219072818219,SPY,HAR-RV
2013-04-25,0.006653435716188843,SPY,HAR-RV
2013-04-26,0.006186795345476291,SPY,HAR-RV
2013-04-29,0.0059949765545220446,SPY,HAR-RV
2013-04-30,0.005708624620242556,SPY,HAR-RV
2013-05-01,0.005632866122666679,SPY,HAR-RV
2013-05-02,0.005293309055115411,SPY,HAR-RV
2013-05-03,0.005604210634990633,SPY,HAR-RV
2013-05-06,0.005890587926305237,SPY,HAR-RV
2013-05-07,0.006360575638789983,SPY,HAR-RV
2013-05-08,0.006132308491306602,SPY,HAR-RV
2013-05-09,0.0061189782292545986,SPY,HAR-RV
2013-05-10,0.005923168924105958,SPY,HAR-RV
2013-05-13,0.005570659086656726,SPY,HAR-RV
2013-05-14,0.005167234727512132,SPY,HAR-RV
2013-05-15,0.005095912441781922,SPY,HAR-RV
2013-05-16,0.005536135368397437,SPY,HAR-RV
2013-05-17,0.0053996085610185434,SPY,HAR-RV
2013-05-20,0.005468372744683818,SPY,HAR-RV
2013-05-21,0.005813654792163327,SPY,HAR-RV
2013-05-22,0.0055149575918547935,SPY,HAR-RV
2013-05-23,0.00521490157595526,SPY,HAR-RV
2013-05-24,0.0054802914638883305,SPY,HAR-RV
2013-05-28,0.005201223851717953,SPY,HAR-RV
2013-05-29,0.004809263480056828,SPY,HAR-RV
2013-05-30,0.0052520188920503665,SPY,HAR-RV
2013-05-31,0.0054435869904377,SPY,HAR-RV
2013-06-03,0.0052275087472173675,SPY,HAR-RV
2013-06-04,0.0062034412023572,SPY,HAR-RV
2013-06-05,0.005803469208788619,SPY,HAR-RV
2013-06-06,0.005833583154070832,SPY,HAR-RV
2013-06-07,0.00680377815793552,SPY,HAR-RV
2013-06-10,0.006605686562738344,SPY,HAR-RV
2013-06-11,0.0066469521066396895,SPY,HAR-RV
2013-06-12,0.005623426208298501,SPY,HAR-RV
2013-06-13,0.006528788911439821,SPY,HAR-RV
2013-06-14,0.0061433315823704706,SPY,HAR-RV
2013-06-17,0.006615310686763541,SPY,HAR-RV
2013-06-18,0.005762842245162759,SPY,HAR-RV
2013-06-19,0.006206878246035623,SPY,HAR-RV
2013-06-20,0.006131306162745097,SPY,HAR-RV
2013-06-21,0.007332185791645109,SPY,HAR-RV
2013-06-24,0.008204280318269695,SPY,HAR-RV
2013-06-25,0.006383629353996579,SPY,HAR-RV
2013-06-26,0.007312122391084622,SPY,HAR-RV
2013-06-27,0.007369419487856719,SPY,HAR-RV
2013-06-28,0.006649980014530273,SPY,HAR-RV
2013-07-01,0.004749210739501339,SPY,HAR-RV
2013-07-02,0.004942267367165048,SPY,HAR-RV
2013-07-03,0.004344631593680688,SPY,HAR-RV
2013-07-05,0.0035939779001274924,SPY,HAR-RV
2013-07-08,0.0033216249167329617,SPY,HAR-RV
2013-07-09,0.004219349666328838,SPY,HAR-RV
2013-07-10,0.004288507647916481,SPY,HAR-RV
2013-07-11,0.004414710923955769,SPY,HAR-RV
2013-07-12,0.0042626582408116665,SPY,HAR-RV
2013-07-15,0.0057941919509069345,SPY,HAR-RV
2013-07-16,0.004433267068270123,SPY,HAR-RV
2013-07-17,0.004639359910227996,SPY,HAR-RV
2013-07-18,0.0046168497788421185,SPY,HAR-RV
2013-07-19,0.0047779357218971,SPY,HAR-RV
2013-07-22,0.004385098715401989,SPY,HAR-RV
2013-07-23,0.004346773917725783,SPY,HAR-RV
2013-07-24,0.004449167542819266,SPY,HAR-RV
2013-07-25,0.004719718581558157,SPY,HAR-RV
2013-07-26,0.00490115196214658,SPY,HAR-RV
2013-07-29,0.004711457147749628,SPY,HAR-RV
2013-07-30,0.004674287489400667,SPY,HAR-RV
2013-07-31,0.004963523746301866,SPY,HAR-RV
2013-08-01,0.004687588807110985,SPY,HAR-RV
2013-08-02,0.004797170545460432,SPY,HAR-RV
2013-08-05,0.005828786793902702,SPY,HAR-RV
2013-08-06,0.005264817925772643,SPY,HAR-RV
2013-08-07,0.005193776171945316,SPY,HAR-RV
2013-08-08,0.005922160920009783,SPY,HAR-RV
2013-08-09,0.005639098174648227,SPY,HAR-RV
2013-08-12,0.005237530238188906,SPY,HAR-RV
2013-08-13,0.005166037503933865,SPY,HAR-RV
2013-08-14,0.005158327249182139,SPY,HAR-RV
2013-08-15,0.005147069973237268,SPY,HAR-RV
2013-08-16,0.0054718700691975,SPY,HAR-RV
2013-08-19,0.00672658197459847,SPY,HAR-RV
2013-08-20,0.005832625069556405,SPY,HAR-RV
2013-08-21,0.006429784516585941,SPY,HAR-RV
2013-08-22,0.006454158712852961,SPY,HAR-RV
2013-08-23,0.006669567243245569,SPY,HAR-RV
2013-08-26,0.006428476156475892,SPY,HAR-RV
2013-08-27,0.006046886030799576,SPY,HAR-RV
2013-08-28,0.005953114149913707,SPY,HAR-RV
2013-08-29,0.007143268198658003,SPY,HAR-RV
2013-08-30,0.006221504283871434,SPY,HAR-RV
2013-09-03,0.005571782096291488,SPY,HAR-RV
2013-09-04,0.005635041350604509,SPY,HAR-RV
2013-09-05,0.005918140134246747,SPY,HAR-RV
2013-09-06,0.0054255550517193505,SPY,HAR-RV
2013-09-09,0.004892161361798894,SPY,HAR-RV
2013-09-10,0.004920333315745302,SPY,HAR-RV
2013-09-11,0.005743207233419281,SPY,HAR-RV
2013-09-12,0.005732777361174672,SPY,HAR-RV
2013-09-13,0.005143738466343217,SPY,HAR-RV
2013-09-16,0.005199640804156952,SPY,HAR-RV
2013-09-17,0.00533203374831163,SPY,HAR-RV
2013-09-18,0.005218728950855372,SPY,HAR-RV
2013-09-19,0.005116615813125569,SPY,HAR-RV
2013-09-20,0.005891959935497883,SPY,HAR-RV
2013-09-23,0.005476401659227409,SPY,HAR-RV
2013-09-24,0.005950512590103993,SPY,HAR-RV
2013-09-25,0.005776783602115771,SPY,HAR-RV
2013-09-26,0.005458125360297234,SPY,HAR-RV
2013-09-27,0.004975234417501304,SPY,HAR-RV
2013-09-30,0.005200946816004158,SPY,HAR-RV
2013-10-01,0.005287608071701525,SPY,HAR-RV
2013-10-02,0.005416424418306202,SPY,HAR-RV
2013-10-03,0.005834108371551786,SPY,HAR-RV
2013-10-04,0.00521353964371942,SPY,HAR-RV
2013-10-07,0.006157228013482672,SPY,HAR-RV
2013-10-08,0.006242099971165802,SPY,HAR-RV
2013-10-09,0.006397947861427978,SPY,HAR-RV
2013-10-10,0.006553173139374795,SPY,HAR-RV
2013-10-11,0.0064637528227861115,SPY,HAR-RV
2013-10-14,0.0076682426016010915,SPY,HAR-RV
2013-10-15,0.007377032966088456,SPY,HAR-RV
2013-10-16,0.006821514780798638,SPY,HAR-RV
2013-10-17,0.0064862477606141625,SPY,HAR-RV
2013-10-18,0.00761171951996986,SPY,HAR-RV
2013-10-21,0.006099273835189009,SPY,HAR-RV
2013-10-22,0.006203690974000047,SPY,HAR-RV
2013-10-23,0.005710958452585131,SPY,HAR-RV
2013-10-24,0.005716656297851128,SPY,HAR-RV
2013-10-25,0.0048887655210409515,SPY,HAR-RV
2013-10-28,0.004511942145697353,SPY,HAR-RV
2013-10-29,0.004286027043342517,SPY,HAR-RV
2013-10-30,0.004345535148550322,SPY,HAR-RV
2013-10-31,0.0044960626007539035,SPY,HAR-RV
2013-11-01,0.004479536081855119,SPY,HAR-RV
2013-11-04,0.004444114988922833,SPY,HAR-RV
2013-11-05,0.004223066441843981,SPY,HAR-RV
2013-11-06,0.004536997502187034,SPY,HAR-RV
2013-11-07,0.004418635850482737,SPY,HAR-RV
2013-11-08,0.004685525945380305,SPY,HAR-RV
2013-11-11,0.006015228400869104,SPY,HAR-RV
2013-11-12,0.006680495693095389,SPY,HAR-RV
2013-11-13,0.00588680029229413,SPY,HAR-RV
2013-11-14,0.006016930554062083,SPY,HAR-RV
2013-11-15,0.006544057657641016,SPY,HAR-RV
2013-11-18,0.005739532250655434,SPY,HAR-RV
2013-11-19,0.005098554454499572,SPY,HAR-RV
2013-11-20,0.005350643111284201,SPY,HAR-RV
2013-11-21,0.005312407491110966,SPY,HAR-RV
2013-11-22,0.004973615003406612,SPY,HAR-RV
2013-11-25,0.00547866251082262,SPY,HAR-RV
2013-11-26,0.005353907167514068,SPY,HAR-RV
2013-11-27,0.004859679926509105,SPY,HAR-RV
2013-11-29,0.004681726581569953,SPY,HAR-RV
2013-12-02,0.004679228402901015,SPY,HAR-RV
2013-12-03,0.003949540965355463,SPY,HAR-RV
2013-12-04,0.0037679195973782417,SPY,HAR-RV
2013-12-05,0.003959699628710879,SPY,HAR-RV
2013-12-06,0.0039778864029570765,SPY,HAR-RV
2013-12-09,0.004204656837802462,SPY,HAR-RV
2013-12-10,0.005101679575713303,SPY,HAR-RV
2013-12-11,0.00528969505429332,SPY,HAR-RV
2013-12-12,0.005375297575414383,SPY,HAR-RV
2013-12-13,0.006406532684440638,SPY,HAR-RV
2013-12-16,0.006327667935492586,SPY,HAR-RV
2013-12-17,0.0052697245416541295,SPY,HAR-RV
2013-12-18,0.00552704960901412,SPY,HAR-RV
2013-12-19,0.0057067132681584585,SPY,HAR-RV
2013-12-20,0.005607292867074999,SPY,HAR-RV
2013-12-23,0.0060589581992691564,SPY,HAR-RV
2013-12-24,0.00642207333553264,SPY,HAR-RV
2013-12-26,0.006283901728367011,SPY,HAR-RV
2013-12-27,0.006336005579887382,SPY,HAR-RV
2013-12-30,0.004967457288921827,SPY,HAR-RV
2013-12-31,0.0049932951937080436,SPY,HAR-RV
2014-01-02,0.004358705588651174,SPY,HAR-RV
2014-01-03,0.004141805949110929,SPY,HAR-RV
2014-01-06,0.004528466730874333,SPY,HAR-RV
2014-01-07,0.004484341542061732,SPY,HAR-RV
2014-01-08,0.004727680409502786,SPY,HAR-RV
2014-01-09,0.005136583858473807,SPY,HAR-RV
2014-01-10,0.005013220041117221,SPY,HAR-RV
2014-01-13,0.004076741693418641,SPY,HAR-RV
2014-01-14,0.004401319542726635,SPY,HAR-RV
2014-01-15,0.005020325070292891,SPY,HAR-RV
2014-01-16,0.005676151428837234,SPY,HAR-RV
2014-01-17,0.006406209207016268,SPY,HAR-RV
2014-01-21,0.006633563125389679,SPY,HAR-RV
2014-01-22,0.006619690779923593,SPY,HAR-RV
2014-01-23,0.005468444220625738,SPY,HAR-RV
2014-01-24,0.0046404904138334525,SPY,HAR-RV
2014-01-27,0.004708034786901552,SPY,HAR-RV
2014-01-28,0.005982948032387657,SPY,HAR-RV
2014-01-29,0.006656116710687627,SPY,HAR-RV
2014-01-30,0.007034761306710446,SPY,HAR-RV
2014-01-31,0.007880436961502502,SPY,HAR-RV
2014-02-03,0.007896245997178041,SPY,HAR-RV
2014-02-04,0.006526732353287989,SPY,HAR-RV
2014-02-05,0.007415193367367023,SPY,HAR-RV
2014-02-06,0.00817665171951833,SPY,HAR-RV
2014-02-07,0.0077613951074572305,SPY,HAR-RV
2014-02-10,0.007346628594630466,SPY,HAR-RV
2014-02-11,0.00784760778853266,SPY,HAR-RV
2014-02-12,0.006335254122061661,SPY,HAR-RV
2014-02-13,0.005987432977446826,SPY,HAR-RV
2014-02-14,0.00656642778432702,SPY,HAR-RV
2014-02-18,0.005539528104863111,SPY,HAR-RV
2014-02-19,0.004775674645389339,SPY,HAR-RV
2014-02-20,0.005025679276605241,SPY,HAR-RV
2014-02-21,0.004146429055189554,SPY,HAR-RV
2014-02-24,0.004704900292237855,SPY,HAR-RV
2014-02-25,0.004623223949372543,SPY,HAR-RV
2014-02-26,0.004173412722762405,SPY,HAR-RV
2014-02-27,0.004463768302208902,SPY,HAR-RV
2014-02-28,0.004067047631602715,SPY,HAR-RV
2014-03-03,0.003585126380183105,SPY,HAR-RV
2014-03-04,0.004022976237256129,SPY,HAR-RV
2014-03-05,0.004085197026053724,SPY,HAR-RV
2014-03-06,0.004987559777522892,SPY,HAR-RV
2014-03-07,0.006034395582437531,SPY,HAR-RV
2014-03-10,0.005864587066841906,SPY,HAR-RV
2014-03-11,0.005710825707845487,SPY,HAR-RV
2014-03-12,0.005025419064183311,SPY,HAR-RV
2014-03-13,0.00391966858732835,SPY,HAR-RV
2014-03-14,0.004237523458445102,SPY,HAR-RV
2014-03-17,0.004292817966664713,SPY,HAR-RV
2014-03-18,0.0053362555785947926,SPY,HAR-RV
2014-03-19,0.005586474066563957,SPY,HAR-RV
2014-03-20,0.005933084737693139,SPY,HAR-RV
2014-03-21,0.006672268803632653,SPY,HAR-RV
2014-03-24,0.005954396417730672,SPY,HAR-RV
2014-03-25,0.006249281028198276,SPY,HAR-RV
2014-03-26,0.005731306905720188,SPY,HAR-RV
2014-03-27,0.005412257064545378,SPY,HAR-RV
2014-03-28,0.005357436230724121,SPY,HAR-RV
2014-03-31,0.00538286576076478,SPY,HAR-RV
2014-04-01,0.0052135021494403135,SPY,HAR-RV
2014-04-02,0.005329198435154032,SPY,HAR-RV
2014-04-03,0.005599017212086439,SPY,HAR-RV
2014-04-04,0.005497590012079919,SPY,HAR-RV
2014-04-07,0.005815781898093201,SPY,HAR-RV
2014-04-08,0.005521713129464672,SPY,HAR-RV
2014-04-09,0.005797649792801492,SPY,HAR-RV
2014-04-10,0.006159467370343028,SPY,HAR-RV
2014-04-11,0.006409052062937398,SPY,HAR-RV
2014-04-14,0.007813330126588115,SPY,HAR-RV
2014-04-15,0.008304530593748307,SPY,HAR-RV
2014-04-16,0.008019792630502995,SPY,HAR-RV
2014-04-17,0.00843520182043924,SPY,HAR-RV
2014-04-21,0.007945033198604866,SPY,HAR-RV
2014-04-22,0.006397523820462086,SPY,HAR-RV
2014-04-23,0.0055813144102965385,SPY,HAR-RV
2014-04-24,0.005109738102355139,SPY,HAR-RV
2014-04-25,0.004746066714254438,SPY,HAR-RV
2014-04-28,0.0038796992546815713,SPY,HAR-RV
2014-04-29,0.004127563254842785,SPY,HAR-RV
2014-04-30,0.004545330034814519,SPY,HAR-RV
2014-05-01,0.004338917878121243,SPY,HAR-RV
2014-05-02,0.004516836762201354,SPY,HAR-RV
2014-05-05,0.004584874306638004,SPY,HAR-RV
2014-05-06,0.0037179916242454027,SPY,HAR-RV
2014-05-07,0.0036594141288712307,SPY,HAR-RV
2014-05-08,0.0036539301274965525,SPY,HAR-RV
2014-05-09,0.0042024027622226505,SPY,HAR-RV
2014-05-12,0.004692899462321862,SPY,HAR-RV
2014-05-13,0.004757040742179348,SPY,HAR-RV
2014-05-14,0.005116683286597968,SPY,HAR-RV
2014-05-15,0.005064164836549709,SPY,HAR-RV
2014-05-16,0.00481465773163896,SPY,HAR-RV
2014-05-19,0.005377986770895292,SPY,HAR-RV
2014-05-20,0.005892828420527159,SPY,HAR-RV
2014-05-21,0.005415681625976976,SPY,HAR-RV
2014-05-22,0.005683645916374867,SPY,HAR-RV
2014-05-23,0.0057908076560556744,SPY,HAR-RV
2014-05-27,0.005566775441564317,SPY,HAR-RV
2014-05-28,0.005516222439177056,SPY,HAR-RV
2014-05-29,0.005507121685050139,SPY,HAR-RV
2014-05-30,0.0054381630699634675,SPY,HAR-RV
2014-06-02,0.004920862609549248,SPY,HAR-RV
2014-06-03,0.005002159356696605,SPY,HAR-RV
2014-06-04,0.004756955105914954,SPY,HAR-RV
2014-06-05,0.0042745657467943505,SPY,HAR-RV
2014-06-06,0.004345011078116699,SPY,HAR-RV
2014-06-09,0.004175440781807084,SPY,HAR-RV
2014-06-10,0.004561512119337779,SPY,HAR-RV
2014-06-11,0.004755259473665749,SPY,HAR-RV
2014-06-12,0.004677503526119517,SPY,HAR-RV
2014-06-13,0.004724977366221184,SPY,HAR-RV
2014-06-16,0.004713104347914746,SPY,HAR-RV
2014-06-17,0.004579009780190539,SPY,HAR-RV
2014-06-18,0.004647968359819252,SPY,HAR-RV
2014-06-19,0.0049535862339330095,SPY,HAR-RV
2014-06-20,0.005060486075560642,SPY,HAR-RV
2014-06-23,0.004701295944462395,SPY,HAR-RV
2014-06-24,0.004579280034534467,SPY,HAR-RV
2014-06-25,0.004700263973280123,SPY,HAR-RV
2014-06-26,0.004816272234833686,SPY,HAR-RV
2014-06-27,0.0045588100533226535,SPY,HAR-RV
2014-06-30,0.0046709581905274595,SPY,HAR-RV
2014-07-01,0.0045996383416349535,SPY,HAR-RV
2014-07-02,0.004610364429537282,SPY,HAR-RV
2014-07-03,0.0044569250671716255,SPY,HAR-RV
2014-07-07,0.004340537496971629,SPY,HAR-RV
2014-07-08,0.00453067120969471,SPY,HAR-RV
2014-07-09,0.004725374696938754,SPY,HAR-RV
2014-07-10,0.0051625090876152285,SPY,HAR-RV
2014-07-11,0.005035056716956785,SPY,HAR-RV
2014-07-14,0.005249885603342692,SPY,HAR-RV
2014-07-15,0.005042059857618447,SPY,HAR-RV
2014-07-16,0.005018043304342504,SPY,HAR-RV
2014-07-17,0.004614859348507096,SPY,HAR-RV
2014-07-18,0.004613289981818651,SPY,HAR-RV
2014-07-21,0.005089944394611985,SPY,HAR-RV
2014-07-22,0.005689730913293049,SPY,HAR-RV
2014-07-23,0.005581893209195867,SPY,HAR-RV
2014-07-24,0.005612119282913676,SPY,HAR-RV
2014-07-25,0.0054369124806947205,SPY,HAR-RV
2014-07-28,0.004662508303464987,SPY,HAR-RV
2014-07-29,0.004191366035811153,SPY,HAR-RV
2014-07-30,0.0040779898930222045,SPY,HAR-RV
2014-07-31,0.004038813969739723,SPY,HAR-RV
2014-08-01,0.004129890064154583,SPY,HAR-RV
2014-08-04,0.0050330250483272875,SPY,HAR-RV
2014-08-05,0.005298558904116795,SPY,HAR-RV
2014-08-06,0.005706585196346486,SPY,HAR-RV
2014-08-07,0.005924251363703098,SPY,HAR-RV
2014-08-08,0.006105640797235854,SPY,HAR-RV
2014-08-11,0.005078033116766548,SPY,HAR-RV
2014-08-12,0.005475440980905243,SPY,HAR-RV
2014-08-13,0.005360184798086853,SPY,HAR-RV
2014-08-14,0.004876126829171582,SPY,HAR-RV
2014-08-15,0.005163678188975564,SPY,HAR-RV
2014-08-18,0.005129534413709162,SPY,HAR-RV
2014-08-19,0.004503372624830377,SPY,HAR-RV
2014-08-20,0.004707754973201653,SPY,HAR-RV
2014-08-21,0.005013201172629774,SPY,HAR-RV
2014-08-22,0.004783487265678169,SPY,HAR-RV
2014-08-25,0.004661903190264937,SPY,HAR-RV
2014-08-26,0.004791865502475166,SPY,HAR-RV
2014-08-27,0.004464847048603289,SPY,HAR-RV
2014-08-28,0.004221267113891783,SPY,HAR-RV
2014-08-29,0.0040157451243551376,SPY,HAR-RV
2014-09-02,0.003821620600652582,SPY,HAR-RV
2014-09-03,0.003833689470636493,SPY,HAR-RV
2014-09-04,0.003538841571928503,SPY,HAR-RV
2014-09-05,0.003498759825253138,SPY,HAR-RV
2014-09-08,0.0036021669358388807,SPY,HAR-RV
2014-09-09,0.003840406823501759,SPY,HAR-RV
2014-09-10,0.003880283199484514,SPY,HAR-RV
2014-09-11,0.004348996017406104,SPY,HAR-RV
2014-09-12,0.004434553680666283,SPY,HAR-RV
2014-09-15,0.004389294334017897,SPY,HAR-RV
2014-09-16,0.004513396712445642,SPY,HAR-RV
2014-09-17,0.004376712058574532,SPY,HAR-RV
2014-09-18,0.00450938361324104,SPY,HAR-RV
2014-09-19,0.004296134115497069,SPY,HAR-RV
2014-09-22,0.004515951638111465,SPY,HAR-RV
2014-09-23,0.004245630697101383,SPY,HAR-RV
2014-09-24,0.004736698223634382,SPY,HAR-RV
2014-09-25,0.0046450581979534155,SPY,HAR-RV
2014-09-26,0.005222087648504383,SPY,HAR-RV
2014-09-29,0.006095854793861752,SPY,HAR-RV
2014-09-30,0.00610045924365313,SPY,HAR-RV
2014-10-01,0.005473638333755975,SPY,HAR-RV
2014-10-02,0.005519462469260311,SPY,HAR-RV
2014-10-03,0.00591690817539283,SPY,HAR-RV
2014-10-06,0.004915457497073409,SPY,HAR-RV
2014-10-07,0.005046705042165552,SPY,HAR-RV
2014-10-08,0.005173344630300873,SPY,HAR-RV
2014-10-09,0.006010444414703565,SPY,HAR-RV
2014-10-10,0.006567264701165881,SPY,HAR-RV
2014-10-13,0.00852920185342511,SPY,HAR-RV
2014-10-14,0.008842572983277692,SPY,HAR-RV
2014-10-15,0.00943638077797708,SPY,HAR-RV
2014-10-16,0.00785461086071193,SPY,HAR-RV
2014-10-17,0.006920862642863274,SPY,HAR-RV
2014-10-20,0.005628869457760843,SPY,HAR-RV
2014-10-21,0.006108694173209581,SPY,HAR-RV
2014-10-22,0.006270848638937591,SPY,HAR-RV
2014-10-23,0.007888361653319537,SPY,HAR-RV
2014-10-24,0.00751067339072458,SPY,HAR-RV
2014-10-27,0.008368803641314704,SPY,HAR-RV
2014-10-28,0.007619705435192291,SPY,HAR-RV
2014-10-29,0.007014612348074023,SPY,HAR-RV
2014-10-30,0.0066907364377785114,SPY,HAR-RV
2014-10-31,0.006089802159626541,SPY,HAR-RV
2014-11-03,0.006207645836629424,SPY,HAR-RV
2014-11-04,0.006279979705909729,SPY,HAR-RV
2014-11-05,0.005860685447834896,SPY,HAR-RV
2014-11-06,0.005423292787898684,SPY,HAR-RV
2014-11-07,0.00575047870028296,SPY,HAR-RV
2014-11-10,0.005343684618430506,SPY,HAR-RV
2014-11-11,0.004490575874948538,SPY,HAR-RV
2014-11-12,0.004592938248245931,SPY,HAR-RV
2014-11-13,0.004262830446788901,SPY,HAR-RV
2014-11-14,0.003831140630613777,SPY,HAR-RV
2014-11-17,0.0035453692792872162,SPY,HAR-RV
2014-11-18,0.0034068091364526094,SPY,HAR-RV
2014-11-19,0.0032836569843120293,SPY,HAR-RV
2014-11-20,0.003869917172108034,SPY,HAR-RV
2014-11-21,0.0036695484081418783,SPY,HAR-RV
2014-11-24,0.0037609397990657073,SPY,HAR-RV
2014-11-25,0.004319443250334306,SPY,HAR-RV
2014-11-26,0.004367137579257357,SPY,HAR-RV
2014-11-28,0.0039091469649358696,SPY,HAR-RV
2014-12-01,0.004042755946507297,SPY,HAR-RV
2014-12-02,0.004053668103907429,SPY,HAR-RV
2014-12-03,0.004479002031134538,SPY,HAR-RV
2014-12-04,0.004720651095240043,SPY,HAR-RV
2014-12-05,0.004770938133875449,SPY,HAR-RV
2014-12-08,0.0044807236402606395,SPY,HAR-RV
2014-12-09,0.004542657362769252,SPY,HAR-RV
2014-12-10,0.004742614287750995,SPY,HAR-RV
2014-12-11,0.0041146719047859305,SPY,HAR-RV
2014-12-12,0.005468807371774298,SPY,HAR-RV
2014-12-15,0.005682836243816927,SPY,HAR-RV
2014-12-16,0.00715555788968172,SPY,HAR-RV
2014-12-17,0.00705227671900908,SPY,HAR-RV
2014-12-18,0.008163987587914086,SPY,HAR-RV
2014-12-19,0.009103480975383542,SPY,HAR-RV
2014-12-22,0.010726691045216421,SPY,HAR-RV
2014-12-23,0.009044596933634784,SPY,HAR-RV
2014-12-24,0.008380859181120642,SPY,HAR-RV
2014-12-26,0.007274457562598813,SPY,HAR-RV
2014-12-29,0.005416341549598443,SPY,HAR-RV
2014-12-30,0.003722876377143899,SPY,HAR-RV
2014-12-31,0.0033791234016793638,SPY,HAR-RV
2015-01-02,0.003812992031219621,SPY,HAR-RV
2015-01-05,0.004691427826719977,SPY,HAR-RV
2015-01-06,0.0043334433036238545,SPY,HAR-RV
2015-01-07,0.006679891351695443,SPY,HAR-RV
2015-01-08,0.006616146162053709,SPY,HAR-RV
2015-01-09,0.007694227085219481,SPY,HAR-RV
2015-01-12,0.0086474457249275,SPY,HAR-RV
2015-01-13,0.008451162279222654,SPY,HAR-RV
2015-01-14,0.007473492584367955,SPY,HAR-RV
2015-01-15,0.006485539625393265,SPY,HAR-RV
2015-01-16,0.006440234614506179,SPY,HAR-RV
2015-01-20,0.006256034553693545,SPY,HAR-RV
2015-01-21,0.006869106452054432,SPY,HAR-RV
2015-01-22,0.00541942259264398,SPY,HAR-RV
2015-01-23,0.005981279248723271,SPY,HAR-RV
2015-01-26,0.007561656849512438,SPY,HAR-RV
2015-01-27,0.006403682312508765,SPY,HAR-RV
2015-01-28,0.005453209028487304,SPY,HAR-RV
2015-01-29,0.007363511455610398,SPY,HAR-RV
2015-01-30,0.007923084521703488,SPY,HAR-RV
2015-02-02,0.007219108349972921,SPY,HAR-RV
2015-02-03,0.008296387906632372,SPY,HAR-RV
2015-02-04,0.009185263443753224,SPY,HAR-RV
2015-02-05,0.009321042754165449,SPY,HAR-RV
2015-02-06,0.007794725633656936,SPY,HAR-RV
2015-02-09,0.008216256461685714,SPY,HAR-RV
2015-02-10,0.006742314333386046,SPY,HAR-RV
2015-02-11,0.0063727524240918595,SPY,HAR-RV
2015-02-12,0.006522741884836002,SPY,HAR-RV
2015-02-13,0.005428299536483124,SPY,HAR-RV
2015-02-17,0.006130275595129362,SPY,HAR-RV
2015-02-18,0.0057144634494342705,SPY,HAR-RV
2015-02-19,0.005159382076710673,SPY,HAR-RV
2015-02-20,0.004090151894306344,SPY,HAR-RV
2015-02-23,0.004176921246991587,SPY,HAR-RV
2015-02-24,0.004245130255421046,SPY,HAR-RV
2015-02-25,0.003396554295974667,SPY,HAR-RV
2015-02-26,0.003683489501238683,SPY,HAR-RV
2015-02-27,0.003543003972834258,SPY,HAR-RV
2015-03-02,0.0035965131910731347,SPY,HAR-RV
2015-03-03,0.0036064488812782626,SPY,HAR-RV
2015-03-04,0.00439963441724362,SPY,HAR-RV
2015-03-05,0.004338241707188283,SPY,HAR-RV
2015-03-06,0.004596550282998692,SPY,HAR-RV
2015-03-09,0.004386349156374425,SPY,HAR-RV
2015-03-10,0.006306001525799793,SPY,HAR-RV
2015-03-11,0.005432027642354808,SPY,HAR-RV
2015-03-12,0.007028806260114128,SPY,HAR-RV
2015-03-13,0.00632121060876975,SPY,HAR-RV
2015-03-16,0.007747076859238342,SPY,HAR-RV
2015-03-17,0.00688749010983388,SPY,HAR-RV
2015-03-18,0.007826811311082996,SPY,HAR-RV
2015-03-19,0.006445386230353496,SPY,HAR-RV
2015-03-20,0.007538469197187326,SPY,HAR-RV
2015-03-23,0.006646083998354314,SPY,HAR-RV
2015-03-24,0.006911477523527948,SPY,HAR-RV
2015-03-25,0.005721897868116465,SPY,HAR-RV
2015-03-26,0.006052029627374127,SPY,HAR-RV
2015-03-27,0.006310138007446536,SPY,HAR-RV
2015-03-30,0.006049374101135327,SPY,HAR-RV
2015-03-31,0.005449749554281348,SPY,HAR-RV
2015-04-01,0.006527373905591068,SPY,HAR-RV
2015-04-02,0.006823093177416762,SPY,HAR-RV
2015-04-06,0.005714190032356767,SPY,HAR-RV
2015-04-07,0.005804187458843387,SPY,HAR-RV
2015-04-08,0.0062044039919037005,SPY,HAR-RV
2015-04-09,0.005251001378012195,SPY,HAR-RV
2015-04-10,0.004731286752722381,SPY,HAR-RV
2015-04-13,0.00478679910558165,SPY,HAR-RV
2015-04-14,0.00500852247601023,SPY,HAR-RV
2015-04-15,0.004755528683359295,SPY,HAR-RV
2015-04-16,0.004663966892647806,SPY,HAR-RV
2015-04-17,0.004762087340332938,SPY,HAR-RV
2015-04-20,0.004419136994815379,SPY,HAR-RV
2015-04-21,0.005078340670250474,SPY,HAR-RV
2015-04-22,0.005480652878175799,SPY,HAR-RV
2015-04-23,0.005412410931400971,SPY,HAR-RV
2015-04-24,0.005463207801138428,SPY,HAR-RV
2015-04-27,0.0056529415658081025,SPY,HAR-RV
2015-04-28,0.004735722323569883,SPY,HAR-RV
2015-04-29,0.00425431832533235,SPY,HAR-RV
2015-04-30,0.00446448754168071,SPY,HAR-RV
2015-05-01,0.004448783076513821,SPY,HAR-RV
2015-05-04,0.005329563971851423,SPY,HAR-RV
2015-05-05,0.006128301401661093,SPY,HAR-RV
2015-05-06,0.005980207010592653,SPY,HAR-RV
2015-05-07,0.006787688932398607,SPY,HAR-RV
2015-05-08,0.006759401762999853,SPY,HAR-RV
2015-05-11,0.006244529443955501,SPY,HAR-RV
2015-05-12,0.0063845210236574655,SPY,HAR-RV
2015-05-13,0.006600866574457396,SPY,HAR-RV
2015-05-14,0.0057332634381321345,SPY,HAR-RV
2015-05-15,0.005431019344510472,SPY,HAR-RV
2015-05-18,0.00593800221717443,SPY,HAR-RV
2015-05-19,0.004842863948724288,SPY,HAR-RV
2015-05-20,0.004632246235882992,SPY,HAR-RV
2015-05-21,0.004403975725805101,SPY,HAR-RV
2015-05-22,0.004503024531624003,SPY,HAR-RV
2015-05-26,0.0037059884851084616,SPY,HAR-RV
2015-05-27,0.0039306148020289144,SPY,HAR-RV
2015-05-28,0.004765233381941367,SPY,HAR-RV
2015-05-29,0.005550881714479283,SPY,HAR-RV
2015-06-01,0.005635308931532373,SPY,HAR-RV
2015-06-02,0.0059005685321637845,SPY,HAR-RV
2015-06-03,0.005837897786951752,SPY,HAR-RV
2015-06-04,0.004936984937257791,SPY,HAR-RV
2015-06-05,0.00441022010426499,SPY,HAR-RV
2015-06-08,0.005070195445496478,SPY,HAR-RV
2015-06-09,0.00466503279978109,SPY,HAR-RV
2015-06-10,0.005039519660326129,SPY,HAR-RV
2015-06-11,0.005071896360926173,SPY,HAR-RV
2015-06-12,0.005861037656325792,SPY,HAR-RV
2015-06-15,0.0054938297106868796,SPY,HAR-RV
2015-06-16,0.005990875564964221,SPY,HAR-RV
2015-06-17,0.005767744560125618,SPY,HAR-RV
2015-06-18,0.006209988245463338,SPY,HAR-RV
2015-06-19,0.005353578155005675,SPY,HAR-RV
2015-06-22,0.0058465593738464315,SPY,HAR-RV
2015-06-23,0.005660400926926899,SPY,HAR-RV
2015-06-24,0.005717732566042408,SPY,HAR-RV
2015-06-25,0.005404834192140351,SPY,HAR-RV
2015-06-26,0.005749398018189456,SPY,HAR-RV
2015-06-29,0.005165468374441337,SPY,HAR-RV
2015-06-30,0.005094507882647305,SPY,HAR-RV
2015-07-01,0.005495840177526071,SPY,HAR-RV
2015-07-02,0.0065804182037963975,SPY,HAR-RV
2015-07-06,0.006326298358225557,SPY,HAR-RV
2015-07-07,0.006329846499213479,SPY,HAR-RV
2015-07-08,0.00656574887307588,SPY,HAR-RV
2015-07-09,0.005008242142340204,SPY,HAR-RV
2015-07-10,0.005923093948145502,SPY,HAR-RV
2015-07-13,0.005999003119259438,SPY,HAR-RV
2015-07-14,0.00670216079233644,SPY,HAR-RV
2015-07-15,0.007589716915395201,SPY,HAR-RV
2015-07-16,0.0075404295666318365,SPY,HAR-RV
2015-07-17,0.006135275537621691,SPY,HAR-RV
2015-07-20,0.0064046782854998065,SPY,HAR-RV
2015-07-21,0.00548204489833329,SPY,HAR-RV
2015-07-22,0.004467226625525453,SPY,HAR-RV
2015-07-23,0.004357000301399427,SPY,HAR-RV
2015-07-24,0.004628142383748653,SPY,HAR-RV
2015-07-27,0.004341616410869536,SPY,HAR-RV
2015-07-28,0.005106752592811576,SPY,HAR-RV
2015-07-29,0.005788821413013732,SPY,HAR-RV
2015-07-30,0.006325565482785401,SPY,HAR-RV
2015-07-31,0.00685036050232951,SPY,HAR-RV
2015-08-03,0.006595181637696514,SPY,HAR-RV
2015-08-04,0.005823473405815035,SPY,HAR-RV
2015-08-05,0.005623185717097495,SPY,HAR-RV
2015-08-06,0.004777881814343328,SPY,HAR-RV
2015-08-07,0.004536555525708155,SPY,HAR-RV
2015-08-10,0.005051014258409791,SPY,HAR-RV
2015-08-11,0.005351557220638519,SPY,HAR-RV
2015-08-12,0.005903553084829539,SPY,HAR-RV
2015-08-13,0.006503294218653234,SPY,HAR-RV
2015-08-14,0.006483661062666863,SPY,HAR-RV
2015-08-17,0.005922189043758237,SPY,HAR-RV
2015-08-18,0.006053431786333659,SPY,HAR-RV
2015-08-19,0.005538218472446366,SPY,HAR-RV
2015-08-20,0.005129507665891656,SPY,HAR-RV
2015-08-21,0.005703288554705287,SPY,HAR-RV
2015-08-24,0.008228411731123025,SPY,HAR-RV
2015-08-25,0.013468741645109347,SPY,HAR-RV
2015-08-26,0.016790805141166258,SPY,HAR-RV
2015-08-27,0.015760510953039344,SPY,HAR-RV
2015-08-28,0.02235783338351368,SPY,HAR-RV
2015-08-31,0.017667308724497573,SPY,HAR-RV
2015-09-01,0.010922214782805514,SPY,HAR-RV
2015-09-02,0.010382252835803045,SPY,HAR-RV
2015-09-03,0.01528649994609053,SPY,HAR-RV
2015-09-04,0.01103804692297809,SPY,HAR-RV
2015-09-08,0.006887884212817759,SPY,HAR-RV
2015-09-09,0.011146814208244274,SPY,HAR-RV
2015-09-10,0.013665369497061899,SPY,HAR-RV
2015-09-11,0.010373804776613009,SPY,HAR-RV
2015-09-14,0.007924262615504326,SPY,HAR-RV
2015-09-15,0.007905985534983602,SPY,HAR-RV
2015-09-16,0.007150614873761384,SPY,HAR-RV
2015-09-17,0.00720837331134975,SPY,HAR-RV
2015-09-18,0.005852504060723313,SPY,HAR-RV
2015-09-21,0.005704572936040889,SPY,HAR-RV
2015-09-22,0.007770165551820861,SPY,HAR-RV
2015-09-23,0.0071963608467482424,SPY,HAR-RV
2015-09-24,0.007647720277335395,SPY,HAR-RV
2015-09-25,0.005844044302019091,SPY,HAR-RV
2015-09-28,0.006309421330801561,SPY,HAR-RV
2015-09-29,0.00500984630598938,SPY,HAR-RV
2015-09-30,0.00888729748242893,SPY,HAR-RV
2015-10-01,0.006082659779732555,SPY,HAR-RV
2015-10-02,0.008616266587441242,SPY,HAR-RV
2015-10-05,0.007841129354686267,SPY,HAR-RV
2015-10-06,0.010061366638711471,SPY,HAR-RV
2015-10-07,0.009309003655661783,SPY,HAR-RV
2015-10-08,0.008945888904697046,SPY,HAR-RV
2015-10-09,0.0081686021759855,SPY,HAR-RV
2015-10-12,0.008785218542776673,SPY,HAR-RV
2015-10-13,0.006926496393444243,SPY,HAR-RV
2015-10-14,0.005388418070031115,SPY,HAR-RV
2015-10-15,0.00596333227674866,SPY,HAR-RV
2015-10-16,0.005699053608215708,SPY,HAR-RV
2015-10-19,0.006795349449977408,SPY,HAR-RV
2015-10-20,0.006568793253318415,SPY,HAR-RV
2015-10-21,0.006269995262235353,SPY,HAR-RV
2015-10-22,0.005872863899841042,SPY,HAR-RV
2015-10-23,0.006338006079291154,SPY,HAR-RV
2015-10-26,0.007204777803456446,SPY,HAR-RV
2015-10-27,0.007347191608202006,SPY,HAR-RV
2015-10-28,0.00695678980651135,SPY,HAR-RV
2015-10-29,0.007029180481941389,SPY,HAR-RV
2015-10-30,0.007995481126466253,SPY,HAR-RV
2015-11-02,0.0059451094019173254,SPY,HAR-RV
2015-11-03,0.005643645980366667,SPY,HAR-RV
2015-11-04,0.006862600186019016,SPY,HAR-RV
2015-11-05,0.006462044091359612,SPY,HAR-RV
2015-11-06,0.005719992787789988,SPY,HAR-RV
2015-11-09,0.0056318188791292636,SPY,HAR-RV
2015-11-10,0.005197428361374256,SPY,HAR-RV
2015-11-11,0.005546521015215365,SPY,HAR-RV
2015-11-12,0.004969473761162824,SPY,HAR-RV
2015-11-13,0.005232914534184365,SPY,HAR-RV
2015-11-16,0.007097353886560851,SPY,HAR-RV
2015-11-17,0.007754877979930113,SPY,HAR-RV
2015-11-18,0.008146904712865985,SPY,HAR-RV
2015-11-19,0.007351467439841009,SPY,HAR-RV
2015-11-20,0.009118441899669226,SPY,HAR-RV
2015-11-23,0.007436474414799988,SPY,HAR-RV
2015-11-24,0.006933084949359049,SPY,HAR-RV
2015-11-25,0.0055560275557684224,SPY,HAR-RV
2015-11-27,0.005576203099208533,SPY,HAR-RV
2015-11-30,0.004074107575032246,SPY,HAR-RV
2015-12-01,0.004073476717056394,SPY,HAR-RV
2015-12-02,0.004322051224556558,SPY,HAR-RV
2015-12-03,0.0053151637821244255,SPY,HAR-RV
2015-12-04,0.006208099251263446,SPY,HAR-RV
2015-12-07,0.007760320076027285,SPY,HAR-RV
2015-12-08,0.009503178530887238,SPY,HAR-RV
2015-12-09,0.008891989857752847,SPY,HAR-RV
2015-12-10,0.008721966567471895,SPY,HAR-RV
2015-12-11,0.00857686337094805,SPY,HAR-RV
2015-12-14,0.00744766604818345,SPY,HAR-RV
2015-12-15,0.008177295414720702,SPY,HAR-RV
2015-12-16,0.007507584854692652,SPY,HAR-RV
2015-12-17,0.008104571677741815,SPY,HAR-RV
2015-12-18,0.008954285158167713,SPY,HAR-RV
2015-12-21,0.010252719013913836,SPY,HAR-RV
2015-12-22,0.010245768216054588,SPY,HAR-RV
2015-12-23,0.010064136105863179,SPY,HAR-RV
2015-12-24,0.009983249250243558,SPY,HAR-RV
2015-12-28,0.009821310082730333,SPY,HAR-RV
2015-12-29,0.007945310050600087,SPY,HAR-RV
2015-12-30,0.006582122353031805,SPY,HAR-RV
2015-12-31,0.0071996948981927844,SPY,HAR-RV
2016-01-04,0.006862376483435147,SPY,HAR-RV
2016-01-05,0.006983377912588592,SPY,HAR-RV
2016-01-06,0.008180693158232279,SPY,HAR-RV
2016-01-07,0.007604076108156942,SPY,HAR-RV
2016-01-08,0.008513388562920731,SPY,HAR-RV
2016-01-11,0.010671160143145952,SPY,HAR-RV
2016-01-12,0.009921931275650038,SPY,HAR-RV
2016-01-13,0.008131373353935437,SPY,HAR-RV
2016-01-14,0.009335640243758528,SPY,HAR-RV
2016-01-15,0.011725197063663564,SPY,HAR-RV
2016-01-19,0.01063902876273502,SPY,HAR-RV
2016-01-20,0.0117086714874657,SPY,HAR-RV
2016-01-21,0.010627608987897065,SPY,HAR-RV
2016-01-22,0.011487616254320604,SPY,HAR-RV
2016-01-25,0.009617357680554762,SPY,HAR-RV
2016-01-26,0.010787525769845829,SPY,HAR-RV
2016-01-27,0.010104586562328885,SPY,HAR-RV
2016-01-28,0.011004906296782621,SPY,HAR-RV
2016-01-29,0.01061307031098514,SPY,HAR-RV
2016-02-01,0.010598174404986034,SPY,HAR-RV
2016-02-02,0.011487057452184804,SPY,HAR-RV
2016-02-03,0.009803675782638235,SPY,HAR-RV
2016-02-04,0.010482295533096705,SPY,HAR-RV
2016-02-05,0.00965977950820582,SPY,HAR-RV
2016-02-08,0.009433154294165639,SPY,HAR-RV
2016-02-09,0.009565808092213628,SPY,HAR-RV
2016-02-10,0.010376624227888423,SPY,HAR-RV
2016-02-11,0.008134255633161508,SPY,HAR-RV
2016-02-12,0.007796772561900207,SPY,HAR-RV
2016-02-16,0.009392435314213486,SPY,HAR-RV
2016-02-17,0.01017192175070091,SPY,HAR-RV
2016-02-18,0.010245040524275748,SPY,HAR-RV
2016-02-19,0.011295051686580515,SPY,HAR-RV
2016-02-22,0.010395676240503703,SPY,HAR-RV
2016-02-23,0.009395355423040725,SPY,HAR-RV
2016-02-24,0.009900482298514878,SPY,HAR-RV
2016-02-25,0.009547935791301414,SPY,HAR-RV
2016-02-26,0.008083882129131073,SPY,HAR-RV
2016-02-29,0.009012716946430254,SPY,HAR-RV
2016-03-01,0.008394241420115675,SPY,HAR-RV
2016-03-02,0.008392062452622952,SPY,HAR-RV
2016-03-03,0.010141806882850213,SPY,HAR-RV
2016-03-04,0.00885598875218474,SPY,HAR-RV
2016-03-07,0.008259305467425529,SPY,HAR-RV
2016-03-08,0.008093797431965435,SPY,HAR-RV
2016-03-09,0.007445887950892875,SPY,HAR-RV
2016-03-10,0.007285354129815119,SPY,HAR-RV
2016-03-11,0.006765971427081756,SPY,HAR-RV
2016-03-14,0.006327595837942148,SPY,HAR-RV
2016-03-15,0.008096189151939215,SPY,HAR-RV
2016-03-16,0.007399063483701621,SPY,HAR-RV
2016-03-17,0.006600387948425661,SPY,HAR-RV
2016-03-18,0.006733271694009127,SPY,HAR-RV
2016-03-21,0.00707667848285618,SPY,HAR-RV
2016-03-22,0.005942836585188965,SPY,HAR-RV
2016-03-23,0.0057715429314559915,SPY,HAR-RV
2016-03-24,0.00568162635558973,SPY,HAR-RV
2016-03-28,0.005963218442695552,SPY,HAR-RV
2016-03-29,0.0050787273672999065,SPY,HAR-RV
2016-03-30,0.004871990032041478,SPY,HAR-RV
2016-03-31,0.005804117681785801,SPY,HAR-RV
2016-04-01,0.0058019859552716005,SPY,HAR-RV
2016-04-04,0.005385283696663791,SPY,HAR-RV
2016-04-05,0.005870268978548134,SPY,HAR-RV
2016-04-06,0.005957493253795619,SPY,HAR-RV
2016-04-07,0.006495669621020212,SPY,HAR-RV
2016-04-08,0.0070996876531947495,SPY,HAR-RV
2016-04-11,0.007947533744564222,SPY,HAR-RV
2016-04-12,0.007028484733540145,SPY,HAR-RV
2016-04-13,0.007018321149695174,SPY,HAR-RV
2016-04-14,0.007393592753163194,SPY,HAR-RV
2016-04-15,0.007311123307163716,SPY,HAR-RV
2016-04-18,0.005798392150493675,SPY,HAR-RV
2016-04-19,0.005798225859682037,SPY,HAR-RV
2016-04-20,0.006503270236214364,SPY,HAR-RV
2016-04-21,0.005791179751771261,SPY,HAR-RV
2016-04-22,0.005013981747232084,SPY,HAR-RV
2016-04-25,0.005561686431838688,SPY,HAR-RV
2016-04-26,0.005108683818119174,SPY,HAR-RV
2016-04-27,0.004764206206891198,SPY,HAR-RV
2016-04-28,0.004598238921792576,SPY,HAR-RV
2016-04-29,0.004815785554398029,SPY,HAR-RV
2016-05-02,0.005525174283911099,SPY,HAR-RV
2016-05-03,0.005790184474724654,SPY,HAR-RV
2016-05-04,0.006426130474323062,SPY,HAR-RV
2016-05-05,0.007065960612653221,SPY,HAR-RV
2016-05-06,0.007100009057716404,SPY,HAR-RV
2016-05-09,0.00605681074516559,SPY,HAR-RV
2016-05-10,0.005952187732591516,SPY,HAR-RV
2016-05-11,0.005276849548438696,SPY,HAR-RV
2016-05-12,0.006406857796734086,SPY,HAR-RV
2016-05-13,0.006487865202042895,SPY,HAR-RV
2016-05-16,0.005868036160197505,SPY,HAR-RV
2016-05-17,0.0068708442531284705,SPY,HAR-RV
2016-05-18,0.007652265019485768,SPY,HAR-RV
2016-05-19,0.007413362059848927,SPY,HAR-RV
2016-05-20,0.00607069070376105,SPY,HAR-RV
2016-05-23,0.00656887490707078,SPY,HAR-RV
2016-05-24,0.006562003197476192,SPY,HAR-RV
2016-05-25,0.005682255813501482,SPY,HAR-RV
2016-05-26,0.00683087395386271,SPY,HAR-RV
2016-05-27,0.006760602030001716,SPY,HAR-RV
2016-05-31,0.006023781346883967,SPY,HAR-RV
2016-06-01,0.0061902815138411725,SPY,HAR-RV
2016-06-02,0.005975555462317771,SPY,HAR-RV
2016-06-03,0.0051981544011400396,SPY,HAR-RV
2016-06-06,0.004956295717719356,SPY,HAR-RV
2016-06-07,0.004996731465529971,SPY,HAR-RV
2016-06-08,0.0052360072481475685,SPY,HAR-RV
2016-06-09,0.004838890896739625,SPY,HAR-RV
2016-06-10,0.005024236605802521,SPY,HAR-RV
2016-06-13,0.0048040890957897295,SPY,HAR-RV
2016-06-14,0.006039777552178938,SPY,HAR-RV
2016-06-15,0.006024781832250744,SPY,HAR-RV
2016-06-16,0.005573673597701104,SPY,HAR-RV
2016-06-17,0.005346065170138982,SPY,HAR-RV
2016-06-20,0.005539161632908086,SPY,HAR-RV
2016-06-21,0.0051649669038061384,SPY,HAR-RV
2016-06-22,0.005309549601513811,SPY,HAR-RV
2016-06-23,0.004973502336097059,SPY,HAR-RV
2016-06-24,0.004957746916186387,SPY,HAR-RV
2016-06-27,0.007212536235799536,SPY,HAR-RV
2016-06-28,0.012898222013490609,SPY,HAR-RV
2016-06-29,0.01172483083839727,SPY,HAR-RV
2016-06-30,0.01314172211671412,SPY,HAR-RV
2016-07-01,0.014263237973892043,SPY,HAR-RV
2016-07-05,0.013240694942739713,SPY,HAR-RV
2016-07-06,0.009260878561349337,SPY,HAR-RV
2016-07-07,0.00918950163342009,SPY,HAR-RV
2016-07-08,0.008187432052809092,SPY,HAR-RV
2016-07-11,0.006372502728080831,SPY,HAR-RV
2016-07-12,0.008361874267640595,SPY,HAR-RV
2016-07-13,0.007000982892275994,SPY,HAR-RV
2016-07-14,0.00747108546197419,SPY,HAR-RV
2016-07-15,0.00612916884907606,SPY,HAR-RV
2016-07-18,0.007133435629983517,SPY,HAR-RV
2016-07-19,0.00560671250393241,SPY,HAR-RV
2016-07-20,0.005645511662180971,SPY,HAR-RV
2016-07-21,0.004867838216447736,SPY,HAR-RV
2016-07-22,0.005477398699329405,SPY,HAR-RV
2016-07-25,0.005381666471845819,SPY,HAR-RV
2016-07-26,0.0056093772043369185,SPY,HAR-RV
2016-07-27,0.0059030567859992425,SPY,HAR-RV
2016-07-28,0.005809965067920295,SPY,HAR-RV
2016-07-29,0.004855434545445755,SPY,HAR-RV
2016-08-01,0.004397148367319512,SPY,HAR-RV
2016-08-02,0.004212615736024575,SPY,HAR-RV
2016-08-03,0.004053749688384991,SPY,HAR-RV
2016-08-04,0.004529446513536518,SPY,HAR-RV
2016-08-05,0.004494710574532967,SPY,HAR-RV
2016-08-08,0.004540580820979239,SPY,HAR-RV
2016-08-09,0.005316390898943721,SPY,HAR-RV
2016-08-10,0.004782047847054592,SPY,HAR-RV
2016-08-11,0.004171660890732831,SPY,HAR-RV
2016-08-12,0.004144316694777378,SPY,HAR-RV
2016-08-15,0.004444729837593248,SPY,HAR-RV
2016-08-16,0.003739614219737253,SPY,HAR-RV
2016-08-17,0.003892064151728434,SPY,HAR-RV
2016-08-18,0.004454704704048925,SPY,HAR-RV
2016-08-19,0.00410736901190159,SPY,HAR-RV
2016-08-22,0.003997533524922207,SPY,HAR-RV
2016-08-23,0.003731718523401835,SPY,HAR-RV
2016-08-24,0.0033112718529826313,SPY,HAR-RV
2016-08-25,0.0031536107352840995,SPY,HAR-RV
2016-08-26,0.0036942004179925225,SPY,HAR-RV
2016-08-29,0.0031672837594968204,SPY,HAR-RV
2016-08-30,0.003378078891402968,SPY,HAR-RV
2016-08-31,0.003997832111503969,SPY,HAR-RV
2016-09-01,0.0036110308511778048,SPY,HAR-RV
2016-09-02,0.003610408921249955,SPY,HAR-RV
2016-09-06,0.0031383368614251216,SPY,HAR-RV
2016-09-07,0.0038648129979922353,SPY,HAR-RV
2016-09-08,0.0035383818736989554,SPY,HAR-RV
2016-09-09,0.0029517449068035715,SPY,HAR-RV
2016-09-12,0.003557666371775156,SPY,HAR-RV
2016-09-13,0.008374511960637286,SPY,HAR-RV
2016-09-14,0.007911111774846739,SPY,HAR-RV
2016-09-15,0.008578951721087384,SPY,HAR-RV
2016-09-16,0.006743531168006613,SPY,HAR-RV
2016-09-19,0.008406587010066524,SPY,HAR-RV
2016-09-20,0.006259178505316317,SPY,HAR-RV
2016-09-21,0.004874907875559228,SPY,HAR-RV
2016-09-22,0.004062375703482774,SPY,HAR-RV
2016-09-23,0.0062764722534873005,SPY,HAR-RV
2016-09-26,0.005512482451016404,SPY,HAR-RV
2016-09-27,0.005566572852113778,SPY,HAR-RV
2016-09-28,0.0063962667463218145,SPY,HAR-RV
2016-09-29,0.006564632442935902,SPY,HAR-RV
2016-09-30,0.006096633493629309,SPY,HAR-RV
2016-10-03,0.00686069380450255,SPY,HAR-RV
2016-10-04,0.006823916097230269,SPY,HAR-RV
2016-10-05,0.005777927509385395,SPY,HAR-RV
2016-10-06,0.00617286699428313,SPY,HAR-RV
2016-10-07,0.00604263646256839,SPY,HAR-RV
2016-10-10,0.004967127609767645,SPY,HAR-RV
2016-10-11,0.005192414886579757,SPY,HAR-RV
2016-10-12,0.00570924924148189,SPY,HAR-RV
2016-10-13,0.006950486957573622,SPY,HAR-RV
2016-10-14,0.005009398232267043,SPY,HAR-RV
2016-10-17,0.0052364327343045,SPY,HAR-RV
2016-10-18,0.004689159319592734,SPY,HAR-RV
2016-10-19,0.004891751691024005,SPY,HAR-RV
2016-10-20,0.005005866485718386,SPY,HAR-RV
2016-10-21,0.004522991007955083,SPY,HAR-RV
2016-10-24,0.004327457731931297,SPY,HAR-RV
2016-10-25,0.004013440445707686,SPY,HAR-RV
2016-10-26,0.004629504688234523,SPY,HAR-RV
2016-10-27,0.00430385369782269,SPY,HAR-RV
2016-10-28,0.003977478633686696,SPY,HAR-RV
2016-10-31,0.004022714359644195,SPY,HAR-RV
2016-11-01,0.004127330348375143,SPY,HAR-RV
2016-11-02,0.0033505030490514325,SPY,HAR-RV
2016-11-03,0.004469837774190204,SPY,HAR-RV
2016-11-04,0.004657804512731687,SPY,HAR-RV
2016-11-07,0.004572602173854722,SPY,HAR-RV
2016-11-08,0.004173434891577795,SPY,HAR-RV
2016-11-09,0.008140428189554134,SPY,HAR-RV
2016-11-10,0.006105393410723152,SPY,HAR-RV
2016-11-11,0.007131238242180399,SPY,HAR-RV
2016-11-14,0.00581298228708652,SPY,HAR-RV
2016-11-15,0.005734663359672201,SPY,HAR-RV
2016-11-16,0.0042666662253643935,SPY,HAR-RV
2016-11-17,0.005334102733176978,SPY,HAR-RV
2016-11-18,0.004147912380612622,SPY,HAR-RV
2016-11-21,0.004645710264490615,SPY,HAR-RV
2016-11-22,0.0043198553358458755,SPY,HAR-RV
2016-11-23,0.005380828931929456,SPY,HAR-RV
2016-11-25,0.0044063520167828135,SPY,HAR-RV
2016-11-28,0.004096014075756734,SPY,HAR-RV
2016-11-29,0.004379213270012828,SPY,HAR-RV
2016-11-30,0.004653184074217423,SPY,HAR-RV
2016-12-01,0.003947841744548241,SPY,HAR-RV
2016-12-02,0.00402696702655716,SPY,HAR-RV
2016-12-05,0.004386473114013098,SPY,HAR-RV
2016-12-06,0.003741064100045169,SPY,HAR-RV
2016-12-07,0.004420214726583921,SPY,HAR-RV
2016-12-08,0.004218537624813054,SPY,HAR-RV
2016-12-09,0.006062843440020413,SPY,HAR-RV
2016-12-12,0.004659628781549247,SPY,HAR-RV
2016-12-13,0.005371293931243174,SPY,HAR-RV
2016-12-14,0.004567645104291051,SPY,HAR-RV
2016-12-15,0.005354562659540783,SPY,HAR-RV
2016-12-16,0.005301611673731695,SPY,HAR-RV
2016-12-19,0.004947606826548345,SPY,HAR-RV
2016-12-20,0.004355277236194997,SPY,HAR-RV
2016-12-21,0.004465330703963181,SPY,HAR-RV
2016-12-22,0.004495604538183573,SPY,HAR-RV
2016-12-23,0.004055983782574393,SPY,HAR-RV
2016-12-27,0.0037174059777675935,SPY,HAR-RV
2016-12-28,0.003722524026348444,SPY,HAR-RV
2016-12-29,0.0038401860811328866,SPY,HAR-RV
2016-12-30,0.005150647281613159,SPY,HAR-RV
2017-01-03,0.003479931302531206,SPY,HAR-RV
2017-01-04,0.004223754507569679,SPY,HAR-RV
2017-01-05,0.005375803941232023,SPY,HAR-RV
2017-01-06,0.005136055462788556,SPY,HAR-RV
2017-01-09,0.0037631293215940843,SPY,HAR-RV
2017-01-10,0.004439830013366152,SPY,HAR-RV
2017-01-11,0.004354689634019998,SPY,HAR-RV
2017-01-12,0.0033956127987352386,SPY,HAR-RV
2017-01-13,0.0038510428041290093,SPY,HAR-RV
2017-01-17,0.0039440314813772625,SPY,HAR-RV
2017-01-18,0.003784725744833095,SPY,HAR-RV
2017-01-19,0.0038938340703810028,SPY,HAR-RV
2017-01-20,0.003915140364937294,SPY,HAR-RV
2017-01-23,0.004270424924688026,SPY,HAR-RV
2017-01-24,0.004276089416416528,SPY,HAR-RV
2017-01-25,0.00420202712151628,SPY,HAR-RV
2017-01-26,0.004994658694211047,SPY,HAR-RV
2017-01-27,0.00567058919342717,SPY,HAR-RV
2017-01-30,0.004290492956090665,SPY,HAR-RV
2017-01-31,0.004222997852082081,SPY,HAR-RV
2017-02-01,0.005200459545823953,SPY,HAR-RV
2017-02-02,0.00376692694531276,SPY,HAR-RV
2017-02-03,0.0033618656550689244,SPY,HAR-RV
2017-02-06,0.0034874362631023463,SPY,HAR-RV
2017-02-07,0.004928469349844445,SPY,HAR-RV
2017-02-08,0.003701279999703259,SPY,HAR-RV
2017-02-09,0.003376011232395591,SPY,HAR-RV
2017-02-10,0.0036653139581474866,SPY,HAR-RV
2017-02-13,0.00487718248657957,SPY,HAR-RV
2017-02-14,0.004296662281677202,SPY,HAR-RV
2017-02-15,0.004775745402987655,SPY,HAR-RV
2017-02-16,0.004639720970459297,SPY,HAR-RV
2017-02-17,0.005025578268933892,SPY,HAR-RV
2017-02-21,0.0038244462717723277,SPY,HAR-RV
2017-02-22,0.003896655489019393,SPY,HAR-RV
2017-02-23,0.004845970708765122,SPY,HAR-RV
2017-02-24,0.0035744840407433928,SPY,HAR-RV
2017-02-27,0.0032804330008375003,SPY,HAR-RV
2017-02-28,0.003456561313449414,SPY,HAR-RV
2017-03-01,0.0035704597245980628,SPY,HAR-RV
2017-03-02,0.0037943454428942297,SPY,HAR-RV
2017-03-03,0.006893219210611283,SPY,HAR-RV
2017-03-06,0.005291242996561312,SPY,HAR-RV
2017-03-07,0.003907207374589869,SPY,HAR-RV
2017-03-08,0.004462297100721123,SPY,HAR-RV
2017-03-09,0.0044450570492258305,SPY,HAR-RV
2017-03-10,0.0036967177212641105,SPY,HAR-RV
2017-03-13,0.0033348841902404664,SPY,HAR-RV
2017-03-14,0.003923318373129383,SPY,HAR-RV
2017-03-15,0.0031315025905241617,SPY,HAR-RV
2017-03-16,0.004017439135757072,SPY,HAR-RV
2017-03-17,0.00535362537677047,SPY,HAR-RV
2017-03-20,0.0038284549202598083,SPY,HAR-RV
2017-03-21,0.0037110215750615185,SPY,HAR-RV
2017-03-22,0.003692590017499826,SPY,HAR-RV
2017-03-23,0.006648593249004371,SPY,HAR-RV
2017-03-24,0.003994011518435578,SPY,HAR-RV
2017-03-27,0.0036785215544803736,SPY,HAR-RV
2017-03-28,0.0035398495302182164,SPY,HAR-RV
2017-03-29,0.0036165832418643645,SPY,HAR-RV
2017-03-30,0.004684725397100725,SPY,HAR-RV
2017-03-31,0.003222963764102669,SPY,HAR-RV
2017-04-03,0.0037837582097591292,SPY,HAR-RV
2017-04-04,0.0037412107719525358,SPY,HAR-RV
2017-04-05,0.0036625153691269142,SPY,HAR-RV
2017-04-06,0.0031053705927252496,SPY,HAR-RV
2017-04-07,0.003708783313012303,SPY,HAR-RV
2017-04-10,0.0035867124436274374,SPY,HAR-RV
2017-04-11,0.0031044982046604867,SPY,HAR-RV
2017-04-12,0.0029458602663791473,SPY,HAR-RV
2017-04-13,0.0031056506805497435,SPY,HAR-RV
2017-04-17,0.0038943539814217274,SPY,HAR-RV
2017-04-18,0.00456926125153325,SPY,HAR-RV
2017-04-19,0.005443518868231402,SPY,HAR-RV
2017-04-20,0.004171529109248646,SPY,HAR-RV
2017-04-21,0.0039705006660923255,SPY,HAR-RV
2017-04-24,0.005534321206536374,SPY,HAR-RV
2017-04-25,0.004346169894638345,SPY,HAR-RV
2017-04-26,0.00617577148394244,SPY,HAR-RV
2017-04-27,0.0050696831157388215,SPY,HAR-RV
2017-04-28,0.0037501046535262537,SPY,HAR-RV
2017-05-01,0.003479198690405325,SPY,HAR-RV
2017-05-02,0.0037805219737102195,SPY,HAR-RV
2017-05-03,0.0034721248585363167,SPY,HAR-RV
2017-05-04,0.0027242617585692096,SPY,HAR-RV
2017-05-05,0.00293118608721518,SPY,HAR-RV
2017-05-08,0.002959787738367722,SPY,HAR-RV
2017-05-09,0.0036576239385499934,SPY,HAR-RV
2017-05-10,0.0026579425766257094,SPY,HAR-RV
2017-05-11,0.0028234754940679955,SPY,HAR-RV
2017-05-12,0.0030422910804856432,SPY,HAR-RV
2017-05-15,0.0031364498201205218,SPY,HAR-RV
2017-05-16,0.002967868292306156,SPY,HAR-RV
2017-05-17,0.004104905699554981,SPY,HAR-RV
2017-05-18,0.003159581839092474,SPY,HAR-RV
2017-05-19,0.007543329622058487,SPY,HAR-RV
2017-05-22,0.004690130773938602,SPY,HAR-RV
2017-05-23,0.005437245347645475,SPY,HAR-RV
2017-05-24,0.005040356211332999,SPY,HAR-RV
2017-05-25,0.004591649224037229,SPY,HAR-RV
2017-05-26,0.003878672331153749,SPY,HAR-RV
2017-05-30,0.00400368342036257,SPY,HAR-RV
2017-05-31,0.003487744270018373,SPY,HAR-RV
2017-06-01,0.003446444744419799,SPY,HAR-RV
2017-06-02,0.0033270951834406333,SPY,HAR-RV
2017-06-05,0.003812326869708809,SPY,HAR-RV
2017-06-06,0.0035692580460426494,SPY,HAR-RV
2017-06-07,0.0034602921617440797,SPY,HAR-RV
2017-06-08,0.0036250232298869053,SPY,HAR-RV
2017-06-09,0.0035663299769932207,SPY,HAR-RV
2017-06-12,0.0032856769986725452,SPY,HAR-RV
2017-06-13,0.0032688748819631836,SPY,HAR-RV
2017-06-14,0.0031820653158735933,SPY,HAR-RV
2017-06-15,0.0035365572439776697,SPY,HAR-RV
2017-06-16,0.0032396340848150186,SPY,HAR-RV
2017-06-19,0.0033195230209847643,SPY,HAR-RV
2017-06-20,0.00320583255901212,SPY,HAR-RV
2017-06-21,0.004093592192590091,SPY,HAR-RV
2017-06-22,0.003981441116412216,SPY,HAR-RV
2017-06-23,0.0034672297737470756,SPY,HAR-RV
2017-06-26,0.0033583877886635763,SPY,HAR-RV
2017-06-27,0.0033344764623796782,SPY,HAR-RV
2017-06-28,0.0032065660094075703,SPY,HAR-RV
2017-06-29,0.0039305305341618985,SPY,HAR-RV
2017-06-30,0.004198075660705695,SPY,HAR-RV
2017-07-03,0.004246395264293452,SPY,HAR-RV
2017-07-05,0.003539713276222159,SPY,HAR-RV
2017-07-06,0.0034710107699393302,SPY,HAR-RV
2017-07-07,0.003571077124484519,SPY,HAR-RV
2017-07-10,0.004373762961984433,SPY,HAR-RV
2017-07-11,0.004043459278830148,SPY,HAR-RV
2017-07-12,0.003451216035366882,SPY,HAR-RV
2017-07-13,0.003441796016081449,SPY,HAR-RV
2017-07-14,0.0041816310154338164,SPY,HAR-RV
2017-07-17,0.0035443473416024596,SPY,HAR-RV
2017-07-18,0.0037968545678223444,SPY,HAR-RV
2017-07-19,0.003321837275160725,SPY,HAR-RV
2017-07-20,0.003383000334631655,SPY,HAR-RV
2017-07-21,0.003815706011067126,SPY,HAR-RV
2017-07-24,0.003333549507646745,SPY,HAR-RV
2017-07-25,0.003312969838113815,SPY,HAR-RV
2017-07-26,0.0032277179982257392,SPY,HAR-RV
2017-07-27,0.003456602086140499,SPY,HAR-RV
2017-07-28,0.003116043505530029,SPY,HAR-RV
2017-07-31,0.003167656837838821,SPY,HAR-RV
2017-08-01,0.003198908763706867,SPY,HAR-RV
2017-08-02,0.003168389135393551,SPY,HAR-RV
2017-08-03,0.003344676561246858,SPY,HAR-RV
2017-08-04,0.003146672193572512,SPY,HAR-RV
2017-08-07,0.0032992242636200684,SPY,HAR-RV
2017-08-08,0.0033260702769934633,SPY,HAR-RV
2017-08-09,0.0033824820399552136,SPY,HAR-RV
2017-08-10,0.0029663724255346914,SPY,HAR-RV
2017-08-11,0.003077399250262071,SPY,HAR-RV
2017-08-14,0.003101616328577109,SPY,HAR-RV
2017-08-15,0.0036174682497103453,SPY,HAR-RV
2017-08-16,0.0034902221959078926,SPY,HAR-RV
2017-08-17,0.0034273498911227955,SPY,HAR-RV
2017-08-18,0.004080323901657488,SPY,HAR-RV
2017-08-21,0.003453701743676754,SPY,HAR-RV
2017-08-22,0.004121355252092798,SPY,HAR-RV
2017-08-23,0.0038736253885051416,SPY,HAR-RV
2017-08-24,0.0038153845166026485,SPY,HAR-RV
2017-08-25,0.004242948850994631,SPY,HAR-RV
2017-08-28,0.0036491658929718894,SPY,HAR-RV
2017-08-29,0.0036450536460229804,SPY,HAR-RV
2017-08-30,0.0036842545130638354,SPY,HAR-RV
2017-08-31,0.0032760632831304206,SPY,HAR-RV
2017-09-01,0.0031200791689722836,SPY,HAR-RV
2017-09-05,0.003130534989536855,SPY,HAR-RV
2017-09-06,0.0033233579623741746,SPY,HAR-RV
2017-09-07,0.0032569831047970983,SPY,HAR-RV
2017-09-08,0.003477941152452711,SPY,HAR-RV
2017-09-11,0.0034106875536211185,SPY,HAR-RV
2017-09-12,0.0030250570849489674,SPY,HAR-RV
2017-09-13,0.0026417266562697127,SPY,HAR-RV
2017-09-14,0.003125498975568118,SPY,HAR-RV
2017-09-15,0.0031747841595084667,SPY,HAR-RV
2017-09-18,0.003441655052336643,SPY,HAR-RV
2017-09-19,0.003332451711905065,SPY,HAR-RV
2017-09-20,0.002886352819997828,SPY,HAR-RV
2017-09-21,0.0032707300585409667,SPY,HAR-RV
2017-09-22,0.003323653020154976,SPY,HAR-RV
2017-09-25,0.003235509611811391,SPY,HAR-RV
2017-09-26,0.0035838439545535757,SPY,HAR-RV
2017-09-27,0.003488671839662622,SPY,HAR-RV
2017-09-28,0.0035907653321850534,SPY,HAR-RV
2017-09-29,0.0035365605912834105,SPY,HAR-RV
2017-10-02,0.003553280088171072,SPY,HAR-RV
2017-10-03,0.0035488934923874186,SPY,HAR-RV
2017-10-04,0.0036052591806250444,SPY,HAR-RV
2017-10-05,0.003864065015930426,SPY,HAR-RV
2017-10-06,0.0038093578569541285,SPY,HAR-RV
2017-10-09,0.0037841197708588774,SPY,HAR-RV
2017-10-10,0.00385215787820209,SPY,HAR-RV
2017-10-11,0.00370706970935563,SPY,HAR-RV
2017-10-12,0.0036200547826297095,SPY,HAR-RV
2017-10-13,0.0038183818002309787,SPY,HAR-RV
2017-10-16,0.0035800197998288492,SPY,HAR-RV
2017-10-17,0.0035598029832284877,SPY,HAR-RV
2017-10-18,0.0034349046271127644,SPY,HAR-RV
2017-10-19,0.00333855022848881,SPY,HAR-RV
2017-10-20,0.0032335228755374476,SPY,HAR-RV
2017-10-23,0.0033144279572042573,SPY,HAR-RV
2017-10-24,0.0033007656187412555,SPY,HAR-RV
2017-10-25,0.0033537559517909554,SPY,HAR-RV
2017-10-26,0.003461167627327051,SPY,HAR-RV
2017-10-27,0.0035041057983545743,SPY,HAR-RV
2017-10-30,0.0037045747401806854,SPY,HAR-RV
2017-10-31,0.003560777562613711,SPY,HAR-RV
2017-11-01,0.0036174174838380637,SPY,HAR-RV
2017-11-02,0.00365213231367884,SPY,HAR-RV
2017-11-03,0.0035254369187066436,SPY,HAR-RV
2017-11-06,0.003542779199631507,SPY,HAR-RV
2017-11-07,0.0032465854262407126,SPY,HAR-RV
2017-11-08,0.003249886495783289,SPY,HAR-RV
2017-11-09,0.0032269972311708044,SPY,HAR-RV
2017-11-10,0.003214493958310749,SPY,HAR-RV
2017-11-13,0.003310947431292905,SPY,HAR-RV
2017-11-14,0.0032244272907444686,SPY,HAR-RV
2017-11-15,0.0032028965303237842,SPY,HAR-RV
2017-11-16,0.003249690295673884,SPY,HAR-RV
2017-11-17,0.0033420981851581206,SPY,HAR-RV
2017-11-20,0.0033172152330859786,SPY,HAR-RV
2017-11-21,0.0033939835374739947,SPY,HAR-RV
2017-11-22,0.0034289042846469024,SPY,HAR-RV
2017-11-24,0.003499527007722211,SPY,HAR-RV
2017-11-27,0.003448745495622076,SPY,HAR-RV
2017-11-28,0.003125542520778742,SPY,HAR-RV
2017-11-29,0.0032134609993829406,SPY,HAR-RV
2017-11-30,0.0031611488763446044,SPY,HAR-RV
2017-12-01,0.0033396617426150205,SPY,HAR-RV
2017-12-04,0.0032747122974155973,SPY,HAR-RV
2017-12-05,0.003458510837178272,SPY,HAR-RV
2017-12-06,0.003517220397039648,SPY,HAR-RV
2017-12-07,0.0029927787836089197,SPY,HAR-RV
2017-12-08,0.0032057215043499346,SPY,HAR-RV
2017-12-11,0.0028032696752457093,SPY,HAR-RV
2017-12-12,0.0027261397198973785,SPY,HAR-RV
2017-12-13,0.0028288092256485136,SPY,HAR-RV
2017-12-14,0.002820742427372125,SPY,HAR-RV
2017-12-15,0.0028825685551101504,SPY,HAR-RV
2017-12-18,0.002737297485171629,SPY,HAR-RV
2017-12-19,0.002638069978997525,SPY,HAR-RV
2017-12-20,0.0027852579832200993,SPY,HAR-RV
2017-12-21,0.0030169820266427744,SPY,HAR-RV
2017-12-22,0.0031275057006987096,SPY,HAR-RV
2017-12-26,0.0029880912987997024,SPY,HAR-RV
2017-12-27,0.002899659392411318,SPY,HAR-RV
2017-12-28,0.0026345347953736394,SPY,HAR-RV
2017-12-29,0.0025520961069743636,SPY,HAR-RV
2018-01-02,0.002579740012728625,SPY,HAR-RV
2018-01-03,0.0029213635766185755,SPY,HAR-RV
2018-01-04,0.0029873891690563063,SPY,HAR-RV
2018-01-05,0.003279427575651454,SPY,HAR-RV
2018-01-08,0.0033592000887097823,SPY,HAR-RV
2018-01-09,0.00333975322268327,SPY,HAR-RV
2018-01-10,0.0032675969573115844,SPY,HAR-RV
2018-01-11,0.0030072456594336825,SPY,HAR-RV
2018-01-12,0.0029084775249743036,SPY,HAR-RV
2018-01-16,0.0030269754657692347,SPY,HAR-RV
2018-01-17,0.002889738036035987,SPY,HAR-RV
2018-01-18,0.0029505177448334212,SPY,HAR-RV
2018-01-19,0.002967571579073196,SPY,HAR-RV
2018-01-22,0.003037188152541518,SPY,HAR-RV
2018-01-23,0.0031463384723062126,SPY,HAR-RV
2018-01-24,0.0031620825705711134,SPY,HAR-RV
2018-01-25,0.003100155972233087,SPY,HAR-RV
2018-01-26,0.0026908008901515555,SPY,HAR-RV
2018-01-29,0.002825434557069336,SPY,HAR-RV
2018-01-30,0.002903766097226501,SPY,HAR-RV
2018-01-31,0.0029126419711800605,SPY,HAR-RV
2018-02-01,0.0029924935088745117,SPY,HAR-RV
2018-02-02,0.0030245104245335062,SPY,HAR-RV
2018-02-05,0.004123315364933179,SPY,HAR-RV
2018-02-06,0.009852235112308323,SPY,HAR-RV
2018-02-07,0.01798312217833973,SPY,HAR-RV
2018-02-08,0.011887335458949598,SPY,HAR-RV
2018-02-09,0.017942700866186982,SPY,HAR-RV
2018-02-12,0.022699594194784588,SPY,HAR-RV
2018-02-13,0.01952765761881564,SPY,HAR-RV
2018-02-14,0.013922707526502775,SPY,HAR-RV
2018-02-15,0.011499046118895805,SPY,HAR-RV
2018-02-16,0.013259076336984043,SPY,HAR-RV
2018-02-20,0.008393599793621778,SPY,HAR-RV
2018-02-21,0.00566783553764055,SPY,HAR-RV
2018-02-22,0.005135209683776455,SPY,HAR-RV
2018-02-23,0.004679069794413318,SPY,HAR-RV
2018-02-26,0.004922013295440531,SPY,HAR-RV
2018-02-27,0.007485037559642029,SPY,HAR-RV
2018-02-28,0.00888134595451175,SPY,HAR-RV
2018-03-01,0.009773286898044038,SPY,HAR-RV
2018-03-02,0.01042759627387302,SPY,HAR-RV
2018-03-05,0.011621815047176211,SPY,HAR-RV
2018-03-06,0.009734820836545734,SPY,HAR-RV
2018-03-07,0.009847545674564157,SPY,HAR-RV
2018-03-08,0.00723429926648123,SPY,HAR-RV
2018-03-09,0.005820869697852462,SPY,HAR-RV
2018-03-12,0.005892159581941496,SPY,HAR-RV
2018-03-13,0.007919411782178289,SPY,HAR-RV
2018-03-14,0.00539929717873963,SPY,HAR-RV
2018-03-15,0.00601554646203945,SPY,HAR-RV
2018-03-16,0.006194367008383772,SPY,HAR-RV
2018-03-19,0.005281603869204905,SPY,HAR-RV
2018-03-20,0.003924508754318156,SPY,HAR-RV
2018-03-21,0.006137196597171097,SPY,HAR-RV
2018-03-22,0.004526137208304588,SPY,HAR-RV
2018-03-23,0.004593219998383526,SPY,HAR-RV
2018-03-26,0.009952336992272518,SPY,HAR-RV
2018-03-27,0.011987127019522623,SPY,HAR-RV
2018-03-28,0.014490487145031119,SPY,HAR-RV
2018-03-29,0.013326951887987687,SPY,HAR-RV
2018-04-02,0.011021760978887116,SPY,HAR-RV
2018-04-03,0.012210880926763128,SPY,HAR-RV
2018-04-04,0.013793718039053033,SPY,HAR-RV
2018-04-05,0.011131713492903069,SPY,HAR-RV
2018-04-06,0.010274419353768847,SPY,HAR-RV
2018-04-09,0.010549874259696793,SPY,HAR-RV
2018-04-10,0.013430228087702625,SPY,HAR-RV
2018-04-11,0.009912912051014196,SPY,HAR-RV
2018-04-12,0.011460702732126559,SPY,HAR-RV
2018-04-13,0.009535802235309311,SPY,HAR-RV
2018-04-16,0.00979047800316405,SPY,HAR-RV
2018-04-17,0.0073903094543982,SPY,HAR-RV
2018-04-18,0.008433998985267314,SPY,HAR-RV
2018-04-19,0.008065157041365598,SPY,HAR-RV
2018-04-20,0.0063093208375505465,SPY,HAR-RV
2018-04-23,0.006711620006171322,SPY,HAR-RV
2018-04-24,0.007337455256750609,SPY,HAR-RV
2018-04-25,0.005861037447023099,SPY,HAR-RV
2018-04-26,0.0073343388238752095,SPY,HAR-RV
2018-04-27,0.006270576589787379,SPY,HAR-RV
2018-04-30,0.00726351132136314,SPY,HAR-RV
2018-05-01,0.00551959859344803,SPY,HAR-RV
2018-05-02,0.006898172359390909,SPY,HAR-RV
2018-05-03,0.005057388399029602,SPY,HAR-RV
2018-05-04,0.005836876628865302,SPY,HAR-RV
2018-05-07,0.004612735045856887,SPY,HAR-RV
2018-05-08,0.006776655992984191,SPY,HAR-RV
2018-05-09,0.005432221137023127,SPY,HAR-RV
2018-05-10,0.004849095163480302,SPY,HAR-RV
2018-05-11,0.006021155840620822,SPY,HAR-RV
2018-05-14,0.006648317622722064,SPY,HAR-RV
2018-05-15,0.005068935835270022,SPY,HAR-RV
2018-05-16,0.004514419217273145,SPY,HAR-RV
2018-05-17,0.005806911416624382,SPY,HAR-RV
2018-05-18,0.004944879883927516,SPY,HAR-RV
2018-05-21,0.0036955085241439957,SPY,HAR-RV
2018-05-22,0.003833104548796892,SPY,HAR-RV
2018-05-23,0.004992851927915555,SPY,HAR-RV
2018-05-24,0.004131784313565898,SPY,HAR-RV
2018-05-25,0.003994692532390558,SPY,HAR-RV
2018-05-29,0.003949073187839926,SPY,HAR-RV
2018-05-30,0.003983138665273146,SPY,HAR-RV
2018-05-31,0.0051903576500224305,SPY,HAR-RV
2018-06-01,0.006539985213115488,SPY,HAR-RV
2018-06-04,0.006327597450072272,SPY,HAR-RV
2018-06-05,0.007491071036403157,SPY,HAR-RV
2018-06-06,0.007188515471267379,SPY,HAR-RV
2018-06-07,0.005759445684954549,SPY,HAR-RV
2018-06-08,0.005830330821359518,SPY,HAR-RV
2018-06-11,0.004527171392193871,SPY,HAR-RV
2018-06-12,0.004038303857350931,SPY,HAR-RV
2018-06-13,0.0034852831998833924,SPY,HAR-RV
2018-06-14,0.0034779325206400332,SPY,HAR-RV
2018-06-15,0.0031286248513287904,SPY,HAR-RV
2018-06-18,0.0033338203877551686,SPY,HAR-RV
2018-06-19,0.002996182380241107,SPY,HAR-RV
2018-06-20,0.0031506282846248774,SPY,HAR-RV
2018-06-21,0.0035908004449892875,SPY,HAR-RV
2018-06-22,0.00328315931221841,SPY,HAR-RV
2018-06-25,0.00404037014075308,SPY,HAR-RV
2018-06-26,0.0037876967774726896,SPY,HAR-RV
2018-06-27,0.00595890997031991,SPY,HAR-RV
2018-06-28,0.004956796269156566,SPY,HAR-RV
2018-06-29,0.006129511600458165,SPY,HAR-RV
2018-07-02,0.0058122706381358545,SPY,HAR-RV
2018-07-03,0.0053404132976367655,SPY,HAR-RV
2018-07-05,0.004205882252068064,SPY,HAR-RV
2018-07-06,0.004428165453426762,SPY,HAR-RV
2018-07-09,0.004822930007956345,SPY,HAR-RV
2018-07-10,0.005202496425581655,SPY,HAR-RV
2018-07-11,0.005994868870062026,SPY,HAR-RV
2018-07-12,0.0056585350885098714,SPY,HAR-RV
2018-07-13,0.006433291322951573,SPY,HAR-RV
2018-07-16,0.006649806947048025,SPY,HAR-RV
2018-07-17,0.005098206239369817,SPY,HAR-RV
2018-07-18,0.004346607488002419,SPY,HAR-RV
2018-07-19,0.004654125896190122,SPY,HAR-RV
2018-07-20,0.003970894422187817,SPY,HAR-RV
2018-07-23,0.003694633547565304,SPY,HAR-RV
2018-07-24,0.003355702975222802,SPY,HAR-RV
2018-07-25,0.003545958464938606,SPY,HAR-RV
2018-07-26,0.004053882440796107,SPY,HAR-RV
2018-07-27,0.0050971058675556204,SPY,HAR-RV
2018-07-30,0.00417399123872484,SPY,HAR-RV
2018-07-31,0.005266502797177633,SPY,HAR-RV
2018-08-01,0.005365673237071371,SPY,HAR-RV
2018-08-02,0.005284388411247938,SPY,HAR-RV
2018-08-03,0.004289805200844921,SPY,HAR-RV
2018-08-06,0.005019371322095335,SPY,HAR-RV
2018-08-07,0.004655410093097177,SPY,HAR-RV
2018-08-08,0.004418550880796143,SPY,HAR-RV
2018-08-09,0.004181614421055559,SPY,HAR-RV
2018-08-10,0.0036005712160705784,SPY,HAR-RV
2018-08-13,0.0033458140722868964,SPY,HAR-RV
2018-08-14,0.004239122342836901,SPY,HAR-RV
2018-08-15,0.0038811422503006064,SPY,HAR-RV
2018-08-16,0.004548756676831634,SPY,HAR-RV
2018-08-17,0.005413242086676647,SPY,HAR-RV
2018-08-20,0.006117644028838154,SPY,HAR-RV
2018-08-21,0.005272337277668504,SPY,HAR-RV
2018-08-22,0.004923071320412779,SPY,HAR-RV
2018-08-23,0.004583126513233872,SPY,HAR-RV
2018-08-24,0.0037236547164105323,SPY,HAR-RV
2018-08-27,0.003230896962059299,SPY,HAR-RV
2018-08-28,0.004056493836292719,SPY,HAR-RV
2018-08-29,0.004816603812224324,SPY,HAR-RV
2018-08-30,0.0036678646298108197,SPY,HAR-RV
2018-08-31,0.004699238151960937,SPY,HAR-RV
2018-09-04,0.004748085293312657,SPY,HAR-RV
2018-09-05,0.0036993030054457625,SPY,HAR-RV
2018-09-06,0.0033287211865609375,SPY,HAR-RV
2018-09-07,0.003651998314771434,SPY,HAR-RV
2018-09-10,0.0034843198194167363,SPY,HAR-RV
2018-09-11,0.003142144724131272,SPY,HAR-RV
2018-09-12,0.003287423530907685,SPY,HAR-RV
2018-09-13,0.003630810082609926,SPY,HAR-RV
2018-09-14,0.003010366086469923,SPY,HAR-RV
2018-09-17,0.0039811384475805876,SPY,HAR-RV
2018-09-18,0.003101027654961814,SPY,HAR-RV
2018-09-19,0.004066471549297812,SPY,HAR-RV
2018-09-20,0.004243829731438786,SPY,HAR-RV
2018-09-21,0.003782861061541769,SPY,HAR-RV
2018-09-24,0.004813900146534958,SPY,HAR-RV
2018-09-25,0.004038496448019583,SPY,HAR-RV
2018-09-26,0.004123990779111166,SPY,HAR-RV
2018-09-27,0.003448462624189805,SPY,HAR-RV
2018-09-28,0.00380239823746078,SPY,HAR-RV
2018-10-01,0.003250664501761897,SPY,HAR-RV
2018-10-02,0.002872107164321874,SPY,HAR-RV
2018-10-03,0.003277525424649192,SPY,HAR-RV
2018-10-04,0.0028827676599665337,SPY,HAR-RV
2018-10-05,0.0027105001207731365,SPY,HAR-RV
2018-10-08,0.004111466284696923,SPY,HAR-RV
2018-10-09,0.004339396684300986,SPY,HAR-RV
2018-10-10,0.003331456647929633,SPY,HAR-RV
2018-10-11,0.0038348743779276287,SPY,HAR-RV
2018-10-12,0.011619275917656123,SPY,HAR-RV
2018-10-15,0.011449480577667304,SPY,HAR-RV
2018-10-16,0.010627259876218443,SPY,HAR-RV
2018-10-17,0.010499745749782642,SPY,HAR-RV
2018-10-18,0.013777672545576766,SPY,HAR-RV
2018-10-19,0.008427398123147523,SPY,HAR-RV
2018-10-22,0.00940779228603614,SPY,HAR-RV
2018-10-23,0.006532409940535837,SPY,HAR-RV
2018-10-24,0.006896218974639853,SPY,HAR-RV
2018-10-25,0.005704929276387058,SPY,HAR-RV
2018-10-26,0.01204423089505366,SPY,HAR-RV
2018-10-29,0.01067765150699869,SPY,HAR-RV
2018-10-30,0.01199239755190253,SPY,HAR-RV
2018-10-31,0.01036029827820239,SPY,HAR-RV
2018-11-01,0.012527343221923415,SPY,HAR-RV
2018-11-02,0.010344651365577617,SPY,HAR-RV
2018-11-05,0.00974205176751459,SPY,HAR-RV
2018-11-06,0.008045554518189425,SPY,HAR-RV
2018-11-07,0.007928004314930185,SPY,HAR-RV
2018-11-08,0.007704315933753166,SPY,HAR-RV
2018-11-09,0.010468550783873189,SPY,HAR-RV
2018-11-12,0.007219325395715339,SPY,HAR-RV
2018-11-13,0.008680425398241837,SPY,HAR-RV
2018-11-14,0.010704147145880813,SPY,HAR-RV
2018-11-15,0.008166258254256436,SPY,HAR-RV
2018-11-16,0.0076769028220788835,SPY,HAR-RV
2018-11-19,0.008670702700743077,SPY,HAR-RV
2018-11-20,0.007305952221891841,SPY,HAR-RV
2018-11-21,0.0090912606756031,SPY,HAR-RV
2018-11-23,0.010514133784194461,SPY,HAR-RV
2018-11-26,0.008412350335944938,SPY,HAR-RV
2018-11-27,0.008632280101858913,SPY,HAR-RV
2018-11-28,0.010542985027619765,SPY,HAR-RV
2018-11-29,0.00821764832974465,SPY,HAR-RV
2018-11-30,0.010161665322903012,SPY,HAR-RV
2018-12-03,0.008368319481810799,SPY,HAR-RV
2018-12-04,0.008625645642946572,SPY,HAR-RV
2018-12-06,0.009216463034330966,SPY,HAR-RV
2018-12-07,0.01291460888162616,SPY,HAR-RV
2018-12-10,0.009441319372032608,SPY,HAR-RV
2018-12-11,0.012123580753885005,SPY,HAR-RV
2018-12-12,0.010643427107483037,SPY,HAR-RV
2018-12-13,0.009221152204162576,SPY,HAR-RV
2018-12-14,0.007139921530432075,SPY,HAR-RV
2018-12-17,0.006917714360149204,SPY,HAR-RV
2018-12-18,0.00797084958098656,SPY,HAR-RV
2018-12-19,0.009261145927944026,SPY,HAR-RV
2018-12-20,0.008255241936142374,SPY,HAR-RV
2018-12-21,0.009922283176520403,SPY,HAR-RV
2018-12-24,0.011492671803070119,SPY,HAR-RV
2018-12-26,0.012237334352115088,SPY,HAR-RV
2018-12-27,0.01458499157202573,SPY,HAR-RV
2018-12-28,0.019914996526532856,SPY,HAR-RV
2018-12-31,0.014539980829065201,SPY,HAR-RV
2019-01-02,0.012328346511107587,SPY,HAR-RV
2019-01-03,0.012220795443326271,SPY,HAR-RV
2019-01-04,0.009963926649441015,SPY,HAR-RV
2019-01-07,0.012411197953947547,SPY,HAR-RV
2019-01-08,0.014150999572235668,SPY,HAR-RV
2019-01-09,0.012343407921051461,SPY,HAR-RV
2019-01-10,0.011413865231778933,SPY,HAR-RV
2019-01-11,0.010730093894577443,SPY,HAR-RV
2019-01-14,0.009541378578713254,SPY,HAR-RV
2019-01-15,0.008480541709252082,SPY,HAR-RV
2019-01-16,0.009506057081066546,SPY,HAR-RV
2019-01-17,0.01012995617532305,SPY,HAR-RV
2019-01-18,0.008867548631870576,SPY,HAR-RV
2019-01-22,0.009615472833426123,SPY,HAR-RV
2019-01-23,0.010655945907361804,SPY,HAR-RV
2019-01-24,0.011019012490167136,SPY,HAR-RV
2019-01-25,0.008603293011892348,SPY,HAR-RV
2019-01-28,0.008021035997305484,SPY,HAR-RV
2019-01-29,0.008916986870899219,SPY,HAR-RV
2019-01-30,0.008234813118292123,SPY,HAR-RV
2019-01-31,0.006229615370901541,SPY,HAR-RV
2019-02-01,0.008787864090469463,SPY,HAR-RV
2019-02-04,0.00807188393945742,SPY,HAR-RV
2019-02-05,0.006593707834336637,SPY,HAR-RV
2019-02-06,0.007695220935697241,SPY,HAR-RV
2019-02-07,0.006964707902398715,SPY,HAR-RV
2019-02-08,0.005579005440413855,SPY,HAR-RV
2019-02-11,0.006807334593569348,SPY,HAR-RV
2019-02-12,0.005431736005094702,SPY,HAR-RV
2019-02-13,0.005185545500751963,SPY,HAR-RV
2019-02-14,0.007269638299761228,SPY,HAR-RV
2019-02-15,0.006064730362980225,SPY,HAR-RV
2019-02-19,0.005654016380784471,SPY,HAR-RV
2019-02-20,0.00706484710229896,SPY,HAR-RV
2019-02-21,0.005804018547432911,SPY,HAR-RV
2019-02-22,0.005342042988767857,SPY,HAR-RV
2019-02-25,0.0053654342771192074,SPY,HAR-RV
2019-02-26,0.005553876437139519,SPY,HAR-RV
2019-02-27,0.004790851418623345,SPY,HAR-RV
2019-02-28,0.004621142008746879,SPY,HAR-RV
2019-03-01,0.0043673345886389246,SPY,HAR-RV
2019-03-04,0.004428409896598123,SPY,HAR-RV
2019-03-05,0.004997611534500938,SPY,HAR-RV
2019-03-06,0.0044741503248799715,SPY,HAR-RV
2019-03-07,0.004099287998112235,SPY,HAR-RV
2019-03-08,0.004858441622730707,SPY,HAR-RV
2019-03-11,0.005235502693753521,SPY,HAR-RV
2019-03-12,0.004443091591481818,SPY,HAR-RV
2019-03-13,0.006349351380073673,SPY,HAR-RV
2019-03-14,0.0049781592958001285,SPY,HAR-RV
2019-03-15,0.0054072794773301425,SPY,HAR-RV
2019-03-18,0.004607464103561359,SPY,HAR-RV
2019-03-19,0.004966109987319431,SPY,HAR-RV
2019-03-20,0.004646011292822386,SPY,HAR-RV
2019-03-21,0.00415170261648184,SPY,HAR-RV
2019-03-22,0.004327031567341562,SPY,HAR-RV
2019-03-25,0.005806949767286486,SPY,HAR-RV
2019-03-26,0.007273344981849372,SPY,HAR-RV
2019-03-27,0.004738746477397486,SPY,HAR-RV
2019-03-28,0.005667204440607268,SPY,HAR-RV
2019-03-29,0.00542479192805482,SPY,HAR-RV
2019-04-01,0.005336852437521278,SPY,HAR-RV
2019-04-02,0.005940456809010384,SPY,HAR-RV
2019-04-03,0.006882088429784176,SPY,HAR-RV
2019-04-04,0.00519759784322321,SPY,HAR-RV
2019-04-05,0.0052577827189100555,SPY,HAR-RV
2019-04-08,0.0054617633541516036,SPY,HAR-RV
2019-04-09,0.005759880745500596,SPY,HAR-RV
2019-04-10,0.00499288300922347,SPY,HAR-RV
2019-04-11,0.005662827579881062,SPY,HAR-RV
2019-04-12,0.00507912483814791,SPY,HAR-RV
2019-04-15,0.004584371110060838,SPY,HAR-RV
2019-04-16,0.005467450466633096,SPY,HAR-RV
2019-04-17,0.004572136466663172,SPY,HAR-RV
2019-04-18,0.004477950833817541,SPY,HAR-RV
2019-04-22,0.004702995416001146,SPY,HAR-RV
2019-04-23,0.004626837632460906,SPY,HAR-RV
2019-04-24,0.004484030228624643,SPY,HAR-RV
2019-04-25,0.005551121975603548,SPY,HAR-RV
2019-04-26,0.004102805581099607,SPY,HAR-RV
2019-04-29,0.0038980954361870985,SPY,HAR-RV
2019-04-30,0.0043194065899585035,SPY,HAR-RV
2019-05-01,0.0037091075926884882,SPY,HAR-RV
2019-05-02,0.0035225056739039574,SPY,HAR-RV
2019-05-03,0.004463589144795852,SPY,HAR-RV
2019-05-06,0.003525645074819799,SPY,HAR-RV
2019-05-07,0.004819632490478306,SPY,HAR-RV
2019-05-08,0.004245869558319724,SPY,HAR-RV
2019-05-09,0.006293499377123632,SPY,HAR-RV
2019-05-10,0.004181744713168883,SPY,HAR-RV
2019-05-13,0.004477123606035155,SPY,HAR-RV
2019-05-14,0.00493527963094368,SPY,HAR-RV
2019-05-15,0.008202333440851126,SPY,HAR-RV
2019-05-16,0.006293313459388264,SPY,HAR-RV
2019-05-17,0.00594294976288702,SPY,HAR-RV
2019-05-20,0.006606886901569348,SPY,HAR-RV
2019-05-21,0.006420336746462668,SPY,HAR-RV
2019-05-22,0.006480198123213052,SPY,HAR-RV
2019-05-23,0.00692185350437389,SPY,HAR-RV
2019-05-24,0.006276403685671399,SPY,HAR-RV
2019-05-28,0.0074420424036032405,SPY,HAR-RV
2019-05-29,0.006220795023706705,SPY,HAR-RV
2019-05-30,0.007316699128922555,SPY,HAR-RV
2019-05-31,0.007011768218290257,SPY,HAR-RV
2019-06-03,0.0065982726101945725,SPY,HAR-RV
2019-06-04,0.008178705980937218,SPY,HAR-RV
2019-06-05,0.006903140533382736,SPY,HAR-RV
2019-06-06,0.009486308901515044,SPY,HAR-RV
2019-06-07,0.008095760549839948,SPY,HAR-RV
2019-06-10,0.007978584919048407,SPY,HAR-RV
2019-06-11,0.008112267856018813,SPY,HAR-RV
2019-06-12,0.007562418761115301,SPY,HAR-RV
2019-06-13,0.006824812613787362,SPY,HAR-RV
2019-06-14,0.006833059307412425,SPY,HAR-RV
2019-06-17,0.006524047372665806,SPY,HAR-RV
2019-06-18,0.005837462126881791,SPY,HAR-RV
2019-06-19,0.005674360152556436,SPY,HAR-RV
2019-06-20,0.006862595164010594,SPY,HAR-RV
2019-06-21,0.005957701645159141,SPY,HAR-RV
2019-06-24,0.006829253482281898,SPY,HAR-RV
2019-06-25,0.005791797564879943,SPY,HAR-RV
2019-06-26,0.005746092380485039,SPY,HAR-RV
2019-06-27,0.006551440535315874,SPY,HAR-RV
2019-06-28,0.005583149633449677,SPY,HAR-RV
2019-07-01,0.0056301473842803144,SPY,HAR-RV
2019-07-02,0.005825097437267086,SPY,HAR-RV
2019-07-03,0.006465244945718587,SPY,HAR-RV
2019-07-05,0.005478431344235969,SPY,HAR-RV
2019-07-08,0.006211893171848596,SPY,HAR-RV
2019-07-09,0.0050434813634250685,SPY,HAR-RV
2019-07-10,0.005393087653266906,SPY,HAR-RV
2019-07-11,0.004782874428801478,SPY,HAR-RV
2019-07-12,0.005039720422124492,SPY,HAR-RV
2019-07-15,0.004659724452922306,SPY,HAR-RV
2019-07-16,0.004983687240870389,SPY,HAR-RV
2019-07-17,0.004451820365242703,SPY,HAR-RV
2019-07-18,0.004738432451770556,SPY,HAR-RV
2019-07-19,0.005216365925028462,SPY,HAR-RV
2019-07-22,0.005023341404757475,SPY,HAR-RV
2019-07-23,0.005107292022270591,SPY,HAR-RV
2019-07-24,0.004884275991657458,SPY,HAR-RV
2019-07-25,0.005347598557480269,SPY,HAR-RV
2019-07-26,0.005185790487266061,SPY,HAR-RV
2019-07-29,0.005294139125637441,SPY,HAR-RV
2019-07-30,0.005362557454187801,SPY,HAR-RV
2019-07-31,0.00494301842771404,SPY,HAR-RV
2019-08-01,0.004945021552091108,SPY,HAR-RV
2019-08-02,0.005993424480503344,SPY,HAR-RV
2019-08-05,0.005885597256505264,SPY,HAR-RV
2019-08-06,0.006094512653463998,SPY,HAR-RV
2019-08-07,0.009548529558170484,SPY,HAR-RV
2019-08-08,0.008027376675938155,SPY,HAR-RV
2019-08-09,0.006860955162125535,SPY,HAR-RV
2019-08-12,0.009036477721421488,SPY,HAR-RV
2019-08-13,0.008104078197069733,SPY,HAR-RV
2019-08-14,0.008360660995923197,SPY,HAR-RV
2019-08-15,0.009087860469299892,SPY,HAR-RV
2019-08-16,0.011403522297980612,SPY,HAR-RV
2019-08-19,0.008836744839093694,SPY,HAR-RV
2019-08-20,0.010158144593705688,SPY,HAR-RV
2019-08-21,0.01004288578508252,SPY,HAR-RV
2019-08-22,0.009507931065747686,SPY,HAR-RV
2019-08-23,0.00895947897397827,SPY,HAR-RV
2019-08-26,0.008430624011076096,SPY,HAR-RV
2019-08-27,0.01085142229212316,SPY,HAR-RV
2019-08-28,0.00984984510423641,SPY,HAR-RV
2019-08-29,0.009187372805964829,SPY,HAR-RV
2019-08-30,0.00948150153717835,SPY,HAR-RV
2019-09-03,0.010227898918237591,SPY,HAR-RV
2019-09-04,0.008476518102171548,SPY,HAR-RV
2019-09-05,0.00870664418932142,SPY,HAR-RV
2019-09-06,0.009395103891009346,SPY,HAR-RV
2019-09-09,0.00925092669219439,SPY,HAR-RV
2019-09-10,0.007820442309120731,SPY,HAR-RV
2019-09-11,0.0076877312399266625,SPY,HAR-RV
2019-09-12,0.007189777814235381,SPY,HAR-RV
2019-09-13,0.007533346079878092,SPY,HAR-RV
2019-09-16,0.006860786896555787,SPY,HAR-RV
2019-09-17,0.006415553256223879,SPY,HAR-RV
2019-09-18,0.006279555774615323,SPY,HAR-RV
2019-09-19,0.006121776721407525,SPY,HAR-RV
2019-09-20,0.00551420842576467,SPY,HAR-RV
2019-09-23,0.0051355026641893,SPY,HAR-RV
2019-09-24,0.005489189506363684,SPY,HAR-RV
2019-09-25,0.005009774136236198,SPY,HAR-RV
2019-09-26,0.005640846786192921,SPY,HAR-RV
2019-09-27,0.005342912757374469,SPY,HAR-RV
2019-09-30,0.0051262106872179795,SPY,HAR-RV
2019-10-01,0.005298564720389051,SPY,HAR-RV
2019-10-02,0.0054657578158503126,SPY,HAR-RV
2019-10-03,0.00610969900022578,SPY,HAR-RV
2019-10-04,0.007165970355340395,SPY,HAR-RV
2019-10-07,0.0070579487268848246,SPY,HAR-RV
2019-10-08,0.0076215859276692055,SPY,HAR-RV
2019-10-09,0.007306989430935583,SPY,HAR-RV
2019-10-10,0.008262515498925711,SPY,HAR-RV
2019-10-11,0.0076252063112241175,SPY,HAR-RV
2019-10-14,0.00752755520469813,SPY,HAR-RV
2019-10-15,0.007542134096319206,SPY,HAR-RV
2019-10-16,0.006895699202031387,SPY,HAR-RV
2019-10-17,0.007172878508222473,SPY,HAR-RV
2019-10-18,0.00628838464361136,SPY,HAR-RV
2019-10-21,0.0061820927275332525,SPY,HAR-RV
2019-10-22,0.0059630700356366724,SPY,HAR-RV
2019-10-23,0.0063702729740847406,SPY,HAR-RV
2019-10-24,0.005811188227247994,SPY,HAR-RV
2019-10-25,0.005865532689322242,SPY,HAR-RV
2019-10-28,0.005602341923830457,SPY,HAR-RV
2019-10-29,0.005714826521189739,SPY,HAR-RV
2019-10-30,0.00569326228649534,SPY,HAR-RV
2019-10-31,0.005072140854923361,SPY,HAR-RV
2019-11-01,0.0052750002077100126,SPY,HAR-RV
2019-11-04,0.005241749211512506,SPY,HAR-RV
2019-11-05,0.005852828319396203,SPY,HAR-RV
2019-11-06,0.005321055914963589,SPY,HAR-RV
2019-11-07,0.004900757069851533,SPY,HAR-RV
2019-11-08,0.00454224984403938,SPY,HAR-RV
2019-11-11,0.004883121073712009,SPY,HAR-RV
2019-11-12,0.0042760204571192315,SPY,HAR-RV
2019-11-13,0.004038042505778459,SPY,HAR-RV
2019-11-14,0.003995799708421022,SPY,HAR-RV
2019-11-15,0.0037901328668361184,SPY,HAR-RV
2019-11-18,0.003721276005883089,SPY,HAR-RV
2019-11-19,0.00469714469024491,SPY,HAR-RV
2019-11-20,0.0038583988014818005,SPY,HAR-RV
2019-11-21,0.0037390541322515833,SPY,HAR-RV
2019-11-22,0.004357305751847425,SPY,HAR-RV
2019-11-25,0.0045174510877667926,SPY,HAR-RV
2019-11-26,0.004167769711135941,SPY,HAR-RV
2019-11-27,0.004580257884049831,SPY,HAR-RV
2019-11-29,0.00463010194072003,SPY,HAR-RV
2019-12-02,0.004576149780791219,SPY,HAR-RV
2019-12-03,0.004923459558813426,SPY,HAR-RV
2019-12-04,0.005605989426081955,SPY,HAR-RV
2019-12-05,0.00560847809441316,SPY,HAR-RV
2019-12-06,0.006054312391224327,SPY,HAR-RV
2019-12-09,0.006138094921180685,SPY,HAR-RV
2019-12-10,0.0060268049366979,SPY,HAR-RV
2019-12-11,0.005901188193835185,SPY,HAR-RV
2019-12-12,0.005387337340232656,SPY,HAR-RV
2019-12-13,0.004839194807672494,SPY,HAR-RV
2019-12-16,0.004982950716833801,SPY,HAR-RV
2019-12-17,0.004846935430827881,SPY,HAR-RV
2019-12-18,0.0045376724617646625,SPY,HAR-RV
2019-12-19,0.005328798832172484,SPY,HAR-RV
2019-12-20,0.00495408406951554,SPY,HAR-RV
2019-12-23,0.003697357931289057,SPY,HAR-RV
2019-12-24,0.00416474993628368,SPY,HAR-RV
2019-12-26,0.003764031253747699,SPY,HAR-RV
2019-12-27,0.00396726588997707,SPY,HAR-RV
2019-12-30,0.003928101146899097,SPY,HAR-RV
2019-12-31,0.004134088368329772,SPY,HAR-RV
2020-01-02,0.0034902834109539938,SPY,HAR-RV
2020-01-03,0.004143872514565468,SPY,HAR-RV
2020-01-06,0.004549026437008854,SPY,HAR-RV
2020-01-07,0.005131947152385084,SPY,HAR-RV
2020-01-08,0.006204199598928282,SPY,HAR-RV
2020-01-09,0.0059454712853397335,SPY,HAR-RV
2020-01-10,0.006033171116870531,SPY,HAR-RV
2020-01-13,0.005430615378435548,SPY,HAR-RV
2020-01-14,0.005256520923358872,SPY,HAR-RV
2020-01-15,0.005113891416044814,SPY,HAR-RV
2020-01-16,0.005605595069417746,SPY,HAR-RV
2020-01-17,0.005124345875965183,SPY,HAR-RV
2020-01-21,0.004490938713796126,SPY,HAR-RV
2020-01-22,0.005241241846144365,SPY,HAR-RV
2020-01-23,0.0045964397271229624,SPY,HAR-RV
2020-01-24,0.0046075784583281985,SPY,HAR-RV
2020-01-27,0.004393387511853894,SPY,HAR-RV
2020-01-28,0.0036462866506498876,SPY,HAR-RV
2020-01-29,0.004767866084001585,SPY,HAR-RV
2020-01-30,0.006399429805052544,SPY,HAR-RV
2020-01-31,0.0074434904822362835,SPY,HAR-RV
2020-02-03,0.0076510967306845,SPY,HAR-RV
2020-02-04,0.00724483754280728,SPY,HAR-RV
2020-02-05,0.007191969362895196,SPY,HAR-RV
2020-02-06,0.00707486562679182,SPY,HAR-RV
2020-02-07,0.00885379399172606,SPY,HAR-RV
2020-02-10,0.009499108438251242,SPY,HAR-RV
2020-02-11,0.007527990015281944,SPY,HAR-RV
2020-02-12,0.007329856657562231,SPY,HAR-RV
2020-02-13,0.006025807783347489,SPY,HAR-RV
2020-02-14,0.00486302057786868,SPY,HAR-RV
2020-02-18,0.005062694780326288,SPY,HAR-RV
2020-02-19,0.004484551588010555,SPY,HAR-RV
2020-02-20,0.003676216492232742,SPY,HAR-RV
2020-02-21,0.00384320401322547,SPY,HAR-RV
2020-02-24,0.00367290265935297,SPY,HAR-RV
2020-02-25,0.00480708881053895,SPY,HAR-RV
2020-02-26,0.010607157973678135,SPY,HAR-RV
2020-02-27,0.012548803172426345,SPY,HAR-RV
2020-02-28,0.01462442787108684,SPY,HAR-RV
2020-03-02,0.01584628428076818,SPY,HAR-RV
2020-03-03,0.02397796948455497,SPY,HAR-RV
2020-03-04,0.01939053485542839,SPY,HAR-RV
2020-03-05,0.023160012038717644,SPY,HAR-RV
2020-03-06,0.03011816543442588,SPY,HAR-RV
2020-03-09,0.02703708445863924,SPY,HAR-RV
2020-03-10,0.041405538773477156,SPY,HAR-RV
2020-03-11,0.03757189258548197,SPY,HAR-RV
2020-03-12,0.050765233951926066,SPY,HAR-RV
2020-03-13,0.061369775427161634,SPY,HAR-RV
2020-03-16,0.07318051136219975,SPY,HAR-RV
2020-03-17,0.10350757765280767,SPY,HAR-RV
2020-03-18,0.09297204465991343,SPY,HAR-RV
2020-03-19,0.09123493922182394,SPY,HAR-RV
2020-03-20,0.0655988346569624,SPY,HAR-RV
2020-03-23,0.03999036799388769,SPY,HAR-RV
2020-03-24,0.03459595558726557,SPY,HAR-RV
2020-03-25,0.039202780892150776,SPY,HAR-RV
2020-03-26,0.03986057998774969,SPY,HAR-RV
2020-03-27,0.034247763919856705,SPY,HAR-RV
2020-03-30,0.04313884930757805,SPY,HAR-RV
2020-03-31,0.038090808123300866,SPY,HAR-RV
2020-04-01,0.036044049120259526,SPY,HAR-RV
2020-04-02,0.02652416658974456,SPY,HAR-RV
2020-04-03,0.03213983435770495,SPY,HAR-RV
2020-04-06,0.02381231030933518,SPY,HAR-RV
2020-04-07,0.025936548335302068,SPY,HAR-RV
2020-04-08,0.028583166433416192,SPY,HAR-RV
2020-04-09,0.027234366046563114,SPY,HAR-RV
2020-04-13,0.02384538242268967,SPY,HAR-RV
2020-04-14,0.021849667423091336,SPY,HAR-RV
2020-04-15,0.02157931150859185,SPY,HAR-RV
2020-04-16,0.01536394677809582,SPY,HAR-RV
2020-04-17,0.018695127770275592,SPY,HAR-RV
2020-04-20,0.014555978507340733,SPY,HAR-RV
2020-04-21,0.016337674682101556,SPY,HAR-RV
2020-04-22,0.018397086560361965,SPY,HAR-RV
2020-04-23,0.01850590384353505,SPY,HAR-RV
2020-04-24,0.018463963961456303,SPY,HAR-RV
2020-04-27,0.017926921538530757,SPY,HAR-RV
2020-04-28,0.015600959151348615,SPY,HAR-RV
2020-04-29,0.014857360360998268,SPY,HAR-RV
2020-04-30,0.0105706560051653,SPY,HAR-RV
2020-05-01,0.010956988376261622,SPY,HAR-RV
2020-05-04,0.013025292572469687,SPY,HAR-RV
2020-05-05,0.014917486079817497,SPY,HAR-RV
2020-05-06,0.013388308838922605,SPY,HAR-RV
2020-05-07,0.014089332356992933,SPY,HAR-RV
2020-05-08,0.010720312151112299,SPY,HAR-RV
2020-05-11,0.011324688863117868,SPY,HAR-RV
2020-05-12,0.009210565102207606,SPY,HAR-RV
2020-05-13,0.009359716544205388,SPY,HAR-RV
2020-05-14,0.010864495120236631,SPY,HAR-RV
2020-05-15,0.012928663146826785,SPY,HAR-RV
2020-05-18,0.013045043601287224,SPY,HAR-RV
2020-05-19,0.011243818249496551,SPY,HAR-RV
2020-05-20,0.015800416081519386,SPY,HAR-RV
2020-05-21,0.014713135536001629,SPY,HAR-RV
2020-05-22,0.01430138228802134,SPY,HAR-RV
2020-05-26,0.013695052908234017,SPY,HAR-RV
2020-05-27,0.013404332691721157,SPY,HAR-RV
2020-05-28,0.009868167264191957,SPY,HAR-RV
2020-05-29,0.010556587934304175,SPY,HAR-RV
2020-06-01,0.008185372359186134,SPY,HAR-RV
2020-06-02,0.007651601627819299,SPY,HAR-RV
2020-06-03,0.008106469762097925,SPY,HAR-RV
2020-06-04,0.007320347334684436,SPY,HAR-RV
2020-06-05,0.006912814397427651,SPY,HAR-RV
2020-06-08,0.007489071933561046,SPY,HAR-RV
2020-06-09,0.010571768386292025,SPY,HAR-RV
2020-06-10,0.012415067835250475,SPY,HAR-RV
2020-06-11,0.012390461386219567,SPY,HAR-RV
2020-06-12,0.011377061135714024,SPY,HAR-RV
2020-06-15,0.01904009009941457,SPY,HAR-RV
2020-06-16,0.018920466224036498,SPY,HAR-RV
2020-06-17,0.0185756072187759,SPY,HAR-RV
2020-06-18,0.02009373987460381,SPY,HAR-RV
2020-06-19,0.0201259421858921,SPY,HAR-RV
2020-06-22,0.009755952012531896,SPY,HAR-RV
2020-06-23,0.008501856486397869,SPY,HAR-RV
2020-06-24,0.007977059185881355,SPY,HAR-RV
2020-06-25,0.005598706057183673,SPY,HAR-RV
2020-06-26,0.008818054430457425,SPY,HAR-RV
2020-06-29,0.011126727296876944,SPY,HAR-RV
2020-06-30,0.01394126109058722,SPY,HAR-RV
2020-07-01,0.015596892428487283,SPY,HAR-RV
2020-07-02,0.016998083826617057,SPY,HAR-RV
2020-07-06,0.013695599222811349,SPY,HAR-RV
2020-07-07,0.012851207469690235,SPY,HAR-RV
2020-07-08,0.011107101200546312,SPY,HAR-RV
2020-07-09,0.010450323958555328,SPY,HAR-RV
2020-07-10,0.009650345474171065,SPY,HAR-RV
2020-07-13,0.009493877082918566,SPY,HAR-RV
2020-07-14,0.010181616873645848,SPY,HAR-RV
2020-07-15,0.00899384713925841,SPY,HAR-RV
2020-07-16,0.009476483887353676,SPY,HAR-RV
2020-07-17,0.009787393654585513,SPY,HAR-RV
2020-07-20,0.009460101359667038,SPY,HAR-RV
2020-07-21,0.008256634151520661,SPY,HAR-RV
2020-07-22,0.008030336917970062,SPY,HAR-RV
2020-07-23,0.006292676915220201,SPY,HAR-RV
2020-07-24,0.005573594946158343,SPY,HAR-RV
2020-07-27,0.006989533533450019,SPY,HAR-RV
2020-07-28,0.007720183010827386,SPY,HAR-RV
2020-07-29,0.0076165639663105175,SPY,HAR-RV
2020-07-30,0.00838760824142093,SPY,HAR-RV
2020-07-31,0.009489659720813209,SPY,HAR-RV
2020-08-03,0.008180641213280038,SPY,HAR-RV
2020-08-04,0.008339799247998401,SPY,HAR-RV
2020-08-05,0.008252422700254461,SPY,HAR-RV
2020-08-06,0.007891998260184758,SPY,HAR-RV
2020-08-07,0.006850151866367267,SPY,HAR-RV
2020-08-10,0.007390793542384139,SPY,HAR-RV
2020-08-11,0.006231889607154215,SPY,HAR-RV
2020-08-12,0.0055329690924666,SPY,HAR-RV
2020-08-13,0.006286091493644966,SPY,HAR-RV
2020-08-14,0.007484823927622106,SPY,HAR-RV
2020-08-17,0.00684155283621823,SPY,HAR-RV
2020-08-18,0.006767139154883637,SPY,HAR-RV
2020-08-19,0.006744314550433584,SPY,HAR-RV
2020-08-20,0.005675243143874818,SPY,HAR-RV
2020-08-21,0.003984478169942445,SPY,HAR-RV
2020-08-24,0.004191337403605005,SPY,HAR-RV
2020-08-25,0.0048226991003461825,SPY,HAR-RV
2020-08-26,0.005932373895778661,SPY,HAR-RV
2020-08-27,0.006297718714440315,SPY,HAR-RV
2020-08-28,0.007176001838516351,SPY,HAR-RV
2020-08-31,0.007112376343815121,SPY,HAR-RV
2020-09-01,0.007467710489186426,SPY,HAR-RV
2020-09-02,0.0064157333180605595,SPY,HAR-RV
2020-09-03,0.007359313811067088,SPY,HAR-RV
2020-09-04,0.008281435473521127,SPY,HAR-RV
2020-09-08,0.013576787913143751,SPY,HAR-RV
2020-09-09,0.01437892707885505,SPY,HAR-RV
2020-09-10,0.018279764078004024,SPY,HAR-RV
2020-09-11,0.020131304464590345,SPY,HAR-RV
2020-09-14,0.020468566151610707,SPY,HAR-RV
2020-09-15,0.014715692458221243,SPY,HAR-RV
2020-09-16,0.015381652801354333,SPY,HAR-RV
2020-09-17,0.011557937534733557,SPY,HAR-RV
2020-09-18,0.008923955166795545,SPY,HAR-RV
2020-09-21,0.0074218076329439515,SPY,HAR-RV
2020-09-22,0.009295746510539854,SPY,HAR-RV
2020-09-23,0.008987047144998575,SPY,HAR-RV
2020-09-24,0.009930942436349875,SPY,HAR-RV
2020-09-25,0.013028587036666857,SPY,HAR-RV
2020-09-28,0.012239863844920706,SPY,HAR-RV
2020-09-29,0.01286112473638721,SPY,HAR-RV
2020-09-30,0.01371107958013865,SPY,HAR-RV
2020-10-01,0.013021039670680036,SPY,HAR-RV
2020-10-02,0.010266523362611161,SPY,HAR-RV
2020-10-05,0.01090731193630325,SPY,HAR-RV
2020-10-06,0.009840281628787988,SPY,HAR-RV
2020-10-07,0.010003288768335783,SPY,HAR-RV
2020-10-08,0.011583593392209648,SPY,HAR-RV
2020-10-09,0.013170214570567457,SPY,HAR-RV
2020-10-12,0.013662386303964744,SPY,HAR-RV
2020-10-13,0.013590201606609831,SPY,HAR-RV
2020-10-14,0.013246612919724263,SPY,HAR-RV
2020-10-15,0.012006503527294777,SPY,HAR-RV
2020-10-16,0.010120171477681583,SPY,HAR-RV
2020-10-19,0.008851922645068884,SPY,HAR-RV
2020-10-20,0.007556240449189975,SPY,HAR-RV
2020-10-21,0.007317620244322848,SPY,HAR-RV
2020-10-22,0.0069754115300074485,SPY,HAR-RV
2020-10-23,0.006276453852364395,SPY,HAR-RV
2020-10-26,0.006922346973694455,SPY,HAR-RV
2020-10-27,0.007518527410964231,SPY,HAR-RV
2020-10-28,0.007882100638942896,SPY,HAR-RV
2020-10-29,0.008139986325658323,SPY,HAR-RV
2020-10-30,0.013123949864886892,SPY,HAR-RV
2020-11-02,0.014282833833920126,SPY,HAR-RV
2020-11-03,0.015439165632425762,SPY,HAR-RV
2020-11-04,0.014215280743667976,SPY,HAR-RV
2020-11-05,0.016495003393224298,SPY,HAR-RV
2020-11-06,0.014347522504304896,SPY,HAR-RV
2020-11-09,0.015864213903265634,SPY,HAR-RV
2020-11-10,0.014469046052146665,SPY,HAR-RV
2020-11-11,0.014416671803211437,SPY,HAR-RV
2020-11-12,0.011886130099835364,SPY,HAR-RV
2020-11-13,0.009376990372659579,SPY,HAR-RV
2020-11-16,0.007825915929348457,SPY,HAR-RV
2020-11-17,0.010062152663006075,SPY,HAR-RV
2020-11-18,0.010026974061004394,SPY,HAR-RV
2020-11-19,0.01076064990417693,SPY,HAR-RV
2020-11-20,0.011459036182340272,SPY,HAR-RV
2020-11-23,0.010634079022362361,SPY,HAR-RV
2020-11-24,0.009431187880706054,SPY,HAR-RV
2020-11-25,0.008446912383223872,SPY,HAR-RV
2020-11-27,0.010008917618252813,SPY,HAR-RV
2020-11-30,0.008446206041422337,SPY,HAR-RV
2020-12-01,0.008147230199387031,SPY,HAR-RV
2020-12-02,0.007792451456812807,SPY,HAR-RV
2020-12-03,0.0085148228482298,SPY,HAR-RV
2020-12-04,0.006308554684192795,SPY,HAR-RV
2020-12-07,0.006170920282682114,SPY,HAR-RV
2020-12-08,0.007025513816024489,SPY,HAR-RV
2020-12-09,0.006757241988927282,SPY,HAR-RV
2020-12-10,0.005471092556749209,SPY,HAR-RV
2020-12-11,0.006524228090578702,SPY,HAR-RV
2020-12-14,0.006671827392600663,SPY,HAR-RV
2020-12-15,0.005395916855445373,SPY,HAR-RV
2020-12-16,0.005847567408516631,SPY,HAR-RV
2020-12-17,0.007467070929342403,SPY,HAR-RV
2020-12-18,0.006456863828137449,SPY,HAR-RV
2020-12-21,0.00730638118028934,SPY,HAR-RV
2020-12-22,0.007750693440979359,SPY,HAR-RV
2020-12-23,0.007501046416941425,SPY,HAR-RV
2020-12-24,0.0055001098655758935,SPY,HAR-RV
2020-12-28,0.00545584848288615,SPY,HAR-RV
2020-12-29,0.005196274397695219,SPY,HAR-RV
2020-12-30,0.005807271730208331,SPY,HAR-RV
2020-12-31,0.0056204592393588534,SPY,HAR-RV
2021-01-04,0.005539850552633979,SPY,HAR-RV
2021-01-05,0.0062367951729406755,SPY,HAR-RV
2021-01-06,0.0078087473762307996,SPY,HAR-RV
2021-01-07,0.00765459330559535,SPY,HAR-RV
2021-01-08,0.008412278874159237,SPY,HAR-RV
2021-01-11,0.010512338273331886,SPY,HAR-RV
2021-01-12,0.010765521624152225,SPY,HAR-RV
2021-01-13,0.009521836822291234,SPY,HAR-RV
2021-01-14,0.008519997643203577,SPY,HAR-RV
2021-01-15,0.007907144280829694,SPY,HAR-RV
2021-01-19,0.006001617303193323,SPY,HAR-RV
2021-01-20,0.006228886556702803,SPY,HAR-RV
2021-01-21,0.0064294264387952955,SPY,HAR-RV
2021-01-22,0.008313985245909898,SPY,HAR-RV
2021-01-25,0.00826633355009827,SPY,HAR-RV
2021-01-26,0.008187077520391096,SPY,HAR-RV
2021-01-27,0.00733013609471461,SPY,HAR-RV
2021-01-28,0.006487369725429633,SPY,HAR-RV
2021-01-29,0.008399742172267152,SPY,HAR-RV
2021-02-01,0.009430319559927586,SPY,HAR-RV
2021-02-02,0.012102470494163367,SPY,HAR-RV
2021-02-03,0.01399420113546902,SPY,HAR-RV
2021-02-04,0.01589657453793962,SPY,HAR-RV
2021-02-05,0.011113165744306392,SPY,HAR-RV
2021-02-08,0.011855110815259648,SPY,HAR-RV
2021-02-09,0.009357862000971648,SPY,HAR-RV
2021-02-10,0.008039391245569738,SPY,HAR-RV
2021-02-11,0.006907812994323671,SPY,HAR-RV
2021-02-12,0.00777087306725403,SPY,HAR-RV
2021-02-16,0.007633976105383657,SPY,HAR-RV
2021-02-17,0.007606257613607096,SPY,HAR-RV
2021-02-18,0.006763341852821527,SPY,HAR-RV
2021-02-19,0.006758046316680477,SPY,HAR-RV
2021-02-22,0.005759325573650593,SPY,HAR-RV
2021-02-23,0.006837926542540481,SPY,HAR-RV
2021-02-24,0.0056518519109090195,SPY,HAR-RV
2021-02-25,0.007145491499345029,SPY,HAR-RV
2021-02-26,0.006545365906034996,SPY,HAR-RV
2021-03-01,0.0058244503010653325,SPY,HAR-RV
2021-03-02,0.009265408636234686,SPY,HAR-RV
2021-03-03,0.007412809220540153,SPY,HAR-RV
2021-03-04,0.010321780732413764,SPY,HAR-RV
2021-03-05,0.009536609326065143,SPY,HAR-RV
2021-03-08,0.009443330757504923,SPY,HAR-RV
2021-03-09,0.009717673861071289,SPY,HAR-RV
2021-03-10,0.009477252123742879,SPY,HAR-RV
2021-03-11,0.009350719229738454,SPY,HAR-RV
2021-03-12,0.009269642990217132,SPY,HAR-RV
2021-03-15,0.008966028819683005,SPY,HAR-RV
2021-03-16,0.008473957023253965,SPY,HAR-RV
2021-03-17,0.00828326229610667,SPY,HAR-RV
2021-03-18,0.007689564134390172,SPY,HAR-RV
2021-03-19,0.007521228879818211,SPY,HAR-RV
2021-03-22,0.00745779775217676,SPY,HAR-RV
2021-03-23,0.007991719964479642,SPY,HAR-RV
2021-03-24,0.007907822324154814,SPY,HAR-RV
2021-03-25,0.008345933459413294,SPY,HAR-RV
2021-03-26,0.008526795478784738,SPY,HAR-RV
2021-03-29,0.008167190360610463,SPY,HAR-RV
2021-03-30,0.008427188084703828,SPY,HAR-RV
2021-03-31,0.008322438656256214,SPY,HAR-RV
2021-04-01,0.0078147927405261,SPY,HAR-RV
2021-04-05,0.007519634782259968,SPY,HAR-RV
2021-04-06,0.007760934035206678,SPY,HAR-RV
2021-04-07,0.007484076218300291,SPY,HAR-RV
2021-04-08,0.007636064764194721,SPY,HAR-RV
2021-04-09,0.007316198929049507,SPY,HAR-RV
2021-04-12,0.007189947146689685,SPY,HAR-RV
2021-04-13,0.006871482626330904,SPY,HAR-RV
2021-04-14,0.00606978597446451,SPY,HAR-RV
2021-04-15,0.006063594925809164,SPY,HAR-RV
2021-04-16,0.006223348409792887,SPY,HAR-RV
2021-04-19,0.006664470427789497,SPY,HAR-RV
2021-04-20,0.006423700102592113,SPY,HAR-RV
2021-04-21,0.006749346057706842,SPY,HAR-RV
2021-04-22,0.00694994200718231,SPY,HAR-RV
2021-04-23,0.0073614421043568905,SPY,HAR-RV
2021-04-26,0.007324894503730468,SPY,HAR-RV
2021-04-27,0.007758394608166656,SPY,HAR-RV
2021-04-28,0.007389649390180617,SPY,HAR-RV
2021-04-29,0.006810889102329976,SPY,HAR-RV
2021-04-30,0.006104436384166728,SPY,HAR-RV
2021-05-03,0.006109440166974049,SPY,HAR-RV
2021-05-04,0.005880361995185011,SPY,HAR-RV
2021-05-05,0.005839572159505027,SPY,HAR-RV
2021-05-06,0.006068409074095028,SPY,HAR-RV
2021-05-07,0.0058374619329441425,SPY,HAR-RV
2021-05-10,0.006137250997953285,SPY,HAR-RV
2021-05-11,0.006270328141364191,SPY,HAR-RV
2021-05-12,0.006960721783505898,SPY,HAR-RV
2021-05-13,0.007265361817452455,SPY,HAR-RV
2021-05-14,0.009408067067998311,SPY,HAR-RV
2021-05-17,0.00902501779548107,SPY,HAR-RV
2021-05-18,0.009795481099785033,SPY,HAR-RV
2021-05-19,0.00890100958091694,SPY,HAR-RV
2021-05-20,0.00909695200255269,SPY,HAR-RV
2021-05-21,0.007642999885537389,SPY,HAR-RV
2021-05-24,0.007891513867577409,SPY,HAR-RV
2021-05-25,0.0064374820089635396,SPY,HAR-RV
2021-05-26,0.0072644869105714036,SPY,HAR-RV
2021-05-27,0.006483373922415021,SPY,HAR-RV
2021-05-28,0.006405467818604491,SPY,HAR-RV
2021-06-01,0.005556760323925734,SPY,HAR-RV
2021-06-02,0.005581572283603902,SPY,HAR-RV
2021-06-03,0.004718944904045514,SPY,HAR-RV
2021-06-04,0.0046681616939754375,SPY,HAR-RV
2021-06-07,0.004936226108768234,SPY,HAR-RV
2021-06-08,0.005708877181236524,SPY,HAR-RV
2021-06-09,0.0054125094049488,SPY,HAR-RV
2021-06-10,0.005260283275165706,SPY,HAR-RV
2021-06-11,0.005259272580111611,SPY,HAR-RV
2021-06-14,0.005371703894842492,SPY,HAR-RV
2021-06-15,0.0046026338473102784,SPY,HAR-RV
2021-06-16,0.004609438575227123,SPY,HAR-RV
2021-06-17,0.004702728046179121,SPY,HAR-RV
2021-06-18,0.0049979921628935135,SPY,HAR-RV
2021-06-21,0.004693358689584907,SPY,HAR-RV
2021-06-22,0.006218938346793148,SPY,HAR-RV
2021-06-23,0.00727589426929261,SPY,HAR-RV
2021-06-24,0.007195446681550918,SPY,HAR-RV
2021-06-25,0.006687402341390661,SPY,HAR-RV
2021-06-28,0.0071727502017838955,SPY,HAR-RV
2021-06-29,0.006201855130629221,SPY,HAR-RV
2021-06-30,0.005079009102300554,SPY,HAR-RV
2021-07-01,0.00456681119207734,SPY,HAR-RV
2021-07-02,0.004561483375815205,SPY,HAR-RV
2021-07-06,0.004803619081814805,SPY,HAR-RV
2021-07-07,0.00519854067918602,SPY,HAR-RV
2021-07-08,0.004931195474760292,SPY,HAR-RV
2021-07-09,0.005275067850315472,SPY,HAR-RV
2021-07-12,0.006162345841171858,SPY,HAR-RV
2021-07-13,0.006672260225663461,SPY,HAR-RV
2021-07-14,0.006039749208756549,SPY,HAR-RV
2021-07-15,0.006113807515947779,SPY,HAR-RV
2021-07-16,0.00589119666859335,SPY,HAR-RV
2021-07-19,0.005641780465875831,SPY,HAR-RV
2021-07-20,0.005749915642569147,SPY,HAR-RV
2021-07-21,0.0071237228247163125,SPY,HAR-RV
2021-07-22,0.008005073429408652,SPY,HAR-RV
2021-07-23,0.008086309743147826,SPY,HAR-RV
2021-07-26,0.007647356184919755,SPY,HAR-RV
2021-07-27,0.008193203172477782,SPY,HAR-RV
2021-07-28,0.006822100131412017,SPY,HAR-RV
2021-07-29,0.006215057261365923,SPY,HAR-RV
2021-07-30,0.005379371018681462,SPY,HAR-RV
2021-08-02,0.005780190352495863,SPY,HAR-RV
2021-08-03,0.005409098848176248,SPY,HAR-RV
2021-08-04,0.005210484694523635,SPY,HAR-RV
2021-08-05,0.005534670810928433,SPY,HAR-RV
2021-08-06,0.005788161836439716,SPY,HAR-RV
2021-08-09,0.005978839083862928,SPY,HAR-RV
2021-08-10,0.005556340576983907,SPY,HAR-RV
2021-08-11,0.005330590983406604,SPY,HAR-RV
2021-08-12,0.004710204087217089,SPY,HAR-RV
2021-08-13,0.004579630579995437,SPY,HAR-RV
2021-08-16,0.004299171182703631,SPY,HAR-RV
2021-08-17,0.004230392928343858,SPY,HAR-RV
2021-08-18,0.004366483233551904,SPY,HAR-RV
2021-08-19,0.004921360999356495,SPY,HAR-RV
2021-08-20,0.00555444986815508,SPY,HAR-RV
2021-08-23,0.00506163368502658,SPY,HAR-RV
2021-08-24,0.005784320930649554,SPY,HAR-RV
2021-08-25,0.0062820773454232365,SPY,HAR-RV
2021-08-26,0.005455323543949032,SPY,HAR-RV
2021-08-27,0.0049496774778836055,SPY,HAR-RV
2021-08-30,0.005457292233135329,SPY,HAR-RV
2021-08-31,0.005725245821568539,SPY,HAR-RV
2021-09-01,0.005149368392658506,SPY,HAR-RV
2021-09-02,0.004911308606093342,SPY,HAR-RV
2021-09-03,0.004794848318693235,SPY,HAR-RV
2021-09-07,0.004687225278868775,SPY,HAR-RV
2021-09-08,0.003966469455225478,SPY,HAR-RV
2021-09-09,0.0039574969080678705,SPY,HAR-RV
2021-09-10,0.0038424348688456027,SPY,HAR-RV
2021-09-13,0.004383300350673275,SPY,HAR-RV
2021-09-14,0.0048854249930418425,SPY,HAR-RV
2021-09-15,0.004816128745071615,SPY,HAR-RV
2021-09-16,0.005078536477796676,SPY,HAR-RV
2021-09-17,0.005667407135888037,SPY,HAR-RV
2021-09-20,0.005337747644114452,SPY,HAR-RV
2021-09-21,0.005917996930892273,SPY,HAR-RV
2021-09-22,0.007115459252411312,SPY,HAR-RV
2021-09-23,0.006271265880668988,SPY,HAR-RV
2021-09-24,0.006708455802534884,SPY,HAR-RV
2021-09-27,0.007547505916110887,SPY,HAR-RV
2021-09-28,0.0063984619826991315,SPY,HAR-RV
2021-09-29,0.005587999865927336,SPY,HAR-RV
2021-09-30,0.007912323395937344,SPY,HAR-RV
2021-10-01,0.0064746037472723,SPY,HAR-RV
2021-10-04,0.00700712702184858,SPY,HAR-RV
2021-10-05,0.007740804743124736,SPY,HAR-RV
2021-10-06,0.008260581720558087,SPY,HAR-RV
2021-10-07,0.0072747781040554335,SPY,HAR-RV
2021-10-08,0.007415889094613529,SPY,HAR-RV
2021-10-11,0.007201099034398233,SPY,HAR-RV
2021-10-12,0.006362090563243711,SPY,HAR-RV
2021-10-13,0.006222204319095509,SPY,HAR-RV
2021-10-14,0.005408318112357893,SPY,HAR-RV
2021-10-15,0.005437010997335179,SPY,HAR-RV
2021-10-18,0.006376137557674315,SPY,HAR-RV
2021-10-19,0.006452388741804875,SPY,HAR-RV
2021-10-20,0.005896509062651182,SPY,HAR-RV
2021-10-21,0.0064799423356790885,SPY,HAR-RV
2021-10-22,0.006345084327877467,SPY,HAR-RV
2021-10-25,0.005295741010882907,SPY,HAR-RV
2021-10-26,0.004630156350398495,SPY,HAR-RV
2021-10-27,0.005101294100495727,SPY,HAR-RV
2021-10-28,0.004436605269615116,SPY,HAR-RV
2021-10-29,0.004740376265652709,SPY,HAR-RV
2021-11-01,0.005434822083908433,SPY,HAR-RV
2021-11-02,0.005114187220588988,SPY,HAR-RV
2021-11-03,0.004939691988688205,SPY,HAR-RV
2021-11-04,0.00528631990174596,SPY,HAR-RV
2021-11-05,0.005554720796868437,SPY,HAR-RV
2021-11-08,0.005159650334865229,SPY,HAR-RV
2021-11-09,0.005130010759800685,SPY,HAR-RV
2021-11-10,0.004913648847550968,SPY,HAR-RV
2021-11-11,0.005074981873190173,SPY,HAR-RV
2021-11-12,0.005447447093181216,SPY,HAR-RV
2021-11-15,0.0046969982615981025,SPY,HAR-RV
2021-11-16,0.005354191726449553,SPY,HAR-RV
2021-11-17,0.004906639557593693,SPY,HAR-RV
2021-11-18,0.005150049798160254,SPY,HAR-RV
2021-11-19,0.0046700746313221375,SPY,HAR-RV
2021-11-22,0.004929057622040368,SPY,HAR-RV
2021-11-23,0.0044542484843713035,SPY,HAR-RV
2021-11-24,0.00463988766018234,SPY,HAR-RV
2021-11-26,0.004302865956491473,SPY,HAR-RV
2021-11-29,0.004734507966389381,SPY,HAR-RV
2021-11-30,0.007515109849288506,SPY,HAR-RV
2021-12-01,0.007534715127496994,SPY,HAR-RV
2021-12-02,0.009286357589139066,SPY,HAR-RV
2021-12-03,0.00938478599935606,SPY,HAR-RV
2021-12-06,0.010466820916626323,SPY,HAR-RV
2021-12-07,0.008881253265070626,SPY,HAR-RV
2021-12-08,0.00943812451197752,SPY,HAR-RV
2021-12-09,0.00984792975087491,SPY,HAR-RV
2021-12-10,0.007901431650736243,SPY,HAR-RV
2021-12-13,0.007516558352745074,SPY,HAR-RV
2021-12-14,0.007712377127650137,SPY,HAR-RV
2021-12-15,0.007421153657770836,SPY,HAR-RV
2021-12-16,0.006221263667615318,SPY,HAR-RV
2021-12-17,0.0077899404381330094,SPY,HAR-RV
2021-12-20,0.007612600983508528,SPY,HAR-RV
2021-12-21,0.007888027258797439,SPY,HAR-RV
2021-12-22,0.008285194735474082,SPY,HAR-RV
2021-12-23,0.009636620902826283,SPY,HAR-RV
2021-12-27,0.0085359269514952,SPY,HAR-RV
2021-12-28,0.008288031758753318,SPY,HAR-RV
2021-12-29,0.008564352245669874,SPY,HAR-RV
2021-12-30,0.006586679635322624,SPY,HAR-RV
2021-12-31,0.005220935937736628,SPY,HAR-RV
2022-01-03,0.004641559938429083,SPY,HAR-RV
2022-01-04,0.00443711246482276,SPY,HAR-RV
2022-01-05,0.003757850965468049,SPY,HAR-RV
2022-01-06,0.003965557782848708,SPY,HAR-RV
2022-01-07,0.006209132984745271,SPY,HAR-RV
2022-01-10,0.005582439095582495,SPY,HAR-RV
2022-01-11,0.005883863258465318,SPY,HAR-RV
2022-01-12,0.005428623991722586,SPY,HAR-RV
2022-01-13,0.006426392222385267,SPY,HAR-RV
2022-01-14,0.004923063084101722,SPY,HAR-RV
2022-01-18,0.006150476306547829,SPY,HAR-RV
2022-01-19,0.005901809053263065,SPY,HAR-RV
2022-01-20,0.007427589987831365,SPY,HAR-RV
2022-01-21,0.007568694426243057,SPY,HAR-RV
2022-01-24,0.008496250043237674,SPY,HAR-RV
2022-01-25,0.008752054535353083,SPY,HAR-RV
2022-01-26,0.009639458845397355,SPY,HAR-RV
2022-01-27,0.00858414179823778,SPY,HAR-RV
2022-01-28,0.007803612446733766,SPY,HAR-RV
2022-01-31,0.007393232256116598,SPY,HAR-RV
2022-02-01,0.008289837525957524,SPY,HAR-RV
2022-02-02,0.008973299620938815,SPY,HAR-RV
2022-02-03,0.008294590691691773,SPY,HAR-RV
2022-02-04,0.009266860974864455,SPY,HAR-RV
2022-02-07,0.0111077828325618,SPY,HAR-RV
2022-02-08,0.008587461219408121,SPY,HAR-RV
2022-02-09,0.00744382547606259,SPY,HAR-RV
2022-02-10,0.007852251296375378,SPY,HAR-RV
2022-02-11,0.008799402871816473,SPY,HAR-RV
2022-02-14,0.009027354567563348,SPY,HAR-RV
2022-02-15,0.009989917690216437,SPY,HAR-RV
2022-02-16,0.009576529945882647,SPY,HAR-RV
2022-02-17,0.010390515828914865,SPY,HAR-RV
2022-02-18,0.009359299766671419,SPY,HAR-RV
2022-02-22,0.009764755445629667,SPY,HAR-RV
2022-02-23,0.008561258867497049,SPY,HAR-RV
2022-02-24,0.009342368018298599,SPY,HAR-RV
2022-02-25,0.010001892245697048,SPY,HAR-RV
2022-02-28,0.011757514377129588,SPY,HAR-RV
2022-03-01,0.01151550487418463,SPY,HAR-RV
2022-03-02,0.011351018166316992,SPY,HAR-RV
2022-03-03,0.011979119482771548,SPY,HAR-RV
2022-03-04,0.011724527592278829,SPY,HAR-RV
2022-03-07,0.010726701461116695,SPY,HAR-RV
2022-03-08,0.010098225883952393,SPY,HAR-RV
2022-03-09,0.012128086675835568,SPY,HAR-RV
2022-03-10,0.012459753200563372,SPY,HAR-RV
2022-03-11,0.012173171094162539,SPY,HAR-RV
2022-03-14,0.01358388082938284,SPY,HAR-RV
2022-03-15,0.01331964431299866,SPY,HAR-RV
2022-03-16,0.011724604840132206,SPY,HAR-RV
2022-03-17,0.012625979263146472,SPY,HAR-RV
2022-03-18,0.012233554674722273,SPY,HAR-RV
2022-03-21,0.013552257764152838,SPY,HAR-RV
2022-03-22,0.012893152228011795,SPY,HAR-RV
2022-03-23,0.01264820845206855,SPY,HAR-RV
2022-03-24,0.011142620262829958,SPY,HAR-RV
2022-03-25,0.010519655855379444,SPY,HAR-RV
2022-03-28,0.010423436974116677,SPY,HAR-RV
2022-03-29,0.010111847092497201,SPY,HAR-RV
2022-03-30,0.010594864861371176,SPY,HAR-RV
2022-03-31,0.010150872367624651,SPY,HAR-RV
2022-04-01,0.01003113207885014,SPY,HAR-RV
2022-04-04,0.00932298754450737,SPY,HAR-RV
2022-04-05,0.009714222179722244,SPY,HAR-RV
2022-04-06,0.00961024206538887,SPY,HAR-RV
2022-04-07,0.009449470015274863,SPY,HAR-RV
2022-04-08,0.009669543965525034,SPY,HAR-RV
2022-04-11,0.008828120243819985,SPY,HAR-RV
2022-04-12,0.008833875233828361,SPY,HAR-RV
2022-04-13,0.00853760891463738,SPY,HAR-RV
2022-04-14,0.00876624266991695,SPY,HAR-RV
2022-04-18,0.008297249409840845,SPY,HAR-RV
2022-04-19,0.00876031959613702,SPY,HAR-RV
2022-04-20,0.00956787946665584,SPY,HAR-RV
2022-04-21,0.007687065270069203,SPY,HAR-RV
2022-04-22,0.009067706185648412,SPY,HAR-RV
2022-04-25,0.008225811291771936,SPY,HAR-RV
2022-04-26,0.008687745946164444,SPY,HAR-RV
2022-04-27,0.012037715911346135,SPY,HAR-RV
2022-04-28,0.010174982878127327,SPY,HAR-RV
2022-04-29,0.015122335406021332,SPY,HAR-RV
2022-05-02,0.013771649017303551,SPY,HAR-RV
2022-05-03,0.012825110825102747,SPY,HAR-RV
2022-05-04,0.01733542834266699,SPY,HAR-RV
2022-05-05,0.01479563493253189,SPY,HAR-RV
2022-05-06,0.015757109841065205,SPY,HAR-RV
2022-05-09,0.015924971860797867,SPY,HAR-RV
2022-05-10,0.016984113137373122,SPY,HAR-RV
2022-05-11,0.015420538939157674,SPY,HAR-RV
2022-05-12,0.02070019343872149,SPY,HAR-RV
2022-05-13,0.015887148949620507,SPY,HAR-RV
2022-05-16,0.014319119025894025,SPY,HAR-RV
2022-05-17,0.012088615409214604,SPY,HAR-RV
2022-05-18,0.01269997536825042,SPY,HAR-RV
2022-05-19,0.012976170741939366,SPY,HAR-RV
2022-05-20,0.012179074443258723,SPY,HAR-RV
2022-05-23,0.018695394067647492,SPY,HAR-RV
2022-05-24,0.017241877882313107,SPY,HAR-RV
2022-05-25,0.015321999343802621,SPY,HAR-RV
2022-05-26,0.015264908177647156,SPY,HAR-RV
2022-05-27,0.011915934084685395,SPY,HAR-RV
2022-05-31,0.011831783525860055,SPY,HAR-RV
2022-06-01,0.013533696708464537,SPY,HAR-RV
2022-06-02,0.014881356559879579,SPY,HAR-RV
2022-06-03,0.014028079410125184,SPY,HAR-RV
2022-06-06,0.013509252280973175,SPY,HAR-RV
2022-06-07,0.013594225080953506,SPY,HAR-RV
2022-06-08,0.013189787917444832,SPY,HAR-RV
2022-06-09,0.011969366247807126,SPY,HAR-RV
2022-06-10,0.012271193093486347,SPY,HAR-RV
2022-06-13,0.010847731253432514,SPY,HAR-RV
2022-06-14,0.012760640747767539,SPY,HAR-RV
2022-06-15,0.014627944026423593,SPY,HAR-RV
2022-06-16,0.018490212633956452,SPY,HAR-RV
2022-06-17,0.01796484063339003,SPY,HAR-RV
2022-06-21,0.01599950907751969,SPY,HAR-RV
2022-06-22,0.018436038009612334,SPY,HAR-RV
2022-06-23,0.012597758672332926,SPY,HAR-RV
2022-06-24,0.016317404584497642,SPY,HAR-RV
2022-06-27,0.0150033649444098,SPY,HAR-RV
2022-06-28,0.010780395415599144,SPY,HAR-RV
2022-06-29,0.01631285720325507,SPY,HAR-RV
2022-06-30,0.012455341238842559,SPY,HAR-RV
2022-07-01,0.015849980180860476,SPY,HAR-RV
2022-07-05,0.013873107154174114,SPY,HAR-RV
2022-07-06,0.010961280757254017,SPY,HAR-RV
2022-07-07,0.012075001774983385,SPY,HAR-RV
2022-07-08,0.009775868973381455,SPY,HAR-RV
2022-07-11,0.008872380108695444,SPY,HAR-RV
2022-07-12,0.010863605369414973,SPY,HAR-RV
2022-07-13,0.008851839620294176,SPY,HAR-RV
2022-07-14,0.010086226318932466,SPY,HAR-RV
2022-07-15,0.01070073059430848,SPY,HAR-RV
2022-07-18,0.009656794316671768,SPY,HAR-RV
2022-07-19,0.00809324473017817,SPY,HAR-RV
2022-07-20,0.010058202682376446,SPY,HAR-RV
2022-07-21,0.008453855503050316,SPY,HAR-RV
2022-07-22,0.012380618602045979,SPY,HAR-RV
2022-07-25,0.012545167699961304,SPY,HAR-RV
2022-07-26,0.01136316389772495,SPY,HAR-RV
2022-07-27,0.01225615693385987,SPY,HAR-RV
2022-07-28,0.008601110325188434,SPY,HAR-RV
2022-07-29,0.007956751135184195,SPY,HAR-RV
2022-08-01,0.01089027696046663,SPY,HAR-RV
2022-08-02,0.010918378910516082,SPY,HAR-RV
2022-08-03,0.013260074688554228,SPY,HAR-RV
2022-08-04,0.012076280699660408,SPY,HAR-RV
2022-08-05,0.009373599407502748,SPY,HAR-RV
2022-08-08,0.010969048944964062,SPY,HAR-RV
2022-08-09,0.009367978713476197,SPY,HAR-RV
2022-08-10,0.009056998502507466,SPY,HAR-RV
2022-08-11,0.008452148028704367,SPY,HAR-RV
2022-08-12,0.0058264211057939535,SPY,HAR-RV
2022-08-15,0.009756314347361695,SPY,HAR-RV
2022-08-16,0.008102788899734883,SPY,HAR-RV
2022-08-17,0.010907748839244304,SPY,HAR-RV
2022-08-18,0.010860836283115216,SPY,HAR-RV
2022-08-19,0.008327065146323942,SPY,HAR-RV
2022-08-22,0.009206104492402363,SPY,HAR-RV
2022-08-23,0.007093836888842579,SPY,HAR-RV
2022-08-24,0.007427085369487756,SPY,HAR-RV
2022-08-25,0.010875276390357833,SPY,HAR-RV
2022-08-26,0.010459183796478928,SPY,HAR-RV
2022-08-29,0.009686622735688306,SPY,HAR-RV
2022-08-30,0.008381599012805949,SPY,HAR-RV
2022-08-31,0.01171797080119301,SPY,HAR-RV
2022-09-01,0.011701876781859364,SPY,HAR-RV
2022-09-02,0.012555630323313784,SPY,HAR-RV
2022-09-06,0.01219263360460518,SPY,HAR-RV
2022-09-07,0.008581203154150273,SPY,HAR-RV
2022-09-08,0.00958619816494917,SPY,HAR-RV
2022-09-09,0.008026620108440043,SPY,HAR-RV
2022-09-12,0.010017624094535701,SPY,HAR-RV
2022-09-13,0.009816229805277528,SPY,HAR-RV
2022-09-14,0.010720897789686509,SPY,HAR-RV
2022-09-15,0.00890729422222571,SPY,HAR-RV
2022-09-16,0.01492000187836285,SPY,HAR-RV
2022-09-19,0.01396538534515829,SPY,HAR-RV
2022-09-20,0.013896732708059202,SPY,HAR-RV
2022-09-21,0.013605237897833503,SPY,HAR-RV
2022-09-22,0.01014503255696237,SPY,HAR-RV
2022-09-23,0.010345486531848098,SPY,HAR-RV
2022-09-26,0.011619445812607017,SPY,HAR-RV
2022-09-27,0.011077310752274944,SPY,HAR-RV
2022-09-28,0.012544936388242188,SPY,HAR-RV
2022-09-29,0.013048771153457317,SPY,HAR-RV
2022-09-30,0.010050276794130442,SPY,HAR-RV
2022-10-03,0.011008824376916741,SPY,HAR-RV
2022-10-04,0.012007256127441475,SPY,HAR-RV
2022-10-05,0.012030479161324159,SPY,HAR-RV
2022-10-06,0.013469916894310822,SPY,HAR-RV
2022-10-07,0.01645616991865591,SPY,HAR-RV
2022-10-10,0.014673410153075363,SPY,HAR-RV
2022-10-11,0.012591512510544765,SPY,HAR-RV
2022-10-12,0.014625415980890595,SPY,HAR-RV
2022-10-13,0.012854513667178057,SPY,HAR-RV
2022-10-14,0.013544557047462007,SPY,HAR-RV
2022-10-17,0.010864095187671043,SPY,HAR-RV
2022-10-18,0.011352496146062454,SPY,HAR-RV
2022-10-19,0.012192716974716371,SPY,HAR-RV
2022-10-20,0.014371571210262286,SPY,HAR-RV
2022-10-21,0.014981853593845842,SPY,HAR-RV
2022-10-24,0.013886279556277728,SPY,HAR-RV
2022-10-25,0.011650834663059226,SPY,HAR-RV
2022-10-26,0.012646348253772444,SPY,HAR-RV
2022-10-27,0.012394674184394352,SPY,HAR-RV
2022-10-28,0.013554816424961246,SPY,HAR-RV
2022-10-31,0.014019735812925867,SPY,HAR-RV
2022-11-01,0.011163648867112425,SPY,HAR-RV
2022-11-02,0.013242993100353652,SPY,HAR-RV
2022-11-03,0.013125067359924594,SPY,HAR-RV
2022-11-04,0.010740287359701166,SPY,HAR-RV
2022-11-07,0.013190732437581324,SPY,HAR-RV
2022-11-08,0.012209127852697453,SPY,HAR-RV
2022-11-09,0.012987189544169242,SPY,HAR-RV
2022-11-10,0.013564649657278357,SPY,HAR-RV
2022-11-11,0.011451006898675047,SPY,HAR-RV
2022-11-14,0.00953393304692843,SPY,HAR-RV
2022-11-15,0.01517669309685269,SPY,HAR-RV
2022-11-16,0.014897773284304635,SPY,HAR-RV
2022-11-17,0.01465946319127166,SPY,HAR-RV
2022-11-18,0.013897144188653935,SPY,HAR-RV
2022-11-21,0.012573837786477006,SPY,HAR-RV
2022-11-22,0.01201844278273578,SPY,HAR-RV
2022-11-23,0.011932787954625927,SPY,HAR-RV
2022-11-25,0.010841801108877835,SPY,HAR-RV
2022-11-28,0.011386191887841759,SPY,HAR-RV
2022-11-29,0.012020136547878852,SPY,HAR-RV
2022-11-30,0.010641009318410858,SPY,HAR-RV
2022-12-01,0.012692865640472922,SPY,HAR-RV
2022-12-02,0.009286956489351225,SPY,HAR-RV
2022-12-05,0.013348645931208904,SPY,HAR-RV
2022-12-06,0.013267767525079743,SPY,HAR-RV
2022-12-07,0.011092637216574218,SPY,HAR-RV
2022-12-08,0.011994527506110686,SPY,HAR-RV
2022-12-09,0.012748780305824959,SPY,HAR-RV
2022-12-12,0.012148323861709557,SPY,HAR-RV
2022-12-13,0.01248416548713109,SPY,HAR-RV
2022-12-14,0.01138125998349743,SPY,HAR-RV
2022-12-15,0.011927499763241886,SPY,HAR-RV
2022-12-16,0.012279235688327469,SPY,HAR-RV
2022-12-19,0.010529017530906182,SPY,HAR-RV
2022-12-20,0.01226319303261674,SPY,HAR-RV
2022-12-21,0.012255739955449535,SPY,HAR-RV
2022-12-22,0.013073228820304542,SPY,HAR-RV
2022-12-23,0.01174302695735069,SPY,HAR-RV
2022-12-27,0.011627094826235052,SPY,HAR-RV
2022-12-28,0.012512401350772273,SPY,HAR-RV
2022-12-29,0.01239600935708179,SPY,HAR-RV
2022-12-30,0.011690713975570567,SPY,HAR-RV
2023-01-03,0.011076002497123223,SPY,HAR-RV
2023-01-04,0.012625089169411434,SPY,HAR-RV
2023-01-05,0.0120276654375021,SPY,HAR-RV
2023-01-06,0.011806211159919982,SPY,HAR-RV
2023-01-09,0.01154342190432144,SPY,HAR-RV
2023-01-10,0.010168125580884818,SPY,HAR-RV
2023-01-11,0.012887986417698673,SPY,HAR-RV
2023-01-12,0.012124452851843206,SPY,HAR-RV
2023-01-13,0.01145146455335029,SPY,HAR-RV
2023-01-17,0.012295352910801033,SPY,HAR-RV
2023-01-18,0.01130034868961955,SPY,HAR-RV
2023-01-19,0.011667647611901614,SPY,HAR-RV
2023-01-20,0.01021905240574631,SPY,HAR-RV
2023-01-23,0.011105296952712352,SPY,HAR-RV
2023-01-24,0.010379628131817658,SPY,HAR-RV
2023-01-25,0.011348864379153075,SPY,HAR-RV
2023-01-26,0.012416621958977418,SPY,HAR-RV
2023-01-27,0.01176650513845266,SPY,HAR-RV
2023-01-30,0.01052692608191333,SPY,HAR-RV
2023-01-31,0.010965692769456546,SPY,HAR-RV
2023-02-01,0.010008682191326319,SPY,HAR-RV
2023-02-02,0.010250087079632302,SPY,HAR-RV
2023-02-03,0.011004123954718961,SPY,HAR-RV
2023-02-06,0.010755432990139563,SPY,HAR-RV
2023-02-07,0.011451679001164871,SPY,HAR-RV
2023-02-08,0.011625314248567314,SPY,HAR-RV
2023-02-09,0.01092653455007702,SPY,HAR-RV
2023-02-10,0.010978808908265055,SPY,HAR-RV
2023-02-13,0.011037953499656592,SPY,HAR-RV
2023-02-14,0.011323031879875583,SPY,HAR-RV
2023-02-15,0.010442932406692735,SPY,HAR-RV
2023-02-16,0.011040818842639862,SPY,HAR-RV
2023-02-17,0.010562957914367026,SPY,HAR-RV
2023-02-21,0.009662362102850737,SPY,HAR-RV
2023-02-22,0.01084943912337737,SPY,HAR-RV
2023-02-23,0.009190181387056242,SPY,HAR-RV
2023-02-24,0.011119408204570455,SPY,HAR-RV
2023-02-27,0.01064347911287326,SPY,HAR-RV
2023-02-28,0.00998437660027876,SPY,HAR-RV
2023-03-01,0.010819471193465076,SPY,HAR-RV
2023-03-02,0.010029395633378416,SPY,HAR-RV
2023-03-03,0.010066490843459383,SPY,HAR-RV
2023-03-06,0.009781386297950553,SPY,HAR-RV
2023-03-07,0.008953980380399651,SPY,HAR-RV
2023-03-08,0.010492834723942048,SPY,HAR-RV
2023-03-09,0.009087962371501761,SPY,HAR-RV
2023-03-10,0.010664127386646178,SPY,HAR-RV
2023-03-13,0.009302244295442404,SPY,HAR-RV
2023-03-14,0.009618414454460336,SPY,HAR-RV
2023-03-15,0.01117760248611548,SPY,HAR-RV
2023-03-16,0.009485183782494248,SPY,HAR-RV
2023-03-17,0.011035770476961988,SPY,HAR-RV
2023-03-20,0.009821123058750308,SPY,HAR-RV
2023-03-21,0.010534982098628758,SPY,HAR-RV
2023-03-22,0.01124995567947584,SPY,HAR-RV
2023-03-23,0.010760832955274843,SPY,HAR-RV
2023-03-24,0.010656850251571887,SPY,HAR-RV
2023-03-27,0.011548319926455,SPY,HAR-RV
2023-03-28,0.010785660203135684,SPY,HAR-RV
2023-03-29,0.010905552474016677,SPY,HAR-RV
2023-03-30,0.010417688364699002,SPY,HAR-RV
2023-03-31,0.009522233172541042,SPY,HAR-RV
2023-04-03,0.010459619959495459,SPY,HAR-RV
2023-04-04,0.009850556130375028,SPY,HAR-RV
2023-04-05,0.0107302425405233,SPY,HAR-RV
2023-04-06,0.010303014346082776,SPY,HAR-RV
2023-04-10,0.01058758619907998,SPY,HAR-RV
2023-04-11,0.010079314341040067,SPY,HAR-RV
2023-04-12,0.010023469999130803,SPY,HAR-RV
2023-04-13,0.009509378660200402,SPY,HAR-RV
2023-04-14,0.008899947071019815,SPY,HAR-RV
2023-04-17,0.008504832236717488,SPY,HAR-RV
2023-04-18,0.008742895652348474,SPY,HAR-RV
2023-04-19,0.008484346251491987,SPY,HAR-RV
2023-04-20,0.008327708361117132,SPY,HAR-RV
2023-04-21,0.00783509058643262,SPY,HAR-RV
2023-04-24,0.0067961053123365,SPY,HAR-RV
2023-04-25,0.006689608855187673,SPY,HAR-RV
2023-04-26,0.0063793135666699065,SPY,HAR-RV
2023-04-27,0.005839650441879378,SPY,HAR-RV
2023-04-28,0.0072666569266869,SPY,HAR-RV
2023-05-01,0.0070580134886212825,SPY,HAR-RV
2023-05-02,0.008143430677845995,SPY,HAR-RV
2023-05-03,0.008498704406741343,SPY,HAR-RV
2023-05-04,0.0076030368366825,SPY,HAR-RV
2023-05-05,0.007929920976858889,SPY,HAR-RV
2023-05-08,0.007647127123379694,SPY,HAR-RV
2023-05-09,0.007091977647301647,SPY,HAR-RV
2023-05-10,0.008520906899166325,SPY,HAR-RV
2023-05-11,0.007938444085242451,SPY,HAR-RV
2023-05-12,0.007902796682322827,SPY,HAR-RV
2023-05-15,0.008195701536682028,SPY,HAR-RV
2023-05-16,0.007269945871162862,SPY,HAR-RV
2023-05-17,0.006926537579469921,SPY,HAR-RV
2023-05-18,0.007166236883482103,SPY,HAR-RV
2023-05-19,0.006941759886068168,SPY,HAR-RV
2023-05-22,0.007658963162536543,SPY,HAR-RV
2023-05-23,0.008170471819099301,SPY,HAR-RV
2023-05-24,0.008106404727832327,SPY,HAR-RV
2023-05-25,0.007735157451469734,SPY,HAR-RV
2023-05-26,0.008006315374517618,SPY,HAR-RV
2023-05-30,0.007872436814167683,SPY,HAR-RV
2023-05-31,0.007931605556221443,SPY,HAR-RV
2023-06-01,0.00803899677708557,SPY,HAR-RV
2023-06-02,0.00762043312639671,SPY,HAR-RV
2023-06-05,0.007665426617720906,SPY,HAR-RV
2023-06-06,0.007370026894322908,SPY,HAR-RV
2023-06-07,0.00778612569197377,SPY,HAR-RV
2023-06-08,0.007503504867163266,SPY,HAR-RV
2023-06-09,0.006955625607740285,SPY,HAR-RV
2023-06-12,0.006929612816544714,SPY,HAR-RV
2023-06-13,0.00711230421172914,SPY,HAR-RV
2023-06-14,0.006880190189318758,SPY,HAR-RV
2023-06-15,0.00703598307757732,SPY,HAR-RV
2023-06-16,0.007360938583421239,SPY,HAR-RV
2023-06-20,0.007030499198357602,SPY,HAR-RV
2023-06-21,0.007303590680138687,SPY,HAR-RV
2023-06-22,0.006981670261356307,SPY,HAR-RV
2023-06-23,0.006796267579908054,SPY,HAR-RV
2023-06-26,0.006976333572347381,SPY,HAR-RV
2023-06-27,0.00700925377795231,SPY,HAR-RV
2023-06-28,0.006895045783257597,SPY,HAR-RV
2023-06-29,0.0065752591875905785,SPY,HAR-RV
2023-06-30,0.006823901285904923,SPY,HAR-RV
2023-07-03,0.006424004034615843,SPY,HAR-RV
2023-07-05,0.006306561407342469,SPY,HAR-RV
2023-07-06,0.006685664197779111,SPY,HAR-RV
2023-07-07,0.006379621175515932,SPY,HAR-RV
2023-07-10,0.005804131572074067,SPY,HAR-RV
2023-07-11,0.00611908160668845,SPY,HAR-RV
2023-07-12,0.006183034231440383,SPY,HAR-RV
2023-07-13,0.0059898763990620385,SPY,HAR-RV
2023-07-14,0.006061954429625488,SPY,HAR-RV
2023-07-17,0.0062030357798207375,SPY,HAR-RV
2023-07-18,0.006200099200523123,SPY,HAR-RV
2023-07-19,0.0060105199184921085,SPY,HAR-RV
2023-07-20,0.006015090983085938,SPY,HAR-RV
2023-07-21,0.00594190848943686,SPY,HAR-RV
2023-07-24,0.005742547357501378,SPY,HAR-RV
2023-07-25,0.005787047867845398,SPY,HAR-RV
2023-07-26,0.005501243907459593,SPY,HAR-RV
2023-07-27,0.005495303720803814,SPY,HAR-RV
2023-07-28,0.005331393523700086,SPY,HAR-RV
2023-07-31,0.005054009718811823,SPY,HAR-RV
2023-08-01,0.004754177571554014,SPY,HAR-RV
2023-08-02,0.005225918234863486,SPY,HAR-RV
2023-08-03,0.005259314223767965,SPY,HAR-RV
2023-08-04,0.004670636327434786,SPY,HAR-RV
2023-08-07,0.005400873394948389,SPY,HAR-RV
2023-08-08,0.005482545375209874,SPY,HAR-RV
2023-08-09,0.005224647495076935,SPY,HAR-RV
2023-08-10,0.0055622281732997415,SPY,HAR-RV
2023-08-11,0.00551820895963147,SPY,HAR-RV
2023-08-14,0.0055649073349739,SPY,HAR-RV
2023-08-15,0.005168145544520957,SPY,HAR-RV
2023-08-16,0.004937898912053965,SPY,HAR-RV
2023-08-17,0.005147565872624526,SPY,HAR-RV
2023-08-18,0.005462145114293068,SPY,HAR-RV
2023-08-21,0.005385776022141341,SPY,HAR-RV
2023-08-22,0.005601101195389757,SPY,HAR-RV
2023-08-23,0.005369471631504419,SPY,HAR-RV
2023-08-24,0.005665122213499801,SPY,HAR-RV
2023-08-25,0.005693964358856067,SPY,HAR-RV
2023-08-28,0.006025119790963819,SPY,HAR-RV
2023-08-29,0.006504458015074202,SPY,HAR-RV
2023-08-30,0.0065923609980036825,SPY,HAR-RV
2023-08-31,0.0064575365467385805,SPY,HAR-RV
2023-09-01,0.00682548322052631,SPY,HAR-RV
2023-09-05,0.006823674252314556,SPY,HAR-RV
2023-09-06,0.006485554370405752,SPY,HAR-RV
2023-09-07,0.006344218332215453,SPY,HAR-RV
2023-09-08,0.006216139486995065,SPY,HAR-RV
2023-09-11,0.00631610355593548,SPY,HAR-RV
2023-09-12,0.006233677496677513,SPY,HAR-RV
2023-09-13,0.0059474009076431284,SPY,HAR-RV
2023-09-14,0.006128690650899038,SPY,HAR-RV
2023-09-15,0.00636670362106706,SPY,HAR-RV
2023-09-18,0.006178713028341391,SPY,HAR-RV
2023-09-19,0.0058354197760790635,SPY,HAR-RV
2023-09-20,0.006492723785765311,SPY,HAR-RV
2023-09-21,0.0061984929615353426,SPY,HAR-RV
2023-09-22,0.005994203366752115,SPY,HAR-RV
2023-09-25,0.005777266859918611,SPY,HAR-RV
2023-09-26,0.006838756552633194,SPY,HAR-RV
2023-09-27,0.0065803382655946156,SPY,HAR-RV
2023-09-28,0.005716847903710829,SPY,HAR-RV
2023-09-29,0.006675036261737566,SPY,HAR-RV
2023-10-02,0.006146788894742185,SPY,HAR-RV
2023-10-03,0.0059478113470151275,SPY,HAR-RV
2023-10-04,0.006013020058994849,SPY,HAR-RV
2023-10-05,0.005512677132852922,SPY,HAR-RV
2023-10-06,0.00609520209719966,SPY,HAR-RV
2023-10-09,0.006475278402841475,SPY,HAR-RV
2023-10-10,0.005877750086569848,SPY,HAR-RV
2023-10-11,0.006353476459227726,SPY,HAR-RV
2023-10-12,0.006488542920294504,SPY,HAR-RV
2023-10-13,0.0066388878133739355,SPY,HAR-RV
2023-10-16,0.006524101330303317,SPY,HAR-RV
2023-10-17,0.006634143613706462,SPY,HAR-RV
2023-10-18,0.005900416535960126,SPY,HAR-RV
2023-10-19,0.007172164635891142,SPY,HAR-RV
2023-10-20,0.0055028778886246285,SPY,HAR-RV
2023-10-23,0.006572129370044899,SPY,HAR-RV
2023-10-24,0.006196569347857514,SPY,HAR-RV
2023-10-25,0.0074911921014044576,SPY,HAR-RV
2023-10-26,0.006910818749874269,SPY,HAR-RV
2023-10-27,0.005927478115039521,SPY,HAR-RV
2023-10-30,0.006446968690551294,SPY,HAR-RV
2023-10-31,0.007539159043693858,SPY,HAR-RV
2023-11-01,0.0070003950082797185,SPY,HAR-RV
2023-11-02,0.007798331538255762,SPY,HAR-RV
2023-11-03,0.007452804595485736,SPY,HAR-RV
2023-11-06,0.006872969706520592,SPY,HAR-RV
2023-11-07,0.008104967455301603,SPY,HAR-RV
2023-11-08,0.00857980169282176,SPY,HAR-RV
2023-11-09,0.008116440832734191,SPY,HAR-RV
2023-11-10,0.007883159721171262,SPY,HAR-RV
2023-11-13,0.00691694072111614,SPY,HAR-RV
2023-11-14,0.006433232269669038,SPY,HAR-RV
2023-11-15,0.00804745637771825,SPY,HAR-RV
2023-11-16,0.006498972103717339,SPY,HAR-RV
2023-11-17,0.008286750673247946,SPY,HAR-RV
2023-11-20,0.008163444480377731,SPY,HAR-RV
2023-11-21,0.007639682088733943,SPY,HAR-RV
2023-11-22,0.0069792416984113485,SPY,HAR-RV
2023-11-24,0.0069792411674343795,SPY,HAR-RV
2023-11-27,0.006728935107535183,SPY,HAR-RV
2023-11-28,0.006870538112867122,SPY,HAR-RV
2023-11-29,0.006412649088726287,SPY,HAR-RV
2023-11-30,0.005993222624325022,SPY,HAR-RV
2023-12-01,0.005828376450029978,SPY,HAR-RV
2023-12-04,0.005400916402901194,SPY,HAR-RV
2023-12-05,0.005399498152486028,SPY,HAR-RV
2023-12-06,0.0054760197139729,SPY,HAR-RV
2023-12-07,0.005857344024253259,SPY,HAR-RV
2023-12-08,0.005492798835423508,SPY,HAR-RV
2023-12-11,0.005321240022532827,SPY,HAR-RV
2023-12-12,0.005624822975715054,SPY,HAR-RV
2023-12-13,0.005584643233496837,SPY,HAR-RV
2023-12-14,0.005754604660567073,SPY,HAR-RV
2023-12-15,0.005062518845332606,SPY,HAR-RV
2023-12-18,0.006053577450429385,SPY,HAR-RV
2023-12-19,0.00588397704335483,SPY,HAR-RV
2023-12-20,0.005744091899841078,SPY,HAR-RV
2023-12-21,0.006021478163283889,SPY,HAR-RV
2023-12-22,0.0053108189579913045,SPY,HAR-RV
2023-12-26,0.006060244045886343,SPY,HAR-RV
2023-12-27,0.0069316926269184405,SPY,HAR-RV
2023-12-28,0.0064904870114450815,SPY,HAR-RV
2023-12-29,0.00643262833488541,SPY,HAR-RV
2024-01-02,0.005770214762014295,SPY,HAR-RV
2024-01-03,0.0050730333629675625,SPY,HAR-RV
2024-01-04,0.0051076890571660795,SPY,HAR-RV
2024-01-05,0.005052265081914057,SPY,HAR-RV
2024-01-08,0.005692711679645418,SPY,HAR-RV
2024-01-09,0.006074297549592394,SPY,HAR-RV
2024-01-10,0.005128059364906231,SPY,HAR-RV
2024-01-11,0.006536714884368992,SPY,HAR-RV
2024-01-12,0.005795792648191541,SPY,HAR-RV
2024-01-16,0.0062212732250010745,SPY,HAR-RV
2024-01-17,0.006076276518393228,SPY,HAR-RV
2024-01-18,0.005097479518485927,SPY,HAR-RV
2024-01-19,0.005110580534942752,SPY,HAR-RV
2024-01-22,0.005085033380722478,SPY,HAR-RV
2024-01-23,0.005483231351060734,SPY,HAR-RV
2024-01-24,0.006439311817188015,SPY,HAR-RV
2024-01-25,0.006269441793845641,SPY,HAR-RV
2024-01-26,0.006111976319292123,SPY,HAR-RV
2024-01-29,0.005523131741131994,SPY,HAR-RV
2024-01-30,0.005295762016900638,SPY,HAR-RV
2024-01-31,0.0050059907105767295,SPY,HAR-RV
2024-02-01,0.0056499401099366735,SPY,HAR-RV
2024-02-02,0.005327335717531582,SPY,HAR-RV
2024-02-05,0.0061250689588424265,SPY,HAR-RV
2024-02-06,0.006715579659319134,SPY,HAR-RV
2024-02-07,0.006738341908562142,SPY,HAR-RV
2024-02-08,0.0067021150761841855,SPY,HAR-RV
2024-02-09,0.006137934100381557,SPY,HAR-RV
2024-02-12,0.005954145558895448,SPY,HAR-RV
2024-02-13,0.005626153772670272,SPY,HAR-RV
2024-02-14,0.005698791208644333,SPY,HAR-RV
2024-02-15,0.00587365905325727,SPY,HAR-RV
2024-02-16,0.005826356493777776,SPY,HAR-RV
2024-02-20,0.0058663923807994655,SPY,HAR-RV
2024-02-21,0.005785941911150424,SPY,HAR-RV
2024-02-22,0.005590149549990167,SPY,HAR-RV
2024-02-23,0.0059755951884560045,SPY,HAR-RV
2024-02-26,0.005144339389076932,SPY,HAR-RV
2024-02-27,0.0058855613098726285,SPY,HAR-RV
2024-02-28,0.005796314380910601,SPY,HAR-RV
2024-02-29,0.005744491334548331,SPY,HAR-RV
2024-03-01,0.005732929384418647,SPY,HAR-RV
2024-03-04,0.005698958133297611,SPY,HAR-RV
2024-03-05,0.005360249628553338,SPY,HAR-RV
2024-03-06,0.005855869252991508,SPY,HAR-RV
2024-03-07,0.005644050829368563,SPY,HAR-RV
2024-03-08,0.005894922817188861,SPY,HAR-RV
2024-03-11,0.005655287880355737,SPY,HAR-RV
2024-03-12,0.005730533771125868,SPY,HAR-RV
2024-03-13,0.006040671718252499,SPY,HAR-RV
2024-03-14,0.005468987219171575,SPY,HAR-RV
2024-03-15,0.005913811263162859,SPY,HAR-RV
2024-03-18,0.00591305045874633,SPY,HAR-RV
2024-03-19,0.005801151047585406,SPY,HAR-RV
2024-03-20,0.0058578777767220045,SPY,HAR-RV
2024-03-21,0.005941275261060257,SPY,HAR-RV
2024-03-22,0.005690805606535803,SPY,HAR-RV
2024-03-25,0.005953708205149653,SPY,HAR-RV
2024-03-26,0.006002160553689398,SPY,HAR-RV
2024-03-27,0.006006562641815573,SPY,HAR-RV
2024-03-28,0.005990785611323476,SPY,HAR-RV
2024-04-01,0.0056419664421723335,SPY,HAR-RV
2024-04-02,0.0060013728372544485,SPY,HAR-RV
2024-04-03,0.005959548012861367,SPY,HAR-RV
2024-04-04,0.005687348759674311,SPY,HAR-RV
2024-04-05,0.005968186088626848,SPY,HAR-RV
2024-04-08,0.0055115982038872555,SPY,HAR-RV
2024-04-09,0.005322361095167802,SPY,HAR-RV
2024-04-10,0.005552042128889622,SPY,HAR-RV
2024-04-11,0.005697222889649492,SPY,HAR-RV
2024-04-12,0.005282135859815547,SPY,HAR-RV
2024-04-15,0.005578663646617097,SPY,HAR-RV
2024-04-16,0.005466243845409044,SPY,HAR-RV
2024-04-17,0.005160859701076078,SPY,HAR-RV
2024-04-18,0.005482244422620912,SPY,HAR-RV
2024-04-19,0.00540741277546453,SPY,HAR-RV
2024-04-22,0.00568312697518911,SPY,HAR-RV
2024-04-23,0.005585303173028916,SPY,HAR-RV
2024-04-24,0.005680586894008222,SPY,HAR-RV
2024-04-25,0.005369162432699758,SPY,HAR-RV
2024-04-26,0.005796928711733927,SPY,HAR-RV
2024-04-29,0.005677649447786549,SPY,HAR-RV
2024-04-30,0.005494092462175775,SPY,HAR-RV
2024-05-01,0.005840101500341059,SPY,HAR-RV
2024-05-02,0.00522810116300839,SPY,HAR-RV
2024-05-03,0.005726988051842159,SPY,HAR-RV
2024-05-06,0.00550125050464417,SPY,HAR-RV
2024-05-07,0.00551414987777814,SPY,HAR-RV
2024-05-08,0.005431022557446975,SPY,HAR-RV
2024-05-09,0.005874114099026986,SPY,HAR-RV
2024-05-10,0.005969535353325318,SPY,HAR-RV
2024-05-13,0.005709755366301545,SPY,HAR-RV
2024-05-14,0.005821407098103847,SPY,HAR-RV
2024-05-15,0.005919932519549846,SPY,HAR-RV
2024-05-16,0.005905958071154691,SPY,HAR-RV
2024-05-17,0.005566718633278186,SPY,HAR-RV
2024-05-20,0.005809620271127237,SPY,HAR-RV
2024-05-21,0.005789542636435656,SPY,HAR-RV
2024-05-22,0.005770888941512075,SPY,HAR-RV
2024-05-23,0.005746242514283362,SPY,HAR-RV
2024-05-24,0.00584487857067493,SPY,HAR-RV
2024-05-28,0.005758367709318614,SPY,HAR-RV
2024-05-29,0.005699977284849724,SPY,HAR-RV
2024-05-30,0.005794902470076147,SPY,HAR-RV
2024-05-31,0.005689272059085407,SPY,HAR-RV
2024-06-03,0.0057094996718013704,SPY,HAR-RV
2024-06-04,0.005669112064397348,SPY,HAR-RV
2024-06-05,0.005719427944191562,SPY,HAR-RV
2024-06-06,0.005844891326971267,SPY,HAR-RV
2024-06-07,0.005614641406830727,SPY,HAR-RV
2024-06-10,0.00577848724238519,SPY,HAR-RV
2024-06-11,0.0057301239268743144,SPY,HAR-RV
2024-06-12,0.005627434294889514,SPY,HAR-RV
2024-06-13,0.005696247235833546,SPY,HAR-RV
2024-06-14,0.005559477703617364,SPY,HAR-RV
2024-06-17,0.005600618960082944,SPY,HAR-RV
2024-06-18,0.0056721426085838515,SPY,HAR-RV
2024-06-20,0.005466434726242204,SPY,HAR-RV
2024-06-21,0.005565936562565221,SPY,HAR-RV
2024-06-24,0.005528583860285481,SPY,HAR-RV
2024-06-25,0.00554354719206559,SPY,HAR-RV
2024-06-26,0.005550405951615248,SPY,HAR-RV
2024-06-27,0.005475549493584312,SPY,HAR-RV
2024-06-28,0.005343726568730817,SPY,HAR-RV
2024-07-01,0.00531230700985121,SPY,HAR-RV
2024-07-02,0.005272201697602159,SPY,HAR-RV
2024-07-03,0.005179225802377062,SPY,HAR-RV
2024-07-05,0.005152185222667212,SPY,HAR-RV
2024-07-08,0.0051814204053327725,SPY,HAR-RV
2024-07-09,0.005095062133538415,SPY,HAR-RV
2024-07-10,0.005054401276962323,SPY,HAR-RV
2024-07-11,0.005071755021226767,SPY,HAR-RV
2024-07-12,0.005228348093448045,SPY,HAR-RV
2024-07-15,0.00533934356583675,SPY,HAR-RV
2024-07-16,0.005335536339704001,SPY,HAR-RV
2024-07-17,0.005341542458212624,SPY,HAR-RV
2024-07-18,0.0055261669681631684,SPY,HAR-RV
2024-07-19,0.00553256661445572,SPY,HAR-RV
2024-07-22,0.005707665232906088,SPY,HAR-RV
2024-07-23,0.0057954953097713105,SPY,HAR-RV
2024-07-24,0.005843609877401381,SPY,HAR-RV
2024-07-25,0.006348850904129865,SPY,HAR-RV
2024-07-26,0.00549895208152932,SPY,HAR-RV
2024-07-29,0.0064862223290140806,SPY,HAR-RV
2024-07-30,0.006140556477997983,SPY,HAR-RV
2024-07-31,0.0062695767394367816,SPY,HAR-RV
2024-08-01,0.006345972824470956,SPY,HAR-RV
2024-08-02,0.00555856764277778,SPY,HAR-RV
2024-08-05,0.006454390598054555,SPY,HAR-RV
2024-08-06,0.007819297916777327,SPY,HAR-RV
2024-08-07,0.009629533173349367,SPY,HAR-RV
2024-08-08,0.009518365491209938,SPY,HAR-RV
2024-08-09,0.010433384458562098,SPY,HAR-RV
2024-08-12,0.01017768459985688,SPY,HAR-RV
2024-08-13,0.008950304123275445,SPY,HAR-RV
2024-08-14,0.008020195223715335,SPY,HAR-RV
2024-08-15,0.007725355719697527,SPY,HAR-RV
2024-08-16,0.008505887981283607,SPY,HAR-RV
2024-08-19,0.007210938628294947,SPY,HAR-RV
2024-08-20,0.007910344351025859,SPY,HAR-RV
2024-08-21,0.007731864891386547,SPY,HAR-RV
2024-08-22,0.006917707831747016,SPY,HAR-RV
2024-08-23,0.006846462268145889,SPY,HAR-RV
2024-08-26,0.006367820020598246,SPY,HAR-RV
2024-08-27,0.0064571837354405835,SPY,HAR-RV
2024-08-28,0.006082059664807208,SPY,HAR-RV
2024-08-29,0.0060670733076075255,SPY,HAR-RV
2024-08-30,0.005865297079645554,SPY,HAR-RV
2024-09-03,0.005713879088493244,SPY,HAR-RV
2024-09-04,0.005915553214537429,SPY,HAR-RV
2024-09-05,0.0064029392105512065,SPY,HAR-RV
2024-09-06,0.006955374333796695,SPY,HAR-RV
2024-09-09,0.006646986105851459,SPY,HAR-RV
2024-09-10,0.0073031624750472075,SPY,HAR-RV
2024-09-11,0.007563901175954072,SPY,HAR-RV
2024-09-12,0.006697933179339901,SPY,HAR-RV
2024-09-13,0.007052920187030935,SPY,HAR-RV
2024-09-16,0.007505125651287645,SPY,HAR-RV
2024-09-17,0.00676062164327571,SPY,HAR-RV
2024-09-18,0.006226794409484052,SPY,HAR-RV
2024-09-19,0.005808728954447479,SPY,HAR-RV
2024-09-20,0.005496210580513054,SPY,HAR-RV
2024-09-23,0.005652221712237093,SPY,HAR-RV
2024-09-24,0.005780301557480583,SPY,HAR-RV
2024-09-25,0.005788713539362522,SPY,HAR-RV
2024-09-26,0.005844073651804924,SPY,HAR-RV
2024-09-27,0.005749440143646348,SPY,HAR-RV
2024-09-30,0.0049826117440204005,SPY,HAR-RV
2024-10-01,0.004985452116657152,SPY,HAR-RV
2024-10-02,0.005074435692431263,SPY,HAR-RV
2024-10-03,0.005343685715976723,SPY,HAR-RV
2024-10-04,0.005273620275222447,SPY,HAR-RV
2024-10-07,0.005106828046823234,SPY,HAR-RV
2024-10-08,0.00540078497784612,SPY,HAR-RV
2024-10-09,0.0057212092601238345,SPY,HAR-RV
2024-10-10,0.005706680001483331,SPY,HAR-RV
2024-10-11,0.006098596453477435,SPY,HAR-RV
2024-10-14,0.006292859527486168,SPY,HAR-RV
2024-10-15,0.005939818158862939,SPY,HAR-RV
2024-10-16,0.0058887548691130085,SPY,HAR-RV
2024-10-17,0.005807235280659682,SPY,HAR-RV
2024-10-18,0.005651020171814696,SPY,HAR-RV
2024-10-21,0.005607897230839585,SPY,HAR-RV
2024-10-22,0.005395384760395098,SPY,HAR-RV
2024-10-23,0.0049047630095545944,SPY,HAR-RV
2024-10-24,0.004517732851467769,SPY,HAR-RV
2024-10-25,0.004758667782981504,SPY,HAR-RV
2024-10-28,0.0049534704658535005,SPY,HAR-RV
2024-10-29,0.00478041288757169,SPY,HAR-RV
2024-10-30,0.00483016224938927,SPY,HAR-RV
2024-10-31,0.004902517183771623,SPY,HAR-RV
2024-11-01,0.004725856330032958,SPY,HAR-RV
2024-11-04,0.0054019817891759955,SPY,HAR-RV
2024-11-05,0.005838926844532551,SPY,HAR-RV
2024-11-06,0.00588832118829056,SPY,HAR-RV
2024-11-07,0.0064989270005399264,SPY,HAR-RV
2024-11-08,0.007736516414030335,SPY,HAR-RV
2024-11-11,0.007054882364382136,SPY,HAR-RV
2024-11-12,0.006872072170024028,SPY,HAR-RV
2024-11-13,0.0066087186943942075,SPY,HAR-RV
2024-11-14,0.006178287523656208,SPY,HAR-RV
2024-11-15,0.005185301979782828,SPY,HAR-RV
2024-11-18,0.005349590374101572,SPY,HAR-RV
2024-11-19,0.005856428495464656,SPY,HAR-RV
2024-11-20,0.00574234638172784,SPY,HAR-RV
2024-11-21,0.00571476829705932,SPY,HAR-RV
2024-11-22,0.005627169381582434,SPY,HAR-RV
2024-11-25,0.005749780853535969,SPY,HAR-RV
2024-11-26,0.005279812693863762,SPY,HAR-RV
2024-11-27,0.005274099869869427,SPY,HAR-RV
2024-11-29,0.005391246481579784,SPY,HAR-RV
2024-12-02,0.005475550900718235,SPY,HAR-RV
2024-12-03,0.005523938320629436,SPY,HAR-RV
2024-12-04,0.0053825485560455,SPY,HAR-RV
2024-12-05,0.005133987727190282,SPY,HAR-RV
2024-12-06,0.005180170699071623,SPY,HAR-RV
2024-12-09,0.005019177244079901,SPY,HAR-RV
2024-12-10,0.004759030484014211,SPY,HAR-RV
2024-12-11,0.004860513232979944,SPY,HAR-RV
2024-12-12,0.0049691509175500605,SPY,HAR-RV
2024-12-13,0.005151589678582429,SPY,HAR-RV
2024-12-16,0.0052484935579170215,SPY,HAR-RV
2024-12-17,0.0050350264267602935,SPY,HAR-RV
2024-12-18,0.005020397266657284,SPY,HAR-RV
2024-12-19,0.005311830770933627,SPY,HAR-RV
2024-12-20,0.006104106203135808,SPY,HAR-RV
2024-12-23,0.006614263053794392,SPY,HAR-RV
2024-12-24,0.006968331525473296,SPY,HAR-RV
2024-12-26,0.007429650847771445,SPY,HAR-RV
2024-12-27,0.007440628023594048,SPY,HAR-RV
2024-12-30,0.006123377925028067,SPY,HAR-RV
2024-12-31,0.006407697925829171,SPY,HAR-RV
2025-01-02,0.006263827590141993,SPY,HAR-RV
2025-01-03,0.006412314924901128,SPY,HAR-RV
2025-01-06,0.005992685136095175,SPY,HAR-RV
2025-01-07,0.006334725236978397,SPY,HAR-RV
2025-01-08,0.006417693818547524,SPY,HAR-RV
2025-01-10,0.0061281969152931675,SPY,HAR-RV
2025-01-13,0.006634504139755769,SPY,HAR-RV
2025-01-14,0.00658818131212903,SPY,HAR-RV
2025-01-15,0.006689988346061497,SPY,HAR-RV
2025-01-16,0.006556498779758032,SPY,HAR-RV
2025-01-17,0.005676256378925397,SPY,HAR-RV
2025-01-21,0.007097928553161674,SPY,HAR-RV
2025-01-22,0.006105185540561114,SPY,HAR-RV
2025-01-23,0.006751622132846952,SPY,HAR-RV
2025-01-24,0.007263230931682823,SPY,HAR-RV
2025-01-27,0.006259662072058432,SPY,HAR-RV
2025-01-28,0.006597935324771023,SPY,HAR-RV
2025-01-29,0.006156837766937904,SPY,HAR-RV
2025-01-30,0.006534540475387133,SPY,HAR-RV
2025-01-31,0.006726398181847502,SPY,HAR-RV
2025-02-03,0.006654492098490488,SPY,HAR-RV
2025-02-04,0.006811874278662281,SPY,HAR-RV
2025-02-05,0.006133913539946104,SPY,HAR-RV
2025-02-06,0.00600687474439087,SPY,HAR-RV
2025-02-07,0.006130872616205555,SPY,HAR-RV
2025-02-10,0.006013564426596299,SPY,HAR-RV
2025-02-11,0.0059377168072380845,SPY,HAR-RV
2025-02-12,0.00604262678567003,SPY,HAR-RV
2025-02-13,0.0059802617983342864,SPY,HAR-RV
2025-02-14,0.005770596176151926,SPY,HAR-RV
2025-02-18,0.0057913935795094644,SPY,HAR-RV
2025-02-19,0.005804338525237487,SPY,HAR-RV
2025-02-20,0.005236934339692077,SPY,HAR-RV
2025-02-21,0.0053631621141252694,SPY,HAR-RV
2025-02-24,0.005380663219950839,SPY,HAR-RV
2025-02-25,0.005022007593496783,SPY,HAR-RV
2025-02-26,0.006237305738382715,SPY,HAR-RV
2025-02-27,0.006344110246264752,SPY,HAR-RV
2025-02-28,0.006605240793076525,SPY,HAR-RV
2025-03-03,0.006503941612936943,SPY,HAR-RV
2025-03-04,0.006611051125610175,SPY,HAR-RV
2025-03-05,0.007644469373252615,SPY,HAR-RV
2025-03-06,0.008494734355854145,SPY,HAR-RV
2025-03-07,0.00980447100345636,SPY,HAR-RV
2025-03-10,0.00944960081319084,SPY,HAR-RV
2025-03-11,0.009937291258806248,SPY,HAR-RV
2025-03-12,0.009133391403582509,SPY,HAR-RV
2025-03-13,0.010144416560194146,SPY,HAR-RV
2025-03-14,0.009955793815405335,SPY,HAR-RV
2025-03-17,0.009036395757423536,SPY,HAR-RV
2025-03-18,0.009949704333999436,SPY,HAR-RV
2025-03-19,0.009084855581696038,SPY,HAR-RV
2025-03-20,0.009133951398479279,SPY,HAR-RV
2025-03-21,0.00958420216856855,SPY,HAR-RV
2025-03-24,0.008778358533091715,SPY,HAR-RV
2025-03-25,0.007247951462158784,SPY,HAR-RV
2025-03-26,0.006405709368061879,SPY,HAR-RV
2025-03-27,0.0072600439065760415,SPY,HAR-RV
2025-03-28,0.0062002763375986905,SPY,HAR-RV
2025-03-31,0.007727285640098381,SPY,HAR-RV
2025-04-01,0.007846537430255169,SPY,HAR-RV
2025-04-02,0.008020622055350615,SPY,HAR-RV
2025-04-03,0.008412663400497372,SPY,HAR-RV
2025-04-04,0.008330914967887265,SPY,HAR-RV
2025-04-07,0.01910411703839958,SPY,HAR-RV
2025-04-08,0.018995688268989723,SPY,HAR-RV
2025-04-09,0.015569764990644589,SPY,HAR-RV
2025-04-10,0.029624468396904365,SPY,HAR-RV
2025-04-11,0.042961256847866315,SPY,HAR-RV
2025-04-14,0.039842491897354816,SPY,HAR-RV
2025-04-15,0.0297785211247096,SPY,HAR-RV
2025-04-16,0.024911992657725788,SPY,HAR-RV
2025-04-17,0.02295653806281084,SPY,HAR-RV
2025-04-21,0.015970313141911892,SPY,HAR-RV
2025-04-22,0.011833417690150776,SPY,HAR-RV
2025-04-23,0.016023989868884436,SPY,HAR-RV
2025-04-24,0.017522402038114424,SPY,HAR-RV
2025-04-25,0.01816629492832925,SPY,HAR-RV
2025-04-28,0.017471095226800036,SPY,HAR-RV
2025-04-29,0.015386417980307258,SPY,HAR-RV
2025-04-30,0.01191257464473353,SPY,HAR-RV
2025-05-01,0.00966939645655967,SPY,HAR-RV
2025-05-02,0.007514125485154832,SPY,HAR-RV
2025-05-05,0.007730342503238704,SPY,HAR-RV
2025-05-06,0.008877410887718713,SPY,HAR-RV
2025-05-07,0.008437631179875197,SPY,HAR-RV
2025-05-08,0.008509493147002431,SPY,HAR-RV
2025-05-09,0.00818849791762871,SPY,HAR-RV
2025-05-12,0.008226546665192193,SPY,HAR-RV
2025-05-13,0.00724012786048916,SPY,HAR-RV
2025-05-14,0.012103083929684134,SPY,HAR-RV
2025-05-15,0.009365549096651774,SPY,HAR-RV
2025-05-16,0.008493633750507268,SPY,HAR-RV
2025-05-19,0.008623317357812832,SPY,HAR-RV
2025-05-20,0.00917282308395647,SPY,HAR-RV
2025-05-21,0.00571114223563454,SPY,HAR-RV
2025-05-22,0.005784823126231815,SPY,HAR-RV
2025-05-23,0.008395840726360477,SPY,HAR-RV
2025-05-27,0.006354197869029733,SPY,HAR-RV
2025-05-28,0.007043727155853689,SPY,HAR-RV
2025-05-29,0.010026482995902454,SPY,HAR-RV
2025-05-30,0.008874323522386592,SPY,HAR-RV
2025-06-02,0.007537553149075443,SPY,HAR-RV
2025-06-03,0.007317160128585954,SPY,HAR-RV
2025-06-04,0.007637596231182341,SPY,HAR-RV
2025-06-05,0.006304338361912056,SPY,HAR-RV
2025-06-06,0.0052407110474844195,SPY,HAR-RV
2025-06-09,0.0058115212339380495,SPY,HAR-RV
2025-06-10,0.0071050115846747605,SPY,HAR-RV
2025-06-11,0.005781609691970199,SPY,HAR-RV
2025-06-12,0.006181104299874281,SPY,HAR-RV
2025-06-13,0.006147594665907856,SPY,HAR-RV
2025-06-16,0.006119749019701953,SPY,HAR-RV
2025-06-17,0.006926369309333682,SPY,HAR-RV
2025-06-18,0.007507112789307598,SPY,HAR-RV
2025-06-20,0.0076559888921415966,SPY,HAR-RV
2025-06-23,0.0065673336711465635,SPY,HAR-RV
2025-06-24,0.006645310053834943,SPY,HAR-RV
2025-06-25,0.007328341450108893,SPY,HAR-RV
2025-06-26,0.007431826392057608,SPY,HAR-RV
2025-06-27,0.0057085738873890735,SPY,HAR-RV
2025-06-30,0.0070960265704868904,SPY,HAR-RV
2025-07-01,0.006976062033348428,SPY,HAR-RV
2025-07-02,0.006492304906861493,SPY,HAR-RV
2025-07-03,0.005037198742575263,SPY,HAR-RV
2025-07-07,0.005830187156830412,SPY,HAR-RV
2025-07-08,0.0061544418387295035,SPY,HAR-RV
2025-07-09,0.006196519563154911,SPY,HAR-RV
2025-07-10,0.005201368814687764,SPY,HAR-RV
2025-07-11,0.006204249522565974,SPY,HAR-RV
2025-07-14,0.0056574084767709015,SPY,HAR-RV
2025-07-15,0.005362419070526494,SPY,HAR-RV
2025-07-16,0.004708053934249587,SPY,HAR-RV
2025-07-17,0.005238382036004069,SPY,HAR-RV
2025-07-18,0.004932860893652013,SPY,HAR-RV
2025-07-21,0.0054287404186613795,SPY,HAR-RV
2025-07-22,0.004543703230644596,SPY,HAR-RV
2025-07-23,0.004588303894811757,SPY,HAR-RV
2025-07-24,0.004090028803973912,SPY,HAR-RV
2025-07-25,0.005461680872366323,SPY,HAR-RV
2025-07-28,0.004009435394864043,SPY,HAR-RV
2025-07-29,0.004640620245273171,SPY,HAR-RV
2025-07-30,0.0040636428674425944,SPY,HAR-RV
2025-07-31,0.004492515552244188,SPY,HAR-RV
2025-08-01,0.0036990297665536126,SPY,HAR-RV
2025-08-04,0.004400907121424539,SPY,HAR-RV
2025-08-05,0.00710630281268663,SPY,HAR-RV
2025-08-06,0.008149203003688526,SPY,HAR-RV
2025-08-07,0.007227866176710153,SPY,HAR-RV
2025-08-08,0.008002387247936157,SPY,HAR-RV
2025-08-11,0.006897667591714386,SPY,HAR-RV
2025-08-12,0.00696493700405049,SPY,HAR-RV
2025-08-13,0.0052403276612978545,SPY,HAR-RV
2025-08-14,0.006731465640733956,SPY,HAR-RV
