Date,pred,var_pred,asset,model
2007-01-05,0.0,2.1900481713567622e-05,TLT,GARCH11-t
2007-01-08,0.0,2.180392656912402e-05,TLT,GARCH11-t
2007-01-09,0.0,2.1580104308142947e-05,TLT,GARCH11-t
2007-01-10,0.0,2.1421543044488877e-05,TLT,GARCH11-t
2007-01-11,0.0,2.162818001105248e-05,TLT,GARCH11-t
2007-01-12,0.0,2.1713143237460654e-05,TLT,GARCH11-t
2007-01-16,0.0,2.1759823652289435e-05,TLT,GARCH11-t
2007-01-17,0.0,2.107953119073859e-05,TLT,GARCH11-t
2007-01-18,0.0,2.128604233447694e-05,TLT,GARCH11-t
2007-01-19,0.0,2.207623260779401e-05,TLT,GARCH11-t
2007-01-22,0.0,2.0822849558378966e-05,TLT,GARCH11-t
2007-01-23,0.0,2.0765962017262464e-05,TLT,GARCH11-t
2007-01-24,0.0,2.1686241302373972e-05,TLT,GARCH11-t
2007-01-25,0.0,2.2473014296811957e-05,TLT,GARCH11-t
2007-01-26,0.0,2.193309077448648e-05,TLT,GARCH11-t
2007-01-29,0.0,2.140056794068995e-05,TLT,GARCH11-t
2007-01-30,0.0,2.1784988050765682e-05,TLT,GARCH11-t
2007-01-31,0.0,2.1812626980747506e-05,TLT,GARCH11-t
2007-02-01,0.0,2.170859930033104e-05,TLT,GARCH11-t
2007-02-02,0.0,2.140997763474301e-05,TLT,GARCH11-t
2007-02-05,0.0,2.118988395239887e-05,TLT,GARCH11-t
2007-02-06,0.0,2.109783476290583e-05,TLT,GARCH11-t
2007-02-07,0.0,2.126008651153334e-05,TLT,GARCH11-t
2007-02-08,0.0,2.1183173921767257e-05,TLT,GARCH11-t
2007-02-09,0.0,1.9657022073816833e-05,TLT,GARCH11-t
2007-02-12,0.0,2.1414867850563544e-05,TLT,GARCH11-t
2007-02-13,0.0,2.1123866520251664e-05,TLT,GARCH11-t
2007-02-14,0.0,2.0946896748286968e-05,TLT,GARCH11-t
2007-02-15,0.0,2.2107149818580268e-05,TLT,GARCH11-t
2007-02-16,0.0,2.1832299145116807e-05,TLT,GARCH11-t
2007-02-20,0.0,2.3083662093700523e-05,TLT,GARCH11-t
2007-02-21,0.0,2.056636006891999e-05,TLT,GARCH11-t
2007-02-22,0.0,2.107280042028338e-05,TLT,GARCH11-t
2007-02-23,0.0,2.1416300751626192e-05,TLT,GARCH11-t
2007-02-26,0.0,2.217584856989985e-05,TLT,GARCH11-t
2007-02-27,0.0,2.1626125820508928e-05,TLT,GARCH11-t
2007-02-28,0.0,2.974966341039001e-05,TLT,GARCH11-t
2007-03-01,0.0,1.9795636259652796e-05,TLT,GARCH11-t
2007-03-02,0.0,2.0686136445566307e-05,TLT,GARCH11-t
2007-03-05,0.0,2.2959744122602507e-05,TLT,GARCH11-t
2007-03-06,0.0,2.1833612878120906e-05,TLT,GARCH11-t
2007-03-07,0.0,2.167991322766394e-05,TLT,GARCH11-t
2007-03-08,0.0,2.1471777201932428e-05,TLT,GARCH11-t
2007-03-09,0.0,2.134656047159254e-05,TLT,GARCH11-t
2007-03-12,0.0,2.2075255479820223e-05,TLT,GARCH11-t
2007-03-13,0.0,2.2150608045881633e-05,TLT,GARCH11-t
2007-03-14,0.0,2.330831970873294e-05,TLT,GARCH11-t
2007-03-15,0.0,2.2599271194689743e-05,TLT,GARCH11-t
2007-03-16,0.0,2.2044007385729673e-05,TLT,GARCH11-t
2007-03-19,0.0,2.171470008364879e-05,TLT,GARCH11-t
2007-03-20,0.0,2.1391798417152964e-05,TLT,GARCH11-t
2007-03-21,0.0,2.130371410685273e-05,TLT,GARCH11-t
2007-03-22,0.0,2.126752874738506e-05,TLT,GARCH11-t
2007-03-23,0.0,2.1786801623006254e-05,TLT,GARCH11-t
2007-03-26,0.0,2.1810424390296607e-05,TLT,GARCH11-t
2007-03-27,0.0,2.149008804206706e-05,TLT,GARCH11-t
2007-03-28,0.0,2.1796145404078205e-05,TLT,GARCH11-t
2007-03-29,0.0,2.0475520193454433e-05,TLT,GARCH11-t
2007-03-30,0.0,2.085692494480699e-05,TLT,GARCH11-t
2007-04-02,0.0,2.078344712024405e-05,TLT,GARCH11-t
2007-04-03,0.0,2.0309724152488867e-05,TLT,GARCH11-t
2007-04-04,0.0,2.0281205545416067e-05,TLT,GARCH11-t
2007-04-05,0.0,1.991414241506812e-05,TLT,GARCH11-t
2007-04-09,0.0,1.9821022309580024e-05,TLT,GARCH11-t
2007-04-10,0.0,2.0497942161289212e-05,TLT,GARCH11-t
2007-04-11,0.0,2.0269904541292974e-05,TLT,GARCH11-t
2007-04-12,0.0,1.9963606598764314e-05,TLT,GARCH11-t
2007-04-13,0.0,1.90434381478748e-05,TLT,GARCH11-t
2007-04-16,0.0,1.9327694971173227e-05,TLT,GARCH11-t
2007-04-17,0.0,2.0534370796595566e-05,TLT,GARCH11-t
2007-04-18,0.0,2.1167867834277672e-05,TLT,GARCH11-t
2007-04-19,0.0,2.0950053459593158e-05,TLT,GARCH11-t
2007-04-20,0.0,1.994843835715978e-05,TLT,GARCH11-t
2007-04-23,0.0,1.979284396584142e-05,TLT,GARCH11-t
2007-04-24,0.0,1.973917579546326e-05,TLT,GARCH11-t
2007-04-25,0.0,1.9671425931190452e-05,TLT,GARCH11-t
2007-04-26,0.0,1.9628849257900714e-05,TLT,GARCH11-t
2007-04-27,0.0,2.1926689194216785e-05,TLT,GARCH11-t
2007-04-30,0.0,1.9577619701371225e-05,TLT,GARCH11-t
2007-05-01,0.0,2.461177307305072e-05,TLT,GARCH11-t
2007-05-02,0.0,2.087822862053109e-05,TLT,GARCH11-t
2007-05-03,0.0,1.9597380362634383e-05,TLT,GARCH11-t
2007-05-04,0.0,1.9277630544526496e-05,TLT,GARCH11-t
2007-05-07,0.0,1.9575627859366218e-05,TLT,GARCH11-t
2007-05-08,0.0,1.997831751051944e-05,TLT,GARCH11-t
2007-05-09,0.0,1.974336639435515e-05,TLT,GARCH11-t
2007-05-10,0.0,1.979434588483083e-05,TLT,GARCH11-t
2007-05-11,0.0,1.9522228601818712e-05,TLT,GARCH11-t
2007-05-14,0.0,1.971667058048174e-05,TLT,GARCH11-t
2007-05-15,0.0,1.9576548951891004e-05,TLT,GARCH11-t
2007-05-16,0.0,1.9191344536512086e-05,TLT,GARCH11-t
2007-05-17,0.0,1.8784490425633448e-05,TLT,GARCH11-t
2007-05-18,0.0,1.893779195144433e-05,TLT,GARCH11-t
2007-05-21,0.0,1.968935605197284e-05,TLT,GARCH11-t
2007-05-22,0.0,1.890440642850338e-05,TLT,GARCH11-t
2007-05-23,0.0,1.9375842631530483e-05,TLT,GARCH11-t
2007-05-24,0.0,1.8882505735850313e-05,TLT,GARCH11-t
2007-05-25,0.0,1.852455792394462e-05,TLT,GARCH11-t
2007-05-29,0.0,1.8455267357607738e-05,TLT,GARCH11-t
2007-05-30,0.0,1.839600124374105e-05,TLT,GARCH11-t
2007-05-31,0.0,1.8325437833171704e-05,TLT,GARCH11-t
2007-06-01,0.0,1.8063809505259896e-05,TLT,GARCH11-t
2007-06-04,0.0,1.8384007956699226e-05,TLT,GARCH11-t
2007-06-05,0.0,1.898346508642796e-05,TLT,GARCH11-t
2007-06-06,0.0,1.963815914614343e-05,TLT,GARCH11-t
2007-06-07,0.0,1.8162559443087613e-05,TLT,GARCH11-t
2007-06-08,0.0,3.226292493048511e-05,TLT,GARCH11-t
2007-06-11,0.0,2.110479812499157e-05,TLT,GARCH11-t
2007-06-12,0.0,2.0242521858661634e-05,TLT,GARCH11-t
2007-06-13,0.0,3.339783877138574e-05,TLT,GARCH11-t
2007-06-14,0.0,4.6557577973344594e-05,TLT,GARCH11-t
2007-06-15,0.0,3.129084333070744e-05,TLT,GARCH11-t
2007-06-18,0.0,3.0664764577728484e-05,TLT,GARCH11-t
2007-06-19,0.0,2.6874731688912703e-05,TLT,GARCH11-t
2007-06-20,0.0,3.156053439491896e-05,TLT,GARCH11-t
2007-06-21,0.0,3.2517982788123696e-05,TLT,GARCH11-t
2007-06-22,0.0,2.851294671391421e-05,TLT,GARCH11-t
2007-06-25,0.0,2.9966051044963372e-05,TLT,GARCH11-t
2007-06-26,0.0,2.7782927534203055e-05,TLT,GARCH11-t
2007-06-27,0.0,2.3501458509740664e-05,TLT,GARCH11-t
2007-06-28,0.0,2.1616537831952752e-05,TLT,GARCH11-t
2007-06-29,0.0,1.8240488004863524e-05,TLT,GARCH11-t
2007-07-02,0.0,2.717201175340383e-05,TLT,GARCH11-t
2007-07-03,0.0,2.6216113580594333e-05,TLT,GARCH11-t
2007-07-05,0.0,2.5618141443906857e-05,TLT,GARCH11-t
2007-07-06,0.0,3.231688341960818e-05,TLT,GARCH11-t
2007-07-09,0.0,3.053705580862644e-05,TLT,GARCH11-t
2007-07-10,0.0,2.9176808547356743e-05,TLT,GARCH11-t
2007-07-11,0.0,4.349889137937493e-05,TLT,GARCH11-t
2007-07-12,0.0,4.300806442402339e-05,TLT,GARCH11-t
2007-07-13,0.0,3.947475317744135e-05,TLT,GARCH11-t
2007-07-16,0.0,3.626718825689254e-05,TLT,GARCH11-t
2007-07-17,0.0,3.7929591726282186e-05,TLT,GARCH11-t
2007-07-18,0.0,3.482948251898776e-05,TLT,GARCH11-t
2007-07-19,0.0,3.270008910901334e-05,TLT,GARCH11-t
2007-07-20,0.0,2.9962072204809953e-05,TLT,GARCH11-t
2007-07-23,0.0,3.1825726932706895e-05,TLT,GARCH11-t
2007-07-24,0.0,2.949642580290006e-05,TLT,GARCH11-t
2007-07-25,0.0,2.9793906026580076e-05,TLT,GARCH11-t
2007-07-26,0.0,2.7637244638884393e-05,TLT,GARCH11-t
2007-07-27,0.0,2.840811663859516e-05,TLT,GARCH11-t
2007-07-30,0.0,2.690012960171551e-05,TLT,GARCH11-t
2007-07-31,0.0,2.5645235243403857e-05,TLT,GARCH11-t
2007-08-01,0.0,2.6806322695913672e-05,TLT,GARCH11-t
2007-08-02,0.0,2.560135296624739e-05,TLT,GARCH11-t
2007-08-03,0.0,2.4281122746919803e-05,TLT,GARCH11-t
2007-08-06,0.0,2.647560226418856e-05,TLT,GARCH11-t
2007-08-07,0.0,2.6669653046664317e-05,TLT,GARCH11-t
2007-08-08,0.0,2.5005962251060755e-05,TLT,GARCH11-t
2007-08-09,0.0,3.150954755530848e-05,TLT,GARCH11-t
2007-08-10,0.0,2.93165247238257e-05,TLT,GARCH11-t
2007-08-13,0.0,2.7617660618841142e-05,TLT,GARCH11-t
2007-08-14,0.0,2.6352823360845135e-05,TLT,GARCH11-t
2007-08-15,0.0,2.516664754531e-05,TLT,GARCH11-t
2007-08-16,0.0,2.450014042464553e-05,TLT,GARCH11-t
2007-08-17,0.0,2.862940829774451e-05,TLT,GARCH11-t
2007-08-20,0.0,2.8756738446174662e-05,TLT,GARCH11-t
2007-08-21,0.0,2.5858260645876426e-05,TLT,GARCH11-t
2007-08-22,0.0,2.6385418030513334e-05,TLT,GARCH11-t
2007-08-23,0.0,2.4626712161543988e-05,TLT,GARCH11-t
2007-08-24,0.0,2.3971613049175312e-05,TLT,GARCH11-t
2007-08-27,0.0,2.5289901856646923e-05,TLT,GARCH11-t
2007-08-28,0.0,2.5871507439012688e-05,TLT,GARCH11-t
2007-08-29,0.0,2.4902457149902954e-05,TLT,GARCH11-t
2007-08-30,0.0,2.2604515117108876e-05,TLT,GARCH11-t
2007-08-31,0.0,2.4782747811830496e-05,TLT,GARCH11-t
2007-09-04,0.0,2.3262062770948136e-05,TLT,GARCH11-t
2007-09-05,0.0,2.1950509007530073e-05,TLT,GARCH11-t
2007-09-06,0.0,2.5036788375431773e-05,TLT,GARCH11-t
2007-09-07,0.0,2.408433854566595e-05,TLT,GARCH11-t
2007-09-10,0.0,3.192215057422574e-05,TLT,GARCH11-t
2007-09-11,0.0,3.2506449621086887e-05,TLT,GARCH11-t
2007-09-12,0.0,3.0982360828506664e-05,TLT,GARCH11-t
2007-09-13,0.0,3.0157056547573898e-05,TLT,GARCH11-t
2007-09-14,0.0,3.2319252407164255e-05,TLT,GARCH11-t
2007-09-17,0.0,3.0113501574593387e-05,TLT,GARCH11-t
2007-09-18,0.0,2.9407454923464186e-05,TLT,GARCH11-t
2007-09-19,0.0,3.086519604257444e-05,TLT,GARCH11-t
2007-09-20,0.0,3.426444409781169e-05,TLT,GARCH11-t
2007-09-21,0.0,5.250038589029651e-05,TLT,GARCH11-t
2007-09-24,0.0,6.125682331391834e-05,TLT,GARCH11-t
2007-09-25,0.0,5.4867763507094775e-05,TLT,GARCH11-t
2007-09-26,0.0,4.625316072325034e-05,TLT,GARCH11-t
2007-09-27,0.0,3.775119029492369e-05,TLT,GARCH11-t
2007-09-28,0.0,3.731601325445405e-05,TLT,GARCH11-t
2007-10-01,0.0,3.4734103493200856e-05,TLT,GARCH11-t
2007-10-02,0.0,3.3993621682849505e-05,TLT,GARCH11-t
2007-10-03,0.0,3.219133518716466e-05,TLT,GARCH11-t
2007-10-04,0.0,3.057480831912971e-05,TLT,GARCH11-t
2007-10-05,0.0,3.251968060399335e-05,TLT,GARCH11-t
2007-10-08,0.0,3.39120626345345e-05,TLT,GARCH11-t
2007-10-09,0.0,3.196713405937213e-05,TLT,GARCH11-t
2007-10-10,0.0,2.9396380568638978e-05,TLT,GARCH11-t
2007-10-11,0.0,2.7736133935772724e-05,TLT,GARCH11-t
2007-10-12,0.0,2.6345651523182555e-05,TLT,GARCH11-t
2007-10-15,0.0,2.6243218852136533e-05,TLT,GARCH11-t
2007-10-16,0.0,2.525344961595979e-05,TLT,GARCH11-t
2007-10-17,0.0,2.3952551381694887e-05,TLT,GARCH11-t
2007-10-18,0.0,2.9270293625705204e-05,TLT,GARCH11-t
2007-10-19,0.0,2.9237401965791827e-05,TLT,GARCH11-t
2007-10-22,0.0,4.144853355158646e-05,TLT,GARCH11-t
2007-10-23,0.0,3.717247827048261e-05,TLT,GARCH11-t
2007-10-24,0.0,3.3661089074355464e-05,TLT,GARCH11-t
2007-10-25,0.0,3.429839177173587e-05,TLT,GARCH11-t
2007-10-26,0.0,3.5963392021674875e-05,TLT,GARCH11-t
2007-10-29,0.0,3.078934733335117e-05,TLT,GARCH11-t
2007-10-30,0.0,2.9651782720999046e-05,TLT,GARCH11-t
2007-10-31,0.0,2.8005681937451007e-05,TLT,GARCH11-t
2007-11-01,0.0,3.0532815472714425e-05,TLT,GARCH11-t
2007-11-02,0.0,4.1289096047731946e-05,TLT,GARCH11-t
2007-11-05,0.0,3.613612372260545e-05,TLT,GARCH11-t
2007-11-06,0.0,3.4369487375409835e-05,TLT,GARCH11-t
2007-11-07,0.0,3.200671818769136e-05,TLT,GARCH11-t
2007-11-08,0.0,3.163215470689852e-05,TLT,GARCH11-t
2007-11-09,0.0,3.123456264998063e-05,TLT,GARCH11-t
2007-11-12,0.0,3.1737075490919306e-05,TLT,GARCH11-t
2007-11-13,0.0,3.4731878069567926e-05,TLT,GARCH11-t
2007-11-14,0.0,3.1272048814502375e-05,TLT,GARCH11-t
2007-11-15,0.0,3.279202682057513e-05,TLT,GARCH11-t
2007-11-16,0.0,3.163483291314117e-05,TLT,GARCH11-t
2007-11-19,0.0,3.125118491302885e-05,TLT,GARCH11-t
2007-11-20,0.0,3.1364835671163805e-05,TLT,GARCH11-t
2007-11-21,0.0,3.093116470721861e-05,TLT,GARCH11-t
2007-11-23,0.0,3.0998099119744195e-05,TLT,GARCH11-t
2007-11-26,0.0,3.074463708731058e-05,TLT,GARCH11-t
2007-11-27,0.0,3.522464644024801e-05,TLT,GARCH11-t
2007-11-28,0.0,3.5926408555170314e-05,TLT,GARCH11-t
2007-11-29,0.0,4.6995271863370784e-05,TLT,GARCH11-t
2007-11-30,0.0,3.824491627288938e-05,TLT,GARCH11-t
2007-12-03,0.0,3.628464862213414e-05,TLT,GARCH11-t
2007-12-04,0.0,3.649656710182455e-05,TLT,GARCH11-t
2007-12-05,0.0,3.601226468952842e-05,TLT,GARCH11-t
2007-12-06,0.0,3.7371633665882046e-05,TLT,GARCH11-t
2007-12-07,0.0,3.7808393465912387e-05,TLT,GARCH11-t
2007-12-10,0.0,3.891293214814263e-05,TLT,GARCH11-t
2007-12-11,0.0,3.8853730761123084e-05,TLT,GARCH11-t
2007-12-12,0.0,7.008205776302731e-05,TLT,GARCH11-t
2007-12-13,0.0,7.134282983442131e-05,TLT,GARCH11-t
2007-12-14,0.0,7.313619128599243e-05,TLT,GARCH11-t
2007-12-17,0.0,6.971607969174483e-05,TLT,GARCH11-t
2007-12-18,0.0,6.956313572586827e-05,TLT,GARCH11-t
2007-12-19,0.0,7.209996731998253e-05,TLT,GARCH11-t
2007-12-20,0.0,7.235550550627038e-05,TLT,GARCH11-t
2007-12-21,0.0,6.823899599542618e-05,TLT,GARCH11-t
2007-12-24,0.0,7.811453028796141e-05,TLT,GARCH11-t
2007-12-26,0.0,7.183247473836544e-05,TLT,GARCH11-t
2007-12-27,0.0,7.143429553142077e-05,TLT,GARCH11-t
2007-12-28,0.0,7.316803347034236e-05,TLT,GARCH11-t
2007-12-31,0.0,8.310622128628964e-05,TLT,GARCH11-t
2008-01-02,0.0,8.702756486262947e-05,TLT,GARCH11-t
2008-01-03,0.0,9.225437173571936e-05,TLT,GARCH11-t
2008-01-04,0.0,8.18490413217469e-05,TLT,GARCH11-t
2008-01-07,0.0,7.595263190097831e-05,TLT,GARCH11-t
2008-01-08,0.0,7.310903318103752e-05,TLT,GARCH11-t
2008-01-09,0.0,6.630672390972398e-05,TLT,GARCH11-t
2008-01-10,0.0,6.52917630794002e-05,TLT,GARCH11-t
2008-01-11,0.0,7.296780659395503e-05,TLT,GARCH11-t
2008-01-14,0.0,6.748675464254795e-05,TLT,GARCH11-t
2008-01-15,0.0,7.185273866171948e-05,TLT,GARCH11-t
2008-01-16,0.0,7.304376879207087e-05,TLT,GARCH11-t
2008-01-17,0.0,7.737767626258335e-05,TLT,GARCH11-t
2008-01-18,0.0,7.031111946958106e-05,TLT,GARCH11-t
2008-01-22,0.0,7.342924612200038e-05,TLT,GARCH11-t
2008-01-23,0.0,7.242185065080712e-05,TLT,GARCH11-t
2008-01-24,0.0,6.649915362962835e-05,TLT,GARCH11-t
2008-01-25,0.0,9.130901072418283e-05,TLT,GARCH11-t
2008-01-28,0.0,0.00010175416213548208,TLT,GARCH11-t
2008-01-29,0.0,9.005262690718457e-05,TLT,GARCH11-t
2008-01-30,0.0,8.685193615461462e-05,TLT,GARCH11-t
2008-01-31,0.0,8.7246829863902e-05,TLT,GARCH11-t
2008-02-01,0.0,8.702381452503082e-05,TLT,GARCH11-t
2008-02-04,0.0,7.854769262857193e-05,TLT,GARCH11-t
2008-02-05,0.0,7.983451447668673e-05,TLT,GARCH11-t
2008-02-06,0.0,7.812057446186492e-05,TLT,GARCH11-t
2008-02-07,0.0,7.532101186572923e-05,TLT,GARCH11-t
2008-02-08,0.0,9.445914347427853e-05,TLT,GARCH11-t
2008-02-11,0.0,0.00010307226088195442,TLT,GARCH11-t
2008-02-12,0.0,9.692534911594394e-05,TLT,GARCH11-t
2008-02-13,0.0,9.260227508115816e-05,TLT,GARCH11-t
2008-02-14,0.0,0.00010351577695329864,TLT,GARCH11-t
2008-02-15,0.0,0.00010257295105599247,TLT,GARCH11-t
2008-02-19,0.0,9.663312647583968e-05,TLT,GARCH11-t
2008-02-20,0.0,9.013103133136049e-05,TLT,GARCH11-t
2008-02-21,0.0,9.389789476468315e-05,TLT,GARCH11-t
2008-02-22,0.0,9.592547772740419e-05,TLT,GARCH11-t
2008-02-25,0.0,8.920857618140988e-05,TLT,GARCH11-t
2008-02-26,0.0,8.956612932194351e-05,TLT,GARCH11-t
2008-02-27,0.0,8.222685205039646e-05,TLT,GARCH11-t
2008-02-28,0.0,9.351386476297107e-05,TLT,GARCH11-t
2008-02-29,0.0,9.252321485918957e-05,TLT,GARCH11-t
2008-03-03,0.0,9.799590672422684e-05,TLT,GARCH11-t
2008-03-04,0.0,9.099643186356423e-05,TLT,GARCH11-t
2008-03-05,0.0,9.015876495112673e-05,TLT,GARCH11-t
2008-03-06,0.0,9.520430264784989e-05,TLT,GARCH11-t
2008-03-07,0.0,8.708404929104619e-05,TLT,GARCH11-t
2008-03-10,0.0,8.667121637609185e-05,TLT,GARCH11-t
2008-03-11,0.0,9.946611502811542e-05,TLT,GARCH11-t
2008-03-12,0.0,9.180820550413016e-05,TLT,GARCH11-t
2008-03-13,0.0,0.00010151776871697401,TLT,GARCH11-t
2008-03-14,0.0,9.867334946406284e-05,TLT,GARCH11-t
2008-03-17,0.0,9.875298848612327e-05,TLT,GARCH11-t
2008-03-18,0.0,0.0001019487170159806,TLT,GARCH11-t
2008-03-19,0.0,9.373072115489279e-05,TLT,GARCH11-t
2008-03-20,0.0,8.933773049973322e-05,TLT,GARCH11-t
2008-03-24,0.0,9.401860008589034e-05,TLT,GARCH11-t
2008-03-25,0.0,0.0001242688390481089,TLT,GARCH11-t
2008-03-26,0.0,0.00010244840884861265,TLT,GARCH11-t
2008-03-27,0.0,9.730548489112372e-05,TLT,GARCH11-t
2008-03-28,0.0,9.417064643546402e-05,TLT,GARCH11-t
2008-03-31,0.0,9.349853353541898e-05,TLT,GARCH11-t
2008-04-01,0.0,8.874225955770748e-05,TLT,GARCH11-t
2008-04-02,0.0,0.00010086011286631956,TLT,GARCH11-t
2008-04-03,0.0,0.00010953506752550362,TLT,GARCH11-t
2008-04-04,0.0,8.699556955667621e-05,TLT,GARCH11-t
2008-04-07,0.0,8.936520722406604e-05,TLT,GARCH11-t
2008-04-08,0.0,8.281880370561406e-05,TLT,GARCH11-t
2008-04-09,0.0,7.876977731123525e-05,TLT,GARCH11-t
2008-04-10,0.0,7.987621708086483e-05,TLT,GARCH11-t
2008-04-11,0.0,9.322375652534578e-05,TLT,GARCH11-t
2008-04-14,0.0,7.42055002562566e-05,TLT,GARCH11-t
2008-04-15,0.0,7.194709583930514e-05,TLT,GARCH11-t
2008-04-16,0.0,7.603543682064139e-05,TLT,GARCH11-t
2008-04-17,0.0,7.682793056450077e-05,TLT,GARCH11-t
2008-04-18,0.0,7.85207867720134e-05,TLT,GARCH11-t
2008-04-21,0.0,6.891626727725067e-05,TLT,GARCH11-t
2008-04-22,0.0,6.609491745043704e-05,TLT,GARCH11-t
2008-04-23,0.0,6.325583438105507e-05,TLT,GARCH11-t
2008-04-24,0.0,6.0577472603204495e-05,TLT,GARCH11-t
2008-04-25,0.0,6.123304872126392e-05,TLT,GARCH11-t
2008-04-28,0.0,5.9850544506849614e-05,TLT,GARCH11-t
2008-04-29,0.0,5.733899051933158e-05,TLT,GARCH11-t
2008-04-30,0.0,5.800837837282327e-05,TLT,GARCH11-t
2008-05-01,0.0,5.973277850053554e-05,TLT,GARCH11-t
2008-05-02,0.0,5.4933079341402315e-05,TLT,GARCH11-t
2008-05-05,0.0,5.817603955812377e-05,TLT,GARCH11-t
2008-05-06,0.0,5.529842578840319e-05,TLT,GARCH11-t
2008-05-07,0.0,5.5304860863648295e-05,TLT,GARCH11-t
2008-05-08,0.0,5.3580104808131804e-05,TLT,GARCH11-t
2008-05-09,0.0,5.511231964362556e-05,TLT,GARCH11-t
2008-05-12,0.0,5.316340688651587e-05,TLT,GARCH11-t
2008-05-13,0.0,5.076784091229019e-05,TLT,GARCH11-t
2008-05-14,0.0,5.4610267463586456e-05,TLT,GARCH11-t
2008-05-15,0.0,5.498508694078812e-05,TLT,GARCH11-t
2008-05-16,0.0,5.379622086774781e-05,TLT,GARCH11-t
2008-05-19,0.0,5.212054126474842e-05,TLT,GARCH11-t
2008-05-20,0.0,4.97463840106369e-05,TLT,GARCH11-t
2008-05-21,0.0,4.887396943227459e-05,TLT,GARCH11-t
2008-05-22,0.0,4.9020015473258506e-05,TLT,GARCH11-t
2008-05-23,0.0,5.4433592740330565e-05,TLT,GARCH11-t
2008-05-27,0.0,5.286989614094334e-05,TLT,GARCH11-t
2008-05-28,0.0,5.263563076248046e-05,TLT,GARCH11-t
2008-05-29,0.0,5.2251451297474934e-05,TLT,GARCH11-t
2008-05-30,0.0,5.250939261056628e-05,TLT,GARCH11-t
2008-06-02,0.0,5.228636444086194e-05,TLT,GARCH11-t
2008-06-03,0.0,5.123345465310575e-05,TLT,GARCH11-t
2008-06-04,0.0,5.127467563346347e-05,TLT,GARCH11-t
2008-06-05,0.0,5.268337107942238e-05,TLT,GARCH11-t
2008-06-06,0.0,5.213599906090387e-05,TLT,GARCH11-t
2008-06-09,0.0,5.781953536383445e-05,TLT,GARCH11-t
2008-06-10,0.0,5.502766677999502e-05,TLT,GARCH11-t
2008-06-11,0.0,5.459739832140993e-05,TLT,GARCH11-t
2008-06-12,0.0,5.2071429989996005e-05,TLT,GARCH11-t
2008-06-13,0.0,5.467969969183985e-05,TLT,GARCH11-t
2008-06-16,0.0,5.420980212171754e-05,TLT,GARCH11-t
2008-06-17,0.0,5.3897074863682984e-05,TLT,GARCH11-t
2008-06-18,0.0,4.7795395917194895e-05,TLT,GARCH11-t
2008-06-19,0.0,4.918146569072325e-05,TLT,GARCH11-t
2008-06-20,0.0,4.868904217592767e-05,TLT,GARCH11-t
2008-06-23,0.0,4.821078022218904e-05,TLT,GARCH11-t
2008-06-24,0.0,4.624984266340775e-05,TLT,GARCH11-t
2008-06-25,0.0,4.646510380737092e-05,TLT,GARCH11-t
2008-06-26,0.0,4.590869866897227e-05,TLT,GARCH11-t
2008-06-27,0.0,4.4871440946205504e-05,TLT,GARCH11-t
2008-06-30,0.0,4.9914361333289505e-05,TLT,GARCH11-t
2008-07-01,0.0,4.8793479113644976e-05,TLT,GARCH11-t
2008-07-02,0.0,4.571364737447771e-05,TLT,GARCH11-t
2008-07-03,0.0,4.596840240048218e-05,TLT,GARCH11-t
2008-07-07,0.0,4.327194699777936e-05,TLT,GARCH11-t
2008-07-08,0.0,4.250760647406799e-05,TLT,GARCH11-t
2008-07-09,0.0,4.2880349098507164e-05,TLT,GARCH11-t
2008-07-10,0.0,4.177349750908797e-05,TLT,GARCH11-t
2008-07-11,0.0,4.2601552217775245e-05,TLT,GARCH11-t
2008-07-14,0.0,4.882137839248258e-05,TLT,GARCH11-t
2008-07-15,0.0,5.052319248972745e-05,TLT,GARCH11-t
2008-07-16,0.0,4.810667142587972e-05,TLT,GARCH11-t
2008-07-17,0.0,6.296002001868626e-05,TLT,GARCH11-t
2008-07-18,0.0,6.113718095071645e-05,TLT,GARCH11-t
2008-07-21,0.0,5.88158316968505e-05,TLT,GARCH11-t
2008-07-22,0.0,5.660919695295575e-05,TLT,GARCH11-t
2008-07-23,0.0,5.514012548501168e-05,TLT,GARCH11-t
2008-07-24,0.0,5.270398552030207e-05,TLT,GARCH11-t
2008-07-25,0.0,5.733490991649773e-05,TLT,GARCH11-t
2008-07-28,0.0,5.935583422993125e-05,TLT,GARCH11-t
2008-07-29,0.0,5.9907274763021343e-05,TLT,GARCH11-t
2008-07-30,0.0,5.780496669378922e-05,TLT,GARCH11-t
2008-07-31,0.0,5.500288310060055e-05,TLT,GARCH11-t
2008-08-01,0.0,5.737403949672409e-05,TLT,GARCH11-t
2008-08-04,0.0,5.7644500817775006e-05,TLT,GARCH11-t
2008-08-05,0.0,5.567393830651765e-05,TLT,GARCH11-t
2008-08-06,0.0,5.286672787808622e-05,TLT,GARCH11-t
2008-08-07,0.0,5.127425150455663e-05,TLT,GARCH11-t
2008-08-08,0.0,6.210932396489202e-05,TLT,GARCH11-t
2008-08-11,0.0,5.940160970026838e-05,TLT,GARCH11-t
2008-08-12,0.0,6.12239391914117e-05,TLT,GARCH11-t
2008-08-13,0.0,6.260766171381263e-05,TLT,GARCH11-t
2008-08-14,0.0,6.0115455296724695e-05,TLT,GARCH11-t
2008-08-15,0.0,5.9275472448119076e-05,TLT,GARCH11-t
2008-08-18,0.0,6.281014984595287e-05,TLT,GARCH11-t
2008-08-19,0.0,6.110515600081846e-05,TLT,GARCH11-t
2008-08-20,0.0,5.593838979829973e-05,TLT,GARCH11-t
2008-08-21,0.0,5.3672647927475355e-05,TLT,GARCH11-t
2008-08-22,0.0,5.1359625000992794e-05,TLT,GARCH11-t
2008-08-25,0.0,4.9049392304839985e-05,TLT,GARCH11-t
2008-08-26,0.0,5.1919728472136816e-05,TLT,GARCH11-t
2008-08-27,0.0,4.957348215014138e-05,TLT,GARCH11-t
2008-08-28,0.0,4.752771387246081e-05,TLT,GARCH11-t
2008-08-29,0.0,5.060574812784632e-05,TLT,GARCH11-t
2008-09-02,0.0,4.453845061300006e-05,TLT,GARCH11-t
2008-09-03,0.0,5.064333360255556e-05,TLT,GARCH11-t
2008-09-04,0.0,4.598700514798052e-05,TLT,GARCH11-t
2008-09-05,0.0,5.0138499797656685e-05,TLT,GARCH11-t
2008-09-08,0.0,4.532879173287098e-05,TLT,GARCH11-t
2008-09-09,0.0,4.401743659299384e-05,TLT,GARCH11-t
2008-09-10,0.0,5.054196669513412e-05,TLT,GARCH11-t
2008-09-11,0.0,4.9949648696370104e-05,TLT,GARCH11-t
2008-09-12,0.0,4.920950244205102e-05,TLT,GARCH11-t
2008-09-15,0.0,5.1682444585982284e-05,TLT,GARCH11-t
2008-09-16,0.0,9.928478960239807e-05,TLT,GARCH11-t
2008-09-17,0.0,0.00010778592065450042,TLT,GARCH11-t
2008-09-18,0.0,8.668896795092565e-05,TLT,GARCH11-t
2008-09-19,0.0,9.363405717368087e-05,TLT,GARCH11-t
2008-09-22,0.0,0.00017877659443288492,TLT,GARCH11-t
2008-09-23,0.0,0.00014798311050986078,TLT,GARCH11-t
2008-09-24,0.0,0.00013112924645368026,TLT,GARCH11-t
2008-09-25,0.0,0.00012370688261878463,TLT,GARCH11-t
2008-09-26,0.0,0.00010619192414011602,TLT,GARCH11-t
2008-09-29,0.0,0.0001093244421300127,TLT,GARCH11-t
2008-09-30,0.0,0.00014681048250331114,TLT,GARCH11-t
2008-10-01,0.0,0.00019713160006474593,TLT,GARCH11-t
2008-10-02,0.0,0.0001919406768688997,TLT,GARCH11-t
2008-10-03,0.0,0.00017872525110435936,TLT,GARCH11-t
2008-10-06,0.0,0.0001541756621731583,TLT,GARCH11-t
2008-10-07,0.0,0.00018188480049362887,TLT,GARCH11-t
2008-10-08,0.0,0.00016433925092595758,TLT,GARCH11-t
2008-10-09,0.0,0.0001658036537163511,TLT,GARCH11-t
2008-10-10,0.0,0.00014830489055274527,TLT,GARCH11-t
2008-10-13,0.0,0.00014627968683068518,TLT,GARCH11-t
2008-10-14,0.0,0.0001224070250201455,TLT,GARCH11-t
2008-10-15,0.0,0.00011491837189118453,TLT,GARCH11-t
2008-10-16,0.0,0.00011008624050640589,TLT,GARCH11-t
2008-10-17,0.0,9.804782799695162e-05,TLT,GARCH11-t
2008-10-20,0.0,9.958095923874962e-05,TLT,GARCH11-t
2008-10-21,0.0,0.00010992235655289396,TLT,GARCH11-t
2008-10-22,0.0,9.580726418083797e-05,TLT,GARCH11-t
2008-10-23,0.0,0.00011456656234542934,TLT,GARCH11-t
2008-10-24,0.0,0.00011198790203995477,TLT,GARCH11-t
2008-10-27,0.0,0.00010695007562572043,TLT,GARCH11-t
2008-10-28,0.0,0.00010772683111832426,TLT,GARCH11-t
2008-10-29,0.0,0.0001069664517107377,TLT,GARCH11-t
2008-10-30,0.0,9.67594479211223e-05,TLT,GARCH11-t
2008-10-31,0.0,0.00010520602280277464,TLT,GARCH11-t
2008-11-03,0.0,9.996092394829252e-05,TLT,GARCH11-t
2008-11-04,0.0,0.00010119549034668801,TLT,GARCH11-t
2008-11-05,0.0,0.00011934412851832067,TLT,GARCH11-t
2008-11-06,0.0,0.0001200870300858396,TLT,GARCH11-t
2008-11-07,0.0,0.00011596892977640681,TLT,GARCH11-t
2008-11-10,0.0,0.00011174326698555937,TLT,GARCH11-t
2008-11-11,0.0,0.00010675278069679901,TLT,GARCH11-t
2008-11-12,0.0,0.00010140764516636784,TLT,GARCH11-t
2008-11-13,0.0,9.808515994152019e-05,TLT,GARCH11-t
2008-11-14,0.0,0.00012296780224668524,TLT,GARCH11-t
2008-11-17,0.0,0.00013570829464094747,TLT,GARCH11-t
2008-11-18,0.0,0.00012896688904624875,TLT,GARCH11-t
2008-11-19,0.0,0.0001297476295178063,TLT,GARCH11-t
2008-11-20,0.0,0.00015540736880934714,TLT,GARCH11-t
2008-11-21,0.0,0.000369668316969537,TLT,GARCH11-t
2008-11-24,0.0,0.00035368345397619386,TLT,GARCH11-t
2008-11-25,0.0,0.00037902144846646286,TLT,GARCH11-t
2008-11-26,0.0,0.0004183413143659326,TLT,GARCH11-t
2008-11-28,0.0,0.0003659214859799956,TLT,GARCH11-t
2008-12-01,0.0,0.00034383197589666015,TLT,GARCH11-t
2008-12-02,0.0,0.0004474238497953582,TLT,GARCH11-t
2008-12-03,0.0,0.0003973767676108023,TLT,GARCH11-t
2008-12-04,0.0,0.00035269484885062897,TLT,GARCH11-t
2008-12-05,0.0,0.0003513010294090103,TLT,GARCH11-t
2008-12-08,0.0,0.00033775338238077916,TLT,GARCH11-t
2008-12-09,0.0,0.00032286188527182495,TLT,GARCH11-t
2008-12-10,0.0,0.00030944435255672505,TLT,GARCH11-t
2008-12-11,0.0,0.0002804094803676626,TLT,GARCH11-t
2008-12-12,0.0,0.00027111985040599124,TLT,GARCH11-t
2008-12-15,0.0,0.00023853931662683555,TLT,GARCH11-t
2008-12-16,0.0,0.0002193188998738049,TLT,GARCH11-t
2008-12-17,0.0,0.00024123279442437597,TLT,GARCH11-t
2008-12-18,0.0,0.00031095696895672376,TLT,GARCH11-t
2008-12-19,0.0,0.00032464848947597204,TLT,GARCH11-t
2008-12-22,0.0,0.0002729858247171134,TLT,GARCH11-t
2008-12-23,0.0,0.00027274382532686906,TLT,GARCH11-t
2008-12-24,0.0,0.0002450840228324846,TLT,GARCH11-t
2008-12-26,0.0,0.0002144275154477459,TLT,GARCH11-t
2008-12-29,0.0,0.00019208992113046793,TLT,GARCH11-t
2008-12-30,0.0,0.00016120341247884774,TLT,GARCH11-t
2008-12-31,0.0,0.00016256776880809698,TLT,GARCH11-t
2009-01-02,0.0,0.00018326628685222585,TLT,GARCH11-t
2009-01-05,0.0,0.00024206952135102298,TLT,GARCH11-t
2009-01-06,0.0,0.00027130433479494523,TLT,GARCH11-t
2009-01-07,0.0,0.0002676443695169299,TLT,GARCH11-t
2009-01-08,0.0,0.00023139428637455493,TLT,GARCH11-t
2009-01-09,0.0,0.0002072269116204567,TLT,GARCH11-t
2009-01-12,0.0,0.00020074226695859288,TLT,GARCH11-t
2009-01-13,0.0,0.00017660886331512634,TLT,GARCH11-t
2009-01-14,0.0,0.0001710825068353323,TLT,GARCH11-t
2009-01-15,0.0,0.00018290828623968665,TLT,GARCH11-t
2009-01-16,0.0,0.00016232871174222117,TLT,GARCH11-t
2009-01-20,0.0,0.00017329511796033485,TLT,GARCH11-t
2009-01-21,0.0,0.0001468863115463036,TLT,GARCH11-t
2009-01-22,0.0,0.00022636117810286341,TLT,GARCH11-t
2009-01-23,0.0,0.0002437731082640745,TLT,GARCH11-t
2009-01-26,0.0,0.0002330246507652538,TLT,GARCH11-t
2009-01-27,0.0,0.00022180817333299578,TLT,GARCH11-t
2009-01-28,0.0,0.00023171611318865824,TLT,GARCH11-t
2009-01-29,0.0,0.0002741617510493743,TLT,GARCH11-t
2009-01-30,0.0,0.00030263069619077345,TLT,GARCH11-t
2009-02-02,0.0,0.00026160449507311637,TLT,GARCH11-t
2009-02-03,0.0,0.0002839691712562082,TLT,GARCH11-t
2009-02-04,0.0,0.00028255381863285264,TLT,GARCH11-t
2009-02-05,0.0,0.00028554917362718166,TLT,GARCH11-t
2009-02-06,0.0,0.00026085785087162595,TLT,GARCH11-t
2009-02-09,0.0,0.0002451225070461601,TLT,GARCH11-t
2009-02-10,0.0,0.00020685902896240045,TLT,GARCH11-t
2009-02-11,0.0,0.00022328595910768828,TLT,GARCH11-t
2009-02-12,0.0,0.00023961069696911983,TLT,GARCH11-t
2009-02-13,0.0,0.00020523487723419047,TLT,GARCH11-t
2009-02-17,0.0,0.0002478683756936171,TLT,GARCH11-t
2009-02-18,0.0,0.00032068745097485647,TLT,GARCH11-t
2009-02-19,0.0,0.0002814747073218387,TLT,GARCH11-t
2009-02-20,0.0,0.00030371247499213876,TLT,GARCH11-t
2009-02-23,0.0,0.00026347064398429126,TLT,GARCH11-t
2009-02-24,0.0,0.00024885785901580375,TLT,GARCH11-t
2009-02-25,0.0,0.00022607052131722537,TLT,GARCH11-t
2009-02-26,0.0,0.00024544400811160914,TLT,GARCH11-t
2009-02-27,0.0,0.00023003178681110505,TLT,GARCH11-t
2009-03-02,0.0,0.0001947729655352945,TLT,GARCH11-t
2009-03-03,0.0,0.0002005095154722813,TLT,GARCH11-t
2009-03-04,0.0,0.00021365963178865868,TLT,GARCH11-t
2009-03-05,0.0,0.00019702900047119534,TLT,GARCH11-t
2009-03-06,0.0,0.00021594735657134092,TLT,GARCH11-t
2009-03-09,0.0,0.0002015519093881851,TLT,GARCH11-t
2009-03-10,0.0,0.0002132501510512568,TLT,GARCH11-t
2009-03-11,0.0,0.0002339618952402701,TLT,GARCH11-t
2009-03-12,0.0,0.00019589755737274385,TLT,GARCH11-t
2009-03-13,0.0,0.00022141581387478176,TLT,GARCH11-t
2009-03-16,0.0,0.0001770162272827284,TLT,GARCH11-t
2009-03-17,0.0,0.00021686668525383856,TLT,GARCH11-t
2009-03-18,0.0,0.0002074871754436929,TLT,GARCH11-t
2009-03-19,0.0,0.0002616782203410475,TLT,GARCH11-t
2009-03-20,0.0,0.00023893293571927335,TLT,GARCH11-t
2009-03-23,0.0,0.00024643712135406407,TLT,GARCH11-t
2009-03-24,0.0,0.0002118731781613946,TLT,GARCH11-t
2009-03-25,0.0,0.00019899931217262916,TLT,GARCH11-t
2009-03-26,0.0,0.00019855490914213826,TLT,GARCH11-t
2009-03-27,0.0,0.0002332896443517304,TLT,GARCH11-t
2009-03-30,0.0,0.00022864916306899587,TLT,GARCH11-t
2009-03-31,0.0,0.00021922617117637873,TLT,GARCH11-t
2009-04-01,0.0,0.00022066415430436852,TLT,GARCH11-t
2009-04-02,0.0,0.0002139030649711475,TLT,GARCH11-t
2009-04-03,0.0,0.00021062486179937288,TLT,GARCH11-t
2009-04-06,0.0,0.00017801477812065934,TLT,GARCH11-t
2009-04-07,0.0,0.00021545729977385977,TLT,GARCH11-t
2009-04-08,0.0,0.00020568066508301549,TLT,GARCH11-t
2009-04-09,0.0,0.0002042062695387806,TLT,GARCH11-t
2009-04-13,0.0,0.00020181469949992205,TLT,GARCH11-t
2009-04-14,0.0,0.00019768507789135554,TLT,GARCH11-t
2009-04-15,0.0,0.00013095347134297496,TLT,GARCH11-t
2009-04-16,0.0,0.00017751672619470155,TLT,GARCH11-t
2009-04-17,0.0,0.00016947938394428204,TLT,GARCH11-t
2009-04-20,0.0,0.00013207712156563907,TLT,GARCH11-t
2009-04-21,0.0,0.00013583199792030015,TLT,GARCH11-t
2009-04-22,0.0,0.00013569403012185348,TLT,GARCH11-t
2009-04-23,0.0,0.00013104104928004598,TLT,GARCH11-t
2009-04-24,0.0,0.00011159394972043438,TLT,GARCH11-t
2009-04-27,0.0,0.0001241793782946007,TLT,GARCH11-t
2009-04-28,0.0,0.00011983067905311641,TLT,GARCH11-t
2009-04-29,0.0,0.0001278252471504296,TLT,GARCH11-t
2009-04-30,0.0,0.00012589785389347723,TLT,GARCH11-t
2009-05-01,0.0,0.00011395777609241053,TLT,GARCH11-t
2009-05-04,0.0,0.00012946009793134117,TLT,GARCH11-t
2009-05-05,0.0,0.00010269283653256168,TLT,GARCH11-t
2009-05-06,0.0,9.622849353123269e-05,TLT,GARCH11-t
2009-05-07,0.0,0.00010477644618832545,TLT,GARCH11-t
2009-05-08,0.0,0.0001285051772746024,TLT,GARCH11-t
2009-05-11,0.0,0.00012474770782129689,TLT,GARCH11-t
2009-05-12,0.0,0.00012705474139100038,TLT,GARCH11-t
2009-05-13,0.0,0.0001238762010633667,TLT,GARCH11-t
2009-05-14,0.0,0.00012407551366335243,TLT,GARCH11-t
2009-05-15,0.0,0.00011485062139739949,TLT,GARCH11-t
2009-05-18,0.0,0.00012153793791364519,TLT,GARCH11-t
2009-05-19,0.0,0.00012133192014131745,TLT,GARCH11-t
2009-05-20,0.0,0.00011732144094137216,TLT,GARCH11-t
2009-05-21,0.0,0.00011394006262390108,TLT,GARCH11-t
2009-05-22,0.0,0.0001457207410923238,TLT,GARCH11-t
2009-05-26,0.0,0.00014469344530957217,TLT,GARCH11-t
2009-05-27,0.0,0.00014958872581516584,TLT,GARCH11-t
2009-05-28,0.0,0.00016684522004989537,TLT,GARCH11-t
2009-05-29,0.0,0.0001699112619151185,TLT,GARCH11-t
2009-06-01,0.0,0.00019413033162946037,TLT,GARCH11-t
2009-06-02,0.0,0.00025785258198952237,TLT,GARCH11-t
2009-06-03,0.0,0.00022265437528932972,TLT,GARCH11-t
2009-06-04,0.0,0.00021483719110289157,TLT,GARCH11-t
2009-06-05,0.0,0.00022907477478506448,TLT,GARCH11-t
2009-06-08,0.0,0.00021044983717657235,TLT,GARCH11-t
2009-06-09,0.0,0.0001994282853040729,TLT,GARCH11-t
2009-06-10,0.0,0.00020083642492074884,TLT,GARCH11-t
2009-06-11,0.0,0.00019502790661366353,TLT,GARCH11-t
2009-06-12,0.0,0.00019697914323704835,TLT,GARCH11-t
2009-06-15,0.0,0.00019695785587461458,TLT,GARCH11-t
2009-06-16,0.0,0.00019213353301575747,TLT,GARCH11-t
2009-06-17,0.0,0.00019677807561121173,TLT,GARCH11-t
2009-06-18,0.0,0.0001897788057412702,TLT,GARCH11-t
2009-06-19,0.0,0.00018777071449124056,TLT,GARCH11-t
2009-06-22,0.0,0.00019314244135220683,TLT,GARCH11-t
2009-06-23,0.0,0.00018274423972493655,TLT,GARCH11-t
2009-06-24,0.0,0.00018734263428028838,TLT,GARCH11-t
2009-06-25,0.0,0.00017709535279296807,TLT,GARCH11-t
2009-06-26,0.0,0.00017556783267702266,TLT,GARCH11-t
2009-06-29,0.0,0.00018342605646675373,TLT,GARCH11-t
2009-06-30,0.0,0.00015849299584971697,TLT,GARCH11-t
2009-07-01,0.0,0.0001612212978345785,TLT,GARCH11-t
2009-07-02,0.0,0.00015566071972030585,TLT,GARCH11-t
2009-07-06,0.0,0.00013756135955184283,TLT,GARCH11-t
2009-07-07,0.0,0.0001097860791105203,TLT,GARCH11-t
2009-07-08,0.0,0.00010935005560739106,TLT,GARCH11-t
2009-07-09,0.0,0.00014950006370219323,TLT,GARCH11-t
2009-07-10,0.0,0.00014886361199652372,TLT,GARCH11-t
2009-07-13,0.0,0.000142557798141426,TLT,GARCH11-t
2009-07-14,0.0,0.00013686492482114859,TLT,GARCH11-t
2009-07-15,0.0,0.00014588536990314482,TLT,GARCH11-t
2009-07-16,0.0,0.0001796388303983394,TLT,GARCH11-t
2009-07-17,0.0,0.00016724655923934962,TLT,GARCH11-t
2009-07-20,0.0,0.00017136173948685616,TLT,GARCH11-t
2009-07-21,0.0,0.0001821622415939417,TLT,GARCH11-t
2009-07-22,0.0,0.00018603324237938718,TLT,GARCH11-t
2009-07-23,0.0,0.00018625416340388635,TLT,GARCH11-t
2009-07-24,0.0,0.0001971765236896636,TLT,GARCH11-t
2009-07-27,0.0,0.0001829792725825505,TLT,GARCH11-t
2009-07-28,0.0,0.00018197092023230837,TLT,GARCH11-t
2009-07-29,0.0,0.00017948414520298022,TLT,GARCH11-t
2009-07-30,0.0,0.00017399572079305022,TLT,GARCH11-t
2009-07-31,0.0,0.0001681499625747114,TLT,GARCH11-t
2009-08-03,0.0,0.00018545506843056794,TLT,GARCH11-t
2009-08-04,0.0,0.0001940347687797154,TLT,GARCH11-t
2009-08-05,0.0,0.00018190563311063702,TLT,GARCH11-t
2009-08-06,0.0,0.00018777787734388887,TLT,GARCH11-t
2009-08-07,0.0,0.00017588191264094024,TLT,GARCH11-t
2009-08-10,0.0,0.0001698397422846197,TLT,GARCH11-t
2009-08-11,0.0,0.00017278289478277935,TLT,GARCH11-t
2009-08-12,0.0,0.0001720344933199129,TLT,GARCH11-t
2009-08-13,0.0,0.00017037044582828725,TLT,GARCH11-t
2009-08-14,0.0,0.0001729849553155252,TLT,GARCH11-t
2009-08-17,0.0,0.00016490117829808014,TLT,GARCH11-t
2009-08-18,0.0,0.00017054060613416082,TLT,GARCH11-t
2009-08-19,0.0,0.00016385588700687065,TLT,GARCH11-t
2009-08-20,0.0,0.00016680830235356946,TLT,GARCH11-t
2009-08-21,0.0,0.00015632035747510927,TLT,GARCH11-t
2009-08-24,0.0,0.00018172870498307252,TLT,GARCH11-t
2009-08-25,0.0,0.00023261973988155795,TLT,GARCH11-t
2009-08-26,0.0,0.00015496202072399652,TLT,GARCH11-t
2009-08-27,0.0,0.00015333622093020692,TLT,GARCH11-t
2009-08-28,0.0,0.00016218358905841965,TLT,GARCH11-t
2009-08-31,0.0,0.0001395785274401815,TLT,GARCH11-t
2009-09-01,0.0,0.0001488529458238144,TLT,GARCH11-t
2009-09-02,0.0,0.00013469618141539577,TLT,GARCH11-t
2009-09-03,0.0,0.0001758433653118904,TLT,GARCH11-t
2009-09-04,0.0,0.00015371176683766567,TLT,GARCH11-t
2009-09-08,0.0,0.00019934626857269293,TLT,GARCH11-t
2009-09-09,0.0,0.00016258839894655943,TLT,GARCH11-t
2009-09-10,0.0,0.0001612214463191429,TLT,GARCH11-t
2009-09-11,0.0,0.00021933665142533125,TLT,GARCH11-t
2009-09-14,0.0,0.00016512526604845165,TLT,GARCH11-t
2009-09-15,0.0,0.00017274713237951572,TLT,GARCH11-t
2009-09-16,0.0,0.00014730570550763064,TLT,GARCH11-t
2009-09-17,0.0,0.00014802063479341785,TLT,GARCH11-t
2009-09-18,0.0,0.00018964345016201555,TLT,GARCH11-t
2009-09-21,0.0,0.00017646309254545906,TLT,GARCH11-t
2009-09-22,0.0,0.0001467780780339428,TLT,GARCH11-t
2009-09-23,0.0,0.0001464639083759477,TLT,GARCH11-t
2009-09-24,0.0,0.0001473847933757311,TLT,GARCH11-t
2009-09-25,0.0,0.0001354117481828255,TLT,GARCH11-t
2009-09-28,0.0,0.0001787021303614252,TLT,GARCH11-t
2009-09-29,0.0,0.00015011353867991456,TLT,GARCH11-t
2009-09-30,0.0,0.00013606608740805528,TLT,GARCH11-t
2009-10-01,0.0,0.00011728526001161116,TLT,GARCH11-t
2009-10-02,0.0,0.0001294181810303902,TLT,GARCH11-t
2009-10-05,0.0,0.00012649259677759728,TLT,GARCH11-t
2009-10-06,0.0,0.00013228167225170633,TLT,GARCH11-t
2009-10-07,0.0,0.00011958314319357426,TLT,GARCH11-t
2009-10-08,0.0,0.00012783730374959915,TLT,GARCH11-t
2009-10-09,0.0,0.00012969133257903633,TLT,GARCH11-t
2009-10-12,0.0,0.00022087739472182485,TLT,GARCH11-t
2009-10-13,0.0,0.00017391972392052934,TLT,GARCH11-t
2009-10-14,0.0,0.0001538669718408416,TLT,GARCH11-t
2009-10-15,0.0,0.0001716421227058586,TLT,GARCH11-t
2009-10-16,0.0,0.0001525541447857695,TLT,GARCH11-t
2009-10-19,0.0,0.0001482795230612953,TLT,GARCH11-t
2009-10-20,0.0,0.00014520386644476852,TLT,GARCH11-t
2009-10-21,0.0,0.00013817341843486687,TLT,GARCH11-t
2009-10-22,0.0,0.00011604650073657497,TLT,GARCH11-t
2009-10-23,0.0,0.00014434873445995806,TLT,GARCH11-t
2009-10-26,0.0,0.00011364234269877664,TLT,GARCH11-t
2009-10-27,0.0,0.00011458705558866791,TLT,GARCH11-t
2009-10-28,0.0,0.00011843759118131017,TLT,GARCH11-t
2009-10-29,0.0,0.00011542162828885886,TLT,GARCH11-t
2009-10-30,0.0,0.0001167962567779045,TLT,GARCH11-t
2009-11-02,0.0,0.00011272382727611317,TLT,GARCH11-t
2009-11-03,0.0,0.00011770936403021226,TLT,GARCH11-t
2009-11-04,0.0,0.00011889210818299945,TLT,GARCH11-t
2009-11-05,0.0,0.00012096304628797115,TLT,GARCH11-t
2009-11-06,0.0,0.00011242464536638072,TLT,GARCH11-t
2009-11-09,0.0,0.00010802188013614024,TLT,GARCH11-t
2009-11-10,0.0,0.00010395724745811362,TLT,GARCH11-t
2009-11-11,0.0,9.619003830279614e-05,TLT,GARCH11-t
2009-11-12,0.0,9.762359870395277e-05,TLT,GARCH11-t
2009-11-13,0.0,9.438269212862224e-05,TLT,GARCH11-t
2009-11-16,0.0,8.58393803396039e-05,TLT,GARCH11-t
2009-11-17,0.0,9.515639446654433e-05,TLT,GARCH11-t
2009-11-18,0.0,8.883157313665553e-05,TLT,GARCH11-t
2009-11-19,0.0,9.179290920431111e-05,TLT,GARCH11-t
2009-11-20,0.0,8.819896516695243e-05,TLT,GARCH11-t
2009-11-23,0.0,8.249325510571337e-05,TLT,GARCH11-t
2009-11-24,0.0,7.970101639464481e-05,TLT,GARCH11-t
2009-11-25,0.0,7.561114526936085e-05,TLT,GARCH11-t
2009-11-27,0.0,7.669561860581423e-05,TLT,GARCH11-t
2009-11-30,0.0,6.629286618461262e-05,TLT,GARCH11-t
2009-12-01,0.0,7.299128968915482e-05,TLT,GARCH11-t
2009-12-02,0.0,7.72368146638817e-05,TLT,GARCH11-t
2009-12-03,0.0,7.337876716535536e-05,TLT,GARCH11-t
2009-12-04,0.0,7.673598463843957e-05,TLT,GARCH11-t
2009-12-07,0.0,7.651641923189861e-05,TLT,GARCH11-t
2009-12-08,0.0,7.679744066137912e-05,TLT,GARCH11-t
2009-12-09,0.0,7.442571774498536e-05,TLT,GARCH11-t
2009-12-10,0.0,7.087668093613992e-05,TLT,GARCH11-t
2009-12-11,0.0,7.196042073613686e-05,TLT,GARCH11-t
2009-12-14,0.0,7.480744997887666e-05,TLT,GARCH11-t
2009-12-15,0.0,7.251970907267284e-05,TLT,GARCH11-t
2009-12-16,0.0,7.118976424884508e-05,TLT,GARCH11-t
2009-12-17,0.0,6.847099501323043e-05,TLT,GARCH11-t
2009-12-18,0.0,7.933145759575926e-05,TLT,GARCH11-t
2009-12-21,0.0,7.701986034479576e-05,TLT,GARCH11-t
2009-12-22,0.0,9.037935723568626e-05,TLT,GARCH11-t
2009-12-23,0.0,8.880136003928873e-05,TLT,GARCH11-t
2009-12-24,0.0,8.536075866899752e-05,TLT,GARCH11-t
2009-12-28,0.0,8.771173902093807e-05,TLT,GARCH11-t
2009-12-29,0.0,8.474088055906224e-05,TLT,GARCH11-t
2009-12-30,0.0,8.38009092661374e-05,TLT,GARCH11-t
2009-12-31,0.0,8.281522580107026e-05,TLT,GARCH11-t
2010-01-04,0.0,7.733950841955212e-05,TLT,GARCH11-t
2010-01-05,0.0,7.681994479019454e-05,TLT,GARCH11-t
2010-01-06,0.0,7.554161106470184e-05,TLT,GARCH11-t
2010-01-07,0.0,8.207213595468235e-05,TLT,GARCH11-t
2010-01-08,0.0,7.910698870486132e-05,TLT,GARCH11-t
2010-01-11,0.0,7.623085573589654e-05,TLT,GARCH11-t
2010-01-12,0.0,7.509266482500122e-05,TLT,GARCH11-t
2010-01-13,0.0,8.709989528655999e-05,TLT,GARCH11-t
2010-01-14,0.0,9.066288027739143e-05,TLT,GARCH11-t
2010-01-15,0.0,9.658105811253452e-05,TLT,GARCH11-t
2010-01-19,0.0,9.111161407722841e-05,TLT,GARCH11-t
2010-01-20,0.0,9.064493750002655e-05,TLT,GARCH11-t
2010-01-21,0.0,9.215197436045374e-05,TLT,GARCH11-t
2010-01-22,0.0,8.551407378251876e-05,TLT,GARCH11-t
2010-01-25,0.0,8.165827671682355e-05,TLT,GARCH11-t
2010-01-26,0.0,8.20471492235926e-05,TLT,GARCH11-t
2010-01-27,0.0,7.877473436764387e-05,TLT,GARCH11-t
2010-01-28,0.0,7.520975119824237e-05,TLT,GARCH11-t
2010-01-29,0.0,7.173808706641844e-05,TLT,GARCH11-t
2010-02-01,0.0,7.242998693533606e-05,TLT,GARCH11-t
2010-02-02,0.0,7.401706936304906e-05,TLT,GARCH11-t
2010-02-03,0.0,6.881240105931014e-05,TLT,GARCH11-t
2010-02-04,0.0,7.377681293254613e-05,TLT,GARCH11-t
2010-02-05,0.0,8.46952691060172e-05,TLT,GARCH11-t
2010-02-08,0.0,7.97683328133051e-05,TLT,GARCH11-t
2010-02-09,0.0,7.478066708431137e-05,TLT,GARCH11-t
2010-02-10,0.0,8.019555696296406e-05,TLT,GARCH11-t
2010-02-11,0.0,7.916364556757337e-05,TLT,GARCH11-t
2010-02-12,0.0,7.914384180670468e-05,TLT,GARCH11-t
2010-02-16,0.0,7.671178754568735e-05,TLT,GARCH11-t
2010-02-17,0.0,7.303776112808216e-05,TLT,GARCH11-t
2010-02-18,0.0,7.58654741567462e-05,TLT,GARCH11-t
2010-02-19,0.0,7.351926592870843e-05,TLT,GARCH11-t
2010-02-22,0.0,7.173295674586489e-05,TLT,GARCH11-t
2010-02-23,0.0,6.967629436148396e-05,TLT,GARCH11-t
2010-02-24,0.0,7.872397235094916e-05,TLT,GARCH11-t
2010-02-25,0.0,7.610655319332423e-05,TLT,GARCH11-t
2010-02-26,0.0,7.443228385281507e-05,TLT,GARCH11-t
2010-03-01,0.0,7.263706802767268e-05,TLT,GARCH11-t
2010-03-02,0.0,6.844008737304856e-05,TLT,GARCH11-t
2010-03-03,0.0,6.679275614514881e-05,TLT,GARCH11-t
2010-03-04,0.0,6.455222078011469e-05,TLT,GARCH11-t
2010-03-05,0.0,6.124642438928778e-05,TLT,GARCH11-t
2010-03-08,0.0,6.935384338922337e-05,TLT,GARCH11-t
2010-03-09,0.0,6.695029879110616e-05,TLT,GARCH11-t
2010-03-10,0.0,6.398276808062472e-05,TLT,GARCH11-t
2010-03-11,0.0,6.430315541768836e-05,TLT,GARCH11-t
2010-03-12,0.0,6.096638825330572e-05,TLT,GARCH11-t
2010-03-15,0.0,6.0714040732859016e-05,TLT,GARCH11-t
2010-03-16,0.0,5.859648527746671e-05,TLT,GARCH11-t
2010-03-17,0.0,5.949800231233517e-05,TLT,GARCH11-t
2010-03-18,0.0,5.828761113191722e-05,TLT,GARCH11-t
2010-03-19,0.0,5.1689727903530236e-05,TLT,GARCH11-t
2010-03-22,0.0,5.337035955061632e-05,TLT,GARCH11-t
2010-03-23,0.0,5.160515580532286e-05,TLT,GARCH11-t
2010-03-24,0.0,5.098721378763748e-05,TLT,GARCH11-t
2010-03-25,0.0,6.66129372575547e-05,TLT,GARCH11-t
2010-03-26,0.0,6.549490515611715e-05,TLT,GARCH11-t
2010-03-29,0.0,6.339223444071804e-05,TLT,GARCH11-t
2010-03-30,0.0,6.095541949365348e-05,TLT,GARCH11-t
2010-03-31,0.0,5.969379800568218e-05,TLT,GARCH11-t
2010-04-01,0.0,5.9782499953528424e-05,TLT,GARCH11-t
2010-04-05,0.0,5.7743299979923225e-05,TLT,GARCH11-t
2010-04-06,0.0,6.985103429558014e-05,TLT,GARCH11-t
2010-04-07,0.0,6.654460484956912e-05,TLT,GARCH11-t
2010-04-08,0.0,6.422901461574324e-05,TLT,GARCH11-t
2010-04-09,0.0,6.85860881075558e-05,TLT,GARCH11-t
2010-04-12,0.0,6.618392042515933e-05,TLT,GARCH11-t
2010-04-13,0.0,6.469801986073012e-05,TLT,GARCH11-t
2010-04-14,0.0,6.250788169968538e-05,TLT,GARCH11-t
2010-04-15,0.0,6.253184312633779e-05,TLT,GARCH11-t
2010-04-16,0.0,5.922109128146075e-05,TLT,GARCH11-t
2010-04-19,0.0,6.041888647935157e-05,TLT,GARCH11-t
2010-04-20,0.0,5.825117612241146e-05,TLT,GARCH11-t
2010-04-21,0.0,5.5473230537267094e-05,TLT,GARCH11-t
2010-04-22,0.0,5.768520027862218e-05,TLT,GARCH11-t
2010-04-23,0.0,5.592403948979609e-05,TLT,GARCH11-t
2010-04-26,0.0,5.2851251410589015e-05,TLT,GARCH11-t
2010-04-27,0.0,5.155571754084045e-05,TLT,GARCH11-t
2010-04-28,0.0,5.496730289738832e-05,TLT,GARCH11-t
2010-04-29,0.0,6.172512617303969e-05,TLT,GARCH11-t
2010-04-30,0.0,6.006181716369739e-05,TLT,GARCH11-t
2010-05-03,0.0,6.440705426202458e-05,TLT,GARCH11-t
2010-05-04,0.0,6.178960812746297e-05,TLT,GARCH11-t
2010-05-05,0.0,7.557118506551464e-05,TLT,GARCH11-t
2010-05-06,0.0,7.392278891904686e-05,TLT,GARCH11-t
2010-05-07,0.0,0.00011793967475682302,TLT,GARCH11-t
2010-05-10,0.0,0.0001187066379301545,TLT,GARCH11-t
2010-05-11,0.0,0.00013502243556502263,TLT,GARCH11-t
2010-05-12,0.0,0.00012763444176455818,TLT,GARCH11-t
2010-05-13,0.0,0.00012360152444559794,TLT,GARCH11-t
2010-05-14,0.0,0.00011730900993190347,TLT,GARCH11-t
2010-05-17,0.0,0.0001277152996413583,TLT,GARCH11-t
2010-05-18,0.0,0.0001105076297213071,TLT,GARCH11-t
2010-05-19,0.0,0.00012646108800288053,TLT,GARCH11-t
2010-05-20,0.0,0.00012010087811135607,TLT,GARCH11-t
2010-05-21,0.0,0.00013577655176891528,TLT,GARCH11-t
2010-05-24,0.0,0.00012187111067418112,TLT,GARCH11-t
2010-05-25,0.0,0.00012104292550896955,TLT,GARCH11-t
2010-05-26,0.0,0.00011294203530242973,TLT,GARCH11-t
2010-05-27,0.0,0.00010932403535464822,TLT,GARCH11-t
2010-05-28,0.0,0.00013024552770949264,TLT,GARCH11-t
2010-06-01,0.0,0.0001233651087742311,TLT,GARCH11-t
2010-06-02,0.0,0.00011538778130276963,TLT,GARCH11-t
2010-06-03,0.0,0.000115664347408988,TLT,GARCH11-t
2010-06-04,0.0,0.00010552521406453852,TLT,GARCH11-t
2010-06-07,0.0,0.00014291179020638754,TLT,GARCH11-t
2010-06-08,0.0,0.00013506644140974728,TLT,GARCH11-t
2010-06-09,0.0,0.00013015669903670675,TLT,GARCH11-t
2010-06-10,0.0,0.00012222417092824014,TLT,GARCH11-t
2010-06-11,0.0,0.00012870314159202338,TLT,GARCH11-t
2010-06-14,0.0,0.0001297607035736838,TLT,GARCH11-t
2010-06-15,0.0,0.00012637255633557952,TLT,GARCH11-t
2010-06-16,0.0,0.00011906237158531211,TLT,GARCH11-t
2010-06-17,0.0,0.0001103733675473844,TLT,GARCH11-t
2010-06-18,0.0,0.0001124286317514565,TLT,GARCH11-t
2010-06-21,0.0,0.00010139402989391418,TLT,GARCH11-t
2010-06-22,0.0,0.00010209402717859083,TLT,GARCH11-t
2010-06-23,0.0,9.800012350641542e-05,TLT,GARCH11-t
2010-06-24,0.0,9.500101650276501e-05,TLT,GARCH11-t
2010-06-25,0.0,9.847513488568962e-05,TLT,GARCH11-t
2010-06-28,0.0,9.031818337887546e-05,TLT,GARCH11-t
2010-06-29,0.0,8.701291960806498e-05,TLT,GARCH11-t
2010-06-30,0.0,9.417579513847916e-05,TLT,GARCH11-t
2010-07-01,0.0,9.011754308075775e-05,TLT,GARCH11-t
2010-07-02,0.0,8.556409808228052e-05,TLT,GARCH11-t
2010-07-06,0.0,8.459181443527259e-05,TLT,GARCH11-t
2010-07-07,0.0,8.385746641758333e-05,TLT,GARCH11-t
2010-07-08,0.0,8.51462023461619e-05,TLT,GARCH11-t
2010-07-09,0.0,8.418923341050986e-05,TLT,GARCH11-t
2010-07-12,0.0,8.155222151057385e-05,TLT,GARCH11-t
2010-07-13,0.0,7.74887919571155e-05,TLT,GARCH11-t
2010-07-14,0.0,7.473271749949606e-05,TLT,GARCH11-t
2010-07-15,0.0,7.828682092502353e-05,TLT,GARCH11-t
2010-07-16,0.0,7.850228820450322e-05,TLT,GARCH11-t
2010-07-19,0.0,7.601616756858536e-05,TLT,GARCH11-t
2010-07-20,0.0,7.428583372029029e-05,TLT,GARCH11-t
2010-07-21,0.0,7.141515543143834e-05,TLT,GARCH11-t
2010-07-22,0.0,8.304484293478754e-05,TLT,GARCH11-t
2010-07-23,0.0,8.542223202890132e-05,TLT,GARCH11-t
2010-07-26,0.0,8.588822820807202e-05,TLT,GARCH11-t
2010-07-27,0.0,7.782983386438081e-05,TLT,GARCH11-t
2010-07-28,0.0,8.134419347509154e-05,TLT,GARCH11-t
2010-07-29,0.0,7.753784334330037e-05,TLT,GARCH11-t
2010-07-30,0.0,7.330785876692627e-05,TLT,GARCH11-t
2010-08-02,0.0,8.284190932976581e-05,TLT,GARCH11-t
2010-08-03,0.0,8.549261377705701e-05,TLT,GARCH11-t
2010-08-04,0.0,8.295243718379051e-05,TLT,GARCH11-t
2010-08-05,0.0,7.926616100150774e-05,TLT,GARCH11-t
2010-08-06,0.0,7.707687096810461e-05,TLT,GARCH11-t
2010-08-09,0.0,7.816533545603324e-05,TLT,GARCH11-t
2010-08-10,0.0,7.740669004106915e-05,TLT,GARCH11-t
2010-08-11,0.0,7.31126062916997e-05,TLT,GARCH11-t
2010-08-12,0.0,7.662861599001064e-05,TLT,GARCH11-t
2010-08-13,0.0,7.755507062022568e-05,TLT,GARCH11-t
2010-08-16,0.0,7.878394586447742e-05,TLT,GARCH11-t
2010-08-17,0.0,9.724802024247596e-05,TLT,GARCH11-t
2010-08-18,0.0,9.531690522121421e-05,TLT,GARCH11-t
2010-08-19,0.0,8.835561905971329e-05,TLT,GARCH11-t
2010-08-20,0.0,9.459741933277963e-05,TLT,GARCH11-t
2010-08-23,0.0,9.288626576592472e-05,TLT,GARCH11-t
2010-08-24,0.0,8.577847125900459e-05,TLT,GARCH11-t
2010-08-25,0.0,9.290396060739773e-05,TLT,GARCH11-t
2010-08-26,0.0,8.701959335340081e-05,TLT,GARCH11-t
2010-08-27,0.0,8.816105751326054e-05,TLT,GARCH11-t
2010-08-30,0.0,0.00011964181382768892,TLT,GARCH11-t
2010-08-31,0.0,0.00013893125086084833,TLT,GARCH11-t
2010-09-01,0.0,0.00013469986414554113,TLT,GARCH11-t
2010-09-02,0.0,0.00013966800232338773,TLT,GARCH11-t
2010-09-03,0.0,0.00014766306915388875,TLT,GARCH11-t
2010-09-07,0.0,0.00012914261482387254,TLT,GARCH11-t
2010-09-08,0.0,0.00016192716034189208,TLT,GARCH11-t
2010-09-09,0.0,0.0001298938843407518,TLT,GARCH11-t
2010-09-10,0.0,0.00016662903380148804,TLT,GARCH11-t
2010-09-13,0.0,0.00016132804610647682,TLT,GARCH11-t
2010-09-14,0.0,0.00014720958057623447,TLT,GARCH11-t
2010-09-15,0.0,0.0001311876984873599,TLT,GARCH11-t
2010-09-16,0.0,0.0001455609657306685,TLT,GARCH11-t
2010-09-17,0.0,0.0001267379996610743,TLT,GARCH11-t
2010-09-20,0.0,0.0001270691159525948,TLT,GARCH11-t
2010-09-21,0.0,0.00011701234880250477,TLT,GARCH11-t
2010-09-22,0.0,0.00011321862872766376,TLT,GARCH11-t
2010-09-23,0.0,0.00011549107510654809,TLT,GARCH11-t
2010-09-24,0.0,0.00010609780850283324,TLT,GARCH11-t
2010-09-27,0.0,0.00011347069969822965,TLT,GARCH11-t
2010-09-28,0.0,0.0001329147624462528,TLT,GARCH11-t
2010-09-29,0.0,0.0001276563990393868,TLT,GARCH11-t
2010-09-30,0.0,0.00010474807654185005,TLT,GARCH11-t
2010-10-01,0.0,9.994158893624691e-05,TLT,GARCH11-t
2010-10-04,0.0,9.132192163582202e-05,TLT,GARCH11-t
2010-10-05,0.0,8.412659037642663e-05,TLT,GARCH11-t
2010-10-06,0.0,8.091499586556562e-05,TLT,GARCH11-t
2010-10-07,0.0,8.751115883243404e-05,TLT,GARCH11-t
2010-10-08,0.0,8.353397159736379e-05,TLT,GARCH11-t
2010-10-11,0.0,8.257414398796744e-05,TLT,GARCH11-t
2010-10-12,0.0,7.737262829502286e-05,TLT,GARCH11-t
2010-10-13,0.0,7.915896375194667e-05,TLT,GARCH11-t
2010-10-14,0.0,7.337165517331416e-05,TLT,GARCH11-t
2010-10-15,0.0,8.603397922349006e-05,TLT,GARCH11-t
2010-10-18,0.0,8.888695322807928e-05,TLT,GARCH11-t
2010-10-19,0.0,8.881222412658986e-05,TLT,GARCH11-t
2010-10-20,0.0,8.692054412348326e-05,TLT,GARCH11-t
2010-10-21,0.0,7.883350840830788e-05,TLT,GARCH11-t
2010-10-22,0.0,8.435379296966291e-05,TLT,GARCH11-t
2010-10-25,0.0,8.16025856241196e-05,TLT,GARCH11-t
2010-10-26,0.0,7.679344530759365e-05,TLT,GARCH11-t
2010-10-27,0.0,9.148456215519049e-05,TLT,GARCH11-t
2010-10-28,0.0,9.057614309653871e-05,TLT,GARCH11-t
2010-10-29,0.0,8.470303816048795e-05,TLT,GARCH11-t
2010-11-01,0.0,8.648775601020023e-05,TLT,GARCH11-t
2010-11-02,0.0,8.263902770676412e-05,TLT,GARCH11-t
2010-11-03,0.0,8.723954579741776e-05,TLT,GARCH11-t
2010-11-04,0.0,0.0001044429118957113,TLT,GARCH11-t
2010-11-05,0.0,0.00010183896641254067,TLT,GARCH11-t
2010-11-08,0.0,0.00011174412954008828,TLT,GARCH11-t
2010-11-09,0.0,0.00010669713030672487,TLT,GARCH11-t
2010-11-10,0.0,0.00012639405438351372,TLT,GARCH11-t
2010-11-11,0.0,0.00011942633092144799,TLT,GARCH11-t
2010-11-12,0.0,0.00011285088668226176,TLT,GARCH11-t
2010-11-15,0.0,0.0001084688473693838,TLT,GARCH11-t
2010-11-16,0.0,0.00012518199698814886,TLT,GARCH11-t
2010-11-17,0.0,0.00014887046774347747,TLT,GARCH11-t
2010-11-18,0.0,0.00014184172828519273,TLT,GARCH11-t
2010-11-19,0.0,0.00013458283145434608,TLT,GARCH11-t
2010-11-22,0.0,0.00012351883069653113,TLT,GARCH11-t
2010-11-23,0.0,0.00012226474466164668,TLT,GARCH11-t
2010-11-24,0.0,0.0001371542184673982,TLT,GARCH11-t
2010-11-26,0.0,0.00012028844769526482,TLT,GARCH11-t
2010-11-29,0.0,0.00012041474481386543,TLT,GARCH11-t
2010-11-30,0.0,0.00011541653681518355,TLT,GARCH11-t
2010-12-01,0.0,0.00011797900189529398,TLT,GARCH11-t
2010-12-02,0.0,0.00014014152877677813,TLT,GARCH11-t
2010-12-03,0.0,0.00013261809285015723,TLT,GARCH11-t
2010-12-06,0.0,0.00011877515868537952,TLT,GARCH11-t
2010-12-07,0.0,0.0001233242649519256,TLT,GARCH11-t
2010-12-08,0.0,0.00014789979899598374,TLT,GARCH11-t
2010-12-09,0.0,0.00014434496038520704,TLT,GARCH11-t
2010-12-10,0.0,0.00013744140066024966,TLT,GARCH11-t
2010-12-13,0.0,0.00013702040077005076,TLT,GARCH11-t
2010-12-14,0.0,0.0001104191620357782,TLT,GARCH11-t
2010-12-15,0.0,0.00012925219380977525,TLT,GARCH11-t
2010-12-16,0.0,0.0001309656024758426,TLT,GARCH11-t
2010-12-17,0.0,0.00012624194416610017,TLT,GARCH11-t
2010-12-20,0.0,0.000149770047343447,TLT,GARCH11-t
2010-12-21,0.0,0.00014036341350771528,TLT,GARCH11-t
2010-12-22,0.0,0.00014602319243841374,TLT,GARCH11-t
2010-12-23,0.0,0.00011944900437809431,TLT,GARCH11-t
2010-12-27,0.0,0.00010746512050392085,TLT,GARCH11-t
2010-12-28,0.0,0.00010582929003188096,TLT,GARCH11-t
2010-12-29,0.0,0.00013792600939439972,TLT,GARCH11-t
2010-12-30,0.0,0.00013306856926246762,TLT,GARCH11-t
2010-12-31,0.0,0.00012577752945712198,TLT,GARCH11-t
2011-01-03,0.0,0.0001251788614335786,TLT,GARCH11-t
2011-01-04,0.0,0.00012139577781431614,TLT,GARCH11-t
2011-01-05,0.0,0.0001149744556181629,TLT,GARCH11-t
2011-01-06,0.0,0.0001341386289343766,TLT,GARCH11-t
2011-01-07,0.0,0.00014389273237631306,TLT,GARCH11-t
2011-01-10,0.0,0.00012237107651506975,TLT,GARCH11-t
2011-01-11,0.0,0.00011733960031259996,TLT,GARCH11-t
2011-01-12,0.0,0.0001534521236753236,TLT,GARCH11-t
2011-01-13,0.0,0.00013121571336739316,TLT,GARCH11-t
2011-01-14,0.0,0.00012203037890341061,TLT,GARCH11-t
2011-01-18,0.0,0.00010766662283483065,TLT,GARCH11-t
2011-01-19,0.0,0.00010673698655406675,TLT,GARCH11-t
2011-01-20,0.0,0.0001059619406377525,TLT,GARCH11-t
2011-01-21,0.0,0.00011986280491660971,TLT,GARCH11-t
2011-01-24,0.0,0.00010682621930227576,TLT,GARCH11-t
2011-01-25,0.0,0.00010562703319235186,TLT,GARCH11-t
2011-01-26,0.0,0.0001056464419862193,TLT,GARCH11-t
2011-01-27,0.0,0.00012155134195972946,TLT,GARCH11-t
2011-01-28,0.0,0.00010660017781860298,TLT,GARCH11-t
2011-01-31,0.0,0.00010563097601922358,TLT,GARCH11-t
2011-02-01,0.0,0.00010779681523695612,TLT,GARCH11-t
2011-02-02,0.0,9.417761841522486e-05,TLT,GARCH11-t
2011-02-03,0.0,0.000102865608496425,TLT,GARCH11-t
2011-02-04,0.0,0.00012944736494008847,TLT,GARCH11-t
2011-02-07,0.0,0.00010235996441541004,TLT,GARCH11-t
2011-02-08,0.0,0.00012575375746215727,TLT,GARCH11-t
2011-02-09,0.0,0.00010150695494401898,TLT,GARCH11-t
2011-02-10,0.0,0.00011760853920433758,TLT,GARCH11-t
2011-02-11,0.0,0.00010188118268802626,TLT,GARCH11-t
2011-02-14,0.0,0.0001034359119085751,TLT,GARCH11-t
2011-02-15,0.0,0.00010241492261778954,TLT,GARCH11-t
2011-02-16,0.0,0.00010132794180040971,TLT,GARCH11-t
2011-02-17,0.0,8.886000824042863e-05,TLT,GARCH11-t
2011-02-18,0.0,8.525683867747119e-05,TLT,GARCH11-t
2011-02-22,0.0,9.121167072764952e-05,TLT,GARCH11-t
2011-02-23,0.0,9.908408805816406e-05,TLT,GARCH11-t
2011-02-24,0.0,0.00011882068062558586,TLT,GARCH11-t
2011-02-25,0.0,8.733081687144831e-05,TLT,GARCH11-t
2011-02-28,0.0,9.13443106563846e-05,TLT,GARCH11-t
2011-03-01,0.0,8.703649592752933e-05,TLT,GARCH11-t
2011-03-02,0.0,8.534053226013154e-05,TLT,GARCH11-t
2011-03-03,0.0,9.733706503480958e-05,TLT,GARCH11-t
2011-03-04,0.0,9.24153998473245e-05,TLT,GARCH11-t
2011-03-07,0.0,9.21781730115847e-05,TLT,GARCH11-t
2011-03-08,0.0,9.112009633179852e-05,TLT,GARCH11-t
2011-03-09,0.0,9.309023866985225e-05,TLT,GARCH11-t
2011-03-10,0.0,9.188547566278479e-05,TLT,GARCH11-t
2011-03-11,0.0,0.0001024213303443906,TLT,GARCH11-t
2011-03-14,0.0,9.994705326890912e-05,TLT,GARCH11-t
2011-03-15,0.0,0.00010221883033076098,TLT,GARCH11-t
2011-03-16,0.0,0.00010415715095283535,TLT,GARCH11-t
2011-03-17,0.0,0.00010517095129077526,TLT,GARCH11-t
2011-03-18,0.0,0.00010372207609053466,TLT,GARCH11-t
2011-03-21,0.0,0.00010081435307483138,TLT,GARCH11-t
2011-03-22,0.0,9.80022827674422e-05,TLT,GARCH11-t
2011-03-23,0.0,9.52716371696293e-05,TLT,GARCH11-t
2011-03-24,0.0,9.017944290470388e-05,TLT,GARCH11-t
2011-03-25,0.0,9.265082317128362e-05,TLT,GARCH11-t
2011-03-28,0.0,9.348282450135052e-05,TLT,GARCH11-t
2011-03-29,0.0,9.070593812525205e-05,TLT,GARCH11-t
2011-03-30,0.0,9.138663668094402e-05,TLT,GARCH11-t
2011-03-31,0.0,9.349327085012386e-05,TLT,GARCH11-t
2011-04-01,0.0,9.084294525997817e-05,TLT,GARCH11-t
2011-04-04,0.0,7.802158613188462e-05,TLT,GARCH11-t
2011-04-05,0.0,7.47256322382436e-05,TLT,GARCH11-t
2011-04-06,0.0,8.741473627920422e-05,TLT,GARCH11-t
2011-04-07,0.0,9.318249965946368e-05,TLT,GARCH11-t
2011-04-08,0.0,8.598361351556057e-05,TLT,GARCH11-t
2011-04-11,0.0,9.630185130260268e-05,TLT,GARCH11-t
2011-04-12,0.0,9.019268664759575e-05,TLT,GARCH11-t
2011-04-13,0.0,8.334742500585939e-05,TLT,GARCH11-t
2011-04-14,0.0,8.108073827987715e-05,TLT,GARCH11-t
2011-04-15,0.0,9.009813343858862e-05,TLT,GARCH11-t
2011-04-18,0.0,8.529875638078286e-05,TLT,GARCH11-t
2011-04-19,0.0,7.712105697012478e-05,TLT,GARCH11-t
2011-04-20,0.0,7.12249619385749e-05,TLT,GARCH11-t
2011-04-21,0.0,6.981109814889549e-05,TLT,GARCH11-t
2011-04-25,0.0,6.713337227577525e-05,TLT,GARCH11-t
2011-04-26,0.0,6.427348092993429e-05,TLT,GARCH11-t
2011-04-27,0.0,6.735152865229074e-05,TLT,GARCH11-t
2011-04-28,0.0,7.002766445411295e-05,TLT,GARCH11-t
2011-04-29,0.0,7.161627748612563e-05,TLT,GARCH11-t
2011-05-02,0.0,6.8698836542735e-05,TLT,GARCH11-t
2011-05-03,0.0,6.387604404746297e-05,TLT,GARCH11-t
2011-05-04,0.0,6.278870120299824e-05,TLT,GARCH11-t
2011-05-05,0.0,6.145966140481767e-05,TLT,GARCH11-t
2011-05-06,0.0,6.509330014283792e-05,TLT,GARCH11-t
2011-05-09,0.0,6.294759254953038e-05,TLT,GARCH11-t
2011-05-10,0.0,6.059855125746545e-05,TLT,GARCH11-t
2011-05-11,0.0,4.978055665681028e-05,TLT,GARCH11-t
2011-05-12,0.0,4.847942429482821e-05,TLT,GARCH11-t
2011-05-13,0.0,5.878774695067168e-05,TLT,GARCH11-t
2011-05-16,0.0,5.11096023612047e-05,TLT,GARCH11-t
2011-05-17,0.0,6.095718580333934e-05,TLT,GARCH11-t
2011-05-18,0.0,6.306724848687917e-05,TLT,GARCH11-t
2011-05-19,0.0,7.062629641378262e-05,TLT,GARCH11-t
2011-05-20,0.0,6.328839180812923e-05,TLT,GARCH11-t
2011-05-23,0.0,6.610802229667775e-05,TLT,GARCH11-t
2011-05-24,0.0,5.78884333498256e-05,TLT,GARCH11-t
2011-05-25,0.0,5.2167595951139915e-05,TLT,GARCH11-t
2011-05-26,0.0,4.9327516854649104e-05,TLT,GARCH11-t
2011-05-27,0.0,5.25868412370627e-05,TLT,GARCH11-t
2011-05-31,0.0,4.8022335592851016e-05,TLT,GARCH11-t
2011-06-01,0.0,5.7190002160021503e-05,TLT,GARCH11-t
2011-06-02,0.0,5.703351363274352e-05,TLT,GARCH11-t
2011-06-03,0.0,8.493716471125812e-05,TLT,GARCH11-t
2011-06-06,0.0,8.05640989644168e-05,TLT,GARCH11-t
2011-06-07,0.0,7.572281776081694e-05,TLT,GARCH11-t
2011-06-08,0.0,7.334497360002271e-05,TLT,GARCH11-t
2011-06-09,0.0,7.470975770792556e-05,TLT,GARCH11-t
2011-06-10,0.0,7.039500902653422e-05,TLT,GARCH11-t
2011-06-13,0.0,7.013059647107656e-05,TLT,GARCH11-t
2011-06-14,0.0,6.83438930995374e-05,TLT,GARCH11-t
2011-06-15,0.0,7.72321499574624e-05,TLT,GARCH11-t
2011-06-16,0.0,9.023742580951645e-05,TLT,GARCH11-t
2011-06-17,0.0,9.289030734816325e-05,TLT,GARCH11-t
2011-06-20,0.0,8.373096087887568e-05,TLT,GARCH11-t
2011-06-21,0.0,7.98214316317059e-05,TLT,GARCH11-t
2011-06-22,0.0,7.9741147471716e-05,TLT,GARCH11-t
2011-06-23,0.0,7.53278413265343e-05,TLT,GARCH11-t
2011-06-24,0.0,7.458507195584451e-05,TLT,GARCH11-t
2011-06-27,0.0,7.052721628170729e-05,TLT,GARCH11-t
2011-06-28,0.0,7.729952294550811e-05,TLT,GARCH11-t
2011-06-29,0.0,7.697484485272134e-05,TLT,GARCH11-t
2011-06-30,0.0,7.69852278528507e-05,TLT,GARCH11-t
2011-07-01,0.0,7.206663764200556e-05,TLT,GARCH11-t
2011-07-05,0.0,6.815233698944897e-05,TLT,GARCH11-t
2011-07-06,0.0,7.154082342534578e-05,TLT,GARCH11-t
2011-07-07,0.0,7.2222145051447e-05,TLT,GARCH11-t
2011-07-08,0.0,6.64212242483013e-05,TLT,GARCH11-t
2011-07-11,0.0,6.68871309515463e-05,TLT,GARCH11-t
2011-07-12,0.0,7.298185098465075e-05,TLT,GARCH11-t
2011-07-13,0.0,7.421372376967177e-05,TLT,GARCH11-t
2011-07-14,0.0,6.995087045405223e-05,TLT,GARCH11-t
2011-07-15,0.0,7.944167241166575e-05,TLT,GARCH11-t
2011-07-18,0.0,7.740757530660155e-05,TLT,GARCH11-t
2011-07-19,0.0,6.028694416600629e-05,TLT,GARCH11-t
2011-07-20,0.0,9.161748287122953e-05,TLT,GARCH11-t
2011-07-21,0.0,9.438935492079879e-05,TLT,GARCH11-t
2011-07-22,0.0,9.742830213023893e-05,TLT,GARCH11-t
2011-07-25,0.0,9.634725572520183e-05,TLT,GARCH11-t
2011-07-26,0.0,8.992959202277836e-05,TLT,GARCH11-t
2011-07-27,0.0,9.010638332741165e-05,TLT,GARCH11-t
2011-07-28,0.0,7.630174786452623e-05,TLT,GARCH11-t
2011-07-29,0.0,5.753215685537543e-05,TLT,GARCH11-t
2011-08-01,0.0,0.00010160451421226409,TLT,GARCH11-t
2011-08-02,0.0,8.906262220672936e-05,TLT,GARCH11-t
2011-08-03,0.0,0.00013927259411685594,TLT,GARCH11-t
2011-08-04,0.0,0.00013203737947323284,TLT,GARCH11-t
2011-08-05,0.0,0.00018685816033882637,TLT,GARCH11-t
2011-08-08,0.0,0.00029872666354364155,TLT,GARCH11-t
2011-08-09,0.0,0.00038783276360803207,TLT,GARCH11-t
2011-08-10,0.0,0.00034440846557792066,TLT,GARCH11-t
2011-08-11,0.0,0.00038683729564731914,TLT,GARCH11-t
2011-08-12,0.0,0.0006166808300287208,TLT,GARCH11-t
2011-08-15,0.0,0.0006445055409410536,TLT,GARCH11-t
2011-08-16,0.0,0.0005262221466150771,TLT,GARCH11-t
2011-08-17,0.0,0.0004926321775118324,TLT,GARCH11-t
2011-08-18,0.0,0.0004875031297576706,TLT,GARCH11-t
2011-08-19,0.0,0.0004542760583595357,TLT,GARCH11-t
2011-08-22,0.0,0.0004087590394195642,TLT,GARCH11-t
2011-08-23,0.0,0.00036284980745527164,TLT,GARCH11-t
2011-08-24,0.0,0.0003410645898040902,TLT,GARCH11-t
2011-08-25,0.0,0.0003863661211748851,TLT,GARCH11-t
2011-08-26,0.0,0.00035416710208507587,TLT,GARCH11-t
2011-08-29,0.0,0.00032339147010163245,TLT,GARCH11-t
2011-08-30,0.0,0.0002872625473040779,TLT,GARCH11-t
2011-08-31,0.0,0.0003098573604974024,TLT,GARCH11-t
2011-09-01,0.0,0.0002940014818527188,TLT,GARCH11-t
2011-09-02,0.0,0.0003020635662779573,TLT,GARCH11-t
2011-09-06,0.0,0.00039034532672036295,TLT,GARCH11-t
2011-09-07,0.0,0.0003385440412324414,TLT,GARCH11-t
2011-09-08,0.0,0.00035943190194527574,TLT,GARCH11-t
2011-09-09,0.0,0.0003076358483732143,TLT,GARCH11-t
2011-09-12,0.0,0.0002845945677939303,TLT,GARCH11-t
2011-09-13,0.0,0.0002543174855715688,TLT,GARCH11-t
2011-09-14,0.0,0.0002459185538313184,TLT,GARCH11-t
2011-09-15,0.0,0.00022598764713463345,TLT,GARCH11-t
2011-09-16,0.0,0.0002252568774923098,TLT,GARCH11-t
2011-09-19,0.0,0.00020995962450947266,TLT,GARCH11-t
2011-09-20,0.0,0.00023085476523669585,TLT,GARCH11-t
2011-09-21,0.0,0.00019766501395578854,TLT,GARCH11-t
2011-09-22,0.0,0.0002831172655228443,TLT,GARCH11-t
2011-09-23,0.0,0.00037541313937607763,TLT,GARCH11-t
2011-09-26,0.0,0.00041736060074425114,TLT,GARCH11-t
2011-09-27,0.0,0.000362087840603238,TLT,GARCH11-t
2011-09-28,0.0,0.00038308994902336253,TLT,GARCH11-t
2011-09-29,0.0,0.00030790789098508704,TLT,GARCH11-t
2011-09-30,0.0,0.0002899108574280102,TLT,GARCH11-t
2011-10-03,0.0,0.0003407282073318694,TLT,GARCH11-t
2011-10-04,0.0,0.00038725512446936817,TLT,GARCH11-t
2011-10-05,0.0,0.0003315843662463635,TLT,GARCH11-t
2011-10-06,0.0,0.00030391299298348985,TLT,GARCH11-t
2011-10-07,0.0,0.00032989964700766043,TLT,GARCH11-t
2011-10-10,0.0,0.0002800701270614244,TLT,GARCH11-t
2011-10-11,0.0,0.00028699645258386093,TLT,GARCH11-t
2011-10-12,0.0,0.00024787596789746025,TLT,GARCH11-t
2011-10-13,0.0,0.0002490050261158511,TLT,GARCH11-t
2011-10-14,0.0,0.00023487479202921062,TLT,GARCH11-t
2011-10-17,0.0,0.00022851069089218577,TLT,GARCH11-t
2011-10-18,0.0,0.0002354478567769689,TLT,GARCH11-t
2011-10-19,0.0,0.00021236280385116365,TLT,GARCH11-t
2011-10-20,0.0,0.00018657315602620245,TLT,GARCH11-t
2011-10-21,0.0,0.00017416977062383764,TLT,GARCH11-t
2011-10-24,0.0,0.00017785897388546417,TLT,GARCH11-t
2011-10-25,0.0,0.0001561769127125052,TLT,GARCH11-t
2011-10-26,0.0,0.00020071105902255343,TLT,GARCH11-t
2011-10-27,0.0,0.00021268222653046028,TLT,GARCH11-t
2011-10-28,0.0,0.0002979704470259148,TLT,GARCH11-t
2011-10-31,0.0,0.0002782514159093059,TLT,GARCH11-t
2011-11-01,0.0,0.00036990286858594966,TLT,GARCH11-t
2011-11-02,0.0,0.0005095077975576516,TLT,GARCH11-t
2011-11-03,0.0,0.0003986504097339236,TLT,GARCH11-t
2011-11-04,0.0,0.00043530166914829225,TLT,GARCH11-t
2011-11-07,0.0,0.0003521166991903477,TLT,GARCH11-t
2011-11-08,0.0,0.00034892374398785863,TLT,GARCH11-t
2011-11-09,0.0,0.0003045076151177432,TLT,GARCH11-t
2011-11-10,0.0,0.00034021982996351263,TLT,GARCH11-t
2011-11-11,0.0,0.0003258356199668783,TLT,GARCH11-t
2011-11-14,0.0,0.00028321904734184407,TLT,GARCH11-t
2011-11-15,0.0,0.00027288434803081395,TLT,GARCH11-t
2011-11-16,0.0,0.0002490946037353189,TLT,GARCH11-t
2011-11-17,0.0,0.0002376276943293988,TLT,GARCH11-t
2011-11-18,0.0,0.00021954142413701288,TLT,GARCH11-t
2011-11-21,0.0,0.0001875728502016096,TLT,GARCH11-t
2011-11-22,0.0,0.00014883836695405632,TLT,GARCH11-t
2011-11-23,0.0,0.0001476498795684725,TLT,GARCH11-t
2011-11-25,0.0,0.0001531216138566907,TLT,GARCH11-t
2011-11-28,0.0,0.00016593139116190557,TLT,GARCH11-t
2011-11-29,0.0,0.00014527711164600104,TLT,GARCH11-t
2011-11-30,0.0,0.0001274349472324967,TLT,GARCH11-t
2011-12-01,0.0,0.00014025953908349605,TLT,GARCH11-t
2011-12-02,0.0,0.00012412379577711856,TLT,GARCH11-t
2011-12-05,0.0,0.00014422344438691774,TLT,GARCH11-t
2011-12-06,0.0,0.00012909422816192607,TLT,GARCH11-t
2011-12-07,0.0,0.00011395437805554205,TLT,GARCH11-t
2011-12-08,0.0,0.00011083313868217391,TLT,GARCH11-t
2011-12-09,0.0,0.00012543112696163073,TLT,GARCH11-t
2011-12-12,0.0,0.00015497121910276274,TLT,GARCH11-t
2011-12-13,0.0,0.00014947559132485506,TLT,GARCH11-t
2011-12-14,0.0,0.00014811557917781838,TLT,GARCH11-t
2011-12-15,0.0,0.00017077870419553723,TLT,GARCH11-t
2011-12-16,0.0,0.00014935379470697762,TLT,GARCH11-t
2011-12-19,0.0,0.00014939957900253915,TLT,GARCH11-t
2011-12-20,0.0,0.00015161847755301947,TLT,GARCH11-t
2011-12-21,0.0,0.00020016081963130855,TLT,GARCH11-t
2011-12-22,0.0,0.00021504704609511682,TLT,GARCH11-t
2011-12-23,0.0,0.00018465540426189887,TLT,GARCH11-t
2011-12-27,0.0,0.00017851390431462515,TLT,GARCH11-t
2011-12-28,0.0,0.0001615683312377023,TLT,GARCH11-t
2011-12-29,0.0,0.00017838193307048906,TLT,GARCH11-t
2011-12-30,0.0,0.00016310578562093878,TLT,GARCH11-t
2012-01-03,0.0,0.00014316008530886675,TLT,GARCH11-t
2012-01-04,0.0,0.00015492394706380152,TLT,GARCH11-t
2012-01-05,0.0,0.0001520085121254901,TLT,GARCH11-t
2012-01-06,0.0,0.00013701957154608476,TLT,GARCH11-t
2012-01-09,0.0,0.00012979336852441496,TLT,GARCH11-t
2012-01-10,0.0,0.00011692713607094016,TLT,GARCH11-t
2012-01-11,0.0,9.132331715620082e-05,TLT,GARCH11-t
2012-01-12,0.0,0.00011325599947934105,TLT,GARCH11-t
2012-01-13,0.0,0.00010650331672706433,TLT,GARCH11-t
2012-01-17,0.0,9.578455249083104e-05,TLT,GARCH11-t
2012-01-18,0.0,0.00010431004390950621,TLT,GARCH11-t
2012-01-19,0.0,9.756708098168781e-05,TLT,GARCH11-t
2012-01-20,0.0,0.00011292268469487172,TLT,GARCH11-t
2012-01-23,0.0,0.00011753317139567573,TLT,GARCH11-t
2012-01-24,0.0,0.00010805037070836995,TLT,GARCH11-t
2012-01-25,0.0,9.363315412907584e-05,TLT,GARCH11-t
2012-01-26,0.0,8.363021144603415e-05,TLT,GARCH11-t
2012-01-27,0.0,9.994617928171211e-05,TLT,GARCH11-t
2012-01-30,0.0,9.79461422898627e-05,TLT,GARCH11-t
2012-01-31,0.0,9.782294061442259e-05,TLT,GARCH11-t
2012-02-01,0.0,0.00010331717345971264,TLT,GARCH11-t
2012-02-02,0.0,0.00011407751059257252,TLT,GARCH11-t
2012-02-03,0.0,9.63547568686622e-05,TLT,GARCH11-t
2012-02-06,0.0,0.00015362821409576737,TLT,GARCH11-t
2012-02-07,0.0,0.00013395319521753023,TLT,GARCH11-t
2012-02-08,0.0,0.00014930200410114548,TLT,GARCH11-t
2012-02-09,0.0,0.00012809458941177957,TLT,GARCH11-t
2012-02-10,0.0,0.00011773388917016902,TLT,GARCH11-t
2012-02-13,0.0,0.0001235919099338822,TLT,GARCH11-t
2012-02-14,0.0,0.00011209174591463818,TLT,GARCH11-t
2012-02-15,0.0,0.00010164118593606597,TLT,GARCH11-t
2012-02-16,0.0,8.927765495969212e-05,TLT,GARCH11-t
2012-02-17,0.0,9.68192094777593e-05,TLT,GARCH11-t
2012-02-21,0.0,9.23300032526006e-05,TLT,GARCH11-t
2012-02-22,0.0,8.610657627141093e-05,TLT,GARCH11-t
2012-02-23,0.0,0.00010102189369743891,TLT,GARCH11-t
2012-02-24,0.0,8.65820878399069e-05,TLT,GARCH11-t
2012-02-27,0.0,8.275176860126978e-05,TLT,GARCH11-t
2012-02-28,0.0,8.482666015881251e-05,TLT,GARCH11-t
2012-02-29,0.0,7.523957844060774e-05,TLT,GARCH11-t
2012-03-01,0.0,8.293254531153806e-05,TLT,GARCH11-t
2012-03-02,0.0,7.852105645044351e-05,TLT,GARCH11-t
2012-03-05,0.0,8.268041499862719e-05,TLT,GARCH11-t
2012-03-06,0.0,8.395542476397384e-05,TLT,GARCH11-t
2012-03-07,0.0,9.706811346217906e-05,TLT,GARCH11-t
2012-03-08,0.0,9.274636560202338e-05,TLT,GARCH11-t
2012-03-09,0.0,8.921395906529413e-05,TLT,GARCH11-t
2012-03-12,0.0,8.284442412472572e-05,TLT,GARCH11-t
2012-03-13,0.0,7.992932291694256e-05,TLT,GARCH11-t
2012-03-14,0.0,0.00011039997618589477,TLT,GARCH11-t
2012-03-15,0.0,0.0001585994971905286,TLT,GARCH11-t
2012-03-16,0.0,0.00016560610423100366,TLT,GARCH11-t
2012-03-19,0.0,0.0001295579808997199,TLT,GARCH11-t
2012-03-20,0.0,0.00014401072514988892,TLT,GARCH11-t
2012-03-21,0.0,0.00012840727669305313,TLT,GARCH11-t
2012-03-22,0.0,0.00012245674644495598,TLT,GARCH11-t
2012-03-23,0.0,0.00011365555869399811,TLT,GARCH11-t
2012-03-26,0.0,0.00011211039462810759,TLT,GARCH11-t
2012-03-27,0.0,0.00010375659399139913,TLT,GARCH11-t
2012-03-28,0.0,9.574008292148812e-05,TLT,GARCH11-t
2012-03-29,0.0,9.119226184169639e-05,TLT,GARCH11-t
2012-03-30,0.0,8.264732959305005e-05,TLT,GARCH11-t
2012-04-02,0.0,0.00011108591560257512,TLT,GARCH11-t
2012-04-03,0.0,0.00010417374888472109,TLT,GARCH11-t
2012-04-04,0.0,0.0001257916627066478,TLT,GARCH11-t
2012-04-05,0.0,0.00015566887012193292,TLT,GARCH11-t
2012-04-09,0.0,0.00012535724186864971,TLT,GARCH11-t
2012-04-10,0.0,0.00022124345273383803,TLT,GARCH11-t
2012-04-11,0.0,0.0001965803420334322,TLT,GARCH11-t
2012-04-12,0.0,0.00018795778104836925,TLT,GARCH11-t
2012-04-13,0.0,0.0001568812087670705,TLT,GARCH11-t
2012-04-16,0.0,0.00017667997165087934,TLT,GARCH11-t
2012-04-17,0.0,0.0001487182770049153,TLT,GARCH11-t
2012-04-18,0.0,0.00012620755125001586,TLT,GARCH11-t
2012-04-19,0.0,0.00010547971860412247,TLT,GARCH11-t
2012-04-20,0.0,9.670400245446807e-05,TLT,GARCH11-t
2012-04-23,0.0,7.408911629153046e-05,TLT,GARCH11-t
2012-04-24,0.0,7.56639586967783e-05,TLT,GARCH11-t
2012-04-25,0.0,8.849722514983911e-05,TLT,GARCH11-t
2012-04-26,0.0,7.62168245012373e-05,TLT,GARCH11-t
2012-04-27,0.0,7.258169067977927e-05,TLT,GARCH11-t
2012-04-30,0.0,7.313123828658315e-05,TLT,GARCH11-t
2012-05-01,0.0,5.783456854128145e-05,TLT,GARCH11-t
2012-05-02,0.0,5.9583971241969786e-05,TLT,GARCH11-t
2012-05-03,0.0,6.643608187738666e-05,TLT,GARCH11-t
2012-05-04,0.0,5.873275697780351e-05,TLT,GARCH11-t
2012-05-07,0.0,6.817613904289961e-05,TLT,GARCH11-t
2012-05-08,0.0,6.005058467021079e-05,TLT,GARCH11-t
2012-05-09,0.0,7.634688086140583e-05,TLT,GARCH11-t
2012-05-10,0.0,6.85955347397697e-05,TLT,GARCH11-t
2012-05-11,0.0,6.684310890072112e-05,TLT,GARCH11-t
2012-05-14,0.0,7.749991579359785e-05,TLT,GARCH11-t
2012-05-15,0.0,0.00010485216598748006,TLT,GARCH11-t
2012-05-16,0.0,8.929976403385287e-05,TLT,GARCH11-t
2012-05-17,0.0,8.652832044036117e-05,TLT,GARCH11-t
2012-05-18,0.0,0.00014814473889663646,TLT,GARCH11-t
2012-05-21,0.0,0.0001180932444874943,TLT,GARCH11-t
2012-05-22,0.0,9.229104596627183e-05,TLT,GARCH11-t
2012-05-23,0.0,0.0001062383279744743,TLT,GARCH11-t
2012-05-24,0.0,9.8795991577388e-05,TLT,GARCH11-t
2012-05-25,0.0,8.599806371878082e-05,TLT,GARCH11-t
2012-05-29,0.0,7.677361394906198e-05,TLT,GARCH11-t
2012-05-30,0.0,8.329440817772796e-05,TLT,GARCH11-t
2012-05-31,0.0,0.00017307705454424092,TLT,GARCH11-t
2012-06-01,0.0,0.00018067958209183377,TLT,GARCH11-t
2012-06-04,0.0,0.0002634354828037963,TLT,GARCH11-t
2012-06-05,0.0,0.00021352117835012085,TLT,GARCH11-t
2012-06-06,0.0,0.0001933449228821528,TLT,GARCH11-t
2012-06-07,0.0,0.0002469363989760024,TLT,GARCH11-t
2012-06-08,0.0,0.00019072764495393652,TLT,GARCH11-t
2012-06-11,0.0,0.000154597673611385,TLT,GARCH11-t
2012-06-12,0.0,0.0001355482759916857,TLT,GARCH11-t
2012-06-13,0.0,0.00012514702998974174,TLT,GARCH11-t
2012-06-14,0.0,0.00012054699758869708,TLT,GARCH11-t
2012-06-15,0.0,0.0001002427712443393,TLT,GARCH11-t
2012-06-18,0.0,9.215276869600439e-05,TLT,GARCH11-t
2012-06-19,0.0,9.594798488945093e-05,TLT,GARCH11-t
2012-06-20,0.0,0.0001141626272444627,TLT,GARCH11-t
2012-06-21,0.0,0.00010822259688450586,TLT,GARCH11-t
2012-06-22,0.0,9.260925066252463e-05,TLT,GARCH11-t
2012-06-25,0.0,0.00011833486563966825,TLT,GARCH11-t
2012-06-26,0.0,0.0001476553699750995,TLT,GARCH11-t
2012-06-27,0.0,0.00012150602041604227,TLT,GARCH11-t
2012-06-28,0.0,0.00010875143010148264,TLT,GARCH11-t
2012-06-29,0.0,9.851923176490799e-05,TLT,GARCH11-t
2012-07-02,0.0,0.00011495329373695194,TLT,GARCH11-t
2012-07-03,0.0,0.00011798036167942151,TLT,GARCH11-t
2012-07-05,0.0,0.00011379253385789047,TLT,GARCH11-t
2012-07-06,0.0,9.957974385209094e-05,TLT,GARCH11-t
2012-07-09,0.0,0.00010344206854880562,TLT,GARCH11-t
2012-07-10,0.0,0.00010443923806259131,TLT,GARCH11-t
2012-07-11,0.0,8.96540152026519e-05,TLT,GARCH11-t
2012-07-12,0.0,8.423200094032973e-05,TLT,GARCH11-t
2012-07-13,0.0,7.973634702267409e-05,TLT,GARCH11-t
2012-07-16,0.0,7.151465518683814e-05,TLT,GARCH11-t
2012-07-17,0.0,6.816176312792134e-05,TLT,GARCH11-t
2012-07-18,0.0,8.258050061065196e-05,TLT,GARCH11-t
2012-07-19,0.0,7.616266696406398e-05,TLT,GARCH11-t
2012-07-20,0.0,7.014475208362622e-05,TLT,GARCH11-t
2012-07-23,0.0,9.71416696352019e-05,TLT,GARCH11-t
2012-07-24,0.0,9.16176925657985e-05,TLT,GARCH11-t
2012-07-25,0.0,9.373739770442533e-05,TLT,GARCH11-t
2012-07-26,0.0,6.790997378782021e-05,TLT,GARCH11-t
2012-07-27,0.0,7.17444602181597e-05,TLT,GARCH11-t
2012-07-30,0.0,0.0001556900631824048,TLT,GARCH11-t
2012-07-31,0.0,0.00013714004057469587,TLT,GARCH11-t
2012-08-01,0.0,0.00011405348414028225,TLT,GARCH11-t
2012-08-02,0.0,0.0001010749590843891,TLT,GARCH11-t
2012-08-03,0.0,9.418298467873558e-05,TLT,GARCH11-t
2012-08-06,0.0,0.00013161515740622566,TLT,GARCH11-t
2012-08-07,0.0,0.00010043179115561785,TLT,GARCH11-t
2012-08-08,0.0,0.00012113301036290261,TLT,GARCH11-t
2012-08-09,0.0,0.00010281819618958762,TLT,GARCH11-t
2012-08-10,0.0,9.026202618212881e-05,TLT,GARCH11-t
2012-08-13,0.0,8.65084337797358e-05,TLT,GARCH11-t
2012-08-14,0.0,7.970883831477866e-05,TLT,GARCH11-t
2012-08-15,0.0,9.700962597507004e-05,TLT,GARCH11-t
2012-08-16,0.0,0.00011636052321840537,TLT,GARCH11-t
2012-08-17,0.0,0.00012184870784832485,TLT,GARCH11-t
2012-08-20,0.0,0.00010981116192086706,TLT,GARCH11-t
2012-08-21,0.0,8.797085152345853e-05,TLT,GARCH11-t
2012-08-22,0.0,8.093807832871586e-05,TLT,GARCH11-t
2012-08-23,0.0,0.00011426345804663347,TLT,GARCH11-t
2012-08-24,0.0,0.0001016959007593542,TLT,GARCH11-t
2012-08-27,0.0,8.845542487606324e-05,TLT,GARCH11-t
2012-08-28,0.0,8.376002469454855e-05,TLT,GARCH11-t
2012-08-29,0.0,7.711360674995081e-05,TLT,GARCH11-t
2012-08-30,0.0,7.188215429916309e-05,TLT,GARCH11-t
2012-08-31,0.0,6.968906596063851e-05,TLT,GARCH11-t
2012-09-04,0.0,9.365055266547236e-05,TLT,GARCH11-t
2012-09-05,0.0,8.441733721760467e-05,TLT,GARCH11-t
2012-09-06,0.0,7.858771274916943e-05,TLT,GARCH11-t
2012-09-07,0.0,0.0001094685089139007,TLT,GARCH11-t
2012-09-10,0.0,0.00010739087903789533,TLT,GARCH11-t
2012-09-11,0.0,9.784686106603215e-05,TLT,GARCH11-t
2012-09-12,0.0,9.524107828675614e-05,TLT,GARCH11-t
2012-09-13,0.0,0.00010477272635871666,TLT,GARCH11-t
2012-09-14,0.0,9.81840817224468e-05,TLT,GARCH11-t
2012-09-17,0.0,0.0001649795834190662,TLT,GARCH11-t
2012-09-18,0.0,0.00015949384417615392,TLT,GARCH11-t
2012-09-19,0.0,0.00013585115355037048,TLT,GARCH11-t
2012-09-20,0.0,0.0001265594581580107,TLT,GARCH11-t
2012-09-21,0.0,0.00011663770700985179,TLT,GARCH11-t
2012-09-24,0.0,0.0001033348910621083,TLT,GARCH11-t
2012-09-25,0.0,0.00010020081990169962,TLT,GARCH11-t
2012-09-26,0.0,0.00010142719803387831,TLT,GARCH11-t
2012-09-27,0.0,0.00010025449927555988,TLT,GARCH11-t
2012-09-28,0.0,0.00010038420707837419,TLT,GARCH11-t
2012-10-01,0.0,8.997803714520728e-05,TLT,GARCH11-t
2012-10-02,0.0,8.566801470454602e-05,TLT,GARCH11-t
2012-10-03,0.0,7.451888315300906e-05,TLT,GARCH11-t
2012-10-04,0.0,7.281164546845388e-05,TLT,GARCH11-t
2012-10-05,0.0,8.867217109738444e-05,TLT,GARCH11-t
2012-10-08,0.0,9.705926997369942e-05,TLT,GARCH11-t
2012-10-09,0.0,9.939861095539992e-05,TLT,GARCH11-t
2012-10-10,0.0,8.799641685398436e-05,TLT,GARCH11-t
2012-10-11,0.0,8.569812630457828e-05,TLT,GARCH11-t
2012-10-12,0.0,8.619772947814183e-05,TLT,GARCH11-t
2012-10-15,0.0,7.928390099076915e-05,TLT,GARCH11-t
2012-10-16,0.0,7.45611793299364e-05,TLT,GARCH11-t
2012-10-17,0.0,8.258045659183236e-05,TLT,GARCH11-t
2012-10-18,0.0,8.503994125120469e-05,TLT,GARCH11-t
2012-10-19,0.0,7.892759313654343e-05,TLT,GARCH11-t
2012-10-22,0.0,9.640014633353498e-05,TLT,GARCH11-t
2012-10-23,0.0,8.123387445530493e-05,TLT,GARCH11-t
2012-10-24,0.0,0.00010737049415536953,TLT,GARCH11-t
2012-10-25,0.0,0.00010431976841508088,TLT,GARCH11-t
2012-10-26,0.0,0.0001000681899551482,TLT,GARCH11-t
2012-10-31,0.0,0.00010389323450344615,TLT,GARCH11-t
2012-11-01,0.0,0.00010005660134790679,TLT,GARCH11-t
2012-11-02,0.0,9.652725752559982e-05,TLT,GARCH11-t
2012-11-05,0.0,8.561510230459802e-05,TLT,GARCH11-t
2012-11-06,0.0,8.773095305327401e-05,TLT,GARCH11-t
2012-11-07,0.0,9.325269719554885e-05,TLT,GARCH11-t
2012-11-08,0.0,9.949988285017502e-05,TLT,GARCH11-t
2012-11-09,0.0,0.00010361929087639656,TLT,GARCH11-t
2012-11-12,0.0,9.52250338493783e-05,TLT,GARCH11-t
2012-11-13,0.0,9.029114616686519e-05,TLT,GARCH11-t
2012-11-14,0.0,9.414023694721106e-05,TLT,GARCH11-t
2012-11-15,0.0,8.364827927408186e-05,TLT,GARCH11-t
2012-11-16,0.0,8.269068162961405e-05,TLT,GARCH11-t
2012-11-19,0.0,8.157307938181244e-05,TLT,GARCH11-t
2012-11-20,0.0,8.402678194668471e-05,TLT,GARCH11-t
2012-11-21,0.0,8.331681906904264e-05,TLT,GARCH11-t
2012-11-23,0.0,8.10081003478519e-05,TLT,GARCH11-t
2012-11-26,0.0,8.00072621602532e-05,TLT,GARCH11-t
2012-11-27,0.0,7.618583354266232e-05,TLT,GARCH11-t
2012-11-28,0.0,8.175404880883535e-05,TLT,GARCH11-t
2012-11-29,0.0,7.268614930973217e-05,TLT,GARCH11-t
2012-11-30,0.0,7.435551201053463e-05,TLT,GARCH11-t
2012-12-03,0.0,6.59999918657229e-05,TLT,GARCH11-t
2012-12-04,0.0,6.742920640476295e-05,TLT,GARCH11-t
2012-12-05,0.0,6.499972763376827e-05,TLT,GARCH11-t
2012-12-06,0.0,6.367633273500492e-05,TLT,GARCH11-t
2012-12-07,0.0,5.9413761342908085e-05,TLT,GARCH11-t
2012-12-10,0.0,6.625839589076417e-05,TLT,GARCH11-t
2012-12-11,0.0,6.487687171682921e-05,TLT,GARCH11-t
2012-12-12,0.0,6.730463551252344e-05,TLT,GARCH11-t
2012-12-13,0.0,7.182301192043483e-05,TLT,GARCH11-t
2012-12-14,0.0,7.145445534711281e-05,TLT,GARCH11-t
2012-12-17,0.0,6.980263594996814e-05,TLT,GARCH11-t
2012-12-18,0.0,8.438732705039075e-05,TLT,GARCH11-t
2012-12-19,0.0,8.469305009891248e-05,TLT,GARCH11-t
2012-12-20,0.0,7.945608842920454e-05,TLT,GARCH11-t
2012-12-21,0.0,7.515111478055004e-05,TLT,GARCH11-t
2012-12-24,0.0,7.899771918366775e-05,TLT,GARCH11-t
2012-12-26,0.0,8.140813520928462e-05,TLT,GARCH11-t
2012-12-27,0.0,7.666366477811681e-05,TLT,GARCH11-t
2012-12-28,0.0,7.045978962016153e-05,TLT,GARCH11-t
2012-12-31,0.0,6.995773851075748e-05,TLT,GARCH11-t
2013-01-02,0.0,8.768789686729793e-05,TLT,GARCH11-t
2013-01-03,0.0,9.822234733654697e-05,TLT,GARCH11-t
2013-01-04,0.0,9.563746724883314e-05,TLT,GARCH11-t
2013-01-07,0.0,8.389887182618075e-05,TLT,GARCH11-t
2013-01-08,0.0,7.759709950633981e-05,TLT,GARCH11-t
2013-01-09,0.0,7.509909399930149e-05,TLT,GARCH11-t
2013-01-10,0.0,7.19859410856549e-05,TLT,GARCH11-t
2013-01-11,0.0,6.95862189606899e-05,TLT,GARCH11-t
2013-01-14,0.0,7.399570441417571e-05,TLT,GARCH11-t
2013-01-15,0.0,7.068844718504419e-05,TLT,GARCH11-t
2013-01-16,0.0,6.964079159533761e-05,TLT,GARCH11-t
2013-01-17,0.0,6.565212303816802e-05,TLT,GARCH11-t
2013-01-18,0.0,7.400407685994085e-05,TLT,GARCH11-t
2013-01-22,0.0,7.436865268464483e-05,TLT,GARCH11-t
2013-01-23,0.0,6.983711169137927e-05,TLT,GARCH11-t
2013-01-24,0.0,6.687629557687868e-05,TLT,GARCH11-t
2013-01-25,0.0,6.575135006597386e-05,TLT,GARCH11-t
2013-01-28,0.0,7.960157040641538e-05,TLT,GARCH11-t
2013-01-29,0.0,7.323212930425118e-05,TLT,GARCH11-t
2013-01-30,0.0,7.131460678542025e-05,TLT,GARCH11-t
2013-01-31,0.0,6.726942434683646e-05,TLT,GARCH11-t
2013-02-01,0.0,6.641561397710854e-05,TLT,GARCH11-t
2013-02-04,0.0,7.71055799958056e-05,TLT,GARCH11-t
2013-02-05,0.0,8.339069223000521e-05,TLT,GARCH11-t
2013-02-06,0.0,8.137081027016887e-05,TLT,GARCH11-t
2013-02-07,0.0,7.737769090874859e-05,TLT,GARCH11-t
2013-02-08,0.0,6.989893788299177e-05,TLT,GARCH11-t
2013-02-11,0.0,6.696168795010537e-05,TLT,GARCH11-t
2013-02-12,0.0,6.412243814931737e-05,TLT,GARCH11-t
2013-02-13,0.0,6.337271185760365e-05,TLT,GARCH11-t
2013-02-14,0.0,6.886746158606585e-05,TLT,GARCH11-t
2013-02-15,0.0,7.32862639736588e-05,TLT,GARCH11-t
2013-02-19,0.0,6.748126803700111e-05,TLT,GARCH11-t
2013-02-20,0.0,6.680340800685305e-05,TLT,GARCH11-t
2013-02-21,0.0,6.423019299481643e-05,TLT,GARCH11-t
2013-02-22,0.0,6.565239431355357e-05,TLT,GARCH11-t
2013-02-25,0.0,6.236371905455338e-05,TLT,GARCH11-t
2013-02-26,0.0,0.00010116954822070671,TLT,GARCH11-t
2013-02-27,0.0,8.147412427633914e-05,TLT,GARCH11-t
2013-02-28,0.0,7.026818456294141e-05,TLT,GARCH11-t
2013-03-01,0.0,6.6012082418583e-05,TLT,GARCH11-t
2013-03-04,0.0,6.758962515333907e-05,TLT,GARCH11-t
2013-03-05,0.0,6.740736327421556e-05,TLT,GARCH11-t
2013-03-06,0.0,6.473776508223125e-05,TLT,GARCH11-t
2013-03-07,0.0,7.200808341388378e-05,TLT,GARCH11-t
2013-03-08,0.0,7.17717890626366e-05,TLT,GARCH11-t
2013-03-11,0.0,7.799135797230012e-05,TLT,GARCH11-t
2013-03-12,0.0,6.866770050198575e-05,TLT,GARCH11-t
2013-03-13,0.0,6.793432962646928e-05,TLT,GARCH11-t
2013-03-14,0.0,6.796739338938856e-05,TLT,GARCH11-t
2013-03-15,0.0,6.163886627410546e-05,TLT,GARCH11-t
2013-03-18,0.0,6.57522473702095e-05,TLT,GARCH11-t
2013-03-19,0.0,6.52426449062325e-05,TLT,GARCH11-t
2013-03-20,0.0,6.542953358913136e-05,TLT,GARCH11-t
2013-03-21,0.0,7.282727459089811e-05,TLT,GARCH11-t
2013-03-22,0.0,7.452538231520228e-05,TLT,GARCH11-t
2013-03-25,0.0,6.604763339675747e-05,TLT,GARCH11-t
2013-03-26,0.0,6.120199320766298e-05,TLT,GARCH11-t
2013-03-27,0.0,5.9622540667352516e-05,TLT,GARCH11-t
2013-03-28,0.0,6.610610335941234e-05,TLT,GARCH11-t
2013-04-01,0.0,6.182259289238722e-05,TLT,GARCH11-t
2013-04-02,0.0,6.373578236212547e-05,TLT,GARCH11-t
2013-04-03,0.0,6.5042198182557e-05,TLT,GARCH11-t
2013-04-04,0.0,6.74671732236827e-05,TLT,GARCH11-t
2013-04-05,0.0,6.84219405437641e-05,TLT,GARCH11-t
2013-04-08,0.0,8.865582939710698e-05,TLT,GARCH11-t
2013-04-09,0.0,8.08136930567528e-05,TLT,GARCH11-t
2013-04-10,0.0,6.184252343572168e-05,TLT,GARCH11-t
2013-04-11,0.0,7.871131634393821e-05,TLT,GARCH11-t
2013-04-12,0.0,6.725962504586175e-05,TLT,GARCH11-t
2013-04-15,0.0,8.252092498456178e-05,TLT,GARCH11-t
2013-04-16,0.0,7.057260140637864e-05,TLT,GARCH11-t
2013-04-17,0.0,6.871827811753835e-05,TLT,GARCH11-t
2013-04-18,0.0,7.405188712660312e-05,TLT,GARCH11-t
2013-04-19,0.0,7.081476574375007e-05,TLT,GARCH11-t
2013-04-22,0.0,5.9946149722606815e-05,TLT,GARCH11-t
2013-04-23,0.0,5.8615644163341524e-05,TLT,GARCH11-t
2013-04-24,0.0,6.0736627848143805e-05,TLT,GARCH11-t
2013-04-25,0.0,5.758953727468909e-05,TLT,GARCH11-t
2013-04-26,0.0,5.8578462832418896e-05,TLT,GARCH11-t
2013-04-29,0.0,6.557189942397322e-05,TLT,GARCH11-t
2013-04-30,0.0,6.13028943379644e-05,TLT,GARCH11-t
2013-05-01,0.0,5.8192341796503536e-05,TLT,GARCH11-t
2013-05-02,0.0,7.139324802161372e-05,TLT,GARCH11-t
2013-05-03,0.0,6.154339056840932e-05,TLT,GARCH11-t
2013-05-06,0.0,0.00010176415933374708,TLT,GARCH11-t
2013-05-07,0.0,7.774808351303714e-05,TLT,GARCH11-t
2013-05-08,0.0,6.581814111694575e-05,TLT,GARCH11-t
2013-05-09,0.0,6.802858860862997e-05,TLT,GARCH11-t
2013-05-10,0.0,6.438349903414064e-05,TLT,GARCH11-t
2013-05-13,0.0,6.823883853546664e-05,TLT,GARCH11-t
2013-05-14,0.0,6.834170651062876e-05,TLT,GARCH11-t
2013-05-15,0.0,6.513737653439388e-05,TLT,GARCH11-t
2013-05-16,0.0,6.890672073102341e-05,TLT,GARCH11-t
2013-05-17,0.0,6.55680484672739e-05,TLT,GARCH11-t
2013-05-20,0.0,6.581288590211317e-05,TLT,GARCH11-t
2013-05-21,0.0,7.128486431270214e-05,TLT,GARCH11-t
2013-05-22,0.0,6.901555198095647e-05,TLT,GARCH11-t
2013-05-23,0.0,7.221090409899862e-05,TLT,GARCH11-t
2013-05-24,0.0,7.191900094416322e-05,TLT,GARCH11-t
2013-05-28,0.0,7.065593023854115e-05,TLT,GARCH11-t
2013-05-29,0.0,7.870297161698695e-05,TLT,GARCH11-t
2013-05-30,0.0,7.59593950630528e-05,TLT,GARCH11-t
2013-05-31,0.0,7.429090284915576e-05,TLT,GARCH11-t
2013-06-03,0.0,7.297883151877184e-05,TLT,GARCH11-t
2013-06-04,0.0,7.200712817726168e-05,TLT,GARCH11-t
2013-06-05,0.0,7.320105019955443e-05,TLT,GARCH11-t
2013-06-06,0.0,6.489080122971185e-05,TLT,GARCH11-t
2013-06-07,0.0,6.824149140265438e-05,TLT,GARCH11-t
2013-06-10,0.0,7.754731234604215e-05,TLT,GARCH11-t
2013-06-11,0.0,6.868324022995735e-05,TLT,GARCH11-t
2013-06-12,0.0,6.953600318306321e-05,TLT,GARCH11-t
2013-06-13,0.0,7.11750870681149e-05,TLT,GARCH11-t
2013-06-14,0.0,7.28004405827904e-05,TLT,GARCH11-t
2013-06-17,0.0,6.768277446011098e-05,TLT,GARCH11-t
2013-06-18,0.0,6.8052975349646e-05,TLT,GARCH11-t
2013-06-19,0.0,6.699410294669712e-05,TLT,GARCH11-t
2013-06-20,0.0,6.987096554346961e-05,TLT,GARCH11-t
2013-06-21,0.0,7.285706472136936e-05,TLT,GARCH11-t
2013-06-24,0.0,8.132910559195813e-05,TLT,GARCH11-t
2013-06-25,0.0,6.834601077094438e-05,TLT,GARCH11-t
2013-06-26,0.0,7.208255407720707e-05,TLT,GARCH11-t
2013-06-27,0.0,7.405853380910697e-05,TLT,GARCH11-t
2013-06-28,0.0,7.789866584628172e-05,TLT,GARCH11-t
2013-07-01,0.0,7.7163490028723e-05,TLT,GARCH11-t
2013-07-02,0.0,7.572362848054081e-05,TLT,GARCH11-t
2013-07-03,0.0,6.670715039696357e-05,TLT,GARCH11-t
2013-07-05,0.0,7.18118175663202e-05,TLT,GARCH11-t
2013-07-08,0.0,8.982464352411235e-05,TLT,GARCH11-t
2013-07-09,0.0,8.963561563801437e-05,TLT,GARCH11-t
2013-07-10,0.0,9.532647422990354e-05,TLT,GARCH11-t
2013-07-11,0.0,9.182473846344791e-05,TLT,GARCH11-t
2013-07-12,0.0,8.81370110510743e-05,TLT,GARCH11-t
2013-07-15,0.0,8.698262113224678e-05,TLT,GARCH11-t
2013-07-16,0.0,8.621296777023752e-05,TLT,GARCH11-t
2013-07-17,0.0,8.513461637482649e-05,TLT,GARCH11-t
2013-07-18,0.0,8.356211123092455e-05,TLT,GARCH11-t
2013-07-19,0.0,8.090195488391897e-05,TLT,GARCH11-t
2013-07-22,0.0,8.690268802520083e-05,TLT,GARCH11-t
2013-07-23,0.0,8.670761984422741e-05,TLT,GARCH11-t
2013-07-24,0.0,8.498725572855104e-05,TLT,GARCH11-t
2013-07-25,0.0,8.561701349043225e-05,TLT,GARCH11-t
2013-07-26,0.0,8.448538673425252e-05,TLT,GARCH11-t
2013-07-29,0.0,8.377662835278764e-05,TLT,GARCH11-t
2013-07-30,0.0,8.344011098009918e-05,TLT,GARCH11-t
2013-07-31,0.0,8.223080536521041e-05,TLT,GARCH11-t
2013-08-01,0.0,8.047117520138138e-05,TLT,GARCH11-t
2013-08-02,0.0,8.417872226223099e-05,TLT,GARCH11-t
2013-08-05,0.0,8.466773547759957e-05,TLT,GARCH11-t
2013-08-06,0.0,8.433413742132483e-05,TLT,GARCH11-t
2013-08-07,0.0,8.334848040218787e-05,TLT,GARCH11-t
2013-08-08,0.0,8.235599596697097e-05,TLT,GARCH11-t
2013-08-09,0.0,8.148047618884416e-05,TLT,GARCH11-t
2013-08-12,0.0,8.012238947325033e-05,TLT,GARCH11-t
2013-08-13,0.0,7.972215020966055e-05,TLT,GARCH11-t
2013-08-14,0.0,8.22059314765574e-05,TLT,GARCH11-t
2013-08-15,0.0,8.052690413311716e-05,TLT,GARCH11-t
2013-08-16,0.0,8.194827136738098e-05,TLT,GARCH11-t
2013-08-19,0.0,8.10185368311911e-05,TLT,GARCH11-t
2013-08-20,0.0,8.018377027776758e-05,TLT,GARCH11-t
2013-08-21,0.0,7.982530346842886e-05,TLT,GARCH11-t
2013-08-22,0.0,8.171244010325774e-05,TLT,GARCH11-t
2013-08-23,0.0,8.15852563306751e-05,TLT,GARCH11-t
2013-08-26,0.0,8.128401879976802e-05,TLT,GARCH11-t
2013-08-27,0.0,7.99605082186981e-05,TLT,GARCH11-t
2013-08-28,0.0,8.278312527381734e-05,TLT,GARCH11-t
2013-08-29,0.0,8.091183773676474e-05,TLT,GARCH11-t
2013-08-30,0.0,8.151772305480834e-05,TLT,GARCH11-t
2013-09-03,0.0,7.980759087169916e-05,TLT,GARCH11-t
2013-09-04,0.0,8.143218896457054e-05,TLT,GARCH11-t
2013-09-05,0.0,8.051289031094776e-05,TLT,GARCH11-t
2013-09-06,0.0,8.315559961139478e-05,TLT,GARCH11-t
2013-09-09,0.0,8.09873337957741e-05,TLT,GARCH11-t
2013-09-10,0.0,7.564580096714878e-05,TLT,GARCH11-t
2013-09-11,0.0,7.973441537199237e-05,TLT,GARCH11-t
2013-09-12,0.0,7.91064154853821e-05,TLT,GARCH11-t
2013-09-13,0.0,7.319160451845608e-05,TLT,GARCH11-t
2013-09-16,0.0,7.41892005121811e-05,TLT,GARCH11-t
2013-09-17,0.0,7.363205530075852e-05,TLT,GARCH11-t
2013-09-18,0.0,7.277369423693663e-05,TLT,GARCH11-t
2013-09-19,0.0,7.602834703271235e-05,TLT,GARCH11-t
2013-09-20,0.0,7.527383846578414e-05,TLT,GARCH11-t
2013-09-23,0.0,7.475341953587892e-05,TLT,GARCH11-t
2013-09-24,0.0,7.45277209522741e-05,TLT,GARCH11-t
2013-09-25,0.0,7.518752571916529e-05,TLT,GARCH11-t
2013-09-26,0.0,7.444718728354475e-05,TLT,GARCH11-t
2013-09-27,0.0,7.414217938631072e-05,TLT,GARCH11-t
2013-09-30,0.0,9.554488547935899e-05,TLT,GARCH11-t
2013-10-01,0.0,7.21834438072058e-05,TLT,GARCH11-t
2013-10-02,0.0,7.144664473161856e-05,TLT,GARCH11-t
2013-10-03,0.0,7.077657171037192e-05,TLT,GARCH11-t
2013-10-04,0.0,6.694974422546566e-05,TLT,GARCH11-t
2013-10-07,0.0,6.49691034300011e-05,TLT,GARCH11-t
2013-10-08,0.0,6.900879382007261e-05,TLT,GARCH11-t
2013-10-09,0.0,6.79642044108553e-05,TLT,GARCH11-t
2013-10-10,0.0,6.56990879166882e-05,TLT,GARCH11-t
2013-10-11,0.0,6.337509534179171e-05,TLT,GARCH11-t
2013-10-14,0.0,6.636222070620136e-05,TLT,GARCH11-t
2013-10-15,0.0,6.648675818560726e-05,TLT,GARCH11-t
2013-10-16,0.0,6.579138846463089e-05,TLT,GARCH11-t
2013-10-17,0.0,6.717895684962781e-05,TLT,GARCH11-t
2013-10-18,0.0,6.50554982136332e-05,TLT,GARCH11-t
2013-10-21,0.0,6.674569832251795e-05,TLT,GARCH11-t
2013-10-22,0.0,6.587611291914274e-05,TLT,GARCH11-t
2013-10-23,0.0,6.67686459107207e-05,TLT,GARCH11-t
2013-10-24,0.0,6.0872054141338706e-05,TLT,GARCH11-t
2013-10-25,0.0,5.841991425219408e-05,TLT,GARCH11-t
2013-10-28,0.0,5.906802213038821e-05,TLT,GARCH11-t
2013-10-29,0.0,5.735171895589561e-05,TLT,GARCH11-t
2013-10-30,0.0,5.402420737775972e-05,TLT,GARCH11-t
2013-10-31,0.0,5.2977267354308666e-05,TLT,GARCH11-t
2013-11-01,0.0,5.4051738042905776e-05,TLT,GARCH11-t
2013-11-04,0.0,5.765148934028003e-05,TLT,GARCH11-t
2013-11-05,0.0,5.376545873362116e-05,TLT,GARCH11-t
2013-11-06,0.0,5.9259742112631454e-05,TLT,GARCH11-t
2013-11-07,0.0,6.469575917321655e-05,TLT,GARCH11-t
2013-11-08,0.0,6.23664081029823e-05,TLT,GARCH11-t
2013-11-11,0.0,6.8767625960838e-05,TLT,GARCH11-t
2013-11-12,0.0,6.826110517633688e-05,TLT,GARCH11-t
2013-11-13,0.0,6.785945268172251e-05,TLT,GARCH11-t
2013-11-14,0.0,7.480343272964584e-05,TLT,GARCH11-t
2013-11-15,0.0,6.718239190976981e-05,TLT,GARCH11-t
2013-11-18,0.0,6.983644201343516e-05,TLT,GARCH11-t
2013-11-19,0.0,6.643293404089044e-05,TLT,GARCH11-t
2013-11-20,0.0,6.647761152034864e-05,TLT,GARCH11-t
2013-11-21,0.0,7.592063122213139e-05,TLT,GARCH11-t
2013-11-22,0.0,6.86891880242494e-05,TLT,GARCH11-t
2013-11-25,0.0,7.291452141218016e-05,TLT,GARCH11-t
2013-11-26,0.0,6.850515810772882e-05,TLT,GARCH11-t
2013-11-27,0.0,6.799689455472331e-05,TLT,GARCH11-t
2013-11-29,0.0,6.740052251210433e-05,TLT,GARCH11-t
2013-12-02,0.0,6.679124686593619e-05,TLT,GARCH11-t
2013-12-03,0.0,6.695055246577787e-05,TLT,GARCH11-t
2013-12-04,0.0,6.739401730625853e-05,TLT,GARCH11-t
2013-12-05,0.0,6.812497612754398e-05,TLT,GARCH11-t
2013-12-06,0.0,6.639185297903767e-05,TLT,GARCH11-t
2013-12-09,0.0,6.62369970736347e-05,TLT,GARCH11-t
2013-12-10,0.0,6.551233536367222e-05,TLT,GARCH11-t
2013-12-11,0.0,6.5559084627317e-05,TLT,GARCH11-t
2013-12-12,0.0,6.494688647359815e-05,TLT,GARCH11-t
2013-12-13,0.0,6.331671036274874e-05,TLT,GARCH11-t
2013-12-16,0.0,6.386263380624984e-05,TLT,GARCH11-t
2013-12-17,0.0,6.413891223088064e-05,TLT,GARCH11-t
2013-12-18,0.0,6.326713252850988e-05,TLT,GARCH11-t
2013-12-19,0.0,5.92304169574201e-05,TLT,GARCH11-t
2013-12-20,0.0,5.700400818606774e-05,TLT,GARCH11-t
2013-12-23,0.0,6.475405709586098e-05,TLT,GARCH11-t
2013-12-24,0.0,6.301784641374169e-05,TLT,GARCH11-t
2013-12-26,0.0,6.458413854574622e-05,TLT,GARCH11-t
2013-12-27,0.0,6.381965171225197e-05,TLT,GARCH11-t
2013-12-30,0.0,6.375188454920564e-05,TLT,GARCH11-t
2013-12-31,0.0,6.374878344271705e-05,TLT,GARCH11-t
2014-01-02,0.0,6.100232951109173e-05,TLT,GARCH11-t
2014-01-03,0.0,5.78589097642139e-05,TLT,GARCH11-t
2014-01-06,0.0,5.559363763572343e-05,TLT,GARCH11-t
2014-01-07,0.0,5.815632466931457e-05,TLT,GARCH11-t
2014-01-08,0.0,5.5405195513162276e-05,TLT,GARCH11-t
2014-01-09,0.0,5.509014238805792e-05,TLT,GARCH11-t
2014-01-10,0.0,5.206355557896533e-05,TLT,GARCH11-t
2014-01-13,0.0,6.285115647996034e-05,TLT,GARCH11-t
2014-01-14,0.0,5.48734770360128e-05,TLT,GARCH11-t
2014-01-15,0.0,6.159838679752301e-05,TLT,GARCH11-t
2014-01-16,0.0,5.486105966407335e-05,TLT,GARCH11-t
2014-01-17,0.0,5.2874497281304766e-05,TLT,GARCH11-t
2014-01-21,0.0,5.973137211079264e-05,TLT,GARCH11-t
2014-01-22,0.0,5.914470119885678e-05,TLT,GARCH11-t
2014-01-23,0.0,5.878930106829634e-05,TLT,GARCH11-t
2014-01-24,0.0,6.0868203550712277e-05,TLT,GARCH11-t
2014-01-27,0.0,6.090157835743648e-05,TLT,GARCH11-t
2014-01-28,0.0,6.0775047789498216e-05,TLT,GARCH11-t
2014-01-29,0.0,5.326662062438607e-05,TLT,GARCH11-t
2014-01-30,0.0,6.0456421571820874e-05,TLT,GARCH11-t
2014-01-31,0.0,6.0100813679651886e-05,TLT,GARCH11-t
2014-02-03,0.0,6.015878559395788e-05,TLT,GARCH11-t
2014-02-04,0.0,6.111450541277202e-05,TLT,GARCH11-t
2014-02-05,0.0,5.981388209070922e-05,TLT,GARCH11-t
2014-02-06,0.0,6.270625096453613e-05,TLT,GARCH11-t
2014-02-07,0.0,6.0378138383946456e-05,TLT,GARCH11-t
2014-02-10,0.0,6.020535383354291e-05,TLT,GARCH11-t
2014-02-11,0.0,6.149525593143775e-05,TLT,GARCH11-t
2014-02-12,0.0,5.5017494985978955e-05,TLT,GARCH11-t
2014-02-13,0.0,5.457293138520542e-05,TLT,GARCH11-t
2014-02-14,0.0,6.025296219407364e-05,TLT,GARCH11-t
2014-02-18,0.0,5.958594085075849e-05,TLT,GARCH11-t
2014-02-19,0.0,5.918789242805718e-05,TLT,GARCH11-t
2014-02-20,0.0,5.8919020599533794e-05,TLT,GARCH11-t
2014-02-21,0.0,5.855053990040684e-05,TLT,GARCH11-t
2014-02-24,0.0,5.840083064811133e-05,TLT,GARCH11-t
2014-02-25,0.0,5.441157886615014e-05,TLT,GARCH11-t
2014-02-26,0.0,4.345659536144808e-05,TLT,GARCH11-t
2014-02-27,0.0,4.965454258226209e-05,TLT,GARCH11-t
2014-02-28,0.0,4.8560063317013066e-05,TLT,GARCH11-t
2014-03-03,0.0,4.4541289273244165e-05,TLT,GARCH11-t
2014-03-04,0.0,4.4566462243751746e-05,TLT,GARCH11-t
2014-03-05,0.0,5.9600925812269884e-05,TLT,GARCH11-t
2014-03-06,0.0,5.919036016573624e-05,TLT,GARCH11-t
2014-03-07,0.0,5.977267598906283e-05,TLT,GARCH11-t
2014-03-10,0.0,5.966509092307723e-05,TLT,GARCH11-t
2014-03-11,0.0,5.209295291967895e-05,TLT,GARCH11-t
2014-03-12,0.0,4.933270891644923e-05,TLT,GARCH11-t
2014-03-13,0.0,5.021872752318544e-05,TLT,GARCH11-t
2014-03-14,0.0,6.04686368446779e-05,TLT,GARCH11-t
2014-03-17,0.0,5.997735551010479e-05,TLT,GARCH11-t
2014-03-18,0.0,6.0175612566522706e-05,TLT,GARCH11-t
2014-03-19,0.0,5.9731121184337916e-05,TLT,GARCH11-t
2014-03-20,0.0,5.7130000977908194e-05,TLT,GARCH11-t
2014-03-21,0.0,5.918453244493353e-05,TLT,GARCH11-t
2014-03-24,0.0,5.996778987443118e-05,TLT,GARCH11-t
2014-03-25,0.0,5.767899378161085e-05,TLT,GARCH11-t
2014-03-26,0.0,5.479608231931916e-05,TLT,GARCH11-t
2014-03-27,0.0,6.0171434988284755e-05,TLT,GARCH11-t
2014-03-28,0.0,5.202483913877044e-05,TLT,GARCH11-t
2014-03-31,0.0,5.9725950138541455e-05,TLT,GARCH11-t
2014-04-01,0.0,5.920695440401797e-05,TLT,GARCH11-t
2014-04-02,0.0,5.425883990979224e-05,TLT,GARCH11-t
2014-04-03,0.0,5.258271963966871e-05,TLT,GARCH11-t
2014-04-04,0.0,5.8848975094194946e-05,TLT,GARCH11-t
2014-04-07,0.0,5.7908668854305365e-05,TLT,GARCH11-t
2014-04-08,0.0,5.776945428040199e-05,TLT,GARCH11-t
2014-04-09,0.0,5.7394698506431e-05,TLT,GARCH11-t
2014-04-10,0.0,5.6773409985511266e-05,TLT,GARCH11-t
2014-04-11,0.0,5.7428921892605027e-05,TLT,GARCH11-t
2014-04-14,0.0,4.9925439030269544e-05,TLT,GARCH11-t
2014-04-15,0.0,5.669253996385021e-05,TLT,GARCH11-t
2014-04-16,0.0,5.657855722928643e-05,TLT,GARCH11-t
2014-04-17,0.0,5.605990274796365e-05,TLT,GARCH11-t
2014-04-21,0.0,5.7171833990988444e-05,TLT,GARCH11-t
2014-04-22,0.0,5.6735150175086964e-05,TLT,GARCH11-t
2014-04-23,0.0,5.64562398622174e-05,TLT,GARCH11-t
2014-04-24,0.0,5.6422482684386014e-05,TLT,GARCH11-t
2014-04-25,0.0,5.604263662844627e-05,TLT,GARCH11-t
2014-04-28,0.0,5.5622163598132536e-05,TLT,GARCH11-t
2014-04-29,0.0,5.531341326841601e-05,TLT,GARCH11-t
2014-04-30,0.0,5.4920401932235774e-05,TLT,GARCH11-t
2014-05-01,0.0,5.476786336210605e-05,TLT,GARCH11-t
2014-05-02,0.0,5.556475163862334e-05,TLT,GARCH11-t
2014-05-05,0.0,5.565081824693387e-05,TLT,GARCH11-t
2014-05-06,0.0,5.420361109355777e-05,TLT,GARCH11-t
2014-05-07,0.0,5.4004553858270567e-05,TLT,GARCH11-t
2014-05-08,0.0,5.374547768502774e-05,TLT,GARCH11-t
2014-05-09,0.0,5.3600724381259717e-05,TLT,GARCH11-t
2014-05-12,0.0,5.3349740445134534e-05,TLT,GARCH11-t
2014-05-13,0.0,5.2887840183779595e-05,TLT,GARCH11-t
2014-05-14,0.0,5.3319381942160735e-05,TLT,GARCH11-t
2014-05-15,0.0,4.515366089253435e-05,TLT,GARCH11-t
2014-05-16,0.0,4.508665037074518e-05,TLT,GARCH11-t
2014-05-19,0.0,4.44787458285914e-05,TLT,GARCH11-t
2014-05-20,0.0,5.369330361469348e-05,TLT,GARCH11-t
2014-05-21,0.0,4.3707205396386036e-05,TLT,GARCH11-t
2014-05-22,0.0,4.3291465232571844e-05,TLT,GARCH11-t
2014-05-23,0.0,5.2342327287461484e-05,TLT,GARCH11-t
2014-05-27,0.0,5.227529490310314e-05,TLT,GARCH11-t
2014-05-28,0.0,4.1773797179452944e-05,TLT,GARCH11-t
2014-05-29,0.0,5.2113439716898236e-05,TLT,GARCH11-t
2014-05-30,0.0,5.173912383429488e-05,TLT,GARCH11-t
2014-06-02,0.0,5.133046954744624e-05,TLT,GARCH11-t
2014-06-03,0.0,4.332823569615656e-05,TLT,GARCH11-t
2014-06-04,0.0,5.309572249081955e-05,TLT,GARCH11-t
2014-06-05,0.0,5.244396245216273e-05,TLT,GARCH11-t
2014-06-06,0.0,5.1533644538155964e-05,TLT,GARCH11-t
2014-06-09,0.0,4.27588057404589e-05,TLT,GARCH11-t
2014-06-10,0.0,4.9905012832992065e-05,TLT,GARCH11-t
2014-06-11,0.0,4.964138947836067e-05,TLT,GARCH11-t
2014-06-12,0.0,4.10032685137756e-05,TLT,GARCH11-t
2014-06-13,0.0,4.902139200231007e-05,TLT,GARCH11-t
2014-06-16,0.0,4.119882989827045e-05,TLT,GARCH11-t
2014-06-17,0.0,4.7713034840855626e-05,TLT,GARCH11-t
2014-06-18,0.0,4.808736811216323e-05,TLT,GARCH11-t
2014-06-19,0.0,4.847478467114274e-05,TLT,GARCH11-t
2014-06-20,0.0,4.9923965786153636e-05,TLT,GARCH11-t
2014-06-23,0.0,4.269018701913546e-05,TLT,GARCH11-t
2014-06-24,0.0,4.8438974306974014e-05,TLT,GARCH11-t
2014-06-25,0.0,4.9280639490800756e-05,TLT,GARCH11-t
2014-06-26,0.0,4.873219283390327e-05,TLT,GARCH11-t
2014-06-27,0.0,4.8501408346839065e-05,TLT,GARCH11-t
2014-06-30,0.0,4.785155446750436e-05,TLT,GARCH11-t
2014-07-01,0.0,3.8318493458054266e-05,TLT,GARCH11-t
2014-07-02,0.0,5.1041513553976445e-05,TLT,GARCH11-t
2014-07-03,0.0,5.2214638647725895e-05,TLT,GARCH11-t
2014-07-07,0.0,4.871728273266939e-05,TLT,GARCH11-t
2014-07-08,0.0,4.564580890513499e-05,TLT,GARCH11-t
2014-07-09,0.0,4.667772185474017e-05,TLT,GARCH11-t
2014-07-10,0.0,4.600932227424495e-05,TLT,GARCH11-t
2014-07-11,0.0,4.368432755633115e-05,TLT,GARCH11-t
2014-07-14,0.0,4.409017431129268e-05,TLT,GARCH11-t
2014-07-15,0.0,4.523031201462563e-05,TLT,GARCH11-t
2014-07-16,0.0,4.2414677904251266e-05,TLT,GARCH11-t
2014-07-17,0.0,4.474107968162882e-05,TLT,GARCH11-t
2014-07-18,0.0,4.632887391535893e-05,TLT,GARCH11-t
2014-07-21,0.0,4.306641226260888e-05,TLT,GARCH11-t
2014-07-22,0.0,4.485513532519314e-05,TLT,GARCH11-t
2014-07-23,0.0,4.28384623909991e-05,TLT,GARCH11-t
2014-07-24,0.0,4.4073827134348816e-05,TLT,GARCH11-t
2014-07-25,0.0,4.396342953897911e-05,TLT,GARCH11-t
2014-07-28,0.0,4.5315440530418075e-05,TLT,GARCH11-t
2014-07-29,0.0,4.345620956106415e-05,TLT,GARCH11-t
2014-07-30,0.0,4.229617841422571e-05,TLT,GARCH11-t
2014-07-31,0.0,4.563901678421222e-05,TLT,GARCH11-t
2014-08-01,0.0,4.766331205615772e-05,TLT,GARCH11-t
2014-08-04,0.0,4.544183854953667e-05,TLT,GARCH11-t
2014-08-05,0.0,4.476756572965453e-05,TLT,GARCH11-t
2014-08-06,0.0,4.43107849805856e-05,TLT,GARCH11-t
2014-08-07,0.0,4.387339312823799e-05,TLT,GARCH11-t
2014-08-08,0.0,4.440945572993871e-05,TLT,GARCH11-t
2014-08-11,0.0,4.503088674203352e-05,TLT,GARCH11-t
2014-08-12,0.0,4.4734620885779987e-05,TLT,GARCH11-t
2014-08-13,0.0,4.4576848899235663e-05,TLT,GARCH11-t
2014-08-14,0.0,4.208324524053193e-05,TLT,GARCH11-t
2014-08-15,0.0,4.443216330828953e-05,TLT,GARCH11-t
2014-08-18,0.0,4.500128335168254e-05,TLT,GARCH11-t
2014-08-19,0.0,4.558682182120822e-05,TLT,GARCH11-t
2014-08-20,0.0,4.5426214436827936e-05,TLT,GARCH11-t
2014-08-21,0.0,4.4554179431473295e-05,TLT,GARCH11-t
2014-08-22,0.0,4.4132300341993806e-05,TLT,GARCH11-t
2014-08-25,0.0,4.158871100918219e-05,TLT,GARCH11-t
2014-08-26,0.0,4.3551435681216904e-05,TLT,GARCH11-t
2014-08-27,0.0,4.296012617675278e-05,TLT,GARCH11-t
2014-08-28,0.0,4.232407103037565e-05,TLT,GARCH11-t
2014-08-29,0.0,4.446048324028587e-05,TLT,GARCH11-t
2014-09-02,0.0,4.418093424957592e-05,TLT,GARCH11-t
2014-09-03,0.0,4.65451443662384e-05,TLT,GARCH11-t
2014-09-04,0.0,4.703276351913798e-05,TLT,GARCH11-t
2014-09-05,0.0,4.473723034330083e-05,TLT,GARCH11-t
2014-09-08,0.0,4.351944364149495e-05,TLT,GARCH11-t
2014-09-09,0.0,4.2963654703847e-05,TLT,GARCH11-t
2014-09-10,0.0,4.293564878866261e-05,TLT,GARCH11-t
2014-09-11,0.0,4.362411130434498e-05,TLT,GARCH11-t
2014-09-12,0.0,4.1132875510473695e-05,TLT,GARCH11-t
2014-09-15,0.0,4.440120024072176e-05,TLT,GARCH11-t
2014-09-16,0.0,4.534746096566001e-05,TLT,GARCH11-t
2014-09-17,0.0,4.5492684831630156e-05,TLT,GARCH11-t
2014-09-18,0.0,4.387031392319904e-05,TLT,GARCH11-t
2014-09-19,0.0,4.285047238408253e-05,TLT,GARCH11-t
2014-09-22,0.0,4.270828311919954e-05,TLT,GARCH11-t
2014-09-23,0.0,4.250829060336083e-05,TLT,GARCH11-t
2014-09-24,0.0,4.2466510308191906e-05,TLT,GARCH11-t
2014-09-25,0.0,4.215969140339436e-05,TLT,GARCH11-t
2014-09-26,0.0,4.361007560131397e-05,TLT,GARCH11-t
2014-09-29,0.0,4.293348361195748e-05,TLT,GARCH11-t
2014-09-30,0.0,4.3869223698200286e-05,TLT,GARCH11-t
2014-10-01,0.0,4.550790751185896e-05,TLT,GARCH11-t
2014-10-02,0.0,4.8490996723996725e-05,TLT,GARCH11-t
2014-10-03,0.0,4.58333052222635e-05,TLT,GARCH11-t
2014-10-06,0.0,4.7231979884053566e-05,TLT,GARCH11-t
2014-10-07,0.0,4.520009174503528e-05,TLT,GARCH11-t
2014-10-08,0.0,4.738440872996674e-05,TLT,GARCH11-t
2014-10-09,0.0,5.0458956272001435e-05,TLT,GARCH11-t
2014-10-10,0.0,4.511865975134936e-05,TLT,GARCH11-t
2014-10-13,0.0,4.7378039222832176e-05,TLT,GARCH11-t
2014-10-14,0.0,4.710128410936957e-05,TLT,GARCH11-t
2014-10-15,0.0,4.5518218239295464e-05,TLT,GARCH11-t
2014-10-16,0.0,4.544330761301333e-05,TLT,GARCH11-t
2014-10-17,0.0,4.69354680143502e-05,TLT,GARCH11-t
2014-10-20,0.0,4.715620136315199e-05,TLT,GARCH11-t
2014-10-21,0.0,4.513889346054868e-05,TLT,GARCH11-t
2014-10-22,0.0,4.531881396723943e-05,TLT,GARCH11-t
2014-10-23,0.0,4.6065007465371766e-05,TLT,GARCH11-t
2014-10-24,0.0,4.514155994009345e-05,TLT,GARCH11-t
2014-10-27,0.0,4.707599437008567e-05,TLT,GARCH11-t
2014-10-28,0.0,4.595730374102648e-05,TLT,GARCH11-t
2014-10-29,0.0,4.504788326231144e-05,TLT,GARCH11-t
2014-10-30,0.0,4.5529706673168297e-05,TLT,GARCH11-t
2014-10-31,0.0,4.240128809712362e-05,TLT,GARCH11-t
2014-11-03,0.0,4.4390773440377655e-05,TLT,GARCH11-t
2014-11-04,0.0,4.38083706619767e-05,TLT,GARCH11-t
2014-11-05,0.0,4.3412186284443075e-05,TLT,GARCH11-t
2014-11-06,0.0,4.289469875500861e-05,TLT,GARCH11-t
2014-11-07,0.0,4.248503765408785e-05,TLT,GARCH11-t
2014-11-10,0.0,4.421005089920711e-05,TLT,GARCH11-t
2014-11-11,0.0,4.272261979255707e-05,TLT,GARCH11-t
2014-11-12,0.0,4.0792851538105686e-05,TLT,GARCH11-t
2014-11-13,0.0,4.119367184156898e-05,TLT,GARCH11-t
2014-11-14,0.0,4.458483372909379e-05,TLT,GARCH11-t
2014-11-17,0.0,4.566326080898482e-05,TLT,GARCH11-t
2014-11-18,0.0,4.2523561392986974e-05,TLT,GARCH11-t
2014-11-19,0.0,4.159334701570478e-05,TLT,GARCH11-t
2014-11-20,0.0,4.109490753260585e-05,TLT,GARCH11-t
2014-11-21,0.0,4.297339692345294e-05,TLT,GARCH11-t
2014-11-24,0.0,4.148170837260306e-05,TLT,GARCH11-t
2014-11-25,0.0,3.9292209981820325e-05,TLT,GARCH11-t
2014-11-26,0.0,4.13198031103101e-05,TLT,GARCH11-t
2014-11-28,0.0,4.228153829158057e-05,TLT,GARCH11-t
2014-12-01,0.0,4.155488547951525e-05,TLT,GARCH11-t
2014-12-02,0.0,4.2235328884126514e-05,TLT,GARCH11-t
2014-12-03,0.0,4.435651857568176e-05,TLT,GARCH11-t
2014-12-04,0.0,4.183913412202924e-05,TLT,GARCH11-t
2014-12-05,0.0,4.1622414238628854e-05,TLT,GARCH11-t
2014-12-08,0.0,4.183091266128112e-05,TLT,GARCH11-t
2014-12-09,0.0,4.590209794575027e-05,TLT,GARCH11-t
2014-12-10,0.0,4.228202463176106e-05,TLT,GARCH11-t
2014-12-11,0.0,3.891337083727118e-05,TLT,GARCH11-t
2014-12-12,0.0,4.266652201086544e-05,TLT,GARCH11-t
2014-12-15,0.0,4.193185580882872e-05,TLT,GARCH11-t
2014-12-16,0.0,4.3040419589676034e-05,TLT,GARCH11-t
2014-12-17,0.0,4.433868622245951e-05,TLT,GARCH11-t
2014-12-18,0.0,4.286351933521542e-05,TLT,GARCH11-t
2014-12-19,0.0,4.430630120816082e-05,TLT,GARCH11-t
2014-12-22,0.0,4.8553264232315926e-05,TLT,GARCH11-t
2014-12-23,0.0,4.866136404808284e-05,TLT,GARCH11-t
2014-12-24,0.0,7.973906565372392e-05,TLT,GARCH11-t
2014-12-26,0.0,6.354507080705492e-05,TLT,GARCH11-t
2014-12-29,0.0,5.509453663919715e-05,TLT,GARCH11-t
2014-12-30,0.0,5.580601955496416e-05,TLT,GARCH11-t
2014-12-31,0.0,4.9570321102953303e-05,TLT,GARCH11-t
2015-01-02,0.0,5.010179148516357e-05,TLT,GARCH11-t
2015-01-05,0.0,5.5179712108523686e-05,TLT,GARCH11-t
2015-01-06,0.0,6.704742940423065e-05,TLT,GARCH11-t
2015-01-07,0.0,7.775240838259139e-05,TLT,GARCH11-t
2015-01-08,0.0,7.165272948803084e-05,TLT,GARCH11-t
2015-01-09,0.0,7.78980173505739e-05,TLT,GARCH11-t
2015-01-12,0.0,8.009023132481006e-05,TLT,GARCH11-t
2015-01-13,0.0,6.984768870122835e-05,TLT,GARCH11-t
2015-01-14,0.0,6.416968776075044e-05,TLT,GARCH11-t
2015-01-15,0.0,6.529935012790647e-05,TLT,GARCH11-t
2015-01-16,0.0,7.06967946272167e-05,TLT,GARCH11-t
2015-01-20,0.0,7.360680628852388e-05,TLT,GARCH11-t
2015-01-21,0.0,8.267161404640569e-05,TLT,GARCH11-t
2015-01-22,0.0,9.522090744809442e-05,TLT,GARCH11-t
2015-01-23,0.0,8.438639230295511e-05,TLT,GARCH11-t
2015-01-26,0.0,9.449261195051963e-05,TLT,GARCH11-t
2015-01-27,0.0,8.687282462324578e-05,TLT,GARCH11-t
2015-01-28,0.0,7.832395811216018e-05,TLT,GARCH11-t
2015-01-29,0.0,9.80814883492403e-05,TLT,GARCH11-t
2015-01-30,0.0,9.368080978090541e-05,TLT,GARCH11-t
2015-02-02,0.0,0.0001000121582539265,TLT,GARCH11-t
2015-02-03,0.0,9.475415790843717e-05,TLT,GARCH11-t
2015-02-04,0.0,0.00011241878951418956,TLT,GARCH11-t
2015-02-05,0.0,0.00010565376466744602,TLT,GARCH11-t
2015-02-06,0.0,0.00010546805154077951,TLT,GARCH11-t
2015-02-09,0.0,0.00012148248166565234,TLT,GARCH11-t
2015-02-10,0.0,0.0001184813945059252,TLT,GARCH11-t
2015-02-11,0.0,0.00011602900701341782,TLT,GARCH11-t
2015-02-12,0.0,9.922459909652187e-05,TLT,GARCH11-t
2015-02-13,0.0,0.00010631700369451689,TLT,GARCH11-t
2015-02-17,0.0,9.385508745740279e-05,TLT,GARCH11-t
2015-02-18,0.0,0.00010016182828945363,TLT,GARCH11-t
2015-02-19,0.0,0.00011034122391620661,TLT,GARCH11-t
2015-02-20,0.0,9.270226542885107e-05,TLT,GARCH11-t
2015-02-23,0.0,0.00010507570382456312,TLT,GARCH11-t
2015-02-24,0.0,8.937033436977413e-05,TLT,GARCH11-t
2015-02-25,0.0,9.294292828706404e-05,TLT,GARCH11-t
2015-02-26,0.0,0.00010556758486410798,TLT,GARCH11-t
2015-02-27,0.0,9.305899450811883e-05,TLT,GARCH11-t
2015-03-02,0.0,9.125650735633528e-05,TLT,GARCH11-t
2015-03-03,0.0,0.00010410913085073231,TLT,GARCH11-t
2015-03-04,0.0,0.00010858302654592286,TLT,GARCH11-t
2015-03-05,0.0,9.266787337353541e-05,TLT,GARCH11-t
2015-03-06,0.0,8.742936053693663e-05,TLT,GARCH11-t
2015-03-09,0.0,0.00010788835851875377,TLT,GARCH11-t
2015-03-10,0.0,0.00010581080995148958,TLT,GARCH11-t
2015-03-11,0.0,0.00010834638568894851,TLT,GARCH11-t
2015-03-12,0.0,0.00010466859636310889,TLT,GARCH11-t
2015-03-13,0.0,9.853649437270797e-05,TLT,GARCH11-t
2015-03-16,0.0,9.313923158320161e-05,TLT,GARCH11-t
2015-03-17,0.0,9.252040356067044e-05,TLT,GARCH11-t
2015-03-18,0.0,9.067505540213e-05,TLT,GARCH11-t
2015-03-19,0.0,0.00010270654067033748,TLT,GARCH11-t
2015-03-20,0.0,9.942989225363251e-05,TLT,GARCH11-t
2015-03-23,0.0,0.00011305368542023689,TLT,GARCH11-t
2015-03-24,0.0,8.964855809648596e-05,TLT,GARCH11-t
2015-03-25,0.0,8.928346975853732e-05,TLT,GARCH11-t
2015-03-26,0.0,8.793175648907842e-05,TLT,GARCH11-t
2015-03-27,0.0,9.557244239442814e-05,TLT,GARCH11-t
2015-03-30,0.0,9.792239047883559e-05,TLT,GARCH11-t
2015-03-31,0.0,9.356135121099882e-05,TLT,GARCH11-t
2015-04-01,0.0,8.850538967339718e-05,TLT,GARCH11-t
2015-04-02,0.0,9.219863830159513e-05,TLT,GARCH11-t
2015-04-06,0.0,9.27820179993707e-05,TLT,GARCH11-t
2015-04-07,0.0,8.91477394373853e-05,TLT,GARCH11-t
2015-04-08,0.0,8.77016010102231e-05,TLT,GARCH11-t
2015-04-09,0.0,8.280869345739965e-05,TLT,GARCH11-t
2015-04-10,0.0,8.699189106451164e-05,TLT,GARCH11-t
2015-04-13,0.0,8.22768473408587e-05,TLT,GARCH11-t
2015-04-14,0.0,9.33711752919467e-05,TLT,GARCH11-t
2015-04-15,0.0,7.612377632439597e-05,TLT,GARCH11-t
2015-04-16,0.0,7.210613644336898e-05,TLT,GARCH11-t
2015-04-17,0.0,6.956924099667125e-05,TLT,GARCH11-t
2015-04-20,0.0,9.514274776276529e-05,TLT,GARCH11-t
2015-04-21,0.0,7.271074064910245e-05,TLT,GARCH11-t
2015-04-22,0.0,7.71971388108718e-05,TLT,GARCH11-t
2015-04-23,0.0,7.844220317072484e-05,TLT,GARCH11-t
2015-04-24,0.0,7.516594197167906e-05,TLT,GARCH11-t
2015-04-27,0.0,7.318305387275629e-05,TLT,GARCH11-t
2015-04-28,0.0,6.93667615157471e-05,TLT,GARCH11-t
2015-04-29,0.0,7.565375507182688e-05,TLT,GARCH11-t
2015-04-30,0.0,7.945348356417506e-05,TLT,GARCH11-t
2015-05-01,0.0,7.536257313335053e-05,TLT,GARCH11-t
2015-05-04,0.0,8.937165425416176e-05,TLT,GARCH11-t
2015-05-05,0.0,8.839324680310255e-05,TLT,GARCH11-t
2015-05-06,0.0,7.666143885232743e-05,TLT,GARCH11-t
2015-05-07,0.0,8.78651372656471e-05,TLT,GARCH11-t
2015-05-08,0.0,9.217209686684167e-05,TLT,GARCH11-t
2015-05-11,0.0,9.544783121139019e-05,TLT,GARCH11-t
2015-05-12,0.0,0.00011369589921208259,TLT,GARCH11-t
2015-05-13,0.0,0.0001074833234184869,TLT,GARCH11-t
2015-05-14,0.0,0.00010460395481719462,TLT,GARCH11-t
2015-05-15,0.0,9.894013685452118e-05,TLT,GARCH11-t
2015-05-18,0.0,0.00011350479413577829,TLT,GARCH11-t
2015-05-19,0.0,0.00012162727339535523,TLT,GARCH11-t
2015-05-20,0.0,0.00011545027010057454,TLT,GARCH11-t
2015-05-21,0.0,0.00010520263179761337,TLT,GARCH11-t
2015-05-22,0.0,0.00011532054411657924,TLT,GARCH11-t
2015-05-26,0.0,0.00010872871197678399,TLT,GARCH11-t
2015-05-27,0.0,0.0001172754938882535,TLT,GARCH11-t
2015-05-28,0.0,0.00011078876046726515,TLT,GARCH11-t
2015-05-29,0.0,0.00010466112360752278,TLT,GARCH11-t
2015-06-01,0.0,9.903141913724776e-05,TLT,GARCH11-t
2015-06-02,0.0,9.954842685970549e-05,TLT,GARCH11-t
2015-06-03,0.0,0.00010928184896866682,TLT,GARCH11-t
2015-06-04,0.0,0.00011156681005526303,TLT,GARCH11-t
2015-06-05,0.0,0.00011382074052587453,TLT,GARCH11-t
2015-06-08,0.0,0.00011505355809272635,TLT,GARCH11-t
2015-06-09,0.0,0.00011028731983258271,TLT,GARCH11-t
2015-06-10,0.0,0.00010575516074997904,TLT,GARCH11-t
2015-06-11,0.0,0.00010382692031466823,TLT,GARCH11-t
2015-06-12,0.0,0.00012025699623376764,TLT,GARCH11-t
2015-06-15,0.0,0.00011332732339314112,TLT,GARCH11-t
2015-06-16,0.0,0.00010709765494144097,TLT,GARCH11-t
2015-06-17,0.0,0.00010430925588297806,TLT,GARCH11-t
2015-06-18,0.0,0.00010158814219934929,TLT,GARCH11-t
2015-06-19,0.0,9.72237100815236e-05,TLT,GARCH11-t
2015-06-22,0.0,0.00011479408806514398,TLT,GARCH11-t
2015-06-23,0.0,0.00012703146813280723,TLT,GARCH11-t
2015-06-24,0.0,0.00011166322684742453,TLT,GARCH11-t
2015-06-25,0.0,0.00011991790564574495,TLT,GARCH11-t
2015-06-26,0.0,0.000103692835737316,TLT,GARCH11-t
2015-06-29,0.0,0.00011814989241275112,TLT,GARCH11-t
2015-06-30,0.0,0.00013697964013827677,TLT,GARCH11-t
2015-07-01,0.0,0.00012850413420601166,TLT,GARCH11-t
2015-07-02,0.0,0.00012156143448186559,TLT,GARCH11-t
2015-07-06,0.0,0.0001234989607546776,TLT,GARCH11-t
2015-07-07,0.0,0.0001337526910365148,TLT,GARCH11-t
2015-07-08,0.0,0.00013049515918014357,TLT,GARCH11-t
2015-07-09,0.0,0.00014187154601044057,TLT,GARCH11-t
2015-07-10,0.0,0.00013376994166405527,TLT,GARCH11-t
2015-07-13,0.0,0.00016912346349147868,TLT,GARCH11-t
2015-07-14,0.0,0.0001368336051389228,TLT,GARCH11-t
2015-07-15,0.0,0.00012952608319871697,TLT,GARCH11-t
2015-07-16,0.0,0.00012787795541392743,TLT,GARCH11-t
2015-07-17,0.0,0.00012306611764875762,TLT,GARCH11-t
2015-07-20,0.0,0.0001173818270501586,TLT,GARCH11-t
2015-07-21,0.0,0.00012583414991873448,TLT,GARCH11-t
2015-07-22,0.0,0.00010718309937374351,TLT,GARCH11-t
2015-07-23,0.0,0.00012938807688153556,TLT,GARCH11-t
2015-07-24,0.0,0.00012828276453516403,TLT,GARCH11-t
2015-07-27,0.0,0.00010033604084099791,TLT,GARCH11-t
2015-07-28,0.0,0.00013261382056041658,TLT,GARCH11-t
2015-07-29,0.0,9.410327287294642e-05,TLT,GARCH11-t
2015-07-30,0.0,8.99574460254562e-05,TLT,GARCH11-t
2015-07-31,0.0,8.81992061812195e-05,TLT,GARCH11-t
2015-08-03,0.0,8.653179345253893e-05,TLT,GARCH11-t
2015-08-04,0.0,8.775547681689555e-05,TLT,GARCH11-t
2015-08-05,0.0,8.659322974898536e-05,TLT,GARCH11-t
2015-08-06,0.0,8.51714154900674e-05,TLT,GARCH11-t
2015-08-07,0.0,8.495713255783483e-05,TLT,GARCH11-t
2015-08-10,0.0,8.93565993207069e-05,TLT,GARCH11-t
2015-08-11,0.0,9.280486178961939e-05,TLT,GARCH11-t
2015-08-12,0.0,0.00010938099848223431,TLT,GARCH11-t
2015-08-13,0.0,9.700234299945549e-05,TLT,GARCH11-t
2015-08-14,0.0,9.846962388326448e-05,TLT,GARCH11-t
2015-08-17,0.0,8.802120791154149e-05,TLT,GARCH11-t
2015-08-18,0.0,9.006152859927782e-05,TLT,GARCH11-t
2015-08-19,0.0,8.349715765728075e-05,TLT,GARCH11-t
2015-08-20,0.0,8.435876045700543e-05,TLT,GARCH11-t
2015-08-21,0.0,8.539917474930373e-05,TLT,GARCH11-t
2015-08-24,0.0,8.164294583803653e-05,TLT,GARCH11-t
2015-08-25,0.0,7.768977784349351e-05,TLT,GARCH11-t
2015-08-26,0.0,8.743711317254043e-05,TLT,GARCH11-t
2015-08-27,0.0,0.00010254153923391657,TLT,GARCH11-t
2015-08-28,0.0,0.00010175091604402672,TLT,GARCH11-t
2015-08-31,0.0,9.258319783882211e-05,TLT,GARCH11-t
2015-09-01,0.0,9.097441035884964e-05,TLT,GARCH11-t
2015-09-02,0.0,8.873444507031102e-05,TLT,GARCH11-t
2015-09-03,0.0,9.327394069226565e-05,TLT,GARCH11-t
2015-09-04,0.0,9.120462576486682e-05,TLT,GARCH11-t
2015-09-08,0.0,8.490453792980398e-05,TLT,GARCH11-t
2015-09-09,0.0,9.207325880744376e-05,TLT,GARCH11-t
2015-09-10,0.0,8.863248235709833e-05,TLT,GARCH11-t
2015-09-11,0.0,8.656482264641317e-05,TLT,GARCH11-t
2015-09-14,0.0,8.434521677403964e-05,TLT,GARCH11-t
2015-09-15,0.0,8.027807352861949e-05,TLT,GARCH11-t
2015-09-16,0.0,9.985072615760663e-05,TLT,GARCH11-t
2015-09-17,0.0,9.596420293461658e-05,TLT,GARCH11-t
2015-09-18,0.0,9.447781046537779e-05,TLT,GARCH11-t
2015-09-21,0.0,0.00010164171417467979,TLT,GARCH11-t
2015-09-22,0.0,0.00011361008173946495,TLT,GARCH11-t
2015-09-23,0.0,0.00011398135356413913,TLT,GARCH11-t
2015-09-24,0.0,0.00010787081847375762,TLT,GARCH11-t
2015-09-25,0.0,0.00010455202575159091,TLT,GARCH11-t
2015-09-28,0.0,0.00010284076957704074,TLT,GARCH11-t
2015-09-29,0.0,0.00011226795339747084,TLT,GARCH11-t
2015-09-30,0.0,0.00010667238500209956,TLT,GARCH11-t
2015-10-01,0.0,0.00010170891625530863,TLT,GARCH11-t
2015-10-02,0.0,0.00011820052491130905,TLT,GARCH11-t
2015-10-05,0.0,9.38987976906115e-05,TLT,GARCH11-t
2015-10-06,0.0,0.00011727556512813834,TLT,GARCH11-t
2015-10-07,0.0,9.467564658881774e-05,TLT,GARCH11-t
2015-10-08,0.0,0.00011308801930436847,TLT,GARCH11-t
2015-10-09,0.0,0.00010457080932802953,TLT,GARCH11-t
2015-10-12,0.0,9.937425103332697e-05,TLT,GARCH11-t
2015-10-13,0.0,8.420049902093568e-05,TLT,GARCH11-t
2015-10-14,0.0,8.03057750825909e-05,TLT,GARCH11-t
2015-10-15,0.0,8.040768150500105e-05,TLT,GARCH11-t
2015-10-16,0.0,7.783525500738911e-05,TLT,GARCH11-t
2015-10-19,0.0,8.853855130029931e-05,TLT,GARCH11-t
2015-10-20,0.0,7.127585104822129e-05,TLT,GARCH11-t
2015-10-21,0.0,8.244861570277359e-05,TLT,GARCH11-t
2015-10-22,0.0,8.318721164429942e-05,TLT,GARCH11-t
2015-10-23,0.0,6.899662983740618e-05,TLT,GARCH11-t
2015-10-26,0.0,6.971878787079063e-05,TLT,GARCH11-t
2015-10-27,0.0,8.063769470742054e-05,TLT,GARCH11-t
2015-10-28,0.0,6.635487746512951e-05,TLT,GARCH11-t
2015-10-29,0.0,7.384180762030886e-05,TLT,GARCH11-t
2015-10-30,0.0,7.491605364597891e-05,TLT,GARCH11-t
2015-11-02,0.0,7.447424085286412e-05,TLT,GARCH11-t
2015-11-03,0.0,7.225328577421186e-05,TLT,GARCH11-t
2015-11-04,0.0,7.257826056739544e-05,TLT,GARCH11-t
2015-11-05,0.0,6.947681473547318e-05,TLT,GARCH11-t
2015-11-06,0.0,6.892889612223478e-05,TLT,GARCH11-t
2015-11-09,0.0,9.188476530858803e-05,TLT,GARCH11-t
2015-11-10,0.0,9.925131013203273e-05,TLT,GARCH11-t
2015-11-11,0.0,9.809499438137891e-05,TLT,GARCH11-t
2015-11-12,0.0,9.765882035228855e-05,TLT,GARCH11-t
2015-11-13,0.0,9.467960010734956e-05,TLT,GARCH11-t
2015-11-16,0.0,8.410298523702861e-05,TLT,GARCH11-t
2015-11-17,0.0,8.092732012131264e-05,TLT,GARCH11-t
2015-11-18,0.0,9.392496742025208e-05,TLT,GARCH11-t
2015-11-19,0.0,5.804892724696634e-05,TLT,GARCH11-t
2015-11-20,0.0,5.811945433769597e-05,TLT,GARCH11-t
2015-11-23,0.0,5.6425022552447e-05,TLT,GARCH11-t
2015-11-24,0.0,9.684408061751926e-05,TLT,GARCH11-t
2015-11-25,0.0,5.291847692299058e-05,TLT,GARCH11-t
2015-11-27,0.0,5.133031714928538e-05,TLT,GARCH11-t
2015-11-30,0.0,3.778433797557855e-05,TLT,GARCH11-t
2015-12-01,0.0,3.507300042285023e-05,TLT,GARCH11-t
2015-12-02,0.0,6.23539018190242e-05,TLT,GARCH11-t
2015-12-03,0.0,4.652063443741124e-05,TLT,GARCH11-t
2015-12-04,0.0,9.137799583562799e-05,TLT,GARCH11-t
2015-12-07,0.0,9.13690908237038e-05,TLT,GARCH11-t
2015-12-08,0.0,8.543362502404198e-05,TLT,GARCH11-t
2015-12-09,0.0,9.723403354864208e-05,TLT,GARCH11-t
2015-12-10,0.0,8.77060047650706e-05,TLT,GARCH11-t
2015-12-11,0.0,8.319985599938139e-05,TLT,GARCH11-t
2015-12-14,0.0,9.11037147552764e-05,TLT,GARCH11-t
2015-12-15,0.0,8.503093086461928e-05,TLT,GARCH11-t
2015-12-16,0.0,9.166212153150356e-05,TLT,GARCH11-t
2015-12-17,0.0,9.055052967862094e-05,TLT,GARCH11-t
2015-12-18,0.0,9.00756005281631e-05,TLT,GARCH11-t
2015-12-21,0.0,8.995191439142156e-05,TLT,GARCH11-t
2015-12-22,0.0,8.873000641932403e-05,TLT,GARCH11-t
2015-12-23,0.0,8.842639918860282e-05,TLT,GARCH11-t
2015-12-24,0.0,8.682946484234432e-05,TLT,GARCH11-t
2015-12-28,0.0,8.353142505180354e-05,TLT,GARCH11-t
2015-12-29,0.0,8.659073479847829e-05,TLT,GARCH11-t
2015-12-30,0.0,8.930921597575718e-05,TLT,GARCH11-t
2015-12-31,0.0,8.85567788954986e-05,TLT,GARCH11-t
2016-01-04,0.0,8.614430147761729e-05,TLT,GARCH11-t
2016-01-05,0.0,8.769779896477121e-05,TLT,GARCH11-t
2016-01-06,0.0,8.655255869125375e-05,TLT,GARCH11-t
2016-01-07,0.0,8.727886390282763e-05,TLT,GARCH11-t
2016-01-08,0.0,8.659044728580693e-05,TLT,GARCH11-t
2016-01-11,0.0,8.566923428730357e-05,TLT,GARCH11-t
2016-01-12,0.0,8.619967534357172e-05,TLT,GARCH11-t
2016-01-13,0.0,8.800758364367848e-05,TLT,GARCH11-t
2016-01-14,0.0,8.848525643727402e-05,TLT,GARCH11-t
2016-01-15,0.0,8.701971632014299e-05,TLT,GARCH11-t
2016-01-19,0.0,9.032803582387024e-05,TLT,GARCH11-t
2016-01-20,0.0,8.921063356319988e-05,TLT,GARCH11-t
2016-01-21,0.0,8.93539131808758e-05,TLT,GARCH11-t
2016-01-22,0.0,8.879169411131218e-05,TLT,GARCH11-t
2016-01-25,0.0,8.754428031855304e-05,TLT,GARCH11-t
2016-01-26,0.0,8.06513976761563e-05,TLT,GARCH11-t
2016-01-27,0.0,8.549741370366475e-05,TLT,GARCH11-t
2016-01-28,0.0,8.294441126885676e-05,TLT,GARCH11-t
2016-01-29,0.0,8.439370117265621e-05,TLT,GARCH11-t
2016-02-01,0.0,8.449864263972388e-05,TLT,GARCH11-t
2016-02-02,0.0,8.1962724448529e-05,TLT,GARCH11-t
2016-02-03,0.0,8.668147286148222e-05,TLT,GARCH11-t
2016-02-04,0.0,7.603505228444224e-05,TLT,GARCH11-t
2016-02-05,0.0,8.380418161538557e-05,TLT,GARCH11-t
2016-02-08,0.0,7.591919349064584e-05,TLT,GARCH11-t
2016-02-09,0.0,0.0001024612009640353,TLT,GARCH11-t
2016-02-10,0.0,8.406650672949667e-05,TLT,GARCH11-t
2016-02-11,0.0,8.654179822055024e-05,TLT,GARCH11-t
2016-02-12,0.0,8.122477169421e-05,TLT,GARCH11-t
2016-02-16,0.0,9.068323725240648e-05,TLT,GARCH11-t
2016-02-17,0.0,8.741361965946157e-05,TLT,GARCH11-t
2016-02-18,0.0,7.988619965485756e-05,TLT,GARCH11-t
2016-02-19,0.0,8.383682679331974e-05,TLT,GARCH11-t
2016-02-22,0.0,9.042074003871415e-05,TLT,GARCH11-t
2016-02-23,0.0,8.844002772655516e-05,TLT,GARCH11-t
2016-02-24,0.0,8.748983825638792e-05,TLT,GARCH11-t
2016-02-25,0.0,8.558076007259874e-05,TLT,GARCH11-t
2016-02-26,0.0,8.563971322756803e-05,TLT,GARCH11-t
2016-02-29,0.0,8.557253320476228e-05,TLT,GARCH11-t
2016-03-01,0.0,8.416880088555729e-05,TLT,GARCH11-t
2016-03-02,0.0,9.133279740104596e-05,TLT,GARCH11-t
2016-03-03,0.0,8.74618681388124e-05,TLT,GARCH11-t
2016-03-04,0.0,8.561603230965501e-05,TLT,GARCH11-t
2016-03-07,0.0,8.458570870803974e-05,TLT,GARCH11-t
2016-03-08,0.0,8.857583095676422e-05,TLT,GARCH11-t
2016-03-09,0.0,8.041483152772175e-05,TLT,GARCH11-t
2016-03-10,0.0,8.04187808598235e-05,TLT,GARCH11-t
2016-03-11,0.0,7.928819089409165e-05,TLT,GARCH11-t
2016-03-14,0.0,8.070583802175656e-05,TLT,GARCH11-t
2016-03-15,0.0,8.269048466812932e-05,TLT,GARCH11-t
2016-03-16,0.0,7.838341268402889e-05,TLT,GARCH11-t
2016-03-17,0.0,7.748670160623646e-05,TLT,GARCH11-t
2016-03-18,0.0,7.628596575102501e-05,TLT,GARCH11-t
2016-03-21,0.0,7.915527277330126e-05,TLT,GARCH11-t
2016-03-22,0.0,7.497486376945306e-05,TLT,GARCH11-t
2016-03-23,0.0,7.82700936688181e-05,TLT,GARCH11-t
2016-03-24,0.0,7.90075032172387e-05,TLT,GARCH11-t
2016-03-28,0.0,7.817921835825009e-05,TLT,GARCH11-t
2016-03-29,0.0,7.692144946635096e-05,TLT,GARCH11-t
2016-03-30,0.0,7.240799333564571e-05,TLT,GARCH11-t
2016-03-31,0.0,7.802254941170364e-05,TLT,GARCH11-t
2016-04-01,0.0,7.109866212330644e-05,TLT,GARCH11-t
2016-04-04,0.0,7.701576952240562e-05,TLT,GARCH11-t
2016-04-05,0.0,7.61073855662107e-05,TLT,GARCH11-t
2016-04-06,0.0,7.69281862903458e-05,TLT,GARCH11-t
2016-04-07,0.0,7.680468391635682e-05,TLT,GARCH11-t
2016-04-08,0.0,7.810173605782384e-05,TLT,GARCH11-t
2016-04-11,0.0,7.624878526299823e-05,TLT,GARCH11-t
2016-04-12,0.0,7.691079858708008e-05,TLT,GARCH11-t
2016-04-13,0.0,7.69046098226061e-05,TLT,GARCH11-t
2016-04-14,0.0,7.23061245900257e-05,TLT,GARCH11-t
2016-04-15,0.0,7.60245224665878e-05,TLT,GARCH11-t
2016-04-18,0.0,7.629989686951906e-05,TLT,GARCH11-t
2016-04-19,0.0,6.99965965939785e-05,TLT,GARCH11-t
2016-04-20,0.0,7.495030277485332e-05,TLT,GARCH11-t
2016-04-21,0.0,7.58866703214727e-05,TLT,GARCH11-t
2016-04-22,0.0,7.512739028266163e-05,TLT,GARCH11-t
2016-04-25,0.0,7.4592347540768e-05,TLT,GARCH11-t
2016-04-26,0.0,6.71470080264925e-05,TLT,GARCH11-t
2016-04-27,0.0,7.387149033482526e-05,TLT,GARCH11-t
2016-04-28,0.0,7.407051996214196e-05,TLT,GARCH11-t
2016-04-29,0.0,6.746224220423724e-05,TLT,GARCH11-t
2016-05-02,0.0,7.287307330343238e-05,TLT,GARCH11-t
2016-05-03,0.0,6.508306412253398e-05,TLT,GARCH11-t
2016-05-04,0.0,6.62171897958571e-05,TLT,GARCH11-t
2016-05-05,0.0,6.514557365617356e-05,TLT,GARCH11-t
2016-05-06,0.0,7.337662643279578e-05,TLT,GARCH11-t
2016-05-09,0.0,7.257810272395007e-05,TLT,GARCH11-t
2016-05-10,0.0,7.21409938876829e-05,TLT,GARCH11-t
2016-05-11,0.0,6.393679640801749e-05,TLT,GARCH11-t
2016-05-12,0.0,6.321451283069183e-05,TLT,GARCH11-t
2016-05-13,0.0,6.944288313618157e-05,TLT,GARCH11-t
2016-05-16,0.0,7.010249815761152e-05,TLT,GARCH11-t
2016-05-17,0.0,6.948378663669414e-05,TLT,GARCH11-t
2016-05-18,0.0,6.823449221677827e-05,TLT,GARCH11-t
2016-05-19,0.0,6.479060885443907e-05,TLT,GARCH11-t
2016-05-20,0.0,6.979597623982581e-05,TLT,GARCH11-t
2016-05-23,0.0,6.28308323781991e-05,TLT,GARCH11-t
2016-05-24,0.0,6.82875645975578e-05,TLT,GARCH11-t
2016-05-25,0.0,6.725965988490643e-05,TLT,GARCH11-t
2016-05-26,0.0,6.692725022789027e-05,TLT,GARCH11-t
2016-05-27,0.0,6.676041543101964e-05,TLT,GARCH11-t
2016-05-31,0.0,6.62933591690875e-05,TLT,GARCH11-t
2016-06-01,0.0,6.558547633573678e-05,TLT,GARCH11-t
2016-06-02,0.0,6.480949107362295e-05,TLT,GARCH11-t
2016-06-03,0.0,5.7391377610638226e-05,TLT,GARCH11-t
2016-06-06,0.0,6.594280360212615e-05,TLT,GARCH11-t
2016-06-07,0.0,5.951821513048754e-05,TLT,GARCH11-t
2016-06-08,0.0,5.874426497347615e-05,TLT,GARCH11-t
2016-06-09,0.0,6.503255132254789e-05,TLT,GARCH11-t
2016-06-10,0.0,5.7045682499072144e-05,TLT,GARCH11-t
2016-06-13,0.0,6.353246765827232e-05,TLT,GARCH11-t
2016-06-14,0.0,6.331418855071889e-05,TLT,GARCH11-t
2016-06-15,0.0,5.5334096741482374e-05,TLT,GARCH11-t
2016-06-16,0.0,6.243092070077431e-05,TLT,GARCH11-t
2016-06-17,0.0,6.213076603076592e-05,TLT,GARCH11-t
2016-06-20,0.0,5.37039704971067e-05,TLT,GARCH11-t
2016-06-21,0.0,6.272622041155698e-05,TLT,GARCH11-t
2016-06-22,0.0,6.1408850596137e-05,TLT,GARCH11-t
2016-06-23,0.0,6.090267295136745e-05,TLT,GARCH11-t
2016-06-24,0.0,6.194779379610267e-05,TLT,GARCH11-t
2016-06-27,0.0,7.669173696863129e-05,TLT,GARCH11-t
2016-06-28,0.0,0.00013296683775657149,TLT,GARCH11-t
2016-06-29,0.0,0.00010534014702984051,TLT,GARCH11-t
2016-06-30,0.0,9.635046351992415e-05,TLT,GARCH11-t
2016-07-01,0.0,7.738126724085633e-05,TLT,GARCH11-t
2016-07-05,0.0,8.659313206559502e-05,TLT,GARCH11-t
2016-07-06,0.0,8.389314790637286e-05,TLT,GARCH11-t
2016-07-07,0.0,6.320975760500901e-05,TLT,GARCH11-t
2016-07-08,0.0,6.278499798574187e-05,TLT,GARCH11-t
2016-07-11,0.0,6.754318242131864e-05,TLT,GARCH11-t
2016-07-12,0.0,6.913703576776825e-05,TLT,GARCH11-t
2016-07-13,0.0,8.302482044783251e-05,TLT,GARCH11-t
2016-07-14,0.0,8.472721409309096e-05,TLT,GARCH11-t
2016-07-15,0.0,9.068400272301405e-05,TLT,GARCH11-t
2016-07-18,0.0,7.080804362587314e-05,TLT,GARCH11-t
2016-07-19,0.0,6.685730776373588e-05,TLT,GARCH11-t
2016-07-20,0.0,6.515137187470227e-05,TLT,GARCH11-t
2016-07-21,0.0,6.429300126565254e-05,TLT,GARCH11-t
2016-07-22,0.0,6.123918023325435e-05,TLT,GARCH11-t
2016-07-25,0.0,5.945693493706875e-05,TLT,GARCH11-t
2016-07-26,0.0,5.8676522810237606e-05,TLT,GARCH11-t
2016-07-27,0.0,6.126465370379661e-05,TLT,GARCH11-t
2016-07-28,0.0,7.966334492333383e-05,TLT,GARCH11-t
2016-07-29,0.0,6.483792405914255e-05,TLT,GARCH11-t
2016-08-01,0.0,6.782987549139573e-05,TLT,GARCH11-t
2016-08-02,0.0,7.422279048774417e-05,TLT,GARCH11-t
2016-08-03,0.0,7.443920036152565e-05,TLT,GARCH11-t
2016-08-04,0.0,6.515325873049417e-05,TLT,GARCH11-t
2016-08-05,0.0,6.665486506991672e-05,TLT,GARCH11-t
2016-08-08,0.0,7.268082309093261e-05,TLT,GARCH11-t
2016-08-09,0.0,6.221323653223314e-05,TLT,GARCH11-t
2016-08-10,0.0,6.96789485851111e-05,TLT,GARCH11-t
2016-08-11,0.0,6.319521009068028e-05,TLT,GARCH11-t
2016-08-12,0.0,6.943429763749558e-05,TLT,GARCH11-t
2016-08-15,0.0,7.011573071709777e-05,TLT,GARCH11-t
2016-08-16,0.0,7.077464104647996e-05,TLT,GARCH11-t
2016-08-17,0.0,6.309114623643108e-05,TLT,GARCH11-t
2016-08-18,0.0,6.482055021548688e-05,TLT,GARCH11-t
2016-08-19,0.0,6.213884965129608e-05,TLT,GARCH11-t
2016-08-22,0.0,6.092603921437368e-05,TLT,GARCH11-t
2016-08-23,0.0,6.269350102872693e-05,TLT,GARCH11-t
2016-08-24,0.0,6.1056036527091e-05,TLT,GARCH11-t
2016-08-25,0.0,6.034291188849599e-05,TLT,GARCH11-t
2016-08-26,0.0,6.073986568571406e-05,TLT,GARCH11-t
2016-08-29,0.0,5.974081355124222e-05,TLT,GARCH11-t
2016-08-30,0.0,7.590347002274014e-05,TLT,GARCH11-t
2016-08-31,0.0,6.794858046662956e-05,TLT,GARCH11-t
2016-09-01,0.0,5.9810935613648925e-05,TLT,GARCH11-t
2016-09-02,0.0,5.783404735220811e-05,TLT,GARCH11-t
2016-09-06,0.0,6.118646260196594e-05,TLT,GARCH11-t
2016-09-07,0.0,6.105872598531319e-05,TLT,GARCH11-t
2016-09-08,0.0,5.932007242051281e-05,TLT,GARCH11-t
2016-09-09,0.0,6.776046075052678e-05,TLT,GARCH11-t
2016-09-12,0.0,7.214865353857422e-05,TLT,GARCH11-t
2016-09-13,0.0,7.058019307397283e-05,TLT,GARCH11-t
2016-09-14,0.0,7.282328445186198e-05,TLT,GARCH11-t
2016-09-15,0.0,5.935929051085827e-05,TLT,GARCH11-t
2016-09-16,0.0,6.167473827972775e-05,TLT,GARCH11-t
2016-09-19,0.0,6.428291588989936e-05,TLT,GARCH11-t
2016-09-20,0.0,5.9749862105763906e-05,TLT,GARCH11-t
2016-09-21,0.0,5.9452508324765906e-05,TLT,GARCH11-t
2016-09-22,0.0,6.270252274681152e-05,TLT,GARCH11-t
2016-09-23,0.0,6.291908738887688e-05,TLT,GARCH11-t
2016-09-26,0.0,5.819285838084393e-05,TLT,GARCH11-t
2016-09-27,0.0,6.09540192801262e-05,TLT,GARCH11-t
2016-09-28,0.0,5.9926068924661695e-05,TLT,GARCH11-t
2016-09-29,0.0,5.74195727756065e-05,TLT,GARCH11-t
2016-09-30,0.0,5.627149147361104e-05,TLT,GARCH11-t
2016-10-03,0.0,6.287561364986948e-05,TLT,GARCH11-t
2016-10-04,0.0,5.7974533396273e-05,TLT,GARCH11-t
2016-10-05,0.0,6.669066360477855e-05,TLT,GARCH11-t
2016-10-06,0.0,5.962293183170725e-05,TLT,GARCH11-t
2016-10-07,0.0,5.912753842177079e-05,TLT,GARCH11-t
2016-10-10,0.0,5.6419764693737575e-05,TLT,GARCH11-t
2016-10-11,0.0,5.772651232815894e-05,TLT,GARCH11-t
2016-10-12,0.0,5.658259007967432e-05,TLT,GARCH11-t
2016-10-13,0.0,5.5913210918230924e-05,TLT,GARCH11-t
2016-10-14,0.0,5.6241068587082065e-05,TLT,GARCH11-t
2016-10-17,0.0,6.829981729454848e-05,TLT,GARCH11-t
2016-10-18,0.0,6.349044614077052e-05,TLT,GARCH11-t
2016-10-19,0.0,5.807876632077051e-05,TLT,GARCH11-t
2016-10-20,0.0,5.685093928773782e-05,TLT,GARCH11-t
2016-10-21,0.0,5.6212114354306125e-05,TLT,GARCH11-t
2016-10-24,0.0,5.606935817976664e-05,TLT,GARCH11-t
2016-10-25,0.0,5.7155772878185216e-05,TLT,GARCH11-t
2016-10-26,0.0,5.607849682395573e-05,TLT,GARCH11-t
2016-10-27,0.0,5.911760342397901e-05,TLT,GARCH11-t
2016-10-28,0.0,6.564181262477589e-05,TLT,GARCH11-t
2016-10-31,0.0,5.8829474730140576e-05,TLT,GARCH11-t
2016-11-01,0.0,5.787321132275843e-05,TLT,GARCH11-t
2016-11-02,0.0,5.4713958443415395e-05,TLT,GARCH11-t
2016-11-03,0.0,5.5594291969951834e-05,TLT,GARCH11-t
2016-11-04,0.0,5.948161212432405e-05,TLT,GARCH11-t
2016-11-07,0.0,6.225130489788203e-05,TLT,GARCH11-t
2016-11-08,0.0,6.184555587607823e-05,TLT,GARCH11-t
2016-11-09,0.0,5.642683565556855e-05,TLT,GARCH11-t
2016-11-10,0.0,0.00022257850378112326,TLT,GARCH11-t
2016-11-11,0.0,0.00015229165711158594,TLT,GARCH11-t
2016-11-14,0.0,6.534187046717092e-05,TLT,GARCH11-t
2016-11-15,0.0,7.032720720798808e-05,TLT,GARCH11-t
2016-11-16,0.0,6.979663149871409e-05,TLT,GARCH11-t
2016-11-17,0.0,6.85311176210562e-05,TLT,GARCH11-t
2016-11-18,0.0,8.162651690935733e-05,TLT,GARCH11-t
2016-11-21,0.0,6.33526773331909e-05,TLT,GARCH11-t
2016-11-22,0.0,6.315516111908253e-05,TLT,GARCH11-t
2016-11-23,0.0,6.379373224800987e-05,TLT,GARCH11-t
2016-11-25,0.0,6.394115912300487e-05,TLT,GARCH11-t
2016-11-28,0.0,6.284619200312073e-05,TLT,GARCH11-t
2016-11-29,0.0,6.725701283412964e-05,TLT,GARCH11-t
2016-11-30,0.0,6.512803873454788e-05,TLT,GARCH11-t
2016-12-01,0.0,8.501591375020831e-05,TLT,GARCH11-t
2016-12-02,0.0,7.571863757998589e-05,TLT,GARCH11-t
2016-12-05,0.0,6.507164592503369e-05,TLT,GARCH11-t
2016-12-06,0.0,6.818232486649024e-05,TLT,GARCH11-t
2016-12-07,0.0,5.897203670539768e-05,TLT,GARCH11-t
2016-12-08,0.0,6.528297429621799e-05,TLT,GARCH11-t
2016-12-09,0.0,7.385619618808499e-05,TLT,GARCH11-t
2016-12-12,0.0,7.773480839844994e-05,TLT,GARCH11-t
2016-12-13,0.0,5.993870889783151e-05,TLT,GARCH11-t
2016-12-14,0.0,6.8354930994139e-05,TLT,GARCH11-t
2016-12-15,0.0,7.419419568534018e-05,TLT,GARCH11-t
2016-12-16,0.0,6.573597128217789e-05,TLT,GARCH11-t
2016-12-19,0.0,5.935489377305411e-05,TLT,GARCH11-t
2016-12-20,0.0,7.058197480085151e-05,TLT,GARCH11-t
2016-12-21,0.0,6.194040146026747e-05,TLT,GARCH11-t
2016-12-22,0.0,6.124107908570857e-05,TLT,GARCH11-t
2016-12-23,0.0,5.939350887992876e-05,TLT,GARCH11-t
2016-12-27,0.0,5.933334346124158e-05,TLT,GARCH11-t
2016-12-28,0.0,6.23973214465716e-05,TLT,GARCH11-t
2016-12-29,0.0,6.11786509745739e-05,TLT,GARCH11-t
2016-12-30,0.0,5.89745147102836e-05,TLT,GARCH11-t
2017-01-03,0.0,5.983181439124708e-05,TLT,GARCH11-t
2017-01-04,0.0,5.954590223166148e-05,TLT,GARCH11-t
2017-01-05,0.0,6.029119594651357e-05,TLT,GARCH11-t
2017-01-06,0.0,8.042864365321595e-05,TLT,GARCH11-t
2017-01-09,0.0,6.760143496648536e-05,TLT,GARCH11-t
2017-01-10,0.0,6.51198727234529e-05,TLT,GARCH11-t
2017-01-11,0.0,5.6641565929513676e-05,TLT,GARCH11-t
2017-01-12,0.0,5.7512153275169704e-05,TLT,GARCH11-t
2017-01-13,0.0,5.640305740927713e-05,TLT,GARCH11-t
2017-01-17,0.0,5.717825077348236e-05,TLT,GARCH11-t
2017-01-18,0.0,6.811568138230946e-05,TLT,GARCH11-t
2017-01-19,0.0,7.569244779677895e-05,TLT,GARCH11-t
2017-01-20,0.0,6.10953839505241e-05,TLT,GARCH11-t
2017-01-23,0.0,5.9633444455329965e-05,TLT,GARCH11-t
2017-01-24,0.0,6.606374726301467e-05,TLT,GARCH11-t
2017-01-25,0.0,6.41227275837509e-05,TLT,GARCH11-t
2017-01-26,0.0,7.860106637169238e-05,TLT,GARCH11-t
2017-01-27,0.0,5.80725103414914e-05,TLT,GARCH11-t
2017-01-30,0.0,5.805555645537184e-05,TLT,GARCH11-t
2017-01-31,0.0,5.735396577747765e-05,TLT,GARCH11-t
2017-02-01,0.0,6.073006791112824e-05,TLT,GARCH11-t
2017-02-02,0.0,6.001088890931354e-05,TLT,GARCH11-t
2017-02-03,0.0,5.6061514462522866e-05,TLT,GARCH11-t
2017-02-06,0.0,5.434221714769559e-05,TLT,GARCH11-t
2017-02-07,0.0,5.7638645290686383e-05,TLT,GARCH11-t
2017-02-08,0.0,5.925155747501574e-05,TLT,GARCH11-t
2017-02-09,0.0,7.390583597645774e-05,TLT,GARCH11-t
2017-02-10,0.0,8.091128195992474e-05,TLT,GARCH11-t
2017-02-13,0.0,6.168252995470476e-05,TLT,GARCH11-t
2017-02-14,0.0,5.651205655010726e-05,TLT,GARCH11-t
2017-02-15,0.0,5.886966414786697e-05,TLT,GARCH11-t
2017-02-16,0.0,5.670382869754448e-05,TLT,GARCH11-t
2017-02-17,0.0,5.630561126462733e-05,TLT,GARCH11-t
2017-02-21,0.0,5.6951129899620856e-05,TLT,GARCH11-t
2017-02-22,0.0,5.397556258916387e-05,TLT,GARCH11-t
2017-02-23,0.0,5.045603950456433e-05,TLT,GARCH11-t
2017-02-24,0.0,5.285216891994192e-05,TLT,GARCH11-t
2017-02-27,0.0,6.456681273894043e-05,TLT,GARCH11-t
2017-02-28,0.0,6.022131573866892e-05,TLT,GARCH11-t
2017-03-01,0.0,5.641189972750289e-05,TLT,GARCH11-t
2017-03-02,0.0,9.876497932097167e-05,TLT,GARCH11-t
2017-03-03,0.0,6.497785665921061e-05,TLT,GARCH11-t
2017-03-06,0.0,5.753764267719634e-05,TLT,GARCH11-t
2017-03-07,0.0,5.372104036414505e-05,TLT,GARCH11-t
2017-03-08,0.0,5.1162687078143196e-05,TLT,GARCH11-t
2017-03-09,0.0,5.519171882639992e-05,TLT,GARCH11-t
2017-03-10,0.0,5.9265387111274686e-05,TLT,GARCH11-t
2017-03-13,0.0,5.565002950596873e-05,TLT,GARCH11-t
2017-03-14,0.0,5.6782492674423433e-05,TLT,GARCH11-t
2017-03-15,0.0,5.5653034479253224e-05,TLT,GARCH11-t
2017-03-16,0.0,6.810989633397314e-05,TLT,GARCH11-t
2017-03-17,0.0,5.43981924260781e-05,TLT,GARCH11-t
2017-03-20,0.0,5.925353277770381e-05,TLT,GARCH11-t
2017-03-21,0.0,5.6579600132561106e-05,TLT,GARCH11-t
2017-03-22,0.0,6.153454293380205e-05,TLT,GARCH11-t
2017-03-23,0.0,5.6892871066116355e-05,TLT,GARCH11-t
2017-03-24,0.0,5.36131614854683e-05,TLT,GARCH11-t
2017-03-27,0.0,5.158283649371425e-05,TLT,GARCH11-t
2017-03-28,0.0,5.2752307368055466e-05,TLT,GARCH11-t
2017-03-29,0.0,5.7023444638456736e-05,TLT,GARCH11-t
2017-03-30,0.0,5.68111590430556e-05,TLT,GARCH11-t
2017-03-31,0.0,5.995907001173376e-05,TLT,GARCH11-t
2017-04-03,0.0,5.5469436192164365e-05,TLT,GARCH11-t
2017-04-04,0.0,6.915311256065866e-05,TLT,GARCH11-t
2017-04-05,0.0,5.879733405495289e-05,TLT,GARCH11-t
2017-04-06,0.0,5.4969311202838146e-05,TLT,GARCH11-t
2017-04-07,0.0,5.7042198334438405e-05,TLT,GARCH11-t
2017-04-10,0.0,5.25500482810546e-05,TLT,GARCH11-t
2017-04-11,0.0,5.298146546254922e-05,TLT,GARCH11-t
2017-04-12,0.0,6.424870056507115e-05,TLT,GARCH11-t
2017-04-13,0.0,5.7653879812350996e-05,TLT,GARCH11-t
2017-04-17,0.0,5.9286163805323866e-05,TLT,GARCH11-t
2017-04-18,0.0,5.710004097770062e-05,TLT,GARCH11-t
2017-04-19,0.0,6.876154611068456e-05,TLT,GARCH11-t
2017-04-20,0.0,6.109669434945044e-05,TLT,GARCH11-t
2017-04-21,0.0,5.1000809919260517e-05,TLT,GARCH11-t
2017-04-24,0.0,4.811302086016416e-05,TLT,GARCH11-t
2017-04-25,0.0,5.3815631875822355e-05,TLT,GARCH11-t
2017-04-26,0.0,6.698173860495784e-05,TLT,GARCH11-t
2017-04-27,0.0,6.0436154196016065e-05,TLT,GARCH11-t
2017-04-28,0.0,5.446318089037356e-05,TLT,GARCH11-t
2017-05-01,0.0,5.264179789600553e-05,TLT,GARCH11-t
2017-05-02,0.0,5.8546324442205433e-05,TLT,GARCH11-t
2017-05-03,0.0,5.631303812242103e-05,TLT,GARCH11-t
2017-05-04,0.0,4.7832133111405496e-05,TLT,GARCH11-t
2017-05-05,0.0,5.3433323420249215e-05,TLT,GARCH11-t
2017-05-08,0.0,5.1140003908032414e-05,TLT,GARCH11-t
2017-05-09,0.0,5.2879429799128484e-05,TLT,GARCH11-t
2017-05-10,0.0,4.7617910807777704e-05,TLT,GARCH11-t
2017-05-11,0.0,4.7651053664826965e-05,TLT,GARCH11-t
2017-05-12,0.0,5.28158130822739e-05,TLT,GARCH11-t
2017-05-15,0.0,5.7763185691279216e-05,TLT,GARCH11-t
2017-05-16,0.0,5.581501044298252e-05,TLT,GARCH11-t
2017-05-17,0.0,4.926338571197901e-05,TLT,GARCH11-t
2017-05-18,0.0,7.369613418417945e-05,TLT,GARCH11-t
2017-05-19,0.0,5.619374660036822e-05,TLT,GARCH11-t
2017-05-22,0.0,5.672588935914825e-05,TLT,GARCH11-t
2017-05-23,0.0,5.489462303343961e-05,TLT,GARCH11-t
2017-05-24,0.0,5.529244566856261e-05,TLT,GARCH11-t
2017-05-25,0.0,5.491809020862935e-05,TLT,GARCH11-t
2017-05-26,0.0,4.692023749208105e-05,TLT,GARCH11-t
2017-05-30,0.0,4.8859271584108285e-05,TLT,GARCH11-t
2017-05-31,0.0,5.617816946935406e-05,TLT,GARCH11-t
2017-06-01,0.0,5.068424576353832e-05,TLT,GARCH11-t
2017-06-02,0.0,5.259279608844457e-05,TLT,GARCH11-t
2017-06-05,0.0,7.291457994899311e-05,TLT,GARCH11-t
2017-06-06,0.0,5.879305458260214e-05,TLT,GARCH11-t
2017-06-07,0.0,5.969460584409916e-05,TLT,GARCH11-t
2017-06-08,0.0,5.0968528929686126e-05,TLT,GARCH11-t
2017-06-09,0.0,5.5392688733970606e-05,TLT,GARCH11-t
2017-06-12,0.0,5.3539609927953524e-05,TLT,GARCH11-t
2017-06-13,0.0,4.948117277130174e-05,TLT,GARCH11-t
2017-06-14,0.0,4.628576155619421e-05,TLT,GARCH11-t
2017-06-15,0.0,7.322016210346117e-05,TLT,GARCH11-t
2017-06-16,0.0,5.779429829782808e-05,TLT,GARCH11-t
2017-06-19,0.0,5.736070161983975e-05,TLT,GARCH11-t
2017-06-20,0.0,5.6885243923879645e-05,TLT,GARCH11-t
2017-06-21,0.0,5.4806974348449284e-05,TLT,GARCH11-t
2017-06-22,0.0,5.6828490315740034e-05,TLT,GARCH11-t
2017-06-23,0.0,5.522203900808939e-05,TLT,GARCH11-t
2017-06-26,0.0,5.576267852386175e-05,TLT,GARCH11-t
2017-06-27,0.0,4.6964168723155625e-05,TLT,GARCH11-t
2017-06-28,0.0,5.7708948378191555e-05,TLT,GARCH11-t
2017-06-29,0.0,4.932894214349866e-05,TLT,GARCH11-t
2017-06-30,0.0,5.538916388761643e-05,TLT,GARCH11-t
2017-07-03,0.0,5.40254325256916e-05,TLT,GARCH11-t
2017-07-05,0.0,5.3454636088491985e-05,TLT,GARCH11-t
2017-07-06,0.0,4.6181061989173117e-05,TLT,GARCH11-t
2017-07-07,0.0,5.2585728627704354e-05,TLT,GARCH11-t
2017-07-10,0.0,5.430286329964165e-05,TLT,GARCH11-t
2017-07-11,0.0,5.421282859143619e-05,TLT,GARCH11-t
2017-07-12,0.0,5.476745125076023e-05,TLT,GARCH11-t
2017-07-13,0.0,4.944990397813153e-05,TLT,GARCH11-t
2017-07-14,0.0,5.0222917852609856e-05,TLT,GARCH11-t
2017-07-17,0.0,5.003422417234197e-05,TLT,GARCH11-t
2017-07-18,0.0,4.6264673483480705e-05,TLT,GARCH11-t
2017-07-19,0.0,5.625957611534939e-05,TLT,GARCH11-t
2017-07-20,0.0,5.1372299138593774e-05,TLT,GARCH11-t
2017-07-21,0.0,4.5926733846751304e-05,TLT,GARCH11-t
2017-07-24,0.0,4.872715707077022e-05,TLT,GARCH11-t
2017-07-25,0.0,4.646445094458013e-05,TLT,GARCH11-t
2017-07-26,0.0,5.485671074702557e-05,TLT,GARCH11-t
2017-07-27,0.0,4.744036359952373e-05,TLT,GARCH11-t
2017-07-28,0.0,5.2500162925682354e-05,TLT,GARCH11-t
2017-07-31,0.0,4.776329316353949e-05,TLT,GARCH11-t
2017-08-01,0.0,4.5755444296647885e-05,TLT,GARCH11-t
2017-08-02,0.0,5.0304123064727894e-05,TLT,GARCH11-t
2017-08-03,0.0,4.851648416548353e-05,TLT,GARCH11-t
2017-08-04,0.0,5.539952530018405e-05,TLT,GARCH11-t
2017-08-07,0.0,4.9158788196065374e-05,TLT,GARCH11-t
2017-08-08,0.0,4.7910783348620095e-05,TLT,GARCH11-t
2017-08-09,0.0,4.9975331183463176e-05,TLT,GARCH11-t
2017-08-10,0.0,4.7381628068515754e-05,TLT,GARCH11-t
2017-08-11,0.0,5.457867200572283e-05,TLT,GARCH11-t
2017-08-14,0.0,4.749227679949915e-05,TLT,GARCH11-t
2017-08-15,0.0,4.59208925810172e-05,TLT,GARCH11-t
2017-08-16,0.0,4.514346495227592e-05,TLT,GARCH11-t
2017-08-17,0.0,4.5781607851430933e-05,TLT,GARCH11-t
2017-08-18,0.0,4.6726838957899794e-05,TLT,GARCH11-t
2017-08-21,0.0,5.163154518036192e-05,TLT,GARCH11-t
2017-08-22,0.0,4.310533973550169e-05,TLT,GARCH11-t
2017-08-23,0.0,4.063885847257434e-05,TLT,GARCH11-t
2017-08-24,0.0,3.331643281690439e-05,TLT,GARCH11-t
2017-08-25,0.0,4.283584561651644e-05,TLT,GARCH11-t
2017-08-28,0.0,4.268054276650698e-05,TLT,GARCH11-t
2017-08-29,0.0,4.2294473292560205e-05,TLT,GARCH11-t
2017-08-30,0.0,3.6545285184683645e-05,TLT,GARCH11-t
2017-08-31,0.0,3.863627544498675e-05,TLT,GARCH11-t
2017-09-01,0.0,4.116773395390309e-05,TLT,GARCH11-t
2017-09-05,0.0,4.130264198889281e-05,TLT,GARCH11-t
2017-09-06,0.0,4.4309157010982583e-05,TLT,GARCH11-t
2017-09-07,0.0,4.36610057058066e-05,TLT,GARCH11-t
2017-09-08,0.0,4.526417961985139e-05,TLT,GARCH11-t
2017-09-11,0.0,3.942520840718648e-05,TLT,GARCH11-t
2017-09-12,0.0,5.112735857442005e-05,TLT,GARCH11-t
2017-09-13,0.0,5.340112958823615e-05,TLT,GARCH11-t
2017-09-14,0.0,5.243200912998075e-05,TLT,GARCH11-t
2017-09-15,0.0,4.398317492051504e-05,TLT,GARCH11-t
2017-09-18,0.0,4.3496892748715826e-05,TLT,GARCH11-t
2017-09-19,0.0,4.470991448842415e-05,TLT,GARCH11-t
2017-09-20,0.0,4.252022267599769e-05,TLT,GARCH11-t
2017-09-21,0.0,4.1405615188155105e-05,TLT,GARCH11-t
2017-09-22,0.0,4.366267158797712e-05,TLT,GARCH11-t
2017-09-25,0.0,3.663596519408075e-05,TLT,GARCH11-t
2017-09-26,0.0,4.253051167709017e-05,TLT,GARCH11-t
2017-09-27,0.0,4.213830676141659e-05,TLT,GARCH11-t
2017-09-28,0.0,4.1270507629838165e-05,TLT,GARCH11-t
2017-09-29,0.0,4.4314485675335354e-05,TLT,GARCH11-t
2017-10-02,0.0,4.3993206077000744e-05,TLT,GARCH11-t
2017-10-03,0.0,4.346148063345832e-05,TLT,GARCH11-t
2017-10-04,0.0,4.179242005651804e-05,TLT,GARCH11-t
2017-10-05,0.0,4.2386616978521994e-05,TLT,GARCH11-t
2017-10-06,0.0,4.2181175545698706e-05,TLT,GARCH11-t
2017-10-09,0.0,4.1876215941679364e-05,TLT,GARCH11-t
2017-10-10,0.0,4.168542408030479e-05,TLT,GARCH11-t
2017-10-11,0.0,3.857222392606432e-05,TLT,GARCH11-t
2017-10-12,0.0,4.104978806943226e-05,TLT,GARCH11-t
2017-10-13,0.0,3.675391656002247e-05,TLT,GARCH11-t
2017-10-16,0.0,4.130921488019268e-05,TLT,GARCH11-t
2017-10-17,0.0,4.048757438592449e-05,TLT,GARCH11-t
2017-10-18,0.0,4.011333592541152e-05,TLT,GARCH11-t
2017-10-19,0.0,4.036016083686165e-05,TLT,GARCH11-t
2017-10-20,0.0,3.516089453487244e-05,TLT,GARCH11-t
2017-10-23,0.0,4.1276712892602436e-05,TLT,GARCH11-t
2017-10-24,0.0,4.101000802116848e-05,TLT,GARCH11-t
2017-10-25,0.0,4.115598712039195e-05,TLT,GARCH11-t
2017-10-26,0.0,4.113303097191281e-05,TLT,GARCH11-t
2017-10-27,0.0,3.319509875507606e-05,TLT,GARCH11-t
2017-10-30,0.0,3.3477465019881425e-05,TLT,GARCH11-t
2017-10-31,0.0,4.1644189646540025e-05,TLT,GARCH11-t
2017-11-01,0.0,4.123606295296745e-05,TLT,GARCH11-t
2017-11-02,0.0,4.511353710675195e-05,TLT,GARCH11-t
2017-11-03,0.0,4.501436563673702e-05,TLT,GARCH11-t
2017-11-06,0.0,4.461670502689647e-05,TLT,GARCH11-t
2017-11-07,0.0,4.425903890179492e-05,TLT,GARCH11-t
2017-11-08,0.0,4.3988389661132164e-05,TLT,GARCH11-t
2017-11-09,0.0,3.6111361248945546e-05,TLT,GARCH11-t
2017-11-10,0.0,3.4684679595989146e-05,TLT,GARCH11-t
2017-11-13,0.0,3.6742927799694746e-05,TLT,GARCH11-t
2017-11-14,0.0,3.6384075347925317e-05,TLT,GARCH11-t
2017-11-15,0.0,3.408577778933699e-05,TLT,GARCH11-t
2017-11-16,0.0,3.5009293837005146e-05,TLT,GARCH11-t
2017-11-17,0.0,3.802447187192996e-05,TLT,GARCH11-t
2017-11-20,0.0,3.7763657942523154e-05,TLT,GARCH11-t
2017-11-21,0.0,3.608518768048539e-05,TLT,GARCH11-t
2017-11-22,0.0,3.5324045510264817e-05,TLT,GARCH11-t
2017-11-24,0.0,3.6911951651964045e-05,TLT,GARCH11-t
2017-11-27,0.0,3.6626363988976836e-05,TLT,GARCH11-t
2017-11-28,0.0,3.331021682281441e-05,TLT,GARCH11-t
2017-11-29,0.0,3.586772408962124e-05,TLT,GARCH11-t
2017-11-30,0.0,3.674776355851339e-05,TLT,GARCH11-t
2017-12-01,0.0,3.393468540320461e-05,TLT,GARCH11-t
2017-12-04,0.0,3.74832529130245e-05,TLT,GARCH11-t
2017-12-05,0.0,3.6971395638173206e-05,TLT,GARCH11-t
2017-12-06,0.0,3.691893359386884e-05,TLT,GARCH11-t
2017-12-07,0.0,3.671088926868989e-05,TLT,GARCH11-t
2017-12-08,0.0,3.6948853496620295e-05,TLT,GARCH11-t
2017-12-11,0.0,3.621399566005683e-05,TLT,GARCH11-t
2017-12-12,0.0,3.5500451169466894e-05,TLT,GARCH11-t
2017-12-13,0.0,3.515473349093798e-05,TLT,GARCH11-t
2017-12-14,0.0,3.550183474940199e-05,TLT,GARCH11-t
2017-12-15,0.0,3.5971551967097366e-05,TLT,GARCH11-t
2017-12-18,0.0,3.483433589756598e-05,TLT,GARCH11-t
2017-12-19,0.0,3.555589329948733e-05,TLT,GARCH11-t
2017-12-20,0.0,3.797066318867915e-05,TLT,GARCH11-t
2017-12-21,0.0,3.686181068528642e-05,TLT,GARCH11-t
2017-12-22,0.0,3.768025703907432e-05,TLT,GARCH11-t
2017-12-26,0.0,3.776437492616626e-05,TLT,GARCH11-t
2017-12-27,0.0,3.747129164613998e-05,TLT,GARCH11-t
2017-12-28,0.0,3.9177555857276624e-05,TLT,GARCH11-t
2017-12-29,0.0,3.862293471155265e-05,TLT,GARCH11-t
2018-01-02,0.0,3.8211205528918155e-05,TLT,GARCH11-t
2018-01-03,0.0,3.781843186235729e-05,TLT,GARCH11-t
2018-01-04,0.0,3.9115241892808214e-05,TLT,GARCH11-t
2018-01-05,0.0,3.825257344501711e-05,TLT,GARCH11-t
2018-01-08,0.0,3.771517300998096e-05,TLT,GARCH11-t
2018-01-09,0.0,3.7098997505283515e-05,TLT,GARCH11-t
2018-01-10,0.0,3.88377389197528e-05,TLT,GARCH11-t
2018-01-11,0.0,3.8430473198981785e-05,TLT,GARCH11-t
2018-01-12,0.0,3.82016818256205e-05,TLT,GARCH11-t
2018-01-16,0.0,3.7166894034483086e-05,TLT,GARCH11-t
2018-01-17,0.0,3.692875521651453e-05,TLT,GARCH11-t
2018-01-18,0.0,3.619433739870994e-05,TLT,GARCH11-t
2018-01-19,0.0,3.620668784055412e-05,TLT,GARCH11-t
2018-01-22,0.0,3.6131405678686685e-05,TLT,GARCH11-t
2018-01-23,0.0,3.585019451673337e-05,TLT,GARCH11-t
2018-01-24,0.0,3.649157132347055e-05,TLT,GARCH11-t
2018-01-25,0.0,3.565791475495245e-05,TLT,GARCH11-t
2018-01-26,0.0,3.5670967956370644e-05,TLT,GARCH11-t
2018-01-29,0.0,3.53518222521816e-05,TLT,GARCH11-t
2018-01-30,0.0,3.5516542254235746e-05,TLT,GARCH11-t
2018-01-31,0.0,3.558868240147449e-05,TLT,GARCH11-t
2018-02-01,0.0,3.617801540254987e-05,TLT,GARCH11-t
2018-02-02,0.0,3.6258862505314204e-05,TLT,GARCH11-t
2018-02-05,0.0,3.5667967906696194e-05,TLT,GARCH11-t
2018-02-06,0.0,3.8706122301827884e-05,TLT,GARCH11-t
2018-02-07,0.0,3.654493298445741e-05,TLT,GARCH11-t
2018-02-08,0.0,3.8241016694185085e-05,TLT,GARCH11-t
2018-02-09,0.0,3.7263229906561066e-05,TLT,GARCH11-t
2018-02-12,0.0,3.794069561971485e-05,TLT,GARCH11-t
2018-02-13,0.0,3.923873186746086e-05,TLT,GARCH11-t
2018-02-14,0.0,3.6111453382176386e-05,TLT,GARCH11-t
2018-02-15,0.0,3.6450021952027434e-05,TLT,GARCH11-t
2018-02-16,0.0,3.631688538155908e-05,TLT,GARCH11-t
2018-02-20,0.0,3.6819464169412577e-05,TLT,GARCH11-t
2018-02-21,0.0,3.6324396168431285e-05,TLT,GARCH11-t
2018-02-22,0.0,3.778162011405595e-05,TLT,GARCH11-t
2018-02-23,0.0,3.877190339270836e-05,TLT,GARCH11-t
2018-02-26,0.0,3.868426460710321e-05,TLT,GARCH11-t
2018-02-27,0.0,3.69327066068925e-05,TLT,GARCH11-t
2018-02-28,0.0,3.62833785722838e-05,TLT,GARCH11-t
2018-03-01,0.0,3.621550813326613e-05,TLT,GARCH11-t
2018-03-02,0.0,3.609895503144863e-05,TLT,GARCH11-t
2018-03-05,0.0,3.50572802825028e-05,TLT,GARCH11-t
2018-03-06,0.0,3.6063424594639386e-05,TLT,GARCH11-t
2018-03-07,0.0,3.773445880362123e-05,TLT,GARCH11-t
2018-03-08,0.0,3.834274222717962e-05,TLT,GARCH11-t
2018-03-09,0.0,3.646658154581553e-05,TLT,GARCH11-t
2018-03-12,0.0,3.709768306977402e-05,TLT,GARCH11-t
2018-03-13,0.0,3.93356649642174e-05,TLT,GARCH11-t
2018-03-14,0.0,3.705615316744269e-05,TLT,GARCH11-t
2018-03-15,0.0,3.5702217130825816e-05,TLT,GARCH11-t
2018-03-16,0.0,3.566758334145379e-05,TLT,GARCH11-t
2018-03-19,0.0,3.441638155225742e-05,TLT,GARCH11-t
2018-03-20,0.0,3.536734116308111e-05,TLT,GARCH11-t
2018-03-21,0.0,3.577092212466047e-05,TLT,GARCH11-t
2018-03-22,0.0,3.550653638990345e-05,TLT,GARCH11-t
2018-03-23,0.0,4.1923996022736705e-05,TLT,GARCH11-t
2018-03-26,0.0,3.491788117797212e-05,TLT,GARCH11-t
2018-03-27,0.0,3.62901194726702e-05,TLT,GARCH11-t
2018-03-28,0.0,3.674869166960322e-05,TLT,GARCH11-t
2018-03-29,0.0,3.635560716815631e-05,TLT,GARCH11-t
2018-04-02,0.0,3.65298284711431e-05,TLT,GARCH11-t
2018-04-03,0.0,3.503141787646577e-05,TLT,GARCH11-t
2018-04-04,0.0,4.280238322933836e-05,TLT,GARCH11-t
2018-04-05,0.0,3.769297090819966e-05,TLT,GARCH11-t
2018-04-06,0.0,3.6146040875243005e-05,TLT,GARCH11-t
2018-04-09,0.0,3.62197697745565e-05,TLT,GARCH11-t
2018-04-10,0.0,3.7562056559359935e-05,TLT,GARCH11-t
2018-04-11,0.0,3.6983016931972624e-05,TLT,GARCH11-t
2018-04-12,0.0,3.906708530529811e-05,TLT,GARCH11-t
2018-04-13,0.0,3.513010786211021e-05,TLT,GARCH11-t
2018-04-16,0.0,3.9727782172106666e-05,TLT,GARCH11-t
2018-04-17,0.0,4.0558473614134456e-05,TLT,GARCH11-t
2018-04-18,0.0,3.539962598962253e-05,TLT,GARCH11-t
2018-04-19,0.0,4.161460342248034e-05,TLT,GARCH11-t
2018-04-20,0.0,4.023206972929466e-05,TLT,GARCH11-t
2018-04-23,0.0,3.6241165546186095e-05,TLT,GARCH11-t
2018-04-24,0.0,3.5914886154990894e-05,TLT,GARCH11-t
2018-04-25,0.0,3.497842067421734e-05,TLT,GARCH11-t
2018-04-26,0.0,3.6334509840530174e-05,TLT,GARCH11-t
2018-04-27,0.0,4.178228720931077e-05,TLT,GARCH11-t
2018-04-30,0.0,4.251789824087654e-05,TLT,GARCH11-t
2018-05-01,0.0,3.531468066482458e-05,TLT,GARCH11-t
2018-05-02,0.0,3.440195019938012e-05,TLT,GARCH11-t
2018-05-03,0.0,3.696417373161089e-05,TLT,GARCH11-t
2018-05-04,0.0,3.60886398635506e-05,TLT,GARCH11-t
2018-05-07,0.0,3.6801597963434365e-05,TLT,GARCH11-t
2018-05-08,0.0,3.631164330539967e-05,TLT,GARCH11-t
2018-05-09,0.0,3.451206656961723e-05,TLT,GARCH11-t
2018-05-10,0.0,3.7354574141353995e-05,TLT,GARCH11-t
2018-05-11,0.0,3.601480318211913e-05,TLT,GARCH11-t
2018-05-14,0.0,3.5142334119379716e-05,TLT,GARCH11-t
2018-05-15,0.0,3.382660215209573e-05,TLT,GARCH11-t
2018-05-16,0.0,3.5648486440403774e-05,TLT,GARCH11-t
2018-05-17,0.0,3.6814321469041704e-05,TLT,GARCH11-t
2018-05-18,0.0,3.444617417227063e-05,TLT,GARCH11-t
2018-05-21,0.0,3.62475581958586e-05,TLT,GARCH11-t
2018-05-22,0.0,3.963491157009806e-05,TLT,GARCH11-t
2018-05-23,0.0,3.490957163220171e-05,TLT,GARCH11-t
2018-05-24,0.0,3.974354732167935e-05,TLT,GARCH11-t
2018-05-25,0.0,3.650706008248025e-05,TLT,GARCH11-t
2018-05-29,0.0,3.5496922912770547e-05,TLT,GARCH11-t
2018-05-30,0.0,3.979534998278851e-05,TLT,GARCH11-t
2018-05-31,0.0,3.757944445708843e-05,TLT,GARCH11-t
2018-06-01,0.0,3.7262357332872124e-05,TLT,GARCH11-t
2018-06-04,0.0,3.9030337510471364e-05,TLT,GARCH11-t
2018-06-05,0.0,4.339603744441075e-05,TLT,GARCH11-t
2018-06-06,0.0,3.777578212112152e-05,TLT,GARCH11-t
2018-06-07,0.0,3.8017535015204406e-05,TLT,GARCH11-t
2018-06-08,0.0,3.666316709534459e-05,TLT,GARCH11-t
2018-06-11,0.0,4.052007756989464e-05,TLT,GARCH11-t
2018-06-12,0.0,3.7893121959615277e-05,TLT,GARCH11-t
2018-06-13,0.0,3.678257598407453e-05,TLT,GARCH11-t
2018-06-14,0.0,3.667244346265828e-05,TLT,GARCH11-t
2018-06-15,0.0,3.713335945381513e-05,TLT,GARCH11-t
2018-06-18,0.0,3.750646078742068e-05,TLT,GARCH11-t
2018-06-19,0.0,4.447351781902462e-05,TLT,GARCH11-t
2018-06-20,0.0,3.6853373766017764e-05,TLT,GARCH11-t
2018-06-21,0.0,3.859482666913887e-05,TLT,GARCH11-t
2018-06-22,0.0,4.896664433611118e-05,TLT,GARCH11-t
2018-06-25,0.0,3.659806106464432e-05,TLT,GARCH11-t
2018-06-26,0.0,3.792465213393848e-05,TLT,GARCH11-t
2018-06-27,0.0,3.6623910276210553e-05,TLT,GARCH11-t
2018-06-28,0.0,4.289438322825526e-05,TLT,GARCH11-t
2018-06-29,0.0,3.727682127556233e-05,TLT,GARCH11-t
2018-07-02,0.0,3.7189296528874086e-05,TLT,GARCH11-t
2018-07-03,0.0,3.6652021169036075e-05,TLT,GARCH11-t
2018-07-05,0.0,3.6074755081946324e-05,TLT,GARCH11-t
2018-07-06,0.0,3.589652922513137e-05,TLT,GARCH11-t
2018-07-09,0.0,3.564525361168146e-05,TLT,GARCH11-t
2018-07-10,0.0,3.748736661438021e-05,TLT,GARCH11-t
2018-07-11,0.0,3.6694145513613676e-05,TLT,GARCH11-t
2018-07-12,0.0,3.5837926327175525e-05,TLT,GARCH11-t
2018-07-13,0.0,3.634448900181979e-05,TLT,GARCH11-t
2018-07-16,0.0,3.621943286481546e-05,TLT,GARCH11-t
2018-07-17,0.0,3.56391098094594e-05,TLT,GARCH11-t
2018-07-18,0.0,3.505714071494153e-05,TLT,GARCH11-t
2018-07-19,0.0,3.5292100507890436e-05,TLT,GARCH11-t
2018-07-20,0.0,3.588655262219648e-05,TLT,GARCH11-t
2018-07-23,0.0,3.587728793477797e-05,TLT,GARCH11-t
2018-07-24,0.0,3.7595931135126355e-05,TLT,GARCH11-t
2018-07-25,0.0,3.690547775251088e-05,TLT,GARCH11-t
2018-07-26,0.0,3.6539254669377055e-05,TLT,GARCH11-t
2018-07-27,0.0,3.5896677944514095e-05,TLT,GARCH11-t
2018-07-30,0.0,3.565623039405267e-05,TLT,GARCH11-t
2018-07-31,0.0,3.557992847477904e-05,TLT,GARCH11-t
2018-08-01,0.0,3.587448456070695e-05,TLT,GARCH11-t
2018-08-02,0.0,3.6407687500880605e-05,TLT,GARCH11-t
2018-08-03,0.0,3.59928749417261e-05,TLT,GARCH11-t
2018-08-06,0.0,3.5695585672471895e-05,TLT,GARCH11-t
2018-08-07,0.0,3.599095558205252e-05,TLT,GARCH11-t
2018-08-08,0.0,3.543507501080553e-05,TLT,GARCH11-t
2018-08-09,0.0,3.5154892596410056e-05,TLT,GARCH11-t
2018-08-10,0.0,3.596198404925265e-05,TLT,GARCH11-t
2018-08-13,0.0,3.616220943516559e-05,TLT,GARCH11-t
2018-08-14,0.0,3.5591916128930616e-05,TLT,GARCH11-t
2018-08-15,0.0,3.5307751792939106e-05,TLT,GARCH11-t
2018-08-16,0.0,3.555862645977158e-05,TLT,GARCH11-t
2018-08-17,0.0,3.526137256128717e-05,TLT,GARCH11-t
2018-08-20,0.0,3.519182434398287e-05,TLT,GARCH11-t
2018-08-21,0.0,3.5481850477256336e-05,TLT,GARCH11-t
2018-08-22,0.0,3.536157919070676e-05,TLT,GARCH11-t
2018-08-23,0.0,3.524876426834342e-05,TLT,GARCH11-t
2018-08-24,0.0,3.4802148020713575e-05,TLT,GARCH11-t
2018-08-27,0.0,3.466227578847041e-05,TLT,GARCH11-t
2018-08-28,0.0,3.550118379605627e-05,TLT,GARCH11-t
2018-08-29,0.0,3.5712478140242676e-05,TLT,GARCH11-t
2018-08-30,0.0,3.44857789369599e-05,TLT,GARCH11-t
2018-08-31,0.0,3.405056381374343e-05,TLT,GARCH11-t
2018-09-04,0.0,3.3915708649484914e-05,TLT,GARCH11-t
2018-09-05,0.0,3.448781053594851e-05,TLT,GARCH11-t
2018-09-06,0.0,3.4029689724325934e-05,TLT,GARCH11-t
2018-09-07,0.0,3.412397573938526e-05,TLT,GARCH11-t
2018-09-10,0.0,3.481959466717854e-05,TLT,GARCH11-t
2018-09-11,0.0,3.4326633545712836e-05,TLT,GARCH11-t
2018-09-12,0.0,3.334527921133587e-05,TLT,GARCH11-t
2018-09-13,0.0,3.384942729548725e-05,TLT,GARCH11-t
2018-09-14,0.0,3.456042307586605e-05,TLT,GARCH11-t
2018-09-17,0.0,3.335688402754998e-05,TLT,GARCH11-t
2018-09-18,0.0,3.4161599816015325e-05,TLT,GARCH11-t
2018-09-19,0.0,3.563889613288369e-05,TLT,GARCH11-t
2018-09-20,0.0,3.399711290931883e-05,TLT,GARCH11-t
2018-09-21,0.0,3.489895161278043e-05,TLT,GARCH11-t
2018-09-24,0.0,3.415084898245545e-05,TLT,GARCH11-t
2018-09-25,0.0,3.404081388260518e-05,TLT,GARCH11-t
2018-09-26,0.0,3.391151716386872e-05,TLT,GARCH11-t
2018-09-27,0.0,3.439324636605044e-05,TLT,GARCH11-t
2018-09-28,0.0,3.323666585738099e-05,TLT,GARCH11-t
2018-10-01,0.0,3.2363074763205557e-05,TLT,GARCH11-t
2018-10-02,0.0,3.288366007336218e-05,TLT,GARCH11-t
2018-10-03,0.0,3.4519516008310055e-05,TLT,GARCH11-t
2018-10-04,0.0,3.704587172198594e-05,TLT,GARCH11-t
2018-10-05,0.0,3.91368893498688e-05,TLT,GARCH11-t
2018-10-08,0.0,3.758760998334015e-05,TLT,GARCH11-t
2018-10-09,0.0,3.713684658065445e-05,TLT,GARCH11-t
2018-10-10,0.0,3.911413089328639e-05,TLT,GARCH11-t
2018-10-11,0.0,3.742125762746309e-05,TLT,GARCH11-t
2018-10-12,0.0,3.980090557576572e-05,TLT,GARCH11-t
2018-10-15,0.0,3.743650465540893e-05,TLT,GARCH11-t
2018-10-16,0.0,3.686562288439037e-05,TLT,GARCH11-t
2018-10-17,0.0,3.625474527506083e-05,TLT,GARCH11-t
2018-10-18,0.0,3.794925610702741e-05,TLT,GARCH11-t
2018-10-19,0.0,3.6908862705636915e-05,TLT,GARCH11-t
2018-10-22,0.0,3.5423044712293183e-05,TLT,GARCH11-t
2018-10-23,0.0,3.479660497667778e-05,TLT,GARCH11-t
2018-10-24,0.0,3.173244237781212e-05,TLT,GARCH11-t
2018-10-25,0.0,3.656667029395207e-05,TLT,GARCH11-t
2018-10-26,0.0,3.7466536263894554e-05,TLT,GARCH11-t
2018-10-29,0.0,3.576148101331724e-05,TLT,GARCH11-t
2018-10-30,0.0,3.632783183039755e-05,TLT,GARCH11-t
2018-10-31,0.0,3.546310098513015e-05,TLT,GARCH11-t
2018-11-01,0.0,3.518543608357377e-05,TLT,GARCH11-t
2018-11-02,0.0,3.469678250289102e-05,TLT,GARCH11-t
2018-11-05,0.0,3.7424049430458146e-05,TLT,GARCH11-t
2018-11-06,0.0,3.66452009292676e-05,TLT,GARCH11-t
2018-11-07,0.0,3.588200182634809e-05,TLT,GARCH11-t
2018-11-08,0.0,3.556899953352877e-05,TLT,GARCH11-t
2018-11-09,0.0,2.697776063791439e-05,TLT,GARCH11-t
2018-11-12,0.0,3.4653475004843796e-05,TLT,GARCH11-t
2018-11-13,0.0,3.5395810074934645e-05,TLT,GARCH11-t
2018-11-14,0.0,3.480189010617797e-05,TLT,GARCH11-t
2018-11-15,0.0,3.4694191820188534e-05,TLT,GARCH11-t
2018-11-16,0.0,3.363826631095504e-05,TLT,GARCH11-t
2018-11-19,0.0,3.448737164191796e-05,TLT,GARCH11-t
2018-11-20,0.0,3.376882819645959e-05,TLT,GARCH11-t
2018-11-21,0.0,3.3432204856766595e-05,TLT,GARCH11-t
2018-11-23,0.0,3.3117680434021005e-05,TLT,GARCH11-t
2018-11-26,0.0,3.0845885346338946e-05,TLT,GARCH11-t
2018-11-27,0.0,3.1553918130120855e-05,TLT,GARCH11-t
2018-11-28,0.0,3.1308098590036416e-05,TLT,GARCH11-t
2018-11-29,0.0,3.135539584721729e-05,TLT,GARCH11-t
2018-11-30,0.0,3.103853046232283e-05,TLT,GARCH11-t
2018-12-03,0.0,3.093890286144152e-05,TLT,GARCH11-t
2018-12-04,0.0,3.3126443601505715e-05,TLT,GARCH11-t
2018-12-06,0.0,5.223181942439202e-05,TLT,GARCH11-t
2018-12-07,0.0,4.002149424942489e-05,TLT,GARCH11-t
2018-12-10,0.0,3.2774072960544305e-05,TLT,GARCH11-t
2018-12-11,0.0,3.377759419899342e-05,TLT,GARCH11-t
2018-12-12,0.0,3.421734354380819e-05,TLT,GARCH11-t
2018-12-13,0.0,3.419679907963907e-05,TLT,GARCH11-t
2018-12-14,0.0,3.396737016443134e-05,TLT,GARCH11-t
2018-12-17,0.0,3.327546060835271e-05,TLT,GARCH11-t
2018-12-18,0.0,3.378450957512351e-05,TLT,GARCH11-t
2018-12-19,0.0,3.3950146011358784e-05,TLT,GARCH11-t
2018-12-20,0.0,3.5712828818557344e-05,TLT,GARCH11-t
2018-12-21,0.0,3.6450809766313226e-05,TLT,GARCH11-t
2018-12-24,0.0,3.3678039887283924e-05,TLT,GARCH11-t
2018-12-26,0.0,3.3562707274188206e-05,TLT,GARCH11-t
2018-12-27,0.0,3.5289384899449166e-05,TLT,GARCH11-t
2018-12-28,0.0,3.288405341880888e-05,TLT,GARCH11-t
2018-12-31,0.0,3.41688405284451e-05,TLT,GARCH11-t
2019-01-02,0.0,3.383465983336439e-05,TLT,GARCH11-t
2019-01-03,0.0,3.385687974433533e-05,TLT,GARCH11-t
2019-01-04,0.0,3.683838259504117e-05,TLT,GARCH11-t
2019-01-07,0.0,3.993660281660963e-05,TLT,GARCH11-t
2019-01-08,0.0,3.7706938323983116e-05,TLT,GARCH11-t
2019-01-09,0.0,3.5722276552284844e-05,TLT,GARCH11-t
2019-01-10,0.0,3.263229276103084e-05,TLT,GARCH11-t
2019-01-11,0.0,3.455488455077474e-05,TLT,GARCH11-t
2019-01-14,0.0,3.2839744673150165e-05,TLT,GARCH11-t
2019-01-15,0.0,3.2446910810576815e-05,TLT,GARCH11-t
2019-01-16,0.0,3.228734494832356e-05,TLT,GARCH11-t
2019-01-17,0.0,3.152001378889503e-05,TLT,GARCH11-t
2019-01-18,0.0,3.0618568323085225e-05,TLT,GARCH11-t
2019-01-22,0.0,3.3148628686649386e-05,TLT,GARCH11-t
2019-01-23,0.0,3.365557217312724e-05,TLT,GARCH11-t
2019-01-24,0.0,3.3043564119380734e-05,TLT,GARCH11-t
2019-01-25,0.0,3.330097075192233e-05,TLT,GARCH11-t
2019-01-28,0.0,3.323068655701901e-05,TLT,GARCH11-t
2019-01-29,0.0,3.27307487119663e-05,TLT,GARCH11-t
2019-01-30,0.0,3.2066409151794626e-05,TLT,GARCH11-t
2019-01-31,0.0,3.237181424951106e-05,TLT,GARCH11-t
2019-02-01,0.0,3.214527496107344e-05,TLT,GARCH11-t
2019-02-04,0.0,3.312559354952487e-05,TLT,GARCH11-t
2019-02-05,0.0,3.2720219539005856e-05,TLT,GARCH11-t
2019-02-06,0.0,3.252340649182436e-05,TLT,GARCH11-t
2019-02-07,0.0,3.167792734966428e-05,TLT,GARCH11-t
2019-02-08,0.0,3.2120769522649416e-05,TLT,GARCH11-t
2019-02-11,0.0,3.176195712498904e-05,TLT,GARCH11-t
2019-02-12,0.0,3.174114437190924e-05,TLT,GARCH11-t
2019-02-13,0.0,3.2020605730646795e-05,TLT,GARCH11-t
2019-02-14,0.0,3.1380952355285536e-05,TLT,GARCH11-t
2019-02-15,0.0,3.136846366722395e-05,TLT,GARCH11-t
2019-02-19,0.0,2.9641821877918224e-05,TLT,GARCH11-t
2019-02-20,0.0,2.9892712929056574e-05,TLT,GARCH11-t
2019-02-21,0.0,2.990058692473681e-05,TLT,GARCH11-t
2019-02-22,0.0,3.3056975441217955e-05,TLT,GARCH11-t
2019-02-25,0.0,3.19894173184747e-05,TLT,GARCH11-t
2019-02-26,0.0,2.9359444214450842e-05,TLT,GARCH11-t
2019-02-27,0.0,3.023243043505652e-05,TLT,GARCH11-t
2019-02-28,0.0,3.599601193136089e-05,TLT,GARCH11-t
2019-03-01,0.0,3.2503908350217143e-05,TLT,GARCH11-t
2019-03-04,0.0,3.481298709947976e-05,TLT,GARCH11-t
2019-03-05,0.0,3.3773756829058e-05,TLT,GARCH11-t
2019-03-06,0.0,3.137732777749519e-05,TLT,GARCH11-t
2019-03-07,0.0,3.0519059080099215e-05,TLT,GARCH11-t
2019-03-08,0.0,3.2238845301571895e-05,TLT,GARCH11-t
2019-03-11,0.0,3.100170947773029e-05,TLT,GARCH11-t
2019-03-12,0.0,3.0134834470649003e-05,TLT,GARCH11-t
2019-03-13,0.0,3.180506986987495e-05,TLT,GARCH11-t
2019-03-14,0.0,3.0177778558742303e-05,TLT,GARCH11-t
2019-03-15,0.0,3.2041011557532784e-05,TLT,GARCH11-t
2019-03-18,0.0,3.226002419266374e-05,TLT,GARCH11-t
2019-03-19,0.0,3.0257646124288033e-05,TLT,GARCH11-t
2019-03-20,0.0,2.9868034033684666e-05,TLT,GARCH11-t
2019-03-21,0.0,3.4777356076420434e-05,TLT,GARCH11-t
2019-03-22,0.0,3.051312288972538e-05,TLT,GARCH11-t
2019-03-25,0.0,4.042190735896342e-05,TLT,GARCH11-t
2019-03-26,0.0,3.273955901685659e-05,TLT,GARCH11-t
2019-03-27,0.0,3.2352088286209226e-05,TLT,GARCH11-t
2019-03-28,0.0,3.312216328003853e-05,TLT,GARCH11-t
2019-03-29,0.0,3.288935305444164e-05,TLT,GARCH11-t
2019-04-01,0.0,3.116188924741799e-05,TLT,GARCH11-t
2019-04-02,0.0,3.3234671600934195e-05,TLT,GARCH11-t
2019-04-03,0.0,3.3623464324061594e-05,TLT,GARCH11-t
2019-04-04,0.0,3.422963055417138e-05,TLT,GARCH11-t
2019-04-05,0.0,3.335003414024066e-05,TLT,GARCH11-t
2019-04-08,0.0,3.26819430442143e-05,TLT,GARCH11-t
2019-04-09,0.0,3.2610226083087514e-05,TLT,GARCH11-t
2019-04-10,0.0,3.2714784353088744e-05,TLT,GARCH11-t
2019-04-11,0.0,3.2201942826729604e-05,TLT,GARCH11-t
2019-04-12,0.0,3.2257793549444234e-05,TLT,GARCH11-t
2019-04-15,0.0,3.25350257185746e-05,TLT,GARCH11-t
2019-04-16,0.0,3.287021041907609e-05,TLT,GARCH11-t
2019-04-17,0.0,3.248199999382074e-05,TLT,GARCH11-t
2019-04-18,0.0,3.234981822545822e-05,TLT,GARCH11-t
2019-04-22,0.0,3.237871219705513e-05,TLT,GARCH11-t
2019-04-23,0.0,3.223856031554289e-05,TLT,GARCH11-t
2019-04-24,0.0,3.191655267962599e-05,TLT,GARCH11-t
2019-04-25,0.0,3.2631886206356345e-05,TLT,GARCH11-t
2019-04-26,0.0,3.219706879962834e-05,TLT,GARCH11-t
2019-04-29,0.0,3.125639893954509e-05,TLT,GARCH11-t
2019-04-30,0.0,3.218775564998571e-05,TLT,GARCH11-t
2019-05-01,0.0,3.187045330047919e-05,TLT,GARCH11-t
2019-05-02,0.0,3.1819746916204425e-05,TLT,GARCH11-t
2019-05-03,0.0,3.197053214788264e-05,TLT,GARCH11-t
2019-05-06,0.0,3.174743644031476e-05,TLT,GARCH11-t
2019-05-07,0.0,3.189522209642029e-05,TLT,GARCH11-t
2019-05-08,0.0,3.167961168953693e-05,TLT,GARCH11-t
2019-05-09,0.0,3.1666247536708794e-05,TLT,GARCH11-t
2019-05-10,0.0,3.163938683372878e-05,TLT,GARCH11-t
2019-05-13,0.0,3.1292455734580646e-05,TLT,GARCH11-t
2019-05-14,0.0,3.117147989007664e-05,TLT,GARCH11-t
2019-05-15,0.0,3.077499020806858e-05,TLT,GARCH11-t
2019-05-16,0.0,3.1677136744298104e-05,TLT,GARCH11-t
2019-05-17,0.0,3.1099224525387237e-05,TLT,GARCH11-t
2019-05-20,0.0,3.087270119627765e-05,TLT,GARCH11-t
2019-05-21,0.0,3.061872004368365e-05,TLT,GARCH11-t
2019-05-22,0.0,3.018828250155485e-05,TLT,GARCH11-t
2019-05-23,0.0,3.0451595810352485e-05,TLT,GARCH11-t
2019-05-24,0.0,3.19483868818499e-05,TLT,GARCH11-t
2019-05-28,0.0,3.145682700614331e-05,TLT,GARCH11-t
2019-05-29,0.0,3.165047994381457e-05,TLT,GARCH11-t
2019-05-30,0.0,2.9842200313923306e-05,TLT,GARCH11-t
2019-05-31,0.0,3.0452567702040135e-05,TLT,GARCH11-t
2019-06-03,0.0,3.106721156958248e-05,TLT,GARCH11-t
2019-06-04,0.0,3.244925977640941e-05,TLT,GARCH11-t
2019-06-05,0.0,3.249650447074117e-05,TLT,GARCH11-t
2019-06-06,0.0,3.170751532353674e-05,TLT,GARCH11-t
2019-06-07,0.0,3.116157766231424e-05,TLT,GARCH11-t
2019-06-10,0.0,3.195473633140346e-05,TLT,GARCH11-t
2019-06-11,0.0,3.4649774891929065e-05,TLT,GARCH11-t
2019-06-12,0.0,3.2676212359113886e-05,TLT,GARCH11-t
2019-06-13,0.0,3.1442423710378186e-05,TLT,GARCH11-t
2019-06-14,0.0,3.142921635102569e-05,TLT,GARCH11-t
2019-06-17,0.0,3.071234014667703e-05,TLT,GARCH11-t
2019-06-18,0.0,3.1281395377081946e-05,TLT,GARCH11-t
2019-06-19,0.0,3.2183096820887645e-05,TLT,GARCH11-t
2019-06-20,0.0,2.937261459819243e-05,TLT,GARCH11-t
2019-06-21,0.0,3.067974233933075e-05,TLT,GARCH11-t
2019-06-24,0.0,3.214214711288312e-05,TLT,GARCH11-t
2019-06-25,0.0,3.180281929783711e-05,TLT,GARCH11-t
2019-06-26,0.0,3.155851684617012e-05,TLT,GARCH11-t
2019-06-27,0.0,3.26451897330357e-05,TLT,GARCH11-t
2019-06-28,0.0,3.32934965286055e-05,TLT,GARCH11-t
2019-07-01,0.0,3.373954217884377e-05,TLT,GARCH11-t
2019-07-02,0.0,3.2008521475023044e-05,TLT,GARCH11-t
2019-07-03,0.0,3.836258916508956e-05,TLT,GARCH11-t
2019-07-05,0.0,3.3137625256225475e-05,TLT,GARCH11-t
2019-07-08,0.0,3.519573867782007e-05,TLT,GARCH11-t
2019-07-09,0.0,3.420445062985312e-05,TLT,GARCH11-t
2019-07-10,0.0,3.25710825111193e-05,TLT,GARCH11-t
2019-07-11,0.0,3.36393507178409e-05,TLT,GARCH11-t
2019-07-12,0.0,3.3696657806581935e-05,TLT,GARCH11-t
2019-07-15,0.0,3.342057429614292e-05,TLT,GARCH11-t
2019-07-16,0.0,3.386194191621581e-05,TLT,GARCH11-t
2019-07-17,0.0,3.297382755616224e-05,TLT,GARCH11-t
2019-07-18,0.0,3.283451455185409e-05,TLT,GARCH11-t
2019-07-19,0.0,3.453928232164998e-05,TLT,GARCH11-t
2019-07-22,0.0,3.393490145421189e-05,TLT,GARCH11-t
2019-07-23,0.0,3.291536705469518e-05,TLT,GARCH11-t
2019-07-24,0.0,3.225550571832393e-05,TLT,GARCH11-t
2019-07-25,0.0,3.218180492443754e-05,TLT,GARCH11-t
2019-07-26,0.0,3.210875543698588e-05,TLT,GARCH11-t
2019-07-29,0.0,3.1844979086191e-05,TLT,GARCH11-t
2019-07-30,0.0,3.2307079087870504e-05,TLT,GARCH11-t
2019-07-31,0.0,3.1335472029514546e-05,TLT,GARCH11-t
2019-08-01,0.0,3.326631101510877e-05,TLT,GARCH11-t
2019-08-02,0.0,3.678857061784029e-05,TLT,GARCH11-t
2019-08-05,0.0,3.711839252811083e-05,TLT,GARCH11-t
2019-08-06,0.0,5.661442888068648e-05,TLT,GARCH11-t
2019-08-07,0.0,5.472779173083721e-05,TLT,GARCH11-t
2019-08-08,0.0,4.3381298440686555e-05,TLT,GARCH11-t
2019-08-09,0.0,3.5835935419748914e-05,TLT,GARCH11-t
2019-08-12,0.0,3.297319050657479e-05,TLT,GARCH11-t
2019-08-13,0.0,4.9004014091308565e-05,TLT,GARCH11-t
2019-08-14,0.0,4.3909077550214334e-05,TLT,GARCH11-t
2019-08-15,0.0,7.678580918852023e-05,TLT,GARCH11-t
2019-08-16,0.0,8.241319081025124e-05,TLT,GARCH11-t
2019-08-19,0.0,7.560838873661389e-05,TLT,GARCH11-t
2019-08-20,0.0,8.842964448165084e-05,TLT,GARCH11-t
2019-08-21,0.0,8.692298085690787e-05,TLT,GARCH11-t
2019-08-22,0.0,8.162036976183273e-05,TLT,GARCH11-t
2019-08-23,0.0,6.665900179609649e-05,TLT,GARCH11-t
2019-08-26,0.0,9.307768659119376e-05,TLT,GARCH11-t
2019-08-27,0.0,7.751460730964687e-05,TLT,GARCH11-t
2019-08-28,0.0,9.192878961748136e-05,TLT,GARCH11-t
2019-08-29,0.0,7.672336003238245e-05,TLT,GARCH11-t
2019-08-30,0.0,7.286479132760988e-05,TLT,GARCH11-t
2019-09-03,0.0,6.127411718278085e-05,TLT,GARCH11-t
2019-09-04,0.0,5.259013821653105e-05,TLT,GARCH11-t
2019-09-05,0.0,4.9166579633209265e-05,TLT,GARCH11-t
2019-09-06,0.0,6.332028919073448e-05,TLT,GARCH11-t
2019-09-09,0.0,6.075271056122124e-05,TLT,GARCH11-t
2019-09-10,0.0,9.321808047364344e-05,TLT,GARCH11-t
2019-09-11,0.0,0.00010348753991016228,TLT,GARCH11-t
2019-09-12,0.0,9.72971419408099e-05,TLT,GARCH11-t
2019-09-13,0.0,9.353532951641957e-05,TLT,GARCH11-t
2019-09-16,0.0,0.0001117238122861535,TLT,GARCH11-t
2019-09-17,0.0,0.00011659411493167125,TLT,GARCH11-t
2019-09-18,0.0,0.00010755367133586455,TLT,GARCH11-t
2019-09-19,0.0,0.00010189687039142273,TLT,GARCH11-t
2019-09-20,0.0,9.605645888960479e-05,TLT,GARCH11-t
2019-09-23,0.0,9.90477069700816e-05,TLT,GARCH11-t
2019-09-24,0.0,9.305160274114587e-05,TLT,GARCH11-t
2019-09-25,0.0,0.00011209955558878163,TLT,GARCH11-t
2019-09-26,0.0,0.00011841473610757853,TLT,GARCH11-t
2019-09-27,0.0,9.926539856738175e-05,TLT,GARCH11-t
2019-09-30,0.0,9.361491180523204e-05,TLT,GARCH11-t
2019-10-01,0.0,8.802806074567628e-05,TLT,GARCH11-t
2019-10-02,0.0,8.322169321915051e-05,TLT,GARCH11-t
2019-10-03,0.0,7.478561503533173e-05,TLT,GARCH11-t
2019-10-04,0.0,7.863766784341491e-05,TLT,GARCH11-t
2019-10-07,0.0,7.45759440518736e-05,TLT,GARCH11-t
2019-10-08,0.0,9.565420606829927e-05,TLT,GARCH11-t
2019-10-09,0.0,7.440288173009944e-05,TLT,GARCH11-t
2019-10-10,0.0,9.129275334392391e-05,TLT,GARCH11-t
2019-10-11,0.0,7.522248118651105e-05,TLT,GARCH11-t
2019-10-14,0.0,7.885251325947741e-05,TLT,GARCH11-t
2019-10-15,0.0,7.894120061877984e-05,TLT,GARCH11-t
2019-10-16,0.0,7.997767754812802e-05,TLT,GARCH11-t
2019-10-17,0.0,7.544284617128572e-05,TLT,GARCH11-t
2019-10-18,0.0,8.946461812170891e-05,TLT,GARCH11-t
2019-10-21,0.0,6.73940310268458e-05,TLT,GARCH11-t
2019-10-22,0.0,8.976713017206324e-05,TLT,GARCH11-t
2019-10-23,0.0,6.46392564979802e-05,TLT,GARCH11-t
2019-10-24,0.0,6.11565582688911e-05,TLT,GARCH11-t
2019-10-25,0.0,6.0735136805346206e-05,TLT,GARCH11-t
2019-10-28,0.0,5.885049512370069e-05,TLT,GARCH11-t
2019-10-29,0.0,5.746106245472732e-05,TLT,GARCH11-t
2019-10-30,0.0,5.4414312469270745e-05,TLT,GARCH11-t
2019-10-31,0.0,6.238303969602757e-05,TLT,GARCH11-t
2019-11-01,0.0,8.72865923418197e-05,TLT,GARCH11-t
2019-11-04,0.0,6.488175863435463e-05,TLT,GARCH11-t
2019-11-05,0.0,8.80646616763636e-05,TLT,GARCH11-t
2019-11-06,0.0,7.28075360621926e-05,TLT,GARCH11-t
2019-11-07,0.0,7.058552067363155e-05,TLT,GARCH11-t
2019-11-08,0.0,9.694477912582286e-05,TLT,GARCH11-t
2019-11-11,0.0,7.987267758099978e-05,TLT,GARCH11-t
2019-11-12,0.0,7.536442289270911e-05,TLT,GARCH11-t
2019-11-13,0.0,7.608056549241039e-05,TLT,GARCH11-t
2019-11-14,0.0,7.025723041302719e-05,TLT,GARCH11-t
2019-11-15,0.0,9.054762343611557e-05,TLT,GARCH11-t
2019-11-18,0.0,7.940243804761528e-05,TLT,GARCH11-t
2019-11-19,0.0,6.437728964003464e-05,TLT,GARCH11-t
2019-11-20,0.0,6.442030872500979e-05,TLT,GARCH11-t
2019-11-21,0.0,6.639022082074262e-05,TLT,GARCH11-t
2019-11-22,0.0,6.483501107293296e-05,TLT,GARCH11-t
2019-11-25,0.0,6.14609116945194e-05,TLT,GARCH11-t
2019-11-26,0.0,5.867532072659452e-05,TLT,GARCH11-t
2019-11-27,0.0,5.7379000124035196e-05,TLT,GARCH11-t
2019-11-29,0.0,5.901483116412883e-05,TLT,GARCH11-t
2019-12-02,0.0,5.2324542186079896e-05,TLT,GARCH11-t
2019-12-03,0.0,5.8938589966891445e-05,TLT,GARCH11-t
2019-12-04,0.0,7.790952992179236e-05,TLT,GARCH11-t
2019-12-05,0.0,7.867653243297074e-05,TLT,GARCH11-t
2019-12-06,0.0,7.520436801272776e-05,TLT,GARCH11-t
2019-12-09,0.0,8.132898833872282e-05,TLT,GARCH11-t
2019-12-10,0.0,7.663362759068063e-05,TLT,GARCH11-t
2019-12-11,0.0,6.515597278359941e-05,TLT,GARCH11-t
2019-12-12,0.0,6.484264280553775e-05,TLT,GARCH11-t
2019-12-13,0.0,8.252390831922093e-05,TLT,GARCH11-t
2019-12-16,0.0,7.809359864831964e-05,TLT,GARCH11-t
2019-12-17,0.0,7.793079284593458e-05,TLT,GARCH11-t
2019-12-18,0.0,7.666842413763007e-05,TLT,GARCH11-t
2019-12-19,0.0,7.86993370524082e-05,TLT,GARCH11-t
2019-12-20,0.0,7.778934946538761e-05,TLT,GARCH11-t
2019-12-23,0.0,6.546468271313407e-05,TLT,GARCH11-t
2019-12-24,0.0,6.213059337340304e-05,TLT,GARCH11-t
2019-12-26,0.0,5.9308984313852284e-05,TLT,GARCH11-t
2019-12-27,0.0,5.646013435201643e-05,TLT,GARCH11-t
2019-12-30,0.0,5.866271585630624e-05,TLT,GARCH11-t
2019-12-31,0.0,5.166875871143165e-05,TLT,GARCH11-t
2020-01-02,0.0,5.411347854350357e-05,TLT,GARCH11-t
2020-01-03,0.0,5.7873409207410605e-05,TLT,GARCH11-t
2020-01-06,0.0,9.192735237956543e-05,TLT,GARCH11-t
2020-01-07,0.0,9.359442864673636e-05,TLT,GARCH11-t
2020-01-08,0.0,9.751285200833834e-05,TLT,GARCH11-t
2020-01-09,0.0,6.157897711792494e-05,TLT,GARCH11-t
2020-01-10,0.0,5.903659588249317e-05,TLT,GARCH11-t
2020-01-13,0.0,6.682978195315088e-05,TLT,GARCH11-t
2020-01-14,0.0,5.740849302670435e-05,TLT,GARCH11-t
2020-01-15,0.0,6.300928030481479e-05,TLT,GARCH11-t
2020-01-16,0.0,6.319542303303523e-05,TLT,GARCH11-t
2020-01-17,0.0,5.310749973145982e-05,TLT,GARCH11-t
2020-01-21,0.0,5.430900432896241e-05,TLT,GARCH11-t
2020-01-22,0.0,5.721762474449381e-05,TLT,GARCH11-t
2020-01-23,0.0,6.04251190268204e-05,TLT,GARCH11-t
2020-01-24,0.0,5.4755488031567185e-05,TLT,GARCH11-t
2020-01-27,0.0,5.535673421530889e-05,TLT,GARCH11-t
2020-01-28,0.0,6.85059162583767e-05,TLT,GARCH11-t
2020-01-29,0.0,6.460937189345688e-05,TLT,GARCH11-t
2020-01-30,0.0,6.608828130969759e-05,TLT,GARCH11-t
2020-01-31,0.0,6.265566143154185e-05,TLT,GARCH11-t
2020-02-03,0.0,6.728379702461452e-05,TLT,GARCH11-t
2020-02-04,0.0,6.853243280034599e-05,TLT,GARCH11-t
2020-02-05,0.0,6.668133818485084e-05,TLT,GARCH11-t
2020-02-06,0.0,7.120803935881302e-05,TLT,GARCH11-t
2020-02-07,0.0,6.676460385710921e-05,TLT,GARCH11-t
2020-02-10,0.0,7.111967575242993e-05,TLT,GARCH11-t
2020-02-11,0.0,7.028244852590845e-05,TLT,GARCH11-t
2020-02-12,0.0,6.550231299917299e-05,TLT,GARCH11-t
2020-02-13,0.0,6.345102503195534e-05,TLT,GARCH11-t
2020-02-14,0.0,6.486108176457817e-05,TLT,GARCH11-t
2020-02-18,0.0,6.289296770969655e-05,TLT,GARCH11-t
2020-02-19,0.0,5.834367193566392e-05,TLT,GARCH11-t
2020-02-20,0.0,5.547886017628366e-05,TLT,GARCH11-t
2020-02-21,0.0,5.592525413782392e-05,TLT,GARCH11-t
2020-02-24,0.0,5.756859945123243e-05,TLT,GARCH11-t
2020-02-25,0.0,6.595711314992144e-05,TLT,GARCH11-t
2020-02-26,0.0,6.401698123232095e-05,TLT,GARCH11-t
2020-02-27,0.0,6.439295601224409e-05,TLT,GARCH11-t
2020-02-28,0.0,6.489576646410393e-05,TLT,GARCH11-t
2020-03-02,0.0,8.50088490256064e-05,TLT,GARCH11-t
2020-03-03,0.0,8.49663042346823e-05,TLT,GARCH11-t
2020-03-04,0.0,9.236753529560606e-05,TLT,GARCH11-t
2020-03-05,0.0,0.00010180620746784056,TLT,GARCH11-t
2020-03-06,0.0,0.00013056511940542768,TLT,GARCH11-t
2020-03-09,0.0,0.0007050510167954289,TLT,GARCH11-t
2020-03-10,0.0,0.0006512856257252902,TLT,GARCH11-t
2020-03-11,0.0,0.0011478267632686954,TLT,GARCH11-t
2020-03-12,0.0,0.0009948863148163027,TLT,GARCH11-t
2020-03-13,0.0,0.0007137705795933124,TLT,GARCH11-t
2020-03-16,0.0,0.000629573216815518,TLT,GARCH11-t
2020-03-17,0.0,0.0013150107900875175,TLT,GARCH11-t
2020-03-18,0.0,0.0020641646126086676,TLT,GARCH11-t
2020-03-19,0.0,0.0025221345173258233,TLT,GARCH11-t
2020-03-20,0.0,0.0020535615150139514,TLT,GARCH11-t
2020-03-23,0.0,0.0027896655618632254,TLT,GARCH11-t
2020-03-24,0.0,0.0023294994293278433,TLT,GARCH11-t
2020-03-25,0.0,0.0018912580398485863,TLT,GARCH11-t
2020-03-26,0.0,0.0014797494109498295,TLT,GARCH11-t
2020-03-27,0.0,0.001162537270564619,TLT,GARCH11-t
2020-03-30,0.0,0.0010493386058594884,TLT,GARCH11-t
2020-03-31,0.0,0.0008357458228909604,TLT,GARCH11-t
2020-04-01,0.0,0.0006687041601225807,TLT,GARCH11-t
2020-04-02,0.0,0.000563950117669009,TLT,GARCH11-t
2020-04-03,0.0,0.0004514635861109363,TLT,GARCH11-t
2020-04-06,0.0,0.0003375621646963193,TLT,GARCH11-t
2020-04-07,0.0,0.00025942474183362357,TLT,GARCH11-t
2020-04-08,0.0,8.729789102828435e-05,TLT,GARCH11-t
2020-04-09,0.0,7.945862864299467e-05,TLT,GARCH11-t
2020-04-13,0.0,8.07676879624701e-05,TLT,GARCH11-t
2020-04-14,0.0,0.00011226705361403263,TLT,GARCH11-t
2020-04-15,0.0,8.249357300205779e-05,TLT,GARCH11-t
2020-04-16,0.0,0.00026347289469467723,TLT,GARCH11-t
2020-04-17,0.0,0.00020427971878836387,TLT,GARCH11-t
2020-04-20,0.0,0.00020326178065726614,TLT,GARCH11-t
2020-04-21,0.0,0.00017395931327725863,TLT,GARCH11-t
2020-04-22,0.0,0.00014452063737481604,TLT,GARCH11-t
2020-04-23,0.0,0.00016548971072702164,TLT,GARCH11-t
2020-04-24,0.0,0.00013097662878189758,TLT,GARCH11-t
2020-04-27,0.0,0.00011465624708973684,TLT,GARCH11-t
2020-04-28,0.0,0.00015939550468161123,TLT,GARCH11-t
2020-04-29,0.0,0.00016259145125218884,TLT,GARCH11-t
2020-04-30,0.0,0.00013092615838475834,TLT,GARCH11-t
2020-05-01,0.0,0.00013664492859412336,TLT,GARCH11-t
2020-05-04,0.0,0.00010710260277473576,TLT,GARCH11-t
2020-05-05,0.0,8.408500699259202e-05,TLT,GARCH11-t
2020-05-06,0.0,9.130590437186892e-05,TLT,GARCH11-t
2020-05-07,0.0,0.00013876461810003758,TLT,GARCH11-t
2020-05-08,0.0,0.00015922668150816305,TLT,GARCH11-t
2020-05-11,0.0,0.00016228207827728537,TLT,GARCH11-t
2020-05-12,0.0,0.00014268002623297782,TLT,GARCH11-t
2020-05-13,0.0,0.00012390321253662076,TLT,GARCH11-t
2020-05-14,0.0,0.00011958960866775684,TLT,GARCH11-t
2020-05-15,0.0,0.0001160806018273958,TLT,GARCH11-t
2020-05-18,0.0,9.567881331741621e-05,TLT,GARCH11-t
2020-05-19,0.0,0.0002062342814721778,TLT,GARCH11-t
2020-05-20,0.0,0.00014483861692818153,TLT,GARCH11-t
2020-05-21,0.0,0.0001186135742842069,TLT,GARCH11-t
2020-05-22,0.0,9.760405520332743e-05,TLT,GARCH11-t
2020-05-26,0.0,7.326904664910357e-05,TLT,GARCH11-t
2020-05-27,0.0,0.00010833154915405582,TLT,GARCH11-t
2020-05-28,0.0,8.90126550893845e-05,TLT,GARCH11-t
2020-05-29,0.0,7.600275057680483e-05,TLT,GARCH11-t
2020-06-01,0.0,7.325547618941726e-05,TLT,GARCH11-t
2020-06-02,0.0,7.007739508609723e-05,TLT,GARCH11-t
2020-06-03,0.0,6.402871857035815e-05,TLT,GARCH11-t
2020-06-04,0.0,8.739157638473527e-05,TLT,GARCH11-t
2020-06-05,0.0,0.00011461449883776809,TLT,GARCH11-t
2020-06-08,0.0,0.00010349439978426537,TLT,GARCH11-t
2020-06-09,0.0,8.750900900148247e-05,TLT,GARCH11-t
2020-06-10,0.0,0.00010522711582318687,TLT,GARCH11-t
2020-06-11,0.0,0.00012342202814867494,TLT,GARCH11-t
2020-06-12,0.0,0.0001997637086103407,TLT,GARCH11-t
2020-06-15,0.0,0.00016040196180125006,TLT,GARCH11-t
2020-06-16,0.0,0.00012534223470623648,TLT,GARCH11-t
2020-06-17,0.0,0.00014951925182193657,TLT,GARCH11-t
2020-06-18,0.0,0.00012394532951037052,TLT,GARCH11-t
2020-06-19,0.0,0.00012282831560274588,TLT,GARCH11-t
2020-06-22,0.0,8.607199961956678e-05,TLT,GARCH11-t
2020-06-23,0.0,8.179269595312189e-05,TLT,GARCH11-t
2020-06-24,0.0,7.712746560810704e-05,TLT,GARCH11-t
2020-06-25,0.0,8.68842358768087e-05,TLT,GARCH11-t
2020-06-26,0.0,7.334936363684528e-05,TLT,GARCH11-t
2020-06-29,0.0,9.484735177209364e-05,TLT,GARCH11-t
2020-06-30,0.0,7.13187187114183e-05,TLT,GARCH11-t
2020-07-01,0.0,6.431147311748914e-05,TLT,GARCH11-t
2020-07-02,0.0,5.483826236631926e-05,TLT,GARCH11-t
2020-07-06,0.0,5.9158439388912494e-05,TLT,GARCH11-t
2020-07-07,0.0,5.539699042295366e-05,TLT,GARCH11-t
2020-07-08,0.0,0.00011423291538037496,TLT,GARCH11-t
2020-07-09,0.0,8.638417552373008e-05,TLT,GARCH11-t
2020-07-10,0.0,0.00013758068486819335,TLT,GARCH11-t
2020-07-13,0.0,0.00012393415321903568,TLT,GARCH11-t
2020-07-14,0.0,0.00010864240507575906,TLT,GARCH11-t
2020-07-15,0.0,9.612156751503473e-05,TLT,GARCH11-t
2020-07-16,0.0,9.136714113771074e-05,TLT,GARCH11-t
2020-07-17,0.0,8.801719620996937e-05,TLT,GARCH11-t
2020-07-20,0.0,8.215298718027738e-05,TLT,GARCH11-t
2020-07-21,0.0,4.203536462101403e-05,TLT,GARCH11-t
2020-07-22,0.0,3.6789551527556985e-05,TLT,GARCH11-t
2020-07-23,0.0,5.335002173002871e-05,TLT,GARCH11-t
2020-07-24,0.0,9.094933629317573e-05,TLT,GARCH11-t
2020-07-27,0.0,4.900133970425675e-05,TLT,GARCH11-t
2020-07-28,0.0,4.492651084224264e-05,TLT,GARCH11-t
2020-07-29,0.0,4.8503553599014225e-05,TLT,GARCH11-t
2020-07-30,0.0,4.235397099249653e-05,TLT,GARCH11-t
2020-07-31,0.0,4.559501484556542e-05,TLT,GARCH11-t
2020-08-03,0.0,3.944703554535049e-05,TLT,GARCH11-t
2020-08-04,0.0,5.9238158810072546e-05,TLT,GARCH11-t
2020-08-05,0.0,5.2838814366958564e-05,TLT,GARCH11-t
2020-08-06,0.0,6.0530110546120595e-05,TLT,GARCH11-t
2020-08-07,0.0,5.731951781475271e-05,TLT,GARCH11-t
2020-08-10,0.0,5.756179685628838e-05,TLT,GARCH11-t
2020-08-11,0.0,6.068506040068949e-05,TLT,GARCH11-t
2020-08-12,0.0,7.358319605053487e-05,TLT,GARCH11-t
2020-08-13,0.0,8.71960711491959e-05,TLT,GARCH11-t
2020-08-14,0.0,8.767384525587157e-05,TLT,GARCH11-t
2020-08-17,0.0,7.526118715594589e-05,TLT,GARCH11-t
2020-08-18,0.0,6.378353024364226e-05,TLT,GARCH11-t
2020-08-19,0.0,7.13313922603534e-05,TLT,GARCH11-t
2020-08-20,0.0,6.133963673692018e-05,TLT,GARCH11-t
2020-08-21,0.0,6.787056501842795e-05,TLT,GARCH11-t
2020-08-24,0.0,7.44301811710289e-05,TLT,GARCH11-t
2020-08-25,0.0,5.4093714464862834e-05,TLT,GARCH11-t
2020-08-26,0.0,6.65971405257989e-05,TLT,GARCH11-t
2020-08-27,0.0,6.042849909778631e-05,TLT,GARCH11-t
2020-08-28,0.0,0.00010312170140623376,TLT,GARCH11-t
2020-08-31,0.0,8.434959153478685e-05,TLT,GARCH11-t
2020-09-01,0.0,8.525793950318707e-05,TLT,GARCH11-t
2020-09-02,0.0,0.00010190315005844132,TLT,GARCH11-t
2020-09-03,0.0,0.00010205042337569223,TLT,GARCH11-t
2020-09-04,0.0,7.77371359076208e-05,TLT,GARCH11-t
2020-09-08,0.0,0.00014598654177374205,TLT,GARCH11-t
2020-09-09,0.0,0.00011883736596564562,TLT,GARCH11-t
2020-09-10,0.0,9.783583879036406e-05,TLT,GARCH11-t
2020-09-11,0.0,8.524145658356628e-05,TLT,GARCH11-t
2020-09-14,0.0,7.1164443847467e-05,TLT,GARCH11-t
2020-09-15,0.0,5.9120251275572936e-05,TLT,GARCH11-t
2020-09-16,0.0,5.098682246440701e-05,TLT,GARCH11-t
2020-09-17,0.0,4.722377252679961e-05,TLT,GARCH11-t
2020-09-18,0.0,4.6125234502485745e-05,TLT,GARCH11-t
2020-09-21,0.0,3.434566097256032e-05,TLT,GARCH11-t
2020-09-22,0.0,4.511326122753823e-05,TLT,GARCH11-t
2020-09-23,0.0,4.443537319216439e-05,TLT,GARCH11-t
2020-09-24,0.0,4.062241349246615e-05,TLT,GARCH11-t
2020-09-25,0.0,3.572728414923357e-05,TLT,GARCH11-t
2020-09-28,0.0,3.816558964621488e-05,TLT,GARCH11-t
2020-09-29,0.0,3.080618340831028e-05,TLT,GARCH11-t
2020-09-30,0.0,3.605396998981617e-05,TLT,GARCH11-t
2020-10-01,0.0,4.9118747430399e-05,TLT,GARCH11-t
2020-10-02,0.0,4.2705729280955346e-05,TLT,GARCH11-t
2020-10-05,0.0,4.849061894662676e-05,TLT,GARCH11-t
2020-10-06,0.0,0.0001135618888881946,TLT,GARCH11-t
2020-10-07,0.0,9.641461823837746e-05,TLT,GARCH11-t
2020-10-08,0.0,9.857303872209762e-05,TLT,GARCH11-t
2020-10-09,0.0,8.008347442057718e-05,TLT,GARCH11-t
2020-10-12,0.0,6.111124796362423e-05,TLT,GARCH11-t
2020-10-13,0.0,5.422348715158302e-05,TLT,GARCH11-t
2020-10-14,0.0,6.315810592642554e-05,TLT,GARCH11-t
2020-10-15,0.0,4.733086208788799e-05,TLT,GARCH11-t
2020-10-16,0.0,4.558242114176779e-05,TLT,GARCH11-t
2020-10-19,0.0,3.542875216187896e-05,TLT,GARCH11-t
2020-10-20,0.0,4.404583203071967e-05,TLT,GARCH11-t
2020-10-21,0.0,5.9346907431023535e-05,TLT,GARCH11-t
2020-10-22,0.0,5.206838572952435e-05,TLT,GARCH11-t
2020-10-23,0.0,8.221687986561423e-05,TLT,GARCH11-t
2020-10-26,0.0,7.323236326296748e-05,TLT,GARCH11-t
2020-10-27,0.0,7.490350658893329e-05,TLT,GARCH11-t
2020-10-28,0.0,7.223396114774945e-05,TLT,GARCH11-t
2020-10-29,0.0,6.124215885498611e-05,TLT,GARCH11-t
2020-10-30,0.0,7.750580676897453e-05,TLT,GARCH11-t
2020-11-02,0.0,8.947738018466169e-05,TLT,GARCH11-t
2020-11-03,0.0,7.232161217552617e-05,TLT,GARCH11-t
2020-11-04,0.0,7.545516931435151e-05,TLT,GARCH11-t
2020-11-05,0.0,0.0001992962319724305,TLT,GARCH11-t
2020-11-06,0.0,0.0001284268851296449,TLT,GARCH11-t
2020-11-09,0.0,0.0001278164586698834,TLT,GARCH11-t
2020-11-10,0.0,0.0002347162683018014,TLT,GARCH11-t
2020-11-11,0.0,0.0001626950096539542,TLT,GARCH11-t
2020-11-12,0.0,0.00013367653254337688,TLT,GARCH11-t
2020-11-13,0.0,0.00016600246915460056,TLT,GARCH11-t
2020-11-16,0.0,0.00013229971313077137,TLT,GARCH11-t
2020-11-17,0.0,8.132330939248783e-05,TLT,GARCH11-t
2020-11-18,0.0,0.00010244681948531961,TLT,GARCH11-t
2020-11-19,0.0,7.63565210113661e-05,TLT,GARCH11-t
2020-11-20,0.0,5.8003901326827986e-05,TLT,GARCH11-t
2020-11-23,0.0,7.537667675249708e-05,TLT,GARCH11-t
2020-11-24,0.0,6.36510295890892e-05,TLT,GARCH11-t
2020-11-25,0.0,8.248918875833534e-05,TLT,GARCH11-t
2020-11-27,0.0,6.537299059765232e-05,TLT,GARCH11-t
2020-11-30,0.0,8.05062800817235e-05,TLT,GARCH11-t
2020-12-01,0.0,6.166133734573313e-05,TLT,GARCH11-t
2020-12-02,0.0,9.611477588130263e-05,TLT,GARCH11-t
2020-12-03,0.0,9.948479998820529e-05,TLT,GARCH11-t
2020-12-04,0.0,9.57625815942674e-05,TLT,GARCH11-t
2020-12-07,0.0,0.00013434004869893474,TLT,GARCH11-t
2020-12-08,0.0,0.00011743764232573609,TLT,GARCH11-t
2020-12-09,0.0,9.29694925063816e-05,TLT,GARCH11-t
2020-12-10,0.0,7.649964340078782e-05,TLT,GARCH11-t
2020-12-11,0.0,8.813027253546998e-05,TLT,GARCH11-t
2020-12-14,0.0,6.621532427650536e-05,TLT,GARCH11-t
2020-12-15,0.0,5.429701432645075e-05,TLT,GARCH11-t
2020-12-16,0.0,4.907233760350316e-05,TLT,GARCH11-t
2020-12-17,0.0,4.480230026280865e-05,TLT,GARCH11-t
2020-12-18,0.0,4.4396645827158076e-05,TLT,GARCH11-t
2020-12-21,0.0,4.120182512767489e-05,TLT,GARCH11-t
2020-12-22,0.0,4.258085804984466e-05,TLT,GARCH11-t
2020-12-23,0.0,3.3280695041121153e-05,TLT,GARCH11-t
2020-12-24,0.0,5.4856421929281496e-05,TLT,GARCH11-t
2020-12-28,0.0,4.445167809305709e-05,TLT,GARCH11-t
2020-12-29,0.0,3.9007097906290654e-05,TLT,GARCH11-t
2020-12-30,0.0,3.800247907370514e-05,TLT,GARCH11-t
2020-12-31,0.0,3.4200746920063496e-05,TLT,GARCH11-t
2021-01-04,0.0,3.304497669566526e-05,TLT,GARCH11-t
2021-01-05,0.0,2.7563826187966006e-05,TLT,GARCH11-t
2021-01-06,0.0,4.705680505421458e-05,TLT,GARCH11-t
2021-01-07,0.0,0.00013682358917006048,TLT,GARCH11-t
2021-01-08,0.0,0.00014215077382465064,TLT,GARCH11-t
2021-01-11,0.0,0.00010394732400103614,TLT,GARCH11-t
2021-01-12,0.0,7.41490552825198e-05,TLT,GARCH11-t
2021-01-13,0.0,5.759186823435185e-05,TLT,GARCH11-t
2021-01-14,0.0,8.232925595574394e-05,TLT,GARCH11-t
2021-01-15,0.0,8.045072577132926e-05,TLT,GARCH11-t
2021-01-19,0.0,7.237878622556881e-05,TLT,GARCH11-t
2021-01-20,0.0,6.617370835824244e-05,TLT,GARCH11-t
2021-01-21,0.0,4.6268100032599417e-05,TLT,GARCH11-t
2021-01-22,0.0,4.908265110006448e-05,TLT,GARCH11-t
2021-01-25,0.0,5.00335822100319e-05,TLT,GARCH11-t
2021-01-26,0.0,7.489400607561887e-05,TLT,GARCH11-t
2021-01-27,0.0,6.303160047221141e-05,TLT,GARCH11-t
2021-01-28,0.0,5.485923988540804e-05,TLT,GARCH11-t
2021-01-29,0.0,5.414845052028419e-05,TLT,GARCH11-t
2021-02-01,0.0,5.3835365112101084e-05,TLT,GARCH11-t
2021-02-02,0.0,4.666929080554757e-05,TLT,GARCH11-t
2021-02-03,0.0,4.857686814916009e-05,TLT,GARCH11-t
2021-02-04,0.0,6.338359062099779e-05,TLT,GARCH11-t
2021-02-05,0.0,5.473750987196939e-05,TLT,GARCH11-t
2021-02-08,0.0,6.91679494773201e-05,TLT,GARCH11-t
2021-02-09,0.0,5.978480963927959e-05,TLT,GARCH11-t
2021-02-10,0.0,4.83771989726743e-05,TLT,GARCH11-t
2021-02-11,0.0,5.511904964258301e-05,TLT,GARCH11-t
2021-02-12,0.0,4.94004666913697e-05,TLT,GARCH11-t
2021-02-16,0.0,6.808767362100781e-05,TLT,GARCH11-t
2021-02-17,0.0,0.00013680825122994525,TLT,GARCH11-t
2021-02-18,0.0,9.781491822688309e-05,TLT,GARCH11-t
2021-02-19,0.0,8.349616353462336e-05,TLT,GARCH11-t
2021-02-22,0.0,0.00011070113782888223,TLT,GARCH11-t
2021-02-23,0.0,9.633696906950649e-05,TLT,GARCH11-t
2021-02-24,0.0,7.531188135512115e-05,TLT,GARCH11-t
2021-02-25,0.0,7.037726349927731e-05,TLT,GARCH11-t
2021-02-26,0.0,0.00011275644478136606,TLT,GARCH11-t
2021-03-01,0.0,0.0003073028614241913,TLT,GARCH11-t
2021-03-02,0.0,0.0002626114946028462,TLT,GARCH11-t
2021-03-03,0.0,0.0002123232100732849,TLT,GARCH11-t
2021-03-04,0.0,0.00019114629329546582,TLT,GARCH11-t
2021-03-05,0.0,0.00015891872493387654,TLT,GARCH11-t
2021-03-08,0.0,9.506336218477216e-05,TLT,GARCH11-t
2021-03-09,0.0,8.647689401345954e-05,TLT,GARCH11-t
2021-03-10,0.0,0.00013962446819834327,TLT,GARCH11-t
2021-03-11,0.0,0.00010559067552464234,TLT,GARCH11-t
2021-03-12,0.0,0.00010257332762434582,TLT,GARCH11-t
2021-03-15,0.0,0.00017983293839795423,TLT,GARCH11-t
2021-03-16,0.0,0.0001477328745289128,TLT,GARCH11-t
2021-03-17,0.0,0.00011689652225662898,TLT,GARCH11-t
2021-03-18,0.0,8.890162115917212e-05,TLT,GARCH11-t
2021-03-19,0.0,9.89323785492779e-05,TLT,GARCH11-t
2021-03-22,0.0,8.399675932778572e-05,TLT,GARCH11-t
2021-03-23,0.0,7.836449406956053e-05,TLT,GARCH11-t
2021-03-24,0.0,8.535746557966413e-05,TLT,GARCH11-t
2021-03-25,0.0,8.092174082087232e-05,TLT,GARCH11-t
2021-03-26,0.0,7.972543860542824e-05,TLT,GARCH11-t
2021-03-29,0.0,7.419441521966494e-05,TLT,GARCH11-t
2021-03-30,0.0,7.430438416419306e-05,TLT,GARCH11-t
2021-03-31,0.0,7.183172272034312e-05,TLT,GARCH11-t
2021-04-01,0.0,6.778167486053781e-05,TLT,GARCH11-t
2021-04-05,0.0,8.059891513976901e-05,TLT,GARCH11-t
2021-04-06,0.0,7.68384746031816e-05,TLT,GARCH11-t
2021-04-07,0.0,7.513065423558209e-05,TLT,GARCH11-t
2021-04-08,0.0,7.368379029420939e-05,TLT,GARCH11-t
2021-04-09,0.0,7.349144168145315e-05,TLT,GARCH11-t
2021-04-12,0.0,7.045617039474794e-05,TLT,GARCH11-t
2021-04-13,0.0,6.507057403796275e-05,TLT,GARCH11-t
2021-04-14,0.0,6.734329556011404e-05,TLT,GARCH11-t
2021-04-15,0.0,5.7288554342710316e-05,TLT,GARCH11-t
2021-04-16,0.0,7.553711251224517e-05,TLT,GARCH11-t
2021-04-19,0.0,7.426488084295063e-05,TLT,GARCH11-t
2021-04-20,0.0,6.978131098679822e-05,TLT,GARCH11-t
2021-04-21,0.0,6.805005797373272e-05,TLT,GARCH11-t
2021-04-22,0.0,6.462788096615983e-05,TLT,GARCH11-t
2021-04-23,0.0,6.272921636581063e-05,TLT,GARCH11-t
2021-04-26,0.0,6.0579176981166935e-05,TLT,GARCH11-t
2021-04-27,0.0,5.8618471793148664e-05,TLT,GARCH11-t
2021-04-28,0.0,5.996443941544375e-05,TLT,GARCH11-t
2021-04-29,0.0,5.756757171950881e-05,TLT,GARCH11-t
2021-04-30,0.0,5.619237895206475e-05,TLT,GARCH11-t
2021-05-03,0.0,5.454276589753698e-05,TLT,GARCH11-t
2021-05-04,0.0,5.10463404138087e-05,TLT,GARCH11-t
2021-05-05,0.0,4.923043694859902e-05,TLT,GARCH11-t
2021-05-06,0.0,4.6743662477827915e-05,TLT,GARCH11-t
2021-05-07,0.0,4.501615367673806e-05,TLT,GARCH11-t
2021-05-10,0.0,4.5960956415823384e-05,TLT,GARCH11-t
2021-05-11,0.0,6.084873665796721e-05,TLT,GARCH11-t
2021-05-12,0.0,5.336489976853984e-05,TLT,GARCH11-t
2021-05-13,0.0,6.004091289178658e-05,TLT,GARCH11-t
2021-05-14,0.0,5.626915444204206e-05,TLT,GARCH11-t
2021-05-17,0.0,6.403450555242523e-05,TLT,GARCH11-t
2021-05-18,0.0,5.840919383970049e-05,TLT,GARCH11-t
2021-05-19,0.0,5.255537125353497e-05,TLT,GARCH11-t
2021-05-20,0.0,5.1162779222741476e-05,TLT,GARCH11-t
2021-05-21,0.0,5.355352155315872e-05,TLT,GARCH11-t
2021-05-24,0.0,5.3086145878308314e-05,TLT,GARCH11-t
2021-05-25,0.0,5.1719926884736285e-05,TLT,GARCH11-t
2021-05-26,0.0,5.7364537146508826e-05,TLT,GARCH11-t
2021-05-27,0.0,5.4542884726877595e-05,TLT,GARCH11-t
2021-05-28,0.0,4.579700552805906e-05,TLT,GARCH11-t
2021-06-01,0.0,4.591131731100661e-05,TLT,GARCH11-t
2021-06-02,0.0,4.241646369722917e-05,TLT,GARCH11-t
2021-06-03,0.0,3.931026904546158e-05,TLT,GARCH11-t
2021-06-04,0.0,3.879108286675997e-05,TLT,GARCH11-t
2021-06-07,0.0,6.639222927740396e-05,TLT,GARCH11-t
2021-06-08,0.0,5.85696242543726e-05,TLT,GARCH11-t
2021-06-09,0.0,5.901417538383445e-05,TLT,GARCH11-t
2021-06-10,0.0,6.15159898452863e-05,TLT,GARCH11-t
2021-06-11,0.0,5.8419213061367266e-05,TLT,GARCH11-t
2021-06-14,0.0,5.3811934568484955e-05,TLT,GARCH11-t
2021-06-15,0.0,5.516833149809495e-05,TLT,GARCH11-t
2021-06-16,0.0,5.104944400899402e-05,TLT,GARCH11-t
2021-06-17,0.0,4.8328603815440744e-05,TLT,GARCH11-t
2021-06-18,0.0,6.127732661676341e-05,TLT,GARCH11-t
2021-06-21,0.0,8.747826305050232e-05,TLT,GARCH11-t
2021-06-22,0.0,0.00011261263557853313,TLT,GARCH11-t
2021-06-23,0.0,8.145388280238239e-05,TLT,GARCH11-t
2021-06-24,0.0,6.780463295925974e-05,TLT,GARCH11-t
2021-06-25,0.0,5.894843669232498e-05,TLT,GARCH11-t
2021-06-28,0.0,6.477052767867452e-05,TLT,GARCH11-t
2021-06-29,0.0,7.225808978661064e-05,TLT,GARCH11-t
2021-06-30,0.0,6.01207891106573e-05,TLT,GARCH11-t
2021-07-01,0.0,5.8765658829971045e-05,TLT,GARCH11-t
2021-07-02,0.0,5.272407238052477e-05,TLT,GARCH11-t
2021-07-06,0.0,5.30721056326115e-05,TLT,GARCH11-t
2021-07-07,0.0,6.411639294798708e-05,TLT,GARCH11-t
2021-07-08,0.0,6.438238320288962e-05,TLT,GARCH11-t
2021-07-09,0.0,5.850424787608043e-05,TLT,GARCH11-t
2021-07-12,0.0,7.335259598435438e-05,TLT,GARCH11-t
2021-07-13,0.0,6.30806421811343e-05,TLT,GARCH11-t
2021-07-14,0.0,6.35769666583079e-05,TLT,GARCH11-t
2021-07-15,0.0,6.943650845938666e-05,TLT,GARCH11-t
2021-07-16,0.0,7.337486953340301e-05,TLT,GARCH11-t
2021-07-19,0.0,6.560648167033275e-05,TLT,GARCH11-t
2021-07-20,0.0,0.00010150664593818456,TLT,GARCH11-t
2021-07-21,0.0,9.620023723361347e-05,TLT,GARCH11-t
2021-07-22,0.0,0.00010037909577632903,TLT,GARCH11-t
2021-07-23,0.0,9.457401003335679e-05,TLT,GARCH11-t
2021-07-26,0.0,8.573890239642553e-05,TLT,GARCH11-t
2021-07-27,0.0,7.360132589645667e-05,TLT,GARCH11-t
2021-07-28,0.0,7.68627051148887e-05,TLT,GARCH11-t
2021-07-29,0.0,6.68319649140305e-05,TLT,GARCH11-t
2021-07-30,0.0,6.287749484894694e-05,TLT,GARCH11-t
2021-08-02,0.0,5.905514152684303e-05,TLT,GARCH11-t
2021-08-03,0.0,6.237002076321999e-05,TLT,GARCH11-t
2021-08-04,0.0,5.6641812111153006e-05,TLT,GARCH11-t
2021-08-05,0.0,5.3720309937842576e-05,TLT,GARCH11-t
2021-08-06,0.0,5.1988921107279525e-05,TLT,GARCH11-t
2021-08-09,0.0,7.766749770625724e-05,TLT,GARCH11-t
2021-08-10,0.0,6.892224567096837e-05,TLT,GARCH11-t
2021-08-11,0.0,6.364628828666627e-05,TLT,GARCH11-t
2021-08-12,0.0,5.7332532126752675e-05,TLT,GARCH11-t
2021-08-13,0.0,5.505968632051618e-05,TLT,GARCH11-t
2021-08-16,0.0,7.319227054958347e-05,TLT,GARCH11-t
2021-08-17,0.0,6.648842102802797e-05,TLT,GARCH11-t
2021-08-18,0.0,6.123294631986217e-05,TLT,GARCH11-t
2021-08-19,0.0,5.6748117685955585e-05,TLT,GARCH11-t
2021-08-20,0.0,5.925226104246804e-05,TLT,GARCH11-t
2021-08-23,0.0,5.485958060903343e-05,TLT,GARCH11-t
2021-08-24,0.0,5.19607335581202e-05,TLT,GARCH11-t
2021-08-25,0.0,5.627927134175285e-05,TLT,GARCH11-t
2021-08-26,0.0,6.047736303488649e-05,TLT,GARCH11-t
2021-08-27,0.0,5.645720670149303e-05,TLT,GARCH11-t
2021-08-30,0.0,5.715137727912428e-05,TLT,GARCH11-t
2021-08-31,0.0,5.310588465171031e-05,TLT,GARCH11-t
2021-09-01,0.0,5.6270817182358695e-05,TLT,GARCH11-t
2021-09-02,0.0,5.279966436363688e-05,TLT,GARCH11-t
2021-09-03,0.0,5.234975293813231e-05,TLT,GARCH11-t
2021-09-07,0.0,5.8880840017386845e-05,TLT,GARCH11-t
2021-09-08,0.0,5.459149891831686e-05,TLT,GARCH11-t
2021-09-09,0.0,5.471125096896911e-05,TLT,GARCH11-t
2021-09-10,0.0,6.248969041989162e-05,TLT,GARCH11-t
2021-09-13,0.0,6.246403836781246e-05,TLT,GARCH11-t
2021-09-14,0.0,6.113895404869407e-05,TLT,GARCH11-t
2021-09-15,0.0,6.912638452784171e-05,TLT,GARCH11-t
2021-09-16,0.0,6.500180046351266e-05,TLT,GARCH11-t
2021-09-17,0.0,6.097687525125425e-05,TLT,GARCH11-t
2021-09-20,0.0,5.9034664366642644e-05,TLT,GARCH11-t
2021-09-21,0.0,6.789417452750335e-05,TLT,GARCH11-t
2021-09-22,0.0,6.26462218094731e-05,TLT,GARCH11-t
2021-09-23,0.0,6.0595663633549e-05,TLT,GARCH11-t
2021-09-24,0.0,8.981296788539102e-05,TLT,GARCH11-t
2021-09-27,0.0,8.785179466854357e-05,TLT,GARCH11-t
2021-09-28,0.0,7.964968952543131e-05,TLT,GARCH11-t
2021-09-29,0.0,9.03632939378026e-05,TLT,GARCH11-t
2021-09-30,0.0,8.108795643404984e-05,TLT,GARCH11-t
2021-10-01,0.0,7.34530897891636e-05,TLT,GARCH11-t
2021-10-04,0.0,7.076122168366656e-05,TLT,GARCH11-t
2021-10-05,0.0,6.564884735743191e-05,TLT,GARCH11-t
2021-10-06,0.0,7.022394398847816e-05,TLT,GARCH11-t
2021-10-07,0.0,6.509137435985592e-05,TLT,GARCH11-t
2021-10-08,0.0,6.842933033603936e-05,TLT,GARCH11-t
2021-10-11,0.0,6.873847779234068e-05,TLT,GARCH11-t
2021-10-12,0.0,6.433410358284972e-05,TLT,GARCH11-t
2021-10-13,0.0,7.932945230915551e-05,TLT,GARCH11-t
2021-10-14,0.0,7.921666294050492e-05,TLT,GARCH11-t
2021-10-15,0.0,7.334676742060361e-05,TLT,GARCH11-t
2021-10-18,0.0,7.094310968132982e-05,TLT,GARCH11-t
2021-10-19,0.0,6.825414129395596e-05,TLT,GARCH11-t
2021-10-20,0.0,7.463733087977544e-05,TLT,GARCH11-t
2021-10-21,0.0,7.301283166634976e-05,TLT,GARCH11-t
2021-10-22,0.0,6.823671683028957e-05,TLT,GARCH11-t
2021-10-25,0.0,7.075971977289896e-05,TLT,GARCH11-t
2021-10-26,0.0,6.6987543234479e-05,TLT,GARCH11-t
2021-10-27,0.0,6.76471639591469e-05,TLT,GARCH11-t
2021-10-28,0.0,8.078515417070663e-05,TLT,GARCH11-t
2021-10-29,0.0,7.67255836822609e-05,TLT,GARCH11-t
2021-11-01,0.0,7.198258913081804e-05,TLT,GARCH11-t
2021-11-02,0.0,7.099368227447418e-05,TLT,GARCH11-t
2021-11-03,0.0,6.81516920664412e-05,TLT,GARCH11-t
2021-11-04,0.0,7.04273064628014e-05,TLT,GARCH11-t
2021-11-05,0.0,7.164577827463556e-05,TLT,GARCH11-t
2021-11-08,0.0,7.657208080616937e-05,TLT,GARCH11-t
2021-11-09,0.0,7.162821729218419e-05,TLT,GARCH11-t
2021-11-10,0.0,7.834511081959525e-05,TLT,GARCH11-t
2021-11-11,0.0,9.007623229079835e-05,TLT,GARCH11-t
2021-11-12,0.0,8.295777372202445e-05,TLT,GARCH11-t
2021-11-15,0.0,7.913795879653973e-05,TLT,GARCH11-t
2021-11-16,0.0,8.315972369431516e-05,TLT,GARCH11-t
2021-11-17,0.0,7.875008056247586e-05,TLT,GARCH11-t
2021-11-18,0.0,7.514285566800087e-05,TLT,GARCH11-t
2021-11-19,0.0,7.191191246899992e-05,TLT,GARCH11-t
2021-11-22,0.0,7.508075214566248e-05,TLT,GARCH11-t
2021-11-23,0.0,7.686861017632987e-05,TLT,GARCH11-t
2021-11-24,0.0,8.400304071214869e-05,TLT,GARCH11-t
2021-11-26,0.0,9.41349535449345e-05,TLT,GARCH11-t
2021-11-29,0.0,0.00015306917979812906,TLT,GARCH11-t
2021-11-30,0.0,0.00012654926981723832,TLT,GARCH11-t
2021-12-01,0.0,0.00014129986333584387,TLT,GARCH11-t
2021-12-02,0.0,0.00012177681450120518,TLT,GARCH11-t
2021-12-03,0.0,0.00010434437536129909,TLT,GARCH11-t
2021-12-06,0.0,0.00010702820767163792,TLT,GARCH11-t
2021-12-07,0.0,0.00011290187822970276,TLT,GARCH11-t
2021-12-08,0.0,0.00011293491127250747,TLT,GARCH11-t
2021-12-09,0.0,0.0001228066372105449,TLT,GARCH11-t
2021-12-10,0.0,0.00011128156563573311,TLT,GARCH11-t
2021-12-13,0.0,9.650642796367952e-05,TLT,GARCH11-t
2021-12-14,0.0,0.00010492383118569751,TLT,GARCH11-t
2021-12-15,0.0,0.0001004170447582124,TLT,GARCH11-t
2021-12-16,0.0,9.520201185947452e-05,TLT,GARCH11-t
2021-12-17,0.0,9.112842506346126e-05,TLT,GARCH11-t
2021-12-20,0.0,9.014871872916174e-05,TLT,GARCH11-t
2021-12-21,0.0,8.486402649352442e-05,TLT,GARCH11-t
2021-12-22,0.0,8.250863373403423e-05,TLT,GARCH11-t
2021-12-23,0.0,7.907351146118103e-05,TLT,GARCH11-t
2021-12-27,0.0,7.760345546841153e-05,TLT,GARCH11-t
2021-12-28,0.0,7.256575323864203e-05,TLT,GARCH11-t
2021-12-29,0.0,7.116908203294982e-05,TLT,GARCH11-t
2021-12-30,0.0,7.277625349901548e-05,TLT,GARCH11-t
2021-12-31,0.0,7.25794500730884e-05,TLT,GARCH11-t
2022-01-03,0.0,6.768725966381462e-05,TLT,GARCH11-t
2022-01-04,0.0,0.0001078643450919544,TLT,GARCH11-t
2022-01-05,0.0,0.00010454886186738217,TLT,GARCH11-t
2022-01-06,0.0,9.636753751218937e-05,TLT,GARCH11-t
2022-01-07,0.0,9.017020337802174e-05,TLT,GARCH11-t
2022-01-10,0.0,8.59786236488595e-05,TLT,GARCH11-t
2022-01-11,0.0,8.13994472040315e-05,TLT,GARCH11-t
2022-01-12,0.0,7.901768547555172e-05,TLT,GARCH11-t
2022-01-13,0.0,7.65468378669709e-05,TLT,GARCH11-t
2022-01-14,0.0,7.660090845675273e-05,TLT,GARCH11-t
2022-01-18,0.0,8.532476335458981e-05,TLT,GARCH11-t
2022-01-19,0.0,9.078845634337747e-05,TLT,GARCH11-t
2022-01-20,0.0,8.804429876368623e-05,TLT,GARCH11-t
2022-01-21,0.0,8.553314449024575e-05,TLT,GARCH11-t
2022-01-24,0.0,8.746588586386821e-05,TLT,GARCH11-t
2022-01-25,0.0,8.591253462636588e-05,TLT,GARCH11-t
2022-01-26,0.0,8.13633156341611e-05,TLT,GARCH11-t
2022-01-27,0.0,8.606836162689158e-05,TLT,GARCH11-t
2022-01-28,0.0,9.724225559768465e-05,TLT,GARCH11-t
2022-01-31,0.0,9.088150150468922e-05,TLT,GARCH11-t
2022-02-01,0.0,8.529850946412016e-05,TLT,GARCH11-t
2022-02-02,0.0,8.196561057317818e-05,TLT,GARCH11-t
2022-02-03,0.0,8.010738475333e-05,TLT,GARCH11-t
2022-02-04,0.0,8.014995442402193e-05,TLT,GARCH11-t
2022-02-07,0.0,8.407367786809359e-05,TLT,GARCH11-t
2022-02-08,0.0,8.053187997516258e-05,TLT,GARCH11-t
2022-02-09,0.0,7.85805266771624e-05,TLT,GARCH11-t
2022-02-10,0.0,7.741018617529686e-05,TLT,GARCH11-t
2022-02-11,0.0,8.46196740275237e-05,TLT,GARCH11-t
2022-02-14,0.0,8.584819495170945e-05,TLT,GARCH11-t
2022-02-15,0.0,8.892804325281023e-05,TLT,GARCH11-t
2022-02-16,0.0,9.155411404760178e-05,TLT,GARCH11-t
2022-02-17,0.0,8.700021723219233e-05,TLT,GARCH11-t
2022-02-18,0.0,8.405130937268169e-05,TLT,GARCH11-t
2022-02-22,0.0,8.452002434794616e-05,TLT,GARCH11-t
2022-02-23,0.0,8.049660519300753e-05,TLT,GARCH11-t
2022-02-24,0.0,8.89174626932263e-05,TLT,GARCH11-t
2022-02-25,0.0,7.964683777891555e-05,TLT,GARCH11-t
2022-02-28,0.0,8.285644312703506e-05,TLT,GARCH11-t
2022-03-01,0.0,8.6125674608862e-05,TLT,GARCH11-t
2022-03-02,0.0,8.681778733134067e-05,TLT,GARCH11-t
2022-03-03,0.0,0.00015967804384109515,TLT,GARCH11-t
2022-03-04,0.0,0.00015536130971500464,TLT,GARCH11-t
2022-03-07,0.0,0.00014724505639003593,TLT,GARCH11-t
2022-03-08,0.0,0.00015446109361098452,TLT,GARCH11-t
2022-03-09,0.0,0.00013063000442292087,TLT,GARCH11-t
2022-03-10,0.0,0.00014645287569996213,TLT,GARCH11-t
2022-03-11,0.0,0.00014853596704379206,TLT,GARCH11-t
2022-03-14,0.0,0.00013988506342841754,TLT,GARCH11-t
2022-03-15,0.0,0.00016286785115838897,TLT,GARCH11-t
2022-03-16,0.0,0.00015088084803831746,TLT,GARCH11-t
2022-03-17,0.0,0.0001335215848548289,TLT,GARCH11-t
2022-03-18,0.0,0.0001293479213991096,TLT,GARCH11-t
2022-03-21,0.0,0.00011776009972235857,TLT,GARCH11-t
2022-03-22,0.0,0.00016013822285593885,TLT,GARCH11-t
2022-03-23,0.0,0.00013719042350937463,TLT,GARCH11-t
2022-03-24,0.0,0.00017539092440690526,TLT,GARCH11-t
2022-03-25,0.0,0.00016641303076488702,TLT,GARCH11-t
2022-03-28,0.0,0.0001665156797725797,TLT,GARCH11-t
2022-03-29,0.0,0.0001733610311480537,TLT,GARCH11-t
2022-03-30,0.0,0.00015372759743411207,TLT,GARCH11-t
2022-03-31,0.0,0.0001478218668355155,TLT,GARCH11-t
2022-04-01,0.0,0.000139273049340725,TLT,GARCH11-t
2022-04-04,0.0,0.00017396641303781864,TLT,GARCH11-t
2022-04-05,0.0,0.00012700073603983308,TLT,GARCH11-t
2022-04-06,0.0,0.00014654039886705846,TLT,GARCH11-t
2022-04-07,0.0,0.00015636905524431786,TLT,GARCH11-t
2022-04-08,0.0,0.00013623567711656867,TLT,GARCH11-t
2022-04-11,0.0,0.00014413449610825737,TLT,GARCH11-t
2022-04-12,0.0,0.0001399481177932738,TLT,GARCH11-t
2022-04-13,0.0,0.00013208769146481626,TLT,GARCH11-t
2022-04-14,0.0,0.00010747033626910372,TLT,GARCH11-t
2022-04-18,0.0,0.00011109615166533011,TLT,GARCH11-t
2022-04-19,0.0,0.0001260445763279666,TLT,GARCH11-t
2022-04-20,0.0,0.00010912864149849136,TLT,GARCH11-t
2022-04-21,0.0,0.00013794492483849044,TLT,GARCH11-t
2022-04-22,0.0,0.00011188034919264316,TLT,GARCH11-t
2022-04-25,0.0,0.0001109072836379167,TLT,GARCH11-t
2022-04-26,0.0,0.00011072365139018484,TLT,GARCH11-t
2022-04-27,0.0,0.00014599736138148998,TLT,GARCH11-t
2022-04-28,0.0,0.00011107101391901505,TLT,GARCH11-t
2022-04-29,0.0,0.00010966320238554171,TLT,GARCH11-t
2022-05-02,0.0,0.0001104343660738759,TLT,GARCH11-t
2022-05-03,0.0,0.00011291879674929822,TLT,GARCH11-t
2022-05-04,0.0,0.00011193641187368946,TLT,GARCH11-t
2022-05-05,0.0,0.00013289774846108487,TLT,GARCH11-t
2022-05-06,0.0,0.00011929261358635781,TLT,GARCH11-t
2022-05-09,0.0,0.00012045516235861438,TLT,GARCH11-t
2022-05-10,0.0,0.0001373765922568503,TLT,GARCH11-t
2022-05-11,0.0,0.00016160156589466873,TLT,GARCH11-t
2022-05-12,0.0,0.00012173815126440402,TLT,GARCH11-t
2022-05-13,0.0,0.00012018109028769629,TLT,GARCH11-t
2022-05-16,0.0,0.00012120499421755537,TLT,GARCH11-t
2022-05-17,0.0,0.00014593923777078005,TLT,GARCH11-t
2022-05-18,0.0,0.0001199687985426907,TLT,GARCH11-t
2022-05-19,0.0,0.00012405933617811105,TLT,GARCH11-t
2022-05-20,0.0,0.0001223444449978921,TLT,GARCH11-t
2022-05-23,0.0,0.00012236669008033446,TLT,GARCH11-t
2022-05-24,0.0,0.00012425867496340407,TLT,GARCH11-t
2022-05-25,0.0,0.00012727089360292011,TLT,GARCH11-t
2022-05-26,0.0,0.0001258049296183717,TLT,GARCH11-t
2022-05-27,0.0,0.00014232505496849794,TLT,GARCH11-t
2022-05-31,0.0,0.00012291262737805693,TLT,GARCH11-t
2022-06-01,0.0,0.00015794528544525168,TLT,GARCH11-t
2022-06-02,0.0,0.00012556401008753155,TLT,GARCH11-t
2022-06-03,0.0,0.00012396419538882066,TLT,GARCH11-t
2022-06-06,0.0,0.0001220089972315085,TLT,GARCH11-t
2022-06-07,0.0,0.00014700407328840484,TLT,GARCH11-t
2022-06-08,0.0,0.00012468512934524892,TLT,GARCH11-t
2022-06-09,0.0,0.00012395740188250542,TLT,GARCH11-t
2022-06-10,0.0,0.00012250110044002935,TLT,GARCH11-t
2022-06-13,0.0,0.00012152513310724776,TLT,GARCH11-t
2022-06-14,0.0,0.0001327933492804104,TLT,GARCH11-t
2022-06-15,0.0,0.00016228834547460751,TLT,GARCH11-t
2022-06-16,0.0,0.000174925487077171,TLT,GARCH11-t
2022-06-17,0.0,0.00014741027854241423,TLT,GARCH11-t
2022-06-21,0.0,0.0001317309468141253,TLT,GARCH11-t
2022-06-22,0.0,0.00015035631207736976,TLT,GARCH11-t
2022-06-23,0.0,0.00014060246816701168,TLT,GARCH11-t
2022-06-24,0.0,0.00016231198477309117,TLT,GARCH11-t
2022-06-27,0.0,0.000170889071279627,TLT,GARCH11-t
2022-06-28,0.0,0.00013899246763978242,TLT,GARCH11-t
2022-06-29,0.0,0.0001371868247268807,TLT,GARCH11-t
2022-06-30,0.0,0.00015670695174499597,TLT,GARCH11-t
2022-07-01,0.0,0.00013760455588825718,TLT,GARCH11-t
2022-07-05,0.0,0.0001542907918217036,TLT,GARCH11-t
2022-07-06,0.0,0.0001361422944499658,TLT,GARCH11-t
2022-07-07,0.0,0.00013771877621675537,TLT,GARCH11-t
2022-07-08,0.0,0.00015917000174978191,TLT,GARCH11-t
2022-07-11,0.0,0.00013661199941165995,TLT,GARCH11-t
2022-07-12,0.0,0.0001653152650239771,TLT,GARCH11-t
2022-07-13,0.0,0.00013681479248612495,TLT,GARCH11-t
2022-07-14,0.0,0.00016665701576382025,TLT,GARCH11-t
2022-07-15,0.0,0.00013546802554881314,TLT,GARCH11-t
2022-07-18,0.0,0.0001339099545442817,TLT,GARCH11-t
2022-07-19,0.0,0.00013369280532408916,TLT,GARCH11-t
2022-07-20,0.0,0.00013122324765513205,TLT,GARCH11-t
2022-07-21,0.0,0.00012951749799712455,TLT,GARCH11-t
2022-07-22,0.0,0.0001312946838063965,TLT,GARCH11-t
2022-07-25,0.0,0.0001533476966510754,TLT,GARCH11-t
2022-07-26,0.0,0.00013255611247242464,TLT,GARCH11-t
2022-07-27,0.0,0.0001309808273930491,TLT,GARCH11-t
2022-07-28,0.0,0.00014972018405961154,TLT,GARCH11-t
2022-07-29,0.0,0.00012888640185845532,TLT,GARCH11-t
2022-08-01,0.0,0.00012744613026483714,TLT,GARCH11-t
2022-08-02,0.0,0.00015938061814486123,TLT,GARCH11-t
2022-08-03,0.0,0.00013717337973246968,TLT,GARCH11-t
2022-08-04,0.0,0.00013863021364797173,TLT,GARCH11-t
2022-08-05,0.0,0.0001651305077733543,TLT,GARCH11-t
2022-08-08,0.0,0.00017484643731580403,TLT,GARCH11-t
2022-08-09,0.0,0.0001433874302825504,TLT,GARCH11-t
2022-08-10,0.0,0.00016759256180002262,TLT,GARCH11-t
2022-08-11,0.0,0.00014057037004299954,TLT,GARCH11-t
2022-08-12,0.0,0.00014593568172239656,TLT,GARCH11-t
2022-08-15,0.0,0.00018792536604166015,TLT,GARCH11-t
2022-08-16,0.0,0.0001430221578615925,TLT,GARCH11-t
2022-08-17,0.0,0.0001415154451445366,TLT,GARCH11-t
2022-08-18,0.0,0.00014124451299230302,TLT,GARCH11-t
2022-08-19,0.0,0.000139596663418708,TLT,GARCH11-t
2022-08-22,0.0,0.00016512522070266276,TLT,GARCH11-t
2022-08-23,0.0,0.00013970225656664882,TLT,GARCH11-t
2022-08-24,0.0,0.0001385041166735351,TLT,GARCH11-t
2022-08-25,0.0,0.00013747949150267634,TLT,GARCH11-t
2022-08-26,0.0,0.00013820167530381814,TLT,GARCH11-t
2022-08-29,0.0,0.00013736879425817807,TLT,GARCH11-t
2022-08-30,0.0,0.00013662187873064147,TLT,GARCH11-t
2022-08-31,0.0,0.00013520945080343604,TLT,GARCH11-t
2022-09-01,0.0,0.00013482181564549212,TLT,GARCH11-t
2022-09-02,0.0,0.00013771709987298668,TLT,GARCH11-t
2022-09-06,0.0,0.00021297072276957386,TLT,GARCH11-t
2022-09-07,0.0,0.00014288537161378237,TLT,GARCH11-t
2022-09-08,0.0,0.00018754128961774133,TLT,GARCH11-t
2022-09-09,0.0,0.0001438318262334534,TLT,GARCH11-t
2022-09-12,0.0,0.0001419123118849788,TLT,GARCH11-t
2022-09-13,0.0,0.00014101523244092683,TLT,GARCH11-t
2022-09-14,0.0,0.000139463865153942,TLT,GARCH11-t
2022-09-15,0.0,0.0001377461928764054,TLT,GARCH11-t
2022-09-16,0.0,0.00013628161599522708,TLT,GARCH11-t
2022-09-19,0.0,0.00013975513641658382,TLT,GARCH11-t
2022-09-20,0.0,0.00013435174109525762,TLT,GARCH11-t
2022-09-21,0.0,0.00016106428282034181,TLT,GARCH11-t
2022-09-22,0.0,0.00013604689513198185,TLT,GARCH11-t
2022-09-23,0.0,0.00014305552090006617,TLT,GARCH11-t
2022-09-26,0.0,0.00014034094080952924,TLT,GARCH11-t
2022-09-27,0.0,0.0001433050275249145,TLT,GARCH11-t
2022-09-28,0.0,0.00015071922415979734,TLT,GARCH11-t
2022-09-29,0.0,0.00016205396351645106,TLT,GARCH11-t
2022-09-30,0.0,0.00016039320277021186,TLT,GARCH11-t
2022-10-03,0.0,0.00016058688324472294,TLT,GARCH11-t
2022-10-04,0.0,0.00020213684358442495,TLT,GARCH11-t
2022-10-05,0.0,0.00015973903694316166,TLT,GARCH11-t
2022-10-06,0.0,0.000158760383399327,TLT,GARCH11-t
2022-10-07,0.0,0.0001572040278002535,TLT,GARCH11-t
2022-10-10,0.0,0.00015629372810392698,TLT,GARCH11-t
2022-10-11,0.0,0.00015747410196227782,TLT,GARCH11-t
2022-10-12,0.0,0.0001558921365908304,TLT,GARCH11-t
2022-10-13,0.0,0.00019917281237035798,TLT,GARCH11-t
2022-10-14,0.0,0.00015286277748255926,TLT,GARCH11-t
2022-10-17,0.0,0.0001520005515602203,TLT,GARCH11-t
2022-10-18,0.0,0.0001505475876950309,TLT,GARCH11-t
2022-10-19,0.0,0.00014893846084989456,TLT,GARCH11-t
2022-10-20,0.0,0.0001511176244678353,TLT,GARCH11-t
2022-10-21,0.0,0.0001531263589779606,TLT,GARCH11-t
2022-10-24,0.0,0.0001556379049991319,TLT,GARCH11-t
2022-10-25,0.0,0.00015447137350087825,TLT,GARCH11-t
2022-10-26,0.0,0.0001942604162510932,TLT,GARCH11-t
2022-10-27,0.0,0.0001637168721552801,TLT,GARCH11-t
2022-10-28,0.0,0.00016233197926634804,TLT,GARCH11-t
2022-10-31,0.0,0.00016104050212449632,TLT,GARCH11-t
2022-11-01,0.0,0.00018979931899304947,TLT,GARCH11-t
2022-11-02,0.0,0.00015901560826644078,TLT,GARCH11-t
2022-11-03,0.0,0.00014395193814614157,TLT,GARCH11-t
2022-11-04,0.0,0.0001441351985008188,TLT,GARCH11-t
2022-11-07,0.0,0.00015272516566522637,TLT,GARCH11-t
2022-11-08,0.0,0.00017627841829332056,TLT,GARCH11-t
2022-11-09,0.0,0.00014984413933106155,TLT,GARCH11-t
2022-11-10,0.0,0.00014511342938920647,TLT,GARCH11-t
2022-11-11,0.0,0.00016980371515585736,TLT,GARCH11-t
2022-11-14,0.0,0.00019646949641921024,TLT,GARCH11-t
2022-11-15,0.0,0.00016605671914059414,TLT,GARCH11-t
2022-11-16,0.0,0.0002257330627116385,TLT,GARCH11-t
2022-11-17,0.0,0.00019419757839073901,TLT,GARCH11-t
2022-11-18,0.0,0.0001702682314547775,TLT,GARCH11-t
2022-11-21,0.0,0.00015760394985036335,TLT,GARCH11-t
2022-11-22,0.0,0.00015728898217224363,TLT,GARCH11-t
2022-11-23,0.0,0.00015635680178891086,TLT,GARCH11-t
2022-11-25,0.0,0.00019982055761892087,TLT,GARCH11-t
2022-11-28,0.0,0.0001660695644964448,TLT,GARCH11-t
2022-11-29,0.0,0.00016265448044036014,TLT,GARCH11-t
2022-11-30,0.0,0.0001826542916792335,TLT,GARCH11-t
2022-12-01,0.0,0.0001863795083016352,TLT,GARCH11-t
2022-12-02,0.0,0.00017138763552165958,TLT,GARCH11-t
2022-12-05,0.0,0.00016971937585951761,TLT,GARCH11-t
2022-12-06,0.0,0.00019641826279573368,TLT,GARCH11-t
2022-12-07,0.0,0.00021041112221783836,TLT,GARCH11-t
2022-12-08,0.0,0.0002202634989923238,TLT,GARCH11-t
2022-12-09,0.0,0.00017303908908260763,TLT,GARCH11-t
2022-12-12,0.0,0.00017973020404003407,TLT,GARCH11-t
2022-12-13,0.0,0.00017768478424525045,TLT,GARCH11-t
2022-12-14,0.0,0.00017617916357594757,TLT,GARCH11-t
2022-12-15,0.0,0.00017433193324377342,TLT,GARCH11-t
2022-12-16,0.0,0.00017226825185161416,TLT,GARCH11-t
2022-12-19,0.0,0.00017191412717785089,TLT,GARCH11-t
2022-12-20,0.0,0.00017327759674752883,TLT,GARCH11-t
2022-12-21,0.0,0.00021797616774902912,TLT,GARCH11-t
2022-12-22,0.0,0.00017327459555045496,TLT,GARCH11-t
2022-12-23,0.0,0.0001712819597325707,TLT,GARCH11-t
2022-12-27,0.0,0.0001719587268980227,TLT,GARCH11-t
2022-12-28,0.0,0.00020700763836123425,TLT,GARCH11-t
2022-12-29,0.0,0.00017354921464379143,TLT,GARCH11-t
2022-12-30,0.0,0.000215104377411547,TLT,GARCH11-t
2023-01-03,0.0,0.00017244881031129548,TLT,GARCH11-t
2023-01-04,0.0,0.0001750940759929734,TLT,GARCH11-t
2023-01-05,0.0,0.00017362578717814174,TLT,GARCH11-t
2023-01-06,0.0,0.00017188619909295645,TLT,GARCH11-t
2023-01-09,0.0,0.00018718164070775627,TLT,GARCH11-t
2023-01-10,0.0,0.0001727600282640731,TLT,GARCH11-t
2023-01-11,0.0,0.0001756202583104257,TLT,GARCH11-t
2023-01-12,0.0,0.00017928451382786346,TLT,GARCH11-t
2023-01-13,0.0,0.00017818722557967848,TLT,GARCH11-t
2023-01-17,0.0,0.0001862580248770232,TLT,GARCH11-t
2023-01-18,0.0,0.00016949896650027857,TLT,GARCH11-t
2023-01-19,0.0,0.00017551517929192842,TLT,GARCH11-t
2023-01-20,0.0,0.0001796981866498392,TLT,GARCH11-t
2023-01-23,0.0,0.0001801534095176654,TLT,GARCH11-t
2023-01-24,0.0,0.0001794564901293206,TLT,GARCH11-t
2023-01-25,0.0,0.0001789378397528048,TLT,GARCH11-t
2023-01-26,0.0,0.0001861468319834918,TLT,GARCH11-t
2023-01-27,0.0,0.00019544323932395703,TLT,GARCH11-t
2023-01-30,0.0,0.0001725086695031565,TLT,GARCH11-t
2023-01-31,0.0,0.00016506523101798368,TLT,GARCH11-t
2023-02-01,0.0,0.00017265130828276646,TLT,GARCH11-t
2023-02-02,0.0,0.00017331035276605086,TLT,GARCH11-t
2023-02-03,0.0,0.00018058373191608585,TLT,GARCH11-t
2023-02-06,0.0,0.0001742625186258844,TLT,GARCH11-t
2023-02-07,0.0,0.00016984589436813826,TLT,GARCH11-t
2023-02-08,0.0,0.00017188396493328807,TLT,GARCH11-t
2023-02-09,0.0,0.00017234814298501197,TLT,GARCH11-t
2023-02-10,0.0,0.0001653688422162639,TLT,GARCH11-t
2023-02-13,0.0,0.00017043737398635226,TLT,GARCH11-t
2023-02-14,0.0,0.00018677882351403183,TLT,GARCH11-t
2023-02-15,0.0,0.00017023153088633654,TLT,GARCH11-t
2023-02-16,0.0,0.00016704921314948502,TLT,GARCH11-t
2023-02-17,0.0,0.00016935340528647811,TLT,GARCH11-t
2023-02-21,0.0,0.0001787887951804439,TLT,GARCH11-t
2023-02-22,0.0,0.00016159039478725844,TLT,GARCH11-t
2023-02-23,0.0,0.00017227794898992506,TLT,GARCH11-t
2023-02-24,0.0,0.00016780698315682564,TLT,GARCH11-t
2023-02-27,0.0,0.00017093767755419726,TLT,GARCH11-t
2023-02-28,0.0,0.00017096959609007176,TLT,GARCH11-t
2023-03-01,0.0,0.00016620947396899112,TLT,GARCH11-t
2023-03-02,0.0,0.00016724030907556747,TLT,GARCH11-t
2023-03-03,0.0,0.00016499745623642923,TLT,GARCH11-t
2023-03-06,0.0,0.0001677227806220662,TLT,GARCH11-t
2023-03-07,0.0,0.00016705705457498445,TLT,GARCH11-t
2023-03-08,0.0,0.00016627632712653284,TLT,GARCH11-t
2023-03-09,0.0,0.0001664393489079315,TLT,GARCH11-t
2023-03-10,0.0,0.0001640580552872903,TLT,GARCH11-t
2023-03-13,0.0,0.0001894197851802636,TLT,GARCH11-t
2023-03-14,0.0,0.00017084139346805195,TLT,GARCH11-t
2023-03-15,0.0,0.00016830651818301859,TLT,GARCH11-t
2023-03-16,0.0,0.00018346651066892335,TLT,GARCH11-t
2023-03-17,0.0,0.00016948020147843068,TLT,GARCH11-t
2023-03-20,0.0,0.00016963015958883869,TLT,GARCH11-t
2023-03-21,0.0,0.00018320265255361855,TLT,GARCH11-t
2023-03-22,0.0,0.00016809544543003787,TLT,GARCH11-t
2023-03-23,0.0,0.00016818991947213638,TLT,GARCH11-t
2023-03-24,0.0,0.00017386084857642415,TLT,GARCH11-t
2023-03-27,0.0,0.00017574785479846324,TLT,GARCH11-t
2023-03-28,0.0,0.000174068266704122,TLT,GARCH11-t
2023-03-29,0.0,0.00018019199263262866,TLT,GARCH11-t
2023-03-30,0.0,0.00017864714042158252,TLT,GARCH11-t
2023-03-31,0.0,0.00016768346058576076,TLT,GARCH11-t
2023-04-03,0.0,0.00016946286886308475,TLT,GARCH11-t
2023-04-04,0.0,0.00017464490029293238,TLT,GARCH11-t
2023-04-05,0.0,0.00016788037098360869,TLT,GARCH11-t
2023-04-06,0.0,0.0001679465597384817,TLT,GARCH11-t
2023-04-10,0.0,0.0001681844136391711,TLT,GARCH11-t
2023-04-11,0.0,0.00016736997297215863,TLT,GARCH11-t
2023-04-12,0.0,0.00016669123624988614,TLT,GARCH11-t
2023-04-13,0.0,0.00016552741470119103,TLT,GARCH11-t
2023-04-14,0.0,0.00017053944430773805,TLT,GARCH11-t
2023-04-17,0.0,0.00016572576162507733,TLT,GARCH11-t
2023-04-18,0.0,0.00016844985253450535,TLT,GARCH11-t
2023-04-19,0.0,0.00016423149924729374,TLT,GARCH11-t
2023-04-20,0.0,0.00016612230343620373,TLT,GARCH11-t
2023-04-21,0.0,0.0001670798919218705,TLT,GARCH11-t
2023-04-24,0.0,0.000164026648234498,TLT,GARCH11-t
2023-04-25,0.0,0.00015716206933282144,TLT,GARCH11-t
2023-04-26,0.0,0.00016278056395448498,TLT,GARCH11-t
2023-04-27,0.0,0.0001710057810939319,TLT,GARCH11-t
2023-04-28,0.0,0.00016443244371086409,TLT,GARCH11-t
2023-05-01,0.0,0.00016633641073459892,TLT,GARCH11-t
2023-05-02,0.0,0.00016015175661635665,TLT,GARCH11-t
2023-05-03,0.0,0.00016802116895637067,TLT,GARCH11-t
2023-05-04,0.0,0.00016461268380124375,TLT,GARCH11-t
2023-05-05,0.0,0.0001691949401619134,TLT,GARCH11-t
2023-05-08,0.0,0.00016607875248151262,TLT,GARCH11-t
2023-05-09,0.0,0.00016323858806486702,TLT,GARCH11-t
2023-05-10,0.0,0.00016384710237375396,TLT,GARCH11-t
2023-05-11,0.0,0.00016537723211859206,TLT,GARCH11-t
2023-05-12,0.0,0.00017077284438286392,TLT,GARCH11-t
2023-05-15,0.0,0.00016424598993042015,TLT,GARCH11-t
2023-05-16,0.0,0.00016782667077119606,TLT,GARCH11-t
2023-05-17,0.0,0.00016467707567807384,TLT,GARCH11-t
2023-05-18,0.0,0.00016190946888277642,TLT,GARCH11-t
2023-05-19,0.0,0.0001767928097481024,TLT,GARCH11-t
2023-05-22,0.0,0.0001598948759128615,TLT,GARCH11-t
2023-05-23,0.0,0.0001605223899357952,TLT,GARCH11-t
2023-05-24,0.0,0.0001565371209176743,TLT,GARCH11-t
2023-05-25,0.0,0.00015504854176370738,TLT,GARCH11-t
2023-05-26,0.0,0.00015884080209682924,TLT,GARCH11-t
2023-05-30,0.0,0.0001502304059698754,TLT,GARCH11-t
2023-05-31,0.0,0.00015306491707173453,TLT,GARCH11-t
2023-06-01,0.0,0.0001493946390666279,TLT,GARCH11-t
2023-06-02,0.0,0.00014380932619292858,TLT,GARCH11-t
2023-06-05,0.0,0.0001516526106233721,TLT,GARCH11-t
2023-06-06,0.0,0.00015914914735249786,TLT,GARCH11-t
2023-06-07,0.0,0.00015408875029481942,TLT,GARCH11-t
2023-06-08,0.0,0.00015212388939237376,TLT,GARCH11-t
2023-06-09,0.0,0.00013373931535722199,TLT,GARCH11-t
2023-06-12,0.0,0.0001455322498460411,TLT,GARCH11-t
2023-06-13,0.0,0.0001402062181924419,TLT,GARCH11-t
2023-06-14,0.0,0.0001414412084205393,TLT,GARCH11-t
2023-06-15,0.0,0.00014106313563544553,TLT,GARCH11-t
2023-06-16,0.0,0.0001421999031107255,TLT,GARCH11-t
2023-06-20,0.0,0.0001379065943359016,TLT,GARCH11-t
2023-06-21,0.0,0.00013590442406865726,TLT,GARCH11-t
2023-06-22,0.0,0.00013020703102721164,TLT,GARCH11-t
2023-06-23,0.0,0.00013765088989694415,TLT,GARCH11-t
2023-06-26,0.0,0.00013692106511632309,TLT,GARCH11-t
2023-06-27,0.0,0.00013150291291449037,TLT,GARCH11-t
2023-06-28,0.0,0.00012693009818115855,TLT,GARCH11-t
2023-06-29,0.0,0.00012408497147138936,TLT,GARCH11-t
2023-06-30,0.0,0.0001454276346634798,TLT,GARCH11-t
2023-07-03,0.0,0.00014570417664340184,TLT,GARCH11-t
2023-07-05,0.0,0.00013934634533097453,TLT,GARCH11-t
2023-07-06,0.0,0.00013869163340495723,TLT,GARCH11-t
2023-07-07,0.0,0.0001454588594168537,TLT,GARCH11-t
2023-07-10,0.0,0.00013897671958388073,TLT,GARCH11-t
2023-07-11,0.0,0.00013209995483145202,TLT,GARCH11-t
2023-07-12,0.0,0.00012856141362946403,TLT,GARCH11-t
2023-07-13,0.0,0.0001321776235108754,TLT,GARCH11-t
2023-07-14,0.0,0.0001346297974358604,TLT,GARCH11-t
2023-07-17,0.0,0.00013061809853602855,TLT,GARCH11-t
2023-07-18,0.0,0.0001248229192566892,TLT,GARCH11-t
2023-07-19,0.0,0.00012628658501262821,TLT,GARCH11-t
2023-07-20,0.0,0.00012672496213898045,TLT,GARCH11-t
2023-07-21,0.0,0.00012765827264135096,TLT,GARCH11-t
2023-07-24,0.0,0.0001078003094111308,TLT,GARCH11-t
2023-07-25,0.0,9.451849030343149e-05,TLT,GARCH11-t
2023-07-26,0.0,9.85636597982658e-05,TLT,GARCH11-t
2023-07-27,0.0,9.137151889812736e-05,TLT,GARCH11-t
2023-07-28,0.0,0.00012673593445214798,TLT,GARCH11-t
2023-07-31,0.0,0.00012609634698910644,TLT,GARCH11-t
2023-08-01,0.0,9.639763583703671e-05,TLT,GARCH11-t
2023-08-02,0.0,0.00011928316794723414,TLT,GARCH11-t
2023-08-03,0.0,0.00012676976998532807,TLT,GARCH11-t
2023-08-04,0.0,0.00013152666732611312,TLT,GARCH11-t
2023-08-07,0.0,0.00016059459525818727,TLT,GARCH11-t
2023-08-08,0.0,0.0001561625369154348,TLT,GARCH11-t
2023-08-09,0.0,0.0001562055511779495,TLT,GARCH11-t
2023-08-10,0.0,0.00013939453857071777,TLT,GARCH11-t
2023-08-11,0.0,0.00015194614471305016,TLT,GARCH11-t
2023-08-14,0.0,0.00014896438458766254,TLT,GARCH11-t
2023-08-15,0.0,0.00013326054125159138,TLT,GARCH11-t
2023-08-16,0.0,0.00013084742419534933,TLT,GARCH11-t
2023-08-17,0.0,0.00012858803836821066,TLT,GARCH11-t
2023-08-18,0.0,0.00012379401573880215,TLT,GARCH11-t
2023-08-21,0.0,0.00012796878770166098,TLT,GARCH11-t
2023-08-22,0.0,0.0001282367439276424,TLT,GARCH11-t
2023-08-23,0.0,0.00012474619605876036,TLT,GARCH11-t
2023-08-24,0.0,0.00013381442784116547,TLT,GARCH11-t
2023-08-25,0.0,0.00013314310797144028,TLT,GARCH11-t
2023-08-28,0.0,0.000132011549659337,TLT,GARCH11-t
2023-08-29,0.0,0.0001304215915195068,TLT,GARCH11-t
2023-08-30,0.0,0.00013056212715614044,TLT,GARCH11-t
2023-08-31,0.0,0.00012933265496895075,TLT,GARCH11-t
2023-09-01,0.0,0.00012854112739039286,TLT,GARCH11-t
2023-09-05,0.0,0.0001304099281960713,TLT,GARCH11-t
2023-09-06,0.0,0.00013097224006573222,TLT,GARCH11-t
2023-09-07,0.0,0.00012989009919253948,TLT,GARCH11-t
2023-09-08,0.0,0.0001272599467057692,TLT,GARCH11-t
2023-09-11,0.0,0.00012577117424259724,TLT,GARCH11-t
2023-09-12,0.0,0.00012515981423743687,TLT,GARCH11-t
2023-09-13,0.0,0.00011715698443473485,TLT,GARCH11-t
2023-09-14,0.0,0.00012345488258944876,TLT,GARCH11-t
2023-09-15,0.0,0.00011111079646627219,TLT,GARCH11-t
2023-09-18,0.0,0.00012270746284278252,TLT,GARCH11-t
2023-09-19,0.0,0.0001222193209658871,TLT,GARCH11-t
2023-09-20,0.0,0.00012184754903936576,TLT,GARCH11-t
2023-09-21,0.0,0.00012108837470421612,TLT,GARCH11-t
2023-09-22,0.0,0.0001285292507165112,TLT,GARCH11-t
2023-09-25,0.0,0.0001275814757118918,TLT,GARCH11-t
2023-09-26,0.0,0.00013262856384523662,TLT,GARCH11-t
2023-09-27,0.0,0.00013157148579788174,TLT,GARCH11-t
2023-09-28,0.0,0.00012978096168213437,TLT,GARCH11-t
2023-09-29,0.0,0.00011781105570924791,TLT,GARCH11-t
2023-10-02,0.0,0.00012290068530764804,TLT,GARCH11-t
2023-10-03,0.0,0.0001253853028717444,TLT,GARCH11-t
2023-10-04,0.0,0.00012792735253217154,TLT,GARCH11-t
2023-10-05,0.0,0.00012962357078894214,TLT,GARCH11-t
2023-10-06,0.0,0.00012585943018863114,TLT,GARCH11-t
2023-10-09,0.0,0.00012991029516663447,TLT,GARCH11-t
2023-10-10,0.0,0.0001354212948000545,TLT,GARCH11-t
2023-10-11,0.0,0.00013385528409896885,TLT,GARCH11-t
2023-10-12,0.0,0.00013730505025048699,TLT,GARCH11-t
2023-10-13,0.0,0.00014299968728960556,TLT,GARCH11-t
2023-10-16,0.0,0.000147774773047159,TLT,GARCH11-t
2023-10-17,0.0,0.0001459941456931692,TLT,GARCH11-t
2023-10-18,0.0,0.00014896163447754128,TLT,GARCH11-t
2023-10-19,0.0,0.0001482514955403667,TLT,GARCH11-t
2023-10-20,0.0,0.0001520396076749567,TLT,GARCH11-t
2023-10-23,0.0,0.00014387304646213404,TLT,GARCH11-t
2023-10-24,0.0,0.00014921458783162048,TLT,GARCH11-t
2023-10-25,0.0,0.0001555323708259702,TLT,GARCH11-t
2023-10-26,0.0,0.00018691622545865272,TLT,GARCH11-t
2023-10-27,0.0,0.00017506261213745132,TLT,GARCH11-t
2023-10-30,0.0,0.00019220369439217663,TLT,GARCH11-t
2023-10-31,0.0,0.00014859003509228952,TLT,GARCH11-t
2023-11-01,0.0,0.0001470965105937331,TLT,GARCH11-t
2023-11-02,0.0,0.00019004887845717263,TLT,GARCH11-t
2023-11-03,0.0,0.0001728757452485091,TLT,GARCH11-t
2023-11-06,0.0,0.0001660683182408694,TLT,GARCH11-t
2023-11-07,0.0,0.00016111112830023347,TLT,GARCH11-t
2023-11-08,0.0,0.0001632017800536788,TLT,GARCH11-t
2023-11-09,0.0,0.00016694802049968232,TLT,GARCH11-t
2023-11-10,0.0,0.00018363878647200367,TLT,GARCH11-t
2023-11-13,0.0,0.00017414415654392855,TLT,GARCH11-t
2023-11-14,0.0,0.0001764812497010345,TLT,GARCH11-t
2023-11-15,0.0,0.00019476941161037612,TLT,GARCH11-t
2023-11-16,0.0,0.0001952752712675963,TLT,GARCH11-t
2023-11-17,0.0,0.0001801908223613425,TLT,GARCH11-t
2023-11-20,0.0,0.00016959478048189888,TLT,GARCH11-t
2023-11-21,0.0,0.00016319077904030266,TLT,GARCH11-t
2023-11-22,0.0,0.00015077232666712873,TLT,GARCH11-t
2023-11-24,0.0,0.00014117462657110112,TLT,GARCH11-t
2023-11-27,0.0,0.00013949548710754295,TLT,GARCH11-t
2023-11-28,0.0,0.0001453627409582443,TLT,GARCH11-t
2023-11-29,0.0,0.0001403733479196359,TLT,GARCH11-t
2023-11-30,0.0,0.00014124572376388324,TLT,GARCH11-t
2023-12-01,0.0,0.00014242451042811508,TLT,GARCH11-t
2023-12-04,0.0,0.00015688429302664834,TLT,GARCH11-t
2023-12-05,0.0,0.00014407952364459475,TLT,GARCH11-t
2023-12-06,0.0,0.00016621823544994433,TLT,GARCH11-t
2023-12-07,0.0,0.00017195411273774214,TLT,GARCH11-t
2023-12-08,0.0,0.00014567825227757697,TLT,GARCH11-t
2023-12-11,0.0,0.00014963162761356353,TLT,GARCH11-t
2023-12-12,0.0,0.00013117015941282211,TLT,GARCH11-t
2023-12-13,0.0,0.00013059499908009043,TLT,GARCH11-t
2023-12-14,0.0,0.00014973881955989785,TLT,GARCH11-t
2023-12-15,0.0,0.0001844442643449437,TLT,GARCH11-t
2023-12-18,0.0,0.00017524722988293006,TLT,GARCH11-t
2023-12-19,0.0,0.00016512224341602835,TLT,GARCH11-t
2023-12-20,0.0,0.00014723001525003226,TLT,GARCH11-t
2023-12-21,0.0,0.0001478814257379476,TLT,GARCH11-t
2023-12-22,0.0,0.00014166789595177864,TLT,GARCH11-t
2023-12-26,0.0,0.00013340090433880067,TLT,GARCH11-t
2023-12-27,0.0,0.0001351616146874793,TLT,GARCH11-t
2023-12-28,0.0,0.00013225751977566475,TLT,GARCH11-t
2023-12-29,0.0,0.00014299555371552524,TLT,GARCH11-t
2024-01-02,0.0,0.00012492914736252298,TLT,GARCH11-t
2024-01-03,0.0,0.00011980178919648357,TLT,GARCH11-t
2024-01-04,0.0,0.00011397941400421607,TLT,GARCH11-t
2024-01-05,0.0,0.00012969762512527169,TLT,GARCH11-t
2024-01-08,0.0,0.0001330487659773139,TLT,GARCH11-t
2024-01-09,0.0,0.00013190407925061612,TLT,GARCH11-t
2024-01-10,0.0,0.0001178139119312163,TLT,GARCH11-t
2024-01-11,0.0,0.00012013650223076757,TLT,GARCH11-t
2024-01-12,0.0,0.00010911177265794626,TLT,GARCH11-t
2024-01-16,0.0,0.00010434343093149127,TLT,GARCH11-t
2024-01-17,0.0,0.00011967658099215893,TLT,GARCH11-t
2024-01-18,0.0,0.00011967261824815534,TLT,GARCH11-t
2024-01-19,0.0,0.00011963416057337887,TLT,GARCH11-t
2024-01-22,0.0,0.00010905828766815889,TLT,GARCH11-t
2024-01-23,0.0,0.0001062382201238145,TLT,GARCH11-t
2024-01-24,0.0,0.00011643653731476566,TLT,GARCH11-t
2024-01-25,0.0,0.00010280110858294334,TLT,GARCH11-t
2024-01-26,0.0,0.0001089460139240796,TLT,GARCH11-t
2024-01-29,0.0,9.69357524544607e-05,TLT,GARCH11-t
2024-01-30,0.0,0.00010196288816139467,TLT,GARCH11-t
2024-01-31,0.0,0.00011127041836262141,TLT,GARCH11-t
2024-02-01,0.0,0.00010418015961123888,TLT,GARCH11-t
2024-02-02,0.0,0.00012338659646818708,TLT,GARCH11-t
2024-02-05,0.0,0.00015826943151046977,TLT,GARCH11-t
2024-02-06,0.0,0.0001687674310355738,TLT,GARCH11-t
2024-02-07,0.0,0.00016213589158585456,TLT,GARCH11-t
2024-02-08,0.0,0.00014843010720967046,TLT,GARCH11-t
2024-02-09,0.0,0.00011644812553741908,TLT,GARCH11-t
2024-02-12,0.0,0.00012813086863305164,TLT,GARCH11-t
2024-02-13,0.0,0.00013267493840510958,TLT,GARCH11-t
2024-02-14,0.0,0.00013279998153476158,TLT,GARCH11-t
2024-02-15,0.0,0.0001254017258186203,TLT,GARCH11-t
2024-02-16,0.0,0.00012040698713564906,TLT,GARCH11-t
2024-02-20,0.0,0.0001243649527481189,TLT,GARCH11-t
2024-02-21,0.0,0.00011000137212885026,TLT,GARCH11-t
2024-02-22,0.0,0.00010763375182708715,TLT,GARCH11-t
2024-02-23,0.0,0.0001029872576997137,TLT,GARCH11-t
2024-02-26,0.0,0.00011062453848732437,TLT,GARCH11-t
2024-02-27,0.0,0.00010541442300380806,TLT,GARCH11-t
2024-02-28,0.0,0.0001093152299721083,TLT,GARCH11-t
2024-02-29,0.0,0.00010059778051208948,TLT,GARCH11-t
2024-03-01,0.0,9.815649782001843e-05,TLT,GARCH11-t
2024-03-04,0.0,9.584623301122348e-05,TLT,GARCH11-t
2024-03-05,0.0,0.00010221691614035836,TLT,GARCH11-t
2024-03-06,0.0,0.00010447216386001342,TLT,GARCH11-t
2024-03-07,0.0,0.00010051696218596266,TLT,GARCH11-t
2024-03-08,0.0,9.430812582696599e-05,TLT,GARCH11-t
2024-03-11,0.0,8.719265353326089e-05,TLT,GARCH11-t
2024-03-12,0.0,8.327414223229804e-05,TLT,GARCH11-t
2024-03-13,0.0,8.380014397516376e-05,TLT,GARCH11-t
2024-03-14,0.0,8.7114886260211e-05,TLT,GARCH11-t
2024-03-15,0.0,0.00010641889994287192,TLT,GARCH11-t
2024-03-18,0.0,9.71445548692854e-05,TLT,GARCH11-t
2024-03-19,0.0,9.080523502833507e-05,TLT,GARCH11-t
2024-03-20,0.0,8.619322871682744e-05,TLT,GARCH11-t
2024-03-21,0.0,8.132454466521526e-05,TLT,GARCH11-t
2024-03-22,0.0,7.693097298200064e-05,TLT,GARCH11-t
2024-03-25,0.0,8.279268506175223e-05,TLT,GARCH11-t
2024-03-26,0.0,7.98015601439246e-05,TLT,GARCH11-t
2024-03-27,0.0,7.940582158963654e-05,TLT,GARCH11-t
2024-03-28,0.0,8.232530708420917e-05,TLT,GARCH11-t
2024-04-01,0.0,7.661921818619592e-05,TLT,GARCH11-t
2024-04-02,0.0,0.00011357592231055387,TLT,GARCH11-t
2024-04-03,0.0,0.00010577265367156619,TLT,GARCH11-t
2024-04-04,0.0,9.594917797040878e-05,TLT,GARCH11-t
2024-04-05,0.0,9.85991924444466e-05,TLT,GARCH11-t
2024-04-08,0.0,0.00012974479527142494,TLT,GARCH11-t
2024-04-09,0.0,9.722299924477148e-05,TLT,GARCH11-t
2024-04-10,0.0,9.518052855908733e-05,TLT,GARCH11-t
2024-04-11,0.0,0.00018746950568722224,TLT,GARCH11-t
2024-04-12,0.0,0.000126880611770763,TLT,GARCH11-t
2024-04-15,0.0,0.00011482382074135943,TLT,GARCH11-t
2024-04-16,0.0,0.0001290235239543211,TLT,GARCH11-t
2024-04-17,0.0,0.00011908776774162266,TLT,GARCH11-t
2024-04-18,0.0,0.00011955863179952433,TLT,GARCH11-t
2024-04-19,0.0,0.00010074420097621391,TLT,GARCH11-t
2024-04-22,0.0,9.560117911739456e-05,TLT,GARCH11-t
2024-04-23,0.0,9.888050300378953e-05,TLT,GARCH11-t
2024-04-24,0.0,9.157691941533464e-05,TLT,GARCH11-t
2024-04-25,0.0,8.725398146605512e-05,TLT,GARCH11-t
2024-04-26,0.0,8.933673924501397e-05,TLT,GARCH11-t
2024-04-29,0.0,8.588712252409518e-05,TLT,GARCH11-t
2024-04-30,0.0,8.748423525835013e-05,TLT,GARCH11-t
2024-05-01,0.0,8.756010302429817e-05,TLT,GARCH11-t
2024-05-02,0.0,8.429761760929899e-05,TLT,GARCH11-t
2024-05-03,0.0,7.753178229291353e-05,TLT,GARCH11-t
2024-05-06,0.0,7.946312346229019e-05,TLT,GARCH11-t
2024-05-07,0.0,7.677784129433995e-05,TLT,GARCH11-t
2024-05-08,0.0,8.023428711122437e-05,TLT,GARCH11-t
2024-05-09,0.0,7.87308154944568e-05,TLT,GARCH11-t
2024-05-10,0.0,7.229017275334458e-05,TLT,GARCH11-t
2024-05-13,0.0,7.095160768346284e-05,TLT,GARCH11-t
2024-05-14,0.0,6.838615055875563e-05,TLT,GARCH11-t
2024-05-15,0.0,6.732524222933423e-05,TLT,GARCH11-t
2024-05-16,0.0,7.40680417016142e-05,TLT,GARCH11-t
2024-05-17,0.0,7.615662453506786e-05,TLT,GARCH11-t
2024-05-20,0.0,7.064923721101604e-05,TLT,GARCH11-t
2024-05-21,0.0,6.828002068193992e-05,TLT,GARCH11-t
2024-05-22,0.0,7.08002150498593e-05,TLT,GARCH11-t
2024-05-23,0.0,6.346954483664588e-05,TLT,GARCH11-t
2024-05-24,0.0,6.303686208552098e-05,TLT,GARCH11-t
2024-05-28,0.0,6.50503407187977e-05,TLT,GARCH11-t
2024-05-29,0.0,7.398337548257948e-05,TLT,GARCH11-t
2024-05-30,0.0,7.990792885158712e-05,TLT,GARCH11-t
2024-05-31,0.0,7.718113821246844e-05,TLT,GARCH11-t
2024-06-03,0.0,8.079671774820788e-05,TLT,GARCH11-t
2024-06-04,0.0,8.625876407159081e-05,TLT,GARCH11-t
2024-06-05,0.0,8.920462201862565e-05,TLT,GARCH11-t
2024-06-06,0.0,8.79159651885178e-05,TLT,GARCH11-t
2024-06-07,0.0,8.878316750608495e-05,TLT,GARCH11-t
2024-06-10,0.0,9.76882544536216e-05,TLT,GARCH11-t
2024-06-11,0.0,9.522176449798299e-05,TLT,GARCH11-t
2024-06-12,0.0,9.619733274437605e-05,TLT,GARCH11-t
2024-06-13,0.0,9.455739406139563e-05,TLT,GARCH11-t
2024-06-14,0.0,0.00010922541389493423,TLT,GARCH11-t
2024-06-17,0.0,9.965975752634045e-05,TLT,GARCH11-t
2024-06-18,0.0,0.00010675187247714704,TLT,GARCH11-t
2024-06-20,0.0,9.942942022952183e-05,TLT,GARCH11-t
2024-06-21,0.0,0.00010227254477863227,TLT,GARCH11-t
2024-06-24,0.0,9.242054804460224e-05,TLT,GARCH11-t
2024-06-25,0.0,8.887391560418759e-05,TLT,GARCH11-t
2024-06-26,0.0,8.493457133507804e-05,TLT,GARCH11-t
2024-06-27,0.0,9.53781338178388e-05,TLT,GARCH11-t
2024-06-28,0.0,8.843759729803164e-05,TLT,GARCH11-t
2024-07-01,0.0,0.00010251826366235811,TLT,GARCH11-t
2024-07-02,0.0,0.00011274678034917018,TLT,GARCH11-t
2024-07-03,0.0,0.00011827362674347637,TLT,GARCH11-t
2024-07-05,0.0,0.00011329348585996027,TLT,GARCH11-t
2024-07-08,0.0,0.00011102036600481966,TLT,GARCH11-t
2024-07-09,0.0,0.0001055404472513331,TLT,GARCH11-t
2024-07-10,0.0,0.00010138221322481609,TLT,GARCH11-t
2024-07-11,0.0,9.70523952946526e-05,TLT,GARCH11-t
2024-07-12,0.0,9.952853237510662e-05,TLT,GARCH11-t
2024-07-15,0.0,9.353038625675856e-05,TLT,GARCH11-t
2024-07-16,0.0,9.596034749424397e-05,TLT,GARCH11-t
2024-07-17,0.0,0.00010150419448945375,TLT,GARCH11-t
2024-07-18,0.0,9.667958312482284e-05,TLT,GARCH11-t
2024-07-19,0.0,9.545737965692018e-05,TLT,GARCH11-t
2024-07-22,0.0,9.280045641656674e-05,TLT,GARCH11-t
2024-07-23,0.0,8.850306495032846e-05,TLT,GARCH11-t
2024-07-24,0.0,8.46718190536483e-05,TLT,GARCH11-t
2024-07-25,0.0,8.703194794744388e-05,TLT,GARCH11-t
2024-07-26,0.0,8.661356564297805e-05,TLT,GARCH11-t
2024-07-29,0.0,8.36420607843742e-05,TLT,GARCH11-t
2024-07-30,0.0,8.190923840276989e-05,TLT,GARCH11-t
2024-07-31,0.0,7.953677484388802e-05,TLT,GARCH11-t
2024-08-01,0.0,8.385297312719267e-05,TLT,GARCH11-t
2024-08-02,0.0,8.37702302034941e-05,TLT,GARCH11-t
2024-08-05,0.0,0.0001267506416491802,TLT,GARCH11-t
2024-08-06,0.0,0.00012099417262442726,TLT,GARCH11-t
2024-08-07,0.0,0.0001544157628043405,TLT,GARCH11-t
2024-08-08,0.0,0.00013549594382268983,TLT,GARCH11-t
2024-08-09,0.0,0.00013008815258264814,TLT,GARCH11-t
2024-08-12,0.0,0.00012814951370330576,TLT,GARCH11-t
2024-08-13,0.0,0.0001302653046068887,TLT,GARCH11-t
2024-08-14,0.0,0.00011798640322141499,TLT,GARCH11-t
2024-08-15,0.0,0.00011398141628254358,TLT,GARCH11-t
2024-08-16,0.0,0.0001115821626675963,TLT,GARCH11-t
2024-08-19,0.0,0.00010659276759448935,TLT,GARCH11-t
2024-08-20,0.0,0.00010967395737555728,TLT,GARCH11-t
2024-08-21,0.0,0.0001052249405030016,TLT,GARCH11-t
2024-08-22,0.0,9.74611108987912e-05,TLT,GARCH11-t
2024-08-23,0.0,9.637735406345782e-05,TLT,GARCH11-t
2024-08-26,0.0,8.838104737898903e-05,TLT,GARCH11-t
2024-08-27,0.0,8.260008138636275e-05,TLT,GARCH11-t
2024-08-28,0.0,7.806623052001607e-05,TLT,GARCH11-t
2024-08-29,0.0,7.259951432907693e-05,TLT,GARCH11-t
2024-08-30,0.0,7.009610978854e-05,TLT,GARCH11-t
2024-09-03,0.0,8.104580801598348e-05,TLT,GARCH11-t
2024-09-04,0.0,9.360287029351907e-05,TLT,GARCH11-t
2024-09-05,0.0,0.00011154547951287502,TLT,GARCH11-t
2024-09-06,0.0,0.00010212978148730524,TLT,GARCH11-t
2024-09-09,0.0,8.715521479050465e-05,TLT,GARCH11-t
2024-09-10,0.0,8.782246835455188e-05,TLT,GARCH11-t
2024-09-11,0.0,8.497639045190191e-05,TLT,GARCH11-t
2024-09-12,0.0,7.078778182543999e-05,TLT,GARCH11-t
2024-09-13,0.0,7.761933174194742e-05,TLT,GARCH11-t
2024-09-16,0.0,7.47637850031025e-05,TLT,GARCH11-t
2024-09-17,0.0,7.024864757784177e-05,TLT,GARCH11-t
2024-09-18,0.0,7.398617204137148e-05,TLT,GARCH11-t
2024-09-19,0.0,7.893500859602293e-05,TLT,GARCH11-t
2024-09-20,0.0,7.61293892776022e-05,TLT,GARCH11-t
2024-09-23,0.0,7.375698068486746e-05,TLT,GARCH11-t
2024-09-24,0.0,7.027383474179005e-05,TLT,GARCH11-t
2024-09-25,0.0,6.74462796733346e-05,TLT,GARCH11-t
2024-09-26,0.0,6.85686838217648e-05,TLT,GARCH11-t
2024-09-27,0.0,6.538085713004617e-05,TLT,GARCH11-t
2024-09-30,0.0,6.234175099738683e-05,TLT,GARCH11-t
2024-10-01,0.0,6.121576129995154e-05,TLT,GARCH11-t
2024-10-02,0.0,6.338284091858207e-05,TLT,GARCH11-t
2024-10-03,0.0,6.1030195967726364e-05,TLT,GARCH11-t
2024-10-04,0.0,6.604114888010087e-05,TLT,GARCH11-t
2024-10-07,0.0,6.679951799633033e-05,TLT,GARCH11-t
2024-10-08,0.0,6.654390093488456e-05,TLT,GARCH11-t
2024-10-09,0.0,6.815814269218422e-05,TLT,GARCH11-t
2024-10-10,0.0,6.649725378093371e-05,TLT,GARCH11-t
2024-10-11,0.0,6.464633893182793e-05,TLT,GARCH11-t
2024-10-14,0.0,6.657242895493751e-05,TLT,GARCH11-t
2024-10-15,0.0,6.026925402285396e-05,TLT,GARCH11-t
2024-10-16,0.0,6.719995423186195e-05,TLT,GARCH11-t
2024-10-17,0.0,6.219202784064414e-05,TLT,GARCH11-t
2024-10-18,0.0,7.065700233992057e-05,TLT,GARCH11-t
2024-10-21,0.0,6.939424643692374e-05,TLT,GARCH11-t
2024-10-22,0.0,9.724923111560978e-05,TLT,GARCH11-t
2024-10-23,0.0,9.079313517945904e-05,TLT,GARCH11-t
2024-10-24,0.0,8.770300738219307e-05,TLT,GARCH11-t
2024-10-25,0.0,8.562105647874471e-05,TLT,GARCH11-t
2024-10-28,0.0,8.309398287942345e-05,TLT,GARCH11-t
2024-10-29,0.0,8.190798280598781e-05,TLT,GARCH11-t
2024-10-30,0.0,7.625660643981785e-05,TLT,GARCH11-t
2024-10-31,0.0,7.241126658823821e-05,TLT,GARCH11-t
2024-11-01,0.0,7.223377984258932e-05,TLT,GARCH11-t
2024-11-04,0.0,7.98245067598103e-05,TLT,GARCH11-t
2024-11-05,0.0,0.00011073717551718352,TLT,GARCH11-t
2024-11-06,0.0,9.021062740973554e-05,TLT,GARCH11-t
2024-11-07,0.0,0.00016955185020040817,TLT,GARCH11-t
2024-11-08,0.0,0.000142578312731134,TLT,GARCH11-t
2024-11-11,0.0,0.0001264917070913607,TLT,GARCH11-t
2024-11-12,0.0,9.161391713054086e-05,TLT,GARCH11-t
2024-11-13,0.0,0.00011186076255426655,TLT,GARCH11-t
2024-11-14,0.0,9.743268682092903e-05,TLT,GARCH11-t
2024-11-15,0.0,8.422314571998253e-05,TLT,GARCH11-t
2024-11-18,0.0,7.540125314625285e-05,TLT,GARCH11-t
2024-11-19,0.0,7.376838841186368e-05,TLT,GARCH11-t
2024-11-20,0.0,7.207960473636663e-05,TLT,GARCH11-t
2024-11-21,0.0,7.017283303536776e-05,TLT,GARCH11-t
2024-11-22,0.0,7.128459834053545e-05,TLT,GARCH11-t
2024-11-25,0.0,6.460252932656842e-05,TLT,GARCH11-t
2024-11-26,0.0,0.00014256652727055488,TLT,GARCH11-t
2024-11-27,0.0,0.00010242677146379788,TLT,GARCH11-t
2024-11-29,0.0,9.017418889556906e-05,TLT,GARCH11-t
2024-12-02,0.0,8.975792177127427e-05,TLT,GARCH11-t
2024-12-03,0.0,7.942160460691782e-05,TLT,GARCH11-t
2024-12-04,0.0,8.128890571057956e-05,TLT,GARCH11-t
2024-12-05,0.0,8.579045807001351e-05,TLT,GARCH11-t
2024-12-06,0.0,7.658286510847933e-05,TLT,GARCH11-t
2024-12-09,0.0,7.212678121937609e-05,TLT,GARCH11-t
2024-12-10,0.0,7.937050578080364e-05,TLT,GARCH11-t
2024-12-11,0.0,7.547558516656788e-05,TLT,GARCH11-t
2024-12-12,0.0,7.929771264807655e-05,TLT,GARCH11-t
2024-12-13,0.0,8.714895655859871e-05,TLT,GARCH11-t
2024-12-16,0.0,8.459780973912444e-05,TLT,GARCH11-t
2024-12-17,0.0,7.606905693512855e-05,TLT,GARCH11-t
2024-12-18,0.0,7.186937605423074e-05,TLT,GARCH11-t
2024-12-19,0.0,8.298356677906704e-05,TLT,GARCH11-t
2024-12-20,0.0,9.603836181534418e-05,TLT,GARCH11-t
2024-12-23,0.0,8.313746559078479e-05,TLT,GARCH11-t
2024-12-24,0.0,8.24225379915966e-05,TLT,GARCH11-t
2024-12-26,0.0,7.666019377930874e-05,TLT,GARCH11-t
2024-12-27,0.0,7.134347466758982e-05,TLT,GARCH11-t
2024-12-30,0.0,7.463179870580607e-05,TLT,GARCH11-t
2024-12-31,0.0,7.636955574388571e-05,TLT,GARCH11-t
2025-01-02,0.0,7.374536469538097e-05,TLT,GARCH11-t
2025-01-03,0.0,7.034342283992643e-05,TLT,GARCH11-t
2025-01-06,0.0,6.827796889130772e-05,TLT,GARCH11-t
2025-01-07,0.0,6.850732651988154e-05,TLT,GARCH11-t
2025-01-08,0.0,7.91415482230912e-05,TLT,GARCH11-t
2025-01-10,0.0,7.157891948282073e-05,TLT,GARCH11-t
2025-01-13,0.0,7.23172560897284e-05,TLT,GARCH11-t
2025-01-14,0.0,6.817066982823283e-05,TLT,GARCH11-t
2025-01-15,0.0,6.586799080548609e-05,TLT,GARCH11-t
2025-01-16,0.0,9.400729792846579e-05,TLT,GARCH11-t
2025-01-17,0.0,7.886703232517397e-05,TLT,GARCH11-t
2025-01-21,0.0,7.133686163429532e-05,TLT,GARCH11-t
2025-01-22,0.0,7.550418731547478e-05,TLT,GARCH11-t
2025-01-23,0.0,7.234556562349108e-05,TLT,GARCH11-t
2025-01-24,0.0,7.4166654754346e-05,TLT,GARCH11-t
2025-01-27,0.0,7.097781171890777e-05,TLT,GARCH11-t
2025-01-28,0.0,8.08294570325087e-05,TLT,GARCH11-t
2025-01-29,0.0,7.24739594812769e-05,TLT,GARCH11-t
2025-01-30,0.0,6.854963475302e-05,TLT,GARCH11-t
2025-01-31,0.0,7.080492375530553e-05,TLT,GARCH11-t
2025-02-03,0.0,6.931263520459398e-05,TLT,GARCH11-t
2025-02-04,0.0,7.069534103139404e-05,TLT,GARCH11-t
2025-02-05,0.0,6.866062425667737e-05,TLT,GARCH11-t
2025-02-06,0.0,7.98069844539109e-05,TLT,GARCH11-t
2025-02-07,0.0,7.404657517762778e-05,TLT,GARCH11-t
2025-02-10,0.0,7.286911068907074e-05,TLT,GARCH11-t
2025-02-11,0.0,7.088378606009377e-05,TLT,GARCH11-t
2025-02-12,0.0,7.091782882555476e-05,TLT,GARCH11-t
2025-02-13,0.0,7.663285985148741e-05,TLT,GARCH11-t
2025-02-14,0.0,8.532156400389626e-05,TLT,GARCH11-t
2025-02-18,0.0,7.782476353841352e-05,TLT,GARCH11-t
2025-02-19,0.0,8.03237589740027e-05,TLT,GARCH11-t
2025-02-20,0.0,7.479901847641141e-05,TLT,GARCH11-t
2025-02-21,0.0,7.220132403149396e-05,TLT,GARCH11-t
2025-02-24,0.0,8.120187695454193e-05,TLT,GARCH11-t
2025-02-25,0.0,7.316297380528206e-05,TLT,GARCH11-t
2025-02-26,0.0,8.30660522138024e-05,TLT,GARCH11-t
2025-02-27,0.0,7.681060883052733e-05,TLT,GARCH11-t
2025-02-28,0.0,7.824089122714343e-05,TLT,GARCH11-t
2025-03-03,0.0,7.919725108575594e-05,TLT,GARCH11-t
2025-03-04,0.0,7.589525097529066e-05,TLT,GARCH11-t
2025-03-05,0.0,7.908993143492072e-05,TLT,GARCH11-t
2025-03-06,0.0,7.765458240637852e-05,TLT,GARCH11-t
2025-03-07,0.0,7.466986561815785e-05,TLT,GARCH11-t
2025-03-10,0.0,7.548333587965812e-05,TLT,GARCH11-t
2025-03-11,0.0,7.498702908690304e-05,TLT,GARCH11-t
2025-03-12,0.0,7.518844874772417e-05,TLT,GARCH11-t
2025-03-13,0.0,7.441437897310321e-05,TLT,GARCH11-t
2025-03-14,0.0,7.542382055691509e-05,TLT,GARCH11-t
2025-03-17,0.0,7.409888800848094e-05,TLT,GARCH11-t
2025-03-18,0.0,7.29604208106195e-05,TLT,GARCH11-t
2025-03-19,0.0,6.861621032923663e-05,TLT,GARCH11-t
2025-03-20,0.0,7.065059066027061e-05,TLT,GARCH11-t
2025-03-21,0.0,6.95707143073059e-05,TLT,GARCH11-t
2025-03-24,0.0,7.067173792664362e-05,TLT,GARCH11-t
2025-03-25,0.0,7.646399297858132e-05,TLT,GARCH11-t
2025-03-26,0.0,7.206397394924594e-05,TLT,GARCH11-t
2025-03-27,0.0,7.490749229919312e-05,TLT,GARCH11-t
2025-03-28,0.0,7.07454747088698e-05,TLT,GARCH11-t
2025-03-31,0.0,7.766088528070494e-05,TLT,GARCH11-t
2025-04-01,0.0,7.791450451353682e-05,TLT,GARCH11-t
2025-04-02,0.0,7.784637927131424e-05,TLT,GARCH11-t
2025-04-03,0.0,7.260234566907075e-05,TLT,GARCH11-t
2025-04-04,0.0,7.10972167403355e-05,TLT,GARCH11-t
2025-04-07,0.0,7.514395720865653e-05,TLT,GARCH11-t
2025-04-08,0.0,0.0001272195420640591,TLT,GARCH11-t
2025-04-09,0.0,0.00013953374603346778,TLT,GARCH11-t
2025-04-10,0.0,0.0001041193821670151,TLT,GARCH11-t
2025-04-11,0.0,0.00017809258689585573,TLT,GARCH11-t
2025-04-14,0.0,0.00013334469198336983,TLT,GARCH11-t
2025-04-15,0.0,0.00010951278367569802,TLT,GARCH11-t
2025-04-16,0.0,8.261009703139244e-05,TLT,GARCH11-t
2025-04-17,0.0,8.162440037640602e-05,TLT,GARCH11-t
2025-04-21,0.0,8.107215776905743e-05,TLT,GARCH11-t
2025-04-22,0.0,0.00010269414283430991,TLT,GARCH11-t
2025-04-23,0.0,8.866459798602554e-05,TLT,GARCH11-t
2025-04-24,0.0,8.809184774282849e-05,TLT,GARCH11-t
2025-04-25,0.0,8.865121177168465e-05,TLT,GARCH11-t
2025-04-28,0.0,8.244941992342316e-05,TLT,GARCH11-t
2025-04-29,0.0,7.857353081120335e-05,TLT,GARCH11-t
2025-04-30,0.0,7.886912151865619e-05,TLT,GARCH11-t
2025-05-01,0.0,7.873536984222309e-05,TLT,GARCH11-t
2025-05-02,0.0,7.561608068042576e-05,TLT,GARCH11-t
2025-05-05,0.0,8.132846373558249e-05,TLT,GARCH11-t
2025-05-06,0.0,7.660973435854389e-05,TLT,GARCH11-t
2025-05-07,0.0,7.176109940069294e-05,TLT,GARCH11-t
2025-05-08,0.0,6.929407540374658e-05,TLT,GARCH11-t
2025-05-09,0.0,8.073958023537806e-05,TLT,GARCH11-t
2025-05-12,0.0,7.466603902729288e-05,TLT,GARCH11-t
2025-05-13,0.0,7.890230232418389e-05,TLT,GARCH11-t
2025-05-14,0.0,7.511455425389743e-05,TLT,GARCH11-t
2025-05-15,0.0,7.542408330756407e-05,TLT,GARCH11-t
2025-05-16,0.0,7.833080834605577e-05,TLT,GARCH11-t
2025-05-19,0.0,7.369634191647409e-05,TLT,GARCH11-t
2025-05-20,0.0,7.275158669761563e-05,TLT,GARCH11-t
2025-05-21,0.0,7.521296551633803e-05,TLT,GARCH11-t
2025-05-22,0.0,9.72144496558924e-05,TLT,GARCH11-t
2025-05-23,0.0,8.575716395530719e-05,TLT,GARCH11-t
2025-05-27,0.0,7.84075744116862e-05,TLT,GARCH11-t
2025-05-28,0.0,8.889620117387613e-05,TLT,GARCH11-t
2025-05-29,0.0,8.180056095069976e-05,TLT,GARCH11-t
2025-05-30,0.0,8.382272316318152e-05,TLT,GARCH11-t
2025-06-02,0.0,7.664150923917535e-05,TLT,GARCH11-t
2025-06-03,0.0,7.943041919400575e-05,TLT,GARCH11-t
2025-06-04,0.0,7.494471500590236e-05,TLT,GARCH11-t
2025-06-05,0.0,8.98111899511557e-05,TLT,GARCH11-t
2025-06-06,0.0,8.113107273719189e-05,TLT,GARCH11-t
2025-06-09,0.0,8.674601629089318e-05,TLT,GARCH11-t
2025-06-10,0.0,7.963608848563479e-05,TLT,GARCH11-t
2025-06-11,0.0,7.865167105249136e-05,TLT,GARCH11-t
2025-06-12,0.0,7.336146227694088e-05,TLT,GARCH11-t
2025-06-13,0.0,8.089798372236474e-05,TLT,GARCH11-t
2025-06-16,0.0,8.180470477647296e-05,TLT,GARCH11-t
2025-06-17,0.0,8.285675271397528e-05,TLT,GARCH11-t
2025-06-18,0.0,8.661372744881075e-05,TLT,GARCH11-t
2025-06-20,0.0,7.980263562948253e-05,TLT,GARCH11-t
2025-06-23,0.0,7.434011162013072e-05,TLT,GARCH11-t
2025-06-24,0.0,7.237438997103323e-05,TLT,GARCH11-t
2025-06-25,0.0,7.435490034115845e-05,TLT,GARCH11-t
2025-06-26,0.0,7.156856428542664e-05,TLT,GARCH11-t
2025-06-27,0.0,7.291896023611416e-05,TLT,GARCH11-t
2025-06-30,0.0,7.37650995346684e-05,TLT,GARCH11-t
2025-07-01,0.0,7.568844934455912e-05,TLT,GARCH11-t
2025-07-02,0.0,7.418083319266034e-05,TLT,GARCH11-t
2025-07-03,0.0,7.328734629653458e-05,TLT,GARCH11-t
2025-07-07,0.0,7.295131863183587e-05,TLT,GARCH11-t
2025-07-08,0.0,7.573947949031956e-05,TLT,GARCH11-t
2025-07-09,0.0,7.148942539229972e-05,TLT,GARCH11-t
2025-07-10,0.0,7.605268879923927e-05,TLT,GARCH11-t
2025-07-11,0.0,7.207259119275711e-05,TLT,GARCH11-t
2025-07-14,0.0,8.125578628312294e-05,TLT,GARCH11-t
2025-07-15,0.0,7.558202687273178e-05,TLT,GARCH11-t
2025-07-16,0.0,7.481122068995718e-05,TLT,GARCH11-t
2025-07-17,0.0,7.130030857861122e-05,TLT,GARCH11-t
2025-07-18,0.0,7.008180808907268e-05,TLT,GARCH11-t
2025-07-21,0.0,6.717923459445961e-05,TLT,GARCH11-t
2025-07-22,0.0,7.142389228760785e-05,TLT,GARCH11-t
2025-07-23,0.0,7.118297257754394e-05,TLT,GARCH11-t
2025-07-24,0.0,7.06205101557359e-05,TLT,GARCH11-t
2025-07-25,0.0,6.944448939285531e-05,TLT,GARCH11-t
2025-07-28,0.0,6.845241838525243e-05,TLT,GARCH11-t
2025-07-29,0.0,7.071385729857599e-05,TLT,GARCH11-t
2025-07-30,0.0,8.083749438932948e-05,TLT,GARCH11-t
2025-07-31,0.0,7.89763074742782e-05,TLT,GARCH11-t
2025-08-01,0.0,7.460465395716818e-05,TLT,GARCH11-t
2025-08-04,0.0,8.226619847862556e-05,TLT,GARCH11-t
2025-08-05,0.0,7.697294118107407e-05,TLT,GARCH11-t
2025-08-06,0.0,7.362207941754483e-05,TLT,GARCH11-t
2025-08-07,0.0,7.131878858961731e-05,TLT,GARCH11-t
2025-08-08,0.0,6.75522840427788e-05,TLT,GARCH11-t
2025-08-11,0.0,6.689567280958658e-05,TLT,GARCH11-t
2025-08-12,0.0,6.48207150820297e-05,TLT,GARCH11-t
2025-08-13,0.0,6.426336725299123e-05,TLT,GARCH11-t
2025-08-14,0.0,6.571032549090126e-05,TLT,GARCH11-t
