Date,pred,asset,model
2007-01-05,0.0002502503215234057,TLT,"ARIMA(1,0,1)"
2007-01-08,-0.0002447012609834904,TLT,"ARIMA(1,0,1)"
2007-01-09,0.000332176447662033,TLT,"ARIMA(1,0,1)"
2007-01-10,-6.595774179440541e-05,TLT,"ARIMA(1,0,1)"
2007-01-11,-0.0001563917820376558,TLT,"ARIMA(1,0,1)"
2007-01-12,-0.00017764135076928106,TLT,"ARIMA(1,0,1)"
2007-01-16,-0.00010294419026309048,TLT,"ARIMA(1,0,1)"
2007-01-17,0.00022379656546334602,TLT,"ARIMA(1,0,1)"
2007-01-18,-0.000257849430179798,TLT,"ARIMA(1,0,1)"
2007-01-19,0.0002664595445137154,TLT,"ARIMA(1,0,1)"
2007-01-22,-0.0002589440548765156,TLT,"ARIMA(1,0,1)"
2007-01-23,0.00018772338421359894,TLT,"ARIMA(1,0,1)"
2007-01-24,-0.00029907178968284606,TLT,"ARIMA(1,0,1)"
2007-01-25,6.366531955002722e-05,TLT,"ARIMA(1,0,1)"
2007-01-26,-0.0002435952102215192,TLT,"ARIMA(1,0,1)"
2007-01-29,1.0462011390133326e-06,TLT,"ARIMA(1,0,1)"
2007-01-30,-5.697837192066277e-05,TLT,"ARIMA(1,0,1)"
2007-01-31,4.743400454390428e-05,TLT,"ARIMA(1,0,1)"
2007-02-01,0.0003220854534817464,TLT,"ARIMA(1,0,1)"
2007-02-02,-2.401527419901194e-05,TLT,"ARIMA(1,0,1)"
2007-02-05,8.52669302516041e-05,TLT,"ARIMA(1,0,1)"
2007-02-06,0.00010188884460756703,TLT,"ARIMA(1,0,1)"
2007-02-07,0.0002248492419098515,TLT,"ARIMA(1,0,1)"
2007-02-08,0.0002809648330344972,TLT,"ARIMA(1,0,1)"
2007-02-09,0.00019920453204356087,TLT,"ARIMA(1,0,1)"
2007-02-12,-0.00013542817163236548,TLT,"ARIMA(1,0,1)"
2007-02-13,-9.491798777963459e-05,TLT,"ARIMA(1,0,1)"
2007-02-14,-7.826855126990835e-05,TLT,"ARIMA(1,0,1)"
2007-02-15,0.000434387058636835,TLT,"ARIMA(1,0,1)"
2007-02-16,0.00020682068779813808,TLT,"ARIMA(1,0,1)"
2007-02-20,0.00028391164556491655,TLT,"ARIMA(1,0,1)"
2007-02-21,0.00021190865126712627,TLT,"ARIMA(1,0,1)"
2007-02-22,-3.1895434508524056e-05,TLT,"ARIMA(1,0,1)"
2007-02-23,-0.00021605331292571698,TLT,"ARIMA(1,0,1)"
2007-02-26,0.00047206092168940004,TLT,"ARIMA(1,0,1)"
2007-02-27,0.00029206492653023554,TLT,"ARIMA(1,0,1)"
2007-02-28,0.0010843074139601288,TLT,"ARIMA(1,0,1)"
2007-03-01,-0.0001412219748857542,TLT,"ARIMA(1,0,1)"
2007-03-02,0.00014523249640010832,TLT,"ARIMA(1,0,1)"
2007-03-05,0.0002892405062729212,TLT,"ARIMA(1,0,1)"
2007-03-06,0.00020236807533673652,TLT,"ARIMA(1,0,1)"
2007-03-07,8.070811812350365e-05,TLT,"ARIMA(1,0,1)"
2007-03-08,0.0004746581782801092,TLT,"ARIMA(1,0,1)"
2007-03-09,0.00010864209439402617,TLT,"ARIMA(1,0,1)"
2007-03-12,-0.00011036246359504936,TLT,"ARIMA(1,0,1)"
2007-03-13,0.0005236849541076664,TLT,"ARIMA(1,0,1)"
2007-03-14,0.00030033486326109496,TLT,"ARIMA(1,0,1)"
2007-03-15,-6.0665053708358456e-05,TLT,"ARIMA(1,0,1)"
2007-03-16,0.0004281877025112963,TLT,"ARIMA(1,0,1)"
2007-03-19,7.64227488934655e-05,TLT,"ARIMA(1,0,1)"
2007-03-20,0.0003373139647819622,TLT,"ARIMA(1,0,1)"
2007-03-21,0.00016761737419086217,TLT,"ARIMA(1,0,1)"
2007-03-22,0.0003292522145807572,TLT,"ARIMA(1,0,1)"
2007-03-23,-0.0009216500541384092,TLT,"ARIMA(1,0,1)"
2007-03-26,0.000959815029158918,TLT,"ARIMA(1,0,1)"
2007-03-27,0.00010871334575034532,TLT,"ARIMA(1,0,1)"
2007-03-28,0.0008057020151847489,TLT,"ARIMA(1,0,1)"
2007-03-29,-9.564224621500005e-05,TLT,"ARIMA(1,0,1)"
2007-03-30,0.0004139443973196139,TLT,"ARIMA(1,0,1)"
2007-04-02,-0.00013889899192213385,TLT,"ARIMA(1,0,1)"
2007-04-03,0.0005606290516969803,TLT,"ARIMA(1,0,1)"
2007-04-04,-0.00014431920913549095,TLT,"ARIMA(1,0,1)"
2007-04-05,0.000699613386287796,TLT,"ARIMA(1,0,1)"
2007-04-09,-0.00011765419686466852,TLT,"ARIMA(1,0,1)"
2007-04-10,0.00023174301685352652,TLT,"ARIMA(1,0,1)"
2007-04-11,0.00031777324746025485,TLT,"ARIMA(1,0,1)"
2007-04-12,0.00011006216811092906,TLT,"ARIMA(1,0,1)"
2007-04-13,0.00040061736127943945,TLT,"ARIMA(1,0,1)"
2007-04-16,-1.8368762934142997e-05,TLT,"ARIMA(1,0,1)"
2007-04-17,0.0007171211502499399,TLT,"ARIMA(1,0,1)"
2007-04-18,0.0002606599675639282,TLT,"ARIMA(1,0,1)"
2007-04-19,0.000683799754583356,TLT,"ARIMA(1,0,1)"
2007-04-20,6.282511836943618e-05,TLT,"ARIMA(1,0,1)"
2007-04-23,0.0004463515304776621,TLT,"ARIMA(1,0,1)"
2007-04-24,0.0005322803617008105,TLT,"ARIMA(1,0,1)"
2007-04-25,0.000454531552478663,TLT,"ARIMA(1,0,1)"
2007-04-26,4.787490307003498e-05,TLT,"ARIMA(1,0,1)"
2007-04-27,0.00013093251823350304,TLT,"ARIMA(1,0,1)"
2007-04-30,0.0004954898816847402,TLT,"ARIMA(1,0,1)"
2007-05-01,0.000921961188754476,TLT,"ARIMA(1,0,1)"
2007-05-02,6.595507619487325e-05,TLT,"ARIMA(1,0,1)"
2007-05-03,0.0005367263634111298,TLT,"ARIMA(1,0,1)"
2007-05-04,0.00019577190394734614,TLT,"ARIMA(1,0,1)"
2007-05-07,0.0007658510806965648,TLT,"ARIMA(1,0,1)"
2007-05-08,0.00041441223329083236,TLT,"ARIMA(1,0,1)"
2007-05-09,0.0002616480804270868,TLT,"ARIMA(1,0,1)"
2007-05-10,0.00018469997139004693,TLT,"ARIMA(1,0,1)"
2007-05-11,0.0005972836202960952,TLT,"ARIMA(1,0,1)"
2007-05-14,5.4904111531016344e-05,TLT,"ARIMA(1,0,1)"
2007-05-15,0.00037241000028409804,TLT,"ARIMA(1,0,1)"
2007-05-16,0.0003964579157588682,TLT,"ARIMA(1,0,1)"
2007-05-17,0.000379849506249887,TLT,"ARIMA(1,0,1)"
2007-05-18,6.411054353920402e-06,TLT,"ARIMA(1,0,1)"
2007-05-21,-9.858329319123953e-05,TLT,"ARIMA(1,0,1)"
2007-05-22,0.0007664997130145475,TLT,"ARIMA(1,0,1)"
2007-05-23,-0.000399323269865815,TLT,"ARIMA(1,0,1)"
2007-05-24,0.0003879188040817937,TLT,"ARIMA(1,0,1)"
2007-05-25,0.0002674950022836702,TLT,"ARIMA(1,0,1)"
2007-05-29,5.115803745439672e-05,TLT,"ARIMA(1,0,1)"
2007-05-30,0.0003621766834939371,TLT,"ARIMA(1,0,1)"
2007-05-31,0.0004047912922736012,TLT,"ARIMA(1,0,1)"
2007-06-01,6.439720626017181e-05,TLT,"ARIMA(1,0,1)"
2007-06-04,-8.055443404600518e-05,TLT,"ARIMA(1,0,1)"
2007-06-05,0.0008490073894463153,TLT,"ARIMA(1,0,1)"
2007-06-06,-0.0005829416676710847,TLT,"ARIMA(1,0,1)"
2007-06-07,0.000616637632106423,TLT,"ARIMA(1,0,1)"
2007-06-08,-0.0013146725081914729,TLT,"ARIMA(1,0,1)"
2007-06-11,0.00047952003907771566,TLT,"ARIMA(1,0,1)"
2007-06-12,-0.00017788757497828113,TLT,"ARIMA(1,0,1)"
2007-06-13,-0.0010521539278818628,TLT,"ARIMA(1,0,1)"
2007-06-14,0.0004886062964149888,TLT,"ARIMA(1,0,1)"
2007-06-15,5.1406204464253703e-05,TLT,"ARIMA(1,0,1)"
2007-06-18,0.000296894643107208,TLT,"ARIMA(1,0,1)"
2007-06-19,5.3780876544948485e-05,TLT,"ARIMA(1,0,1)"
2007-06-20,0.0002738874415002543,TLT,"ARIMA(1,0,1)"
2007-06-21,0.00015699498677004172,TLT,"ARIMA(1,0,1)"
2007-06-22,0.00011040561014733836,TLT,"ARIMA(1,0,1)"
2007-06-25,0.00016545559340403048,TLT,"ARIMA(1,0,1)"
2007-06-26,0.0002345605277106456,TLT,"ARIMA(1,0,1)"
2007-06-27,0.00016844857168106175,TLT,"ARIMA(1,0,1)"
2007-06-28,0.00038830497526545695,TLT,"ARIMA(1,0,1)"
2007-06-29,0.00020439355053827868,TLT,"ARIMA(1,0,1)"
2007-07-02,0.0003756447339736877,TLT,"ARIMA(1,0,1)"
2007-07-03,0.0004278033107653099,TLT,"ARIMA(1,0,1)"
2007-07-05,8.542065234781285e-05,TLT,"ARIMA(1,0,1)"
2007-07-06,-0.0001632991863737608,TLT,"ARIMA(1,0,1)"
2007-07-09,4.881585932845967e-05,TLT,"ARIMA(1,0,1)"
2007-07-10,0.0002982960280411755,TLT,"ARIMA(1,0,1)"
2007-07-11,0.0009303240129396961,TLT,"ARIMA(1,0,1)"
2007-07-12,0.00017753990610629156,TLT,"ARIMA(1,0,1)"
2007-07-13,0.00015095596410635102,TLT,"ARIMA(1,0,1)"
2007-07-16,0.0001606343638635929,TLT,"ARIMA(1,0,1)"
2007-07-17,0.00034830586924958153,TLT,"ARIMA(1,0,1)"
2007-07-18,0.0003224325452288691,TLT,"ARIMA(1,0,1)"
2007-07-19,0.0003014872280283714,TLT,"ARIMA(1,0,1)"
2007-07-20,0.00022243182947824446,TLT,"ARIMA(1,0,1)"
2007-07-23,0.00025769215179223786,TLT,"ARIMA(1,0,1)"
2007-07-24,0.00033784685473234414,TLT,"ARIMA(1,0,1)"
2007-07-25,0.00021738781343625622,TLT,"ARIMA(1,0,1)"
2007-07-26,0.0005625944083198031,TLT,"ARIMA(1,0,1)"
2007-07-27,0.0006182972551355074,TLT,"ARIMA(1,0,1)"
2007-07-30,0.0005137148395910332,TLT,"ARIMA(1,0,1)"
2007-07-31,0.0003465570386082976,TLT,"ARIMA(1,0,1)"
2007-08-01,0.0004960943441978564,TLT,"ARIMA(1,0,1)"
2007-08-02,0.00047314444587333055,TLT,"ARIMA(1,0,1)"
2007-08-03,0.0005040569543232962,TLT,"ARIMA(1,0,1)"
2007-08-06,0.00047385452161273554,TLT,"ARIMA(1,0,1)"
2007-08-07,0.0003630338323018918,TLT,"ARIMA(1,0,1)"
2007-08-08,0.00021710671601665683,TLT,"ARIMA(1,0,1)"
2007-08-09,0.0001698968527263765,TLT,"ARIMA(1,0,1)"
2007-08-10,0.0001841618702098317,TLT,"ARIMA(1,0,1)"
2007-08-13,0.0001900992191718648,TLT,"ARIMA(1,0,1)"
2007-08-14,0.00020483349171260387,TLT,"ARIMA(1,0,1)"
2007-08-15,0.00023036680365922592,TLT,"ARIMA(1,0,1)"
2007-08-16,0.00022507311748423299,TLT,"ARIMA(1,0,1)"
2007-08-17,0.00023325002651663479,TLT,"ARIMA(1,0,1)"
2007-08-20,0.00018899514587510108,TLT,"ARIMA(1,0,1)"
2007-08-21,0.000192662821380311,TLT,"ARIMA(1,0,1)"
2007-08-22,0.00020035492529714652,TLT,"ARIMA(1,0,1)"
2007-08-23,0.0001810969889687532,TLT,"ARIMA(1,0,1)"
2007-08-24,0.00019343470596291807,TLT,"ARIMA(1,0,1)"
2007-08-27,0.00021101806825049612,TLT,"ARIMA(1,0,1)"
2007-08-28,0.00022432922340314006,TLT,"ARIMA(1,0,1)"
2007-08-29,0.0002240585254407005,TLT,"ARIMA(1,0,1)"
2007-08-30,0.0002096291829645529,TLT,"ARIMA(1,0,1)"
2007-08-31,0.00023217381439481356,TLT,"ARIMA(1,0,1)"
2007-09-04,0.00022490711381220163,TLT,"ARIMA(1,0,1)"
2007-09-05,0.00021732052491852755,TLT,"ARIMA(1,0,1)"
2007-09-06,0.0001444474432260653,TLT,"ARIMA(1,0,1)"
2007-09-07,0.0003005243010673441,TLT,"ARIMA(1,0,1)"
2007-09-10,0.0003235462810469097,TLT,"ARIMA(1,0,1)"
2007-09-11,0.00034635003164664173,TLT,"ARIMA(1,0,1)"
2007-09-12,0.0003402142489190263,TLT,"ARIMA(1,0,1)"
2007-09-13,0.0003289897705144383,TLT,"ARIMA(1,0,1)"
2007-09-14,0.00027312273651197493,TLT,"ARIMA(1,0,1)"
2007-09-17,0.00027644632753687383,TLT,"ARIMA(1,0,1)"
2007-09-18,0.0003041061043842152,TLT,"ARIMA(1,0,1)"
2007-09-19,0.00027806374984137275,TLT,"ARIMA(1,0,1)"
2007-09-20,0.00019113035713550126,TLT,"ARIMA(1,0,1)"
2007-09-21,-0.0003547060201946565,TLT,"ARIMA(1,0,1)"
2007-09-24,0.00015522133674920576,TLT,"ARIMA(1,0,1)"
2007-09-25,0.00013292652362798996,TLT,"ARIMA(1,0,1)"
2007-09-26,9.728925255302204e-05,TLT,"ARIMA(1,0,1)"
2007-09-27,7.306687542727557e-05,TLT,"ARIMA(1,0,1)"
2007-09-28,0.00011717344197760025,TLT,"ARIMA(1,0,1)"
2007-10-01,0.00013749286289082026,TLT,"ARIMA(1,0,1)"
2007-10-02,0.0001669153125786018,TLT,"ARIMA(1,0,1)"
2007-10-03,0.00018653708959446232,TLT,"ARIMA(1,0,1)"
2007-10-04,0.0001613132683981432,TLT,"ARIMA(1,0,1)"
2007-10-05,0.0001942199265609852,TLT,"ARIMA(1,0,1)"
2007-10-08,0.00010908764047267474,TLT,"ARIMA(1,0,1)"
2007-10-09,0.0001349228033074087,TLT,"ARIMA(1,0,1)"
2007-10-10,0.00017301418202074188,TLT,"ARIMA(1,0,1)"
2007-10-11,0.00016260212585275446,TLT,"ARIMA(1,0,1)"
2007-10-12,0.0001909309985965198,TLT,"ARIMA(1,0,1)"
2007-10-15,0.00018326770067601393,TLT,"ARIMA(1,0,1)"
2007-10-16,0.0001819084096178358,TLT,"ARIMA(1,0,1)"
2007-10-17,0.00020327146630026805,TLT,"ARIMA(1,0,1)"
2007-10-18,0.00022871375385257017,TLT,"ARIMA(1,0,1)"
2007-10-19,0.0002474629629926575,TLT,"ARIMA(1,0,1)"
2007-10-22,0.0006363289571256545,TLT,"ARIMA(1,0,1)"
2007-10-23,0.0002886293632571422,TLT,"ARIMA(1,0,1)"
2007-10-24,0.00034230970755157154,TLT,"ARIMA(1,0,1)"
2007-10-25,0.00046204463919627506,TLT,"ARIMA(1,0,1)"
2007-10-26,0.00033850330889159414,TLT,"ARIMA(1,0,1)"
2007-10-29,0.00029803187428482816,TLT,"ARIMA(1,0,1)"
2007-10-30,0.00028769579695223313,TLT,"ARIMA(1,0,1)"
2007-10-31,0.0002671648928939894,TLT,"ARIMA(1,0,1)"
2007-11-01,0.00021626992141793438,TLT,"ARIMA(1,0,1)"
2007-11-02,0.00023797807765912093,TLT,"ARIMA(1,0,1)"
2007-11-05,0.00022874181991023698,TLT,"ARIMA(1,0,1)"
2007-11-06,0.00024333549586956886,TLT,"ARIMA(1,0,1)"
2007-11-07,0.0002717648780294455,TLT,"ARIMA(1,0,1)"
2007-11-08,-9.37298091693184e-05,TLT,"ARIMA(1,0,1)"
2007-11-09,0.00016863009987427448,TLT,"ARIMA(1,0,1)"
2007-11-12,0.0001195835243470174,TLT,"ARIMA(1,0,1)"
2007-11-13,0.0002777693768990045,TLT,"ARIMA(1,0,1)"
2007-11-14,0.00024575441956850824,TLT,"ARIMA(1,0,1)"
2007-11-15,0.0002509935192654371,TLT,"ARIMA(1,0,1)"
2007-11-16,0.0002726862282423093,TLT,"ARIMA(1,0,1)"
2007-11-19,0.0002932722225481324,TLT,"ARIMA(1,0,1)"
2007-11-20,0.000337096300423278,TLT,"ARIMA(1,0,1)"
2007-11-21,0.0003087573226355318,TLT,"ARIMA(1,0,1)"
2007-11-23,0.00024827421720366157,TLT,"ARIMA(1,0,1)"
2007-11-26,0.00025983520830574573,TLT,"ARIMA(1,0,1)"
2007-11-27,0.0004002255410998585,TLT,"ARIMA(1,0,1)"
2007-11-28,0.0010687376007028934,TLT,"ARIMA(1,0,1)"
2007-11-29,0.0003139572065203125,TLT,"ARIMA(1,0,1)"
2007-11-30,-0.0006018336970532889,TLT,"ARIMA(1,0,1)"
2007-12-03,0.0003849436212758481,TLT,"ARIMA(1,0,1)"
2007-12-04,8.267584735120872e-05,TLT,"ARIMA(1,0,1)"
2007-12-05,0.0002673001598251208,TLT,"ARIMA(1,0,1)"
2007-12-06,0.0007017773861970293,TLT,"ARIMA(1,0,1)"
2007-12-07,0.0002535294813318482,TLT,"ARIMA(1,0,1)"
2007-12-10,0.000362949190544733,TLT,"ARIMA(1,0,1)"
2007-12-11,0.00019377328597664273,TLT,"ARIMA(1,0,1)"
2007-12-12,0.0003041581202441746,TLT,"ARIMA(1,0,1)"
2007-12-13,0.000482003610820367,TLT,"ARIMA(1,0,1)"
2007-12-14,0.00022860166269829963,TLT,"ARIMA(1,0,1)"
2007-12-17,0.000209134524867998,TLT,"ARIMA(1,0,1)"
2007-12-18,0.00025901039822822725,TLT,"ARIMA(1,0,1)"
2007-12-19,0.00028235402666051805,TLT,"ARIMA(1,0,1)"
2007-12-20,0.0003333377043809356,TLT,"ARIMA(1,0,1)"
2007-12-21,0.0003309278457039751,TLT,"ARIMA(1,0,1)"
2007-12-24,0.0002709188498553495,TLT,"ARIMA(1,0,1)"
2007-12-26,0.00023012369129458597,TLT,"ARIMA(1,0,1)"
2007-12-27,0.0002290925113981288,TLT,"ARIMA(1,0,1)"
2007-12-28,0.0002575415083813856,TLT,"ARIMA(1,0,1)"
2007-12-31,0.0003508980325088412,TLT,"ARIMA(1,0,1)"
2008-01-02,0.0005951854831374986,TLT,"ARIMA(1,0,1)"
2008-01-03,0.0003747667140070659,TLT,"ARIMA(1,0,1)"
2008-01-04,0.0008430402833500692,TLT,"ARIMA(1,0,1)"
2008-01-07,0.0006381098319041595,TLT,"ARIMA(1,0,1)"
2008-01-08,0.0006695575114018385,TLT,"ARIMA(1,0,1)"
2008-01-09,0.0004957986575143778,TLT,"ARIMA(1,0,1)"
2008-01-10,0.0005557897980538404,TLT,"ARIMA(1,0,1)"
2008-01-11,0.00038101389998068094,TLT,"ARIMA(1,0,1)"
2008-01-14,0.0004351729921452578,TLT,"ARIMA(1,0,1)"
2008-01-15,0.00046834426727092174,TLT,"ARIMA(1,0,1)"
2008-01-16,0.0005040381316670572,TLT,"ARIMA(1,0,1)"
2008-01-17,0.0004874548748145986,TLT,"ARIMA(1,0,1)"
2008-01-18,0.000526370382351522,TLT,"ARIMA(1,0,1)"
2008-01-22,0.0005093492859331304,TLT,"ARIMA(1,0,1)"
2008-01-23,0.000542551675632977,TLT,"ARIMA(1,0,1)"
2008-01-24,0.0006676008095759002,TLT,"ARIMA(1,0,1)"
2008-01-25,0.0004797229119929303,TLT,"ARIMA(1,0,1)"
2008-01-28,0.0005746796057195628,TLT,"ARIMA(1,0,1)"
2008-01-29,0.0005880658291928645,TLT,"ARIMA(1,0,1)"
2008-01-30,-0.0004999667728142337,TLT,"ARIMA(1,0,1)"
2008-01-31,0.000514030987397385,TLT,"ARIMA(1,0,1)"
2008-02-01,0.0005088704080531866,TLT,"ARIMA(1,0,1)"
2008-02-04,0.0005374349959946166,TLT,"ARIMA(1,0,1)"
2008-02-05,0.000491402236885435,TLT,"ARIMA(1,0,1)"
2008-02-06,0.00029580091655826183,TLT,"ARIMA(1,0,1)"
2008-02-07,0.0006520632060565617,TLT,"ARIMA(1,0,1)"
2008-02-08,0.00172722290551783,TLT,"ARIMA(1,0,1)"
2008-02-11,0.0009092568518621281,TLT,"ARIMA(1,0,1)"
2008-02-12,0.0004931557278616345,TLT,"ARIMA(1,0,1)"
2008-02-13,0.0008588534056971897,TLT,"ARIMA(1,0,1)"
2008-02-14,0.0015515114870603823,TLT,"ARIMA(1,0,1)"
2008-02-15,0.0016647081861075948,TLT,"ARIMA(1,0,1)"
2008-02-19,0.00141704803283413,TLT,"ARIMA(1,0,1)"
2008-02-20,0.0014030115498918693,TLT,"ARIMA(1,0,1)"
2008-02-21,0.0006049612273951804,TLT,"ARIMA(1,0,1)"
2008-02-22,-0.00011142614378570207,TLT,"ARIMA(1,0,1)"
2008-02-25,0.00044509216269841243,TLT,"ARIMA(1,0,1)"
2008-02-26,0.0010522742176294307,TLT,"ARIMA(1,0,1)"
2008-02-27,0.0007602652951394539,TLT,"ARIMA(1,0,1)"
2008-02-28,0.0005185918645395412,TLT,"ARIMA(1,0,1)"
2008-02-29,-0.0004184718743027239,TLT,"ARIMA(1,0,1)"
2008-03-03,-0.0005321055896093877,TLT,"ARIMA(1,0,1)"
2008-03-04,-0.00021089192164425332,TLT,"ARIMA(1,0,1)"
2008-03-05,0.0006543185251185947,TLT,"ARIMA(1,0,1)"
2008-03-06,0.00024935250009474675,TLT,"ARIMA(1,0,1)"
2008-03-07,0.0002546801249433169,TLT,"ARIMA(1,0,1)"
2008-03-10,0.000263634642674885,TLT,"ARIMA(1,0,1)"
2008-03-11,0.00036647033234036295,TLT,"ARIMA(1,0,1)"
2008-03-12,0.0007000031123874547,TLT,"ARIMA(1,0,1)"
2008-03-13,0.00036655002026745687,TLT,"ARIMA(1,0,1)"
2008-03-14,0.00019194717740504078,TLT,"ARIMA(1,0,1)"
2008-03-17,-0.0005712252358044644,TLT,"ARIMA(1,0,1)"
2008-03-18,-0.0008899803609720321,TLT,"ARIMA(1,0,1)"
2008-03-19,-0.0004541243919172002,TLT,"ARIMA(1,0,1)"
2008-03-20,-0.0007823664555867962,TLT,"ARIMA(1,0,1)"
2008-03-24,-0.0002605720432584757,TLT,"ARIMA(1,0,1)"
2008-03-25,0.00030560499467024494,TLT,"ARIMA(1,0,1)"
2008-03-26,0.00033665932651070894,TLT,"ARIMA(1,0,1)"
2008-03-27,0.0009705307874307561,TLT,"ARIMA(1,0,1)"
2008-03-28,0.0013792058447345346,TLT,"ARIMA(1,0,1)"
2008-03-31,0.0003701754019725614,TLT,"ARIMA(1,0,1)"
2008-04-01,0.00020222573387944018,TLT,"ARIMA(1,0,1)"
2008-04-02,0.0016770643854721518,TLT,"ARIMA(1,0,1)"
2008-04-03,0.001188238746574302,TLT,"ARIMA(1,0,1)"
2008-04-04,0.0008640260313866488,TLT,"ARIMA(1,0,1)"
2008-04-07,8.740698615716661e-05,TLT,"ARIMA(1,0,1)"
2008-04-08,0.0006955935219710353,TLT,"ARIMA(1,0,1)"
2008-04-09,0.0010327904998632537,TLT,"ARIMA(1,0,1)"
2008-04-10,2.7324730474337605e-05,TLT,"ARIMA(1,0,1)"
2008-04-11,0.00048186681352413115,TLT,"ARIMA(1,0,1)"
2008-04-14,-7.96558694083528e-05,TLT,"ARIMA(1,0,1)"
2008-04-15,0.0007108841546582886,TLT,"ARIMA(1,0,1)"
2008-04-16,0.0017911167066585916,TLT,"ARIMA(1,0,1)"
2008-04-17,0.0021865081675642665,TLT,"ARIMA(1,0,1)"
2008-04-18,0.0016570638106469158,TLT,"ARIMA(1,0,1)"
2008-04-21,0.001512603193709704,TLT,"ARIMA(1,0,1)"
2008-04-22,0.0009675453429486018,TLT,"ARIMA(1,0,1)"
2008-04-23,0.0005626077780715923,TLT,"ARIMA(1,0,1)"
2008-04-24,0.0007746321616296774,TLT,"ARIMA(1,0,1)"
2008-04-25,0.0012755489744968236,TLT,"ARIMA(1,0,1)"
2008-04-28,0.0015433651011785147,TLT,"ARIMA(1,0,1)"
2008-04-29,0.0010316091466527288,TLT,"ARIMA(1,0,1)"
2008-04-30,0.0006151879155458563,TLT,"ARIMA(1,0,1)"
2008-05-01,0.00011609463543166038,TLT,"ARIMA(1,0,1)"
2008-05-02,0.00020323160070069904,TLT,"ARIMA(1,0,1)"
2008-05-05,0.00131791590902242,TLT,"ARIMA(1,0,1)"
2008-05-06,0.001178938482720916,TLT,"ARIMA(1,0,1)"
2008-05-07,0.0011775520380412673,TLT,"ARIMA(1,0,1)"
2008-05-08,0.0008722658676738506,TLT,"ARIMA(1,0,1)"
2008-05-09,0.00048136118126259047,TLT,"ARIMA(1,0,1)"
2008-05-12,0.00038270082414909633,TLT,"ARIMA(1,0,1)"
2008-05-13,0.0005739851955009179,TLT,"ARIMA(1,0,1)"
2008-05-14,0.0027210675298719143,TLT,"ARIMA(1,0,1)"
2008-05-15,0.0020514273587184956,TLT,"ARIMA(1,0,1)"
2008-05-16,0.0019878660521480363,TLT,"ARIMA(1,0,1)"
2008-05-19,0.00218996860336477,TLT,"ARIMA(1,0,1)"
2008-05-20,0.002241659810442548,TLT,"ARIMA(1,0,1)"
2008-05-21,0.001645998482234044,TLT,"ARIMA(1,0,1)"
2008-05-22,0.0020389277326464967,TLT,"ARIMA(1,0,1)"
2008-05-23,0.002116410389371128,TLT,"ARIMA(1,0,1)"
2008-05-27,0.002944248187477256,TLT,"ARIMA(1,0,1)"
2008-05-28,0.0020566830071824375,TLT,"ARIMA(1,0,1)"
2008-05-29,0.002468900103503526,TLT,"ARIMA(1,0,1)"
2008-05-30,0.002419391879597392,TLT,"ARIMA(1,0,1)"
2008-06-02,0.002132064726751092,TLT,"ARIMA(1,0,1)"
2008-06-03,0.002251363583653401,TLT,"ARIMA(1,0,1)"
2008-06-04,-3.4343185407142215e-05,TLT,"ARIMA(1,0,1)"
2008-06-05,0.0021827323007759113,TLT,"ARIMA(1,0,1)"
2008-06-06,0.0003723168770288583,TLT,"ARIMA(1,0,1)"
2008-06-09,-0.00042008870495753743,TLT,"ARIMA(1,0,1)"
2008-06-10,0.0005015057156070529,TLT,"ARIMA(1,0,1)"
2008-06-11,0.0010505889620957588,TLT,"ARIMA(1,0,1)"
2008-06-12,0.0005336656781790406,TLT,"ARIMA(1,0,1)"
2008-06-13,0.00044670248943418604,TLT,"ARIMA(1,0,1)"
2008-06-16,0.00044829935438864347,TLT,"ARIMA(1,0,1)"
2008-06-17,0.0004220185346196858,TLT,"ARIMA(1,0,1)"
2008-06-18,0.0015912426424502615,TLT,"ARIMA(1,0,1)"
2008-06-19,0.0004344062494458711,TLT,"ARIMA(1,0,1)"
2008-06-20,0.0007931593731612095,TLT,"ARIMA(1,0,1)"
2008-06-23,0.0001869249446454859,TLT,"ARIMA(1,0,1)"
2008-06-24,0.000470495753894939,TLT,"ARIMA(1,0,1)"
2008-06-25,0.00011059869057984212,TLT,"ARIMA(1,0,1)"
2008-06-26,0.0004731553564138186,TLT,"ARIMA(1,0,1)"
2008-06-27,0.0004961450839107882,TLT,"ARIMA(1,0,1)"
2008-06-30,0.0005435224244168607,TLT,"ARIMA(1,0,1)"
2008-07-01,0.000501657077853573,TLT,"ARIMA(1,0,1)"
2008-07-02,0.00047334199278621517,TLT,"ARIMA(1,0,1)"
2008-07-03,0.0008142988954533625,TLT,"ARIMA(1,0,1)"
2008-07-07,-0.00012600504404913272,TLT,"ARIMA(1,0,1)"
2008-07-08,-0.000244614411314465,TLT,"ARIMA(1,0,1)"
2008-07-09,-0.00046453463906607475,TLT,"ARIMA(1,0,1)"
2008-07-10,0.00010845812397717789,TLT,"ARIMA(1,0,1)"
2008-07-11,-0.0005005487407871503,TLT,"ARIMA(1,0,1)"
2008-07-14,0.000791624309431081,TLT,"ARIMA(1,0,1)"
2008-07-15,-0.000114687067435967,TLT,"ARIMA(1,0,1)"
2008-07-16,-0.00010337448598165465,TLT,"ARIMA(1,0,1)"
2008-07-17,0.0015823557262889905,TLT,"ARIMA(1,0,1)"
2008-07-18,0.001462632609546718,TLT,"ARIMA(1,0,1)"
2008-07-21,0.0014171787237153583,TLT,"ARIMA(1,0,1)"
2008-07-22,0.0010576268278675743,TLT,"ARIMA(1,0,1)"
2008-07-23,0.0012180886240033438,TLT,"ARIMA(1,0,1)"
2008-07-24,0.0011328872297973617,TLT,"ARIMA(1,0,1)"
2008-07-25,0.0003720657518195598,TLT,"ARIMA(1,0,1)"
2008-07-28,0.0009729968206634584,TLT,"ARIMA(1,0,1)"
2008-07-29,0.0002499974090770132,TLT,"ARIMA(1,0,1)"
2008-07-30,0.0005999569132647077,TLT,"ARIMA(1,0,1)"
2008-07-31,0.0005030391741195702,TLT,"ARIMA(1,0,1)"
2008-08-01,-0.00018217804210705245,TLT,"ARIMA(1,0,1)"
2008-08-04,-0.00014700593024083734,TLT,"ARIMA(1,0,1)"
2008-08-05,0.00010024437506917384,TLT,"ARIMA(1,0,1)"
2008-08-06,0.0006700321165009767,TLT,"ARIMA(1,0,1)"
2008-08-07,0.0009718504360108156,TLT,"ARIMA(1,0,1)"
2008-08-08,-0.0001910904895606033,TLT,"ARIMA(1,0,1)"
2008-08-11,-0.00017584643485781475,TLT,"ARIMA(1,0,1)"
2008-08-12,0.0006123715437049251,TLT,"ARIMA(1,0,1)"
2008-08-13,-6.081983993652847e-06,TLT,"ARIMA(1,0,1)"
2008-08-14,0.00036864587467750525,TLT,"ARIMA(1,0,1)"
2008-08-15,-2.037377181283897e-05,TLT,"ARIMA(1,0,1)"
2008-08-18,-0.0004023905404342242,TLT,"ARIMA(1,0,1)"
2008-08-19,-0.00035131540638868626,TLT,"ARIMA(1,0,1)"
2008-08-20,0.00010795634742885812,TLT,"ARIMA(1,0,1)"
2008-08-21,4.525959454032059e-05,TLT,"ARIMA(1,0,1)"
2008-08-22,0.00027393454267873185,TLT,"ARIMA(1,0,1)"
2008-08-25,0.00037922507103923446,TLT,"ARIMA(1,0,1)"
2008-08-26,-0.0002129127678269149,TLT,"ARIMA(1,0,1)"
2008-08-27,-8.57997690252279e-05,TLT,"ARIMA(1,0,1)"
2008-08-28,-3.534627847708862e-05,TLT,"ARIMA(1,0,1)"
2008-08-29,0.00012501233548224547,TLT,"ARIMA(1,0,1)"
2008-09-02,0.00044923081526615234,TLT,"ARIMA(1,0,1)"
2008-09-03,-0.0003144335534652578,TLT,"ARIMA(1,0,1)"
2008-09-04,-0.0004896586158629163,TLT,"ARIMA(1,0,1)"
2008-09-05,-0.0009021332982749806,TLT,"ARIMA(1,0,1)"
2008-09-08,-0.0005323880416072263,TLT,"ARIMA(1,0,1)"
2008-09-09,-0.00040903937164541956,TLT,"ARIMA(1,0,1)"
2008-09-10,-0.0007102657781750507,TLT,"ARIMA(1,0,1)"
2008-09-11,7.58423012793087e-05,TLT,"ARIMA(1,0,1)"
2008-09-12,0.00030081226663182975,TLT,"ARIMA(1,0,1)"
2008-09-15,0.0010846337096464768,TLT,"ARIMA(1,0,1)"
2008-09-16,-0.002023869600020036,TLT,"ARIMA(1,0,1)"
2008-09-17,-0.002065819634006225,TLT,"ARIMA(1,0,1)"
2008-09-18,-0.0011515231405500503,TLT,"ARIMA(1,0,1)"
2008-09-19,-0.00014000547044385608,TLT,"ARIMA(1,0,1)"
2008-09-22,0.0004254071982744731,TLT,"ARIMA(1,0,1)"
2008-09-23,0.0005532104752906849,TLT,"ARIMA(1,0,1)"
2008-09-24,0.0007009686075851422,TLT,"ARIMA(1,0,1)"
2008-09-25,0.00019396819603451678,TLT,"ARIMA(1,0,1)"
2008-09-26,0.0005909621573028665,TLT,"ARIMA(1,0,1)"
2008-09-29,-3.0213197955598328e-05,TLT,"ARIMA(1,0,1)"
2008-09-30,-0.0010275171267995565,TLT,"ARIMA(1,0,1)"
2008-10-01,0.001129134202588152,TLT,"ARIMA(1,0,1)"
2008-10-02,-0.00043075171584508476,TLT,"ARIMA(1,0,1)"
2008-10-03,-0.0009196107956111065,TLT,"ARIMA(1,0,1)"
2008-10-06,-0.0014167322704806682,TLT,"ARIMA(1,0,1)"
2008-10-07,-0.0022161058218068087,TLT,"ARIMA(1,0,1)"
2008-10-08,-0.0011007589534132631,TLT,"ARIMA(1,0,1)"
2008-10-09,0.00018324301093477916,TLT,"ARIMA(1,0,1)"
2008-10-10,0.00034219002909545307,TLT,"ARIMA(1,0,1)"
2008-10-13,0.0010448766924063754,TLT,"ARIMA(1,0,1)"
2008-10-14,0.002250684108438679,TLT,"ARIMA(1,0,1)"
2008-10-15,0.0023218800424979905,TLT,"ARIMA(1,0,1)"
2008-10-16,0.0015206559216299244,TLT,"ARIMA(1,0,1)"
2008-10-17,0.0015667443349179737,TLT,"ARIMA(1,0,1)"
2008-10-20,0.001791172758106149,TLT,"ARIMA(1,0,1)"
2008-10-21,0.0008712706032618408,TLT,"ARIMA(1,0,1)"
2008-10-22,0.0004632867254713813,TLT,"ARIMA(1,0,1)"
2008-10-23,-0.0007366058407644721,TLT,"ARIMA(1,0,1)"
2008-10-24,-0.0008563932251387564,TLT,"ARIMA(1,0,1)"
2008-10-27,-3.9273641377845895e-05,TLT,"ARIMA(1,0,1)"
2008-10-28,-4.623107114747451e-06,TLT,"ARIMA(1,0,1)"
2008-10-29,0.0010028659619756679,TLT,"ARIMA(1,0,1)"
2008-10-30,-2.5301666773389032e-05,TLT,"ARIMA(1,0,1)"
2008-10-31,0.0005898597547301808,TLT,"ARIMA(1,0,1)"
2008-11-03,0.0031626416326992497,TLT,"ARIMA(1,0,1)"
2008-11-04,0.002686591668202924,TLT,"ARIMA(1,0,1)"
2008-11-05,-0.00019432681110752477,TLT,"ARIMA(1,0,1)"
2008-11-06,0.0003881317358717016,TLT,"ARIMA(1,0,1)"
2008-11-07,0.00035252731146487185,TLT,"ARIMA(1,0,1)"
2008-11-10,0.00033349350753213934,TLT,"ARIMA(1,0,1)"
2008-11-11,0.00031870738521956853,TLT,"ARIMA(1,0,1)"
2008-11-12,0.0003165629936063145,TLT,"ARIMA(1,0,1)"
2008-11-13,0.00011891256257923595,TLT,"ARIMA(1,0,1)"
2008-11-14,0.0013894812949540928,TLT,"ARIMA(1,0,1)"
2008-11-17,-0.0007101671989680304,TLT,"ARIMA(1,0,1)"
2008-11-18,-0.0010603397142351257,TLT,"ARIMA(1,0,1)"
2008-11-19,-0.00043947379570295124,TLT,"ARIMA(1,0,1)"
2008-11-20,0.00043798472527197435,TLT,"ARIMA(1,0,1)"
2008-11-21,0.0006145345834576415,TLT,"ARIMA(1,0,1)"
2008-11-24,0.0005453573551618034,TLT,"ARIMA(1,0,1)"
2008-11-25,0.00040648046853349035,TLT,"ARIMA(1,0,1)"
2008-11-26,2.3931248069682565e-05,TLT,"ARIMA(1,0,1)"
2008-11-28,0.00041026116346060853,TLT,"ARIMA(1,0,1)"
2008-12-01,0.00024629541726020317,TLT,"ARIMA(1,0,1)"
2008-12-02,0.0007764928160553134,TLT,"ARIMA(1,0,1)"
2008-12-03,0.00013548467737540442,TLT,"ARIMA(1,0,1)"
2008-12-04,0.00184197357083852,TLT,"ARIMA(1,0,1)"
2008-12-05,0.0008657723196381552,TLT,"ARIMA(1,0,1)"
2008-12-08,0.0001841239375932293,TLT,"ARIMA(1,0,1)"
2008-12-09,0.000859197864414454,TLT,"ARIMA(1,0,1)"
2008-12-10,0.0009333731449054784,TLT,"ARIMA(1,0,1)"
2008-12-11,0.0003076454989030368,TLT,"ARIMA(1,0,1)"
2008-12-12,0.0015136563482510417,TLT,"ARIMA(1,0,1)"
2008-12-15,0.001148895421544457,TLT,"ARIMA(1,0,1)"
2008-12-16,0.00210731485495802,TLT,"ARIMA(1,0,1)"
2008-12-17,0.0014479036386113408,TLT,"ARIMA(1,0,1)"
2008-12-18,0.0012127956843155624,TLT,"ARIMA(1,0,1)"
2008-12-19,0.0018206480442481048,TLT,"ARIMA(1,0,1)"
2008-12-22,0.001255703343195494,TLT,"ARIMA(1,0,1)"
2008-12-23,0.0012833222121503075,TLT,"ARIMA(1,0,1)"
2008-12-24,0.0012964969907578155,TLT,"ARIMA(1,0,1)"
2008-12-26,0.0013233419764027703,TLT,"ARIMA(1,0,1)"
2008-12-29,0.0012930922455674004,TLT,"ARIMA(1,0,1)"
2008-12-30,0.0012277836847685844,TLT,"ARIMA(1,0,1)"
2008-12-31,0.0013800915575747127,TLT,"ARIMA(1,0,1)"
2009-01-02,0.0011009229704716972,TLT,"ARIMA(1,0,1)"
2009-01-05,0.0010052238680699924,TLT,"ARIMA(1,0,1)"
2009-01-06,-0.0005913288563761895,TLT,"ARIMA(1,0,1)"
2009-01-07,0.0007472083129578553,TLT,"ARIMA(1,0,1)"
2009-01-08,0.0010359266749846883,TLT,"ARIMA(1,0,1)"
2009-01-09,0.0006236572926287905,TLT,"ARIMA(1,0,1)"
2009-01-12,0.0010725771561573495,TLT,"ARIMA(1,0,1)"
2009-01-13,0.0014929728319544489,TLT,"ARIMA(1,0,1)"
2009-01-14,0.0005527945571922875,TLT,"ARIMA(1,0,1)"
2009-01-15,0.002327752384696442,TLT,"ARIMA(1,0,1)"
2009-01-16,9.860310385008625e-05,TLT,"ARIMA(1,0,1)"
2009-01-20,0.0006777008052740799,TLT,"ARIMA(1,0,1)"
2009-01-21,0.0013131156055413702,TLT,"ARIMA(1,0,1)"
2009-01-22,-0.0023393116970092326,TLT,"ARIMA(1,0,1)"
2009-01-23,-0.0008722656421075336,TLT,"ARIMA(1,0,1)"
2009-01-26,-0.00012984423418922872,TLT,"ARIMA(1,0,1)"
2009-01-27,-0.0005016861795004072,TLT,"ARIMA(1,0,1)"
2009-01-28,0.0032569701644501836,TLT,"ARIMA(1,0,1)"
2009-01-29,-0.001314417343247241,TLT,"ARIMA(1,0,1)"
2009-01-30,-0.0016289293024375872,TLT,"ARIMA(1,0,1)"
2009-02-02,0.0003498476932508824,TLT,"ARIMA(1,0,1)"
2009-02-03,0.0025890438066469095,TLT,"ARIMA(1,0,1)"
2009-02-04,-0.0023268489172686216,TLT,"ARIMA(1,0,1)"
2009-02-05,0.0007931432170846379,TLT,"ARIMA(1,0,1)"
2009-02-06,0.0004870572484525505,TLT,"ARIMA(1,0,1)"
2009-02-09,0.00017085968661118835,TLT,"ARIMA(1,0,1)"
2009-02-10,0.000854389682178224,TLT,"ARIMA(1,0,1)"
2009-02-11,0.0028312297998059673,TLT,"ARIMA(1,0,1)"
2009-02-12,0.0016122977480128092,TLT,"ARIMA(1,0,1)"
2009-02-13,-0.0006533167176058053,TLT,"ARIMA(1,0,1)"
2009-02-17,-0.002120699616552287,TLT,"ARIMA(1,0,1)"
2009-02-18,0.005040396126344923,TLT,"ARIMA(1,0,1)"
2009-02-19,-0.0022430509649114102,TLT,"ARIMA(1,0,1)"
2009-02-20,0.0023999597426701377,TLT,"ARIMA(1,0,1)"
2009-02-23,-0.0005906798782284043,TLT,"ARIMA(1,0,1)"
2009-02-24,0.0018318041293033092,TLT,"ARIMA(1,0,1)"
2009-02-25,0.0011047543139668522,TLT,"ARIMA(1,0,1)"
2009-02-26,0.00021378015112518203,TLT,"ARIMA(1,0,1)"
2009-02-27,0.0013371200882864444,TLT,"ARIMA(1,0,1)"
2009-03-02,0.001160874312586656,TLT,"ARIMA(1,0,1)"
2009-03-03,0.002310511197047313,TLT,"ARIMA(1,0,1)"
2009-03-04,-7.175101996770956e-05,TLT,"ARIMA(1,0,1)"
2009-03-05,0.0001854125759376765,TLT,"ARIMA(1,0,1)"
2009-03-06,0.0026154940205174904,TLT,"ARIMA(1,0,1)"
2009-03-09,0.0001309802131090348,TLT,"ARIMA(1,0,1)"
2009-03-10,0.0002213499061587222,TLT,"ARIMA(1,0,1)"
2009-03-11,-0.0009596553006833985,TLT,"ARIMA(1,0,1)"
2009-03-12,0.0039731285983408415,TLT,"ARIMA(1,0,1)"
2009-03-13,0.0008072716101342448,TLT,"ARIMA(1,0,1)"
2009-03-16,0.001420146232898659,TLT,"ARIMA(1,0,1)"
2009-03-17,-0.002067405621372923,TLT,"ARIMA(1,0,1)"
2009-03-18,0.0014773648126330126,TLT,"ARIMA(1,0,1)"
2009-03-19,0.004001855297685662,TLT,"ARIMA(1,0,1)"
2009-03-20,-0.001909749299739251,TLT,"ARIMA(1,0,1)"
2009-03-23,0.001524808767617894,TLT,"ARIMA(1,0,1)"
2009-03-24,0.0005627958951161571,TLT,"ARIMA(1,0,1)"
2009-03-25,0.0004742501818580813,TLT,"ARIMA(1,0,1)"
2009-03-26,0.0003977897465562483,TLT,"ARIMA(1,0,1)"
2009-03-27,0.0007131260176802633,TLT,"ARIMA(1,0,1)"
2009-03-30,0.0005297731472276238,TLT,"ARIMA(1,0,1)"
2009-03-31,0.0008991127587261613,TLT,"ARIMA(1,0,1)"
2009-04-01,0.0006254459899772541,TLT,"ARIMA(1,0,1)"
2009-04-02,0.0006266995094577248,TLT,"ARIMA(1,0,1)"
2009-04-03,0.0005856576175210373,TLT,"ARIMA(1,0,1)"
2009-04-06,0.0004497122553325508,TLT,"ARIMA(1,0,1)"
2009-04-07,0.00032989685005110713,TLT,"ARIMA(1,0,1)"
2009-04-08,0.0005233313286060999,TLT,"ARIMA(1,0,1)"
2009-04-09,0.0002902021441166099,TLT,"ARIMA(1,0,1)"
2009-04-13,0.00019927429246724865,TLT,"ARIMA(1,0,1)"
2009-04-14,0.002786667502245695,TLT,"ARIMA(1,0,1)"
2009-04-15,0.0002946121307659908,TLT,"ARIMA(1,0,1)"
2009-04-16,0.0011743651463271322,TLT,"ARIMA(1,0,1)"
2009-04-17,0.0011942977367212445,TLT,"ARIMA(1,0,1)"
2009-04-20,0.0006001756512031647,TLT,"ARIMA(1,0,1)"
2009-04-21,0.0005933782351993134,TLT,"ARIMA(1,0,1)"
2009-04-22,0.0004257890250235185,TLT,"ARIMA(1,0,1)"
2009-04-23,0.0015253281055977643,TLT,"ARIMA(1,0,1)"
2009-04-24,0.0004808838529227903,TLT,"ARIMA(1,0,1)"
2009-04-27,0.0006703412234633914,TLT,"ARIMA(1,0,1)"
2009-04-28,0.000832632991114228,TLT,"ARIMA(1,0,1)"
2009-04-29,-0.0007424825370506839,TLT,"ARIMA(1,0,1)"
2009-04-30,-0.00023290971798505612,TLT,"ARIMA(1,0,1)"
2009-05-01,6.26000625306611e-05,TLT,"ARIMA(1,0,1)"
2009-05-04,-0.0002055852992548912,TLT,"ARIMA(1,0,1)"
2009-05-05,0.0006637572477802863,TLT,"ARIMA(1,0,1)"
2009-05-06,0.00025969109940768005,TLT,"ARIMA(1,0,1)"
2009-05-07,0.00020754761885448,TLT,"ARIMA(1,0,1)"
2009-05-08,-0.0016137482408619724,TLT,"ARIMA(1,0,1)"
2009-05-11,0.0004955546139056625,TLT,"ARIMA(1,0,1)"
2009-05-12,0.0013349876793378218,TLT,"ARIMA(1,0,1)"
2009-05-13,0.0005387726737959366,TLT,"ARIMA(1,0,1)"
2009-05-14,0.0011982801462802524,TLT,"ARIMA(1,0,1)"
2009-05-15,0.0006696641669347531,TLT,"ARIMA(1,0,1)"
2009-05-18,-7.431150522264527e-05,TLT,"ARIMA(1,0,1)"
2009-05-19,0.0002965082768490847,TLT,"ARIMA(1,0,1)"
2009-05-20,0.0004060299310162447,TLT,"ARIMA(1,0,1)"
2009-05-21,0.0008516805726785529,TLT,"ARIMA(1,0,1)"
2009-05-22,-0.0016168124301445036,TLT,"ARIMA(1,0,1)"
2009-05-26,-0.0005813847708137471,TLT,"ARIMA(1,0,1)"
2009-05-27,-0.00013453537616657266,TLT,"ARIMA(1,0,1)"
2009-05-28,0.0003451282715010792,TLT,"ARIMA(1,0,1)"
2009-05-29,-5.8226006455169334e-05,TLT,"ARIMA(1,0,1)"
2009-06-01,0.0020492821621916324,TLT,"ARIMA(1,0,1)"
2009-06-02,-0.001985133358097043,TLT,"ARIMA(1,0,1)"
2009-06-03,0.0005985567694316576,TLT,"ARIMA(1,0,1)"
2009-06-04,0.0008097909172025029,TLT,"ARIMA(1,0,1)"
2009-06-05,-0.0011174373225071453,TLT,"ARIMA(1,0,1)"
2009-06-08,-0.00020466644878453655,TLT,"ARIMA(1,0,1)"
2009-06-09,-6.132632042142468e-05,TLT,"ARIMA(1,0,1)"
2009-06-10,8.967168622930673e-05,TLT,"ARIMA(1,0,1)"
2009-06-11,-0.0016448504676302366,TLT,"ARIMA(1,0,1)"
2009-06-12,0.0008087940519524851,TLT,"ARIMA(1,0,1)"
2009-06-15,0.000717491013997823,TLT,"ARIMA(1,0,1)"
2009-06-16,0.0007814243060555052,TLT,"ARIMA(1,0,1)"
2009-06-17,0.0014368972765987141,TLT,"ARIMA(1,0,1)"
2009-06-18,-0.0001433461836115374,TLT,"ARIMA(1,0,1)"
2009-06-19,-0.0008709493629600711,TLT,"ARIMA(1,0,1)"
2009-06-22,0.0011463501721116689,TLT,"ARIMA(1,0,1)"
2009-06-23,0.0008715883622701845,TLT,"ARIMA(1,0,1)"
2009-06-24,0.002134455447568565,TLT,"ARIMA(1,0,1)"
2009-06-25,-0.0004658220647984965,TLT,"ARIMA(1,0,1)"
2009-06-26,0.00142393247601285,TLT,"ARIMA(1,0,1)"
2009-06-29,0.00034755463974293633,TLT,"ARIMA(1,0,1)"
2009-06-30,0.00032484906097412207,TLT,"ARIMA(1,0,1)"
2009-07-01,0.00012823552415750254,TLT,"ARIMA(1,0,1)"
2009-07-02,0.00011851596846087912,TLT,"ARIMA(1,0,1)"
2009-07-06,0.0003655463339505146,TLT,"ARIMA(1,0,1)"
2009-07-07,0.00010474549202936392,TLT,"ARIMA(1,0,1)"
2009-07-08,0.0006313942964636119,TLT,"ARIMA(1,0,1)"
2009-07-09,0.0013902045301061308,TLT,"ARIMA(1,0,1)"
2009-07-10,-0.0004782469158845019,TLT,"ARIMA(1,0,1)"
2009-07-13,0.002875109905080581,TLT,"ARIMA(1,0,1)"
2009-07-14,-3.353548818002322e-05,TLT,"ARIMA(1,0,1)"
2009-07-15,-0.0007546799679122084,TLT,"ARIMA(1,0,1)"
2009-07-16,-0.0026586489636446025,TLT,"ARIMA(1,0,1)"
2009-07-17,0.0008580410554287953,TLT,"ARIMA(1,0,1)"
2009-07-20,-0.0006668059451563057,TLT,"ARIMA(1,0,1)"
2009-07-21,0.00047878307123083084,TLT,"ARIMA(1,0,1)"
2009-07-22,0.0013013864156002776,TLT,"ARIMA(1,0,1)"
2009-07-23,-0.00021833836198760747,TLT,"ARIMA(1,0,1)"
2009-07-24,-0.0007984994190545294,TLT,"ARIMA(1,0,1)"
2009-07-27,0.0004413330810090527,TLT,"ARIMA(1,0,1)"
2009-07-28,-0.00048523178874428834,TLT,"ARIMA(1,0,1)"
2009-07-29,0.0006302156163678766,TLT,"ARIMA(1,0,1)"
2009-07-30,0.000465996164296079,TLT,"ARIMA(1,0,1)"
2009-07-31,0.0010108108688868932,TLT,"ARIMA(1,0,1)"
2009-08-03,0.0006161234235274461,TLT,"ARIMA(1,0,1)"
2009-08-04,-0.0006497894909827003,TLT,"ARIMA(1,0,1)"
2009-08-05,-0.00024698485301444316,TLT,"ARIMA(1,0,1)"
2009-08-06,-0.0007124450664404342,TLT,"ARIMA(1,0,1)"
2009-08-07,0.00040844754060512863,TLT,"ARIMA(1,0,1)"
2009-08-10,-0.00039085076607165824,TLT,"ARIMA(1,0,1)"
2009-08-11,0.0008155762671506786,TLT,"ARIMA(1,0,1)"
2009-08-12,0.0008753830133654624,TLT,"ARIMA(1,0,1)"
2009-08-13,-0.0005172010436781148,TLT,"ARIMA(1,0,1)"
2009-08-14,0.0009852708860013447,TLT,"ARIMA(1,0,1)"
2009-08-17,0.00037805120400996145,TLT,"ARIMA(1,0,1)"
2009-08-18,0.0010095857377606602,TLT,"ARIMA(1,0,1)"
2009-08-19,-0.00015823255212410597,TLT,"ARIMA(1,0,1)"
2009-08-20,0.0006551388924394645,TLT,"ARIMA(1,0,1)"
2009-08-21,-0.000578163963027165,TLT,"ARIMA(1,0,1)"
2009-08-24,-0.000875963665004868,TLT,"ARIMA(1,0,1)"
2009-08-25,0.000988668559058478,TLT,"ARIMA(1,0,1)"
2009-08-26,0.00044576037735856954,TLT,"ARIMA(1,0,1)"
2009-08-27,0.00042838779383532784,TLT,"ARIMA(1,0,1)"
2009-08-28,4.272111302822072e-05,TLT,"ARIMA(1,0,1)"
2009-08-31,0.0004274220059643795,TLT,"ARIMA(1,0,1)"
2009-09-01,0.0002895852244587853,TLT,"ARIMA(1,0,1)"
2009-09-02,0.00010539774400883625,TLT,"ARIMA(1,0,1)"
2009-09-03,0.000841364242605663,TLT,"ARIMA(1,0,1)"
2009-09-04,-5.637715100976934e-05,TLT,"ARIMA(1,0,1)"
2009-09-08,-0.0005772369071922359,TLT,"ARIMA(1,0,1)"
2009-09-09,-0.000201026961881026,TLT,"ARIMA(1,0,1)"
2009-09-10,-1.392283923069486e-06,TLT,"ARIMA(1,0,1)"
2009-09-11,0.000950393715301413,TLT,"ARIMA(1,0,1)"
2009-09-14,0.0003932229450301219,TLT,"ARIMA(1,0,1)"
2009-09-15,-0.0003905425587348181,TLT,"ARIMA(1,0,1)"
2009-09-16,-0.0002483210966394238,TLT,"ARIMA(1,0,1)"
2009-09-17,0.0001509339298255878,TLT,"ARIMA(1,0,1)"
2009-09-18,0.0008103333000484095,TLT,"ARIMA(1,0,1)"
2009-09-21,-0.00034976842880378586,TLT,"ARIMA(1,0,1)"
2009-09-22,0.000335665826600528,TLT,"ARIMA(1,0,1)"
2009-09-23,0.0003215327047535214,TLT,"ARIMA(1,0,1)"
2009-09-24,0.0003940856798232395,TLT,"ARIMA(1,0,1)"
2009-09-25,0.0003822121635540552,TLT,"ARIMA(1,0,1)"
2009-09-28,0.0009133446685487827,TLT,"ARIMA(1,0,1)"
2009-09-29,0.0007100358885500946,TLT,"ARIMA(1,0,1)"
2009-09-30,0.00011055398344728247,TLT,"ARIMA(1,0,1)"
2009-10-01,0.00014451959609724488,TLT,"ARIMA(1,0,1)"
2009-10-02,0.001812318580514659,TLT,"ARIMA(1,0,1)"
2009-10-05,-0.0015589105260459819,TLT,"ARIMA(1,0,1)"
2009-10-06,0.0014761489895892897,TLT,"ARIMA(1,0,1)"
2009-10-07,-0.0005425808471862086,TLT,"ARIMA(1,0,1)"
2009-10-08,0.0025116880994024513,TLT,"ARIMA(1,0,1)"
2009-10-09,-0.00041854622558147776,TLT,"ARIMA(1,0,1)"
2009-10-12,-0.0012387013998409438,TLT,"ARIMA(1,0,1)"
2009-10-13,0.0002613647729675312,TLT,"ARIMA(1,0,1)"
2009-10-14,0.0004835142865147802,TLT,"ARIMA(1,0,1)"
2009-10-15,-0.0006181049825081567,TLT,"ARIMA(1,0,1)"
2009-10-16,-0.00011080112213475825,TLT,"ARIMA(1,0,1)"
2009-10-19,0.0004409035941585483,TLT,"ARIMA(1,0,1)"
2009-10-20,0.0007788113070865198,TLT,"ARIMA(1,0,1)"
2009-10-21,0.00036087584270987094,TLT,"ARIMA(1,0,1)"
2009-10-22,-0.0001515839110105836,TLT,"ARIMA(1,0,1)"
2009-10-23,-0.00015576900638982518,TLT,"ARIMA(1,0,1)"
2009-10-26,-0.0003761219238125358,TLT,"ARIMA(1,0,1)"
2009-10-27,-0.0007112178200011307,TLT,"ARIMA(1,0,1)"
2009-10-28,0.0008022184619366842,TLT,"ARIMA(1,0,1)"
2009-10-29,0.00037045468861770636,TLT,"ARIMA(1,0,1)"
2009-10-30,-0.0004399699717037105,TLT,"ARIMA(1,0,1)"
2009-11-02,0.0008391488990623585,TLT,"ARIMA(1,0,1)"
2009-11-03,4.5996866113603334e-05,TLT,"ARIMA(1,0,1)"
2009-11-04,-0.0002229608926655453,TLT,"ARIMA(1,0,1)"
2009-11-05,-0.0002603136368231388,TLT,"ARIMA(1,0,1)"
2009-11-06,5.0181856842190203e-05,TLT,"ARIMA(1,0,1)"
2009-11-09,0.00011290965043813739,TLT,"ARIMA(1,0,1)"
2009-11-10,0.00015250502741377697,TLT,"ARIMA(1,0,1)"
2009-11-11,5.0984767711264824e-06,TLT,"ARIMA(1,0,1)"
2009-11-12,0.0002521190174838127,TLT,"ARIMA(1,0,1)"
2009-11-13,-3.623922907816117e-05,TLT,"ARIMA(1,0,1)"
2009-11-16,0.0004288212463623564,TLT,"ARIMA(1,0,1)"
2009-11-17,0.0005446551341676241,TLT,"ARIMA(1,0,1)"
2009-11-18,0.000426849598414093,TLT,"ARIMA(1,0,1)"
2009-11-19,0.00021202099276846205,TLT,"ARIMA(1,0,1)"
2009-11-20,4.3165049378540384e-06,TLT,"ARIMA(1,0,1)"
2009-11-23,-0.00022968087984474771,TLT,"ARIMA(1,0,1)"
2009-11-24,0.00010554312319250583,TLT,"ARIMA(1,0,1)"
2009-11-25,0.0002872236689788001,TLT,"ARIMA(1,0,1)"
2009-11-27,-6.184208911208172e-05,TLT,"ARIMA(1,0,1)"
2009-11-30,-0.0002724276086212597,TLT,"ARIMA(1,0,1)"
2009-12-01,-9.274035152082456e-05,TLT,"ARIMA(1,0,1)"
2009-12-02,-0.001265035445981329,TLT,"ARIMA(1,0,1)"
2009-12-03,0.0002983250980473357,TLT,"ARIMA(1,0,1)"
2009-12-04,-0.001083104172976327,TLT,"ARIMA(1,0,1)"
2009-12-07,-0.0005681266703057741,TLT,"ARIMA(1,0,1)"
2009-12-08,-0.0004755852788363628,TLT,"ARIMA(1,0,1)"
2009-12-09,-0.0004439890316606626,TLT,"ARIMA(1,0,1)"
2009-12-10,-0.0010128470887434313,TLT,"ARIMA(1,0,1)"
2009-12-11,-0.0012140095795519109,TLT,"ARIMA(1,0,1)"
2009-12-14,-0.00020736204674385396,TLT,"ARIMA(1,0,1)"
2009-12-15,-0.0007994742614020887,TLT,"ARIMA(1,0,1)"
2009-12-16,-0.0008577911680756046,TLT,"ARIMA(1,0,1)"
2009-12-17,-0.0007947930335176174,TLT,"ARIMA(1,0,1)"
2009-12-18,-0.0010194149755709172,TLT,"ARIMA(1,0,1)"
2009-12-21,-0.0008698461029060063,TLT,"ARIMA(1,0,1)"
2009-12-22,-0.000856353733321398,TLT,"ARIMA(1,0,1)"
2009-12-23,-0.0010454116005917285,TLT,"ARIMA(1,0,1)"
2009-12-24,-0.0010185803673917644,TLT,"ARIMA(1,0,1)"
2009-12-28,-0.0012777816177521315,TLT,"ARIMA(1,0,1)"
2009-12-29,-0.0010628898546419104,TLT,"ARIMA(1,0,1)"
2009-12-30,-0.0008579242295619033,TLT,"ARIMA(1,0,1)"
2009-12-31,-0.000855252387942452,TLT,"ARIMA(1,0,1)"
2010-01-04,-0.0009048486079724764,TLT,"ARIMA(1,0,1)"
2010-01-05,-0.0008739004306277177,TLT,"ARIMA(1,0,1)"
2010-01-06,-0.0010784687746108624,TLT,"ARIMA(1,0,1)"
2010-01-07,-0.00015934946603039194,TLT,"ARIMA(1,0,1)"
2010-01-08,-0.0008737876420605207,TLT,"ARIMA(1,0,1)"
2010-01-11,-0.0007966978532410358,TLT,"ARIMA(1,0,1)"
2010-01-12,-0.0005575688816700622,TLT,"ARIMA(1,0,1)"
2010-01-13,-0.001778513796996908,TLT,"ARIMA(1,0,1)"
2010-01-14,-0.00024614032689186064,TLT,"ARIMA(1,0,1)"
2010-01-15,-0.0017680371146418727,TLT,"ARIMA(1,0,1)"
2010-01-19,-0.0013747153003733446,TLT,"ARIMA(1,0,1)"
2010-01-20,-0.0007076851643230651,TLT,"ARIMA(1,0,1)"
2010-01-21,-0.0024996946097971917,TLT,"ARIMA(1,0,1)"
2010-01-22,-0.0025913459813060196,TLT,"ARIMA(1,0,1)"
2010-01-25,-0.0017153951724202137,TLT,"ARIMA(1,0,1)"
2010-01-26,-0.0007378256018070996,TLT,"ARIMA(1,0,1)"
2010-01-27,-0.00048316784382631314,TLT,"ARIMA(1,0,1)"
2010-01-28,-0.0007321088705095089,TLT,"ARIMA(1,0,1)"
2010-01-29,-0.0004399608386542489,TLT,"ARIMA(1,0,1)"
2010-02-01,-0.0016717003169650618,TLT,"ARIMA(1,0,1)"
2010-02-02,1.7792866272283055e-05,TLT,"ARIMA(1,0,1)"
2010-02-03,-0.000617857988301181,TLT,"ARIMA(1,0,1)"
2010-02-04,0.001036590296311246,TLT,"ARIMA(1,0,1)"
2010-02-05,-0.0015906468453109263,TLT,"ARIMA(1,0,1)"
2010-02-08,-0.0014874174919548917,TLT,"ARIMA(1,0,1)"
2010-02-09,-0.0012844700759682885,TLT,"ARIMA(1,0,1)"
2010-02-10,0.0003802614075194611,TLT,"ARIMA(1,0,1)"
2010-02-11,0.0007712088795751217,TLT,"ARIMA(1,0,1)"
2010-02-12,0.0012815328955345223,TLT,"ARIMA(1,0,1)"
2010-02-16,7.033787487999778e-05,TLT,"ARIMA(1,0,1)"
2010-02-17,-0.0005796790363074649,TLT,"ARIMA(1,0,1)"
2010-02-18,0.0006842076695414201,TLT,"ARIMA(1,0,1)"
2010-02-19,0.0008134919210253348,TLT,"ARIMA(1,0,1)"
2010-02-22,-0.0006698735150256858,TLT,"ARIMA(1,0,1)"
2010-02-23,-0.00027167510864923786,TLT,"ARIMA(1,0,1)"
2010-02-24,-0.0016932337367666914,TLT,"ARIMA(1,0,1)"
2010-02-25,-0.001689016815548116,TLT,"ARIMA(1,0,1)"
2010-02-26,-0.0009818138585902538,TLT,"ARIMA(1,0,1)"
2010-03-01,-0.0008525593288126742,TLT,"ARIMA(1,0,1)"
2010-03-02,-0.0004045505096397402,TLT,"ARIMA(1,0,1)"
2010-03-03,-0.0003426519668708475,TLT,"ARIMA(1,0,1)"
2010-03-04,-0.00018595294502506121,TLT,"ARIMA(1,0,1)"
2010-03-05,-0.0008232754579818193,TLT,"ARIMA(1,0,1)"
2010-03-08,0.0003759307137770271,TLT,"ARIMA(1,0,1)"
2010-03-09,-5.696434621334711e-07,TLT,"ARIMA(1,0,1)"
2010-03-10,0.00022598263875064,TLT,"ARIMA(1,0,1)"
2010-03-11,0.0002597232268069425,TLT,"ARIMA(1,0,1)"
2010-03-12,-0.0006196318072147827,TLT,"ARIMA(1,0,1)"
2010-03-15,-0.0008571040362491186,TLT,"ARIMA(1,0,1)"
2010-03-16,-0.0003196345451441913,TLT,"ARIMA(1,0,1)"
2010-03-17,-0.0007853082239851302,TLT,"ARIMA(1,0,1)"
2010-03-18,-0.0005354275036079718,TLT,"ARIMA(1,0,1)"
2010-03-19,-0.00019496916479370567,TLT,"ARIMA(1,0,1)"
2010-03-22,-0.0004733201895715664,TLT,"ARIMA(1,0,1)"
2010-03-23,-0.00043998341377833746,TLT,"ARIMA(1,0,1)"
2010-03-24,-0.00013060639720262552,TLT,"ARIMA(1,0,1)"
2010-03-25,0.00036718016333713266,TLT,"ARIMA(1,0,1)"
2010-03-26,0.0007160339385167847,TLT,"ARIMA(1,0,1)"
2010-03-29,-0.0006374460301066844,TLT,"ARIMA(1,0,1)"
2010-03-30,-0.0003209118796978056,TLT,"ARIMA(1,0,1)"
2010-03-31,-0.0006970694811484735,TLT,"ARIMA(1,0,1)"
2010-04-01,-0.0008576950780412882,TLT,"ARIMA(1,0,1)"
2010-04-05,-0.0003967124335411662,TLT,"ARIMA(1,0,1)"
2010-04-06,0.00036789218575573196,TLT,"ARIMA(1,0,1)"
2010-04-07,-0.000746154831384232,TLT,"ARIMA(1,0,1)"
2010-04-08,-0.0011077340102923195,TLT,"ARIMA(1,0,1)"
2010-04-09,-0.0003872250380797639,TLT,"ARIMA(1,0,1)"
2010-04-12,-0.0006035863933948078,TLT,"ARIMA(1,0,1)"
2010-04-13,-0.000633990414553445,TLT,"ARIMA(1,0,1)"
2010-04-14,-0.0005266912566055246,TLT,"ARIMA(1,0,1)"
2010-04-15,-7.325834824365368e-05,TLT,"ARIMA(1,0,1)"
2010-04-16,-0.0005853020289990594,TLT,"ARIMA(1,0,1)"
2010-04-19,-0.0006576254719933069,TLT,"ARIMA(1,0,1)"
2010-04-20,-0.00017808712345179637,TLT,"ARIMA(1,0,1)"
2010-04-21,-0.0004207880037328293,TLT,"ARIMA(1,0,1)"
2010-04-22,-0.0006199690986132784,TLT,"ARIMA(1,0,1)"
2010-04-23,-0.00028326847346695215,TLT,"ARIMA(1,0,1)"
2010-04-26,-0.00024771469745986325,TLT,"ARIMA(1,0,1)"
2010-04-27,-0.0002802082218874101,TLT,"ARIMA(1,0,1)"
2010-04-28,-0.0008629083234205406,TLT,"ARIMA(1,0,1)"
2010-04-29,0.00032082540224278666,TLT,"ARIMA(1,0,1)"
2010-04-30,-0.00044595135052404305,TLT,"ARIMA(1,0,1)"
2010-05-03,-0.0006088309588847379,TLT,"ARIMA(1,0,1)"
2010-05-04,8.20519566484148e-05,TLT,"ARIMA(1,0,1)"
2010-05-05,-0.0009949207384384662,TLT,"ARIMA(1,0,1)"
2010-05-06,9.925289230849764e-06,TLT,"ARIMA(1,0,1)"
2010-05-07,0.0016844788029856457,TLT,"ARIMA(1,0,1)"
2010-05-10,0.0008070052733424798,TLT,"ARIMA(1,0,1)"
2010-05-11,0.00048822443054100226,TLT,"ARIMA(1,0,1)"
2010-05-12,1.1760859494649574e-05,TLT,"ARIMA(1,0,1)"
2010-05-13,0.00034550989986794966,TLT,"ARIMA(1,0,1)"
2010-05-14,-0.00042099205862943293,TLT,"ARIMA(1,0,1)"
2010-05-17,-0.0007085693389951218,TLT,"ARIMA(1,0,1)"
2010-05-18,0.0003337092357569492,TLT,"ARIMA(1,0,1)"
2010-05-19,-0.0004987471625650284,TLT,"ARIMA(1,0,1)"
2010-05-20,0.00019301173544546116,TLT,"ARIMA(1,0,1)"
2010-05-21,-0.0009638483196282853,TLT,"ARIMA(1,0,1)"
2010-05-24,9.144898904186696e-05,TLT,"ARIMA(1,0,1)"
2010-05-25,0.0005667767923352037,TLT,"ARIMA(1,0,1)"
2010-05-26,6.064731713248205e-05,TLT,"ARIMA(1,0,1)"
2010-05-27,0.0006100558813239132,TLT,"ARIMA(1,0,1)"
2010-05-28,0.0011283563020173285,TLT,"ARIMA(1,0,1)"
2010-06-01,-8.248110030832255e-05,TLT,"ARIMA(1,0,1)"
2010-06-02,0.00017941162605375103,TLT,"ARIMA(1,0,1)"
2010-06-03,0.0007690402789643062,TLT,"ARIMA(1,0,1)"
2010-06-04,0.0006158868074572715,TLT,"ARIMA(1,0,1)"
2010-06-07,-0.0008241207573784256,TLT,"ARIMA(1,0,1)"
2010-06-08,0.0001242586344047607,TLT,"ARIMA(1,0,1)"
2010-06-09,0.0006847681822027677,TLT,"ARIMA(1,0,1)"
2010-06-10,0.0005764865151264337,TLT,"ARIMA(1,0,1)"
2010-06-11,0.0012724351044448839,TLT,"ARIMA(1,0,1)"
2010-06-14,0.0001070227178038344,TLT,"ARIMA(1,0,1)"
2010-06-15,0.0006658825324574286,TLT,"ARIMA(1,0,1)"
2010-06-16,0.0007046124696573157,TLT,"ARIMA(1,0,1)"
2010-06-17,0.0001409544438192184,TLT,"ARIMA(1,0,1)"
2010-06-18,-6.945552785002736e-05,TLT,"ARIMA(1,0,1)"
2010-06-21,0.0004685265216848636,TLT,"ARIMA(1,0,1)"
2010-06-22,0.0005866574013947678,TLT,"ARIMA(1,0,1)"
2010-06-23,-0.00014112822539064145,TLT,"ARIMA(1,0,1)"
2010-06-24,3.8877218251806805e-05,TLT,"ARIMA(1,0,1)"
2010-06-25,0.0006789534842374322,TLT,"ARIMA(1,0,1)"
2010-06-28,0.0001797517473610317,TLT,"ARIMA(1,0,1)"
2010-06-29,-6.497629468229111e-05,TLT,"ARIMA(1,0,1)"
2010-06-30,-5.009574142993985e-05,TLT,"ARIMA(1,0,1)"
2010-07-01,0.00020731476853706412,TLT,"ARIMA(1,0,1)"
2010-07-02,0.00042548818697771,TLT,"ARIMA(1,0,1)"
2010-07-06,0.0007959494980346496,TLT,"ARIMA(1,0,1)"
2010-07-07,0.00017781012717605537,TLT,"ARIMA(1,0,1)"
2010-07-08,0.0008260420564843447,TLT,"ARIMA(1,0,1)"
2010-07-09,0.00045243283713227746,TLT,"ARIMA(1,0,1)"
2010-07-12,0.0004997993534382808,TLT,"ARIMA(1,0,1)"
2010-07-13,0.00029064725757452177,TLT,"ARIMA(1,0,1)"
2010-07-14,0.0006490080671887248,TLT,"ARIMA(1,0,1)"
2010-07-15,5.927039385509149e-05,TLT,"ARIMA(1,0,1)"
2010-07-16,0.00022502703526495674,TLT,"ARIMA(1,0,1)"
2010-07-19,0.000352630255482226,TLT,"ARIMA(1,0,1)"
2010-07-20,0.0006983529992486957,TLT,"ARIMA(1,0,1)"
2010-07-21,0.00046663471166307515,TLT,"ARIMA(1,0,1)"
2010-07-22,-4.093359127932113e-05,TLT,"ARIMA(1,0,1)"
2010-07-23,0.0008411979485819456,TLT,"ARIMA(1,0,1)"
2010-07-26,0.0008380787130621622,TLT,"ARIMA(1,0,1)"
2010-07-27,0.0005485886136978254,TLT,"ARIMA(1,0,1)"
2010-07-28,0.0007939275047619842,TLT,"ARIMA(1,0,1)"
2010-07-29,0.00035930350549922597,TLT,"ARIMA(1,0,1)"
2010-07-30,0.00047636360878055016,TLT,"ARIMA(1,0,1)"
2010-08-02,-0.00011275243212845588,TLT,"ARIMA(1,0,1)"
2010-08-03,0.0010889272072552333,TLT,"ARIMA(1,0,1)"
2010-08-04,0.00016682565526341943,TLT,"ARIMA(1,0,1)"
2010-08-05,0.0008769607853539827,TLT,"ARIMA(1,0,1)"
2010-08-06,0.00031761574002537603,TLT,"ARIMA(1,0,1)"
2010-08-09,-0.00011536148107242064,TLT,"ARIMA(1,0,1)"
2010-08-10,0.0007123384676663563,TLT,"ARIMA(1,0,1)"
2010-08-11,0.00043543949275793675,TLT,"ARIMA(1,0,1)"
2010-08-12,-0.0001526373853505508,TLT,"ARIMA(1,0,1)"
2010-08-13,0.0006540187010722027,TLT,"ARIMA(1,0,1)"
2010-08-16,-8.392446968381493e-05,TLT,"ARIMA(1,0,1)"
2010-08-17,-1.7409235601196452e-05,TLT,"ARIMA(1,0,1)"
2010-08-18,0.000974744146503914,TLT,"ARIMA(1,0,1)"
2010-08-19,0.00044624256956467886,TLT,"ARIMA(1,0,1)"
2010-08-20,0.00042983728085057725,TLT,"ARIMA(1,0,1)"
2010-08-23,0.0006703868671431937,TLT,"ARIMA(1,0,1)"
2010-08-24,0.0005910867416255461,TLT,"ARIMA(1,0,1)"
2010-08-25,0.0004449834047860891,TLT,"ARIMA(1,0,1)"
2010-08-26,0.0007983252377134156,TLT,"ARIMA(1,0,1)"
2010-08-27,0.0003187465825243283,TLT,"ARIMA(1,0,1)"
2010-08-30,0.001693841101072977,TLT,"ARIMA(1,0,1)"
2010-08-31,-0.0004936856061165673,TLT,"ARIMA(1,0,1)"
2010-09-01,0.0001693455851686285,TLT,"ARIMA(1,0,1)"
2010-09-02,0.0019283915233470079,TLT,"ARIMA(1,0,1)"
2010-09-03,0.0008335263978165863,TLT,"ARIMA(1,0,1)"
2010-09-07,0.0010086075041321836,TLT,"ARIMA(1,0,1)"
2010-09-08,-0.0006895203230415875,TLT,"ARIMA(1,0,1)"
2010-09-09,0.0012076312949925087,TLT,"ARIMA(1,0,1)"
2010-09-10,0.0016751471107368863,TLT,"ARIMA(1,0,1)"
2010-09-13,0.0005041497733195798,TLT,"ARIMA(1,0,1)"
2010-09-14,0.00011380529056869939,TLT,"ARIMA(1,0,1)"
2010-09-15,-2.5598215533757774e-05,TLT,"ARIMA(1,0,1)"
2010-09-16,0.0014119985445079932,TLT,"ARIMA(1,0,1)"
2010-09-17,0.0007977523181039044,TLT,"ARIMA(1,0,1)"
2010-09-20,0.00010343187308218345,TLT,"ARIMA(1,0,1)"
2010-09-21,0.00016524060625807335,TLT,"ARIMA(1,0,1)"
2010-09-22,-0.000171075497628272,TLT,"ARIMA(1,0,1)"
2010-09-23,0.00020359355975729164,TLT,"ARIMA(1,0,1)"
2010-09-24,0.0004216478298553747,TLT,"ARIMA(1,0,1)"
2010-09-27,0.0011434011876680348,TLT,"ARIMA(1,0,1)"
2010-09-28,-0.0006157181176585747,TLT,"ARIMA(1,0,1)"
2010-09-29,8.780066566950771e-05,TLT,"ARIMA(1,0,1)"
2010-09-30,0.0006680046681040271,TLT,"ARIMA(1,0,1)"
2010-10-01,0.0004673100302846317,TLT,"ARIMA(1,0,1)"
2010-10-04,0.0006140370828193998,TLT,"ARIMA(1,0,1)"
2010-10-05,0.0002618725797689014,TLT,"ARIMA(1,0,1)"
2010-10-06,0.0006402741266389061,TLT,"ARIMA(1,0,1)"
2010-10-07,-0.0002803219390280631,TLT,"ARIMA(1,0,1)"
2010-10-08,0.0008928930832290244,TLT,"ARIMA(1,0,1)"
2010-10-11,0.0007124812140956694,TLT,"ARIMA(1,0,1)"
2010-10-12,0.0005578482098580746,TLT,"ARIMA(1,0,1)"
2010-10-13,0.001119632983125434,TLT,"ARIMA(1,0,1)"
2010-10-14,0.001240070542775359,TLT,"ARIMA(1,0,1)"
2010-10-15,0.0013854641328705781,TLT,"ARIMA(1,0,1)"
2010-10-18,0.0009988630558996918,TLT,"ARIMA(1,0,1)"
2010-10-19,-7.11227472710627e-05,TLT,"ARIMA(1,0,1)"
2010-10-20,8.333868544077117e-05,TLT,"ARIMA(1,0,1)"
2010-10-21,0.00027144924194868314,TLT,"ARIMA(1,0,1)"
2010-10-22,0.0011226971194611647,TLT,"ARIMA(1,0,1)"
2010-10-25,5.1341746452474805e-05,TLT,"ARIMA(1,0,1)"
2010-10-26,0.0002782949766231944,TLT,"ARIMA(1,0,1)"
2010-10-27,0.0013873421532597401,TLT,"ARIMA(1,0,1)"
2010-10-28,0.0007867225578507513,TLT,"ARIMA(1,0,1)"
2010-10-29,0.0002078531841093049,TLT,"ARIMA(1,0,1)"
2010-11-01,-7.819360315579566e-06,TLT,"ARIMA(1,0,1)"
2010-11-02,0.0005675836619082503,TLT,"ARIMA(1,0,1)"
2010-11-03,-0.0003015195107570375,TLT,"ARIMA(1,0,1)"
2010-11-04,0.001664538775446445,TLT,"ARIMA(1,0,1)"
2010-11-05,0.00020209536205117074,TLT,"ARIMA(1,0,1)"
2010-11-08,0.0017928243840681366,TLT,"ARIMA(1,0,1)"
2010-11-09,0.0005631802051412069,TLT,"ARIMA(1,0,1)"
2010-11-10,0.002396012500922894,TLT,"ARIMA(1,0,1)"
2010-11-11,0.0010187411613183021,TLT,"ARIMA(1,0,1)"
2010-11-12,0.0006417089406343942,TLT,"ARIMA(1,0,1)"
2010-11-15,0.0009107128771617444,TLT,"ARIMA(1,0,1)"
2010-11-16,0.002171899041166221,TLT,"ARIMA(1,0,1)"
2010-11-17,-0.0014284549597868537,TLT,"ARIMA(1,0,1)"
2010-11-18,0.00015618535604656615,TLT,"ARIMA(1,0,1)"
2010-11-19,-0.0002387247936690616,TLT,"ARIMA(1,0,1)"
2010-11-22,-0.0005867836274575882,TLT,"ARIMA(1,0,1)"
2010-11-23,-0.0004914661204553646,TLT,"ARIMA(1,0,1)"
2010-11-24,-0.0005140834991100127,TLT,"ARIMA(1,0,1)"
2010-11-26,0.0019369188515860486,TLT,"ARIMA(1,0,1)"
2010-11-29,-0.0008272106034379769,TLT,"ARIMA(1,0,1)"
2010-11-30,-0.0011041941787360452,TLT,"ARIMA(1,0,1)"
2010-12-01,-0.0008808395763168643,TLT,"ARIMA(1,0,1)"
2010-12-02,0.0022050761344182012,TLT,"ARIMA(1,0,1)"
2010-12-03,0.0014292674152985667,TLT,"ARIMA(1,0,1)"
2010-12-06,0.0016880440199503594,TLT,"ARIMA(1,0,1)"
2010-12-07,-0.0005536185606711305,TLT,"ARIMA(1,0,1)"
2010-12-08,0.0027859650981127597,TLT,"ARIMA(1,0,1)"
2010-12-09,0.0022983993718384732,TLT,"ARIMA(1,0,1)"
2010-12-10,0.0007491808920946663,TLT,"ARIMA(1,0,1)"
2010-12-13,0.001251797531004417,TLT,"ARIMA(1,0,1)"
2010-12-14,0.00022292069747345533,TLT,"ARIMA(1,0,1)"
2010-12-15,0.001991993674548244,TLT,"ARIMA(1,0,1)"
2010-12-16,0.002562892803083327,TLT,"ARIMA(1,0,1)"
2010-12-17,0.00018517438147968738,TLT,"ARIMA(1,0,1)"
2010-12-20,-0.0019713172401972573,TLT,"ARIMA(1,0,1)"
2010-12-21,-0.0006772043883708704,TLT,"ARIMA(1,0,1)"
2010-12-22,-0.0010152010807321441,TLT,"ARIMA(1,0,1)"
2010-12-23,0.0006115034515531963,TLT,"ARIMA(1,0,1)"
2010-12-27,0.0007471872589004923,TLT,"ARIMA(1,0,1)"
2010-12-28,-0.0005902791504782969,TLT,"ARIMA(1,0,1)"
2010-12-29,0.0026695538796080065,TLT,"ARIMA(1,0,1)"
2010-12-30,-0.0011909656255777873,TLT,"ARIMA(1,0,1)"
2010-12-31,-0.00013556410037711246,TLT,"ARIMA(1,0,1)"
2011-01-03,-0.0013804535251401404,TLT,"ARIMA(1,0,1)"
2011-01-04,0.0008451071457860616,TLT,"ARIMA(1,0,1)"
2011-01-05,0.0003636108270505806,TLT,"ARIMA(1,0,1)"
2011-01-06,0.003567510956309722,TLT,"ARIMA(1,0,1)"
2011-01-07,0.0008052217272975911,TLT,"ARIMA(1,0,1)"
2011-01-10,-0.00016185823306348444,TLT,"ARIMA(1,0,1)"
2011-01-11,-0.0004957776447065973,TLT,"ARIMA(1,0,1)"
2011-01-12,0.0006606878279740572,TLT,"ARIMA(1,0,1)"
2011-01-13,0.0015197387001517435,TLT,"ARIMA(1,0,1)"
2011-01-14,-0.0002845349881254062,TLT,"ARIMA(1,0,1)"
2011-01-18,0.000855594735721782,TLT,"ARIMA(1,0,1)"
2011-01-19,0.001212325465130368,TLT,"ARIMA(1,0,1)"
2011-01-20,-0.00032871982603054236,TLT,"ARIMA(1,0,1)"
2011-01-21,0.0019111750602073588,TLT,"ARIMA(1,0,1)"
2011-01-24,-0.00020401928480016864,TLT,"ARIMA(1,0,1)"
2011-01-25,-3.758591521568633e-05,TLT,"ARIMA(1,0,1)"
2011-01-26,-0.0012909105451243245,TLT,"ARIMA(1,0,1)"
2011-01-27,0.0018264864639206356,TLT,"ARIMA(1,0,1)"
2011-01-28,0.00023083904626887422,TLT,"ARIMA(1,0,1)"
2011-01-31,-0.000577528485091383,TLT,"ARIMA(1,0,1)"
2011-02-01,0.0009681774639463321,TLT,"ARIMA(1,0,1)"
2011-02-02,0.0012822683359683484,TLT,"ARIMA(1,0,1)"
2011-02-03,0.0007273654442769661,TLT,"ARIMA(1,0,1)"
2011-02-04,0.0015325211575345497,TLT,"ARIMA(1,0,1)"
2011-02-07,0.0019426958755793765,TLT,"ARIMA(1,0,1)"
2011-02-08,0.00027916832994116656,TLT,"ARIMA(1,0,1)"
2011-02-09,0.0014002933969650003,TLT,"ARIMA(1,0,1)"
2011-02-10,-0.0005978858896712284,TLT,"ARIMA(1,0,1)"
2011-02-11,0.001628515031167094,TLT,"ARIMA(1,0,1)"
2011-02-14,-0.0016506048160666192,TLT,"ARIMA(1,0,1)"
2011-02-15,-0.0005646431990036459,TLT,"ARIMA(1,0,1)"
2011-02-16,-0.0007300043621983917,TLT,"ARIMA(1,0,1)"
2011-02-17,0.00041128616982450425,TLT,"ARIMA(1,0,1)"
2011-02-18,1.7544678226154254e-05,TLT,"ARIMA(1,0,1)"
2011-02-22,0.0006146885024843106,TLT,"ARIMA(1,0,1)"
2011-02-23,-0.002123853815368675,TLT,"ARIMA(1,0,1)"
2011-02-24,-0.0012642102595305945,TLT,"ARIMA(1,0,1)"
2011-02-25,-0.0013135500667614615,TLT,"ARIMA(1,0,1)"
2011-02-28,-0.001230843418281024,TLT,"ARIMA(1,0,1)"
2011-03-01,-0.0004518176496601259,TLT,"ARIMA(1,0,1)"
2011-03-02,-0.0004297383088075044,TLT,"ARIMA(1,0,1)"
2011-03-03,0.0024741204000250433,TLT,"ARIMA(1,0,1)"
2011-03-04,0.002307741374075284,TLT,"ARIMA(1,0,1)"
2011-03-07,-0.00014144903819785114,TLT,"ARIMA(1,0,1)"
2011-03-08,0.0010813137553240292,TLT,"ARIMA(1,0,1)"
2011-03-09,0.001491891564489699,TLT,"ARIMA(1,0,1)"
2011-03-10,-0.000817514555125639,TLT,"ARIMA(1,0,1)"
2011-03-11,-0.0026968348174907014,TLT,"ARIMA(1,0,1)"
2011-03-14,-0.00021084036598244463,TLT,"ARIMA(1,0,1)"
2011-03-15,0.0001318802188866325,TLT,"ARIMA(1,0,1)"
2011-03-16,-0.002137031724788191,TLT,"ARIMA(1,0,1)"
2011-03-17,-0.0024716557207178336,TLT,"ARIMA(1,0,1)"
2011-03-18,0.0001310768274809267,TLT,"ARIMA(1,0,1)"
2011-03-21,-0.00016232829181793803,TLT,"ARIMA(1,0,1)"
2011-03-22,0.0010575903556634264,TLT,"ARIMA(1,0,1)"
2011-03-23,0.00015176988408778145,TLT,"ARIMA(1,0,1)"
2011-03-24,0.0005491438284048328,TLT,"ARIMA(1,0,1)"
2011-03-25,0.0017344355136782762,TLT,"ARIMA(1,0,1)"
2011-03-28,0.0014115820016944519,TLT,"ARIMA(1,0,1)"
2011-03-29,0.0006427725355690028,TLT,"ARIMA(1,0,1)"
2011-03-30,0.0017140143277418404,TLT,"ARIMA(1,0,1)"
2011-03-31,-0.00041567050533187783,TLT,"ARIMA(1,0,1)"
2011-04-01,0.0004102209538725345,TLT,"ARIMA(1,0,1)"
2011-04-04,-0.0003536890103588177,TLT,"ARIMA(1,0,1)"
2011-04-05,-2.1720394325285995e-05,TLT,"ARIMA(1,0,1)"
2011-04-06,0.0008904782546566314,TLT,"ARIMA(1,0,1)"
2011-04-07,0.0030560586860659653,TLT,"ARIMA(1,0,1)"
2011-04-08,0.0015838553242149016,TLT,"ARIMA(1,0,1)"
2011-04-11,0.001506351613495513,TLT,"ARIMA(1,0,1)"
2011-04-12,0.00047754944878951897,TLT,"ARIMA(1,0,1)"
2011-04-13,-0.0013598590626643571,TLT,"ARIMA(1,0,1)"
2011-04-14,-0.0012517854040567777,TLT,"ARIMA(1,0,1)"
2011-04-15,-0.0001481345302673313,TLT,"ARIMA(1,0,1)"
2011-04-18,-0.0019160632320037326,TLT,"ARIMA(1,0,1)"
2011-04-19,-0.0007046265167682335,TLT,"ARIMA(1,0,1)"
2011-04-20,-0.0006323634647855236,TLT,"ARIMA(1,0,1)"
2011-04-21,0.0010695052037386576,TLT,"ARIMA(1,0,1)"
2011-04-25,0.0006606185588658395,TLT,"ARIMA(1,0,1)"
2011-04-26,-0.00014918742977767298,TLT,"ARIMA(1,0,1)"
2011-04-27,-0.0013093742856662143,TLT,"ARIMA(1,0,1)"
2011-04-28,0.0014358390851674147,TLT,"ARIMA(1,0,1)"
2011-04-29,-0.0005467010045144959,TLT,"ARIMA(1,0,1)"
2011-05-02,-0.0005420486759384739,TLT,"ARIMA(1,0,1)"
2011-05-03,-0.0004658955394420199,TLT,"ARIMA(1,0,1)"
2011-05-04,-0.0010044005187175345,TLT,"ARIMA(1,0,1)"
2011-05-05,-0.0009069790518413667,TLT,"ARIMA(1,0,1)"
2011-05-06,-0.001802596964442872,TLT,"ARIMA(1,0,1)"
2011-05-09,0.0003237092898357763,TLT,"ARIMA(1,0,1)"
2011-05-10,0.0005075808747791319,TLT,"ARIMA(1,0,1)"
2011-05-11,0.0016277893135099094,TLT,"ARIMA(1,0,1)"
2011-05-12,-0.00035378445060676837,TLT,"ARIMA(1,0,1)"
2011-05-13,0.0012042765804103975,TLT,"ARIMA(1,0,1)"
2011-05-16,-0.0011452213530092463,TLT,"ARIMA(1,0,1)"
2011-05-17,-0.0013534835274581771,TLT,"ARIMA(1,0,1)"
2011-05-18,-0.002407140710125747,TLT,"ARIMA(1,0,1)"
2011-05-19,0.001688086725436516,TLT,"ARIMA(1,0,1)"
2011-05-20,0.0007601586373180112,TLT,"ARIMA(1,0,1)"
2011-05-23,0.00024655600255657836,TLT,"ARIMA(1,0,1)"
2011-05-24,-0.0007931996864898857,TLT,"ARIMA(1,0,1)"
2011-05-25,-0.0010051087568967,TLT,"ARIMA(1,0,1)"
2011-05-26,0.0006219690264797303,TLT,"ARIMA(1,0,1)"
2011-05-27,-0.0012645653380596012,TLT,"ARIMA(1,0,1)"
2011-05-31,-0.00023902275701921143,TLT,"ARIMA(1,0,1)"
2011-06-01,-0.00033730475842786854,TLT,"ARIMA(1,0,1)"
2011-06-02,-0.0025426319976618156,TLT,"ARIMA(1,0,1)"
2011-06-03,0.0035863633810946584,TLT,"ARIMA(1,0,1)"
2011-06-06,-0.00036740939928938727,TLT,"ARIMA(1,0,1)"
2011-06-07,0.001550786789941134,TLT,"ARIMA(1,0,1)"
2011-06-08,-0.0005833623488457245,TLT,"ARIMA(1,0,1)"
2011-06-09,-0.0016410135402849268,TLT,"ARIMA(1,0,1)"
2011-06-10,0.0006705772719942319,TLT,"ARIMA(1,0,1)"
2011-06-13,-0.0012885224653557594,TLT,"ARIMA(1,0,1)"
2011-06-14,0.0009882614768678304,TLT,"ARIMA(1,0,1)"
2011-06-15,0.0034289147088419005,TLT,"ARIMA(1,0,1)"
2011-06-16,-0.0029749308309501917,TLT,"ARIMA(1,0,1)"
2011-06-17,-0.0015038144411297415,TLT,"ARIMA(1,0,1)"
2011-06-20,0.0007436310253539594,TLT,"ARIMA(1,0,1)"
2011-06-21,5.7984155358832575e-05,TLT,"ARIMA(1,0,1)"
2011-06-22,0.0010253920201735698,TLT,"ARIMA(1,0,1)"
2011-06-23,0.00015773821378995843,TLT,"ARIMA(1,0,1)"
2011-06-24,-0.0015299187346017975,TLT,"ARIMA(1,0,1)"
2011-06-27,0.000591580303569755,TLT,"ARIMA(1,0,1)"
2011-06-28,0.003271020813175104,TLT,"ARIMA(1,0,1)"
2011-06-29,0.0025832656734929636,TLT,"ARIMA(1,0,1)"
2011-06-30,0.0018774737353131569,TLT,"ARIMA(1,0,1)"
2011-07-01,0.0006751210761714296,TLT,"ARIMA(1,0,1)"
2011-07-05,0.00039392960250956774,TLT,"ARIMA(1,0,1)"
2011-07-06,-0.0005083322549148769,TLT,"ARIMA(1,0,1)"
2011-07-07,-0.001292974449164948,TLT,"ARIMA(1,0,1)"
2011-07-08,0.00020703117651366262,TLT,"ARIMA(1,0,1)"
2011-07-11,-0.002927324561182361,TLT,"ARIMA(1,0,1)"
2011-07-12,-0.0037756779141899137,TLT,"ARIMA(1,0,1)"
2011-07-13,-0.0013902832211536878,TLT,"ARIMA(1,0,1)"
2011-07-14,-0.0007768230410210672,TLT,"ARIMA(1,0,1)"
2011-07-15,0.0027207651291686254,TLT,"ARIMA(1,0,1)"
2011-07-18,0.00022886566166967296,TLT,"ARIMA(1,0,1)"
2011-07-19,0.0018897660621443818,TLT,"ARIMA(1,0,1)"
2011-07-20,-0.004047433264237404,TLT,"ARIMA(1,0,1)"
2011-07-21,0.002113401255923714,TLT,"ARIMA(1,0,1)"
2011-07-22,0.0019250530186535615,TLT,"ARIMA(1,0,1)"
2011-07-25,-0.0012238936874959087,TLT,"ARIMA(1,0,1)"
2011-07-26,0.0021984896217123392,TLT,"ARIMA(1,0,1)"
2011-07-27,-0.0010822149159926344,TLT,"ARIMA(1,0,1)"
2011-07-28,-0.00017534618050005557,TLT,"ARIMA(1,0,1)"
2011-07-29,-0.0008074661083941082,TLT,"ARIMA(1,0,1)"
2011-08-01,-0.004202174357811437,TLT,"ARIMA(1,0,1)"
2011-08-02,-0.002544526976220982,TLT,"ARIMA(1,0,1)"
2011-08-03,-0.004904879537251846,TLT,"ARIMA(1,0,1)"
2011-08-04,0.0003482545748383304,TLT,"ARIMA(1,0,1)"
2011-08-05,-0.005402339355653376,TLT,"ARIMA(1,0,1)"
2011-08-08,0.00767307373970031,TLT,"ARIMA(1,0,1)"
2011-08-09,-0.009325139771981282,TLT,"ARIMA(1,0,1)"
2011-08-10,0.002378567685550183,TLT,"ARIMA(1,0,1)"
2011-08-11,-0.007632054247835314,TLT,"ARIMA(1,0,1)"
2011-08-12,0.017101956378541644,TLT,"ARIMA(1,0,1)"
2011-08-15,-0.010934858938306785,TLT,"ARIMA(1,0,1)"
2011-08-16,0.010912886417589363,TLT,"ARIMA(1,0,1)"
2011-08-17,-0.007332228877190419,TLT,"ARIMA(1,0,1)"
2011-08-18,-0.0008234662466454978,TLT,"ARIMA(1,0,1)"
2011-08-19,-0.004546494871008717,TLT,"ARIMA(1,0,1)"
2011-08-22,0.0016418640374050238,TLT,"ARIMA(1,0,1)"
2011-08-23,0.0003433171030988649,TLT,"ARIMA(1,0,1)"
2011-08-24,0.0030977213590260727,TLT,"ARIMA(1,0,1)"
2011-08-25,0.00336296577923441,TLT,"ARIMA(1,0,1)"
2011-08-26,-0.0038496867566261534,TLT,"ARIMA(1,0,1)"
2011-08-29,0.0007717055502871424,TLT,"ARIMA(1,0,1)"
2011-08-30,0.0022633985793275766,TLT,"ARIMA(1,0,1)"
2011-08-31,-0.004533712978005411,TLT,"ARIMA(1,0,1)"
2011-09-01,0.00619876169243596,TLT,"ARIMA(1,0,1)"
2011-09-02,-0.007813303000430033,TLT,"ARIMA(1,0,1)"
2011-09-06,0.0001599343040241955,TLT,"ARIMA(1,0,1)"
2011-09-07,-0.0013858364953712762,TLT,"ARIMA(1,0,1)"
2011-09-08,0.004623756830751889,TLT,"ARIMA(1,0,1)"
2011-09-09,-0.004085445531095589,TLT,"ARIMA(1,0,1)"
2011-09-12,0.0015154176806581221,TLT,"ARIMA(1,0,1)"
2011-09-13,-0.00024088655708546613,TLT,"ARIMA(1,0,1)"
2011-09-14,0.003730296610343005,TLT,"ARIMA(1,0,1)"
2011-09-15,-0.003012558752054379,TLT,"ARIMA(1,0,1)"
2011-09-16,0.005939107208909859,TLT,"ARIMA(1,0,1)"
2011-09-19,-0.0040888181681517375,TLT,"ARIMA(1,0,1)"
2011-09-20,-0.0007490270512567021,TLT,"ARIMA(1,0,1)"
2011-09-21,0.000501452658960773,TLT,"ARIMA(1,0,1)"
2011-09-22,-0.005000785094594612,TLT,"ARIMA(1,0,1)"
2011-09-23,-0.0016332958039424973,TLT,"ARIMA(1,0,1)"
2011-09-26,0.005867125859435156,TLT,"ARIMA(1,0,1)"
2011-09-27,-0.0001562150590662311,TLT,"ARIMA(1,0,1)"
2011-09-28,0.004092841961072884,TLT,"ARIMA(1,0,1)"
2011-09-29,-0.0021019236440608484,TLT,"ARIMA(1,0,1)"
2011-09-30,0.0018013902481688955,TLT,"ARIMA(1,0,1)"
2011-10-03,-0.004209456881962377,TLT,"ARIMA(1,0,1)"
2011-10-04,-0.00011108782334466941,TLT,"ARIMA(1,0,1)"
2011-10-05,0.002211012931478737,TLT,"ARIMA(1,0,1)"
2011-10-06,8.682436202128436e-06,TLT,"ARIMA(1,0,1)"
2011-10-07,0.0037299230638996256,TLT,"ARIMA(1,0,1)"
2011-10-10,-0.0004683377482544048,TLT,"ARIMA(1,0,1)"
2011-10-11,0.003329081956582931,TLT,"ARIMA(1,0,1)"
2011-10-12,-0.0008379460401138346,TLT,"ARIMA(1,0,1)"
2011-10-13,0.003601053360475681,TLT,"ARIMA(1,0,1)"
2011-10-14,-0.0028088210145962864,TLT,"ARIMA(1,0,1)"
2011-10-17,0.005271948262185743,TLT,"ARIMA(1,0,1)"
2011-10-18,-0.0049765005637266045,TLT,"ARIMA(1,0,1)"
2011-10-19,-0.00012474922369219287,TLT,"ARIMA(1,0,1)"
2011-10-20,-0.002827048872636406,TLT,"ARIMA(1,0,1)"
2011-10-21,0.004360301777593268,TLT,"ARIMA(1,0,1)"
2011-10-24,-0.0005540647070653768,TLT,"ARIMA(1,0,1)"
2011-10-25,0.0012667914760645838,TLT,"ARIMA(1,0,1)"
2011-10-26,-0.0030283897027076788,TLT,"ARIMA(1,0,1)"
2011-10-27,0.006132707066664455,TLT,"ARIMA(1,0,1)"
2011-10-28,0.0011205089178350826,TLT,"ARIMA(1,0,1)"
2011-10-31,-0.0012237463596499927,TLT,"ARIMA(1,0,1)"
2011-11-01,-0.002611535567133201,TLT,"ARIMA(1,0,1)"
2011-11-02,-0.0024883868138287748,TLT,"ARIMA(1,0,1)"
2011-11-03,0.002060588281069425,TLT,"ARIMA(1,0,1)"
2011-11-04,0.0022588641011045078,TLT,"ARIMA(1,0,1)"
2011-11-07,0.000877690568475634,TLT,"ARIMA(1,0,1)"
2011-11-08,0.0004369133490074329,TLT,"ARIMA(1,0,1)"
2011-11-09,0.0025210153588304503,TLT,"ARIMA(1,0,1)"
2011-11-10,-0.001848448877716471,TLT,"ARIMA(1,0,1)"
2011-11-11,0.004861401693588945,TLT,"ARIMA(1,0,1)"
2011-11-14,0.0017886414415045362,TLT,"ARIMA(1,0,1)"
2011-11-15,0.0019700621051103187,TLT,"ARIMA(1,0,1)"
2011-11-16,0.00035337244648257586,TLT,"ARIMA(1,0,1)"
2011-11-17,0.0009819909530626512,TLT,"ARIMA(1,0,1)"
2011-11-18,0.0004133674232408204,TLT,"ARIMA(1,0,1)"
2011-11-21,0.0016197173346391746,TLT,"ARIMA(1,0,1)"
2011-11-22,0.0002552548863069962,TLT,"ARIMA(1,0,1)"
2011-11-23,2.8727840426582153e-05,TLT,"ARIMA(1,0,1)"
2011-11-25,0.00032503912012710407,TLT,"ARIMA(1,0,1)"
2011-11-28,0.0019457645662148244,TLT,"ARIMA(1,0,1)"
2011-11-29,0.0011947046407629089,TLT,"ARIMA(1,0,1)"
2011-11-30,0.002742508671161397,TLT,"ARIMA(1,0,1)"
2011-12-01,0.0025222729331476797,TLT,"ARIMA(1,0,1)"
2011-12-02,0.0015514388767791686,TLT,"ARIMA(1,0,1)"
2011-12-05,-8.298512120404338e-05,TLT,"ARIMA(1,0,1)"
2011-12-06,0.0011881164021570654,TLT,"ARIMA(1,0,1)"
2011-12-07,0.0019752885894323935,TLT,"ARIMA(1,0,1)"
2011-12-08,0.0008955922720947289,TLT,"ARIMA(1,0,1)"
2011-12-09,-0.000513700336571569,TLT,"ARIMA(1,0,1)"
2011-12-12,0.0035686258698167652,TLT,"ARIMA(1,0,1)"
2011-12-13,-0.0017188673754254542,TLT,"ARIMA(1,0,1)"
2011-12-14,0.0022533453574497342,TLT,"ARIMA(1,0,1)"
2011-12-15,-0.0015912448620027135,TLT,"ARIMA(1,0,1)"
2011-12-16,0.004071584765723536,TLT,"ARIMA(1,0,1)"
2011-12-19,-0.0033915798918111298,TLT,"ARIMA(1,0,1)"
2011-12-20,0.004347077722455345,TLT,"ARIMA(1,0,1)"
2011-12-21,0.0033500775706938536,TLT,"ARIMA(1,0,1)"
2011-12-22,0.0012775925214480557,TLT,"ARIMA(1,0,1)"
2011-12-23,0.000254909933691938,TLT,"ARIMA(1,0,1)"
2011-12-27,0.002741075742526468,TLT,"ARIMA(1,0,1)"
2011-12-28,-0.00015445127913793575,TLT,"ARIMA(1,0,1)"
2011-12-29,0.0013673431268820396,TLT,"ARIMA(1,0,1)"
2011-12-30,0.0015862378935909945,TLT,"ARIMA(1,0,1)"
2012-01-03,0.000788064319236778,TLT,"ARIMA(1,0,1)"
2012-01-04,0.00221201267658707,TLT,"ARIMA(1,0,1)"
2012-01-05,0.001400015610496951,TLT,"ARIMA(1,0,1)"
2012-01-06,0.0013948824369622202,TLT,"ARIMA(1,0,1)"
2012-01-09,0.0005066977407217114,TLT,"ARIMA(1,0,1)"
2012-01-10,0.001866575672203322,TLT,"ARIMA(1,0,1)"
2012-01-11,0.0009708497085113392,TLT,"ARIMA(1,0,1)"
2012-01-12,0.00019940757194978525,TLT,"ARIMA(1,0,1)"
2012-01-13,0.002009385209100041,TLT,"ARIMA(1,0,1)"
2012-01-17,0.0001917241934457283,TLT,"ARIMA(1,0,1)"
2012-01-18,0.0019226544436666516,TLT,"ARIMA(1,0,1)"
2012-01-19,0.0015702993617659937,TLT,"ARIMA(1,0,1)"
2012-01-20,0.0018430680500938676,TLT,"ARIMA(1,0,1)"
2012-01-23,0.0009055104029174615,TLT,"ARIMA(1,0,1)"
2012-01-24,0.0015335312981933017,TLT,"ARIMA(1,0,1)"
2012-01-25,0.0010769810775315487,TLT,"ARIMA(1,0,1)"
2012-01-26,0.0012430156613906257,TLT,"ARIMA(1,0,1)"
2012-01-27,0.0005506285443800955,TLT,"ARIMA(1,0,1)"
2012-01-30,0.0010474744325053376,TLT,"ARIMA(1,0,1)"
2012-01-31,0.0006634317422377098,TLT,"ARIMA(1,0,1)"
2012-02-01,0.0007580262386861299,TLT,"ARIMA(1,0,1)"
2012-02-02,0.0018945366286879967,TLT,"ARIMA(1,0,1)"
2012-02-03,0.0013438411835469941,TLT,"ARIMA(1,0,1)"
2012-02-06,0.002415028270992872,TLT,"ARIMA(1,0,1)"
2012-02-07,0.0008121122799585925,TLT,"ARIMA(1,0,1)"
2012-02-08,0.001980458135138607,TLT,"ARIMA(1,0,1)"
2012-02-09,0.0012807258438477323,TLT,"ARIMA(1,0,1)"
2012-02-10,0.001642783683807823,TLT,"ARIMA(1,0,1)"
2012-02-13,0.0006668844624137451,TLT,"ARIMA(1,0,1)"
2012-02-14,0.0011978370404275623,TLT,"ARIMA(1,0,1)"
2012-02-15,0.0010231469514488502,TLT,"ARIMA(1,0,1)"
2012-02-16,0.0013614458265248954,TLT,"ARIMA(1,0,1)"
2012-02-17,0.0016686307352503764,TLT,"ARIMA(1,0,1)"
2012-02-21,0.0012701149078314133,TLT,"ARIMA(1,0,1)"
2012-02-22,0.0017557029199944234,TLT,"ARIMA(1,0,1)"
2012-02-23,0.0005542138595490997,TLT,"ARIMA(1,0,1)"
2012-02-24,0.001172139025974049,TLT,"ARIMA(1,0,1)"
2012-02-27,0.0008366179436490248,TLT,"ARIMA(1,0,1)"
2012-02-28,0.0007221958597816856,TLT,"ARIMA(1,0,1)"
2012-02-29,0.001350630000475046,TLT,"ARIMA(1,0,1)"
2012-03-01,0.0014794691015335838,TLT,"ARIMA(1,0,1)"
2012-03-02,0.0017128342718730077,TLT,"ARIMA(1,0,1)"
2012-03-05,0.0007455370503965658,TLT,"ARIMA(1,0,1)"
2012-03-06,0.001623099248088769,TLT,"ARIMA(1,0,1)"
2012-03-07,0.0005641950525316019,TLT,"ARIMA(1,0,1)"
2012-03-08,0.0016135167747152585,TLT,"ARIMA(1,0,1)"
2012-03-09,0.0018126164373976055,TLT,"ARIMA(1,0,1)"
2012-03-12,0.0010255967661362327,TLT,"ARIMA(1,0,1)"
2012-03-13,0.0011540506560259243,TLT,"ARIMA(1,0,1)"
2012-03-14,0.002105247573890981,TLT,"ARIMA(1,0,1)"
2012-03-15,0.002174894379750984,TLT,"ARIMA(1,0,1)"
2012-03-16,0.000810724199881075,TLT,"ARIMA(1,0,1)"
2012-03-19,0.0007987395767933614,TLT,"ARIMA(1,0,1)"
2012-03-20,0.0013927510936810577,TLT,"ARIMA(1,0,1)"
2012-03-21,0.0006974212941346917,TLT,"ARIMA(1,0,1)"
2012-03-22,0.000379232832633725,TLT,"ARIMA(1,0,1)"
2012-03-23,0.0007644394951445306,TLT,"ARIMA(1,0,1)"
2012-03-26,0.0005547320039089487,TLT,"ARIMA(1,0,1)"
2012-03-27,0.001217900402853784,TLT,"ARIMA(1,0,1)"
2012-03-28,0.0006703293438442212,TLT,"ARIMA(1,0,1)"
2012-03-29,0.0010919655324928578,TLT,"ARIMA(1,0,1)"
2012-03-30,0.0006819223744567762,TLT,"ARIMA(1,0,1)"
2012-04-02,0.0018067714864708445,TLT,"ARIMA(1,0,1)"
2012-04-03,0.0007165566178220573,TLT,"ARIMA(1,0,1)"
2012-04-04,0.0018129171659155324,TLT,"ARIMA(1,0,1)"
2012-04-05,0.00020186699075769895,TLT,"ARIMA(1,0,1)"
2012-04-09,0.0006273527834346941,TLT,"ARIMA(1,0,1)"
2012-04-10,-0.00012793687196363274,TLT,"ARIMA(1,0,1)"
2012-04-11,0.0006438286775748499,TLT,"ARIMA(1,0,1)"
2012-04-12,0.0018145291053744393,TLT,"ARIMA(1,0,1)"
2012-04-13,0.0013620598268537837,TLT,"ARIMA(1,0,1)"
2012-04-16,0.0002974259093518907,TLT,"ARIMA(1,0,1)"
2012-04-17,0.0012200193844072386,TLT,"ARIMA(1,0,1)"
2012-04-18,0.0011425107387449326,TLT,"ARIMA(1,0,1)"
2012-04-19,0.0009496038704849502,TLT,"ARIMA(1,0,1)"
2012-04-20,0.0010419066241710944,TLT,"ARIMA(1,0,1)"
2012-04-23,0.0011138988610135611,TLT,"ARIMA(1,0,1)"
2012-04-24,0.0007573766890220493,TLT,"ARIMA(1,0,1)"
2012-04-25,0.0015039801406690053,TLT,"ARIMA(1,0,1)"
2012-04-26,0.0013380892442667457,TLT,"ARIMA(1,0,1)"
2012-04-27,0.0008057862977171493,TLT,"ARIMA(1,0,1)"
2012-04-30,0.0010343794682961837,TLT,"ARIMA(1,0,1)"
2012-05-01,0.0010614776016186248,TLT,"ARIMA(1,0,1)"
2012-05-02,0.0013233121628011043,TLT,"ARIMA(1,0,1)"
2012-05-03,0.0006800929839132367,TLT,"ARIMA(1,0,1)"
2012-05-04,0.0010382243250179138,TLT,"ARIMA(1,0,1)"
2012-05-07,0.0006046856743757245,TLT,"ARIMA(1,0,1)"
2012-05-08,0.0010277052288694814,TLT,"ARIMA(1,0,1)"
2012-05-09,0.0007827751554188581,TLT,"ARIMA(1,0,1)"
2012-05-10,0.0010619521754488084,TLT,"ARIMA(1,0,1)"
2012-05-11,0.001229484574041205,TLT,"ARIMA(1,0,1)"
2012-05-14,0.0006956884408398504,TLT,"ARIMA(1,0,1)"
2012-05-15,0.00041696896216051726,TLT,"ARIMA(1,0,1)"
2012-05-16,0.0009136726885452655,TLT,"ARIMA(1,0,1)"
2012-05-17,0.0009667799899658348,TLT,"ARIMA(1,0,1)"
2012-05-18,0.00038114926500137274,TLT,"ARIMA(1,0,1)"
2012-05-21,0.0012079525767176582,TLT,"ARIMA(1,0,1)"
2012-05-22,0.0013300406867268282,TLT,"ARIMA(1,0,1)"
2012-05-23,0.0017009621336727533,TLT,"ARIMA(1,0,1)"
2012-05-24,0.0008518606770918685,TLT,"ARIMA(1,0,1)"
2012-05-25,0.0013567505516439257,TLT,"ARIMA(1,0,1)"
2012-05-29,0.0009824293048646615,TLT,"ARIMA(1,0,1)"
2012-05-30,0.0012956393425972907,TLT,"ARIMA(1,0,1)"
2012-05-31,-4.228209377273961e-05,TLT,"ARIMA(1,0,1)"
2012-06-01,0.0007456022225821222,TLT,"ARIMA(1,0,1)"
2012-06-04,0.0006182007469873973,TLT,"ARIMA(1,0,1)"
2012-06-05,0.0016120259180184122,TLT,"ARIMA(1,0,1)"
2012-06-06,0.0017532052173430252,TLT,"ARIMA(1,0,1)"
2012-06-07,0.0017249880697874807,TLT,"ARIMA(1,0,1)"
2012-06-08,0.0011436784304402173,TLT,"ARIMA(1,0,1)"
2012-06-11,0.0011940539304269272,TLT,"ARIMA(1,0,1)"
2012-06-12,0.0010698898365686302,TLT,"ARIMA(1,0,1)"
2012-06-13,0.0014058422696403485,TLT,"ARIMA(1,0,1)"
2012-06-14,0.0010397009644878192,TLT,"ARIMA(1,0,1)"
2012-06-15,0.0012107131794395502,TLT,"ARIMA(1,0,1)"
2012-06-18,0.0010553231616480256,TLT,"ARIMA(1,0,1)"
2012-06-19,0.0011000706001055205,TLT,"ARIMA(1,0,1)"
2012-06-20,0.0014962314552759096,TLT,"ARIMA(1,0,1)"
2012-06-21,0.0010867302871479254,TLT,"ARIMA(1,0,1)"
2012-06-22,0.0010910711022384262,TLT,"ARIMA(1,0,1)"
2012-06-25,0.0014931264628855602,TLT,"ARIMA(1,0,1)"
2012-06-26,0.0007713839356995301,TLT,"ARIMA(1,0,1)"
2012-06-27,0.0014102671247122384,TLT,"ARIMA(1,0,1)"
2012-06-28,0.001258574600975929,TLT,"ARIMA(1,0,1)"
2012-06-29,0.0012577248633855146,TLT,"ARIMA(1,0,1)"
2012-07-02,0.0018224971080797233,TLT,"ARIMA(1,0,1)"
2012-07-03,0.0009389949078244668,TLT,"ARIMA(1,0,1)"
2012-07-05,0.0016479322000725457,TLT,"ARIMA(1,0,1)"
2012-07-06,0.0011040888842875098,TLT,"ARIMA(1,0,1)"
2012-07-09,0.000970245646749857,TLT,"ARIMA(1,0,1)"
2012-07-10,0.0009438039357007195,TLT,"ARIMA(1,0,1)"
2012-07-11,0.0011964110177886842,TLT,"ARIMA(1,0,1)"
2012-07-12,0.0012301064427312585,TLT,"ARIMA(1,0,1)"
2012-07-13,0.0009891052644615582,TLT,"ARIMA(1,0,1)"
2012-07-16,0.0014691555818136556,TLT,"ARIMA(1,0,1)"
2012-07-17,0.0011600395225205011,TLT,"ARIMA(1,0,1)"
2012-07-18,0.0016991804755444946,TLT,"ARIMA(1,0,1)"
2012-07-19,0.001268352642911418,TLT,"ARIMA(1,0,1)"
2012-07-20,0.0014242992941969784,TLT,"ARIMA(1,0,1)"
2012-07-23,0.0009330726949978718,TLT,"ARIMA(1,0,1)"
2012-07-24,0.0011839646643515118,TLT,"ARIMA(1,0,1)"
2012-07-25,0.0011955989271052203,TLT,"ARIMA(1,0,1)"
2012-07-26,0.001358033616565133,TLT,"ARIMA(1,0,1)"
2012-07-27,0.0017222967472002777,TLT,"ARIMA(1,0,1)"
2012-07-30,0.0018938176284927625,TLT,"ARIMA(1,0,1)"
2012-07-31,0.0010076846323273537,TLT,"ARIMA(1,0,1)"
2012-08-01,0.0011479448076166926,TLT,"ARIMA(1,0,1)"
2012-08-02,0.0013292007291530678,TLT,"ARIMA(1,0,1)"
2012-08-03,0.0008530977578834409,TLT,"ARIMA(1,0,1)"
2012-08-06,0.0013123225213530977,TLT,"ARIMA(1,0,1)"
2012-08-07,0.0009868857419154883,TLT,"ARIMA(1,0,1)"
2012-08-08,0.0008121748753422616,TLT,"ARIMA(1,0,1)"
2012-08-09,0.0007778006839582737,TLT,"ARIMA(1,0,1)"
2012-08-10,0.0008602345388809017,TLT,"ARIMA(1,0,1)"
2012-08-13,0.0008867622416583301,TLT,"ARIMA(1,0,1)"
2012-08-14,0.0024668437633051906,TLT,"ARIMA(1,0,1)"
2012-08-15,0.0008512649174948368,TLT,"ARIMA(1,0,1)"
2012-08-16,0.0036054308223144775,TLT,"ARIMA(1,0,1)"
2012-08-17,0.0020882084842108357,TLT,"ARIMA(1,0,1)"
2012-08-20,0.0010937291926794122,TLT,"ARIMA(1,0,1)"
2012-08-21,0.0005816543998768101,TLT,"ARIMA(1,0,1)"
2012-08-22,0.0018214748262782683,TLT,"ARIMA(1,0,1)"
2012-08-23,0.0011161159189274207,TLT,"ARIMA(1,0,1)"
2012-08-24,3.142498763636619e-05,TLT,"ARIMA(1,0,1)"
2012-08-27,0.00040717923375851463,TLT,"ARIMA(1,0,1)"
2012-08-28,0.0007306461465679364,TLT,"ARIMA(1,0,1)"
2012-08-29,0.0008990864677877032,TLT,"ARIMA(1,0,1)"
2012-08-30,0.0006391771604524296,TLT,"ARIMA(1,0,1)"
2012-08-31,0.0008074795083234628,TLT,"ARIMA(1,0,1)"
2012-09-04,-0.00023621212226108414,TLT,"ARIMA(1,0,1)"
2012-09-05,0.0005280283404750207,TLT,"ARIMA(1,0,1)"
2012-09-06,0.00057276287602955,TLT,"ARIMA(1,0,1)"
2012-09-07,0.0006139945981239195,TLT,"ARIMA(1,0,1)"
2012-09-10,0.0004819814488170275,TLT,"ARIMA(1,0,1)"
2012-09-11,0.000405376156407495,TLT,"ARIMA(1,0,1)"
2012-09-12,7.846643568217422e-05,TLT,"ARIMA(1,0,1)"
2012-09-13,-0.0006585699348718732,TLT,"ARIMA(1,0,1)"
2012-09-14,0.0001396201354066384,TLT,"ARIMA(1,0,1)"
2012-09-17,-0.002337398516015033,TLT,"ARIMA(1,0,1)"
2012-09-18,0.0008054030893981589,TLT,"ARIMA(1,0,1)"
2012-09-19,0.0022351990877322397,TLT,"ARIMA(1,0,1)"
2012-09-20,0.0008722626237587386,TLT,"ARIMA(1,0,1)"
2012-09-21,0.000977171483419219,TLT,"ARIMA(1,0,1)"
2012-09-24,0.00012535173952937377,TLT,"ARIMA(1,0,1)"
2012-09-25,0.0006009737818153915,TLT,"ARIMA(1,0,1)"
2012-09-26,-0.0003659491758113692,TLT,"ARIMA(1,0,1)"
2012-09-27,3.7155588251651796e-05,TLT,"ARIMA(1,0,1)"
2012-09-28,-0.00018305214065286794,TLT,"ARIMA(1,0,1)"
2012-10-01,0.00034982754175406715,TLT,"ARIMA(1,0,1)"
2012-10-02,0.00035441875642924835,TLT,"ARIMA(1,0,1)"
2012-10-03,0.0002938118589201203,TLT,"ARIMA(1,0,1)"
2012-10-04,0.0001809140352900852,TLT,"ARIMA(1,0,1)"
2012-10-05,0.0001549299362175499,TLT,"ARIMA(1,0,1)"
2012-10-08,-0.0003345796506265201,TLT,"ARIMA(1,0,1)"
2012-10-09,0.0002400936295399619,TLT,"ARIMA(1,0,1)"
2012-10-10,0.00028946212054956457,TLT,"ARIMA(1,0,1)"
2012-10-11,0.00033070887958141224,TLT,"ARIMA(1,0,1)"
2012-10-12,0.00041619800270346115,TLT,"ARIMA(1,0,1)"
2012-10-15,3.050654972036414e-05,TLT,"ARIMA(1,0,1)"
2012-10-16,0.00021604489214979136,TLT,"ARIMA(1,0,1)"
2012-10-17,0.0011465263025363817,TLT,"ARIMA(1,0,1)"
2012-10-18,0.0016563718338241484,TLT,"ARIMA(1,0,1)"
2012-10-19,0.0018551067461981896,TLT,"ARIMA(1,0,1)"
2012-10-22,0.0007028142209787713,TLT,"ARIMA(1,0,1)"
2012-10-23,-0.0003998191274965812,TLT,"ARIMA(1,0,1)"
2012-10-24,0.000787300025344625,TLT,"ARIMA(1,0,1)"
2012-10-25,-0.00034389340607095215,TLT,"ARIMA(1,0,1)"
2012-10-26,0.00012409659218532205,TLT,"ARIMA(1,0,1)"
2012-10-31,0.0007391365912060453,TLT,"ARIMA(1,0,1)"
2012-11-01,0.0005119684368323784,TLT,"ARIMA(1,0,1)"
2012-11-02,0.00032492300046214125,TLT,"ARIMA(1,0,1)"
2012-11-05,0.00019200547761127117,TLT,"ARIMA(1,0,1)"
2012-11-06,0.0002643432161211869,TLT,"ARIMA(1,0,1)"
2012-11-07,0.00028187616931601804,TLT,"ARIMA(1,0,1)"
2012-11-08,0.00034775876724388094,TLT,"ARIMA(1,0,1)"
2012-11-09,0.0008065142014403025,TLT,"ARIMA(1,0,1)"
2012-11-12,0.00038754518897225846,TLT,"ARIMA(1,0,1)"
2012-11-13,0.0005747191002854204,TLT,"ARIMA(1,0,1)"
2012-11-14,0.00031127192152209985,TLT,"ARIMA(1,0,1)"
2012-11-15,0.0005214364988776496,TLT,"ARIMA(1,0,1)"
2012-11-16,0.0003886693429564619,TLT,"ARIMA(1,0,1)"
2012-11-19,0.00037094854167949636,TLT,"ARIMA(1,0,1)"
2012-11-20,0.00013309039165454087,TLT,"ARIMA(1,0,1)"
2012-11-21,8.288912014155903e-05,TLT,"ARIMA(1,0,1)"
2012-11-23,0.00017011972211638138,TLT,"ARIMA(1,0,1)"
2012-11-26,0.0011290872703038218,TLT,"ARIMA(1,0,1)"
2012-11-27,0.0004845250828134461,TLT,"ARIMA(1,0,1)"
2012-11-28,0.0002537172097577219,TLT,"ARIMA(1,0,1)"
2012-11-29,-0.00042509139993802665,TLT,"ARIMA(1,0,1)"
2012-11-30,0.0002418735282226958,TLT,"ARIMA(1,0,1)"
2012-12-03,0.00026368773732697804,TLT,"ARIMA(1,0,1)"
2012-12-04,0.00012427754951358736,TLT,"ARIMA(1,0,1)"
2012-12-05,-0.0026456977938834514,TLT,"ARIMA(1,0,1)"
2012-12-06,0.0001869590251794435,TLT,"ARIMA(1,0,1)"
2012-12-07,0.0004595439339926452,TLT,"ARIMA(1,0,1)"
2012-12-10,0.0003322410603239079,TLT,"ARIMA(1,0,1)"
2012-12-11,7.775302254500467e-05,TLT,"ARIMA(1,0,1)"
2012-12-12,0.000893515330252433,TLT,"ARIMA(1,0,1)"
2012-12-13,0.00035846918388192665,TLT,"ARIMA(1,0,1)"
2012-12-14,0.00023980613953367543,TLT,"ARIMA(1,0,1)"
2012-12-17,1.4014699404693359e-05,TLT,"ARIMA(1,0,1)"
2012-12-18,-0.0008160185447632766,TLT,"ARIMA(1,0,1)"
2012-12-19,-0.00013276030046010476,TLT,"ARIMA(1,0,1)"
2012-12-20,-2.2813581290038023e-05,TLT,"ARIMA(1,0,1)"
2012-12-21,-4.7927338827427375e-05,TLT,"ARIMA(1,0,1)"
2012-12-24,0.00016223664028117087,TLT,"ARIMA(1,0,1)"
2012-12-26,0.00020112497783765086,TLT,"ARIMA(1,0,1)"
2012-12-27,0.0005187479649712636,TLT,"ARIMA(1,0,1)"
2012-12-28,0.00011249041198945148,TLT,"ARIMA(1,0,1)"
2012-12-31,6.752799151850104e-05,TLT,"ARIMA(1,0,1)"
2013-01-02,-0.0008873976598556002,TLT,"ARIMA(1,0,1)"
2013-01-03,-4.0099607985642676e-05,TLT,"ARIMA(1,0,1)"
2013-01-04,0.0005267748716012684,TLT,"ARIMA(1,0,1)"
2013-01-07,-0.0005707642594653568,TLT,"ARIMA(1,0,1)"
2013-01-08,0.0005293221659196189,TLT,"ARIMA(1,0,1)"
2013-01-09,-0.00046089540404833083,TLT,"ARIMA(1,0,1)"
2013-01-10,0.0006831884461327969,TLT,"ARIMA(1,0,1)"
2013-01-11,-0.00019916425885824532,TLT,"ARIMA(1,0,1)"
2013-01-14,-1.6949515765976657e-05,TLT,"ARIMA(1,0,1)"
2013-01-15,0.00022919811325559157,TLT,"ARIMA(1,0,1)"
2013-01-16,-0.00012219420494745235,TLT,"ARIMA(1,0,1)"
2013-01-17,0.0002593071053855191,TLT,"ARIMA(1,0,1)"
2013-01-18,0.0002750753285266315,TLT,"ARIMA(1,0,1)"
2013-01-22,-0.00012417703559335248,TLT,"ARIMA(1,0,1)"
2013-01-23,0.0001585758226617376,TLT,"ARIMA(1,0,1)"
2013-01-24,0.00019795749450052892,TLT,"ARIMA(1,0,1)"
2013-01-25,0.0002088248657212,TLT,"ARIMA(1,0,1)"
2013-01-28,0.0019557725700425793,TLT,"ARIMA(1,0,1)"
2013-01-29,0.00025634211592443857,TLT,"ARIMA(1,0,1)"
2013-01-30,6.845480428787509e-05,TLT,"ARIMA(1,0,1)"
2013-01-31,4.921859212170376e-05,TLT,"ARIMA(1,0,1)"
2013-02-01,-0.00015690118178685495,TLT,"ARIMA(1,0,1)"
2013-02-04,-0.0005641897302707168,TLT,"ARIMA(1,0,1)"
2013-02-05,1.979465254946065e-05,TLT,"ARIMA(1,0,1)"
2013-02-06,0.0007831633977049369,TLT,"ARIMA(1,0,1)"
2013-02-07,-0.0005619315250371485,TLT,"ARIMA(1,0,1)"
2013-02-08,0.0005908102844092265,TLT,"ARIMA(1,0,1)"
2013-02-11,0.001983750162522085,TLT,"ARIMA(1,0,1)"
2013-02-12,-0.0009233012407970752,TLT,"ARIMA(1,0,1)"
2013-02-13,0.0009782261573108052,TLT,"ARIMA(1,0,1)"
2013-02-14,-0.0010826352217996786,TLT,"ARIMA(1,0,1)"
2013-02-15,0.0017930992719670988,TLT,"ARIMA(1,0,1)"
2013-02-19,-0.0015087257526129748,TLT,"ARIMA(1,0,1)"
2013-02-20,0.001634200614152689,TLT,"ARIMA(1,0,1)"
2013-02-21,-0.0013626986292134436,TLT,"ARIMA(1,0,1)"
2013-02-22,0.0006217074007362839,TLT,"ARIMA(1,0,1)"
2013-02-25,-0.0001772929705398794,TLT,"ARIMA(1,0,1)"
2013-02-26,-0.000874548697410148,TLT,"ARIMA(1,0,1)"
2013-02-27,-0.002181816550765018,TLT,"ARIMA(1,0,1)"
2013-02-28,0.001254539678148229,TLT,"ARIMA(1,0,1)"
2013-03-01,-0.0003358511294024803,TLT,"ARIMA(1,0,1)"
2013-03-04,-0.0008086329792681497,TLT,"ARIMA(1,0,1)"
2013-03-05,0.001090265924831312,TLT,"ARIMA(1,0,1)"
2013-03-06,-0.0001940027251264892,TLT,"ARIMA(1,0,1)"
2013-03-07,0.0005316383388513337,TLT,"ARIMA(1,0,1)"
2013-03-08,0.00013605841732714752,TLT,"ARIMA(1,0,1)"
2013-03-11,0.00014084349441229044,TLT,"ARIMA(1,0,1)"
2013-03-12,-8.531721061077601e-05,TLT,"ARIMA(1,0,1)"
2013-03-13,6.033573937864507e-06,TLT,"ARIMA(1,0,1)"
2013-03-14,1.8013365995684557e-05,TLT,"ARIMA(1,0,1)"
2013-03-15,0.0011204196187747156,TLT,"ARIMA(1,0,1)"
2013-03-18,-0.0005236298051252839,TLT,"ARIMA(1,0,1)"
2013-03-19,0.00028823478341537495,TLT,"ARIMA(1,0,1)"
2013-03-20,0.0003088092798730136,TLT,"ARIMA(1,0,1)"
2013-03-21,0.0002564330208337935,TLT,"ARIMA(1,0,1)"
2013-03-22,0.00034213096122744514,TLT,"ARIMA(1,0,1)"
2013-03-25,0.0003293650574543089,TLT,"ARIMA(1,0,1)"
2013-03-26,0.00028061130548957114,TLT,"ARIMA(1,0,1)"
2013-03-27,0.0002721350689981407,TLT,"ARIMA(1,0,1)"
2013-03-28,0.0002677795984322279,TLT,"ARIMA(1,0,1)"
2013-04-01,0.00026969449017246106,TLT,"ARIMA(1,0,1)"
2013-04-02,0.00027104411004043473,TLT,"ARIMA(1,0,1)"
2013-04-03,0.00025939032337743683,TLT,"ARIMA(1,0,1)"
2013-04-04,0.0030545165108973238,TLT,"ARIMA(1,0,1)"
2013-04-05,0.00044247126911723647,TLT,"ARIMA(1,0,1)"
2013-04-08,0.0007174069314973357,TLT,"ARIMA(1,0,1)"
2013-04-09,-0.0001466384246358253,TLT,"ARIMA(1,0,1)"
2013-04-10,0.0007200285400335729,TLT,"ARIMA(1,0,1)"
2013-04-11,0.0020653284894593072,TLT,"ARIMA(1,0,1)"
2013-04-12,-0.00042286721971721323,TLT,"ARIMA(1,0,1)"
2013-04-15,0.0012774682116447054,TLT,"ARIMA(1,0,1)"
2013-04-16,-3.516043627019267e-05,TLT,"ARIMA(1,0,1)"
2013-04-17,0.0013867865653381488,TLT,"ARIMA(1,0,1)"
2013-04-18,-0.0009050124309300282,TLT,"ARIMA(1,0,1)"
2013-04-19,0.0010761963417268944,TLT,"ARIMA(1,0,1)"
2013-04-22,-0.00025291003251189255,TLT,"ARIMA(1,0,1)"
2013-04-23,0.0007789094869725208,TLT,"ARIMA(1,0,1)"
2013-04-24,-1.6068832678583958e-05,TLT,"ARIMA(1,0,1)"
2013-04-25,0.00022978314392834033,TLT,"ARIMA(1,0,1)"
2013-04-26,0.0002375476805649602,TLT,"ARIMA(1,0,1)"
2013-04-29,2.7080808011088178e-05,TLT,"ARIMA(1,0,1)"
2013-04-30,0.00031723188661181225,TLT,"ARIMA(1,0,1)"
2013-05-01,6.149650847828112e-05,TLT,"ARIMA(1,0,1)"
2013-05-02,0.00028968184111002914,TLT,"ARIMA(1,0,1)"
2013-05-03,0.001392557651612742,TLT,"ARIMA(1,0,1)"
2013-05-06,0.0009605286591751513,TLT,"ARIMA(1,0,1)"
2013-05-07,-0.0003573057470768025,TLT,"ARIMA(1,0,1)"
2013-05-08,0.0007301863934180406,TLT,"ARIMA(1,0,1)"
2013-05-09,-0.00034115374853519625,TLT,"ARIMA(1,0,1)"
2013-05-10,0.0006318982490212098,TLT,"ARIMA(1,0,1)"
2013-05-13,0.00016020826501285902,TLT,"ARIMA(1,0,1)"
2013-05-14,0.00013695171156683948,TLT,"ARIMA(1,0,1)"
2013-05-15,0.00019933119175137063,TLT,"ARIMA(1,0,1)"
2013-05-16,-0.00025944352903505886,TLT,"ARIMA(1,0,1)"
2013-05-17,3.6326115626202144e-06,TLT,"ARIMA(1,0,1)"
2013-05-20,-6.299958057129167e-05,TLT,"ARIMA(1,0,1)"
2013-05-21,-7.89861158139928e-05,TLT,"ARIMA(1,0,1)"
2013-05-22,-0.0001164013659737241,TLT,"ARIMA(1,0,1)"
2013-05-23,-0.00017538647429315039,TLT,"ARIMA(1,0,1)"
2013-05-24,-0.00014816227337111578,TLT,"ARIMA(1,0,1)"
2013-05-28,-0.0001005980551506849,TLT,"ARIMA(1,0,1)"
2013-05-29,-0.0006207371199549486,TLT,"ARIMA(1,0,1)"
2013-05-30,-0.00017177719445124,TLT,"ARIMA(1,0,1)"
2013-05-31,-0.000195567376937897,TLT,"ARIMA(1,0,1)"
2013-06-03,-0.00019683318227714262,TLT,"ARIMA(1,0,1)"
2013-06-04,-0.0003390686312136697,TLT,"ARIMA(1,0,1)"
2013-06-05,-0.00012146162770091374,TLT,"ARIMA(1,0,1)"
2013-06-06,-0.0012261248143730914,TLT,"ARIMA(1,0,1)"
2013-06-07,-1.0020367613257396e-05,TLT,"ARIMA(1,0,1)"
2013-06-10,0.00036669362840466275,TLT,"ARIMA(1,0,1)"
2013-06-11,-0.00025589990471476336,TLT,"ARIMA(1,0,1)"
2013-06-12,-0.0007421971694977743,TLT,"ARIMA(1,0,1)"
2013-06-13,0.0002461474945474456,TLT,"ARIMA(1,0,1)"
2013-06-14,-0.0012405114127651189,TLT,"ARIMA(1,0,1)"
2013-06-17,-0.00013169724821476727,TLT,"ARIMA(1,0,1)"
2013-06-18,-3.881345521336739e-05,TLT,"ARIMA(1,0,1)"
2013-06-19,-0.0003848268987144643,TLT,"ARIMA(1,0,1)"
2013-06-20,0.0001310102457327095,TLT,"ARIMA(1,0,1)"
2013-06-21,0.00015828342648985168,TLT,"ARIMA(1,0,1)"
2013-06-24,-0.00019903590519144434,TLT,"ARIMA(1,0,1)"
2013-06-25,-0.0006217221147926315,TLT,"ARIMA(1,0,1)"
2013-06-26,-0.000406268730781656,TLT,"ARIMA(1,0,1)"
2013-06-27,-0.0006355646183109466,TLT,"ARIMA(1,0,1)"
2013-06-28,-0.0006250712949653914,TLT,"ARIMA(1,0,1)"
2013-07-01,-0.0004826779569393864,TLT,"ARIMA(1,0,1)"
2013-07-02,-0.00044237282043349334,TLT,"ARIMA(1,0,1)"
2013-07-03,-0.000449691789992952,TLT,"ARIMA(1,0,1)"
2013-07-05,-0.0003975246829839293,TLT,"ARIMA(1,0,1)"
2013-07-08,-0.0008847675213315537,TLT,"ARIMA(1,0,1)"
2013-07-09,-0.0008574632415973798,TLT,"ARIMA(1,0,1)"
2013-07-10,-0.0004378964715686935,TLT,"ARIMA(1,0,1)"
2013-07-11,-0.00048311288514901485,TLT,"ARIMA(1,0,1)"
2013-07-12,-0.0008688407900560437,TLT,"ARIMA(1,0,1)"
2013-07-15,-0.0005936588851522829,TLT,"ARIMA(1,0,1)"
2013-07-16,-0.0007152184162679646,TLT,"ARIMA(1,0,1)"
2013-07-17,-0.0006788120754099101,TLT,"ARIMA(1,0,1)"
2013-07-18,-0.0006297499217645333,TLT,"ARIMA(1,0,1)"
2013-07-19,-0.0004363306822521352,TLT,"ARIMA(1,0,1)"
2013-07-22,-0.0010018112831682194,TLT,"ARIMA(1,0,1)"
2013-07-23,-0.0006066019767224279,TLT,"ARIMA(1,0,1)"
2013-07-24,-0.00047696202090528395,TLT,"ARIMA(1,0,1)"
2013-07-25,-0.00025359445833782906,TLT,"ARIMA(1,0,1)"
2013-07-26,-0.0006753457029151777,TLT,"ARIMA(1,0,1)"
2013-07-29,-0.0009610606755345367,TLT,"ARIMA(1,0,1)"
2013-07-30,-0.0005079681371529862,TLT,"ARIMA(1,0,1)"
2013-07-31,-0.0007206426564179686,TLT,"ARIMA(1,0,1)"
2013-08-01,-0.0007553128042118881,TLT,"ARIMA(1,0,1)"
2013-08-02,-1.4204915742060606e-05,TLT,"ARIMA(1,0,1)"
2013-08-05,-0.0011161110056769907,TLT,"ARIMA(1,0,1)"
2013-08-06,-0.00035592745845744255,TLT,"ARIMA(1,0,1)"
2013-08-07,-0.000824889413735242,TLT,"ARIMA(1,0,1)"
2013-08-08,-0.0010178525885098184,TLT,"ARIMA(1,0,1)"
2013-08-09,-0.0007886948207574025,TLT,"ARIMA(1,0,1)"
2013-08-12,-0.0006449207904310685,TLT,"ARIMA(1,0,1)"
2013-08-13,-0.0002485966940391425,TLT,"ARIMA(1,0,1)"
2013-08-14,1.1178442565597485e-05,TLT,"ARIMA(1,0,1)"
2013-08-15,-0.0006820075804738778,TLT,"ARIMA(1,0,1)"
2013-08-16,0.00015317245055180217,TLT,"ARIMA(1,0,1)"
2013-08-19,-0.0004841167007175569,TLT,"ARIMA(1,0,1)"
2013-08-20,-0.00013375805813159631,TLT,"ARIMA(1,0,1)"
2013-08-21,-0.0010471614363518024,TLT,"ARIMA(1,0,1)"
2013-08-22,0.00014361781097944827,TLT,"ARIMA(1,0,1)"
2013-08-23,-0.0014781460577251912,TLT,"ARIMA(1,0,1)"
2013-08-26,-0.001398369084624668,TLT,"ARIMA(1,0,1)"
2013-08-27,-0.000972749955477041,TLT,"ARIMA(1,0,1)"
2013-08-28,-0.0014167282721122732,TLT,"ARIMA(1,0,1)"
2013-08-29,3.719830047223922e-05,TLT,"ARIMA(1,0,1)"
2013-08-30,-0.0012681400348981812,TLT,"ARIMA(1,0,1)"
2013-09-03,-0.00043201545791008377,TLT,"ARIMA(1,0,1)"
2013-09-04,0.0004361731331991777,TLT,"ARIMA(1,0,1)"
2013-09-05,-0.0006581269032993251,TLT,"ARIMA(1,0,1)"
2013-09-06,0.00028375231058683096,TLT,"ARIMA(1,0,1)"
2013-09-09,-0.001345274951941341,TLT,"ARIMA(1,0,1)"
2013-09-10,-0.0007420872807167411,TLT,"ARIMA(1,0,1)"
2013-09-11,-0.00013938623461029346,TLT,"ARIMA(1,0,1)"
2013-09-12,-0.0015715928409849294,TLT,"ARIMA(1,0,1)"
2013-09-13,-0.0004927758077811414,TLT,"ARIMA(1,0,1)"
2013-09-16,-0.0010535055488347465,TLT,"ARIMA(1,0,1)"
2013-09-17,-2.8145359727529593e-05,TLT,"ARIMA(1,0,1)"
2013-09-18,-0.0014542867599483477,TLT,"ARIMA(1,0,1)"
2013-09-19,-0.0015336667408322906,TLT,"ARIMA(1,0,1)"
2013-09-20,9.19798962313875e-05,TLT,"ARIMA(1,0,1)"
2013-09-23,-0.0010195749641771364,TLT,"ARIMA(1,0,1)"
2013-09-24,-0.0011786896397085658,TLT,"ARIMA(1,0,1)"
2013-09-25,-0.0014583429739650287,TLT,"ARIMA(1,0,1)"
2013-09-26,-0.0006862911151306738,TLT,"ARIMA(1,0,1)"
2013-09-27,0.00017685292105029698,TLT,"ARIMA(1,0,1)"
2013-09-30,-0.0007946253800646851,TLT,"ARIMA(1,0,1)"
2013-10-01,-0.00044003643781623806,TLT,"ARIMA(1,0,1)"
2013-10-02,-0.00028537074539305946,TLT,"ARIMA(1,0,1)"
2013-10-03,-0.0007303696116897811,TLT,"ARIMA(1,0,1)"
2013-10-04,-0.00044180623619455837,TLT,"ARIMA(1,0,1)"
2013-10-07,-0.0005238914809048042,TLT,"ARIMA(1,0,1)"
2013-10-08,-0.0009917547704932851,TLT,"ARIMA(1,0,1)"
2013-10-09,-0.0005361538790490702,TLT,"ARIMA(1,0,1)"
2013-10-10,0.00030662354336824667,TLT,"ARIMA(1,0,1)"
2013-10-11,-0.0007168617985994036,TLT,"ARIMA(1,0,1)"
2013-10-14,-0.0005025063445019118,TLT,"ARIMA(1,0,1)"
2013-10-15,0.00026485143341731633,TLT,"ARIMA(1,0,1)"
2013-10-16,-0.000576015094961956,TLT,"ARIMA(1,0,1)"
2013-10-17,-0.0020324820135733854,TLT,"ARIMA(1,0,1)"
2013-10-18,-0.0016349662943513465,TLT,"ARIMA(1,0,1)"
2013-10-21,-0.0006418069149527134,TLT,"ARIMA(1,0,1)"
2013-10-22,-0.0001160489926694796,TLT,"ARIMA(1,0,1)"
2013-10-23,-0.001442055234672311,TLT,"ARIMA(1,0,1)"
2013-10-24,-0.0007716121220979176,TLT,"ARIMA(1,0,1)"
2013-10-25,-2.0984565275918834e-05,TLT,"ARIMA(1,0,1)"
2013-10-28,-0.0007818198293768927,TLT,"ARIMA(1,0,1)"
2013-10-29,-7.303417631606709e-05,TLT,"ARIMA(1,0,1)"
2013-10-30,-0.0005250567968827069,TLT,"ARIMA(1,0,1)"
2013-10-31,0.00010110589502510935,TLT,"ARIMA(1,0,1)"
2013-11-01,-0.000708906203891133,TLT,"ARIMA(1,0,1)"
2013-11-04,0.0005267639033974797,TLT,"ARIMA(1,0,1)"
2013-11-05,-0.0005436425072460058,TLT,"ARIMA(1,0,1)"
2013-11-06,0.0007053104635611063,TLT,"ARIMA(1,0,1)"
2013-11-07,-0.0006271677147449855,TLT,"ARIMA(1,0,1)"
2013-11-08,-0.0014744582243938237,TLT,"ARIMA(1,0,1)"
2013-11-11,0.002178444851452737,TLT,"ARIMA(1,0,1)"
2013-11-12,-0.000375789704047485,TLT,"ARIMA(1,0,1)"
2013-11-13,-0.0012804711779006981,TLT,"ARIMA(1,0,1)"
2013-11-14,-0.001164683679233505,TLT,"ARIMA(1,0,1)"
2013-11-15,-0.0014018000759543103,TLT,"ARIMA(1,0,1)"
2013-11-18,-0.0009352553972038842,TLT,"ARIMA(1,0,1)"
2013-11-19,-0.0013407128153998852,TLT,"ARIMA(1,0,1)"
2013-11-20,0.00017496110229732334,TLT,"ARIMA(1,0,1)"
2013-11-21,0.001110362803379717,TLT,"ARIMA(1,0,1)"
2013-11-22,-0.0008640823285831568,TLT,"ARIMA(1,0,1)"
2013-11-25,-0.0016664751684759742,TLT,"ARIMA(1,0,1)"
2013-11-26,-0.0010266947522287763,TLT,"ARIMA(1,0,1)"
2013-11-27,-0.0010726354418644705,TLT,"ARIMA(1,0,1)"
2013-11-29,-0.0005128696109267918,TLT,"ARIMA(1,0,1)"
2013-12-02,-0.00069810919177288,TLT,"ARIMA(1,0,1)"
2013-12-03,0.00011796685490056945,TLT,"ARIMA(1,0,1)"
2013-12-04,-0.0010394603122971862,TLT,"ARIMA(1,0,1)"
2013-12-05,0.00026087389950074094,TLT,"ARIMA(1,0,1)"
2013-12-06,-0.0004398906679615063,TLT,"ARIMA(1,0,1)"
2013-12-09,-0.001213660475464816,TLT,"ARIMA(1,0,1)"
2013-12-10,-0.0009608024748262464,TLT,"ARIMA(1,0,1)"
2013-12-11,-0.0014383032934992138,TLT,"ARIMA(1,0,1)"
2013-12-12,0.0001498899574346236,TLT,"ARIMA(1,0,1)"
2013-12-13,-0.00026356105396023,TLT,"ARIMA(1,0,1)"
2013-12-16,-0.0011754262641604414,TLT,"ARIMA(1,0,1)"
2013-12-17,-0.0002897044112410885,TLT,"ARIMA(1,0,1)"
2013-12-18,-0.0010917309254949395,TLT,"ARIMA(1,0,1)"
2013-12-19,-2.172762248653598e-05,TLT,"ARIMA(1,0,1)"
2013-12-20,-0.0004889836088188657,TLT,"ARIMA(1,0,1)"
2013-12-23,-0.002236321698529301,TLT,"ARIMA(1,0,1)"
2013-12-24,5.640417838129771e-06,TLT,"ARIMA(1,0,1)"
2013-12-26,0.00032655918757238994,TLT,"ARIMA(1,0,1)"
2013-12-27,-0.00023437463925568867,TLT,"ARIMA(1,0,1)"
2013-12-30,-0.0003590600153159248,TLT,"ARIMA(1,0,1)"
2013-12-31,-0.0015583540761961831,TLT,"ARIMA(1,0,1)"
2014-01-02,0.00015212556260630207,TLT,"ARIMA(1,0,1)"
2014-01-03,-0.0009437089060656922,TLT,"ARIMA(1,0,1)"
2014-01-06,-0.0005452688472195732,TLT,"ARIMA(1,0,1)"
2014-01-07,-0.0010894647864485964,TLT,"ARIMA(1,0,1)"
2014-01-08,-0.0008775582504705931,TLT,"ARIMA(1,0,1)"
2014-01-09,-0.00020436004500863349,TLT,"ARIMA(1,0,1)"
2014-01-10,-0.0012810580189894516,TLT,"ARIMA(1,0,1)"
2014-01-13,-0.002031748065661611,TLT,"ARIMA(1,0,1)"
2014-01-14,-0.001154255525102467,TLT,"ARIMA(1,0,1)"
2014-01-15,6.738589571560845e-05,TLT,"ARIMA(1,0,1)"
2014-01-16,-0.00034044732849209937,TLT,"ARIMA(1,0,1)"
2014-01-17,-0.0012790277282939831,TLT,"ARIMA(1,0,1)"
2014-01-21,-0.000955423900268612,TLT,"ARIMA(1,0,1)"
2014-01-22,-0.0005595326450409061,TLT,"ARIMA(1,0,1)"
2014-01-23,-0.00017182165048016366,TLT,"ARIMA(1,0,1)"
2014-01-24,-0.0021665296300247758,TLT,"ARIMA(1,0,1)"
2014-01-27,-0.001291057837522709,TLT,"ARIMA(1,0,1)"
2014-01-28,0.00046679650286948586,TLT,"ARIMA(1,0,1)"
2014-01-29,-0.0005409733507430953,TLT,"ARIMA(1,0,1)"
2014-01-30,-0.0012417424131464082,TLT,"ARIMA(1,0,1)"
2014-01-31,-1.1664268122821568e-05,TLT,"ARIMA(1,0,1)"
2014-02-03,-0.0009200009747627173,TLT,"ARIMA(1,0,1)"
2014-02-04,-0.0013521370178771544,TLT,"ARIMA(1,0,1)"
2014-02-05,0.0008532168661169884,TLT,"ARIMA(1,0,1)"
2014-02-06,0.0007127600493343121,TLT,"ARIMA(1,0,1)"
2014-02-07,0.00014998746342536793,TLT,"ARIMA(1,0,1)"
2014-02-10,-0.00032908173137658896,TLT,"ARIMA(1,0,1)"
2014-02-11,-0.0005293128434551485,TLT,"ARIMA(1,0,1)"
2014-02-12,0.0002509214279266749,TLT,"ARIMA(1,0,1)"
2014-02-13,0.00017306672686503343,TLT,"ARIMA(1,0,1)"
2014-02-14,-0.0007574832994605035,TLT,"ARIMA(1,0,1)"
2014-02-18,-0.00032533136637072206,TLT,"ARIMA(1,0,1)"
2014-02-19,-0.000451133598111472,TLT,"ARIMA(1,0,1)"
2014-02-20,0.00014030414255565004,TLT,"ARIMA(1,0,1)"
2014-02-21,-4.184308242438965e-06,TLT,"ARIMA(1,0,1)"
2014-02-24,-0.0007346479316663629,TLT,"ARIMA(1,0,1)"
2014-02-25,-5.5144698092591084e-05,TLT,"ARIMA(1,0,1)"
2014-02-26,-0.0011420790376575575,TLT,"ARIMA(1,0,1)"
2014-02-27,-0.0007421373422887856,TLT,"ARIMA(1,0,1)"
2014-02-28,-0.0007041496277779159,TLT,"ARIMA(1,0,1)"
2014-03-03,-0.0002845248724730173,TLT,"ARIMA(1,0,1)"
2014-03-04,-0.0008206177631144261,TLT,"ARIMA(1,0,1)"
2014-03-05,0.0011617703346004852,TLT,"ARIMA(1,0,1)"
2014-03-06,-0.0003218218496796179,TLT,"ARIMA(1,0,1)"
2014-03-07,0.0007641459999647884,TLT,"ARIMA(1,0,1)"
2014-03-10,0.0003772435672932154,TLT,"ARIMA(1,0,1)"
2014-03-11,-0.0003305967629667413,TLT,"ARIMA(1,0,1)"
2014-03-12,-0.0004815161885442315,TLT,"ARIMA(1,0,1)"
2014-03-13,-0.0009154894827691722,TLT,"ARIMA(1,0,1)"
2014-03-14,-0.0014301175872783365,TLT,"ARIMA(1,0,1)"
2014-03-17,-0.00021281177198147384,TLT,"ARIMA(1,0,1)"
2014-03-18,0.0005131940640173317,TLT,"ARIMA(1,0,1)"
2014-03-19,-0.00048132897897104697,TLT,"ARIMA(1,0,1)"
2014-03-20,0.000450931948588346,TLT,"ARIMA(1,0,1)"
2014-03-21,-5.0396397042755766e-05,TLT,"ARIMA(1,0,1)"
2014-03-24,-0.0012032761049021235,TLT,"ARIMA(1,0,1)"
2014-03-25,-0.0008177972614004702,TLT,"ARIMA(1,0,1)"
2014-03-26,0.00010948974937422651,TLT,"ARIMA(1,0,1)"
2014-03-27,-0.0008328383908371129,TLT,"ARIMA(1,0,1)"
2014-03-28,-0.0005672962876754002,TLT,"ARIMA(1,0,1)"
2014-03-31,0.00027362133855671515,TLT,"ARIMA(1,0,1)"
2014-04-01,-4.969882977449522e-05,TLT,"ARIMA(1,0,1)"
2014-04-02,0.0006479872245068267,TLT,"ARIMA(1,0,1)"
2014-04-03,0.0001968613159885179,TLT,"ARIMA(1,0,1)"
2014-04-04,-0.0007853155198137205,TLT,"ARIMA(1,0,1)"
2014-04-07,-0.0010058171991921844,TLT,"ARIMA(1,0,1)"
2014-04-08,-0.0008228297528671634,TLT,"ARIMA(1,0,1)"
2014-04-09,-0.0004347355483708495,TLT,"ARIMA(1,0,1)"
2014-04-10,0.00022818734155985264,TLT,"ARIMA(1,0,1)"
2014-04-11,-0.0012375251595623952,TLT,"ARIMA(1,0,1)"
2014-04-14,-0.0009311939423295422,TLT,"ARIMA(1,0,1)"
2014-04-15,2.7417606925807638e-06,TLT,"ARIMA(1,0,1)"
2014-04-16,-0.000894068204197593,TLT,"ARIMA(1,0,1)"
2014-04-17,-0.0003226302195635187,TLT,"ARIMA(1,0,1)"
2014-04-21,0.0006763507524826193,TLT,"ARIMA(1,0,1)"
2014-04-22,-0.00042439230625570753,TLT,"ARIMA(1,0,1)"
2014-04-23,-0.0006240143321828713,TLT,"ARIMA(1,0,1)"
2014-04-24,-0.0007444952245677107,TLT,"ARIMA(1,0,1)"
2014-04-25,-0.0003705059731512423,TLT,"ARIMA(1,0,1)"
2014-04-28,-0.0003726104548370629,TLT,"ARIMA(1,0,1)"
2014-04-29,0.00010383473844956069,TLT,"ARIMA(1,0,1)"
2014-04-30,-0.00027739474446404595,TLT,"ARIMA(1,0,1)"
2014-05-01,-0.0006504913468717979,TLT,"ARIMA(1,0,1)"
2014-05-02,-0.0012031215774208342,TLT,"ARIMA(1,0,1)"
2014-05-05,-0.0007087719305145789,TLT,"ARIMA(1,0,1)"
2014-05-06,0.00039758139145619817,TLT,"ARIMA(1,0,1)"
2014-05-07,-0.0006170718818068048,TLT,"ARIMA(1,0,1)"
2014-05-08,0.00022691329572941706,TLT,"ARIMA(1,0,1)"
2014-05-09,0.00016533698513047695,TLT,"ARIMA(1,0,1)"
2014-05-12,0.00011894610210743756,TLT,"ARIMA(1,0,1)"
2014-05-13,0.00018672884904636443,TLT,"ARIMA(1,0,1)"
2014-05-14,-0.00104179765563681,TLT,"ARIMA(1,0,1)"
2014-05-15,-0.000832145990825589,TLT,"ARIMA(1,0,1)"
2014-05-16,-0.0005205749243252274,TLT,"ARIMA(1,0,1)"
2014-05-19,0.0002833350267035282,TLT,"ARIMA(1,0,1)"
2014-05-20,0.0005230693296806618,TLT,"ARIMA(1,0,1)"
2014-05-21,-0.00022826392694932465,TLT,"ARIMA(1,0,1)"
2014-05-22,0.00041896888039370133,TLT,"ARIMA(1,0,1)"
2014-05-23,3.80454114948558e-05,TLT,"ARIMA(1,0,1)"
2014-05-27,-0.0003188166795251324,TLT,"ARIMA(1,0,1)"
2014-05-28,-0.00027102281431995906,TLT,"ARIMA(1,0,1)"
2014-05-29,-0.00037085142761616335,TLT,"ARIMA(1,0,1)"
2014-05-30,0.00042400301452729056,TLT,"ARIMA(1,0,1)"
2014-06-02,0.00010625491199874343,TLT,"ARIMA(1,0,1)"
2014-06-03,0.00037066043739113886,TLT,"ARIMA(1,0,1)"
2014-06-04,0.00025194759886323556,TLT,"ARIMA(1,0,1)"
2014-06-05,-5.202981588170492e-05,TLT,"ARIMA(1,0,1)"
2014-06-06,6.377984357037647e-06,TLT,"ARIMA(1,0,1)"
2014-06-09,-2.759853279862986e-05,TLT,"ARIMA(1,0,1)"
2014-06-10,9.53992318988304e-05,TLT,"ARIMA(1,0,1)"
2014-06-11,9.277064304613978e-05,TLT,"ARIMA(1,0,1)"
2014-06-12,2.5748873350861124e-05,TLT,"ARIMA(1,0,1)"
2014-06-13,0.00011760905759218874,TLT,"ARIMA(1,0,1)"
2014-06-16,5.469419805654187e-05,TLT,"ARIMA(1,0,1)"
2014-06-17,7.367306923038143e-05,TLT,"ARIMA(1,0,1)"
2014-06-18,6.197575926528834e-05,TLT,"ARIMA(1,0,1)"
2014-06-19,-0.00017175324976947945,TLT,"ARIMA(1,0,1)"
2014-06-20,0.0006800017796635266,TLT,"ARIMA(1,0,1)"
2014-06-23,3.704691215658136e-05,TLT,"ARIMA(1,0,1)"
2014-06-24,0.00035008239752817264,TLT,"ARIMA(1,0,1)"
2014-06-25,-0.0002914027676565769,TLT,"ARIMA(1,0,1)"
2014-06-26,3.4919088658113846e-07,TLT,"ARIMA(1,0,1)"
2014-06-27,-5.824816386841081e-05,TLT,"ARIMA(1,0,1)"
2014-06-30,0.0002731955486435219,TLT,"ARIMA(1,0,1)"
2014-07-01,9.532181057370561e-05,TLT,"ARIMA(1,0,1)"
2014-07-02,0.0007838678797000948,TLT,"ARIMA(1,0,1)"
2014-07-03,0.0007002530657453518,TLT,"ARIMA(1,0,1)"
2014-07-07,0.0003708438803860152,TLT,"ARIMA(1,0,1)"
2014-07-08,0.00014516931048170974,TLT,"ARIMA(1,0,1)"
2014-07-09,5.8838894471210934e-05,TLT,"ARIMA(1,0,1)"
2014-07-10,0.0002025549960940301,TLT,"ARIMA(1,0,1)"
2014-07-11,-0.00024062118244294346,TLT,"ARIMA(1,0,1)"
2014-07-14,5.149918491746127e-05,TLT,"ARIMA(1,0,1)"
2014-07-15,0.00018423099273593384,TLT,"ARIMA(1,0,1)"
2014-07-16,0.0003068640493176245,TLT,"ARIMA(1,0,1)"
2014-07-17,0.00021536894766929147,TLT,"ARIMA(1,0,1)"
2014-07-18,0.0003371824848900397,TLT,"ARIMA(1,0,1)"
2014-07-21,0.0003742809219224114,TLT,"ARIMA(1,0,1)"
2014-07-22,8.74797708382029e-05,TLT,"ARIMA(1,0,1)"
2014-07-23,0.0001632983472942862,TLT,"ARIMA(1,0,1)"
2014-07-24,0.0003441173042430369,TLT,"ARIMA(1,0,1)"
2014-07-25,0.00033483104369250947,TLT,"ARIMA(1,0,1)"
2014-07-28,0.00022507800242840533,TLT,"ARIMA(1,0,1)"
2014-07-29,0.0003222844505796302,TLT,"ARIMA(1,0,1)"
2014-07-30,0.00033506062326630254,TLT,"ARIMA(1,0,1)"
2014-07-31,0.0004174052306273043,TLT,"ARIMA(1,0,1)"
2014-08-01,0.00034734200471891926,TLT,"ARIMA(1,0,1)"
2014-08-04,0.00048950940325627,TLT,"ARIMA(1,0,1)"
2014-08-05,0.00040276865461341433,TLT,"ARIMA(1,0,1)"
2014-08-06,0.00044627456454725506,TLT,"ARIMA(1,0,1)"
2014-08-07,0.00043706158697658754,TLT,"ARIMA(1,0,1)"
2014-08-08,0.00044403566642560157,TLT,"ARIMA(1,0,1)"
2014-08-11,0.0004246894312208098,TLT,"ARIMA(1,0,1)"
2014-08-12,0.0004170144486303887,TLT,"ARIMA(1,0,1)"
2014-08-13,0.00041827854676580365,TLT,"ARIMA(1,0,1)"
2014-08-14,0.0005029942070515923,TLT,"ARIMA(1,0,1)"
2014-08-15,0.0005286514340218664,TLT,"ARIMA(1,0,1)"
2014-08-18,0.0006257921157034825,TLT,"ARIMA(1,0,1)"
2014-08-19,0.0005992717890754126,TLT,"ARIMA(1,0,1)"
2014-08-20,0.000626592110651011,TLT,"ARIMA(1,0,1)"
2014-08-21,0.000597287157907014,TLT,"ARIMA(1,0,1)"
2014-08-22,0.0006501443673229857,TLT,"ARIMA(1,0,1)"
2014-08-25,0.0006325184550987811,TLT,"ARIMA(1,0,1)"
2014-08-26,0.0005590020019243062,TLT,"ARIMA(1,0,1)"
2014-08-27,0.0006065093788984802,TLT,"ARIMA(1,0,1)"
2014-08-28,0.0005695114020766199,TLT,"ARIMA(1,0,1)"
2014-08-29,0.000635222073878134,TLT,"ARIMA(1,0,1)"
2014-09-02,0.0005574312890555718,TLT,"ARIMA(1,0,1)"
2014-09-03,0.0005149809785726884,TLT,"ARIMA(1,0,1)"
2014-09-04,0.0005696770797018559,TLT,"ARIMA(1,0,1)"
2014-09-05,0.0005535752657004475,TLT,"ARIMA(1,0,1)"
2014-09-08,0.0006027005811746229,TLT,"ARIMA(1,0,1)"
2014-09-09,0.0005846323254339485,TLT,"ARIMA(1,0,1)"
2014-09-10,0.0005794505969953208,TLT,"ARIMA(1,0,1)"
2014-09-11,0.0005810638800644178,TLT,"ARIMA(1,0,1)"
2014-09-12,0.0004998707238055158,TLT,"ARIMA(1,0,1)"
2014-09-15,0.00017256355320030168,TLT,"ARIMA(1,0,1)"
2014-09-16,0.00043674123641044773,TLT,"ARIMA(1,0,1)"
2014-09-17,0.0004988827225478071,TLT,"ARIMA(1,0,1)"
2014-09-18,0.0004560607131128822,TLT,"ARIMA(1,0,1)"
2014-09-19,0.00041996154206557076,TLT,"ARIMA(1,0,1)"
2014-09-22,0.0004933820896728562,TLT,"ARIMA(1,0,1)"
2014-09-23,0.00047765545091518405,TLT,"ARIMA(1,0,1)"
2014-09-24,0.0004729127426590978,TLT,"ARIMA(1,0,1)"
2014-09-25,0.0004098478626215957,TLT,"ARIMA(1,0,1)"
2014-09-26,0.0004497253057693732,TLT,"ARIMA(1,0,1)"
2014-09-29,0.00046954520558416306,TLT,"ARIMA(1,0,1)"
2014-09-30,0.000491515034844779,TLT,"ARIMA(1,0,1)"
2014-10-01,0.0004773094779195111,TLT,"ARIMA(1,0,1)"
2014-10-02,0.0005655808234417647,TLT,"ARIMA(1,0,1)"
2014-10-03,0.0005235048923430282,TLT,"ARIMA(1,0,1)"
2014-10-06,0.0005481268510606484,TLT,"ARIMA(1,0,1)"
2014-10-07,0.0005534856952547463,TLT,"ARIMA(1,0,1)"
2014-10-08,0.0005882643260749484,TLT,"ARIMA(1,0,1)"
2014-10-09,0.0005870136589588232,TLT,"ARIMA(1,0,1)"
2014-10-10,0.0005998629455721175,TLT,"ARIMA(1,0,1)"
2014-10-13,0.0006351626105685178,TLT,"ARIMA(1,0,1)"
2014-10-14,0.000660330896229501,TLT,"ARIMA(1,0,1)"
2014-10-15,0.00071811893111633,TLT,"ARIMA(1,0,1)"
2014-10-16,-0.00023316328131372133,TLT,"ARIMA(1,0,1)"
2014-10-17,0.0006765488512809512,TLT,"ARIMA(1,0,1)"
2014-10-20,0.0006220744295730602,TLT,"ARIMA(1,0,1)"
2014-10-21,0.0006252113302182233,TLT,"ARIMA(1,0,1)"
2014-10-22,2.6504027940171555e-05,TLT,"ARIMA(1,0,1)"
2014-10-23,0.0007330091336829195,TLT,"ARIMA(1,0,1)"
2014-10-24,0.0008474970778804035,TLT,"ARIMA(1,0,1)"
2014-10-27,0.0005653000268021898,TLT,"ARIMA(1,0,1)"
2014-10-28,0.0005250874581961028,TLT,"ARIMA(1,0,1)"
2014-10-29,0.0008178451133535162,TLT,"ARIMA(1,0,1)"
2014-10-30,0.0010453174228828523,TLT,"ARIMA(1,0,1)"
2014-10-31,0.0005474074295087586,TLT,"ARIMA(1,0,1)"
2014-11-03,0.0005286260509370881,TLT,"ARIMA(1,0,1)"
2014-11-04,0.0005717996112151204,TLT,"ARIMA(1,0,1)"
2014-11-05,0.0005798566802474604,TLT,"ARIMA(1,0,1)"
2014-11-06,0.0006220367605097469,TLT,"ARIMA(1,0,1)"
2014-11-07,0.0005943561925009096,TLT,"ARIMA(1,0,1)"
2014-11-10,0.0006062861653815154,TLT,"ARIMA(1,0,1)"
2014-11-11,0.0010002588985002121,TLT,"ARIMA(1,0,1)"
2014-11-12,0.000771111595611375,TLT,"ARIMA(1,0,1)"
2014-11-13,0.0007566055795576749,TLT,"ARIMA(1,0,1)"
2014-11-14,0.0006163441365462111,TLT,"ARIMA(1,0,1)"
2014-11-17,0.00047527580240863513,TLT,"ARIMA(1,0,1)"
2014-11-18,0.00071395408651041,TLT,"ARIMA(1,0,1)"
2014-11-19,0.00045071820979993834,TLT,"ARIMA(1,0,1)"
2014-11-20,0.0011776246290293427,TLT,"ARIMA(1,0,1)"
2014-11-21,0.00033470867056975507,TLT,"ARIMA(1,0,1)"
2014-11-24,0.0009114174512084103,TLT,"ARIMA(1,0,1)"
2014-11-25,0.0005881965308945376,TLT,"ARIMA(1,0,1)"
2014-11-26,0.00033889338050937883,TLT,"ARIMA(1,0,1)"
2014-11-28,0.0009249072033647908,TLT,"ARIMA(1,0,1)"
2014-12-01,0.0007543983909704218,TLT,"ARIMA(1,0,1)"
2014-12-02,0.0015726945680368458,TLT,"ARIMA(1,0,1)"
2014-12-03,0.0010539602413681855,TLT,"ARIMA(1,0,1)"
2014-12-04,0.0003972656968337292,TLT,"ARIMA(1,0,1)"
2014-12-05,0.00039462221808276665,TLT,"ARIMA(1,0,1)"
2014-12-08,0.0011672352696576267,TLT,"ARIMA(1,0,1)"
2014-12-09,-1.3911283564382718e-05,TLT,"ARIMA(1,0,1)"
2014-12-10,0.0007458204928257553,TLT,"ARIMA(1,0,1)"
2014-12-11,7.818501194257782e-05,TLT,"ARIMA(1,0,1)"
2014-12-12,0.0016610099432880763,TLT,"ARIMA(1,0,1)"
2014-12-15,0.0009399440532135595,TLT,"ARIMA(1,0,1)"
2014-12-16,0.000911642891254086,TLT,"ARIMA(1,0,1)"
2014-12-17,0.0009738291354359027,TLT,"ARIMA(1,0,1)"
2014-12-18,0.0009201224936955389,TLT,"ARIMA(1,0,1)"
2014-12-19,0.0008689260495087496,TLT,"ARIMA(1,0,1)"
2014-12-22,0.0006641300012309616,TLT,"ARIMA(1,0,1)"
2014-12-23,0.0009374713319109014,TLT,"ARIMA(1,0,1)"
2014-12-24,0.002139937575217596,TLT,"ARIMA(1,0,1)"
2014-12-26,0.0008571472973711388,TLT,"ARIMA(1,0,1)"
2014-12-29,0.0007821965770610832,TLT,"ARIMA(1,0,1)"
2014-12-30,0.000478862847041769,TLT,"ARIMA(1,0,1)"
2014-12-31,0.000618206099672055,TLT,"ARIMA(1,0,1)"
2015-01-02,0.0007688073840281925,TLT,"ARIMA(1,0,1)"
2015-01-05,0.00029617036699467283,TLT,"ARIMA(1,0,1)"
2015-01-06,0.0001312112419744355,TLT,"ARIMA(1,0,1)"
2015-01-07,0.0011043562086152075,TLT,"ARIMA(1,0,1)"
2015-01-08,0.001384095661680838,TLT,"ARIMA(1,0,1)"
2015-01-09,0.0010411156621301296,TLT,"ARIMA(1,0,1)"
2015-01-12,0.0004685317156282421,TLT,"ARIMA(1,0,1)"
2015-01-13,0.001039186323499462,TLT,"ARIMA(1,0,1)"
2015-01-14,-0.002002245361850933,TLT,"ARIMA(1,0,1)"
2015-01-15,0.0005284291256839745,TLT,"ARIMA(1,0,1)"
2015-01-16,-0.0005250338379452072,TLT,"ARIMA(1,0,1)"
2015-01-20,0.0008383355459075422,TLT,"ARIMA(1,0,1)"
2015-01-21,0.000506395625499571,TLT,"ARIMA(1,0,1)"
2015-01-22,0.0022449987992643593,TLT,"ARIMA(1,0,1)"
2015-01-23,0.0011201204355445866,TLT,"ARIMA(1,0,1)"
2015-01-26,0.0001423640783568505,TLT,"ARIMA(1,0,1)"
2015-01-27,0.0013484255864069181,TLT,"ARIMA(1,0,1)"
2015-01-28,0.0009578168541515853,TLT,"ARIMA(1,0,1)"
2015-01-29,1.1801940848777878e-05,TLT,"ARIMA(1,0,1)"
2015-01-30,0.001625297573765177,TLT,"ARIMA(1,0,1)"
2015-02-02,-0.0005374801997529884,TLT,"ARIMA(1,0,1)"
2015-02-03,0.0025341573817623834,TLT,"ARIMA(1,0,1)"
2015-02-04,0.0030557059576903694,TLT,"ARIMA(1,0,1)"
2015-02-05,0.0009541918412383564,TLT,"ARIMA(1,0,1)"
2015-02-06,0.002191780349737993,TLT,"ARIMA(1,0,1)"
2015-02-09,0.002115582179408585,TLT,"ARIMA(1,0,1)"
2015-02-10,0.0008304841841706061,TLT,"ARIMA(1,0,1)"
2015-02-11,0.0014980211913247629,TLT,"ARIMA(1,0,1)"
2015-02-12,0.0006709567870623022,TLT,"ARIMA(1,0,1)"
2015-02-13,0.0012550879913779398,TLT,"ARIMA(1,0,1)"
2015-02-17,0.0014980160955538192,TLT,"ARIMA(1,0,1)"
2015-02-18,0.0015217619411728271,TLT,"ARIMA(1,0,1)"
2015-02-19,0.00034118415363556533,TLT,"ARIMA(1,0,1)"
2015-02-20,0.0012950120296766196,TLT,"ARIMA(1,0,1)"
2015-02-23,0.0006096991068494666,TLT,"ARIMA(1,0,1)"
2015-02-24,0.00025957868764056233,TLT,"ARIMA(1,0,1)"
2015-02-25,0.0003624214484296783,TLT,"ARIMA(1,0,1)"
2015-02-26,0.0007940498582241901,TLT,"ARIMA(1,0,1)"
2015-02-27,0.001529880279527487,TLT,"ARIMA(1,0,1)"
2015-03-02,0.0002829858313581963,TLT,"ARIMA(1,0,1)"
2015-03-03,0.002080766017214266,TLT,"ARIMA(1,0,1)"
2015-03-04,0.0008751153831306142,TLT,"ARIMA(1,0,1)"
2015-03-05,0.0007948495359165063,TLT,"ARIMA(1,0,1)"
2015-03-06,0.0008503886762034504,TLT,"ARIMA(1,0,1)"
2015-03-09,0.001905285287214742,TLT,"ARIMA(1,0,1)"
2015-03-10,-2.5722045116222223e-05,TLT,"ARIMA(1,0,1)"
2015-03-11,7.680381475817907e-05,TLT,"ARIMA(1,0,1)"
2015-03-12,0.0005533574081492805,TLT,"ARIMA(1,0,1)"
2015-03-13,0.0009441581298010637,TLT,"ARIMA(1,0,1)"
2015-03-16,0.0009086234406574977,TLT,"ARIMA(1,0,1)"
2015-03-17,0.00023106179150364904,TLT,"ARIMA(1,0,1)"
2015-03-18,0.0005144720672223022,TLT,"ARIMA(1,0,1)"
2015-03-19,0.00016605399642229829,TLT,"ARIMA(1,0,1)"
2015-03-20,0.0014947325855977325,TLT,"ARIMA(1,0,1)"
2015-03-23,0.0004794438698001661,TLT,"ARIMA(1,0,1)"
2015-03-24,0.0011295620583790082,TLT,"ARIMA(1,0,1)"
2015-03-25,0.00026899416734489125,TLT,"ARIMA(1,0,1)"
2015-03-26,0.0017347593008293799,TLT,"ARIMA(1,0,1)"
2015-03-27,0.001287043351389996,TLT,"ARIMA(1,0,1)"
2015-03-30,-0.00013413486846667536,TLT,"ARIMA(1,0,1)"
2015-03-31,0.0015125531725657328,TLT,"ARIMA(1,0,1)"
2015-04-01,0.0005142251955794113,TLT,"ARIMA(1,0,1)"
2015-04-02,0.00011660645811427167,TLT,"ARIMA(1,0,1)"
2015-04-06,0.001981172630994753,TLT,"ARIMA(1,0,1)"
2015-04-07,0.0012014197396841993,TLT,"ARIMA(1,0,1)"
2015-04-08,0.00022398151771898525,TLT,"ARIMA(1,0,1)"
2015-04-09,0.0009419077738900883,TLT,"ARIMA(1,0,1)"
2015-04-10,0.0018705449183093795,TLT,"ARIMA(1,0,1)"
2015-04-13,0.0006427858381193316,TLT,"ARIMA(1,0,1)"
2015-04-14,0.0007292746061958818,TLT,"ARIMA(1,0,1)"
2015-04-15,0.00028509094210935504,TLT,"ARIMA(1,0,1)"
2015-04-16,0.0009676818105964777,TLT,"ARIMA(1,0,1)"
2015-04-17,0.0011571860647697232,TLT,"ARIMA(1,0,1)"
2015-04-20,-0.00014717311653952056,TLT,"ARIMA(1,0,1)"
2015-04-21,0.0017376536122331926,TLT,"ARIMA(1,0,1)"
2015-04-22,0.0011441413603995938,TLT,"ARIMA(1,0,1)"
2015-04-23,0.001918887299664334,TLT,"ARIMA(1,0,1)"
2015-04-24,0.00018171162117702516,TLT,"ARIMA(1,0,1)"
2015-04-27,0.00031341745249555044,TLT,"ARIMA(1,0,1)"
2015-04-28,0.0008060882447222614,TLT,"ARIMA(1,0,1)"
2015-04-29,0.0018472635526807406,TLT,"ARIMA(1,0,1)"
2015-04-30,0.0014447607783710048,TLT,"ARIMA(1,0,1)"
2015-05-01,0.0003930393706662371,TLT,"ARIMA(1,0,1)"
2015-05-04,0.0015492505753301026,TLT,"ARIMA(1,0,1)"
2015-05-05,0.0009968780939249647,TLT,"ARIMA(1,0,1)"
2015-05-06,0.0005195675979348844,TLT,"ARIMA(1,0,1)"
2015-05-07,0.001466983005806271,TLT,"ARIMA(1,0,1)"
2015-05-08,-0.000637228494613461,TLT,"ARIMA(1,0,1)"
2015-05-11,0.00044574567164998,TLT,"ARIMA(1,0,1)"
2015-05-12,0.0023622795539458685,TLT,"ARIMA(1,0,1)"
2015-05-13,0.0003668510223767107,TLT,"ARIMA(1,0,1)"
2015-05-14,0.0010600045628161663,TLT,"ARIMA(1,0,1)"
2015-05-15,8.86096676800822e-05,TLT,"ARIMA(1,0,1)"
2015-05-18,-0.0012521253393260384,TLT,"ARIMA(1,0,1)"
2015-05-19,0.0019994995262043814,TLT,"ARIMA(1,0,1)"
2015-05-20,0.0011281869937402559,TLT,"ARIMA(1,0,1)"
2015-05-21,0.0001639411046439996,TLT,"ARIMA(1,0,1)"
2015-05-22,-0.0008358545564193522,TLT,"ARIMA(1,0,1)"
2015-05-26,0.0003296012689636814,TLT,"ARIMA(1,0,1)"
2015-05-27,-0.001047039657822453,TLT,"ARIMA(1,0,1)"
2015-05-28,0.00028084110021907495,TLT,"ARIMA(1,0,1)"
2015-05-29,0.0006075359320423508,TLT,"ARIMA(1,0,1)"
2015-06-01,0.00022650437980398024,TLT,"ARIMA(1,0,1)"
2015-06-02,0.0014272049080736571,TLT,"ARIMA(1,0,1)"
2015-06-03,0.0015739650081253392,TLT,"ARIMA(1,0,1)"
2015-06-04,0.001548931843656076,TLT,"ARIMA(1,0,1)"
2015-06-05,-0.0006916450466646775,TLT,"ARIMA(1,0,1)"
2015-06-08,0.0014716798705243775,TLT,"ARIMA(1,0,1)"
2015-06-09,0.00042359498756268176,TLT,"ARIMA(1,0,1)"
2015-06-10,0.0010118217051685325,TLT,"ARIMA(1,0,1)"
2015-06-11,0.0010335052999946382,TLT,"ARIMA(1,0,1)"
2015-06-12,-0.0015952361997352846,TLT,"ARIMA(1,0,1)"
2015-06-15,0.00033996581578166907,TLT,"ARIMA(1,0,1)"
2015-06-16,0.00019608417008849723,TLT,"ARIMA(1,0,1)"
2015-06-17,-0.00030180920977426344,TLT,"ARIMA(1,0,1)"
2015-06-18,0.0009818356046002725,TLT,"ARIMA(1,0,1)"
2015-06-19,0.000713089889595033,TLT,"ARIMA(1,0,1)"
2015-06-22,-0.0006034043093056047,TLT,"ARIMA(1,0,1)"
2015-06-23,0.0022662675764014133,TLT,"ARIMA(1,0,1)"
2015-06-24,0.0007902381415706325,TLT,"ARIMA(1,0,1)"
2015-06-25,-0.0005085297568064907,TLT,"ARIMA(1,0,1)"
2015-06-26,0.0006140982597303811,TLT,"ARIMA(1,0,1)"
2015-06-29,0.0011097995854732698,TLT,"ARIMA(1,0,1)"
2015-06-30,-0.0025539885701968395,TLT,"ARIMA(1,0,1)"
2015-07-01,0.0010955511513171816,TLT,"ARIMA(1,0,1)"
2015-07-02,0.001527306899320016,TLT,"ARIMA(1,0,1)"
2015-07-06,-0.0002539442282671214,TLT,"ARIMA(1,0,1)"
2015-07-07,-0.0015552584704694517,TLT,"ARIMA(1,0,1)"
2015-07-08,-0.0002930896684324702,TLT,"ARIMA(1,0,1)"
2015-07-09,-0.00034510896165312367,TLT,"ARIMA(1,0,1)"
2015-07-10,0.002397562412665785,TLT,"ARIMA(1,0,1)"
2015-07-13,0.001412659168624855,TLT,"ARIMA(1,0,1)"
2015-07-14,0.0003213775812414313,TLT,"ARIMA(1,0,1)"
2015-07-15,-7.501276005916486e-05,TLT,"ARIMA(1,0,1)"
2015-07-16,-0.0005898569847038534,TLT,"ARIMA(1,0,1)"
2015-07-17,-0.00023365070906576022,TLT,"ARIMA(1,0,1)"
2015-07-20,-0.00011242574413265264,TLT,"ARIMA(1,0,1)"
2015-07-21,0.0005998710749727665,TLT,"ARIMA(1,0,1)"
2015-07-22,-0.00021087497432304965,TLT,"ARIMA(1,0,1)"
2015-07-23,-0.00016169194353722247,TLT,"ARIMA(1,0,1)"
2015-07-24,-0.0005093151544263054,TLT,"ARIMA(1,0,1)"
2015-07-27,0.0002978449337605408,TLT,"ARIMA(1,0,1)"
2015-07-28,-1.4646641088491153e-05,TLT,"ARIMA(1,0,1)"
2015-07-29,0.0008959133799537739,TLT,"ARIMA(1,0,1)"
2015-07-30,0.0004039099720664166,TLT,"ARIMA(1,0,1)"
2015-07-31,-0.0001798676551187283,TLT,"ARIMA(1,0,1)"
2015-08-03,2.5501545865058977e-05,TLT,"ARIMA(1,0,1)"
2015-08-04,-0.0001491106863117117,TLT,"ARIMA(1,0,1)"
2015-08-05,0.001022088539004173,TLT,"ARIMA(1,0,1)"
2015-08-06,0.0007088509394587979,TLT,"ARIMA(1,0,1)"
2015-08-07,-0.00024961640746030804,TLT,"ARIMA(1,0,1)"
2015-08-10,-0.00023505722365756442,TLT,"ARIMA(1,0,1)"
2015-08-11,0.0013009221213484282,TLT,"ARIMA(1,0,1)"
2015-08-12,-0.0009340532998211876,TLT,"ARIMA(1,0,1)"
2015-08-13,0.0009892932480877435,TLT,"ARIMA(1,0,1)"
2015-08-14,0.00056112561721488,TLT,"ARIMA(1,0,1)"
2015-08-17,0.00016360091620693591,TLT,"ARIMA(1,0,1)"
2015-08-18,2.023196147430534e-05,TLT,"ARIMA(1,0,1)"
2015-08-19,0.0010373118163537324,TLT,"ARIMA(1,0,1)"
2015-08-20,-0.0005148440745038074,TLT,"ARIMA(1,0,1)"
2015-08-21,-0.0002008631585314129,TLT,"ARIMA(1,0,1)"
2015-08-24,0.0003255665841700621,TLT,"ARIMA(1,0,1)"
2015-08-25,0.0004683717657378478,TLT,"ARIMA(1,0,1)"
2015-08-26,0.0016171962905525208,TLT,"ARIMA(1,0,1)"
2015-08-27,0.0012381064339011803,TLT,"ARIMA(1,0,1)"
2015-08-28,-0.00010998500797480549,TLT,"ARIMA(1,0,1)"
2015-08-31,0.00012803647268210805,TLT,"ARIMA(1,0,1)"
2015-09-01,0.0006562007689337325,TLT,"ARIMA(1,0,1)"
2015-09-02,6.490847318296999e-05,TLT,"ARIMA(1,0,1)"
2015-09-03,0.0009657223633879561,TLT,"ARIMA(1,0,1)"
2015-09-04,-0.0002086122796387637,TLT,"ARIMA(1,0,1)"
2015-09-08,-6.005404263931984e-05,TLT,"ARIMA(1,0,1)"
2015-09-09,0.0009717490329691754,TLT,"ARIMA(1,0,1)"
2015-09-10,-0.0002940461759930653,TLT,"ARIMA(1,0,1)"
2015-09-11,0.0009302283423536994,TLT,"ARIMA(1,0,1)"
2015-09-14,-0.00020547350381197772,TLT,"ARIMA(1,0,1)"
2015-09-15,0.0003620919504897664,TLT,"ARIMA(1,0,1)"
2015-09-16,0.0018301282015267483,TLT,"ARIMA(1,0,1)"
2015-09-17,0.00026795947781474926,TLT,"ARIMA(1,0,1)"
2015-09-18,-0.0005690071977549889,TLT,"ARIMA(1,0,1)"
2015-09-21,-0.0005403129535305011,TLT,"ARIMA(1,0,1)"
2015-09-22,0.0017163372118788338,TLT,"ARIMA(1,0,1)"
2015-09-23,-0.0008917206651021675,TLT,"ARIMA(1,0,1)"
2015-09-24,0.0004503133007764595,TLT,"ARIMA(1,0,1)"
2015-09-25,-0.000186757350253907,TLT,"ARIMA(1,0,1)"
2015-09-28,0.0010658336342294552,TLT,"ARIMA(1,0,1)"
2015-09-29,-0.0010863947238806647,TLT,"ARIMA(1,0,1)"
2015-09-30,0.0002521315803530794,TLT,"ARIMA(1,0,1)"
2015-10-01,0.0006287893794779122,TLT,"ARIMA(1,0,1)"
2015-10-02,-6.567468199718946e-05,TLT,"ARIMA(1,0,1)"
2015-10-05,-1.2488463486581532e-05,TLT,"ARIMA(1,0,1)"
2015-10-06,0.0014327183236822042,TLT,"ARIMA(1,0,1)"
2015-10-07,-0.0002652555964113638,TLT,"ARIMA(1,0,1)"
2015-10-08,0.0005677412791908496,TLT,"ARIMA(1,0,1)"
2015-10-09,0.0007936892068896441,TLT,"ARIMA(1,0,1)"
2015-10-12,-9.712667429875245e-05,TLT,"ARIMA(1,0,1)"
2015-10-13,-0.00038624491844921013,TLT,"ARIMA(1,0,1)"
2015-10-14,0.00013980807130924437,TLT,"ARIMA(1,0,1)"
2015-10-15,-0.0005079747509887439,TLT,"ARIMA(1,0,1)"
2015-10-16,0.0006653530890514477,TLT,"ARIMA(1,0,1)"
2015-10-19,0.00010259619326342687,TLT,"ARIMA(1,0,1)"
2015-10-20,0.0004324983268304194,TLT,"ARIMA(1,0,1)"
2015-10-21,0.0006265818119484156,TLT,"ARIMA(1,0,1)"
2015-10-22,-0.0006653415607049799,TLT,"ARIMA(1,0,1)"
2015-10-23,0.00021394420219738414,TLT,"ARIMA(1,0,1)"
2015-10-26,0.0009493686712151966,TLT,"ARIMA(1,0,1)"
2015-10-27,-0.00039890048424076467,TLT,"ARIMA(1,0,1)"
2015-10-28,0.00013886038652342707,TLT,"ARIMA(1,0,1)"
2015-10-29,0.0006254585580351972,TLT,"ARIMA(1,0,1)"
2015-10-30,0.0014526639158060851,TLT,"ARIMA(1,0,1)"
2015-11-02,-0.00056658861297253,TLT,"ARIMA(1,0,1)"
2015-11-03,0.0006856521491837918,TLT,"ARIMA(1,0,1)"
2015-11-04,0.0008058689145169311,TLT,"ARIMA(1,0,1)"
2015-11-05,-8.600462654767842e-06,TLT,"ARIMA(1,0,1)"
2015-11-06,0.0003946212342911407,TLT,"ARIMA(1,0,1)"
2015-11-09,0.0011797924803205097,TLT,"ARIMA(1,0,1)"
2015-11-10,0.0001850488971692606,TLT,"ARIMA(1,0,1)"
2015-11-11,-0.00014142492177609672,TLT,"ARIMA(1,0,1)"
2015-11-12,0.0003126679203912698,TLT,"ARIMA(1,0,1)"
2015-11-13,-0.0002843198489781058,TLT,"ARIMA(1,0,1)"
2015-11-16,-0.0001613875742776957,TLT,"ARIMA(1,0,1)"
2015-11-17,0.00025155002040938926,TLT,"ARIMA(1,0,1)"
2015-11-18,-3.2850169291578544e-05,TLT,"ARIMA(1,0,1)"
2015-11-19,8.490266705170378e-05,TLT,"ARIMA(1,0,1)"
2015-11-20,-0.00025413041646187923,TLT,"ARIMA(1,0,1)"
2015-11-23,0.0004765421342891594,TLT,"ARIMA(1,0,1)"
2015-11-24,-0.00018291216244335415,TLT,"ARIMA(1,0,1)"
2015-11-25,0.00020405901407359714,TLT,"ARIMA(1,0,1)"
2015-11-27,-8.592023501277708e-05,TLT,"ARIMA(1,0,1)"
2015-11-30,0.00021697040931690267,TLT,"ARIMA(1,0,1)"
2015-12-01,-0.0002477336709609114,TLT,"ARIMA(1,0,1)"
2015-12-02,-0.0001368260255505491,TLT,"ARIMA(1,0,1)"
2015-12-03,0.0004190261563839376,TLT,"ARIMA(1,0,1)"
2015-12-04,0.0018709645749055198,TLT,"ARIMA(1,0,1)"
2015-12-07,-0.0010718247616326286,TLT,"ARIMA(1,0,1)"
2015-12-08,-0.00040947669619828666,TLT,"ARIMA(1,0,1)"
2015-12-09,0.00013745932898469947,TLT,"ARIMA(1,0,1)"
2015-12-10,0.00013058863585952321,TLT,"ARIMA(1,0,1)"
2015-12-11,-8.966429397741827e-05,TLT,"ARIMA(1,0,1)"
2015-12-14,-0.00113972281169123,TLT,"ARIMA(1,0,1)"
2015-12-15,0.0011461849012659921,TLT,"ARIMA(1,0,1)"
2015-12-16,0.0002363509716086864,TLT,"ARIMA(1,0,1)"
2015-12-17,1.7338651758552214e-05,TLT,"ARIMA(1,0,1)"
2015-12-18,-0.0009125575868612332,TLT,"ARIMA(1,0,1)"
2015-12-21,-0.0002979475703689063,TLT,"ARIMA(1,0,1)"
2015-12-22,3.556604025932078e-05,TLT,"ARIMA(1,0,1)"
2015-12-23,0.0005073292867406361,TLT,"ARIMA(1,0,1)"
2015-12-24,0.0005349503346569635,TLT,"ARIMA(1,0,1)"
2015-12-28,-0.0004112576979496739,TLT,"ARIMA(1,0,1)"
2015-12-29,-0.00018012281240595838,TLT,"ARIMA(1,0,1)"
2015-12-30,0.0012147128889058321,TLT,"ARIMA(1,0,1)"
2015-12-31,5.848744656580405e-07,TLT,"ARIMA(1,0,1)"
2016-01-04,-0.0005027838163707756,TLT,"ARIMA(1,0,1)"
2016-01-05,-0.0008762744507176442,TLT,"ARIMA(1,0,1)"
2016-01-06,0.00015192994051910176,TLT,"ARIMA(1,0,1)"
2016-01-07,-0.001468750790424266,TLT,"ARIMA(1,0,1)"
2016-01-08,-0.0004741612440041347,TLT,"ARIMA(1,0,1)"
2016-01-11,-0.0005859367245864648,TLT,"ARIMA(1,0,1)"
2016-01-12,0.0008092518588798259,TLT,"ARIMA(1,0,1)"
2016-01-13,-0.0015700473318425638,TLT,"ARIMA(1,0,1)"
2016-01-14,-0.0013242346271740654,TLT,"ARIMA(1,0,1)"
2016-01-15,0.0004377907511373283,TLT,"ARIMA(1,0,1)"
2016-01-19,-0.0015637369466188372,TLT,"ARIMA(1,0,1)"
2016-01-20,1.450741885520329e-05,TLT,"ARIMA(1,0,1)"
2016-01-21,-0.001170346536638001,TLT,"ARIMA(1,0,1)"
2016-01-22,0.0003312553228532267,TLT,"ARIMA(1,0,1)"
2016-01-25,0.0003037899534549346,TLT,"ARIMA(1,0,1)"
2016-01-26,-0.0006348550502410126,TLT,"ARIMA(1,0,1)"
2016-01-27,-0.00031767060904073564,TLT,"ARIMA(1,0,1)"
2016-01-28,-0.00020721717024327032,TLT,"ARIMA(1,0,1)"
2016-01-29,-0.0003742257462257432,TLT,"ARIMA(1,0,1)"
2016-02-01,-0.0009807667309404554,TLT,"ARIMA(1,0,1)"
2016-02-02,-0.00015656406569744492,TLT,"ARIMA(1,0,1)"
2016-02-03,-0.0019411968762916242,TLT,"ARIMA(1,0,1)"
2016-02-04,0.00010154936569786988,TLT,"ARIMA(1,0,1)"
2016-02-05,-0.0006357456088450474,TLT,"ARIMA(1,0,1)"
2016-02-08,-0.0005087836878899226,TLT,"ARIMA(1,0,1)"
2016-02-09,-0.0026354211218956457,TLT,"ARIMA(1,0,1)"
2016-02-10,-0.0011350393356518852,TLT,"ARIMA(1,0,1)"
2016-02-11,-0.0014203070298233814,TLT,"ARIMA(1,0,1)"
2016-02-12,-0.001279494676811526,TLT,"ARIMA(1,0,1)"
2016-02-16,0.0018484670124460695,TLT,"ARIMA(1,0,1)"
2016-02-17,0.002444271456904795,TLT,"ARIMA(1,0,1)"
2016-02-18,0.0016658637772242438,TLT,"ARIMA(1,0,1)"
2016-02-19,-0.0004022091523245227,TLT,"ARIMA(1,0,1)"
2016-02-22,-0.00018702323482688274,TLT,"ARIMA(1,0,1)"
2016-02-23,0.00011665272570336935,TLT,"ARIMA(1,0,1)"
2016-02-24,-0.0004976624136187146,TLT,"ARIMA(1,0,1)"
2016-02-25,0.0001510252088712506,TLT,"ARIMA(1,0,1)"
2016-02-26,-0.00024327932408739163,TLT,"ARIMA(1,0,1)"
2016-02-29,0.0013219716151693943,TLT,"ARIMA(1,0,1)"
2016-03-01,0.00012531951341443543,TLT,"ARIMA(1,0,1)"
2016-03-02,0.0027726791581394387,TLT,"ARIMA(1,0,1)"
2016-03-03,0.0008932995865154078,TLT,"ARIMA(1,0,1)"
2016-03-04,0.00011794130420639295,TLT,"ARIMA(1,0,1)"
2016-03-07,0.0010978375218996849,TLT,"ARIMA(1,0,1)"
2016-03-08,0.0007028623957148373,TLT,"ARIMA(1,0,1)"
2016-03-09,-0.000961668057969989,TLT,"ARIMA(1,0,1)"
2016-03-10,0.00046114838450233024,TLT,"ARIMA(1,0,1)"
2016-03-11,0.0008217602318745376,TLT,"ARIMA(1,0,1)"
2016-03-14,0.001810020697032763,TLT,"ARIMA(1,0,1)"
2016-03-15,0.0006449848028673098,TLT,"ARIMA(1,0,1)"
2016-03-16,0.00023893164775467087,TLT,"ARIMA(1,0,1)"
2016-03-17,-0.0003403945035158972,TLT,"ARIMA(1,0,1)"
2016-03-18,-0.0007529376031945636,TLT,"ARIMA(1,0,1)"
2016-03-21,-0.0006157330994342422,TLT,"ARIMA(1,0,1)"
2016-03-22,0.0007455564876569397,TLT,"ARIMA(1,0,1)"
2016-03-23,0.00038476542597569804,TLT,"ARIMA(1,0,1)"
2016-03-24,-0.0013424199916488883,TLT,"ARIMA(1,0,1)"
2016-03-28,-0.0008393487357276334,TLT,"ARIMA(1,0,1)"
2016-03-29,-0.00038430963608905664,TLT,"ARIMA(1,0,1)"
2016-03-30,-0.001494129169714752,TLT,"ARIMA(1,0,1)"
2016-03-31,0.0006787063940887589,TLT,"ARIMA(1,0,1)"
2016-04-01,-0.0005524283761982739,TLT,"ARIMA(1,0,1)"
2016-04-04,-0.000603952953581162,TLT,"ARIMA(1,0,1)"
2016-04-05,-0.0003132669563192705,TLT,"ARIMA(1,0,1)"
2016-04-06,-0.0014564832384702782,TLT,"ARIMA(1,0,1)"
2016-04-07,0.0002434063658333656,TLT,"ARIMA(1,0,1)"
2016-04-08,-0.001479077069879568,TLT,"ARIMA(1,0,1)"
2016-04-11,0.00026258774757235027,TLT,"ARIMA(1,0,1)"
2016-04-12,0.00041579385716378,TLT,"ARIMA(1,0,1)"
2016-04-13,0.0012645500619654795,TLT,"ARIMA(1,0,1)"
2016-04-14,0.00023421777690723944,TLT,"ARIMA(1,0,1)"
2016-04-15,0.000848845185519529,TLT,"ARIMA(1,0,1)"
2016-04-18,-0.0006243247469878708,TLT,"ARIMA(1,0,1)"
2016-04-19,0.00031921362884110207,TLT,"ARIMA(1,0,1)"
2016-04-20,0.0007640260240655998,TLT,"ARIMA(1,0,1)"
2016-04-21,0.0022021563764908795,TLT,"ARIMA(1,0,1)"
2016-04-22,0.0019463034640283662,TLT,"ARIMA(1,0,1)"
2016-04-25,0.0012893010761375946,TLT,"ARIMA(1,0,1)"
2016-04-26,0.0012679728191682315,TLT,"ARIMA(1,0,1)"
2016-04-27,0.0012698009554764126,TLT,"ARIMA(1,0,1)"
2016-04-28,-0.00047812193908586606,TLT,"ARIMA(1,0,1)"
2016-04-29,-0.000748063270655936,TLT,"ARIMA(1,0,1)"
2016-05-02,-0.0006818335324768211,TLT,"ARIMA(1,0,1)"
2016-05-03,0.0013867851468681437,TLT,"ARIMA(1,0,1)"
2016-05-04,-0.000976880488853754,TLT,"ARIMA(1,0,1)"
2016-05-05,-0.001212008970034826,TLT,"ARIMA(1,0,1)"
2016-05-06,-0.001484853638506614,TLT,"ARIMA(1,0,1)"
2016-05-09,-0.00029272902454142573,TLT,"ARIMA(1,0,1)"
2016-05-10,-0.0006254908190774882,TLT,"ARIMA(1,0,1)"
2016-05-11,-8.259053955744945e-05,TLT,"ARIMA(1,0,1)"
2016-05-12,-0.0006705539496196301,TLT,"ARIMA(1,0,1)"
2016-05-13,0.0004516174701916353,TLT,"ARIMA(1,0,1)"
2016-05-16,-0.0009214725503512613,TLT,"ARIMA(1,0,1)"
2016-05-17,0.0008459588253885563,TLT,"ARIMA(1,0,1)"
2016-05-18,0.0006589560141222119,TLT,"ARIMA(1,0,1)"
2016-05-19,0.0029125960522296984,TLT,"ARIMA(1,0,1)"
2016-05-20,0.001520729519871321,TLT,"ARIMA(1,0,1)"
2016-05-23,0.0010680804683394706,TLT,"ARIMA(1,0,1)"
2016-05-24,0.0005114043243288822,TLT,"ARIMA(1,0,1)"
2016-05-25,0.001231123558364028,TLT,"ARIMA(1,0,1)"
2016-05-26,0.001630064980846091,TLT,"ARIMA(1,0,1)"
2016-05-27,0.0004902811671712962,TLT,"ARIMA(1,0,1)"
2016-05-31,0.0005501814798847726,TLT,"ARIMA(1,0,1)"
2016-06-01,0.00022379139393799874,TLT,"ARIMA(1,0,1)"
2016-06-02,-0.0001245837248623019,TLT,"ARIMA(1,0,1)"
2016-06-03,-0.0009849234707047017,TLT,"ARIMA(1,0,1)"
2016-06-06,-0.003025418848734901,TLT,"ARIMA(1,0,1)"
2016-06-07,-0.000786851713838372,TLT,"ARIMA(1,0,1)"
2016-06-08,-0.0003939857316460854,TLT,"ARIMA(1,0,1)"
2016-06-09,-0.0010284611745566387,TLT,"ARIMA(1,0,1)"
2016-06-10,-0.0013028427102523715,TLT,"ARIMA(1,0,1)"
2016-06-13,-0.0019448233287956362,TLT,"ARIMA(1,0,1)"
2016-06-14,-0.0018162928765861318,TLT,"ARIMA(1,0,1)"
2016-06-15,-0.0009815329994570861,TLT,"ARIMA(1,0,1)"
2016-06-16,-0.0009518806253110018,TLT,"ARIMA(1,0,1)"
2016-06-17,-0.0015567219447099414,TLT,"ARIMA(1,0,1)"
2016-06-20,-0.0002993048018523376,TLT,"ARIMA(1,0,1)"
2016-06-21,0.0027563451642063958,TLT,"ARIMA(1,0,1)"
2016-06-22,0.0017767891356168459,TLT,"ARIMA(1,0,1)"
2016-06-23,0.0016230020447020824,TLT,"ARIMA(1,0,1)"
2016-06-24,0.003199499455636408,TLT,"ARIMA(1,0,1)"
2016-06-27,-0.0009218093498573124,TLT,"ARIMA(1,0,1)"
2016-06-28,-0.00209397052203634,TLT,"ARIMA(1,0,1)"
2016-06-29,0.0005269031019425258,TLT,"ARIMA(1,0,1)"
2016-06-30,0.0015882546293535416,TLT,"ARIMA(1,0,1)"
2016-07-01,-0.0016193232787340525,TLT,"ARIMA(1,0,1)"
2016-07-05,-0.0020619525568444305,TLT,"ARIMA(1,0,1)"
2016-07-06,-0.0020237082516751685,TLT,"ARIMA(1,0,1)"
2016-07-07,-0.0061779631361218584,TLT,"ARIMA(1,0,1)"
2016-07-08,-0.0010565933467182533,TLT,"ARIMA(1,0,1)"
2016-07-11,-0.0020263019029603726,TLT,"ARIMA(1,0,1)"
2016-07-12,0.0017423398924233291,TLT,"ARIMA(1,0,1)"
2016-07-13,0.003408606164550238,TLT,"ARIMA(1,0,1)"
2016-07-14,0.0008153056639694876,TLT,"ARIMA(1,0,1)"
2016-07-15,0.0030944127170882798,TLT,"ARIMA(1,0,1)"
2016-07-18,0.003381762508567894,TLT,"ARIMA(1,0,1)"
2016-07-19,0.0026753244024469544,TLT,"ARIMA(1,0,1)"
2016-07-20,0.001317944577841807,TLT,"ARIMA(1,0,1)"
2016-07-21,0.0014813432696345705,TLT,"ARIMA(1,0,1)"
2016-07-22,0.001239552012507117,TLT,"ARIMA(1,0,1)"
2016-07-25,0.0008584634636834071,TLT,"ARIMA(1,0,1)"
2016-07-26,0.0009599212436492713,TLT,"ARIMA(1,0,1)"
2016-07-27,0.0006485680274994481,TLT,"ARIMA(1,0,1)"
2016-07-28,-0.0010453778727758435,TLT,"ARIMA(1,0,1)"
2016-07-29,-2.0357464294249242e-05,TLT,"ARIMA(1,0,1)"
2016-08-01,-0.000621530993493753,TLT,"ARIMA(1,0,1)"
2016-08-02,0.0015716009704881818,TLT,"ARIMA(1,0,1)"
2016-08-03,0.0025768888214815497,TLT,"ARIMA(1,0,1)"
2016-08-04,0.0016785364632748248,TLT,"ARIMA(1,0,1)"
2016-08-05,0.0002139890575288616,TLT,"ARIMA(1,0,1)"
2016-08-08,0.0018695615176300031,TLT,"ARIMA(1,0,1)"
2016-08-09,0.0011679321306894332,TLT,"ARIMA(1,0,1)"
2016-08-10,-7.672494897525257e-05,TLT,"ARIMA(1,0,1)"
2016-08-11,-0.0003365326260858026,TLT,"ARIMA(1,0,1)"
2016-08-12,0.0011736411805542898,TLT,"ARIMA(1,0,1)"
2016-08-15,-2.1186989502221015e-05,TLT,"ARIMA(1,0,1)"
2016-08-16,0.0014684508368264732,TLT,"ARIMA(1,0,1)"
2016-08-17,0.001419697189813864,TLT,"ARIMA(1,0,1)"
2016-08-18,0.0004782965507263211,TLT,"ARIMA(1,0,1)"
2016-08-19,0.00032259981084051996,TLT,"ARIMA(1,0,1)"
2016-08-22,0.0011277755768117478,TLT,"ARIMA(1,0,1)"
2016-08-23,-0.0003274496790430202,TLT,"ARIMA(1,0,1)"
2016-08-24,-5.629598193424435e-05,TLT,"ARIMA(1,0,1)"
2016-08-25,0.0007776217889256116,TLT,"ARIMA(1,0,1)"
2016-08-26,0.0014753625446167608,TLT,"ARIMA(1,0,1)"
2016-08-29,0.0019819676688311747,TLT,"ARIMA(1,0,1)"
2016-08-30,-0.0004978399114419583,TLT,"ARIMA(1,0,1)"
2016-08-31,0.0007799186129676793,TLT,"ARIMA(1,0,1)"
2016-09-01,0.0005281231777794207,TLT,"ARIMA(1,0,1)"
2016-09-02,0.0005336527053568973,TLT,"ARIMA(1,0,1)"
2016-09-06,0.0019358288842748288,TLT,"ARIMA(1,0,1)"
2016-09-07,0.00040628682656214615,TLT,"ARIMA(1,0,1)"
2016-09-08,0.0007397681173070466,TLT,"ARIMA(1,0,1)"
2016-09-09,0.00273778640403663,TLT,"ARIMA(1,0,1)"
2016-09-12,0.00426651263751698,TLT,"ARIMA(1,0,1)"
2016-09-13,0.00316315948702069,TLT,"ARIMA(1,0,1)"
2016-09-14,0.002864931241221637,TLT,"ARIMA(1,0,1)"
2016-09-15,0.0014111768010168545,TLT,"ARIMA(1,0,1)"
2016-09-16,0.0013242542133141038,TLT,"ARIMA(1,0,1)"
2016-09-19,2.3992440974711523e-05,TLT,"ARIMA(1,0,1)"
2016-09-20,0.00071833246590066,TLT,"ARIMA(1,0,1)"
2016-09-21,0.0002941669328942651,TLT,"ARIMA(1,0,1)"
2016-09-22,-0.0004924004326411663,TLT,"ARIMA(1,0,1)"
2016-09-23,-0.0006871299979255289,TLT,"ARIMA(1,0,1)"
2016-09-26,2.907016254503653e-05,TLT,"ARIMA(1,0,1)"
2016-09-27,-0.00023654943922446665,TLT,"ARIMA(1,0,1)"
2016-09-28,-0.0005668376471528482,TLT,"ARIMA(1,0,1)"
2016-09-29,0.00028224990095974294,TLT,"ARIMA(1,0,1)"
2016-09-30,0.00026670943725634404,TLT,"ARIMA(1,0,1)"
2016-10-03,0.0013179306774336501,TLT,"ARIMA(1,0,1)"
2016-10-04,0.00123523495640573,TLT,"ARIMA(1,0,1)"
2016-10-05,0.0020397876664804367,TLT,"ARIMA(1,0,1)"
2016-10-06,0.0015922292489176783,TLT,"ARIMA(1,0,1)"
2016-10-07,0.001323725133037042,TLT,"ARIMA(1,0,1)"
2016-10-10,0.0007761437194084009,TLT,"ARIMA(1,0,1)"
2016-10-11,0.0011221870267323726,TLT,"ARIMA(1,0,1)"
2016-10-12,0.0008519971144901322,TLT,"ARIMA(1,0,1)"
2016-10-13,0.0005104771899993069,TLT,"ARIMA(1,0,1)"
2016-10-14,0.00012990598777094748,TLT,"ARIMA(1,0,1)"
2016-10-17,0.0015430859316829567,TLT,"ARIMA(1,0,1)"
2016-10-18,0.0002182916618982025,TLT,"ARIMA(1,0,1)"
2016-10-19,8.208095453290617e-05,TLT,"ARIMA(1,0,1)"
2016-10-20,0.0002681545178093619,TLT,"ARIMA(1,0,1)"
2016-10-21,0.00026493053020883357,TLT,"ARIMA(1,0,1)"
2016-10-24,0.00023670401071424244,TLT,"ARIMA(1,0,1)"
2016-10-25,0.0007580905318990572,TLT,"ARIMA(1,0,1)"
2016-10-26,0.0002702611893360958,TLT,"ARIMA(1,0,1)"
2016-10-27,0.0009305758940966412,TLT,"ARIMA(1,0,1)"
2016-10-28,0.001376863426326892,TLT,"ARIMA(1,0,1)"
2016-10-31,0.0008804817940771528,TLT,"ARIMA(1,0,1)"
2016-11-01,8.521689581638217e-05,TLT,"ARIMA(1,0,1)"
2016-11-02,0.00031287751975098014,TLT,"ARIMA(1,0,1)"
2016-11-03,7.08426368192307e-05,TLT,"ARIMA(1,0,1)"
2016-11-04,0.001007013235981324,TLT,"ARIMA(1,0,1)"
2016-11-07,-0.00019299534676979463,TLT,"ARIMA(1,0,1)"
2016-11-08,0.0012141658707596516,TLT,"ARIMA(1,0,1)"
2016-11-09,0.0011059327312513945,TLT,"ARIMA(1,0,1)"
2016-11-10,0.003828386237318188,TLT,"ARIMA(1,0,1)"
2016-11-11,0.000231802565875116,TLT,"ARIMA(1,0,1)"
2016-11-14,0.0001903547270907254,TLT,"ARIMA(1,0,1)"
2016-11-15,0.00014393740966787941,TLT,"ARIMA(1,0,1)"
2016-11-16,0.00016713930805992735,TLT,"ARIMA(1,0,1)"
2016-11-17,0.0001961486073570287,TLT,"ARIMA(1,0,1)"
2016-11-18,0.002107352177161698,TLT,"ARIMA(1,0,1)"
2016-11-21,9.119477783228931e-05,TLT,"ARIMA(1,0,1)"
2016-11-22,0.0011599232883989959,TLT,"ARIMA(1,0,1)"
2016-11-23,-0.0015787557622644161,TLT,"ARIMA(1,0,1)"
2016-11-25,0.0014930666095916902,TLT,"ARIMA(1,0,1)"
2016-11-28,-0.00011780181339392865,TLT,"ARIMA(1,0,1)"
2016-11-29,0.0006768336046990592,TLT,"ARIMA(1,0,1)"
2016-11-30,0.00011364715651519888,TLT,"ARIMA(1,0,1)"
2016-12-01,0.00012986343415357586,TLT,"ARIMA(1,0,1)"
2016-12-02,-4.755199473803852e-05,TLT,"ARIMA(1,0,1)"
2016-12-05,9.220496423825223e-05,TLT,"ARIMA(1,0,1)"
2016-12-06,5.3160877486840337e-05,TLT,"ARIMA(1,0,1)"
2016-12-07,1.0050982724940639e-05,TLT,"ARIMA(1,0,1)"
2016-12-08,0.00016191280686483797,TLT,"ARIMA(1,0,1)"
2016-12-09,0.0009761659607246548,TLT,"ARIMA(1,0,1)"
2016-12-12,-0.0006258975906813624,TLT,"ARIMA(1,0,1)"
2016-12-13,-4.945992599696388e-05,TLT,"ARIMA(1,0,1)"
2016-12-14,-0.00011758655184949582,TLT,"ARIMA(1,0,1)"
2016-12-15,0.000154439886843683,TLT,"ARIMA(1,0,1)"
2016-12-16,-0.00030114436443154987,TLT,"ARIMA(1,0,1)"
2016-12-19,0.00010141609536782555,TLT,"ARIMA(1,0,1)"
2016-12-20,-0.00048735302990092814,TLT,"ARIMA(1,0,1)"
2016-12-21,0.00033533752925636357,TLT,"ARIMA(1,0,1)"
2016-12-22,-0.00040719354673338483,TLT,"ARIMA(1,0,1)"
2016-12-23,0.0003546611663323745,TLT,"ARIMA(1,0,1)"
2016-12-27,-0.0002643661530451402,TLT,"ARIMA(1,0,1)"
2016-12-28,0.0002193806814270261,TLT,"ARIMA(1,0,1)"
2016-12-29,-0.00029097808030332514,TLT,"ARIMA(1,0,1)"
2016-12-30,0.00012379735393205774,TLT,"ARIMA(1,0,1)"
2017-01-03,-2.147695224512842e-05,TLT,"ARIMA(1,0,1)"
2017-01-04,-3.041520497599417e-05,TLT,"ARIMA(1,0,1)"
2017-01-05,3.5560391473926618e-06,TLT,"ARIMA(1,0,1)"
2017-01-06,-0.00020212671154663981,TLT,"ARIMA(1,0,1)"
2017-01-09,0.00030452993541543364,TLT,"ARIMA(1,0,1)"
2017-01-10,-0.0004228228109225249,TLT,"ARIMA(1,0,1)"
2017-01-11,0.00034400029772003354,TLT,"ARIMA(1,0,1)"
2017-01-12,-0.0001017104451847675,TLT,"ARIMA(1,0,1)"
2017-01-13,9.962323648001754e-05,TLT,"ARIMA(1,0,1)"
2017-01-17,2.7598211351425015e-05,TLT,"ARIMA(1,0,1)"
2017-01-18,-0.0001270742542438016,TLT,"ARIMA(1,0,1)"
2017-01-19,0.00032914327120816655,TLT,"ARIMA(1,0,1)"
2017-01-20,-0.00015310353310424838,TLT,"ARIMA(1,0,1)"
2017-01-23,-6.218710811361598e-05,TLT,"ARIMA(1,0,1)"
2017-01-24,-0.00021983126013712243,TLT,"ARIMA(1,0,1)"
2017-01-25,0.00016820477122081527,TLT,"ARIMA(1,0,1)"
2017-01-26,-0.00010248555663133343,TLT,"ARIMA(1,0,1)"
2017-01-27,-0.00020702208497170397,TLT,"ARIMA(1,0,1)"
2017-01-30,-0.00012757329488340195,TLT,"ARIMA(1,0,1)"
2017-01-31,-0.00015663447655100683,TLT,"ARIMA(1,0,1)"
2017-02-01,-0.000147573281185132,TLT,"ARIMA(1,0,1)"
2017-02-02,-0.0001607748338602682,TLT,"ARIMA(1,0,1)"
2017-02-03,-0.00021783612798081562,TLT,"ARIMA(1,0,1)"
2017-02-06,-0.00018686688993096531,TLT,"ARIMA(1,0,1)"
2017-02-07,-0.0002780101660107606,TLT,"ARIMA(1,0,1)"
2017-02-08,-0.00025046521117604405,TLT,"ARIMA(1,0,1)"
2017-02-09,-0.0018601919889667771,TLT,"ARIMA(1,0,1)"
2017-02-10,0.0002282523685789682,TLT,"ARIMA(1,0,1)"
2017-02-13,-0.0006620407350441829,TLT,"ARIMA(1,0,1)"
2017-02-14,1.6570942280115845e-06,TLT,"ARIMA(1,0,1)"
2017-02-15,-0.00016048560778666795,TLT,"ARIMA(1,0,1)"
2017-02-16,-0.0002019277166001279,TLT,"ARIMA(1,0,1)"
2017-02-17,-0.00037896486303637595,TLT,"ARIMA(1,0,1)"
2017-02-21,-0.0002736659995513587,TLT,"ARIMA(1,0,1)"
2017-02-22,-0.00021285922340258227,TLT,"ARIMA(1,0,1)"
2017-02-23,-0.00029715718957199546,TLT,"ARIMA(1,0,1)"
2017-02-24,-0.00025719192105492985,TLT,"ARIMA(1,0,1)"
2017-02-27,-0.0002262816010348444,TLT,"ARIMA(1,0,1)"
2017-02-28,-0.00018787990610331798,TLT,"ARIMA(1,0,1)"
2017-03-01,-0.0002150035199962593,TLT,"ARIMA(1,0,1)"
2017-03-02,-5.5392968121492045e-05,TLT,"ARIMA(1,0,1)"
2017-03-03,-0.00023867690546523936,TLT,"ARIMA(1,0,1)"
2017-03-06,-0.0002153148630234483,TLT,"ARIMA(1,0,1)"
2017-03-07,-0.00022673610468336642,TLT,"ARIMA(1,0,1)"
2017-03-08,-0.00023540830164060916,TLT,"ARIMA(1,0,1)"
2017-03-09,-0.00029156494710313384,TLT,"ARIMA(1,0,1)"
2017-03-10,-0.00032813022410200463,TLT,"ARIMA(1,0,1)"
2017-03-13,-0.00027011841967508626,TLT,"ARIMA(1,0,1)"
2017-03-14,-0.0002550341367304474,TLT,"ARIMA(1,0,1)"
2017-03-15,-0.0002768302188451533,TLT,"ARIMA(1,0,1)"
2017-03-16,-0.00021214257008719448,TLT,"ARIMA(1,0,1)"
2017-03-17,-0.00022133812482980813,TLT,"ARIMA(1,0,1)"
2017-03-20,-0.00027035821541458033,TLT,"ARIMA(1,0,1)"
2017-03-21,-0.00023840209487244814,TLT,"ARIMA(1,0,1)"
2017-03-22,-0.0001713341686127958,TLT,"ARIMA(1,0,1)"
2017-03-23,-0.00013856407574304447,TLT,"ARIMA(1,0,1)"
2017-03-24,-0.00019309488206561984,TLT,"ARIMA(1,0,1)"
2017-03-27,-0.00015714245147562144,TLT,"ARIMA(1,0,1)"
2017-03-28,-0.00010957114449004841,TLT,"ARIMA(1,0,1)"
2017-03-29,-0.0002900357875681458,TLT,"ARIMA(1,0,1)"
2017-03-30,-0.0001341610603276571,TLT,"ARIMA(1,0,1)"
2017-03-31,-0.00025822546876290024,TLT,"ARIMA(1,0,1)"
2017-04-03,-0.00019840911704232083,TLT,"ARIMA(1,0,1)"
2017-04-04,-4.8940379278451964e-05,TLT,"ARIMA(1,0,1)"
2017-04-05,-0.0003024821557687669,TLT,"ARIMA(1,0,1)"
2017-04-06,-0.000178571888827575,TLT,"ARIMA(1,0,1)"
2017-04-07,-0.00027377344464535206,TLT,"ARIMA(1,0,1)"
2017-04-10,-0.00031542133012264106,TLT,"ARIMA(1,0,1)"
2017-04-11,-0.0001932746984924384,TLT,"ARIMA(1,0,1)"
2017-04-12,5.531457268343807e-05,TLT,"ARIMA(1,0,1)"
2017-04-13,0.00017116097496601426,TLT,"ARIMA(1,0,1)"
2017-04-17,0.0001903140758689523,TLT,"ARIMA(1,0,1)"
2017-04-18,-4.291867828081755e-05,TLT,"ARIMA(1,0,1)"
2017-04-19,0.00022997696026046485,TLT,"ARIMA(1,0,1)"
2017-04-20,-4.0436616245369164e-05,TLT,"ARIMA(1,0,1)"
2017-04-21,-5.9338579415278e-05,TLT,"ARIMA(1,0,1)"
2017-04-24,-5.210574394838251e-05,TLT,"ARIMA(1,0,1)"
2017-04-25,-5.4643711341778326e-05,TLT,"ARIMA(1,0,1)"
2017-04-26,-0.00010372105206556984,TLT,"ARIMA(1,0,1)"
2017-04-27,-6.248039546980206e-05,TLT,"ARIMA(1,0,1)"
2017-04-28,-0.00011101231642516005,TLT,"ARIMA(1,0,1)"
2017-05-01,-7.943566312670417e-05,TLT,"ARIMA(1,0,1)"
2017-05-02,-0.00018521400527958006,TLT,"ARIMA(1,0,1)"
2017-05-03,-0.00011712211682462972,TLT,"ARIMA(1,0,1)"
2017-05-04,-0.00014819422792527532,TLT,"ARIMA(1,0,1)"
2017-05-05,-0.00018950001275115077,TLT,"ARIMA(1,0,1)"
2017-05-08,-0.0002123264269734977,TLT,"ARIMA(1,0,1)"
2017-05-09,-0.0002169863793641194,TLT,"ARIMA(1,0,1)"
2017-05-10,-0.00022977610432815555,TLT,"ARIMA(1,0,1)"
2017-05-11,-0.00023238866038180858,TLT,"ARIMA(1,0,1)"
2017-05-12,-0.00025595096763733133,TLT,"ARIMA(1,0,1)"
2017-05-15,-0.00020944274008405283,TLT,"ARIMA(1,0,1)"
2017-05-16,-0.0002589236160882783,TLT,"ARIMA(1,0,1)"
2017-05-17,-0.00020678500752029338,TLT,"ARIMA(1,0,1)"
2017-05-18,7.811853893920887e-06,TLT,"ARIMA(1,0,1)"
2017-05-19,0.0005515434456883585,TLT,"ARIMA(1,0,1)"
2017-05-22,-0.00010473631723014066,TLT,"ARIMA(1,0,1)"
2017-05-23,-0.00011873129878230013,TLT,"ARIMA(1,0,1)"
2017-05-24,-0.00015435840123914697,TLT,"ARIMA(1,0,1)"
2017-05-25,-0.00011436363656426774,TLT,"ARIMA(1,0,1)"
2017-05-26,6.570112744328077e-05,TLT,"ARIMA(1,0,1)"
2017-05-30,-0.00033007032298886885,TLT,"ARIMA(1,0,1)"
2017-05-31,-1.4812852998165448e-05,TLT,"ARIMA(1,0,1)"
2017-06-01,0.00013592659651070644,TLT,"ARIMA(1,0,1)"
2017-06-02,-0.00010229194276580695,TLT,"ARIMA(1,0,1)"
2017-06-05,-8.428893024932386e-05,TLT,"ARIMA(1,0,1)"
2017-06-06,-0.0001643071462624666,TLT,"ARIMA(1,0,1)"
2017-06-07,-0.00011313459214393231,TLT,"ARIMA(1,0,1)"
2017-06-08,-0.00014175219622912855,TLT,"ARIMA(1,0,1)"
2017-06-09,-0.0001734431045223481,TLT,"ARIMA(1,0,1)"
2017-06-12,-0.0002050160628454783,TLT,"ARIMA(1,0,1)"
2017-06-13,-0.0002254738143210565,TLT,"ARIMA(1,0,1)"
2017-06-14,-0.00024246626616552193,TLT,"ARIMA(1,0,1)"
2017-06-15,-0.00017764604040977045,TLT,"ARIMA(1,0,1)"
2017-06-16,-0.00019880070186828073,TLT,"ARIMA(1,0,1)"
2017-06-19,-0.0002109409063781213,TLT,"ARIMA(1,0,1)"
2017-06-20,-0.0001928028005349013,TLT,"ARIMA(1,0,1)"
2017-06-21,-0.000116125543438436,TLT,"ARIMA(1,0,1)"
2017-06-22,-8.928714461315828e-05,TLT,"ARIMA(1,0,1)"
2017-06-23,-8.711417284287022e-05,TLT,"ARIMA(1,0,1)"
2017-06-26,-0.0003088680933341385,TLT,"ARIMA(1,0,1)"
2017-06-27,-0.0006447703810003719,TLT,"ARIMA(1,0,1)"
2017-06-28,-0.00017878899065627146,TLT,"ARIMA(1,0,1)"
2017-06-29,-0.00018381122758329323,TLT,"ARIMA(1,0,1)"
2017-06-30,0.000125533999074714,TLT,"ARIMA(1,0,1)"
2017-07-03,-7.005785817667057e-05,TLT,"ARIMA(1,0,1)"
2017-07-05,-0.00019133871889949212,TLT,"ARIMA(1,0,1)"
2017-07-06,-0.0004047124843426273,TLT,"ARIMA(1,0,1)"
2017-07-07,-0.00022980428725029854,TLT,"ARIMA(1,0,1)"
2017-07-10,-0.00012672619964868004,TLT,"ARIMA(1,0,1)"
2017-07-11,-0.0005418948202091523,TLT,"ARIMA(1,0,1)"
2017-07-12,-0.0005015715270784043,TLT,"ARIMA(1,0,1)"
2017-07-13,-0.0005296553343918904,TLT,"ARIMA(1,0,1)"
2017-07-14,-0.0003625956743108488,TLT,"ARIMA(1,0,1)"
2017-07-17,-0.0004108812583507003,TLT,"ARIMA(1,0,1)"
2017-07-18,-0.00041400523479548146,TLT,"ARIMA(1,0,1)"
2017-07-19,-0.000470046582234815,TLT,"ARIMA(1,0,1)"
2017-07-20,-0.00038291510357882054,TLT,"ARIMA(1,0,1)"
2017-07-21,-0.00036215974802354743,TLT,"ARIMA(1,0,1)"
2017-07-24,-0.0003765982987458957,TLT,"ARIMA(1,0,1)"
2017-07-25,-0.00027486075998038324,TLT,"ARIMA(1,0,1)"
2017-07-26,-0.00019766987271497123,TLT,"ARIMA(1,0,1)"
2017-07-27,-0.00034803850388695127,TLT,"ARIMA(1,0,1)"
2017-07-28,-0.00038927432011584665,TLT,"ARIMA(1,0,1)"
2017-07-31,-0.0004779896042850728,TLT,"ARIMA(1,0,1)"
2017-08-01,-0.0004756947290491092,TLT,"ARIMA(1,0,1)"
2017-08-02,-0.0004926605770881636,TLT,"ARIMA(1,0,1)"
2017-08-03,-0.00033609303707886275,TLT,"ARIMA(1,0,1)"
2017-08-04,-0.00035999053139004755,TLT,"ARIMA(1,0,1)"
2017-08-07,-0.00023484994567498968,TLT,"ARIMA(1,0,1)"
2017-08-08,-0.00030534510994080684,TLT,"ARIMA(1,0,1)"
2017-08-09,-0.00026505388555474565,TLT,"ARIMA(1,0,1)"
2017-08-10,-0.00039941284304382673,TLT,"ARIMA(1,0,1)"
2017-08-11,-0.00033026578489070435,TLT,"ARIMA(1,0,1)"
2017-08-14,-0.0002814076036963328,TLT,"ARIMA(1,0,1)"
2017-08-15,-0.00032516112092524917,TLT,"ARIMA(1,0,1)"
2017-08-16,-0.0003067705643219615,TLT,"ARIMA(1,0,1)"
2017-08-17,-0.00028929473914900855,TLT,"ARIMA(1,0,1)"
2017-08-18,-0.00023787584532901989,TLT,"ARIMA(1,0,1)"
2017-08-21,-0.00028649766730573154,TLT,"ARIMA(1,0,1)"
2017-08-22,-0.0002435486327388944,TLT,"ARIMA(1,0,1)"
2017-08-23,-0.0003162636293998861,TLT,"ARIMA(1,0,1)"
2017-08-24,-0.0002847839289944961,TLT,"ARIMA(1,0,1)"
2017-08-25,-0.0003034464095697124,TLT,"ARIMA(1,0,1)"
2017-08-28,-0.000229140189102686,TLT,"ARIMA(1,0,1)"
2017-08-29,-0.00023642167532838428,TLT,"ARIMA(1,0,1)"
2017-08-30,-0.00025297073361445275,TLT,"ARIMA(1,0,1)"
2017-08-31,-0.00026359427238940885,TLT,"ARIMA(1,0,1)"
2017-09-01,-0.00021407589734132216,TLT,"ARIMA(1,0,1)"
2017-09-05,-0.00037559573649517924,TLT,"ARIMA(1,0,1)"
2017-09-06,-0.000150313635658097,TLT,"ARIMA(1,0,1)"
2017-09-07,-6.96015549714222e-05,TLT,"ARIMA(1,0,1)"
2017-09-08,-0.000535252718764707,TLT,"ARIMA(1,0,1)"
2017-09-11,4.377301530810292e-06,TLT,"ARIMA(1,0,1)"
2017-09-12,3.6721347836682176e-05,TLT,"ARIMA(1,0,1)"
2017-09-13,-0.00013940504286347156,TLT,"ARIMA(1,0,1)"
2017-09-14,-0.00010076290800066298,TLT,"ARIMA(1,0,1)"
2017-09-15,-0.00018818385024020834,TLT,"ARIMA(1,0,1)"
2017-09-18,-9.943918501347425e-05,TLT,"ARIMA(1,0,1)"
2017-09-19,-9.898304618509107e-05,TLT,"ARIMA(1,0,1)"
2017-09-20,-0.00015259292596461662,TLT,"ARIMA(1,0,1)"
2017-09-21,-0.00018886774670400717,TLT,"ARIMA(1,0,1)"
2017-09-22,-0.00019435573060056817,TLT,"ARIMA(1,0,1)"
2017-09-25,-0.00029702211258959593,TLT,"ARIMA(1,0,1)"
2017-09-26,-0.0002776626139276488,TLT,"ARIMA(1,0,1)"
2017-09-27,-0.00016341843180854722,TLT,"ARIMA(1,0,1)"
2017-09-28,-0.00014708360099245367,TLT,"ARIMA(1,0,1)"
2017-09-29,-0.00037574856098447114,TLT,"ARIMA(1,0,1)"
2017-10-02,-0.0003342744544687139,TLT,"ARIMA(1,0,1)"
2017-10-03,-0.00026741096305006503,TLT,"ARIMA(1,0,1)"
2017-10-04,-0.00032353384222869307,TLT,"ARIMA(1,0,1)"
2017-10-05,-0.00021362226225423358,TLT,"ARIMA(1,0,1)"
2017-10-06,-0.00016072389803144018,TLT,"ARIMA(1,0,1)"
2017-10-09,-0.0002103265011303578,TLT,"ARIMA(1,0,1)"
2017-10-10,-0.00029154342335484305,TLT,"ARIMA(1,0,1)"
2017-10-11,-0.00015610025652629326,TLT,"ARIMA(1,0,1)"
2017-10-12,-0.00021349857380170202,TLT,"ARIMA(1,0,1)"
2017-10-13,-0.0001751393022248673,TLT,"ARIMA(1,0,1)"
2017-10-16,-0.00019217908356557333,TLT,"ARIMA(1,0,1)"
2017-10-17,-3.9707894757244483e-05,TLT,"ARIMA(1,0,1)"
2017-10-18,-0.00014393590460602435,TLT,"ARIMA(1,0,1)"
2017-10-19,-3.601484591344656e-05,TLT,"ARIMA(1,0,1)"
2017-10-20,-0.00023501950501039257,TLT,"ARIMA(1,0,1)"
2017-10-23,6.349755356305746e-06,TLT,"ARIMA(1,0,1)"
2017-10-24,-0.00032924847902152956,TLT,"ARIMA(1,0,1)"
2017-10-25,0.001022243425569869,TLT,"ARIMA(1,0,1)"
2017-10-26,-0.0003015431065955743,TLT,"ARIMA(1,0,1)"
2017-10-27,-0.0001132571202746644,TLT,"ARIMA(1,0,1)"
2017-10-30,-0.00031627645369729544,TLT,"ARIMA(1,0,1)"
2017-10-31,-0.00011919553559453298,TLT,"ARIMA(1,0,1)"
2017-11-01,-9.885821182458868e-05,TLT,"ARIMA(1,0,1)"
2017-11-02,-0.00011599867173752709,TLT,"ARIMA(1,0,1)"
2017-11-03,-8.897397610719997e-05,TLT,"ARIMA(1,0,1)"
2017-11-06,-0.00013219107822528284,TLT,"ARIMA(1,0,1)"
2017-11-07,-0.00013540601297552706,TLT,"ARIMA(1,0,1)"
2017-11-08,-9.775378586626984e-05,TLT,"ARIMA(1,0,1)"
2017-11-09,0.00029300274941079595,TLT,"ARIMA(1,0,1)"
2017-11-10,0.00032346015675043053,TLT,"ARIMA(1,0,1)"
2017-11-13,0.0014548787698087802,TLT,"ARIMA(1,0,1)"
2017-11-14,-0.0006407463091364231,TLT,"ARIMA(1,0,1)"
2017-11-15,-1.5306567809182924e-05,TLT,"ARIMA(1,0,1)"
2017-11-16,-0.0007593053457128304,TLT,"ARIMA(1,0,1)"
2017-11-17,0.0014763365953707505,TLT,"ARIMA(1,0,1)"
2017-11-20,-0.0012522838571911036,TLT,"ARIMA(1,0,1)"
2017-11-21,0.00127306210181579,TLT,"ARIMA(1,0,1)"
2017-11-22,-0.0006625852398763558,TLT,"ARIMA(1,0,1)"
2017-11-24,0.000690576436954305,TLT,"ARIMA(1,0,1)"
2017-11-27,0.0003940407220481462,TLT,"ARIMA(1,0,1)"
2017-11-28,0.000504082736369475,TLT,"ARIMA(1,0,1)"
2017-11-29,-4.331279410853077e-05,TLT,"ARIMA(1,0,1)"
2017-11-30,0.0013680942534158005,TLT,"ARIMA(1,0,1)"
2017-12-01,-0.00018183648399617945,TLT,"ARIMA(1,0,1)"
2017-12-04,-0.0007615795309617247,TLT,"ARIMA(1,0,1)"
2017-12-05,0.000984846733360309,TLT,"ARIMA(1,0,1)"
2017-12-06,-0.0004574387817698752,TLT,"ARIMA(1,0,1)"
2017-12-07,0.000708704402137026,TLT,"ARIMA(1,0,1)"
2017-12-08,0.0009252005864415987,TLT,"ARIMA(1,0,1)"
2017-12-11,-4.8469349779786826e-05,TLT,"ARIMA(1,0,1)"
2017-12-12,0.0009131107131139379,TLT,"ARIMA(1,0,1)"
2017-12-13,5.982493143334911e-05,TLT,"ARIMA(1,0,1)"
2017-12-14,-6.726265219623312e-06,TLT,"ARIMA(1,0,1)"
2017-12-15,0.00043508413421170135,TLT,"ARIMA(1,0,1)"
2017-12-18,0.00020333262628746478,TLT,"ARIMA(1,0,1)"
2017-12-19,0.0014282928230442125,TLT,"ARIMA(1,0,1)"
2017-12-20,0.000527111059664782,TLT,"ARIMA(1,0,1)"
2017-12-21,0.00030544394304017397,TLT,"ARIMA(1,0,1)"
2017-12-22,0.0003113233379865596,TLT,"ARIMA(1,0,1)"
2017-12-26,0.00032403968966518106,TLT,"ARIMA(1,0,1)"
2017-12-27,0.0003277342542981341,TLT,"ARIMA(1,0,1)"
2017-12-28,0.00039168718764700947,TLT,"ARIMA(1,0,1)"
2017-12-29,0.00035936355130990763,TLT,"ARIMA(1,0,1)"
2018-01-02,0.000350861298345607,TLT,"ARIMA(1,0,1)"
2018-01-03,0.00030176430257514836,TLT,"ARIMA(1,0,1)"
2018-01-04,0.00030431922689173587,TLT,"ARIMA(1,0,1)"
2018-01-05,0.0002880624347289872,TLT,"ARIMA(1,0,1)"
2018-01-08,0.00021601581393153384,TLT,"ARIMA(1,0,1)"
2018-01-09,0.00024949263975609595,TLT,"ARIMA(1,0,1)"
2018-01-10,0.00016174619998929318,TLT,"ARIMA(1,0,1)"
2018-01-11,0.00016275868835671932,TLT,"ARIMA(1,0,1)"
2018-01-12,0.0001646017074266104,TLT,"ARIMA(1,0,1)"
2018-01-16,0.00018002081313881266,TLT,"ARIMA(1,0,1)"
2018-01-17,0.0002154955466376085,TLT,"ARIMA(1,0,1)"
2018-01-18,0.00016880696291629964,TLT,"ARIMA(1,0,1)"
2018-01-19,0.00018339942094142657,TLT,"ARIMA(1,0,1)"
2018-01-22,0.00018931250724134395,TLT,"ARIMA(1,0,1)"
2018-01-23,0.00020108147857412505,TLT,"ARIMA(1,0,1)"
2018-01-24,0.00017867493789397644,TLT,"ARIMA(1,0,1)"
2018-01-25,0.00018444865911595025,TLT,"ARIMA(1,0,1)"
2018-01-26,0.0002680842513564992,TLT,"ARIMA(1,0,1)"
2018-01-29,0.00023996771638637213,TLT,"ARIMA(1,0,1)"
2018-01-30,0.0001980270318447124,TLT,"ARIMA(1,0,1)"
2018-01-31,0.00018663326738273085,TLT,"ARIMA(1,0,1)"
2018-02-01,0.00018242620688428362,TLT,"ARIMA(1,0,1)"
2018-02-02,0.0001491341295246597,TLT,"ARIMA(1,0,1)"
2018-02-05,0.0001127260061394973,TLT,"ARIMA(1,0,1)"
2018-02-06,0.00015158661784814712,TLT,"ARIMA(1,0,1)"
2018-02-07,0.00010299701780492393,TLT,"ARIMA(1,0,1)"
2018-02-08,3.611028465377277e-05,TLT,"ARIMA(1,0,1)"
2018-02-09,-2.0761213240628375e-05,TLT,"ARIMA(1,0,1)"
2018-02-12,2.7579694061370837e-06,TLT,"ARIMA(1,0,1)"
2018-02-13,1.9136549355629615e-05,TLT,"ARIMA(1,0,1)"
2018-02-14,4.989237424631978e-05,TLT,"ARIMA(1,0,1)"
2018-02-15,3.7253049194682627e-05,TLT,"ARIMA(1,0,1)"
2018-02-16,3.591799656804753e-05,TLT,"ARIMA(1,0,1)"
2018-02-20,-5.924883115287809e-05,TLT,"ARIMA(1,0,1)"
2018-02-21,0.00032837147718165925,TLT,"ARIMA(1,0,1)"
2018-02-22,-4.8323553221830635e-05,TLT,"ARIMA(1,0,1)"
2018-02-23,-0.0003700360451717222,TLT,"ARIMA(1,0,1)"
2018-02-26,-7.861496918166244e-06,TLT,"ARIMA(1,0,1)"
2018-02-27,9.997546987313861e-06,TLT,"ARIMA(1,0,1)"
2018-02-28,6.533756835486935e-05,TLT,"ARIMA(1,0,1)"
2018-03-01,-0.00026239822600847187,TLT,"ARIMA(1,0,1)"
2018-03-02,0.0001069607382921971,TLT,"ARIMA(1,0,1)"
2018-03-05,0.0004662876095774383,TLT,"ARIMA(1,0,1)"
2018-03-06,-2.5579548467902456e-05,TLT,"ARIMA(1,0,1)"
2018-03-07,3.875704447656862e-05,TLT,"ARIMA(1,0,1)"
2018-03-08,0.00014459135452506177,TLT,"ARIMA(1,0,1)"
2018-03-09,-0.0001095400088206896,TLT,"ARIMA(1,0,1)"
2018-03-12,0.000427353468785163,TLT,"ARIMA(1,0,1)"
2018-03-13,-0.0003140408692834949,TLT,"ARIMA(1,0,1)"
2018-03-14,0.00014106699649281824,TLT,"ARIMA(1,0,1)"
2018-03-15,-0.00024394068778409313,TLT,"ARIMA(1,0,1)"
2018-03-16,0.000592652133293307,TLT,"ARIMA(1,0,1)"
2018-03-19,0.0002466672718600177,TLT,"ARIMA(1,0,1)"
2018-03-20,0.00024362361479416964,TLT,"ARIMA(1,0,1)"
2018-03-21,0.0002372382197264873,TLT,"ARIMA(1,0,1)"
2018-03-22,-7.499159919279971e-06,TLT,"ARIMA(1,0,1)"
2018-03-23,-0.0003257176208243502,TLT,"ARIMA(1,0,1)"
2018-03-26,9.445135367287645e-05,TLT,"ARIMA(1,0,1)"
2018-03-27,0.00016421409586874335,TLT,"ARIMA(1,0,1)"
2018-03-28,-0.0002551042722573929,TLT,"ARIMA(1,0,1)"
2018-03-29,0.00011909860620442145,TLT,"ARIMA(1,0,1)"
2018-04-02,-0.00036208027820736587,TLT,"ARIMA(1,0,1)"
2018-04-03,0.00011777233092300944,TLT,"ARIMA(1,0,1)"
2018-04-04,0.00016847095150619224,TLT,"ARIMA(1,0,1)"
2018-04-05,6.491424216954684e-05,TLT,"ARIMA(1,0,1)"
2018-04-06,0.00020236639037114515,TLT,"ARIMA(1,0,1)"
2018-04-09,-0.00012484386239228234,TLT,"ARIMA(1,0,1)"
2018-04-10,-1.7717080017076983e-05,TLT,"ARIMA(1,0,1)"
2018-04-11,0.00015528566097986369,TLT,"ARIMA(1,0,1)"
2018-04-12,-2.215058301771673e-05,TLT,"ARIMA(1,0,1)"
2018-04-13,0.0002829730278382542,TLT,"ARIMA(1,0,1)"
2018-04-16,1.2395912717951788e-05,TLT,"ARIMA(1,0,1)"
2018-04-17,1.6729056599007272e-05,TLT,"ARIMA(1,0,1)"
2018-04-18,-0.0001748552152695454,TLT,"ARIMA(1,0,1)"
2018-04-19,0.00019650447601855667,TLT,"ARIMA(1,0,1)"
2018-04-20,0.0002434580782288194,TLT,"ARIMA(1,0,1)"
2018-04-23,0.00012314344865699348,TLT,"ARIMA(1,0,1)"
2018-04-24,-8.226309752543359e-05,TLT,"ARIMA(1,0,1)"
2018-04-25,-6.784684934198585e-05,TLT,"ARIMA(1,0,1)"
2018-04-26,-4.563752027312752e-05,TLT,"ARIMA(1,0,1)"
2018-04-27,-0.00019045247268692977,TLT,"ARIMA(1,0,1)"
2018-04-30,-8.011443402044588e-06,TLT,"ARIMA(1,0,1)"
2018-05-01,-1.2651095686346363e-05,TLT,"ARIMA(1,0,1)"
2018-05-02,8.994639387772742e-06,TLT,"ARIMA(1,0,1)"
2018-05-03,-1.5657772220460275e-05,TLT,"ARIMA(1,0,1)"
2018-05-04,-4.587650507464319e-07,TLT,"ARIMA(1,0,1)"
2018-05-07,2.5148519977813147e-05,TLT,"ARIMA(1,0,1)"
2018-05-08,1.5204353992051372e-05,TLT,"ARIMA(1,0,1)"
2018-05-09,3.538813136758559e-05,TLT,"ARIMA(1,0,1)"
2018-05-10,1.1906630808157693e-05,TLT,"ARIMA(1,0,1)"
2018-05-11,4.834215246610993e-05,TLT,"ARIMA(1,0,1)"
2018-05-14,5.457662596798172e-05,TLT,"ARIMA(1,0,1)"
2018-05-15,3.7175442042202254e-06,TLT,"ARIMA(1,0,1)"
2018-05-16,-3.091895998161701e-05,TLT,"ARIMA(1,0,1)"
2018-05-17,-6.08958945187261e-05,TLT,"ARIMA(1,0,1)"
2018-05-18,-0.00013829525225180777,TLT,"ARIMA(1,0,1)"
2018-05-21,-0.00010779712649072477,TLT,"ARIMA(1,0,1)"
2018-05-22,-0.00011511098919398836,TLT,"ARIMA(1,0,1)"
2018-05-23,-0.00011029603031976581,TLT,"ARIMA(1,0,1)"
2018-05-24,-5.508836650962728e-05,TLT,"ARIMA(1,0,1)"
2018-05-25,-4.288523793865282e-05,TLT,"ARIMA(1,0,1)"
2018-05-29,-2.1766493340684908e-05,TLT,"ARIMA(1,0,1)"
2018-05-30,0.000721266132558071,TLT,"ARIMA(1,0,1)"
2018-05-31,9.805002887658757e-06,TLT,"ARIMA(1,0,1)"
2018-06-01,-5.709135950888862e-06,TLT,"ARIMA(1,0,1)"
2018-06-04,-0.00013760579838327367,TLT,"ARIMA(1,0,1)"
2018-06-05,-0.00010225133067565196,TLT,"ARIMA(1,0,1)"
2018-06-06,-6.824838102679688e-05,TLT,"ARIMA(1,0,1)"
2018-06-07,-0.00021713858351392427,TLT,"ARIMA(1,0,1)"
2018-06-08,-6.492485949437232e-05,TLT,"ARIMA(1,0,1)"
2018-06-11,-0.0001027120146137006,TLT,"ARIMA(1,0,1)"
2018-06-12,-6.79328383851934e-05,TLT,"ARIMA(1,0,1)"
2018-06-13,-6.564890652447784e-05,TLT,"ARIMA(1,0,1)"
2018-06-14,-8.150078915405372e-05,TLT,"ARIMA(1,0,1)"
2018-06-15,-9.586617439617843e-05,TLT,"ARIMA(1,0,1)"
2018-06-18,-8.594974988078659e-05,TLT,"ARIMA(1,0,1)"
2018-06-19,-9.740461262102175e-05,TLT,"ARIMA(1,0,1)"
2018-06-20,-6.872845142866051e-05,TLT,"ARIMA(1,0,1)"
2018-06-21,-0.00013906565546556717,TLT,"ARIMA(1,0,1)"
2018-06-22,-0.00012679120795514444,TLT,"ARIMA(1,0,1)"
2018-06-25,-0.00013579881709657675,TLT,"ARIMA(1,0,1)"
2018-06-26,-0.00012505619433537428,TLT,"ARIMA(1,0,1)"
2018-06-27,-0.00013431126750706578,TLT,"ARIMA(1,0,1)"
2018-06-28,-5.485939924711249e-05,TLT,"ARIMA(1,0,1)"
2018-06-29,-4.097372242410858e-05,TLT,"ARIMA(1,0,1)"
2018-07-02,-2.1006869333185294e-05,TLT,"ARIMA(1,0,1)"
2018-07-03,-1.45768492238224e-05,TLT,"ARIMA(1,0,1)"
2018-07-05,1.9374667827515796e-05,TLT,"ARIMA(1,0,1)"
2018-07-06,2.9798757671924927e-05,TLT,"ARIMA(1,0,1)"
2018-07-09,7.542812012947417e-05,TLT,"ARIMA(1,0,1)"
2018-07-10,7.378195761596923e-05,TLT,"ARIMA(1,0,1)"
2018-07-11,6.763282978367244e-05,TLT,"ARIMA(1,0,1)"
2018-07-12,7.621408433255883e-05,TLT,"ARIMA(1,0,1)"
2018-07-13,4.8691499257740386e-05,TLT,"ARIMA(1,0,1)"
2018-07-16,8.323229030122428e-05,TLT,"ARIMA(1,0,1)"
2018-07-17,6.221899470049881e-05,TLT,"ARIMA(1,0,1)"
2018-07-18,4.3985498332665673e-05,TLT,"ARIMA(1,0,1)"
2018-07-19,-6.718263298066804e-06,TLT,"ARIMA(1,0,1)"
2018-07-20,1.5984617675657693e-05,TLT,"ARIMA(1,0,1)"
2018-07-23,-4.33584024399131e-05,TLT,"ARIMA(1,0,1)"
2018-07-24,-0.00010972704576355371,TLT,"ARIMA(1,0,1)"
2018-07-25,-8.085511040128716e-05,TLT,"ARIMA(1,0,1)"
2018-07-26,-3.191288579449103e-05,TLT,"ARIMA(1,0,1)"
2018-07-27,-4.949018663353321e-05,TLT,"ARIMA(1,0,1)"
2018-07-30,-2.5121857609873913e-05,TLT,"ARIMA(1,0,1)"
2018-07-31,-5.9472248354645764e-05,TLT,"ARIMA(1,0,1)"
2018-08-01,-4.2754377259115736e-05,TLT,"ARIMA(1,0,1)"
2018-08-02,-0.00010286948908498315,TLT,"ARIMA(1,0,1)"
2018-08-03,-9.941192298008296e-05,TLT,"ARIMA(1,0,1)"
2018-08-06,-0.00012071144395788259,TLT,"ARIMA(1,0,1)"
2018-08-07,-8.6077789030445e-05,TLT,"ARIMA(1,0,1)"
2018-08-08,-0.00011137981387827857,TLT,"ARIMA(1,0,1)"
2018-08-09,-9.1921201127607e-05,TLT,"ARIMA(1,0,1)"
2018-08-10,-7.980954829326365e-05,TLT,"ARIMA(1,0,1)"
2018-08-13,-8.417223073890199e-05,TLT,"ARIMA(1,0,1)"
2018-08-14,-9.711530895421746e-05,TLT,"ARIMA(1,0,1)"
2018-08-15,-8.1153295296571e-05,TLT,"ARIMA(1,0,1)"
2018-08-16,-4.2917807834996585e-05,TLT,"ARIMA(1,0,1)"
2018-08-17,-5.7769423283133305e-05,TLT,"ARIMA(1,0,1)"
2018-08-20,-8.240725707290294e-05,TLT,"ARIMA(1,0,1)"
2018-08-21,-5.497759403893032e-05,TLT,"ARIMA(1,0,1)"
2018-08-22,-7.808415792303228e-05,TLT,"ARIMA(1,0,1)"
2018-08-23,-4.7093791722634865e-05,TLT,"ARIMA(1,0,1)"
2018-08-24,-6.781689997815612e-05,TLT,"ARIMA(1,0,1)"
2018-08-27,-4.532881466966713e-05,TLT,"ARIMA(1,0,1)"
2018-08-28,-8.340978633414451e-05,TLT,"ARIMA(1,0,1)"
2018-08-29,-0.021551704749001102,TLT,"ARIMA(1,0,1)"
2018-08-30,-0.00010698636923745505,TLT,"ARIMA(1,0,1)"
2018-08-31,-7.892459995754288e-05,TLT,"ARIMA(1,0,1)"
2018-09-04,-0.00016726945715044516,TLT,"ARIMA(1,0,1)"
2018-09-05,-0.00033517013691119503,TLT,"ARIMA(1,0,1)"
2018-09-06,-0.00028858343550405,TLT,"ARIMA(1,0,1)"
2018-09-07,-1.5425929762728703e-05,TLT,"ARIMA(1,0,1)"
2018-09-10,-0.0004627190796480783,TLT,"ARIMA(1,0,1)"
2018-09-11,-0.0001443793558778554,TLT,"ARIMA(1,0,1)"
2018-09-12,-0.0003166630883976141,TLT,"ARIMA(1,0,1)"
2018-09-13,-0.00014540271843992107,TLT,"ARIMA(1,0,1)"
2018-09-14,-0.0001017984749529349,TLT,"ARIMA(1,0,1)"
2018-09-17,-0.00023043873491896628,TLT,"ARIMA(1,0,1)"
2018-09-18,-0.0001834007237218663,TLT,"ARIMA(1,0,1)"
2018-09-19,-0.0003468867107169342,TLT,"ARIMA(1,0,1)"
2018-09-20,-0.00037065106134986616,TLT,"ARIMA(1,0,1)"
2018-09-21,-0.0001313194493631993,TLT,"ARIMA(1,0,1)"
2018-09-24,-0.00017806141429993613,TLT,"ARIMA(1,0,1)"
2018-09-25,-0.00024252820227687753,TLT,"ARIMA(1,0,1)"
2018-09-26,-0.00024970197885392593,TLT,"ARIMA(1,0,1)"
2018-09-27,-0.0001264099705217445,TLT,"ARIMA(1,0,1)"
2018-09-28,-0.00010457290487542531,TLT,"ARIMA(1,0,1)"
2018-10-01,-0.0001581570388150755,TLT,"ARIMA(1,0,1)"
2018-10-02,-0.0002809678923954187,TLT,"ARIMA(1,0,1)"
2018-10-03,-0.00011777458047775591,TLT,"ARIMA(1,0,1)"
2018-10-04,-0.00011395543460608756,TLT,"ARIMA(1,0,1)"
2018-10-05,-0.0003612243127751262,TLT,"ARIMA(1,0,1)"
2018-10-08,-0.00045420240612178335,TLT,"ARIMA(1,0,1)"
2018-10-09,-0.0003392814913767314,TLT,"ARIMA(1,0,1)"
2018-10-10,-0.00013689862386890471,TLT,"ARIMA(1,0,1)"
2018-10-11,-0.0002548129402819062,TLT,"ARIMA(1,0,1)"
2018-10-12,-0.00021603551404628294,TLT,"ARIMA(1,0,1)"
2018-10-15,-0.0002467234240013101,TLT,"ARIMA(1,0,1)"
2018-10-16,-0.00027693253121415597,TLT,"ARIMA(1,0,1)"
2018-10-17,-0.0002938352685091179,TLT,"ARIMA(1,0,1)"
2018-10-18,-0.00030752151751183953,TLT,"ARIMA(1,0,1)"
2018-10-19,-0.00028215974822686483,TLT,"ARIMA(1,0,1)"
2018-10-22,-0.00030381441132987187,TLT,"ARIMA(1,0,1)"
2018-10-23,-0.0002556604577613753,TLT,"ARIMA(1,0,1)"
2018-10-24,-0.00024005562656194784,TLT,"ARIMA(1,0,1)"
2018-10-25,-0.00013355095996477515,TLT,"ARIMA(1,0,1)"
2018-10-26,-0.00018036502737090091,TLT,"ARIMA(1,0,1)"
2018-10-29,-0.00020766947909497556,TLT,"ARIMA(1,0,1)"
2018-10-30,-0.00021854307869163638,TLT,"ARIMA(1,0,1)"
2018-10-31,-0.0002231463531540563,TLT,"ARIMA(1,0,1)"
2018-11-01,-0.00020372506364226738,TLT,"ARIMA(1,0,1)"
2018-11-02,-0.00021456780842494253,TLT,"ARIMA(1,0,1)"
2018-11-05,-6.653777885392187e-06,TLT,"ARIMA(1,0,1)"
2018-11-06,0.0002072331609882815,TLT,"ARIMA(1,0,1)"
2018-11-07,0.0001665102907826662,TLT,"ARIMA(1,0,1)"
2018-11-08,4.24470250653995e-05,TLT,"ARIMA(1,0,1)"
2018-11-09,-0.00025798678063674213,TLT,"ARIMA(1,0,1)"
2018-11-12,-0.0004742546703400115,TLT,"ARIMA(1,0,1)"
2018-11-13,-0.0005239956318760476,TLT,"ARIMA(1,0,1)"
2018-11-14,-0.00030748435768800645,TLT,"ARIMA(1,0,1)"
2018-11-15,-0.0003329220424508938,TLT,"ARIMA(1,0,1)"
2018-11-16,-0.00031557697614223863,TLT,"ARIMA(1,0,1)"
2018-11-19,-0.0003034346114792403,TLT,"ARIMA(1,0,1)"
2018-11-20,-0.0003084807591356325,TLT,"ARIMA(1,0,1)"
2018-11-21,-0.00028346899246852776,TLT,"ARIMA(1,0,1)"
2018-11-23,-0.000287091026191763,TLT,"ARIMA(1,0,1)"
2018-11-26,-0.00030136236214433915,TLT,"ARIMA(1,0,1)"
2018-11-27,-0.0002837290705430849,TLT,"ARIMA(1,0,1)"
2018-11-28,-0.00028788654590689006,TLT,"ARIMA(1,0,1)"
2018-11-29,-0.00028562644074824165,TLT,"ARIMA(1,0,1)"
2018-11-30,-0.00029141551907029825,TLT,"ARIMA(1,0,1)"
2018-12-03,-0.0002587983415386183,TLT,"ARIMA(1,0,1)"
2018-12-04,-0.00032222859033212496,TLT,"ARIMA(1,0,1)"
2018-12-06,5.6400730246904736e-05,TLT,"ARIMA(1,0,1)"
2018-12-07,-0.00019261503057130058,TLT,"ARIMA(1,0,1)"
2018-12-10,-0.0001452898460153381,TLT,"ARIMA(1,0,1)"
2018-12-11,-7.915728874004289e-05,TLT,"ARIMA(1,0,1)"
2018-12-12,-0.00017369649115520417,TLT,"ARIMA(1,0,1)"
2018-12-13,-0.00022818812259916182,TLT,"ARIMA(1,0,1)"
2018-12-14,-0.00017051899879740306,TLT,"ARIMA(1,0,1)"
2018-12-17,-0.00010835301328428887,TLT,"ARIMA(1,0,1)"
2018-12-18,-0.00013602647809540756,TLT,"ARIMA(1,0,1)"
2018-12-19,-0.0001690714962548159,TLT,"ARIMA(1,0,1)"
2018-12-20,-8.060497803774244e-05,TLT,"ARIMA(1,0,1)"
2018-12-21,6.142467599230884e-06,TLT,"ARIMA(1,0,1)"
2018-12-24,1.279789351929186e-06,TLT,"ARIMA(1,0,1)"
2018-12-26,-2.683951535342501e-06,TLT,"ARIMA(1,0,1)"
2018-12-27,-5.078702069896098e-05,TLT,"ARIMA(1,0,1)"
2018-12-28,-6.160403708240431e-05,TLT,"ARIMA(1,0,1)"
2018-12-31,-7.948348668118232e-05,TLT,"ARIMA(1,0,1)"
2019-01-02,-6.27645051024192e-05,TLT,"ARIMA(1,0,1)"
2019-01-03,-4.6419689702023145e-05,TLT,"ARIMA(1,0,1)"
2019-01-04,4.211038573370523e-05,TLT,"ARIMA(1,0,1)"
2019-01-07,-2.3526761819903413e-05,TLT,"ARIMA(1,0,1)"
2019-01-08,-3.460636671771144e-05,TLT,"ARIMA(1,0,1)"
2019-01-09,-3.3680560990860444e-05,TLT,"ARIMA(1,0,1)"
2019-01-10,-3.73336244478708e-05,TLT,"ARIMA(1,0,1)"
2019-01-11,-9.090706025599676e-06,TLT,"ARIMA(1,0,1)"
2019-01-14,1.1164668218228346e-05,TLT,"ARIMA(1,0,1)"
2019-01-15,-1.7688544988338242e-05,TLT,"ARIMA(1,0,1)"
2019-01-16,-4.168443279836139e-05,TLT,"ARIMA(1,0,1)"
2019-01-17,-5.147735307758302e-05,TLT,"ARIMA(1,0,1)"
2019-01-18,-4.8162930698588426e-05,TLT,"ARIMA(1,0,1)"
2019-01-22,-3.115361631059936e-05,TLT,"ARIMA(1,0,1)"
2019-01-23,1.6591438198560544e-05,TLT,"ARIMA(1,0,1)"
2019-01-24,1.289086216139878e-05,TLT,"ARIMA(1,0,1)"
2019-01-25,1.889207246386736e-05,TLT,"ARIMA(1,0,1)"
2019-01-28,2.1780217488577198e-05,TLT,"ARIMA(1,0,1)"
2019-01-29,-1.1703796995017078e-05,TLT,"ARIMA(1,0,1)"
2019-01-30,1.9366016422760894e-05,TLT,"ARIMA(1,0,1)"
2019-01-31,4.4105299728264606e-05,TLT,"ARIMA(1,0,1)"
2019-02-01,0.00010137386132063303,TLT,"ARIMA(1,0,1)"
2019-02-04,0.00016466663983974808,TLT,"ARIMA(1,0,1)"
2019-02-05,9.425399492438738e-05,TLT,"ARIMA(1,0,1)"
2019-02-06,0.0001504124255627425,TLT,"ARIMA(1,0,1)"
2019-02-07,9.547432722211296e-05,TLT,"ARIMA(1,0,1)"
2019-02-08,8.627349161363261e-05,TLT,"ARIMA(1,0,1)"
2019-02-11,0.00016922253293688008,TLT,"ARIMA(1,0,1)"
2019-02-12,0.00020702168653025031,TLT,"ARIMA(1,0,1)"
2019-02-13,0.00022752877438566844,TLT,"ARIMA(1,0,1)"
2019-02-14,0.0001671038968589211,TLT,"ARIMA(1,0,1)"
2019-02-15,0.0001955264540644306,TLT,"ARIMA(1,0,1)"
2019-02-19,0.0002474772357735895,TLT,"ARIMA(1,0,1)"
2019-02-20,0.00023467944847086744,TLT,"ARIMA(1,0,1)"
2019-02-21,0.00020851993888778365,TLT,"ARIMA(1,0,1)"
2019-02-22,0.00018548365971092723,TLT,"ARIMA(1,0,1)"
2019-02-25,0.00022685065543343025,TLT,"ARIMA(1,0,1)"
2019-02-26,0.00027599738338317264,TLT,"ARIMA(1,0,1)"
2019-02-27,0.00017007476980827836,TLT,"ARIMA(1,0,1)"
2019-02-28,0.000508433418555112,TLT,"ARIMA(1,0,1)"
2019-03-01,0.0001258426811245148,TLT,"ARIMA(1,0,1)"
2019-03-04,0.0001706161801871758,TLT,"ARIMA(1,0,1)"
2019-03-05,-9.978698741548485e-05,TLT,"ARIMA(1,0,1)"
2019-03-06,0.00025628532157882117,TLT,"ARIMA(1,0,1)"
2019-03-07,9.524952533370118e-05,TLT,"ARIMA(1,0,1)"
2019-03-08,0.0001973119417432537,TLT,"ARIMA(1,0,1)"
2019-03-11,0.00023221666148566685,TLT,"ARIMA(1,0,1)"
2019-03-12,0.00018656806161167891,TLT,"ARIMA(1,0,1)"
2019-03-13,0.00018002623592976695,TLT,"ARIMA(1,0,1)"
2019-03-14,0.0002686371091460832,TLT,"ARIMA(1,0,1)"
2019-03-15,0.00020584785718096938,TLT,"ARIMA(1,0,1)"
2019-03-18,2.2353878865108342e-05,TLT,"ARIMA(1,0,1)"
2019-03-19,0.00021397849470533323,TLT,"ARIMA(1,0,1)"
2019-03-20,0.00018238584102010422,TLT,"ARIMA(1,0,1)"
2019-03-21,-2.615245862176306e-05,TLT,"ARIMA(1,0,1)"
2019-03-22,0.0002297336139331743,TLT,"ARIMA(1,0,1)"
2019-03-25,6.069644335523496e-05,TLT,"ARIMA(1,0,1)"
2019-03-26,0.0002745819223117664,TLT,"ARIMA(1,0,1)"
2019-03-27,0.0002652258418205213,TLT,"ARIMA(1,0,1)"
2019-03-28,0.00019219695151881998,TLT,"ARIMA(1,0,1)"
2019-03-29,0.0002468356836549373,TLT,"ARIMA(1,0,1)"
2019-04-01,0.0002816196286028916,TLT,"ARIMA(1,0,1)"
2019-04-02,0.0003284602740959629,TLT,"ARIMA(1,0,1)"
2019-04-03,0.0001445668303011035,TLT,"ARIMA(1,0,1)"
2019-04-04,0.000245946619698815,TLT,"ARIMA(1,0,1)"
2019-04-05,0.00017686361518436035,TLT,"ARIMA(1,0,1)"
2019-04-08,0.00023655309401634297,TLT,"ARIMA(1,0,1)"
2019-04-09,0.00022445384075597702,TLT,"ARIMA(1,0,1)"
2019-04-10,0.0001660919485007985,TLT,"ARIMA(1,0,1)"
2019-04-11,0.00019510648388061219,TLT,"ARIMA(1,0,1)"
2019-04-12,0.00022023357783143064,TLT,"ARIMA(1,0,1)"
2019-04-15,0.0001967721880550407,TLT,"ARIMA(1,0,1)"
2019-04-16,0.00017022201675319718,TLT,"ARIMA(1,0,1)"
2019-04-17,0.00023109716515401128,TLT,"ARIMA(1,0,1)"
2019-04-18,0.00014647594865524905,TLT,"ARIMA(1,0,1)"
2019-04-22,8.684861521604715e-05,TLT,"ARIMA(1,0,1)"
2019-04-23,0.0003203699292379133,TLT,"ARIMA(1,0,1)"
2019-04-24,0.0001778288760319291,TLT,"ARIMA(1,0,1)"
2019-04-25,0.00011203026981634754,TLT,"ARIMA(1,0,1)"
2019-04-26,0.00032257313402929845,TLT,"ARIMA(1,0,1)"
2019-04-29,0.0002304699985466625,TLT,"ARIMA(1,0,1)"
2019-04-30,0.000494389180447999,TLT,"ARIMA(1,0,1)"
2019-05-01,6.638588533217272e-05,TLT,"ARIMA(1,0,1)"
2019-05-02,0.00014786440235135863,TLT,"ARIMA(1,0,1)"
2019-05-03,0.0004564142273654685,TLT,"ARIMA(1,0,1)"
2019-05-06,0.0001785149895705459,TLT,"ARIMA(1,0,1)"
2019-05-07,0.00017848659116111553,TLT,"ARIMA(1,0,1)"
2019-05-08,2.78417028954599e-05,TLT,"ARIMA(1,0,1)"
2019-05-09,0.00046174698082629894,TLT,"ARIMA(1,0,1)"
2019-05-10,0.00016078193494558808,TLT,"ARIMA(1,0,1)"
2019-05-13,0.0004040025184637134,TLT,"ARIMA(1,0,1)"
2019-05-14,-4.131057589322289e-05,TLT,"ARIMA(1,0,1)"
2019-05-15,0.0005174386486320043,TLT,"ARIMA(1,0,1)"
2019-05-16,-4.1872113278638295e-05,TLT,"ARIMA(1,0,1)"
2019-05-17,0.00065452963355901,TLT,"ARIMA(1,0,1)"
2019-05-20,0.00027098842978656707,TLT,"ARIMA(1,0,1)"
2019-05-21,0.0005862510780005078,TLT,"ARIMA(1,0,1)"
2019-05-22,0.00046646310697454003,TLT,"ARIMA(1,0,1)"
2019-05-23,3.0210472022969834e-05,TLT,"ARIMA(1,0,1)"
2019-05-24,-0.00020513540959432456,TLT,"ARIMA(1,0,1)"
2019-05-28,0.0005504010074146993,TLT,"ARIMA(1,0,1)"
2019-05-29,-4.269194044509417e-05,TLT,"ARIMA(1,0,1)"
2019-05-30,0.00033156342747217826,TLT,"ARIMA(1,0,1)"
2019-05-31,-0.00016467345982362167,TLT,"ARIMA(1,0,1)"
2019-06-03,-0.00029419392435515095,TLT,"ARIMA(1,0,1)"
2019-06-04,0.00013076768427979911,TLT,"ARIMA(1,0,1)"
2019-06-05,0.0010626649492641014,TLT,"ARIMA(1,0,1)"
2019-06-06,0.0006117404998881735,TLT,"ARIMA(1,0,1)"
2019-06-07,0.00037217229494202153,TLT,"ARIMA(1,0,1)"
2019-06-10,0.00030660544580246054,TLT,"ARIMA(1,0,1)"
2019-06-11,0.0008416423232506506,TLT,"ARIMA(1,0,1)"
2019-06-12,0.0004044472471899078,TLT,"ARIMA(1,0,1)"
2019-06-13,0.0004579984879067454,TLT,"ARIMA(1,0,1)"
2019-06-14,0.00036984594426536045,TLT,"ARIMA(1,0,1)"
2019-06-17,0.00043033825003188024,TLT,"ARIMA(1,0,1)"
2019-06-18,0.00042908839354185925,TLT,"ARIMA(1,0,1)"
2019-06-19,0.0003630638026187359,TLT,"ARIMA(1,0,1)"
2019-06-20,0.00047597028424609545,TLT,"ARIMA(1,0,1)"
2019-06-21,0.00043045260417947794,TLT,"ARIMA(1,0,1)"
2019-06-24,0.0007503763127075171,TLT,"ARIMA(1,0,1)"
2019-06-25,0.0001729305712088475,TLT,"ARIMA(1,0,1)"
2019-06-26,0.0004400337254730938,TLT,"ARIMA(1,0,1)"
2019-06-27,0.0007037193777840202,TLT,"ARIMA(1,0,1)"
2019-06-28,0.00018497270584116643,TLT,"ARIMA(1,0,1)"
2019-07-01,0.0004938559253197935,TLT,"ARIMA(1,0,1)"
2019-07-02,0.0005411958046508743,TLT,"ARIMA(1,0,1)"
2019-07-03,0.00014377165470891567,TLT,"ARIMA(1,0,1)"
2019-07-05,0.00019855639916660435,TLT,"ARIMA(1,0,1)"
2019-07-08,0.0011023144451037653,TLT,"ARIMA(1,0,1)"
2019-07-09,0.0004290116017863821,TLT,"ARIMA(1,0,1)"
2019-07-10,0.00044756979017658555,TLT,"ARIMA(1,0,1)"
2019-07-11,0.0007197141470066232,TLT,"ARIMA(1,0,1)"
2019-07-12,0.0009956990197781054,TLT,"ARIMA(1,0,1)"
2019-07-15,0.0004995314776876827,TLT,"ARIMA(1,0,1)"
2019-07-16,0.00019004746378114374,TLT,"ARIMA(1,0,1)"
2019-07-17,0.0004391966373368193,TLT,"ARIMA(1,0,1)"
2019-07-18,-3.0073156771988005e-05,TLT,"ARIMA(1,0,1)"
2019-07-19,0.00031728045849414724,TLT,"ARIMA(1,0,1)"
2019-07-22,0.0005436049145071879,TLT,"ARIMA(1,0,1)"
2019-07-23,0.0003275516837506071,TLT,"ARIMA(1,0,1)"
2019-07-24,0.0007418826628317165,TLT,"ARIMA(1,0,1)"
2019-07-25,0.00028072970856324146,TLT,"ARIMA(1,0,1)"
2019-07-26,0.000779501684323349,TLT,"ARIMA(1,0,1)"
2019-07-29,0.0003570721206148379,TLT,"ARIMA(1,0,1)"
2019-07-30,0.0005056490291885498,TLT,"ARIMA(1,0,1)"
2019-07-31,0.00039508886293635387,TLT,"ARIMA(1,0,1)"
2019-08-01,0.0001667408458976854,TLT,"ARIMA(1,0,1)"
2019-08-02,-7.569685067292423e-05,TLT,"ARIMA(1,0,1)"
2019-08-05,0.00039818874011254336,TLT,"ARIMA(1,0,1)"
2019-08-06,0.0007874224194636656,TLT,"ARIMA(1,0,1)"
2019-08-07,0.0011315876968944275,TLT,"ARIMA(1,0,1)"
2019-08-08,0.0010209042935349004,TLT,"ARIMA(1,0,1)"
2019-08-09,0.0008307826836786049,TLT,"ARIMA(1,0,1)"
2019-08-12,0.0008146636402389846,TLT,"ARIMA(1,0,1)"
2019-08-13,0.0007444079448371102,TLT,"ARIMA(1,0,1)"
2019-08-14,0.0006905413996520311,TLT,"ARIMA(1,0,1)"
2019-08-15,0.00048085177808369873,TLT,"ARIMA(1,0,1)"
2019-08-16,0.0008423550342795641,TLT,"ARIMA(1,0,1)"
2019-08-19,0.0007367220680198569,TLT,"ARIMA(1,0,1)"
2019-08-20,0.0006356701655015672,TLT,"ARIMA(1,0,1)"
2019-08-21,0.0008347855897636702,TLT,"ARIMA(1,0,1)"
2019-08-22,0.0008256882838316129,TLT,"ARIMA(1,0,1)"
2019-08-23,0.0008082949650208361,TLT,"ARIMA(1,0,1)"
2019-08-26,0.0005124083665893188,TLT,"ARIMA(1,0,1)"
2019-08-27,0.0006225580712329795,TLT,"ARIMA(1,0,1)"
2019-08-28,0.0013800358920733262,TLT,"ARIMA(1,0,1)"
2019-08-29,0.0006167403954606696,TLT,"ARIMA(1,0,1)"
2019-08-30,0.0008776984831166063,TLT,"ARIMA(1,0,1)"
2019-09-03,0.0009012819029516961,TLT,"ARIMA(1,0,1)"
2019-09-04,0.0008707268497293685,TLT,"ARIMA(1,0,1)"
2019-09-05,0.0008744876132769515,TLT,"ARIMA(1,0,1)"
2019-09-06,0.0014386070480802951,TLT,"ARIMA(1,0,1)"
2019-09-09,0.0009591328683853229,TLT,"ARIMA(1,0,1)"
2019-09-10,0.0016705193433707126,TLT,"ARIMA(1,0,1)"
2019-09-11,-0.00023422091375056495,TLT,"ARIMA(1,0,1)"
2019-09-12,-0.00048384049187302346,TLT,"ARIMA(1,0,1)"
2019-09-13,-0.0007850165329836719,TLT,"ARIMA(1,0,1)"
2019-09-16,0.0006461163556095303,TLT,"ARIMA(1,0,1)"
2019-09-17,0.0006912645534210736,TLT,"ARIMA(1,0,1)"
2019-09-18,0.0007319238714303985,TLT,"ARIMA(1,0,1)"
2019-09-19,0.0007488023550281645,TLT,"ARIMA(1,0,1)"
2019-09-20,0.0008020271236391759,TLT,"ARIMA(1,0,1)"
2019-09-23,0.0008771561605469229,TLT,"ARIMA(1,0,1)"
2019-09-24,0.0008586418797062788,TLT,"ARIMA(1,0,1)"
2019-09-25,0.0006599371967001079,TLT,"ARIMA(1,0,1)"
2019-09-26,0.000983696676802871,TLT,"ARIMA(1,0,1)"
2019-09-27,0.0007844882701533585,TLT,"ARIMA(1,0,1)"
2019-09-30,0.0007040883686256471,TLT,"ARIMA(1,0,1)"
2019-10-01,0.0010295688193127357,TLT,"ARIMA(1,0,1)"
2019-10-02,0.001083259733853779,TLT,"ARIMA(1,0,1)"
2019-10-03,0.001117443310262355,TLT,"ARIMA(1,0,1)"
2019-10-04,0.0014784622194888137,TLT,"ARIMA(1,0,1)"
2019-10-07,0.0015834520341632186,TLT,"ARIMA(1,0,1)"
2019-10-08,0.0009887713019788207,TLT,"ARIMA(1,0,1)"
2019-10-09,0.001110033560763291,TLT,"ARIMA(1,0,1)"
2019-10-10,0.0013388891252641337,TLT,"ARIMA(1,0,1)"
2019-10-11,0.0013980008002968452,TLT,"ARIMA(1,0,1)"
2019-10-14,0.0009432390545693909,TLT,"ARIMA(1,0,1)"
2019-10-15,0.000923913127620313,TLT,"ARIMA(1,0,1)"
2019-10-16,0.001802136664887642,TLT,"ARIMA(1,0,1)"
2019-10-17,0.0015785889922490092,TLT,"ARIMA(1,0,1)"
2019-10-18,0.0013000647020110444,TLT,"ARIMA(1,0,1)"
2019-10-21,0.0020498786174219003,TLT,"ARIMA(1,0,1)"
2019-10-22,0.0021135071842221815,TLT,"ARIMA(1,0,1)"
2019-10-23,0.0018762583008609748,TLT,"ARIMA(1,0,1)"
2019-10-24,0.0016090842057614506,TLT,"ARIMA(1,0,1)"
2019-10-25,0.0017974853763331176,TLT,"ARIMA(1,0,1)"
2019-10-28,0.0013269255958483826,TLT,"ARIMA(1,0,1)"
2019-10-29,0.0021319102526222394,TLT,"ARIMA(1,0,1)"
2019-10-30,0.0013927828577021237,TLT,"ARIMA(1,0,1)"
2019-10-31,0.0017253348649093766,TLT,"ARIMA(1,0,1)"
2019-11-01,0.0011440099932331033,TLT,"ARIMA(1,0,1)"
2019-11-04,0.0009503541057132416,TLT,"ARIMA(1,0,1)"
2019-11-05,0.000894014203483768,TLT,"ARIMA(1,0,1)"
2019-11-06,0.0008992250763968607,TLT,"ARIMA(1,0,1)"
2019-11-07,0.0009076186003643832,TLT,"ARIMA(1,0,1)"
2019-11-08,0.0008398289465154524,TLT,"ARIMA(1,0,1)"
2019-11-11,0.0008151744147552941,TLT,"ARIMA(1,0,1)"
2019-11-12,0.0008180847724839964,TLT,"ARIMA(1,0,1)"
2019-11-13,0.0008072805928411243,TLT,"ARIMA(1,0,1)"
2019-11-14,0.0008070027616079575,TLT,"ARIMA(1,0,1)"
2019-11-15,0.0008506410143090086,TLT,"ARIMA(1,0,1)"
2019-11-18,0.0008434414940666497,TLT,"ARIMA(1,0,1)"
2019-11-19,0.0008523776412880405,TLT,"ARIMA(1,0,1)"
2019-11-20,0.0008624308270253068,TLT,"ARIMA(1,0,1)"
2019-11-21,0.0008927730750468106,TLT,"ARIMA(1,0,1)"
2019-11-22,0.0008665581175453111,TLT,"ARIMA(1,0,1)"
2019-11-25,0.0008741991266026473,TLT,"ARIMA(1,0,1)"
2019-11-26,0.0008822041927267962,TLT,"ARIMA(1,0,1)"
2019-11-27,0.0009142975280315727,TLT,"ARIMA(1,0,1)"
2019-11-29,0.000895633740484456,TLT,"ARIMA(1,0,1)"
2019-12-02,0.0009065071036022756,TLT,"ARIMA(1,0,1)"
2019-12-03,0.0008376811728340538,TLT,"ARIMA(1,0,1)"
2019-12-04,0.0007296213365065841,TLT,"ARIMA(1,0,1)"
2019-12-05,0.0009885378234798766,TLT,"ARIMA(1,0,1)"
2019-12-06,0.0010103375360155978,TLT,"ARIMA(1,0,1)"
2019-12-09,0.001022245946861363,TLT,"ARIMA(1,0,1)"
2019-12-10,0.0008735787625744264,TLT,"ARIMA(1,0,1)"
2019-12-11,0.000823253657216234,TLT,"ARIMA(1,0,1)"
2019-12-12,0.0005892421537201374,TLT,"ARIMA(1,0,1)"
2019-12-13,0.0012208428181054378,TLT,"ARIMA(1,0,1)"
2019-12-16,0.00044233573695701036,TLT,"ARIMA(1,0,1)"
2019-12-17,0.00119540049202952,TLT,"ARIMA(1,0,1)"
2019-12-18,0.0008635827157310776,TLT,"ARIMA(1,0,1)"
2019-12-19,0.0011292521664021914,TLT,"ARIMA(1,0,1)"
2019-12-20,0.0005693218745494084,TLT,"ARIMA(1,0,1)"
2019-12-23,0.000542823694374254,TLT,"ARIMA(1,0,1)"
2019-12-24,0.0006804177476867512,TLT,"ARIMA(1,0,1)"
2019-12-26,0.00046050686209321145,TLT,"ARIMA(1,0,1)"
2019-12-27,0.0005062438274455819,TLT,"ARIMA(1,0,1)"
2019-12-30,0.0005763325430108974,TLT,"ARIMA(1,0,1)"
2019-12-31,0.0008182481821976157,TLT,"ARIMA(1,0,1)"
2020-01-02,0.0010087310032993032,TLT,"ARIMA(1,0,1)"
2020-01-03,-1.4483504402581907e-05,TLT,"ARIMA(1,0,1)"
2020-01-06,-0.00021152421662483086,TLT,"ARIMA(1,0,1)"
2020-01-07,0.000822543711185162,TLT,"ARIMA(1,0,1)"
2020-01-08,0.0008814352508623328,TLT,"ARIMA(1,0,1)"
2020-01-09,0.0009000716638870458,TLT,"ARIMA(1,0,1)"
2020-01-10,0.00045250311987745685,TLT,"ARIMA(1,0,1)"
2020-01-13,0.00026899341838012214,TLT,"ARIMA(1,0,1)"
2020-01-14,0.000800866771689403,TLT,"ARIMA(1,0,1)"
2020-01-15,0.00042584271074787907,TLT,"ARIMA(1,0,1)"
2020-01-16,0.00041105345831274337,TLT,"ARIMA(1,0,1)"
2020-01-17,0.0008539195953773898,TLT,"ARIMA(1,0,1)"
2020-01-21,0.001040415886047372,TLT,"ARIMA(1,0,1)"
2020-01-22,0.0002314790821660713,TLT,"ARIMA(1,0,1)"
2020-01-23,0.0005413635000189058,TLT,"ARIMA(1,0,1)"
2020-01-24,0.00043522421775708657,TLT,"ARIMA(1,0,1)"
2020-01-27,0.00040133081802905696,TLT,"ARIMA(1,0,1)"
2020-01-28,0.00025064221715627596,TLT,"ARIMA(1,0,1)"
2020-01-29,0.0010687207441996704,TLT,"ARIMA(1,0,1)"
2020-01-30,0.0004485344661475456,TLT,"ARIMA(1,0,1)"
2020-01-31,0.0007850692705698334,TLT,"ARIMA(1,0,1)"
2020-02-03,0.00044187370903855645,TLT,"ARIMA(1,0,1)"
2020-02-04,0.0008820013140996673,TLT,"ARIMA(1,0,1)"
2020-02-05,0.0014037471260777762,TLT,"ARIMA(1,0,1)"
2020-02-06,0.0011569771751697463,TLT,"ARIMA(1,0,1)"
2020-02-07,0.0006284657360530449,TLT,"ARIMA(1,0,1)"
2020-02-10,0.0004016473997703313,TLT,"ARIMA(1,0,1)"
2020-02-11,0.000702568915996373,TLT,"ARIMA(1,0,1)"
2020-02-12,0.0009267267401651296,TLT,"ARIMA(1,0,1)"
2020-02-13,0.0008928006406386873,TLT,"ARIMA(1,0,1)"
2020-02-14,0.0006733280041809256,TLT,"ARIMA(1,0,1)"
2020-02-18,0.0006744204995123012,TLT,"ARIMA(1,0,1)"
2020-02-19,0.0006227521678918774,TLT,"ARIMA(1,0,1)"
2020-02-20,0.0008163583087288144,TLT,"ARIMA(1,0,1)"
2020-02-21,0.000644836430935344,TLT,"ARIMA(1,0,1)"
2020-02-24,0.0007087398747296603,TLT,"ARIMA(1,0,1)"
2020-02-25,0.0007602378136548426,TLT,"ARIMA(1,0,1)"
2020-02-26,0.0008563177517825958,TLT,"ARIMA(1,0,1)"
2020-02-27,0.0009792971310964233,TLT,"ARIMA(1,0,1)"
2020-02-28,0.0008790200798073416,TLT,"ARIMA(1,0,1)"
2020-03-02,0.0009756320577888975,TLT,"ARIMA(1,0,1)"
2020-03-03,0.0008724419818882383,TLT,"ARIMA(1,0,1)"
2020-03-04,0.0007498148775406171,TLT,"ARIMA(1,0,1)"
2020-03-05,0.0014054775149481104,TLT,"ARIMA(1,0,1)"
2020-03-06,1.3312490992820102e-05,TLT,"ARIMA(1,0,1)"
2020-03-09,0.0013562798451836476,TLT,"ARIMA(1,0,1)"
2020-03-10,0.009228865293062147,TLT,"ARIMA(1,0,1)"
2020-03-11,0.00045522996261251696,TLT,"ARIMA(1,0,1)"
2020-03-12,-0.0017884513156494468,TLT,"ARIMA(1,0,1)"
2020-03-13,0.0017983261896368317,TLT,"ARIMA(1,0,1)"
2020-03-16,-0.0015654896038092662,TLT,"ARIMA(1,0,1)"
2020-03-17,0.002972183631860502,TLT,"ARIMA(1,0,1)"
2020-03-18,0.015627959270941457,TLT,"ARIMA(1,0,1)"
2020-03-19,-0.0006184572456160856,TLT,"ARIMA(1,0,1)"
2020-03-20,0.0015385714161500765,TLT,"ARIMA(1,0,1)"
2020-03-23,-0.004118641184901033,TLT,"ARIMA(1,0,1)"
2020-03-24,-0.0020064355354561187,TLT,"ARIMA(1,0,1)"
2020-03-25,-0.0016418646977707846,TLT,"ARIMA(1,0,1)"
2020-03-26,-0.0009977162924631917,TLT,"ARIMA(1,0,1)"
2020-03-27,-0.0009522965135792356,TLT,"ARIMA(1,0,1)"
2020-03-30,-0.0023030793910438076,TLT,"ARIMA(1,0,1)"
2020-03-31,-0.0012169667832286212,TLT,"ARIMA(1,0,1)"
2020-04-01,-0.00021753220416883233,TLT,"ARIMA(1,0,1)"
2020-04-02,-0.0008942503635018515,TLT,"ARIMA(1,0,1)"
2020-04-03,-0.0008934811482878432,TLT,"ARIMA(1,0,1)"
2020-04-06,-0.0006192492035827625,TLT,"ARIMA(1,0,1)"
2020-04-07,-5.01826855827882e-05,TLT,"ARIMA(1,0,1)"
2020-04-08,0.0009868857643485372,TLT,"ARIMA(1,0,1)"
2020-04-09,0.0016167474112645992,TLT,"ARIMA(1,0,1)"
2020-04-13,0.0015160697764406107,TLT,"ARIMA(1,0,1)"
2020-04-14,0.002251666566815403,TLT,"ARIMA(1,0,1)"
2020-04-15,0.0022588796166686615,TLT,"ARIMA(1,0,1)"
2020-04-16,0.0002275070308582225,TLT,"ARIMA(1,0,1)"
2020-04-17,-0.0003624327087501957,TLT,"ARIMA(1,0,1)"
2020-04-20,0.0010627727620632459,TLT,"ARIMA(1,0,1)"
2020-04-21,0.0005453189631271086,TLT,"ARIMA(1,0,1)"
2020-04-22,-0.0002021855991770885,TLT,"ARIMA(1,0,1)"
2020-04-23,0.0009596750953903082,TLT,"ARIMA(1,0,1)"
2020-04-24,0.000668737643106398,TLT,"ARIMA(1,0,1)"
2020-04-27,0.0007025518866591497,TLT,"ARIMA(1,0,1)"
2020-04-28,0.002433908112581427,TLT,"ARIMA(1,0,1)"
2020-04-29,0.0014805118704888153,TLT,"ARIMA(1,0,1)"
2020-04-30,0.0019880171713752984,TLT,"ARIMA(1,0,1)"
2020-05-01,0.002933773569029994,TLT,"ARIMA(1,0,1)"
2020-05-04,0.002132901393428715,TLT,"ARIMA(1,0,1)"
2020-05-05,0.002497275351447549,TLT,"ARIMA(1,0,1)"
2020-05-06,0.0029287298899830653,TLT,"ARIMA(1,0,1)"
2020-05-07,0.003960809647311864,TLT,"ARIMA(1,0,1)"
2020-05-08,0.002445614734553592,TLT,"ARIMA(1,0,1)"
2020-05-11,0.0033766259815456293,TLT,"ARIMA(1,0,1)"
2020-05-12,0.003705949010201032,TLT,"ARIMA(1,0,1)"
2020-05-13,0.002653066707762608,TLT,"ARIMA(1,0,1)"
2020-05-14,0.0020036256655705303,TLT,"ARIMA(1,0,1)"
2020-05-15,0.0012285298164239364,TLT,"ARIMA(1,0,1)"
2020-05-18,0.001515356569390096,TLT,"ARIMA(1,0,1)"
2020-05-19,0.003291147877409605,TLT,"ARIMA(1,0,1)"
2020-05-20,0.002758037252411398,TLT,"ARIMA(1,0,1)"
2020-05-21,0.002364740485037881,TLT,"ARIMA(1,0,1)"
2020-05-22,0.0020503696533036345,TLT,"ARIMA(1,0,1)"
2020-05-26,0.0007457314346084067,TLT,"ARIMA(1,0,1)"
2020-05-27,0.002609206238116059,TLT,"ARIMA(1,0,1)"
2020-05-28,0.0025622197675976284,TLT,"ARIMA(1,0,1)"
2020-05-29,0.0026807779883064715,TLT,"ARIMA(1,0,1)"
2020-06-01,0.0018619898812031778,TLT,"ARIMA(1,0,1)"
2020-06-02,0.0023036646828523545,TLT,"ARIMA(1,0,1)"
2020-06-03,0.002409409848875866,TLT,"ARIMA(1,0,1)"
2020-06-04,0.0033355309248200367,TLT,"ARIMA(1,0,1)"
2020-06-05,0.004016364457022815,TLT,"ARIMA(1,0,1)"
2020-06-08,0.0039038491282461746,TLT,"ARIMA(1,0,1)"
2020-06-09,0.0009678235683680031,TLT,"ARIMA(1,0,1)"
2020-06-10,0.0020212252026142754,TLT,"ARIMA(1,0,1)"
2020-06-11,0.0008936720628003535,TLT,"ARIMA(1,0,1)"
2020-06-12,-0.00023180282980419695,TLT,"ARIMA(1,0,1)"
2020-06-15,0.0006137281944745923,TLT,"ARIMA(1,0,1)"
2020-06-16,0.0006794659528624741,TLT,"ARIMA(1,0,1)"
2020-06-17,0.0019397091265644334,TLT,"ARIMA(1,0,1)"
2020-06-18,0.0014926420551375965,TLT,"ARIMA(1,0,1)"
2020-06-19,0.000647560790921035,TLT,"ARIMA(1,0,1)"
2020-06-22,0.0006872766364560811,TLT,"ARIMA(1,0,1)"
2020-06-23,0.0008774445268675431,TLT,"ARIMA(1,0,1)"
2020-06-24,0.0014114467005382153,TLT,"ARIMA(1,0,1)"
2020-06-25,0.0005601851565533706,TLT,"ARIMA(1,0,1)"
2020-06-26,0.0004950476102028053,TLT,"ARIMA(1,0,1)"
2020-06-29,-0.00019136108504023508,TLT,"ARIMA(1,0,1)"
2020-06-30,0.0002999567759190998,TLT,"ARIMA(1,0,1)"
2020-07-01,0.0008597416069378755,TLT,"ARIMA(1,0,1)"
2020-07-02,0.0010637809396122286,TLT,"ARIMA(1,0,1)"
2020-07-06,0.001006923516267102,TLT,"ARIMA(1,0,1)"
2020-07-07,0.001437106109508371,TLT,"ARIMA(1,0,1)"
2020-07-08,0.00034054318091223876,TLT,"ARIMA(1,0,1)"
2020-07-09,0.0008345339169098189,TLT,"ARIMA(1,0,1)"
2020-07-10,-0.0003045401799322274,TLT,"ARIMA(1,0,1)"
2020-07-13,0.0004573215698272881,TLT,"ARIMA(1,0,1)"
2020-07-14,0.00037025925898510827,TLT,"ARIMA(1,0,1)"
2020-07-15,0.0004286471560509995,TLT,"ARIMA(1,0,1)"
2020-07-16,0.0009997281643754031,TLT,"ARIMA(1,0,1)"
2020-07-17,0.000653630977423963,TLT,"ARIMA(1,0,1)"
2020-07-20,0.0009595660319950863,TLT,"ARIMA(1,0,1)"
2020-07-21,0.000863340875118395,TLT,"ARIMA(1,0,1)"
2020-07-22,0.000910044649112643,TLT,"ARIMA(1,0,1)"
2020-07-23,0.0007943094524951058,TLT,"ARIMA(1,0,1)"
2020-07-24,-3.6072968779719264e-05,TLT,"ARIMA(1,0,1)"
2020-07-27,0.0002559833352357338,TLT,"ARIMA(1,0,1)"
2020-07-28,0.0007354190639123374,TLT,"ARIMA(1,0,1)"
2020-07-29,0.0002937935204908237,TLT,"ARIMA(1,0,1)"
2020-07-30,0.000596314062027804,TLT,"ARIMA(1,0,1)"
2020-07-31,0.00010403033323444955,TLT,"ARIMA(1,0,1)"
2020-08-03,0.0002395000550738768,TLT,"ARIMA(1,0,1)"
2020-08-04,0.0008674442765109036,TLT,"ARIMA(1,0,1)"
2020-08-05,-8.950917693536673e-05,TLT,"ARIMA(1,0,1)"
2020-08-06,0.0010171008327069905,TLT,"ARIMA(1,0,1)"
2020-08-07,0.0004826474493324634,TLT,"ARIMA(1,0,1)"
2020-08-10,0.0013165813917766344,TLT,"ARIMA(1,0,1)"
2020-08-11,0.001786984721313578,TLT,"ARIMA(1,0,1)"
2020-08-12,0.0029186142409532026,TLT,"ARIMA(1,0,1)"
2020-08-13,0.0035366194164896565,TLT,"ARIMA(1,0,1)"
2020-08-14,0.004024615025915281,TLT,"ARIMA(1,0,1)"
2020-08-17,0.0037438596023344206,TLT,"ARIMA(1,0,1)"
2020-08-18,0.003103639368431476,TLT,"ARIMA(1,0,1)"
2020-08-19,0.0021716946683046122,TLT,"ARIMA(1,0,1)"
2020-08-20,0.002485747994798934,TLT,"ARIMA(1,0,1)"
2020-08-21,0.0014627343949550902,TLT,"ARIMA(1,0,1)"
2020-08-24,0.000892471215335403,TLT,"ARIMA(1,0,1)"
2020-08-25,0.0009443704505062998,TLT,"ARIMA(1,0,1)"
2020-08-26,0.0016806606188855843,TLT,"ARIMA(1,0,1)"
2020-08-27,0.0017954350411261808,TLT,"ARIMA(1,0,1)"
2020-08-28,0.003145120132582825,TLT,"ARIMA(1,0,1)"
2020-08-31,0.0028556281669237142,TLT,"ARIMA(1,0,1)"
2020-09-01,0.0019583003218566404,TLT,"ARIMA(1,0,1)"
2020-09-02,0.0007748725874314885,TLT,"ARIMA(1,0,1)"
2020-09-03,-5.374697266808607e-05,TLT,"ARIMA(1,0,1)"
2020-09-04,-0.00011320572264054594,TLT,"ARIMA(1,0,1)"
2020-09-08,0.001959094830762681,TLT,"ARIMA(1,0,1)"
2020-09-09,0.0012711607955897693,TLT,"ARIMA(1,0,1)"
2020-09-10,0.0016002648273101589,TLT,"ARIMA(1,0,1)"
2020-09-11,0.0009698318606892759,TLT,"ARIMA(1,0,1)"
2020-09-14,0.0007856418705209258,TLT,"ARIMA(1,0,1)"
2020-09-15,0.0009354208222500184,TLT,"ARIMA(1,0,1)"
2020-09-16,0.0010882734904491785,TLT,"ARIMA(1,0,1)"
2020-09-17,0.0014986011681998037,TLT,"ARIMA(1,0,1)"
2020-09-18,0.0010794058071377831,TLT,"ARIMA(1,0,1)"
2020-09-21,0.001417020346119562,TLT,"ARIMA(1,0,1)"
2020-09-22,0.0007379519723500057,TLT,"ARIMA(1,0,1)"
2020-09-23,0.00088508721780536,TLT,"ARIMA(1,0,1)"
2020-09-24,0.0007184905643886023,TLT,"ARIMA(1,0,1)"
2020-09-25,0.000415630985930878,TLT,"ARIMA(1,0,1)"
2020-09-28,0.0005023106086266844,TLT,"ARIMA(1,0,1)"
2020-09-29,0.0009049510598268881,TLT,"ARIMA(1,0,1)"
2020-09-30,0.0007911612515712524,TLT,"ARIMA(1,0,1)"
2020-10-01,0.0018882656074206497,TLT,"ARIMA(1,0,1)"
2020-10-02,0.0015342133102628811,TLT,"ARIMA(1,0,1)"
2020-10-05,0.0017958689178649767,TLT,"ARIMA(1,0,1)"
2020-10-06,0.003665900216821203,TLT,"ARIMA(1,0,1)"
2020-10-07,0.0026972265965931677,TLT,"ARIMA(1,0,1)"
2020-10-08,0.002247657213658441,TLT,"ARIMA(1,0,1)"
2020-10-09,0.002230900208141106,TLT,"ARIMA(1,0,1)"
2020-10-12,0.0021385163304763538,TLT,"ARIMA(1,0,1)"
2020-10-13,0.0016560466225534719,TLT,"ARIMA(1,0,1)"
2020-10-14,0.0007111631458092587,TLT,"ARIMA(1,0,1)"
2020-10-15,0.0005785424842486959,TLT,"ARIMA(1,0,1)"
2020-10-16,0.0008752053938816122,TLT,"ARIMA(1,0,1)"
2020-10-19,0.0012530492977765248,TLT,"ARIMA(1,0,1)"
2020-10-20,0.0016746091010442984,TLT,"ARIMA(1,0,1)"
2020-10-21,0.002710733118663068,TLT,"ARIMA(1,0,1)"
2020-10-22,0.0027769077675144902,TLT,"ARIMA(1,0,1)"
2020-10-23,0.003599680378999844,TLT,"ARIMA(1,0,1)"
2020-10-26,0.0024824554108968614,TLT,"ARIMA(1,0,1)"
2020-10-27,0.0012207056860960256,TLT,"ARIMA(1,0,1)"
2020-10-28,0.0004906799802576108,TLT,"ARIMA(1,0,1)"
2020-10-29,0.0004915235418488075,TLT,"ARIMA(1,0,1)"
2020-10-30,0.0016278401199161959,TLT,"ARIMA(1,0,1)"
2020-11-02,0.0022677065616243633,TLT,"ARIMA(1,0,1)"
2020-11-03,0.0014731837184245983,TLT,"ARIMA(1,0,1)"
2020-11-04,0.002117873290971734,TLT,"ARIMA(1,0,1)"
2020-11-05,-0.0005604887842913117,TLT,"ARIMA(1,0,1)"
2020-11-06,-0.0004543144639992748,TLT,"ARIMA(1,0,1)"
2020-11-09,0.0013368111872413262,TLT,"ARIMA(1,0,1)"
2020-11-10,0.0038056998486868565,TLT,"ARIMA(1,0,1)"
2020-11-11,0.0038995513971148955,TLT,"ARIMA(1,0,1)"
2020-11-12,0.0029444061321263833,TLT,"ARIMA(1,0,1)"
2020-11-13,0.0005976992811789993,TLT,"ARIMA(1,0,1)"
2020-11-16,0.0007884378147133764,TLT,"ARIMA(1,0,1)"
2020-11-17,0.001111775117811766,TLT,"ARIMA(1,0,1)"
2020-11-18,0.0002862234508931096,TLT,"ARIMA(1,0,1)"
2020-11-19,2.457427403225118e-05,TLT,"ARIMA(1,0,1)"
2020-11-20,-0.00045495852659409146,TLT,"ARIMA(1,0,1)"
2020-11-23,-0.0012139414664989827,TLT,"ARIMA(1,0,1)"
2020-11-24,-0.00025671869627013786,TLT,"ARIMA(1,0,1)"
2020-11-25,0.0011821227799172287,TLT,"ARIMA(1,0,1)"
2020-11-27,0.0014940657918817717,TLT,"ARIMA(1,0,1)"
2020-11-30,0.00024411210020445985,TLT,"ARIMA(1,0,1)"
2020-12-01,0.000544361521135172,TLT,"ARIMA(1,0,1)"
2020-12-02,0.002492261941550302,TLT,"ARIMA(1,0,1)"
2020-12-03,0.0029869553319482912,TLT,"ARIMA(1,0,1)"
2020-12-04,0.001752179921428757,TLT,"ARIMA(1,0,1)"
2020-12-07,0.0033561017330587927,TLT,"ARIMA(1,0,1)"
2020-12-08,0.0019077870617332311,TLT,"ARIMA(1,0,1)"
2020-12-09,0.001167458211807307,TLT,"ARIMA(1,0,1)"
2020-12-10,0.0015268074036694202,TLT,"ARIMA(1,0,1)"
2020-12-11,0.00035611318907707076,TLT,"ARIMA(1,0,1)"
2020-12-14,0.0001240170516797768,TLT,"ARIMA(1,0,1)"
2020-12-15,0.000582056162066749,TLT,"ARIMA(1,0,1)"
2020-12-16,0.0010934337827216483,TLT,"ARIMA(1,0,1)"
2020-12-17,0.0014064711920049994,TLT,"ARIMA(1,0,1)"
2020-12-18,0.0016795027361742902,TLT,"ARIMA(1,0,1)"
2020-12-21,0.0019076018617512577,TLT,"ARIMA(1,0,1)"
2020-12-22,0.0012753244372511693,TLT,"ARIMA(1,0,1)"
2020-12-23,0.0006260537946023156,TLT,"ARIMA(1,0,1)"
2020-12-24,0.0015094885208139443,TLT,"ARIMA(1,0,1)"
2020-12-28,0.0009419402190865762,TLT,"ARIMA(1,0,1)"
2020-12-29,0.0008972585745007928,TLT,"ARIMA(1,0,1)"
2020-12-30,0.0010777164892512138,TLT,"ARIMA(1,0,1)"
2020-12-31,0.0008401951921973839,TLT,"ARIMA(1,0,1)"
2021-01-04,0.000658542898138006,TLT,"ARIMA(1,0,1)"
2021-01-05,0.0008088567687165441,TLT,"ARIMA(1,0,1)"
2021-01-06,0.0017188228168485875,TLT,"ARIMA(1,0,1)"
2021-01-07,0.003931788245453678,TLT,"ARIMA(1,0,1)"
2021-01-08,0.004230436235466825,TLT,"ARIMA(1,0,1)"
2021-01-11,0.0038826193047915665,TLT,"ARIMA(1,0,1)"
2021-01-12,0.003452229119121868,TLT,"ARIMA(1,0,1)"
2021-01-13,0.002995912406873981,TLT,"ARIMA(1,0,1)"
2021-01-14,0.001449528846897551,TLT,"ARIMA(1,0,1)"
2021-01-15,0.002269504577653362,TLT,"ARIMA(1,0,1)"
2021-01-19,0.0015636477999464876,TLT,"ARIMA(1,0,1)"
2021-01-20,0.0010711221195177719,TLT,"ARIMA(1,0,1)"
2021-01-21,0.0008660523082785635,TLT,"ARIMA(1,0,1)"
2021-01-22,0.0015563155967290134,TLT,"ARIMA(1,0,1)"
2021-01-25,0.0010095465044073007,TLT,"ARIMA(1,0,1)"
2021-01-26,-0.00040303162337008893,TLT,"ARIMA(1,0,1)"
2021-01-27,-6.840471250882992e-05,TLT,"ARIMA(1,0,1)"
2021-01-28,-0.00023278125124122313,TLT,"ARIMA(1,0,1)"
2021-01-29,0.0004792565956438397,TLT,"ARIMA(1,0,1)"
2021-02-01,0.0011481614213421085,TLT,"ARIMA(1,0,1)"
2021-02-02,0.000867545389887492,TLT,"ARIMA(1,0,1)"
2021-02-03,0.0015068532580246625,TLT,"ARIMA(1,0,1)"
2021-02-04,0.0023073285630960524,TLT,"ARIMA(1,0,1)"
2021-02-05,0.0022386174855161473,TLT,"ARIMA(1,0,1)"
2021-02-08,0.0027732776195498673,TLT,"ARIMA(1,0,1)"
2021-02-09,0.0018940363514981114,TLT,"ARIMA(1,0,1)"
2021-02-10,0.0015469188479189815,TLT,"ARIMA(1,0,1)"
2021-02-11,0.0006285831058592299,TLT,"ARIMA(1,0,1)"
2021-02-12,0.0011462291397482133,TLT,"ARIMA(1,0,1)"
2021-02-16,0.002341291738054846,TLT,"ARIMA(1,0,1)"
2021-02-17,0.003597609441931135,TLT,"ARIMA(1,0,1)"
2021-02-18,0.0024590153708923,TLT,"ARIMA(1,0,1)"
2021-02-19,0.002547058796948957,TLT,"ARIMA(1,0,1)"
2021-02-22,0.003713396970337694,TLT,"ARIMA(1,0,1)"
2021-02-23,0.00408829299641789,TLT,"ARIMA(1,0,1)"
2021-02-24,0.003932038326757434,TLT,"ARIMA(1,0,1)"
2021-02-25,0.004094518697909235,TLT,"ARIMA(1,0,1)"
2021-02-26,0.005061046038204038,TLT,"ARIMA(1,0,1)"
2021-03-01,0.0007273896904039985,TLT,"ARIMA(1,0,1)"
2021-03-02,0.0023347075330422545,TLT,"ARIMA(1,0,1)"
2021-03-03,0.00185697017560123,TLT,"ARIMA(1,0,1)"
2021-03-04,0.0029810608957360697,TLT,"ARIMA(1,0,1)"
2021-03-05,0.0032381662443635557,TLT,"ARIMA(1,0,1)"
2021-03-08,0.0022622322431286885,TLT,"ARIMA(1,0,1)"
2021-03-09,0.0025396819967698154,TLT,"ARIMA(1,0,1)"
2021-03-10,2.7194561479509938e-06,TLT,"ARIMA(1,0,1)"
2021-03-11,-0.0005395646131443723,TLT,"ARIMA(1,0,1)"
2021-03-12,0.0002482845591145702,TLT,"ARIMA(1,0,1)"
2021-03-15,0.003110109151280021,TLT,"ARIMA(1,0,1)"
2021-03-16,-0.0004383344595723947,TLT,"ARIMA(1,0,1)"
2021-03-17,0.0009017603128816371,TLT,"ARIMA(1,0,1)"
2021-03-18,-0.00033399574545868324,TLT,"ARIMA(1,0,1)"
2021-03-19,-0.0014777316694110096,TLT,"ARIMA(1,0,1)"
2021-03-22,-6.0926227315414206e-05,TLT,"ARIMA(1,0,1)"
2021-03-23,-0.0010982554243952468,TLT,"ARIMA(1,0,1)"
2021-03-24,-0.0006963076619223028,TLT,"ARIMA(1,0,1)"
2021-03-25,-0.0006002009113611207,TLT,"ARIMA(1,0,1)"
2021-03-26,-0.0006225751163277959,TLT,"ARIMA(1,0,1)"
2021-03-29,-0.0006563622821745375,TLT,"ARIMA(1,0,1)"
2021-03-30,-0.0007932176626695641,TLT,"ARIMA(1,0,1)"
2021-03-31,-0.0007397259156993988,TLT,"ARIMA(1,0,1)"
2021-04-01,-0.0007296855245960772,TLT,"ARIMA(1,0,1)"
2021-04-05,-0.0007223197124463857,TLT,"ARIMA(1,0,1)"
2021-04-06,-0.0007592994331315529,TLT,"ARIMA(1,0,1)"
2021-04-07,-0.0007441594027471079,TLT,"ARIMA(1,0,1)"
2021-04-08,-0.0007602938712547835,TLT,"ARIMA(1,0,1)"
2021-04-09,-0.0006871567636131606,TLT,"ARIMA(1,0,1)"
2021-04-12,-0.00067395174468668,TLT,"ARIMA(1,0,1)"
2021-04-13,-0.0010040145269359095,TLT,"ARIMA(1,0,1)"
2021-04-14,-0.001058184952407994,TLT,"ARIMA(1,0,1)"
2021-04-15,-0.0004021700004901575,TLT,"ARIMA(1,0,1)"
2021-04-16,-0.001659856228050782,TLT,"ARIMA(1,0,1)"
2021-04-19,-0.00037470886914403356,TLT,"ARIMA(1,0,1)"
2021-04-20,-0.0006989220151176982,TLT,"ARIMA(1,0,1)"
2021-04-21,-0.0007125899111701803,TLT,"ARIMA(1,0,1)"
2021-04-22,-0.0008944101991163814,TLT,"ARIMA(1,0,1)"
2021-04-23,-0.000697343989100824,TLT,"ARIMA(1,0,1)"
2021-04-26,-0.0007276033757225441,TLT,"ARIMA(1,0,1)"
2021-04-27,-0.0007091927265319173,TLT,"ARIMA(1,0,1)"
2021-04-28,-0.0007027657518029191,TLT,"ARIMA(1,0,1)"
2021-04-29,-0.0007456382219261922,TLT,"ARIMA(1,0,1)"
2021-04-30,-0.0007367356427645772,TLT,"ARIMA(1,0,1)"
2021-05-03,-0.0006809966839898291,TLT,"ARIMA(1,0,1)"
2021-05-04,-0.000745019475714065,TLT,"ARIMA(1,0,1)"
2021-05-05,-0.0006662975330252927,TLT,"ARIMA(1,0,1)"
2021-05-06,-0.0006342821546079418,TLT,"ARIMA(1,0,1)"
2021-05-07,-0.0005630616767079686,TLT,"ARIMA(1,0,1)"
2021-05-10,-0.0006501099776230415,TLT,"ARIMA(1,0,1)"
2021-05-11,-0.0006379629326337188,TLT,"ARIMA(1,0,1)"
2021-05-12,-0.0006292199400436613,TLT,"ARIMA(1,0,1)"
2021-05-13,-0.0007107077262004833,TLT,"ARIMA(1,0,1)"
2021-05-14,-0.0007322351059285662,TLT,"ARIMA(1,0,1)"
2021-05-17,-0.0007340015801096431,TLT,"ARIMA(1,0,1)"
2021-05-18,-0.0007321885961709138,TLT,"ARIMA(1,0,1)"
2021-05-19,-0.00065496436229716,TLT,"ARIMA(1,0,1)"
2021-05-20,-0.0006794260337633935,TLT,"ARIMA(1,0,1)"
2021-05-21,-0.000658773225780378,TLT,"ARIMA(1,0,1)"
2021-05-24,-0.0006559491832103946,TLT,"ARIMA(1,0,1)"
2021-05-25,-0.00066507148981016,TLT,"ARIMA(1,0,1)"
2021-05-26,-0.0005748769332139799,TLT,"ARIMA(1,0,1)"
2021-05-27,-0.0005744295705016305,TLT,"ARIMA(1,0,1)"
2021-05-28,-0.000575801386835801,TLT,"ARIMA(1,0,1)"
2021-06-01,-0.0006105163124119378,TLT,"ARIMA(1,0,1)"
2021-06-02,-0.0005847437163936581,TLT,"ARIMA(1,0,1)"
2021-06-03,-0.0005627053756339035,TLT,"ARIMA(1,0,1)"
2021-06-04,-0.0005229881986309938,TLT,"ARIMA(1,0,1)"
2021-06-07,-0.0004111584188291495,TLT,"ARIMA(1,0,1)"
2021-06-08,-0.0003939506514657659,TLT,"ARIMA(1,0,1)"
2021-06-09,-0.00038143250603522524,TLT,"ARIMA(1,0,1)"
2021-06-10,-0.00039138391673110593,TLT,"ARIMA(1,0,1)"
2021-06-11,-0.00042637280156597516,TLT,"ARIMA(1,0,1)"
2021-06-14,-0.0005073555182263286,TLT,"ARIMA(1,0,1)"
2021-06-15,-0.0004994290612198211,TLT,"ARIMA(1,0,1)"
2021-06-16,-0.0005064330808707458,TLT,"ARIMA(1,0,1)"
2021-06-17,-0.0004484454264638289,TLT,"ARIMA(1,0,1)"
2021-06-18,-0.00040587261198510397,TLT,"ARIMA(1,0,1)"
2021-06-21,-0.00037370292529411656,TLT,"ARIMA(1,0,1)"
2021-06-22,-0.00044350858241804626,TLT,"ARIMA(1,0,1)"
2021-06-23,-0.0004346865077770396,TLT,"ARIMA(1,0,1)"
2021-06-24,-0.00041768544780509595,TLT,"ARIMA(1,0,1)"
2021-06-25,-0.0004525942101290907,TLT,"ARIMA(1,0,1)"
2021-06-28,-0.0005054285218388808,TLT,"ARIMA(1,0,1)"
2021-06-29,-0.0005071087759273919,TLT,"ARIMA(1,0,1)"
2021-06-30,-0.0004879483682475329,TLT,"ARIMA(1,0,1)"
2021-07-01,-0.00045209730963566335,TLT,"ARIMA(1,0,1)"
2021-07-02,-0.00044413757264337607,TLT,"ARIMA(1,0,1)"
2021-07-06,-0.00042446042615958433,TLT,"ARIMA(1,0,1)"
2021-07-07,-0.00036193865606231945,TLT,"ARIMA(1,0,1)"
2021-07-08,-0.00038227035746808707,TLT,"ARIMA(1,0,1)"
2021-07-09,-0.00035085517703145976,TLT,"ARIMA(1,0,1)"
2021-07-12,-0.00046861522109576965,TLT,"ARIMA(1,0,1)"
2021-07-13,-0.0004537790805019029,TLT,"ARIMA(1,0,1)"
2021-07-14,-0.0004973626177468667,TLT,"ARIMA(1,0,1)"
2021-07-15,-0.0004582615908977865,TLT,"ARIMA(1,0,1)"
2021-07-16,-0.00039614436600437304,TLT,"ARIMA(1,0,1)"
2021-07-19,-0.00042243235976039865,TLT,"ARIMA(1,0,1)"
2021-07-20,-0.0003280596778157314,TLT,"ARIMA(1,0,1)"
2021-07-21,-0.0003764007515920148,TLT,"ARIMA(1,0,1)"
2021-07-22,-0.00042917570732631683,TLT,"ARIMA(1,0,1)"
2021-07-23,-0.0004037167436008301,TLT,"ARIMA(1,0,1)"
2021-07-26,-0.0004769842155854721,TLT,"ARIMA(1,0,1)"
2021-07-27,-0.00048821841623009657,TLT,"ARIMA(1,0,1)"
2021-07-28,-0.0004331611189864764,TLT,"ARIMA(1,0,1)"
2021-07-29,-0.0004555506058193079,TLT,"ARIMA(1,0,1)"
2021-07-30,-0.00047431300201877216,TLT,"ARIMA(1,0,1)"
2021-08-02,-0.0004814945333546242,TLT,"ARIMA(1,0,1)"
2021-08-03,-0.00044338938738427226,TLT,"ARIMA(1,0,1)"
2021-08-04,-0.00042111120844240624,TLT,"ARIMA(1,0,1)"
2021-08-05,-0.0004509648695219761,TLT,"ARIMA(1,0,1)"
2021-08-06,-0.00043608593589036966,TLT,"ARIMA(1,0,1)"
2021-08-09,-0.0005248708410506018,TLT,"ARIMA(1,0,1)"
2021-08-10,-0.0005125684873937579,TLT,"ARIMA(1,0,1)"
2021-08-11,-0.0005132220130941973,TLT,"ARIMA(1,0,1)"
2021-08-12,-0.0005592041364388365,TLT,"ARIMA(1,0,1)"
2021-08-13,-0.0004154010752163448,TLT,"ARIMA(1,0,1)"
2021-08-16,-0.0007173452940453849,TLT,"ARIMA(1,0,1)"
2021-08-17,-0.00030806206078214446,TLT,"ARIMA(1,0,1)"
2021-08-18,-0.0003193048498287614,TLT,"ARIMA(1,0,1)"
2021-08-19,-0.0003738269044378135,TLT,"ARIMA(1,0,1)"
2021-08-20,-0.00028050812966568493,TLT,"ARIMA(1,0,1)"
2021-08-23,-0.00031369199142907247,TLT,"ARIMA(1,0,1)"
2021-08-24,-0.00034049913033456277,TLT,"ARIMA(1,0,1)"
2021-08-25,-0.00036508906679391255,TLT,"ARIMA(1,0,1)"
2021-08-26,-0.0003680495062547925,TLT,"ARIMA(1,0,1)"
2021-08-27,-0.00034130632436498267,TLT,"ARIMA(1,0,1)"
2021-08-30,-0.00038861099632105204,TLT,"ARIMA(1,0,1)"
2021-08-31,-0.0002853897061948896,TLT,"ARIMA(1,0,1)"
2021-09-01,-0.00028689941377212634,TLT,"ARIMA(1,0,1)"
2021-09-02,-0.0004053156585175862,TLT,"ARIMA(1,0,1)"
2021-09-03,-0.00042594513071817045,TLT,"ARIMA(1,0,1)"
2021-09-07,-0.00025114613918785026,TLT,"ARIMA(1,0,1)"
2021-09-08,-0.0003499283810138252,TLT,"ARIMA(1,0,1)"
2021-09-09,-0.0003473362660566134,TLT,"ARIMA(1,0,1)"
2021-09-10,-0.000288914441894646,TLT,"ARIMA(1,0,1)"
2021-09-13,-0.00034417187238854844,TLT,"ARIMA(1,0,1)"
2021-09-14,-0.00032865069562975887,TLT,"ARIMA(1,0,1)"
2021-09-15,-0.0002805992346572973,TLT,"ARIMA(1,0,1)"
2021-09-16,-0.0002848512785307579,TLT,"ARIMA(1,0,1)"
2021-09-17,-0.00020235872332073342,TLT,"ARIMA(1,0,1)"
2021-09-20,-0.000322235981388636,TLT,"ARIMA(1,0,1)"
2021-09-21,-0.0002612181452977553,TLT,"ARIMA(1,0,1)"
2021-09-22,-0.000284776621153292,TLT,"ARIMA(1,0,1)"
2021-09-23,-0.0002579434272762018,TLT,"ARIMA(1,0,1)"
2021-09-24,-0.0003538768146992325,TLT,"ARIMA(1,0,1)"
2021-09-27,-0.0004083895953171548,TLT,"ARIMA(1,0,1)"
2021-09-28,-0.0004250165790400164,TLT,"ARIMA(1,0,1)"
2021-09-29,-0.0004733893384853454,TLT,"ARIMA(1,0,1)"
2021-09-30,-0.0004717872821767362,TLT,"ARIMA(1,0,1)"
2021-10-01,-0.0004340369116397226,TLT,"ARIMA(1,0,1)"
2021-10-04,-0.00040740449365881987,TLT,"ARIMA(1,0,1)"
2021-10-05,-0.00040324512333710344,TLT,"ARIMA(1,0,1)"
2021-10-06,-0.0003638379841647637,TLT,"ARIMA(1,0,1)"
2021-10-07,-0.0003631694532357379,TLT,"ARIMA(1,0,1)"
2021-10-08,-0.0003758886178437017,TLT,"ARIMA(1,0,1)"
2021-10-11,-0.00042108679705751665,TLT,"ARIMA(1,0,1)"
2021-10-12,-0.0004304268727987224,TLT,"ARIMA(1,0,1)"
2021-10-13,-0.0003797805683650566,TLT,"ARIMA(1,0,1)"
2021-10-14,-0.00036699882734325966,TLT,"ARIMA(1,0,1)"
2021-10-15,-0.0003626325132054756,TLT,"ARIMA(1,0,1)"
2021-10-18,-0.0003795643220025801,TLT,"ARIMA(1,0,1)"
2021-10-19,-0.0003494019986120804,TLT,"ARIMA(1,0,1)"
2021-10-20,-0.0003894478792626127,TLT,"ARIMA(1,0,1)"
2021-10-21,-0.00037839973906611616,TLT,"ARIMA(1,0,1)"
2021-10-22,-0.00036938557672524613,TLT,"ARIMA(1,0,1)"
2021-10-25,-0.0002845322358580031,TLT,"ARIMA(1,0,1)"
2021-10-26,-0.0003147212631279675,TLT,"ARIMA(1,0,1)"
2021-10-27,-0.0003188314144311715,TLT,"ARIMA(1,0,1)"
2021-10-28,-0.00027391694624499466,TLT,"ARIMA(1,0,1)"
2021-10-29,-0.0002909653679429436,TLT,"ARIMA(1,0,1)"
2021-11-01,-0.00024119463755607035,TLT,"ARIMA(1,0,1)"
2021-11-02,-0.00023050842745960884,TLT,"ARIMA(1,0,1)"
2021-11-03,-0.00024256394647596927,TLT,"ARIMA(1,0,1)"
2021-11-04,-0.0002611506847247401,TLT,"ARIMA(1,0,1)"
2021-11-05,-0.0003043742076841129,TLT,"ARIMA(1,0,1)"
2021-11-08,-0.00025234245289687784,TLT,"ARIMA(1,0,1)"
2021-11-09,-0.00021154541726920855,TLT,"ARIMA(1,0,1)"
2021-11-10,-0.0005005955871389358,TLT,"ARIMA(1,0,1)"
2021-11-11,0.0007120241434638596,TLT,"ARIMA(1,0,1)"
2021-11-12,-0.0001652359232824071,TLT,"ARIMA(1,0,1)"
2021-11-15,0.00017093937432007388,TLT,"ARIMA(1,0,1)"
2021-11-16,-0.00014212793851543716,TLT,"ARIMA(1,0,1)"
2021-11-17,-0.0002694274808632976,TLT,"ARIMA(1,0,1)"
2021-11-18,-0.000602543388076422,TLT,"ARIMA(1,0,1)"
2021-11-19,-0.00041080305383572717,TLT,"ARIMA(1,0,1)"
2021-11-22,-0.0006674986183506611,TLT,"ARIMA(1,0,1)"
2021-11-23,0.000396891615532159,TLT,"ARIMA(1,0,1)"
2021-11-24,8.123610279100129e-05,TLT,"ARIMA(1,0,1)"
2021-11-26,-0.0007723788135669146,TLT,"ARIMA(1,0,1)"
2021-11-29,-0.00015236352160616254,TLT,"ARIMA(1,0,1)"
2021-11-30,-0.0002228112147467774,TLT,"ARIMA(1,0,1)"
2021-12-01,-0.0007961862568527957,TLT,"ARIMA(1,0,1)"
2021-12-02,-0.00037183580542567146,TLT,"ARIMA(1,0,1)"
2021-12-03,-0.00032759515054891423,TLT,"ARIMA(1,0,1)"
2021-12-06,-0.0004092246263531482,TLT,"ARIMA(1,0,1)"
2021-12-07,0.0003874793315791017,TLT,"ARIMA(1,0,1)"
2021-12-08,-1.2594033657741031e-05,TLT,"ARIMA(1,0,1)"
2021-12-09,-0.00017427676898417927,TLT,"ARIMA(1,0,1)"
2021-12-10,-0.000517685557284512,TLT,"ARIMA(1,0,1)"
2021-12-13,3.669749596371978e-05,TLT,"ARIMA(1,0,1)"
2021-12-14,-0.00013944800877536257,TLT,"ARIMA(1,0,1)"
2021-12-15,-0.00013788076316190363,TLT,"ARIMA(1,0,1)"
2021-12-16,-1.8746870749119902e-05,TLT,"ARIMA(1,0,1)"
2021-12-17,-0.00022945450717178244,TLT,"ARIMA(1,0,1)"
2021-12-20,-0.0004007899308605306,TLT,"ARIMA(1,0,1)"
2021-12-21,6.143149350368403e-05,TLT,"ARIMA(1,0,1)"
2021-12-22,-3.7322869078067005e-06,TLT,"ARIMA(1,0,1)"
2021-12-23,-0.00019395138303496972,TLT,"ARIMA(1,0,1)"
2021-12-27,8.073326374320757e-05,TLT,"ARIMA(1,0,1)"
2021-12-28,-0.00016778200663502643,TLT,"ARIMA(1,0,1)"
2021-12-29,-5.936260167841684e-05,TLT,"ARIMA(1,0,1)"
2021-12-30,0.0001486732458149327,TLT,"ARIMA(1,0,1)"
2021-12-31,-0.00034980642686421675,TLT,"ARIMA(1,0,1)"
2022-01-03,-0.00033391735832718805,TLT,"ARIMA(1,0,1)"
2022-01-04,0.001328689920487347,TLT,"ARIMA(1,0,1)"
2022-01-05,0.0013817531093415318,TLT,"ARIMA(1,0,1)"
2022-01-06,0.001317971565169813,TLT,"ARIMA(1,0,1)"
2022-01-07,0.0006676160441612781,TLT,"ARIMA(1,0,1)"
2022-01-10,0.0005239285262869966,TLT,"ARIMA(1,0,1)"
2022-01-11,9.798892876637308e-05,TLT,"ARIMA(1,0,1)"
2022-01-12,0.0004094997690728512,TLT,"ARIMA(1,0,1)"
2022-01-13,0.0006505401671995331,TLT,"ARIMA(1,0,1)"
2022-01-14,-0.00043862224205110675,TLT,"ARIMA(1,0,1)"
2022-01-18,0.00037079951184094593,TLT,"ARIMA(1,0,1)"
2022-01-19,0.001400649585901416,TLT,"ARIMA(1,0,1)"
2022-01-20,0.0003517834123867195,TLT,"ARIMA(1,0,1)"
2022-01-21,0.001558361630103869,TLT,"ARIMA(1,0,1)"
2022-01-24,-0.00016312648723537483,TLT,"ARIMA(1,0,1)"
2022-01-25,-0.0002424058815784089,TLT,"ARIMA(1,0,1)"
2022-01-26,-0.00024134353366176534,TLT,"ARIMA(1,0,1)"
2022-01-27,0.00013106397540942166,TLT,"ARIMA(1,0,1)"
2022-01-28,0.00018217342982719211,TLT,"ARIMA(1,0,1)"
2022-01-31,0.00013849720232871044,TLT,"ARIMA(1,0,1)"
2022-02-01,0.0005691972708584109,TLT,"ARIMA(1,0,1)"
2022-02-02,8.32571793340301e-05,TLT,"ARIMA(1,0,1)"
2022-02-03,-0.0003503373916352849,TLT,"ARIMA(1,0,1)"
2022-02-04,0.0004479838707904852,TLT,"ARIMA(1,0,1)"
2022-02-07,-0.0001905610487271016,TLT,"ARIMA(1,0,1)"
2022-02-08,-0.00023276443820134378,TLT,"ARIMA(1,0,1)"
2022-02-09,0.0008647382263480424,TLT,"ARIMA(1,0,1)"
2022-02-10,0.0005594402589376994,TLT,"ARIMA(1,0,1)"
2022-02-11,0.0010987457870675005,TLT,"ARIMA(1,0,1)"
2022-02-14,-0.00038139559321710107,TLT,"ARIMA(1,0,1)"
2022-02-15,0.0005985550189322999,TLT,"ARIMA(1,0,1)"
2022-02-16,0.0017411267218360265,TLT,"ARIMA(1,0,1)"
2022-02-17,0.0007571512635910524,TLT,"ARIMA(1,0,1)"
2022-02-18,-0.0001646999864755592,TLT,"ARIMA(1,0,1)"
2022-02-22,-0.0007163777049418667,TLT,"ARIMA(1,0,1)"
2022-02-23,-0.0010611996418303422,TLT,"ARIMA(1,0,1)"
2022-02-24,0.001165069546480812,TLT,"ARIMA(1,0,1)"
2022-02-25,-1.5621647288524794e-05,TLT,"ARIMA(1,0,1)"
2022-02-28,-0.00011818372157612618,TLT,"ARIMA(1,0,1)"
2022-03-01,1.9955384245463086e-05,TLT,"ARIMA(1,0,1)"
2022-03-02,6.585897455189894e-05,TLT,"ARIMA(1,0,1)"
2022-03-03,-2.862977585004431e-05,TLT,"ARIMA(1,0,1)"
2022-03-04,-0.0005827165717971826,TLT,"ARIMA(1,0,1)"
2022-03-07,-0.0009644487979819985,TLT,"ARIMA(1,0,1)"
2022-03-08,0.0008769609213869185,TLT,"ARIMA(1,0,1)"
2022-03-09,0.0007340376533743279,TLT,"ARIMA(1,0,1)"
2022-03-10,0.0011823914722048183,TLT,"ARIMA(1,0,1)"
2022-03-11,0.001549387917448801,TLT,"ARIMA(1,0,1)"
2022-03-14,0.0011364142168676828,TLT,"ARIMA(1,0,1)"
2022-03-15,0.0008371306390684726,TLT,"ARIMA(1,0,1)"
2022-03-16,0.001074429014036566,TLT,"ARIMA(1,0,1)"
2022-03-17,0.001493348697084795,TLT,"ARIMA(1,0,1)"
2022-03-18,0.001590862445682205,TLT,"ARIMA(1,0,1)"
2022-03-21,0.0008781167357112515,TLT,"ARIMA(1,0,1)"
2022-03-22,0.002449667991986897,TLT,"ARIMA(1,0,1)"
2022-03-23,0.0026119573335398262,TLT,"ARIMA(1,0,1)"
2022-03-24,-0.00014721226221120766,TLT,"ARIMA(1,0,1)"
2022-03-25,0.00027198494877273634,TLT,"ARIMA(1,0,1)"
2022-03-28,0.001813062475636482,TLT,"ARIMA(1,0,1)"
2022-03-29,-0.00016192339654086423,TLT,"ARIMA(1,0,1)"
2022-03-30,-0.0007608754295957364,TLT,"ARIMA(1,0,1)"
2022-03-31,-0.001313640037802457,TLT,"ARIMA(1,0,1)"
2022-04-01,-0.0006644362552423869,TLT,"ARIMA(1,0,1)"
2022-04-04,-0.0013255397700684558,TLT,"ARIMA(1,0,1)"
2022-04-05,-0.00031540916700265303,TLT,"ARIMA(1,0,1)"
2022-04-06,0.0021147466732799576,TLT,"ARIMA(1,0,1)"
2022-04-07,0.0021760263355696517,TLT,"ARIMA(1,0,1)"
2022-04-08,0.0008576381326698274,TLT,"ARIMA(1,0,1)"
2022-04-11,0.00018124428278453326,TLT,"ARIMA(1,0,1)"
2022-04-12,-3.3048054058682646e-05,TLT,"ARIMA(1,0,1)"
2022-04-13,-0.0003736004957967445,TLT,"ARIMA(1,0,1)"
2022-04-14,-0.0005087164394426927,TLT,"ARIMA(1,0,1)"
2022-04-18,-4.3203419520452895e-05,TLT,"ARIMA(1,0,1)"
2022-04-19,-0.00046450387182851835,TLT,"ARIMA(1,0,1)"
2022-04-20,-0.0004463629598503621,TLT,"ARIMA(1,0,1)"
2022-04-21,-0.0010029003832160482,TLT,"ARIMA(1,0,1)"
2022-04-22,-0.0004002641562322433,TLT,"ARIMA(1,0,1)"
2022-04-25,-0.0003646231223436635,TLT,"ARIMA(1,0,1)"
2022-04-26,-0.0008292103888593817,TLT,"ARIMA(1,0,1)"
2022-04-27,-0.0007194358686973595,TLT,"ARIMA(1,0,1)"
2022-04-28,-0.00010505914319034859,TLT,"ARIMA(1,0,1)"
2022-04-29,-0.0005143841782561844,TLT,"ARIMA(1,0,1)"
2022-05-02,-8.14426674844781e-05,TLT,"ARIMA(1,0,1)"
2022-05-03,-0.0001867590996895549,TLT,"ARIMA(1,0,1)"
2022-05-04,-0.0008251811278344443,TLT,"ARIMA(1,0,1)"
2022-05-05,-0.0007692613489196642,TLT,"ARIMA(1,0,1)"
2022-05-06,0.00032101140737654293,TLT,"ARIMA(1,0,1)"
2022-05-09,-0.0005137505277068142,TLT,"ARIMA(1,0,1)"
2022-05-10,-0.0009474792024035209,TLT,"ARIMA(1,0,1)"
2022-05-11,-0.0008288493611350646,TLT,"ARIMA(1,0,1)"
2022-05-12,-0.0008126427332784525,TLT,"ARIMA(1,0,1)"
2022-05-13,-0.00046736903138419914,TLT,"ARIMA(1,0,1)"
2022-05-16,-0.0003499135014681373,TLT,"ARIMA(1,0,1)"
2022-05-17,-0.000593608740219832,TLT,"ARIMA(1,0,1)"
2022-05-18,-0.0004338590031600654,TLT,"ARIMA(1,0,1)"
2022-05-19,-0.001160540845081513,TLT,"ARIMA(1,0,1)"
2022-05-20,-0.0007507732706125401,TLT,"ARIMA(1,0,1)"
2022-05-23,-0.0009214055467488032,TLT,"ARIMA(1,0,1)"
2022-05-24,-0.0004410608710689269,TLT,"ARIMA(1,0,1)"
2022-05-25,-0.0021561129353371905,TLT,"ARIMA(1,0,1)"
2022-05-26,-0.0019814022201951943,TLT,"ARIMA(1,0,1)"
2022-05-27,-0.0012075442555696254,TLT,"ARIMA(1,0,1)"
2022-05-31,-0.0006746024784890945,TLT,"ARIMA(1,0,1)"
2022-06-01,0.0006173466826877426,TLT,"ARIMA(1,0,1)"
2022-06-02,-0.0002623760587269808,TLT,"ARIMA(1,0,1)"
2022-06-03,-0.0005275287082757562,TLT,"ARIMA(1,0,1)"
2022-06-06,-0.0005723192192646816,TLT,"ARIMA(1,0,1)"
2022-06-07,0.00020780480712445746,TLT,"ARIMA(1,0,1)"
2022-06-08,-0.0003335957929147315,TLT,"ARIMA(1,0,1)"
2022-06-09,0.00023611468651994793,TLT,"ARIMA(1,0,1)"
2022-06-10,-0.0008573946584836118,TLT,"ARIMA(1,0,1)"
2022-06-13,-0.0004893065470307489,TLT,"ARIMA(1,0,1)"
2022-06-14,0.0021491236887813733,TLT,"ARIMA(1,0,1)"
2022-06-15,0.0001564742299923266,TLT,"ARIMA(1,0,1)"
2022-06-16,-0.0002266230922816576,TLT,"ARIMA(1,0,1)"
2022-06-17,-0.0011447383834404697,TLT,"ARIMA(1,0,1)"
2022-06-21,-0.0013589461040015463,TLT,"ARIMA(1,0,1)"
2022-06-22,5.411926041199908e-05,TLT,"ARIMA(1,0,1)"
2022-06-23,-0.002649583050827791,TLT,"ARIMA(1,0,1)"
2022-06-24,-0.0028444261290233464,TLT,"ARIMA(1,0,1)"
2022-06-27,-0.0002591951623675022,TLT,"ARIMA(1,0,1)"
2022-06-28,-0.0005223199271637188,TLT,"ARIMA(1,0,1)"
2022-06-29,-0.0011731251190870897,TLT,"ARIMA(1,0,1)"
2022-06-30,-0.0026285491993110056,TLT,"ARIMA(1,0,1)"
2022-07-01,-0.0030900159813580736,TLT,"ARIMA(1,0,1)"
2022-07-05,-0.0034510675389137916,TLT,"ARIMA(1,0,1)"
2022-07-06,-0.0035546525263852767,TLT,"ARIMA(1,0,1)"
2022-07-07,-0.0019281810334689608,TLT,"ARIMA(1,0,1)"
2022-07-08,-0.001204366415726273,TLT,"ARIMA(1,0,1)"
2022-07-11,-0.00040252514453860216,TLT,"ARIMA(1,0,1)"
2022-07-12,-0.0019261529457105398,TLT,"ARIMA(1,0,1)"
2022-07-13,-0.0023290293624944154,TLT,"ARIMA(1,0,1)"
2022-07-14,-0.0029768673806263336,TLT,"ARIMA(1,0,1)"
2022-07-15,-0.0020722664443182494,TLT,"ARIMA(1,0,1)"
2022-07-18,-0.0024739466104958014,TLT,"ARIMA(1,0,1)"
2022-07-19,-0.0013112406659066423,TLT,"ARIMA(1,0,1)"
2022-07-20,-0.0010494779959275206,TLT,"ARIMA(1,0,1)"
2022-07-21,-0.0009552058898556399,TLT,"ARIMA(1,0,1)"
2022-07-22,-0.0027661624059862728,TLT,"ARIMA(1,0,1)"
2022-07-25,-0.0035026606810034727,TLT,"ARIMA(1,0,1)"
2022-07-26,-0.001655983649516884,TLT,"ARIMA(1,0,1)"
2022-07-27,-0.002224820235945396,TLT,"ARIMA(1,0,1)"
2022-07-28,-0.0009737317653994552,TLT,"ARIMA(1,0,1)"
2022-07-29,-0.0012121867828708865,TLT,"ARIMA(1,0,1)"
2022-08-01,-0.0013990977932058007,TLT,"ARIMA(1,0,1)"
2022-08-02,-0.0035356301374218904,TLT,"ARIMA(1,0,1)"
2022-08-03,-0.0016245112028062895,TLT,"ARIMA(1,0,1)"
2022-08-04,-0.004780518165757577,TLT,"ARIMA(1,0,1)"
2022-08-05,-0.004517641569727837,TLT,"ARIMA(1,0,1)"
2022-08-08,-0.0005869457410122694,TLT,"ARIMA(1,0,1)"
2022-08-09,-0.0015969438453062742,TLT,"ARIMA(1,0,1)"
2022-08-10,-0.0013225595234836332,TLT,"ARIMA(1,0,1)"
2022-08-11,-0.0005651685414942472,TLT,"ARIMA(1,0,1)"
2022-08-12,0.0008484381434912126,TLT,"ARIMA(1,0,1)"
2022-08-15,-0.00032748292298652166,TLT,"ARIMA(1,0,1)"
2022-08-16,-0.00034560315031764764,TLT,"ARIMA(1,0,1)"
2022-08-17,-0.0014812213264612057,TLT,"ARIMA(1,0,1)"
2022-08-18,-0.0008507573531608456,TLT,"ARIMA(1,0,1)"
2022-08-19,-0.0010199189545587663,TLT,"ARIMA(1,0,1)"
2022-08-22,-0.0006642015539329016,TLT,"ARIMA(1,0,1)"
2022-08-23,-0.0004427563522255357,TLT,"ARIMA(1,0,1)"
2022-08-24,-2.1948241008218957e-05,TLT,"ARIMA(1,0,1)"
2022-08-25,0.00032076048361287133,TLT,"ARIMA(1,0,1)"
2022-08-26,-0.0006240354370728415,TLT,"ARIMA(1,0,1)"
2022-08-29,-0.0012019869589567002,TLT,"ARIMA(1,0,1)"
2022-08-30,-0.0005772809089620067,TLT,"ARIMA(1,0,1)"
2022-08-31,-0.0009768941867584389,TLT,"ARIMA(1,0,1)"
2022-09-01,-0.0005922624268410355,TLT,"ARIMA(1,0,1)"
2022-09-02,0.0012171004473506579,TLT,"ARIMA(1,0,1)"
2022-09-06,-0.00013316003129100885,TLT,"ARIMA(1,0,1)"
2022-09-07,0.0022340031284777215,TLT,"ARIMA(1,0,1)"
2022-09-08,0.000856306292258412,TLT,"ARIMA(1,0,1)"
2022-09-09,0.0017105590828762486,TLT,"ARIMA(1,0,1)"
2022-09-12,0.0008399151748143649,TLT,"ARIMA(1,0,1)"
2022-09-13,-0.0005787747952954935,TLT,"ARIMA(1,0,1)"
2022-09-14,-0.0006419470665315504,TLT,"ARIMA(1,0,1)"
2022-09-15,4.654345479348132e-05,TLT,"ARIMA(1,0,1)"
2022-09-16,-0.0006712696680461193,TLT,"ARIMA(1,0,1)"
2022-09-19,-0.000707417599842353,TLT,"ARIMA(1,0,1)"
2022-09-20,-0.00014819362380392694,TLT,"ARIMA(1,0,1)"
2022-09-21,-0.00020780181829923488,TLT,"ARIMA(1,0,1)"
2022-09-22,-0.0011755608216484602,TLT,"ARIMA(1,0,1)"
2022-09-23,0.00027391354554535236,TLT,"ARIMA(1,0,1)"
2022-09-26,-0.00024092799002953637,TLT,"ARIMA(1,0,1)"
2022-09-27,0.0011830140828461018,TLT,"ARIMA(1,0,1)"
2022-09-28,0.0038026722612523036,TLT,"ARIMA(1,0,1)"
2022-09-29,-0.0029140910359024648,TLT,"ARIMA(1,0,1)"
2022-09-30,-0.0007284378408801771,TLT,"ARIMA(1,0,1)"
2022-10-03,0.0004584577823504355,TLT,"ARIMA(1,0,1)"
2022-10-04,-0.0026303963675330965,TLT,"ARIMA(1,0,1)"
2022-10-05,-0.001935610360804716,TLT,"ARIMA(1,0,1)"
2022-10-06,-0.00045881710572124603,TLT,"ARIMA(1,0,1)"
2022-10-07,-5.2566892675220186e-05,TLT,"ARIMA(1,0,1)"
2022-10-10,0.0007746231193786887,TLT,"ARIMA(1,0,1)"
2022-10-11,0.002094456856124129,TLT,"ARIMA(1,0,1)"
2022-10-12,0.0003141295142199342,TLT,"ARIMA(1,0,1)"
2022-10-13,-0.0013458755973876553,TLT,"ARIMA(1,0,1)"
2022-10-14,-0.0001834894547286419,TLT,"ARIMA(1,0,1)"
2022-10-17,0.00046394964596003065,TLT,"ARIMA(1,0,1)"
2022-10-18,0.00040203127518903536,TLT,"ARIMA(1,0,1)"
2022-10-19,-0.0007845678073572756,TLT,"ARIMA(1,0,1)"
2022-10-20,0.0014651661081668277,TLT,"ARIMA(1,0,1)"
2022-10-21,0.0026378607494758587,TLT,"ARIMA(1,0,1)"
2022-10-24,0.003442694201166906,TLT,"ARIMA(1,0,1)"
2022-10-25,0.0026658717978611506,TLT,"ARIMA(1,0,1)"
2022-10-26,-0.0023792565075790553,TLT,"ARIMA(1,0,1)"
2022-10-27,-0.0031130030207197215,TLT,"ARIMA(1,0,1)"
2022-10-28,-0.004241995512603973,TLT,"ARIMA(1,0,1)"
2022-10-31,-0.0031444815547409205,TLT,"ARIMA(1,0,1)"
2022-11-01,-0.0021343083335792095,TLT,"ARIMA(1,0,1)"
2022-11-02,-0.003373159256220423,TLT,"ARIMA(1,0,1)"
2022-11-03,-0.0027617473771673904,TLT,"ARIMA(1,0,1)"
2022-11-04,-0.0019934894111492425,TLT,"ARIMA(1,0,1)"
2022-11-07,-5.0803769329895885e-05,TLT,"ARIMA(1,0,1)"
2022-11-08,0.0003099416666016157,TLT,"ARIMA(1,0,1)"
2022-11-09,-0.0014793179540671215,TLT,"ARIMA(1,0,1)"
2022-11-10,-0.002127511397141706,TLT,"ARIMA(1,0,1)"
2022-11-11,-0.007289621693776831,TLT,"ARIMA(1,0,1)"
2022-11-14,-0.005270896531221133,TLT,"ARIMA(1,0,1)"
2022-11-15,-0.004724012061135402,TLT,"ARIMA(1,0,1)"
2022-11-16,-0.005431095999629113,TLT,"ARIMA(1,0,1)"
2022-11-17,-0.006919858691492788,TLT,"ARIMA(1,0,1)"
2022-11-18,-0.004510515305086748,TLT,"ARIMA(1,0,1)"
2022-11-21,-0.003262529085051323,TLT,"ARIMA(1,0,1)"
2022-11-22,-0.003346463642072638,TLT,"ARIMA(1,0,1)"
2022-11-23,-0.004396000831426652,TLT,"ARIMA(1,0,1)"
2022-11-25,-0.004475268996871954,TLT,"ARIMA(1,0,1)"
2022-11-28,-0.004139844496303385,TLT,"ARIMA(1,0,1)"
2022-11-29,-0.004246943333031841,TLT,"ARIMA(1,0,1)"
2022-11-30,-0.0014207912363625984,TLT,"ARIMA(1,0,1)"
2022-12-01,-0.0039022775385431454,TLT,"ARIMA(1,0,1)"
2022-12-02,-0.0058182232668139355,TLT,"ARIMA(1,0,1)"
2022-12-05,-0.0035244298617054144,TLT,"ARIMA(1,0,1)"
2022-12-06,-0.003453593153834543,TLT,"ARIMA(1,0,1)"
2022-12-07,-0.003272911257508876,TLT,"ARIMA(1,0,1)"
2022-12-08,-0.004841599217331827,TLT,"ARIMA(1,0,1)"
2022-12-09,-0.0033447047340954003,TLT,"ARIMA(1,0,1)"
2022-12-12,-0.0008150111408095902,TLT,"ARIMA(1,0,1)"
2022-12-13,-0.001183025806513433,TLT,"ARIMA(1,0,1)"
2022-12-14,-0.0021255238354174204,TLT,"ARIMA(1,0,1)"
2022-12-15,-0.0022697218360847593,TLT,"ARIMA(1,0,1)"
2022-12-16,-0.002325669334803474,TLT,"ARIMA(1,0,1)"
2022-12-19,-0.0013174698680878823,TLT,"ARIMA(1,0,1)"
2022-12-20,0.0005137513386724883,TLT,"ARIMA(1,0,1)"
2022-12-21,0.000841450922403817,TLT,"ARIMA(1,0,1)"
2022-12-22,-0.00030292496139877785,TLT,"ARIMA(1,0,1)"
2022-12-23,-0.0005879969220621308,TLT,"ARIMA(1,0,1)"
2022-12-27,0.00016675375279802005,TLT,"ARIMA(1,0,1)"
2022-12-28,0.0008035747585121863,TLT,"ARIMA(1,0,1)"
2022-12-29,0.00021492877360309356,TLT,"ARIMA(1,0,1)"
2022-12-30,-0.00148514079970049,TLT,"ARIMA(1,0,1)"
2023-01-03,-0.0004778438133161984,TLT,"ARIMA(1,0,1)"
2023-01-04,-0.0015009655178793823,TLT,"ARIMA(1,0,1)"
2023-01-05,-0.002466528542420944,TLT,"ARIMA(1,0,1)"
2023-01-06,-0.002307998701265257,TLT,"ARIMA(1,0,1)"
2023-01-09,-0.0026747826866055343,TLT,"ARIMA(1,0,1)"
2023-01-10,-0.0029000520684547707,TLT,"ARIMA(1,0,1)"
2023-01-11,-0.0011920854542331837,TLT,"ARIMA(1,0,1)"
2023-01-12,-0.0019970711211767696,TLT,"ARIMA(1,0,1)"
2023-01-13,-0.0031470778809447077,TLT,"ARIMA(1,0,1)"
2023-01-17,-0.0014257346601792376,TLT,"ARIMA(1,0,1)"
2023-01-18,-0.0009656144335996855,TLT,"ARIMA(1,0,1)"
2023-01-19,-0.0028520031224630407,TLT,"ARIMA(1,0,1)"
2023-01-20,-0.0014767964363890881,TLT,"ARIMA(1,0,1)"
2023-01-23,0.00011474343852045004,TLT,"ARIMA(1,0,1)"
2023-01-24,-0.00035209275780661285,TLT,"ARIMA(1,0,1)"
2023-01-25,-0.0019017935691920775,TLT,"ARIMA(1,0,1)"
2023-01-26,-0.0017418596948345982,TLT,"ARIMA(1,0,1)"
2023-01-27,-0.0011279484893765652,TLT,"ARIMA(1,0,1)"
2023-01-30,-0.000942732818063959,TLT,"ARIMA(1,0,1)"
2023-01-31,-0.0008581371412390382,TLT,"ARIMA(1,0,1)"
2023-02-01,-0.0016144471741442936,TLT,"ARIMA(1,0,1)"
2023-02-02,-0.001581665636253803,TLT,"ARIMA(1,0,1)"
2023-02-03,-0.0018125524683733805,TLT,"ARIMA(1,0,1)"
2023-02-06,-0.0004375968545591916,TLT,"ARIMA(1,0,1)"
2023-02-07,-0.00021613085604269737,TLT,"ARIMA(1,0,1)"
2023-02-08,-3.503640831470866e-05,TLT,"ARIMA(1,0,1)"
2023-02-09,-0.0008871521108233288,TLT,"ARIMA(1,0,1)"
2023-02-10,-0.00029866386408484774,TLT,"ARIMA(1,0,1)"
2023-02-13,7.979713416243284e-05,TLT,"ARIMA(1,0,1)"
2023-02-14,-0.001386567780066219,TLT,"ARIMA(1,0,1)"
2023-02-15,-0.0009650602331072324,TLT,"ARIMA(1,0,1)"
2023-02-16,-0.0007791459362339491,TLT,"ARIMA(1,0,1)"
2023-02-17,0.00017269046819788376,TLT,"ARIMA(1,0,1)"
2023-02-21,-0.0011955172968915687,TLT,"ARIMA(1,0,1)"
2023-02-22,0.00024911574393176065,TLT,"ARIMA(1,0,1)"
2023-02-23,-0.00116206104990804,TLT,"ARIMA(1,0,1)"
2023-02-24,-0.0019277755706542665,TLT,"ARIMA(1,0,1)"
2023-02-27,-0.0006411689240990526,TLT,"ARIMA(1,0,1)"
2023-02-28,-0.0011884182100612506,TLT,"ARIMA(1,0,1)"
2023-03-01,-0.0015742030400785413,TLT,"ARIMA(1,0,1)"
2023-03-02,-0.0006926042863968486,TLT,"ARIMA(1,0,1)"
2023-03-03,-0.0004717679165444537,TLT,"ARIMA(1,0,1)"
2023-03-06,-0.0023610831758719094,TLT,"ARIMA(1,0,1)"
2023-03-07,-0.00108201335701534,TLT,"ARIMA(1,0,1)"
2023-03-08,-0.0016635912093363812,TLT,"ARIMA(1,0,1)"
2023-03-09,-0.0013389820947271964,TLT,"ARIMA(1,0,1)"
2023-03-10,-0.0013099218773961194,TLT,"ARIMA(1,0,1)"
2023-03-13,-0.0035238729884407944,TLT,"ARIMA(1,0,1)"
2023-03-14,-0.001236350158895969,TLT,"ARIMA(1,0,1)"
2023-03-15,-0.0006853926006792584,TLT,"ARIMA(1,0,1)"
2023-03-16,-0.0020817665878392093,TLT,"ARIMA(1,0,1)"
2023-03-17,-0.0009129188546472918,TLT,"ARIMA(1,0,1)"
2023-03-20,-0.002006123886209089,TLT,"ARIMA(1,0,1)"
2023-03-21,-0.0007596568201229403,TLT,"ARIMA(1,0,1)"
2023-03-22,-0.00028768286015446733,TLT,"ARIMA(1,0,1)"
2023-03-23,-0.0014865107589337508,TLT,"ARIMA(1,0,1)"
2023-03-24,-0.0008256863422461482,TLT,"ARIMA(1,0,1)"
2023-03-27,-0.0009965590932516741,TLT,"ARIMA(1,0,1)"
2023-03-28,0.0007071569617523366,TLT,"ARIMA(1,0,1)"
2023-03-29,-0.0004342756045052266,TLT,"ARIMA(1,0,1)"
2023-03-30,-0.0005680397696821713,TLT,"ARIMA(1,0,1)"
2023-03-31,-0.0009535227832597205,TLT,"ARIMA(1,0,1)"
2023-04-03,-0.002024539814231209,TLT,"ARIMA(1,0,1)"
2023-04-04,-0.0013540296850155231,TLT,"ARIMA(1,0,1)"
2023-04-05,-0.001336263274865512,TLT,"ARIMA(1,0,1)"
2023-04-06,-0.0017914095230204545,TLT,"ARIMA(1,0,1)"
2023-04-10,-0.0013900714417225777,TLT,"ARIMA(1,0,1)"
2023-04-11,-1.4754561941697562e-05,TLT,"ARIMA(1,0,1)"
2023-04-12,-0.00036808097478376164,TLT,"ARIMA(1,0,1)"
2023-04-13,-0.00036353697841039906,TLT,"ARIMA(1,0,1)"
2023-04-14,3.4334548443542277e-05,TLT,"ARIMA(1,0,1)"
2023-04-17,0.0006174036404508603,TLT,"ARIMA(1,0,1)"
2023-04-18,0.0005902735602087826,TLT,"ARIMA(1,0,1)"
2023-04-19,-9.952089648689863e-05,TLT,"ARIMA(1,0,1)"
2023-04-20,-0.0002338006417118211,TLT,"ARIMA(1,0,1)"
2023-04-21,-0.0010781799142127167,TLT,"ARIMA(1,0,1)"
2023-04-24,-0.00039280465008739306,TLT,"ARIMA(1,0,1)"
2023-04-25,-0.0009940461876991001,TLT,"ARIMA(1,0,1)"
2023-04-26,-0.0019304389177304223,TLT,"ARIMA(1,0,1)"
2023-04-27,-0.0004438794721120211,TLT,"ARIMA(1,0,1)"
2023-04-28,0.0002693190708378013,TLT,"ARIMA(1,0,1)"
2023-05-01,-0.001406656988717895,TLT,"ARIMA(1,0,1)"
2023-05-02,0.0015891379380756528,TLT,"ARIMA(1,0,1)"
2023-05-03,-0.001446872675534285,TLT,"ARIMA(1,0,1)"
2023-05-04,-0.0013397703580987602,TLT,"ARIMA(1,0,1)"
2023-05-05,-0.0001557017051017731,TLT,"ARIMA(1,0,1)"
2023-05-08,3.39788848182633e-05,TLT,"ARIMA(1,0,1)"
2023-05-09,0.0011662056544768699,TLT,"ARIMA(1,0,1)"
2023-05-10,0.000909459030912239,TLT,"ARIMA(1,0,1)"
2023-05-11,-0.0005785787189829081,TLT,"ARIMA(1,0,1)"
2023-05-12,-0.0016991575660374823,TLT,"ARIMA(1,0,1)"
2023-05-15,-0.0002885306505099196,TLT,"ARIMA(1,0,1)"
2023-05-16,0.000575229995581205,TLT,"ARIMA(1,0,1)"
2023-05-17,0.0004874691256022063,TLT,"ARIMA(1,0,1)"
2023-05-18,0.0002152575613287645,TLT,"ARIMA(1,0,1)"
2023-05-19,0.0005669257528981871,TLT,"ARIMA(1,0,1)"
2023-05-22,0.0003837509671321026,TLT,"ARIMA(1,0,1)"
2023-05-23,0.00032701958360300523,TLT,"ARIMA(1,0,1)"
2023-05-24,-0.0005825704909253903,TLT,"ARIMA(1,0,1)"
2023-05-25,-0.00016173583557121664,TLT,"ARIMA(1,0,1)"
2023-05-26,-0.00029097155246643014,TLT,"ARIMA(1,0,1)"
2023-05-30,-0.0010816835153424533,TLT,"ARIMA(1,0,1)"
2023-05-31,-0.0014536695482073848,TLT,"ARIMA(1,0,1)"
2023-06-01,-0.0018068910748421498,TLT,"ARIMA(1,0,1)"
2023-06-02,-0.0010205319737362638,TLT,"ARIMA(1,0,1)"
2023-06-05,0.00020493514770036946,TLT,"ARIMA(1,0,1)"
2023-06-06,-2.9754063229183282e-05,TLT,"ARIMA(1,0,1)"
2023-06-07,-0.0007795145683306864,TLT,"ARIMA(1,0,1)"
2023-06-08,0.0008477642697203318,TLT,"ARIMA(1,0,1)"
2023-06-09,-0.0008802947234178388,TLT,"ARIMA(1,0,1)"
2023-06-12,-0.00046133058068109287,TLT,"ARIMA(1,0,1)"
2023-06-13,-0.0006861192417751407,TLT,"ARIMA(1,0,1)"
2023-06-14,0.0004133931107592979,TLT,"ARIMA(1,0,1)"
2023-06-15,-0.0007045949890500043,TLT,"ARIMA(1,0,1)"
2023-06-16,-0.001286581178440097,TLT,"ARIMA(1,0,1)"
2023-06-20,-0.0002254759134254657,TLT,"ARIMA(1,0,1)"
2023-06-21,-0.00099874416433365,TLT,"ARIMA(1,0,1)"
2023-06-22,-0.000596965089765685,TLT,"ARIMA(1,0,1)"
2023-06-23,0.0006017004829665062,TLT,"ARIMA(1,0,1)"
2023-06-26,-0.0008199271488818373,TLT,"ARIMA(1,0,1)"
2023-06-27,-0.0006419119619964391,TLT,"ARIMA(1,0,1)"
2023-06-28,-0.00012075863883862103,TLT,"ARIMA(1,0,1)"
2023-06-29,-0.0005492258320611209,TLT,"ARIMA(1,0,1)"
2023-06-30,0.0012714115237377113,TLT,"ARIMA(1,0,1)"
2023-07-03,-0.0008781979089132106,TLT,"ARIMA(1,0,1)"
2023-07-05,-3.9543146607789775e-05,TLT,"ARIMA(1,0,1)"
2023-07-06,0.0007466430922975604,TLT,"ARIMA(1,0,1)"
2023-07-07,0.0013105301010548189,TLT,"ARIMA(1,0,1)"
2023-07-10,0.0006629513879486582,TLT,"ARIMA(1,0,1)"
2023-07-11,-0.0003448473188897743,TLT,"ARIMA(1,0,1)"
2023-07-12,-0.0008782518215767612,TLT,"ARIMA(1,0,1)"
2023-07-13,-0.001625861510374853,TLT,"ARIMA(1,0,1)"
2023-07-14,-0.001922358420506402,TLT,"ARIMA(1,0,1)"
2023-07-17,-0.0002563143956334479,TLT,"ARIMA(1,0,1)"
2023-07-18,-0.00044199051591786655,TLT,"ARIMA(1,0,1)"
2023-07-19,-0.0008666858672742433,TLT,"ARIMA(1,0,1)"
2023-07-20,-0.0014597405072938221,TLT,"ARIMA(1,0,1)"
2023-07-21,0.0005699678965372143,TLT,"ARIMA(1,0,1)"
2023-07-24,-0.00023890765384767545,TLT,"ARIMA(1,0,1)"
2023-07-25,-9.437535883217822e-05,TLT,"ARIMA(1,0,1)"
2023-07-26,-0.00030221886750792925,TLT,"ARIMA(1,0,1)"
2023-07-27,-0.0005757703284814341,TLT,"ARIMA(1,0,1)"
2023-07-28,0.0013118452488164374,TLT,"ARIMA(1,0,1)"
2023-07-31,-0.0006694157309672882,TLT,"ARIMA(1,0,1)"
2023-08-01,-0.0008218258060601048,TLT,"ARIMA(1,0,1)"
2023-08-02,0.0011095625373599713,TLT,"ARIMA(1,0,1)"
2023-08-03,-5.6334468431959786e-05,TLT,"ARIMA(1,0,1)"
2023-08-04,0.0006708797079719401,TLT,"ARIMA(1,0,1)"
2023-08-07,-0.0014289079999977726,TLT,"ARIMA(1,0,1)"
2023-08-08,-0.0001080075476737974,TLT,"ARIMA(1,0,1)"
2023-08-09,-0.0014290951924974052,TLT,"ARIMA(1,0,1)"
2023-08-10,-0.0012042398970750225,TLT,"ARIMA(1,0,1)"
2023-08-11,0.0005692468117335953,TLT,"ARIMA(1,0,1)"
2023-08-14,-0.00043741861858020997,TLT,"ARIMA(1,0,1)"
2023-08-15,-0.0004946554805864663,TLT,"ARIMA(1,0,1)"
2023-08-16,-0.0003137074881637583,TLT,"ARIMA(1,0,1)"
2023-08-17,-0.00024612385719150766,TLT,"ARIMA(1,0,1)"
2023-08-18,-0.0005229898471568024,TLT,"ARIMA(1,0,1)"
2023-08-21,-0.0009648639626196173,TLT,"ARIMA(1,0,1)"
2023-08-22,0.0001141835022571377,TLT,"ARIMA(1,0,1)"
2023-08-23,-0.0012155969659038406,TLT,"ARIMA(1,0,1)"
2023-08-24,-0.002056523583445081,TLT,"ARIMA(1,0,1)"
2023-08-25,-0.0009023714568055492,TLT,"ARIMA(1,0,1)"
2023-08-28,-0.0007692413171422482,TLT,"ARIMA(1,0,1)"
2023-08-29,-0.0006550391241470984,TLT,"ARIMA(1,0,1)"
2023-08-30,-0.0012507492072564527,TLT,"ARIMA(1,0,1)"
2023-08-31,-0.00045903568581877324,TLT,"ARIMA(1,0,1)"
2023-09-01,-0.000842156934893648,TLT,"ARIMA(1,0,1)"
2023-09-05,0.0006357647575619549,TLT,"ARIMA(1,0,1)"
2023-09-06,0.0001297189375048033,TLT,"ARIMA(1,0,1)"
2023-09-07,-0.0007145911277411928,TLT,"ARIMA(1,0,1)"
2023-09-08,-0.0005125088308610953,TLT,"ARIMA(1,0,1)"
2023-09-11,-0.000615559034244266,TLT,"ARIMA(1,0,1)"
2023-09-12,-0.00013614373037579454,TLT,"ARIMA(1,0,1)"
2023-09-13,-0.0007610729593867307,TLT,"ARIMA(1,0,1)"
2023-09-14,-0.0003438828676713675,TLT,"ARIMA(1,0,1)"
2023-09-15,-0.00016372530155252257,TLT,"ARIMA(1,0,1)"
2023-09-18,-0.000304044576751578,TLT,"ARIMA(1,0,1)"
2023-09-19,-0.0007376546015423878,TLT,"ARIMA(1,0,1)"
2023-09-20,-0.00012873777385134414,TLT,"ARIMA(1,0,1)"
2023-09-21,-0.0005934907983674055,TLT,"ARIMA(1,0,1)"
2023-09-22,-0.001003250217941201,TLT,"ARIMA(1,0,1)"
2023-09-25,0.003055990027416319,TLT,"ARIMA(1,0,1)"
2023-09-26,-0.00022721508496783757,TLT,"ARIMA(1,0,1)"
2023-09-27,-0.0006016982078411397,TLT,"ARIMA(1,0,1)"
2023-09-28,-0.00038681849558255994,TLT,"ARIMA(1,0,1)"
2023-09-29,-0.000508467772578712,TLT,"ARIMA(1,0,1)"
2023-10-02,-0.0005272416802366088,TLT,"ARIMA(1,0,1)"
2023-10-03,-0.00033040142590526757,TLT,"ARIMA(1,0,1)"
2023-10-04,-0.0010661909218649202,TLT,"ARIMA(1,0,1)"
2023-10-05,-0.0008995339092479473,TLT,"ARIMA(1,0,1)"
2023-10-06,-0.0006708877815715163,TLT,"ARIMA(1,0,1)"
2023-10-09,-0.0007189451477936685,TLT,"ARIMA(1,0,1)"
2023-10-10,-0.0006199579727527644,TLT,"ARIMA(1,0,1)"
2023-10-11,-0.00044842467637883543,TLT,"ARIMA(1,0,1)"
2023-10-12,-0.0009524256110394493,TLT,"ARIMA(1,0,1)"
2023-10-13,0.0006724092399071926,TLT,"ARIMA(1,0,1)"
2023-10-16,-0.0011846205685902297,TLT,"ARIMA(1,0,1)"
2023-10-17,0.0004306507570178452,TLT,"ARIMA(1,0,1)"
2023-10-18,0.0005576733763243883,TLT,"ARIMA(1,0,1)"
2023-10-19,0.0006224941364900453,TLT,"ARIMA(1,0,1)"
2023-10-20,0.0011500287245101851,TLT,"ARIMA(1,0,1)"
2023-10-23,0.00010001381062348796,TLT,"ARIMA(1,0,1)"
2023-10-24,-0.0012718974344964108,TLT,"ARIMA(1,0,1)"
2023-10-25,-0.0016555005450727348,TLT,"ARIMA(1,0,1)"
2023-10-26,0.0011235950589625482,TLT,"ARIMA(1,0,1)"
2023-10-27,-0.001429097966256546,TLT,"ARIMA(1,0,1)"
2023-10-30,-0.00035791837841748765,TLT,"ARIMA(1,0,1)"
2023-10-31,-1.6414720202913172e-05,TLT,"ARIMA(1,0,1)"
2023-11-01,0.00016748751237595424,TLT,"ARIMA(1,0,1)"
2023-11-02,-0.0025088376491374555,TLT,"ARIMA(1,0,1)"
2023-11-03,-0.0031837226591034974,TLT,"ARIMA(1,0,1)"
2023-11-06,-0.0019886370340189627,TLT,"ARIMA(1,0,1)"
2023-11-07,4.388246968685974e-05,TLT,"ARIMA(1,0,1)"
2023-11-08,-0.0014625711258463164,TLT,"ARIMA(1,0,1)"
2023-11-09,-0.002049742661542853,TLT,"ARIMA(1,0,1)"
2023-11-10,0.0017014187148894368,TLT,"ARIMA(1,0,1)"
2023-11-13,-0.0003127453767568878,TLT,"ARIMA(1,0,1)"
2023-11-14,-0.00012961666764142895,TLT,"ARIMA(1,0,1)"
2023-11-15,-0.0029155812373689604,TLT,"ARIMA(1,0,1)"
2023-11-16,0.00038193459197480463,TLT,"ARIMA(1,0,1)"
2023-11-17,-0.001685519799436814,TLT,"ARIMA(1,0,1)"
2023-11-20,-0.0014921541527073516,TLT,"ARIMA(1,0,1)"
2023-11-21,-0.0014847622693961186,TLT,"ARIMA(1,0,1)"
2023-11-22,-0.0007094714663340321,TLT,"ARIMA(1,0,1)"
2023-11-24,-0.0009312470222581705,TLT,"ARIMA(1,0,1)"
2023-11-27,0.0009711397704896112,TLT,"ARIMA(1,0,1)"
2023-11-28,-0.0023102280536430536,TLT,"ARIMA(1,0,1)"
2023-11-29,-0.0012976016117801784,TLT,"ARIMA(1,0,1)"
2023-11-30,-0.0023825171660003305,TLT,"ARIMA(1,0,1)"
2023-12-01,0.0007004417628419488,TLT,"ARIMA(1,0,1)"
2023-12-04,-0.0031032373836327007,TLT,"ARIMA(1,0,1)"
2023-12-05,-0.0005907855850466631,TLT,"ARIMA(1,0,1)"
2023-12-06,-0.004056782844316165,TLT,"ARIMA(1,0,1)"
2023-12-07,-0.0030978251292906093,TLT,"ARIMA(1,0,1)"
2023-12-08,0.00037042139224242534,TLT,"ARIMA(1,0,1)"
2023-12-11,0.0008675885662695331,TLT,"ARIMA(1,0,1)"
2023-12-12,-9.210672750722759e-05,TLT,"ARIMA(1,0,1)"
2023-12-13,-0.0008442109167749986,TLT,"ARIMA(1,0,1)"
2023-12-14,-0.004098177547101389,TLT,"ARIMA(1,0,1)"
2023-12-15,-0.0039464984608844735,TLT,"ARIMA(1,0,1)"
2023-12-18,-0.0004515490163290608,TLT,"ARIMA(1,0,1)"
2023-12-19,0.00078590448784656,TLT,"ARIMA(1,0,1)"
2023-12-20,-0.0008725052624726279,TLT,"ARIMA(1,0,1)"
2023-12-21,-0.001197605366664698,TLT,"ARIMA(1,0,1)"
2023-12-22,0.0008007830799300693,TLT,"ARIMA(1,0,1)"
2023-12-26,0.000764021450895245,TLT,"ARIMA(1,0,1)"
2023-12-27,-0.00040736061957894084,TLT,"ARIMA(1,0,1)"
2023-12-28,-0.002855556017248292,TLT,"ARIMA(1,0,1)"
2023-12-29,0.0009420477147294578,TLT,"ARIMA(1,0,1)"
2024-01-02,0.0016730301482081131,TLT,"ARIMA(1,0,1)"
2024-01-03,0.0012821702367421986,TLT,"ARIMA(1,0,1)"
2024-01-04,-0.0003426451548390895,TLT,"ARIMA(1,0,1)"
2024-01-05,0.002527628559798953,TLT,"ARIMA(1,0,1)"
2024-01-08,0.002172022040428202,TLT,"ARIMA(1,0,1)"
2024-01-09,-0.0013901053562692812,TLT,"ARIMA(1,0,1)"
2024-01-10,0.0005657336298962178,TLT,"ARIMA(1,0,1)"
2024-01-11,0.0007029007458010999,TLT,"ARIMA(1,0,1)"
2024-01-12,-0.0010193387104139356,TLT,"ARIMA(1,0,1)"
2024-01-16,-5.8367145600836243e-05,TLT,"ARIMA(1,0,1)"
2024-01-17,0.0026047475198043126,TLT,"ARIMA(1,0,1)"
2024-01-18,0.00022608223408664434,TLT,"ARIMA(1,0,1)"
2024-01-19,0.0011227796912275459,TLT,"ARIMA(1,0,1)"
2024-01-22,-0.0010213391678923435,TLT,"ARIMA(1,0,1)"
2024-01-23,-0.0014258184817445424,TLT,"ARIMA(1,0,1)"
2024-01-24,0.0009478141445143327,TLT,"ARIMA(1,0,1)"
2024-01-25,0.0005398826317474219,TLT,"ARIMA(1,0,1)"
2024-01-26,-0.0015691876956037592,TLT,"ARIMA(1,0,1)"
2024-01-29,-0.00014739430483948603,TLT,"ARIMA(1,0,1)"
2024-01-30,-0.0023453553110811976,TLT,"ARIMA(1,0,1)"
2024-01-31,-0.0018109962446605254,TLT,"ARIMA(1,0,1)"
2024-02-01,-0.0018386121069805716,TLT,"ARIMA(1,0,1)"
2024-02-02,-0.0030977624089088937,TLT,"ARIMA(1,0,1)"
2024-02-05,0.0036246277392698134,TLT,"ARIMA(1,0,1)"
2024-02-06,0.0027507020950878077,TLT,"ARIMA(1,0,1)"
2024-02-07,-0.0018340679982945542,TLT,"ARIMA(1,0,1)"
2024-02-08,0.00037224898773193475,TLT,"ARIMA(1,0,1)"
2024-02-09,0.0006544580103710147,TLT,"ARIMA(1,0,1)"
2024-02-12,-2.116732012415255e-05,TLT,"ARIMA(1,0,1)"
2024-02-13,-0.0005147682526997322,TLT,"ARIMA(1,0,1)"
2024-02-14,0.0024910817211110698,TLT,"ARIMA(1,0,1)"
2024-02-15,-0.0011798961212796171,TLT,"ARIMA(1,0,1)"
2024-02-16,-0.0012348732038215207,TLT,"ARIMA(1,0,1)"
2024-02-20,0.0005674153739576362,TLT,"ARIMA(1,0,1)"
2024-02-21,-0.00033582340875343536,TLT,"ARIMA(1,0,1)"
2024-02-22,0.0008731437837097371,TLT,"ARIMA(1,0,1)"
2024-02-23,-0.0009828933638639983,TLT,"ARIMA(1,0,1)"
2024-02-26,-0.002347080939362586,TLT,"ARIMA(1,0,1)"
2024-02-27,0.00017051671921388078,TLT,"ARIMA(1,0,1)"
2024-02-28,0.0009066431168485574,TLT,"ARIMA(1,0,1)"
2024-02-29,-0.0011997057908333334,TLT,"ARIMA(1,0,1)"
2024-03-01,-0.0012655219969347747,TLT,"ARIMA(1,0,1)"
2024-03-04,-0.0010185190824716483,TLT,"ARIMA(1,0,1)"
2024-03-05,0.0004769299359337468,TLT,"ARIMA(1,0,1)"
2024-03-06,-0.0022676992124163707,TLT,"ARIMA(1,0,1)"
2024-03-07,-0.000939532505158336,TLT,"ARIMA(1,0,1)"
2024-03-08,1.9246885571790675e-05,TLT,"ARIMA(1,0,1)"
2024-03-11,0.0001568973230428053,TLT,"ARIMA(1,0,1)"
2024-03-12,-9.623770454960634e-05,TLT,"ARIMA(1,0,1)"
2024-03-13,0.0008828870023834595,TLT,"ARIMA(1,0,1)"
2024-03-14,0.00020503000966436656,TLT,"ARIMA(1,0,1)"
2024-03-15,0.00168813523546025,TLT,"ARIMA(1,0,1)"
2024-03-18,-0.0005316391543183296,TLT,"ARIMA(1,0,1)"
2024-03-19,3.535648182211612e-06,TLT,"ARIMA(1,0,1)"
2024-03-20,-0.0008896946065618751,TLT,"ARIMA(1,0,1)"
2024-03-21,-0.00030752853844433214,TLT,"ARIMA(1,0,1)"
2024-03-22,-0.0006796688024614567,TLT,"ARIMA(1,0,1)"
2024-03-25,-0.0015536229181989528,TLT,"ARIMA(1,0,1)"
2024-03-26,0.0003923860184580958,TLT,"ARIMA(1,0,1)"
2024-03-27,-0.0008897290393795479,TLT,"ARIMA(1,0,1)"
2024-03-28,-0.001474861581265847,TLT,"ARIMA(1,0,1)"
2024-04-01,-1.7560300510905617e-05,TLT,"ARIMA(1,0,1)"
2024-04-02,0.0021414867977124245,TLT,"ARIMA(1,0,1)"
2024-04-03,0.00018851705486970884,TLT,"ARIMA(1,0,1)"
2024-04-04,-0.0004726162998507933,TLT,"ARIMA(1,0,1)"
2024-04-05,-0.0014380574965533585,TLT,"ARIMA(1,0,1)"
2024-04-08,0.0013933780703903132,TLT,"ARIMA(1,0,1)"
2024-04-09,-0.0006879629215817073,TLT,"ARIMA(1,0,1)"
2024-04-10,-0.0018218753415683905,TLT,"ARIMA(1,0,1)"
2024-04-11,0.0025462403203462083,TLT,"ARIMA(1,0,1)"
2024-04-12,3.3727587395927685e-05,TLT,"ARIMA(1,0,1)"
2024-04-15,-0.001326806465971462,TLT,"ARIMA(1,0,1)"
2024-04-16,0.0015877407186695677,TLT,"ARIMA(1,0,1)"
2024-04-17,0.00044035502301846595,TLT,"ARIMA(1,0,1)"
2024-04-18,-0.0020321354345814056,TLT,"ARIMA(1,0,1)"
2024-04-19,2.9524104975069175e-05,TLT,"ARIMA(1,0,1)"
2024-04-22,-0.001015302374961945,TLT,"ARIMA(1,0,1)"
2024-04-23,-0.00038745101306741567,TLT,"ARIMA(1,0,1)"
2024-04-24,-0.0006117824877506097,TLT,"ARIMA(1,0,1)"
2024-04-25,0.0004081078870575689,TLT,"ARIMA(1,0,1)"
2024-04-26,0.00025736546650939065,TLT,"ARIMA(1,0,1)"
2024-04-29,-0.0012898843183136296,TLT,"ARIMA(1,0,1)"
2024-04-30,-0.0015317817786631356,TLT,"ARIMA(1,0,1)"
2024-05-01,0.00030369479429336954,TLT,"ARIMA(1,0,1)"
2024-05-02,-0.0013392287240188445,TLT,"ARIMA(1,0,1)"
2024-05-03,-0.0011160195115643315,TLT,"ARIMA(1,0,1)"
2024-05-06,-0.0017484932343231623,TLT,"ARIMA(1,0,1)"
2024-05-07,-0.0010077927116696954,TLT,"ARIMA(1,0,1)"
2024-05-08,-0.0011331120516469334,TLT,"ARIMA(1,0,1)"
2024-05-09,0.0002948996782034838,TLT,"ARIMA(1,0,1)"
2024-05-10,-0.0010164625805618777,TLT,"ARIMA(1,0,1)"
2024-05-13,0.00026754558648104293,TLT,"ARIMA(1,0,1)"
2024-05-14,-0.0008860771067098243,TLT,"ARIMA(1,0,1)"
2024-05-15,-0.0010879476219474052,TLT,"ARIMA(1,0,1)"
2024-05-16,-0.0018654000425128504,TLT,"ARIMA(1,0,1)"
2024-05-17,-7.09240158535723e-05,TLT,"ARIMA(1,0,1)"
2024-05-20,0.00045441888904930775,TLT,"ARIMA(1,0,1)"
2024-05-21,-2.2610065422695854e-05,TLT,"ARIMA(1,0,1)"
2024-05-22,-0.0009022140002991812,TLT,"ARIMA(1,0,1)"
2024-05-23,-0.00036953241617176155,TLT,"ARIMA(1,0,1)"
2024-05-24,0.00047845767075606116,TLT,"ARIMA(1,0,1)"
2024-05-28,-0.000665168251005347,TLT,"ARIMA(1,0,1)"
2024-05-29,0.0015535886043088303,TLT,"ARIMA(1,0,1)"
2024-05-30,0.0010607568542171369,TLT,"ARIMA(1,0,1)"
2024-05-31,-0.0016287092326326181,TLT,"ARIMA(1,0,1)"
2024-06-03,-0.0012822270888976208,TLT,"ARIMA(1,0,1)"
2024-06-04,-0.002207825072103403,TLT,"ARIMA(1,0,1)"
2024-06-05,-0.00130354659390364,TLT,"ARIMA(1,0,1)"
2024-06-06,-0.0007829720574201017,TLT,"ARIMA(1,0,1)"
2024-06-07,-1.304175226219046e-06,TLT,"ARIMA(1,0,1)"
2024-06-10,0.0015068541474073337,TLT,"ARIMA(1,0,1)"
2024-06-11,7.076392404134073e-05,TLT,"ARIMA(1,0,1)"
2024-06-12,-0.0012399110437404945,TLT,"ARIMA(1,0,1)"
2024-06-13,-0.0009090336821803904,TLT,"ARIMA(1,0,1)"
2024-06-14,-0.0013158636869524032,TLT,"ARIMA(1,0,1)"
2024-06-17,-0.0006059537901006701,TLT,"ARIMA(1,0,1)"
2024-06-18,0.0006436445792824242,TLT,"ARIMA(1,0,1)"
2024-06-20,-0.0011146206319459135,TLT,"ARIMA(1,0,1)"
2024-06-21,0.0004954846698890086,TLT,"ARIMA(1,0,1)"
2024-06-24,-0.00042763824525037176,TLT,"ARIMA(1,0,1)"
2024-06-25,-0.00047992837498863055,TLT,"ARIMA(1,0,1)"
2024-06-26,-0.0002917193044446074,TLT,"ARIMA(1,0,1)"
2024-06-27,0.0008778223046754516,TLT,"ARIMA(1,0,1)"
2024-06-28,-0.0007276508188237599,TLT,"ARIMA(1,0,1)"
2024-07-01,0.0012301026465352774,TLT,"ARIMA(1,0,1)"
2024-07-02,0.00026266739698213256,TLT,"ARIMA(1,0,1)"
2024-07-03,-0.0011380250827063923,TLT,"ARIMA(1,0,1)"
2024-07-05,-0.001269044735626562,TLT,"ARIMA(1,0,1)"
2024-07-08,-0.0007412348748793482,TLT,"ARIMA(1,0,1)"
2024-07-09,-0.0002425995077365441,TLT,"ARIMA(1,0,1)"
2024-07-10,0.00018824264505006808,TLT,"ARIMA(1,0,1)"
2024-07-11,-0.00038463566403097553,TLT,"ARIMA(1,0,1)"
2024-07-12,-0.0008230322729597,TLT,"ARIMA(1,0,1)"
2024-07-15,-0.00041714227789918013,TLT,"ARIMA(1,0,1)"
2024-07-16,0.0006161327022633081,TLT,"ARIMA(1,0,1)"
2024-07-17,-0.0012985370285046713,TLT,"ARIMA(1,0,1)"
2024-07-18,-0.00013929498890130032,TLT,"ARIMA(1,0,1)"
2024-07-19,0.0003810746232707974,TLT,"ARIMA(1,0,1)"
2024-07-22,0.0001932556274734741,TLT,"ARIMA(1,0,1)"
2024-07-23,-3.108968585528065e-06,TLT,"ARIMA(1,0,1)"
2024-07-24,-0.0001324242292952246,TLT,"ARIMA(1,0,1)"
2024-07-25,0.0005213184929926514,TLT,"ARIMA(1,0,1)"
2024-07-26,-0.0007995395589568594,TLT,"ARIMA(1,0,1)"
2024-07-29,-0.0007956441498119185,TLT,"ARIMA(1,0,1)"
2024-07-30,-0.0004497930296855092,TLT,"ARIMA(1,0,1)"
2024-07-31,-0.00035568343130100064,TLT,"ARIMA(1,0,1)"
2024-08-01,-0.0009341419629647816,TLT,"ARIMA(1,0,1)"
2024-08-02,-0.000545738002240824,TLT,"ARIMA(1,0,1)"
2024-08-05,-0.0012485920472307963,TLT,"ARIMA(1,0,1)"
2024-08-06,0.0001742396806489204,TLT,"ARIMA(1,0,1)"
2024-08-07,0.0002572422289728814,TLT,"ARIMA(1,0,1)"
2024-08-08,0.00021288790312603054,TLT,"ARIMA(1,0,1)"
2024-08-09,0.000479972637062184,TLT,"ARIMA(1,0,1)"
2024-08-12,4.078634919803416e-05,TLT,"ARIMA(1,0,1)"
2024-08-13,-0.0003198419882153458,TLT,"ARIMA(1,0,1)"
2024-08-14,3.3197273449294567e-06,TLT,"ARIMA(1,0,1)"
2024-08-15,-0.0004087080476879065,TLT,"ARIMA(1,0,1)"
2024-08-16,0.00016504734974071613,TLT,"ARIMA(1,0,1)"
2024-08-19,0.00016339591395801928,TLT,"ARIMA(1,0,1)"
2024-08-20,-0.0007418441337010662,TLT,"ARIMA(1,0,1)"
2024-08-21,-0.0005010163312733142,TLT,"ARIMA(1,0,1)"
2024-08-22,0.00027057343789564284,TLT,"ARIMA(1,0,1)"
2024-08-23,0.0004828358650127083,TLT,"ARIMA(1,0,1)"
2024-08-26,0.00011511774955430358,TLT,"ARIMA(1,0,1)"
2024-08-27,0.00031691107627898076,TLT,"ARIMA(1,0,1)"
2024-08-28,0.00034658737745403264,TLT,"ARIMA(1,0,1)"
2024-08-29,0.0003531977043672557,TLT,"ARIMA(1,0,1)"
2024-08-30,0.000393116514807058,TLT,"ARIMA(1,0,1)"
2024-09-03,0.00079102496951205,TLT,"ARIMA(1,0,1)"
2024-09-04,-0.00022163892861935518,TLT,"ARIMA(1,0,1)"
2024-09-05,0.000105832537694237,TLT,"ARIMA(1,0,1)"
2024-09-06,-0.00024235093824686942,TLT,"ARIMA(1,0,1)"
2024-09-09,-3.1092653265855235e-05,TLT,"ARIMA(1,0,1)"
2024-09-10,-3.1540338786279886e-06,TLT,"ARIMA(1,0,1)"
2024-09-11,-0.00017462654343446116,TLT,"ARIMA(1,0,1)"
2024-09-12,4.8939247395538314e-05,TLT,"ARIMA(1,0,1)"
2024-09-13,0.0002357486216188725,TLT,"ARIMA(1,0,1)"
2024-09-16,0.0003117596766779777,TLT,"ARIMA(1,0,1)"
2024-09-17,0.00028444586639713907,TLT,"ARIMA(1,0,1)"
2024-09-18,-2.43461515327595e-05,TLT,"ARIMA(1,0,1)"
2024-09-19,0.00040415182292075823,TLT,"ARIMA(1,0,1)"
2024-09-20,0.00041923990823641735,TLT,"ARIMA(1,0,1)"
2024-09-23,0.00039163731936339236,TLT,"ARIMA(1,0,1)"
2024-09-24,0.00048750294718886685,TLT,"ARIMA(1,0,1)"
2024-09-25,0.0004548564185317846,TLT,"ARIMA(1,0,1)"
2024-09-26,0.0005209511725403681,TLT,"ARIMA(1,0,1)"
2024-09-27,0.000541131698613855,TLT,"ARIMA(1,0,1)"
2024-09-30,0.0005849618219407551,TLT,"ARIMA(1,0,1)"
2024-10-01,0.000553559926958342,TLT,"ARIMA(1,0,1)"
2024-10-02,0.000297822213254369,TLT,"ARIMA(1,0,1)"
2024-10-03,0.0009629655670700796,TLT,"ARIMA(1,0,1)"
2024-10-04,0.0006636800165440285,TLT,"ARIMA(1,0,1)"
2024-10-07,0.00055945657127099,TLT,"ARIMA(1,0,1)"
2024-10-08,0.0005481485802584444,TLT,"ARIMA(1,0,1)"
2024-10-09,0.0006029106018794331,TLT,"ARIMA(1,0,1)"
2024-10-10,0.0009197582756146826,TLT,"ARIMA(1,0,1)"
2024-10-11,0.0004620151868065757,TLT,"ARIMA(1,0,1)"
2024-10-14,0.00011870651808424315,TLT,"ARIMA(1,0,1)"
2024-10-15,0.0005581787749692147,TLT,"ARIMA(1,0,1)"
2024-10-16,0.0010340167585142046,TLT,"ARIMA(1,0,1)"
2024-10-17,0.000630057556110362,TLT,"ARIMA(1,0,1)"
2024-10-18,-0.0001998488786302241,TLT,"ARIMA(1,0,1)"
2024-10-21,0.0006271062122581966,TLT,"ARIMA(1,0,1)"
2024-10-22,-9.759560584580561e-05,TLT,"ARIMA(1,0,1)"
2024-10-23,0.000684637308919446,TLT,"ARIMA(1,0,1)"
2024-10-24,0.00019933953550995754,TLT,"ARIMA(1,0,1)"
2024-10-25,0.001001714563853628,TLT,"ARIMA(1,0,1)"
2024-10-28,3.9902903107345605e-05,TLT,"ARIMA(1,0,1)"
2024-10-29,0.0004223197424068482,TLT,"ARIMA(1,0,1)"
2024-10-30,0.0005864056597842595,TLT,"ARIMA(1,0,1)"
2024-10-31,0.0006300310784873475,TLT,"ARIMA(1,0,1)"
2024-11-01,0.0005738148013176366,TLT,"ARIMA(1,0,1)"
2024-11-04,-0.0002719502089841352,TLT,"ARIMA(1,0,1)"
2024-11-05,0.0010813463629763375,TLT,"ARIMA(1,0,1)"
2024-11-06,0.0004925188159854525,TLT,"ARIMA(1,0,1)"
2024-11-07,-0.0009649116055942195,TLT,"ARIMA(1,0,1)"
2024-11-08,0.0008768504281545472,TLT,"ARIMA(1,0,1)"
2024-11-11,0.0005619886331565559,TLT,"ARIMA(1,0,1)"
2024-11-12,0.0001364321180770448,TLT,"ARIMA(1,0,1)"
2024-11-13,-0.0005967706246104406,TLT,"ARIMA(1,0,1)"
2024-11-14,0.00011721231114861035,TLT,"ARIMA(1,0,1)"
2024-11-15,0.0007703505826572633,TLT,"ARIMA(1,0,1)"
2024-11-18,-0.0003296887869935481,TLT,"ARIMA(1,0,1)"
2024-11-19,0.000603442971273958,TLT,"ARIMA(1,0,1)"
2024-11-20,0.0003489411390965165,TLT,"ARIMA(1,0,1)"
2024-11-21,-0.000223204882646127,TLT,"ARIMA(1,0,1)"
2024-11-22,0.00032413418731911216,TLT,"ARIMA(1,0,1)"
2024-11-25,7.646694582303214e-05,TLT,"ARIMA(1,0,1)"
2024-11-26,0.003423476881182002,TLT,"ARIMA(1,0,1)"
2024-11-27,-0.0017943117383628978,TLT,"ARIMA(1,0,1)"
2024-11-29,0.0029374087653157637,TLT,"ARIMA(1,0,1)"
2024-12-02,-0.0008350593015316986,TLT,"ARIMA(1,0,1)"
2024-12-03,0.0026023524315714184,TLT,"ARIMA(1,0,1)"
2024-12-04,-0.001451532560935078,TLT,"ARIMA(1,0,1)"
2024-12-05,0.0025742667302833906,TLT,"ARIMA(1,0,1)"
2024-12-06,-0.0015695174799057515,TLT,"ARIMA(1,0,1)"
2024-12-09,0.0017167972352049386,TLT,"ARIMA(1,0,1)"
2024-12-10,-0.0020087057055712776,TLT,"ARIMA(1,0,1)"
2024-12-11,0.0014025984758600514,TLT,"ARIMA(1,0,1)"
2024-12-12,-0.0017160063895173684,TLT,"ARIMA(1,0,1)"
2024-12-13,0.0003195894692881796,TLT,"ARIMA(1,0,1)"
2024-12-16,-0.0018161936890659194,TLT,"ARIMA(1,0,1)"
2024-12-17,0.0014405835163496502,TLT,"ARIMA(1,0,1)"
2024-12-18,-0.0011658343613669586,TLT,"ARIMA(1,0,1)"
2024-12-19,-0.0004899076745073896,TLT,"ARIMA(1,0,1)"
2024-12-20,-0.001756788170348489,TLT,"ARIMA(1,0,1)"
2024-12-23,0.0013582356811946683,TLT,"ARIMA(1,0,1)"
2024-12-24,-0.0037649888063261434,TLT,"ARIMA(1,0,1)"
2024-12-26,0.002901993517080985,TLT,"ARIMA(1,0,1)"
2024-12-27,-0.0029688701909709905,TLT,"ARIMA(1,0,1)"
2024-12-30,0.0007154253551181117,TLT,"ARIMA(1,0,1)"
2024-12-31,-0.0013476552920520751,TLT,"ARIMA(1,0,1)"
2025-01-02,0.0005346700584021993,TLT,"ARIMA(1,0,1)"
2025-01-03,-0.0005543024356790644,TLT,"ARIMA(1,0,1)"
2025-01-06,-0.0008419836822790372,TLT,"ARIMA(1,0,1)"
2025-01-07,-0.0007967792537397826,TLT,"ARIMA(1,0,1)"
2025-01-08,-0.0013920937271925061,TLT,"ARIMA(1,0,1)"
2025-01-10,0.0008448114306483108,TLT,"ARIMA(1,0,1)"
2025-01-13,-0.0017203677122687464,TLT,"ARIMA(1,0,1)"
2025-01-14,0.001005752934413409,TLT,"ARIMA(1,0,1)"
2025-01-15,-0.001607694530104824,TLT,"ARIMA(1,0,1)"
2025-01-16,0.0023000063899636883,TLT,"ARIMA(1,0,1)"
2025-01-17,-0.002064964744084952,TLT,"ARIMA(1,0,1)"
2025-01-21,0.0016346246249786698,TLT,"ARIMA(1,0,1)"
2025-01-22,-0.0011324781548193966,TLT,"ARIMA(1,0,1)"
2025-01-23,0.0002633691910711015,TLT,"ARIMA(1,0,1)"
2025-01-24,-0.0011161588384281977,TLT,"ARIMA(1,0,1)"
2025-01-27,0.0012180339824532217,TLT,"ARIMA(1,0,1)"
2025-01-28,-0.0002501824953829308,TLT,"ARIMA(1,0,1)"
2025-01-29,-0.00028595367721482093,TLT,"ARIMA(1,0,1)"
2025-01-30,-0.0002214741236472188,TLT,"ARIMA(1,0,1)"
2025-01-31,7.395486069128597e-05,TLT,"ARIMA(1,0,1)"
2025-02-03,-0.0010049558762397315,TLT,"ARIMA(1,0,1)"
2025-02-04,0.0008498090409098861,TLT,"ARIMA(1,0,1)"
2025-02-05,-0.0011904419808184017,TLT,"ARIMA(1,0,1)"
2025-02-06,0.0025372009833170687,TLT,"ARIMA(1,0,1)"
2025-02-07,-0.0016583694556214863,TLT,"ARIMA(1,0,1)"
2025-02-10,0.0005103521364513341,TLT,"ARIMA(1,0,1)"
2025-02-11,-0.0009255533287552267,TLT,"ARIMA(1,0,1)"
2025-02-12,-1.0365513938905417e-05,TLT,"ARIMA(1,0,1)"
2025-02-13,-0.0016846538437771297,TLT,"ARIMA(1,0,1)"
2025-02-14,0.0021238433686775722,TLT,"ARIMA(1,0,1)"
2025-02-18,-0.0011863505887675246,TLT,"ARIMA(1,0,1)"
2025-02-19,-4.381709996809126e-05,TLT,"ARIMA(1,0,1)"
2025-02-20,-8.63922118231617e-05,TLT,"ARIMA(1,0,1)"
2025-02-21,0.0003250851335261411,TLT,"ARIMA(1,0,1)"
2025-02-24,0.0009512923152612086,TLT,"ARIMA(1,0,1)"
2025-02-25,-0.00037773114520945245,TLT,"ARIMA(1,0,1)"
2025-02-26,0.0019732643657810276,TLT,"ARIMA(1,0,1)"
2025-02-27,-0.0009368598863381675,TLT,"ARIMA(1,0,1)"
2025-02-28,0.00015664267460060885,TLT,"ARIMA(1,0,1)"
2025-03-03,0.0014367007735402101,TLT,"ARIMA(1,0,1)"
2025-03-04,-0.0006073588495754168,TLT,"ARIMA(1,0,1)"
2025-03-05,-0.00013628574006029155,TLT,"ARIMA(1,0,1)"
2025-03-06,-7.731459393449265e-05,TLT,"ARIMA(1,0,1)"
2025-03-07,-0.00024751826772437854,TLT,"ARIMA(1,0,1)"
2025-03-10,-0.00017750819361573932,TLT,"ARIMA(1,0,1)"
2025-03-11,0.0009915409980487493,TLT,"ARIMA(1,0,1)"
2025-03-12,-0.0015424803898393563,TLT,"ARIMA(1,0,1)"
2025-03-13,0.0006110306826366743,TLT,"ARIMA(1,0,1)"
2025-03-14,1.4819213000852004e-06,TLT,"ARIMA(1,0,1)"
2025-03-17,-0.0005963567800667759,TLT,"ARIMA(1,0,1)"
2025-03-18,0.0008404677634254878,TLT,"ARIMA(1,0,1)"
2025-03-19,-0.000585802209544927,TLT,"ARIMA(1,0,1)"
2025-03-20,0.0010266050740441331,TLT,"ARIMA(1,0,1)"
2025-03-21,-0.0006491688839725969,TLT,"ARIMA(1,0,1)"
2025-03-24,0.00017001126889640213,TLT,"ARIMA(1,0,1)"
2025-03-25,-0.0009127504944473144,TLT,"ARIMA(1,0,1)"
2025-03-26,0.000795965850073238,TLT,"ARIMA(1,0,1)"
2025-03-27,-0.0011600576477674431,TLT,"ARIMA(1,0,1)"
2025-03-28,0.0006758353331382593,TLT,"ARIMA(1,0,1)"
2025-03-31,0.0006622228324067348,TLT,"ARIMA(1,0,1)"
2025-04-01,0.00041661342195999584,TLT,"ARIMA(1,0,1)"
2025-04-02,0.0003705074197966083,TLT,"ARIMA(1,0,1)"
2025-04-03,-0.0001699658183795913,TLT,"ARIMA(1,0,1)"
2025-04-04,0.0007757691780412208,TLT,"ARIMA(1,0,1)"
2025-04-07,0.0006630545548987761,TLT,"ARIMA(1,0,1)"
2025-04-08,-0.0025832605398122344,TLT,"ARIMA(1,0,1)"
2025-04-09,0.0008089997036021684,TLT,"ARIMA(1,0,1)"
2025-04-10,0.00012666788841416196,TLT,"ARIMA(1,0,1)"
2025-04-11,-0.00031390400161285205,TLT,"ARIMA(1,0,1)"
2025-04-14,0.0021473888822669466,TLT,"ARIMA(1,0,1)"
2025-04-15,-0.0013774541386910237,TLT,"ARIMA(1,0,1)"
2025-04-16,0.001511687685208891,TLT,"ARIMA(1,0,1)"
2025-04-17,-0.0007821992817839006,TLT,"ARIMA(1,0,1)"
2025-04-21,-0.0008108499479974309,TLT,"ARIMA(1,0,1)"
2025-04-22,-0.0015259684373603894,TLT,"ARIMA(1,0,1)"
2025-04-23,0.0018201393820731916,TLT,"ARIMA(1,0,1)"
2025-04-24,-0.00037563712028686874,TLT,"ARIMA(1,0,1)"
2025-04-25,0.0012986907920882423,TLT,"ARIMA(1,0,1)"
2025-04-28,-1.2176675488999723e-05,TLT,"ARIMA(1,0,1)"
2025-04-29,0.001034411165434043,TLT,"ARIMA(1,0,1)"
2025-04-30,0.00048132716241882024,TLT,"ARIMA(1,0,1)"
2025-05-01,-0.0008706273128994115,TLT,"ARIMA(1,0,1)"
2025-05-02,0.0004378578793431552,TLT,"ARIMA(1,0,1)"
2025-05-05,-0.001307269576475811,TLT,"ARIMA(1,0,1)"
2025-05-06,0.0005246395693367656,TLT,"ARIMA(1,0,1)"
2025-05-07,0.00014086262067245045,TLT,"ARIMA(1,0,1)"
2025-05-08,0.0005068878526807061,TLT,"ARIMA(1,0,1)"
2025-05-09,-0.001635585444245472,TLT,"ARIMA(1,0,1)"
2025-05-12,0.0014673818628247641,TLT,"ARIMA(1,0,1)"
2025-05-13,-0.002189620511928794,TLT,"ARIMA(1,0,1)"
2025-05-14,0.0010524219723107605,TLT,"ARIMA(1,0,1)"
2025-05-15,-0.0017332279375842172,TLT,"ARIMA(1,0,1)"
2025-05-16,0.002141221512454369,TLT,"ARIMA(1,0,1)"
2025-05-19,-0.0012913045194918782,TLT,"ARIMA(1,0,1)"
2025-05-20,0.0006863278577505005,TLT,"ARIMA(1,0,1)"
2025-05-21,-0.0014317671960510172,TLT,"ARIMA(1,0,1)"
2025-05-22,-0.0012605187927793287,TLT,"ARIMA(1,0,1)"
2025-05-23,0.0012210519570488407,TLT,"ARIMA(1,0,1)"
2025-05-27,-0.0009511751096125638,TLT,"ARIMA(1,0,1)"
2025-05-28,0.002075333541836434,TLT,"ARIMA(1,0,1)"
2025-05-29,-0.0017189655853666684,TLT,"ARIMA(1,0,1)"
2025-05-30,0.0018988563714477402,TLT,"ARIMA(1,0,1)"
2025-06-02,-0.001083881577555197,TLT,"ARIMA(1,0,1)"
2025-06-03,0.00032524653923998606,TLT,"ARIMA(1,0,1)"
2025-06-04,-0.00027362238438733544,TLT,"ARIMA(1,0,1)"
2025-06-05,0.0015771279334413648,TLT,"ARIMA(1,0,1)"
2025-06-06,-0.0010564517368695872,TLT,"ARIMA(1,0,1)"
2025-06-09,-0.0004780783356641612,TLT,"ARIMA(1,0,1)"
2025-06-10,-4.523047068856508e-05,TLT,"ARIMA(1,0,1)"
2025-06-11,7.933533301481626e-05,TLT,"ARIMA(1,0,1)"
2025-06-12,-0.0001695700430918527,TLT,"ARIMA(1,0,1)"
2025-06-13,0.0014695453045860296,TLT,"ARIMA(1,0,1)"
2025-06-16,-0.0014083836478794628,TLT,"ARIMA(1,0,1)"
2025-06-17,0.0001678716292710077,TLT,"ARIMA(1,0,1)"
2025-06-18,0.00036638626376428224,TLT,"ARIMA(1,0,1)"
2025-06-20,-0.0004625548803095633,TLT,"ARIMA(1,0,1)"
2025-06-23,-2.8932655688390993e-05,TLT,"ARIMA(1,0,1)"
2025-06-24,-2.1101522663825048e-05,TLT,"ARIMA(1,0,1)"
2025-06-25,0.00032051996188101127,TLT,"ARIMA(1,0,1)"
2025-06-26,-0.0003856486199270801,TLT,"ARIMA(1,0,1)"
2025-06-27,0.0005317026552391041,TLT,"ARIMA(1,0,1)"
2025-06-30,-0.001185002924442074,TLT,"ARIMA(1,0,1)"
2025-07-01,0.0012218361756789577,TLT,"ARIMA(1,0,1)"
2025-07-02,-0.0007835392841263502,TLT,"ARIMA(1,0,1)"
2025-07-03,0.00022625731846854624,TLT,"ARIMA(1,0,1)"
2025-07-07,-0.0008992340075485347,TLT,"ARIMA(1,0,1)"
2025-07-08,7.300544680478289e-05,TLT,"ARIMA(1,0,1)"
2025-07-09,-0.0002868584679040562,TLT,"ARIMA(1,0,1)"
2025-07-10,0.0007396712831835086,TLT,"ARIMA(1,0,1)"
2025-07-11,-0.0006539859398852297,TLT,"ARIMA(1,0,1)"
2025-07-14,-0.0006277870819389143,TLT,"ARIMA(1,0,1)"
2025-07-15,0.00015645431490044756,TLT,"ARIMA(1,0,1)"
2025-07-16,-0.0009989972323876134,TLT,"ARIMA(1,0,1)"
2025-07-17,0.0005561954322127649,TLT,"ARIMA(1,0,1)"
2025-07-18,-0.0007552538817057221,TLT,"ARIMA(1,0,1)"
2025-07-21,0.0004034722621647746,TLT,"ARIMA(1,0,1)"
2025-07-22,-1.1920459747819114e-05,TLT,"ARIMA(1,0,1)"
2025-07-23,0.00019711777121117382,TLT,"ARIMA(1,0,1)"
2025-07-24,-0.0007960690617349413,TLT,"ARIMA(1,0,1)"
2025-07-25,0.0002716490970842391,TLT,"ARIMA(1,0,1)"
2025-07-28,0.0001098118967646753,TLT,"ARIMA(1,0,1)"
2025-07-29,-0.0006550563946499848,TLT,"ARIMA(1,0,1)"
2025-07-30,0.00153985351642338,TLT,"ARIMA(1,0,1)"
2025-07-31,-0.001447192102822014,TLT,"ARIMA(1,0,1)"
2025-08-01,0.0007386127829009287,TLT,"ARIMA(1,0,1)"
2025-08-04,-3.8467999548037556e-05,TLT,"ARIMA(1,0,1)"
2025-08-05,-0.0002943347803210552,TLT,"ARIMA(1,0,1)"
2025-08-06,0.0003200635351952735,TLT,"ARIMA(1,0,1)"
2025-08-07,-0.00044614116516816294,TLT,"ARIMA(1,0,1)"
2025-08-08,-0.00023884360230909738,TLT,"ARIMA(1,0,1)"
2025-08-11,-0.0004284697618975445,TLT,"ARIMA(1,0,1)"
2025-08-12,-5.126533331076814e-05,TLT,"ARIMA(1,0,1)"
2025-08-13,-0.00042111637840238324,TLT,"ARIMA(1,0,1)"
2025-08-14,0.0002210041103809885,TLT,"ARIMA(1,0,1)"
