Date,pred,asset,model
2007-01-05,0.006807240027383456,VNQ,HAR-RV
2007-01-08,0.006985194208935879,VNQ,HAR-RV
2007-01-09,0.007716651561683658,VNQ,HAR-RV
2007-01-10,0.006924672285130968,VNQ,HAR-RV
2007-01-11,0.007292373142069899,VNQ,HAR-RV
2007-01-12,0.0072337690405064325,VNQ,HAR-RV
2007-01-16,0.006944160682159612,VNQ,HAR-RV
2007-01-17,0.007122050611914668,VNQ,HAR-RV
2007-01-18,0.007191759120280445,VNQ,HAR-RV
2007-01-19,0.0069887600942936876,VNQ,HAR-RV
2007-01-22,0.007355858254638372,VNQ,HAR-RV
2007-01-23,0.00795179524904804,VNQ,HAR-RV
2007-01-24,0.007706796718263591,VNQ,HAR-RV
2007-01-25,0.007894270619186239,VNQ,HAR-RV
2007-01-26,0.007875727237945405,VNQ,HAR-RV
2007-01-29,0.0073650340576566255,VNQ,HAR-RV
2007-01-30,0.007406187283831929,VNQ,HAR-RV
2007-01-31,0.007511599940187716,VNQ,HAR-RV
2007-02-01,0.007615419578791589,VNQ,HAR-RV
2007-02-02,0.007919848677799737,VNQ,HAR-RV
2007-02-05,0.007639658809940119,VNQ,HAR-RV
2007-02-06,0.007456548986666818,VNQ,HAR-RV
2007-02-07,0.007573855000559849,VNQ,HAR-RV
2007-02-08,0.008235577549637515,VNQ,HAR-RV
2007-02-09,0.008093457632962833,VNQ,HAR-RV
2007-02-12,0.007368750458451737,VNQ,HAR-RV
2007-02-13,0.007354000814299136,VNQ,HAR-RV
2007-02-14,0.00766591826147026,VNQ,HAR-RV
2007-02-15,0.007616254107660749,VNQ,HAR-RV
2007-02-16,0.007257053038002585,VNQ,HAR-RV
2007-02-20,0.006898189624781458,VNQ,HAR-RV
2007-02-21,0.006893851644144798,VNQ,HAR-RV
2007-02-22,0.007657893920923672,VNQ,HAR-RV
2007-02-23,0.007749507707089768,VNQ,HAR-RV
2007-02-26,0.007986450900286256,VNQ,HAR-RV
2007-02-27,0.00842002402710195,VNQ,HAR-RV
2007-02-28,0.007809212870936583,VNQ,HAR-RV
2007-03-01,0.008237917784624228,VNQ,HAR-RV
2007-03-02,0.007830924027582745,VNQ,HAR-RV
2007-03-05,0.008279176880420226,VNQ,HAR-RV
2007-03-06,0.009329409961288348,VNQ,HAR-RV
2007-03-07,0.014476347038329635,VNQ,HAR-RV
2007-03-08,0.015000341539116488,VNQ,HAR-RV
2007-03-09,0.014013561671781033,VNQ,HAR-RV
2007-03-12,0.014390766580060116,VNQ,HAR-RV
2007-03-13,0.012914058230318673,VNQ,HAR-RV
2007-03-14,0.012404769612867293,VNQ,HAR-RV
2007-03-15,0.013479811467626727,VNQ,HAR-RV
2007-03-16,0.011442547656456938,VNQ,HAR-RV
2007-03-19,0.011501687866019251,VNQ,HAR-RV
2007-03-20,0.010990033280392355,VNQ,HAR-RV
2007-03-21,0.010639240568453761,VNQ,HAR-RV
2007-03-22,0.00973992458520716,VNQ,HAR-RV
2007-03-23,0.010030457396671626,VNQ,HAR-RV
2007-03-26,0.008306577235264642,VNQ,HAR-RV
2007-03-27,0.008425927882471975,VNQ,HAR-RV
2007-03-28,0.009965106481542906,VNQ,HAR-RV
2007-03-29,0.00961969394380496,VNQ,HAR-RV
2007-03-30,0.008766956144174866,VNQ,HAR-RV
2007-04-02,0.008415379399471826,VNQ,HAR-RV
2007-04-03,0.009730927020318855,VNQ,HAR-RV
2007-04-04,0.008791652089180042,VNQ,HAR-RV
2007-04-05,0.008654004023597568,VNQ,HAR-RV
2007-04-09,0.007962701189394248,VNQ,HAR-RV
2007-04-10,0.00738552756950338,VNQ,HAR-RV
2007-04-11,0.00671751475919095,VNQ,HAR-RV
2007-04-12,0.006789137669630831,VNQ,HAR-RV
2007-04-13,0.00777298146774529,VNQ,HAR-RV
2007-04-16,0.0073547058591035015,VNQ,HAR-RV
2007-04-17,0.007972689059370203,VNQ,HAR-RV
2007-04-18,0.00747007238223987,VNQ,HAR-RV
2007-04-19,0.008488267403007552,VNQ,HAR-RV
2007-04-20,0.007628812443303716,VNQ,HAR-RV
2007-04-23,0.007673051460828464,VNQ,HAR-RV
2007-04-24,0.007582312736597656,VNQ,HAR-RV
2007-04-25,0.008283847937629055,VNQ,HAR-RV
2007-04-26,0.007747270027145681,VNQ,HAR-RV
2007-04-27,0.006924362303720018,VNQ,HAR-RV
2007-04-30,0.006459218500295047,VNQ,HAR-RV
2007-05-01,0.006344960041947456,VNQ,HAR-RV
2007-05-02,0.007579976629821754,VNQ,HAR-RV
2007-05-03,0.007254323516885029,VNQ,HAR-RV
2007-05-04,0.007509300948395848,VNQ,HAR-RV
2007-05-07,0.007248820517061201,VNQ,HAR-RV
2007-05-08,0.007968819094677518,VNQ,HAR-RV
2007-05-09,0.006801340624121329,VNQ,HAR-RV
2007-05-10,0.007045715111269753,VNQ,HAR-RV
2007-05-11,0.007609102405646289,VNQ,HAR-RV
2007-05-14,0.008474463996725157,VNQ,HAR-RV
2007-05-15,0.008686250350436403,VNQ,HAR-RV
2007-05-16,0.00832909811158671,VNQ,HAR-RV
2007-05-17,0.009542633299192253,VNQ,HAR-RV
2007-05-18,0.00966232530471064,VNQ,HAR-RV
2007-05-21,0.010347997396704181,VNQ,HAR-RV
2007-05-22,0.009516367904029056,VNQ,HAR-RV
2007-05-23,0.008996646694605336,VNQ,HAR-RV
2007-05-24,0.009772954564863297,VNQ,HAR-RV
2007-05-25,0.008995573517546622,VNQ,HAR-RV
2007-05-29,0.009572452550610731,VNQ,HAR-RV
2007-05-30,0.008798267730887,VNQ,HAR-RV
2007-05-31,0.013706613642491428,VNQ,HAR-RV
2007-06-01,0.013532601818223675,VNQ,HAR-RV
2007-06-04,0.010747778352873872,VNQ,HAR-RV
2007-06-05,0.009227074019790248,VNQ,HAR-RV
2007-06-06,0.009615280062630332,VNQ,HAR-RV
2007-06-07,0.009932947152678805,VNQ,HAR-RV
2007-06-08,0.008416573585410536,VNQ,HAR-RV
2007-06-11,0.012682632060334369,VNQ,HAR-RV
2007-06-12,0.011269467831515922,VNQ,HAR-RV
2007-06-13,0.012343318683344406,VNQ,HAR-RV
2007-06-14,0.013009411181814723,VNQ,HAR-RV
2007-06-15,0.014228241280935954,VNQ,HAR-RV
2007-06-18,0.012007045918484938,VNQ,HAR-RV
2007-06-19,0.011988310042700939,VNQ,HAR-RV
2007-06-20,0.012234986966692903,VNQ,HAR-RV
2007-06-21,0.010569668572656175,VNQ,HAR-RV
2007-06-22,0.013056255587329764,VNQ,HAR-RV
2007-06-25,0.010926558096152634,VNQ,HAR-RV
2007-06-26,0.01047605079094702,VNQ,HAR-RV
2007-06-27,0.011138132759368442,VNQ,HAR-RV
2007-06-28,0.011036764692109244,VNQ,HAR-RV
2007-06-29,0.011219409850175645,VNQ,HAR-RV
2007-07-02,0.010277740208470255,VNQ,HAR-RV
2007-07-03,0.010293966571736875,VNQ,HAR-RV
2007-07-05,0.011076759790483944,VNQ,HAR-RV
2007-07-06,0.010960538152055298,VNQ,HAR-RV
2007-07-09,0.010053088510974681,VNQ,HAR-RV
2007-07-10,0.00942106559978029,VNQ,HAR-RV
2007-07-11,0.009558457813937684,VNQ,HAR-RV
2007-07-12,0.009013318090432512,VNQ,HAR-RV
2007-07-13,0.009641218395447166,VNQ,HAR-RV
2007-07-16,0.009048090447801697,VNQ,HAR-RV
2007-07-17,0.0098109410858782,VNQ,HAR-RV
2007-07-18,0.010343035448216962,VNQ,HAR-RV
2007-07-19,0.008489026629837622,VNQ,HAR-RV
2007-07-20,0.008494354116247887,VNQ,HAR-RV
2007-07-23,0.0077196737705189245,VNQ,HAR-RV
2007-07-24,0.008275675002786694,VNQ,HAR-RV
2007-07-25,0.009007151648498872,VNQ,HAR-RV
2007-07-26,0.010388515130803976,VNQ,HAR-RV
2007-07-27,0.011316047952554763,VNQ,HAR-RV
2007-07-30,0.012899050141128797,VNQ,HAR-RV
2007-07-31,0.014746849400888828,VNQ,HAR-RV
2007-08-01,0.014387192988291563,VNQ,HAR-RV
2007-08-02,0.012992414582534471,VNQ,HAR-RV
2007-08-03,0.013340808730581584,VNQ,HAR-RV
2007-08-06,0.013665003833467158,VNQ,HAR-RV
2007-08-07,0.015926260667411388,VNQ,HAR-RV
2007-08-08,0.016633149184378186,VNQ,HAR-RV
2007-08-09,0.017473577473462076,VNQ,HAR-RV
2007-08-10,0.019592793117823953,VNQ,HAR-RV
2007-08-13,0.02031356316715275,VNQ,HAR-RV
2007-08-14,0.018202190816360528,VNQ,HAR-RV
2007-08-15,0.01658051599663132,VNQ,HAR-RV
2007-08-16,0.017992048581276954,VNQ,HAR-RV
2007-08-17,0.017229309686448053,VNQ,HAR-RV
2007-08-20,0.01975169093411832,VNQ,HAR-RV
2007-08-21,0.019998746191197785,VNQ,HAR-RV
2007-08-22,0.02077376742251326,VNQ,HAR-RV
2007-08-23,0.018132533292361037,VNQ,HAR-RV
2007-08-24,0.017235469538377846,VNQ,HAR-RV
2007-08-27,0.014036386102463222,VNQ,HAR-RV
2007-08-28,0.013221556422503344,VNQ,HAR-RV
2007-08-29,0.014326646434835996,VNQ,HAR-RV
2007-08-30,0.0176255853600625,VNQ,HAR-RV
2007-08-31,0.01901739287501314,VNQ,HAR-RV
2007-09-04,0.018401280773654417,VNQ,HAR-RV
2007-09-05,0.018980166775176145,VNQ,HAR-RV
2007-09-06,0.018533765799344903,VNQ,HAR-RV
2007-09-07,0.017204322097460215,VNQ,HAR-RV
2007-09-10,0.01517495247719752,VNQ,HAR-RV
2007-09-11,0.016463128413092807,VNQ,HAR-RV
2007-09-12,0.016008622607724236,VNQ,HAR-RV
2007-09-13,0.016159883627369035,VNQ,HAR-RV
2007-09-14,0.014963273145846105,VNQ,HAR-RV
2007-09-17,0.015477789518118274,VNQ,HAR-RV
2007-09-18,0.01409181824361962,VNQ,HAR-RV
2007-09-19,0.014152528967041935,VNQ,HAR-RV
2007-09-20,0.014082614611369998,VNQ,HAR-RV
2007-09-21,0.01597805539110693,VNQ,HAR-RV
2007-09-24,0.015885315318834695,VNQ,HAR-RV
2007-09-25,0.017033139359525454,VNQ,HAR-RV
2007-09-26,0.0176419650512884,VNQ,HAR-RV
2007-09-27,0.016491187600529637,VNQ,HAR-RV
2007-09-28,0.016715905105114837,VNQ,HAR-RV
2007-10-01,0.015128418355740877,VNQ,HAR-RV
2007-10-02,0.015122501001554918,VNQ,HAR-RV
2007-10-03,0.014717587944152656,VNQ,HAR-RV
2007-10-04,0.014455861110730514,VNQ,HAR-RV
2007-10-05,0.014122275587726026,VNQ,HAR-RV
2007-10-08,0.014157347705436099,VNQ,HAR-RV
2007-10-09,0.0145624948355031,VNQ,HAR-RV
2007-10-10,0.014469248236985428,VNQ,HAR-RV
2007-10-11,0.013998756348188573,VNQ,HAR-RV
2007-10-12,0.01425401198469209,VNQ,HAR-RV
2007-10-15,0.013588252566546288,VNQ,HAR-RV
2007-10-16,0.012116623987485142,VNQ,HAR-RV
2007-10-17,0.011531011430398638,VNQ,HAR-RV
2007-10-18,0.011940045812978918,VNQ,HAR-RV
2007-10-19,0.01168897101444408,VNQ,HAR-RV
2007-10-22,0.011622342116443585,VNQ,HAR-RV
2007-10-23,0.013177561629530035,VNQ,HAR-RV
2007-10-24,0.0142252120096847,VNQ,HAR-RV
2007-10-25,0.014890032262790728,VNQ,HAR-RV
2007-10-26,0.01584297032590111,VNQ,HAR-RV
2007-10-29,0.016017597061465178,VNQ,HAR-RV
2007-10-30,0.013274479661046338,VNQ,HAR-RV
2007-10-31,0.012558761881456347,VNQ,HAR-RV
2007-11-01,0.012990276584964298,VNQ,HAR-RV
2007-11-02,0.013420450304679456,VNQ,HAR-RV
2007-11-05,0.017135416194877493,VNQ,HAR-RV
2007-11-06,0.017577015380934403,VNQ,HAR-RV
2007-11-07,0.017372391414104942,VNQ,HAR-RV
2007-11-08,0.01753009527297226,VNQ,HAR-RV
2007-11-09,0.01775616347556723,VNQ,HAR-RV
2007-11-12,0.01485983055411576,VNQ,HAR-RV
2007-11-13,0.014277679580884283,VNQ,HAR-RV
2007-11-14,0.014299506250759642,VNQ,HAR-RV
2007-11-15,0.015732143968820157,VNQ,HAR-RV
2007-11-16,0.015041744763717627,VNQ,HAR-RV
2007-11-19,0.015321044424201534,VNQ,HAR-RV
2007-11-20,0.01596248868541216,VNQ,HAR-RV
2007-11-21,0.017012605729658223,VNQ,HAR-RV
2007-11-23,0.015662835366836936,VNQ,HAR-RV
2007-11-26,0.014812727720666238,VNQ,HAR-RV
2007-11-27,0.01616095008494411,VNQ,HAR-RV
2007-11-28,0.01843366263233921,VNQ,HAR-RV
2007-11-29,0.019800266279091608,VNQ,HAR-RV
2007-11-30,0.021415602547403358,VNQ,HAR-RV
2007-12-03,0.022954041117473328,VNQ,HAR-RV
2007-12-04,0.022699983316434906,VNQ,HAR-RV
2007-12-05,0.020592979254610202,VNQ,HAR-RV
2007-12-06,0.02028682733610898,VNQ,HAR-RV
2007-12-07,0.020106883229796552,VNQ,HAR-RV
2007-12-10,0.02110893308507341,VNQ,HAR-RV
2007-12-11,0.019950592467621427,VNQ,HAR-RV
2007-12-12,0.020709173439849023,VNQ,HAR-RV
2007-12-13,0.021639445112950337,VNQ,HAR-RV
2007-12-14,0.021387462948022636,VNQ,HAR-RV
2007-12-17,0.019635571949111273,VNQ,HAR-RV
2007-12-18,0.020811773328952947,VNQ,HAR-RV
2007-12-19,0.021363188133246794,VNQ,HAR-RV
2007-12-20,0.018960514928602186,VNQ,HAR-RV
2007-12-21,0.019117336415118945,VNQ,HAR-RV
2007-12-24,0.01850689985192667,VNQ,HAR-RV
2007-12-26,0.0177923216528644,VNQ,HAR-RV
2007-12-27,0.017629129927998203,VNQ,HAR-RV
2007-12-28,0.018345230421525322,VNQ,HAR-RV
2007-12-31,0.018517788717708646,VNQ,HAR-RV
2008-01-02,0.019362627982736677,VNQ,HAR-RV
2008-01-03,0.01805900087020296,VNQ,HAR-RV
2008-01-04,0.016303475494325946,VNQ,HAR-RV
2008-01-07,0.017070683812921317,VNQ,HAR-RV
2008-01-08,0.018334603534580374,VNQ,HAR-RV
2008-01-09,0.018735440140242553,VNQ,HAR-RV
2008-01-10,0.0195660983014891,VNQ,HAR-RV
2008-01-11,0.020807161300730164,VNQ,HAR-RV
2008-01-14,0.01968071364793128,VNQ,HAR-RV
2008-01-15,0.01700540185747792,VNQ,HAR-RV
2008-01-16,0.015843314105867225,VNQ,HAR-RV
2008-01-17,0.014758268563308303,VNQ,HAR-RV
2008-01-18,0.014562503252986584,VNQ,HAR-RV
2008-01-22,0.014202693110405507,VNQ,HAR-RV
2008-01-23,0.014903509569291224,VNQ,HAR-RV
2008-01-24,0.01656118497837411,VNQ,HAR-RV
2008-01-25,0.022378342995284323,VNQ,HAR-RV
2008-01-28,0.02206963568682525,VNQ,HAR-RV
2008-01-29,0.021879221846600135,VNQ,HAR-RV
2008-01-30,0.022405417837208993,VNQ,HAR-RV
2008-01-31,0.021681642570494826,VNQ,HAR-RV
2008-02-01,0.019049706313028957,VNQ,HAR-RV
2008-02-04,0.019253163036904122,VNQ,HAR-RV
2008-02-05,0.020843048410528284,VNQ,HAR-RV
2008-02-06,0.021070179148133847,VNQ,HAR-RV
2008-02-07,0.021449169286071393,VNQ,HAR-RV
2008-02-08,0.021141363513383395,VNQ,HAR-RV
2008-02-11,0.021546962269099808,VNQ,HAR-RV
2008-02-12,0.020880468726896733,VNQ,HAR-RV
2008-02-13,0.021849614017412533,VNQ,HAR-RV
2008-02-14,0.02137199342994099,VNQ,HAR-RV
2008-02-15,0.021786795052201643,VNQ,HAR-RV
2008-02-19,0.02135524133435964,VNQ,HAR-RV
2008-02-20,0.01977932175224563,VNQ,HAR-RV
2008-02-21,0.018475387711450422,VNQ,HAR-RV
2008-02-22,0.018036631198104017,VNQ,HAR-RV
2008-02-25,0.019113370732763056,VNQ,HAR-RV
2008-02-26,0.020042443140257504,VNQ,HAR-RV
2008-02-27,0.018910919733453456,VNQ,HAR-RV
2008-02-28,0.018485929784079216,VNQ,HAR-RV
2008-02-29,0.018428522044596864,VNQ,HAR-RV
2008-03-03,0.01786511132178023,VNQ,HAR-RV
2008-03-04,0.017581276514929592,VNQ,HAR-RV
2008-03-05,0.016461636384856412,VNQ,HAR-RV
2008-03-06,0.016522127560532226,VNQ,HAR-RV
2008-03-07,0.01641237722022975,VNQ,HAR-RV
2008-03-10,0.017506111023034704,VNQ,HAR-RV
2008-03-11,0.017343417706278542,VNQ,HAR-RV
2008-03-12,0.017803688301928577,VNQ,HAR-RV
2008-03-13,0.01939759492481392,VNQ,HAR-RV
2008-03-14,0.019571046552769762,VNQ,HAR-RV
2008-03-17,0.018760842563276436,VNQ,HAR-RV
2008-03-18,0.018349016465641906,VNQ,HAR-RV
2008-03-19,0.018941797110651873,VNQ,HAR-RV
2008-03-20,0.017703114222213216,VNQ,HAR-RV
2008-03-24,0.01866144045726957,VNQ,HAR-RV
2008-03-25,0.01895232013271386,VNQ,HAR-RV
2008-03-26,0.019531221823094205,VNQ,HAR-RV
2008-03-27,0.019706304973790827,VNQ,HAR-RV
2008-03-28,0.018127368942205,VNQ,HAR-RV
2008-03-31,0.018182116820267567,VNQ,HAR-RV
2008-04-01,0.017465404622577386,VNQ,HAR-RV
2008-04-02,0.01820104372058349,VNQ,HAR-RV
2008-04-03,0.016748695332598422,VNQ,HAR-RV
2008-04-04,0.019395974094373856,VNQ,HAR-RV
2008-04-07,0.018764824787106133,VNQ,HAR-RV
2008-04-08,0.019243278577433125,VNQ,HAR-RV
2008-04-09,0.01942450686923497,VNQ,HAR-RV
2008-04-10,0.01842399968709446,VNQ,HAR-RV
2008-04-11,0.017401856976561263,VNQ,HAR-RV
2008-04-14,0.01796577672104261,VNQ,HAR-RV
2008-04-15,0.01694531702141123,VNQ,HAR-RV
2008-04-16,0.01698262086076178,VNQ,HAR-RV
2008-04-17,0.01706430149376432,VNQ,HAR-RV
2008-04-18,0.015564551939131963,VNQ,HAR-RV
2008-04-21,0.017824645904039916,VNQ,HAR-RV
2008-04-22,0.01704237775724976,VNQ,HAR-RV
2008-04-23,0.01692104184359311,VNQ,HAR-RV
2008-04-24,0.01663392713765524,VNQ,HAR-RV
2008-04-25,0.015505414365954182,VNQ,HAR-RV
2008-04-28,0.01524058202082236,VNQ,HAR-RV
2008-04-29,0.015577753864701305,VNQ,HAR-RV
2008-04-30,0.015553841338322737,VNQ,HAR-RV
2008-05-01,0.01535272410670402,VNQ,HAR-RV
2008-05-02,0.015495485611384847,VNQ,HAR-RV
2008-05-05,0.014488647340728068,VNQ,HAR-RV
2008-05-06,0.015677820129428206,VNQ,HAR-RV
2008-05-07,0.014901580962871287,VNQ,HAR-RV
2008-05-08,0.014654342017851566,VNQ,HAR-RV
2008-05-09,0.013803945099124386,VNQ,HAR-RV
2008-05-12,0.014599597552755125,VNQ,HAR-RV
2008-05-13,0.014704610080619695,VNQ,HAR-RV
2008-05-14,0.014268491049475451,VNQ,HAR-RV
2008-05-15,0.015399703975610239,VNQ,HAR-RV
2008-05-16,0.01433284559512245,VNQ,HAR-RV
2008-05-19,0.014174789424401564,VNQ,HAR-RV
2008-05-20,0.01366963313078811,VNQ,HAR-RV
2008-05-21,0.013085812033737303,VNQ,HAR-RV
2008-05-22,0.013241179627526413,VNQ,HAR-RV
2008-05-23,0.013369087976162208,VNQ,HAR-RV
2008-05-27,0.014278720408984855,VNQ,HAR-RV
2008-05-28,0.014238777122782258,VNQ,HAR-RV
2008-05-29,0.013893765229868427,VNQ,HAR-RV
2008-05-30,0.014164192127705814,VNQ,HAR-RV
2008-06-02,0.013098605240286665,VNQ,HAR-RV
2008-06-03,0.01340438084683883,VNQ,HAR-RV
2008-06-04,0.013099602723481138,VNQ,HAR-RV
2008-06-05,0.013152843753207601,VNQ,HAR-RV
2008-06-06,0.013798669189181571,VNQ,HAR-RV
2008-06-09,0.014029336481234615,VNQ,HAR-RV
2008-06-10,0.015255250908196908,VNQ,HAR-RV
2008-06-11,0.015556990767179833,VNQ,HAR-RV
2008-06-12,0.015904313862067716,VNQ,HAR-RV
2008-06-13,0.015781721412576097,VNQ,HAR-RV
2008-06-16,0.015681923706491907,VNQ,HAR-RV
2008-06-17,0.015355449163400894,VNQ,HAR-RV
2008-06-18,0.015750630934103078,VNQ,HAR-RV
2008-06-19,0.015854878671455134,VNQ,HAR-RV
2008-06-20,0.01643504032549402,VNQ,HAR-RV
2008-06-23,0.016655826577283518,VNQ,HAR-RV
2008-06-24,0.017017355685218023,VNQ,HAR-RV
2008-06-25,0.016885303774894684,VNQ,HAR-RV
2008-06-26,0.016936831654514244,VNQ,HAR-RV
2008-06-27,0.016703332353546867,VNQ,HAR-RV
2008-06-30,0.016537219741470006,VNQ,HAR-RV
2008-07-01,0.017348949156068095,VNQ,HAR-RV
2008-07-02,0.016905618476646702,VNQ,HAR-RV
2008-07-03,0.01672444588052977,VNQ,HAR-RV
2008-07-07,0.01615356593961027,VNQ,HAR-RV
2008-07-08,0.016122097435135443,VNQ,HAR-RV
2008-07-09,0.017562445120772752,VNQ,HAR-RV
2008-07-10,0.022157554031198255,VNQ,HAR-RV
2008-07-11,0.020475289457589634,VNQ,HAR-RV
2008-07-14,0.014789443012047633,VNQ,HAR-RV
2008-07-15,0.015377236185579651,VNQ,HAR-RV
2008-07-16,0.017608938945371626,VNQ,HAR-RV
2008-07-17,0.018336976428901454,VNQ,HAR-RV
2008-07-18,0.022348363371155013,VNQ,HAR-RV
2008-07-21,0.019343882285252696,VNQ,HAR-RV
2008-07-22,0.018190931173529386,VNQ,HAR-RV
2008-07-23,0.01896642279934351,VNQ,HAR-RV
2008-07-24,0.019905636651730042,VNQ,HAR-RV
2008-07-25,0.022041675260462454,VNQ,HAR-RV
2008-07-28,0.023927437395312764,VNQ,HAR-RV
2008-07-29,0.020578551731286875,VNQ,HAR-RV
2008-07-30,0.02111168541478163,VNQ,HAR-RV
2008-07-31,0.021967850094529347,VNQ,HAR-RV
2008-08-01,0.02018742490605381,VNQ,HAR-RV
2008-08-04,0.021613853608561932,VNQ,HAR-RV
2008-08-05,0.020910074841816575,VNQ,HAR-RV
2008-08-06,0.0227831821169102,VNQ,HAR-RV
2008-08-07,0.023823916916749614,VNQ,HAR-RV
2008-08-08,0.022034805436398647,VNQ,HAR-RV
2008-08-11,0.02186034163342136,VNQ,HAR-RV
2008-08-12,0.020653912967568813,VNQ,HAR-RV
2008-08-13,0.020826111491454635,VNQ,HAR-RV
2008-08-14,0.021168669930798675,VNQ,HAR-RV
2008-08-15,0.020065045995054653,VNQ,HAR-RV
2008-08-18,0.02016632575855308,VNQ,HAR-RV
2008-08-19,0.018223447062044533,VNQ,HAR-RV
2008-08-20,0.019355323688435823,VNQ,HAR-RV
2008-08-21,0.020199775598147014,VNQ,HAR-RV
2008-08-22,0.01896115365893769,VNQ,HAR-RV
2008-08-25,0.019901920399569853,VNQ,HAR-RV
2008-08-26,0.020463886068387657,VNQ,HAR-RV
2008-08-27,0.01904929774623993,VNQ,HAR-RV
2008-08-28,0.01807684289919787,VNQ,HAR-RV
2008-08-29,0.017664841303048743,VNQ,HAR-RV
2008-09-02,0.01785249684732028,VNQ,HAR-RV
2008-09-03,0.017430911354906056,VNQ,HAR-RV
2008-09-04,0.017839968734303602,VNQ,HAR-RV
2008-09-05,0.01870235165534255,VNQ,HAR-RV
2008-09-08,0.01919337036546627,VNQ,HAR-RV
2008-09-09,0.01746917643000948,VNQ,HAR-RV
2008-09-10,0.019931991816087645,VNQ,HAR-RV
2008-09-11,0.018870806517500494,VNQ,HAR-RV
2008-09-12,0.016789276945234143,VNQ,HAR-RV
2008-09-15,0.017368028032173292,VNQ,HAR-RV
2008-09-16,0.016770556633647935,VNQ,HAR-RV
2008-09-17,0.02050417590868584,VNQ,HAR-RV
2008-09-18,0.020969677590988334,VNQ,HAR-RV
2008-09-19,0.024751162977238055,VNQ,HAR-RV
2008-09-22,0.028154859722176746,VNQ,HAR-RV
2008-09-23,0.03084768147582703,VNQ,HAR-RV
2008-09-24,0.03336001530125345,VNQ,HAR-RV
2008-09-25,0.025162367720169616,VNQ,HAR-RV
2008-09-26,0.02308476769417344,VNQ,HAR-RV
2008-09-29,0.022438734991288147,VNQ,HAR-RV
2008-09-30,0.025464634284842712,VNQ,HAR-RV
2008-10-01,0.03417013107320016,VNQ,HAR-RV
2008-10-02,0.03395087689239671,VNQ,HAR-RV
2008-10-03,0.0316110036124516,VNQ,HAR-RV
2008-10-06,0.03858140603174748,VNQ,HAR-RV
2008-10-07,0.03678220999665178,VNQ,HAR-RV
2008-10-08,0.03885148618558837,VNQ,HAR-RV
2008-10-09,0.04398605604490251,VNQ,HAR-RV
2008-10-10,0.042089065443341414,VNQ,HAR-RV
2008-10-13,0.05049250811798034,VNQ,HAR-RV
2008-10-14,0.05664279918508902,VNQ,HAR-RV
2008-10-15,0.05897620826920953,VNQ,HAR-RV
2008-10-16,0.070007967298828,VNQ,HAR-RV
2008-10-17,0.07695699050649943,VNQ,HAR-RV
2008-10-20,0.06517564623961249,VNQ,HAR-RV
2008-10-21,0.05189175417559214,VNQ,HAR-RV
2008-10-22,0.04707217110015534,VNQ,HAR-RV
2008-10-23,0.0532583055675477,VNQ,HAR-RV
2008-10-24,0.05462290499974294,VNQ,HAR-RV
2008-10-27,0.05095584462021115,VNQ,HAR-RV
2008-10-28,0.05710550438810996,VNQ,HAR-RV
2008-10-29,0.06569881120205592,VNQ,HAR-RV
2008-10-30,0.07442164595056631,VNQ,HAR-RV
2008-10-31,0.06260689345880635,VNQ,HAR-RV
2008-11-03,0.06274224488749844,VNQ,HAR-RV
2008-11-04,0.06351162495610824,VNQ,HAR-RV
2008-11-05,0.05920772500241538,VNQ,HAR-RV
2008-11-06,0.06647090842947398,VNQ,HAR-RV
2008-11-07,0.07130724783160607,VNQ,HAR-RV
2008-11-10,0.06417534740278183,VNQ,HAR-RV
2008-11-11,0.06938034128869652,VNQ,HAR-RV
2008-11-12,0.06829014228358599,VNQ,HAR-RV
2008-11-13,0.06020487653159238,VNQ,HAR-RV
2008-11-14,0.06753657723973613,VNQ,HAR-RV
2008-11-17,0.07281023289370638,VNQ,HAR-RV
2008-11-18,0.06906263834107962,VNQ,HAR-RV
2008-11-19,0.06068234275729567,VNQ,HAR-RV
2008-11-20,0.06477928557510348,VNQ,HAR-RV
2008-11-21,0.07652771519580193,VNQ,HAR-RV
2008-11-24,0.07701687970924223,VNQ,HAR-RV
2008-11-25,0.0818462868630118,VNQ,HAR-RV
2008-11-26,0.08208511119352174,VNQ,HAR-RV
2008-11-28,0.07624747945524044,VNQ,HAR-RV
2008-12-01,0.07776640743127358,VNQ,HAR-RV
2008-12-02,0.08154034426728057,VNQ,HAR-RV
2008-12-03,0.08649030036364866,VNQ,HAR-RV
2008-12-04,0.09059287815783207,VNQ,HAR-RV
2008-12-05,0.08376128971236191,VNQ,HAR-RV
2008-12-08,0.08556627640525546,VNQ,HAR-RV
2008-12-09,0.08467913560359396,VNQ,HAR-RV
2008-12-10,0.09166946531758044,VNQ,HAR-RV
2008-12-11,0.09586338938175012,VNQ,HAR-RV
2008-12-12,0.09862884354446932,VNQ,HAR-RV
2008-12-15,0.09514247970263784,VNQ,HAR-RV
2008-12-16,0.09738443084736995,VNQ,HAR-RV
2008-12-17,0.09879145727354126,VNQ,HAR-RV
2008-12-18,0.09512433232805913,VNQ,HAR-RV
2008-12-19,0.09266521906347894,VNQ,HAR-RV
2008-12-22,0.09866754041974875,VNQ,HAR-RV
2008-12-23,0.09787453963955511,VNQ,HAR-RV
2008-12-24,0.08587092615880997,VNQ,HAR-RV
2008-12-26,0.07397846221347468,VNQ,HAR-RV
2008-12-29,0.06593101940656497,VNQ,HAR-RV
2008-12-30,0.05895080459909763,VNQ,HAR-RV
2008-12-31,0.05894156473813855,VNQ,HAR-RV
2009-01-02,0.05728479231600551,VNQ,HAR-RV
2009-01-05,0.05881916124336917,VNQ,HAR-RV
2009-01-06,0.05291628742323553,VNQ,HAR-RV
2009-01-07,0.04995845723368105,VNQ,HAR-RV
2009-01-08,0.049748975479133636,VNQ,HAR-RV
2009-01-09,0.047996816414994585,VNQ,HAR-RV
2009-01-12,0.04224658597539137,VNQ,HAR-RV
2009-01-13,0.044638198811500954,VNQ,HAR-RV
2009-01-14,0.046626218451905385,VNQ,HAR-RV
2009-01-15,0.043343877216439244,VNQ,HAR-RV
2009-01-16,0.04293723977799262,VNQ,HAR-RV
2009-01-20,0.04235417087459298,VNQ,HAR-RV
2009-01-21,0.0419179784108286,VNQ,HAR-RV
2009-01-22,0.049809062330258544,VNQ,HAR-RV
2009-01-23,0.0554160184224098,VNQ,HAR-RV
2009-01-26,0.052246299796232756,VNQ,HAR-RV
2009-01-27,0.04836212555517205,VNQ,HAR-RV
2009-01-28,0.043183640098820655,VNQ,HAR-RV
2009-01-29,0.039667201267444746,VNQ,HAR-RV
2009-01-30,0.04625525251614271,VNQ,HAR-RV
2009-02-02,0.04947500176167867,VNQ,HAR-RV
2009-02-03,0.04609659707673025,VNQ,HAR-RV
2009-02-04,0.04464458114031156,VNQ,HAR-RV
2009-02-05,0.04188267590008689,VNQ,HAR-RV
2009-02-06,0.040499326081813655,VNQ,HAR-RV
2009-02-09,0.038137041016870064,VNQ,HAR-RV
2009-02-10,0.04313275876061748,VNQ,HAR-RV
2009-02-11,0.038529967581592994,VNQ,HAR-RV
2009-02-12,0.04960374293896136,VNQ,HAR-RV
2009-02-13,0.04304656422770527,VNQ,HAR-RV
2009-02-17,0.041658066544907675,VNQ,HAR-RV
2009-02-18,0.046142825552909654,VNQ,HAR-RV
2009-02-19,0.049376638647567625,VNQ,HAR-RV
2009-02-20,0.041505049163942986,VNQ,HAR-RV
2009-02-23,0.045027489445391373,VNQ,HAR-RV
2009-02-24,0.04653954767471401,VNQ,HAR-RV
2009-02-25,0.04822922024385157,VNQ,HAR-RV
2009-02-26,0.04908816864454083,VNQ,HAR-RV
2009-02-27,0.04443622899477223,VNQ,HAR-RV
2009-03-02,0.04822265382351945,VNQ,HAR-RV
2009-03-03,0.0435621468826075,VNQ,HAR-RV
2009-03-04,0.04614962671022509,VNQ,HAR-RV
2009-03-05,0.03636510553053032,VNQ,HAR-RV
2009-03-06,0.03672497525255501,VNQ,HAR-RV
2009-03-09,0.04135519183599745,VNQ,HAR-RV
2009-03-10,0.03798298050325613,VNQ,HAR-RV
2009-03-11,0.03815568779174473,VNQ,HAR-RV
2009-03-12,0.050939065294811695,VNQ,HAR-RV
2009-03-13,0.04430216704772137,VNQ,HAR-RV
2009-03-16,0.04905458867554889,VNQ,HAR-RV
2009-03-17,0.045556899479319554,VNQ,HAR-RV
2009-03-18,0.05201090544206121,VNQ,HAR-RV
2009-03-19,0.050993592185169564,VNQ,HAR-RV
2009-03-20,0.05163263807750295,VNQ,HAR-RV
2009-03-23,0.051363750303960815,VNQ,HAR-RV
2009-03-24,0.05903244760413042,VNQ,HAR-RV
2009-03-25,0.06847543404242465,VNQ,HAR-RV
2009-03-26,0.06446762738623384,VNQ,HAR-RV
2009-03-27,0.05627366065486099,VNQ,HAR-RV
2009-03-30,0.05331421174939214,VNQ,HAR-RV
2009-03-31,0.05409916700708671,VNQ,HAR-RV
2009-04-01,0.0518524030604727,VNQ,HAR-RV
2009-04-02,0.05292329121887106,VNQ,HAR-RV
2009-04-03,0.047645596700107165,VNQ,HAR-RV
2009-04-06,0.055114834887713904,VNQ,HAR-RV
2009-04-07,0.05841876852391313,VNQ,HAR-RV
2009-04-08,0.0520689917649754,VNQ,HAR-RV
2009-04-09,0.056704337320564464,VNQ,HAR-RV
2009-04-13,0.0555559933716976,VNQ,HAR-RV
2009-04-14,0.05893034444658662,VNQ,HAR-RV
2009-04-15,0.054986584544507534,VNQ,HAR-RV
2009-04-16,0.058730864041775466,VNQ,HAR-RV
2009-04-17,0.06037015545072989,VNQ,HAR-RV
2009-04-20,0.05913710498650739,VNQ,HAR-RV
2009-04-21,0.05414233200847697,VNQ,HAR-RV
2009-04-22,0.059981727644035504,VNQ,HAR-RV
2009-04-23,0.06011263216291999,VNQ,HAR-RV
2009-04-24,0.05656440489232457,VNQ,HAR-RV
2009-04-27,0.05392933937052049,VNQ,HAR-RV
2009-04-28,0.0540845655714437,VNQ,HAR-RV
2009-04-29,0.05346566990606129,VNQ,HAR-RV
2009-04-30,0.050438427922383636,VNQ,HAR-RV
2009-05-01,0.050249983583355896,VNQ,HAR-RV
2009-05-04,0.046999726949636875,VNQ,HAR-RV
2009-05-05,0.04625982814390128,VNQ,HAR-RV
2009-05-06,0.048835469696883446,VNQ,HAR-RV
2009-05-07,0.048664597401672935,VNQ,HAR-RV
2009-05-08,0.04734902795056734,VNQ,HAR-RV
2009-05-11,0.05087652798555867,VNQ,HAR-RV
2009-05-12,0.05169042000843296,VNQ,HAR-RV
2009-05-13,0.05044625249180863,VNQ,HAR-RV
2009-05-14,0.046072334665869345,VNQ,HAR-RV
2009-05-15,0.04871203414256654,VNQ,HAR-RV
2009-05-18,0.045651901896036844,VNQ,HAR-RV
2009-05-19,0.04340194750976238,VNQ,HAR-RV
2009-05-20,0.04564127644914362,VNQ,HAR-RV
2009-05-21,0.04648252382794042,VNQ,HAR-RV
2009-05-22,0.041126924706685955,VNQ,HAR-RV
2009-05-26,0.038184939250156785,VNQ,HAR-RV
2009-05-27,0.0378523622548471,VNQ,HAR-RV
2009-05-28,0.03740903817340889,VNQ,HAR-RV
2009-05-29,0.037742321493233706,VNQ,HAR-RV
2009-06-01,0.036925783505547316,VNQ,HAR-RV
2009-06-02,0.038971800154879534,VNQ,HAR-RV
2009-06-03,0.040197213917638266,VNQ,HAR-RV
2009-06-04,0.03888967860125475,VNQ,HAR-RV
2009-06-05,0.03655016130120824,VNQ,HAR-RV
2009-06-08,0.03544240907379188,VNQ,HAR-RV
2009-06-09,0.03285790519716397,VNQ,HAR-RV
2009-06-10,0.03022895389850786,VNQ,HAR-RV
2009-06-11,0.02782209042520505,VNQ,HAR-RV
2009-06-12,0.02729932638151361,VNQ,HAR-RV
2009-06-15,0.026495403670950227,VNQ,HAR-RV
2009-06-16,0.028871143925360505,VNQ,HAR-RV
2009-06-17,0.03010934503446235,VNQ,HAR-RV
2009-06-18,0.03131906450625906,VNQ,HAR-RV
2009-06-19,0.031067662180117597,VNQ,HAR-RV
2009-06-22,0.02851399107698202,VNQ,HAR-RV
2009-06-23,0.027239026519550964,VNQ,HAR-RV
2009-06-24,0.02728314968377408,VNQ,HAR-RV
2009-06-25,0.02735765019382598,VNQ,HAR-RV
2009-06-26,0.027260480468719775,VNQ,HAR-RV
2009-06-29,0.02628422547652559,VNQ,HAR-RV
2009-06-30,0.025533255078161878,VNQ,HAR-RV
2009-07-01,0.022146373550889838,VNQ,HAR-RV
2009-07-02,0.021699952195905873,VNQ,HAR-RV
2009-07-06,0.021376981797269934,VNQ,HAR-RV
2009-07-07,0.024008221756899838,VNQ,HAR-RV
2009-07-08,0.0261551231194414,VNQ,HAR-RV
2009-07-09,0.028173358891507502,VNQ,HAR-RV
2009-07-10,0.0285131129908945,VNQ,HAR-RV
2009-07-13,0.02811966850137571,VNQ,HAR-RV
2009-07-14,0.025617306466633488,VNQ,HAR-RV
2009-07-15,0.026571861668328173,VNQ,HAR-RV
2009-07-16,0.025311318494339534,VNQ,HAR-RV
2009-07-17,0.02672926779738475,VNQ,HAR-RV
2009-07-20,0.025838848266873594,VNQ,HAR-RV
2009-07-21,0.027384721719958875,VNQ,HAR-RV
2009-07-22,0.02750328256672077,VNQ,HAR-RV
2009-07-23,0.02688912039360363,VNQ,HAR-RV
2009-07-24,0.024959824967870685,VNQ,HAR-RV
2009-07-27,0.02540873440140219,VNQ,HAR-RV
2009-07-28,0.02468209011224947,VNQ,HAR-RV
2009-07-29,0.02324612254602025,VNQ,HAR-RV
2009-07-30,0.0228057407103906,VNQ,HAR-RV
2009-07-31,0.02385015285297778,VNQ,HAR-RV
2009-08-03,0.024102198092573666,VNQ,HAR-RV
2009-08-04,0.024073598387010467,VNQ,HAR-RV
2009-08-05,0.02443590038471663,VNQ,HAR-RV
2009-08-06,0.027420041753679444,VNQ,HAR-RV
2009-08-07,0.028595069793709727,VNQ,HAR-RV
2009-08-10,0.026895314497732595,VNQ,HAR-RV
2009-08-11,0.030528517324402295,VNQ,HAR-RV
2009-08-12,0.03130077466088549,VNQ,HAR-RV
2009-08-13,0.030544308304638657,VNQ,HAR-RV
2009-08-14,0.027618953197889727,VNQ,HAR-RV
2009-08-17,0.02681618719763638,VNQ,HAR-RV
2009-08-18,0.023748349932217826,VNQ,HAR-RV
2009-08-19,0.024760439272160824,VNQ,HAR-RV
2009-08-20,0.024154113647271932,VNQ,HAR-RV
2009-08-21,0.023183807108182006,VNQ,HAR-RV
2009-08-24,0.025625866807493167,VNQ,HAR-RV
2009-08-25,0.02735373699318506,VNQ,HAR-RV
2009-08-26,0.02429751110006824,VNQ,HAR-RV
2009-08-27,0.02402291355101599,VNQ,HAR-RV
2009-08-28,0.022949968672000953,VNQ,HAR-RV
2009-08-31,0.020887165871546362,VNQ,HAR-RV
2009-09-01,0.01984380966525879,VNQ,HAR-RV
2009-09-02,0.020221666738768868,VNQ,HAR-RV
2009-09-03,0.02297492247476839,VNQ,HAR-RV
2009-09-04,0.02489214893914744,VNQ,HAR-RV
2009-09-08,0.023978270930051317,VNQ,HAR-RV
2009-09-09,0.023848432504248847,VNQ,HAR-RV
2009-09-10,0.02479826194676729,VNQ,HAR-RV
2009-09-11,0.021879500203420187,VNQ,HAR-RV
2009-09-14,0.02117869583798178,VNQ,HAR-RV
2009-09-15,0.019846296805573656,VNQ,HAR-RV
2009-09-16,0.02041069944278022,VNQ,HAR-RV
2009-09-17,0.020578995697710198,VNQ,HAR-RV
2009-09-18,0.02151197620115599,VNQ,HAR-RV
2009-09-21,0.020653705016196858,VNQ,HAR-RV
2009-09-22,0.020570979446750313,VNQ,HAR-RV
2009-09-23,0.019436524730469862,VNQ,HAR-RV
2009-09-24,0.019634870648513523,VNQ,HAR-RV
2009-09-25,0.019780668447690976,VNQ,HAR-RV
2009-09-28,0.022252922293756423,VNQ,HAR-RV
2009-09-29,0.0239040942329489,VNQ,HAR-RV
2009-09-30,0.02459040593464689,VNQ,HAR-RV
2009-10-01,0.024755303384409337,VNQ,HAR-RV
2009-10-02,0.023698370079178112,VNQ,HAR-RV
2009-10-05,0.02326865935549196,VNQ,HAR-RV
2009-10-06,0.02405019885256605,VNQ,HAR-RV
2009-10-07,0.022252299243378848,VNQ,HAR-RV
2009-10-08,0.02187281989668695,VNQ,HAR-RV
2009-10-09,0.021083252572289712,VNQ,HAR-RV
2009-10-12,0.0180338948360262,VNQ,HAR-RV
2009-10-13,0.017974262042902603,VNQ,HAR-RV
2009-10-14,0.01619534677420952,VNQ,HAR-RV
2009-10-15,0.017045985587647895,VNQ,HAR-RV
2009-10-16,0.018312397416717148,VNQ,HAR-RV
2009-10-19,0.01894028590009788,VNQ,HAR-RV
2009-10-20,0.018819208190582568,VNQ,HAR-RV
2009-10-21,0.020888968277286247,VNQ,HAR-RV
2009-10-22,0.02160378502835012,VNQ,HAR-RV
2009-10-23,0.020463956548057168,VNQ,HAR-RV
2009-10-26,0.020940047782333285,VNQ,HAR-RV
2009-10-27,0.01953902476382914,VNQ,HAR-RV
2009-10-28,0.01769793039114271,VNQ,HAR-RV
2009-10-29,0.017424519584445283,VNQ,HAR-RV
2009-10-30,0.020565194334980014,VNQ,HAR-RV
2009-11-02,0.021079725485913352,VNQ,HAR-RV
2009-11-03,0.022110647895163812,VNQ,HAR-RV
2009-11-04,0.02150604169199509,VNQ,HAR-RV
2009-11-05,0.02108818331253997,VNQ,HAR-RV
2009-11-06,0.019636754707763222,VNQ,HAR-RV
2009-11-09,0.018977136901338787,VNQ,HAR-RV
2009-11-10,0.019801716255156157,VNQ,HAR-RV
2009-11-11,0.022334112943286362,VNQ,HAR-RV
2009-11-12,0.023577054627584165,VNQ,HAR-RV
2009-11-13,0.022985075504339387,VNQ,HAR-RV
2009-11-16,0.022657476330771437,VNQ,HAR-RV
2009-11-17,0.021493086046515127,VNQ,HAR-RV
2009-11-18,0.020682843212602324,VNQ,HAR-RV
2009-11-19,0.02099945781806503,VNQ,HAR-RV
2009-11-20,0.020728533967810877,VNQ,HAR-RV
2009-11-23,0.020780492340149885,VNQ,HAR-RV
2009-11-24,0.02048022316033892,VNQ,HAR-RV
2009-11-25,0.019254453266488142,VNQ,HAR-RV
2009-11-27,0.019007844405112852,VNQ,HAR-RV
2009-11-30,0.01926361710520111,VNQ,HAR-RV
2009-12-01,0.01901881356181797,VNQ,HAR-RV
2009-12-02,0.019031983561357924,VNQ,HAR-RV
2009-12-03,0.018498366368767158,VNQ,HAR-RV
2009-12-04,0.01828308969897021,VNQ,HAR-RV
2009-12-07,0.018931662078559473,VNQ,HAR-RV
2009-12-08,0.018461745086362523,VNQ,HAR-RV
2009-12-09,0.0187996628846003,VNQ,HAR-RV
2009-12-10,0.018686760557054222,VNQ,HAR-RV
2009-12-11,0.018102331579920247,VNQ,HAR-RV
2009-12-14,0.016056838722856126,VNQ,HAR-RV
2009-12-15,0.016106961049152446,VNQ,HAR-RV
2009-12-16,0.015954295736301593,VNQ,HAR-RV
2009-12-17,0.016077982269153777,VNQ,HAR-RV
2009-12-18,0.01597719403538231,VNQ,HAR-RV
2009-12-21,0.015202261280633324,VNQ,HAR-RV
2009-12-22,0.014724960369145224,VNQ,HAR-RV
2009-12-23,0.013659748720775484,VNQ,HAR-RV
2009-12-24,0.01319261063108352,VNQ,HAR-RV
2009-12-28,0.013323969118473064,VNQ,HAR-RV
2009-12-29,0.013052549205325253,VNQ,HAR-RV
2009-12-30,0.013804658651846477,VNQ,HAR-RV
2009-12-31,0.012858178400723983,VNQ,HAR-RV
2010-01-04,0.013266639790049958,VNQ,HAR-RV
2010-01-05,0.010221730381342485,VNQ,HAR-RV
2010-01-06,0.011318918480779478,VNQ,HAR-RV
2010-01-07,0.01091405249439411,VNQ,HAR-RV
2010-01-08,0.010001596143079598,VNQ,HAR-RV
2010-01-11,0.008256274266518204,VNQ,HAR-RV
2010-01-12,0.007750437002304176,VNQ,HAR-RV
2010-01-13,0.008028280955207977,VNQ,HAR-RV
2010-01-14,0.007955295502226893,VNQ,HAR-RV
2010-01-15,0.008733422710391885,VNQ,HAR-RV
2010-01-19,0.010204953485837845,VNQ,HAR-RV
2010-01-20,0.009083856428973415,VNQ,HAR-RV
2010-01-21,0.008519447035369856,VNQ,HAR-RV
2010-01-22,0.009804230542405775,VNQ,HAR-RV
2010-01-25,0.008565224323900595,VNQ,HAR-RV
2010-01-26,0.010704335616802282,VNQ,HAR-RV
2010-01-27,0.012792638795112912,VNQ,HAR-RV
2010-01-28,0.01225324479876359,VNQ,HAR-RV
2010-01-29,0.012000385853470963,VNQ,HAR-RV
2010-02-01,0.011022151888551403,VNQ,HAR-RV
2010-02-02,0.010872861890215323,VNQ,HAR-RV
2010-02-03,0.009836406058035745,VNQ,HAR-RV
2010-02-04,0.01106330142549166,VNQ,HAR-RV
2010-02-05,0.011138020585552143,VNQ,HAR-RV
2010-02-08,0.011696907767715162,VNQ,HAR-RV
2010-02-09,0.015200590783542616,VNQ,HAR-RV
2010-02-10,0.015438694114287499,VNQ,HAR-RV
2010-02-11,0.01592221166782272,VNQ,HAR-RV
2010-02-12,0.014790080729000359,VNQ,HAR-RV
2010-02-16,0.013885230171201322,VNQ,HAR-RV
2010-02-17,0.01358340524178166,VNQ,HAR-RV
2010-02-18,0.013163962742813451,VNQ,HAR-RV
2010-02-19,0.01470960155514487,VNQ,HAR-RV
2010-02-22,0.014672068966668408,VNQ,HAR-RV
2010-02-23,0.016081751989377176,VNQ,HAR-RV
2010-02-24,0.015584471551423193,VNQ,HAR-RV
2010-02-25,0.014039723864765296,VNQ,HAR-RV
2010-02-26,0.012807610842364738,VNQ,HAR-RV
2010-03-01,0.013911410830479896,VNQ,HAR-RV
2010-03-02,0.014001830217542316,VNQ,HAR-RV
2010-03-03,0.012532878232386371,VNQ,HAR-RV
2010-03-04,0.013287608152642273,VNQ,HAR-RV
2010-03-05,0.013062779894051201,VNQ,HAR-RV
2010-03-08,0.011921814867134934,VNQ,HAR-RV
2010-03-09,0.009673063204276664,VNQ,HAR-RV
2010-03-10,0.01099220136583053,VNQ,HAR-RV
2010-03-11,0.010297974030598874,VNQ,HAR-RV
2010-03-12,0.00893360799994287,VNQ,HAR-RV
2010-03-15,0.008539098798304463,VNQ,HAR-RV
2010-03-16,0.009989707521838396,VNQ,HAR-RV
2010-03-17,0.010132385041206664,VNQ,HAR-RV
2010-03-18,0.010004886594483921,VNQ,HAR-RV
2010-03-19,0.010650576882720243,VNQ,HAR-RV
2010-03-22,0.009952450067232162,VNQ,HAR-RV
2010-03-23,0.009938245216999883,VNQ,HAR-RV
2010-03-24,0.009437089795138385,VNQ,HAR-RV
2010-03-25,0.010206809446167711,VNQ,HAR-RV
2010-03-26,0.011127917884990672,VNQ,HAR-RV
2010-03-29,0.010551554022618162,VNQ,HAR-RV
2010-03-30,0.01073151419315397,VNQ,HAR-RV
2010-03-31,0.010564297484740595,VNQ,HAR-RV
2010-04-01,0.010601892064717705,VNQ,HAR-RV
2010-04-05,0.010841966500181509,VNQ,HAR-RV
2010-04-06,0.01078822672695847,VNQ,HAR-RV
2010-04-07,0.011495930727633972,VNQ,HAR-RV
2010-04-08,0.011616973525395324,VNQ,HAR-RV
2010-04-09,0.010499983975843988,VNQ,HAR-RV
2010-04-12,0.01014221109554298,VNQ,HAR-RV
2010-04-13,0.010037779754107298,VNQ,HAR-RV
2010-04-14,0.010839094491432727,VNQ,HAR-RV
2010-04-15,0.012251213658586203,VNQ,HAR-RV
2010-04-16,0.011897650453690872,VNQ,HAR-RV
2010-04-19,0.013625074199787288,VNQ,HAR-RV
2010-04-20,0.012739575799083223,VNQ,HAR-RV
2010-04-21,0.011175518258754397,VNQ,HAR-RV
2010-04-22,0.012276532446238796,VNQ,HAR-RV
2010-04-23,0.011888319674305356,VNQ,HAR-RV
2010-04-26,0.012716738178107694,VNQ,HAR-RV
2010-04-27,0.013296219714691571,VNQ,HAR-RV
2010-04-28,0.013083964330523641,VNQ,HAR-RV
2010-04-29,0.014220146979320947,VNQ,HAR-RV
2010-04-30,0.014077188147228224,VNQ,HAR-RV
2010-05-03,0.015616657348200051,VNQ,HAR-RV
2010-05-04,0.015678496267520665,VNQ,HAR-RV
2010-05-05,0.015952567647865012,VNQ,HAR-RV
2010-05-06,0.01630990898166062,VNQ,HAR-RV
2010-05-07,0.016359719262532095,VNQ,HAR-RV
2010-05-10,0.017269272285194377,VNQ,HAR-RV
2010-05-11,0.01760078638549373,VNQ,HAR-RV
2010-05-12,0.01876448217034067,VNQ,HAR-RV
2010-05-13,0.01921210312961531,VNQ,HAR-RV
2010-05-14,0.0194300781734445,VNQ,HAR-RV
2010-05-17,0.01953190546258031,VNQ,HAR-RV
2010-05-18,0.019842246156316173,VNQ,HAR-RV
2010-05-19,0.020562108074757803,VNQ,HAR-RV
2010-05-20,0.019681364415185178,VNQ,HAR-RV
2010-05-21,0.02056764106995407,VNQ,HAR-RV
2010-05-24,0.0211050970414394,VNQ,HAR-RV
2010-05-25,0.021858970462557727,VNQ,HAR-RV
2010-05-26,0.021760671254890968,VNQ,HAR-RV
2010-05-27,0.02162788697103285,VNQ,HAR-RV
2010-05-28,0.022955987398453406,VNQ,HAR-RV
2010-06-01,0.021892440573786788,VNQ,HAR-RV
2010-06-02,0.024265670010840863,VNQ,HAR-RV
2010-06-03,0.022435042617379327,VNQ,HAR-RV
2010-06-04,0.021701953196762266,VNQ,HAR-RV
2010-06-07,0.022464879715224994,VNQ,HAR-RV
2010-06-08,0.018305538053841858,VNQ,HAR-RV
2010-06-09,0.02310572657391597,VNQ,HAR-RV
2010-06-10,0.02099524258583,VNQ,HAR-RV
2010-06-11,0.021694199130145645,VNQ,HAR-RV
2010-06-14,0.01801646062216377,VNQ,HAR-RV
2010-06-15,0.020142945767951864,VNQ,HAR-RV
2010-06-16,0.020202822903081234,VNQ,HAR-RV
2010-06-17,0.01936942409347295,VNQ,HAR-RV
2010-06-18,0.019698359485237196,VNQ,HAR-RV
2010-06-21,0.019161396763486167,VNQ,HAR-RV
2010-06-22,0.018114384142901608,VNQ,HAR-RV
2010-06-23,0.017544937637569792,VNQ,HAR-RV
2010-06-24,0.01511422091455181,VNQ,HAR-RV
2010-06-25,0.01656673348709406,VNQ,HAR-RV
2010-06-28,0.015760375145579788,VNQ,HAR-RV
2010-06-29,0.016496666217957808,VNQ,HAR-RV
2010-06-30,0.01801168742809703,VNQ,HAR-RV
2010-07-01,0.015800242600169295,VNQ,HAR-RV
2010-07-02,0.017589639617583242,VNQ,HAR-RV
2010-07-06,0.01723227607072336,VNQ,HAR-RV
2010-07-07,0.015623402205336853,VNQ,HAR-RV
2010-07-08,0.016402538400306192,VNQ,HAR-RV
2010-07-09,0.01440349186944813,VNQ,HAR-RV
2010-07-12,0.01724577207550848,VNQ,HAR-RV
2010-07-13,0.01679604707543715,VNQ,HAR-RV
2010-07-14,0.017450645765262444,VNQ,HAR-RV
2010-07-15,0.015406779733932705,VNQ,HAR-RV
2010-07-16,0.015946443257328323,VNQ,HAR-RV
2010-07-19,0.01554148146249711,VNQ,HAR-RV
2010-07-20,0.01397859670441838,VNQ,HAR-RV
2010-07-21,0.015986107128172677,VNQ,HAR-RV
2010-07-22,0.015730691507994873,VNQ,HAR-RV
2010-07-23,0.01642355090197726,VNQ,HAR-RV
2010-07-26,0.016951329107448447,VNQ,HAR-RV
2010-07-27,0.017956784850478524,VNQ,HAR-RV
2010-07-28,0.017784180021029113,VNQ,HAR-RV
2010-07-29,0.018777233959187078,VNQ,HAR-RV
2010-07-30,0.017554669385493923,VNQ,HAR-RV
2010-08-02,0.01639739316330724,VNQ,HAR-RV
2010-08-03,0.01521392844584375,VNQ,HAR-RV
2010-08-04,0.013335822644184439,VNQ,HAR-RV
2010-08-05,0.016011626566745367,VNQ,HAR-RV
2010-08-06,0.016136996939487384,VNQ,HAR-RV
2010-08-09,0.015408010327968524,VNQ,HAR-RV
2010-08-10,0.014976109251024137,VNQ,HAR-RV
2010-08-11,0.013598840772148887,VNQ,HAR-RV
2010-08-12,0.013804057077719797,VNQ,HAR-RV
2010-08-13,0.013572948796903503,VNQ,HAR-RV
2010-08-16,0.014300255618555736,VNQ,HAR-RV
2010-08-17,0.014829177862526629,VNQ,HAR-RV
2010-08-18,0.014363505164527314,VNQ,HAR-RV
2010-08-19,0.01276895937238135,VNQ,HAR-RV
2010-08-20,0.013653003119940265,VNQ,HAR-RV
2010-08-23,0.011816110572774763,VNQ,HAR-RV
2010-08-24,0.013635910697315345,VNQ,HAR-RV
2010-08-25,0.012787506819025768,VNQ,HAR-RV
2010-08-26,0.011902176626360072,VNQ,HAR-RV
2010-08-27,0.011013995057187639,VNQ,HAR-RV
2010-08-30,0.011454752105375958,VNQ,HAR-RV
2010-08-31,0.01118254376449451,VNQ,HAR-RV
2010-09-01,0.012116724073830236,VNQ,HAR-RV
2010-09-02,0.01241565233089474,VNQ,HAR-RV
2010-09-03,0.011069894530125362,VNQ,HAR-RV
2010-09-07,0.012841906499606589,VNQ,HAR-RV
2010-09-08,0.012848094793497782,VNQ,HAR-RV
2010-09-09,0.012968192400517515,VNQ,HAR-RV
2010-09-10,0.013723659452591738,VNQ,HAR-RV
2010-09-13,0.012360623476678403,VNQ,HAR-RV
2010-09-14,0.012615772285531582,VNQ,HAR-RV
2010-09-15,0.011333327038786372,VNQ,HAR-RV
2010-09-16,0.011778190129193535,VNQ,HAR-RV
2010-09-17,0.011732589511698331,VNQ,HAR-RV
2010-09-20,0.011810667019148926,VNQ,HAR-RV
2010-09-21,0.01153879526893445,VNQ,HAR-RV
2010-09-22,0.010690564601361405,VNQ,HAR-RV
2010-09-23,0.011570494300618257,VNQ,HAR-RV
2010-09-24,0.012208475010000676,VNQ,HAR-RV
2010-09-27,0.012727069661160556,VNQ,HAR-RV
2010-09-28,0.014008753467115533,VNQ,HAR-RV
2010-09-29,0.014571118346279431,VNQ,HAR-RV
2010-09-30,0.014848833555853697,VNQ,HAR-RV
2010-10-01,0.013904618172369964,VNQ,HAR-RV
2010-10-04,0.013452783596278266,VNQ,HAR-RV
2010-10-05,0.012116099660796957,VNQ,HAR-RV
2010-10-06,0.011052527126703883,VNQ,HAR-RV
2010-10-07,0.010859961850674765,VNQ,HAR-RV
2010-10-08,0.0115639799981023,VNQ,HAR-RV
2010-10-11,0.011362143983769996,VNQ,HAR-RV
2010-10-12,0.011074317715617772,VNQ,HAR-RV
2010-10-13,0.010550523347818166,VNQ,HAR-RV
2010-10-14,0.00941295039311216,VNQ,HAR-RV
2010-10-15,0.009077494594868889,VNQ,HAR-RV
2010-10-18,0.009724029947279656,VNQ,HAR-RV
2010-10-19,0.009641386493078177,VNQ,HAR-RV
2010-10-20,0.009395390759740937,VNQ,HAR-RV
2010-10-21,0.010065150092620077,VNQ,HAR-RV
2010-10-22,0.009621743555750057,VNQ,HAR-RV
2010-10-25,0.011207631316387667,VNQ,HAR-RV
2010-10-26,0.010766717248948026,VNQ,HAR-RV
2010-10-27,0.009408300327826639,VNQ,HAR-RV
2010-10-28,0.00810838658279334,VNQ,HAR-RV
2010-10-29,0.007137573382071467,VNQ,HAR-RV
2010-11-01,0.007488423916259987,VNQ,HAR-RV
2010-11-02,0.007959226001789775,VNQ,HAR-RV
2010-11-03,0.007587804548957473,VNQ,HAR-RV
2010-11-04,0.007713619369212334,VNQ,HAR-RV
2010-11-05,0.008072287814165262,VNQ,HAR-RV
2010-11-08,0.006842460494958418,VNQ,HAR-RV
2010-11-09,0.008794508078270867,VNQ,HAR-RV
2010-11-10,0.009763397358483467,VNQ,HAR-RV
2010-11-11,0.008572125334325609,VNQ,HAR-RV
2010-11-12,0.013114296629968766,VNQ,HAR-RV
2010-11-15,0.012566097198516292,VNQ,HAR-RV
2010-11-16,0.01219956366609999,VNQ,HAR-RV
2010-11-17,0.013019141679815504,VNQ,HAR-RV
2010-11-18,0.009947085599555075,VNQ,HAR-RV
2010-11-19,0.013052493343965108,VNQ,HAR-RV
2010-11-22,0.012796965330032462,VNQ,HAR-RV
2010-11-23,0.012510205925018801,VNQ,HAR-RV
2010-11-24,0.012378497300138059,VNQ,HAR-RV
2010-11-26,0.010347152330901728,VNQ,HAR-RV
2010-11-29,0.009990618736983125,VNQ,HAR-RV
2010-11-30,0.011506848454723152,VNQ,HAR-RV
2010-12-01,0.011125433301513422,VNQ,HAR-RV
2010-12-02,0.010738438557493575,VNQ,HAR-RV
2010-12-03,0.010721776992134955,VNQ,HAR-RV
2010-12-06,0.009454610167782318,VNQ,HAR-RV
2010-12-07,0.010906583271581567,VNQ,HAR-RV
2010-12-08,0.01073653537198189,VNQ,HAR-RV
2010-12-09,0.01019637025523018,VNQ,HAR-RV
2010-12-10,0.009290717710646367,VNQ,HAR-RV
2010-12-13,0.009522745171292812,VNQ,HAR-RV
2010-12-14,0.00944991740384668,VNQ,HAR-RV
2010-12-15,0.009812487839396929,VNQ,HAR-RV
2010-12-16,0.00930781304100994,VNQ,HAR-RV
2010-12-17,0.008903488269144954,VNQ,HAR-RV
2010-12-20,0.009040048528278095,VNQ,HAR-RV
2010-12-21,0.0076338757161641055,VNQ,HAR-RV
2010-12-22,0.008028232906531318,VNQ,HAR-RV
2010-12-23,0.008327678009263876,VNQ,HAR-RV
2010-12-27,0.008611771901858536,VNQ,HAR-RV
2010-12-28,0.009366389700305393,VNQ,HAR-RV
2010-12-29,0.00869445914979718,VNQ,HAR-RV
2010-12-30,0.008769768350084943,VNQ,HAR-RV
2010-12-31,0.008316526676253499,VNQ,HAR-RV
2011-01-03,0.007795458282584784,VNQ,HAR-RV
2011-01-04,0.007643144292625605,VNQ,HAR-RV
2011-01-05,0.00620408979816732,VNQ,HAR-RV
2011-01-06,0.007162004688368679,VNQ,HAR-RV
2011-01-07,0.009658318161218038,VNQ,HAR-RV
2011-01-10,0.009527317011325531,VNQ,HAR-RV
2011-01-11,0.010658186510037991,VNQ,HAR-RV
2011-01-12,0.008834491802569393,VNQ,HAR-RV
2011-01-13,0.006905599881466859,VNQ,HAR-RV
2011-01-14,0.006552425949095702,VNQ,HAR-RV
2011-01-18,0.006235065895763248,VNQ,HAR-RV
2011-01-19,0.006211988138938257,VNQ,HAR-RV
2011-01-20,0.006666185252366029,VNQ,HAR-RV
2011-01-21,0.0070354074242004894,VNQ,HAR-RV
2011-01-24,0.008527421578708016,VNQ,HAR-RV
2011-01-25,0.007941573632468477,VNQ,HAR-RV
2011-01-26,0.007102121484254822,VNQ,HAR-RV
2011-01-27,0.006347251307740739,VNQ,HAR-RV
2011-01-28,0.007181637922765998,VNQ,HAR-RV
2011-01-31,0.006308274630364236,VNQ,HAR-RV
2011-02-01,0.007647704691870958,VNQ,HAR-RV
2011-02-02,0.008977223432863538,VNQ,HAR-RV
2011-02-03,0.009869305797315894,VNQ,HAR-RV
2011-02-04,0.010007075925376599,VNQ,HAR-RV
2011-02-07,0.008283388367274451,VNQ,HAR-RV
2011-02-08,0.006689540792582773,VNQ,HAR-RV
2011-02-09,0.006241952891038852,VNQ,HAR-RV
2011-02-10,0.00704999106922284,VNQ,HAR-RV
2011-02-11,0.007468587214427801,VNQ,HAR-RV
2011-02-14,0.007100202698916832,VNQ,HAR-RV
2011-02-15,0.006750848480817374,VNQ,HAR-RV
2011-02-16,0.00687417620767496,VNQ,HAR-RV
2011-02-17,0.0062241756576417945,VNQ,HAR-RV
2011-02-18,0.006415591717113447,VNQ,HAR-RV
2011-02-22,0.006162925807147392,VNQ,HAR-RV
2011-02-23,0.0053666037983272005,VNQ,HAR-RV
2011-02-24,0.005572302655761387,VNQ,HAR-RV
2011-02-25,0.006241358774665914,VNQ,HAR-RV
2011-02-28,0.0070302766504966125,VNQ,HAR-RV
2011-03-01,0.007063577171952783,VNQ,HAR-RV
2011-03-02,0.008973695633412378,VNQ,HAR-RV
2011-03-03,0.01023546346775775,VNQ,HAR-RV
2011-03-04,0.013063665550002823,VNQ,HAR-RV
2011-03-07,0.01263068429320601,VNQ,HAR-RV
2011-03-08,0.012726024749738656,VNQ,HAR-RV
2011-03-09,0.011826849036728662,VNQ,HAR-RV
2011-03-10,0.009732168558537901,VNQ,HAR-RV
2011-03-11,0.010759198562829208,VNQ,HAR-RV
2011-03-14,0.008957302675921527,VNQ,HAR-RV
2011-03-15,0.009804015596953656,VNQ,HAR-RV
2011-03-16,0.010162758898406043,VNQ,HAR-RV
2011-03-17,0.010209996243826815,VNQ,HAR-RV
2011-03-18,0.010166008126931967,VNQ,HAR-RV
2011-03-21,0.010699878802791676,VNQ,HAR-RV
2011-03-22,0.010504903264106967,VNQ,HAR-RV
2011-03-23,0.010639858296254464,VNQ,HAR-RV
2011-03-24,0.011498416302031814,VNQ,HAR-RV
2011-03-25,0.010624387685123596,VNQ,HAR-RV
2011-03-28,0.011133359880656672,VNQ,HAR-RV
2011-03-29,0.010320392681596761,VNQ,HAR-RV
2011-03-30,0.010258731113637124,VNQ,HAR-RV
2011-03-31,0.009486089787759187,VNQ,HAR-RV
2011-04-01,0.008035346659225895,VNQ,HAR-RV
2011-04-04,0.008555333293341221,VNQ,HAR-RV
2011-04-05,0.00886363361580368,VNQ,HAR-RV
2011-04-06,0.008494302435728858,VNQ,HAR-RV
2011-04-07,0.008147564946077919,VNQ,HAR-RV
2011-04-08,0.007444167002693685,VNQ,HAR-RV
2011-04-11,0.006495568586277865,VNQ,HAR-RV
2011-04-12,0.007083815991702735,VNQ,HAR-RV
2011-04-13,0.007254030097781089,VNQ,HAR-RV
2011-04-14,0.0067105198513333734,VNQ,HAR-RV
2011-04-15,0.00659919640807697,VNQ,HAR-RV
2011-04-18,0.006153821936492772,VNQ,HAR-RV
2011-04-19,0.00669897500804224,VNQ,HAR-RV
2011-04-20,0.007315123665327957,VNQ,HAR-RV
2011-04-21,0.007699059080105693,VNQ,HAR-RV
2011-04-25,0.007880771843507843,VNQ,HAR-RV
2011-04-26,0.007887050941379668,VNQ,HAR-RV
2011-04-27,0.007562036459169683,VNQ,HAR-RV
2011-04-28,0.007490011753038577,VNQ,HAR-RV
2011-04-29,0.007604380125938264,VNQ,HAR-RV
2011-05-02,0.007640993677839016,VNQ,HAR-RV
2011-05-03,0.007854730072095013,VNQ,HAR-RV
2011-05-04,0.007499851839057706,VNQ,HAR-RV
2011-05-05,0.007437358151728949,VNQ,HAR-RV
2011-05-06,0.007323506107241854,VNQ,HAR-RV
2011-05-09,0.006765825809653448,VNQ,HAR-RV
2011-05-10,0.00755385392057859,VNQ,HAR-RV
2011-05-11,0.0074886187025080524,VNQ,HAR-RV
2011-05-12,0.008493520353975704,VNQ,HAR-RV
2011-05-13,0.008288940709089837,VNQ,HAR-RV
2011-05-16,0.0076529285009159734,VNQ,HAR-RV
2011-05-17,0.0084486610083779,VNQ,HAR-RV
2011-05-18,0.007738915203460282,VNQ,HAR-RV
2011-05-19,0.0070765203961630045,VNQ,HAR-RV
2011-05-20,0.007393417597567958,VNQ,HAR-RV
2011-05-23,0.00707755284591805,VNQ,HAR-RV
2011-05-24,0.00786242346192535,VNQ,HAR-RV
2011-05-25,0.007814978966254459,VNQ,HAR-RV
2011-05-26,0.0072292432886793875,VNQ,HAR-RV
2011-05-27,0.007307543145988405,VNQ,HAR-RV
2011-05-31,0.008294262619534275,VNQ,HAR-RV
2011-06-01,0.007507218634093919,VNQ,HAR-RV
2011-06-02,0.008818738358025314,VNQ,HAR-RV
2011-06-03,0.010982898942314797,VNQ,HAR-RV
2011-06-06,0.0089870162557865,VNQ,HAR-RV
2011-06-07,0.008558090492167676,VNQ,HAR-RV
2011-06-08,0.009784440548661424,VNQ,HAR-RV
2011-06-09,0.009545547188258478,VNQ,HAR-RV
2011-06-10,0.008082522415194564,VNQ,HAR-RV
2011-06-13,0.009086232456752245,VNQ,HAR-RV
2011-06-14,0.010917446337702509,VNQ,HAR-RV
2011-06-15,0.008677590889047883,VNQ,HAR-RV
2011-06-16,0.010044413538138088,VNQ,HAR-RV
2011-06-17,0.010499533676249843,VNQ,HAR-RV
2011-06-20,0.009583898921859508,VNQ,HAR-RV
2011-06-21,0.009164054443194576,VNQ,HAR-RV
2011-06-22,0.009609323982532586,VNQ,HAR-RV
2011-06-23,0.008807004473816799,VNQ,HAR-RV
2011-06-24,0.00827065567911484,VNQ,HAR-RV
2011-06-27,0.010129084542416737,VNQ,HAR-RV
2011-06-28,0.008352112369899724,VNQ,HAR-RV
2011-06-29,0.008502003008002355,VNQ,HAR-RV
2011-06-30,0.008347679656040928,VNQ,HAR-RV
2011-07-01,0.008772833816939777,VNQ,HAR-RV
2011-07-05,0.0076608914197387684,VNQ,HAR-RV
2011-07-06,0.009280052435796814,VNQ,HAR-RV
2011-07-07,0.008710033748531392,VNQ,HAR-RV
2011-07-08,0.00867755690433299,VNQ,HAR-RV
2011-07-11,0.009088147290028551,VNQ,HAR-RV
2011-07-12,0.008162796958347176,VNQ,HAR-RV
2011-07-13,0.009099301145758222,VNQ,HAR-RV
2011-07-14,0.008230384252609085,VNQ,HAR-RV
2011-07-15,0.008747686145211592,VNQ,HAR-RV
2011-07-18,0.008503238336837955,VNQ,HAR-RV
2011-07-19,0.009102524173069459,VNQ,HAR-RV
2011-07-20,0.0082957440897327,VNQ,HAR-RV
2011-07-21,0.009686674793420882,VNQ,HAR-RV
2011-07-22,0.008748654804458642,VNQ,HAR-RV
2011-07-25,0.008781059517823068,VNQ,HAR-RV
2011-07-26,0.008200375470259596,VNQ,HAR-RV
2011-07-27,0.008701206613495003,VNQ,HAR-RV
2011-07-28,0.0075699157160811995,VNQ,HAR-RV
2011-07-29,0.01029815240523168,VNQ,HAR-RV
2011-08-01,0.008032263705578354,VNQ,HAR-RV
2011-08-02,0.007693576931050023,VNQ,HAR-RV
2011-08-03,0.009241561275465257,VNQ,HAR-RV
2011-08-04,0.011632759837539433,VNQ,HAR-RV
2011-08-05,0.009154325325169568,VNQ,HAR-RV
2011-08-08,0.01600875450738363,VNQ,HAR-RV
2011-08-09,0.02222719627696166,VNQ,HAR-RV
2011-08-10,0.055484356866029705,VNQ,HAR-RV
2011-08-11,0.05064423083662558,VNQ,HAR-RV
2011-08-12,0.043796476402231964,VNQ,HAR-RV
2011-08-15,0.03752143719323506,VNQ,HAR-RV
2011-08-16,0.027720184041155182,VNQ,HAR-RV
2011-08-17,0.024699893918371962,VNQ,HAR-RV
2011-08-18,0.0078012562299503135,VNQ,HAR-RV
2011-08-19,0.011607335297342047,VNQ,HAR-RV
2011-08-22,0.018410307398167396,VNQ,HAR-RV
2011-08-23,0.013491615740947783,VNQ,HAR-RV
2011-08-24,0.009295648605075523,VNQ,HAR-RV
2011-08-25,0.014697865038097344,VNQ,HAR-RV
2011-08-26,0.014665558904653778,VNQ,HAR-RV
2011-08-29,0.012782740727728194,VNQ,HAR-RV
2011-08-30,0.013636937589516411,VNQ,HAR-RV
2011-08-31,0.018116715798647313,VNQ,HAR-RV
2011-09-01,0.011919545129506688,VNQ,HAR-RV
2011-09-02,0.0127969597371003,VNQ,HAR-RV
2011-09-06,0.013732146975919434,VNQ,HAR-RV
2011-09-07,0.015277116480296341,VNQ,HAR-RV
2011-09-08,0.011830527512203336,VNQ,HAR-RV
2011-09-09,0.018012062145931186,VNQ,HAR-RV
2011-09-12,0.015034448235604113,VNQ,HAR-RV
2011-09-13,0.018212150991287698,VNQ,HAR-RV
2011-09-14,0.01349405363340229,VNQ,HAR-RV
2011-09-15,0.012940568352011924,VNQ,HAR-RV
2011-09-16,0.01050168360942556,VNQ,HAR-RV
2011-09-19,0.012135749093462052,VNQ,HAR-RV
2011-09-20,0.00954163167308871,VNQ,HAR-RV
2011-09-21,0.012414788245339049,VNQ,HAR-RV
2011-09-22,0.01080962956486046,VNQ,HAR-RV
2011-09-23,0.01935265790678105,VNQ,HAR-RV
2011-09-26,0.01809116361000256,VNQ,HAR-RV
2011-09-27,0.01655146345084039,VNQ,HAR-RV
2011-09-28,0.01613046260463551,VNQ,HAR-RV
2011-09-29,0.016864424926874653,VNQ,HAR-RV
2011-09-30,0.015230705335590507,VNQ,HAR-RV
2011-10-03,0.01368379417710992,VNQ,HAR-RV
2011-10-04,0.016968784273723975,VNQ,HAR-RV
2011-10-05,0.02310463618401236,VNQ,HAR-RV
2011-10-06,0.02438401580589529,VNQ,HAR-RV
2011-10-07,0.020065377373980797,VNQ,HAR-RV
2011-10-10,0.023109133607143305,VNQ,HAR-RV
2011-10-11,0.023990619244655332,VNQ,HAR-RV
2011-10-12,0.02617927658389045,VNQ,HAR-RV
2011-10-13,0.021488684926919636,VNQ,HAR-RV
2011-10-14,0.021554312525466,VNQ,HAR-RV
2011-10-17,0.01860152404697476,VNQ,HAR-RV
2011-10-18,0.020029029561089432,VNQ,HAR-RV
2011-10-19,0.018005503968713473,VNQ,HAR-RV
2011-10-20,0.02064483302485154,VNQ,HAR-RV
2011-10-21,0.017357624786066006,VNQ,HAR-RV
2011-10-24,0.017223877982483676,VNQ,HAR-RV
2011-10-25,0.020577973271816312,VNQ,HAR-RV
2011-10-26,0.020027295871201597,VNQ,HAR-RV
2011-10-27,0.017387591670647046,VNQ,HAR-RV
2011-10-28,0.016874072686557877,VNQ,HAR-RV
2011-10-31,0.023388524246320985,VNQ,HAR-RV
2011-11-01,0.017184641646622374,VNQ,HAR-RV
2011-11-02,0.01694949004503258,VNQ,HAR-RV
2011-11-03,0.019982305234899737,VNQ,HAR-RV
2011-11-04,0.019766201187436945,VNQ,HAR-RV
2011-11-07,0.015966132681730708,VNQ,HAR-RV
2011-11-08,0.015863548348488056,VNQ,HAR-RV
2011-11-09,0.013981669183754057,VNQ,HAR-RV
2011-11-10,0.013583305457853391,VNQ,HAR-RV
2011-11-11,0.017691264293759577,VNQ,HAR-RV
2011-11-14,0.013912840828635295,VNQ,HAR-RV
2011-11-15,0.017023894755690293,VNQ,HAR-RV
2011-11-16,0.018359532465066192,VNQ,HAR-RV
2011-11-17,0.01702305435707001,VNQ,HAR-RV
2011-11-18,0.013708967243583824,VNQ,HAR-RV
2011-11-21,0.015593036392747974,VNQ,HAR-RV
2011-11-22,0.013216593444078155,VNQ,HAR-RV
2011-11-23,0.01483502521710766,VNQ,HAR-RV
2011-11-25,0.01354417727402084,VNQ,HAR-RV
2011-11-28,0.01635745485676835,VNQ,HAR-RV
2011-11-29,0.014225842505308589,VNQ,HAR-RV
2011-11-30,0.016210260370636317,VNQ,HAR-RV
2011-12-01,0.013326357473624626,VNQ,HAR-RV
2011-12-02,0.01760551271575477,VNQ,HAR-RV
2011-12-05,0.015507607488933853,VNQ,HAR-RV
2011-12-06,0.014744323201958245,VNQ,HAR-RV
2011-12-07,0.01330951146656778,VNQ,HAR-RV
2011-12-08,0.013224666500382449,VNQ,HAR-RV
2011-12-09,0.010057369931336345,VNQ,HAR-RV
2011-12-12,0.011916465748866418,VNQ,HAR-RV
2011-12-13,0.013976281760166904,VNQ,HAR-RV
2011-12-14,0.014488136170552706,VNQ,HAR-RV
2011-12-15,0.015423072403894329,VNQ,HAR-RV
2011-12-16,0.014683053885884338,VNQ,HAR-RV
2011-12-19,0.014209436431107446,VNQ,HAR-RV
2011-12-20,0.01321575501631011,VNQ,HAR-RV
2011-12-21,0.012456801631089481,VNQ,HAR-RV
2011-12-22,0.01417440404937055,VNQ,HAR-RV
2011-12-23,0.013634289908619961,VNQ,HAR-RV
2011-12-27,0.0132387068943014,VNQ,HAR-RV
2011-12-28,0.012536963509130545,VNQ,HAR-RV
2011-12-29,0.01186166042100641,VNQ,HAR-RV
2011-12-30,0.010282538743609147,VNQ,HAR-RV
2012-01-03,0.010948771517113248,VNQ,HAR-RV
2012-01-04,0.01005667409774336,VNQ,HAR-RV
2012-01-05,0.010137957413639523,VNQ,HAR-RV
2012-01-06,0.011371487273927464,VNQ,HAR-RV
2012-01-09,0.011224944460836267,VNQ,HAR-RV
2012-01-10,0.010681775906796143,VNQ,HAR-RV
2012-01-11,0.01064811704028101,VNQ,HAR-RV
2012-01-12,0.010846609558503731,VNQ,HAR-RV
2012-01-13,0.009781849771329896,VNQ,HAR-RV
2012-01-17,0.009440955153623025,VNQ,HAR-RV
2012-01-18,0.009277834163206605,VNQ,HAR-RV
2012-01-19,0.009702546774345564,VNQ,HAR-RV
2012-01-20,0.009311319279284433,VNQ,HAR-RV
2012-01-23,0.00888070976535076,VNQ,HAR-RV
2012-01-24,0.008667269599789185,VNQ,HAR-RV
2012-01-25,0.008890968045098908,VNQ,HAR-RV
2012-01-26,0.008556332520644439,VNQ,HAR-RV
2012-01-27,0.00901608541530409,VNQ,HAR-RV
2012-01-30,0.009101969047385099,VNQ,HAR-RV
2012-01-31,0.008632110444567263,VNQ,HAR-RV
2012-02-01,0.008755504966890721,VNQ,HAR-RV
2012-02-02,0.008514568407215043,VNQ,HAR-RV
2012-02-03,0.008114365546942448,VNQ,HAR-RV
2012-02-06,0.007838807269777223,VNQ,HAR-RV
2012-02-07,0.009015737395534901,VNQ,HAR-RV
2012-02-08,0.008581394648757876,VNQ,HAR-RV
2012-02-09,0.00821746102285486,VNQ,HAR-RV
2012-02-10,0.007400421417008738,VNQ,HAR-RV
2012-02-13,0.007899032034452382,VNQ,HAR-RV
2012-02-14,0.007380992017686307,VNQ,HAR-RV
2012-02-15,0.008148445492448374,VNQ,HAR-RV
2012-02-16,0.008928857378778854,VNQ,HAR-RV
2012-02-17,0.009481248282207153,VNQ,HAR-RV
2012-02-21,0.009679204758550206,VNQ,HAR-RV
2012-02-22,0.009019488228138446,VNQ,HAR-RV
2012-02-23,0.009425673399114886,VNQ,HAR-RV
2012-02-24,0.00945620726617302,VNQ,HAR-RV
2012-02-27,0.010063607277951697,VNQ,HAR-RV
2012-02-28,0.009278821728760465,VNQ,HAR-RV
2012-02-29,0.009162320798882831,VNQ,HAR-RV
2012-03-01,0.00806670379340192,VNQ,HAR-RV
2012-03-02,0.007747482808618463,VNQ,HAR-RV
2012-03-05,0.0070773011931062725,VNQ,HAR-RV
2012-03-06,0.007251397551253205,VNQ,HAR-RV
2012-03-07,0.0080112371250448,VNQ,HAR-RV
2012-03-08,0.008718438806514793,VNQ,HAR-RV
2012-03-09,0.008903780053049284,VNQ,HAR-RV
2012-03-12,0.00886786472133856,VNQ,HAR-RV
2012-03-13,0.009271004732716954,VNQ,HAR-RV
2012-03-14,0.009151631993306777,VNQ,HAR-RV
2012-03-15,0.009503003921466413,VNQ,HAR-RV
2012-03-16,0.009499810554687618,VNQ,HAR-RV
2012-03-19,0.009023353702741852,VNQ,HAR-RV
2012-03-20,0.00893885599084206,VNQ,HAR-RV
2012-03-21,0.008799366722779398,VNQ,HAR-RV
2012-03-22,0.006976433331702234,VNQ,HAR-RV
2012-03-23,0.006959264157318693,VNQ,HAR-RV
2012-03-26,0.007835555611643981,VNQ,HAR-RV
2012-03-27,0.008102494302602615,VNQ,HAR-RV
2012-03-28,0.008297283822250145,VNQ,HAR-RV
2012-03-29,0.008411658978853794,VNQ,HAR-RV
2012-03-30,0.008383865959625364,VNQ,HAR-RV
2012-04-02,0.007052068050681919,VNQ,HAR-RV
2012-04-03,0.007141304109229975,VNQ,HAR-RV
2012-04-04,0.006767681444449017,VNQ,HAR-RV
2012-04-05,0.007264955644358969,VNQ,HAR-RV
2012-04-09,0.008016604120618403,VNQ,HAR-RV
2012-04-10,0.008369951002796722,VNQ,HAR-RV
2012-04-11,0.008624644308452207,VNQ,HAR-RV
2012-04-12,0.01011162190830113,VNQ,HAR-RV
2012-04-13,0.011277757652073691,VNQ,HAR-RV
2012-04-16,0.011576136986576691,VNQ,HAR-RV
2012-04-17,0.011770812454119973,VNQ,HAR-RV
2012-04-18,0.011886347069157753,VNQ,HAR-RV
2012-04-19,0.010762871049602274,VNQ,HAR-RV
2012-04-20,0.01011523418291511,VNQ,HAR-RV
2012-04-23,0.00886653985777449,VNQ,HAR-RV
2012-04-24,0.009538830034600434,VNQ,HAR-RV
2012-04-25,0.009434779631230187,VNQ,HAR-RV
2012-04-26,0.009947548326440951,VNQ,HAR-RV
2012-04-27,0.010508659278993512,VNQ,HAR-RV
2012-04-30,0.010747872795233614,VNQ,HAR-RV
2012-05-01,0.010038880406884844,VNQ,HAR-RV
2012-05-02,0.00942159953791173,VNQ,HAR-RV
2012-05-03,0.008936517836857163,VNQ,HAR-RV
2012-05-04,0.008049227131653906,VNQ,HAR-RV
2012-05-07,0.008078689804316336,VNQ,HAR-RV
2012-05-08,0.008232051587255589,VNQ,HAR-RV
2012-05-09,0.008623598402442801,VNQ,HAR-RV
2012-05-10,0.007681639834967913,VNQ,HAR-RV
2012-05-11,0.007705791149756363,VNQ,HAR-RV
2012-05-14,0.00716811808623648,VNQ,HAR-RV
2012-05-15,0.006375074722187164,VNQ,HAR-RV
2012-05-16,0.006734190309939535,VNQ,HAR-RV
2012-05-17,0.0073067211722604416,VNQ,HAR-RV
2012-05-18,0.008166287058366813,VNQ,HAR-RV
2012-05-21,0.011039529885619612,VNQ,HAR-RV
2012-05-22,0.012573222973407551,VNQ,HAR-RV
2012-05-23,0.01333488903831578,VNQ,HAR-RV
2012-05-24,0.013019752003347242,VNQ,HAR-RV
2012-05-25,0.011910804846731245,VNQ,HAR-RV
2012-05-29,0.009313670206258062,VNQ,HAR-RV
2012-05-30,0.008485979408849681,VNQ,HAR-RV
2012-05-31,0.008075672612571864,VNQ,HAR-RV
2012-06-01,0.010262358550966015,VNQ,HAR-RV
2012-06-04,0.011017614938482682,VNQ,HAR-RV
2012-06-05,0.013004025768261401,VNQ,HAR-RV
2012-06-06,0.013498048587661645,VNQ,HAR-RV
2012-06-07,0.014318402392881836,VNQ,HAR-RV
2012-06-08,0.014152366558998715,VNQ,HAR-RV
2012-06-11,0.014182145402500746,VNQ,HAR-RV
2012-06-12,0.013330114963846753,VNQ,HAR-RV
2012-06-13,0.014991560115966293,VNQ,HAR-RV
2012-06-14,0.014010787886210418,VNQ,HAR-RV
2012-06-15,0.01248203930416868,VNQ,HAR-RV
2012-06-18,0.01312400812932808,VNQ,HAR-RV
2012-06-19,0.012376961875382252,VNQ,HAR-RV
2012-06-20,0.010944562816196365,VNQ,HAR-RV
2012-06-21,0.01012648243398986,VNQ,HAR-RV
2012-06-22,0.009622210473964565,VNQ,HAR-RV
2012-06-25,0.009690791631588543,VNQ,HAR-RV
2012-06-26,0.008971331708181098,VNQ,HAR-RV
2012-06-27,0.008696333403284105,VNQ,HAR-RV
2012-06-28,0.008624797454574507,VNQ,HAR-RV
2012-06-29,0.008953360504374107,VNQ,HAR-RV
2012-07-02,0.008451029634454299,VNQ,HAR-RV
2012-07-03,0.011024927702373299,VNQ,HAR-RV
2012-07-05,0.011272438615518606,VNQ,HAR-RV
2012-07-06,0.011203603138665759,VNQ,HAR-RV
2012-07-09,0.010822577738372963,VNQ,HAR-RV
2012-07-10,0.010675497163807428,VNQ,HAR-RV
2012-07-11,0.009176391878971171,VNQ,HAR-RV
2012-07-12,0.008156956709276748,VNQ,HAR-RV
2012-07-13,0.00847965131533493,VNQ,HAR-RV
2012-07-16,0.007847687771569451,VNQ,HAR-RV
2012-07-17,0.006872873552218138,VNQ,HAR-RV
2012-07-18,0.008049785292880337,VNQ,HAR-RV
2012-07-19,0.006945545518077637,VNQ,HAR-RV
2012-07-20,0.007628847419752594,VNQ,HAR-RV
2012-07-23,0.007413387840951468,VNQ,HAR-RV
2012-07-24,0.007739571234435706,VNQ,HAR-RV
2012-07-25,0.007892587634787306,VNQ,HAR-RV
2012-07-26,0.007626102794637484,VNQ,HAR-RV
2012-07-27,0.007686064062254772,VNQ,HAR-RV
2012-07-30,0.006769694425137666,VNQ,HAR-RV
2012-07-31,0.007046050917076763,VNQ,HAR-RV
2012-08-01,0.007370476800918061,VNQ,HAR-RV
2012-08-02,0.0073159730886161005,VNQ,HAR-RV
2012-08-03,0.0064408465752383804,VNQ,HAR-RV
2012-08-06,0.006022505516131111,VNQ,HAR-RV
2012-08-07,0.00556717917786107,VNQ,HAR-RV
2012-08-08,0.005866249965515385,VNQ,HAR-RV
2012-08-09,0.005764594890300951,VNQ,HAR-RV
2012-08-10,0.006337756387855388,VNQ,HAR-RV
2012-08-13,0.0062894757102341416,VNQ,HAR-RV
2012-08-14,0.006189268940863229,VNQ,HAR-RV
2012-08-15,0.006106619266159278,VNQ,HAR-RV
2012-08-16,0.005277979155455002,VNQ,HAR-RV
2012-08-17,0.005052239552810263,VNQ,HAR-RV
2012-08-20,0.004940889958141799,VNQ,HAR-RV
2012-08-21,0.005025343244320095,VNQ,HAR-RV
2012-08-22,0.004767314738780662,VNQ,HAR-RV
2012-08-23,0.004641554061017492,VNQ,HAR-RV
2012-08-24,0.004336173137906885,VNQ,HAR-RV
2012-08-27,0.0038976765086853925,VNQ,HAR-RV
2012-08-28,0.004156088949739483,VNQ,HAR-RV
2012-08-29,0.00398909091581079,VNQ,HAR-RV
2012-08-30,0.0037903952932649516,VNQ,HAR-RV
2012-08-31,0.003989952847712426,VNQ,HAR-RV
2012-09-04,0.003958489966901857,VNQ,HAR-RV
2012-09-05,0.003740410844099434,VNQ,HAR-RV
2012-09-06,0.003590498309438172,VNQ,HAR-RV
2012-09-07,0.004118768896978504,VNQ,HAR-RV
2012-09-10,0.003658914891062841,VNQ,HAR-RV
2012-09-11,0.004272869492395065,VNQ,HAR-RV
2012-09-12,0.003270668828443182,VNQ,HAR-RV
2012-09-13,0.003982694208483911,VNQ,HAR-RV
2012-09-14,0.0042455602759314875,VNQ,HAR-RV
2012-09-17,0.0033433946862445676,VNQ,HAR-RV
2012-09-18,0.004476136861612258,VNQ,HAR-RV
2012-09-19,0.0048466755972007124,VNQ,HAR-RV
2012-09-20,0.0037662176189751334,VNQ,HAR-RV
2012-09-21,0.004776515696240137,VNQ,HAR-RV
2012-09-24,0.003862792779988239,VNQ,HAR-RV
2012-09-25,0.005972006278707384,VNQ,HAR-RV
2012-09-26,0.0055633813737216015,VNQ,HAR-RV
2012-09-27,0.004707794027351615,VNQ,HAR-RV
2012-09-28,0.006201137128140584,VNQ,HAR-RV
2012-10-01,0.005853748252618894,VNQ,HAR-RV
2012-10-02,0.0061838759425676265,VNQ,HAR-RV
2012-10-03,0.005844121778324111,VNQ,HAR-RV
2012-10-04,0.005937918017285,VNQ,HAR-RV
2012-10-05,0.006419144883758661,VNQ,HAR-RV
2012-10-08,0.006271811216290425,VNQ,HAR-RV
2012-10-09,0.006098471734571852,VNQ,HAR-RV
2012-10-10,0.005624937766151691,VNQ,HAR-RV
2012-10-11,0.00537791816217718,VNQ,HAR-RV
2012-10-12,0.005272459816548034,VNQ,HAR-RV
2012-10-15,0.005503738460577156,VNQ,HAR-RV
2012-10-16,0.005281659354084536,VNQ,HAR-RV
2012-10-17,0.00491106552658937,VNQ,HAR-RV
2012-10-18,0.00506526383128999,VNQ,HAR-RV
2012-10-19,0.0053189793970437665,VNQ,HAR-RV
2012-10-22,0.005181044081958977,VNQ,HAR-RV
2012-10-23,0.005491861948750902,VNQ,HAR-RV
2012-10-24,0.005631022301903883,VNQ,HAR-RV
2012-10-25,0.005694765419449063,VNQ,HAR-RV
2012-10-26,0.005797054016630986,VNQ,HAR-RV
2012-10-31,0.005216295115633948,VNQ,HAR-RV
2012-11-01,0.005842318038352494,VNQ,HAR-RV
2012-11-02,0.0061419203967659,VNQ,HAR-RV
2012-11-05,0.005635756251110475,VNQ,HAR-RV
2012-11-06,0.005894193219260936,VNQ,HAR-RV
2012-11-07,0.005916679279745018,VNQ,HAR-RV
2012-11-08,0.005701738976304942,VNQ,HAR-RV
2012-11-09,0.005764397211474658,VNQ,HAR-RV
2012-11-12,0.00644836558712389,VNQ,HAR-RV
2012-11-13,0.006197689232888773,VNQ,HAR-RV
2012-11-14,0.005891522714336732,VNQ,HAR-RV
2012-11-15,0.005752636866886874,VNQ,HAR-RV
2012-11-16,0.006651316424844215,VNQ,HAR-RV
2012-11-19,0.006362529293191794,VNQ,HAR-RV
2012-11-20,0.0065765465990501515,VNQ,HAR-RV
2012-11-21,0.0072196777871904256,VNQ,HAR-RV
2012-11-23,0.007595399894177637,VNQ,HAR-RV
2012-11-26,0.006332255960587131,VNQ,HAR-RV
2012-11-27,0.006686568099653005,VNQ,HAR-RV
2012-11-28,0.006228936369734436,VNQ,HAR-RV
2012-11-29,0.005930945315622654,VNQ,HAR-RV
2012-11-30,0.0054208072705926895,VNQ,HAR-RV
2012-12-03,0.005810407901803907,VNQ,HAR-RV
2012-12-04,0.005290862693400686,VNQ,HAR-RV
2012-12-05,0.005358305776245441,VNQ,HAR-RV
2012-12-06,0.004970721983903649,VNQ,HAR-RV
2012-12-07,0.005147775569202617,VNQ,HAR-RV
2012-12-10,0.00558196265632525,VNQ,HAR-RV
2012-12-11,0.0054617136493793714,VNQ,HAR-RV
2012-12-12,0.005061123704959862,VNQ,HAR-RV
2012-12-13,0.005065656852500547,VNQ,HAR-RV
2012-12-14,0.005083198262864654,VNQ,HAR-RV
2012-12-17,0.00518358232151277,VNQ,HAR-RV
2012-12-18,0.004707740387118975,VNQ,HAR-RV
2012-12-19,0.005063557413235675,VNQ,HAR-RV
2012-12-20,0.005700353558679843,VNQ,HAR-RV
2012-12-21,0.005368705160536587,VNQ,HAR-RV
2012-12-24,0.005912544210885784,VNQ,HAR-RV
2012-12-26,0.00561387442150112,VNQ,HAR-RV
2012-12-27,0.0053632324075111705,VNQ,HAR-RV
2012-12-28,0.005092024934711124,VNQ,HAR-RV
2012-12-31,0.005234794353195251,VNQ,HAR-RV
2013-01-02,0.005011724812374382,VNQ,HAR-RV
2013-01-03,0.0058310074443674136,VNQ,HAR-RV
2013-01-04,0.006518356613585928,VNQ,HAR-RV
2013-01-07,0.005790260997853664,VNQ,HAR-RV
2013-01-08,0.005986397123229257,VNQ,HAR-RV
2013-01-09,0.0056469821238185145,VNQ,HAR-RV
2013-01-10,0.005179526272483021,VNQ,HAR-RV
2013-01-11,0.00457131280207322,VNQ,HAR-RV
2013-01-14,0.004442287395597443,VNQ,HAR-RV
2013-01-15,0.0041531182134352095,VNQ,HAR-RV
2013-01-16,0.004268075464655257,VNQ,HAR-RV
2013-01-17,0.004491858374449043,VNQ,HAR-RV
2013-01-18,0.004156052958323468,VNQ,HAR-RV
2013-01-22,0.004392855464818654,VNQ,HAR-RV
2013-01-23,0.004634729075719926,VNQ,HAR-RV
2013-01-24,0.004691501956930598,VNQ,HAR-RV
2013-01-25,0.004142125625724619,VNQ,HAR-RV
2013-01-28,0.004142678749493345,VNQ,HAR-RV
2013-01-29,0.004524152400830926,VNQ,HAR-RV
2013-01-30,0.004283392232542934,VNQ,HAR-RV
2013-01-31,0.004206902364620711,VNQ,HAR-RV
2013-02-01,0.0051651460918843515,VNQ,HAR-RV
2013-02-04,0.0052254841313846764,VNQ,HAR-RV
2013-02-05,0.005124003130936823,VNQ,HAR-RV
2013-02-06,0.00474314273085554,VNQ,HAR-RV
2013-02-07,0.00471920049018819,VNQ,HAR-RV
2013-02-08,0.004413433655253357,VNQ,HAR-RV
2013-02-11,0.004437932425803558,VNQ,HAR-RV
2013-02-12,0.0049286534130130785,VNQ,HAR-RV
2013-02-13,0.004502660514547478,VNQ,HAR-RV
2013-02-14,0.005155899299358901,VNQ,HAR-RV
2013-02-15,0.00463825575639211,VNQ,HAR-RV
2013-02-19,0.004798304693053392,VNQ,HAR-RV
2013-02-20,0.0040826676042944885,VNQ,HAR-RV
2013-02-21,0.004941099741652068,VNQ,HAR-RV
2013-02-22,0.00489789827682964,VNQ,HAR-RV
2013-02-25,0.005421737408744907,VNQ,HAR-RV
2013-02-26,0.00611970704376158,VNQ,HAR-RV
2013-02-27,0.008026738394697681,VNQ,HAR-RV
2013-02-28,0.007282735404074764,VNQ,HAR-RV
2013-03-01,0.0072920608795707,VNQ,HAR-RV
2013-03-04,0.006482391051966509,VNQ,HAR-RV
2013-03-05,0.006261077794375387,VNQ,HAR-RV
2013-03-06,0.005844255245730696,VNQ,HAR-RV
2013-03-07,0.005943106472864914,VNQ,HAR-RV
2013-03-08,0.0052996560453341035,VNQ,HAR-RV
2013-03-11,0.005655461254404514,VNQ,HAR-RV
2013-03-12,0.005279666484492183,VNQ,HAR-RV
2013-03-13,0.00478427336307061,VNQ,HAR-RV
2013-03-14,0.004694945271095344,VNQ,HAR-RV
2013-03-15,0.004381221646723988,VNQ,HAR-RV
2013-03-18,0.004750618507277524,VNQ,HAR-RV
2013-03-19,0.004547561590911815,VNQ,HAR-RV
2013-03-20,0.005063044163344495,VNQ,HAR-RV
2013-03-21,0.005077785296744013,VNQ,HAR-RV
2013-03-22,0.0051347915787895776,VNQ,HAR-RV
2013-03-25,0.00484263452252909,VNQ,HAR-RV
2013-03-26,0.005099580010262736,VNQ,HAR-RV
2013-03-27,0.004413392980511021,VNQ,HAR-RV
2013-03-28,0.0049964411781175284,VNQ,HAR-RV
2013-04-01,0.004379727869059975,VNQ,HAR-RV
2013-04-02,0.004421524943319997,VNQ,HAR-RV
2013-04-03,0.004196021421124177,VNQ,HAR-RV
2013-04-04,0.004401350672547486,VNQ,HAR-RV
2013-04-05,0.0042249333895928425,VNQ,HAR-RV
2013-04-08,0.005811188990154474,VNQ,HAR-RV
2013-04-09,0.005354702329790363,VNQ,HAR-RV
2013-04-10,0.005774254947300744,VNQ,HAR-RV
2013-04-11,0.00512995365945453,VNQ,HAR-RV
2013-04-12,0.00563469337901626,VNQ,HAR-RV
2013-04-15,0.00514096801337343,VNQ,HAR-RV
2013-04-16,0.004936141094242804,VNQ,HAR-RV
2013-04-17,0.007120735183116714,VNQ,HAR-RV
2013-04-18,0.007891906154138827,VNQ,HAR-RV
2013-04-19,0.007672556249965999,VNQ,HAR-RV
2013-04-22,0.007162377309998641,VNQ,HAR-RV
2013-04-23,0.008151140779239167,VNQ,HAR-RV
2013-04-24,0.00651185816201844,VNQ,HAR-RV
2013-04-25,0.0061961363987828,VNQ,HAR-RV
2013-04-26,0.0056587651383320225,VNQ,HAR-RV
2013-04-29,0.005848597518372895,VNQ,HAR-RV
2013-04-30,0.004984750574814154,VNQ,HAR-RV
2013-05-01,0.005605725265331634,VNQ,HAR-RV
2013-05-02,0.005754039710853059,VNQ,HAR-RV
2013-05-03,0.006396363066000054,VNQ,HAR-RV
2013-05-06,0.006546144683583528,VNQ,HAR-RV
2013-05-07,0.0066430833498016375,VNQ,HAR-RV
2013-05-08,0.006110183133420603,VNQ,HAR-RV
2013-05-09,0.0057183172055473895,VNQ,HAR-RV
2013-05-10,0.005363993835265804,VNQ,HAR-RV
2013-05-13,0.00547990070583017,VNQ,HAR-RV
2013-05-14,0.005384443983545564,VNQ,HAR-RV
2013-05-15,0.0053637119587581295,VNQ,HAR-RV
2013-05-16,0.005401491453430553,VNQ,HAR-RV
2013-05-17,0.005384479857890971,VNQ,HAR-RV
2013-05-20,0.005220368560435205,VNQ,HAR-RV
2013-05-21,0.005171209983660542,VNQ,HAR-RV
2013-05-22,0.005127857467306119,VNQ,HAR-RV
2013-05-23,0.005200926252328224,VNQ,HAR-RV
2013-05-24,0.007252142857070056,VNQ,HAR-RV
2013-05-28,0.006859766652717314,VNQ,HAR-RV
2013-05-29,0.005413106378223738,VNQ,HAR-RV
2013-05-30,0.006811842664229092,VNQ,HAR-RV
2013-05-31,0.008424668277004029,VNQ,HAR-RV
2013-06-03,0.007425788755980999,VNQ,HAR-RV
2013-06-04,0.007119064130011471,VNQ,HAR-RV
2013-06-05,0.007348203308245635,VNQ,HAR-RV
2013-06-06,0.007777552394500369,VNQ,HAR-RV
2013-06-07,0.0070605419499649965,VNQ,HAR-RV
2013-06-10,0.007384915014126192,VNQ,HAR-RV
2013-06-11,0.007136779254317501,VNQ,HAR-RV
2013-06-12,0.007194423397945027,VNQ,HAR-RV
2013-06-13,0.007667374655056513,VNQ,HAR-RV
2013-06-14,0.009366430029411045,VNQ,HAR-RV
2013-06-17,0.00948680343397765,VNQ,HAR-RV
2013-06-18,0.009608420325026543,VNQ,HAR-RV
2013-06-19,0.008632536186155055,VNQ,HAR-RV
2013-06-20,0.009473612884161127,VNQ,HAR-RV
2013-06-21,0.015810454196110848,VNQ,HAR-RV
2013-06-24,0.018195895667070586,VNQ,HAR-RV
2013-06-25,0.014402880467406055,VNQ,HAR-RV
2013-06-26,0.013516682819322643,VNQ,HAR-RV
2013-06-27,0.01538584710626497,VNQ,HAR-RV
2013-06-28,0.015210339634551784,VNQ,HAR-RV
2013-07-01,0.01399446310991594,VNQ,HAR-RV
2013-07-02,0.01109240227605732,VNQ,HAR-RV
2013-07-03,0.010916367869995511,VNQ,HAR-RV
2013-07-05,0.011797617685878295,VNQ,HAR-RV
2013-07-08,0.010021532125822644,VNQ,HAR-RV
2013-07-09,0.007889181378679612,VNQ,HAR-RV
2013-07-10,0.007740503860637289,VNQ,HAR-RV
2013-07-11,0.009156059061774868,VNQ,HAR-RV
2013-07-12,0.00823914812231781,VNQ,HAR-RV
2013-07-15,0.01087760679632618,VNQ,HAR-RV
2013-07-16,0.009473381564462627,VNQ,HAR-RV
2013-07-17,0.009103677223006765,VNQ,HAR-RV
2013-07-18,0.0074065375023202925,VNQ,HAR-RV
2013-07-19,0.007874545948824578,VNQ,HAR-RV
2013-07-22,0.006657344444626288,VNQ,HAR-RV
2013-07-23,0.00554190615736142,VNQ,HAR-RV
2013-07-24,0.005201500766104922,VNQ,HAR-RV
2013-07-25,0.0051485659066663,VNQ,HAR-RV
2013-07-26,0.007390557191194374,VNQ,HAR-RV
2013-07-29,0.005895764605219437,VNQ,HAR-RV
2013-07-30,0.00576692988758921,VNQ,HAR-RV
2013-07-31,0.006378605902100655,VNQ,HAR-RV
2013-08-01,0.006266331523304864,VNQ,HAR-RV
2013-08-02,0.006544194946816496,VNQ,HAR-RV
2013-08-05,0.006339204004534238,VNQ,HAR-RV
2013-08-06,0.006624891826638503,VNQ,HAR-RV
2013-08-07,0.005803346017034766,VNQ,HAR-RV
2013-08-08,0.0059356226333858895,VNQ,HAR-RV
2013-08-09,0.004640727884742794,VNQ,HAR-RV
2013-08-12,0.004200893682168288,VNQ,HAR-RV
2013-08-13,0.005000151958432321,VNQ,HAR-RV
2013-08-14,0.005399866050052035,VNQ,HAR-RV
2013-08-15,0.00665367177533731,VNQ,HAR-RV
2013-08-16,0.006292750585996872,VNQ,HAR-RV
2013-08-19,0.009118819560114204,VNQ,HAR-RV
2013-08-20,0.011296989598843626,VNQ,HAR-RV
2013-08-21,0.011514189384461478,VNQ,HAR-RV
2013-08-22,0.01254205614381331,VNQ,HAR-RV
2013-08-23,0.010574124264228959,VNQ,HAR-RV
2013-08-26,0.009868571485739813,VNQ,HAR-RV
2013-08-27,0.008893730511795917,VNQ,HAR-RV
2013-08-28,0.007318079216375192,VNQ,HAR-RV
2013-08-29,0.006098723180170287,VNQ,HAR-RV
2013-08-30,0.006476727298001333,VNQ,HAR-RV
2013-09-03,0.005708954520958418,VNQ,HAR-RV
2013-09-04,0.0062052080210864375,VNQ,HAR-RV
2013-09-05,0.006738971368344123,VNQ,HAR-RV
2013-09-06,0.0070930960955716445,VNQ,HAR-RV
2013-09-09,0.007804221916994116,VNQ,HAR-RV
2013-09-10,0.009602863571993511,VNQ,HAR-RV
2013-09-11,0.010936649100236546,VNQ,HAR-RV
2013-09-12,0.008415093390626648,VNQ,HAR-RV
2013-09-13,0.009030957732205844,VNQ,HAR-RV
2013-09-16,0.008490744737719567,VNQ,HAR-RV
2013-09-17,0.0072040061625005345,VNQ,HAR-RV
2013-09-18,0.007029489458335184,VNQ,HAR-RV
2013-09-19,0.00652029180469406,VNQ,HAR-RV
2013-09-20,0.009892079389008872,VNQ,HAR-RV
2013-09-23,0.008207152891215949,VNQ,HAR-RV
2013-09-24,0.009601609062981355,VNQ,HAR-RV
2013-09-25,0.009142543455640126,VNQ,HAR-RV
2013-09-26,0.009547176840021375,VNQ,HAR-RV
2013-09-27,0.0071831008055398896,VNQ,HAR-RV
2013-09-30,0.0076836251216792235,VNQ,HAR-RV
2013-10-01,0.006756449061328856,VNQ,HAR-RV
2013-10-02,0.007393499935479142,VNQ,HAR-RV
2013-10-03,0.008041403016991168,VNQ,HAR-RV
2013-10-04,0.0075566859838161506,VNQ,HAR-RV
2013-10-07,0.008732589804499301,VNQ,HAR-RV
2013-10-08,0.00819899951506168,VNQ,HAR-RV
2013-10-09,0.007773938758442141,VNQ,HAR-RV
2013-10-10,0.007502429975034627,VNQ,HAR-RV
2013-10-11,0.007242666919920102,VNQ,HAR-RV
2013-10-14,0.00813477671007571,VNQ,HAR-RV
2013-10-15,0.008685638654811308,VNQ,HAR-RV
2013-10-16,0.008160681577385651,VNQ,HAR-RV
2013-10-17,0.007764905024483302,VNQ,HAR-RV
2013-10-18,0.009468624904325167,VNQ,HAR-RV
2013-10-21,0.008699771145749595,VNQ,HAR-RV
2013-10-22,0.0075257287613526656,VNQ,HAR-RV
2013-10-23,0.008090468206723236,VNQ,HAR-RV
2013-10-24,0.00841808674843215,VNQ,HAR-RV
2013-10-25,0.006974472383298057,VNQ,HAR-RV
2013-10-28,0.00585713095485056,VNQ,HAR-RV
2013-10-29,0.006943937922656464,VNQ,HAR-RV
2013-10-30,0.006974459936335711,VNQ,HAR-RV
2013-10-31,0.006771382022248895,VNQ,HAR-RV
2013-11-01,0.007253723754526728,VNQ,HAR-RV
2013-11-04,0.007539270350875157,VNQ,HAR-RV
2013-11-05,0.007057161898457367,VNQ,HAR-RV
2013-11-06,0.006523418925976978,VNQ,HAR-RV
2013-11-07,0.007483001738875674,VNQ,HAR-RV
2013-11-08,0.006993261491803324,VNQ,HAR-RV
2013-11-11,0.007510221743046275,VNQ,HAR-RV
2013-11-12,0.008183842595171947,VNQ,HAR-RV
2013-11-13,0.007856892213705696,VNQ,HAR-RV
2013-11-14,0.006995750487055304,VNQ,HAR-RV
2013-11-15,0.007396225881719842,VNQ,HAR-RV
2013-11-18,0.007030423586986464,VNQ,HAR-RV
2013-11-19,0.006210117793166895,VNQ,HAR-RV
2013-11-20,0.00644111159114859,VNQ,HAR-RV
2013-11-21,0.0067370823228352136,VNQ,HAR-RV
2013-11-22,0.007268044023293739,VNQ,HAR-RV
2013-11-25,0.007241827394281291,VNQ,HAR-RV
2013-11-26,0.007232526951792672,VNQ,HAR-RV
2013-11-27,0.007159808812141596,VNQ,HAR-RV
2013-11-29,0.0068090794093613955,VNQ,HAR-RV
2013-12-02,0.006595865134825293,VNQ,HAR-RV
2013-12-03,0.006775377981991739,VNQ,HAR-RV
2013-12-04,0.006828432971529389,VNQ,HAR-RV
2013-12-05,0.006569814372187409,VNQ,HAR-RV
2013-12-06,0.006594524212002977,VNQ,HAR-RV
2013-12-09,0.006274706242180425,VNQ,HAR-RV
2013-12-10,0.00609111019693073,VNQ,HAR-RV
2013-12-11,0.006048042855412337,VNQ,HAR-RV
2013-12-12,0.006147067471325906,VNQ,HAR-RV
2013-12-13,0.007498093222136989,VNQ,HAR-RV
2013-12-16,0.007699590440402792,VNQ,HAR-RV
2013-12-17,0.007350598668609488,VNQ,HAR-RV
2013-12-18,0.007219561464663194,VNQ,HAR-RV
2013-12-19,0.00741712818643788,VNQ,HAR-RV
2013-12-20,0.007331042019734081,VNQ,HAR-RV
2013-12-23,0.007858241021134386,VNQ,HAR-RV
2013-12-24,0.007968422215626526,VNQ,HAR-RV
2013-12-26,0.00767836712683366,VNQ,HAR-RV
2013-12-27,0.007322733187029566,VNQ,HAR-RV
2013-12-30,0.006311337186934036,VNQ,HAR-RV
2013-12-31,0.00559908069656487,VNQ,HAR-RV
2014-01-02,0.005196071595565541,VNQ,HAR-RV
2014-01-03,0.005426156459923406,VNQ,HAR-RV
2014-01-06,0.005224792035553802,VNQ,HAR-RV
2014-01-07,0.005648636855842628,VNQ,HAR-RV
2014-01-08,0.005840418211347079,VNQ,HAR-RV
2014-01-09,0.006044855982924622,VNQ,HAR-RV
2014-01-10,0.0060227424100198325,VNQ,HAR-RV
2014-01-13,0.005927021599172645,VNQ,HAR-RV
2014-01-14,0.00680963716995371,VNQ,HAR-RV
2014-01-15,0.006815319094256949,VNQ,HAR-RV
2014-01-16,0.007003728578471402,VNQ,HAR-RV
2014-01-17,0.007107505903916323,VNQ,HAR-RV
2014-01-21,0.007085942686857903,VNQ,HAR-RV
2014-01-22,0.006693938602808942,VNQ,HAR-RV
2014-01-23,0.006865615205542624,VNQ,HAR-RV
2014-01-24,0.006337178187565057,VNQ,HAR-RV
2014-01-27,0.005995533487931877,VNQ,HAR-RV
2014-01-28,0.00687480674855106,VNQ,HAR-RV
2014-01-29,0.007081640573364334,VNQ,HAR-RV
2014-01-30,0.0071076799410042584,VNQ,HAR-RV
2014-01-31,0.007272370617189597,VNQ,HAR-RV
2014-02-03,0.008213152168891437,VNQ,HAR-RV
2014-02-04,0.00780173706295411,VNQ,HAR-RV
2014-02-05,0.008495413689685606,VNQ,HAR-RV
2014-02-06,0.008742428803210111,VNQ,HAR-RV
2014-02-07,0.008510508686194141,VNQ,HAR-RV
2014-02-10,0.007967651375887211,VNQ,HAR-RV
2014-02-11,0.008146469914601497,VNQ,HAR-RV
2014-02-12,0.007679446723003092,VNQ,HAR-RV
2014-02-13,0.007124029278726273,VNQ,HAR-RV
2014-02-14,0.00695477082966404,VNQ,HAR-RV
2014-02-18,0.006702006111596357,VNQ,HAR-RV
2014-02-19,0.006454356280435872,VNQ,HAR-RV
2014-02-20,0.006102293881997819,VNQ,HAR-RV
2014-02-21,0.00580508503829372,VNQ,HAR-RV
2014-02-24,0.0059279126439297615,VNQ,HAR-RV
2014-02-25,0.005749046921297906,VNQ,HAR-RV
2014-02-26,0.005649202098401778,VNQ,HAR-RV
2014-02-27,0.005512103857228783,VNQ,HAR-RV
2014-02-28,0.005628832801225704,VNQ,HAR-RV
2014-03-03,0.005762663570418109,VNQ,HAR-RV
2014-03-04,0.006269635073479767,VNQ,HAR-RV
2014-03-05,0.006074175681926835,VNQ,HAR-RV
2014-03-06,0.0068374047563349305,VNQ,HAR-RV
2014-03-07,0.006839964128378616,VNQ,HAR-RV
2014-03-10,0.0074103838597941955,VNQ,HAR-RV
2014-03-11,0.007513336760675885,VNQ,HAR-RV
2014-03-12,0.00793654716568347,VNQ,HAR-RV
2014-03-13,0.007276020758361899,VNQ,HAR-RV
2014-03-14,0.0071844007314264356,VNQ,HAR-RV
2014-03-17,0.00672341479913041,VNQ,HAR-RV
2014-03-18,0.006005334608235874,VNQ,HAR-RV
2014-03-19,0.005771960425659288,VNQ,HAR-RV
2014-03-20,0.0056518349899409475,VNQ,HAR-RV
2014-03-21,0.006725946054498976,VNQ,HAR-RV
2014-03-24,0.006821949750986882,VNQ,HAR-RV
2014-03-25,0.007267614502445338,VNQ,HAR-RV
2014-03-26,0.007741662003106106,VNQ,HAR-RV
2014-03-27,0.008269465959812854,VNQ,HAR-RV
2014-03-28,0.007518347443707653,VNQ,HAR-RV
2014-03-31,0.008021316051114306,VNQ,HAR-RV
2014-04-01,0.007750957119009994,VNQ,HAR-RV
2014-04-02,0.007829665893665365,VNQ,HAR-RV
2014-04-03,0.0075038041035483775,VNQ,HAR-RV
2014-04-04,0.0066466157069823345,VNQ,HAR-RV
2014-04-07,0.006218473670053818,VNQ,HAR-RV
2014-04-08,0.00596952389751189,VNQ,HAR-RV
2014-04-09,0.005514631266873052,VNQ,HAR-RV
2014-04-10,0.005572474048307209,VNQ,HAR-RV
2014-04-11,0.005863677906871093,VNQ,HAR-RV
2014-04-14,0.006358748404783878,VNQ,HAR-RV
2014-04-15,0.00665532095689244,VNQ,HAR-RV
2014-04-16,0.006943310223759249,VNQ,HAR-RV
2014-04-17,0.007298888373071066,VNQ,HAR-RV
2014-04-21,0.007795428703064757,VNQ,HAR-RV
2014-04-22,0.0074782799554464,VNQ,HAR-RV
2014-04-23,0.0072660713653979045,VNQ,HAR-RV
2014-04-24,0.007028697504798478,VNQ,HAR-RV
2014-04-25,0.0062360112625119615,VNQ,HAR-RV
2014-04-28,0.006003806874473198,VNQ,HAR-RV
2014-04-29,0.005830758600706221,VNQ,HAR-RV
2014-04-30,0.005791577352508903,VNQ,HAR-RV
2014-05-01,0.005855599830943834,VNQ,HAR-RV
2014-05-02,0.005695456628837284,VNQ,HAR-RV
2014-05-05,0.00558855656970309,VNQ,HAR-RV
2014-05-06,0.005338569634646896,VNQ,HAR-RV
2014-05-07,0.004831852766179432,VNQ,HAR-RV
2014-05-08,0.005102219595033749,VNQ,HAR-RV
2014-05-09,0.005604325979146318,VNQ,HAR-RV
2014-05-12,0.005595807688532785,VNQ,HAR-RV
2014-05-13,0.005609268361174938,VNQ,HAR-RV
2014-05-14,0.005687415578770872,VNQ,HAR-RV
2014-05-15,0.0057334655249799416,VNQ,HAR-RV
2014-05-16,0.0048303169820802455,VNQ,HAR-RV
2014-05-19,0.004690602469089586,VNQ,HAR-RV
2014-05-20,0.005249718580668271,VNQ,HAR-RV
2014-05-21,0.0056977171638620434,VNQ,HAR-RV
2014-05-22,0.005656986087010898,VNQ,HAR-RV
2014-05-23,0.005548007802246788,VNQ,HAR-RV
2014-05-27,0.006444340315881135,VNQ,HAR-RV
2014-05-28,0.005468183564260051,VNQ,HAR-RV
2014-05-29,0.006067131781585117,VNQ,HAR-RV
2014-05-30,0.006337337379315203,VNQ,HAR-RV
2014-06-02,0.006465567579611209,VNQ,HAR-RV
2014-06-03,0.006348281821460996,VNQ,HAR-RV
2014-06-04,0.006043319123907029,VNQ,HAR-RV
2014-06-05,0.005773749609824428,VNQ,HAR-RV
2014-06-06,0.0054537941621052195,VNQ,HAR-RV
2014-06-09,0.004637367720799911,VNQ,HAR-RV
2014-06-10,0.006319754926748459,VNQ,HAR-RV
2014-06-11,0.0064064493303570835,VNQ,HAR-RV
2014-06-12,0.007333629408224372,VNQ,HAR-RV
2014-06-13,0.007701411252642534,VNQ,HAR-RV
2014-06-16,0.006536522396794197,VNQ,HAR-RV
2014-06-17,0.006387294536488272,VNQ,HAR-RV
2014-06-18,0.005625343436910389,VNQ,HAR-RV
2014-06-19,0.0056028471601721015,VNQ,HAR-RV
2014-06-20,0.005438014158107246,VNQ,HAR-RV
2014-06-23,0.005645468555057465,VNQ,HAR-RV
2014-06-24,0.006142638968304713,VNQ,HAR-RV
2014-06-25,0.00595384226880123,VNQ,HAR-RV
2014-06-26,0.006113834990209979,VNQ,HAR-RV
2014-06-27,0.005603465961573309,VNQ,HAR-RV
2014-06-30,0.005265937529047187,VNQ,HAR-RV
2014-07-01,0.004893879593947908,VNQ,HAR-RV
2014-07-02,0.005227519728295339,VNQ,HAR-RV
2014-07-03,0.005231423261506548,VNQ,HAR-RV
2014-07-07,0.005501899437511319,VNQ,HAR-RV
2014-07-08,0.005550147028352561,VNQ,HAR-RV
2014-07-09,0.005532232712467684,VNQ,HAR-RV
2014-07-10,0.005373667019180926,VNQ,HAR-RV
2014-07-11,0.005203319859825132,VNQ,HAR-RV
2014-07-14,0.00488713451989966,VNQ,HAR-RV
2014-07-15,0.004755797100890461,VNQ,HAR-RV
2014-07-16,0.0044129579442482095,VNQ,HAR-RV
2014-07-17,0.004493503254858176,VNQ,HAR-RV
2014-07-18,0.004326114906761297,VNQ,HAR-RV
2014-07-21,0.00420293567946934,VNQ,HAR-RV
2014-07-22,0.003957840166300912,VNQ,HAR-RV
2014-07-23,0.004651180776626291,VNQ,HAR-RV
2014-07-24,0.0046072092685611014,VNQ,HAR-RV
2014-07-25,0.004611801022685026,VNQ,HAR-RV
2014-07-28,0.004583702749007905,VNQ,HAR-RV
2014-07-29,0.004007497126259883,VNQ,HAR-RV
2014-07-30,0.0042133223074785064,VNQ,HAR-RV
2014-07-31,0.004568393621127398,VNQ,HAR-RV
2014-08-01,0.004928059139794951,VNQ,HAR-RV
2014-08-04,0.0037957849325579982,VNQ,HAR-RV
2014-08-05,0.0053957860072320575,VNQ,HAR-RV
2014-08-06,0.0049689753331435774,VNQ,HAR-RV
2014-08-07,0.004695805981204308,VNQ,HAR-RV
2014-08-08,0.0060140308777185195,VNQ,HAR-RV
2014-08-11,0.005549446607280052,VNQ,HAR-RV
2014-08-12,0.0049386095948079555,VNQ,HAR-RV
2014-08-13,0.0048681932593335414,VNQ,HAR-RV
2014-08-14,0.005457137132782973,VNQ,HAR-RV
2014-08-15,0.003926454265775699,VNQ,HAR-RV
2014-08-18,0.006081712641370458,VNQ,HAR-RV
2014-08-19,0.005801933863028337,VNQ,HAR-RV
2014-08-20,0.004952996086079308,VNQ,HAR-RV
2014-08-21,0.005583924103539252,VNQ,HAR-RV
2014-08-22,0.005137343208543451,VNQ,HAR-RV
2014-08-25,0.005422752619948941,VNQ,HAR-RV
2014-08-26,0.0050600219978863496,VNQ,HAR-RV
2014-08-27,0.005397475319942684,VNQ,HAR-RV
2014-08-28,0.0052945491692565705,VNQ,HAR-RV
2014-08-29,0.0050996509166535055,VNQ,HAR-RV
2014-09-02,0.005038669130956699,VNQ,HAR-RV
2014-09-03,0.00436391482836349,VNQ,HAR-RV
2014-09-04,0.0045609910768949,VNQ,HAR-RV
2014-09-05,0.004334509021519431,VNQ,HAR-RV
2014-09-08,0.0044114518835968,VNQ,HAR-RV
2014-09-09,0.004353779689263434,VNQ,HAR-RV
2014-09-10,0.004846680571060901,VNQ,HAR-RV
2014-09-11,0.005060171593517483,VNQ,HAR-RV
2014-09-12,0.004989128565412364,VNQ,HAR-RV
2014-09-15,0.006569144052736102,VNQ,HAR-RV
2014-09-16,0.00453865207048536,VNQ,HAR-RV
2014-09-17,0.008052835158747468,VNQ,HAR-RV
2014-09-18,0.007002379617832928,VNQ,HAR-RV
2014-09-19,0.007249885693917584,VNQ,HAR-RV
2014-09-22,0.006515758240804331,VNQ,HAR-RV
2014-09-23,0.005760654318702306,VNQ,HAR-RV
2014-09-24,0.005174058773556538,VNQ,HAR-RV
2014-09-25,0.005113814686121968,VNQ,HAR-RV
2014-09-26,0.005754216188418068,VNQ,HAR-RV
2014-09-29,0.0052969066290599835,VNQ,HAR-RV
2014-09-30,0.0048362697584563765,VNQ,HAR-RV
2014-10-01,0.005912343727037224,VNQ,HAR-RV
2014-10-02,0.005211239026946031,VNQ,HAR-RV
2014-10-03,0.005611782958987229,VNQ,HAR-RV
2014-10-06,0.005380520177601453,VNQ,HAR-RV
2014-10-07,0.0041145158036521995,VNQ,HAR-RV
2014-10-08,0.0047388265881750415,VNQ,HAR-RV
2014-10-09,0.004645839554258176,VNQ,HAR-RV
2014-10-10,0.0037977475989841277,VNQ,HAR-RV
2014-10-13,0.006001883700901952,VNQ,HAR-RV
2014-10-14,0.005765040236538318,VNQ,HAR-RV
2014-10-15,0.005826042148788081,VNQ,HAR-RV
2014-10-16,0.004824964652188146,VNQ,HAR-RV
2014-10-17,0.00514545215586985,VNQ,HAR-RV
2014-10-20,0.005518955702111023,VNQ,HAR-RV
2014-10-21,0.00563253149675593,VNQ,HAR-RV
2014-10-22,0.004877213007727455,VNQ,HAR-RV
2014-10-23,0.004927762923053306,VNQ,HAR-RV
2014-10-24,0.005837152567513371,VNQ,HAR-RV
2014-10-27,0.005321652056139338,VNQ,HAR-RV
2014-10-28,0.006161308423415242,VNQ,HAR-RV
2014-10-29,0.004854514148837525,VNQ,HAR-RV
2014-10-30,0.005031596363671138,VNQ,HAR-RV
2014-10-31,0.0051355896454711464,VNQ,HAR-RV
2014-11-03,0.0050114422947766645,VNQ,HAR-RV
2014-11-04,0.004869852351243151,VNQ,HAR-RV
2014-11-05,0.005264860319634098,VNQ,HAR-RV
2014-11-06,0.005916285137946963,VNQ,HAR-RV
2014-11-07,0.005687224421715469,VNQ,HAR-RV
2014-11-10,0.005122248718659339,VNQ,HAR-RV
2014-11-11,0.00540709830893558,VNQ,HAR-RV
2014-11-12,0.004429340444135111,VNQ,HAR-RV
2014-11-13,0.005053769796160245,VNQ,HAR-RV
2014-11-14,0.004862521187918783,VNQ,HAR-RV
2014-11-17,0.005181560807220336,VNQ,HAR-RV
2014-11-18,0.005136263518852555,VNQ,HAR-RV
2014-11-19,0.005249978979606728,VNQ,HAR-RV
2014-11-20,0.005242670551010886,VNQ,HAR-RV
2014-11-21,0.00476964077558498,VNQ,HAR-RV
2014-11-24,0.005702904248644655,VNQ,HAR-RV
2014-11-25,0.004966725224989591,VNQ,HAR-RV
2014-11-26,0.005461633666963596,VNQ,HAR-RV
2014-11-28,0.005632990393387336,VNQ,HAR-RV
2014-12-01,0.004148059988453384,VNQ,HAR-RV
2014-12-02,0.0054641180725791515,VNQ,HAR-RV
2014-12-03,0.0052411976243461654,VNQ,HAR-RV
2014-12-04,0.004730632919905348,VNQ,HAR-RV
2014-12-05,0.0058046158867407546,VNQ,HAR-RV
2014-12-08,0.005080167127911116,VNQ,HAR-RV
2014-12-09,0.00481624814238444,VNQ,HAR-RV
2014-12-10,0.0047791897927302734,VNQ,HAR-RV
2014-12-11,0.004966507259210143,VNQ,HAR-RV
2014-12-12,0.00556947108589664,VNQ,HAR-RV
2014-12-15,0.005490963190801291,VNQ,HAR-RV
2014-12-16,0.0045673606735352635,VNQ,HAR-RV
2014-12-17,0.004186922862705455,VNQ,HAR-RV
2014-12-18,0.006203082974525981,VNQ,HAR-RV
2014-12-19,0.0038011892307706872,VNQ,HAR-RV
2014-12-22,0.006782171315830923,VNQ,HAR-RV
2014-12-23,0.0077024167022317295,VNQ,HAR-RV
2014-12-24,0.004614446293558288,VNQ,HAR-RV
2014-12-26,0.0073291802019618555,VNQ,HAR-RV
2014-12-29,0.005660942983669201,VNQ,HAR-RV
2014-12-30,0.005466579764094186,VNQ,HAR-RV
2014-12-31,0.005356105945363623,VNQ,HAR-RV
2015-01-02,0.00541981470392836,VNQ,HAR-RV
2015-01-05,0.0032121558629725645,VNQ,HAR-RV
2015-01-06,0.003971967151987287,VNQ,HAR-RV
2015-01-07,0.005660869453741962,VNQ,HAR-RV
2015-01-08,0.005294756777480186,VNQ,HAR-RV
2015-01-09,0.00484916523414306,VNQ,HAR-RV
2015-01-12,0.00572941986593601,VNQ,HAR-RV
2015-01-13,0.005846985946169865,VNQ,HAR-RV
2015-01-14,0.004754285480257383,VNQ,HAR-RV
2015-01-15,0.005468446733506506,VNQ,HAR-RV
2015-01-16,0.0038596360332064598,VNQ,HAR-RV
2015-01-20,0.005188363590418252,VNQ,HAR-RV
2015-01-21,0.00471149065182536,VNQ,HAR-RV
2015-01-22,0.004739276938921814,VNQ,HAR-RV
2015-01-23,0.006282805883359167,VNQ,HAR-RV
2015-01-26,0.003550101896411714,VNQ,HAR-RV
2015-01-27,0.0063288800120999324,VNQ,HAR-RV
2015-01-28,0.005223712347427068,VNQ,HAR-RV
2015-01-29,0.006464990199540882,VNQ,HAR-RV
2015-01-30,0.005469431067046926,VNQ,HAR-RV
2015-02-02,0.005931537088098151,VNQ,HAR-RV
2015-02-03,0.003410490968478744,VNQ,HAR-RV
2015-02-04,0.006476284298391493,VNQ,HAR-RV
2015-02-05,0.005477651929317309,VNQ,HAR-RV
2015-02-06,0.006219404744871329,VNQ,HAR-RV
2015-02-09,0.005652569437444939,VNQ,HAR-RV
2015-02-10,0.0037001196478130796,VNQ,HAR-RV
2015-02-11,0.006926176397365691,VNQ,HAR-RV
2015-02-12,0.007131142448620633,VNQ,HAR-RV
2015-02-13,0.007399671467274807,VNQ,HAR-RV
2015-02-17,0.006114890817559291,VNQ,HAR-RV
2015-02-18,0.006217440275280158,VNQ,HAR-RV
2015-02-19,0.006697097577256051,VNQ,HAR-RV
2015-02-20,0.006563091422935339,VNQ,HAR-RV
2015-02-23,0.005836612112268836,VNQ,HAR-RV
2015-02-24,0.007366039833677595,VNQ,HAR-RV
2015-02-25,0.008300379304984885,VNQ,HAR-RV
2015-02-26,0.006593165668275246,VNQ,HAR-RV
2015-02-27,0.009317556512449206,VNQ,HAR-RV
2015-03-02,0.007680286465978485,VNQ,HAR-RV
2015-03-03,0.008240666216694014,VNQ,HAR-RV
2015-03-04,0.008245573559890354,VNQ,HAR-RV
2015-03-05,0.008664104781790223,VNQ,HAR-RV
2015-03-06,0.00720108110024161,VNQ,HAR-RV
2015-03-09,0.009428635250446193,VNQ,HAR-RV
2015-03-10,0.005641841513557434,VNQ,HAR-RV
2015-03-11,0.00924030067103404,VNQ,HAR-RV
2015-03-12,0.00925903442169709,VNQ,HAR-RV
2015-03-13,0.008655493090689314,VNQ,HAR-RV
2015-03-16,0.006336137375616523,VNQ,HAR-RV
2015-03-17,0.009242937462379306,VNQ,HAR-RV
2015-03-18,0.007717474890318135,VNQ,HAR-RV
2015-03-19,0.009257246257551845,VNQ,HAR-RV
2015-03-20,0.005901801244561712,VNQ,HAR-RV
2015-03-23,0.010244990328109894,VNQ,HAR-RV
2015-03-24,0.00550913458389742,VNQ,HAR-RV
2015-03-25,0.009546938819733035,VNQ,HAR-RV
2015-03-26,0.008132445133205043,VNQ,HAR-RV
2015-03-27,0.006706745175306996,VNQ,HAR-RV
2015-03-30,0.008276665574536948,VNQ,HAR-RV
2015-03-31,0.009755858899085382,VNQ,HAR-RV
2015-04-01,0.0070137726553167945,VNQ,HAR-RV
2015-04-02,0.008003883200885291,VNQ,HAR-RV
2015-04-06,0.00967444173663629,VNQ,HAR-RV
2015-04-07,0.008684393475707921,VNQ,HAR-RV
2015-04-08,0.008101261929991206,VNQ,HAR-RV
2015-04-09,0.007026744432350928,VNQ,HAR-RV
2015-04-10,0.009326647596726625,VNQ,HAR-RV
2015-04-13,0.005011874751450423,VNQ,HAR-RV
2015-04-14,0.0095375670013761,VNQ,HAR-RV
2015-04-15,0.009299452255576823,VNQ,HAR-RV
2015-04-16,0.00898786193923912,VNQ,HAR-RV
2015-04-17,0.008149171859805914,VNQ,HAR-RV
2015-04-20,0.009242552620782152,VNQ,HAR-RV
2015-04-21,0.008633268100385956,VNQ,HAR-RV
2015-04-22,0.008435862771539003,VNQ,HAR-RV
2015-04-23,0.008281528446155382,VNQ,HAR-RV
2015-04-24,0.00737393505880302,VNQ,HAR-RV
2015-04-27,0.007175109778129827,VNQ,HAR-RV
2015-04-28,0.006950554953230052,VNQ,HAR-RV
2015-04-29,0.006502313362358713,VNQ,HAR-RV
2015-04-30,0.006520026845441847,VNQ,HAR-RV
2015-05-01,0.0038272627906399577,VNQ,HAR-RV
2015-05-04,0.004568891167607185,VNQ,HAR-RV
2015-05-05,0.005971408282039646,VNQ,HAR-RV
2015-05-06,0.007523154644830855,VNQ,HAR-RV
2015-05-07,0.0038788073051473078,VNQ,HAR-RV
2015-05-08,0.0076678978317090574,VNQ,HAR-RV
2015-05-11,0.004894856382734061,VNQ,HAR-RV
2015-05-12,0.005866625429734009,VNQ,HAR-RV
2015-05-13,0.005756299552141388,VNQ,HAR-RV
2015-05-14,0.0079504427600935,VNQ,HAR-RV
2015-05-15,0.007229286899148284,VNQ,HAR-RV
2015-05-18,0.005841211999350479,VNQ,HAR-RV
2015-05-19,0.0075766531338979795,VNQ,HAR-RV
2015-05-20,0.008653868256564574,VNQ,HAR-RV
2015-05-21,0.00834615543764941,VNQ,HAR-RV
2015-05-22,0.00852782602441247,VNQ,HAR-RV
2015-05-26,0.007279840859889777,VNQ,HAR-RV
2015-05-27,0.007659217969106298,VNQ,HAR-RV
2015-05-28,0.0067909800429185934,VNQ,HAR-RV
2015-05-29,0.006596510521875539,VNQ,HAR-RV
2015-06-01,0.008310077107904695,VNQ,HAR-RV
2015-06-02,0.006951703918080342,VNQ,HAR-RV
2015-06-03,0.006986923553756621,VNQ,HAR-RV
2015-06-04,0.007503430737569933,VNQ,HAR-RV
2015-06-05,0.006717472915059971,VNQ,HAR-RV
2015-06-08,0.009264807304141982,VNQ,HAR-RV
2015-06-09,0.007064388872539769,VNQ,HAR-RV
2015-06-10,0.00866019936972309,VNQ,HAR-RV
2015-06-11,0.0073207015510693115,VNQ,HAR-RV
2015-06-12,0.007026463277904013,VNQ,HAR-RV
2015-06-15,0.007106750009930772,VNQ,HAR-RV
2015-06-16,0.00782387398280586,VNQ,HAR-RV
2015-06-17,0.006946307706936266,VNQ,HAR-RV
2015-06-18,0.006217331805955744,VNQ,HAR-RV
2015-06-19,0.006183837935564976,VNQ,HAR-RV
2015-06-22,0.00560017781163053,VNQ,HAR-RV
2015-06-23,0.007036891567853155,VNQ,HAR-RV
2015-06-24,0.006847172430344375,VNQ,HAR-RV
2015-06-25,0.007285930777381322,VNQ,HAR-RV
2015-06-26,0.007882478817933221,VNQ,HAR-RV
2015-06-29,0.00689009197843987,VNQ,HAR-RV
2015-06-30,0.007481508984839158,VNQ,HAR-RV
2015-07-01,0.006140351920012286,VNQ,HAR-RV
2015-07-02,0.008882970517714433,VNQ,HAR-RV
2015-07-06,0.005922286060378707,VNQ,HAR-RV
2015-07-07,0.008456765845576739,VNQ,HAR-RV
2015-07-08,0.007540245534283456,VNQ,HAR-RV
2015-07-09,0.005764238458597694,VNQ,HAR-RV
2015-07-10,0.00828754266707233,VNQ,HAR-RV
2015-07-13,0.007742679416012179,VNQ,HAR-RV
2015-07-14,0.007166083909386667,VNQ,HAR-RV
2015-07-15,0.008306303001449982,VNQ,HAR-RV
2015-07-16,0.007532386855923253,VNQ,HAR-RV
2015-07-17,0.007557707782393938,VNQ,HAR-RV
2015-07-20,0.006340797394038616,VNQ,HAR-RV
2015-07-21,0.006932207555983894,VNQ,HAR-RV
2015-07-22,0.00728013050839205,VNQ,HAR-RV
2015-07-23,0.006880707175385686,VNQ,HAR-RV
2015-07-24,0.006709935626234649,VNQ,HAR-RV
2015-07-27,0.005265130507557218,VNQ,HAR-RV
2015-07-28,0.006973821956847535,VNQ,HAR-RV
2015-07-29,0.00748271263129455,VNQ,HAR-RV
2015-07-30,0.007628911824881475,VNQ,HAR-RV
2015-07-31,0.006524204130740972,VNQ,HAR-RV
2015-08-03,0.006574712543548033,VNQ,HAR-RV
2015-08-04,0.006239344319404358,VNQ,HAR-RV
2015-08-05,0.006765191404966541,VNQ,HAR-RV
2015-08-06,0.006730456782992777,VNQ,HAR-RV
2015-08-07,0.006892146072298387,VNQ,HAR-RV
2015-08-10,0.007683968457556127,VNQ,HAR-RV
2015-08-11,0.006830142714432639,VNQ,HAR-RV
2015-08-12,0.006875423798339517,VNQ,HAR-RV
2015-08-13,0.005719214691514353,VNQ,HAR-RV
2015-08-14,0.006151354146773446,VNQ,HAR-RV
2015-08-17,0.006441896116199074,VNQ,HAR-RV
2015-08-18,0.005876664157320749,VNQ,HAR-RV
2015-08-19,0.00541626152717843,VNQ,HAR-RV
2015-08-20,0.00638185739853132,VNQ,HAR-RV
2015-08-21,0.005972248002848962,VNQ,HAR-RV
2015-08-24,0.006144500549995376,VNQ,HAR-RV
2015-08-25,0.006083502430303617,VNQ,HAR-RV
2015-08-26,0.00872054282297992,VNQ,HAR-RV
2015-08-27,0.012566305202316184,VNQ,HAR-RV
2015-08-28,0.015013333425411095,VNQ,HAR-RV
2015-08-31,0.013159557625818602,VNQ,HAR-RV
2015-09-01,0.014026690678497902,VNQ,HAR-RV
2015-09-02,0.011701432058626969,VNQ,HAR-RV
2015-09-03,0.010956466577361532,VNQ,HAR-RV
2015-09-04,0.00944991388852491,VNQ,HAR-RV
2015-09-08,0.008836014303415567,VNQ,HAR-RV
2015-09-09,0.009927615034585998,VNQ,HAR-RV
2015-09-10,0.00951793429179867,VNQ,HAR-RV
2015-09-11,0.008510281577924883,VNQ,HAR-RV
2015-09-14,0.008895631219754117,VNQ,HAR-RV
2015-09-15,0.008954839490057433,VNQ,HAR-RV
2015-09-16,0.008271191374899052,VNQ,HAR-RV
2015-09-17,0.007580966041492426,VNQ,HAR-RV
2015-09-18,0.007696278258110947,VNQ,HAR-RV
2015-09-21,0.008056655928970976,VNQ,HAR-RV
2015-09-22,0.007141494068258366,VNQ,HAR-RV
2015-09-23,0.007816482205328459,VNQ,HAR-RV
2015-09-24,0.007764018173237862,VNQ,HAR-RV
2015-09-25,0.007736915061461579,VNQ,HAR-RV
2015-09-28,0.00739462360020386,VNQ,HAR-RV
2015-09-29,0.008044555600495544,VNQ,HAR-RV
2015-09-30,0.008148972637332793,VNQ,HAR-RV
2015-10-01,0.008215899585608586,VNQ,HAR-RV
2015-10-02,0.008445170684471471,VNQ,HAR-RV
2015-10-05,0.008239475472850848,VNQ,HAR-RV
2015-10-06,0.008485756041816584,VNQ,HAR-RV
2015-10-07,0.00801788079174471,VNQ,HAR-RV
2015-10-08,0.008163491113803274,VNQ,HAR-RV
2015-10-09,0.00791965727258765,VNQ,HAR-RV
2015-10-12,0.008369567309215483,VNQ,HAR-RV
2015-10-13,0.00828498190076543,VNQ,HAR-RV
2015-10-14,0.007160001382565253,VNQ,HAR-RV
2015-10-15,0.007616284249705528,VNQ,HAR-RV
2015-10-16,0.007322380640937443,VNQ,HAR-RV
2015-10-19,0.007438735752904009,VNQ,HAR-RV
2015-10-20,0.008291501404840662,VNQ,HAR-RV
2015-10-21,0.008449043089504577,VNQ,HAR-RV
2015-10-22,0.00854526067286017,VNQ,HAR-RV
2015-10-23,0.008085978858049679,VNQ,HAR-RV
2015-10-26,0.00746697512737205,VNQ,HAR-RV
2015-10-27,0.007562540220909097,VNQ,HAR-RV
2015-10-28,0.006897161128720154,VNQ,HAR-RV
2015-10-29,0.006859775826091793,VNQ,HAR-RV
2015-10-30,0.006650805509852512,VNQ,HAR-RV
2015-11-02,0.006097811312518975,VNQ,HAR-RV
2015-11-03,0.006069412788765617,VNQ,HAR-RV
2015-11-04,0.007266960119854487,VNQ,HAR-RV
2015-11-05,0.008244573707263156,VNQ,HAR-RV
2015-11-06,0.008684985842220251,VNQ,HAR-RV
2015-11-09,0.009169622427388661,VNQ,HAR-RV
2015-11-10,0.010048293852843549,VNQ,HAR-RV
2015-11-11,0.010055352187381482,VNQ,HAR-RV
2015-11-12,0.010084097875086859,VNQ,HAR-RV
2015-11-13,0.010064125100178936,VNQ,HAR-RV
2015-11-16,0.010168165004019729,VNQ,HAR-RV
2015-11-17,0.00857622835808941,VNQ,HAR-RV
2015-11-18,0.008139047815018733,VNQ,HAR-RV
2015-11-19,0.007524435560522362,VNQ,HAR-RV
2015-11-20,0.007974737287396708,VNQ,HAR-RV
2015-11-23,0.007751283030389311,VNQ,HAR-RV
2015-11-24,0.00763848664583092,VNQ,HAR-RV
2015-11-25,0.007123052111819572,VNQ,HAR-RV
2015-11-27,0.00753383744548387,VNQ,HAR-RV
2015-11-30,0.007182820325898761,VNQ,HAR-RV
2015-12-01,0.007411680761117394,VNQ,HAR-RV
2015-12-02,0.006973528790511772,VNQ,HAR-RV
2015-12-03,0.00783051243285673,VNQ,HAR-RV
2015-12-04,0.00899534975570817,VNQ,HAR-RV
2015-12-07,0.009997266472554325,VNQ,HAR-RV
2015-12-08,0.010647064689400552,VNQ,HAR-RV
2015-12-09,0.01010174291993634,VNQ,HAR-RV
2015-12-10,0.009103230004418717,VNQ,HAR-RV
2015-12-11,0.008352837753933228,VNQ,HAR-RV
2015-12-14,0.007818872103221937,VNQ,HAR-RV
2015-12-15,0.006632925021143205,VNQ,HAR-RV
2015-12-16,0.006804989059777842,VNQ,HAR-RV
2015-12-17,0.007671563656661654,VNQ,HAR-RV
2015-12-18,0.008700690907378267,VNQ,HAR-RV
2015-12-21,0.008248343285091858,VNQ,HAR-RV
2015-12-22,0.008984450683800055,VNQ,HAR-RV
2015-12-23,0.008672211259405604,VNQ,HAR-RV
2015-12-24,0.008289481377060119,VNQ,HAR-RV
2015-12-28,0.00791490293651879,VNQ,HAR-RV
2015-12-29,0.00728821417994421,VNQ,HAR-RV
2015-12-30,0.0070004218023061865,VNQ,HAR-RV
2015-12-31,0.007587203326205582,VNQ,HAR-RV
2016-01-04,0.0073030902909892,VNQ,HAR-RV
2016-01-05,0.007470366362119703,VNQ,HAR-RV
2016-01-06,0.008466090024126656,VNQ,HAR-RV
2016-01-07,0.009401328610797675,VNQ,HAR-RV
2016-01-08,0.008469328399758025,VNQ,HAR-RV
2016-01-11,0.010206588678033144,VNQ,HAR-RV
2016-01-12,0.010215106253372899,VNQ,HAR-RV
2016-01-13,0.009433298902772724,VNQ,HAR-RV
2016-01-14,0.008712588799306165,VNQ,HAR-RV
2016-01-15,0.009617386193435816,VNQ,HAR-RV
2016-01-19,0.008117387724369839,VNQ,HAR-RV
2016-01-20,0.007738121898954647,VNQ,HAR-RV
2016-01-21,0.00782669007070498,VNQ,HAR-RV
2016-01-22,0.009457908346982765,VNQ,HAR-RV
2016-01-25,0.008599228028089071,VNQ,HAR-RV
2016-01-26,0.01045329618687348,VNQ,HAR-RV
2016-01-27,0.010399724879115509,VNQ,HAR-RV
2016-01-28,0.011680312832513102,VNQ,HAR-RV
2016-01-29,0.010955345911362322,VNQ,HAR-RV
2016-02-01,0.01140630641565939,VNQ,HAR-RV
2016-02-02,0.010361519665168843,VNQ,HAR-RV
2016-02-03,0.010289388916924772,VNQ,HAR-RV
2016-02-04,0.008979218847610734,VNQ,HAR-RV
2016-02-05,0.007761633926894485,VNQ,HAR-RV
2016-02-08,0.0076442380282479875,VNQ,HAR-RV
2016-02-09,0.00809266137349585,VNQ,HAR-RV
2016-02-10,0.010767068670525171,VNQ,HAR-RV
2016-02-11,0.011045279377017776,VNQ,HAR-RV
2016-02-12,0.01068184713657118,VNQ,HAR-RV
2016-02-16,0.011942960205564715,VNQ,HAR-RV
2016-02-17,0.011398897819411979,VNQ,HAR-RV
2016-02-18,0.011005955259483408,VNQ,HAR-RV
2016-02-19,0.009518114444490895,VNQ,HAR-RV
2016-02-22,0.009802453644994776,VNQ,HAR-RV
2016-02-23,0.0088291473064345,VNQ,HAR-RV
2016-02-24,0.00892949309153376,VNQ,HAR-RV
2016-02-25,0.007064838452938897,VNQ,HAR-RV
2016-02-26,0.0068745640919332445,VNQ,HAR-RV
2016-02-29,0.009037136110029953,VNQ,HAR-RV
2016-03-01,0.007732926766170525,VNQ,HAR-RV
2016-03-02,0.007586864804899407,VNQ,HAR-RV
2016-03-03,0.010996568080058805,VNQ,HAR-RV
2016-03-04,0.009901385776929821,VNQ,HAR-RV
2016-03-07,0.00857704281489408,VNQ,HAR-RV
2016-03-08,0.007757094240280945,VNQ,HAR-RV
2016-03-09,0.007836618527286593,VNQ,HAR-RV
2016-03-10,0.007434974814971072,VNQ,HAR-RV
2016-03-11,0.006813506562124991,VNQ,HAR-RV
2016-03-14,0.0068297998205649494,VNQ,HAR-RV
2016-03-15,0.009812529654305678,VNQ,HAR-RV
2016-03-16,0.007793530809036902,VNQ,HAR-RV
2016-03-17,0.007288502440620142,VNQ,HAR-RV
2016-03-18,0.00877040972593528,VNQ,HAR-RV
2016-03-21,0.009601088155345217,VNQ,HAR-RV
2016-03-22,0.007713425960393474,VNQ,HAR-RV
2016-03-23,0.00864592802205873,VNQ,HAR-RV
2016-03-24,0.007889290192185082,VNQ,HAR-RV
2016-03-28,0.007965075621403474,VNQ,HAR-RV
2016-03-29,0.006839198570089988,VNQ,HAR-RV
2016-03-30,0.0077825804594822455,VNQ,HAR-RV
2016-03-31,0.009167431198816718,VNQ,HAR-RV
2016-04-01,0.007984071581728027,VNQ,HAR-RV
2016-04-04,0.008326926081898868,VNQ,HAR-RV
2016-04-05,0.007792055810047881,VNQ,HAR-RV
2016-04-06,0.0073934041238053255,VNQ,HAR-RV
2016-04-07,0.006945400310130937,VNQ,HAR-RV
2016-04-08,0.006514119139689377,VNQ,HAR-RV
2016-04-11,0.0068706547020325375,VNQ,HAR-RV
2016-04-12,0.007006303915656254,VNQ,HAR-RV
2016-04-13,0.0066919494943872984,VNQ,HAR-RV
2016-04-14,0.007168101118456638,VNQ,HAR-RV
2016-04-15,0.006957430167258184,VNQ,HAR-RV
2016-04-18,0.007078143256168795,VNQ,HAR-RV
2016-04-19,0.007383669101965956,VNQ,HAR-RV
2016-04-20,0.007254133384590345,VNQ,HAR-RV
2016-04-21,0.006635367397139498,VNQ,HAR-RV
2016-04-22,0.009071063322004467,VNQ,HAR-RV
2016-04-25,0.00991882300474499,VNQ,HAR-RV
2016-04-26,0.009404047963775664,VNQ,HAR-RV
2016-04-27,0.009275736149122495,VNQ,HAR-RV
2016-04-28,0.00882970060439358,VNQ,HAR-RV
2016-04-29,0.007500071823860281,VNQ,HAR-RV
2016-05-02,0.006828441252064934,VNQ,HAR-RV
2016-05-03,0.007633990167001561,VNQ,HAR-RV
2016-05-04,0.008661741796356997,VNQ,HAR-RV
2016-05-05,0.007032998893896535,VNQ,HAR-RV
2016-05-06,0.00914234507530373,VNQ,HAR-RV
2016-05-09,0.00798458541602903,VNQ,HAR-RV
2016-05-10,0.00895888798128165,VNQ,HAR-RV
2016-05-11,0.00867264962541059,VNQ,HAR-RV
2016-05-12,0.007699808996795694,VNQ,HAR-RV
2016-05-13,0.009952851954544184,VNQ,HAR-RV
2016-05-16,0.008799777260948844,VNQ,HAR-RV
2016-05-17,0.008950310807812159,VNQ,HAR-RV
2016-05-18,0.008919890003517108,VNQ,HAR-RV
2016-05-19,0.010854732175643726,VNQ,HAR-RV
2016-05-20,0.01025320752356673,VNQ,HAR-RV
2016-05-23,0.010164911943385743,VNQ,HAR-RV
2016-05-24,0.009739682088201949,VNQ,HAR-RV
2016-05-25,0.008560179269186206,VNQ,HAR-RV
2016-05-26,0.009222102176592823,VNQ,HAR-RV
2016-05-27,0.007171074897923757,VNQ,HAR-RV
2016-05-31,0.006806435333893221,VNQ,HAR-RV
2016-06-01,0.006879383824771816,VNQ,HAR-RV
2016-06-02,0.006254326674634526,VNQ,HAR-RV
2016-06-03,0.005657976322404116,VNQ,HAR-RV
2016-06-06,0.006388875813469822,VNQ,HAR-RV
2016-06-07,0.0064359098852210875,VNQ,HAR-RV
2016-06-08,0.006999425721251016,VNQ,HAR-RV
2016-06-09,0.00715166017424314,VNQ,HAR-RV
2016-06-10,0.007527066120386541,VNQ,HAR-RV
2016-06-13,0.006917756150304334,VNQ,HAR-RV
2016-06-14,0.007215475890810417,VNQ,HAR-RV
2016-06-15,0.006224767497998745,VNQ,HAR-RV
2016-06-16,0.006356612341796555,VNQ,HAR-RV
2016-06-17,0.007343546068048933,VNQ,HAR-RV
2016-06-20,0.007085833564410905,VNQ,HAR-RV
2016-06-21,0.006415711820848682,VNQ,HAR-RV
2016-06-22,0.006335108969501027,VNQ,HAR-RV
2016-06-23,0.00660975206489223,VNQ,HAR-RV
2016-06-24,0.005926038899014253,VNQ,HAR-RV
2016-06-27,0.0064430177592084735,VNQ,HAR-RV
2016-06-28,0.007156088535350342,VNQ,HAR-RV
2016-06-29,0.006556441548602195,VNQ,HAR-RV
2016-06-30,0.009735744963736328,VNQ,HAR-RV
2016-07-01,0.009414346142897939,VNQ,HAR-RV
2016-07-05,0.009346662462730618,VNQ,HAR-RV
2016-07-06,0.007861134977558892,VNQ,HAR-RV
2016-07-07,0.009571017193144033,VNQ,HAR-RV
2016-07-08,0.0080258729799532,VNQ,HAR-RV
2016-07-11,0.00867838061056029,VNQ,HAR-RV
2016-07-12,0.00953686466328477,VNQ,HAR-RV
2016-07-13,0.008866166897771829,VNQ,HAR-RV
2016-07-14,0.007620031587491111,VNQ,HAR-RV
2016-07-15,0.008285815365917455,VNQ,HAR-RV
2016-07-18,0.00848132253491276,VNQ,HAR-RV
2016-07-19,0.006732761819691338,VNQ,HAR-RV
2016-07-20,0.0067838024064643026,VNQ,HAR-RV
2016-07-21,0.0072079959283550465,VNQ,HAR-RV
2016-07-22,0.006217866652655768,VNQ,HAR-RV
2016-07-25,0.005861611413878889,VNQ,HAR-RV
2016-07-26,0.006497538140223533,VNQ,HAR-RV
2016-07-27,0.006592916122890754,VNQ,HAR-RV
2016-07-28,0.006685203589822794,VNQ,HAR-RV
2016-07-29,0.006821255147741513,VNQ,HAR-RV
2016-08-01,0.00741410691753816,VNQ,HAR-RV
2016-08-02,0.007378996330968786,VNQ,HAR-RV
2016-08-03,0.007380804861916361,VNQ,HAR-RV
2016-08-04,0.00771954703814553,VNQ,HAR-RV
2016-08-05,0.007724402208726967,VNQ,HAR-RV
2016-08-08,0.007394173107232666,VNQ,HAR-RV
2016-08-09,0.0069472465064263356,VNQ,HAR-RV
2016-08-10,0.0067731038166069695,VNQ,HAR-RV
2016-08-11,0.006364757975323127,VNQ,HAR-RV
2016-08-12,0.006058900083623392,VNQ,HAR-RV
2016-08-15,0.00659702037040365,VNQ,HAR-RV
2016-08-16,0.00646472020398192,VNQ,HAR-RV
2016-08-17,0.0063782005321958955,VNQ,HAR-RV
2016-08-18,0.006790021832503527,VNQ,HAR-RV
2016-08-19,0.0066991738827959545,VNQ,HAR-RV
2016-08-22,0.006503376556298891,VNQ,HAR-RV
2016-08-23,0.006657271022391841,VNQ,HAR-RV
2016-08-24,0.006738847584831321,VNQ,HAR-RV
2016-08-25,0.006180814246157256,VNQ,HAR-RV
2016-08-26,0.0063113891170384715,VNQ,HAR-RV
2016-08-29,0.006365016141033101,VNQ,HAR-RV
2016-08-30,0.0066595636076166136,VNQ,HAR-RV
2016-08-31,0.00669609738600677,VNQ,HAR-RV
2016-09-01,0.0062507002704699985,VNQ,HAR-RV
2016-09-02,0.006064259503076051,VNQ,HAR-RV
2016-09-06,0.005825382631352911,VNQ,HAR-RV
2016-09-07,0.006127844480819759,VNQ,HAR-RV
2016-09-08,0.006117988422729177,VNQ,HAR-RV
2016-09-09,0.006303980903558807,VNQ,HAR-RV
2016-09-12,0.007455160716051122,VNQ,HAR-RV
2016-09-13,0.010678937069608263,VNQ,HAR-RV
2016-09-14,0.009715664130108596,VNQ,HAR-RV
2016-09-15,0.010781000043951333,VNQ,HAR-RV
2016-09-16,0.009020917581533994,VNQ,HAR-RV
2016-09-19,0.008335167215339421,VNQ,HAR-RV
2016-09-20,0.007385200426433251,VNQ,HAR-RV
2016-09-21,0.0080757576013598,VNQ,HAR-RV
2016-09-22,0.007183913903317317,VNQ,HAR-RV
2016-09-23,0.0083668628174475,VNQ,HAR-RV
2016-09-26,0.00905568114746326,VNQ,HAR-RV
2016-09-27,0.00798494004770786,VNQ,HAR-RV
2016-09-28,0.007934198535956146,VNQ,HAR-RV
2016-09-29,0.008703127360332023,VNQ,HAR-RV
2016-09-30,0.008498085659518378,VNQ,HAR-RV
2016-10-03,0.008724813634313905,VNQ,HAR-RV
2016-10-04,0.008560815122054744,VNQ,HAR-RV
2016-10-05,0.009820215438853093,VNQ,HAR-RV
2016-10-06,0.009914911867057332,VNQ,HAR-RV
2016-10-07,0.010424394475412714,VNQ,HAR-RV
2016-10-10,0.008785883424861977,VNQ,HAR-RV
2016-10-11,0.008723487015828974,VNQ,HAR-RV
2016-10-12,0.008925390056141864,VNQ,HAR-RV
2016-10-13,0.008557918670135934,VNQ,HAR-RV
2016-10-14,0.008649600037002086,VNQ,HAR-RV
2016-10-17,0.008048210935436376,VNQ,HAR-RV
2016-10-18,0.007858993882859103,VNQ,HAR-RV
2016-10-19,0.007652614511730974,VNQ,HAR-RV
2016-10-20,0.008036360953385125,VNQ,HAR-RV
2016-10-21,0.007501736358804954,VNQ,HAR-RV
2016-10-24,0.007488209215677419,VNQ,HAR-RV
2016-10-25,0.0073803741062417605,VNQ,HAR-RV
2016-10-26,0.006956114945916324,VNQ,HAR-RV
2016-10-27,0.006956570224910917,VNQ,HAR-RV
2016-10-28,0.008404803180752235,VNQ,HAR-RV
2016-10-31,0.009529802466969828,VNQ,HAR-RV
2016-11-01,0.0075876409137703524,VNQ,HAR-RV
2016-11-02,0.008697469606101885,VNQ,HAR-RV
2016-11-03,0.009475433684598846,VNQ,HAR-RV
2016-11-04,0.009092753181767763,VNQ,HAR-RV
2016-11-07,0.008477045921244816,VNQ,HAR-RV
2016-11-08,0.008666869983801638,VNQ,HAR-RV
2016-11-09,0.009295394475837958,VNQ,HAR-RV
2016-11-10,0.008517517183586466,VNQ,HAR-RV
2016-11-11,0.009137915335743284,VNQ,HAR-RV
2016-11-14,0.009485962600752686,VNQ,HAR-RV
2016-11-15,0.009139239356990226,VNQ,HAR-RV
2016-11-16,0.010001219862162439,VNQ,HAR-RV
2016-11-17,0.00960372326526539,VNQ,HAR-RV
2016-11-18,0.00911880496895749,VNQ,HAR-RV
2016-11-21,0.009168299895225449,VNQ,HAR-RV
2016-11-22,0.008759140191693424,VNQ,HAR-RV
2016-11-23,0.00842096874426771,VNQ,HAR-RV
2016-11-25,0.009193518389259032,VNQ,HAR-RV
2016-11-28,0.008798124528835338,VNQ,HAR-RV
2016-11-29,0.008703964530539215,VNQ,HAR-RV
2016-11-30,0.008622037529604044,VNQ,HAR-RV
2016-12-01,0.008754515530762744,VNQ,HAR-RV
2016-12-02,0.008770737058926352,VNQ,HAR-RV
2016-12-05,0.009229977899910511,VNQ,HAR-RV
2016-12-06,0.008967796695122302,VNQ,HAR-RV
2016-12-07,0.008790687403977433,VNQ,HAR-RV
2016-12-08,0.008764550627183025,VNQ,HAR-RV
2016-12-09,0.009607606072084985,VNQ,HAR-RV
2016-12-12,0.008714574126646916,VNQ,HAR-RV
2016-12-13,0.008190026289518083,VNQ,HAR-RV
2016-12-14,0.008243436571000176,VNQ,HAR-RV
2016-12-15,0.007774850881396315,VNQ,HAR-RV
2016-12-16,0.00856325492891341,VNQ,HAR-RV
2016-12-19,0.007880978999263303,VNQ,HAR-RV
2016-12-20,0.008680719639673644,VNQ,HAR-RV
2016-12-21,0.008695921031599165,VNQ,HAR-RV
2016-12-22,0.008105203733316097,VNQ,HAR-RV
2016-12-23,0.008630881604739812,VNQ,HAR-RV
2016-12-27,0.007851707581770269,VNQ,HAR-RV
2016-12-28,0.007401016593267449,VNQ,HAR-RV
2016-12-29,0.007212094720618122,VNQ,HAR-RV
2016-12-30,0.00759336781876681,VNQ,HAR-RV
2017-01-03,0.008208289253587901,VNQ,HAR-RV
2017-01-04,0.00837931705396109,VNQ,HAR-RV
2017-01-05,0.007529618585904377,VNQ,HAR-RV
2017-01-06,0.008286305358021388,VNQ,HAR-RV
2017-01-09,0.00765358708627044,VNQ,HAR-RV
2017-01-10,0.0072272459686637735,VNQ,HAR-RV
2017-01-11,0.007446850342924416,VNQ,HAR-RV
2017-01-12,0.007462757399324016,VNQ,HAR-RV
2017-01-13,0.007212142100566327,VNQ,HAR-RV
2017-01-17,0.007184037426991632,VNQ,HAR-RV
2017-01-18,0.007029745714519,VNQ,HAR-RV
2017-01-19,0.007274958614429732,VNQ,HAR-RV
2017-01-20,0.0068356702891622595,VNQ,HAR-RV
2017-01-23,0.007263380851626934,VNQ,HAR-RV
2017-01-24,0.007130570205048899,VNQ,HAR-RV
2017-01-25,0.0072561653031253765,VNQ,HAR-RV
2017-01-26,0.006719158693867036,VNQ,HAR-RV
2017-01-27,0.006985632701473669,VNQ,HAR-RV
2017-01-30,0.006652910494762744,VNQ,HAR-RV
2017-01-31,0.007156094793554285,VNQ,HAR-RV
2017-02-01,0.006959289534977826,VNQ,HAR-RV
2017-02-02,0.007161137984954746,VNQ,HAR-RV
2017-02-03,0.007543395173444895,VNQ,HAR-RV
2017-02-06,0.0077413281449968405,VNQ,HAR-RV
2017-02-07,0.007267712269653918,VNQ,HAR-RV
2017-02-08,0.0068013847910744635,VNQ,HAR-RV
2017-02-09,0.006875924441257911,VNQ,HAR-RV
2017-02-10,0.0070864599280273085,VNQ,HAR-RV
2017-02-13,0.0064808836171770905,VNQ,HAR-RV
2017-02-14,0.00674140827241681,VNQ,HAR-RV
2017-02-15,0.006198420092432435,VNQ,HAR-RV
2017-02-16,0.0065373174741049,VNQ,HAR-RV
2017-02-17,0.006297106110029629,VNQ,HAR-RV
2017-02-21,0.006522223285263854,VNQ,HAR-RV
2017-02-22,0.006204663721280795,VNQ,HAR-RV
2017-02-23,0.007189345456509302,VNQ,HAR-RV
2017-02-24,0.006522906503018514,VNQ,HAR-RV
2017-02-27,0.0066072266843023395,VNQ,HAR-RV
2017-02-28,0.006569817979070093,VNQ,HAR-RV
2017-03-01,0.006701578773371856,VNQ,HAR-RV
2017-03-02,0.006663930828580077,VNQ,HAR-RV
2017-03-03,0.006398147876245116,VNQ,HAR-RV
2017-03-06,0.006510397555384273,VNQ,HAR-RV
2017-03-07,0.006384371757891992,VNQ,HAR-RV
2017-03-08,0.006323444672441007,VNQ,HAR-RV
2017-03-09,0.0063980168881667505,VNQ,HAR-RV
2017-03-10,0.008050551674759982,VNQ,HAR-RV
2017-03-13,0.00802680777515952,VNQ,HAR-RV
2017-03-14,0.007065575605555525,VNQ,HAR-RV
2017-03-15,0.006813198543857782,VNQ,HAR-RV
2017-03-16,0.006793923569394393,VNQ,HAR-RV
2017-03-17,0.008043219203967734,VNQ,HAR-RV
2017-03-20,0.006716388376130646,VNQ,HAR-RV
2017-03-21,0.006770364453140191,VNQ,HAR-RV
2017-03-22,0.0064550853815982506,VNQ,HAR-RV
2017-03-23,0.006677785475978606,VNQ,HAR-RV
2017-03-24,0.005971772333784626,VNQ,HAR-RV
2017-03-27,0.006312876578684817,VNQ,HAR-RV
2017-03-28,0.005958590508471657,VNQ,HAR-RV
2017-03-29,0.006516581021872905,VNQ,HAR-RV
2017-03-30,0.006358826696382316,VNQ,HAR-RV
2017-03-31,0.006493085361832944,VNQ,HAR-RV
2017-04-03,0.006155620492522437,VNQ,HAR-RV
2017-04-04,0.0064164640631826485,VNQ,HAR-RV
2017-04-05,0.006002089139028107,VNQ,HAR-RV
2017-04-06,0.00559876206648513,VNQ,HAR-RV
2017-04-07,0.0054668747328960755,VNQ,HAR-RV
2017-04-10,0.005749575253628738,VNQ,HAR-RV
2017-04-11,0.005160979313655244,VNQ,HAR-RV
2017-04-12,0.00553664073574345,VNQ,HAR-RV
2017-04-13,0.005784929734056979,VNQ,HAR-RV
2017-04-17,0.00536988949166299,VNQ,HAR-RV
2017-04-18,0.005438946307403952,VNQ,HAR-RV
2017-04-19,0.006219964224250487,VNQ,HAR-RV
2017-04-20,0.00550778436085656,VNQ,HAR-RV
2017-04-21,0.00513941381150821,VNQ,HAR-RV
2017-04-24,0.004953793632751826,VNQ,HAR-RV
2017-04-25,0.005296755340405828,VNQ,HAR-RV
2017-04-26,0.005856221716690842,VNQ,HAR-RV
2017-04-27,0.0054232241686824004,VNQ,HAR-RV
2017-04-28,0.005843027937100228,VNQ,HAR-RV
2017-05-01,0.005581423152529623,VNQ,HAR-RV
2017-05-02,0.006243941283959201,VNQ,HAR-RV
2017-05-03,0.00580859252908747,VNQ,HAR-RV
2017-05-04,0.00563991843906483,VNQ,HAR-RV
2017-05-05,0.006450692629911013,VNQ,HAR-RV
2017-05-08,0.006170575605970277,VNQ,HAR-RV
2017-05-09,0.006504908928444871,VNQ,HAR-RV
2017-05-10,0.006509270765099152,VNQ,HAR-RV
2017-05-11,0.006538293868606446,VNQ,HAR-RV
2017-05-12,0.006626109688552803,VNQ,HAR-RV
2017-05-15,0.006482390272931384,VNQ,HAR-RV
2017-05-16,0.006240707490015747,VNQ,HAR-RV
2017-05-17,0.006128729374075009,VNQ,HAR-RV
2017-05-18,0.006422586097962331,VNQ,HAR-RV
2017-05-19,0.006121074914518772,VNQ,HAR-RV
2017-05-22,0.006249306875784084,VNQ,HAR-RV
2017-05-23,0.00634974052223174,VNQ,HAR-RV
2017-05-24,0.006332791198626286,VNQ,HAR-RV
2017-05-25,0.006018426084872016,VNQ,HAR-RV
2017-05-26,0.006358673514107901,VNQ,HAR-RV
2017-05-30,0.005673376732579604,VNQ,HAR-RV
2017-05-31,0.005998995371038418,VNQ,HAR-RV
2017-06-01,0.006029196466855999,VNQ,HAR-RV
2017-06-02,0.0056551954178050215,VNQ,HAR-RV
2017-06-05,0.0057579678971121165,VNQ,HAR-RV
2017-06-06,0.006348648535113235,VNQ,HAR-RV
2017-06-07,0.005827206884610145,VNQ,HAR-RV
2017-06-08,0.00576539133129474,VNQ,HAR-RV
2017-06-09,0.0058981743984042306,VNQ,HAR-RV
2017-06-12,0.005651743015257754,VNQ,HAR-RV
2017-06-13,0.0057911609369712905,VNQ,HAR-RV
2017-06-14,0.005936423451798421,VNQ,HAR-RV
2017-06-15,0.005581288188510884,VNQ,HAR-RV
2017-06-16,0.005391536294830853,VNQ,HAR-RV
2017-06-19,0.0055996456930177225,VNQ,HAR-RV
2017-06-20,0.005313700629649488,VNQ,HAR-RV
2017-06-21,0.004963433953873744,VNQ,HAR-RV
2017-06-22,0.004894478186435925,VNQ,HAR-RV
2017-06-23,0.004802041611937442,VNQ,HAR-RV
2017-06-26,0.004598435974798435,VNQ,HAR-RV
2017-06-27,0.004796726726888597,VNQ,HAR-RV
2017-06-28,0.005103837226889823,VNQ,HAR-RV
2017-06-29,0.0054335513322372395,VNQ,HAR-RV
2017-06-30,0.005192589065261075,VNQ,HAR-RV
2017-07-03,0.005732215083116112,VNQ,HAR-RV
2017-07-05,0.005318223109464228,VNQ,HAR-RV
2017-07-06,0.006208219593763141,VNQ,HAR-RV
2017-07-07,0.006783401497738274,VNQ,HAR-RV
2017-07-10,0.007672751597988463,VNQ,HAR-RV
2017-07-11,0.006988263154139498,VNQ,HAR-RV
2017-07-12,0.007237523963130558,VNQ,HAR-RV
2017-07-13,0.006714397940234628,VNQ,HAR-RV
2017-07-14,0.007122117163195949,VNQ,HAR-RV
2017-07-17,0.006160320837828738,VNQ,HAR-RV
2017-07-18,0.006668010703119259,VNQ,HAR-RV
2017-07-19,0.006687765597309327,VNQ,HAR-RV
2017-07-20,0.00644318218618435,VNQ,HAR-RV
2017-07-21,0.006602107920600418,VNQ,HAR-RV
2017-07-24,0.006628490487376945,VNQ,HAR-RV
2017-07-25,0.0061740489263535855,VNQ,HAR-RV
2017-07-26,0.00600308209411126,VNQ,HAR-RV
2017-07-27,0.005981244081873204,VNQ,HAR-RV
2017-07-28,0.0061534711596060426,VNQ,HAR-RV
2017-07-31,0.005638841841778347,VNQ,HAR-RV
2017-08-01,0.005636935111298506,VNQ,HAR-RV
2017-08-02,0.0055488188098502,VNQ,HAR-RV
2017-08-03,0.005740589600338805,VNQ,HAR-RV
2017-08-04,0.006064874254192607,VNQ,HAR-RV
2017-08-07,0.005670747889797576,VNQ,HAR-RV
2017-08-08,0.0055328428539223075,VNQ,HAR-RV
2017-08-09,0.005108169327883519,VNQ,HAR-RV
2017-08-10,0.004935081695089737,VNQ,HAR-RV
2017-08-11,0.004624442814760068,VNQ,HAR-RV
2017-08-14,0.004937535210833026,VNQ,HAR-RV
2017-08-15,0.005040032508002671,VNQ,HAR-RV
2017-08-16,0.0057108521520563916,VNQ,HAR-RV
2017-08-17,0.0059789431253551295,VNQ,HAR-RV
2017-08-18,0.005894853060748547,VNQ,HAR-RV
2017-08-21,0.005914708612082591,VNQ,HAR-RV
2017-08-22,0.00620961163301443,VNQ,HAR-RV
2017-08-23,0.00583402530986861,VNQ,HAR-RV
2017-08-24,0.006283169127119281,VNQ,HAR-RV
2017-08-25,0.006442123992304056,VNQ,HAR-RV
2017-08-28,0.006607104781706752,VNQ,HAR-RV
2017-08-29,0.0061218363889178765,VNQ,HAR-RV
2017-08-30,0.005814385399442141,VNQ,HAR-RV
2017-08-31,0.006011673193709905,VNQ,HAR-RV
2017-09-01,0.005480938836776811,VNQ,HAR-RV
2017-09-05,0.005660673796852859,VNQ,HAR-RV
2017-09-06,0.005647607271801637,VNQ,HAR-RV
2017-09-07,0.00524555199767166,VNQ,HAR-RV
2017-09-08,0.005370470567706306,VNQ,HAR-RV
2017-09-11,0.0051642630349926525,VNQ,HAR-RV
2017-09-12,0.005196545039817722,VNQ,HAR-RV
2017-09-13,0.005106798777968712,VNQ,HAR-RV
2017-09-14,0.0056440281817107096,VNQ,HAR-RV
2017-09-15,0.006409164508743721,VNQ,HAR-RV
2017-09-18,0.00595667827686316,VNQ,HAR-RV
2017-09-19,0.006616557744327683,VNQ,HAR-RV
2017-09-20,0.0060022502644600665,VNQ,HAR-RV
2017-09-21,0.005456982426126426,VNQ,HAR-RV
2017-09-22,0.005712451189885623,VNQ,HAR-RV
2017-09-25,0.00518695482366785,VNQ,HAR-RV
2017-09-26,0.005175779248086708,VNQ,HAR-RV
2017-09-27,0.005201015054562203,VNQ,HAR-RV
2017-09-28,0.005220081369250212,VNQ,HAR-RV
2017-09-29,0.004920594272322185,VNQ,HAR-RV
2017-10-02,0.005646426472433906,VNQ,HAR-RV
2017-10-03,0.005731828717808248,VNQ,HAR-RV
2017-10-04,0.005416502697697085,VNQ,HAR-RV
2017-10-05,0.00532521803676948,VNQ,HAR-RV
2017-10-06,0.0045101940093539485,VNQ,HAR-RV
2017-10-09,0.0045776147120258496,VNQ,HAR-RV
2017-10-10,0.004647319203063687,VNQ,HAR-RV
2017-10-11,0.004778119997273736,VNQ,HAR-RV
2017-10-12,0.004895411465199537,VNQ,HAR-RV
2017-10-13,0.004665031833502154,VNQ,HAR-RV
2017-10-16,0.0045680357704386,VNQ,HAR-RV
2017-10-17,0.004937926994014427,VNQ,HAR-RV
2017-10-18,0.004660892147930817,VNQ,HAR-RV
2017-10-19,0.004934404989935887,VNQ,HAR-RV
2017-10-20,0.004675609075153596,VNQ,HAR-RV
2017-10-23,0.00416687315747621,VNQ,HAR-RV
2017-10-24,0.004179540771851872,VNQ,HAR-RV
2017-10-25,0.004339273706582224,VNQ,HAR-RV
2017-10-26,0.004352112213953301,VNQ,HAR-RV
2017-10-27,0.004739791421504389,VNQ,HAR-RV
2017-10-30,0.00462639170008288,VNQ,HAR-RV
2017-10-31,0.004888852061474434,VNQ,HAR-RV
2017-11-01,0.00513882929298067,VNQ,HAR-RV
2017-11-02,0.004894901400215418,VNQ,HAR-RV
2017-11-03,0.004559645062862538,VNQ,HAR-RV
2017-11-06,0.00414661287220369,VNQ,HAR-RV
2017-11-07,0.004908635193870222,VNQ,HAR-RV
2017-11-08,0.00488496610303131,VNQ,HAR-RV
2017-11-09,0.005181390784038065,VNQ,HAR-RV
2017-11-10,0.005483188305089365,VNQ,HAR-RV
2017-11-13,0.005332887460698676,VNQ,HAR-RV
2017-11-14,0.0052269121479202405,VNQ,HAR-RV
2017-11-15,0.004803825160980921,VNQ,HAR-RV
2017-11-16,0.004835997255766669,VNQ,HAR-RV
2017-11-17,0.004566320410292205,VNQ,HAR-RV
2017-11-20,0.005060643097621076,VNQ,HAR-RV
2017-11-21,0.0054526009807870125,VNQ,HAR-RV
2017-11-22,0.005429190717592328,VNQ,HAR-RV
2017-11-24,0.005402547528501108,VNQ,HAR-RV
2017-11-27,0.00530833089028914,VNQ,HAR-RV
2017-11-28,0.005049016186233657,VNQ,HAR-RV
2017-11-29,0.004888914127932204,VNQ,HAR-RV
2017-11-30,0.005010177124186768,VNQ,HAR-RV
2017-12-01,0.004818639902407407,VNQ,HAR-RV
2017-12-04,0.004735461567899654,VNQ,HAR-RV
2017-12-05,0.004691742685030368,VNQ,HAR-RV
2017-12-06,0.004499500045368594,VNQ,HAR-RV
2017-12-07,0.0045682409168076935,VNQ,HAR-RV
2017-12-08,0.005117434598678464,VNQ,HAR-RV
2017-12-11,0.005146555095080285,VNQ,HAR-RV
2017-12-12,0.0051293119779246546,VNQ,HAR-RV
2017-12-13,0.005161372377718785,VNQ,HAR-RV
2017-12-14,0.004543566687547961,VNQ,HAR-RV
2017-12-15,0.004688354354630024,VNQ,HAR-RV
2017-12-18,0.00471288297988266,VNQ,HAR-RV
2017-12-19,0.004438763844804115,VNQ,HAR-RV
2017-12-20,0.00525505515622515,VNQ,HAR-RV
2017-12-21,0.006049143002279019,VNQ,HAR-RV
2017-12-22,0.006549822501973926,VNQ,HAR-RV
2017-12-26,0.006845688284036372,VNQ,HAR-RV
2017-12-27,0.006780451727002003,VNQ,HAR-RV
2017-12-28,0.006492142774277436,VNQ,HAR-RV
2017-12-29,0.005446997237182756,VNQ,HAR-RV
2018-01-02,0.005037783024548672,VNQ,HAR-RV
2018-01-03,0.004976231391719873,VNQ,HAR-RV
2018-01-04,0.004644998965986356,VNQ,HAR-RV
2018-01-05,0.004605032997016689,VNQ,HAR-RV
2018-01-08,0.004424597123510764,VNQ,HAR-RV
2018-01-09,0.004929044697531813,VNQ,HAR-RV
2018-01-10,0.005170229354725436,VNQ,HAR-RV
2018-01-11,0.005245713841925388,VNQ,HAR-RV
2018-01-12,0.005532201830760655,VNQ,HAR-RV
2018-01-16,0.005001260050833938,VNQ,HAR-RV
2018-01-17,0.005063738938696719,VNQ,HAR-RV
2018-01-18,0.005153781081472596,VNQ,HAR-RV
2018-01-19,0.004724961943730134,VNQ,HAR-RV
2018-01-22,0.004356565019672116,VNQ,HAR-RV
2018-01-23,0.004799472370528798,VNQ,HAR-RV
2018-01-24,0.005062720026122401,VNQ,HAR-RV
2018-01-25,0.005823968534430379,VNQ,HAR-RV
2018-01-26,0.005763207330757333,VNQ,HAR-RV
2018-01-29,0.0051224359619623855,VNQ,HAR-RV
2018-01-30,0.005238457233674667,VNQ,HAR-RV
2018-01-31,0.0053474507109225475,VNQ,HAR-RV
2018-02-01,0.005287851258053599,VNQ,HAR-RV
2018-02-02,0.006919419145429678,VNQ,HAR-RV
2018-02-05,0.00817498156107745,VNQ,HAR-RV
2018-02-06,0.010216513065649602,VNQ,HAR-RV
2018-02-07,0.009364630529911247,VNQ,HAR-RV
2018-02-08,0.00964947848894641,VNQ,HAR-RV
2018-02-09,0.010773295674388447,VNQ,HAR-RV
2018-02-12,0.01183139512542186,VNQ,HAR-RV
2018-02-13,0.012043248977692328,VNQ,HAR-RV
2018-02-14,0.009942005032336066,VNQ,HAR-RV
2018-02-15,0.010174010732773135,VNQ,HAR-RV
2018-02-16,0.010403007129352809,VNQ,HAR-RV
2018-02-20,0.008849263252042258,VNQ,HAR-RV
2018-02-21,0.00807662622770108,VNQ,HAR-RV
2018-02-22,0.009668654603851724,VNQ,HAR-RV
2018-02-23,0.010952202973355404,VNQ,HAR-RV
2018-02-26,0.011463345211410013,VNQ,HAR-RV
2018-02-27,0.011270567948424006,VNQ,HAR-RV
2018-02-28,0.012127436024036122,VNQ,HAR-RV
2018-03-01,0.011772535866127073,VNQ,HAR-RV
2018-03-02,0.01062869574541723,VNQ,HAR-RV
2018-03-05,0.008910209376649948,VNQ,HAR-RV
2018-03-06,0.008187402941082287,VNQ,HAR-RV
2018-03-07,0.008223655449308889,VNQ,HAR-RV
2018-03-08,0.006776925102905716,VNQ,HAR-RV
2018-03-09,0.006808981514119973,VNQ,HAR-RV
2018-03-12,0.006536437304218429,VNQ,HAR-RV
2018-03-13,0.006810333300126999,VNQ,HAR-RV
2018-03-14,0.00610370863946769,VNQ,HAR-RV
2018-03-15,0.0054780952032322024,VNQ,HAR-RV
2018-03-16,0.004688941387892077,VNQ,HAR-RV
2018-03-19,0.004600769817447175,VNQ,HAR-RV
2018-03-20,0.0047189829650149985,VNQ,HAR-RV
2018-03-21,0.005017757799099424,VNQ,HAR-RV
2018-03-22,0.005308142225988541,VNQ,HAR-RV
2018-03-23,0.005780625694397459,VNQ,HAR-RV
2018-03-26,0.0062911096671946914,VNQ,HAR-RV
2018-03-27,0.007086983402860302,VNQ,HAR-RV
2018-03-28,0.007346140501488133,VNQ,HAR-RV
2018-03-29,0.007666292134792036,VNQ,HAR-RV
2018-04-02,0.008338957842743454,VNQ,HAR-RV
2018-04-03,0.009292479547952584,VNQ,HAR-RV
2018-04-04,0.008097746192463754,VNQ,HAR-RV
2018-04-05,0.008212600392674428,VNQ,HAR-RV
2018-04-06,0.008619854289357671,VNQ,HAR-RV
2018-04-09,0.006816406876023072,VNQ,HAR-RV
2018-04-10,0.007020210437311794,VNQ,HAR-RV
2018-04-11,0.006228598415972346,VNQ,HAR-RV
2018-04-12,0.005617764821683694,VNQ,HAR-RV
2018-04-13,0.004877395341861287,VNQ,HAR-RV
2018-04-16,0.005462489216108965,VNQ,HAR-RV
2018-04-17,0.0055946232102548525,VNQ,HAR-RV
2018-04-18,0.005927059107615479,VNQ,HAR-RV
2018-04-19,0.006634638928421213,VNQ,HAR-RV
2018-04-20,0.0071895153673052405,VNQ,HAR-RV
2018-04-23,0.006839540411894155,VNQ,HAR-RV
2018-04-24,0.0075133731120014,VNQ,HAR-RV
2018-04-25,0.007387648338775905,VNQ,HAR-RV
2018-04-26,0.00649771826548283,VNQ,HAR-RV
2018-04-27,0.0064748315282626865,VNQ,HAR-RV
2018-04-30,0.006004061049425942,VNQ,HAR-RV
2018-05-01,0.006599965700953839,VNQ,HAR-RV
2018-05-02,0.007130254845829403,VNQ,HAR-RV
2018-05-03,0.007407907680496091,VNQ,HAR-RV
2018-05-04,0.007538706706875599,VNQ,HAR-RV
2018-05-07,0.006653136727573563,VNQ,HAR-RV
2018-05-08,0.005824968129523884,VNQ,HAR-RV
2018-05-09,0.006255613432542835,VNQ,HAR-RV
2018-05-10,0.005969903189242867,VNQ,HAR-RV
2018-05-11,0.006185283162005438,VNQ,HAR-RV
2018-05-14,0.006776128916857017,VNQ,HAR-RV
2018-05-15,0.006375712181189077,VNQ,HAR-RV
2018-05-16,0.006380816844304251,VNQ,HAR-RV
2018-05-17,0.007058927539634758,VNQ,HAR-RV
2018-05-18,0.007240992414529695,VNQ,HAR-RV
2018-05-21,0.006857197509794149,VNQ,HAR-RV
2018-05-22,0.006885398242185815,VNQ,HAR-RV
2018-05-23,0.006623649031191538,VNQ,HAR-RV
2018-05-24,0.005949324047205868,VNQ,HAR-RV
2018-05-25,0.006081117760947413,VNQ,HAR-RV
2018-05-29,0.006232862224169368,VNQ,HAR-RV
2018-05-30,0.006332615016367438,VNQ,HAR-RV
2018-05-31,0.00567714501623798,VNQ,HAR-RV
2018-06-01,0.006146114965842537,VNQ,HAR-RV
2018-06-04,0.006063778370659496,VNQ,HAR-RV
2018-06-05,0.0061430010348636765,VNQ,HAR-RV
2018-06-06,0.006257861454682474,VNQ,HAR-RV
2018-06-07,0.006500225465631276,VNQ,HAR-RV
2018-06-08,0.0055765101548110475,VNQ,HAR-RV
2018-06-11,0.005336270329969382,VNQ,HAR-RV
2018-06-12,0.00502621713024092,VNQ,HAR-RV
2018-06-13,0.004527043149811614,VNQ,HAR-RV
2018-06-14,0.004748792622142369,VNQ,HAR-RV
2018-06-15,0.005803771990870842,VNQ,HAR-RV
2018-06-18,0.00661714706925134,VNQ,HAR-RV
2018-06-19,0.006289960246465844,VNQ,HAR-RV
2018-06-20,0.006088571747214639,VNQ,HAR-RV
2018-06-21,0.005856350684436443,VNQ,HAR-RV
2018-06-22,0.005382828511372099,VNQ,HAR-RV
2018-06-25,0.005169045802768989,VNQ,HAR-RV
2018-06-26,0.005576439973261389,VNQ,HAR-RV
2018-06-27,0.005670228310716818,VNQ,HAR-RV
2018-06-28,0.005786480255434493,VNQ,HAR-RV
2018-06-29,0.005477112419391113,VNQ,HAR-RV
2018-07-02,0.005655639498735144,VNQ,HAR-RV
2018-07-03,0.005295217127255671,VNQ,HAR-RV
2018-07-05,0.00545547396123525,VNQ,HAR-RV
2018-07-06,0.005725395359880059,VNQ,HAR-RV
2018-07-09,0.006093830032741908,VNQ,HAR-RV
2018-07-10,0.006069665875626054,VNQ,HAR-RV
2018-07-11,0.006350914077130475,VNQ,HAR-RV
2018-07-12,0.0062687651347253515,VNQ,HAR-RV
2018-07-13,0.0060502619414638005,VNQ,HAR-RV
2018-07-16,0.005639345726376035,VNQ,HAR-RV
2018-07-17,0.0054830598144177956,VNQ,HAR-RV
2018-07-18,0.0051126974302199615,VNQ,HAR-RV
2018-07-19,0.005247124387375224,VNQ,HAR-RV
2018-07-20,0.005398295722715459,VNQ,HAR-RV
2018-07-23,0.00591447926683629,VNQ,HAR-RV
2018-07-24,0.006336087278593366,VNQ,HAR-RV
2018-07-25,0.006007908887780864,VNQ,HAR-RV
2018-07-26,0.005994986660785261,VNQ,HAR-RV
2018-07-27,0.006119409220597911,VNQ,HAR-RV
2018-07-30,0.005842660819789822,VNQ,HAR-RV
2018-07-31,0.005994638516153453,VNQ,HAR-RV
2018-08-01,0.006035291396746474,VNQ,HAR-RV
2018-08-02,0.006387855205321428,VNQ,HAR-RV
2018-08-03,0.006580432527372169,VNQ,HAR-RV
2018-08-06,0.00667363031863987,VNQ,HAR-RV
2018-08-07,0.006571831228716203,VNQ,HAR-RV
2018-08-08,0.006525574217230233,VNQ,HAR-RV
2018-08-09,0.005944608320892442,VNQ,HAR-RV
2018-08-10,0.005752077598525524,VNQ,HAR-RV
2018-08-13,0.005660689236328072,VNQ,HAR-RV
2018-08-14,0.005460865475554482,VNQ,HAR-RV
2018-08-15,0.005560686010493446,VNQ,HAR-RV
2018-08-16,0.005695762855870057,VNQ,HAR-RV
2018-08-17,0.005787265795018165,VNQ,HAR-RV
2018-08-20,0.006118990652051685,VNQ,HAR-RV
2018-08-21,0.006235073836699064,VNQ,HAR-RV
2018-08-22,0.006142500927326761,VNQ,HAR-RV
2018-08-23,0.006015087653733736,VNQ,HAR-RV
2018-08-24,0.005992934720386981,VNQ,HAR-RV
2018-08-27,0.0057989056044751,VNQ,HAR-RV
2018-08-28,0.0055404610700490724,VNQ,HAR-RV
2018-08-29,0.005734510076367985,VNQ,HAR-RV
2018-08-30,0.005828176293740616,VNQ,HAR-RV
2018-08-31,0.005982409466123278,VNQ,HAR-RV
2018-09-04,0.005784955604762471,VNQ,HAR-RV
2018-09-05,0.005767631014859771,VNQ,HAR-RV
2018-09-06,0.005996122669650864,VNQ,HAR-RV
2018-09-07,0.005790534793352706,VNQ,HAR-RV
2018-09-10,0.006075126425080929,VNQ,HAR-RV
2018-09-11,0.0061180373037030885,VNQ,HAR-RV
2018-09-12,0.006319104174232892,VNQ,HAR-RV
2018-09-13,0.005951797944860641,VNQ,HAR-RV
2018-09-14,0.005615032056461762,VNQ,HAR-RV
2018-09-17,0.005627756242407354,VNQ,HAR-RV
2018-09-18,0.005445379884720849,VNQ,HAR-RV
2018-09-19,0.005434548001341698,VNQ,HAR-RV
2018-09-20,0.005574120352036782,VNQ,HAR-RV
2018-09-21,0.005857222203020169,VNQ,HAR-RV
2018-09-24,0.00619256193206528,VNQ,HAR-RV
2018-09-25,0.006272204392719348,VNQ,HAR-RV
2018-09-26,0.006159939962194183,VNQ,HAR-RV
2018-09-27,0.006965419253118539,VNQ,HAR-RV
2018-09-28,0.006358035161306519,VNQ,HAR-RV
2018-10-01,0.006696672509848411,VNQ,HAR-RV
2018-10-02,0.006782687715326266,VNQ,HAR-RV
2018-10-03,0.006752532770159917,VNQ,HAR-RV
2018-10-04,0.007315617594925395,VNQ,HAR-RV
2018-10-05,0.006757941933743013,VNQ,HAR-RV
2018-10-08,0.006982551945712719,VNQ,HAR-RV
2018-10-09,0.006934035312668015,VNQ,HAR-RV
2018-10-10,0.006194248790746844,VNQ,HAR-RV
2018-10-11,0.007224750831856492,VNQ,HAR-RV
2018-10-12,0.006632783705944898,VNQ,HAR-RV
2018-10-15,0.00678799570898282,VNQ,HAR-RV
2018-10-16,0.00897303796624482,VNQ,HAR-RV
2018-10-17,0.008553846702715001,VNQ,HAR-RV
2018-10-18,0.008433807985816855,VNQ,HAR-RV
2018-10-19,0.00911992544647059,VNQ,HAR-RV
2018-10-22,0.007965877134532968,VNQ,HAR-RV
2018-10-23,0.007728723465973234,VNQ,HAR-RV
2018-10-24,0.007645130219955786,VNQ,HAR-RV
2018-10-25,0.007770016397553739,VNQ,HAR-RV
2018-10-26,0.007545980252477634,VNQ,HAR-RV
2018-10-29,0.008192002993341408,VNQ,HAR-RV
2018-10-30,0.008372032306844477,VNQ,HAR-RV
2018-10-31,0.009312827988967782,VNQ,HAR-RV
2018-11-01,0.009696174747642752,VNQ,HAR-RV
2018-11-02,0.009768409531319616,VNQ,HAR-RV
2018-11-05,0.009935380619619892,VNQ,HAR-RV
2018-11-06,0.009071992737269136,VNQ,HAR-RV
2018-11-07,0.00871370709578373,VNQ,HAR-RV
2018-11-08,0.009189761624698364,VNQ,HAR-RV
2018-11-09,0.008390724203706741,VNQ,HAR-RV
2018-11-12,0.008718937084092094,VNQ,HAR-RV
2018-11-13,0.008014842486866418,VNQ,HAR-RV
2018-11-14,0.006939896319980763,VNQ,HAR-RV
2018-11-15,0.006646344925595946,VNQ,HAR-RV
2018-11-16,0.006072754976969852,VNQ,HAR-RV
2018-11-19,0.006158055555154634,VNQ,HAR-RV
2018-11-20,0.006350787249067288,VNQ,HAR-RV
2018-11-21,0.007077734731439925,VNQ,HAR-RV
2018-11-23,0.006808620975854357,VNQ,HAR-RV
2018-11-26,0.007350535805502639,VNQ,HAR-RV
2018-11-27,0.00687544012621775,VNQ,HAR-RV
2018-11-28,0.00623169578298239,VNQ,HAR-RV
2018-11-29,0.006248979337286273,VNQ,HAR-RV
2018-11-30,0.005629182494548443,VNQ,HAR-RV
2018-12-03,0.006402975104102322,VNQ,HAR-RV
2018-12-04,0.00592813719562662,VNQ,HAR-RV
2018-12-06,0.006649647632903993,VNQ,HAR-RV
2018-12-07,0.006960942585316244,VNQ,HAR-RV
2018-12-10,0.007687992539477574,VNQ,HAR-RV
2018-12-11,0.009009904288422145,VNQ,HAR-RV
2018-12-12,0.008877910825474766,VNQ,HAR-RV
2018-12-13,0.009148639247969879,VNQ,HAR-RV
2018-12-14,0.008380562962554683,VNQ,HAR-RV
2018-12-17,0.007641175021929275,VNQ,HAR-RV
2018-12-18,0.007295489942343426,VNQ,HAR-RV
2018-12-19,0.007349407034334243,VNQ,HAR-RV
2018-12-20,0.009673465848274374,VNQ,HAR-RV
2018-12-21,0.009440432917055956,VNQ,HAR-RV
2018-12-24,0.010029002532569014,VNQ,HAR-RV
2018-12-26,0.01235749374445607,VNQ,HAR-RV
2018-12-27,0.012201913015683649,VNQ,HAR-RV
2018-12-28,0.013452584785053722,VNQ,HAR-RV
2018-12-31,0.01262692474936041,VNQ,HAR-RV
2019-01-02,0.010990082345952291,VNQ,HAR-RV
2019-01-03,0.01082099291473849,VNQ,HAR-RV
2019-01-04,0.0088311278717146,VNQ,HAR-RV
2019-01-07,0.007504591071218789,VNQ,HAR-RV
2019-01-08,0.00840629829358559,VNQ,HAR-RV
2019-01-09,0.00947200313588754,VNQ,HAR-RV
2019-01-10,0.01008628794511673,VNQ,HAR-RV
2019-01-11,0.008909033665203644,VNQ,HAR-RV
2019-01-14,0.008905777923806485,VNQ,HAR-RV
2019-01-15,0.008427309702357161,VNQ,HAR-RV
2019-01-16,0.008036482381051249,VNQ,HAR-RV
2019-01-17,0.007012973088343555,VNQ,HAR-RV
2019-01-18,0.007472308320931775,VNQ,HAR-RV
2019-01-22,0.006549931340218905,VNQ,HAR-RV
2019-01-23,0.006346801889219581,VNQ,HAR-RV
2019-01-24,0.0061702173048996485,VNQ,HAR-RV
2019-01-25,0.005365422220669842,VNQ,HAR-RV
2019-01-28,0.0052258022784275404,VNQ,HAR-RV
2019-01-29,0.005732440308886864,VNQ,HAR-RV
2019-01-30,0.006520812368587703,VNQ,HAR-RV
2019-01-31,0.0070237711633872445,VNQ,HAR-RV
2019-02-01,0.007668403556370261,VNQ,HAR-RV
2019-02-04,0.008152266647873994,VNQ,HAR-RV
2019-02-05,0.007722577868887432,VNQ,HAR-RV
2019-02-06,0.007547941191106746,VNQ,HAR-RV
2019-02-07,0.007412555403787942,VNQ,HAR-RV
2019-02-08,0.007305724496341662,VNQ,HAR-RV
2019-02-11,0.007101373159816895,VNQ,HAR-RV
2019-02-12,0.006711001192530888,VNQ,HAR-RV
2019-02-13,0.006379146941804692,VNQ,HAR-RV
2019-02-14,0.006405442150556644,VNQ,HAR-RV
2019-02-15,0.00628681869501856,VNQ,HAR-RV
2019-02-19,0.005927486573881728,VNQ,HAR-RV
2019-02-20,0.00633516734132104,VNQ,HAR-RV
2019-02-21,0.006228450421912803,VNQ,HAR-RV
2019-02-22,0.006097925786410546,VNQ,HAR-RV
2019-02-25,0.005801800642676468,VNQ,HAR-RV
2019-02-26,0.00592962188620795,VNQ,HAR-RV
2019-02-27,0.005979327910855101,VNQ,HAR-RV
2019-02-28,0.006192459772033709,VNQ,HAR-RV
2019-03-01,0.006054434442584517,VNQ,HAR-RV
2019-03-04,0.006051405740862951,VNQ,HAR-RV
2019-03-05,0.005847835960843068,VNQ,HAR-RV
2019-03-06,0.0056080336826963536,VNQ,HAR-RV
2019-03-07,0.00551121305988821,VNQ,HAR-RV
2019-03-08,0.0054698784939464125,VNQ,HAR-RV
2019-03-11,0.005327263515728748,VNQ,HAR-RV
2019-03-12,0.005322866506857138,VNQ,HAR-RV
2019-03-13,0.006190541015124433,VNQ,HAR-RV
2019-03-14,0.006172016135746996,VNQ,HAR-RV
2019-03-15,0.006163156403898246,VNQ,HAR-RV
2019-03-18,0.006031618290472425,VNQ,HAR-RV
2019-03-19,0.006156915512919387,VNQ,HAR-RV
2019-03-20,0.005494377251191101,VNQ,HAR-RV
2019-03-21,0.005298535646182698,VNQ,HAR-RV
2019-03-22,0.005311487989253524,VNQ,HAR-RV
2019-03-25,0.00682036067756779,VNQ,HAR-RV
2019-03-26,0.00682695384020471,VNQ,HAR-RV
2019-03-27,0.006502021081753372,VNQ,HAR-RV
2019-03-28,0.006886145429580602,VNQ,HAR-RV
2019-03-29,0.006826072441200224,VNQ,HAR-RV
2019-04-01,0.006295858778874871,VNQ,HAR-RV
2019-04-02,0.005691493028502216,VNQ,HAR-RV
2019-04-03,0.005654901748439225,VNQ,HAR-RV
2019-04-04,0.005640182385315856,VNQ,HAR-RV
2019-04-05,0.0054046003322773765,VNQ,HAR-RV
2019-04-08,0.0048255382875078395,VNQ,HAR-RV
2019-04-09,0.005340605367575021,VNQ,HAR-RV
2019-04-10,0.0057142359001743975,VNQ,HAR-RV
2019-04-11,0.005628728086071221,VNQ,HAR-RV
2019-04-12,0.006187899313068392,VNQ,HAR-RV
2019-04-15,0.006020280695743558,VNQ,HAR-RV
2019-04-16,0.0058431183971741725,VNQ,HAR-RV
2019-04-17,0.005971772931971903,VNQ,HAR-RV
2019-04-18,0.007597798749319978,VNQ,HAR-RV
2019-04-22,0.007484170722720287,VNQ,HAR-RV
2019-04-23,0.00802283578668055,VNQ,HAR-RV
2019-04-24,0.00868660763693591,VNQ,HAR-RV
2019-04-25,0.009290808912896829,VNQ,HAR-RV
2019-04-26,0.007919686466475078,VNQ,HAR-RV
2019-04-29,0.007303323380175535,VNQ,HAR-RV
2019-04-30,0.007466503106198712,VNQ,HAR-RV
2019-05-01,0.007437047377214261,VNQ,HAR-RV
2019-05-02,0.007140638174188082,VNQ,HAR-RV
2019-05-03,0.006412921855272106,VNQ,HAR-RV
2019-05-06,0.006346974636052066,VNQ,HAR-RV
2019-05-07,0.006588427250642558,VNQ,HAR-RV
2019-05-08,0.006077948623787458,VNQ,HAR-RV
2019-05-09,0.006931020047906461,VNQ,HAR-RV
2019-05-10,0.006786813888202775,VNQ,HAR-RV
2019-05-13,0.006951030518619063,VNQ,HAR-RV
2019-05-14,0.007143110357023356,VNQ,HAR-RV
2019-05-15,0.006855720021055133,VNQ,HAR-RV
2019-05-16,0.005666070672669391,VNQ,HAR-RV
2019-05-17,0.006118365512014478,VNQ,HAR-RV
2019-05-20,0.006242042943913516,VNQ,HAR-RV
2019-05-21,0.0055700133838511865,VNQ,HAR-RV
2019-05-22,0.006534167779911008,VNQ,HAR-RV
2019-05-23,0.0070415008547963336,VNQ,HAR-RV
2019-05-24,0.006744548099021625,VNQ,HAR-RV
2019-05-28,0.006566290627986159,VNQ,HAR-RV
2019-05-29,0.006695173686417619,VNQ,HAR-RV
2019-05-30,0.006291273595872714,VNQ,HAR-RV
2019-05-31,0.006637302867544428,VNQ,HAR-RV
2019-06-03,0.0068491873020902014,VNQ,HAR-RV
2019-06-04,0.007093523508823247,VNQ,HAR-RV
2019-06-05,0.007035756717557398,VNQ,HAR-RV
2019-06-06,0.006625683470875346,VNQ,HAR-RV
2019-06-07,0.00694067629375529,VNQ,HAR-RV
2019-06-10,0.007098369280181838,VNQ,HAR-RV
2019-06-11,0.006861476146876224,VNQ,HAR-RV
2019-06-12,0.006946398802373352,VNQ,HAR-RV
2019-06-13,0.006802756319598627,VNQ,HAR-RV
2019-06-14,0.0053097491469413175,VNQ,HAR-RV
2019-06-17,0.005456966729042253,VNQ,HAR-RV
2019-06-18,0.005293504561309638,VNQ,HAR-RV
2019-06-19,0.00568565757036528,VNQ,HAR-RV
2019-06-20,0.0057133293096292845,VNQ,HAR-RV
2019-06-21,0.005770930243406211,VNQ,HAR-RV
2019-06-24,0.00591144861212572,VNQ,HAR-RV
2019-06-25,0.006855804432769817,VNQ,HAR-RV
2019-06-26,0.006583102616880984,VNQ,HAR-RV
2019-06-27,0.007672407309252929,VNQ,HAR-RV
2019-06-28,0.009009914302257453,VNQ,HAR-RV
2019-07-01,0.009683431670535004,VNQ,HAR-RV
2019-07-02,0.00854093161568932,VNQ,HAR-RV
2019-07-03,0.008513516807086738,VNQ,HAR-RV
2019-07-05,0.008735687390934003,VNQ,HAR-RV
2019-07-08,0.007990877597865986,VNQ,HAR-RV
2019-07-09,0.007207095040659697,VNQ,HAR-RV
2019-07-10,0.007228467585788782,VNQ,HAR-RV
2019-07-11,0.007465403734856397,VNQ,HAR-RV
2019-07-12,0.006546616720084588,VNQ,HAR-RV
2019-07-15,0.006593918361110052,VNQ,HAR-RV
2019-07-16,0.006403093411477575,VNQ,HAR-RV
2019-07-17,0.006133790454400473,VNQ,HAR-RV
2019-07-18,0.006023284206430194,VNQ,HAR-RV
2019-07-19,0.005754093818920208,VNQ,HAR-RV
2019-07-22,0.0047965236355171715,VNQ,HAR-RV
2019-07-23,0.005993750363925354,VNQ,HAR-RV
2019-07-24,0.0061312864594444535,VNQ,HAR-RV
2019-07-25,0.006762380884991964,VNQ,HAR-RV
2019-07-26,0.006682783437724205,VNQ,HAR-RV
2019-07-29,0.007122113873551927,VNQ,HAR-RV
2019-07-30,0.006102799279279918,VNQ,HAR-RV
2019-07-31,0.006246346420573176,VNQ,HAR-RV
2019-08-01,0.0059506975793535265,VNQ,HAR-RV
2019-08-02,0.006195344735053234,VNQ,HAR-RV
2019-08-05,0.00570492461030688,VNQ,HAR-RV
2019-08-06,0.005813357114716975,VNQ,HAR-RV
2019-08-07,0.007398372613459636,VNQ,HAR-RV
2019-08-08,0.007619034509198358,VNQ,HAR-RV
2019-08-09,0.008145898647222547,VNQ,HAR-RV
2019-08-12,0.009511910325530205,VNQ,HAR-RV
2019-08-13,0.008962996098408192,VNQ,HAR-RV
2019-08-14,0.007617330144416833,VNQ,HAR-RV
2019-08-15,0.006964499642523706,VNQ,HAR-RV
2019-08-16,0.007537382591009758,VNQ,HAR-RV
2019-08-19,0.006930220567603191,VNQ,HAR-RV
2019-08-20,0.007606871926312954,VNQ,HAR-RV
2019-08-21,0.00787687668955075,VNQ,HAR-RV
2019-08-22,0.008269727641466013,VNQ,HAR-RV
2019-08-23,0.007399537143719978,VNQ,HAR-RV
2019-08-26,0.0069798924915675,VNQ,HAR-RV
2019-08-27,0.0075938160651100916,VNQ,HAR-RV
2019-08-28,0.00736322354959329,VNQ,HAR-RV
2019-08-29,0.00684684709166358,VNQ,HAR-RV
2019-08-30,0.006779605640053707,VNQ,HAR-RV
2019-09-03,0.007171140450026598,VNQ,HAR-RV
2019-09-04,0.005977274948142224,VNQ,HAR-RV
2019-09-05,0.006562237411482671,VNQ,HAR-RV
2019-09-06,0.006856954577728382,VNQ,HAR-RV
2019-09-09,0.007079964369625865,VNQ,HAR-RV
2019-09-10,0.006399391686984969,VNQ,HAR-RV
2019-09-11,0.0068548920177851965,VNQ,HAR-RV
2019-09-12,0.007165537704927153,VNQ,HAR-RV
2019-09-13,0.006096145875914767,VNQ,HAR-RV
2019-09-16,0.006180576078705256,VNQ,HAR-RV
2019-09-17,0.007089473810141164,VNQ,HAR-RV
2019-09-18,0.007201866185761975,VNQ,HAR-RV
2019-09-19,0.007396914524135673,VNQ,HAR-RV
2019-09-20,0.0070736773293343085,VNQ,HAR-RV
2019-09-23,0.006889223654129713,VNQ,HAR-RV
2019-09-24,0.0058434356091976985,VNQ,HAR-RV
2019-09-25,0.005446867204033443,VNQ,HAR-RV
2019-09-26,0.004853688701149464,VNQ,HAR-RV
2019-09-27,0.004763469869223284,VNQ,HAR-RV
2019-09-30,0.005566307889671125,VNQ,HAR-RV
2019-10-01,0.005720196687800953,VNQ,HAR-RV
2019-10-02,0.005541242015540211,VNQ,HAR-RV
2019-10-03,0.006491129819081466,VNQ,HAR-RV
2019-10-04,0.006351211008741679,VNQ,HAR-RV
2019-10-07,0.0067412722070644155,VNQ,HAR-RV
2019-10-08,0.006547180788821381,VNQ,HAR-RV
2019-10-09,0.006337603666310951,VNQ,HAR-RV
2019-10-10,0.006207991797820504,VNQ,HAR-RV
2019-10-11,0.005776246322729531,VNQ,HAR-RV
2019-10-14,0.005160256741760288,VNQ,HAR-RV
2019-10-15,0.004655234064449369,VNQ,HAR-RV
2019-10-16,0.004510262432644869,VNQ,HAR-RV
2019-10-17,0.004210586036121917,VNQ,HAR-RV
2019-10-18,0.00400991421512092,VNQ,HAR-RV
2019-10-21,0.004722869874450001,VNQ,HAR-RV
2019-10-22,0.005382672422835794,VNQ,HAR-RV
2019-10-23,0.005852026405607127,VNQ,HAR-RV
2019-10-24,0.005618190180551746,VNQ,HAR-RV
2019-10-25,0.0056819207011726824,VNQ,HAR-RV
2019-10-28,0.005484165286262281,VNQ,HAR-RV
2019-10-29,0.005967355180071936,VNQ,HAR-RV
2019-10-30,0.005686596253386574,VNQ,HAR-RV
2019-10-31,0.005905863022475377,VNQ,HAR-RV
2019-11-01,0.005762423977669088,VNQ,HAR-RV
2019-11-04,0.005479803988003892,VNQ,HAR-RV
2019-11-05,0.004761601398820059,VNQ,HAR-RV
2019-11-06,0.00531054167507556,VNQ,HAR-RV
2019-11-07,0.006385621855159662,VNQ,HAR-RV
2019-11-08,0.005727550157347997,VNQ,HAR-RV
2019-11-11,0.006658965756101369,VNQ,HAR-RV
2019-11-12,0.006282056635365604,VNQ,HAR-RV
2019-11-13,0.006033619644652661,VNQ,HAR-RV
2019-11-14,0.0057870637212514755,VNQ,HAR-RV
2019-11-15,0.006303150456522132,VNQ,HAR-RV
2019-11-18,0.006103436947782698,VNQ,HAR-RV
2019-11-19,0.006139205627764702,VNQ,HAR-RV
2019-11-20,0.006170218855146041,VNQ,HAR-RV
2019-11-21,0.005517181534700717,VNQ,HAR-RV
2019-11-22,0.005191415107244396,VNQ,HAR-RV
2019-11-25,0.0056729393759540735,VNQ,HAR-RV
2019-11-26,0.005746215995423976,VNQ,HAR-RV
2019-11-27,0.005764429536219049,VNQ,HAR-RV
2019-11-29,0.005855650053263252,VNQ,HAR-RV
2019-12-02,0.005923330714814873,VNQ,HAR-RV
2019-12-03,0.005885407934326077,VNQ,HAR-RV
2019-12-04,0.006186026373729924,VNQ,HAR-RV
2019-12-05,0.006136108964674502,VNQ,HAR-RV
2019-12-06,0.005870939432517939,VNQ,HAR-RV
2019-12-09,0.005741175511618893,VNQ,HAR-RV
2019-12-10,0.005667545153856329,VNQ,HAR-RV
2019-12-11,0.005589665534918989,VNQ,HAR-RV
2019-12-12,0.00582139661738326,VNQ,HAR-RV
2019-12-13,0.0061952151001890615,VNQ,HAR-RV
2019-12-16,0.006236316674280644,VNQ,HAR-RV
2019-12-17,0.005581763387113644,VNQ,HAR-RV
2019-12-18,0.005946113398000618,VNQ,HAR-RV
2019-12-19,0.006106049944247603,VNQ,HAR-RV
2019-12-20,0.006262877070629769,VNQ,HAR-RV
2019-12-23,0.0061520190315207356,VNQ,HAR-RV
2019-12-24,0.005993914257259928,VNQ,HAR-RV
2019-12-26,0.005934304397205245,VNQ,HAR-RV
2019-12-27,0.005778800877968115,VNQ,HAR-RV
2019-12-30,0.005769438334585828,VNQ,HAR-RV
2019-12-31,0.0055972736332606885,VNQ,HAR-RV
2020-01-02,0.005538102938973415,VNQ,HAR-RV
2020-01-03,0.005884057037921212,VNQ,HAR-RV
2020-01-06,0.0061096779359274675,VNQ,HAR-RV
2020-01-07,0.0058544094568124165,VNQ,HAR-RV
2020-01-08,0.005670486359909347,VNQ,HAR-RV
2020-01-09,0.006099832987689545,VNQ,HAR-RV
2020-01-10,0.005726271687862792,VNQ,HAR-RV
2020-01-13,0.005631233922806336,VNQ,HAR-RV
2020-01-14,0.005969819622638927,VNQ,HAR-RV
2020-01-15,0.006108317894333436,VNQ,HAR-RV
2020-01-16,0.0058095082410155804,VNQ,HAR-RV
2020-01-17,0.006052120396652275,VNQ,HAR-RV
2020-01-21,0.005911080828100446,VNQ,HAR-RV
2020-01-22,0.005698875853752444,VNQ,HAR-RV
2020-01-23,0.006087772665425044,VNQ,HAR-RV
2020-01-24,0.005959334646148992,VNQ,HAR-RV
2020-01-27,0.006031575223255977,VNQ,HAR-RV
2020-01-28,0.005853830225667648,VNQ,HAR-RV
2020-01-29,0.005879538587631497,VNQ,HAR-RV
2020-01-30,0.005903283993423715,VNQ,HAR-RV
2020-01-31,0.005899568779724012,VNQ,HAR-RV
2020-02-03,0.005960630618919662,VNQ,HAR-RV
2020-02-04,0.006261770483424354,VNQ,HAR-RV
2020-02-05,0.006006808491422143,VNQ,HAR-RV
2020-02-06,0.00613452861090006,VNQ,HAR-RV
2020-02-07,0.005814994120010301,VNQ,HAR-RV
2020-02-10,0.005840608153667102,VNQ,HAR-RV
2020-02-11,0.005974975480962399,VNQ,HAR-RV
2020-02-12,0.006305279879521774,VNQ,HAR-RV
2020-02-13,0.006176398320397434,VNQ,HAR-RV
2020-02-14,0.006048651483153219,VNQ,HAR-RV
2020-02-18,0.0060861145030938575,VNQ,HAR-RV
2020-02-19,0.00601274442271528,VNQ,HAR-RV
2020-02-20,0.005919582553048472,VNQ,HAR-RV
2020-02-21,0.0062336754390871175,VNQ,HAR-RV
2020-02-24,0.006071062350547735,VNQ,HAR-RV
2020-02-25,0.005957325351484702,VNQ,HAR-RV
2020-02-26,0.006565169188197474,VNQ,HAR-RV
2020-02-27,0.007567149905745394,VNQ,HAR-RV
2020-02-28,0.009112666563143927,VNQ,HAR-RV
2020-03-02,0.01677502617499734,VNQ,HAR-RV
2020-03-03,0.022461646004009447,VNQ,HAR-RV
2020-03-04,0.02024368639911942,VNQ,HAR-RV
2020-03-05,0.02200654694094313,VNQ,HAR-RV
2020-03-06,0.023558650808271568,VNQ,HAR-RV
2020-03-09,0.01916826383103055,VNQ,HAR-RV
2020-03-10,0.02803198575777656,VNQ,HAR-RV
2020-03-11,0.034786861201653654,VNQ,HAR-RV
2020-03-12,0.04884583001694655,VNQ,HAR-RV
2020-03-13,0.06794281343956908,VNQ,HAR-RV
2020-03-16,0.08585786755825678,VNQ,HAR-RV
2020-03-17,0.13527391488110793,VNQ,HAR-RV
2020-03-18,0.10661250450759302,VNQ,HAR-RV
2020-03-19,0.14360804133919078,VNQ,HAR-RV
2020-03-20,0.10476694836590708,VNQ,HAR-RV
2020-03-23,0.07166349813132433,VNQ,HAR-RV
2020-03-24,0.0629400061819324,VNQ,HAR-RV
2020-03-25,0.06571426035948394,VNQ,HAR-RV
2020-03-26,0.06623629445895939,VNQ,HAR-RV
2020-03-27,0.06140360483844778,VNQ,HAR-RV
2020-03-30,0.05485058655064055,VNQ,HAR-RV
2020-03-31,0.03531117939494841,VNQ,HAR-RV
2020-04-01,0.03236605792119856,VNQ,HAR-RV
2020-04-02,0.03249562619039965,VNQ,HAR-RV
2020-04-03,0.03274914531597744,VNQ,HAR-RV
2020-04-06,0.01584863828934529,VNQ,HAR-RV
2020-04-07,0.026854361811734815,VNQ,HAR-RV
2020-04-08,0.03482294275845954,VNQ,HAR-RV
2020-04-09,0.03261250537515746,VNQ,HAR-RV
2020-04-13,0.03768682876276593,VNQ,HAR-RV
2020-04-14,0.04391652022990128,VNQ,HAR-RV
2020-04-15,0.04574562910226078,VNQ,HAR-RV
2020-04-16,0.038282762882892285,VNQ,HAR-RV
2020-04-17,0.04195443804826412,VNQ,HAR-RV
2020-04-20,0.031430493907641834,VNQ,HAR-RV
2020-04-21,0.029751013215571838,VNQ,HAR-RV
2020-04-22,0.028998944289559715,VNQ,HAR-RV
2020-04-23,0.026064411093239172,VNQ,HAR-RV
2020-04-24,0.021794290123259064,VNQ,HAR-RV
2020-04-27,0.02030539241375213,VNQ,HAR-RV
2020-04-28,0.016385560019895266,VNQ,HAR-RV
2020-04-29,0.01765119004226205,VNQ,HAR-RV
2020-04-30,0.014282247163681401,VNQ,HAR-RV
2020-05-01,0.014703320334608139,VNQ,HAR-RV
2020-05-04,0.01524151216143639,VNQ,HAR-RV
2020-05-05,0.020796920208261245,VNQ,HAR-RV
2020-05-06,0.014491818955198835,VNQ,HAR-RV
2020-05-07,0.014092911379449234,VNQ,HAR-RV
2020-05-08,0.015428670982175968,VNQ,HAR-RV
2020-05-11,0.015489907070170866,VNQ,HAR-RV
2020-05-12,0.0145730238396116,VNQ,HAR-RV
2020-05-13,0.01551311765493046,VNQ,HAR-RV
2020-05-14,0.02353368958993898,VNQ,HAR-RV
2020-05-15,0.022813779286999993,VNQ,HAR-RV
2020-05-18,0.019608027754313945,VNQ,HAR-RV
2020-05-19,0.017206076206466886,VNQ,HAR-RV
2020-05-20,0.026301606774010333,VNQ,HAR-RV
2020-05-21,0.019181580360064038,VNQ,HAR-RV
2020-05-22,0.01650686123113925,VNQ,HAR-RV
2020-05-26,0.015561682081481603,VNQ,HAR-RV
2020-05-27,0.017704185997368442,VNQ,HAR-RV
2020-05-28,0.01611695704845959,VNQ,HAR-RV
2020-05-29,0.016071189107431508,VNQ,HAR-RV
2020-06-01,0.014605512074366975,VNQ,HAR-RV
2020-06-02,0.016222271093680244,VNQ,HAR-RV
2020-06-03,0.018245989405978838,VNQ,HAR-RV
2020-06-04,0.013444799981046265,VNQ,HAR-RV
2020-06-05,0.01628991452049577,VNQ,HAR-RV
2020-06-08,0.016164239268135934,VNQ,HAR-RV
2020-06-09,0.021463598587328804,VNQ,HAR-RV
2020-06-10,0.021100863570592446,VNQ,HAR-RV
2020-06-11,0.022058477430275093,VNQ,HAR-RV
2020-06-12,0.021901629392776664,VNQ,HAR-RV
2020-06-15,0.03231236908016612,VNQ,HAR-RV
2020-06-16,0.03027302732873413,VNQ,HAR-RV
2020-06-17,0.027567498532551932,VNQ,HAR-RV
2020-06-18,0.028103935376287838,VNQ,HAR-RV
2020-06-19,0.026080679150221293,VNQ,HAR-RV
2020-06-22,0.01797630600076399,VNQ,HAR-RV
2020-06-23,0.015302457987062734,VNQ,HAR-RV
2020-06-24,0.012497139714634136,VNQ,HAR-RV
2020-06-25,0.010778124602208235,VNQ,HAR-RV
2020-06-26,0.014418508493542821,VNQ,HAR-RV
2020-06-29,0.013552333086125717,VNQ,HAR-RV
2020-06-30,0.014687686751747406,VNQ,HAR-RV
2020-07-01,0.017202833702930513,VNQ,HAR-RV
2020-07-02,0.017814612099964176,VNQ,HAR-RV
2020-07-06,0.017544575896541924,VNQ,HAR-RV
2020-07-07,0.014791701072478335,VNQ,HAR-RV
2020-07-08,0.011993843824371755,VNQ,HAR-RV
2020-07-09,0.013283338413536228,VNQ,HAR-RV
2020-07-10,0.010556682175609435,VNQ,HAR-RV
2020-07-13,0.008475506308624097,VNQ,HAR-RV
2020-07-14,0.00833250869301887,VNQ,HAR-RV
2020-07-15,0.010401824836250668,VNQ,HAR-RV
2020-07-16,0.008384292229778894,VNQ,HAR-RV
2020-07-17,0.009566126416098122,VNQ,HAR-RV
2020-07-20,0.010534674186999885,VNQ,HAR-RV
2020-07-21,0.01196958870139391,VNQ,HAR-RV
2020-07-22,0.01190136929527044,VNQ,HAR-RV
2020-07-23,0.010520159745581358,VNQ,HAR-RV
2020-07-24,0.0119662702941261,VNQ,HAR-RV
2020-07-27,0.01021580572413765,VNQ,HAR-RV
2020-07-28,0.009662002566724767,VNQ,HAR-RV
2020-07-29,0.009440343649940425,VNQ,HAR-RV
2020-07-30,0.01253968990148163,VNQ,HAR-RV
2020-07-31,0.01307975738076296,VNQ,HAR-RV
2020-08-03,0.012536955033446796,VNQ,HAR-RV
2020-08-04,0.011458472063551854,VNQ,HAR-RV
2020-08-05,0.012696284195897576,VNQ,HAR-RV
2020-08-06,0.012129089381472969,VNQ,HAR-RV
2020-08-07,0.009537685859107078,VNQ,HAR-RV
2020-08-10,0.008615644150193637,VNQ,HAR-RV
2020-08-11,0.011126126086393889,VNQ,HAR-RV
2020-08-12,0.008754554519479046,VNQ,HAR-RV
2020-08-13,0.0094789390199503,VNQ,HAR-RV
2020-08-14,0.009925531715447548,VNQ,HAR-RV
2020-08-17,0.011521272688447293,VNQ,HAR-RV
2020-08-18,0.008826018225683727,VNQ,HAR-RV
2020-08-19,0.010202662617460017,VNQ,HAR-RV
2020-08-20,0.008715856558829593,VNQ,HAR-RV
2020-08-21,0.010566210735824711,VNQ,HAR-RV
2020-08-24,0.009690909986755763,VNQ,HAR-RV
2020-08-25,0.009430516023784785,VNQ,HAR-RV
2020-08-26,0.009404861549554226,VNQ,HAR-RV
2020-08-27,0.008868671482488438,VNQ,HAR-RV
2020-08-28,0.008109775513558699,VNQ,HAR-RV
2020-08-31,0.009091725552276449,VNQ,HAR-RV
2020-09-01,0.009328480947409496,VNQ,HAR-RV
2020-09-02,0.010019648302936843,VNQ,HAR-RV
2020-09-03,0.009295671087931083,VNQ,HAR-RV
2020-09-04,0.01161667463734884,VNQ,HAR-RV
2020-09-08,0.010885754499371054,VNQ,HAR-RV
2020-09-09,0.01037178951265753,VNQ,HAR-RV
2020-09-10,0.011095870116937006,VNQ,HAR-RV
2020-09-11,0.012276629280933192,VNQ,HAR-RV
2020-09-14,0.011565655794666662,VNQ,HAR-RV
2020-09-15,0.010373989891903352,VNQ,HAR-RV
2020-09-16,0.014045551691308951,VNQ,HAR-RV
2020-09-17,0.013319468898171826,VNQ,HAR-RV
2020-09-18,0.012374678410271036,VNQ,HAR-RV
2020-09-21,0.014209716685900504,VNQ,HAR-RV
2020-09-22,0.016967100815560444,VNQ,HAR-RV
2020-09-23,0.01827377482456262,VNQ,HAR-RV
2020-09-24,0.01744680967655792,VNQ,HAR-RV
2020-09-25,0.02187437153242465,VNQ,HAR-RV
2020-09-28,0.01869398013783391,VNQ,HAR-RV
2020-09-29,0.01908391316927114,VNQ,HAR-RV
2020-09-30,0.017600956823134308,VNQ,HAR-RV
2020-10-01,0.01627256503326976,VNQ,HAR-RV
2020-10-02,0.012249031864150146,VNQ,HAR-RV
2020-10-05,0.015093294722305308,VNQ,HAR-RV
2020-10-06,0.014437261994446756,VNQ,HAR-RV
2020-10-07,0.011824807786863751,VNQ,HAR-RV
2020-10-08,0.011694500746631437,VNQ,HAR-RV
2020-10-09,0.011285529424572732,VNQ,HAR-RV
2020-10-12,0.011518142069509733,VNQ,HAR-RV
2020-10-13,0.009035925333418657,VNQ,HAR-RV
2020-10-14,0.008952290155759789,VNQ,HAR-RV
2020-10-15,0.011082317742328138,VNQ,HAR-RV
2020-10-16,0.012362054402019087,VNQ,HAR-RV
2020-10-19,0.010401568738385195,VNQ,HAR-RV
2020-10-20,0.011013903191170078,VNQ,HAR-RV
2020-10-21,0.012972165769828403,VNQ,HAR-RV
2020-10-22,0.011033644845676736,VNQ,HAR-RV
2020-10-23,0.009439888479397652,VNQ,HAR-RV
2020-10-26,0.008575386221517056,VNQ,HAR-RV
2020-10-27,0.008635327114768724,VNQ,HAR-RV
2020-10-28,0.008938772831739777,VNQ,HAR-RV
2020-10-29,0.010430103630329104,VNQ,HAR-RV
2020-10-30,0.013798006211905927,VNQ,HAR-RV
2020-11-02,0.0151137139116417,VNQ,HAR-RV
2020-11-03,0.014982909897589162,VNQ,HAR-RV
2020-11-04,0.01718608612459787,VNQ,HAR-RV
2020-11-05,0.017316161298986003,VNQ,HAR-RV
2020-11-06,0.013278246979038968,VNQ,HAR-RV
2020-11-09,0.012171554484509715,VNQ,HAR-RV
2020-11-10,0.012425772724185932,VNQ,HAR-RV
2020-11-11,0.015292053180951365,VNQ,HAR-RV
2020-11-12,0.013730500083787657,VNQ,HAR-RV
2020-11-13,0.01352785811713554,VNQ,HAR-RV
2020-11-16,0.015215019068341168,VNQ,HAR-RV
2020-11-17,0.01855683993440069,VNQ,HAR-RV
2020-11-18,0.014454620398721547,VNQ,HAR-RV
2020-11-19,0.01211975283788849,VNQ,HAR-RV
2020-11-20,0.01517677352241656,VNQ,HAR-RV
2020-11-23,0.013173554390381212,VNQ,HAR-RV
2020-11-24,0.010236831522485966,VNQ,HAR-RV
2020-11-25,0.008763504148717856,VNQ,HAR-RV
2020-11-27,0.009520050617084544,VNQ,HAR-RV
2020-11-30,0.006548561240059337,VNQ,HAR-RV
2020-12-01,0.006782927335646764,VNQ,HAR-RV
2020-12-02,0.007821500876157522,VNQ,HAR-RV
2020-12-03,0.009510779517300411,VNQ,HAR-RV
2020-12-04,0.009639810585786654,VNQ,HAR-RV
2020-12-07,0.010825907984271816,VNQ,HAR-RV
2020-12-08,0.012681896456162977,VNQ,HAR-RV
2020-12-09,0.012091736753352232,VNQ,HAR-RV
2020-12-10,0.010479977784281292,VNQ,HAR-RV
2020-12-11,0.010360356287129729,VNQ,HAR-RV
2020-12-14,0.009605428468526444,VNQ,HAR-RV
2020-12-15,0.0073875912091530115,VNQ,HAR-RV
2020-12-16,0.007094986615847374,VNQ,HAR-RV
2020-12-17,0.010134381187175325,VNQ,HAR-RV
2020-12-18,0.008563364437207718,VNQ,HAR-RV
2020-12-21,0.009768893027070078,VNQ,HAR-RV
2020-12-22,0.01300386918268806,VNQ,HAR-RV
2020-12-23,0.012521124484487273,VNQ,HAR-RV
2020-12-24,0.010690472084097779,VNQ,HAR-RV
2020-12-28,0.011444219563589526,VNQ,HAR-RV
2020-12-29,0.0114326944219101,VNQ,HAR-RV
2020-12-30,0.00921968270297907,VNQ,HAR-RV
2020-12-31,0.009764723831724668,VNQ,HAR-RV
2021-01-04,0.009398757607822,VNQ,HAR-RV
2021-01-05,0.010237473996419338,VNQ,HAR-RV
2021-01-06,0.014614899590983142,VNQ,HAR-RV
2021-01-07,0.012669146949753844,VNQ,HAR-RV
2021-01-08,0.011579792859386753,VNQ,HAR-RV
2021-01-11,0.01106886941326192,VNQ,HAR-RV
2021-01-12,0.011454534303351988,VNQ,HAR-RV
2021-01-13,0.008799083102324108,VNQ,HAR-RV
2021-01-14,0.008451507784031729,VNQ,HAR-RV
2021-01-15,0.01039690583528555,VNQ,HAR-RV
2021-01-19,0.010658068605638588,VNQ,HAR-RV
2021-01-20,0.011087550093492753,VNQ,HAR-RV
2021-01-21,0.009330332496965849,VNQ,HAR-RV
2021-01-22,0.012312541266097956,VNQ,HAR-RV
2021-01-25,0.010505986201955185,VNQ,HAR-RV
2021-01-26,0.009881961957133837,VNQ,HAR-RV
2021-01-27,0.009270748740483713,VNQ,HAR-RV
2021-01-28,0.009877048255881109,VNQ,HAR-RV
2021-01-29,0.01010181592564529,VNQ,HAR-RV
2021-02-01,0.009746893208399715,VNQ,HAR-RV
2021-02-02,0.011362637359329335,VNQ,HAR-RV
2021-02-03,0.01407605848006379,VNQ,HAR-RV
2021-02-04,0.012960917685194298,VNQ,HAR-RV
2021-02-05,0.010225024341983557,VNQ,HAR-RV
2021-02-08,0.010569732292149185,VNQ,HAR-RV
2021-02-09,0.009179013228379728,VNQ,HAR-RV
2021-02-10,0.007029117105695725,VNQ,HAR-RV
2021-02-11,0.006844510354838138,VNQ,HAR-RV
2021-02-12,0.0078023805415636084,VNQ,HAR-RV
2021-02-16,0.0077881921458967576,VNQ,HAR-RV
2021-02-17,0.008542929420087868,VNQ,HAR-RV
2021-02-18,0.006952028134956616,VNQ,HAR-RV
2021-02-19,0.007046044473096434,VNQ,HAR-RV
2021-02-22,0.006717611328007906,VNQ,HAR-RV
2021-02-23,0.00764673782486067,VNQ,HAR-RV
2021-02-24,0.007772982710210613,VNQ,HAR-RV
2021-02-25,0.008238820546833316,VNQ,HAR-RV
2021-02-26,0.00805621262120268,VNQ,HAR-RV
2021-03-01,0.007848010392517627,VNQ,HAR-RV
2021-03-02,0.008906536922458668,VNQ,HAR-RV
2021-03-03,0.00982175489094539,VNQ,HAR-RV
2021-03-04,0.00922761713105307,VNQ,HAR-RV
2021-03-05,0.008991910713194303,VNQ,HAR-RV
2021-03-08,0.008542879907309682,VNQ,HAR-RV
2021-03-09,0.008209820717479577,VNQ,HAR-RV
2021-03-10,0.00895592888588531,VNQ,HAR-RV
2021-03-11,0.009162287666007896,VNQ,HAR-RV
2021-03-12,0.009693650654786131,VNQ,HAR-RV
2021-03-15,0.009704419365462756,VNQ,HAR-RV
2021-03-16,0.010389954597140426,VNQ,HAR-RV
2021-03-17,0.01081372655297045,VNQ,HAR-RV
2021-03-18,0.010637193708260108,VNQ,HAR-RV
2021-03-19,0.010009642743393105,VNQ,HAR-RV
2021-03-22,0.009829544079104047,VNQ,HAR-RV
2021-03-23,0.009567722646391346,VNQ,HAR-RV
2021-03-24,0.008886319573836399,VNQ,HAR-RV
2021-03-25,0.008685137800284438,VNQ,HAR-RV
2021-03-26,0.00894687277442184,VNQ,HAR-RV
2021-03-29,0.009028283200488417,VNQ,HAR-RV
2021-03-30,0.009731654482166343,VNQ,HAR-RV
2021-03-31,0.009464929331305553,VNQ,HAR-RV
2021-04-01,0.009311200654185704,VNQ,HAR-RV
2021-04-05,0.00930123229798645,VNQ,HAR-RV
2021-04-06,0.010027031789458633,VNQ,HAR-RV
2021-04-07,0.008565298201581823,VNQ,HAR-RV
2021-04-08,0.008095722713770521,VNQ,HAR-RV
2021-04-09,0.007827483666593787,VNQ,HAR-RV
2021-04-12,0.007543584666343848,VNQ,HAR-RV
2021-04-13,0.006021185072765703,VNQ,HAR-RV
2021-04-14,0.006205779953507174,VNQ,HAR-RV
2021-04-15,0.006166239253234681,VNQ,HAR-RV
2021-04-16,0.006447714480965899,VNQ,HAR-RV
2021-04-19,0.008156783449613805,VNQ,HAR-RV
2021-04-20,0.007615430500496659,VNQ,HAR-RV
2021-04-21,0.007283020864657645,VNQ,HAR-RV
2021-04-22,0.007741837626883476,VNQ,HAR-RV
2021-04-23,0.007696473214540625,VNQ,HAR-RV
2021-04-26,0.00666693936196987,VNQ,HAR-RV
2021-04-27,0.007012311579276308,VNQ,HAR-RV
2021-04-28,0.006837109739508722,VNQ,HAR-RV
2021-04-29,0.005875124898527858,VNQ,HAR-RV
2021-04-30,0.0054295437651180785,VNQ,HAR-RV
2021-05-03,0.005909057121184024,VNQ,HAR-RV
2021-05-04,0.005615792811270546,VNQ,HAR-RV
2021-05-05,0.005351923096353345,VNQ,HAR-RV
2021-05-06,0.006409716342476482,VNQ,HAR-RV
2021-05-07,0.00835798589220635,VNQ,HAR-RV
2021-05-10,0.007502939656603432,VNQ,HAR-RV
2021-05-11,0.00873910121499087,VNQ,HAR-RV
2021-05-12,0.00828823508376465,VNQ,HAR-RV
2021-05-13,0.00924773391128938,VNQ,HAR-RV
2021-05-14,0.009858346994734285,VNQ,HAR-RV
2021-05-17,0.010490227903120765,VNQ,HAR-RV
2021-05-18,0.010340882530957137,VNQ,HAR-RV
2021-05-19,0.010328387346614325,VNQ,HAR-RV
2021-05-20,0.009271891594028943,VNQ,HAR-RV
2021-05-21,0.0077221245075962015,VNQ,HAR-RV
2021-05-24,0.007484250313735581,VNQ,HAR-RV
2021-05-25,0.006802704293396534,VNQ,HAR-RV
2021-05-26,0.007537229609627592,VNQ,HAR-RV
2021-05-27,0.007701293326454133,VNQ,HAR-RV
2021-05-28,0.007781557244057649,VNQ,HAR-RV
2021-06-01,0.007025043028634929,VNQ,HAR-RV
2021-06-02,0.007634910182830268,VNQ,HAR-RV
2021-06-03,0.008018388977049356,VNQ,HAR-RV
2021-06-04,0.008734448174627471,VNQ,HAR-RV
2021-06-07,0.008688498995436039,VNQ,HAR-RV
2021-06-08,0.008459360026997424,VNQ,HAR-RV
2021-06-09,0.008994632416990132,VNQ,HAR-RV
2021-06-10,0.008184969478502876,VNQ,HAR-RV
2021-06-11,0.007323454918967436,VNQ,HAR-RV
2021-06-14,0.007623372906418863,VNQ,HAR-RV
2021-06-15,0.007801209367641182,VNQ,HAR-RV
2021-06-16,0.0072044366230686425,VNQ,HAR-RV
2021-06-17,0.007440879945467382,VNQ,HAR-RV
2021-06-18,0.007734658742060126,VNQ,HAR-RV
2021-06-21,0.007378875942641471,VNQ,HAR-RV
2021-06-22,0.008759044491948078,VNQ,HAR-RV
2021-06-23,0.010002506800003771,VNQ,HAR-RV
2021-06-24,0.009178358911281425,VNQ,HAR-RV
2021-06-25,0.008642505457060535,VNQ,HAR-RV
2021-06-28,0.008696560684650682,VNQ,HAR-RV
2021-06-29,0.008043739193481038,VNQ,HAR-RV
2021-06-30,0.0066271293306584605,VNQ,HAR-RV
2021-07-01,0.006399458012718554,VNQ,HAR-RV
2021-07-02,0.006695388407215569,VNQ,HAR-RV
2021-07-06,0.006775808471386133,VNQ,HAR-RV
2021-07-07,0.0064628624755812426,VNQ,HAR-RV
2021-07-08,0.006864469236320921,VNQ,HAR-RV
2021-07-09,0.006774849898890538,VNQ,HAR-RV
2021-07-12,0.006688207913605213,VNQ,HAR-RV
2021-07-13,0.008012031286942011,VNQ,HAR-RV
2021-07-14,0.008245321122462396,VNQ,HAR-RV
2021-07-15,0.00890797223676018,VNQ,HAR-RV
2021-07-16,0.008911241907497579,VNQ,HAR-RV
2021-07-19,0.008475229704926722,VNQ,HAR-RV
2021-07-20,0.007457216460459192,VNQ,HAR-RV
2021-07-21,0.0091013749537352,VNQ,HAR-RV
2021-07-22,0.009756301412016567,VNQ,HAR-RV
2021-07-23,0.008337061681191263,VNQ,HAR-RV
2021-07-26,0.009092894805183497,VNQ,HAR-RV
2021-07-27,0.009479054323839243,VNQ,HAR-RV
2021-07-28,0.007906670535605632,VNQ,HAR-RV
2021-07-29,0.006903920561790596,VNQ,HAR-RV
2021-07-30,0.006979474441497938,VNQ,HAR-RV
2021-08-02,0.006197832224741456,VNQ,HAR-RV
2021-08-03,0.0057255482439256605,VNQ,HAR-RV
2021-08-04,0.00575057770820598,VNQ,HAR-RV
2021-08-05,0.005320943709128901,VNQ,HAR-RV
2021-08-06,0.005536473509584007,VNQ,HAR-RV
2021-08-09,0.0067623712901160316,VNQ,HAR-RV
2021-08-10,0.006218935082717775,VNQ,HAR-RV
2021-08-11,0.006681344052969562,VNQ,HAR-RV
2021-08-12,0.007472974036191153,VNQ,HAR-RV
2021-08-13,0.007312108760242984,VNQ,HAR-RV
2021-08-16,0.006363418405857895,VNQ,HAR-RV
2021-08-17,0.00675843504771833,VNQ,HAR-RV
2021-08-18,0.006082435656445206,VNQ,HAR-RV
2021-08-19,0.005642688847208607,VNQ,HAR-RV
2021-08-20,0.006319540422909059,VNQ,HAR-RV
2021-08-23,0.006093288263113723,VNQ,HAR-RV
2021-08-24,0.006176514513250816,VNQ,HAR-RV
2021-08-25,0.005806567580041093,VNQ,HAR-RV
2021-08-26,0.006059301850058401,VNQ,HAR-RV
2021-08-27,0.005508308640407154,VNQ,HAR-RV
2021-08-30,0.005352666597437064,VNQ,HAR-RV
2021-08-31,0.0064242356385048,VNQ,HAR-RV
2021-09-01,0.006869776138239558,VNQ,HAR-RV
2021-09-02,0.006600042570068286,VNQ,HAR-RV
2021-09-03,0.008056100832836166,VNQ,HAR-RV
2021-09-07,0.007027362871715772,VNQ,HAR-RV
2021-09-08,0.006309650796112245,VNQ,HAR-RV
2021-09-09,0.007437482181557405,VNQ,HAR-RV
2021-09-10,0.0069392840649779896,VNQ,HAR-RV
2021-09-13,0.008834512038649083,VNQ,HAR-RV
2021-09-14,0.008593880762593691,VNQ,HAR-RV
2021-09-15,0.007800175834638073,VNQ,HAR-RV
2021-09-16,0.006898070648406315,VNQ,HAR-RV
2021-09-17,0.006882978558422341,VNQ,HAR-RV
2021-09-20,0.006322091694581271,VNQ,HAR-RV
2021-09-21,0.007240805860624569,VNQ,HAR-RV
2021-09-22,0.006795369241986805,VNQ,HAR-RV
2021-09-23,0.006141013225961917,VNQ,HAR-RV
2021-09-24,0.007280888460035318,VNQ,HAR-RV
2021-09-27,0.006484642571558136,VNQ,HAR-RV
2021-09-28,0.007490902059723153,VNQ,HAR-RV
2021-09-29,0.007867456662192508,VNQ,HAR-RV
2021-09-30,0.007543504221158844,VNQ,HAR-RV
2021-10-01,0.007568160956311372,VNQ,HAR-RV
2021-10-04,0.008721293659890859,VNQ,HAR-RV
2021-10-05,0.008240255518964106,VNQ,HAR-RV
2021-10-06,0.006909738227495336,VNQ,HAR-RV
2021-10-07,0.007544847341404372,VNQ,HAR-RV
2021-10-08,0.00782353067595842,VNQ,HAR-RV
2021-10-11,0.006771371082458976,VNQ,HAR-RV
2021-10-12,0.007253629047716389,VNQ,HAR-RV
2021-10-13,0.0067877790799071,VNQ,HAR-RV
2021-10-14,0.007714498858674947,VNQ,HAR-RV
2021-10-15,0.007195885757755218,VNQ,HAR-RV
2021-10-18,0.00749589814181292,VNQ,HAR-RV
2021-10-19,0.006599258717808892,VNQ,HAR-RV
2021-10-20,0.006532271463605518,VNQ,HAR-RV
2021-10-21,0.006501525902891222,VNQ,HAR-RV
2021-10-22,0.00787284353558023,VNQ,HAR-RV
2021-10-25,0.006574524295647073,VNQ,HAR-RV
2021-10-26,0.006872460902109183,VNQ,HAR-RV
2021-10-27,0.006765459177347282,VNQ,HAR-RV
2021-10-28,0.0067467297132558345,VNQ,HAR-RV
2021-10-29,0.00733737225608644,VNQ,HAR-RV
2021-11-01,0.00775565141972531,VNQ,HAR-RV
2021-11-02,0.007475017566963884,VNQ,HAR-RV
2021-11-03,0.006917758088030515,VNQ,HAR-RV
2021-11-04,0.006917844877857502,VNQ,HAR-RV
2021-11-05,0.006803557346965287,VNQ,HAR-RV
2021-11-08,0.007343612582888843,VNQ,HAR-RV
2021-11-09,0.006923936019011901,VNQ,HAR-RV
2021-11-10,0.006488897820436335,VNQ,HAR-RV
2021-11-11,0.006588375294333762,VNQ,HAR-RV
2021-11-12,0.006808999944786055,VNQ,HAR-RV
2021-11-15,0.006320963440994969,VNQ,HAR-RV
2021-11-16,0.006214225220952971,VNQ,HAR-RV
2021-11-17,0.006933217838885671,VNQ,HAR-RV
2021-11-18,0.00679241067441234,VNQ,HAR-RV
2021-11-19,0.006313572605989502,VNQ,HAR-RV
2021-11-22,0.005987433703125432,VNQ,HAR-RV
2021-11-23,0.00664170533573828,VNQ,HAR-RV
2021-11-24,0.0065353067213526125,VNQ,HAR-RV
2021-11-26,0.006960318768614603,VNQ,HAR-RV
2021-11-29,0.007823362926413637,VNQ,HAR-RV
2021-11-30,0.009850029958924575,VNQ,HAR-RV
2021-12-01,0.0077009210427449485,VNQ,HAR-RV
2021-12-02,0.00970413489693305,VNQ,HAR-RV
2021-12-03,0.011298714357241243,VNQ,HAR-RV
2021-12-06,0.012564059570262699,VNQ,HAR-RV
2021-12-07,0.008970230862037904,VNQ,HAR-RV
2021-12-08,0.010805940334589294,VNQ,HAR-RV
2021-12-09,0.009872624901287142,VNQ,HAR-RV
2021-12-10,0.00874228192158016,VNQ,HAR-RV
2021-12-13,0.007976052387471285,VNQ,HAR-RV
2021-12-14,0.006939748922918747,VNQ,HAR-RV
2021-12-15,0.00695689654210936,VNQ,HAR-RV
2021-12-16,0.0074016218119389455,VNQ,HAR-RV
2021-12-17,0.007158004089537407,VNQ,HAR-RV
2021-12-20,0.004726668831474031,VNQ,HAR-RV
2021-12-21,0.005074703019072838,VNQ,HAR-RV
2021-12-22,0.005861964871386458,VNQ,HAR-RV
2021-12-23,0.0062195187053108196,VNQ,HAR-RV
2021-12-27,0.005323454795537003,VNQ,HAR-RV
2021-12-28,0.005153699685343363,VNQ,HAR-RV
2021-12-29,0.007388918316130099,VNQ,HAR-RV
2021-12-30,0.005649998368821889,VNQ,HAR-RV
2021-12-31,0.0060287395037475055,VNQ,HAR-RV
2022-01-03,0.00546259005109119,VNQ,HAR-RV
2022-01-04,0.0057128890596258594,VNQ,HAR-RV
2022-01-05,0.005708327569437482,VNQ,HAR-RV
2022-01-06,0.005661876965815004,VNQ,HAR-RV
2022-01-07,0.008376882292465438,VNQ,HAR-RV
2022-01-10,0.006846835298052471,VNQ,HAR-RV
2022-01-11,0.007532700841103008,VNQ,HAR-RV
2022-01-12,0.00734563239595149,VNQ,HAR-RV
2022-01-13,0.007199877641207764,VNQ,HAR-RV
2022-01-14,0.005524060111945962,VNQ,HAR-RV
2022-01-18,0.005799048508602438,VNQ,HAR-RV
2022-01-19,0.006536977016872102,VNQ,HAR-RV
2022-01-20,0.007012337416256685,VNQ,HAR-RV
2022-01-21,0.007780378140761768,VNQ,HAR-RV
2022-01-24,0.008133460228488014,VNQ,HAR-RV
2022-01-25,0.007272529794437195,VNQ,HAR-RV
2022-01-26,0.006973569000324002,VNQ,HAR-RV
2022-01-27,0.006952820826261504,VNQ,HAR-RV
2022-01-28,0.00791721953754468,VNQ,HAR-RV
2022-01-31,0.00859278247735226,VNQ,HAR-RV
2022-02-01,0.011483868500433186,VNQ,HAR-RV
2022-02-02,0.00908356410528136,VNQ,HAR-RV
2022-02-03,0.00823909142108512,VNQ,HAR-RV
2022-02-04,0.009159871028217461,VNQ,HAR-RV
2022-02-07,0.008635557799302137,VNQ,HAR-RV
2022-02-08,0.007342754258861509,VNQ,HAR-RV
2022-02-09,0.006165786032887392,VNQ,HAR-RV
2022-02-10,0.006691745436153352,VNQ,HAR-RV
2022-02-11,0.009445662547853607,VNQ,HAR-RV
2022-02-14,0.010002557642227494,VNQ,HAR-RV
2022-02-15,0.007985467633870393,VNQ,HAR-RV
2022-02-16,0.008175524890916554,VNQ,HAR-RV
2022-02-17,0.008127182404692561,VNQ,HAR-RV
2022-02-18,0.0071203656085051595,VNQ,HAR-RV
2022-02-22,0.007367572163356434,VNQ,HAR-RV
2022-02-23,0.006554076942028276,VNQ,HAR-RV
2022-02-24,0.006146430973883819,VNQ,HAR-RV
2022-02-25,0.008403722582661468,VNQ,HAR-RV
2022-02-28,0.009443815339804689,VNQ,HAR-RV
2022-03-01,0.011197421972476689,VNQ,HAR-RV
2022-03-02,0.009702153870018972,VNQ,HAR-RV
2022-03-03,0.00879657470942733,VNQ,HAR-RV
2022-03-04,0.01077886128236136,VNQ,HAR-RV
2022-03-07,0.008864979405619521,VNQ,HAR-RV
2022-03-08,0.008166839838038635,VNQ,HAR-RV
2022-03-09,0.01029598880393388,VNQ,HAR-RV
2022-03-10,0.008515069216901148,VNQ,HAR-RV
2022-03-11,0.009530869247261133,VNQ,HAR-RV
2022-03-14,0.007863218131736759,VNQ,HAR-RV
2022-03-15,0.00857516866029155,VNQ,HAR-RV
2022-03-16,0.00804258579619508,VNQ,HAR-RV
2022-03-17,0.00795338060396512,VNQ,HAR-RV
2022-03-18,0.008634565453182653,VNQ,HAR-RV
2022-03-21,0.009319253555944648,VNQ,HAR-RV
2022-03-22,0.007143346840227127,VNQ,HAR-RV
2022-03-23,0.007753217770278082,VNQ,HAR-RV
2022-03-24,0.007233206938312627,VNQ,HAR-RV
2022-03-25,0.008255213140054896,VNQ,HAR-RV
2022-03-28,0.007537722420451696,VNQ,HAR-RV
2022-03-29,0.008621198437320485,VNQ,HAR-RV
2022-03-30,0.008736283558890372,VNQ,HAR-RV
2022-03-31,0.011463652992028384,VNQ,HAR-RV
2022-04-01,0.008887550905836528,VNQ,HAR-RV
2022-04-04,0.009902956791017126,VNQ,HAR-RV
2022-04-05,0.01073281137310639,VNQ,HAR-RV
2022-04-06,0.008840930775796741,VNQ,HAR-RV
2022-04-07,0.008276379999311629,VNQ,HAR-RV
2022-04-08,0.009132998628305843,VNQ,HAR-RV
2022-04-11,0.008816309382856435,VNQ,HAR-RV
2022-04-12,0.0074329964898889895,VNQ,HAR-RV
2022-04-13,0.00856143819598197,VNQ,HAR-RV
2022-04-14,0.00743026595327213,VNQ,HAR-RV
2022-04-18,0.0078062025349611265,VNQ,HAR-RV
2022-04-19,0.007295754614720169,VNQ,HAR-RV
2022-04-20,0.007422181391365704,VNQ,HAR-RV
2022-04-21,0.009651298958155892,VNQ,HAR-RV
2022-04-22,0.009642260793522778,VNQ,HAR-RV
2022-04-25,0.00874442215172228,VNQ,HAR-RV
2022-04-26,0.010247691065551786,VNQ,HAR-RV
2022-04-27,0.008843530292052133,VNQ,HAR-RV
2022-04-28,0.009990886099379693,VNQ,HAR-RV
2022-04-29,0.008888676761126901,VNQ,HAR-RV
2022-05-02,0.01091411988413233,VNQ,HAR-RV
2022-05-03,0.01655322897279127,VNQ,HAR-RV
2022-05-04,0.014233109776285401,VNQ,HAR-RV
2022-05-05,0.01232708512171514,VNQ,HAR-RV
2022-05-06,0.013394407518784708,VNQ,HAR-RV
2022-05-09,0.015713308159873804,VNQ,HAR-RV
2022-05-10,0.013720001158487288,VNQ,HAR-RV
2022-05-11,0.018741719264780653,VNQ,HAR-RV
2022-05-12,0.015692112408837514,VNQ,HAR-RV
2022-05-13,0.013065476481178067,VNQ,HAR-RV
2022-05-16,0.013541542847083095,VNQ,HAR-RV
2022-05-17,0.015963135266812888,VNQ,HAR-RV
2022-05-18,0.012414834222558948,VNQ,HAR-RV
2022-05-19,0.014404135680910216,VNQ,HAR-RV
2022-05-20,0.016489527426380234,VNQ,HAR-RV
2022-05-23,0.013394760110983187,VNQ,HAR-RV
2022-05-24,0.01246799778003402,VNQ,HAR-RV
2022-05-25,0.012964758811849927,VNQ,HAR-RV
2022-05-26,0.012109024443431976,VNQ,HAR-RV
2022-05-27,0.010502123213778771,VNQ,HAR-RV
2022-05-31,0.010646974944923782,VNQ,HAR-RV
2022-06-01,0.013688755789503347,VNQ,HAR-RV
2022-06-02,0.012409498576567642,VNQ,HAR-RV
2022-06-03,0.01159003476094797,VNQ,HAR-RV
2022-06-06,0.012073330406835288,VNQ,HAR-RV
2022-06-07,0.012441028352608827,VNQ,HAR-RV
2022-06-08,0.010602493348694852,VNQ,HAR-RV
2022-06-09,0.01143993779464086,VNQ,HAR-RV
2022-06-10,0.01329205701866265,VNQ,HAR-RV
2022-06-13,0.013577304518618862,VNQ,HAR-RV
2022-06-14,0.0146695432394577,VNQ,HAR-RV
2022-06-15,0.019558785209473788,VNQ,HAR-RV
2022-06-16,0.016473749113635007,VNQ,HAR-RV
2022-06-17,0.01804037319065018,VNQ,HAR-RV
2022-06-21,0.01825221733632134,VNQ,HAR-RV
2022-06-22,0.015912690611772664,VNQ,HAR-RV
2022-06-23,0.0140510906992242,VNQ,HAR-RV
2022-06-24,0.014483438943086794,VNQ,HAR-RV
2022-06-27,0.015004354824039005,VNQ,HAR-RV
2022-06-28,0.014606618843474826,VNQ,HAR-RV
2022-06-29,0.01296796604090303,VNQ,HAR-RV
2022-06-30,0.01336427972636541,VNQ,HAR-RV
2022-07-01,0.012363207415531624,VNQ,HAR-RV
2022-07-05,0.011034102817940716,VNQ,HAR-RV
2022-07-06,0.011435882474175294,VNQ,HAR-RV
2022-07-07,0.010364177830354909,VNQ,HAR-RV
2022-07-08,0.009240394538194047,VNQ,HAR-RV
2022-07-11,0.00882311920536591,VNQ,HAR-RV
2022-07-12,0.009001432965738944,VNQ,HAR-RV
2022-07-13,0.007417004385624969,VNQ,HAR-RV
2022-07-14,0.007376710584740025,VNQ,HAR-RV
2022-07-15,0.007581114711420698,VNQ,HAR-RV
2022-07-18,0.008391747659897492,VNQ,HAR-RV
2022-07-19,0.009444113709041382,VNQ,HAR-RV
2022-07-20,0.009332473015001895,VNQ,HAR-RV
2022-07-21,0.011761548904042516,VNQ,HAR-RV
2022-07-22,0.010354806830009956,VNQ,HAR-RV
2022-07-25,0.010515936918072547,VNQ,HAR-RV
2022-07-26,0.009461073381219418,VNQ,HAR-RV
2022-07-27,0.008807306531706742,VNQ,HAR-RV
2022-07-28,0.007016840438263746,VNQ,HAR-RV
2022-07-29,0.0076633656732934055,VNQ,HAR-RV
2022-08-01,0.010580915656584023,VNQ,HAR-RV
2022-08-02,0.009350767745084972,VNQ,HAR-RV
2022-08-03,0.009877469029264362,VNQ,HAR-RV
2022-08-04,0.010946545109152212,VNQ,HAR-RV
2022-08-05,0.010157389453083721,VNQ,HAR-RV
2022-08-08,0.007979873386475237,VNQ,HAR-RV
2022-08-09,0.007924942345605226,VNQ,HAR-RV
2022-08-10,0.008265492111580171,VNQ,HAR-RV
2022-08-11,0.007619227606827518,VNQ,HAR-RV
2022-08-12,0.008954124505138036,VNQ,HAR-RV
2022-08-15,0.008452939299852824,VNQ,HAR-RV
2022-08-16,0.010115127213343766,VNQ,HAR-RV
2022-08-17,0.009286188118166205,VNQ,HAR-RV
2022-08-18,0.008921187960106774,VNQ,HAR-RV
2022-08-19,0.008395526448645557,VNQ,HAR-RV
2022-08-22,0.00869789591668774,VNQ,HAR-RV
2022-08-23,0.008554139548394062,VNQ,HAR-RV
2022-08-24,0.010475721248931803,VNQ,HAR-RV
2022-08-25,0.01067825097982283,VNQ,HAR-RV
2022-08-26,0.010342171202650555,VNQ,HAR-RV
2022-08-29,0.01150557920463248,VNQ,HAR-RV
2022-08-30,0.013067211587607756,VNQ,HAR-RV
2022-08-31,0.011310847483721931,VNQ,HAR-RV
2022-09-01,0.011552596105913792,VNQ,HAR-RV
2022-09-02,0.010991022094702216,VNQ,HAR-RV
2022-09-06,0.010014917770393776,VNQ,HAR-RV
2022-09-07,0.009866204381822972,VNQ,HAR-RV
2022-09-08,0.009733442832487825,VNQ,HAR-RV
2022-09-09,0.010556298913444548,VNQ,HAR-RV
2022-09-12,0.009737354940443275,VNQ,HAR-RV
2022-09-13,0.010687518038054677,VNQ,HAR-RV
2022-09-14,0.010450965136580588,VNQ,HAR-RV
2022-09-15,0.013772551237332398,VNQ,HAR-RV
2022-09-16,0.01221797745942678,VNQ,HAR-RV
2022-09-19,0.013466532001816188,VNQ,HAR-RV
2022-09-20,0.011848036306831873,VNQ,HAR-RV
2022-09-21,0.011605324230059413,VNQ,HAR-RV
2022-09-22,0.011688168205651543,VNQ,HAR-RV
2022-09-23,0.011613225136319523,VNQ,HAR-RV
2022-09-26,0.011101088722544237,VNQ,HAR-RV
2022-09-27,0.012072326051860035,VNQ,HAR-RV
2022-09-28,0.014469103716771181,VNQ,HAR-RV
2022-09-29,0.01324832799402176,VNQ,HAR-RV
2022-09-30,0.014027642803398521,VNQ,HAR-RV
2022-10-03,0.01554374567454649,VNQ,HAR-RV
2022-10-04,0.014736695276465081,VNQ,HAR-RV
2022-10-05,0.01435266723193284,VNQ,HAR-RV
2022-10-06,0.015061844025942284,VNQ,HAR-RV
2022-10-07,0.015267409403198493,VNQ,HAR-RV
2022-10-10,0.015709309256081008,VNQ,HAR-RV
2022-10-11,0.01626493700733711,VNQ,HAR-RV
2022-10-12,0.014940777562316316,VNQ,HAR-RV
2022-10-13,0.014097220328995753,VNQ,HAR-RV
2022-10-14,0.013523969460741353,VNQ,HAR-RV
2022-10-17,0.013329156718760445,VNQ,HAR-RV
2022-10-18,0.014435565768353274,VNQ,HAR-RV
2022-10-19,0.01658097079394312,VNQ,HAR-RV
2022-10-20,0.015436231676503948,VNQ,HAR-RV
2022-10-21,0.016636202325618098,VNQ,HAR-RV
2022-10-24,0.014406042236169484,VNQ,HAR-RV
2022-10-25,0.013183727591910974,VNQ,HAR-RV
2022-10-26,0.011797363151516617,VNQ,HAR-RV
2022-10-27,0.014118229101070034,VNQ,HAR-RV
2022-10-28,0.011545044350311964,VNQ,HAR-RV
2022-10-31,0.011759971347238773,VNQ,HAR-RV
2022-11-01,0.012716411622204675,VNQ,HAR-RV
2022-11-02,0.012232490552140695,VNQ,HAR-RV
2022-11-03,0.01050965007098051,VNQ,HAR-RV
2022-11-04,0.012259654922219393,VNQ,HAR-RV
2022-11-07,0.01175405219327362,VNQ,HAR-RV
2022-11-08,0.011250751491108834,VNQ,HAR-RV
2022-11-09,0.010777379004334661,VNQ,HAR-RV
2022-11-10,0.010862987247806877,VNQ,HAR-RV
2022-11-11,0.011001177875547552,VNQ,HAR-RV
2022-11-14,0.013396959446346758,VNQ,HAR-RV
2022-11-15,0.013800889117857493,VNQ,HAR-RV
2022-11-16,0.014339713135831449,VNQ,HAR-RV
2022-11-17,0.014618954175838084,VNQ,HAR-RV
2022-11-18,0.014052115780043114,VNQ,HAR-RV
2022-11-21,0.01200715588647654,VNQ,HAR-RV
2022-11-22,0.012159804991920797,VNQ,HAR-RV
2022-11-23,0.011696911658323305,VNQ,HAR-RV
2022-11-25,0.011359346097225324,VNQ,HAR-RV
2022-11-28,0.011113291418494736,VNQ,HAR-RV
2022-11-29,0.010967424656143473,VNQ,HAR-RV
2022-11-30,0.011685088974481334,VNQ,HAR-RV
2022-12-01,0.012228983189365562,VNQ,HAR-RV
2022-12-02,0.012543223772502781,VNQ,HAR-RV
2022-12-05,0.012519330356849793,VNQ,HAR-RV
2022-12-06,0.012488905080394016,VNQ,HAR-RV
2022-12-07,0.012349223345445637,VNQ,HAR-RV
2022-12-08,0.012134303471626183,VNQ,HAR-RV
2022-12-09,0.01146692158151133,VNQ,HAR-RV
2022-12-12,0.011647324471656648,VNQ,HAR-RV
2022-12-13,0.011548839825787255,VNQ,HAR-RV
2022-12-14,0.011508155657502331,VNQ,HAR-RV
2022-12-15,0.011390868772329019,VNQ,HAR-RV
2022-12-16,0.01147819360784275,VNQ,HAR-RV
2022-12-19,0.011668065020880853,VNQ,HAR-RV
2022-12-20,0.012398056642040939,VNQ,HAR-RV
2022-12-21,0.01239189028065355,VNQ,HAR-RV
2022-12-22,0.012013122864361089,VNQ,HAR-RV
2022-12-23,0.012098118172111679,VNQ,HAR-RV
2022-12-27,0.011789226876375156,VNQ,HAR-RV
2022-12-28,0.011360403169487707,VNQ,HAR-RV
2022-12-29,0.010961195729883674,VNQ,HAR-RV
2022-12-30,0.011455963977872366,VNQ,HAR-RV
2023-01-03,0.011661838215425767,VNQ,HAR-RV
2023-01-04,0.01162642366283157,VNQ,HAR-RV
2023-01-05,0.01142598440238543,VNQ,HAR-RV
2023-01-06,0.01221057341925909,VNQ,HAR-RV
2023-01-09,0.012909322040291013,VNQ,HAR-RV
2023-01-10,0.01288043811211104,VNQ,HAR-RV
2023-01-11,0.01234461588225241,VNQ,HAR-RV
2023-01-12,0.012880517023382818,VNQ,HAR-RV
2023-01-13,0.013005907126982725,VNQ,HAR-RV
2023-01-17,0.01287073906357802,VNQ,HAR-RV
2023-01-18,0.012268330880041747,VNQ,HAR-RV
2023-01-19,0.01238419231185731,VNQ,HAR-RV
2023-01-20,0.012633115944665903,VNQ,HAR-RV
2023-01-23,0.011790054994952809,VNQ,HAR-RV
2023-01-24,0.011606369716542608,VNQ,HAR-RV
2023-01-25,0.011515060089987764,VNQ,HAR-RV
2023-01-26,0.011403995065255088,VNQ,HAR-RV
2023-01-27,0.010818083630816072,VNQ,HAR-RV
2023-01-30,0.010860067815429645,VNQ,HAR-RV
2023-01-31,0.010876812444974255,VNQ,HAR-RV
2023-02-01,0.0113222363434041,VNQ,HAR-RV
2023-02-02,0.011842050938608639,VNQ,HAR-RV
2023-02-03,0.012336537427824328,VNQ,HAR-RV
2023-02-06,0.012536415551251824,VNQ,HAR-RV
2023-02-07,0.012959246200120029,VNQ,HAR-RV
2023-02-08,0.012723402213287638,VNQ,HAR-RV
2023-02-09,0.011956435218729466,VNQ,HAR-RV
2023-02-10,0.011826764448950873,VNQ,HAR-RV
2023-02-13,0.011442116198546619,VNQ,HAR-RV
2023-02-14,0.010976962058580068,VNQ,HAR-RV
2023-02-15,0.010840948284523434,VNQ,HAR-RV
2023-02-16,0.010902852801314152,VNQ,HAR-RV
2023-02-17,0.01094963206553723,VNQ,HAR-RV
2023-02-21,0.010892859684240622,VNQ,HAR-RV
2023-02-22,0.01107940763539654,VNQ,HAR-RV
2023-02-23,0.011369506426625209,VNQ,HAR-RV
2023-02-24,0.011499640694414216,VNQ,HAR-RV
2023-02-27,0.011687875701980597,VNQ,HAR-RV
2023-02-28,0.011843983461718473,VNQ,HAR-RV
2023-03-01,0.011740920356888796,VNQ,HAR-RV
2023-03-02,0.011056875708220115,VNQ,HAR-RV
2023-03-03,0.011133802536966395,VNQ,HAR-RV
2023-03-06,0.011260821213288216,VNQ,HAR-RV
2023-03-07,0.01110300037520017,VNQ,HAR-RV
2023-03-08,0.011421957106406519,VNQ,HAR-RV
2023-03-09,0.01200300430230797,VNQ,HAR-RV
2023-03-10,0.012231540448469323,VNQ,HAR-RV
2023-03-13,0.013004022153414972,VNQ,HAR-RV
2023-03-14,0.01373783657407465,VNQ,HAR-RV
2023-03-15,0.014134376425886984,VNQ,HAR-RV
2023-03-16,0.013383701571210032,VNQ,HAR-RV
2023-03-17,0.01277467704645488,VNQ,HAR-RV
2023-03-20,0.012320804314804692,VNQ,HAR-RV
2023-03-21,0.012064515977499843,VNQ,HAR-RV
2023-03-22,0.011873871845131775,VNQ,HAR-RV
2023-03-23,0.01191654805596467,VNQ,HAR-RV
2023-03-24,0.012814213388155188,VNQ,HAR-RV
2023-03-27,0.013380597269523111,VNQ,HAR-RV
2023-03-28,0.013097637394920206,VNQ,HAR-RV
2023-03-29,0.012983039531872608,VNQ,HAR-RV
2023-03-30,0.012970639354110186,VNQ,HAR-RV
2023-03-31,0.012061041483740428,VNQ,HAR-RV
2023-04-03,0.012523110738978039,VNQ,HAR-RV
2023-04-04,0.012058522086746602,VNQ,HAR-RV
2023-04-05,0.012739209110403693,VNQ,HAR-RV
2023-04-06,0.01269217543843444,VNQ,HAR-RV
2023-04-10,0.012114351351440364,VNQ,HAR-RV
2023-04-11,0.011759023719083491,VNQ,HAR-RV
2023-04-12,0.011372356293522621,VNQ,HAR-RV
2023-04-13,0.011004428213995212,VNQ,HAR-RV
2023-04-14,0.01084494332083134,VNQ,HAR-RV
2023-04-17,0.010880132287530606,VNQ,HAR-RV
2023-04-18,0.010974387847914059,VNQ,HAR-RV
2023-04-19,0.01127884682299781,VNQ,HAR-RV
2023-04-20,0.011551671296367432,VNQ,HAR-RV
2023-04-21,0.01144913048648841,VNQ,HAR-RV
2023-04-24,0.011524011069399575,VNQ,HAR-RV
2023-04-25,0.011125177520177864,VNQ,HAR-RV
2023-04-26,0.010374468986350622,VNQ,HAR-RV
2023-04-27,0.01050591118787616,VNQ,HAR-RV
2023-04-28,0.01069652988794181,VNQ,HAR-RV
2023-05-01,0.011066068050365042,VNQ,HAR-RV
2023-05-02,0.011546615572161453,VNQ,HAR-RV
2023-05-03,0.011717910491714074,VNQ,HAR-RV
2023-05-04,0.011718849024556504,VNQ,HAR-RV
2023-05-05,0.011587377259282022,VNQ,HAR-RV
2023-05-08,0.011193127362984742,VNQ,HAR-RV
2023-05-09,0.01121875745257608,VNQ,HAR-RV
2023-05-10,0.011242311125631156,VNQ,HAR-RV
2023-05-11,0.010850409289111644,VNQ,HAR-RV
2023-05-12,0.010914251543768877,VNQ,HAR-RV
2023-05-15,0.010783652358287807,VNQ,HAR-RV
2023-05-16,0.010543385000171445,VNQ,HAR-RV
2023-05-17,0.010648401781590464,VNQ,HAR-RV
2023-05-18,0.010652119423391466,VNQ,HAR-RV
2023-05-19,0.010817515530876856,VNQ,HAR-RV
2023-05-22,0.010835374327921346,VNQ,HAR-RV
2023-05-23,0.010815851582965616,VNQ,HAR-RV
2023-05-24,0.010761627444773816,VNQ,HAR-RV
2023-05-25,0.010762957704538455,VNQ,HAR-RV
2023-05-26,0.01066018370647928,VNQ,HAR-RV
2023-05-30,0.010890375523593725,VNQ,HAR-RV
2023-05-31,0.01075905674886261,VNQ,HAR-RV
2023-06-01,0.010641178281086775,VNQ,HAR-RV
2023-06-02,0.010420058766556294,VNQ,HAR-RV
2023-06-05,0.01051133885286338,VNQ,HAR-RV
2023-06-06,0.010149511533538996,VNQ,HAR-RV
2023-06-07,0.010503938394664436,VNQ,HAR-RV
2023-06-08,0.010482843129306642,VNQ,HAR-RV
2023-06-09,0.010038423176662498,VNQ,HAR-RV
2023-06-12,0.010020037382980296,VNQ,HAR-RV
2023-06-13,0.010437875682612147,VNQ,HAR-RV
2023-06-14,0.010498901509158966,VNQ,HAR-RV
2023-06-15,0.010289055047365743,VNQ,HAR-RV
2023-06-16,0.010837689629024271,VNQ,HAR-RV
2023-06-20,0.010647245618770815,VNQ,HAR-RV
2023-06-21,0.010271890301074484,VNQ,HAR-RV
2023-06-22,0.009761239965298396,VNQ,HAR-RV
2023-06-23,0.009968105449741794,VNQ,HAR-RV
2023-06-26,0.010011215902616877,VNQ,HAR-RV
2023-06-27,0.01019581276960441,VNQ,HAR-RV
2023-06-28,0.009903364274700791,VNQ,HAR-RV
2023-06-29,0.009545716646330974,VNQ,HAR-RV
2023-06-30,0.009846871536301368,VNQ,HAR-RV
2023-07-03,0.009781505457647575,VNQ,HAR-RV
2023-07-05,0.010030892116937003,VNQ,HAR-RV
2023-07-06,0.010394186641581872,VNQ,HAR-RV
2023-07-07,0.01075090226978934,VNQ,HAR-RV
2023-07-10,0.010210834846657371,VNQ,HAR-RV
2023-07-11,0.010284263375083813,VNQ,HAR-RV
2023-07-12,0.010273220008338083,VNQ,HAR-RV
2023-07-13,0.009819357887039965,VNQ,HAR-RV
2023-07-14,0.009936964182401689,VNQ,HAR-RV
2023-07-17,0.009784174674232484,VNQ,HAR-RV
2023-07-18,0.009873359814345076,VNQ,HAR-RV
2023-07-19,0.009826467090679789,VNQ,HAR-RV
2023-07-20,0.010071153827607768,VNQ,HAR-RV
2023-07-21,0.010001207899212602,VNQ,HAR-RV
2023-07-24,0.01012729468001215,VNQ,HAR-RV
2023-07-25,0.009737971635942174,VNQ,HAR-RV
2023-07-26,0.00964660053185041,VNQ,HAR-RV
2023-07-27,0.009446408264693087,VNQ,HAR-RV
2023-07-28,0.009478526624462762,VNQ,HAR-RV
2023-07-31,0.008505674891562596,VNQ,HAR-RV
2023-08-01,0.008741545183426049,VNQ,HAR-RV
2023-08-02,0.008608429882236496,VNQ,HAR-RV
2023-08-03,0.00854689471134079,VNQ,HAR-RV
2023-08-04,0.00858029882823556,VNQ,HAR-RV
2023-08-07,0.008617021529489913,VNQ,HAR-RV
2023-08-08,0.008788757588592997,VNQ,HAR-RV
2023-08-09,0.008624833257318207,VNQ,HAR-RV
2023-08-10,0.00870500042044245,VNQ,HAR-RV
2023-08-11,0.00871164620204073,VNQ,HAR-RV
2023-08-14,0.008387015380154968,VNQ,HAR-RV
2023-08-15,0.008219769334486975,VNQ,HAR-RV
2023-08-16,0.008333618628567902,VNQ,HAR-RV
2023-08-17,0.00852966708976705,VNQ,HAR-RV
2023-08-18,0.008432116108742498,VNQ,HAR-RV
2023-08-21,0.008435939242682275,VNQ,HAR-RV
2023-08-22,0.008173912406339598,VNQ,HAR-RV
2023-08-23,0.008179062431444407,VNQ,HAR-RV
2023-08-24,0.008463607865272066,VNQ,HAR-RV
2023-08-25,0.00836624515811766,VNQ,HAR-RV
2023-08-28,0.008438774017672636,VNQ,HAR-RV
2023-08-29,0.008443146606511824,VNQ,HAR-RV
2023-08-30,0.00798580776938148,VNQ,HAR-RV
2023-08-31,0.007958752362894353,VNQ,HAR-RV
2023-09-01,0.008375037870386492,VNQ,HAR-RV
2023-09-05,0.00832265169671665,VNQ,HAR-RV
2023-09-06,0.008322577284122966,VNQ,HAR-RV
2023-09-07,0.008050353354018137,VNQ,HAR-RV
2023-09-08,0.008538421515183277,VNQ,HAR-RV
2023-09-11,0.0082135045706649,VNQ,HAR-RV
2023-09-12,0.008224000960376707,VNQ,HAR-RV
2023-09-13,0.008247609655074626,VNQ,HAR-RV
2023-09-14,0.008639949113204003,VNQ,HAR-RV
2023-09-15,0.00850778212059446,VNQ,HAR-RV
2023-09-18,0.008133834069464257,VNQ,HAR-RV
2023-09-19,0.008574771683436174,VNQ,HAR-RV
2023-09-20,0.007882471154135175,VNQ,HAR-RV
2023-09-21,0.007804007533143644,VNQ,HAR-RV
2023-09-22,0.008679141802004575,VNQ,HAR-RV
2023-09-25,0.006961830445225882,VNQ,HAR-RV
2023-09-26,0.008041030069839882,VNQ,HAR-RV
2023-09-27,0.008806733787510512,VNQ,HAR-RV
2023-09-28,0.007886546297451218,VNQ,HAR-RV
2023-09-29,0.007980778251385283,VNQ,HAR-RV
2023-10-02,0.008762154496757267,VNQ,HAR-RV
2023-10-03,0.008882677538785699,VNQ,HAR-RV
2023-10-04,0.008233517130676457,VNQ,HAR-RV
2023-10-05,0.008731939522752512,VNQ,HAR-RV
2023-10-06,0.008886643168019053,VNQ,HAR-RV
2023-10-09,0.008855733191459037,VNQ,HAR-RV
2023-10-10,0.008816869435809314,VNQ,HAR-RV
2023-10-11,0.009175427086284767,VNQ,HAR-RV
2023-10-12,0.00990099830770258,VNQ,HAR-RV
2023-10-13,0.00931708355097422,VNQ,HAR-RV
2023-10-16,0.009794578415361304,VNQ,HAR-RV
2023-10-17,0.009249227680240127,VNQ,HAR-RV
2023-10-18,0.009439089496148963,VNQ,HAR-RV
2023-10-19,0.009246606569686745,VNQ,HAR-RV
2023-10-20,0.010044209190677594,VNQ,HAR-RV
2023-10-23,0.010213219550730165,VNQ,HAR-RV
2023-10-24,0.00977410520321865,VNQ,HAR-RV
2023-10-25,0.00961837040877445,VNQ,HAR-RV
2023-10-26,0.009880448065257562,VNQ,HAR-RV
2023-10-27,0.010568680913187148,VNQ,HAR-RV
2023-10-30,0.010589892323040737,VNQ,HAR-RV
2023-10-31,0.010562747433739701,VNQ,HAR-RV
2023-11-01,0.010381262703900156,VNQ,HAR-RV
2023-11-02,0.010748094594961835,VNQ,HAR-RV
2023-11-03,0.0107841393219124,VNQ,HAR-RV
2023-11-06,0.011591466990288367,VNQ,HAR-RV
2023-11-07,0.011831540386613864,VNQ,HAR-RV
2023-11-08,0.01191318910177842,VNQ,HAR-RV
2023-11-09,0.011489170054763359,VNQ,HAR-RV
2023-11-10,0.01149330898717212,VNQ,HAR-RV
2023-11-13,0.011848722124207426,VNQ,HAR-RV
2023-11-14,0.0111570620964222,VNQ,HAR-RV
2023-11-15,0.012345036629478376,VNQ,HAR-RV
2023-11-16,0.01260832123865812,VNQ,HAR-RV
2023-11-17,0.012475409141280256,VNQ,HAR-RV
2023-11-20,0.012047179427774123,VNQ,HAR-RV
2023-11-21,0.011573112223867817,VNQ,HAR-RV
2023-11-22,0.011223868476844551,VNQ,HAR-RV
2023-11-24,0.01103126516263795,VNQ,HAR-RV
2023-11-27,0.01048183691941168,VNQ,HAR-RV
2023-11-28,0.010195996501215407,VNQ,HAR-RV
2023-11-29,0.009718712094538288,VNQ,HAR-RV
2023-11-30,0.009341737198997127,VNQ,HAR-RV
2023-12-01,0.009233693337697768,VNQ,HAR-RV
2023-12-04,0.009630787190683039,VNQ,HAR-RV
2023-12-05,0.01016279696507577,VNQ,HAR-RV
2023-12-06,0.010062762595061362,VNQ,HAR-RV
2023-12-07,0.009697154172847078,VNQ,HAR-RV
2023-12-08,0.009417208043013076,VNQ,HAR-RV
2023-12-11,0.009256523538300058,VNQ,HAR-RV
2023-12-12,0.008834127877895077,VNQ,HAR-RV
2023-12-13,0.008725604472886232,VNQ,HAR-RV
2023-12-14,0.009094231544361148,VNQ,HAR-RV
2023-12-15,0.010815857356691995,VNQ,HAR-RV
2023-12-18,0.010344265313801004,VNQ,HAR-RV
2023-12-19,0.008539090987617938,VNQ,HAR-RV
2023-12-20,0.007818207206744688,VNQ,HAR-RV
2023-12-21,0.008220474644366807,VNQ,HAR-RV
2023-12-22,0.009135338321624817,VNQ,HAR-RV
2023-12-26,0.009377835130297475,VNQ,HAR-RV
2023-12-27,0.009265316369597692,VNQ,HAR-RV
2023-12-28,0.00935932094198,VNQ,HAR-RV
2023-12-29,0.009282332613223533,VNQ,HAR-RV
2024-01-02,0.009484923413531384,VNQ,HAR-RV
2024-01-03,0.009785914243964284,VNQ,HAR-RV
2024-01-04,0.009593347123255436,VNQ,HAR-RV
2024-01-05,0.010129207204110632,VNQ,HAR-RV
2024-01-08,0.008789928682445127,VNQ,HAR-RV
2024-01-09,0.008966612274888765,VNQ,HAR-RV
2024-01-10,0.009535711745388958,VNQ,HAR-RV
2024-01-11,0.009280801164243874,VNQ,HAR-RV
2024-01-12,0.009488968573199818,VNQ,HAR-RV
2024-01-16,0.009789998788944064,VNQ,HAR-RV
2024-01-17,0.009630057205401697,VNQ,HAR-RV
2024-01-18,0.010072867104245525,VNQ,HAR-RV
2024-01-19,0.009908883049386707,VNQ,HAR-RV
2024-01-22,0.008948647138132234,VNQ,HAR-RV
2024-01-23,0.009054424116920305,VNQ,HAR-RV
2024-01-24,0.008850340351909585,VNQ,HAR-RV
2024-01-25,0.008934335078991041,VNQ,HAR-RV
2024-01-26,0.009376028273091705,VNQ,HAR-RV
2024-01-29,0.009211616649601993,VNQ,HAR-RV
2024-01-30,0.008961169694770545,VNQ,HAR-RV
2024-01-31,0.009083216440594066,VNQ,HAR-RV
2024-02-01,0.009230771608916579,VNQ,HAR-RV
2024-02-02,0.009396488756650865,VNQ,HAR-RV
2024-02-05,0.009843519388301102,VNQ,HAR-RV
2024-02-06,0.00944455869947676,VNQ,HAR-RV
2024-02-07,0.009631823782398278,VNQ,HAR-RV
2024-02-08,0.008960516331288193,VNQ,HAR-RV
2024-02-09,0.008320161502851652,VNQ,HAR-RV
2024-02-12,0.008789196877358336,VNQ,HAR-RV
2024-02-13,0.00879797823318211,VNQ,HAR-RV
2024-02-14,0.009780993142438356,VNQ,HAR-RV
2024-02-15,0.010260656388641202,VNQ,HAR-RV
2024-02-16,0.009758614386329158,VNQ,HAR-RV
2024-02-20,0.009993227070964263,VNQ,HAR-RV
2024-02-21,0.008949456290391018,VNQ,HAR-RV
2024-02-22,0.00826826430286437,VNQ,HAR-RV
2024-02-23,0.008923940942333328,VNQ,HAR-RV
2024-02-26,0.008651285577427427,VNQ,HAR-RV
2024-02-27,0.009522549313714341,VNQ,HAR-RV
2024-02-28,0.010118363585906776,VNQ,HAR-RV
2024-02-29,0.009223403953478527,VNQ,HAR-RV
2024-03-01,0.009880727965295946,VNQ,HAR-RV
2024-03-04,0.009444399869612544,VNQ,HAR-RV
2024-03-05,0.009255355786853808,VNQ,HAR-RV
2024-03-06,0.009146454683078955,VNQ,HAR-RV
2024-03-07,0.008760072130185818,VNQ,HAR-RV
2024-03-08,0.008232486451382165,VNQ,HAR-RV
2024-03-11,0.007894612830915805,VNQ,HAR-RV
2024-03-12,0.008701961343101819,VNQ,HAR-RV
2024-03-13,0.008486294269957957,VNQ,HAR-RV
2024-03-14,0.008749280362237728,VNQ,HAR-RV
2024-03-15,0.009071059387189918,VNQ,HAR-RV
2024-03-18,0.009152882824240519,VNQ,HAR-RV
2024-03-19,0.008264455916000762,VNQ,HAR-RV
2024-03-20,0.008094164778606696,VNQ,HAR-RV
2024-03-21,0.007560054621907222,VNQ,HAR-RV
2024-03-22,0.007833413675339322,VNQ,HAR-RV
2024-03-25,0.008548865408442824,VNQ,HAR-RV
2024-03-26,0.00851556988563066,VNQ,HAR-RV
2024-03-27,0.00780439554666478,VNQ,HAR-RV
2024-03-28,0.007670573874332792,VNQ,HAR-RV
2024-04-01,0.008344397641748874,VNQ,HAR-RV
2024-04-02,0.007560025503970389,VNQ,HAR-RV
2024-04-03,0.008072165350487303,VNQ,HAR-RV
2024-04-04,0.007544777536539445,VNQ,HAR-RV
2024-04-05,0.006643873229747008,VNQ,HAR-RV
2024-04-08,0.007826252876137498,VNQ,HAR-RV
2024-04-09,0.0076923124771706855,VNQ,HAR-RV
2024-04-10,0.008595646745269461,VNQ,HAR-RV
2024-04-11,0.00936208783308017,VNQ,HAR-RV
2024-04-12,0.009602359238841642,VNQ,HAR-RV
2024-04-15,0.007236228097092168,VNQ,HAR-RV
2024-04-16,0.007906220385801535,VNQ,HAR-RV
2024-04-17,0.008523542992505607,VNQ,HAR-RV
2024-04-18,0.008233699188501819,VNQ,HAR-RV
2024-04-19,0.009340181750778012,VNQ,HAR-RV
2024-04-22,0.00899962508151086,VNQ,HAR-RV
2024-04-23,0.009714422897884361,VNQ,HAR-RV
2024-04-24,0.010349451816058168,VNQ,HAR-RV
2024-04-25,0.010308128625666168,VNQ,HAR-RV
2024-04-26,0.0098114652846631,VNQ,HAR-RV
2024-04-29,0.00971338472736162,VNQ,HAR-RV
2024-04-30,0.009432952999972904,VNQ,HAR-RV
2024-05-01,0.009956721560198655,VNQ,HAR-RV
2024-05-02,0.010235796324161241,VNQ,HAR-RV
2024-05-03,0.008761621387400772,VNQ,HAR-RV
2024-05-06,0.009521520504665915,VNQ,HAR-RV
2024-05-07,0.008879303573352034,VNQ,HAR-RV
2024-05-08,0.008579599090621289,VNQ,HAR-RV
2024-05-09,0.009483225702721775,VNQ,HAR-RV
2024-05-10,0.00922378968519387,VNQ,HAR-RV
2024-05-13,0.009942036504508115,VNQ,HAR-RV
2024-05-14,0.008222854566180418,VNQ,HAR-RV
2024-05-15,0.00821409278276493,VNQ,HAR-RV
2024-05-16,0.008520698560497872,VNQ,HAR-RV
2024-05-17,0.008646751716514944,VNQ,HAR-RV
2024-05-20,0.008066511400028075,VNQ,HAR-RV
2024-05-21,0.007961272672722655,VNQ,HAR-RV
2024-05-22,0.008253776593836963,VNQ,HAR-RV
2024-05-23,0.007981087135662786,VNQ,HAR-RV
2024-05-24,0.008828925666912728,VNQ,HAR-RV
2024-05-28,0.008949989347989955,VNQ,HAR-RV
2024-05-29,0.00784824294711571,VNQ,HAR-RV
2024-05-30,0.008141320519824377,VNQ,HAR-RV
2024-05-31,0.008287895141792002,VNQ,HAR-RV
2024-06-03,0.008582372172886852,VNQ,HAR-RV
2024-06-04,0.008872742213388962,VNQ,HAR-RV
2024-06-05,0.007966651793622779,VNQ,HAR-RV
2024-06-06,0.008068318746412055,VNQ,HAR-RV
2024-06-07,0.007812928301774968,VNQ,HAR-RV
2024-06-10,0.00826217990410792,VNQ,HAR-RV
2024-06-11,0.008972686197248149,VNQ,HAR-RV
2024-06-12,0.008434673879556815,VNQ,HAR-RV
2024-06-13,0.008296741121755545,VNQ,HAR-RV
2024-06-14,0.008463974171473081,VNQ,HAR-RV
2024-06-17,0.008083721692685944,VNQ,HAR-RV
2024-06-18,0.007888745383750347,VNQ,HAR-RV
2024-06-20,0.007879413725083436,VNQ,HAR-RV
2024-06-21,0.007904683168530584,VNQ,HAR-RV
2024-06-24,0.007979081519939653,VNQ,HAR-RV
2024-06-25,0.007931866775873837,VNQ,HAR-RV
2024-06-26,0.008307861960138226,VNQ,HAR-RV
2024-06-27,0.008261154591885351,VNQ,HAR-RV
2024-06-28,0.0073645543854257926,VNQ,HAR-RV
2024-07-01,0.007857436624909852,VNQ,HAR-RV
2024-07-02,0.0077143320463558,VNQ,HAR-RV
2024-07-03,0.007750341105881136,VNQ,HAR-RV
2024-07-05,0.0072740296255458,VNQ,HAR-RV
2024-07-08,0.006595621442025591,VNQ,HAR-RV
2024-07-09,0.006795589975558375,VNQ,HAR-RV
2024-07-10,0.006733531183735261,VNQ,HAR-RV
2024-07-11,0.0068096054726066,VNQ,HAR-RV
2024-07-12,0.007861021922539176,VNQ,HAR-RV
2024-07-15,0.00903842702520054,VNQ,HAR-RV
2024-07-16,0.007453107184974373,VNQ,HAR-RV
2024-07-17,0.0074195503071600236,VNQ,HAR-RV
2024-07-18,0.007526250879190323,VNQ,HAR-RV
2024-07-19,0.007265347159593159,VNQ,HAR-RV
2024-07-22,0.008055583307648202,VNQ,HAR-RV
2024-07-23,0.007685046654031276,VNQ,HAR-RV
2024-07-24,0.008286514279814083,VNQ,HAR-RV
2024-07-25,0.007893110814167853,VNQ,HAR-RV
2024-07-26,0.00887384276622789,VNQ,HAR-RV
2024-07-29,0.00828160311542048,VNQ,HAR-RV
2024-07-30,0.008797789414076846,VNQ,HAR-RV
2024-07-31,0.008210573167554296,VNQ,HAR-RV
2024-08-01,0.008141752824708,VNQ,HAR-RV
2024-08-02,0.00811432798532906,VNQ,HAR-RV
2024-08-05,0.008328943403634818,VNQ,HAR-RV
2024-08-06,0.008326968210795652,VNQ,HAR-RV
2024-08-07,0.010111190029237603,VNQ,HAR-RV
2024-08-08,0.009343200112531265,VNQ,HAR-RV
2024-08-09,0.00845006772327149,VNQ,HAR-RV
2024-08-12,0.008787091186101964,VNQ,HAR-RV
2024-08-13,0.008241794786339017,VNQ,HAR-RV
2024-08-14,0.00883083883064515,VNQ,HAR-RV
2024-08-15,0.009225941476195333,VNQ,HAR-RV
2024-08-16,0.008851779299678201,VNQ,HAR-RV
2024-08-19,0.008701159773872669,VNQ,HAR-RV
2024-08-20,0.008705502740409396,VNQ,HAR-RV
2024-08-21,0.009142465369340956,VNQ,HAR-RV
2024-08-22,0.008579582452379709,VNQ,HAR-RV
2024-08-23,0.008679966417837026,VNQ,HAR-RV
2024-08-26,0.008631533638157244,VNQ,HAR-RV
2024-08-27,0.00963438084674835,VNQ,HAR-RV
2024-08-28,0.007995579447186464,VNQ,HAR-RV
2024-08-29,0.007719653373200575,VNQ,HAR-RV
2024-08-30,0.007940519660915569,VNQ,HAR-RV
2024-09-03,0.007695013330911044,VNQ,HAR-RV
2024-09-04,0.008607859314706447,VNQ,HAR-RV
2024-09-05,0.007586812179155146,VNQ,HAR-RV
2024-09-06,0.007733470259888291,VNQ,HAR-RV
2024-09-09,0.0071261105277365105,VNQ,HAR-RV
2024-09-10,0.0066540312486075455,VNQ,HAR-RV
2024-09-11,0.007713047940730905,VNQ,HAR-RV
2024-09-12,0.007614533212360962,VNQ,HAR-RV
2024-09-13,0.006508536231486421,VNQ,HAR-RV
2024-09-16,0.0066509126266261435,VNQ,HAR-RV
2024-09-17,0.006911826669909101,VNQ,HAR-RV
2024-09-18,0.006527114742012751,VNQ,HAR-RV
2024-09-19,0.007074390343955947,VNQ,HAR-RV
2024-09-20,0.006528898980329037,VNQ,HAR-RV
2024-09-23,0.006280019140908633,VNQ,HAR-RV
2024-09-24,0.006885847006524444,VNQ,HAR-RV
2024-09-25,0.0072622406839157865,VNQ,HAR-RV
2024-09-26,0.006703155807830934,VNQ,HAR-RV
2024-09-27,0.00674362877916202,VNQ,HAR-RV
2024-09-30,0.006770480492348625,VNQ,HAR-RV
2024-10-01,0.006257027372745001,VNQ,HAR-RV
2024-10-02,0.006979473370018022,VNQ,HAR-RV
2024-10-03,0.006697782704355099,VNQ,HAR-RV
2024-10-04,0.006575104153432172,VNQ,HAR-RV
2024-10-07,0.0072730680016980295,VNQ,HAR-RV
2024-10-08,0.006897872024845424,VNQ,HAR-RV
2024-10-09,0.007185872547538769,VNQ,HAR-RV
2024-10-10,0.006825836484481653,VNQ,HAR-RV
2024-10-11,0.006738382221745779,VNQ,HAR-RV
2024-10-14,0.007314011286592101,VNQ,HAR-RV
2024-10-15,0.0073343319870058914,VNQ,HAR-RV
2024-10-16,0.007542912138018983,VNQ,HAR-RV
2024-10-17,0.007801746357040434,VNQ,HAR-RV
2024-10-18,0.007354146712501577,VNQ,HAR-RV
2024-10-21,0.007022083411337914,VNQ,HAR-RV
2024-10-22,0.007273812990290063,VNQ,HAR-RV
2024-10-23,0.008167379403057489,VNQ,HAR-RV
2024-10-24,0.006681990621528611,VNQ,HAR-RV
2024-10-25,0.007217878302344707,VNQ,HAR-RV
2024-10-28,0.006978721191665949,VNQ,HAR-RV
2024-10-29,0.007563432640275712,VNQ,HAR-RV
2024-10-30,0.007622844674945419,VNQ,HAR-RV
2024-10-31,0.007841109855055279,VNQ,HAR-RV
2024-11-01,0.007636731678244637,VNQ,HAR-RV
2024-11-04,0.008406394560526192,VNQ,HAR-RV
2024-11-05,0.007939393796095054,VNQ,HAR-RV
2024-11-06,0.007704912848872793,VNQ,HAR-RV
2024-11-07,0.008010452133494054,VNQ,HAR-RV
2024-11-08,0.008552645432551392,VNQ,HAR-RV
2024-11-11,0.008156193484849404,VNQ,HAR-RV
2024-11-12,0.00844596171014789,VNQ,HAR-RV
2024-11-13,0.008011775457695818,VNQ,HAR-RV
2024-11-14,0.008546416732017625,VNQ,HAR-RV
2024-11-15,0.008416999545295505,VNQ,HAR-RV
2024-11-18,0.008355968608778803,VNQ,HAR-RV
2024-11-19,0.008110535065180035,VNQ,HAR-RV
2024-11-20,0.00815831912522719,VNQ,HAR-RV
2024-11-21,0.00801263905833132,VNQ,HAR-RV
2024-11-22,0.007757638822553538,VNQ,HAR-RV
2024-11-25,0.00792442080052364,VNQ,HAR-RV
2024-11-26,0.00801534993576734,VNQ,HAR-RV
2024-11-27,0.008192140986309045,VNQ,HAR-RV
2024-11-29,0.007948451871347418,VNQ,HAR-RV
2024-12-02,0.007987470891469747,VNQ,HAR-RV
2024-12-03,0.007845741104173926,VNQ,HAR-RV
2024-12-04,0.008160986502494007,VNQ,HAR-RV
2024-12-05,0.007836978209416952,VNQ,HAR-RV
2024-12-06,0.00761031202731817,VNQ,HAR-RV
2024-12-09,0.0074597586967811436,VNQ,HAR-RV
2024-12-10,0.007307925562912081,VNQ,HAR-RV
2024-12-11,0.007182324331559587,VNQ,HAR-RV
2024-12-12,0.007466211021101319,VNQ,HAR-RV
2024-12-13,0.007038143254039846,VNQ,HAR-RV
2024-12-16,0.00693552892337475,VNQ,HAR-RV
2024-12-17,0.006845785215129047,VNQ,HAR-RV
2024-12-18,0.0068204830521986365,VNQ,HAR-RV
2024-12-19,0.007327797530014508,VNQ,HAR-RV
2024-12-20,0.009824804513814131,VNQ,HAR-RV
2024-12-23,0.008300573374304782,VNQ,HAR-RV
2024-12-24,0.008184156498346725,VNQ,HAR-RV
2024-12-26,0.007350422772326025,VNQ,HAR-RV
2024-12-27,0.007253741046320183,VNQ,HAR-RV
2024-12-30,0.00726050737329675,VNQ,HAR-RV
2024-12-31,0.00779574592611338,VNQ,HAR-RV
2025-01-02,0.007464261090359446,VNQ,HAR-RV
2025-01-03,0.007671934166657065,VNQ,HAR-RV
2025-01-06,0.007638846366874951,VNQ,HAR-RV
2025-01-07,0.007791348637133035,VNQ,HAR-RV
2025-01-08,0.007840100167497588,VNQ,HAR-RV
2025-01-10,0.007551997384939407,VNQ,HAR-RV
2025-01-13,0.007452950173419101,VNQ,HAR-RV
2025-01-14,0.008617516627739758,VNQ,HAR-RV
2025-01-15,0.008016748008707058,VNQ,HAR-RV
2025-01-16,0.007799191890726335,VNQ,HAR-RV
2025-01-17,0.007638014730976833,VNQ,HAR-RV
2025-01-21,0.008131821699133991,VNQ,HAR-RV
2025-01-22,0.007694073325193923,VNQ,HAR-RV
2025-01-23,0.00858496472782819,VNQ,HAR-RV
2025-01-24,0.00875038671860914,VNQ,HAR-RV
2025-01-27,0.008340191263555848,VNQ,HAR-RV
2025-01-28,0.008070957977481443,VNQ,HAR-RV
2025-01-29,0.008479650630512533,VNQ,HAR-RV
2025-01-30,0.008528238849355925,VNQ,HAR-RV
2025-01-31,0.008656204894384036,VNQ,HAR-RV
2025-02-03,0.008569082436465078,VNQ,HAR-RV
2025-02-04,0.00804839004023048,VNQ,HAR-RV
2025-02-05,0.007703116861291579,VNQ,HAR-RV
2025-02-06,0.0076992355260712565,VNQ,HAR-RV
2025-02-07,0.00799541788686688,VNQ,HAR-RV
2025-02-10,0.007388840778356838,VNQ,HAR-RV
2025-02-11,0.007254248365315123,VNQ,HAR-RV
2025-02-12,0.007110825467749362,VNQ,HAR-RV
2025-02-13,0.007360994703893254,VNQ,HAR-RV
2025-02-14,0.007382534147012511,VNQ,HAR-RV
2025-02-18,0.007572517432220592,VNQ,HAR-RV
2025-02-19,0.007430104044145072,VNQ,HAR-RV
2025-02-20,0.007512732987140063,VNQ,HAR-RV
2025-02-21,0.007322911161856803,VNQ,HAR-RV
2025-02-24,0.007375636241482174,VNQ,HAR-RV
2025-02-25,0.007438237113710145,VNQ,HAR-RV
2025-02-26,0.0073234590028627275,VNQ,HAR-RV
2025-02-27,0.007699089415708956,VNQ,HAR-RV
2025-02-28,0.007416931485916246,VNQ,HAR-RV
2025-03-03,0.007395177095172258,VNQ,HAR-RV
2025-03-04,0.0074557662318470155,VNQ,HAR-RV
2025-03-05,0.00733001474809333,VNQ,HAR-RV
2025-03-06,0.00766390101226059,VNQ,HAR-RV
2025-03-07,0.008008887661092964,VNQ,HAR-RV
2025-03-10,0.008953374250401134,VNQ,HAR-RV
2025-03-11,0.008158655641377993,VNQ,HAR-RV
2025-03-12,0.008491229454137742,VNQ,HAR-RV
2025-03-13,0.00838844822046687,VNQ,HAR-RV
2025-03-14,0.008261584027294716,VNQ,HAR-RV
2025-03-17,0.008431765532227612,VNQ,HAR-RV
2025-03-18,0.008858038818196133,VNQ,HAR-RV
2025-03-19,0.008631036383639951,VNQ,HAR-RV
2025-03-20,0.007809722653805605,VNQ,HAR-RV
2025-03-21,0.0074584887479027156,VNQ,HAR-RV
2025-03-24,0.007249042264497668,VNQ,HAR-RV
2025-03-25,0.0077439918068792956,VNQ,HAR-RV
2025-03-26,0.00800976334868766,VNQ,HAR-RV
2025-03-27,0.007894486219547024,VNQ,HAR-RV
2025-03-28,0.007390642759727643,VNQ,HAR-RV
2025-03-31,0.007332882915730625,VNQ,HAR-RV
2025-04-01,0.007147816422545736,VNQ,HAR-RV
2025-04-02,0.00731162733719419,VNQ,HAR-RV
2025-04-03,0.006712622698546498,VNQ,HAR-RV
2025-04-04,0.0077752663507023164,VNQ,HAR-RV
2025-04-07,0.013542713297868067,VNQ,HAR-RV
2025-04-08,0.01629445624737517,VNQ,HAR-RV
2025-04-09,0.013114494620057017,VNQ,HAR-RV
2025-04-10,0.019592255598674432,VNQ,HAR-RV
2025-04-11,0.028193070383565784,VNQ,HAR-RV
2025-04-14,0.018581269175595574,VNQ,HAR-RV
2025-04-15,0.015813241847951496,VNQ,HAR-RV
2025-04-16,0.016069064226471894,VNQ,HAR-RV
2025-04-17,0.009930092909578535,VNQ,HAR-RV
2025-04-21,0.008268455981393226,VNQ,HAR-RV
2025-04-22,0.01261121444629268,VNQ,HAR-RV
2025-04-23,0.015108763960272279,VNQ,HAR-RV
2025-04-24,0.013572149706618767,VNQ,HAR-RV
2025-04-25,0.008530685616376444,VNQ,HAR-RV
2025-04-28,0.008491856785586536,VNQ,HAR-RV
2025-04-29,0.007360340724439476,VNQ,HAR-RV
2025-04-30,0.007965752795249456,VNQ,HAR-RV
2025-05-01,0.006983488501525765,VNQ,HAR-RV
2025-05-02,0.006285439888278202,VNQ,HAR-RV
2025-05-05,0.006687268974028055,VNQ,HAR-RV
2025-05-06,0.008987250239460811,VNQ,HAR-RV
2025-05-07,0.006223991137516502,VNQ,HAR-RV
2025-05-08,0.007475058779648654,VNQ,HAR-RV
2025-05-09,0.005640536563378479,VNQ,HAR-RV
2025-05-12,0.0064488051176461525,VNQ,HAR-RV
2025-05-13,0.007000513330449456,VNQ,HAR-RV
2025-05-14,0.006815045448506883,VNQ,HAR-RV
2025-05-15,0.009137004685419193,VNQ,HAR-RV
2025-05-16,0.008754424456047169,VNQ,HAR-RV
2025-05-19,0.0115491951897641,VNQ,HAR-RV
2025-05-20,0.010102927315501675,VNQ,HAR-RV
2025-05-21,0.006649870760407787,VNQ,HAR-RV
2025-05-22,0.008116812249640198,VNQ,HAR-RV
2025-05-23,0.013996706899356674,VNQ,HAR-RV
2025-05-27,0.007874517281296425,VNQ,HAR-RV
2025-05-28,0.006669438851059889,VNQ,HAR-RV
2025-05-29,0.011197820468775785,VNQ,HAR-RV
2025-05-30,0.00708955031160733,VNQ,HAR-RV
2025-06-02,0.008289370798383714,VNQ,HAR-RV
2025-06-03,0.005927119183457528,VNQ,HAR-RV
2025-06-04,0.006252950713407704,VNQ,HAR-RV
2025-06-05,0.005835892605902732,VNQ,HAR-RV
2025-06-06,0.006096498768698963,VNQ,HAR-RV
2025-06-09,0.005300580610505893,VNQ,HAR-RV
2025-06-10,0.006468396282835134,VNQ,HAR-RV
2025-06-11,0.0056573070764986515,VNQ,HAR-RV
2025-06-12,0.007360584030478097,VNQ,HAR-RV
2025-06-13,0.0068032076541881484,VNQ,HAR-RV
2025-06-16,0.006886241709953665,VNQ,HAR-RV
2025-06-17,0.00821348953796952,VNQ,HAR-RV
2025-06-18,0.006077819095713779,VNQ,HAR-RV
2025-06-20,0.0065260545929575284,VNQ,HAR-RV
2025-06-23,0.006415158694481797,VNQ,HAR-RV
2025-06-24,0.005629934531359776,VNQ,HAR-RV
2025-06-25,0.009189498799590646,VNQ,HAR-RV
2025-06-26,0.006649233449105372,VNQ,HAR-RV
2025-06-27,0.012338367996923724,VNQ,HAR-RV
2025-06-30,0.006884307237056101,VNQ,HAR-RV
2025-07-01,0.007357833977792928,VNQ,HAR-RV
2025-07-02,0.007849836082699933,VNQ,HAR-RV
2025-07-03,0.008228476900480413,VNQ,HAR-RV
2025-07-07,0.0059696507637558745,VNQ,HAR-RV
2025-07-08,0.005768830522524001,VNQ,HAR-RV
2025-07-09,0.007620133546792231,VNQ,HAR-RV
2025-07-10,0.005602164766428058,VNQ,HAR-RV
2025-07-11,0.005134743104792717,VNQ,HAR-RV
2025-07-14,0.0065626941471614506,VNQ,HAR-RV
2025-07-15,0.005075915600741953,VNQ,HAR-RV
2025-07-16,0.006554076028344189,VNQ,HAR-RV
2025-07-17,0.009192782950306502,VNQ,HAR-RV
2025-07-18,0.008278451194329933,VNQ,HAR-RV
2025-07-21,0.006057741485272598,VNQ,HAR-RV
2025-07-22,0.006393521202663861,VNQ,HAR-RV
2025-07-23,0.006830685525522318,VNQ,HAR-RV
2025-07-24,0.009861510326771298,VNQ,HAR-RV
2025-07-25,0.006042850252123599,VNQ,HAR-RV
2025-07-28,0.006470897539798294,VNQ,HAR-RV
2025-07-29,0.005620310538002885,VNQ,HAR-RV
2025-07-30,0.010162836056878802,VNQ,HAR-RV
2025-07-31,0.010095766187564538,VNQ,HAR-RV
2025-08-01,0.01029123982464179,VNQ,HAR-RV
2025-08-04,0.010665873256670743,VNQ,HAR-RV
2025-08-05,0.007929851690345498,VNQ,HAR-RV
2025-08-06,0.009487797705789692,VNQ,HAR-RV
2025-08-07,0.007591856830682496,VNQ,HAR-RV
2025-08-08,0.008103146365358088,VNQ,HAR-RV
2025-08-11,0.0064475172078546075,VNQ,HAR-RV
2025-08-12,0.007982963562873296,VNQ,HAR-RV
2025-08-13,0.0073733126115633155,VNQ,HAR-RV
2025-08-14,0.0072150624701864735,VNQ,HAR-RV
